[QUEUE_STATS] t_ms=32 q_pkts=0 q_bytes=0 qdelay_l_ms=0 qdelay_c_ms=0 ecn_mark=0 drop=0
[QUEUE_STATS] t_ms=82 q_pkts=0 q_bytes=0 qdelay_l_ms=0 qdelay_c_ms=0 ecn_mark=0 drop=0
[QUEUE_STATS] t_ms=105 q_pkts=0 q_bytes=0 qdelay_l_ms=0 qdelay_c_ms=0 ecn_mark=0 drop=0
[QUEUE_STATS] t_ms=128 q_pkts=0 q_bytes=0 qdelay_l_ms=0 qdelay_c_ms=0 ecn_mark=0 drop=0
[QUEUE_STATS] t_ms=150 q_pkts=0 q_bytes=0 qdelay_l_ms=0 qdelay_c_ms=0 ecn_mark=0 drop=0
[QUEUE_STATS] t_ms=171 q_pkts=0 q_bytes=0 qdelay_l_ms=0 qdelay_c_ms=0 ecn_mark=0 drop=0
[QUEUE_STATS] t_ms=195 q_pkts=0 q_bytes=0 qdelay_l_ms=0 qdelay_c_ms=0 ecn_mark=0 drop=0
[QUEUE_STATS] t_ms=208 q_pkts=8 q_bytes=12032 qdelay_l_ms=0 qdelay_c_ms=11.8001 ecn_mark=5 drop=0
[QUEUE_STATS] t_ms=224 q_pkts=2 q_bytes=3008 qdelay_l_ms=2.12831 qdelay_c_ms=0 ecn_mark=5 drop=0
[QUEUE_STATS] t_ms=240 q_pkts=9 q_bytes=13536 qdelay_l_ms=0 qdelay_c_ms=7.05392 ecn_mark=5 drop=0
[QUEUE_STATS] t_ms=256 q_pkts=13 q_bytes=19552 qdelay_l_ms=1.05824 qdelay_c_ms=4.59558 ecn_mark=5 drop=0
[QUEUE_STATS] t_ms=272 q_pkts=25 q_bytes=37600 qdelay_l_ms=0 qdelay_c_ms=17.0099 ecn_mark=5 drop=0
[QUEUE_STATS] t_ms=288 q_pkts=34 q_bytes=51136 qdelay_l_ms=2.11523 qdelay_c_ms=28.2963 ecn_mark=5 drop=0
[QUEUE_STATS] t_ms=304 q_pkts=43 q_bytes=64672 qdelay_l_ms=0 qdelay_c_ms=36.6709 ecn_mark=5 drop=0
[QUEUE_STATS] t_ms=320 q_pkts=53 q_bytes=79712 qdelay_l_ms=0 qdelay_c_ms=45.7213 ecn_mark=5 drop=0
[QUEUE_STATS] t_ms=336 q_pkts=63 q_bytes=94752 qdelay_l_ms=1.06069 qdelay_c_ms=54.7323 ecn_mark=5 drop=0
[QUEUE_STATS] t_ms=352 q_pkts=63 q_bytes=94752 qdelay_l_ms=0 qdelay_c_ms=64.2482 ecn_mark=5 drop=0
[QUEUE_STATS] t_ms=368 q_pkts=64 q_bytes=96256 qdelay_l_ms=0 qdelay_c_ms=74.2096 ecn_mark=5 drop=0
[QUEUE_STATS] t_ms=384 q_pkts=67 q_bytes=99344 qdelay_l_ms=1.06454 qdelay_c_ms=83.8108 ecn_mark=5 drop=0
[QUEUE_STATS] t_ms=400 q_pkts=66 q_bytes=97840 qdelay_l_ms=1.07267 qdelay_c_ms=94.2809 ecn_mark=5 drop=0
[QUEUE_STATS] t_ms=416 q_pkts=67 q_bytes=99344 qdelay_l_ms=1.06063 qdelay_c_ms=104.541 ecn_mark=5 drop=0
[QUEUE_STATS] t_ms=432 q_pkts=69 q_bytes=102352 qdelay_l_ms=0 qdelay_c_ms=115.729 ecn_mark=5 drop=0
[QUEUE_STATS] t_ms=448 q_pkts=69 q_bytes=102352 qdelay_l_ms=0 qdelay_c_ms=124.141 ecn_mark=5 drop=0
[QUEUE_STATS] t_ms=464 q_pkts=70 q_bytes=103856 qdelay_l_ms=0 qdelay_c_ms=138.167 ecn_mark=5 drop=0
[QUEUE_STATS] t_ms=480 q_pkts=71 q_bytes=105360 qdelay_l_ms=2.12857 qdelay_c_ms=150.213 ecn_mark=5 drop=0
[QUEUE_STATS] t_ms=496 q_pkts=72 q_bytes=106864 qdelay_l_ms=1.06284 qdelay_c_ms=158.098 ecn_mark=5 drop=0
[QUEUE_STATS] t_ms=512 q_pkts=73 q_bytes=108368 qdelay_l_ms=1.06185 qdelay_c_ms=166.583 ecn_mark=5 drop=0
[QUEUE_STATS] t_ms=528 q_pkts=74 q_bytes=109872 qdelay_l_ms=2.1179 qdelay_c_ms=175.309 ecn_mark=5 drop=0
[QUEUE_STATS] t_ms=544 q_pkts=75 q_bytes=111376 qdelay_l_ms=2.11868 qdelay_c_ms=185.371 ecn_mark=5 drop=0
[QUEUE_STATS] t_ms=560 q_pkts=76 q_bytes=112880 qdelay_l_ms=1.05861 qdelay_c_ms=195.686 ecn_mark=5 drop=0
[QUEUE_STATS] t_ms=576 q_pkts=77 q_bytes=114384 qdelay_l_ms=2.14742 qdelay_c_ms=203.989 ecn_mark=5 drop=0
[QUEUE_STATS] t_ms=592 q_pkts=77 q_bytes=114384 qdelay_l_ms=1.05802 qdelay_c_ms=216.945 ecn_mark=5 drop=0
[QUEUE_STATS] t_ms=608 q_pkts=78 q_bytes=115888 qdelay_l_ms=1.05896 qdelay_c_ms=231 ecn_mark=5 drop=0
[QUEUE_STATS] t_ms=624 q_pkts=77 q_bytes=115808 qdelay_l_ms=2.04042 qdelay_c_ms=242.391 ecn_mark=5 drop=0
[QUEUE_STATS] t_ms=640 q_pkts=78 q_bytes=117312 qdelay_l_ms=4.29616 qdelay_c_ms=249.271 ecn_mark=5 drop=0
[QUEUE_STATS] t_ms=656 q_pkts=79 q_bytes=118816 qdelay_l_ms=3.19915 qdelay_c_ms=262.016 ecn_mark=5 drop=0
[QUEUE_STATS] t_ms=672 q_pkts=80 q_bytes=120320 qdelay_l_ms=3.05861 qdelay_c_ms=276.733 ecn_mark=5 drop=0
[QUEUE_STATS] t_ms=688 q_pkts=80 q_bytes=120320 qdelay_l_ms=3.13574 qdelay_c_ms=287.692 ecn_mark=6 drop=0
[QUEUE_STATS] t_ms=704 q_pkts=78 q_bytes=117312 qdelay_l_ms=1.0598 qdelay_c_ms=302.866 ecn_mark=6 drop=0
[QUEUE_STATS] t_ms=720 q_pkts=78 q_bytes=117312 qdelay_l_ms=2.31915 qdelay_c_ms=311.358 ecn_mark=6 drop=0
[QUEUE_STATS] t_ms=736 q_pkts=78 q_bytes=117312 qdelay_l_ms=2.13925 qdelay_c_ms=323.49 ecn_mark=6 drop=0
[QUEUE_STATS] t_ms=752 q_pkts=80 q_bytes=120320 qdelay_l_ms=3.20162 qdelay_c_ms=334.244 ecn_mark=6 drop=0
[QUEUE_STATS] t_ms=768 q_pkts=79 q_bytes=118816 qdelay_l_ms=4.03757 qdelay_c_ms=346.941 ecn_mark=7 drop=0
[QUEUE_STATS] t_ms=784 q_pkts=77 q_bytes=115808 qdelay_l_ms=1.05898 qdelay_c_ms=355.53 ecn_mark=9 drop=0
[QUEUE_STATS] t_ms=800 q_pkts=77 q_bytes=115808 qdelay_l_ms=2.15921 qdelay_c_ms=365.997 ecn_mark=10 drop=0
[QUEUE_STATS] t_ms=816 q_pkts=77 q_bytes=115808 qdelay_l_ms=1.05956 qdelay_c_ms=374.157 ecn_mark=10 drop=0
[QUEUE_STATS] t_ms=832 q_pkts=77 q_bytes=115808 qdelay_l_ms=1.0561 qdelay_c_ms=385.547 ecn_mark=10 drop=0
[QUEUE_STATS] t_ms=848 q_pkts=78 q_bytes=117312 qdelay_l_ms=2.11752 qdelay_c_ms=395.275 ecn_mark=10 drop=0
[QUEUE_STATS] t_ms=864 q_pkts=79 q_bytes=118816 qdelay_l_ms=2.16977 qdelay_c_ms=405.684 ecn_mark=10 drop=0
[QUEUE_STATS] t_ms=880 q_pkts=79 q_bytes=118816 qdelay_l_ms=2.09983 qdelay_c_ms=413.331 ecn_mark=10 drop=0
[QUEUE_STATS] t_ms=896 q_pkts=79 q_bytes=118816 qdelay_l_ms=3.2175 qdelay_c_ms=427.89 ecn_mark=10 drop=0
[QUEUE_STATS] t_ms=912 q_pkts=80 q_bytes=120320 qdelay_l_ms=2.10556 qdelay_c_ms=442.47 ecn_mark=10 drop=0
[QUEUE_STATS] t_ms=928 q_pkts=81 q_bytes=121824 qdelay_l_ms=4.31805 qdelay_c_ms=454.333 ecn_mark=10 drop=0
[QUEUE_STATS] t_ms=944 q_pkts=81 q_bytes=121824 qdelay_l_ms=2.92631 qdelay_c_ms=468.503 ecn_mark=10 drop=0
[QUEUE_STATS] t_ms=960 q_pkts=84 q_bytes=126336 qdelay_l_ms=4.72942 qdelay_c_ms=474.489 ecn_mark=10 drop=0
[QUEUE_STATS] t_ms=976 q_pkts=84 q_bytes=126336 qdelay_l_ms=5.17839 qdelay_c_ms=484.833 ecn_mark=10 drop=0
[QUEUE_STATS] t_ms=992 q_pkts=85 q_bytes=127840 qdelay_l_ms=6.74355 qdelay_c_ms=495.453 ecn_mark=16 drop=0
[QUEUE_STATS] t_ms=1008 q_pkts=83 q_bytes=124832 qdelay_l_ms=5.3344 qdelay_c_ms=509.218 ecn_mark=25 drop=0
[QUEUE_STATS] t_ms=1024 q_pkts=84 q_bytes=124912 qdelay_l_ms=5.90181 qdelay_c_ms=518.259 ecn_mark=25 drop=0
[QUEUE_STATS] t_ms=1040 q_pkts=85 q_bytes=126416 qdelay_l_ms=4.86941 qdelay_c_ms=529.185 ecn_mark=25 drop=0
[QUEUE_STATS] t_ms=1056 q_pkts=85 q_bytes=126416 qdelay_l_ms=6.36353 qdelay_c_ms=537.204 ecn_mark=32 drop=0
[QUEUE_STATS] t_ms=1072 q_pkts=84 q_bytes=124912 qdelay_l_ms=3.40639 qdelay_c_ms=550.251 ecn_mark=44 drop=0
[QUEUE_STATS] t_ms=1088 q_pkts=83 q_bytes=123408 qdelay_l_ms=3.35775 qdelay_c_ms=562.685 ecn_mark=44 drop=0
[QUEUE_STATS] t_ms=1104 q_pkts=83 q_bytes=123408 qdelay_l_ms=3.18584 qdelay_c_ms=570.484 ecn_mark=44 drop=0
[QUEUE_STATS] t_ms=1120 q_pkts=84 q_bytes=124912 qdelay_l_ms=4.79354 qdelay_c_ms=583.664 ecn_mark=45 drop=0
[QUEUE_STATS] t_ms=1136 q_pkts=86 q_bytes=127920 qdelay_l_ms=7.44947 qdelay_c_ms=589.971 ecn_mark=47 drop=0
[QUEUE_STATS] t_ms=1152 q_pkts=84 q_bytes=124912 qdelay_l_ms=4.81721 qdelay_c_ms=603.902 ecn_mark=52 drop=0
[QUEUE_STATS] t_ms=1168 q_pkts=85 q_bytes=126416 qdelay_l_ms=4.09524 qdelay_c_ms=610.527 ecn_mark=52 drop=0
[QUEUE_STATS] t_ms=1184 q_pkts=85 q_bytes=126416 qdelay_l_ms=5.07434 qdelay_c_ms=614.024 ecn_mark=52 drop=0
[QUEUE_STATS] t_ms=1201 q_pkts=86 q_bytes=127920 qdelay_l_ms=5.34811 qdelay_c_ms=628.106 ecn_mark=52 drop=0
[QUEUE_STATS] t_ms=1216 q_pkts=86 q_bytes=127920 qdelay_l_ms=7.18802 qdelay_c_ms=632.561 ecn_mark=57 drop=0
[QUEUE_STATS] t_ms=1232 q_pkts=85 q_bytes=126416 qdelay_l_ms=4.31223 qdelay_c_ms=648.711 ecn_mark=63 drop=0
[QUEUE_STATS] t_ms=1248 q_pkts=85 q_bytes=126416 qdelay_l_ms=4.19133 qdelay_c_ms=642.77 ecn_mark=65 drop=0
[QUEUE_STATS] t_ms=1264 q_pkts=84 q_bytes=124912 qdelay_l_ms=4.30054 qdelay_c_ms=656.736 ecn_mark=66 drop=0
[QUEUE_STATS] t_ms=1280 q_pkts=83 q_bytes=123408 qdelay_l_ms=3.13047 qdelay_c_ms=655.522 ecn_mark=67 drop=0
[QUEUE_STATS] t_ms=1296 q_pkts=82 q_bytes=121904 qdelay_l_ms=2.14756 qdelay_c_ms=654.589 ecn_mark=67 drop=0
[QUEUE_STATS] t_ms=1312 q_pkts=83 q_bytes=123408 qdelay_l_ms=2.03261 qdelay_c_ms=666.853 ecn_mark=67 drop=0
[QUEUE_STATS] t_ms=1328 q_pkts=83 q_bytes=123408 qdelay_l_ms=2.88152 qdelay_c_ms=673.991 ecn_mark=68 drop=0
[QUEUE_STATS] t_ms=1344 q_pkts=84 q_bytes=124912 qdelay_l_ms=4.24585 qdelay_c_ms=686.728 ecn_mark=68 drop=0
[QUEUE_STATS] t_ms=1360 q_pkts=83 q_bytes=123408 qdelay_l_ms=2.1345 qdelay_c_ms=683.011 ecn_mark=68 drop=0
[QUEUE_STATS] t_ms=1376 q_pkts=84 q_bytes=124912 qdelay_l_ms=2.92097 qdelay_c_ms=679.657 ecn_mark=68 drop=0
[QUEUE_STATS] t_ms=1392 q_pkts=86 q_bytes=127920 qdelay_l_ms=3.57183 qdelay_c_ms=685.037 ecn_mark=68 drop=0
[QUEUE_STATS] t_ms=1408 q_pkts=86 q_bytes=127920 qdelay_l_ms=4.93106 qdelay_c_ms=681.021 ecn_mark=69 drop=0
[QUEUE_STATS] t_ms=1424 q_pkts=86 q_bytes=127920 qdelay_l_ms=4.21562 qdelay_c_ms=696.007 ecn_mark=69 drop=0
[QUEUE_STATS] t_ms=1440 q_pkts=86 q_bytes=127920 qdelay_l_ms=4.21913 qdelay_c_ms=694.556 ecn_mark=70 drop=0
[QUEUE_STATS] t_ms=1456 q_pkts=85 q_bytes=126416 qdelay_l_ms=3.27204 qdelay_c_ms=697.288 ecn_mark=71 drop=0
[QUEUE_STATS] t_ms=1472 q_pkts=85 q_bytes=126416 qdelay_l_ms=3.13498 qdelay_c_ms=703.511 ecn_mark=73 drop=0
[QUEUE_STATS] t_ms=1488 q_pkts=85 q_bytes=126416 qdelay_l_ms=3.18068 qdelay_c_ms=699.841 ecn_mark=74 drop=0
[QUEUE_STATS] t_ms=1504 q_pkts=84 q_bytes=124912 qdelay_l_ms=4.24078 qdelay_c_ms=699.333 ecn_mark=75 drop=0
[QUEUE_STATS] t_ms=1520 q_pkts=85 q_bytes=126416 qdelay_l_ms=3.16968 qdelay_c_ms=713.263 ecn_mark=76 drop=0
[QUEUE_STATS] t_ms=1536 q_pkts=85 q_bytes=126416 qdelay_l_ms=4.7956 qdelay_c_ms=725.273 ecn_mark=76 drop=0
[QUEUE_STATS] t_ms=1552 q_pkts=84 q_bytes=124912 qdelay_l_ms=2.08478 qdelay_c_ms=731.772 ecn_mark=77 drop=0
[QUEUE_STATS] t_ms=1569 q_pkts=86 q_bytes=127920 qdelay_l_ms=4.23492 qdelay_c_ms=732.55 ecn_mark=79 drop=0
[QUEUE_STATS] t_ms=1584 q_pkts=86 q_bytes=127920 qdelay_l_ms=3.17474 qdelay_c_ms=747.048 ecn_mark=81 drop=0
[QUEUE_STATS] t_ms=1600 q_pkts=87 q_bytes=129424 qdelay_l_ms=5.37841 qdelay_c_ms=755.502 ecn_mark=81 drop=0
[QUEUE_STATS] t_ms=1616 q_pkts=86 q_bytes=127920 qdelay_l_ms=3.15682 qdelay_c_ms=755.563 ecn_mark=81 drop=0
[QUEUE_STATS] t_ms=1632 q_pkts=85 q_bytes=126416 qdelay_l_ms=1.77286 qdelay_c_ms=766.754 ecn_mark=82 drop=0
[QUEUE_STATS] t_ms=1648 q_pkts=86 q_bytes=127920 qdelay_l_ms=3.56285 qdelay_c_ms=762.336 ecn_mark=82 drop=0
[QUEUE_STATS] t_ms=1664 q_pkts=87 q_bytes=129424 qdelay_l_ms=4.30053 qdelay_c_ms=768.246 ecn_mark=83 drop=0
[QUEUE_STATS] t_ms=1680 q_pkts=87 q_bytes=129424 qdelay_l_ms=5.64704 qdelay_c_ms=773.94 ecn_mark=85 drop=0
[QUEUE_STATS] t_ms=1696 q_pkts=86 q_bytes=127920 qdelay_l_ms=3.7552 qdelay_c_ms=760.131 ecn_mark=86 drop=0
[QUEUE_STATS] t_ms=1712 q_pkts=86 q_bytes=127920 qdelay_l_ms=4.06796 qdelay_c_ms=775.477 ecn_mark=86 drop=0
[QUEUE_STATS] t_ms=1728 q_pkts=87 q_bytes=129424 qdelay_l_ms=5.63272 qdelay_c_ms=772.014 ecn_mark=87 drop=0
[QUEUE_STATS] t_ms=1744 q_pkts=86 q_bytes=127920 qdelay_l_ms=4.24863 qdelay_c_ms=787.812 ecn_mark=90 drop=0
[QUEUE_STATS] t_ms=1760 q_pkts=89 q_bytes=132432 qdelay_l_ms=5.83718 qdelay_c_ms=784.219 ecn_mark=92 drop=0
[QUEUE_STATS] t_ms=1776 q_pkts=87 q_bytes=129424 qdelay_l_ms=5.33145 qdelay_c_ms=780.037 ecn_mark=98 drop=0
[QUEUE_STATS] t_ms=1792 q_pkts=87 q_bytes=129424 qdelay_l_ms=4.16495 qdelay_c_ms=786.336 ecn_mark=99 drop=0
[QUEUE_STATS] t_ms=1808 q_pkts=88 q_bytes=130928 qdelay_l_ms=5.38135 qdelay_c_ms=788.099 ecn_mark=99 drop=0
[QUEUE_STATS] t_ms=1824 q_pkts=87 q_bytes=130848 qdelay_l_ms=4.06544 qdelay_c_ms=788.859 ecn_mark=99 drop=0
[QUEUE_STATS] t_ms=1840 q_pkts=89 q_bytes=133856 qdelay_l_ms=6.96944 qdelay_c_ms=783.901 ecn_mark=104 drop=0
[QUEUE_STATS] t_ms=1856 q_pkts=88 q_bytes=132352 qdelay_l_ms=7.48285 qdelay_c_ms=780.619 ecn_mark=115 drop=0
[QUEUE_STATS] t_ms=1872 q_pkts=88 q_bytes=132352 qdelay_l_ms=5.82229 qdelay_c_ms=785.647 ecn_mark=126 drop=0
[QUEUE_STATS] t_ms=1888 q_pkts=88 q_bytes=132352 qdelay_l_ms=5.33151 qdelay_c_ms=782.762 ecn_mark=129 drop=0
[QUEUE_STATS] t_ms=1904 q_pkts=86 q_bytes=129344 qdelay_l_ms=3.16048 qdelay_c_ms=788.562 ecn_mark=130 drop=0
[QUEUE_STATS] t_ms=1920 q_pkts=86 q_bytes=129344 qdelay_l_ms=4.37145 qdelay_c_ms=774.427 ecn_mark=130 drop=0
[QUEUE_STATS] t_ms=1936 q_pkts=85 q_bytes=127840 qdelay_l_ms=3.06685 qdelay_c_ms=780.235 ecn_mark=131 drop=0
[QUEUE_STATS] t_ms=1952 q_pkts=84 q_bytes=126336 qdelay_l_ms=3.17782 qdelay_c_ms=796.934 ecn_mark=132 drop=0
[QUEUE_STATS] t_ms=1968 q_pkts=84 q_bytes=126336 qdelay_l_ms=3.18395 qdelay_c_ms=792.103 ecn_mark=134 drop=0
[QUEUE_STATS] t_ms=1984 q_pkts=86 q_bytes=129344 qdelay_l_ms=2.12527 qdelay_c_ms=798.509 ecn_mark=135 drop=0
[QUEUE_STATS] t_ms=2000 q_pkts=85 q_bytes=127840 qdelay_l_ms=1.60054 qdelay_c_ms=794.034 ecn_mark=136 drop=0
[QUEUE_STATS] t_ms=2016 q_pkts=86 q_bytes=129344 qdelay_l_ms=4.1935 qdelay_c_ms=790.34 ecn_mark=137 drop=0
[QUEUE_STATS] t_ms=2032 q_pkts=86 q_bytes=129344 qdelay_l_ms=2.16715 qdelay_c_ms=795.827 ecn_mark=138 drop=0
[QUEUE_STATS] t_ms=2048 q_pkts=86 q_bytes=129344 qdelay_l_ms=1.13866 qdelay_c_ms=793.046 ecn_mark=139 drop=0
[QUEUE_STATS] t_ms=2064 q_pkts=86 q_bytes=129344 qdelay_l_ms=2.0141 qdelay_c_ms=798.592 ecn_mark=140 drop=0
[QUEUE_STATS] t_ms=2080 q_pkts=86 q_bytes=129344 qdelay_l_ms=2.61708 qdelay_c_ms=793.586 ecn_mark=141 drop=0
[QUEUE_STATS] t_ms=2096 q_pkts=86 q_bytes=129344 qdelay_l_ms=3.07191 qdelay_c_ms=790.063 ecn_mark=143 drop=0
[QUEUE_STATS] t_ms=2112 q_pkts=86 q_bytes=129344 qdelay_l_ms=3.19379 qdelay_c_ms=795.263 ecn_mark=146 drop=0
[QUEUE_STATS] t_ms=2128 q_pkts=84 q_bytes=126336 qdelay_l_ms=0 qdelay_c_ms=792.917 ecn_mark=146 drop=0
[QUEUE_STATS] t_ms=2144 q_pkts=85 q_bytes=127840 qdelay_l_ms=2.10701 qdelay_c_ms=788.746 ecn_mark=146 drop=0
[QUEUE_STATS] t_ms=2160 q_pkts=89 q_bytes=133856 qdelay_l_ms=2.53776 qdelay_c_ms=793.691 ecn_mark=147 drop=0
[QUEUE_STATS] t_ms=2176 q_pkts=90 q_bytes=132440 qdelay_l_ms=4.30166 qdelay_c_ms=799.731 ecn_mark=147 drop=0
[QUEUE_STATS] t_ms=2192 q_pkts=90 q_bytes=132440 qdelay_l_ms=3.15158 qdelay_c_ms=796.421 ecn_mark=148 drop=0
[QUEUE_STATS] t_ms=2208 q_pkts=90 q_bytes=132440 qdelay_l_ms=4.22741 qdelay_c_ms=792.181 ecn_mark=150 drop=0
[QUEUE_STATS] t_ms=2224 q_pkts=90 q_bytes=132440 qdelay_l_ms=3.23816 qdelay_c_ms=798.75 ecn_mark=150 drop=0
[QUEUE_STATS] t_ms=2240 q_pkts=91 q_bytes=133944 qdelay_l_ms=4.18478 qdelay_c_ms=794.061 ecn_mark=150 drop=0
[QUEUE_STATS] t_ms=2256 q_pkts=91 q_bytes=133944 qdelay_l_ms=4.05128 qdelay_c_ms=800.621 ecn_mark=151 drop=0
[QUEUE_STATS] t_ms=2272 q_pkts=91 q_bytes=133944 qdelay_l_ms=6.44703 qdelay_c_ms=796.596 ecn_mark=157 drop=0
[QUEUE_STATS] t_ms=2288 q_pkts=91 q_bytes=133944 qdelay_l_ms=4.84637 qdelay_c_ms=791.77 ecn_mark=160 drop=0
[QUEUE_STATS] t_ms=2304 q_pkts=90 q_bytes=132440 qdelay_l_ms=2.76142 qdelay_c_ms=797.998 ecn_mark=161 drop=0
[QUEUE_STATS] t_ms=2320 q_pkts=91 q_bytes=133944 qdelay_l_ms=3.22213 qdelay_c_ms=794.86 ecn_mark=162 drop=0
[QUEUE_STATS] t_ms=2336 q_pkts=89 q_bytes=130936 qdelay_l_ms=4.31878 qdelay_c_ms=790.477 ecn_mark=163 drop=0
[QUEUE_STATS] t_ms=2352 q_pkts=89 q_bytes=130936 qdelay_l_ms=3.17683 qdelay_c_ms=797.081 ecn_mark=164 drop=0
[QUEUE_STATS] t_ms=2368 q_pkts=89 q_bytes=130936 qdelay_l_ms=4.24931 qdelay_c_ms=802.402 ecn_mark=164 drop=0
[QUEUE_STATS] t_ms=2385 q_pkts=88 q_bytes=129432 qdelay_l_ms=2.17003 qdelay_c_ms=808.963 ecn_mark=165 drop=0
[QUEUE_STATS] t_ms=2400 q_pkts=87 q_bytes=127928 qdelay_l_ms=3.21282 qdelay_c_ms=804.49 ecn_mark=167 drop=0
[QUEUE_STATS] t_ms=2416 q_pkts=87 q_bytes=127928 qdelay_l_ms=2.0483 qdelay_c_ms=810.182 ecn_mark=167 drop=0
[QUEUE_STATS] t_ms=2432 q_pkts=86 q_bytes=126424 qdelay_l_ms=3.07837 qdelay_c_ms=806.444 ecn_mark=169 drop=0
[QUEUE_STATS] t_ms=2449 q_pkts=86 q_bytes=126424 qdelay_l_ms=3.62033 qdelay_c_ms=803.346 ecn_mark=170 drop=0
[QUEUE_STATS] t_ms=2464 q_pkts=87 q_bytes=127928 qdelay_l_ms=4.26823 qdelay_c_ms=807.393 ecn_mark=171 drop=0
[QUEUE_STATS] t_ms=2480 q_pkts=85 q_bytes=124920 qdelay_l_ms=2.12584 qdelay_c_ms=803.89 ecn_mark=173 drop=0
[QUEUE_STATS] t_ms=2496 q_pkts=85 q_bytes=124920 qdelay_l_ms=3.20256 qdelay_c_ms=810.309 ecn_mark=175 drop=0
[QUEUE_STATS] t_ms=2512 q_pkts=83 q_bytes=121912 qdelay_l_ms=2.12097 qdelay_c_ms=806.521 ecn_mark=176 drop=0
[QUEUE_STATS] t_ms=2528 q_pkts=83 q_bytes=121912 qdelay_l_ms=3.20474 qdelay_c_ms=802.697 ecn_mark=177 drop=0
[QUEUE_STATS] t_ms=2545 q_pkts=82 q_bytes=120408 qdelay_l_ms=3.21141 qdelay_c_ms=798.822 ecn_mark=177 drop=0
[QUEUE_STATS] t_ms=2560 q_pkts=82 q_bytes=120408 qdelay_l_ms=3.22836 qdelay_c_ms=804.436 ecn_mark=177 drop=0
[QUEUE_STATS] t_ms=2576 q_pkts=83 q_bytes=121912 qdelay_l_ms=3.68394 qdelay_c_ms=819.854 ecn_mark=178 drop=0
[QUEUE_STATS] t_ms=2592 q_pkts=82 q_bytes=120408 qdelay_l_ms=5.29612 qdelay_c_ms=816.27 ecn_mark=180 drop=0
[QUEUE_STATS] t_ms=2608 q_pkts=81 q_bytes=118904 qdelay_l_ms=5.32535 qdelay_c_ms=812.622 ecn_mark=182 drop=0
[QUEUE_STATS] t_ms=2624 q_pkts=80 q_bytes=117400 qdelay_l_ms=3.17397 qdelay_c_ms=818.754 ecn_mark=185 drop=0
[QUEUE_STATS] t_ms=2640 q_pkts=81 q_bytes=118904 qdelay_l_ms=4.27959 qdelay_c_ms=814.549 ecn_mark=185 drop=0
[QUEUE_STATS] t_ms=2656 q_pkts=80 q_bytes=117400 qdelay_l_ms=3.18009 qdelay_c_ms=819.424 ecn_mark=186 drop=0
[QUEUE_STATS] t_ms=2672 q_pkts=80 q_bytes=117400 qdelay_l_ms=3.22375 qdelay_c_ms=815.339 ecn_mark=187 drop=0
[QUEUE_STATS] t_ms=2688 q_pkts=78 q_bytes=114392 qdelay_l_ms=3.14659 qdelay_c_ms=809.78 ecn_mark=188 drop=0
[QUEUE_STATS] t_ms=2704 q_pkts=76 q_bytes=111384 qdelay_l_ms=3.60246 qdelay_c_ms=817.202 ecn_mark=190 drop=0
[QUEUE_STATS] t_ms=2720 q_pkts=77 q_bytes=112888 qdelay_l_ms=4.63355 qdelay_c_ms=812.94 ecn_mark=191 drop=0
[QUEUE_STATS] t_ms=2736 q_pkts=77 q_bytes=112888 qdelay_l_ms=4.25767 qdelay_c_ms=809.992 ecn_mark=192 drop=0
[QUEUE_STATS] t_ms=2752 q_pkts=78 q_bytes=114392 qdelay_l_ms=4.28835 qdelay_c_ms=815.353 ecn_mark=193 drop=0
[QUEUE_STATS] t_ms=2768 q_pkts=77 q_bytes=112888 qdelay_l_ms=3.78048 qdelay_c_ms=799.953 ecn_mark=193 drop=0
[QUEUE_STATS] t_ms=2784 q_pkts=77 q_bytes=112888 qdelay_l_ms=3.14185 qdelay_c_ms=816.5 ecn_mark=197 drop=0
[QUEUE_STATS] t_ms=2800 q_pkts=75 q_bytes=109880 qdelay_l_ms=5.25207 qdelay_c_ms=823.136 ecn_mark=199 drop=0
[QUEUE_STATS] t_ms=2816 q_pkts=74 q_bytes=108376 qdelay_l_ms=4.13924 qdelay_c_ms=818.958 ecn_mark=201 drop=0
[QUEUE_STATS] t_ms=2832 q_pkts=75 q_bytes=109880 qdelay_l_ms=4.18417 qdelay_c_ms=824.361 ecn_mark=202 drop=0
[QUEUE_STATS] t_ms=2848 q_pkts=74 q_bytes=108376 qdelay_l_ms=4.08861 qdelay_c_ms=822.28 ecn_mark=205 drop=0
[QUEUE_STATS] t_ms=2864 q_pkts=73 q_bytes=106872 qdelay_l_ms=4.28491 qdelay_c_ms=827.22 ecn_mark=208 drop=0
[QUEUE_STATS] t_ms=2880 q_pkts=73 q_bytes=106872 qdelay_l_ms=4.30572 qdelay_c_ms=822.574 ecn_mark=210 drop=0
[QUEUE_STATS] t_ms=2896 q_pkts=72 q_bytes=105368 qdelay_l_ms=4.24642 qdelay_c_ms=819.882 ecn_mark=214 drop=0
[QUEUE_STATS] t_ms=2912 q_pkts=72 q_bytes=105368 qdelay_l_ms=3.29023 qdelay_c_ms=825.945 ecn_mark=216 drop=0
[QUEUE_STATS] t_ms=2929 q_pkts=71 q_bytes=103864 qdelay_l_ms=4.26984 qdelay_c_ms=822.233 ecn_mark=218 drop=0
[QUEUE_STATS] t_ms=2944 q_pkts=71 q_bytes=103864 qdelay_l_ms=3.22358 qdelay_c_ms=827.354 ecn_mark=219 drop=0
[QUEUE_STATS] t_ms=2961 q_pkts=69 q_bytes=100856 qdelay_l_ms=3.24463 qdelay_c_ms=823.954 ecn_mark=223 drop=0
[QUEUE_STATS] t_ms=2976 q_pkts=69 q_bytes=100856 qdelay_l_ms=3.21277 qdelay_c_ms=829.957 ecn_mark=226 drop=0
[QUEUE_STATS] t_ms=2992 q_pkts=68 q_bytes=99352 qdelay_l_ms=2.1303 qdelay_c_ms=841.369 ecn_mark=228 drop=0
[QUEUE_STATS] t_ms=3009 q_pkts=67 q_bytes=97848 qdelay_l_ms=3.18369 qdelay_c_ms=836.016 ecn_mark=230 drop=0
[QUEUE_STATS] t_ms=3024 q_pkts=64 q_bytes=96256 qdelay_l_ms=2.15507 qdelay_c_ms=844.798 ecn_mark=231 drop=0
[QUEUE_STATS] t_ms=3040 q_pkts=65 q_bytes=97760 qdelay_l_ms=3.18113 qdelay_c_ms=841.038 ecn_mark=232 drop=0
[QUEUE_STATS] t_ms=3056 q_pkts=64 q_bytes=96256 qdelay_l_ms=2.11716 qdelay_c_ms=846.902 ecn_mark=233 drop=0
[QUEUE_STATS] t_ms=3072 q_pkts=63 q_bytes=94752 qdelay_l_ms=1.07075 qdelay_c_ms=844.513 ecn_mark=234 drop=0
[QUEUE_STATS] t_ms=3088 q_pkts=62 q_bytes=93248 qdelay_l_ms=3.22642 qdelay_c_ms=828.682 ecn_mark=237 drop=0
[QUEUE_STATS] t_ms=3104 q_pkts=62 q_bytes=93248 qdelay_l_ms=2.14665 qdelay_c_ms=834.938 ecn_mark=239 drop=0
[QUEUE_STATS] t_ms=3120 q_pkts=61 q_bytes=91744 qdelay_l_ms=2.13165 qdelay_c_ms=822.497 ecn_mark=243 drop=0
[QUEUE_STATS] t_ms=3136 q_pkts=59 q_bytes=88736 qdelay_l_ms=1.65278 qdelay_c_ms=819.163 ecn_mark=246 drop=0
[QUEUE_STATS] t_ms=3152 q_pkts=59 q_bytes=88736 qdelay_l_ms=2.11185 qdelay_c_ms=804.016 ecn_mark=249 drop=0
[QUEUE_STATS] t_ms=3168 q_pkts=57 q_bytes=85728 qdelay_l_ms=1.06037 qdelay_c_ms=769.974 ecn_mark=252 drop=0
[QUEUE_STATS] t_ms=3184 q_pkts=58 q_bytes=87232 qdelay_l_ms=0.955893 qdelay_c_ms=765.756 ecn_mark=253 drop=0
[QUEUE_STATS] t_ms=3200 q_pkts=57 q_bytes=85728 qdelay_l_ms=1.05732 qdelay_c_ms=743.266 ecn_mark=254 drop=0
[QUEUE_STATS] t_ms=3216 q_pkts=58 q_bytes=87232 qdelay_l_ms=2.17654 qdelay_c_ms=698.806 ecn_mark=255 drop=0
[QUEUE_STATS] t_ms=3232 q_pkts=56 q_bytes=84224 qdelay_l_ms=1.06474 qdelay_c_ms=684.288 ecn_mark=256 drop=0
[QUEUE_STATS] t_ms=3248 q_pkts=57 q_bytes=85728 qdelay_l_ms=1.06329 qdelay_c_ms=651.196 ecn_mark=258 drop=0
[QUEUE_STATS] t_ms=3264 q_pkts=56 q_bytes=84224 qdelay_l_ms=0 qdelay_c_ms=625.984 ecn_mark=258 drop=0
[QUEUE_STATS] t_ms=3280 q_pkts=58 q_bytes=87232 qdelay_l_ms=2.10951 qdelay_c_ms=602.137 ecn_mark=258 drop=0
[QUEUE_STATS] t_ms=3296 q_pkts=59 q_bytes=88736 qdelay_l_ms=2.13462 qdelay_c_ms=568.401 ecn_mark=259 drop=0
[QUEUE_STATS] t_ms=3312 q_pkts=58 q_bytes=87232 qdelay_l_ms=2.11634 qdelay_c_ms=563.769 ecn_mark=261 drop=0
[QUEUE_STATS] t_ms=3328 q_pkts=59 q_bytes=88736 qdelay_l_ms=1.84275 qdelay_c_ms=510.345 ecn_mark=262 drop=0
[QUEUE_STATS] t_ms=3344 q_pkts=60 q_bytes=90240 qdelay_l_ms=2.11532 qdelay_c_ms=505.738 ecn_mark=265 drop=0
[QUEUE_STATS] t_ms=3360 q_pkts=59 q_bytes=88736 qdelay_l_ms=2.03977 qdelay_c_ms=471.477 ecn_mark=267 drop=0
[QUEUE_STATS] t_ms=3376 q_pkts=59 q_bytes=88736 qdelay_l_ms=1.03509 qdelay_c_ms=448.03 ecn_mark=271 drop=0
[QUEUE_STATS] t_ms=3392 q_pkts=59 q_bytes=88736 qdelay_l_ms=1.06326 qdelay_c_ms=434.642 ecn_mark=272 drop=0
[QUEUE_STATS] t_ms=3408 q_pkts=59 q_bytes=88736 qdelay_l_ms=2.12642 qdelay_c_ms=411.211 ecn_mark=276 drop=0
[QUEUE_STATS] t_ms=3424 q_pkts=60 q_bytes=90240 qdelay_l_ms=2.03875 qdelay_c_ms=386.414 ecn_mark=276 drop=0
[QUEUE_STATS] t_ms=3440 q_pkts=59 q_bytes=88736 qdelay_l_ms=1.06407 qdelay_c_ms=371.767 ecn_mark=278 drop=0
[QUEUE_STATS] t_ms=3456 q_pkts=57 q_bytes=85728 qdelay_l_ms=1.07682 qdelay_c_ms=337.692 ecn_mark=279 drop=0
[QUEUE_STATS] t_ms=3472 q_pkts=57 q_bytes=85728 qdelay_l_ms=1.06252 qdelay_c_ms=324.956 ecn_mark=283 drop=0
[QUEUE_STATS] t_ms=3488 q_pkts=57 q_bytes=85728 qdelay_l_ms=3.1979 qdelay_c_ms=314.065 ecn_mark=285 drop=0
[QUEUE_STATS] t_ms=3504 q_pkts=56 q_bytes=84224 qdelay_l_ms=1.06149 qdelay_c_ms=322.53 ecn_mark=287 drop=0
[QUEUE_STATS] t_ms=3520 q_pkts=55 q_bytes=82720 qdelay_l_ms=2.12794 qdelay_c_ms=311.742 ecn_mark=293 drop=0
[QUEUE_STATS] t_ms=3536 q_pkts=52 q_bytes=78208 qdelay_l_ms=0 qdelay_c_ms=311.026 ecn_mark=297 drop=0
[QUEUE_STATS] t_ms=3552 q_pkts=52 q_bytes=78208 qdelay_l_ms=2.13757 qdelay_c_ms=306.09 ecn_mark=298 drop=0
[QUEUE_STATS] t_ms=3569 q_pkts=51 q_bytes=76704 qdelay_l_ms=2.26276 qdelay_c_ms=299.781 ecn_mark=299 drop=0
[QUEUE_STATS] t_ms=3584 q_pkts=49 q_bytes=73696 qdelay_l_ms=0 qdelay_c_ms=306.353 ecn_mark=303 drop=0
[QUEUE_STATS] t_ms=3600 q_pkts=46 q_bytes=69184 qdelay_l_ms=0 qdelay_c_ms=304.391 ecn_mark=305 drop=0
[QUEUE_STATS] t_ms=3616 q_pkts=46 q_bytes=69184 qdelay_l_ms=1.06639 qdelay_c_ms=291.093 ecn_mark=305 drop=0
[QUEUE_STATS] t_ms=3633 q_pkts=44 q_bytes=66176 qdelay_l_ms=0 qdelay_c_ms=289.864 ecn_mark=309 drop=0
[QUEUE_STATS] t_ms=3648 q_pkts=43 q_bytes=64672 qdelay_l_ms=1.06311 qdelay_c_ms=280.706 ecn_mark=312 drop=0
[QUEUE_STATS] t_ms=3664 q_pkts=42 q_bytes=63168 qdelay_l_ms=1.06177 qdelay_c_ms=269.605 ecn_mark=313 drop=0
[QUEUE_STATS] t_ms=3680 q_pkts=37 q_bytes=55648 qdelay_l_ms=1.06723 qdelay_c_ms=231.362 ecn_mark=315 drop=0
[QUEUE_STATS] t_ms=3696 q_pkts=37 q_bytes=55648 qdelay_l_ms=1.05938 qdelay_c_ms=229.87 ecn_mark=316 drop=0
[QUEUE_STATS] t_ms=3712 q_pkts=37 q_bytes=55648 qdelay_l_ms=1.04546 qdelay_c_ms=205.395 ecn_mark=318 drop=0
[QUEUE_STATS] t_ms=3728 q_pkts=38 q_bytes=57152 qdelay_l_ms=0 qdelay_c_ms=177.134 ecn_mark=319 drop=0
[QUEUE_STATS] t_ms=3744 q_pkts=38 q_bytes=57152 qdelay_l_ms=2.13525 qdelay_c_ms=160.934 ecn_mark=323 drop=0
[QUEUE_STATS] t_ms=3760 q_pkts=36 q_bytes=54144 qdelay_l_ms=0 qdelay_c_ms=147.662 ecn_mark=326 drop=0
[QUEUE_STATS] t_ms=3776 q_pkts=37 q_bytes=55648 qdelay_l_ms=1.06415 qdelay_c_ms=140.257 ecn_mark=327 drop=0
[QUEUE_STATS] t_ms=3792 q_pkts=38 q_bytes=57152 qdelay_l_ms=1.07541 qdelay_c_ms=129.454 ecn_mark=331 drop=0
[QUEUE_STATS] t_ms=3809 q_pkts=38 q_bytes=57152 qdelay_l_ms=1.842 qdelay_c_ms=113.608 ecn_mark=331 drop=0
[QUEUE_STATS] t_ms=3824 q_pkts=38 q_bytes=57152 qdelay_l_ms=1.07883 qdelay_c_ms=122.002 ecn_mark=332 drop=0
[QUEUE_STATS] t_ms=3840 q_pkts=39 q_bytes=58656 qdelay_l_ms=1.08594 qdelay_c_ms=115.731 ecn_mark=332 drop=0
[QUEUE_STATS] t_ms=3856 q_pkts=38 q_bytes=57152 qdelay_l_ms=1.03324 qdelay_c_ms=117.21 ecn_mark=333 drop=0
[QUEUE_STATS] t_ms=3872 q_pkts=38 q_bytes=57152 qdelay_l_ms=1.0669 qdelay_c_ms=109.912 ecn_mark=333 drop=0
[QUEUE_STATS] t_ms=3889 q_pkts=37 q_bytes=55648 qdelay_l_ms=2.36553 qdelay_c_ms=110.31 ecn_mark=333 drop=0
[QUEUE_STATS] t_ms=3904 q_pkts=40 q_bytes=60160 qdelay_l_ms=1.06733 qdelay_c_ms=116.203 ecn_mark=335 drop=0
[QUEUE_STATS] t_ms=3920 q_pkts=38 q_bytes=57152 qdelay_l_ms=1.06378 qdelay_c_ms=116.843 ecn_mark=338 drop=0
[QUEUE_STATS] t_ms=3936 q_pkts=39 q_bytes=58656 qdelay_l_ms=0 qdelay_c_ms=112.468 ecn_mark=342 drop=0
[QUEUE_STATS] t_ms=3952 q_pkts=40 q_bytes=60160 qdelay_l_ms=0.872577 qdelay_c_ms=115.627 ecn_mark=343 drop=0
[QUEUE_STATS] t_ms=3968 q_pkts=40 q_bytes=60160 qdelay_l_ms=2.1594 qdelay_c_ms=121.91 ecn_mark=344 drop=0
[QUEUE_STATS] t_ms=3984 q_pkts=40 q_bytes=60160 qdelay_l_ms=1.06549 qdelay_c_ms=123.346 ecn_mark=346 drop=0
[QUEUE_STATS] t_ms=4000 q_pkts=40 q_bytes=60160 qdelay_l_ms=1.06681 qdelay_c_ms=129.408 ecn_mark=348 drop=0
[QUEUE_STATS] t_ms=4016 q_pkts=40 q_bytes=60160 qdelay_l_ms=3.43377 qdelay_c_ms=124.326 ecn_mark=351 drop=0
[QUEUE_STATS] t_ms=4032 q_pkts=39 q_bytes=58656 qdelay_l_ms=1.03975 qdelay_c_ms=131.114 ecn_mark=353 drop=0
[QUEUE_STATS] t_ms=4048 q_pkts=40 q_bytes=60160 qdelay_l_ms=1.07027 qdelay_c_ms=126.939 ecn_mark=354 drop=0
[QUEUE_STATS] t_ms=4064 q_pkts=40 q_bytes=60160 qdelay_l_ms=1.06435 qdelay_c_ms=132.536 ecn_mark=355 drop=0
[QUEUE_STATS] t_ms=4080 q_pkts=38 q_bytes=57152 qdelay_l_ms=2.0897 qdelay_c_ms=131.211 ecn_mark=356 drop=0
[QUEUE_STATS] t_ms=4096 q_pkts=39 q_bytes=58656 qdelay_l_ms=1.06234 qdelay_c_ms=129.394 ecn_mark=358 drop=0
[QUEUE_STATS] t_ms=4112 q_pkts=39 q_bytes=58656 qdelay_l_ms=0 qdelay_c_ms=126.582 ecn_mark=359 drop=0
[QUEUE_STATS] t_ms=4128 q_pkts=39 q_bytes=58656 qdelay_l_ms=0 qdelay_c_ms=118.707 ecn_mark=360 drop=0
[QUEUE_STATS] t_ms=4145 q_pkts=39 q_bytes=58656 qdelay_l_ms=1.06767 qdelay_c_ms=116.872 ecn_mark=362 drop=0
[QUEUE_STATS] t_ms=4160 q_pkts=39 q_bytes=58656 qdelay_l_ms=0 qdelay_c_ms=121.129 ecn_mark=363 drop=0
[QUEUE_STATS] t_ms=4177 q_pkts=41 q_bytes=61664 qdelay_l_ms=1.07279 qdelay_c_ms=115.955 ecn_mark=365 drop=0
[QUEUE_STATS] t_ms=4192 q_pkts=41 q_bytes=61664 qdelay_l_ms=1.8241 qdelay_c_ms=111.984 ecn_mark=367 drop=0
[QUEUE_STATS] t_ms=4208 q_pkts=41 q_bytes=61664 qdelay_l_ms=2.14722 qdelay_c_ms=110.279 ecn_mark=368 drop=0
[QUEUE_STATS] t_ms=4224 q_pkts=41 q_bytes=60212 qdelay_l_ms=0 qdelay_c_ms=115.353 ecn_mark=368 drop=0
[QUEUE_STATS] t_ms=4240 q_pkts=42 q_bytes=61716 qdelay_l_ms=1.06637 qdelay_c_ms=113.773 ecn_mark=369 drop=0
[QUEUE_STATS] t_ms=4256 q_pkts=42 q_bytes=61716 qdelay_l_ms=1.04791 qdelay_c_ms=115.737 ecn_mark=370 drop=0
[QUEUE_STATS] t_ms=4272 q_pkts=40 q_bytes=58708 qdelay_l_ms=2.44496 qdelay_c_ms=116.668 ecn_mark=373 drop=0
[QUEUE_STATS] t_ms=4288 q_pkts=39 q_bytes=57204 qdelay_l_ms=0 qdelay_c_ms=122.61 ecn_mark=376 drop=0
[QUEUE_STATS] t_ms=4304 q_pkts=37 q_bytes=54196 qdelay_l_ms=1.06382 qdelay_c_ms=124.399 ecn_mark=378 drop=0
[QUEUE_STATS] t_ms=4321 q_pkts=34 q_bytes=49684 qdelay_l_ms=1.07332 qdelay_c_ms=126.85 ecn_mark=378 drop=0
[QUEUE_STATS] t_ms=4336 q_pkts=34 q_bytes=49684 qdelay_l_ms=1.06215 qdelay_c_ms=129.198 ecn_mark=379 drop=0
[QUEUE_STATS] t_ms=4353 q_pkts=31 q_bytes=46624 qdelay_l_ms=1.07084 qdelay_c_ms=125.988 ecn_mark=381 drop=0
[QUEUE_STATS] t_ms=4368 q_pkts=30 q_bytes=45120 qdelay_l_ms=0 qdelay_c_ms=132.878 ecn_mark=383 drop=0
[QUEUE_STATS] t_ms=4384 q_pkts=28 q_bytes=42112 qdelay_l_ms=1.06946 qdelay_c_ms=132.787 ecn_mark=385 drop=0
[QUEUE_STATS] t_ms=4400 q_pkts=25 q_bytes=37600 qdelay_l_ms=2.12178 qdelay_c_ms=116.48 ecn_mark=388 drop=0
[QUEUE_STATS] t_ms=4416 q_pkts=27 q_bytes=40608 qdelay_l_ms=0 qdelay_c_ms=115.46 ecn_mark=392 drop=0
[QUEUE_STATS] t_ms=4432 q_pkts=26 q_bytes=39104 qdelay_l_ms=1.06885 qdelay_c_ms=107.315 ecn_mark=394 drop=0
[QUEUE_STATS] t_ms=4448 q_pkts=25 q_bytes=37600 qdelay_l_ms=2.11926 qdelay_c_ms=98.0499 ecn_mark=395 drop=0
[QUEUE_STATS] t_ms=4464 q_pkts=23 q_bytes=34592 qdelay_l_ms=1.05612 qdelay_c_ms=99.4423 ecn_mark=397 drop=0
[QUEUE_STATS] t_ms=4480 q_pkts=21 q_bytes=31584 qdelay_l_ms=1.04271 qdelay_c_ms=81.2588 ecn_mark=397 drop=0
[QUEUE_STATS] t_ms=4496 q_pkts=20 q_bytes=30080 qdelay_l_ms=0 qdelay_c_ms=83.2111 ecn_mark=400 drop=0
[QUEUE_STATS] t_ms=4512 q_pkts=18 q_bytes=27072 qdelay_l_ms=2.1135 qdelay_c_ms=77.2013 ecn_mark=401 drop=0
[QUEUE_STATS] t_ms=4528 q_pkts=15 q_bytes=22560 qdelay_l_ms=1.06276 qdelay_c_ms=72.0854 ecn_mark=401 drop=0
[QUEUE_STATS] t_ms=4544 q_pkts=17 q_bytes=25568 qdelay_l_ms=0 qdelay_c_ms=68.8392 ecn_mark=403 drop=0
[QUEUE_STATS] t_ms=4560 q_pkts=18 q_bytes=27072 qdelay_l_ms=1.07584 qdelay_c_ms=67.0471 ecn_mark=404 drop=0
[QUEUE_STATS] t_ms=4576 q_pkts=17 q_bytes=25568 qdelay_l_ms=2.12989 qdelay_c_ms=47.4998 ecn_mark=405 drop=0
[QUEUE_STATS] t_ms=4592 q_pkts=16 q_bytes=24064 qdelay_l_ms=1.06199 qdelay_c_ms=53.533 ecn_mark=406 drop=0
[QUEUE_STATS] t_ms=4608 q_pkts=17 q_bytes=25568 qdelay_l_ms=1.0664 qdelay_c_ms=50.564 ecn_mark=408 drop=0
[QUEUE_STATS] t_ms=4624 q_pkts=18 q_bytes=27072 qdelay_l_ms=0 qdelay_c_ms=55.8105 ecn_mark=412 drop=0
[QUEUE_STATS] t_ms=4640 q_pkts=16 q_bytes=24064 qdelay_l_ms=1.06392 qdelay_c_ms=50.6605 ecn_mark=415 drop=0
[QUEUE_STATS] t_ms=4656 q_pkts=17 q_bytes=25568 qdelay_l_ms=1.06974 qdelay_c_ms=49.0253 ecn_mark=417 drop=0
[QUEUE_STATS] t_ms=4672 q_pkts=19 q_bytes=28576 qdelay_l_ms=0 qdelay_c_ms=54.4516 ecn_mark=420 drop=0
[QUEUE_STATS] t_ms=4688 q_pkts=17 q_bytes=25568 qdelay_l_ms=1.04348 qdelay_c_ms=47.0595 ecn_mark=421 drop=0
[QUEUE_STATS] t_ms=4705 q_pkts=18 q_bytes=27072 qdelay_l_ms=1.07342 qdelay_c_ms=49.2421 ecn_mark=423 drop=0
[QUEUE_STATS] t_ms=4720 q_pkts=17 q_bytes=25568 qdelay_l_ms=2.10439 qdelay_c_ms=49.1658 ecn_mark=424 drop=0
[QUEUE_STATS] t_ms=4736 q_pkts=17 q_bytes=25568 qdelay_l_ms=0 qdelay_c_ms=43.7723 ecn_mark=426 drop=0
[QUEUE_STATS] t_ms=4752 q_pkts=16 q_bytes=24064 qdelay_l_ms=1.06427 qdelay_c_ms=47.1047 ecn_mark=426 drop=0
[QUEUE_STATS] t_ms=4768 q_pkts=18 q_bytes=27072 qdelay_l_ms=0 qdelay_c_ms=43.7645 ecn_mark=428 drop=0
[QUEUE_STATS] t_ms=4784 q_pkts=16 q_bytes=24064 qdelay_l_ms=1.06246 qdelay_c_ms=37.2625 ecn_mark=429 drop=0
[QUEUE_STATS] t_ms=4800 q_pkts=16 q_bytes=24064 qdelay_l_ms=1.06451 qdelay_c_ms=43.1705 ecn_mark=434 drop=0
[QUEUE_STATS] t_ms=4816 q_pkts=17 q_bytes=25568 qdelay_l_ms=1.05868 qdelay_c_ms=44.3366 ecn_mark=437 drop=0
[QUEUE_STATS] t_ms=4832 q_pkts=16 q_bytes=24064 qdelay_l_ms=1.0661 qdelay_c_ms=45.22 ecn_mark=438 drop=0
[QUEUE_STATS] t_ms=4849 q_pkts=14 q_bytes=21056 qdelay_l_ms=1.06669 qdelay_c_ms=45.4136 ecn_mark=439 drop=0
[QUEUE_STATS] t_ms=4864 q_pkts=10 q_bytes=15040 qdelay_l_ms=0 qdelay_c_ms=44.5283 ecn_mark=440 drop=0
[QUEUE_STATS] t_ms=4880 q_pkts=9 q_bytes=13536 qdelay_l_ms=1.0607 qdelay_c_ms=42.1469 ecn_mark=441 drop=0
[QUEUE_STATS] t_ms=4896 q_pkts=9 q_bytes=13536 qdelay_l_ms=1.06605 qdelay_c_ms=16.9467 ecn_mark=444 drop=0
[QUEUE_STATS] t_ms=4913 q_pkts=8 q_bytes=12032 qdelay_l_ms=0 qdelay_c_ms=24.1978 ecn_mark=447 drop=0
[QUEUE_STATS] t_ms=4928 q_pkts=7 q_bytes=10528 qdelay_l_ms=1.07178 qdelay_c_ms=17.2797 ecn_mark=450 drop=0
[QUEUE_STATS] t_ms=4944 q_pkts=10 q_bytes=15040 qdelay_l_ms=2.14091 qdelay_c_ms=15.9639 ecn_mark=452 drop=0
[QUEUE_STATS] t_ms=4960 q_pkts=9 q_bytes=13536 qdelay_l_ms=1.07379 qdelay_c_ms=24.5976 ecn_mark=455 drop=0
[QUEUE_STATS] t_ms=4976 q_pkts=7 q_bytes=10528 qdelay_l_ms=0 qdelay_c_ms=20.1181 ecn_mark=457 drop=0
[QUEUE_STATS] t_ms=4992 q_pkts=9 q_bytes=13536 qdelay_l_ms=1.07358 qdelay_c_ms=24.9625 ecn_mark=457 drop=0
[QUEUE_STATS] t_ms=5009 q_pkts=10 q_bytes=15040 qdelay_l_ms=0 qdelay_c_ms=21.8949 ecn_mark=459 drop=0
[QUEUE_STATS] t_ms=5024 q_pkts=10 q_bytes=15040 qdelay_l_ms=1.06621 qdelay_c_ms=21.6214 ecn_mark=459 drop=0
[QUEUE_STATS] t_ms=5040 q_pkts=10 q_bytes=15040 qdelay_l_ms=0 qdelay_c_ms=25.7586 ecn_mark=460 drop=0
[QUEUE_STATS] t_ms=5056 q_pkts=8 q_bytes=12032 qdelay_l_ms=0 qdelay_c_ms=21.9401 ecn_mark=460 drop=0
[QUEUE_STATS] t_ms=5072 q_pkts=9 q_bytes=13536 qdelay_l_ms=0 qdelay_c_ms=22.1262 ecn_mark=462 drop=0
[QUEUE_STATS] t_ms=5088 q_pkts=10 q_bytes=15040 qdelay_l_ms=2.11743 qdelay_c_ms=23.3322 ecn_mark=463 drop=0
[QUEUE_STATS] t_ms=5104 q_pkts=10 q_bytes=15040 qdelay_l_ms=1.05906 qdelay_c_ms=26.7366 ecn_mark=463 drop=0
[QUEUE_STATS] t_ms=5120 q_pkts=10 q_bytes=15040 qdelay_l_ms=0 qdelay_c_ms=25.2013 ecn_mark=463 drop=0
[QUEUE_STATS] t_ms=5136 q_pkts=11 q_bytes=16544 qdelay_l_ms=1.07411 qdelay_c_ms=29.3927 ecn_mark=464 drop=0
[QUEUE_STATS] t_ms=5152 q_pkts=12 q_bytes=18048 qdelay_l_ms=1.06128 qdelay_c_ms=29.7896 ecn_mark=467 drop=0
[QUEUE_STATS] t_ms=5168 q_pkts=13 q_bytes=19552 qdelay_l_ms=1.07847 qdelay_c_ms=32.2658 ecn_mark=469 drop=0
[QUEUE_STATS] t_ms=5184 q_pkts=13 q_bytes=19552 qdelay_l_ms=0 qdelay_c_ms=33.9711 ecn_mark=470 drop=0
[QUEUE_STATS] t_ms=5200 q_pkts=12 q_bytes=18048 qdelay_l_ms=1.06126 qdelay_c_ms=37.5871 ecn_mark=471 drop=0
[QUEUE_STATS] t_ms=5217 q_pkts=12 q_bytes=18048 qdelay_l_ms=1.07921 qdelay_c_ms=35.1435 ecn_mark=471 drop=0
[QUEUE_STATS] t_ms=5232 q_pkts=12 q_bytes=18048 qdelay_l_ms=0 qdelay_c_ms=31.3795 ecn_mark=472 drop=0
[QUEUE_STATS] t_ms=5248 q_pkts=12 q_bytes=18048 qdelay_l_ms=1.7823 qdelay_c_ms=31.1578 ecn_mark=473 drop=0
[QUEUE_STATS] t_ms=5264 q_pkts=11 q_bytes=16544 qdelay_l_ms=1.06694 qdelay_c_ms=35.4146 ecn_mark=477 drop=0
[QUEUE_STATS] t_ms=5280 q_pkts=14 q_bytes=21056 qdelay_l_ms=0 qdelay_c_ms=36.6123 ecn_mark=478 drop=0
[QUEUE_STATS] t_ms=5296 q_pkts=14 q_bytes=21056 qdelay_l_ms=1.06225 qdelay_c_ms=29.0111 ecn_mark=483 drop=0
[QUEUE_STATS] t_ms=5312 q_pkts=13 q_bytes=19552 qdelay_l_ms=1.06864 qdelay_c_ms=33.8542 ecn_mark=483 drop=0
[QUEUE_STATS] t_ms=5328 q_pkts=13 q_bytes=19552 qdelay_l_ms=0 qdelay_c_ms=36.3044 ecn_mark=484 drop=0
[QUEUE_STATS] t_ms=5344 q_pkts=13 q_bytes=19552 qdelay_l_ms=2.12169 qdelay_c_ms=27.4884 ecn_mark=487 drop=0
[QUEUE_STATS] t_ms=5360 q_pkts=13 q_bytes=19552 qdelay_l_ms=0 qdelay_c_ms=37.2981 ecn_mark=493 drop=0
[QUEUE_STATS] t_ms=5376 q_pkts=15 q_bytes=22560 qdelay_l_ms=1.06211 qdelay_c_ms=37.1753 ecn_mark=494 drop=0
[QUEUE_STATS] t_ms=5392 q_pkts=14 q_bytes=21056 qdelay_l_ms=1.06237 qdelay_c_ms=36.0673 ecn_mark=497 drop=0
[QUEUE_STATS] t_ms=5408 q_pkts=13 q_bytes=19552 qdelay_l_ms=0 qdelay_c_ms=36.9689 ecn_mark=499 drop=0
[QUEUE_STATS] t_ms=5424 q_pkts=14 q_bytes=21056 qdelay_l_ms=2.0701 qdelay_c_ms=38.8905 ecn_mark=502 drop=0
[QUEUE_STATS] t_ms=5440 q_pkts=13 q_bytes=19552 qdelay_l_ms=1.07819 qdelay_c_ms=35.9237 ecn_mark=507 drop=0
[QUEUE_STATS] t_ms=5456 q_pkts=11 q_bytes=16544 qdelay_l_ms=0 qdelay_c_ms=36.056 ecn_mark=511 drop=0
[QUEUE_STATS] t_ms=5472 q_pkts=9 q_bytes=13536 qdelay_l_ms=0 qdelay_c_ms=30.0945 ecn_mark=515 drop=0
[QUEUE_STATS] t_ms=5488 q_pkts=7 q_bytes=10528 qdelay_l_ms=1.00775 qdelay_c_ms=17.2774 ecn_mark=516 drop=0
[QUEUE_STATS] t_ms=5504 q_pkts=4 q_bytes=6016 qdelay_l_ms=0 qdelay_c_ms=18.5214 ecn_mark=519 drop=0
[QUEUE_STATS] t_ms=5521 q_pkts=5 q_bytes=7520 qdelay_l_ms=1.08896 qdelay_c_ms=8.24645 ecn_mark=520 drop=0
[QUEUE_STATS] t_ms=5536 q_pkts=5 q_bytes=7520 qdelay_l_ms=0 qdelay_c_ms=10.2549 ecn_mark=522 drop=0
[QUEUE_STATS] t_ms=5552 q_pkts=5 q_bytes=7520 qdelay_l_ms=1.06728 qdelay_c_ms=10.8181 ecn_mark=523 drop=0
[QUEUE_STATS] t_ms=5568 q_pkts=4 q_bytes=6016 qdelay_l_ms=0 qdelay_c_ms=10.0426 ecn_mark=525 drop=0
[QUEUE_STATS] t_ms=5584 q_pkts=1 q_bytes=1504 qdelay_l_ms=1.067 qdelay_c_ms=0 ecn_mark=527 drop=0
[QUEUE_STATS] t_ms=5600 q_pkts=3 q_bytes=4512 qdelay_l_ms=1.07566 qdelay_c_ms=2.11582 ecn_mark=527 drop=0
[QUEUE_STATS] t_ms=5616 q_pkts=3 q_bytes=4512 qdelay_l_ms=1.06418 qdelay_c_ms=4.80799 ecn_mark=528 drop=0
[QUEUE_STATS] t_ms=5632 q_pkts=2 q_bytes=3008 qdelay_l_ms=0 qdelay_c_ms=5.3597 ecn_mark=529 drop=0
[QUEUE_STATS] t_ms=5648 q_pkts=3 q_bytes=4512 qdelay_l_ms=1.0675 qdelay_c_ms=5.34846 ecn_mark=531 drop=0
[QUEUE_STATS] t_ms=5664 q_pkts=2 q_bytes=3008 qdelay_l_ms=0 qdelay_c_ms=5.2555 ecn_mark=533 drop=0
[QUEUE_STATS] t_ms=5680 q_pkts=1 q_bytes=1504 qdelay_l_ms=0 qdelay_c_ms=2.82844 ecn_mark=535 drop=0
[QUEUE_STATS] t_ms=5696 q_pkts=0 q_bytes=0 qdelay_l_ms=0 qdelay_c_ms=0 ecn_mark=538 drop=0
[QUEUE_STATS] t_ms=5712 q_pkts=4 q_bytes=6016 qdelay_l_ms=0 qdelay_c_ms=5.28464 ecn_mark=540 drop=0
[QUEUE_STATS] t_ms=5728 q_pkts=1 q_bytes=1504 qdelay_l_ms=0 qdelay_c_ms=3.90179 ecn_mark=543 drop=0
[QUEUE_STATS] t_ms=5744 q_pkts=1 q_bytes=1504 qdelay_l_ms=0 qdelay_c_ms=3.18483 ecn_mark=544 drop=0
[QUEUE_STATS] t_ms=5760 q_pkts=4 q_bytes=6016 qdelay_l_ms=1.06977 qdelay_c_ms=7.47314 ecn_mark=546 drop=0
[QUEUE_STATS] t_ms=5777 q_pkts=3 q_bytes=4512 qdelay_l_ms=2.14893 qdelay_c_ms=6.41733 ecn_mark=546 drop=0
[QUEUE_STATS] t_ms=5792 q_pkts=4 q_bytes=6016 qdelay_l_ms=1.05855 qdelay_c_ms=3.78233 ecn_mark=546 drop=0
[QUEUE_STATS] t_ms=5808 q_pkts=5 q_bytes=7520 qdelay_l_ms=1.06592 qdelay_c_ms=6.39653 ecn_mark=548 drop=0
[QUEUE_STATS] t_ms=5824 q_pkts=3 q_bytes=4512 qdelay_l_ms=0 qdelay_c_ms=6.27161 ecn_mark=549 drop=0
[QUEUE_STATS] t_ms=5840 q_pkts=5 q_bytes=7520 qdelay_l_ms=1.09239 qdelay_c_ms=5.36284 ecn_mark=553 drop=0
[QUEUE_STATS] t_ms=5856 q_pkts=3 q_bytes=4512 qdelay_l_ms=1.07956 qdelay_c_ms=7.36582 ecn_mark=555 drop=0
[QUEUE_STATS] t_ms=5872 q_pkts=1 q_bytes=1504 qdelay_l_ms=0 qdelay_c_ms=1.07471 ecn_mark=558 drop=0
[QUEUE_STATS] t_ms=5888 q_pkts=2 q_bytes=3008 qdelay_l_ms=1.07483 qdelay_c_ms=2.13805 ecn_mark=562 drop=0
[QUEUE_STATS] t_ms=5904 q_pkts=1 q_bytes=1504 qdelay_l_ms=1.0752 qdelay_c_ms=0 ecn_mark=564 drop=0
[QUEUE_STATS] t_ms=5920 q_pkts=1 q_bytes=1504 qdelay_l_ms=2.09996 qdelay_c_ms=0 ecn_mark=567 drop=0
[QUEUE_STATS] t_ms=5936 q_pkts=1 q_bytes=1504 qdelay_l_ms=0 qdelay_c_ms=1.06761 ecn_mark=567 drop=0
[QUEUE_STATS] t_ms=5952 q_pkts=3 q_bytes=4512 qdelay_l_ms=0 qdelay_c_ms=2.13652 ecn_mark=568 drop=0
[QUEUE_STATS] t_ms=5968 q_pkts=1 q_bytes=1504 qdelay_l_ms=1.07671 qdelay_c_ms=0 ecn_mark=568 drop=0
[QUEUE_STATS] t_ms=5984 q_pkts=2 q_bytes=3008 qdelay_l_ms=0 qdelay_c_ms=0.880402 ecn_mark=570 drop=0
[QUEUE_STATS] t_ms=6000 q_pkts=0 q_bytes=0 qdelay_l_ms=0 qdelay_c_ms=0 ecn_mark=570 drop=0
[QUEUE_STATS] t_ms=6017 q_pkts=2 q_bytes=3008 qdelay_l_ms=1.08628 qdelay_c_ms=1.07983 ecn_mark=570 drop=0
[QUEUE_STATS] t_ms=6032 q_pkts=4 q_bytes=6016 qdelay_l_ms=1.07198 qdelay_c_ms=6.4408 ecn_mark=570 drop=0
[QUEUE_STATS] t_ms=6048 q_pkts=4 q_bytes=6016 qdelay_l_ms=0 qdelay_c_ms=11.7597 ecn_mark=572 drop=0
[QUEUE_STATS] t_ms=6064 q_pkts=2 q_bytes=3008 qdelay_l_ms=0 qdelay_c_ms=3.8502 ecn_mark=573 drop=0
[QUEUE_STATS] t_ms=6080 q_pkts=4 q_bytes=6016 qdelay_l_ms=0.99736 qdelay_c_ms=3.74071 ecn_mark=575 drop=0
[QUEUE_STATS] t_ms=6096 q_pkts=4 q_bytes=6016 qdelay_l_ms=1.02341 qdelay_c_ms=7.38717 ecn_mark=576 drop=0
[QUEUE_STATS] t_ms=6112 q_pkts=4 q_bytes=6016 qdelay_l_ms=1.06484 qdelay_c_ms=7.57495 ecn_mark=580 drop=0
[QUEUE_STATS] t_ms=6128 q_pkts=3 q_bytes=4512 qdelay_l_ms=0 qdelay_c_ms=8.50188 ecn_mark=582 drop=0
[QUEUE_STATS] t_ms=6144 q_pkts=5 q_bytes=7520 qdelay_l_ms=1.06175 qdelay_c_ms=8.05918 ecn_mark=585 drop=0
[QUEUE_STATS] t_ms=6160 q_pkts=4 q_bytes=6016 qdelay_l_ms=1.06251 qdelay_c_ms=6.71299 ecn_mark=585 drop=0
[QUEUE_STATS] t_ms=6176 q_pkts=2 q_bytes=3008 qdelay_l_ms=1.05503 qdelay_c_ms=3.22853 ecn_mark=587 drop=0
[QUEUE_STATS] t_ms=6192 q_pkts=1 q_bytes=1504 qdelay_l_ms=1.06666 qdelay_c_ms=0 ecn_mark=589 drop=0
[QUEUE_STATS] t_ms=6208 q_pkts=2 q_bytes=3008 qdelay_l_ms=1.05161 qdelay_c_ms=1.05697 ecn_mark=589 drop=0
[QUEUE_STATS] t_ms=6224 q_pkts=2 q_bytes=3008 qdelay_l_ms=0 qdelay_c_ms=4.33797 ecn_mark=591 drop=0
[QUEUE_STATS] t_ms=6240 q_pkts=2 q_bytes=3008 qdelay_l_ms=0 qdelay_c_ms=2.14394 ecn_mark=592 drop=0
[QUEUE_STATS] t_ms=6256 q_pkts=1 q_bytes=1504 qdelay_l_ms=1.0596 qdelay_c_ms=0 ecn_mark=595 drop=0
[QUEUE_STATS] t_ms=6273 q_pkts=2 q_bytes=3008 qdelay_l_ms=1.07993 qdelay_c_ms=3.39152 ecn_mark=598 drop=0
[QUEUE_STATS] t_ms=6288 q_pkts=1 q_bytes=1504 qdelay_l_ms=0.799851 qdelay_c_ms=0 ecn_mark=600 drop=0
[QUEUE_STATS] t_ms=6304 q_pkts=1 q_bytes=1504 qdelay_l_ms=1.04544 qdelay_c_ms=0 ecn_mark=600 drop=0
[QUEUE_STATS] t_ms=6320 q_pkts=2 q_bytes=3008 qdelay_l_ms=0 qdelay_c_ms=1.0506 ecn_mark=603 drop=0
[QUEUE_STATS] t_ms=6336 q_pkts=1 q_bytes=1504 qdelay_l_ms=0 qdelay_c_ms=2.67104 ecn_mark=605 drop=0
[QUEUE_STATS] t_ms=6353 q_pkts=1 q_bytes=1504 qdelay_l_ms=0 qdelay_c_ms=3.1989 ecn_mark=607 drop=0
[QUEUE_STATS] t_ms=6368 q_pkts=1 q_bytes=1504 qdelay_l_ms=0 qdelay_c_ms=3.20883 ecn_mark=608 drop=0
[QUEUE_STATS] t_ms=6384 q_pkts=2 q_bytes=3008 qdelay_l_ms=0 qdelay_c_ms=5.24932 ecn_mark=608 drop=0
[QUEUE_STATS] t_ms=6400 q_pkts=2 q_bytes=3008 qdelay_l_ms=0 qdelay_c_ms=0.58669 ecn_mark=608 drop=0
[QUEUE_STATS] t_ms=6416 q_pkts=3 q_bytes=4512 qdelay_l_ms=1.06194 qdelay_c_ms=1.0727 ecn_mark=609 drop=0
[QUEUE_STATS] t_ms=6432 q_pkts=2 q_bytes=3008 qdelay_l_ms=1.05174 qdelay_c_ms=1.04347 ecn_mark=611 drop=0
[QUEUE_STATS] t_ms=6448 q_pkts=2 q_bytes=3008 qdelay_l_ms=0 qdelay_c_ms=1.05941 ecn_mark=613 drop=0
[QUEUE_STATS] t_ms=6464 q_pkts=1 q_bytes=1504 qdelay_l_ms=0 qdelay_c_ms=4.15266 ecn_mark=614 drop=0
[QUEUE_STATS] t_ms=6480 q_pkts=2 q_bytes=3008 qdelay_l_ms=1.04641 qdelay_c_ms=2.61799 ecn_mark=614 drop=0
[QUEUE_STATS] t_ms=6496 q_pkts=3 q_bytes=4512 qdelay_l_ms=1.03202 qdelay_c_ms=5.3147 ecn_mark=617 drop=0
[QUEUE_STATS] t_ms=6512 q_pkts=3 q_bytes=4512 qdelay_l_ms=1.02719 qdelay_c_ms=1.60368 ecn_mark=617 drop=0
[QUEUE_STATS] t_ms=6528 q_pkts=3 q_bytes=4512 qdelay_l_ms=2.14145 qdelay_c_ms=3.18773 ecn_mark=617 drop=0
[QUEUE_STATS] t_ms=6544 q_pkts=4 q_bytes=6016 qdelay_l_ms=2.17859 qdelay_c_ms=5.35303 ecn_mark=618 drop=0
[QUEUE_STATS] t_ms=6560 q_pkts=3 q_bytes=4512 qdelay_l_ms=1.02118 qdelay_c_ms=7.25621 ecn_mark=620 drop=0
[QUEUE_STATS] t_ms=6576 q_pkts=5 q_bytes=7520 qdelay_l_ms=1.06613 qdelay_c_ms=4.56712 ecn_mark=623 drop=0
[QUEUE_STATS] t_ms=6592 q_pkts=5 q_bytes=7520 qdelay_l_ms=1.06271 qdelay_c_ms=9.67161 ecn_mark=625 drop=0
[QUEUE_STATS] t_ms=6608 q_pkts=5 q_bytes=7520 qdelay_l_ms=1.06219 qdelay_c_ms=8.51089 ecn_mark=626 drop=0
[QUEUE_STATS] t_ms=6624 q_pkts=3 q_bytes=4512 qdelay_l_ms=0 qdelay_c_ms=7.42455 ecn_mark=628 drop=0
[QUEUE_STATS] t_ms=6641 q_pkts=6 q_bytes=9024 qdelay_l_ms=1.07278 qdelay_c_ms=9.85394 ecn_mark=629 drop=0
[QUEUE_STATS] t_ms=6656 q_pkts=6 q_bytes=9024 qdelay_l_ms=0 qdelay_c_ms=11.1631 ecn_mark=630 drop=0
[QUEUE_STATS] t_ms=6672 q_pkts=5 q_bytes=7520 qdelay_l_ms=0 qdelay_c_ms=14.6192 ecn_mark=632 drop=0
[QUEUE_STATS] t_ms=6688 q_pkts=6 q_bytes=9024 qdelay_l_ms=0 qdelay_c_ms=12.5697 ecn_mark=632 drop=0
[QUEUE_STATS] t_ms=6704 q_pkts=7 q_bytes=10528 qdelay_l_ms=0 qdelay_c_ms=9.50661 ecn_mark=633 drop=0
[QUEUE_STATS] t_ms=6720 q_pkts=6 q_bytes=9024 qdelay_l_ms=0 qdelay_c_ms=10.6751 ecn_mark=634 drop=0
[QUEUE_STATS] t_ms=6736 q_pkts=6 q_bytes=9024 qdelay_l_ms=1.06759 qdelay_c_ms=11.0457 ecn_mark=635 drop=0
[QUEUE_STATS] t_ms=6752 q_pkts=9 q_bytes=13536 qdelay_l_ms=1.06689 qdelay_c_ms=12.8182 ecn_mark=636 drop=0
[QUEUE_STATS] t_ms=6768 q_pkts=9 q_bytes=13536 qdelay_l_ms=1.06043 qdelay_c_ms=20.1724 ecn_mark=638 drop=0
[QUEUE_STATS] t_ms=6784 q_pkts=9 q_bytes=13536 qdelay_l_ms=1.05975 qdelay_c_ms=19.223 ecn_mark=639 drop=0
[QUEUE_STATS] t_ms=6800 q_pkts=8 q_bytes=12032 qdelay_l_ms=1.06647 qdelay_c_ms=18.7243 ecn_mark=640 drop=0
[QUEUE_STATS] t_ms=6816 q_pkts=9 q_bytes=13536 qdelay_l_ms=2.12467 qdelay_c_ms=22.3556 ecn_mark=643 drop=0
[QUEUE_STATS] t_ms=6832 q_pkts=8 q_bytes=12032 qdelay_l_ms=0 qdelay_c_ms=20.7543 ecn_mark=643 drop=0
[QUEUE_STATS] t_ms=6848 q_pkts=11 q_bytes=16544 qdelay_l_ms=1.07398 qdelay_c_ms=26.1982 ecn_mark=644 drop=0
[QUEUE_STATS] t_ms=6865 q_pkts=10 q_bytes=15040 qdelay_l_ms=0 qdelay_c_ms=23.645 ecn_mark=644 drop=0
[QUEUE_STATS] t_ms=6880 q_pkts=10 q_bytes=15040 qdelay_l_ms=1.05249 qdelay_c_ms=26.3663 ecn_mark=646 drop=0
[QUEUE_STATS] t_ms=6896 q_pkts=10 q_bytes=15040 qdelay_l_ms=1.07567 qdelay_c_ms=29.3001 ecn_mark=648 drop=0
[QUEUE_STATS] t_ms=6912 q_pkts=12 q_bytes=18048 qdelay_l_ms=2.5278 qdelay_c_ms=21.0054 ecn_mark=648 drop=0
[QUEUE_STATS] t_ms=6928 q_pkts=12 q_bytes=18048 qdelay_l_ms=3.53662 qdelay_c_ms=22.7764 ecn_mark=650 drop=0
[QUEUE_STATS] t_ms=6944 q_pkts=12 q_bytes=18048 qdelay_l_ms=1.06917 qdelay_c_ms=30.2617 ecn_mark=652 drop=0
[QUEUE_STATS] t_ms=6960 q_pkts=10 q_bytes=15040 qdelay_l_ms=1.06302 qdelay_c_ms=30.5483 ecn_mark=655 drop=0
[QUEUE_STATS] t_ms=6976 q_pkts=12 q_bytes=18048 qdelay_l_ms=0 qdelay_c_ms=30.1054 ecn_mark=655 drop=0
[QUEUE_STATS] t_ms=6992 q_pkts=12 q_bytes=18048 qdelay_l_ms=1.06155 qdelay_c_ms=31.7986 ecn_mark=659 drop=0
[QUEUE_STATS] t_ms=7008 q_pkts=12 q_bytes=18048 qdelay_l_ms=2.47025 qdelay_c_ms=33.175 ecn_mark=659 drop=0
[QUEUE_STATS] t_ms=7024 q_pkts=14 q_bytes=21056 qdelay_l_ms=1.05309 qdelay_c_ms=32.32 ecn_mark=660 drop=0
[QUEUE_STATS] t_ms=7040 q_pkts=13 q_bytes=19552 qdelay_l_ms=0 qdelay_c_ms=35.1468 ecn_mark=661 drop=0
[QUEUE_STATS] t_ms=7056 q_pkts=13 q_bytes=19552 qdelay_l_ms=1.07218 qdelay_c_ms=37.0343 ecn_mark=663 drop=0
[QUEUE_STATS] t_ms=7072 q_pkts=13 q_bytes=19552 qdelay_l_ms=1.0598 qdelay_c_ms=35.1474 ecn_mark=665 drop=0
[QUEUE_STATS] t_ms=7088 q_pkts=13 q_bytes=19552 qdelay_l_ms=1.04943 qdelay_c_ms=35.2401 ecn_mark=668 drop=0
[QUEUE_STATS] t_ms=7104 q_pkts=12 q_bytes=18048 qdelay_l_ms=1.0672 qdelay_c_ms=35.4671 ecn_mark=670 drop=0
[QUEUE_STATS] t_ms=7120 q_pkts=12 q_bytes=18048 qdelay_l_ms=0 qdelay_c_ms=30.8722 ecn_mark=672 drop=0
[QUEUE_STATS] t_ms=7136 q_pkts=12 q_bytes=18048 qdelay_l_ms=0 qdelay_c_ms=32.1506 ecn_mark=674 drop=0
[QUEUE_STATS] t_ms=7152 q_pkts=14 q_bytes=21056 qdelay_l_ms=1.06478 qdelay_c_ms=35.1476 ecn_mark=677 drop=0
[QUEUE_STATS] t_ms=7168 q_pkts=13 q_bytes=19552 qdelay_l_ms=1.07421 qdelay_c_ms=34.224 ecn_mark=678 drop=0
[QUEUE_STATS] t_ms=7184 q_pkts=12 q_bytes=18048 qdelay_l_ms=1.06669 qdelay_c_ms=34.2968 ecn_mark=678 drop=0
[QUEUE_STATS] t_ms=7200 q_pkts=13 q_bytes=19552 qdelay_l_ms=0 qdelay_c_ms=36.8115 ecn_mark=680 drop=0
[QUEUE_STATS] t_ms=7216 q_pkts=13 q_bytes=19552 qdelay_l_ms=1.06166 qdelay_c_ms=31.3936 ecn_mark=680 drop=0
[QUEUE_STATS] t_ms=7232 q_pkts=15 q_bytes=22560 qdelay_l_ms=1.06196 qdelay_c_ms=35.281 ecn_mark=681 drop=0
[QUEUE_STATS] t_ms=7248 q_pkts=13 q_bytes=19552 qdelay_l_ms=1.0554 qdelay_c_ms=31.3089 ecn_mark=683 drop=0
[QUEUE_STATS] t_ms=7264 q_pkts=15 q_bytes=22560 qdelay_l_ms=1.06217 qdelay_c_ms=33.4219 ecn_mark=684 drop=0
[QUEUE_STATS] t_ms=7280 q_pkts=15 q_bytes=22560 qdelay_l_ms=2.09908 qdelay_c_ms=35.3454 ecn_mark=684 drop=0
[QUEUE_STATS] t_ms=7296 q_pkts=15 q_bytes=22560 qdelay_l_ms=0 qdelay_c_ms=42.1413 ecn_mark=690 drop=0
[QUEUE_STATS] t_ms=7312 q_pkts=13 q_bytes=19552 qdelay_l_ms=1.07781 qdelay_c_ms=39.4078 ecn_mark=691 drop=0
[QUEUE_STATS] t_ms=7328 q_pkts=15 q_bytes=22560 qdelay_l_ms=0 qdelay_c_ms=43.504 ecn_mark=694 drop=0
[QUEUE_STATS] t_ms=7344 q_pkts=16 q_bytes=24064 qdelay_l_ms=1.06182 qdelay_c_ms=43.4854 ecn_mark=696 drop=0
[QUEUE_STATS] t_ms=7360 q_pkts=16 q_bytes=24064 qdelay_l_ms=1.06056 qdelay_c_ms=42.9172 ecn_mark=697 drop=0
[QUEUE_STATS] t_ms=7376 q_pkts=14 q_bytes=21056 qdelay_l_ms=0 qdelay_c_ms=43.8928 ecn_mark=698 drop=0
[QUEUE_STATS] t_ms=7392 q_pkts=16 q_bytes=24064 qdelay_l_ms=1.0518 qdelay_c_ms=47.2746 ecn_mark=698 drop=0
[QUEUE_STATS] t_ms=7408 q_pkts=15 q_bytes=22560 qdelay_l_ms=1.0625 qdelay_c_ms=46.1088 ecn_mark=698 drop=0
[QUEUE_STATS] t_ms=7424 q_pkts=17 q_bytes=25568 qdelay_l_ms=1.06259 qdelay_c_ms=45.3014 ecn_mark=700 drop=0
[QUEUE_STATS] t_ms=7440 q_pkts=16 q_bytes=24064 qdelay_l_ms=2.34932 qdelay_c_ms=45.7338 ecn_mark=701 drop=0
[QUEUE_STATS] t_ms=7456 q_pkts=16 q_bytes=24064 qdelay_l_ms=1.06694 qdelay_c_ms=42.4192 ecn_mark=703 drop=0
[QUEUE_STATS] t_ms=7472 q_pkts=15 q_bytes=22560 qdelay_l_ms=0 qdelay_c_ms=45.7476 ecn_mark=707 drop=0
[QUEUE_STATS] t_ms=7489 q_pkts=16 q_bytes=24064 qdelay_l_ms=0 qdelay_c_ms=41.0863 ecn_mark=708 drop=0
[QUEUE_STATS] t_ms=7504 q_pkts=17 q_bytes=25568 qdelay_l_ms=1.06752 qdelay_c_ms=45.7139 ecn_mark=710 drop=0
[QUEUE_STATS] t_ms=7520 q_pkts=15 q_bytes=22560 qdelay_l_ms=1.063 qdelay_c_ms=38.906 ecn_mark=711 drop=0
[QUEUE_STATS] t_ms=7536 q_pkts=17 q_bytes=25568 qdelay_l_ms=2.12272 qdelay_c_ms=39.9506 ecn_mark=713 drop=0
[QUEUE_STATS] t_ms=7552 q_pkts=13 q_bytes=19552 qdelay_l_ms=1.54237 qdelay_c_ms=37.3334 ecn_mark=714 drop=0
[QUEUE_STATS] t_ms=7568 q_pkts=15 q_bytes=22560 qdelay_l_ms=1.06128 qdelay_c_ms=39.0651 ecn_mark=718 drop=0
[QUEUE_STATS] t_ms=7584 q_pkts=16 q_bytes=24064 qdelay_l_ms=1.06167 qdelay_c_ms=39.8313 ecn_mark=720 drop=0
[QUEUE_STATS] t_ms=7600 q_pkts=16 q_bytes=24064 qdelay_l_ms=0 qdelay_c_ms=39.3203 ecn_mark=720 drop=0
[QUEUE_STATS] t_ms=7616 q_pkts=16 q_bytes=24064 qdelay_l_ms=1.06534 qdelay_c_ms=35.4801 ecn_mark=721 drop=0
[QUEUE_STATS] t_ms=7632 q_pkts=17 q_bytes=25568 qdelay_l_ms=0 qdelay_c_ms=35.0762 ecn_mark=721 drop=0
[QUEUE_STATS] t_ms=7648 q_pkts=16 q_bytes=24064 qdelay_l_ms=1.06233 qdelay_c_ms=33.0466 ecn_mark=724 drop=0
[QUEUE_STATS] t_ms=7664 q_pkts=16 q_bytes=24064 qdelay_l_ms=0 qdelay_c_ms=34.697 ecn_mark=725 drop=0
[QUEUE_STATS] t_ms=7680 q_pkts=16 q_bytes=24064 qdelay_l_ms=1.07074 qdelay_c_ms=36.0962 ecn_mark=725 drop=0
[QUEUE_STATS] t_ms=7696 q_pkts=18 q_bytes=27072 qdelay_l_ms=1.06547 qdelay_c_ms=38.563 ecn_mark=725 drop=0
[QUEUE_STATS] t_ms=7713 q_pkts=16 q_bytes=24064 qdelay_l_ms=1.07747 qdelay_c_ms=38.1621 ecn_mark=726 drop=0
[QUEUE_STATS] t_ms=7728 q_pkts=19 q_bytes=28576 qdelay_l_ms=2.15336 qdelay_c_ms=42.0205 ecn_mark=727 drop=0
[QUEUE_STATS] t_ms=7745 q_pkts=18 q_bytes=27072 qdelay_l_ms=2.12885 qdelay_c_ms=40.2273 ecn_mark=727 drop=0
[QUEUE_STATS] t_ms=7760 q_pkts=19 q_bytes=28576 qdelay_l_ms=0 qdelay_c_ms=46.3559 ecn_mark=728 drop=0
[QUEUE_STATS] t_ms=7777 q_pkts=18 q_bytes=27072 qdelay_l_ms=1.07694 qdelay_c_ms=49.4488 ecn_mark=730 drop=0
[QUEUE_STATS] t_ms=7792 q_pkts=17 q_bytes=25568 qdelay_l_ms=1.03465 qdelay_c_ms=53.312 ecn_mark=731 drop=0
[QUEUE_STATS] t_ms=7808 q_pkts=15 q_bytes=22560 qdelay_l_ms=2.11783 qdelay_c_ms=55.6728 ecn_mark=734 drop=0
[QUEUE_STATS] t_ms=7824 q_pkts=12 q_bytes=18048 qdelay_l_ms=1.06391 qdelay_c_ms=48.6157 ecn_mark=736 drop=0
[QUEUE_STATS] t_ms=7840 q_pkts=11 q_bytes=16544 qdelay_l_ms=0 qdelay_c_ms=50.6448 ecn_mark=737 drop=0
[QUEUE_STATS] t_ms=7856 q_pkts=11 q_bytes=16544 qdelay_l_ms=1.06601 qdelay_c_ms=39.3219 ecn_mark=737 drop=0
[QUEUE_STATS] t_ms=7872 q_pkts=11 q_bytes=16544 qdelay_l_ms=0.801955 qdelay_c_ms=28.6685 ecn_mark=737 drop=0
[QUEUE_STATS] t_ms=7888 q_pkts=12 q_bytes=18048 qdelay_l_ms=1.02215 qdelay_c_ms=31.8864 ecn_mark=738 drop=0
[QUEUE_STATS] t_ms=7904 q_pkts=12 q_bytes=18048 qdelay_l_ms=1.62462 qdelay_c_ms=26.6591 ecn_mark=739 drop=0
[QUEUE_STATS] t_ms=7920 q_pkts=12 q_bytes=18048 qdelay_l_ms=0 qdelay_c_ms=28.3993 ecn_mark=742 drop=0
[QUEUE_STATS] t_ms=7936 q_pkts=11 q_bytes=16544 qdelay_l_ms=0 qdelay_c_ms=34.9207 ecn_mark=744 drop=0
[QUEUE_STATS] t_ms=7952 q_pkts=12 q_bytes=18048 qdelay_l_ms=1.07324 qdelay_c_ms=35.0577 ecn_mark=744 drop=0
[QUEUE_STATS] t_ms=7969 q_pkts=10 q_bytes=15040 qdelay_l_ms=2.1461 qdelay_c_ms=32.1214 ecn_mark=745 drop=0
[QUEUE_STATS] t_ms=7984 q_pkts=14 q_bytes=21056 qdelay_l_ms=2.1209 qdelay_c_ms=36.3872 ecn_mark=748 drop=0
[QUEUE_STATS] t_ms=8000 q_pkts=14 q_bytes=21056 qdelay_l_ms=2.09487 qdelay_c_ms=31.6845 ecn_mark=748 drop=0
[QUEUE_STATS] t_ms=8016 q_pkts=13 q_bytes=19552 qdelay_l_ms=1.07347 qdelay_c_ms=41.295 ecn_mark=751 drop=0
[QUEUE_STATS] t_ms=8032 q_pkts=12 q_bytes=18048 qdelay_l_ms=2.11082 qdelay_c_ms=43.4979 ecn_mark=751 drop=0
[QUEUE_STATS] t_ms=8048 q_pkts=14 q_bytes=21056 qdelay_l_ms=0.686698 qdelay_c_ms=37.7727 ecn_mark=753 drop=0
[QUEUE_STATS] t_ms=8064 q_pkts=13 q_bytes=19552 qdelay_l_ms=0 qdelay_c_ms=38.7817 ecn_mark=754 drop=0
[QUEUE_STATS] t_ms=8080 q_pkts=14 q_bytes=21056 qdelay_l_ms=1.06163 qdelay_c_ms=38.7041 ecn_mark=756 drop=0
[QUEUE_STATS] t_ms=8096 q_pkts=15 q_bytes=22560 qdelay_l_ms=2.12696 qdelay_c_ms=40.582 ecn_mark=760 drop=0
[QUEUE_STATS] t_ms=8112 q_pkts=15 q_bytes=22560 qdelay_l_ms=1.06668 qdelay_c_ms=41.2251 ecn_mark=761 drop=0
[QUEUE_STATS] t_ms=8128 q_pkts=15 q_bytes=22560 qdelay_l_ms=1.06595 qdelay_c_ms=41.5969 ecn_mark=762 drop=0
[QUEUE_STATS] t_ms=8144 q_pkts=15 q_bytes=22560 qdelay_l_ms=1.06312 qdelay_c_ms=44.9095 ecn_mark=763 drop=0
[QUEUE_STATS] t_ms=8160 q_pkts=13 q_bytes=19552 qdelay_l_ms=2.14722 qdelay_c_ms=46.6832 ecn_mark=769 drop=0
[QUEUE_STATS] t_ms=8176 q_pkts=13 q_bytes=19552 qdelay_l_ms=2.97623 qdelay_c_ms=36.32 ecn_mark=771 drop=0
[QUEUE_STATS] t_ms=8192 q_pkts=15 q_bytes=22560 qdelay_l_ms=1.06711 qdelay_c_ms=41.9696 ecn_mark=776 drop=0
[QUEUE_STATS] t_ms=8208 q_pkts=14 q_bytes=21056 qdelay_l_ms=0 qdelay_c_ms=40.5427 ecn_mark=778 drop=0
[QUEUE_STATS] t_ms=8224 q_pkts=13 q_bytes=19552 qdelay_l_ms=1.06266 qdelay_c_ms=36.4076 ecn_mark=780 drop=0
[QUEUE_STATS] t_ms=8240 q_pkts=14 q_bytes=21056 qdelay_l_ms=2.11165 qdelay_c_ms=44.6903 ecn_mark=781 drop=0
[QUEUE_STATS] t_ms=8256 q_pkts=14 q_bytes=21056 qdelay_l_ms=3.2459 qdelay_c_ms=35.2603 ecn_mark=782 drop=0
[QUEUE_STATS] t_ms=8272 q_pkts=14 q_bytes=21056 qdelay_l_ms=1.06165 qdelay_c_ms=33.7762 ecn_mark=783 drop=0
[QUEUE_STATS] t_ms=8288 q_pkts=15 q_bytes=22560 qdelay_l_ms=1.06502 qdelay_c_ms=41.6729 ecn_mark=783 drop=0
[QUEUE_STATS] t_ms=8304 q_pkts=15 q_bytes=22560 qdelay_l_ms=0.83171 qdelay_c_ms=43.5411 ecn_mark=785 drop=0
[QUEUE_STATS] t_ms=8320 q_pkts=15 q_bytes=22560 qdelay_l_ms=2.0604 qdelay_c_ms=44.6499 ecn_mark=788 drop=0
[QUEUE_STATS] t_ms=8336 q_pkts=14 q_bytes=21056 qdelay_l_ms=1.05943 qdelay_c_ms=40.7765 ecn_mark=789 drop=0
[QUEUE_STATS] t_ms=8352 q_pkts=16 q_bytes=24064 qdelay_l_ms=1.06155 qdelay_c_ms=40.6256 ecn_mark=791 drop=0
[QUEUE_STATS] t_ms=8368 q_pkts=15 q_bytes=22560 qdelay_l_ms=1.06615 qdelay_c_ms=40.9091 ecn_mark=792 drop=0
[QUEUE_STATS] t_ms=8385 q_pkts=15 q_bytes=22560 qdelay_l_ms=1.0756 qdelay_c_ms=41.4148 ecn_mark=795 drop=0
[QUEUE_STATS] t_ms=8400 q_pkts=16 q_bytes=24064 qdelay_l_ms=1.08211 qdelay_c_ms=39.1951 ecn_mark=797 drop=0
[QUEUE_STATS] t_ms=8416 q_pkts=16 q_bytes=24064 qdelay_l_ms=1.06155 qdelay_c_ms=35.8571 ecn_mark=797 drop=0
[QUEUE_STATS] t_ms=8432 q_pkts=14 q_bytes=21056 qdelay_l_ms=2.11952 qdelay_c_ms=39.3323 ecn_mark=800 drop=0
[QUEUE_STATS] t_ms=8448 q_pkts=15 q_bytes=22560 qdelay_l_ms=0 qdelay_c_ms=41.4937 ecn_mark=803 drop=0
[QUEUE_STATS] t_ms=8464 q_pkts=16 q_bytes=24064 qdelay_l_ms=1.06555 qdelay_c_ms=42.8477 ecn_mark=806 drop=0
[QUEUE_STATS] t_ms=8480 q_pkts=16 q_bytes=24064 qdelay_l_ms=1.06653 qdelay_c_ms=43.1802 ecn_mark=806 drop=0
[QUEUE_STATS] t_ms=8496 q_pkts=16 q_bytes=24064 qdelay_l_ms=2.11487 qdelay_c_ms=46.0325 ecn_mark=807 drop=0
[QUEUE_STATS] t_ms=8512 q_pkts=16 q_bytes=24064 qdelay_l_ms=2.12179 qdelay_c_ms=48.6692 ecn_mark=809 drop=0
[QUEUE_STATS] t_ms=8528 q_pkts=15 q_bytes=22560 qdelay_l_ms=1.06679 qdelay_c_ms=43.9008 ecn_mark=809 drop=0
[QUEUE_STATS] t_ms=8544 q_pkts=17 q_bytes=25568 qdelay_l_ms=0 qdelay_c_ms=45.8921 ecn_mark=809 drop=0
[QUEUE_STATS] t_ms=8560 q_pkts=19 q_bytes=28576 qdelay_l_ms=1.06293 qdelay_c_ms=47.3482 ecn_mark=809 drop=0
[QUEUE_STATS] t_ms=8576 q_pkts=18 q_bytes=27072 qdelay_l_ms=2.12048 qdelay_c_ms=47.1708 ecn_mark=811 drop=0
[QUEUE_STATS] t_ms=8592 q_pkts=20 q_bytes=30080 qdelay_l_ms=1.06806 qdelay_c_ms=57.334 ecn_mark=813 drop=0
[QUEUE_STATS] t_ms=8608 q_pkts=19 q_bytes=28576 qdelay_l_ms=1.06615 qdelay_c_ms=64.3802 ecn_mark=818 drop=0
[QUEUE_STATS] t_ms=8624 q_pkts=18 q_bytes=27072 qdelay_l_ms=2.12135 qdelay_c_ms=65.3606 ecn_mark=820 drop=0
[QUEUE_STATS] t_ms=8640 q_pkts=20 q_bytes=30080 qdelay_l_ms=0 qdelay_c_ms=74.8213 ecn_mark=820 drop=0
[QUEUE_STATS] t_ms=8656 q_pkts=19 q_bytes=28576 qdelay_l_ms=1.96797 qdelay_c_ms=64.6887 ecn_mark=822 drop=0
[QUEUE_STATS] t_ms=8672 q_pkts=18 q_bytes=27072 qdelay_l_ms=2.14467 qdelay_c_ms=80.6773 ecn_mark=822 drop=0
[QUEUE_STATS] t_ms=8688 q_pkts=16 q_bytes=24064 qdelay_l_ms=1.0455 qdelay_c_ms=74.5053 ecn_mark=823 drop=0
[QUEUE_STATS] t_ms=8704 q_pkts=15 q_bytes=22560 qdelay_l_ms=2.22667 qdelay_c_ms=75.2373 ecn_mark=824 drop=0
[QUEUE_STATS] t_ms=8720 q_pkts=14 q_bytes=21056 qdelay_l_ms=1.06869 qdelay_c_ms=81.208 ecn_mark=825 drop=0
[QUEUE_STATS] t_ms=8736 q_pkts=13 q_bytes=19552 qdelay_l_ms=2.11829 qdelay_c_ms=74.0083 ecn_mark=825 drop=0
[QUEUE_STATS] t_ms=8752 q_pkts=12 q_bytes=18048 qdelay_l_ms=1.05998 qdelay_c_ms=57.4843 ecn_mark=828 drop=0
[QUEUE_STATS] t_ms=8768 q_pkts=13 q_bytes=19552 qdelay_l_ms=1.06665 qdelay_c_ms=60.5 ecn_mark=832 drop=0
[QUEUE_STATS] t_ms=8784 q_pkts=14 q_bytes=21056 qdelay_l_ms=1.06038 qdelay_c_ms=49.8456 ecn_mark=836 drop=0
[QUEUE_STATS] t_ms=8800 q_pkts=12 q_bytes=18048 qdelay_l_ms=1.0732 qdelay_c_ms=44.2349 ecn_mark=838 drop=0
[QUEUE_STATS] t_ms=8816 q_pkts=11 q_bytes=16544 qdelay_l_ms=1.05739 qdelay_c_ms=50.4953 ecn_mark=839 drop=0
[QUEUE_STATS] t_ms=8832 q_pkts=9 q_bytes=13536 qdelay_l_ms=2.12439 qdelay_c_ms=42.9009 ecn_mark=840 drop=0
[QUEUE_STATS] t_ms=8848 q_pkts=7 q_bytes=10528 qdelay_l_ms=1.0642 qdelay_c_ms=34.7713 ecn_mark=842 drop=0
[QUEUE_STATS] t_ms=8864 q_pkts=6 q_bytes=9024 qdelay_l_ms=2.13147 qdelay_c_ms=27.1409 ecn_mark=842 drop=0
[QUEUE_STATS] t_ms=8880 q_pkts=8 q_bytes=12032 qdelay_l_ms=1.06425 qdelay_c_ms=13.4045 ecn_mark=842 drop=0
[QUEUE_STATS] t_ms=8896 q_pkts=6 q_bytes=9024 qdelay_l_ms=0 qdelay_c_ms=23.6346 ecn_mark=844 drop=0
[QUEUE_STATS] t_ms=8912 q_pkts=9 q_bytes=13536 qdelay_l_ms=2.13132 qdelay_c_ms=26.1133 ecn_mark=845 drop=0
[QUEUE_STATS] t_ms=8928 q_pkts=7 q_bytes=10528 qdelay_l_ms=1.7116 qdelay_c_ms=30.5407 ecn_mark=847 drop=0
[QUEUE_STATS] t_ms=8944 q_pkts=8 q_bytes=12032 qdelay_l_ms=1.06404 qdelay_c_ms=26.5885 ecn_mark=848 drop=0
[QUEUE_STATS] t_ms=8960 q_pkts=8 q_bytes=12032 qdelay_l_ms=1.06432 qdelay_c_ms=27.2437 ecn_mark=851 drop=0
[QUEUE_STATS] t_ms=8976 q_pkts=8 q_bytes=12032 qdelay_l_ms=2.12071 qdelay_c_ms=21.3568 ecn_mark=853 drop=0
[QUEUE_STATS] t_ms=8992 q_pkts=9 q_bytes=13536 qdelay_l_ms=1.06502 qdelay_c_ms=27.7126 ecn_mark=857 drop=0
[QUEUE_STATS] t_ms=9008 q_pkts=8 q_bytes=12032 qdelay_l_ms=2.1197 qdelay_c_ms=16.7674 ecn_mark=859 drop=0
[QUEUE_STATS] t_ms=9024 q_pkts=8 q_bytes=12032 qdelay_l_ms=1.05687 qdelay_c_ms=32.9673 ecn_mark=863 drop=0
[QUEUE_STATS] t_ms=9040 q_pkts=8 q_bytes=12032 qdelay_l_ms=0 qdelay_c_ms=36.1656 ecn_mark=864 drop=0
[QUEUE_STATS] t_ms=9056 q_pkts=10 q_bytes=15040 qdelay_l_ms=1.06751 qdelay_c_ms=30.7538 ecn_mark=866 drop=0
[QUEUE_STATS] t_ms=9072 q_pkts=8 q_bytes=12032 qdelay_l_ms=1.19423 qdelay_c_ms=22.5057 ecn_mark=868 drop=0
[QUEUE_STATS] t_ms=9088 q_pkts=10 q_bytes=15040 qdelay_l_ms=0 qdelay_c_ms=36.6657 ecn_mark=869 drop=0
[QUEUE_STATS] t_ms=9104 q_pkts=7 q_bytes=10528 qdelay_l_ms=2.14493 qdelay_c_ms=20.9359 ecn_mark=871 drop=0
[QUEUE_STATS] t_ms=9120 q_pkts=8 q_bytes=12032 qdelay_l_ms=1.06256 qdelay_c_ms=22.3493 ecn_mark=877 drop=0
[QUEUE_STATS] t_ms=9136 q_pkts=9 q_bytes=13536 qdelay_l_ms=0 qdelay_c_ms=26.1831 ecn_mark=879 drop=0
[QUEUE_STATS] t_ms=9153 q_pkts=8 q_bytes=12032 qdelay_l_ms=2.13183 qdelay_c_ms=19.4111 ecn_mark=881 drop=0
[QUEUE_STATS] t_ms=9168 q_pkts=8 q_bytes=12032 qdelay_l_ms=1.06399 qdelay_c_ms=21.0509 ecn_mark=884 drop=0
[QUEUE_STATS] t_ms=9184 q_pkts=8 q_bytes=12032 qdelay_l_ms=1.0285 qdelay_c_ms=23.5532 ecn_mark=885 drop=0
[QUEUE_STATS] t_ms=9200 q_pkts=8 q_bytes=12032 qdelay_l_ms=0 qdelay_c_ms=17.8492 ecn_mark=885 drop=0
[QUEUE_STATS] t_ms=9216 q_pkts=8 q_bytes=12032 qdelay_l_ms=1.07162 qdelay_c_ms=18.2969 ecn_mark=885 drop=0
[QUEUE_STATS] t_ms=9232 q_pkts=10 q_bytes=15040 qdelay_l_ms=2.09666 qdelay_c_ms=19.4986 ecn_mark=888 drop=0
[QUEUE_STATS] t_ms=9248 q_pkts=8 q_bytes=12032 qdelay_l_ms=2.85043 qdelay_c_ms=18.4626 ecn_mark=890 drop=0
[QUEUE_STATS] t_ms=9264 q_pkts=10 q_bytes=15040 qdelay_l_ms=1.06146 qdelay_c_ms=23.6264 ecn_mark=890 drop=0
[QUEUE_STATS] t_ms=9281 q_pkts=10 q_bytes=15040 qdelay_l_ms=0 qdelay_c_ms=24.2022 ecn_mark=893 drop=0
[QUEUE_STATS] t_ms=9297 q_pkts=9 q_bytes=13536 qdelay_l_ms=1.0727 qdelay_c_ms=29.3875 ecn_mark=894 drop=0
[QUEUE_STATS] t_ms=9312 q_pkts=8 q_bytes=12032 qdelay_l_ms=2.15409 qdelay_c_ms=21.8576 ecn_mark=896 drop=0
[QUEUE_STATS] t_ms=9328 q_pkts=8 q_bytes=12032 qdelay_l_ms=2.85099 qdelay_c_ms=16.3526 ecn_mark=897 drop=0
[QUEUE_STATS] t_ms=9344 q_pkts=10 q_bytes=15040 qdelay_l_ms=1.03535 qdelay_c_ms=24.001 ecn_mark=901 drop=0
[QUEUE_STATS] t_ms=9360 q_pkts=10 q_bytes=15040 qdelay_l_ms=1.06583 qdelay_c_ms=19.6979 ecn_mark=902 drop=0
[QUEUE_STATS] t_ms=9376 q_pkts=10 q_bytes=15040 qdelay_l_ms=0 qdelay_c_ms=27.9268 ecn_mark=903 drop=0
[QUEUE_STATS] t_ms=9392 q_pkts=8 q_bytes=12032 qdelay_l_ms=1.06192 qdelay_c_ms=20.5124 ecn_mark=904 drop=0
[QUEUE_STATS] t_ms=9408 q_pkts=9 q_bytes=13536 qdelay_l_ms=1.07083 qdelay_c_ms=25.4771 ecn_mark=906 drop=0
[QUEUE_STATS] t_ms=9424 q_pkts=7 q_bytes=10528 qdelay_l_ms=1.06604 qdelay_c_ms=16.2237 ecn_mark=907 drop=0
[QUEUE_STATS] t_ms=9440 q_pkts=9 q_bytes=13536 qdelay_l_ms=2.14033 qdelay_c_ms=23.2433 ecn_mark=907 drop=0
[QUEUE_STATS] t_ms=9456 q_pkts=11 q_bytes=16544 qdelay_l_ms=1.0707 qdelay_c_ms=20.3213 ecn_mark=909 drop=0
[QUEUE_STATS] t_ms=9472 q_pkts=9 q_bytes=13536 qdelay_l_ms=2.12238 qdelay_c_ms=21.8312 ecn_mark=909 drop=0
[QUEUE_STATS] t_ms=9488 q_pkts=10 q_bytes=15040 qdelay_l_ms=0 qdelay_c_ms=24.0531 ecn_mark=912 drop=0
[QUEUE_STATS] t_ms=9505 q_pkts=10 q_bytes=15040 qdelay_l_ms=1.0716 qdelay_c_ms=21.349 ecn_mark=916 drop=0
[QUEUE_STATS] t_ms=9520 q_pkts=11 q_bytes=16544 qdelay_l_ms=1.05002 qdelay_c_ms=30.2243 ecn_mark=918 drop=0
[QUEUE_STATS] t_ms=9536 q_pkts=12 q_bytes=18048 qdelay_l_ms=1.06062 qdelay_c_ms=25.5904 ecn_mark=919 drop=0
[QUEUE_STATS] t_ms=9552 q_pkts=9 q_bytes=13536 qdelay_l_ms=1.42267 qdelay_c_ms=24.5895 ecn_mark=920 drop=0
[QUEUE_STATS] t_ms=9568 q_pkts=12 q_bytes=18048 qdelay_l_ms=1.06576 qdelay_c_ms=25.6585 ecn_mark=921 drop=0
[QUEUE_STATS] t_ms=9584 q_pkts=12 q_bytes=18048 qdelay_l_ms=2.12757 qdelay_c_ms=27.9177 ecn_mark=922 drop=0
[QUEUE_STATS] t_ms=9600 q_pkts=14 q_bytes=21056 qdelay_l_ms=0 qdelay_c_ms=34.24 ecn_mark=924 drop=0
[QUEUE_STATS] t_ms=9616 q_pkts=13 q_bytes=19552 qdelay_l_ms=1.07858 qdelay_c_ms=34.1871 ecn_mark=924 drop=0
[QUEUE_STATS] t_ms=9632 q_pkts=13 q_bytes=19552 qdelay_l_ms=2.16233 qdelay_c_ms=38.2525 ecn_mark=926 drop=0
[QUEUE_STATS] t_ms=9648 q_pkts=11 q_bytes=16544 qdelay_l_ms=0 qdelay_c_ms=37.2708 ecn_mark=927 drop=0
[QUEUE_STATS] t_ms=9664 q_pkts=12 q_bytes=18048 qdelay_l_ms=0 qdelay_c_ms=38.1866 ecn_mark=928 drop=0
[QUEUE_STATS] t_ms=9680 q_pkts=14 q_bytes=21056 qdelay_l_ms=1.06963 qdelay_c_ms=37.1086 ecn_mark=932 drop=0
[QUEUE_STATS] t_ms=9696 q_pkts=12 q_bytes=18048 qdelay_l_ms=0 qdelay_c_ms=34.6044 ecn_mark=934 drop=0
[QUEUE_STATS] t_ms=9712 q_pkts=14 q_bytes=21056 qdelay_l_ms=1.0694 qdelay_c_ms=35.4306 ecn_mark=934 drop=0
[QUEUE_STATS] t_ms=9728 q_pkts=13 q_bytes=19552 qdelay_l_ms=0 qdelay_c_ms=37.9166 ecn_mark=937 drop=0
[QUEUE_STATS] t_ms=9744 q_pkts=13 q_bytes=19552 qdelay_l_ms=1.06595 qdelay_c_ms=34.1504 ecn_mark=938 drop=0
[QUEUE_STATS] t_ms=9760 q_pkts=14 q_bytes=21056 qdelay_l_ms=0 qdelay_c_ms=41.3042 ecn_mark=941 drop=0
[QUEUE_STATS] t_ms=9776 q_pkts=13 q_bytes=19552 qdelay_l_ms=1.06903 qdelay_c_ms=26.1358 ecn_mark=942 drop=0
[QUEUE_STATS] t_ms=9792 q_pkts=13 q_bytes=19552 qdelay_l_ms=0 qdelay_c_ms=33.5693 ecn_mark=944 drop=0
[QUEUE_STATS] t_ms=9808 q_pkts=12 q_bytes=18048 qdelay_l_ms=1.06547 qdelay_c_ms=31.8379 ecn_mark=945 drop=0
[QUEUE_STATS] t_ms=9824 q_pkts=10 q_bytes=15040 qdelay_l_ms=1.01476 qdelay_c_ms=36.3811 ecn_mark=946 drop=0
[QUEUE_STATS] t_ms=9840 q_pkts=6 q_bytes=9024 qdelay_l_ms=0 qdelay_c_ms=33.9686 ecn_mark=950 drop=0
[QUEUE_STATS] t_ms=9856 q_pkts=7 q_bytes=10528 qdelay_l_ms=1.04529 qdelay_c_ms=15.1863 ecn_mark=951 drop=0
[QUEUE_STATS] t_ms=9872 q_pkts=7 q_bytes=10528 qdelay_l_ms=1.03623 qdelay_c_ms=14.9061 ecn_mark=951 drop=0
[QUEUE_STATS] t_ms=9888 q_pkts=7 q_bytes=10528 qdelay_l_ms=1.06139 qdelay_c_ms=16.246 ecn_mark=951 drop=0
[QUEUE_STATS] t_ms=9904 q_pkts=8 q_bytes=12032 qdelay_l_ms=0 qdelay_c_ms=15.6105 ecn_mark=951 drop=0
[QUEUE_STATS] t_ms=9920 q_pkts=8 q_bytes=12032 qdelay_l_ms=0 qdelay_c_ms=25.4012 ecn_mark=952 drop=0
[QUEUE_STATS] t_ms=9936 q_pkts=9 q_bytes=13536 qdelay_l_ms=2.14052 qdelay_c_ms=20.329 ecn_mark=953 drop=0
[QUEUE_STATS] t_ms=9952 q_pkts=9 q_bytes=13536 qdelay_l_ms=0 qdelay_c_ms=26.2263 ecn_mark=955 drop=0
[QUEUE_STATS] t_ms=9968 q_pkts=9 q_bytes=13536 qdelay_l_ms=1.07638 qdelay_c_ms=25.9581 ecn_mark=956 drop=0
[QUEUE_STATS] t_ms=9984 q_pkts=9 q_bytes=13536 qdelay_l_ms=1.06612 qdelay_c_ms=23.0986 ecn_mark=957 drop=0
[QUEUE_STATS] t_ms=10000 q_pkts=10 q_bytes=15040 qdelay_l_ms=1.07038 qdelay_c_ms=24.193 ecn_mark=959 drop=0
[QUEUE_STATS] t_ms=10016 q_pkts=10 q_bytes=15040 qdelay_l_ms=1.06756 qdelay_c_ms=26.443 ecn_mark=962 drop=0
[QUEUE_STATS] t_ms=10032 q_pkts=10 q_bytes=15040 qdelay_l_ms=1.06752 qdelay_c_ms=23.6132 ecn_mark=963 drop=0
[QUEUE_STATS] t_ms=10048 q_pkts=9 q_bytes=13536 qdelay_l_ms=0 qdelay_c_ms=28.1891 ecn_mark=967 drop=0
[QUEUE_STATS] t_ms=10064 q_pkts=10 q_bytes=15040 qdelay_l_ms=0 qdelay_c_ms=26.3168 ecn_mark=967 drop=0
[QUEUE_STATS] t_ms=10081 q_pkts=7 q_bytes=10528 qdelay_l_ms=1.062 qdelay_c_ms=19.0736 ecn_mark=969 drop=0
[QUEUE_STATS] t_ms=10096 q_pkts=8 q_bytes=12032 qdelay_l_ms=0 qdelay_c_ms=23.4302 ecn_mark=969 drop=0
[QUEUE_STATS] t_ms=10112 q_pkts=10 q_bytes=15040 qdelay_l_ms=1.07003 qdelay_c_ms=22.5064 ecn_mark=970 drop=0
[QUEUE_STATS] t_ms=10128 q_pkts=11 q_bytes=16544 qdelay_l_ms=1.07827 qdelay_c_ms=22.8523 ecn_mark=971 drop=0
[QUEUE_STATS] t_ms=10144 q_pkts=10 q_bytes=15040 qdelay_l_ms=1.06281 qdelay_c_ms=26.9296 ecn_mark=972 drop=0
[QUEUE_STATS] t_ms=10160 q_pkts=7 q_bytes=10528 qdelay_l_ms=0 qdelay_c_ms=27.7668 ecn_mark=975 drop=0
[QUEUE_STATS] t_ms=10176 q_pkts=6 q_bytes=9024 qdelay_l_ms=1.06395 qdelay_c_ms=17.7274 ecn_mark=976 drop=0
[QUEUE_STATS] t_ms=10192 q_pkts=3 q_bytes=4512 qdelay_l_ms=0 qdelay_c_ms=10.1991 ecn_mark=978 drop=0
[QUEUE_STATS] t_ms=10208 q_pkts=5 q_bytes=7520 qdelay_l_ms=1.05317 qdelay_c_ms=7.49598 ecn_mark=980 drop=0
[QUEUE_STATS] t_ms=10224 q_pkts=6 q_bytes=9024 qdelay_l_ms=2.11082 qdelay_c_ms=9.08802 ecn_mark=982 drop=0
[QUEUE_STATS] t_ms=10240 q_pkts=5 q_bytes=7520 qdelay_l_ms=0 qdelay_c_ms=11.3978 ecn_mark=984 drop=0
[QUEUE_STATS] t_ms=10256 q_pkts=6 q_bytes=9024 qdelay_l_ms=1.98723 qdelay_c_ms=13.972 ecn_mark=984 drop=0
[QUEUE_STATS] t_ms=10273 q_pkts=5 q_bytes=7520 qdelay_l_ms=1.07714 qdelay_c_ms=13.3078 ecn_mark=984 drop=0
[QUEUE_STATS] t_ms=10288 q_pkts=5 q_bytes=7520 qdelay_l_ms=0 qdelay_c_ms=12.7892 ecn_mark=988 drop=0
[QUEUE_STATS] t_ms=10304 q_pkts=4 q_bytes=6016 qdelay_l_ms=1.06711 qdelay_c_ms=9.61683 ecn_mark=990 drop=0
[QUEUE_STATS] t_ms=10320 q_pkts=7 q_bytes=10528 qdelay_l_ms=0 qdelay_c_ms=11.8997 ecn_mark=990 drop=0
[QUEUE_STATS] t_ms=10336 q_pkts=5 q_bytes=7520 qdelay_l_ms=1.06067 qdelay_c_ms=10.956 ecn_mark=993 drop=0
[QUEUE_STATS] t_ms=10352 q_pkts=7 q_bytes=10528 qdelay_l_ms=0 qdelay_c_ms=15.3159 ecn_mark=994 drop=0
[QUEUE_STATS] t_ms=10368 q_pkts=7 q_bytes=10528 qdelay_l_ms=1.07493 qdelay_c_ms=17.1732 ecn_mark=995 drop=0
[QUEUE_STATS] t_ms=10385 q_pkts=8 q_bytes=12032 qdelay_l_ms=1.07573 qdelay_c_ms=11.7477 ecn_mark=995 drop=0
[QUEUE_STATS] t_ms=10400 q_pkts=8 q_bytes=12032 qdelay_l_ms=2.15233 qdelay_c_ms=18.1657 ecn_mark=996 drop=0
[QUEUE_STATS] t_ms=10416 q_pkts=9 q_bytes=13536 qdelay_l_ms=1.07087 qdelay_c_ms=21.2221 ecn_mark=1000 drop=0
[QUEUE_STATS] t_ms=10432 q_pkts=8 q_bytes=12032 qdelay_l_ms=1.05743 qdelay_c_ms=22.5806 ecn_mark=1003 drop=0
[QUEUE_STATS] t_ms=10448 q_pkts=8 q_bytes=12032 qdelay_l_ms=1.06791 qdelay_c_ms=17.799 ecn_mark=1007 drop=0
[QUEUE_STATS] t_ms=10464 q_pkts=8 q_bytes=12032 qdelay_l_ms=1.06253 qdelay_c_ms=20.3448 ecn_mark=1008 drop=0
[QUEUE_STATS] t_ms=10480 q_pkts=6 q_bytes=9024 qdelay_l_ms=1.07458 qdelay_c_ms=18.2577 ecn_mark=1010 drop=0
[QUEUE_STATS] t_ms=10496 q_pkts=7 q_bytes=10528 qdelay_l_ms=0 qdelay_c_ms=15.4093 ecn_mark=1014 drop=0
[QUEUE_STATS] t_ms=10512 q_pkts=7 q_bytes=10528 qdelay_l_ms=1.20831 qdelay_c_ms=16.1289 ecn_mark=1015 drop=0
[QUEUE_STATS] t_ms=10529 q_pkts=7 q_bytes=10528 qdelay_l_ms=0 qdelay_c_ms=16.2623 ecn_mark=1017 drop=0
[QUEUE_STATS] t_ms=10544 q_pkts=7 q_bytes=10528 qdelay_l_ms=1.70318 qdelay_c_ms=12.3066 ecn_mark=1019 drop=0
[QUEUE_STATS] t_ms=10560 q_pkts=6 q_bytes=9024 qdelay_l_ms=0 qdelay_c_ms=13.7667 ecn_mark=1020 drop=0
[QUEUE_STATS] t_ms=10576 q_pkts=5 q_bytes=7520 qdelay_l_ms=0 qdelay_c_ms=15.7011 ecn_mark=1023 drop=0
[QUEUE_STATS] t_ms=10592 q_pkts=9 q_bytes=13536 qdelay_l_ms=1.5009 qdelay_c_ms=13.4053 ecn_mark=1023 drop=0
[QUEUE_STATS] t_ms=10608 q_pkts=8 q_bytes=12032 qdelay_l_ms=1.03766 qdelay_c_ms=17.0066 ecn_mark=1023 drop=0
[QUEUE_STATS] t_ms=10624 q_pkts=11 q_bytes=16544 qdelay_l_ms=1.06353 qdelay_c_ms=21.807 ecn_mark=1023 drop=0
[QUEUE_STATS] t_ms=10640 q_pkts=11 q_bytes=16544 qdelay_l_ms=1.06195 qdelay_c_ms=22.7011 ecn_mark=1024 drop=0
[QUEUE_STATS] t_ms=10656 q_pkts=11 q_bytes=16544 qdelay_l_ms=1.06492 qdelay_c_ms=29.5463 ecn_mark=1026 drop=0
[QUEUE_STATS] t_ms=10672 q_pkts=11 q_bytes=16544 qdelay_l_ms=2.11708 qdelay_c_ms=24.2181 ecn_mark=1032 drop=0
[QUEUE_STATS] t_ms=10688 q_pkts=8 q_bytes=12032 qdelay_l_ms=1.06878 qdelay_c_ms=24.9182 ecn_mark=1032 drop=0
[QUEUE_STATS] t_ms=10705 q_pkts=7 q_bytes=10528 qdelay_l_ms=1.06154 qdelay_c_ms=24.2931 ecn_mark=1035 drop=0
[QUEUE_STATS] t_ms=10720 q_pkts=2 q_bytes=3008 qdelay_l_ms=0 qdelay_c_ms=15.5319 ecn_mark=1036 drop=0
[QUEUE_STATS] t_ms=10737 q_pkts=3 q_bytes=4512 qdelay_l_ms=0 qdelay_c_ms=7.63595 ecn_mark=1038 drop=0
[QUEUE_STATS] t_ms=10752 q_pkts=4 q_bytes=6016 qdelay_l_ms=1.06203 qdelay_c_ms=7.62536 ecn_mark=1039 drop=0
[QUEUE_STATS] t_ms=10768 q_pkts=4 q_bytes=6016 qdelay_l_ms=1.0532 qdelay_c_ms=10.3477 ecn_mark=1041 drop=0
[QUEUE_STATS] t_ms=10784 q_pkts=5 q_bytes=7520 qdelay_l_ms=1.07353 qdelay_c_ms=9.95746 ecn_mark=1043 drop=0
[QUEUE_STATS] t_ms=10800 q_pkts=4 q_bytes=6016 qdelay_l_ms=1.06239 qdelay_c_ms=8.90567 ecn_mark=1044 drop=0
[QUEUE_STATS] t_ms=10816 q_pkts=5 q_bytes=7520 qdelay_l_ms=1.06378 qdelay_c_ms=9.93624 ecn_mark=1046 drop=0
[QUEUE_STATS] t_ms=10832 q_pkts=5 q_bytes=7520 qdelay_l_ms=1.06571 qdelay_c_ms=11.3663 ecn_mark=1049 drop=0
[QUEUE_STATS] t_ms=10848 q_pkts=5 q_bytes=7520 qdelay_l_ms=1.06461 qdelay_c_ms=5.37261 ecn_mark=1050 drop=0
[QUEUE_STATS] t_ms=10864 q_pkts=5 q_bytes=7520 qdelay_l_ms=0 qdelay_c_ms=10.6185 ecn_mark=1050 drop=0
[QUEUE_STATS] t_ms=10880 q_pkts=5 q_bytes=7520 qdelay_l_ms=0 qdelay_c_ms=15.9495 ecn_mark=1053 drop=0
[QUEUE_STATS] t_ms=10896 q_pkts=5 q_bytes=7520 qdelay_l_ms=0 qdelay_c_ms=10.7065 ecn_mark=1054 drop=0
[QUEUE_STATS] t_ms=10912 q_pkts=5 q_bytes=7520 qdelay_l_ms=1.06137 qdelay_c_ms=11.688 ecn_mark=1057 drop=0
[QUEUE_STATS] t_ms=10928 q_pkts=7 q_bytes=10528 qdelay_l_ms=1.0704 qdelay_c_ms=13.8971 ecn_mark=1058 drop=0
[QUEUE_STATS] t_ms=10944 q_pkts=6 q_bytes=9024 qdelay_l_ms=1.06723 qdelay_c_ms=12.281 ecn_mark=1059 drop=0
[QUEUE_STATS] t_ms=10960 q_pkts=6 q_bytes=9024 qdelay_l_ms=1.06637 qdelay_c_ms=11.1863 ecn_mark=1061 drop=0
[QUEUE_STATS] t_ms=10976 q_pkts=5 q_bytes=7520 qdelay_l_ms=2.12448 qdelay_c_ms=12.4365 ecn_mark=1063 drop=0
[QUEUE_STATS] t_ms=10992 q_pkts=6 q_bytes=9024 qdelay_l_ms=0 qdelay_c_ms=12.7026 ecn_mark=1063 drop=0
[QUEUE_STATS] t_ms=11008 q_pkts=9 q_bytes=13536 qdelay_l_ms=1.05902 qdelay_c_ms=20.527 ecn_mark=1064 drop=0
[QUEUE_STATS] t_ms=11024 q_pkts=8 q_bytes=12032 qdelay_l_ms=0 qdelay_c_ms=20.9451 ecn_mark=1065 drop=0
[QUEUE_STATS] t_ms=11040 q_pkts=7 q_bytes=10528 qdelay_l_ms=1.06307 qdelay_c_ms=19.6488 ecn_mark=1067 drop=0
[QUEUE_STATS] t_ms=11057 q_pkts=8 q_bytes=12032 qdelay_l_ms=1.07596 qdelay_c_ms=15.0084 ecn_mark=1068 drop=0
[QUEUE_STATS] t_ms=11072 q_pkts=8 q_bytes=12032 qdelay_l_ms=1.05891 qdelay_c_ms=20.4278 ecn_mark=1069 drop=0
[QUEUE_STATS] t_ms=11088 q_pkts=9 q_bytes=13536 qdelay_l_ms=1.0756 qdelay_c_ms=23.7642 ecn_mark=1070 drop=0
[QUEUE_STATS] t_ms=11104 q_pkts=7 q_bytes=10528 qdelay_l_ms=1.05757 qdelay_c_ms=24.81 ecn_mark=1070 drop=0
[QUEUE_STATS] t_ms=11120 q_pkts=5 q_bytes=7520 qdelay_l_ms=0 qdelay_c_ms=21.8139 ecn_mark=1071 drop=0
[QUEUE_STATS] t_ms=11136 q_pkts=4 q_bytes=6016 qdelay_l_ms=0 qdelay_c_ms=16.8 ecn_mark=1074 drop=0
[QUEUE_STATS] t_ms=11152 q_pkts=7 q_bytes=10528 qdelay_l_ms=2.05696 qdelay_c_ms=12.7542 ecn_mark=1075 drop=0
[QUEUE_STATS] t_ms=11168 q_pkts=5 q_bytes=7520 qdelay_l_ms=1.06662 qdelay_c_ms=15.1378 ecn_mark=1078 drop=0
[QUEUE_STATS] t_ms=11184 q_pkts=7 q_bytes=10528 qdelay_l_ms=1.06367 qdelay_c_ms=13.5462 ecn_mark=1078 drop=0
[QUEUE_STATS] t_ms=11200 q_pkts=4 q_bytes=6016 qdelay_l_ms=0 qdelay_c_ms=16.152 ecn_mark=1081 drop=0
[QUEUE_STATS] t_ms=11216 q_pkts=6 q_bytes=9024 qdelay_l_ms=1.06111 qdelay_c_ms=10.6505 ecn_mark=1081 drop=0
[QUEUE_STATS] t_ms=11232 q_pkts=3 q_bytes=4512 qdelay_l_ms=1.0673 qdelay_c_ms=14.5905 ecn_mark=1081 drop=0
[QUEUE_STATS] t_ms=11248 q_pkts=1 q_bytes=1504 qdelay_l_ms=1.06323 qdelay_c_ms=0 ecn_mark=1082 drop=0
[QUEUE_STATS] t_ms=11264 q_pkts=2 q_bytes=3008 qdelay_l_ms=1.06604 qdelay_c_ms=2.82918 ecn_mark=1082 drop=0
[QUEUE_STATS] t_ms=11280 q_pkts=3 q_bytes=4512 qdelay_l_ms=1.06762 qdelay_c_ms=2.11462 ecn_mark=1083 drop=0
[QUEUE_STATS] t_ms=11296 q_pkts=3 q_bytes=4512 qdelay_l_ms=1.07181 qdelay_c_ms=7.89676 ecn_mark=1083 drop=0
[QUEUE_STATS] t_ms=11312 q_pkts=4 q_bytes=6016 qdelay_l_ms=0 qdelay_c_ms=2.50762 ecn_mark=1085 drop=0
[QUEUE_STATS] t_ms=11328 q_pkts=2 q_bytes=3008 qdelay_l_ms=0 qdelay_c_ms=6.21157 ecn_mark=1086 drop=0
[QUEUE_STATS] t_ms=11344 q_pkts=4 q_bytes=6016 qdelay_l_ms=1.06269 qdelay_c_ms=6.19059 ecn_mark=1086 drop=0
[QUEUE_STATS] t_ms=11360 q_pkts=2 q_bytes=3008 qdelay_l_ms=0 qdelay_c_ms=4.7829 ecn_mark=1087 drop=0
[QUEUE_STATS] t_ms=11376 q_pkts=3 q_bytes=4512 qdelay_l_ms=2.14631 qdelay_c_ms=7.48246 ecn_mark=1093 drop=0
[QUEUE_STATS] t_ms=11392 q_pkts=2 q_bytes=3008 qdelay_l_ms=0 qdelay_c_ms=9.53889 ecn_mark=1095 drop=0
[QUEUE_STATS] t_ms=11408 q_pkts=3 q_bytes=4512 qdelay_l_ms=1.07333 qdelay_c_ms=8.61974 ecn_mark=1097 drop=0
[QUEUE_STATS] t_ms=11424 q_pkts=1 q_bytes=1504 qdelay_l_ms=1.0667 qdelay_c_ms=0 ecn_mark=1100 drop=0
[QUEUE_STATS] t_ms=11440 q_pkts=3 q_bytes=4512 qdelay_l_ms=1.06287 qdelay_c_ms=6.40047 ecn_mark=1100 drop=0
[QUEUE_STATS] t_ms=11456 q_pkts=3 q_bytes=4512 qdelay_l_ms=1.06293 qdelay_c_ms=10.959 ecn_mark=1101 drop=0
[QUEUE_STATS] t_ms=11472 q_pkts=4 q_bytes=6016 qdelay_l_ms=1.08276 qdelay_c_ms=3.24501 ecn_mark=1102 drop=0
[QUEUE_STATS] t_ms=11488 q_pkts=3 q_bytes=4512 qdelay_l_ms=1.05995 qdelay_c_ms=6.45877 ecn_mark=1103 drop=0
[QUEUE_STATS] t_ms=11504 q_pkts=3 q_bytes=4512 qdelay_l_ms=2.16165 qdelay_c_ms=7.51277 ecn_mark=1104 drop=0
[QUEUE_STATS] t_ms=11520 q_pkts=4 q_bytes=6016 qdelay_l_ms=1.06579 qdelay_c_ms=8.14063 ecn_mark=1106 drop=0
[QUEUE_STATS] t_ms=11536 q_pkts=4 q_bytes=6016 qdelay_l_ms=1.06181 qdelay_c_ms=4.28209 ecn_mark=1110 drop=0
[QUEUE_STATS] t_ms=11552 q_pkts=3 q_bytes=4512 qdelay_l_ms=1.0619 qdelay_c_ms=3.72163 ecn_mark=1112 drop=0
[QUEUE_STATS] t_ms=11568 q_pkts=3 q_bytes=4512 qdelay_l_ms=1.06582 qdelay_c_ms=3.20334 ecn_mark=1112 drop=0
[QUEUE_STATS] t_ms=11584 q_pkts=5 q_bytes=7520 qdelay_l_ms=1.07363 qdelay_c_ms=12.8143 ecn_mark=1113 drop=0
[QUEUE_STATS] t_ms=11600 q_pkts=3 q_bytes=4512 qdelay_l_ms=1.25504 qdelay_c_ms=6.22767 ecn_mark=1114 drop=0
[QUEUE_STATS] t_ms=11616 q_pkts=6 q_bytes=9024 qdelay_l_ms=2.3184 qdelay_c_ms=14.4057 ecn_mark=1115 drop=0
[QUEUE_STATS] t_ms=11632 q_pkts=6 q_bytes=9024 qdelay_l_ms=1.06688 qdelay_c_ms=16.8941 ecn_mark=1118 drop=0
[QUEUE_STATS] t_ms=11648 q_pkts=6 q_bytes=9024 qdelay_l_ms=2.31199 qdelay_c_ms=9.71807 ecn_mark=1119 drop=0
[QUEUE_STATS] t_ms=11664 q_pkts=5 q_bytes=7520 qdelay_l_ms=1.06435 qdelay_c_ms=21.6903 ecn_mark=1120 drop=0
[QUEUE_STATS] t_ms=11680 q_pkts=3 q_bytes=4512 qdelay_l_ms=0 qdelay_c_ms=13.0679 ecn_mark=1121 drop=0
[QUEUE_STATS] t_ms=11696 q_pkts=7 q_bytes=10528 qdelay_l_ms=0.974027 qdelay_c_ms=9.6795 ecn_mark=1121 drop=0
[QUEUE_STATS] t_ms=11713 q_pkts=6 q_bytes=9024 qdelay_l_ms=1.99448 qdelay_c_ms=18.348 ecn_mark=1122 drop=0
[QUEUE_STATS] t_ms=11728 q_pkts=7 q_bytes=10528 qdelay_l_ms=1.05767 qdelay_c_ms=20.993 ecn_mark=1125 drop=0
[QUEUE_STATS] t_ms=11744 q_pkts=7 q_bytes=10528 qdelay_l_ms=0 qdelay_c_ms=21.4313 ecn_mark=1126 drop=0
[QUEUE_STATS] t_ms=11760 q_pkts=7 q_bytes=10528 qdelay_l_ms=1.70644 qdelay_c_ms=17.7998 ecn_mark=1127 drop=0
[QUEUE_STATS] t_ms=11776 q_pkts=7 q_bytes=10528 qdelay_l_ms=1.067 qdelay_c_ms=23.8842 ecn_mark=1130 drop=0
[QUEUE_STATS] t_ms=11792 q_pkts=7 q_bytes=10528 qdelay_l_ms=1.06022 qdelay_c_ms=17.9344 ecn_mark=1132 drop=0
[QUEUE_STATS] t_ms=11808 q_pkts=7 q_bytes=10528 qdelay_l_ms=1.07651 qdelay_c_ms=21.6076 ecn_mark=1132 drop=0
[QUEUE_STATS] t_ms=11824 q_pkts=7 q_bytes=10528 qdelay_l_ms=3.206 qdelay_c_ms=20.2893 ecn_mark=1133 drop=0
[QUEUE_STATS] t_ms=11840 q_pkts=9 q_bytes=13536 qdelay_l_ms=1.05755 qdelay_c_ms=28.3669 ecn_mark=1135 drop=0
[QUEUE_STATS] t_ms=11856 q_pkts=9 q_bytes=13536 qdelay_l_ms=1.05264 qdelay_c_ms=26.9135 ecn_mark=1137 drop=0
[QUEUE_STATS] t_ms=11872 q_pkts=9 q_bytes=13536 qdelay_l_ms=2.12513 qdelay_c_ms=21.3451 ecn_mark=1140 drop=0
[QUEUE_STATS] t_ms=11888 q_pkts=9 q_bytes=13536 qdelay_l_ms=1.0626 qdelay_c_ms=34.8091 ecn_mark=1144 drop=0
[QUEUE_STATS] t_ms=11905 q_pkts=8 q_bytes=12032 qdelay_l_ms=2.16717 qdelay_c_ms=26.4043 ecn_mark=1146 drop=0
[QUEUE_STATS] t_ms=11920 q_pkts=9 q_bytes=13536 qdelay_l_ms=2.12715 qdelay_c_ms=29.8163 ecn_mark=1148 drop=0
[QUEUE_STATS] t_ms=11936 q_pkts=5 q_bytes=7520 qdelay_l_ms=0 qdelay_c_ms=28.696 ecn_mark=1149 drop=0
[QUEUE_STATS] t_ms=11953 q_pkts=4 q_bytes=6016 qdelay_l_ms=2.1366 qdelay_c_ms=6.81667 ecn_mark=1151 drop=0
[QUEUE_STATS] t_ms=11968 q_pkts=5 q_bytes=7520 qdelay_l_ms=2.13159 qdelay_c_ms=9.58671 ecn_mark=1151 drop=0
[QUEUE_STATS] t_ms=11984 q_pkts=4 q_bytes=6016 qdelay_l_ms=1.0665 qdelay_c_ms=11.7375 ecn_mark=1151 drop=0
[QUEUE_STATS] t_ms=12000 q_pkts=5 q_bytes=7520 qdelay_l_ms=2.1417 qdelay_c_ms=14.2937 ecn_mark=1152 drop=0
[QUEUE_STATS] t_ms=12016 q_pkts=4 q_bytes=6016 qdelay_l_ms=2.12033 qdelay_c_ms=10.7505 ecn_mark=1155 drop=0
[QUEUE_STATS] t_ms=12032 q_pkts=7 q_bytes=10528 qdelay_l_ms=2.11642 qdelay_c_ms=12.8378 ecn_mark=1157 drop=0
[QUEUE_STATS] t_ms=12048 q_pkts=6 q_bytes=9024 qdelay_l_ms=1.06139 qdelay_c_ms=17.1759 ecn_mark=1157 drop=0
[QUEUE_STATS] t_ms=12064 q_pkts=6 q_bytes=9024 qdelay_l_ms=2.11696 qdelay_c_ms=18.6555 ecn_mark=1159 drop=0
[QUEUE_STATS] t_ms=12080 q_pkts=5 q_bytes=7520 qdelay_l_ms=0 qdelay_c_ms=22.3458 ecn_mark=1162 drop=0
[QUEUE_STATS] t_ms=12096 q_pkts=6 q_bytes=9024 qdelay_l_ms=2.11591 qdelay_c_ms=16.5442 ecn_mark=1164 drop=0
[QUEUE_STATS] t_ms=12112 q_pkts=7 q_bytes=10528 qdelay_l_ms=2.12718 qdelay_c_ms=13.1036 ecn_mark=1165 drop=0
[QUEUE_STATS] t_ms=12128 q_pkts=8 q_bytes=12032 qdelay_l_ms=1.06547 qdelay_c_ms=27.6974 ecn_mark=1167 drop=0
[QUEUE_STATS] t_ms=12145 q_pkts=6 q_bytes=9024 qdelay_l_ms=1.07598 qdelay_c_ms=27.0676 ecn_mark=1168 drop=0
[QUEUE_STATS] t_ms=12160 q_pkts=8 q_bytes=12032 qdelay_l_ms=1.0662 qdelay_c_ms=30.4048 ecn_mark=1173 drop=0
[QUEUE_STATS] t_ms=12176 q_pkts=6 q_bytes=9024 qdelay_l_ms=0 qdelay_c_ms=24.9774 ecn_mark=1176 drop=0
[QUEUE_STATS] t_ms=12192 q_pkts=8 q_bytes=12032 qdelay_l_ms=2.13135 qdelay_c_ms=23.1801 ecn_mark=1178 drop=0
[QUEUE_STATS] t_ms=12208 q_pkts=8 q_bytes=12032 qdelay_l_ms=2.23674 qdelay_c_ms=19.3901 ecn_mark=1178 drop=0
[QUEUE_STATS] t_ms=12224 q_pkts=10 q_bytes=15040 qdelay_l_ms=1.06445 qdelay_c_ms=26.0281 ecn_mark=1180 drop=0
[QUEUE_STATS] t_ms=12240 q_pkts=9 q_bytes=13536 qdelay_l_ms=1.07878 qdelay_c_ms=39.6619 ecn_mark=1182 drop=0
[QUEUE_STATS] t_ms=12256 q_pkts=9 q_bytes=13536 qdelay_l_ms=1.04783 qdelay_c_ms=34.2561 ecn_mark=1183 drop=0
[QUEUE_STATS] t_ms=12272 q_pkts=10 q_bytes=15040 qdelay_l_ms=1.66152 qdelay_c_ms=29.6532 ecn_mark=1185 drop=0
[QUEUE_STATS] t_ms=12288 q_pkts=10 q_bytes=15040 qdelay_l_ms=2.10832 qdelay_c_ms=33.198 ecn_mark=1187 drop=0
[QUEUE_STATS] t_ms=12304 q_pkts=11 q_bytes=16544 qdelay_l_ms=2.27055 qdelay_c_ms=34.8575 ecn_mark=1187 drop=0
[QUEUE_STATS] t_ms=12320 q_pkts=9 q_bytes=13536 qdelay_l_ms=2.12551 qdelay_c_ms=34.1936 ecn_mark=1189 drop=0
[QUEUE_STATS] t_ms=12336 q_pkts=9 q_bytes=13536 qdelay_l_ms=1.04198 qdelay_c_ms=33.9269 ecn_mark=1191 drop=0
[QUEUE_STATS] t_ms=12352 q_pkts=9 q_bytes=13536 qdelay_l_ms=1.06022 qdelay_c_ms=28.1565 ecn_mark=1195 drop=0
[QUEUE_STATS] t_ms=12368 q_pkts=9 q_bytes=13536 qdelay_l_ms=1.06082 qdelay_c_ms=30.8392 ecn_mark=1198 drop=0
[QUEUE_STATS] t_ms=12384 q_pkts=9 q_bytes=13536 qdelay_l_ms=1.06592 qdelay_c_ms=25.3495 ecn_mark=1201 drop=0
[QUEUE_STATS] t_ms=12400 q_pkts=8 q_bytes=12032 qdelay_l_ms=2.12661 qdelay_c_ms=21.8173 ecn_mark=1201 drop=0
[QUEUE_STATS] t_ms=12416 q_pkts=9 q_bytes=12084 qdelay_l_ms=1.07508 qdelay_c_ms=25.3147 ecn_mark=1203 drop=0
[QUEUE_STATS] t_ms=12432 q_pkts=9 q_bytes=12084 qdelay_l_ms=1.06707 qdelay_c_ms=25.5947 ecn_mark=1205 drop=0
[QUEUE_STATS] t_ms=12448 q_pkts=10 q_bytes=15040 qdelay_l_ms=1.07081 qdelay_c_ms=28.5234 ecn_mark=1207 drop=0
[QUEUE_STATS] t_ms=12465 q_pkts=8 q_bytes=12032 qdelay_l_ms=1.82464 qdelay_c_ms=23.3739 ecn_mark=1208 drop=0
[QUEUE_STATS] t_ms=12480 q_pkts=7 q_bytes=10528 qdelay_l_ms=2.12646 qdelay_c_ms=24.6058 ecn_mark=1209 drop=0
[QUEUE_STATS] t_ms=12496 q_pkts=8 q_bytes=12032 qdelay_l_ms=0 qdelay_c_ms=24.3691 ecn_mark=1213 drop=0
[QUEUE_STATS] t_ms=12512 q_pkts=10 q_bytes=15040 qdelay_l_ms=1.06143 qdelay_c_ms=26.7924 ecn_mark=1214 drop=0
[QUEUE_STATS] t_ms=12528 q_pkts=9 q_bytes=13536 qdelay_l_ms=2.10023 qdelay_c_ms=31.1249 ecn_mark=1215 drop=0
[QUEUE_STATS] t_ms=12544 q_pkts=10 q_bytes=15040 qdelay_l_ms=2.23518 qdelay_c_ms=33.889 ecn_mark=1218 drop=0
[QUEUE_STATS] t_ms=12560 q_pkts=9 q_bytes=13536 qdelay_l_ms=1.38666 qdelay_c_ms=22.8572 ecn_mark=1221 drop=0
[QUEUE_STATS] t_ms=12576 q_pkts=9 q_bytes=13536 qdelay_l_ms=1.06451 qdelay_c_ms=28.7193 ecn_mark=1223 drop=0
[QUEUE_STATS] t_ms=12592 q_pkts=9 q_bytes=13536 qdelay_l_ms=2.12123 qdelay_c_ms=23.3545 ecn_mark=1227 drop=0
[QUEUE_STATS] t_ms=12608 q_pkts=7 q_bytes=10528 qdelay_l_ms=0 qdelay_c_ms=28.2839 ecn_mark=1227 drop=0
[QUEUE_STATS] t_ms=12624 q_pkts=10 q_bytes=15040 qdelay_l_ms=1.0646 qdelay_c_ms=18.0733 ecn_mark=1229 drop=0
[QUEUE_STATS] t_ms=12641 q_pkts=10 q_bytes=15040 qdelay_l_ms=1.07818 qdelay_c_ms=30.1678 ecn_mark=1230 drop=0
[QUEUE_STATS] t_ms=12656 q_pkts=10 q_bytes=15040 qdelay_l_ms=2.7312 qdelay_c_ms=21.9011 ecn_mark=1230 drop=0
[QUEUE_STATS] t_ms=12672 q_pkts=10 q_bytes=15040 qdelay_l_ms=0 qdelay_c_ms=35.5589 ecn_mark=1232 drop=0
[QUEUE_STATS] t_ms=12688 q_pkts=11 q_bytes=16544 qdelay_l_ms=1.06212 qdelay_c_ms=31.0196 ecn_mark=1232 drop=0
[QUEUE_STATS] t_ms=12704 q_pkts=11 q_bytes=16544 qdelay_l_ms=0 qdelay_c_ms=27.9609 ecn_mark=1236 drop=0
[QUEUE_STATS] t_ms=12720 q_pkts=11 q_bytes=16544 qdelay_l_ms=1.07053 qdelay_c_ms=34.2088 ecn_mark=1238 drop=0
[QUEUE_STATS] t_ms=12736 q_pkts=11 q_bytes=16544 qdelay_l_ms=1.90774 qdelay_c_ms=35.9907 ecn_mark=1239 drop=0
[QUEUE_STATS] t_ms=12752 q_pkts=12 q_bytes=18048 qdelay_l_ms=0 qdelay_c_ms=35.2247 ecn_mark=1240 drop=0
[QUEUE_STATS] t_ms=12768 q_pkts=11 q_bytes=16544 qdelay_l_ms=1.06251 qdelay_c_ms=30.1146 ecn_mark=1242 drop=0
[QUEUE_STATS] t_ms=12784 q_pkts=8 q_bytes=12032 qdelay_l_ms=0 qdelay_c_ms=31.1572 ecn_mark=1244 drop=0
[QUEUE_STATS] t_ms=12800 q_pkts=12 q_bytes=18048 qdelay_l_ms=0 qdelay_c_ms=28.8892 ecn_mark=1244 drop=0
[QUEUE_STATS] t_ms=12816 q_pkts=13 q_bytes=19552 qdelay_l_ms=1.03722 qdelay_c_ms=29.2129 ecn_mark=1244 drop=0
[QUEUE_STATS] t_ms=12832 q_pkts=14 q_bytes=21056 qdelay_l_ms=2.25362 qdelay_c_ms=33.5618 ecn_mark=1246 drop=0
[QUEUE_STATS] t_ms=12848 q_pkts=14 q_bytes=21056 qdelay_l_ms=1.06249 qdelay_c_ms=45.8736 ecn_mark=1248 drop=0
[QUEUE_STATS] t_ms=12864 q_pkts=13 q_bytes=19552 qdelay_l_ms=2.13168 qdelay_c_ms=41.6637 ecn_mark=1251 drop=0
[QUEUE_STATS] t_ms=12880 q_pkts=13 q_bytes=19552 qdelay_l_ms=1.04139 qdelay_c_ms=43.4446 ecn_mark=1252 drop=0
[QUEUE_STATS] t_ms=12896 q_pkts=11 q_bytes=16544 qdelay_l_ms=1.04548 qdelay_c_ms=42.4499 ecn_mark=1254 drop=0
[QUEUE_STATS] t_ms=12912 q_pkts=11 q_bytes=16544 qdelay_l_ms=0 qdelay_c_ms=35.2924 ecn_mark=1255 drop=0
[QUEUE_STATS] t_ms=12928 q_pkts=14 q_bytes=21056 qdelay_l_ms=0 qdelay_c_ms=45.1153 ecn_mark=1255 drop=0
[QUEUE_STATS] t_ms=12944 q_pkts=11 q_bytes=16544 qdelay_l_ms=1.30126 qdelay_c_ms=34.6074 ecn_mark=1255 drop=0
[QUEUE_STATS] t_ms=12960 q_pkts=13 q_bytes=19552 qdelay_l_ms=1.06759 qdelay_c_ms=34.6538 ecn_mark=1257 drop=0
[QUEUE_STATS] t_ms=12977 q_pkts=13 q_bytes=19552 qdelay_l_ms=2.13504 qdelay_c_ms=43.2264 ecn_mark=1257 drop=0
[QUEUE_STATS] t_ms=12992 q_pkts=14 q_bytes=21056 qdelay_l_ms=1.06258 qdelay_c_ms=40.5415 ecn_mark=1258 drop=0
[QUEUE_STATS] t_ms=13008 q_pkts=13 q_bytes=19552 qdelay_l_ms=2.10959 qdelay_c_ms=33.4365 ecn_mark=1259 drop=0
[QUEUE_STATS] t_ms=13024 q_pkts=14 q_bytes=21056 qdelay_l_ms=1.06138 qdelay_c_ms=45.3144 ecn_mark=1260 drop=0
[QUEUE_STATS] t_ms=13040 q_pkts=12 q_bytes=18048 qdelay_l_ms=0 qdelay_c_ms=37.9921 ecn_mark=1260 drop=0
[QUEUE_STATS] t_ms=13056 q_pkts=15 q_bytes=22560 qdelay_l_ms=1.03628 qdelay_c_ms=40.8246 ecn_mark=1261 drop=0
[QUEUE_STATS] t_ms=13072 q_pkts=15 q_bytes=22560 qdelay_l_ms=1.06475 qdelay_c_ms=43.8409 ecn_mark=1263 drop=0
[QUEUE_STATS] t_ms=13088 q_pkts=14 q_bytes=21056 qdelay_l_ms=1.06722 qdelay_c_ms=40.467 ecn_mark=1263 drop=0
[QUEUE_STATS] t_ms=13104 q_pkts=16 q_bytes=24064 qdelay_l_ms=1.06347 qdelay_c_ms=49.9157 ecn_mark=1265 drop=0
[QUEUE_STATS] t_ms=13120 q_pkts=15 q_bytes=22560 qdelay_l_ms=2.13496 qdelay_c_ms=45.1363 ecn_mark=1267 drop=0
[QUEUE_STATS] t_ms=13136 q_pkts=14 q_bytes=21056 qdelay_l_ms=1.06294 qdelay_c_ms=56.4292 ecn_mark=1270 drop=0
[QUEUE_STATS] t_ms=13152 q_pkts=13 q_bytes=19552 qdelay_l_ms=0 qdelay_c_ms=48.8139 ecn_mark=1272 drop=0
[QUEUE_STATS] t_ms=13168 q_pkts=14 q_bytes=21056 qdelay_l_ms=0 qdelay_c_ms=52.4806 ecn_mark=1273 drop=0
[QUEUE_STATS] t_ms=13184 q_pkts=15 q_bytes=22560 qdelay_l_ms=1.05618 qdelay_c_ms=43.5605 ecn_mark=1274 drop=0
[QUEUE_STATS] t_ms=13200 q_pkts=15 q_bytes=22560 qdelay_l_ms=1.06705 qdelay_c_ms=47.3016 ecn_mark=1277 drop=0
[QUEUE_STATS] t_ms=13216 q_pkts=16 q_bytes=24064 qdelay_l_ms=0 qdelay_c_ms=43.8038 ecn_mark=1279 drop=0
[QUEUE_STATS] t_ms=13232 q_pkts=15 q_bytes=22560 qdelay_l_ms=1.0599 qdelay_c_ms=53.4513 ecn_mark=1280 drop=0
[QUEUE_STATS] t_ms=13248 q_pkts=15 q_bytes=22560 qdelay_l_ms=2.14505 qdelay_c_ms=46.0639 ecn_mark=1282 drop=0
[QUEUE_STATS] t_ms=13264 q_pkts=15 q_bytes=22560 qdelay_l_ms=1.06835 qdelay_c_ms=49.5484 ecn_mark=1284 drop=0
[QUEUE_STATS] t_ms=13280 q_pkts=16 q_bytes=24064 qdelay_l_ms=1.06077 qdelay_c_ms=43.7978 ecn_mark=1284 drop=0
[QUEUE_STATS] t_ms=13296 q_pkts=15 q_bytes=22560 qdelay_l_ms=0 qdelay_c_ms=46.7877 ecn_mark=1286 drop=0
[QUEUE_STATS] t_ms=13312 q_pkts=16 q_bytes=24064 qdelay_l_ms=0.946536 qdelay_c_ms=52.5016 ecn_mark=1289 drop=0
[QUEUE_STATS] t_ms=13328 q_pkts=14 q_bytes=21056 qdelay_l_ms=0 qdelay_c_ms=44.8874 ecn_mark=1291 drop=0
[QUEUE_STATS] t_ms=13344 q_pkts=16 q_bytes=24064 qdelay_l_ms=0 qdelay_c_ms=45.5425 ecn_mark=1293 drop=0
[QUEUE_STATS] t_ms=13360 q_pkts=16 q_bytes=24064 qdelay_l_ms=0 qdelay_c_ms=46.8638 ecn_mark=1295 drop=0
[QUEUE_STATS] t_ms=13376 q_pkts=14 q_bytes=21056 qdelay_l_ms=1.07033 qdelay_c_ms=37.0122 ecn_mark=1295 drop=0
[QUEUE_STATS] t_ms=13392 q_pkts=15 q_bytes=22560 qdelay_l_ms=1.06208 qdelay_c_ms=48.4324 ecn_mark=1295 drop=0
[QUEUE_STATS] t_ms=13408 q_pkts=15 q_bytes=22560 qdelay_l_ms=1.06042 qdelay_c_ms=43.4806 ecn_mark=1296 drop=0
[QUEUE_STATS] t_ms=13424 q_pkts=17 q_bytes=25568 qdelay_l_ms=0 qdelay_c_ms=47.0604 ecn_mark=1298 drop=0
[QUEUE_STATS] t_ms=13440 q_pkts=17 q_bytes=25568 qdelay_l_ms=2.11929 qdelay_c_ms=45.1149 ecn_mark=1298 drop=0
[QUEUE_STATS] t_ms=13456 q_pkts=17 q_bytes=25568 qdelay_l_ms=2.15376 qdelay_c_ms=47.9262 ecn_mark=1299 drop=0
[QUEUE_STATS] t_ms=13472 q_pkts=18 q_bytes=27072 qdelay_l_ms=1.06189 qdelay_c_ms=50.9378 ecn_mark=1301 drop=0
[QUEUE_STATS] t_ms=13488 q_pkts=17 q_bytes=25568 qdelay_l_ms=1.06723 qdelay_c_ms=52.2517 ecn_mark=1303 drop=0
[QUEUE_STATS] t_ms=13504 q_pkts=18 q_bytes=27072 qdelay_l_ms=1.06236 qdelay_c_ms=55.0051 ecn_mark=1306 drop=0
[QUEUE_STATS] t_ms=13520 q_pkts=18 q_bytes=27072 qdelay_l_ms=1.06743 qdelay_c_ms=51.9339 ecn_mark=1307 drop=0
[QUEUE_STATS] t_ms=13536 q_pkts=17 q_bytes=25568 qdelay_l_ms=0 qdelay_c_ms=56.0852 ecn_mark=1309 drop=0
[QUEUE_STATS] t_ms=13552 q_pkts=16 q_bytes=24064 qdelay_l_ms=0 qdelay_c_ms=58.1272 ecn_mark=1312 drop=0
[QUEUE_STATS] t_ms=13568 q_pkts=17 q_bytes=25568 qdelay_l_ms=2.36974 qdelay_c_ms=55.4783 ecn_mark=1313 drop=0
[QUEUE_STATS] t_ms=13584 q_pkts=17 q_bytes=25568 qdelay_l_ms=1.05793 qdelay_c_ms=54.4959 ecn_mark=1316 drop=0
[QUEUE_STATS] t_ms=13600 q_pkts=17 q_bytes=25568 qdelay_l_ms=0 qdelay_c_ms=46.2046 ecn_mark=1319 drop=0
[QUEUE_STATS] t_ms=13616 q_pkts=17 q_bytes=25568 qdelay_l_ms=0 qdelay_c_ms=51.6221 ecn_mark=1320 drop=0
[QUEUE_STATS] t_ms=13632 q_pkts=18 q_bytes=27072 qdelay_l_ms=1.07883 qdelay_c_ms=47.5657 ecn_mark=1322 drop=0
[QUEUE_STATS] t_ms=13648 q_pkts=18 q_bytes=27072 qdelay_l_ms=1.06135 qdelay_c_ms=51.1536 ecn_mark=1323 drop=0
[QUEUE_STATS] t_ms=13664 q_pkts=19 q_bytes=28576 qdelay_l_ms=1.06555 qdelay_c_ms=54.9437 ecn_mark=1324 drop=0
[QUEUE_STATS] t_ms=13680 q_pkts=18 q_bytes=27072 qdelay_l_ms=1.06688 qdelay_c_ms=52.8463 ecn_mark=1326 drop=0
[QUEUE_STATS] t_ms=13696 q_pkts=19 q_bytes=28576 qdelay_l_ms=2.16112 qdelay_c_ms=56.2052 ecn_mark=1326 drop=0
[QUEUE_STATS] t_ms=13712 q_pkts=17 q_bytes=25568 qdelay_l_ms=1.06513 qdelay_c_ms=58.3814 ecn_mark=1327 drop=0
[QUEUE_STATS] t_ms=13728 q_pkts=18 q_bytes=27072 qdelay_l_ms=0 qdelay_c_ms=53.5809 ecn_mark=1328 drop=0
[QUEUE_STATS] t_ms=13744 q_pkts=18 q_bytes=27072 qdelay_l_ms=1.06707 qdelay_c_ms=52.0958 ecn_mark=1329 drop=0
[QUEUE_STATS] t_ms=13760 q_pkts=20 q_bytes=30080 qdelay_l_ms=1.06309 qdelay_c_ms=55.9462 ecn_mark=1331 drop=0
[QUEUE_STATS] t_ms=13776 q_pkts=17 q_bytes=25568 qdelay_l_ms=1.86992 qdelay_c_ms=51.4284 ecn_mark=1332 drop=0
[QUEUE_STATS] t_ms=13792 q_pkts=19 q_bytes=28576 qdelay_l_ms=1.07274 qdelay_c_ms=56.3245 ecn_mark=1332 drop=0
[QUEUE_STATS] t_ms=13808 q_pkts=19 q_bytes=28576 qdelay_l_ms=1.06204 qdelay_c_ms=53.4202 ecn_mark=1332 drop=0
[QUEUE_STATS] t_ms=13824 q_pkts=19 q_bytes=28576 qdelay_l_ms=1.0676 qdelay_c_ms=56.3399 ecn_mark=1332 drop=0
[QUEUE_STATS] t_ms=13840 q_pkts=20 q_bytes=30080 qdelay_l_ms=2.41517 qdelay_c_ms=57.6495 ecn_mark=1334 drop=0
[QUEUE_STATS] t_ms=13856 q_pkts=20 q_bytes=30080 qdelay_l_ms=1.06026 qdelay_c_ms=63.2539 ecn_mark=1337 drop=0
[QUEUE_STATS] t_ms=13872 q_pkts=20 q_bytes=30080 qdelay_l_ms=1.06217 qdelay_c_ms=63.7231 ecn_mark=1340 drop=0
[QUEUE_STATS] t_ms=13888 q_pkts=19 q_bytes=28576 qdelay_l_ms=0 qdelay_c_ms=59.7467 ecn_mark=1344 drop=0
[QUEUE_STATS] t_ms=13904 q_pkts=20 q_bytes=30080 qdelay_l_ms=1.06211 qdelay_c_ms=68.6068 ecn_mark=1346 drop=0
[QUEUE_STATS] t_ms=13920 q_pkts=15 q_bytes=22560 qdelay_l_ms=1.06203 qdelay_c_ms=61.9857 ecn_mark=1349 drop=0
[QUEUE_STATS] t_ms=13936 q_pkts=15 q_bytes=22560 qdelay_l_ms=1.06668 qdelay_c_ms=55.1532 ecn_mark=1350 drop=0
[QUEUE_STATS] t_ms=13952 q_pkts=12 q_bytes=18048 qdelay_l_ms=0 qdelay_c_ms=55.2075 ecn_mark=1353 drop=0
[QUEUE_STATS] t_ms=13968 q_pkts=11 q_bytes=16544 qdelay_l_ms=2.12537 qdelay_c_ms=45.7669 ecn_mark=1354 drop=0
[QUEUE_STATS] t_ms=13984 q_pkts=10 q_bytes=15040 qdelay_l_ms=1.06208 qdelay_c_ms=35.2582 ecn_mark=1355 drop=0
[QUEUE_STATS] t_ms=14000 q_pkts=9 q_bytes=13536 qdelay_l_ms=0 qdelay_c_ms=29.0305 ecn_mark=1357 drop=0
[QUEUE_STATS] t_ms=14016 q_pkts=11 q_bytes=16544 qdelay_l_ms=0 qdelay_c_ms=30.3965 ecn_mark=1359 drop=0
[QUEUE_STATS] t_ms=14032 q_pkts=12 q_bytes=18048 qdelay_l_ms=1.05993 qdelay_c_ms=30.4562 ecn_mark=1361 drop=0
[QUEUE_STATS] t_ms=14048 q_pkts=10 q_bytes=15040 qdelay_l_ms=1.06014 qdelay_c_ms=22.7235 ecn_mark=1363 drop=0
[QUEUE_STATS] t_ms=14064 q_pkts=8 q_bytes=12032 qdelay_l_ms=1.05328 qdelay_c_ms=26.0921 ecn_mark=1365 drop=0
[QUEUE_STATS] t_ms=14080 q_pkts=5 q_bytes=7520 qdelay_l_ms=1.06078 qdelay_c_ms=18.9671 ecn_mark=1365 drop=0
[QUEUE_STATS] t_ms=14096 q_pkts=5 q_bytes=7520 qdelay_l_ms=0 qdelay_c_ms=10.9625 ecn_mark=1366 drop=0
[QUEUE_STATS] t_ms=14112 q_pkts=6 q_bytes=9024 qdelay_l_ms=1.06495 qdelay_c_ms=14.1153 ecn_mark=1370 drop=0
[QUEUE_STATS] t_ms=14128 q_pkts=4 q_bytes=6016 qdelay_l_ms=0 qdelay_c_ms=8.88663 ecn_mark=1374 drop=0
[QUEUE_STATS] t_ms=14144 q_pkts=5 q_bytes=7520 qdelay_l_ms=0 qdelay_c_ms=9.86619 ecn_mark=1376 drop=0
[QUEUE_STATS] t_ms=14160 q_pkts=4 q_bytes=6016 qdelay_l_ms=0 qdelay_c_ms=10.8767 ecn_mark=1377 drop=0
[QUEUE_STATS] t_ms=14176 q_pkts=5 q_bytes=7520 qdelay_l_ms=0 qdelay_c_ms=9.61843 ecn_mark=1378 drop=0
[QUEUE_STATS] t_ms=14192 q_pkts=4 q_bytes=6016 qdelay_l_ms=1.07628 qdelay_c_ms=10.089 ecn_mark=1379 drop=0
[QUEUE_STATS] t_ms=14208 q_pkts=6 q_bytes=9024 qdelay_l_ms=1.07228 qdelay_c_ms=9.52939 ecn_mark=1380 drop=0
[QUEUE_STATS] t_ms=14224 q_pkts=5 q_bytes=7520 qdelay_l_ms=0 qdelay_c_ms=10.0715 ecn_mark=1382 drop=0
[QUEUE_STATS] t_ms=14241 q_pkts=7 q_bytes=10528 qdelay_l_ms=1.08684 qdelay_c_ms=12.8419 ecn_mark=1383 drop=0
[QUEUE_STATS] t_ms=14256 q_pkts=5 q_bytes=7520 qdelay_l_ms=1.07909 qdelay_c_ms=7.85767 ecn_mark=1384 drop=0
[QUEUE_STATS] t_ms=14272 q_pkts=6 q_bytes=9024 qdelay_l_ms=1.07541 qdelay_c_ms=14.114 ecn_mark=1386 drop=0
[QUEUE_STATS] t_ms=14288 q_pkts=6 q_bytes=9024 qdelay_l_ms=0 qdelay_c_ms=12.736 ecn_mark=1387 drop=0
[QUEUE_STATS] t_ms=14304 q_pkts=7 q_bytes=10528 qdelay_l_ms=1.07871 qdelay_c_ms=12.2271 ecn_mark=1390 drop=0
[QUEUE_STATS] t_ms=14320 q_pkts=7 q_bytes=10528 qdelay_l_ms=0.958488 qdelay_c_ms=11.4767 ecn_mark=1392 drop=0
[QUEUE_STATS] t_ms=14336 q_pkts=6 q_bytes=9024 qdelay_l_ms=0 qdelay_c_ms=17.2439 ecn_mark=1394 drop=0
[QUEUE_STATS] t_ms=14352 q_pkts=4 q_bytes=6016 qdelay_l_ms=0 qdelay_c_ms=13.7513 ecn_mark=1395 drop=0
[QUEUE_STATS] t_ms=14368 q_pkts=1 q_bytes=1504 qdelay_l_ms=1.06741 qdelay_c_ms=0 ecn_mark=1396 drop=0
[QUEUE_STATS] t_ms=14384 q_pkts=3 q_bytes=4512 qdelay_l_ms=0.848311 qdelay_c_ms=5.40822 ecn_mark=1400 drop=0
[QUEUE_STATS] t_ms=14400 q_pkts=4 q_bytes=6016 qdelay_l_ms=1.06225 qdelay_c_ms=5.35778 ecn_mark=1401 drop=0
[QUEUE_STATS] t_ms=14416 q_pkts=4 q_bytes=6016 qdelay_l_ms=1.07357 qdelay_c_ms=8.5173 ecn_mark=1401 drop=0
[QUEUE_STATS] t_ms=14432 q_pkts=5 q_bytes=7520 qdelay_l_ms=1.0717 qdelay_c_ms=9.20418 ecn_mark=1402 drop=0
[QUEUE_STATS] t_ms=14448 q_pkts=4 q_bytes=6016 qdelay_l_ms=1.07536 qdelay_c_ms=10.705 ecn_mark=1402 drop=0
[QUEUE_STATS] t_ms=14464 q_pkts=5 q_bytes=7520 qdelay_l_ms=0 qdelay_c_ms=13.8396 ecn_mark=1405 drop=0
[QUEUE_STATS] t_ms=14480 q_pkts=4 q_bytes=6016 qdelay_l_ms=0 qdelay_c_ms=8.10083 ecn_mark=1406 drop=0
[QUEUE_STATS] t_ms=14496 q_pkts=6 q_bytes=9024 qdelay_l_ms=1.05757 qdelay_c_ms=4.30559 ecn_mark=1409 drop=0
[QUEUE_STATS] t_ms=14512 q_pkts=4 q_bytes=6016 qdelay_l_ms=1.06275 qdelay_c_ms=11.26 ecn_mark=1411 drop=0
[QUEUE_STATS] t_ms=14528 q_pkts=6 q_bytes=9024 qdelay_l_ms=1.02662 qdelay_c_ms=10.6849 ecn_mark=1412 drop=0
[QUEUE_STATS] t_ms=14544 q_pkts=5 q_bytes=7520 qdelay_l_ms=2.09835 qdelay_c_ms=9.55898 ecn_mark=1415 drop=0
[QUEUE_STATS] t_ms=14560 q_pkts=4 q_bytes=6016 qdelay_l_ms=1.06787 qdelay_c_ms=4.08486 ecn_mark=1419 drop=0
[QUEUE_STATS] t_ms=14576 q_pkts=4 q_bytes=6016 qdelay_l_ms=0 qdelay_c_ms=12.3404 ecn_mark=1419 drop=0
[QUEUE_STATS] t_ms=14592 q_pkts=2 q_bytes=3008 qdelay_l_ms=1.06112 qdelay_c_ms=8.5467 ecn_mark=1422 drop=0
[QUEUE_STATS] t_ms=14609 q_pkts=1 q_bytes=1504 qdelay_l_ms=0 qdelay_c_ms=1.09302 ecn_mark=1425 drop=0
[QUEUE_STATS] t_ms=14624 q_pkts=4 q_bytes=6016 qdelay_l_ms=0 qdelay_c_ms=3.7715 ecn_mark=1425 drop=0
[QUEUE_STATS] t_ms=14640 q_pkts=2 q_bytes=3008 qdelay_l_ms=1.06977 qdelay_c_ms=4.32477 ecn_mark=1427 drop=0
[QUEUE_STATS] t_ms=14656 q_pkts=4 q_bytes=6016 qdelay_l_ms=1.06741 qdelay_c_ms=7.52642 ecn_mark=1427 drop=0
[QUEUE_STATS] t_ms=14672 q_pkts=1 q_bytes=1504 qdelay_l_ms=0 qdelay_c_ms=7.21621 ecn_mark=1429 drop=0
[QUEUE_STATS] t_ms=14688 q_pkts=3 q_bytes=4512 qdelay_l_ms=0 qdelay_c_ms=8.42717 ecn_mark=1431 drop=0
[QUEUE_STATS] t_ms=14704 q_pkts=3 q_bytes=4512 qdelay_l_ms=1.05163 qdelay_c_ms=2.81572 ecn_mark=1433 drop=0
[QUEUE_STATS] t_ms=14720 q_pkts=2 q_bytes=3008 qdelay_l_ms=0 qdelay_c_ms=7.79573 ecn_mark=1434 drop=0
[QUEUE_STATS] t_ms=14736 q_pkts=4 q_bytes=6016 qdelay_l_ms=0 qdelay_c_ms=12.135 ecn_mark=1436 drop=0
[QUEUE_STATS] t_ms=14752 q_pkts=3 q_bytes=4512 qdelay_l_ms=0 qdelay_c_ms=11.7176 ecn_mark=1439 drop=0
[QUEUE_STATS] t_ms=14768 q_pkts=6 q_bytes=9024 qdelay_l_ms=1.06571 qdelay_c_ms=10.304 ecn_mark=1439 drop=0
[QUEUE_STATS] t_ms=14785 q_pkts=4 q_bytes=6016 qdelay_l_ms=0 qdelay_c_ms=10.3526 ecn_mark=1444 drop=0
[QUEUE_STATS] t_ms=14800 q_pkts=5 q_bytes=7520 qdelay_l_ms=0 qdelay_c_ms=12.9415 ecn_mark=1449 drop=0
[QUEUE_STATS] t_ms=14816 q_pkts=5 q_bytes=7520 qdelay_l_ms=3.16403 qdelay_c_ms=10.9708 ecn_mark=1451 drop=0
[QUEUE_STATS] t_ms=14832 q_pkts=6 q_bytes=9024 qdelay_l_ms=0 qdelay_c_ms=13.0476 ecn_mark=1454 drop=0
[QUEUE_STATS] t_ms=14848 q_pkts=6 q_bytes=9024 qdelay_l_ms=1.06626 qdelay_c_ms=14.5023 ecn_mark=1456 drop=0
[QUEUE_STATS] t_ms=14864 q_pkts=4 q_bytes=6016 qdelay_l_ms=0 qdelay_c_ms=9.40309 ecn_mark=1457 drop=0
[QUEUE_STATS] t_ms=14880 q_pkts=3 q_bytes=4512 qdelay_l_ms=1.06129 qdelay_c_ms=9.05264 ecn_mark=1457 drop=0
[QUEUE_STATS] t_ms=14896 q_pkts=6 q_bytes=9024 qdelay_l_ms=1.06356 qdelay_c_ms=12.1689 ecn_mark=1458 drop=0
[QUEUE_STATS] t_ms=14912 q_pkts=8 q_bytes=12032 qdelay_l_ms=0 qdelay_c_ms=16.0106 ecn_mark=1460 drop=0
[QUEUE_STATS] t_ms=14928 q_pkts=6 q_bytes=9024 qdelay_l_ms=1.06769 qdelay_c_ms=17.1003 ecn_mark=1462 drop=0
[QUEUE_STATS] t_ms=14944 q_pkts=7 q_bytes=10528 qdelay_l_ms=1.05729 qdelay_c_ms=11.5824 ecn_mark=1462 drop=0
[QUEUE_STATS] t_ms=14960 q_pkts=7 q_bytes=10528 qdelay_l_ms=2.14733 qdelay_c_ms=17.198 ecn_mark=1464 drop=0
[QUEUE_STATS] t_ms=14976 q_pkts=5 q_bytes=7520 qdelay_l_ms=0 qdelay_c_ms=12.9157 ecn_mark=1465 drop=0
[QUEUE_STATS] t_ms=14992 q_pkts=9 q_bytes=13536 qdelay_l_ms=3.17417 qdelay_c_ms=9.63612 ecn_mark=1467 drop=0
[QUEUE_STATS] t_ms=15009 q_pkts=8 q_bytes=12032 qdelay_l_ms=1.06339 qdelay_c_ms=18.352 ecn_mark=1468 drop=0
[QUEUE_STATS] t_ms=15024 q_pkts=7 q_bytes=10528 qdelay_l_ms=1.06642 qdelay_c_ms=19.2055 ecn_mark=1470 drop=0
[QUEUE_STATS] t_ms=15041 q_pkts=6 q_bytes=9024 qdelay_l_ms=1.07705 qdelay_c_ms=15.0814 ecn_mark=1474 drop=0
[QUEUE_STATS] t_ms=15056 q_pkts=3 q_bytes=4512 qdelay_l_ms=1.06543 qdelay_c_ms=8.61228 ecn_mark=1475 drop=0
[QUEUE_STATS] t_ms=15072 q_pkts=3 q_bytes=4512 qdelay_l_ms=0 qdelay_c_ms=5.31905 ecn_mark=1477 drop=0
[QUEUE_STATS] t_ms=15088 q_pkts=4 q_bytes=6016 qdelay_l_ms=1.06263 qdelay_c_ms=4.28804 ecn_mark=1477 drop=0
[QUEUE_STATS] t_ms=15104 q_pkts=4 q_bytes=6016 qdelay_l_ms=1.06396 qdelay_c_ms=5.4061 ecn_mark=1478 drop=0
[QUEUE_STATS] t_ms=15120 q_pkts=4 q_bytes=6016 qdelay_l_ms=1.07606 qdelay_c_ms=4.3024 ecn_mark=1482 drop=0
[QUEUE_STATS] t_ms=15136 q_pkts=4 q_bytes=6016 qdelay_l_ms=1.07522 qdelay_c_ms=7.46009 ecn_mark=1484 drop=0
[QUEUE_STATS] t_ms=15152 q_pkts=4 q_bytes=6016 qdelay_l_ms=1.06031 qdelay_c_ms=5.83639 ecn_mark=1484 drop=0
[QUEUE_STATS] t_ms=15168 q_pkts=3 q_bytes=4512 qdelay_l_ms=1.05402 qdelay_c_ms=3.20411 ecn_mark=1484 drop=0
[QUEUE_STATS] t_ms=15184 q_pkts=5 q_bytes=7520 qdelay_l_ms=1.43354 qdelay_c_ms=7.61187 ecn_mark=1485 drop=0
[QUEUE_STATS] t_ms=15200 q_pkts=5 q_bytes=7520 qdelay_l_ms=2.13846 qdelay_c_ms=10.6818 ecn_mark=1487 drop=0
[QUEUE_STATS] t_ms=15216 q_pkts=5 q_bytes=7520 qdelay_l_ms=1.0622 qdelay_c_ms=12.05 ecn_mark=1489 drop=0
[QUEUE_STATS] t_ms=15232 q_pkts=6 q_bytes=9024 qdelay_l_ms=0 qdelay_c_ms=10.7353 ecn_mark=1489 drop=0
[QUEUE_STATS] t_ms=15249 q_pkts=7 q_bytes=10528 qdelay_l_ms=0 qdelay_c_ms=17.1263 ecn_mark=1491 drop=0
[QUEUE_STATS] t_ms=15264 q_pkts=5 q_bytes=7520 qdelay_l_ms=1.06719 qdelay_c_ms=10.4531 ecn_mark=1491 drop=0
[QUEUE_STATS] t_ms=15280 q_pkts=5 q_bytes=7520 qdelay_l_ms=0 qdelay_c_ms=14.9789 ecn_mark=1493 drop=0
[QUEUE_STATS] t_ms=15296 q_pkts=6 q_bytes=9024 qdelay_l_ms=0 qdelay_c_ms=11.6481 ecn_mark=1495 drop=0
[QUEUE_STATS] t_ms=15312 q_pkts=6 q_bytes=9024 qdelay_l_ms=1.0656 qdelay_c_ms=14.673 ecn_mark=1495 drop=0
[QUEUE_STATS] t_ms=15328 q_pkts=5 q_bytes=7520 qdelay_l_ms=0 qdelay_c_ms=14.8446 ecn_mark=1495 drop=0
[QUEUE_STATS] t_ms=15344 q_pkts=8 q_bytes=12032 qdelay_l_ms=1.07094 qdelay_c_ms=13.0595 ecn_mark=1495 drop=0
[QUEUE_STATS] t_ms=15360 q_pkts=6 q_bytes=9024 qdelay_l_ms=1.06839 qdelay_c_ms=17.1127 ecn_mark=1497 drop=0
[QUEUE_STATS] t_ms=15376 q_pkts=8 q_bytes=12032 qdelay_l_ms=1.06658 qdelay_c_ms=15.6302 ecn_mark=1500 drop=0
[QUEUE_STATS] t_ms=15392 q_pkts=8 q_bytes=12032 qdelay_l_ms=0.955673 qdelay_c_ms=21.0068 ecn_mark=1503 drop=0
[QUEUE_STATS] t_ms=15408 q_pkts=7 q_bytes=10528 qdelay_l_ms=0 qdelay_c_ms=17.6354 ecn_mark=1504 drop=0
[QUEUE_STATS] t_ms=15424 q_pkts=9 q_bytes=13536 qdelay_l_ms=1.06684 qdelay_c_ms=20.9067 ecn_mark=1506 drop=0
[QUEUE_STATS] t_ms=15440 q_pkts=8 q_bytes=12032 qdelay_l_ms=1.08522 qdelay_c_ms=20.2267 ecn_mark=1506 drop=0
[QUEUE_STATS] t_ms=15456 q_pkts=9 q_bytes=13536 qdelay_l_ms=2.10489 qdelay_c_ms=16.6988 ecn_mark=1506 drop=0
[QUEUE_STATS] t_ms=15472 q_pkts=10 q_bytes=15040 qdelay_l_ms=1.07049 qdelay_c_ms=24.5478 ecn_mark=1508 drop=0
[QUEUE_STATS] t_ms=15488 q_pkts=9 q_bytes=13536 qdelay_l_ms=1.06144 qdelay_c_ms=22.8673 ecn_mark=1508 drop=0
[QUEUE_STATS] t_ms=15504 q_pkts=9 q_bytes=13536 qdelay_l_ms=1.06324 qdelay_c_ms=19.3892 ecn_mark=1510 drop=0
[QUEUE_STATS] t_ms=15520 q_pkts=11 q_bytes=16544 qdelay_l_ms=1.06737 qdelay_c_ms=23.214 ecn_mark=1510 drop=0
[QUEUE_STATS] t_ms=15536 q_pkts=11 q_bytes=16544 qdelay_l_ms=1.07503 qdelay_c_ms=27.3759 ecn_mark=1512 drop=0
[QUEUE_STATS] t_ms=15552 q_pkts=10 q_bytes=15040 qdelay_l_ms=1.06393 qdelay_c_ms=26.448 ecn_mark=1513 drop=0
[QUEUE_STATS] t_ms=15568 q_pkts=11 q_bytes=16544 qdelay_l_ms=0 qdelay_c_ms=23.9211 ecn_mark=1516 drop=0
[QUEUE_STATS] t_ms=15584 q_pkts=10 q_bytes=15040 qdelay_l_ms=1.06347 qdelay_c_ms=27.1388 ecn_mark=1517 drop=0
[QUEUE_STATS] t_ms=15600 q_pkts=10 q_bytes=15040 qdelay_l_ms=0 qdelay_c_ms=28.7724 ecn_mark=1519 drop=0
[QUEUE_STATS] t_ms=15616 q_pkts=9 q_bytes=13536 qdelay_l_ms=1.06664 qdelay_c_ms=27.3539 ecn_mark=1521 drop=0
[QUEUE_STATS] t_ms=15632 q_pkts=12 q_bytes=18048 qdelay_l_ms=0 qdelay_c_ms=31.7064 ecn_mark=1523 drop=0
[QUEUE_STATS] t_ms=15648 q_pkts=9 q_bytes=13536 qdelay_l_ms=1.062 qdelay_c_ms=26.629 ecn_mark=1524 drop=0
[QUEUE_STATS] t_ms=15664 q_pkts=11 q_bytes=16544 qdelay_l_ms=2.11713 qdelay_c_ms=25.4186 ecn_mark=1527 drop=0
[QUEUE_STATS] t_ms=15680 q_pkts=11 q_bytes=16544 qdelay_l_ms=2.13822 qdelay_c_ms=24.064 ecn_mark=1531 drop=0
[QUEUE_STATS] t_ms=15696 q_pkts=10 q_bytes=15040 qdelay_l_ms=1.42757 qdelay_c_ms=25.7305 ecn_mark=1533 drop=0
[QUEUE_STATS] t_ms=15712 q_pkts=10 q_bytes=15040 qdelay_l_ms=1.06735 qdelay_c_ms=28.9329 ecn_mark=1533 drop=0
[QUEUE_STATS] t_ms=15728 q_pkts=7 q_bytes=10528 qdelay_l_ms=0 qdelay_c_ms=28.2118 ecn_mark=1534 drop=0
[QUEUE_STATS] t_ms=15744 q_pkts=5 q_bytes=7520 qdelay_l_ms=1.06015 qdelay_c_ms=11.6098 ecn_mark=1536 drop=0
[QUEUE_STATS] t_ms=15760 q_pkts=5 q_bytes=7520 qdelay_l_ms=1.06256 qdelay_c_ms=10.9722 ecn_mark=1538 drop=0
[QUEUE_STATS] t_ms=15776 q_pkts=4 q_bytes=6016 qdelay_l_ms=0 qdelay_c_ms=10.2202 ecn_mark=1541 drop=0
[QUEUE_STATS] t_ms=15792 q_pkts=6 q_bytes=9024 qdelay_l_ms=0.83675 qdelay_c_ms=8.28857 ecn_mark=1543 drop=0
[QUEUE_STATS] t_ms=15808 q_pkts=4 q_bytes=6016 qdelay_l_ms=1.06242 qdelay_c_ms=10.2403 ecn_mark=1544 drop=0
[QUEUE_STATS] t_ms=15824 q_pkts=6 q_bytes=9024 qdelay_l_ms=0.828895 qdelay_c_ms=10.4338 ecn_mark=1545 drop=0
[QUEUE_STATS] t_ms=15840 q_pkts=4 q_bytes=6016 qdelay_l_ms=1.05977 qdelay_c_ms=9.41956 ecn_mark=1545 drop=0
[QUEUE_STATS] t_ms=15856 q_pkts=6 q_bytes=9024 qdelay_l_ms=1.06423 qdelay_c_ms=7.48615 ecn_mark=1548 drop=0
[QUEUE_STATS] t_ms=15872 q_pkts=5 q_bytes=7520 qdelay_l_ms=1.07378 qdelay_c_ms=9.39272 ecn_mark=1548 drop=0
[QUEUE_STATS] t_ms=15888 q_pkts=6 q_bytes=9024 qdelay_l_ms=1.5196 qdelay_c_ms=10.3741 ecn_mark=1549 drop=0
[QUEUE_STATS] t_ms=15904 q_pkts=6 q_bytes=9024 qdelay_l_ms=2.14372 qdelay_c_ms=10.6327 ecn_mark=1549 drop=0
[QUEUE_STATS] t_ms=15920 q_pkts=6 q_bytes=9024 qdelay_l_ms=1.06427 qdelay_c_ms=12.3582 ecn_mark=1551 drop=0
[QUEUE_STATS] t_ms=15936 q_pkts=7 q_bytes=10528 qdelay_l_ms=1.07773 qdelay_c_ms=12.6086 ecn_mark=1553 drop=0
[QUEUE_STATS] t_ms=15952 q_pkts=8 q_bytes=12032 qdelay_l_ms=1.05994 qdelay_c_ms=13.5951 ecn_mark=1554 drop=0
[QUEUE_STATS] t_ms=15968 q_pkts=8 q_bytes=12032 qdelay_l_ms=1.0673 qdelay_c_ms=17.2191 ecn_mark=1555 drop=0
[QUEUE_STATS] t_ms=15984 q_pkts=7 q_bytes=10528 qdelay_l_ms=1.07519 qdelay_c_ms=18.0346 ecn_mark=1556 drop=0
[QUEUE_STATS] t_ms=16000 q_pkts=8 q_bytes=12032 qdelay_l_ms=1.06864 qdelay_c_ms=12.2897 ecn_mark=1560 drop=0
[QUEUE_STATS] t_ms=16016 q_pkts=7 q_bytes=10528 qdelay_l_ms=1.08745 qdelay_c_ms=18.8308 ecn_mark=1560 drop=0
[QUEUE_STATS] t_ms=16032 q_pkts=8 q_bytes=12032 qdelay_l_ms=1.06744 qdelay_c_ms=15.6128 ecn_mark=1562 drop=0
[QUEUE_STATS] t_ms=16048 q_pkts=6 q_bytes=9024 qdelay_l_ms=1.06748 qdelay_c_ms=16.3305 ecn_mark=1563 drop=0
[QUEUE_STATS] t_ms=16064 q_pkts=8 q_bytes=12032 qdelay_l_ms=0 qdelay_c_ms=10.7226 ecn_mark=1564 drop=0
[QUEUE_STATS] t_ms=16080 q_pkts=6 q_bytes=9024 qdelay_l_ms=0 qdelay_c_ms=15.7383 ecn_mark=1566 drop=0
[QUEUE_STATS] t_ms=16096 q_pkts=9 q_bytes=13536 qdelay_l_ms=1.07971 qdelay_c_ms=14.5885 ecn_mark=1566 drop=0
[QUEUE_STATS] t_ms=16112 q_pkts=9 q_bytes=13536 qdelay_l_ms=1.07352 qdelay_c_ms=22.4499 ecn_mark=1567 drop=0
[QUEUE_STATS] t_ms=16128 q_pkts=10 q_bytes=15040 qdelay_l_ms=1.07914 qdelay_c_ms=20.3204 ecn_mark=1571 drop=0
[QUEUE_STATS] t_ms=16144 q_pkts=6 q_bytes=9024 qdelay_l_ms=2.10631 qdelay_c_ms=13.6542 ecn_mark=1572 drop=0
[QUEUE_STATS] t_ms=16160 q_pkts=10 q_bytes=15040 qdelay_l_ms=1.06219 qdelay_c_ms=15.8158 ecn_mark=1572 drop=0
[QUEUE_STATS] t_ms=16176 q_pkts=9 q_bytes=13536 qdelay_l_ms=0 qdelay_c_ms=19.9344 ecn_mark=1572 drop=0
[QUEUE_STATS] t_ms=16192 q_pkts=11 q_bytes=16544 qdelay_l_ms=1.06216 qdelay_c_ms=18.3265 ecn_mark=1575 drop=0
[QUEUE_STATS] t_ms=16208 q_pkts=9 q_bytes=13536 qdelay_l_ms=2.14656 qdelay_c_ms=22.7082 ecn_mark=1575 drop=0
[QUEUE_STATS] t_ms=16224 q_pkts=10 q_bytes=15040 qdelay_l_ms=1.06387 qdelay_c_ms=22.1481 ecn_mark=1575 drop=0
[QUEUE_STATS] t_ms=16240 q_pkts=11 q_bytes=16544 qdelay_l_ms=1.06981 qdelay_c_ms=21.0554 ecn_mark=1578 drop=0
[QUEUE_STATS] t_ms=16257 q_pkts=11 q_bytes=16544 qdelay_l_ms=1.04779 qdelay_c_ms=25.4372 ecn_mark=1578 drop=0
[QUEUE_STATS] t_ms=16272 q_pkts=11 q_bytes=16544 qdelay_l_ms=0 qdelay_c_ms=24.6699 ecn_mark=1579 drop=0
[QUEUE_STATS] t_ms=16288 q_pkts=12 q_bytes=18048 qdelay_l_ms=1.07568 qdelay_c_ms=24.8728 ecn_mark=1581 drop=0
[QUEUE_STATS] t_ms=16304 q_pkts=12 q_bytes=18048 qdelay_l_ms=0 qdelay_c_ms=25.4253 ecn_mark=1586 drop=0
[QUEUE_STATS] t_ms=16320 q_pkts=12 q_bytes=18048 qdelay_l_ms=1.06691 qdelay_c_ms=26.1669 ecn_mark=1587 drop=0
[QUEUE_STATS] t_ms=16336 q_pkts=13 q_bytes=19552 qdelay_l_ms=0 qdelay_c_ms=33.1175 ecn_mark=1587 drop=0
[QUEUE_STATS] t_ms=16352 q_pkts=14 q_bytes=21056 qdelay_l_ms=1.06263 qdelay_c_ms=34.0425 ecn_mark=1590 drop=0
[QUEUE_STATS] t_ms=16369 q_pkts=14 q_bytes=21056 qdelay_l_ms=1.45424 qdelay_c_ms=37.1263 ecn_mark=1593 drop=0
[QUEUE_STATS] t_ms=16384 q_pkts=12 q_bytes=18048 qdelay_l_ms=0 qdelay_c_ms=40.6489 ecn_mark=1595 drop=0
[QUEUE_STATS] t_ms=16400 q_pkts=13 q_bytes=19552 qdelay_l_ms=1.06045 qdelay_c_ms=35.6566 ecn_mark=1595 drop=0
[QUEUE_STATS] t_ms=16416 q_pkts=13 q_bytes=19552 qdelay_l_ms=0.999835 qdelay_c_ms=30.6635 ecn_mark=1597 drop=0
[QUEUE_STATS] t_ms=16432 q_pkts=13 q_bytes=19552 qdelay_l_ms=1.06467 qdelay_c_ms=32.0782 ecn_mark=1598 drop=0
[QUEUE_STATS] t_ms=16448 q_pkts=14 q_bytes=21056 qdelay_l_ms=1.07513 qdelay_c_ms=31.3248 ecn_mark=1599 drop=0
[QUEUE_STATS] t_ms=16465 q_pkts=15 q_bytes=22560 qdelay_l_ms=2.13652 qdelay_c_ms=29.331 ecn_mark=1600 drop=0
[QUEUE_STATS] t_ms=16481 q_pkts=15 q_bytes=22560 qdelay_l_ms=0 qdelay_c_ms=38.9475 ecn_mark=1602 drop=0
[QUEUE_STATS] t_ms=16496 q_pkts=13 q_bytes=19552 qdelay_l_ms=0 qdelay_c_ms=42.4227 ecn_mark=1603 drop=0
[QUEUE_STATS] t_ms=16512 q_pkts=16 q_bytes=24064 qdelay_l_ms=1.08378 qdelay_c_ms=40.9524 ecn_mark=1604 drop=0
[QUEUE_STATS] t_ms=16528 q_pkts=14 q_bytes=21056 qdelay_l_ms=1.0736 qdelay_c_ms=38.8571 ecn_mark=1604 drop=0
[QUEUE_STATS] t_ms=16545 q_pkts=15 q_bytes=22560 qdelay_l_ms=2.14352 qdelay_c_ms=39.4696 ecn_mark=1606 drop=0
[QUEUE_STATS] t_ms=16561 q_pkts=15 q_bytes=22560 qdelay_l_ms=1.07804 qdelay_c_ms=40.7749 ecn_mark=1610 drop=0
[QUEUE_STATS] t_ms=16576 q_pkts=15 q_bytes=22560 qdelay_l_ms=0 qdelay_c_ms=39.826 ecn_mark=1613 drop=0
[QUEUE_STATS] t_ms=16592 q_pkts=15 q_bytes=22560 qdelay_l_ms=1.07425 qdelay_c_ms=39.6701 ecn_mark=1616 drop=0
[QUEUE_STATS] t_ms=16608 q_pkts=16 q_bytes=24064 qdelay_l_ms=0 qdelay_c_ms=42.1654 ecn_mark=1620 drop=0
[QUEUE_STATS] t_ms=16624 q_pkts=15 q_bytes=22560 qdelay_l_ms=0 qdelay_c_ms=41.249 ecn_mark=1621 drop=0
[QUEUE_STATS] t_ms=16640 q_pkts=15 q_bytes=22560 qdelay_l_ms=1.063 qdelay_c_ms=41.6289 ecn_mark=1623 drop=0
[QUEUE_STATS] t_ms=16657 q_pkts=15 q_bytes=22560 qdelay_l_ms=1.54735 qdelay_c_ms=37.1944 ecn_mark=1623 drop=0
[QUEUE_STATS] t_ms=16672 q_pkts=16 q_bytes=24064 qdelay_l_ms=2.08602 qdelay_c_ms=34.0102 ecn_mark=1624 drop=0
[QUEUE_STATS] t_ms=16689 q_pkts=16 q_bytes=24064 qdelay_l_ms=1.09424 qdelay_c_ms=39.6088 ecn_mark=1625 drop=0
[QUEUE_STATS] t_ms=16704 q_pkts=16 q_bytes=24064 qdelay_l_ms=1.06854 qdelay_c_ms=35.0879 ecn_mark=1626 drop=0
[QUEUE_STATS] t_ms=16720 q_pkts=14 q_bytes=21056 qdelay_l_ms=2.6003 qdelay_c_ms=32.7167 ecn_mark=1628 drop=0
[QUEUE_STATS] t_ms=16736 q_pkts=15 q_bytes=22560 qdelay_l_ms=0 qdelay_c_ms=34.6478 ecn_mark=1630 drop=0
[QUEUE_STATS] t_ms=16752 q_pkts=14 q_bytes=21056 qdelay_l_ms=1.0623 qdelay_c_ms=35.528 ecn_mark=1632 drop=0
[QUEUE_STATS] t_ms=16768 q_pkts=15 q_bytes=22560 qdelay_l_ms=0 qdelay_c_ms=32.6999 ecn_mark=1632 drop=0
[QUEUE_STATS] t_ms=16784 q_pkts=15 q_bytes=22560 qdelay_l_ms=0 qdelay_c_ms=34.9869 ecn_mark=1633 drop=0
[QUEUE_STATS] t_ms=16800 q_pkts=17 q_bytes=25568 qdelay_l_ms=1.05988 qdelay_c_ms=40.4558 ecn_mark=1636 drop=0
[QUEUE_STATS] t_ms=16816 q_pkts=15 q_bytes=22560 qdelay_l_ms=1.064 qdelay_c_ms=37.9915 ecn_mark=1639 drop=0
[QUEUE_STATS] t_ms=16832 q_pkts=16 q_bytes=24064 qdelay_l_ms=1.06624 qdelay_c_ms=38.1247 ecn_mark=1639 drop=0
[QUEUE_STATS] t_ms=16848 q_pkts=13 q_bytes=19552 qdelay_l_ms=0 qdelay_c_ms=39.1385 ecn_mark=1639 drop=0
[QUEUE_STATS] t_ms=16864 q_pkts=13 q_bytes=19552 qdelay_l_ms=1.02759 qdelay_c_ms=42.2782 ecn_mark=1640 drop=0
[QUEUE_STATS] t_ms=16880 q_pkts=9 q_bytes=13536 qdelay_l_ms=1.06652 qdelay_c_ms=35.1219 ecn_mark=1641 drop=0
[QUEUE_STATS] t_ms=16896 q_pkts=10 q_bytes=15040 qdelay_l_ms=1.05722 qdelay_c_ms=29.4288 ecn_mark=1643 drop=0
[QUEUE_STATS] t_ms=16912 q_pkts=9 q_bytes=13536 qdelay_l_ms=1.06845 qdelay_c_ms=18.2387 ecn_mark=1646 drop=0
[QUEUE_STATS] t_ms=16928 q_pkts=9 q_bytes=13536 qdelay_l_ms=1.08324 qdelay_c_ms=18.4787 ecn_mark=1647 drop=0
[QUEUE_STATS] t_ms=16944 q_pkts=9 q_bytes=13536 qdelay_l_ms=1.06534 qdelay_c_ms=17.2796 ecn_mark=1649 drop=0
[QUEUE_STATS] t_ms=16960 q_pkts=9 q_bytes=13536 qdelay_l_ms=1.04972 qdelay_c_ms=20.9463 ecn_mark=1651 drop=0
[QUEUE_STATS] t_ms=16976 q_pkts=8 q_bytes=12032 qdelay_l_ms=0 qdelay_c_ms=21.906 ecn_mark=1652 drop=0
[QUEUE_STATS] t_ms=16992 q_pkts=10 q_bytes=15040 qdelay_l_ms=1.05446 qdelay_c_ms=19.1068 ecn_mark=1654 drop=0
[QUEUE_STATS] t_ms=17008 q_pkts=10 q_bytes=15040 qdelay_l_ms=1.06392 qdelay_c_ms=23.1594 ecn_mark=1654 drop=0
[QUEUE_STATS] t_ms=17024 q_pkts=11 q_bytes=16544 qdelay_l_ms=1.07074 qdelay_c_ms=24.4193 ecn_mark=1654 drop=0
[QUEUE_STATS] t_ms=17040 q_pkts=9 q_bytes=13536 qdelay_l_ms=0 qdelay_c_ms=24.2076 ecn_mark=1654 drop=0
[QUEUE_STATS] t_ms=17056 q_pkts=12 q_bytes=18048 qdelay_l_ms=1.06207 qdelay_c_ms=28.2704 ecn_mark=1655 drop=0
[QUEUE_STATS] t_ms=17072 q_pkts=11 q_bytes=16544 qdelay_l_ms=0 qdelay_c_ms=29.4012 ecn_mark=1658 drop=0
[QUEUE_STATS] t_ms=17088 q_pkts=11 q_bytes=16544 qdelay_l_ms=1.07802 qdelay_c_ms=31.0697 ecn_mark=1659 drop=0
[QUEUE_STATS] t_ms=17104 q_pkts=8 q_bytes=12032 qdelay_l_ms=0 qdelay_c_ms=28.9678 ecn_mark=1662 drop=0
[QUEUE_STATS] t_ms=17120 q_pkts=6 q_bytes=9024 qdelay_l_ms=2.12675 qdelay_c_ms=18.4845 ecn_mark=1662 drop=0
[QUEUE_STATS] t_ms=17136 q_pkts=5 q_bytes=7520 qdelay_l_ms=0 qdelay_c_ms=11.5476 ecn_mark=1664 drop=0
[QUEUE_STATS] t_ms=17152 q_pkts=6 q_bytes=9024 qdelay_l_ms=0 qdelay_c_ms=17.8546 ecn_mark=1665 drop=0
[QUEUE_STATS] t_ms=17168 q_pkts=6 q_bytes=9024 qdelay_l_ms=1.06103 qdelay_c_ms=16.1772 ecn_mark=1666 drop=0
[QUEUE_STATS] t_ms=17184 q_pkts=8 q_bytes=12032 qdelay_l_ms=2.11926 qdelay_c_ms=13.8931 ecn_mark=1668 drop=0
[QUEUE_STATS] t_ms=17200 q_pkts=7 q_bytes=10528 qdelay_l_ms=1.0676 qdelay_c_ms=20.1668 ecn_mark=1669 drop=0
[QUEUE_STATS] t_ms=17217 q_pkts=6 q_bytes=9024 qdelay_l_ms=1.07758 qdelay_c_ms=19.3875 ecn_mark=1669 drop=0
[QUEUE_STATS] t_ms=17232 q_pkts=4 q_bytes=6016 qdelay_l_ms=1.06134 qdelay_c_ms=13.5228 ecn_mark=1669 drop=0
[QUEUE_STATS] t_ms=17248 q_pkts=5 q_bytes=7520 qdelay_l_ms=1.07224 qdelay_c_ms=9.62915 ecn_mark=1669 drop=0
[QUEUE_STATS] t_ms=17264 q_pkts=5 q_bytes=7520 qdelay_l_ms=2.2724 qdelay_c_ms=8.94143 ecn_mark=1671 drop=0
[QUEUE_STATS] t_ms=17280 q_pkts=6 q_bytes=9024 qdelay_l_ms=0 qdelay_c_ms=21.3083 ecn_mark=1675 drop=0
[QUEUE_STATS] t_ms=17296 q_pkts=6 q_bytes=9024 qdelay_l_ms=2.14291 qdelay_c_ms=13.2797 ecn_mark=1676 drop=0
[QUEUE_STATS] t_ms=17312 q_pkts=4 q_bytes=6016 qdelay_l_ms=2.12322 qdelay_c_ms=8.92183 ecn_mark=1678 drop=0
[QUEUE_STATS] t_ms=17328 q_pkts=6 q_bytes=9024 qdelay_l_ms=0 qdelay_c_ms=14.0918 ecn_mark=1678 drop=0
[QUEUE_STATS] t_ms=17344 q_pkts=5 q_bytes=7520 qdelay_l_ms=0.90662 qdelay_c_ms=14.871 ecn_mark=1678 drop=0
[QUEUE_STATS] t_ms=17361 q_pkts=5 q_bytes=7520 qdelay_l_ms=1.0723 qdelay_c_ms=8.42028 ecn_mark=1678 drop=0
[QUEUE_STATS] t_ms=17376 q_pkts=6 q_bytes=9024 qdelay_l_ms=1.01848 qdelay_c_ms=19.1481 ecn_mark=1680 drop=0
[QUEUE_STATS] t_ms=17392 q_pkts=4 q_bytes=6016 qdelay_l_ms=1.06273 qdelay_c_ms=13.6318 ecn_mark=1683 drop=0
[QUEUE_STATS] t_ms=17408 q_pkts=7 q_bytes=10528 qdelay_l_ms=2.12572 qdelay_c_ms=16.0531 ecn_mark=1684 drop=0
[QUEUE_STATS] t_ms=17424 q_pkts=6 q_bytes=9024 qdelay_l_ms=1.06766 qdelay_c_ms=18.7708 ecn_mark=1686 drop=0
[QUEUE_STATS] t_ms=17440 q_pkts=6 q_bytes=9024 qdelay_l_ms=1.07531 qdelay_c_ms=22.9937 ecn_mark=1686 drop=0
[QUEUE_STATS] t_ms=17456 q_pkts=7 q_bytes=10528 qdelay_l_ms=2.1005 qdelay_c_ms=21.3978 ecn_mark=1687 drop=0
[QUEUE_STATS] t_ms=17472 q_pkts=7 q_bytes=10528 qdelay_l_ms=2.12482 qdelay_c_ms=29.6639 ecn_mark=1692 drop=0
[QUEUE_STATS] t_ms=17488 q_pkts=9 q_bytes=13536 qdelay_l_ms=1.05658 qdelay_c_ms=28.6749 ecn_mark=1692 drop=0
[QUEUE_STATS] t_ms=17504 q_pkts=9 q_bytes=13536 qdelay_l_ms=2.19676 qdelay_c_ms=20.7668 ecn_mark=1693 drop=0
[QUEUE_STATS] t_ms=17520 q_pkts=9 q_bytes=13536 qdelay_l_ms=0.647434 qdelay_c_ms=36.5941 ecn_mark=1695 drop=0
[QUEUE_STATS] t_ms=17536 q_pkts=8 q_bytes=12032 qdelay_l_ms=1.05403 qdelay_c_ms=36.3331 ecn_mark=1695 drop=0
[QUEUE_STATS] t_ms=17552 q_pkts=10 q_bytes=15040 qdelay_l_ms=2.15787 qdelay_c_ms=30.9148 ecn_mark=1697 drop=0
[QUEUE_STATS] t_ms=17568 q_pkts=10 q_bytes=15040 qdelay_l_ms=0 qdelay_c_ms=35.2518 ecn_mark=1699 drop=0
[QUEUE_STATS] t_ms=17584 q_pkts=10 q_bytes=15040 qdelay_l_ms=2.08851 qdelay_c_ms=38.4013 ecn_mark=1702 drop=0
[QUEUE_STATS] t_ms=17600 q_pkts=10 q_bytes=15040 qdelay_l_ms=1.0626 qdelay_c_ms=42.7776 ecn_mark=1706 drop=0
[QUEUE_STATS] t_ms=17616 q_pkts=10 q_bytes=15040 qdelay_l_ms=1.0588 qdelay_c_ms=38.4411 ecn_mark=1707 drop=0
[QUEUE_STATS] t_ms=17632 q_pkts=9 q_bytes=13536 qdelay_l_ms=1.18896 qdelay_c_ms=40.5141 ecn_mark=1708 drop=0
[QUEUE_STATS] t_ms=17648 q_pkts=10 q_bytes=15040 qdelay_l_ms=0 qdelay_c_ms=44.8753 ecn_mark=1708 drop=0
[QUEUE_STATS] t_ms=17664 q_pkts=11 q_bytes=16544 qdelay_l_ms=1.05383 qdelay_c_ms=40.4154 ecn_mark=1711 drop=0
[QUEUE_STATS] t_ms=17680 q_pkts=9 q_bytes=13536 qdelay_l_ms=0 qdelay_c_ms=35.1004 ecn_mark=1713 drop=0
[QUEUE_STATS] t_ms=17696 q_pkts=10 q_bytes=15040 qdelay_l_ms=1.06228 qdelay_c_ms=44.7118 ecn_mark=1715 drop=0
[QUEUE_STATS] t_ms=17712 q_pkts=10 q_bytes=15040 qdelay_l_ms=0 qdelay_c_ms=49.2587 ecn_mark=1716 drop=0
[QUEUE_STATS] t_ms=17728 q_pkts=11 q_bytes=16544 qdelay_l_ms=2.13592 qdelay_c_ms=34.29 ecn_mark=1717 drop=0
[QUEUE_STATS] t_ms=17744 q_pkts=11 q_bytes=16544 qdelay_l_ms=1.02518 qdelay_c_ms=44.6061 ecn_mark=1720 drop=0
[QUEUE_STATS] t_ms=17761 q_pkts=10 q_bytes=15040 qdelay_l_ms=1.0714 qdelay_c_ms=47.0709 ecn_mark=1722 drop=0
[QUEUE_STATS] t_ms=17776 q_pkts=12 q_bytes=18048 qdelay_l_ms=2.25548 qdelay_c_ms=39.4873 ecn_mark=1725 drop=0
[QUEUE_STATS] t_ms=17792 q_pkts=10 q_bytes=15040 qdelay_l_ms=0 qdelay_c_ms=48.4986 ecn_mark=1728 drop=0
[QUEUE_STATS] t_ms=17809 q_pkts=11 q_bytes=16544 qdelay_l_ms=2.16556 qdelay_c_ms=37.4176 ecn_mark=1729 drop=0
[QUEUE_STATS] t_ms=17824 q_pkts=11 q_bytes=16544 qdelay_l_ms=2.12011 qdelay_c_ms=34.9254 ecn_mark=1730 drop=0
[QUEUE_STATS] t_ms=17840 q_pkts=11 q_bytes=16544 qdelay_l_ms=1.07087 qdelay_c_ms=36.1796 ecn_mark=1732 drop=0
[QUEUE_STATS] t_ms=17856 q_pkts=10 q_bytes=15040 qdelay_l_ms=1.06674 qdelay_c_ms=39.4988 ecn_mark=1734 drop=0
[QUEUE_STATS] t_ms=17872 q_pkts=12 q_bytes=18048 qdelay_l_ms=2.10083 qdelay_c_ms=36.4934 ecn_mark=1735 drop=0
[QUEUE_STATS] t_ms=17888 q_pkts=11 q_bytes=16544 qdelay_l_ms=1.0613 qdelay_c_ms=36.325 ecn_mark=1738 drop=0
[QUEUE_STATS] t_ms=17904 q_pkts=12 q_bytes=18048 qdelay_l_ms=2.14384 qdelay_c_ms=41.5398 ecn_mark=1738 drop=0
[QUEUE_STATS] t_ms=17920 q_pkts=10 q_bytes=15040 qdelay_l_ms=1.06057 qdelay_c_ms=44.8143 ecn_mark=1739 drop=0
[QUEUE_STATS] t_ms=17936 q_pkts=12 q_bytes=18048 qdelay_l_ms=1.06697 qdelay_c_ms=37.8615 ecn_mark=1742 drop=0
[QUEUE_STATS] t_ms=17952 q_pkts=13 q_bytes=19552 qdelay_l_ms=1.07815 qdelay_c_ms=42.0555 ecn_mark=1745 drop=0
[QUEUE_STATS] t_ms=17968 q_pkts=9 q_bytes=13536 qdelay_l_ms=2.31906 qdelay_c_ms=34.3243 ecn_mark=1745 drop=0
[QUEUE_STATS] t_ms=17984 q_pkts=7 q_bytes=10528 qdelay_l_ms=0 qdelay_c_ms=43.1287 ecn_mark=1748 drop=0
[QUEUE_STATS] t_ms=18000 q_pkts=7 q_bytes=10528 qdelay_l_ms=2.12329 qdelay_c_ms=31.3547 ecn_mark=1749 drop=0
[QUEUE_STATS] t_ms=18016 q_pkts=5 q_bytes=7520 qdelay_l_ms=0 qdelay_c_ms=21.7395 ecn_mark=1751 drop=0
[QUEUE_STATS] t_ms=18032 q_pkts=7 q_bytes=10528 qdelay_l_ms=1.06624 qdelay_c_ms=16.7675 ecn_mark=1752 drop=0
[QUEUE_STATS] t_ms=18048 q_pkts=6 q_bytes=9024 qdelay_l_ms=1.06234 qdelay_c_ms=20.3948 ecn_mark=1752 drop=0
[QUEUE_STATS] t_ms=18064 q_pkts=9 q_bytes=13536 qdelay_l_ms=1.06483 qdelay_c_ms=22.381 ecn_mark=1755 drop=0
[QUEUE_STATS] t_ms=18080 q_pkts=8 q_bytes=12032 qdelay_l_ms=1.07094 qdelay_c_ms=25.3784 ecn_mark=1756 drop=0
[QUEUE_STATS] t_ms=18096 q_pkts=8 q_bytes=12032 qdelay_l_ms=1.06711 qdelay_c_ms=29.8537 ecn_mark=1757 drop=0
[QUEUE_STATS] t_ms=18112 q_pkts=8 q_bytes=12032 qdelay_l_ms=1.06324 qdelay_c_ms=24.5849 ecn_mark=1763 drop=0
[QUEUE_STATS] t_ms=18128 q_pkts=8 q_bytes=12032 qdelay_l_ms=1.05221 qdelay_c_ms=27.9415 ecn_mark=1766 drop=0
[QUEUE_STATS] t_ms=18144 q_pkts=7 q_bytes=10528 qdelay_l_ms=2.15137 qdelay_c_ms=24.1207 ecn_mark=1769 drop=0
[QUEUE_STATS] t_ms=18160 q_pkts=10 q_bytes=15040 qdelay_l_ms=1.07277 qdelay_c_ms=25.4578 ecn_mark=1770 drop=0
[QUEUE_STATS] t_ms=18176 q_pkts=7 q_bytes=10528 qdelay_l_ms=0 qdelay_c_ms=25.6931 ecn_mark=1772 drop=0
[QUEUE_STATS] t_ms=18192 q_pkts=8 q_bytes=12032 qdelay_l_ms=1.05074 qdelay_c_ms=31.1657 ecn_mark=1774 drop=0
[QUEUE_STATS] t_ms=18208 q_pkts=7 q_bytes=10528 qdelay_l_ms=1.06147 qdelay_c_ms=24.8348 ecn_mark=1774 drop=0
[QUEUE_STATS] t_ms=18224 q_pkts=9 q_bytes=13536 qdelay_l_ms=1.06351 qdelay_c_ms=27.5248 ecn_mark=1778 drop=0
[QUEUE_STATS] t_ms=18240 q_pkts=9 q_bytes=13536 qdelay_l_ms=1.08448 qdelay_c_ms=30.0135 ecn_mark=1780 drop=0
[QUEUE_STATS] t_ms=18257 q_pkts=8 q_bytes=12032 qdelay_l_ms=1.0777 qdelay_c_ms=28.4309 ecn_mark=1783 drop=0
[QUEUE_STATS] t_ms=18272 q_pkts=8 q_bytes=12032 qdelay_l_ms=1.06585 qdelay_c_ms=20.0621 ecn_mark=1783 drop=0
[QUEUE_STATS] t_ms=18288 q_pkts=6 q_bytes=9024 qdelay_l_ms=1.06646 qdelay_c_ms=20.603 ecn_mark=1784 drop=0
[QUEUE_STATS] t_ms=18304 q_pkts=10 q_bytes=15040 qdelay_l_ms=1.18027 qdelay_c_ms=16.4916 ecn_mark=1787 drop=0
[QUEUE_STATS] t_ms=18320 q_pkts=9 q_bytes=13536 qdelay_l_ms=1.0674 qdelay_c_ms=28.1691 ecn_mark=1789 drop=0
[QUEUE_STATS] t_ms=18336 q_pkts=10 q_bytes=15040 qdelay_l_ms=1.06493 qdelay_c_ms=28.1853 ecn_mark=1791 drop=0
[QUEUE_STATS] t_ms=18353 q_pkts=8 q_bytes=12032 qdelay_l_ms=0 qdelay_c_ms=31.5716 ecn_mark=1792 drop=0
[QUEUE_STATS] t_ms=18368 q_pkts=9 q_bytes=13536 qdelay_l_ms=1.07686 qdelay_c_ms=29.8295 ecn_mark=1794 drop=0
[QUEUE_STATS] t_ms=18384 q_pkts=9 q_bytes=13536 qdelay_l_ms=0 qdelay_c_ms=27.2893 ecn_mark=1794 drop=0
[QUEUE_STATS] t_ms=18400 q_pkts=9 q_bytes=13536 qdelay_l_ms=2.08543 qdelay_c_ms=26.1913 ecn_mark=1796 drop=0
[QUEUE_STATS] t_ms=18416 q_pkts=9 q_bytes=13536 qdelay_l_ms=1.64202 qdelay_c_ms=21.7274 ecn_mark=1798 drop=0
[QUEUE_STATS] t_ms=18432 q_pkts=10 q_bytes=15040 qdelay_l_ms=0 qdelay_c_ms=30.25 ecn_mark=1803 drop=0
[QUEUE_STATS] t_ms=18448 q_pkts=9 q_bytes=13536 qdelay_l_ms=1.06436 qdelay_c_ms=24.3492 ecn_mark=1804 drop=0
[QUEUE_STATS] t_ms=18464 q_pkts=10 q_bytes=15040 qdelay_l_ms=1.05593 qdelay_c_ms=20.9422 ecn_mark=1806 drop=0
[QUEUE_STATS] t_ms=18480 q_pkts=9 q_bytes=13536 qdelay_l_ms=1.05828 qdelay_c_ms=20.4368 ecn_mark=1806 drop=0
[QUEUE_STATS] t_ms=18497 q_pkts=9 q_bytes=13536 qdelay_l_ms=0 qdelay_c_ms=27.1381 ecn_mark=1808 drop=0
[QUEUE_STATS] t_ms=18512 q_pkts=11 q_bytes=16544 qdelay_l_ms=0 qdelay_c_ms=30.1472 ecn_mark=1808 drop=0
[QUEUE_STATS] t_ms=18529 q_pkts=10 q_bytes=15040 qdelay_l_ms=0 qdelay_c_ms=29.8124 ecn_mark=1813 drop=0
[QUEUE_STATS] t_ms=18544 q_pkts=9 q_bytes=13536 qdelay_l_ms=2.12572 qdelay_c_ms=25.8229 ecn_mark=1816 drop=0
[QUEUE_STATS] t_ms=18560 q_pkts=11 q_bytes=16544 qdelay_l_ms=1.07218 qdelay_c_ms=33.3099 ecn_mark=1818 drop=0
[QUEUE_STATS] t_ms=18576 q_pkts=9 q_bytes=13536 qdelay_l_ms=1.07334 qdelay_c_ms=27.0611 ecn_mark=1820 drop=0
[QUEUE_STATS] t_ms=18592 q_pkts=8 q_bytes=12032 qdelay_l_ms=0 qdelay_c_ms=32.0199 ecn_mark=1821 drop=0
[QUEUE_STATS] t_ms=18608 q_pkts=5 q_bytes=7520 qdelay_l_ms=1.06738 qdelay_c_ms=19.143 ecn_mark=1822 drop=0
[QUEUE_STATS] t_ms=18624 q_pkts=3 q_bytes=4512 qdelay_l_ms=0 qdelay_c_ms=10.6301 ecn_mark=1828 drop=0
[QUEUE_STATS] t_ms=18640 q_pkts=3 q_bytes=4512 qdelay_l_ms=1.04722 qdelay_c_ms=9.34378 ecn_mark=1829 drop=0
[QUEUE_STATS] t_ms=18656 q_pkts=6 q_bytes=9024 qdelay_l_ms=1.07576 qdelay_c_ms=13.9476 ecn_mark=1831 drop=0
[QUEUE_STATS] t_ms=18672 q_pkts=5 q_bytes=7520 qdelay_l_ms=1.06113 qdelay_c_ms=9.7612 ecn_mark=1833 drop=0
[QUEUE_STATS] t_ms=18688 q_pkts=5 q_bytes=7520 qdelay_l_ms=1.07673 qdelay_c_ms=8.58267 ecn_mark=1836 drop=0
[QUEUE_STATS] t_ms=18704 q_pkts=4 q_bytes=6016 qdelay_l_ms=0 qdelay_c_ms=10.2604 ecn_mark=1838 drop=0
[QUEUE_STATS] t_ms=18720 q_pkts=4 q_bytes=6016 qdelay_l_ms=0 qdelay_c_ms=5.3282 ecn_mark=1838 drop=0
[QUEUE_STATS] t_ms=18736 q_pkts=3 q_bytes=4512 qdelay_l_ms=0 qdelay_c_ms=7.15851 ecn_mark=1840 drop=0
[QUEUE_STATS] t_ms=18752 q_pkts=6 q_bytes=9024 qdelay_l_ms=1.06155 qdelay_c_ms=9.60091 ecn_mark=1840 drop=0
[QUEUE_STATS] t_ms=18769 q_pkts=5 q_bytes=7520 qdelay_l_ms=1.06638 qdelay_c_ms=12.3824 ecn_mark=1842 drop=0
[QUEUE_STATS] t_ms=18784 q_pkts=4 q_bytes=6016 qdelay_l_ms=0 qdelay_c_ms=8.99779 ecn_mark=1843 drop=0
[QUEUE_STATS] t_ms=18800 q_pkts=6 q_bytes=9024 qdelay_l_ms=1.07213 qdelay_c_ms=15.708 ecn_mark=1846 drop=0
[QUEUE_STATS] t_ms=18816 q_pkts=5 q_bytes=7520 qdelay_l_ms=0 qdelay_c_ms=13.4555 ecn_mark=1846 drop=0
[QUEUE_STATS] t_ms=18832 q_pkts=6 q_bytes=9024 qdelay_l_ms=1.07428 qdelay_c_ms=16.2952 ecn_mark=1847 drop=0
[QUEUE_STATS] t_ms=18848 q_pkts=5 q_bytes=7520 qdelay_l_ms=1.06273 qdelay_c_ms=11.0274 ecn_mark=1850 drop=0
[QUEUE_STATS] t_ms=18864 q_pkts=7 q_bytes=10528 qdelay_l_ms=1.07314 qdelay_c_ms=13.8974 ecn_mark=1852 drop=0
[QUEUE_STATS] t_ms=18880 q_pkts=6 q_bytes=9024 qdelay_l_ms=0 qdelay_c_ms=14.8117 ecn_mark=1853 drop=0
[QUEUE_STATS] t_ms=18896 q_pkts=6 q_bytes=9024 qdelay_l_ms=1.51079 qdelay_c_ms=10.5982 ecn_mark=1856 drop=0
[QUEUE_STATS] t_ms=18912 q_pkts=7 q_bytes=10528 qdelay_l_ms=0 qdelay_c_ms=20.7799 ecn_mark=1860 drop=0
[QUEUE_STATS] t_ms=18928 q_pkts=5 q_bytes=7520 qdelay_l_ms=0 qdelay_c_ms=14.6466 ecn_mark=1862 drop=0
[QUEUE_STATS] t_ms=18944 q_pkts=2 q_bytes=3008 qdelay_l_ms=0 qdelay_c_ms=10.9801 ecn_mark=1866 drop=0
[QUEUE_STATS] t_ms=18960 q_pkts=2 q_bytes=3008 qdelay_l_ms=1.06497 qdelay_c_ms=1.07134 ecn_mark=1866 drop=0
[QUEUE_STATS] t_ms=18976 q_pkts=2 q_bytes=3008 qdelay_l_ms=1.06052 qdelay_c_ms=2.07936 ecn_mark=1868 drop=0
[QUEUE_STATS] t_ms=18992 q_pkts=2 q_bytes=3008 qdelay_l_ms=1.06631 qdelay_c_ms=2.70858 ecn_mark=1868 drop=0
[QUEUE_STATS] t_ms=19008 q_pkts=4 q_bytes=6016 qdelay_l_ms=0 qdelay_c_ms=3.15737 ecn_mark=1870 drop=0
[QUEUE_STATS] t_ms=19024 q_pkts=2 q_bytes=3008 qdelay_l_ms=1.06193 qdelay_c_ms=5.35552 ecn_mark=1871 drop=0
[QUEUE_STATS] t_ms=19040 q_pkts=3 q_bytes=4512 qdelay_l_ms=1.05414 qdelay_c_ms=2.12537 ecn_mark=1873 drop=0
[QUEUE_STATS] t_ms=19056 q_pkts=1 q_bytes=1504 qdelay_l_ms=1.01864 qdelay_c_ms=0 ecn_mark=1873 drop=0
[QUEUE_STATS] t_ms=19072 q_pkts=4 q_bytes=6016 qdelay_l_ms=1.06183 qdelay_c_ms=4.2851 ecn_mark=1874 drop=0
[QUEUE_STATS] t_ms=19088 q_pkts=2 q_bytes=3008 qdelay_l_ms=0 qdelay_c_ms=5.19578 ecn_mark=1875 drop=0
[QUEUE_STATS] t_ms=19104 q_pkts=2 q_bytes=3008 qdelay_l_ms=1.06153 qdelay_c_ms=4.25963 ecn_mark=1879 drop=0
[QUEUE_STATS] t_ms=19120 q_pkts=4 q_bytes=6016 qdelay_l_ms=1.06735 qdelay_c_ms=8.47173 ecn_mark=1879 drop=0
[QUEUE_STATS] t_ms=19136 q_pkts=4 q_bytes=6016 qdelay_l_ms=0 qdelay_c_ms=5.32458 ecn_mark=1880 drop=0
[QUEUE_STATS] t_ms=19152 q_pkts=6 q_bytes=9024 qdelay_l_ms=0 qdelay_c_ms=10.2068 ecn_mark=1880 drop=0
[QUEUE_STATS] t_ms=19168 q_pkts=4 q_bytes=6016 qdelay_l_ms=1.04667 qdelay_c_ms=9.29089 ecn_mark=1880 drop=0
[QUEUE_STATS] t_ms=19184 q_pkts=5 q_bytes=7520 qdelay_l_ms=0 qdelay_c_ms=9.1177 ecn_mark=1880 drop=0
[QUEUE_STATS] t_ms=19200 q_pkts=6 q_bytes=9024 qdelay_l_ms=1.06595 qdelay_c_ms=11.1699 ecn_mark=1882 drop=0
[QUEUE_STATS] t_ms=19216 q_pkts=5 q_bytes=7520 qdelay_l_ms=1.07468 qdelay_c_ms=11.6332 ecn_mark=1882 drop=0
[QUEUE_STATS] t_ms=19233 q_pkts=5 q_bytes=7520 qdelay_l_ms=0 qdelay_c_ms=14.63 ecn_mark=1882 drop=0
[QUEUE_STATS] t_ms=19248 q_pkts=7 q_bytes=10528 qdelay_l_ms=0 qdelay_c_ms=15.7525 ecn_mark=1884 drop=0
[QUEUE_STATS] t_ms=19264 q_pkts=7 q_bytes=10528 qdelay_l_ms=0 qdelay_c_ms=20.9059 ecn_mark=1885 drop=0
[QUEUE_STATS] t_ms=19280 q_pkts=7 q_bytes=10528 qdelay_l_ms=1.06346 qdelay_c_ms=17.0083 ecn_mark=1885 drop=0
[QUEUE_STATS] t_ms=19296 q_pkts=7 q_bytes=10528 qdelay_l_ms=1.06869 qdelay_c_ms=14.1473 ecn_mark=1887 drop=0
[QUEUE_STATS] t_ms=19312 q_pkts=9 q_bytes=13536 qdelay_l_ms=1.06139 qdelay_c_ms=18.5813 ecn_mark=1889 drop=0
[QUEUE_STATS] t_ms=19328 q_pkts=8 q_bytes=12032 qdelay_l_ms=1.05812 qdelay_c_ms=17.323 ecn_mark=1889 drop=0
[QUEUE_STATS] t_ms=19344 q_pkts=8 q_bytes=12032 qdelay_l_ms=0 qdelay_c_ms=26.7026 ecn_mark=1891 drop=0
[QUEUE_STATS] t_ms=19360 q_pkts=10 q_bytes=15040 qdelay_l_ms=0 qdelay_c_ms=21.5351 ecn_mark=1893 drop=0
[QUEUE_STATS] t_ms=19376 q_pkts=11 q_bytes=16544 qdelay_l_ms=1.07349 qdelay_c_ms=22.7555 ecn_mark=1894 drop=0
[QUEUE_STATS] t_ms=19392 q_pkts=10 q_bytes=15040 qdelay_l_ms=1.06156 qdelay_c_ms=23.0168 ecn_mark=1895 drop=0
[QUEUE_STATS] t_ms=19408 q_pkts=11 q_bytes=16544 qdelay_l_ms=1.08116 qdelay_c_ms=23.551 ecn_mark=1897 drop=0
[QUEUE_STATS] t_ms=19424 q_pkts=9 q_bytes=13536 qdelay_l_ms=1.06724 qdelay_c_ms=24.9356 ecn_mark=1900 drop=0
[QUEUE_STATS] t_ms=19440 q_pkts=11 q_bytes=16544 qdelay_l_ms=1.06081 qdelay_c_ms=25.981 ecn_mark=1901 drop=0
[QUEUE_STATS] t_ms=19456 q_pkts=9 q_bytes=13536 qdelay_l_ms=0.882455 qdelay_c_ms=21.2411 ecn_mark=1904 drop=0
[QUEUE_STATS] t_ms=19472 q_pkts=10 q_bytes=15040 qdelay_l_ms=1.07201 qdelay_c_ms=18.2513 ecn_mark=1904 drop=0
[QUEUE_STATS] t_ms=19488 q_pkts=9 q_bytes=13536 qdelay_l_ms=0 qdelay_c_ms=22.5047 ecn_mark=1905 drop=0
[QUEUE_STATS] t_ms=19504 q_pkts=11 q_bytes=16544 qdelay_l_ms=1.07311 qdelay_c_ms=22.1016 ecn_mark=1905 drop=0
[QUEUE_STATS] t_ms=19520 q_pkts=11 q_bytes=16544 qdelay_l_ms=1.0671 qdelay_c_ms=23.2748 ecn_mark=1906 drop=0
[QUEUE_STATS] t_ms=19536 q_pkts=12 q_bytes=18048 qdelay_l_ms=1.06204 qdelay_c_ms=25.4902 ecn_mark=1907 drop=0
[QUEUE_STATS] t_ms=19552 q_pkts=12 q_bytes=18048 qdelay_l_ms=1.0757 qdelay_c_ms=25.6885 ecn_mark=1907 drop=0
[QUEUE_STATS] t_ms=19568 q_pkts=12 q_bytes=18048 qdelay_l_ms=1.062 qdelay_c_ms=31.5949 ecn_mark=1908 drop=0
[QUEUE_STATS] t_ms=19584 q_pkts=14 q_bytes=21056 qdelay_l_ms=1.07593 qdelay_c_ms=36.6229 ecn_mark=1909 drop=0
[QUEUE_STATS] t_ms=19600 q_pkts=14 q_bytes=21056 qdelay_l_ms=1.06512 qdelay_c_ms=38.5002 ecn_mark=1910 drop=0
[QUEUE_STATS] t_ms=19616 q_pkts=13 q_bytes=19552 qdelay_l_ms=1.00532 qdelay_c_ms=33.4117 ecn_mark=1910 drop=0
[QUEUE_STATS] t_ms=19633 q_pkts=14 q_bytes=21056 qdelay_l_ms=1.0663 qdelay_c_ms=36.3565 ecn_mark=1910 drop=0
[QUEUE_STATS] t_ms=19648 q_pkts=15 q_bytes=22560 qdelay_l_ms=1.07188 qdelay_c_ms=34.7446 ecn_mark=1914 drop=0
[QUEUE_STATS] t_ms=19664 q_pkts=15 q_bytes=22560 qdelay_l_ms=1.05519 qdelay_c_ms=40.9025 ecn_mark=1914 drop=0
[QUEUE_STATS] t_ms=19680 q_pkts=13 q_bytes=19552 qdelay_l_ms=1.06122 qdelay_c_ms=44.2989 ecn_mark=1915 drop=0
[QUEUE_STATS] t_ms=19696 q_pkts=11 q_bytes=16544 qdelay_l_ms=1.06732 qdelay_c_ms=45.3608 ecn_mark=1919 drop=0
[QUEUE_STATS] t_ms=19712 q_pkts=9 q_bytes=13536 qdelay_l_ms=1.08407 qdelay_c_ms=43.8223 ecn_mark=1919 drop=0
[QUEUE_STATS] t_ms=19728 q_pkts=9 q_bytes=13536 qdelay_l_ms=2.11961 qdelay_c_ms=36.7321 ecn_mark=1921 drop=0
[QUEUE_STATS] t_ms=19744 q_pkts=9 q_bytes=13536 qdelay_l_ms=0 qdelay_c_ms=26.9292 ecn_mark=1923 drop=0
[QUEUE_STATS] t_ms=19760 q_pkts=9 q_bytes=13536 qdelay_l_ms=1.06547 qdelay_c_ms=27.6131 ecn_mark=1923 drop=0
[QUEUE_STATS] t_ms=19776 q_pkts=11 q_bytes=16544 qdelay_l_ms=1.05387 qdelay_c_ms=32.4001 ecn_mark=1923 drop=0
[QUEUE_STATS] t_ms=19792 q_pkts=11 q_bytes=16544 qdelay_l_ms=1.07836 qdelay_c_ms=33.2691 ecn_mark=1927 drop=0
[QUEUE_STATS] t_ms=19808 q_pkts=11 q_bytes=16544 qdelay_l_ms=1.04169 qdelay_c_ms=38.4192 ecn_mark=1927 drop=0
[QUEUE_STATS] t_ms=19824 q_pkts=11 q_bytes=16544 qdelay_l_ms=1.07148 qdelay_c_ms=43.733 ecn_mark=1929 drop=0
[QUEUE_STATS] t_ms=19840 q_pkts=11 q_bytes=16544 qdelay_l_ms=1.08115 qdelay_c_ms=39.3165 ecn_mark=1930 drop=0
[QUEUE_STATS] t_ms=19856 q_pkts=10 q_bytes=15040 qdelay_l_ms=2.17509 qdelay_c_ms=33.2421 ecn_mark=1931 drop=0
[QUEUE_STATS] t_ms=19872 q_pkts=11 q_bytes=16544 qdelay_l_ms=2.12084 qdelay_c_ms=43.4093 ecn_mark=1933 drop=0
[QUEUE_STATS] t_ms=19888 q_pkts=13 q_bytes=19552 qdelay_l_ms=1.04245 qdelay_c_ms=41.4167 ecn_mark=1937 drop=0
[QUEUE_STATS] t_ms=19904 q_pkts=12 q_bytes=18048 qdelay_l_ms=2.12057 qdelay_c_ms=40.5139 ecn_mark=1939 drop=0
[QUEUE_STATS] t_ms=19920 q_pkts=10 q_bytes=15040 qdelay_l_ms=0 qdelay_c_ms=45.45 ecn_mark=1940 drop=0
[QUEUE_STATS] t_ms=19936 q_pkts=13 q_bytes=19552 qdelay_l_ms=1.04954 qdelay_c_ms=48.8175 ecn_mark=1941 drop=0
[QUEUE_STATS] t_ms=19952 q_pkts=12 q_bytes=18048 qdelay_l_ms=1.05688 qdelay_c_ms=52.6461 ecn_mark=1943 drop=0
[QUEUE_STATS] t_ms=19968 q_pkts=13 q_bytes=19552 qdelay_l_ms=1.07902 qdelay_c_ms=38.0734 ecn_mark=1947 drop=0
[QUEUE_STATS] t_ms=19984 q_pkts=12 q_bytes=18048 qdelay_l_ms=1.02718 qdelay_c_ms=38.4507 ecn_mark=1948 drop=0
[QUEUE_STATS] t_ms=20000 q_pkts=11 q_bytes=16544 qdelay_l_ms=1.06193 qdelay_c_ms=45.274 ecn_mark=1950 drop=0
[QUEUE_STATS] t_ms=20016 q_pkts=11 q_bytes=16544 qdelay_l_ms=1.06154 qdelay_c_ms=48.6482 ecn_mark=1955 drop=0
[QUEUE_STATS] t_ms=20032 q_pkts=13 q_bytes=19552 qdelay_l_ms=0.911951 qdelay_c_ms=44.0496 ecn_mark=1957 drop=0
[QUEUE_STATS] t_ms=20048 q_pkts=10 q_bytes=15040 qdelay_l_ms=2.12229 qdelay_c_ms=43.5824 ecn_mark=1959 drop=0
[QUEUE_STATS] t_ms=20064 q_pkts=10 q_bytes=15040 qdelay_l_ms=1.07101 qdelay_c_ms=47.7757 ecn_mark=1960 drop=0
[QUEUE_STATS] t_ms=20081 q_pkts=8 q_bytes=12032 qdelay_l_ms=2.11714 qdelay_c_ms=42.2227 ecn_mark=1962 drop=0
[QUEUE_STATS] t_ms=20097 q_pkts=7 q_bytes=10528 qdelay_l_ms=1.06264 qdelay_c_ms=37.7833 ecn_mark=1964 drop=0
[QUEUE_STATS] t_ms=20113 q_pkts=7 q_bytes=10528 qdelay_l_ms=1.07241 qdelay_c_ms=24.5127 ecn_mark=1965 drop=0
[QUEUE_STATS] t_ms=20128 q_pkts=7 q_bytes=10528 qdelay_l_ms=2.12104 qdelay_c_ms=16.1947 ecn_mark=1968 drop=0
[QUEUE_STATS] t_ms=20144 q_pkts=8 q_bytes=12032 qdelay_l_ms=1.08675 qdelay_c_ms=23.0608 ecn_mark=1971 drop=0
[QUEUE_STATS] t_ms=20160 q_pkts=7 q_bytes=10528 qdelay_l_ms=1.07046 qdelay_c_ms=17.3137 ecn_mark=1973 drop=0
[QUEUE_STATS] t_ms=20176 q_pkts=7 q_bytes=10528 qdelay_l_ms=2.12283 qdelay_c_ms=17.7358 ecn_mark=1976 drop=0
[QUEUE_STATS] t_ms=20192 q_pkts=7 q_bytes=10528 qdelay_l_ms=3.5672 qdelay_c_ms=13.2046 ecn_mark=1977 drop=0
[QUEUE_STATS] t_ms=20209 q_pkts=6 q_bytes=9024 qdelay_l_ms=0 qdelay_c_ms=23.5673 ecn_mark=1982 drop=0
[QUEUE_STATS] t_ms=20224 q_pkts=5 q_bytes=7520 qdelay_l_ms=1.06744 qdelay_c_ms=15.7334 ecn_mark=1982 drop=0
[QUEUE_STATS] t_ms=20241 q_pkts=4 q_bytes=6016 qdelay_l_ms=2.1318 qdelay_c_ms=9.47673 ecn_mark=1985 drop=0
[QUEUE_STATS] t_ms=20257 q_pkts=2 q_bytes=3008 qdelay_l_ms=0 qdelay_c_ms=1.07089 ecn_mark=1988 drop=0
[QUEUE_STATS] t_ms=20272 q_pkts=3 q_bytes=4512 qdelay_l_ms=0 qdelay_c_ms=3.18433 ecn_mark=1989 drop=0
[QUEUE_STATS] t_ms=20288 q_pkts=2 q_bytes=3008 qdelay_l_ms=1.07154 qdelay_c_ms=2.12209 ecn_mark=1989 drop=0
[QUEUE_STATS] t_ms=20304 q_pkts=2 q_bytes=3008 qdelay_l_ms=0 qdelay_c_ms=2.63993 ecn_mark=1990 drop=0
[QUEUE_STATS] t_ms=20321 q_pkts=3 q_bytes=4512 qdelay_l_ms=1.07315 qdelay_c_ms=4.2762 ecn_mark=1991 drop=0
[QUEUE_STATS] t_ms=20336 q_pkts=1 q_bytes=1504 qdelay_l_ms=1.06141 qdelay_c_ms=0 ecn_mark=1992 drop=0
[QUEUE_STATS] t_ms=20353 q_pkts=2 q_bytes=3008 qdelay_l_ms=1.06702 qdelay_c_ms=2.4825 ecn_mark=1994 drop=0
[QUEUE_STATS] t_ms=20368 q_pkts=3 q_bytes=4512 qdelay_l_ms=0 qdelay_c_ms=4.28803 ecn_mark=1998 drop=0
[QUEUE_STATS] t_ms=20384 q_pkts=4 q_bytes=6016 qdelay_l_ms=0 qdelay_c_ms=12.9662 ecn_mark=1999 drop=0
[QUEUE_STATS] t_ms=20401 q_pkts=3 q_bytes=4512 qdelay_l_ms=1.07086 qdelay_c_ms=6.42399 ecn_mark=1999 drop=0
[QUEUE_STATS] t_ms=20416 q_pkts=4 q_bytes=6016 qdelay_l_ms=1.87852 qdelay_c_ms=7.17985 ecn_mark=1999 drop=0
[QUEUE_STATS] t_ms=20432 q_pkts=4 q_bytes=6016 qdelay_l_ms=0 qdelay_c_ms=10.8899 ecn_mark=2000 drop=0
[QUEUE_STATS] t_ms=20448 q_pkts=5 q_bytes=7520 qdelay_l_ms=1.05876 qdelay_c_ms=7.15926 ecn_mark=2000 drop=0
[QUEUE_STATS] t_ms=20464 q_pkts=4 q_bytes=6016 qdelay_l_ms=1.06304 qdelay_c_ms=14.0753 ecn_mark=2003 drop=0
[QUEUE_STATS] t_ms=20480 q_pkts=4 q_bytes=6016 qdelay_l_ms=1.04812 qdelay_c_ms=8.53954 ecn_mark=2004 drop=0
[QUEUE_STATS] t_ms=20496 q_pkts=6 q_bytes=9024 qdelay_l_ms=2.1493 qdelay_c_ms=8.01192 ecn_mark=2005 drop=0
[QUEUE_STATS] t_ms=20512 q_pkts=7 q_bytes=10528 qdelay_l_ms=1.0588 qdelay_c_ms=17.6602 ecn_mark=2007 drop=0
[QUEUE_STATS] t_ms=20528 q_pkts=7 q_bytes=10528 qdelay_l_ms=0 qdelay_c_ms=18.2375 ecn_mark=2008 drop=0
[QUEUE_STATS] t_ms=20544 q_pkts=6 q_bytes=9024 qdelay_l_ms=0.879379 qdelay_c_ms=19.3152 ecn_mark=2011 drop=0
[QUEUE_STATS] t_ms=20560 q_pkts=6 q_bytes=9024 qdelay_l_ms=1.41219 qdelay_c_ms=9.68291 ecn_mark=2011 drop=0
[QUEUE_STATS] t_ms=20576 q_pkts=6 q_bytes=9024 qdelay_l_ms=2.11382 qdelay_c_ms=21.557 ecn_mark=2014 drop=0
[QUEUE_STATS] t_ms=20592 q_pkts=8 q_bytes=12032 qdelay_l_ms=1.06046 qdelay_c_ms=17.2019 ecn_mark=2015 drop=0
[QUEUE_STATS] t_ms=20609 q_pkts=7 q_bytes=10528 qdelay_l_ms=1.05849 qdelay_c_ms=22.9294 ecn_mark=2017 drop=0
[QUEUE_STATS] t_ms=20624 q_pkts=7 q_bytes=10528 qdelay_l_ms=2.11448 qdelay_c_ms=20.7198 ecn_mark=2017 drop=0
[QUEUE_STATS] t_ms=20640 q_pkts=7 q_bytes=10528 qdelay_l_ms=0 qdelay_c_ms=25.3242 ecn_mark=2022 drop=0
[QUEUE_STATS] t_ms=20656 q_pkts=9 q_bytes=13536 qdelay_l_ms=1.05892 qdelay_c_ms=18.2188 ecn_mark=2026 drop=0
[QUEUE_STATS] t_ms=20672 q_pkts=8 q_bytes=12032 qdelay_l_ms=1.06262 qdelay_c_ms=27.7443 ecn_mark=2028 drop=0
[QUEUE_STATS] t_ms=20688 q_pkts=8 q_bytes=12032 qdelay_l_ms=2.12088 qdelay_c_ms=13.3617 ecn_mark=2029 drop=0
[QUEUE_STATS] t_ms=20704 q_pkts=9 q_bytes=13536 qdelay_l_ms=1.05834 qdelay_c_ms=20.8428 ecn_mark=2033 drop=0
[QUEUE_STATS] t_ms=20721 q_pkts=8 q_bytes=12032 qdelay_l_ms=1.0774 qdelay_c_ms=20.678 ecn_mark=2037 drop=0
[QUEUE_STATS] t_ms=20736 q_pkts=9 q_bytes=13536 qdelay_l_ms=0 qdelay_c_ms=27.9921 ecn_mark=2038 drop=0
[QUEUE_STATS] t_ms=20752 q_pkts=9 q_bytes=13536 qdelay_l_ms=1.04646 qdelay_c_ms=21.3919 ecn_mark=2038 drop=0
[QUEUE_STATS] t_ms=20768 q_pkts=10 q_bytes=15040 qdelay_l_ms=1.0346 qdelay_c_ms=25.0345 ecn_mark=2040 drop=0
[QUEUE_STATS] t_ms=20784 q_pkts=9 q_bytes=13536 qdelay_l_ms=1.06219 qdelay_c_ms=26.3165 ecn_mark=2040 drop=0
[QUEUE_STATS] t_ms=20800 q_pkts=10 q_bytes=15040 qdelay_l_ms=0 qdelay_c_ms=28.6494 ecn_mark=2043 drop=0
[QUEUE_STATS] t_ms=20816 q_pkts=9 q_bytes=13536 qdelay_l_ms=1.06247 qdelay_c_ms=23.6473 ecn_mark=2046 drop=0
[QUEUE_STATS] t_ms=20832 q_pkts=11 q_bytes=16544 qdelay_l_ms=2.1178 qdelay_c_ms=25.2992 ecn_mark=2048 drop=0
[QUEUE_STATS] t_ms=20848 q_pkts=9 q_bytes=13536 qdelay_l_ms=0 qdelay_c_ms=29.3285 ecn_mark=2049 drop=0
[QUEUE_STATS] t_ms=20864 q_pkts=11 q_bytes=16544 qdelay_l_ms=0 qdelay_c_ms=33.2247 ecn_mark=2051 drop=0
[QUEUE_STATS] t_ms=20881 q_pkts=10 q_bytes=15040 qdelay_l_ms=1.07412 qdelay_c_ms=30.1643 ecn_mark=2053 drop=0
[QUEUE_STATS] t_ms=20896 q_pkts=9 q_bytes=13536 qdelay_l_ms=2.15826 qdelay_c_ms=31.6839 ecn_mark=2054 drop=0
[QUEUE_STATS] t_ms=20913 q_pkts=5 q_bytes=7520 qdelay_l_ms=1.0743 qdelay_c_ms=22.8246 ecn_mark=2057 drop=0
[QUEUE_STATS] t_ms=20928 q_pkts=6 q_bytes=9024 qdelay_l_ms=1.06606 qdelay_c_ms=12.4365 ecn_mark=2059 drop=0
[QUEUE_STATS] t_ms=20944 q_pkts=3 q_bytes=4512 qdelay_l_ms=0 qdelay_c_ms=8.26851 ecn_mark=2060 drop=0
[QUEUE_STATS] t_ms=20960 q_pkts=4 q_bytes=6016 qdelay_l_ms=0 qdelay_c_ms=7.6421 ecn_mark=2063 drop=0
[QUEUE_STATS] t_ms=20976 q_pkts=5 q_bytes=7520 qdelay_l_ms=1.05778 qdelay_c_ms=11.8117 ecn_mark=2064 drop=0
[QUEUE_STATS] t_ms=20992 q_pkts=6 q_bytes=9024 qdelay_l_ms=2.15246 qdelay_c_ms=12.8568 ecn_mark=2066 drop=0
[QUEUE_STATS] t_ms=21009 q_pkts=5 q_bytes=7520 qdelay_l_ms=1.06236 qdelay_c_ms=10.9691 ecn_mark=2066 drop=0
[QUEUE_STATS] t_ms=21024 q_pkts=6 q_bytes=9024 qdelay_l_ms=0 qdelay_c_ms=12.7725 ecn_mark=2066 drop=0
[QUEUE_STATS] t_ms=21040 q_pkts=6 q_bytes=9024 qdelay_l_ms=1.05936 qdelay_c_ms=16.4257 ecn_mark=2069 drop=0
[QUEUE_STATS] t_ms=21056 q_pkts=7 q_bytes=10528 qdelay_l_ms=1.05751 qdelay_c_ms=12.376 ecn_mark=2070 drop=0
[QUEUE_STATS] t_ms=21072 q_pkts=6 q_bytes=9024 qdelay_l_ms=0 qdelay_c_ms=19.1824 ecn_mark=2071 drop=0
[QUEUE_STATS] t_ms=21088 q_pkts=8 q_bytes=12032 qdelay_l_ms=1.05801 qdelay_c_ms=17.1279 ecn_mark=2072 drop=0
[QUEUE_STATS] t_ms=21104 q_pkts=6 q_bytes=9024 qdelay_l_ms=1.06829 qdelay_c_ms=18.1187 ecn_mark=2072 drop=0
[QUEUE_STATS] t_ms=21120 q_pkts=7 q_bytes=10528 qdelay_l_ms=1.05848 qdelay_c_ms=14.6399 ecn_mark=2073 drop=0
[QUEUE_STATS] t_ms=21136 q_pkts=6 q_bytes=9024 qdelay_l_ms=1.05908 qdelay_c_ms=15.665 ecn_mark=2073 drop=0
[QUEUE_STATS] t_ms=21152 q_pkts=8 q_bytes=12032 qdelay_l_ms=1.06408 qdelay_c_ms=12.4284 ecn_mark=2076 drop=0
[QUEUE_STATS] t_ms=21168 q_pkts=8 q_bytes=12032 qdelay_l_ms=0 qdelay_c_ms=17.2031 ecn_mark=2077 drop=0
[QUEUE_STATS] t_ms=21185 q_pkts=7 q_bytes=10528 qdelay_l_ms=0 qdelay_c_ms=22.1428 ecn_mark=2079 drop=0
[QUEUE_STATS] t_ms=21201 q_pkts=8 q_bytes=12032 qdelay_l_ms=0 qdelay_c_ms=18.1703 ecn_mark=2080 drop=0
[QUEUE_STATS] t_ms=21216 q_pkts=8 q_bytes=12032 qdelay_l_ms=1.07363 qdelay_c_ms=16.9211 ecn_mark=2082 drop=0
[QUEUE_STATS] t_ms=21232 q_pkts=9 q_bytes=13536 qdelay_l_ms=1.06166 qdelay_c_ms=16.7325 ecn_mark=2082 drop=0
[QUEUE_STATS] t_ms=21248 q_pkts=8 q_bytes=12032 qdelay_l_ms=1.06514 qdelay_c_ms=20.6799 ecn_mark=2084 drop=0
[QUEUE_STATS] t_ms=21264 q_pkts=8 q_bytes=12032 qdelay_l_ms=1.06553 qdelay_c_ms=22.4888 ecn_mark=2088 drop=0
[QUEUE_STATS] t_ms=21280 q_pkts=8 q_bytes=12032 qdelay_l_ms=1.05686 qdelay_c_ms=20.8592 ecn_mark=2088 drop=0
[QUEUE_STATS] t_ms=21296 q_pkts=10 q_bytes=15040 qdelay_l_ms=1.06153 qdelay_c_ms=26.411 ecn_mark=2090 drop=0
[QUEUE_STATS] t_ms=21312 q_pkts=8 q_bytes=12032 qdelay_l_ms=1.06793 qdelay_c_ms=17.864 ecn_mark=2091 drop=0
[QUEUE_STATS] t_ms=21329 q_pkts=8 q_bytes=12032 qdelay_l_ms=0 qdelay_c_ms=23.5051 ecn_mark=2092 drop=0
[QUEUE_STATS] t_ms=21345 q_pkts=10 q_bytes=15040 qdelay_l_ms=1.08056 qdelay_c_ms=23.1223 ecn_mark=2095 drop=0
[QUEUE_STATS] t_ms=21360 q_pkts=7 q_bytes=10528 qdelay_l_ms=0 qdelay_c_ms=27.0143 ecn_mark=2098 drop=0
[QUEUE_STATS] t_ms=21376 q_pkts=8 q_bytes=12032 qdelay_l_ms=0 qdelay_c_ms=15.6849 ecn_mark=2098 drop=0
[QUEUE_STATS] t_ms=21392 q_pkts=8 q_bytes=12032 qdelay_l_ms=0 qdelay_c_ms=23.347 ecn_mark=2100 drop=0
[QUEUE_STATS] t_ms=21409 q_pkts=10 q_bytes=15040 qdelay_l_ms=1.07088 qdelay_c_ms=20.6383 ecn_mark=2104 drop=0
[QUEUE_STATS] t_ms=21424 q_pkts=10 q_bytes=15040 qdelay_l_ms=1.05439 qdelay_c_ms=24.9492 ecn_mark=2106 drop=0
[QUEUE_STATS] t_ms=21440 q_pkts=9 q_bytes=13536 qdelay_l_ms=1.0576 qdelay_c_ms=25.297 ecn_mark=2108 drop=0
[QUEUE_STATS] t_ms=21456 q_pkts=9 q_bytes=13536 qdelay_l_ms=1.42652 qdelay_c_ms=22.159 ecn_mark=2111 drop=0
[QUEUE_STATS] t_ms=21472 q_pkts=11 q_bytes=16544 qdelay_l_ms=1.05963 qdelay_c_ms=24.6338 ecn_mark=2111 drop=0
[QUEUE_STATS] t_ms=21488 q_pkts=11 q_bytes=16544 qdelay_l_ms=0 qdelay_c_ms=20.2361 ecn_mark=2115 drop=0
[QUEUE_STATS] t_ms=21504 q_pkts=12 q_bytes=18048 qdelay_l_ms=1.05835 qdelay_c_ms=29.0286 ecn_mark=2116 drop=0
[QUEUE_STATS] t_ms=21520 q_pkts=12 q_bytes=18048 qdelay_l_ms=1.073 qdelay_c_ms=30.1386 ecn_mark=2116 drop=0
[QUEUE_STATS] t_ms=21536 q_pkts=10 q_bytes=15040 qdelay_l_ms=1.06226 qdelay_c_ms=27.2918 ecn_mark=2117 drop=0
[QUEUE_STATS] t_ms=21552 q_pkts=11 q_bytes=16544 qdelay_l_ms=1.07008 qdelay_c_ms=27.328 ecn_mark=2120 drop=0
[QUEUE_STATS] t_ms=21568 q_pkts=9 q_bytes=13536 qdelay_l_ms=1.06266 qdelay_c_ms=24.6705 ecn_mark=2121 drop=0
[QUEUE_STATS] t_ms=21584 q_pkts=12 q_bytes=18048 qdelay_l_ms=1.06034 qdelay_c_ms=25.436 ecn_mark=2122 drop=0
[QUEUE_STATS] t_ms=21600 q_pkts=12 q_bytes=18048 qdelay_l_ms=0 qdelay_c_ms=29.4049 ecn_mark=2124 drop=0
[QUEUE_STATS] t_ms=21616 q_pkts=12 q_bytes=18048 qdelay_l_ms=1.0055 qdelay_c_ms=31.3696 ecn_mark=2127 drop=0
[QUEUE_STATS] t_ms=21632 q_pkts=13 q_bytes=19552 qdelay_l_ms=1.04291 qdelay_c_ms=31.124 ecn_mark=2128 drop=0
[QUEUE_STATS] t_ms=21648 q_pkts=13 q_bytes=19552 qdelay_l_ms=1.03699 qdelay_c_ms=33.0209 ecn_mark=2130 drop=0
[QUEUE_STATS] t_ms=21664 q_pkts=13 q_bytes=19552 qdelay_l_ms=2.11785 qdelay_c_ms=35.685 ecn_mark=2132 drop=0
[QUEUE_STATS] t_ms=21680 q_pkts=10 q_bytes=15040 qdelay_l_ms=1.05983 qdelay_c_ms=31.5927 ecn_mark=2132 drop=0
[QUEUE_STATS] t_ms=21696 q_pkts=9 q_bytes=13536 qdelay_l_ms=1.05567 qdelay_c_ms=38.3473 ecn_mark=2133 drop=0
[QUEUE_STATS] t_ms=21712 q_pkts=7 q_bytes=10528 qdelay_l_ms=0 qdelay_c_ms=33.0397 ecn_mark=2134 drop=0
[QUEUE_STATS] t_ms=21729 q_pkts=6 q_bytes=9024 qdelay_l_ms=2.12948 qdelay_c_ms=16.6944 ecn_mark=2135 drop=0
[QUEUE_STATS] t_ms=21744 q_pkts=7 q_bytes=10528 qdelay_l_ms=2.11791 qdelay_c_ms=19.1911 ecn_mark=2136 drop=0
[QUEUE_STATS] t_ms=21760 q_pkts=7 q_bytes=10528 qdelay_l_ms=3.01682 qdelay_c_ms=14.241 ecn_mark=2136 drop=0
[QUEUE_STATS] t_ms=21776 q_pkts=8 q_bytes=12032 qdelay_l_ms=0 qdelay_c_ms=18.1753 ecn_mark=2139 drop=0
[QUEUE_STATS] t_ms=21792 q_pkts=6 q_bytes=9024 qdelay_l_ms=0 qdelay_c_ms=22.2909 ecn_mark=2140 drop=0
[QUEUE_STATS] t_ms=21808 q_pkts=9 q_bytes=13536 qdelay_l_ms=1.03274 qdelay_c_ms=20.0486 ecn_mark=2141 drop=0
[QUEUE_STATS] t_ms=21824 q_pkts=8 q_bytes=12032 qdelay_l_ms=1.06059 qdelay_c_ms=21.8475 ecn_mark=2144 drop=0
[QUEUE_STATS] t_ms=21840 q_pkts=7 q_bytes=10528 qdelay_l_ms=2.12141 qdelay_c_ms=18.0225 ecn_mark=2145 drop=0
[QUEUE_STATS] t_ms=21856 q_pkts=9 q_bytes=13536 qdelay_l_ms=0 qdelay_c_ms=19.9462 ecn_mark=2147 drop=0
[QUEUE_STATS] t_ms=21872 q_pkts=8 q_bytes=12032 qdelay_l_ms=0 qdelay_c_ms=26.3976 ecn_mark=2149 drop=0
[QUEUE_STATS] t_ms=21888 q_pkts=9 q_bytes=13536 qdelay_l_ms=1.0602 qdelay_c_ms=19.1008 ecn_mark=2152 drop=0
[QUEUE_STATS] t_ms=21904 q_pkts=7 q_bytes=10528 qdelay_l_ms=0 qdelay_c_ms=24.3214 ecn_mark=2154 drop=0
[QUEUE_STATS] t_ms=21920 q_pkts=7 q_bytes=10528 qdelay_l_ms=1.06921 qdelay_c_ms=26.9754 ecn_mark=2156 drop=0
[QUEUE_STATS] t_ms=21936 q_pkts=4 q_bytes=6016 qdelay_l_ms=1.05736 qdelay_c_ms=9.91887 ecn_mark=2156 drop=0
[QUEUE_STATS] t_ms=21952 q_pkts=4 q_bytes=6016 qdelay_l_ms=1.05012 qdelay_c_ms=9.29315 ecn_mark=2157 drop=0
[QUEUE_STATS] t_ms=21968 q_pkts=5 q_bytes=7520 qdelay_l_ms=1.06232 qdelay_c_ms=6.70904 ecn_mark=2157 drop=0
[QUEUE_STATS] t_ms=21984 q_pkts=5 q_bytes=7520 qdelay_l_ms=1.06984 qdelay_c_ms=10.0361 ecn_mark=2160 drop=0
[QUEUE_STATS] t_ms=22000 q_pkts=4 q_bytes=6016 qdelay_l_ms=2.11798 qdelay_c_ms=8.5284 ecn_mark=2161 drop=0
[QUEUE_STATS] t_ms=22016 q_pkts=3 q_bytes=4512 qdelay_l_ms=0 qdelay_c_ms=13.8591 ecn_mark=2163 drop=0
[QUEUE_STATS] t_ms=22032 q_pkts=3 q_bytes=4512 qdelay_l_ms=0 qdelay_c_ms=12.3821 ecn_mark=2165 drop=0
[QUEUE_STATS] t_ms=22048 q_pkts=5 q_bytes=7520 qdelay_l_ms=0 qdelay_c_ms=7.82562 ecn_mark=2166 drop=0
[QUEUE_STATS] t_ms=22064 q_pkts=3 q_bytes=4512 qdelay_l_ms=1.06261 qdelay_c_ms=10.1646 ecn_mark=2167 drop=0
[QUEUE_STATS] t_ms=22080 q_pkts=6 q_bytes=9024 qdelay_l_ms=1.06149 qdelay_c_ms=10.335 ecn_mark=2169 drop=0
[QUEUE_STATS] t_ms=22096 q_pkts=5 q_bytes=7520 qdelay_l_ms=2.13736 qdelay_c_ms=9.5961 ecn_mark=2169 drop=0
[QUEUE_STATS] t_ms=22112 q_pkts=6 q_bytes=9024 qdelay_l_ms=1.05297 qdelay_c_ms=14.2701 ecn_mark=2169 drop=0
[QUEUE_STATS] t_ms=22128 q_pkts=6 q_bytes=9024 qdelay_l_ms=1.06092 qdelay_c_ms=13.587 ecn_mark=2171 drop=0
[QUEUE_STATS] t_ms=22144 q_pkts=7 q_bytes=10528 qdelay_l_ms=1.06387 qdelay_c_ms=16.0192 ecn_mark=2173 drop=0
[QUEUE_STATS] t_ms=22160 q_pkts=6 q_bytes=9024 qdelay_l_ms=0 qdelay_c_ms=20.3503 ecn_mark=2175 drop=0
[QUEUE_STATS] t_ms=22177 q_pkts=8 q_bytes=12032 qdelay_l_ms=1.07153 qdelay_c_ms=18.1772 ecn_mark=2175 drop=0
[QUEUE_STATS] t_ms=22192 q_pkts=5 q_bytes=7520 qdelay_l_ms=0 qdelay_c_ms=17.2337 ecn_mark=2177 drop=0
[QUEUE_STATS] t_ms=22208 q_pkts=7 q_bytes=10528 qdelay_l_ms=1.06899 qdelay_c_ms=13.555 ecn_mark=2180 drop=0
[QUEUE_STATS] t_ms=22224 q_pkts=7 q_bytes=10528 qdelay_l_ms=0 qdelay_c_ms=14.9606 ecn_mark=2181 drop=0
[QUEUE_STATS] t_ms=22240 q_pkts=8 q_bytes=12032 qdelay_l_ms=0 qdelay_c_ms=18.8737 ecn_mark=2182 drop=0
[QUEUE_STATS] t_ms=22256 q_pkts=7 q_bytes=10528 qdelay_l_ms=2.11779 qdelay_c_ms=14.4369 ecn_mark=2184 drop=0
[QUEUE_STATS] t_ms=22272 q_pkts=8 q_bytes=12032 qdelay_l_ms=0 qdelay_c_ms=22.3302 ecn_mark=2184 drop=0
[QUEUE_STATS] t_ms=22288 q_pkts=8 q_bytes=12032 qdelay_l_ms=0 qdelay_c_ms=20.9355 ecn_mark=2185 drop=0
[QUEUE_STATS] t_ms=22304 q_pkts=10 q_bytes=15040 qdelay_l_ms=1.06788 qdelay_c_ms=22.4864 ecn_mark=2187 drop=0
[QUEUE_STATS] t_ms=22320 q_pkts=9 q_bytes=13536 qdelay_l_ms=1.00388 qdelay_c_ms=22.3255 ecn_mark=2189 drop=0
[QUEUE_STATS] t_ms=22336 q_pkts=9 q_bytes=13536 qdelay_l_ms=2.11285 qdelay_c_ms=22.9594 ecn_mark=2189 drop=0
[QUEUE_STATS] t_ms=22352 q_pkts=9 q_bytes=13536 qdelay_l_ms=1.05922 qdelay_c_ms=23.7224 ecn_mark=2190 drop=0
[QUEUE_STATS] t_ms=22368 q_pkts=9 q_bytes=13536 qdelay_l_ms=1.0575 qdelay_c_ms=29.1997 ecn_mark=2190 drop=0
[QUEUE_STATS] t_ms=22385 q_pkts=10 q_bytes=15040 qdelay_l_ms=1.07203 qdelay_c_ms=28.3762 ecn_mark=2193 drop=0
[QUEUE_STATS] t_ms=22400 q_pkts=10 q_bytes=15040 qdelay_l_ms=2.1141 qdelay_c_ms=24.7116 ecn_mark=2196 drop=0
[QUEUE_STATS] t_ms=22416 q_pkts=10 q_bytes=15040 qdelay_l_ms=0.810801 qdelay_c_ms=29.273 ecn_mark=2196 drop=0
[QUEUE_STATS] t_ms=22432 q_pkts=10 q_bytes=15040 qdelay_l_ms=1.05704 qdelay_c_ms=25.5254 ecn_mark=2199 drop=0
[QUEUE_STATS] t_ms=22448 q_pkts=11 q_bytes=16544 qdelay_l_ms=1.05754 qdelay_c_ms=22.5726 ecn_mark=2200 drop=0
[QUEUE_STATS] t_ms=22464 q_pkts=11 q_bytes=16544 qdelay_l_ms=1.05998 qdelay_c_ms=30.8583 ecn_mark=2201 drop=0
[QUEUE_STATS] t_ms=22481 q_pkts=10 q_bytes=15040 qdelay_l_ms=2.12372 qdelay_c_ms=28.5453 ecn_mark=2203 drop=0
[QUEUE_STATS] t_ms=22496 q_pkts=11 q_bytes=16544 qdelay_l_ms=2.33958 qdelay_c_ms=28.4558 ecn_mark=2204 drop=0
[QUEUE_STATS] t_ms=22513 q_pkts=13 q_bytes=19552 qdelay_l_ms=0 qdelay_c_ms=29.8648 ecn_mark=2208 drop=0
[QUEUE_STATS] t_ms=22528 q_pkts=12 q_bytes=18048 qdelay_l_ms=1.03372 qdelay_c_ms=30.1635 ecn_mark=2209 drop=0
[QUEUE_STATS] t_ms=22544 q_pkts=12 q_bytes=18048 qdelay_l_ms=1.0669 qdelay_c_ms=34.3083 ecn_mark=2209 drop=0
[QUEUE_STATS] t_ms=22560 q_pkts=12 q_bytes=18048 qdelay_l_ms=0 qdelay_c_ms=40.5092 ecn_mark=2211 drop=0
[QUEUE_STATS] t_ms=22576 q_pkts=12 q_bytes=18048 qdelay_l_ms=1.05871 qdelay_c_ms=42.1004 ecn_mark=2211 drop=0
[QUEUE_STATS] t_ms=22592 q_pkts=12 q_bytes=18048 qdelay_l_ms=1.0618 qdelay_c_ms=45.7943 ecn_mark=2212 drop=0
[QUEUE_STATS] t_ms=22608 q_pkts=12 q_bytes=18048 qdelay_l_ms=1.0532 qdelay_c_ms=36.5649 ecn_mark=2214 drop=0
[QUEUE_STATS] t_ms=22624 q_pkts=14 q_bytes=21056 qdelay_l_ms=1.05405 qdelay_c_ms=39.8104 ecn_mark=2215 drop=0
[QUEUE_STATS] t_ms=22640 q_pkts=13 q_bytes=19552 qdelay_l_ms=2.31781 qdelay_c_ms=34.0172 ecn_mark=2217 drop=0
[QUEUE_STATS] t_ms=22656 q_pkts=13 q_bytes=19552 qdelay_l_ms=0.909847 qdelay_c_ms=37.7202 ecn_mark=2221 drop=0
[QUEUE_STATS] t_ms=22672 q_pkts=12 q_bytes=18048 qdelay_l_ms=0 qdelay_c_ms=44.0018 ecn_mark=2222 drop=0
[QUEUE_STATS] t_ms=22688 q_pkts=11 q_bytes=16544 qdelay_l_ms=1.05997 qdelay_c_ms=34.1643 ecn_mark=2226 drop=0
[QUEUE_STATS] t_ms=22704 q_pkts=12 q_bytes=18048 qdelay_l_ms=1.05845 qdelay_c_ms=38.7445 ecn_mark=2227 drop=0
[QUEUE_STATS] t_ms=22720 q_pkts=13 q_bytes=19552 qdelay_l_ms=0 qdelay_c_ms=36.9478 ecn_mark=2230 drop=0
[QUEUE_STATS] t_ms=22736 q_pkts=14 q_bytes=21056 qdelay_l_ms=1.06816 qdelay_c_ms=41.7455 ecn_mark=2232 drop=0
[QUEUE_STATS] t_ms=22752 q_pkts=13 q_bytes=19552 qdelay_l_ms=1.0585 qdelay_c_ms=41.2998 ecn_mark=2233 drop=0
[QUEUE_STATS] t_ms=22768 q_pkts=13 q_bytes=19552 qdelay_l_ms=1.03312 qdelay_c_ms=37.8164 ecn_mark=2234 drop=0
[QUEUE_STATS] t_ms=22784 q_pkts=14 q_bytes=21056 qdelay_l_ms=2.10837 qdelay_c_ms=38.5465 ecn_mark=2236 drop=0
[QUEUE_STATS] t_ms=22800 q_pkts=12 q_bytes=18048 qdelay_l_ms=1.05893 qdelay_c_ms=34.7587 ecn_mark=2237 drop=0
[QUEUE_STATS] t_ms=22816 q_pkts=14 q_bytes=21056 qdelay_l_ms=1.05792 qdelay_c_ms=36.9968 ecn_mark=2239 drop=0
[QUEUE_STATS] t_ms=22832 q_pkts=13 q_bytes=19552 qdelay_l_ms=2.11775 qdelay_c_ms=30.9139 ecn_mark=2242 drop=0
[QUEUE_STATS] t_ms=22848 q_pkts=15 q_bytes=22560 qdelay_l_ms=2.11705 qdelay_c_ms=36.8671 ecn_mark=2245 drop=0
[QUEUE_STATS] t_ms=22864 q_pkts=13 q_bytes=19552 qdelay_l_ms=0 qdelay_c_ms=43.5046 ecn_mark=2247 drop=0
[QUEUE_STATS] t_ms=22880 q_pkts=13 q_bytes=19552 qdelay_l_ms=0 qdelay_c_ms=40.1399 ecn_mark=2248 drop=0
[QUEUE_STATS] t_ms=22896 q_pkts=14 q_bytes=21056 qdelay_l_ms=1.06173 qdelay_c_ms=45.0658 ecn_mark=2250 drop=0
[QUEUE_STATS] t_ms=22912 q_pkts=14 q_bytes=21056 qdelay_l_ms=1.06169 qdelay_c_ms=39.2889 ecn_mark=2252 drop=0
[QUEUE_STATS] t_ms=22928 q_pkts=13 q_bytes=19552 qdelay_l_ms=1.78472 qdelay_c_ms=34.0774 ecn_mark=2254 drop=0
[QUEUE_STATS] t_ms=22944 q_pkts=15 q_bytes=22560 qdelay_l_ms=1.07559 qdelay_c_ms=36.5943 ecn_mark=2257 drop=0
[QUEUE_STATS] t_ms=22960 q_pkts=14 q_bytes=21056 qdelay_l_ms=1.0485 qdelay_c_ms=38.7836 ecn_mark=2257 drop=0
[QUEUE_STATS] t_ms=22977 q_pkts=16 q_bytes=24064 qdelay_l_ms=1.06197 qdelay_c_ms=40.861 ecn_mark=2258 drop=0
[QUEUE_STATS] t_ms=22993 q_pkts=14 q_bytes=21056 qdelay_l_ms=1.06687 qdelay_c_ms=37.6325 ecn_mark=2258 drop=0
[QUEUE_STATS] t_ms=23008 q_pkts=14 q_bytes=21056 qdelay_l_ms=1.06027 qdelay_c_ms=43.5331 ecn_mark=2259 drop=0
[QUEUE_STATS] t_ms=23024 q_pkts=14 q_bytes=21056 qdelay_l_ms=1.05769 qdelay_c_ms=39.8329 ecn_mark=2261 drop=0
[QUEUE_STATS] t_ms=23040 q_pkts=15 q_bytes=22560 qdelay_l_ms=1.06961 qdelay_c_ms=43.5788 ecn_mark=2265 drop=0
[QUEUE_STATS] t_ms=23056 q_pkts=17 q_bytes=25568 qdelay_l_ms=0 qdelay_c_ms=44.2855 ecn_mark=2267 drop=0
[QUEUE_STATS] t_ms=23072 q_pkts=16 q_bytes=24064 qdelay_l_ms=2.11294 qdelay_c_ms=44.1417 ecn_mark=2272 drop=0
[QUEUE_STATS] t_ms=23088 q_pkts=15 q_bytes=22560 qdelay_l_ms=2.11705 qdelay_c_ms=44.5927 ecn_mark=2274 drop=0
[QUEUE_STATS] t_ms=23104 q_pkts=14 q_bytes=21056 qdelay_l_ms=1.07394 qdelay_c_ms=39.3974 ecn_mark=2275 drop=0
[QUEUE_STATS] t_ms=23120 q_pkts=13 q_bytes=19552 qdelay_l_ms=2.13362 qdelay_c_ms=40.002 ecn_mark=2275 drop=0
[QUEUE_STATS] t_ms=23136 q_pkts=11 q_bytes=16544 qdelay_l_ms=0 qdelay_c_ms=41.8783 ecn_mark=2276 drop=0
[QUEUE_STATS] t_ms=23152 q_pkts=10 q_bytes=15040 qdelay_l_ms=1.02782 qdelay_c_ms=35.4043 ecn_mark=2276 drop=0
[QUEUE_STATS] t_ms=23168 q_pkts=8 q_bytes=12032 qdelay_l_ms=1.0715 qdelay_c_ms=28.807 ecn_mark=2277 drop=0
[QUEUE_STATS] t_ms=23185 q_pkts=10 q_bytes=15040 qdelay_l_ms=3.20307 qdelay_c_ms=22.1405 ecn_mark=2278 drop=0
[QUEUE_STATS] t_ms=23200 q_pkts=8 q_bytes=12032 qdelay_l_ms=0 qdelay_c_ms=24.4437 ecn_mark=2280 drop=0
[QUEUE_STATS] t_ms=23216 q_pkts=10 q_bytes=15040 qdelay_l_ms=0 qdelay_c_ms=26.7708 ecn_mark=2281 drop=0
[QUEUE_STATS] t_ms=23232 q_pkts=10 q_bytes=15040 qdelay_l_ms=1.06316 qdelay_c_ms=22.5238 ecn_mark=2282 drop=0
[QUEUE_STATS] t_ms=23248 q_pkts=10 q_bytes=15040 qdelay_l_ms=2.11506 qdelay_c_ms=26.7066 ecn_mark=2284 drop=0
[QUEUE_STATS] t_ms=23264 q_pkts=10 q_bytes=15040 qdelay_l_ms=2.11933 qdelay_c_ms=29.1292 ecn_mark=2285 drop=0
[QUEUE_STATS] t_ms=23280 q_pkts=10 q_bytes=15040 qdelay_l_ms=0 qdelay_c_ms=28.6298 ecn_mark=2289 drop=0
[QUEUE_STATS] t_ms=23296 q_pkts=10 q_bytes=15040 qdelay_l_ms=0 qdelay_c_ms=31.0147 ecn_mark=2290 drop=0
[QUEUE_STATS] t_ms=23313 q_pkts=9 q_bytes=13536 qdelay_l_ms=1.06 qdelay_c_ms=31.384 ecn_mark=2292 drop=0
[QUEUE_STATS] t_ms=23328 q_pkts=7 q_bytes=10528 qdelay_l_ms=2.11737 qdelay_c_ms=23.2072 ecn_mark=2295 drop=0
[QUEUE_STATS] t_ms=23344 q_pkts=5 q_bytes=7520 qdelay_l_ms=1.0651 qdelay_c_ms=22.8692 ecn_mark=2295 drop=0
[QUEUE_STATS] t_ms=23361 q_pkts=7 q_bytes=10528 qdelay_l_ms=1.06703 qdelay_c_ms=16.0541 ecn_mark=2297 drop=0
[QUEUE_STATS] t_ms=23376 q_pkts=7 q_bytes=10528 qdelay_l_ms=1.07196 qdelay_c_ms=17.0005 ecn_mark=2299 drop=0
[QUEUE_STATS] t_ms=23392 q_pkts=6 q_bytes=9024 qdelay_l_ms=1.04738 qdelay_c_ms=19.5253 ecn_mark=2301 drop=0
[QUEUE_STATS] t_ms=23408 q_pkts=7 q_bytes=10528 qdelay_l_ms=0 qdelay_c_ms=23.4671 ecn_mark=2302 drop=0
[QUEUE_STATS] t_ms=23425 q_pkts=7 q_bytes=10528 qdelay_l_ms=1.06228 qdelay_c_ms=20.6471 ecn_mark=2305 drop=0
[QUEUE_STATS] t_ms=23440 q_pkts=6 q_bytes=9024 qdelay_l_ms=0.775815 qdelay_c_ms=14.5643 ecn_mark=2307 drop=0
[QUEUE_STATS] t_ms=23456 q_pkts=6 q_bytes=9024 qdelay_l_ms=2.13756 qdelay_c_ms=12.8642 ecn_mark=2309 drop=0
[QUEUE_STATS] t_ms=23472 q_pkts=5 q_bytes=7520 qdelay_l_ms=1.06305 qdelay_c_ms=15.6131 ecn_mark=2310 drop=0
[QUEUE_STATS] t_ms=23488 q_pkts=7 q_bytes=10528 qdelay_l_ms=1.05061 qdelay_c_ms=12.5638 ecn_mark=2312 drop=0
[QUEUE_STATS] t_ms=23504 q_pkts=7 q_bytes=10528 qdelay_l_ms=1.05906 qdelay_c_ms=18.0158 ecn_mark=2313 drop=0
[QUEUE_STATS] t_ms=23520 q_pkts=7 q_bytes=10528 qdelay_l_ms=2.12106 qdelay_c_ms=14.2625 ecn_mark=2313 drop=0
[QUEUE_STATS] t_ms=23536 q_pkts=7 q_bytes=10528 qdelay_l_ms=1.06016 qdelay_c_ms=22.9969 ecn_mark=2316 drop=0
[QUEUE_STATS] t_ms=23553 q_pkts=7 q_bytes=10528 qdelay_l_ms=1.06734 qdelay_c_ms=16.2562 ecn_mark=2316 drop=0
[QUEUE_STATS] t_ms=23568 q_pkts=8 q_bytes=12032 qdelay_l_ms=1.06048 qdelay_c_ms=20.3931 ecn_mark=2320 drop=0
[QUEUE_STATS] t_ms=23584 q_pkts=8 q_bytes=12032 qdelay_l_ms=1.05673 qdelay_c_ms=18.0747 ecn_mark=2320 drop=0
[QUEUE_STATS] t_ms=23600 q_pkts=7 q_bytes=10528 qdelay_l_ms=2.03989 qdelay_c_ms=19.7089 ecn_mark=2321 drop=0
[QUEUE_STATS] t_ms=23616 q_pkts=8 q_bytes=12032 qdelay_l_ms=1.06063 qdelay_c_ms=20.7063 ecn_mark=2324 drop=0
[QUEUE_STATS] t_ms=23632 q_pkts=7 q_bytes=10528 qdelay_l_ms=0 qdelay_c_ms=20.303 ecn_mark=2324 drop=0
[QUEUE_STATS] t_ms=23649 q_pkts=9 q_bytes=13536 qdelay_l_ms=1.08573 qdelay_c_ms=21.0549 ecn_mark=2325 drop=0
[QUEUE_STATS] t_ms=23664 q_pkts=10 q_bytes=15040 qdelay_l_ms=2.11115 qdelay_c_ms=18.9581 ecn_mark=2328 drop=0
[QUEUE_STATS] t_ms=23681 q_pkts=10 q_bytes=15040 qdelay_l_ms=1.07819 qdelay_c_ms=30.9242 ecn_mark=2331 drop=0
[QUEUE_STATS] t_ms=23696 q_pkts=9 q_bytes=13536 qdelay_l_ms=1.02759 qdelay_c_ms=26.7686 ecn_mark=2331 drop=0
[QUEUE_STATS] t_ms=23713 q_pkts=8 q_bytes=12032 qdelay_l_ms=1.06806 qdelay_c_ms=27.7451 ecn_mark=2332 drop=0
[QUEUE_STATS] t_ms=23729 q_pkts=9 q_bytes=13536 qdelay_l_ms=2.13122 qdelay_c_ms=23.2781 ecn_mark=2334 drop=0
[QUEUE_STATS] t_ms=23744 q_pkts=9 q_bytes=13536 qdelay_l_ms=1.06134 qdelay_c_ms=22.1021 ecn_mark=2336 drop=0
[QUEUE_STATS] t_ms=23760 q_pkts=9 q_bytes=13536 qdelay_l_ms=0 qdelay_c_ms=27.0957 ecn_mark=2340 drop=0
[QUEUE_STATS] t_ms=23776 q_pkts=11 q_bytes=16544 qdelay_l_ms=1.06885 qdelay_c_ms=27.1348 ecn_mark=2340 drop=0
[QUEUE_STATS] t_ms=23792 q_pkts=10 q_bytes=15040 qdelay_l_ms=1.06248 qdelay_c_ms=26.082 ecn_mark=2344 drop=0
[QUEUE_STATS] t_ms=23809 q_pkts=10 q_bytes=15040 qdelay_l_ms=2.13874 qdelay_c_ms=24.2873 ecn_mark=2346 drop=0
[QUEUE_STATS] t_ms=23825 q_pkts=10 q_bytes=15040 qdelay_l_ms=1.08232 qdelay_c_ms=25.6898 ecn_mark=2346 drop=0
[QUEUE_STATS] t_ms=23840 q_pkts=10 q_bytes=15040 qdelay_l_ms=1.06028 qdelay_c_ms=24.559 ecn_mark=2350 drop=0
[QUEUE_STATS] t_ms=23856 q_pkts=11 q_bytes=16544 qdelay_l_ms=1.06697 qdelay_c_ms=22.1571 ecn_mark=2350 drop=0
[QUEUE_STATS] t_ms=23872 q_pkts=11 q_bytes=16544 qdelay_l_ms=1.05912 qdelay_c_ms=25.3342 ecn_mark=2352 drop=0
[QUEUE_STATS] t_ms=23888 q_pkts=11 q_bytes=16544 qdelay_l_ms=0 qdelay_c_ms=32.4786 ecn_mark=2355 drop=0
[QUEUE_STATS] t_ms=23904 q_pkts=10 q_bytes=15040 qdelay_l_ms=2.0378 qdelay_c_ms=26.632 ecn_mark=2357 drop=0
[QUEUE_STATS] t_ms=23920 q_pkts=12 q_bytes=18048 qdelay_l_ms=1.06329 qdelay_c_ms=29.4701 ecn_mark=2359 drop=0
[QUEUE_STATS] t_ms=23936 q_pkts=12 q_bytes=18048 qdelay_l_ms=0 qdelay_c_ms=31.6565 ecn_mark=2360 drop=0
[QUEUE_STATS] t_ms=23952 q_pkts=12 q_bytes=18048 qdelay_l_ms=1.03268 qdelay_c_ms=28.9747 ecn_mark=2361 drop=0
[QUEUE_STATS] t_ms=23968 q_pkts=11 q_bytes=16544 qdelay_l_ms=1.0305 qdelay_c_ms=32.1965 ecn_mark=2363 drop=0
[QUEUE_STATS] t_ms=23984 q_pkts=11 q_bytes=16544 qdelay_l_ms=1.01993 qdelay_c_ms=29.8682 ecn_mark=2366 drop=0
[QUEUE_STATS] t_ms=24000 q_pkts=10 q_bytes=15040 qdelay_l_ms=2.11341 qdelay_c_ms=23.6042 ecn_mark=2369 drop=0
[QUEUE_STATS] t_ms=24016 q_pkts=11 q_bytes=16544 qdelay_l_ms=0 qdelay_c_ms=28.4657 ecn_mark=2369 drop=0
[QUEUE_STATS] t_ms=24032 q_pkts=12 q_bytes=18048 qdelay_l_ms=0 qdelay_c_ms=29.4442 ecn_mark=2371 drop=0
[QUEUE_STATS] t_ms=24048 q_pkts=11 q_bytes=16544 qdelay_l_ms=0 qdelay_c_ms=24.5038 ecn_mark=2374 drop=0
[QUEUE_STATS] t_ms=24064 q_pkts=11 q_bytes=16544 qdelay_l_ms=0 qdelay_c_ms=28.1852 ecn_mark=2374 drop=0
[QUEUE_STATS] t_ms=24080 q_pkts=10 q_bytes=15040 qdelay_l_ms=0 qdelay_c_ms=23.6388 ecn_mark=2377 drop=0
[QUEUE_STATS] t_ms=24096 q_pkts=12 q_bytes=18048 qdelay_l_ms=0 qdelay_c_ms=26.8706 ecn_mark=2378 drop=0
[QUEUE_STATS] t_ms=24112 q_pkts=11 q_bytes=16544 qdelay_l_ms=1.05699 qdelay_c_ms=27.6626 ecn_mark=2379 drop=0
[QUEUE_STATS] t_ms=24128 q_pkts=11 q_bytes=16544 qdelay_l_ms=0 qdelay_c_ms=29.8847 ecn_mark=2379 drop=0
[QUEUE_STATS] t_ms=24144 q_pkts=11 q_bytes=16544 qdelay_l_ms=1.05828 qdelay_c_ms=24.3678 ecn_mark=2380 drop=0
[QUEUE_STATS] t_ms=24160 q_pkts=13 q_bytes=19552 qdelay_l_ms=1.07736 qdelay_c_ms=26.1078 ecn_mark=2381 drop=0
[QUEUE_STATS] t_ms=24176 q_pkts=13 q_bytes=19552 qdelay_l_ms=1.05687 qdelay_c_ms=25.8322 ecn_mark=2381 drop=0
[QUEUE_STATS] t_ms=24192 q_pkts=11 q_bytes=16544 qdelay_l_ms=1.05979 qdelay_c_ms=30.8921 ecn_mark=2382 drop=0
[QUEUE_STATS] t_ms=24208 q_pkts=12 q_bytes=18048 qdelay_l_ms=1.05884 qdelay_c_ms=24.4756 ecn_mark=2382 drop=0
[QUEUE_STATS] t_ms=24224 q_pkts=12 q_bytes=18048 qdelay_l_ms=0 qdelay_c_ms=30.3266 ecn_mark=2382 drop=0
[QUEUE_STATS] t_ms=24240 q_pkts=14 q_bytes=21056 qdelay_l_ms=0 qdelay_c_ms=34.9467 ecn_mark=2383 drop=0
[QUEUE_STATS] t_ms=24257 q_pkts=14 q_bytes=21056 qdelay_l_ms=1.07238 qdelay_c_ms=30.1132 ecn_mark=2384 drop=0
[QUEUE_STATS] t_ms=24272 q_pkts=15 q_bytes=22560 qdelay_l_ms=1.06104 qdelay_c_ms=35.8205 ecn_mark=2386 drop=0
[QUEUE_STATS] t_ms=24288 q_pkts=13 q_bytes=19552 qdelay_l_ms=1.75964 qdelay_c_ms=36.8086 ecn_mark=2387 drop=0
[QUEUE_STATS] t_ms=24304 q_pkts=15 q_bytes=22560 qdelay_l_ms=0 qdelay_c_ms=39.8501 ecn_mark=2387 drop=0
[QUEUE_STATS] t_ms=24320 q_pkts=15 q_bytes=22560 qdelay_l_ms=0 qdelay_c_ms=41.9759 ecn_mark=2389 drop=0
[QUEUE_STATS] t_ms=24336 q_pkts=18 q_bytes=27072 qdelay_l_ms=1.06287 qdelay_c_ms=40.5049 ecn_mark=2391 drop=0
[QUEUE_STATS] t_ms=24352 q_pkts=16 q_bytes=24064 qdelay_l_ms=2.11849 qdelay_c_ms=47.2752 ecn_mark=2393 drop=0
[QUEUE_STATS] t_ms=24368 q_pkts=17 q_bytes=25568 qdelay_l_ms=1.34964 qdelay_c_ms=49.3614 ecn_mark=2394 drop=0
[QUEUE_STATS] t_ms=24384 q_pkts=16 q_bytes=24064 qdelay_l_ms=1.05802 qdelay_c_ms=51.2099 ecn_mark=2394 drop=0
[QUEUE_STATS] t_ms=24400 q_pkts=17 q_bytes=25568 qdelay_l_ms=2.11515 qdelay_c_ms=54.9968 ecn_mark=2396 drop=0
[QUEUE_STATS] t_ms=24416 q_pkts=16 q_bytes=24064 qdelay_l_ms=1.33794 qdelay_c_ms=51.3692 ecn_mark=2398 drop=0
[QUEUE_STATS] t_ms=24432 q_pkts=16 q_bytes=24064 qdelay_l_ms=0 qdelay_c_ms=49.947 ecn_mark=2399 drop=0
[QUEUE_STATS] t_ms=24448 q_pkts=16 q_bytes=24064 qdelay_l_ms=0 qdelay_c_ms=55.5452 ecn_mark=2399 drop=0
[QUEUE_STATS] t_ms=24464 q_pkts=16 q_bytes=24064 qdelay_l_ms=1.05869 qdelay_c_ms=45.8435 ecn_mark=2401 drop=0
[QUEUE_STATS] t_ms=24481 q_pkts=19 q_bytes=28576 qdelay_l_ms=1.07706 qdelay_c_ms=52.5227 ecn_mark=2405 drop=0
[QUEUE_STATS] t_ms=24496 q_pkts=16 q_bytes=24064 qdelay_l_ms=1.05745 qdelay_c_ms=54.8822 ecn_mark=2406 drop=0
[QUEUE_STATS] t_ms=24512 q_pkts=16 q_bytes=24064 qdelay_l_ms=1.05192 qdelay_c_ms=48.8761 ecn_mark=2409 drop=0
[QUEUE_STATS] t_ms=24528 q_pkts=15 q_bytes=22560 qdelay_l_ms=2.13208 qdelay_c_ms=53.4899 ecn_mark=2411 drop=0
[QUEUE_STATS] t_ms=24544 q_pkts=12 q_bytes=18048 qdelay_l_ms=1.05818 qdelay_c_ms=64.4398 ecn_mark=2411 drop=0
[QUEUE_STATS] t_ms=24560 q_pkts=12 q_bytes=18048 qdelay_l_ms=1.06026 qdelay_c_ms=51.7131 ecn_mark=2413 drop=0
[QUEUE_STATS] t_ms=24576 q_pkts=12 q_bytes=18048 qdelay_l_ms=2.11824 qdelay_c_ms=54.4806 ecn_mark=2413 drop=0
[QUEUE_STATS] t_ms=24592 q_pkts=12 q_bytes=18048 qdelay_l_ms=1.05801 qdelay_c_ms=37.2896 ecn_mark=2414 drop=0
[QUEUE_STATS] t_ms=24608 q_pkts=12 q_bytes=18048 qdelay_l_ms=0 qdelay_c_ms=48.2506 ecn_mark=2416 drop=0
[QUEUE_STATS] t_ms=24624 q_pkts=11 q_bytes=16544 qdelay_l_ms=2.04779 qdelay_c_ms=40.6924 ecn_mark=2416 drop=0
[QUEUE_STATS] t_ms=24640 q_pkts=9 q_bytes=13536 qdelay_l_ms=0 qdelay_c_ms=41.178 ecn_mark=2417 drop=0
[QUEUE_STATS] t_ms=24656 q_pkts=10 q_bytes=15040 qdelay_l_ms=1.06837 qdelay_c_ms=48.4735 ecn_mark=2417 drop=0
[QUEUE_STATS] t_ms=24672 q_pkts=7 q_bytes=10528 qdelay_l_ms=2.11295 qdelay_c_ms=30.8727 ecn_mark=2419 drop=0
[QUEUE_STATS] t_ms=24688 q_pkts=7 q_bytes=10528 qdelay_l_ms=1.05365 qdelay_c_ms=36.6242 ecn_mark=2422 drop=0
[QUEUE_STATS] t_ms=24704 q_pkts=9 q_bytes=13536 qdelay_l_ms=2.02944 qdelay_c_ms=25.7314 ecn_mark=2423 drop=0
[QUEUE_STATS] t_ms=24720 q_pkts=7 q_bytes=10528 qdelay_l_ms=1.06158 qdelay_c_ms=29.7898 ecn_mark=2425 drop=0
[QUEUE_STATS] t_ms=24736 q_pkts=5 q_bytes=7520 qdelay_l_ms=1.05794 qdelay_c_ms=34.7921 ecn_mark=2427 drop=0
[QUEUE_STATS] t_ms=24752 q_pkts=3 q_bytes=4512 qdelay_l_ms=1.05896 qdelay_c_ms=19.2688 ecn_mark=2428 drop=0
[QUEUE_STATS] t_ms=24768 q_pkts=3 q_bytes=4512 qdelay_l_ms=1.0615 qdelay_c_ms=13.553 ecn_mark=2430 drop=0
[QUEUE_STATS] t_ms=24784 q_pkts=5 q_bytes=7520 qdelay_l_ms=2.25978 qdelay_c_ms=4.67554 ecn_mark=2432 drop=0
[QUEUE_STATS] t_ms=24800 q_pkts=4 q_bytes=6016 qdelay_l_ms=0 qdelay_c_ms=21.2482 ecn_mark=2436 drop=0
[QUEUE_STATS] t_ms=24816 q_pkts=5 q_bytes=7520 qdelay_l_ms=3.16637 qdelay_c_ms=13.0668 ecn_mark=2438 drop=0
[QUEUE_STATS] t_ms=24832 q_pkts=2 q_bytes=3008 qdelay_l_ms=1.06233 qdelay_c_ms=0 ecn_mark=2440 drop=0
[QUEUE_STATS] t_ms=24849 q_pkts=2 q_bytes=3008 qdelay_l_ms=2.21868 qdelay_c_ms=1.05842 ecn_mark=2442 drop=0
[QUEUE_STATS] t_ms=24864 q_pkts=4 q_bytes=6016 qdelay_l_ms=1.0715 qdelay_c_ms=13.9056 ecn_mark=2444 drop=0
[QUEUE_STATS] t_ms=24881 q_pkts=2 q_bytes=3008 qdelay_l_ms=1.06852 qdelay_c_ms=4.3645 ecn_mark=2446 drop=0
[QUEUE_STATS] t_ms=24896 q_pkts=4 q_bytes=6016 qdelay_l_ms=1.04338 qdelay_c_ms=6.58838 ecn_mark=2451 drop=0
[QUEUE_STATS] t_ms=24912 q_pkts=2 q_bytes=3008 qdelay_l_ms=0 qdelay_c_ms=2.50087 ecn_mark=2453 drop=0
[QUEUE_STATS] t_ms=24928 q_pkts=2 q_bytes=3008 qdelay_l_ms=1.05787 qdelay_c_ms=7.61522 ecn_mark=2454 drop=0
[QUEUE_STATS] t_ms=24944 q_pkts=3 q_bytes=4512 qdelay_l_ms=1.06208 qdelay_c_ms=11.4844 ecn_mark=2457 drop=0
[QUEUE_STATS] t_ms=24961 q_pkts=3 q_bytes=4512 qdelay_l_ms=1.07442 qdelay_c_ms=8.76378 ecn_mark=2457 drop=0
[QUEUE_STATS] t_ms=24976 q_pkts=4 q_bytes=6016 qdelay_l_ms=2.15211 qdelay_c_ms=1.09761 ecn_mark=2460 drop=0
[QUEUE_STATS] t_ms=24992 q_pkts=3 q_bytes=4512 qdelay_l_ms=1.06553 qdelay_c_ms=4.81389 ecn_mark=2462 drop=0
[QUEUE_STATS] t_ms=25008 q_pkts=4 q_bytes=6016 qdelay_l_ms=1.0626 qdelay_c_ms=12.1194 ecn_mark=2462 drop=0
[QUEUE_STATS] t_ms=25024 q_pkts=4 q_bytes=6016 qdelay_l_ms=1.06951 qdelay_c_ms=17.6606 ecn_mark=2463 drop=0
[QUEUE_STATS] t_ms=25040 q_pkts=3 q_bytes=4512 qdelay_l_ms=1.06015 qdelay_c_ms=1.05447 ecn_mark=2469 drop=0
[QUEUE_STATS] t_ms=25056 q_pkts=3 q_bytes=4512 qdelay_l_ms=1.0606 qdelay_c_ms=5.31975 ecn_mark=2471 drop=0
[QUEUE_STATS] t_ms=25072 q_pkts=3 q_bytes=4512 qdelay_l_ms=2.16929 qdelay_c_ms=6.5234 ecn_mark=2473 drop=0
[QUEUE_STATS] t_ms=25088 q_pkts=4 q_bytes=6016 qdelay_l_ms=1.04324 qdelay_c_ms=11.5164 ecn_mark=2476 drop=0
[QUEUE_STATS] t_ms=25104 q_pkts=2 q_bytes=3008 qdelay_l_ms=1.09193 qdelay_c_ms=4.32331 ecn_mark=2478 drop=0
[QUEUE_STATS] t_ms=25120 q_pkts=3 q_bytes=4512 qdelay_l_ms=2.09822 qdelay_c_ms=8.53704 ecn_mark=2479 drop=0
[QUEUE_STATS] t_ms=25136 q_pkts=4 q_bytes=6016 qdelay_l_ms=1.07093 qdelay_c_ms=16.5223 ecn_mark=2483 drop=0
[QUEUE_STATS] t_ms=25152 q_pkts=2 q_bytes=3008 qdelay_l_ms=1.07077 qdelay_c_ms=10.8046 ecn_mark=2483 drop=0
[QUEUE_STATS] t_ms=25168 q_pkts=4 q_bytes=6016 qdelay_l_ms=1.06669 qdelay_c_ms=5.33085 ecn_mark=2487 drop=0
[QUEUE_STATS] t_ms=25184 q_pkts=3 q_bytes=4512 qdelay_l_ms=1.06145 qdelay_c_ms=10.6321 ecn_mark=2489 drop=0
[QUEUE_STATS] t_ms=25200 q_pkts=3 q_bytes=4512 qdelay_l_ms=2.14038 qdelay_c_ms=1.05861 ecn_mark=2491 drop=0
[QUEUE_STATS] t_ms=25216 q_pkts=5 q_bytes=7520 qdelay_l_ms=2.14733 qdelay_c_ms=9.59264 ecn_mark=2491 drop=0
[QUEUE_STATS] t_ms=25232 q_pkts=6 q_bytes=9024 qdelay_l_ms=2.14276 qdelay_c_ms=18.6593 ecn_mark=2495 drop=0
[QUEUE_STATS] t_ms=25248 q_pkts=3 q_bytes=4512 qdelay_l_ms=2.15914 qdelay_c_ms=18.2525 ecn_mark=2495 drop=0
[QUEUE_STATS] t_ms=25264 q_pkts=6 q_bytes=9024 qdelay_l_ms=3.21009 qdelay_c_ms=12.4226 ecn_mark=2497 drop=0
[QUEUE_STATS] t_ms=25280 q_pkts=5 q_bytes=7520 qdelay_l_ms=2.1542 qdelay_c_ms=17.7378 ecn_mark=2501 drop=0
[QUEUE_STATS] t_ms=25296 q_pkts=6 q_bytes=9024 qdelay_l_ms=2.42319 qdelay_c_ms=13.8654 ecn_mark=2502 drop=0
[QUEUE_STATS] t_ms=25313 q_pkts=5 q_bytes=7520 qdelay_l_ms=1.06939 qdelay_c_ms=18.4746 ecn_mark=2506 drop=0
[QUEUE_STATS] t_ms=25328 q_pkts=5 q_bytes=7520 qdelay_l_ms=0 qdelay_c_ms=33.9578 ecn_mark=2508 drop=0
[QUEUE_STATS] t_ms=25344 q_pkts=5 q_bytes=7520 qdelay_l_ms=3.20614 qdelay_c_ms=17.5009 ecn_mark=2511 drop=0
[QUEUE_STATS] t_ms=25360 q_pkts=6 q_bytes=9024 qdelay_l_ms=0 qdelay_c_ms=10.3106 ecn_mark=2515 drop=0
[QUEUE_STATS] t_ms=25376 q_pkts=6 q_bytes=9024 qdelay_l_ms=1.0616 qdelay_c_ms=18.9125 ecn_mark=2518 drop=0
[QUEUE_STATS] t_ms=25392 q_pkts=5 q_bytes=7520 qdelay_l_ms=2.08298 qdelay_c_ms=22.8655 ecn_mark=2519 drop=0
[QUEUE_STATS] t_ms=25408 q_pkts=4 q_bytes=6016 qdelay_l_ms=1.05818 qdelay_c_ms=10.9442 ecn_mark=2523 drop=0
[QUEUE_STATS] t_ms=25424 q_pkts=6 q_bytes=9024 qdelay_l_ms=1.02103 qdelay_c_ms=22.43 ecn_mark=2525 drop=0
[QUEUE_STATS] t_ms=25441 q_pkts=4 q_bytes=6016 qdelay_l_ms=2.26907 qdelay_c_ms=12.6628 ecn_mark=2526 drop=0
[QUEUE_STATS] t_ms=25456 q_pkts=5 q_bytes=7520 qdelay_l_ms=1.06068 qdelay_c_ms=11.7342 ecn_mark=2527 drop=0
[QUEUE_STATS] t_ms=25472 q_pkts=4 q_bytes=6016 qdelay_l_ms=1.95299 qdelay_c_ms=15.3769 ecn_mark=2529 drop=0
[QUEUE_STATS] t_ms=25488 q_pkts=4 q_bytes=6016 qdelay_l_ms=0 qdelay_c_ms=9.33776 ecn_mark=2532 drop=0
[QUEUE_STATS] t_ms=25504 q_pkts=4 q_bytes=6016 qdelay_l_ms=1.06499 qdelay_c_ms=11.6029 ecn_mark=2536 drop=0
[QUEUE_STATS] t_ms=25520 q_pkts=4 q_bytes=6016 qdelay_l_ms=1.04792 qdelay_c_ms=10.4776 ecn_mark=2539 drop=0
[QUEUE_STATS] t_ms=25536 q_pkts=6 q_bytes=9024 qdelay_l_ms=2.11423 qdelay_c_ms=12.2174 ecn_mark=2541 drop=0
[QUEUE_STATS] t_ms=25552 q_pkts=6 q_bytes=9024 qdelay_l_ms=1.05586 qdelay_c_ms=13.1279 ecn_mark=2543 drop=0
[QUEUE_STATS] t_ms=25568 q_pkts=5 q_bytes=7520 qdelay_l_ms=1.06823 qdelay_c_ms=5.10935 ecn_mark=2544 drop=0
[QUEUE_STATS] t_ms=25584 q_pkts=4 q_bytes=6016 qdelay_l_ms=2.09057 qdelay_c_ms=10.383 ecn_mark=2547 drop=0
[QUEUE_STATS] t_ms=25600 q_pkts=4 q_bytes=6016 qdelay_l_ms=1.07616 qdelay_c_ms=9.34394 ecn_mark=2549 drop=0
[QUEUE_STATS] t_ms=25616 q_pkts=4 q_bytes=6016 qdelay_l_ms=1.05939 qdelay_c_ms=13.1205 ecn_mark=2551 drop=0
[QUEUE_STATS] t_ms=25632 q_pkts=5 q_bytes=7520 qdelay_l_ms=1.06229 qdelay_c_ms=12.1128 ecn_mark=2552 drop=0
[QUEUE_STATS] t_ms=25648 q_pkts=6 q_bytes=9024 qdelay_l_ms=2.1032 qdelay_c_ms=14.0329 ecn_mark=2553 drop=0
[QUEUE_STATS] t_ms=25664 q_pkts=4 q_bytes=6016 qdelay_l_ms=0 qdelay_c_ms=15.2473 ecn_mark=2555 drop=0
[QUEUE_STATS] t_ms=25680 q_pkts=6 q_bytes=9024 qdelay_l_ms=1.03461 qdelay_c_ms=13.8225 ecn_mark=2556 drop=0
[QUEUE_STATS] t_ms=25696 q_pkts=3 q_bytes=4512 qdelay_l_ms=0 qdelay_c_ms=10.9741 ecn_mark=2558 drop=0
[QUEUE_STATS] t_ms=25712 q_pkts=7 q_bytes=10528 qdelay_l_ms=1.04448 qdelay_c_ms=6.85152 ecn_mark=2559 drop=0
[QUEUE_STATS] t_ms=25728 q_pkts=6 q_bytes=9024 qdelay_l_ms=1.06247 qdelay_c_ms=16.8353 ecn_mark=2560 drop=0
[QUEUE_STATS] t_ms=25744 q_pkts=5 q_bytes=7520 qdelay_l_ms=0 qdelay_c_ms=13.1063 ecn_mark=2560 drop=0
[QUEUE_STATS] t_ms=25760 q_pkts=6 q_bytes=9024 qdelay_l_ms=1.05787 qdelay_c_ms=12.8598 ecn_mark=2563 drop=0
[QUEUE_STATS] t_ms=25776 q_pkts=5 q_bytes=7520 qdelay_l_ms=2.07058 qdelay_c_ms=13.8182 ecn_mark=2563 drop=0
[QUEUE_STATS] t_ms=25792 q_pkts=7 q_bytes=10528 qdelay_l_ms=1.05206 qdelay_c_ms=12.4596 ecn_mark=2565 drop=0
[QUEUE_STATS] t_ms=25808 q_pkts=6 q_bytes=9024 qdelay_l_ms=0 qdelay_c_ms=13.8738 ecn_mark=2567 drop=0
[QUEUE_STATS] t_ms=25824 q_pkts=7 q_bytes=10528 qdelay_l_ms=1.06764 qdelay_c_ms=17.4477 ecn_mark=2568 drop=0
[QUEUE_STATS] t_ms=25840 q_pkts=6 q_bytes=9024 qdelay_l_ms=0 qdelay_c_ms=17.0588 ecn_mark=2571 drop=0
[QUEUE_STATS] t_ms=25856 q_pkts=7 q_bytes=10528 qdelay_l_ms=0 qdelay_c_ms=15.9976 ecn_mark=2574 drop=0
[QUEUE_STATS] t_ms=25872 q_pkts=6 q_bytes=9024 qdelay_l_ms=1.07237 qdelay_c_ms=12.3707 ecn_mark=2575 drop=0
[QUEUE_STATS] t_ms=25889 q_pkts=7 q_bytes=10528 qdelay_l_ms=1.05868 qdelay_c_ms=15.9711 ecn_mark=2576 drop=0
[QUEUE_STATS] t_ms=25904 q_pkts=6 q_bytes=9024 qdelay_l_ms=0 qdelay_c_ms=13.6056 ecn_mark=2577 drop=0
[QUEUE_STATS] t_ms=25920 q_pkts=7 q_bytes=10528 qdelay_l_ms=1.07048 qdelay_c_ms=10.5715 ecn_mark=2580 drop=0
[QUEUE_STATS] t_ms=25936 q_pkts=8 q_bytes=12032 qdelay_l_ms=2.10699 qdelay_c_ms=13.1185 ecn_mark=2581 drop=0
[QUEUE_STATS] t_ms=25952 q_pkts=9 q_bytes=13536 qdelay_l_ms=1.06145 qdelay_c_ms=18.2836 ecn_mark=2583 drop=0
[QUEUE_STATS] t_ms=25968 q_pkts=7 q_bytes=10528 qdelay_l_ms=0 qdelay_c_ms=16.3307 ecn_mark=2585 drop=0
[QUEUE_STATS] t_ms=25984 q_pkts=6 q_bytes=9024 qdelay_l_ms=1.0783 qdelay_c_ms=20.1985 ecn_mark=2586 drop=0
[QUEUE_STATS] t_ms=26000 q_pkts=4 q_bytes=6016 qdelay_l_ms=2.11497 qdelay_c_ms=11.2756 ecn_mark=2586 drop=0
[QUEUE_STATS] t_ms=26016 q_pkts=3 q_bytes=4512 qdelay_l_ms=1.06549 qdelay_c_ms=6.16523 ecn_mark=2588 drop=0
[QUEUE_STATS] t_ms=26032 q_pkts=3 q_bytes=4512 qdelay_l_ms=1.06256 qdelay_c_ms=6.7378 ecn_mark=2589 drop=0
[QUEUE_STATS] t_ms=26048 q_pkts=4 q_bytes=6016 qdelay_l_ms=0 qdelay_c_ms=7.88014 ecn_mark=2590 drop=0
[QUEUE_STATS] t_ms=26064 q_pkts=5 q_bytes=7520 qdelay_l_ms=1.04744 qdelay_c_ms=11.3836 ecn_mark=2590 drop=0
[QUEUE_STATS] t_ms=26080 q_pkts=4 q_bytes=6016 qdelay_l_ms=0 qdelay_c_ms=11.2118 ecn_mark=2593 drop=0
[QUEUE_STATS] t_ms=26096 q_pkts=5 q_bytes=7520 qdelay_l_ms=1.06555 qdelay_c_ms=9.60574 ecn_mark=2595 drop=0
[QUEUE_STATS] t_ms=26112 q_pkts=3 q_bytes=4512 qdelay_l_ms=0 qdelay_c_ms=10.2141 ecn_mark=2598 drop=0
[QUEUE_STATS] t_ms=26128 q_pkts=6 q_bytes=9024 qdelay_l_ms=1.0591 qdelay_c_ms=8.13386 ecn_mark=2598 drop=0
[QUEUE_STATS] t_ms=26144 q_pkts=5 q_bytes=7520 qdelay_l_ms=0 qdelay_c_ms=13.2752 ecn_mark=2601 drop=0
[QUEUE_STATS] t_ms=26160 q_pkts=5 q_bytes=7520 qdelay_l_ms=0 qdelay_c_ms=11.2793 ecn_mark=2603 drop=0
[QUEUE_STATS] t_ms=26176 q_pkts=6 q_bytes=9024 qdelay_l_ms=1.06057 qdelay_c_ms=11.9205 ecn_mark=2605 drop=0
[QUEUE_STATS] t_ms=26192 q_pkts=5 q_bytes=7520 qdelay_l_ms=1.05373 qdelay_c_ms=12.9192 ecn_mark=2608 drop=0
[QUEUE_STATS] t_ms=26208 q_pkts=5 q_bytes=7520 qdelay_l_ms=0 qdelay_c_ms=11.9934 ecn_mark=2609 drop=0
[QUEUE_STATS] t_ms=26224 q_pkts=7 q_bytes=10528 qdelay_l_ms=0 qdelay_c_ms=14.9305 ecn_mark=2613 drop=0
[QUEUE_STATS] t_ms=26240 q_pkts=7 q_bytes=10528 qdelay_l_ms=1.06301 qdelay_c_ms=16.5185 ecn_mark=2614 drop=0
[QUEUE_STATS] t_ms=26256 q_pkts=6 q_bytes=9024 qdelay_l_ms=2.11967 qdelay_c_ms=9.72779 ecn_mark=2615 drop=0
[QUEUE_STATS] t_ms=26273 q_pkts=6 q_bytes=9024 qdelay_l_ms=1.0683 qdelay_c_ms=11.8164 ecn_mark=2615 drop=0
[QUEUE_STATS] t_ms=26288 q_pkts=6 q_bytes=9024 qdelay_l_ms=0 qdelay_c_ms=18.8204 ecn_mark=2618 drop=0
[QUEUE_STATS] t_ms=26304 q_pkts=3 q_bytes=4512 qdelay_l_ms=1.06049 qdelay_c_ms=11.8067 ecn_mark=2620 drop=0
[QUEUE_STATS] t_ms=26320 q_pkts=3 q_bytes=4512 qdelay_l_ms=1.07165 qdelay_c_ms=2.88995 ecn_mark=2623 drop=0
[QUEUE_STATS] t_ms=26336 q_pkts=2 q_bytes=3008 qdelay_l_ms=0 qdelay_c_ms=3.03113 ecn_mark=2626 drop=0
[QUEUE_STATS] t_ms=26352 q_pkts=3 q_bytes=4512 qdelay_l_ms=1.05626 qdelay_c_ms=5.31827 ecn_mark=2628 drop=0
[QUEUE_STATS] t_ms=26368 q_pkts=2 q_bytes=3008 qdelay_l_ms=0 qdelay_c_ms=5.30915 ecn_mark=2628 drop=0
[QUEUE_STATS] t_ms=26384 q_pkts=3 q_bytes=4512 qdelay_l_ms=0 qdelay_c_ms=5.30855 ecn_mark=2629 drop=0
[QUEUE_STATS] t_ms=26400 q_pkts=3 q_bytes=4512 qdelay_l_ms=1.06237 qdelay_c_ms=1.0597 ecn_mark=2629 drop=0
[QUEUE_STATS] t_ms=26416 q_pkts=3 q_bytes=4512 qdelay_l_ms=1.06971 qdelay_c_ms=5.33785 ecn_mark=2630 drop=0
[QUEUE_STATS] t_ms=26432 q_pkts=4 q_bytes=6016 qdelay_l_ms=0 qdelay_c_ms=8.57934 ecn_mark=2633 drop=0
[QUEUE_STATS] t_ms=26448 q_pkts=5 q_bytes=7520 qdelay_l_ms=1.06622 qdelay_c_ms=8.49868 ecn_mark=2634 drop=0
[QUEUE_STATS] t_ms=26464 q_pkts=2 q_bytes=3008 qdelay_l_ms=1.48646 qdelay_c_ms=2.57592 ecn_mark=2636 drop=0
[QUEUE_STATS] t_ms=26480 q_pkts=5 q_bytes=7520 qdelay_l_ms=0 qdelay_c_ms=7.84049 ecn_mark=2636 drop=0
[QUEUE_STATS] t_ms=26496 q_pkts=5 q_bytes=7520 qdelay_l_ms=1.06237 qdelay_c_ms=14.6532 ecn_mark=2638 drop=0
[QUEUE_STATS] t_ms=26512 q_pkts=4 q_bytes=6016 qdelay_l_ms=1.05733 qdelay_c_ms=8.28754 ecn_mark=2639 drop=0
[QUEUE_STATS] t_ms=26528 q_pkts=5 q_bytes=7520 qdelay_l_ms=1.06432 qdelay_c_ms=15.7126 ecn_mark=2641 drop=0
[QUEUE_STATS] t_ms=26544 q_pkts=5 q_bytes=7520 qdelay_l_ms=0 qdelay_c_ms=13.3767 ecn_mark=2643 drop=0
[QUEUE_STATS] t_ms=26560 q_pkts=6 q_bytes=9024 qdelay_l_ms=1.06383 qdelay_c_ms=10.6699 ecn_mark=2643 drop=0
[QUEUE_STATS] t_ms=26576 q_pkts=7 q_bytes=10528 qdelay_l_ms=1.06166 qdelay_c_ms=15.6681 ecn_mark=2643 drop=0
[QUEUE_STATS] t_ms=26592 q_pkts=7 q_bytes=10528 qdelay_l_ms=2.11984 qdelay_c_ms=10.7385 ecn_mark=2645 drop=0
[QUEUE_STATS] t_ms=26608 q_pkts=7 q_bytes=10528 qdelay_l_ms=1.05918 qdelay_c_ms=18.8877 ecn_mark=2647 drop=0
[QUEUE_STATS] t_ms=26624 q_pkts=7 q_bytes=10528 qdelay_l_ms=0 qdelay_c_ms=21.2695 ecn_mark=2649 drop=0
[QUEUE_STATS] t_ms=26640 q_pkts=9 q_bytes=13536 qdelay_l_ms=0 qdelay_c_ms=22.5004 ecn_mark=2651 drop=0
[QUEUE_STATS] t_ms=26656 q_pkts=9 q_bytes=13536 qdelay_l_ms=1.06378 qdelay_c_ms=23.5679 ecn_mark=2652 drop=0
[QUEUE_STATS] t_ms=26672 q_pkts=7 q_bytes=10528 qdelay_l_ms=2.11426 qdelay_c_ms=22.7519 ecn_mark=2654 drop=0
[QUEUE_STATS] t_ms=26688 q_pkts=10 q_bytes=15040 qdelay_l_ms=0.847951 qdelay_c_ms=25.9322 ecn_mark=2655 drop=0
[QUEUE_STATS] t_ms=26704 q_pkts=9 q_bytes=13536 qdelay_l_ms=1.06154 qdelay_c_ms=28.0961 ecn_mark=2657 drop=0
[QUEUE_STATS] t_ms=26720 q_pkts=9 q_bytes=13536 qdelay_l_ms=2.04246 qdelay_c_ms=31.0471 ecn_mark=2657 drop=0
[QUEUE_STATS] t_ms=26736 q_pkts=10 q_bytes=15040 qdelay_l_ms=1.75116 qdelay_c_ms=24.4766 ecn_mark=2660 drop=0
[QUEUE_STATS] t_ms=26752 q_pkts=12 q_bytes=18048 qdelay_l_ms=1.06426 qdelay_c_ms=31.885 ecn_mark=2662 drop=0
[QUEUE_STATS] t_ms=26768 q_pkts=12 q_bytes=18048 qdelay_l_ms=2.1535 qdelay_c_ms=29.0053 ecn_mark=2664 drop=0
[QUEUE_STATS] t_ms=26784 q_pkts=11 q_bytes=16544 qdelay_l_ms=2.32093 qdelay_c_ms=33.9341 ecn_mark=2666 drop=0
[QUEUE_STATS] t_ms=26800 q_pkts=12 q_bytes=18048 qdelay_l_ms=1.06203 qdelay_c_ms=36.0722 ecn_mark=2668 drop=0
[QUEUE_STATS] t_ms=26817 q_pkts=11 q_bytes=16544 qdelay_l_ms=2.11795 qdelay_c_ms=37.8796 ecn_mark=2669 drop=0
[QUEUE_STATS] t_ms=26832 q_pkts=13 q_bytes=19552 qdelay_l_ms=2.11653 qdelay_c_ms=33.2217 ecn_mark=2671 drop=0
[QUEUE_STATS] t_ms=26848 q_pkts=12 q_bytes=18048 qdelay_l_ms=1.05868 qdelay_c_ms=38.278 ecn_mark=2671 drop=0
[QUEUE_STATS] t_ms=26864 q_pkts=13 q_bytes=19552 qdelay_l_ms=1.06284 qdelay_c_ms=39.2122 ecn_mark=2671 drop=0
[QUEUE_STATS] t_ms=26880 q_pkts=13 q_bytes=19552 qdelay_l_ms=1.05392 qdelay_c_ms=40.7784 ecn_mark=2671 drop=0
[QUEUE_STATS] t_ms=26896 q_pkts=12 q_bytes=18048 qdelay_l_ms=1.05653 qdelay_c_ms=55.741 ecn_mark=2672 drop=0
[QUEUE_STATS] t_ms=26912 q_pkts=14 q_bytes=21056 qdelay_l_ms=1.00924 qdelay_c_ms=54.7496 ecn_mark=2672 drop=0
[QUEUE_STATS] t_ms=26928 q_pkts=13 q_bytes=19552 qdelay_l_ms=1.0571 qdelay_c_ms=52.6824 ecn_mark=2674 drop=0
[QUEUE_STATS] t_ms=26944 q_pkts=13 q_bytes=19552 qdelay_l_ms=1.06119 qdelay_c_ms=60.6487 ecn_mark=2675 drop=0
[QUEUE_STATS] t_ms=26960 q_pkts=16 q_bytes=24064 qdelay_l_ms=1.0652 qdelay_c_ms=61.7413 ecn_mark=2680 drop=0
[QUEUE_STATS] t_ms=26976 q_pkts=14 q_bytes=21056 qdelay_l_ms=1.04603 qdelay_c_ms=54.5808 ecn_mark=2680 drop=0
[QUEUE_STATS] t_ms=26992 q_pkts=16 q_bytes=24064 qdelay_l_ms=2.13802 qdelay_c_ms=59.6899 ecn_mark=2681 drop=0
[QUEUE_STATS] t_ms=27008 q_pkts=14 q_bytes=21056 qdelay_l_ms=3.05228 qdelay_c_ms=55.2447 ecn_mark=2682 drop=0
[QUEUE_STATS] t_ms=27024 q_pkts=15 q_bytes=22560 qdelay_l_ms=1.05443 qdelay_c_ms=71.4714 ecn_mark=2683 drop=0
[QUEUE_STATS] t_ms=27040 q_pkts=15 q_bytes=22560 qdelay_l_ms=2.11629 qdelay_c_ms=55.117 ecn_mark=2684 drop=0
[QUEUE_STATS] t_ms=27056 q_pkts=15 q_bytes=22560 qdelay_l_ms=2.12667 qdelay_c_ms=64.7649 ecn_mark=2689 drop=0
[QUEUE_STATS] t_ms=27072 q_pkts=15 q_bytes=22560 qdelay_l_ms=1.05869 qdelay_c_ms=60.3385 ecn_mark=2691 drop=0
[QUEUE_STATS] t_ms=27088 q_pkts=15 q_bytes=22560 qdelay_l_ms=2.15874 qdelay_c_ms=64.1649 ecn_mark=2694 drop=0
[QUEUE_STATS] t_ms=27104 q_pkts=13 q_bytes=19552 qdelay_l_ms=1.06201 qdelay_c_ms=57.6761 ecn_mark=2695 drop=0
[QUEUE_STATS] t_ms=27120 q_pkts=15 q_bytes=22560 qdelay_l_ms=2.10887 qdelay_c_ms=50.6052 ecn_mark=2697 drop=0
[QUEUE_STATS] t_ms=27136 q_pkts=13 q_bytes=19552 qdelay_l_ms=0 qdelay_c_ms=48.4095 ecn_mark=2700 drop=0
[QUEUE_STATS] t_ms=27152 q_pkts=16 q_bytes=24064 qdelay_l_ms=1.05848 qdelay_c_ms=49.3223 ecn_mark=2701 drop=0
[QUEUE_STATS] t_ms=27168 q_pkts=15 q_bytes=22560 qdelay_l_ms=2.11665 qdelay_c_ms=45.3218 ecn_mark=2704 drop=0
[QUEUE_STATS] t_ms=27184 q_pkts=15 q_bytes=22560 qdelay_l_ms=1.06183 qdelay_c_ms=55.7226 ecn_mark=2704 drop=0
[QUEUE_STATS] t_ms=27200 q_pkts=16 q_bytes=24064 qdelay_l_ms=0 qdelay_c_ms=60.7003 ecn_mark=2705 drop=0
[QUEUE_STATS] t_ms=27216 q_pkts=16 q_bytes=24064 qdelay_l_ms=2.24619 qdelay_c_ms=52.5231 ecn_mark=2708 drop=0
[QUEUE_STATS] t_ms=27232 q_pkts=15 q_bytes=22560 qdelay_l_ms=0 qdelay_c_ms=68.125 ecn_mark=2710 drop=0
[QUEUE_STATS] t_ms=27248 q_pkts=14 q_bytes=21056 qdelay_l_ms=1.05978 qdelay_c_ms=62.9728 ecn_mark=2713 drop=0
[QUEUE_STATS] t_ms=27264 q_pkts=11 q_bytes=16544 qdelay_l_ms=1.06431 qdelay_c_ms=52.792 ecn_mark=2715 drop=0
[QUEUE_STATS] t_ms=27280 q_pkts=10 q_bytes=15040 qdelay_l_ms=2.14581 qdelay_c_ms=57.7863 ecn_mark=2717 drop=0
[QUEUE_STATS] t_ms=27296 q_pkts=9 q_bytes=13536 qdelay_l_ms=1.06142 qdelay_c_ms=55.4278 ecn_mark=2719 drop=0
[QUEUE_STATS] t_ms=27312 q_pkts=9 q_bytes=13536 qdelay_l_ms=2.11659 qdelay_c_ms=29.2795 ecn_mark=2721 drop=0
[QUEUE_STATS] t_ms=27328 q_pkts=9 q_bytes=13536 qdelay_l_ms=1.05946 qdelay_c_ms=25.6353 ecn_mark=2723 drop=0
[QUEUE_STATS] t_ms=27344 q_pkts=9 q_bytes=13536 qdelay_l_ms=2.11887 qdelay_c_ms=36.5312 ecn_mark=2723 drop=0
[QUEUE_STATS] t_ms=27360 q_pkts=10 q_bytes=15040 qdelay_l_ms=2.23593 qdelay_c_ms=31.2501 ecn_mark=2724 drop=0
[QUEUE_STATS] t_ms=27376 q_pkts=11 q_bytes=16544 qdelay_l_ms=1.05814 qdelay_c_ms=35.387 ecn_mark=2727 drop=0
[QUEUE_STATS] t_ms=27393 q_pkts=10 q_bytes=15040 qdelay_l_ms=1.79632 qdelay_c_ms=29.3179 ecn_mark=2728 drop=0
[QUEUE_STATS] t_ms=27408 q_pkts=10 q_bytes=15040 qdelay_l_ms=2.11792 qdelay_c_ms=34.9316 ecn_mark=2730 drop=0
[QUEUE_STATS] t_ms=27424 q_pkts=11 q_bytes=16544 qdelay_l_ms=1.05849 qdelay_c_ms=46.9571 ecn_mark=2733 drop=0
[QUEUE_STATS] t_ms=27440 q_pkts=11 q_bytes=16544 qdelay_l_ms=1.05943 qdelay_c_ms=42.0098 ecn_mark=2738 drop=0
[QUEUE_STATS] t_ms=27456 q_pkts=10 q_bytes=15040 qdelay_l_ms=2.25419 qdelay_c_ms=33.4809 ecn_mark=2740 drop=0
[QUEUE_STATS] t_ms=27472 q_pkts=8 q_bytes=12032 qdelay_l_ms=1.05841 qdelay_c_ms=36.3954 ecn_mark=2741 drop=0
[QUEUE_STATS] t_ms=27488 q_pkts=6 q_bytes=9024 qdelay_l_ms=1.04674 qdelay_c_ms=27.0096 ecn_mark=2742 drop=0
[QUEUE_STATS] t_ms=27504 q_pkts=4 q_bytes=6016 qdelay_l_ms=1.05848 qdelay_c_ms=13.6411 ecn_mark=2744 drop=0
[QUEUE_STATS] t_ms=27520 q_pkts=5 q_bytes=7520 qdelay_l_ms=0 qdelay_c_ms=13.9908 ecn_mark=2747 drop=0
[QUEUE_STATS] t_ms=27537 q_pkts=3 q_bytes=4512 qdelay_l_ms=1.06286 qdelay_c_ms=8.1479 ecn_mark=2749 drop=0
[QUEUE_STATS] t_ms=27552 q_pkts=3 q_bytes=4512 qdelay_l_ms=1.79648 qdelay_c_ms=10.2688 ecn_mark=2750 drop=0
[QUEUE_STATS] t_ms=27568 q_pkts=6 q_bytes=9024 qdelay_l_ms=0 qdelay_c_ms=15.7782 ecn_mark=2753 drop=0
[QUEUE_STATS] t_ms=27584 q_pkts=5 q_bytes=7520 qdelay_l_ms=1.05835 qdelay_c_ms=15.4668 ecn_mark=2755 drop=0
[QUEUE_STATS] t_ms=27600 q_pkts=5 q_bytes=7520 qdelay_l_ms=2.11824 qdelay_c_ms=9.12036 ecn_mark=2756 drop=0
[QUEUE_STATS] t_ms=27616 q_pkts=4 q_bytes=6016 qdelay_l_ms=1.06241 qdelay_c_ms=12.8497 ecn_mark=2759 drop=0
[QUEUE_STATS] t_ms=27632 q_pkts=6 q_bytes=9024 qdelay_l_ms=1.05701 qdelay_c_ms=15.2576 ecn_mark=2760 drop=0
[QUEUE_STATS] t_ms=27648 q_pkts=5 q_bytes=7520 qdelay_l_ms=1.02469 qdelay_c_ms=10.498 ecn_mark=2765 drop=0
[QUEUE_STATS] t_ms=27664 q_pkts=4 q_bytes=6016 qdelay_l_ms=2.11755 qdelay_c_ms=10.0909 ecn_mark=2767 drop=0
[QUEUE_STATS] t_ms=27680 q_pkts=5 q_bytes=7520 qdelay_l_ms=1.06124 qdelay_c_ms=14.4987 ecn_mark=2772 drop=0
[QUEUE_STATS] t_ms=27696 q_pkts=2 q_bytes=3008 qdelay_l_ms=1.05643 qdelay_c_ms=2.10878 ecn_mark=2773 drop=0
[QUEUE_STATS] t_ms=27712 q_pkts=2 q_bytes=3008 qdelay_l_ms=1.06051 qdelay_c_ms=3.67644 ecn_mark=2773 drop=0
[QUEUE_STATS] t_ms=27728 q_pkts=4 q_bytes=6016 qdelay_l_ms=1.00854 qdelay_c_ms=5.27066 ecn_mark=2775 drop=0
[QUEUE_STATS] t_ms=27744 q_pkts=3 q_bytes=4512 qdelay_l_ms=1.2637 qdelay_c_ms=4.68428 ecn_mark=2776 drop=0
[QUEUE_STATS] t_ms=27760 q_pkts=2 q_bytes=3008 qdelay_l_ms=0 qdelay_c_ms=4.24047 ecn_mark=2777 drop=0
[QUEUE_STATS] t_ms=27776 q_pkts=3 q_bytes=4512 qdelay_l_ms=1.06357 qdelay_c_ms=7.44911 ecn_mark=2779 drop=0
[QUEUE_STATS] t_ms=27792 q_pkts=4 q_bytes=6016 qdelay_l_ms=0.768872 qdelay_c_ms=4.94596 ecn_mark=2780 drop=0
[QUEUE_STATS] t_ms=27808 q_pkts=2 q_bytes=3008 qdelay_l_ms=0 qdelay_c_ms=8.30045 ecn_mark=2780 drop=0
[QUEUE_STATS] t_ms=27824 q_pkts=5 q_bytes=7520 qdelay_l_ms=3.19976 qdelay_c_ms=4.25887 ecn_mark=2784 drop=0
[QUEUE_STATS] t_ms=27840 q_pkts=3 q_bytes=4512 qdelay_l_ms=1.05998 qdelay_c_ms=9.86491 ecn_mark=2785 drop=0
[QUEUE_STATS] t_ms=27856 q_pkts=4 q_bytes=6016 qdelay_l_ms=1.06294 qdelay_c_ms=4.27396 ecn_mark=2787 drop=0
[QUEUE_STATS] t_ms=27872 q_pkts=5 q_bytes=7520 qdelay_l_ms=1.06293 qdelay_c_ms=15.995 ecn_mark=2789 drop=0
[QUEUE_STATS] t_ms=27888 q_pkts=4 q_bytes=6016 qdelay_l_ms=1.06239 qdelay_c_ms=3.61382 ecn_mark=2789 drop=0
[QUEUE_STATS] t_ms=27904 q_pkts=5 q_bytes=7520 qdelay_l_ms=2.15165 qdelay_c_ms=6.40938 ecn_mark=2792 drop=0
[QUEUE_STATS] t_ms=27920 q_pkts=5 q_bytes=7520 qdelay_l_ms=0 qdelay_c_ms=16.0257 ecn_mark=2795 drop=0
[QUEUE_STATS] t_ms=27936 q_pkts=5 q_bytes=7520 qdelay_l_ms=1.06337 qdelay_c_ms=12.875 ecn_mark=2797 drop=0
[QUEUE_STATS] t_ms=27953 q_pkts=6 q_bytes=9024 qdelay_l_ms=1.98158 qdelay_c_ms=11.4423 ecn_mark=2800 drop=0
[QUEUE_STATS] t_ms=27968 q_pkts=5 q_bytes=7520 qdelay_l_ms=2.11008 qdelay_c_ms=19.5256 ecn_mark=2802 drop=0
[QUEUE_STATS] t_ms=27984 q_pkts=6 q_bytes=9024 qdelay_l_ms=1.05559 qdelay_c_ms=13.9115 ecn_mark=2803 drop=0
[QUEUE_STATS] t_ms=28000 q_pkts=6 q_bytes=9024 qdelay_l_ms=0 qdelay_c_ms=17.2458 ecn_mark=2803 drop=0
[QUEUE_STATS] t_ms=28016 q_pkts=4 q_bytes=6016 qdelay_l_ms=0 qdelay_c_ms=18.0939 ecn_mark=2804 drop=0
[QUEUE_STATS] t_ms=28032 q_pkts=8 q_bytes=10580 qdelay_l_ms=0 qdelay_c_ms=15.2787 ecn_mark=2804 drop=0
[QUEUE_STATS] t_ms=28048 q_pkts=6 q_bytes=9024 qdelay_l_ms=1.07114 qdelay_c_ms=17.3773 ecn_mark=2804 drop=0
[QUEUE_STATS] t_ms=28064 q_pkts=7 q_bytes=10528 qdelay_l_ms=1.0541 qdelay_c_ms=18.5088 ecn_mark=2804 drop=0
[QUEUE_STATS] t_ms=28080 q_pkts=6 q_bytes=9024 qdelay_l_ms=1.00801 qdelay_c_ms=19.2265 ecn_mark=2806 drop=0
[QUEUE_STATS] t_ms=28096 q_pkts=7 q_bytes=10528 qdelay_l_ms=1.05854 qdelay_c_ms=19.2832 ecn_mark=2806 drop=0
[QUEUE_STATS] t_ms=28112 q_pkts=8 q_bytes=12032 qdelay_l_ms=0 qdelay_c_ms=19.8913 ecn_mark=2809 drop=0
[QUEUE_STATS] t_ms=28128 q_pkts=7 q_bytes=10528 qdelay_l_ms=1.0603 qdelay_c_ms=18.9006 ecn_mark=2811 drop=0
[QUEUE_STATS] t_ms=28144 q_pkts=7 q_bytes=10528 qdelay_l_ms=2.13908 qdelay_c_ms=18.6128 ecn_mark=2811 drop=0
[QUEUE_STATS] t_ms=28160 q_pkts=8 q_bytes=12032 qdelay_l_ms=1.06155 qdelay_c_ms=22.9593 ecn_mark=2813 drop=0
[QUEUE_STATS] t_ms=28176 q_pkts=8 q_bytes=12032 qdelay_l_ms=1.06875 qdelay_c_ms=25.5105 ecn_mark=2816 drop=0
[QUEUE_STATS] t_ms=28192 q_pkts=8 q_bytes=12032 qdelay_l_ms=1.04429 qdelay_c_ms=19.8305 ecn_mark=2819 drop=0
[QUEUE_STATS] t_ms=28208 q_pkts=7 q_bytes=10528 qdelay_l_ms=1.06107 qdelay_c_ms=21.7888 ecn_mark=2821 drop=0
[QUEUE_STATS] t_ms=28224 q_pkts=8 q_bytes=12032 qdelay_l_ms=1.06889 qdelay_c_ms=22.6444 ecn_mark=2822 drop=0
[QUEUE_STATS] t_ms=28240 q_pkts=8 q_bytes=12032 qdelay_l_ms=0 qdelay_c_ms=19.7254 ecn_mark=2826 drop=0
[QUEUE_STATS] t_ms=28256 q_pkts=7 q_bytes=10528 qdelay_l_ms=1.06071 qdelay_c_ms=16.9253 ecn_mark=2828 drop=0
[QUEUE_STATS] t_ms=28272 q_pkts=8 q_bytes=12032 qdelay_l_ms=1.07194 qdelay_c_ms=21.076 ecn_mark=2829 drop=0
[QUEUE_STATS] t_ms=28289 q_pkts=8 q_bytes=12032 qdelay_l_ms=2.13184 qdelay_c_ms=13.5437 ecn_mark=2831 drop=0
[QUEUE_STATS] t_ms=28304 q_pkts=6 q_bytes=9024 qdelay_l_ms=2.11589 qdelay_c_ms=22.6662 ecn_mark=2832 drop=0
[QUEUE_STATS] t_ms=28321 q_pkts=9 q_bytes=13536 qdelay_l_ms=1.06802 qdelay_c_ms=16.1937 ecn_mark=2834 drop=0
[QUEUE_STATS] t_ms=28337 q_pkts=10 q_bytes=15040 qdelay_l_ms=0 qdelay_c_ms=28.3392 ecn_mark=2837 drop=0
[QUEUE_STATS] t_ms=28352 q_pkts=8 q_bytes=12032 qdelay_l_ms=1.05831 qdelay_c_ms=21.2176 ecn_mark=2839 drop=0
[QUEUE_STATS] t_ms=28368 q_pkts=9 q_bytes=13536 qdelay_l_ms=2.14642 qdelay_c_ms=19.3351 ecn_mark=2840 drop=0
[QUEUE_STATS] t_ms=28384 q_pkts=8 q_bytes=12032 qdelay_l_ms=1.39657 qdelay_c_ms=21.4105 ecn_mark=2842 drop=0
[QUEUE_STATS] t_ms=28401 q_pkts=10 q_bytes=15040 qdelay_l_ms=1.06276 qdelay_c_ms=25.0989 ecn_mark=2842 drop=0
[QUEUE_STATS] t_ms=28416 q_pkts=8 q_bytes=12032 qdelay_l_ms=1.06408 qdelay_c_ms=18.4975 ecn_mark=2844 drop=0
[QUEUE_STATS] t_ms=28432 q_pkts=10 q_bytes=15040 qdelay_l_ms=1.06087 qdelay_c_ms=18.0936 ecn_mark=2847 drop=0
[QUEUE_STATS] t_ms=28448 q_pkts=10 q_bytes=15040 qdelay_l_ms=1.06415 qdelay_c_ms=20.9794 ecn_mark=2850 drop=0
[QUEUE_STATS] t_ms=28464 q_pkts=10 q_bytes=15040 qdelay_l_ms=0 qdelay_c_ms=27.1819 ecn_mark=2850 drop=0
[QUEUE_STATS] t_ms=28480 q_pkts=11 q_bytes=16544 qdelay_l_ms=2.09682 qdelay_c_ms=25.0684 ecn_mark=2851 drop=0
[QUEUE_STATS] t_ms=28496 q_pkts=11 q_bytes=16544 qdelay_l_ms=1.06138 qdelay_c_ms=29.9516 ecn_mark=2852 drop=0
[QUEUE_STATS] t_ms=28512 q_pkts=10 q_bytes=15040 qdelay_l_ms=1.06284 qdelay_c_ms=26.6221 ecn_mark=2858 drop=0
[QUEUE_STATS] t_ms=28528 q_pkts=11 q_bytes=16544 qdelay_l_ms=0 qdelay_c_ms=28.8999 ecn_mark=2860 drop=0
[QUEUE_STATS] t_ms=28544 q_pkts=8 q_bytes=12032 qdelay_l_ms=1.05986 qdelay_c_ms=30.1281 ecn_mark=2861 drop=0
[QUEUE_STATS] t_ms=28560 q_pkts=8 q_bytes=12032 qdelay_l_ms=1.05953 qdelay_c_ms=32.8236 ecn_mark=2864 drop=0
[QUEUE_STATS] t_ms=28576 q_pkts=5 q_bytes=7520 qdelay_l_ms=1.06036 qdelay_c_ms=23.7125 ecn_mark=2865 drop=0
[QUEUE_STATS] t_ms=28593 q_pkts=6 q_bytes=9024 qdelay_l_ms=1.07167 qdelay_c_ms=13.0896 ecn_mark=2867 drop=0
[QUEUE_STATS] t_ms=28609 q_pkts=5 q_bytes=7520 qdelay_l_ms=1.06899 qdelay_c_ms=15.9754 ecn_mark=2869 drop=0
[QUEUE_STATS] t_ms=28624 q_pkts=3 q_bytes=4512 qdelay_l_ms=0 qdelay_c_ms=11.0045 ecn_mark=2869 drop=0
[QUEUE_STATS] t_ms=28640 q_pkts=4 q_bytes=6016 qdelay_l_ms=1.0511 qdelay_c_ms=11.3398 ecn_mark=2872 drop=0
[QUEUE_STATS] t_ms=28657 q_pkts=4 q_bytes=6016 qdelay_l_ms=0 qdelay_c_ms=9.28646 ecn_mark=2874 drop=0
[QUEUE_STATS] t_ms=28672 q_pkts=5 q_bytes=7520 qdelay_l_ms=0 qdelay_c_ms=8.42113 ecn_mark=2875 drop=0
[QUEUE_STATS] t_ms=28688 q_pkts=5 q_bytes=7520 qdelay_l_ms=0 qdelay_c_ms=11.7554 ecn_mark=2876 drop=0
[QUEUE_STATS] t_ms=28704 q_pkts=3 q_bytes=4512 qdelay_l_ms=0 qdelay_c_ms=9.00354 ecn_mark=2876 drop=0
[QUEUE_STATS] t_ms=28720 q_pkts=6 q_bytes=9024 qdelay_l_ms=2.10548 qdelay_c_ms=10.2288 ecn_mark=2879 drop=0
[QUEUE_STATS] t_ms=28736 q_pkts=4 q_bytes=6016 qdelay_l_ms=0 qdelay_c_ms=12.5962 ecn_mark=2880 drop=0
[QUEUE_STATS] t_ms=28752 q_pkts=6 q_bytes=9024 qdelay_l_ms=1.05926 qdelay_c_ms=15.8428 ecn_mark=2884 drop=0
[QUEUE_STATS] t_ms=28768 q_pkts=6 q_bytes=9024 qdelay_l_ms=1.0283 qdelay_c_ms=11.2479 ecn_mark=2887 drop=0
[QUEUE_STATS] t_ms=28784 q_pkts=5 q_bytes=7520 qdelay_l_ms=0 qdelay_c_ms=14.789 ecn_mark=2888 drop=0
[QUEUE_STATS] t_ms=28800 q_pkts=5 q_bytes=7520 qdelay_l_ms=1.05882 qdelay_c_ms=8.02359 ecn_mark=2890 drop=0
[QUEUE_STATS] t_ms=28816 q_pkts=6 q_bytes=9024 qdelay_l_ms=1.06026 qdelay_c_ms=11.7265 ecn_mark=2891 drop=0
[QUEUE_STATS] t_ms=28832 q_pkts=6 q_bytes=9024 qdelay_l_ms=0 qdelay_c_ms=16.0224 ecn_mark=2893 drop=0
[QUEUE_STATS] t_ms=28848 q_pkts=7 q_bytes=10528 qdelay_l_ms=2.13719 qdelay_c_ms=14.8883 ecn_mark=2896 drop=0
[QUEUE_STATS] t_ms=28864 q_pkts=5 q_bytes=7520 qdelay_l_ms=0 qdelay_c_ms=10.4183 ecn_mark=2897 drop=0
[QUEUE_STATS] t_ms=28880 q_pkts=8 q_bytes=12032 qdelay_l_ms=0 qdelay_c_ms=12.4435 ecn_mark=2898 drop=0
[QUEUE_STATS] t_ms=28896 q_pkts=7 q_bytes=10528 qdelay_l_ms=1.04538 qdelay_c_ms=17.2416 ecn_mark=2899 drop=0
[QUEUE_STATS] t_ms=28912 q_pkts=6 q_bytes=9024 qdelay_l_ms=0 qdelay_c_ms=15.1483 ecn_mark=2902 drop=0
[QUEUE_STATS] t_ms=28928 q_pkts=6 q_bytes=9024 qdelay_l_ms=1.06425 qdelay_c_ms=14.2418 ecn_mark=2902 drop=0
[QUEUE_STATS] t_ms=28945 q_pkts=8 q_bytes=12032 qdelay_l_ms=0 qdelay_c_ms=15.3185 ecn_mark=2903 drop=0
[QUEUE_STATS] t_ms=28960 q_pkts=8 q_bytes=12032 qdelay_l_ms=1.0602 qdelay_c_ms=18.61 ecn_mark=2904 drop=0
[QUEUE_STATS] t_ms=28977 q_pkts=8 q_bytes=12032 qdelay_l_ms=1.07229 qdelay_c_ms=15.0607 ecn_mark=2906 drop=0
[QUEUE_STATS] t_ms=28993 q_pkts=7 q_bytes=10528 qdelay_l_ms=1.07269 qdelay_c_ms=14.8937 ecn_mark=2906 drop=0
[QUEUE_STATS] t_ms=29008 q_pkts=8 q_bytes=12032 qdelay_l_ms=1.05855 qdelay_c_ms=21.2421 ecn_mark=2909 drop=0
[QUEUE_STATS] t_ms=29024 q_pkts=8 q_bytes=12032 qdelay_l_ms=1.07018 qdelay_c_ms=16.6046 ecn_mark=2910 drop=0
[QUEUE_STATS] t_ms=29040 q_pkts=8 q_bytes=12032 qdelay_l_ms=2.11961 qdelay_c_ms=14.201 ecn_mark=2910 drop=0
[QUEUE_STATS] t_ms=29056 q_pkts=8 q_bytes=12032 qdelay_l_ms=1.05917 qdelay_c_ms=17.9025 ecn_mark=2913 drop=0
[QUEUE_STATS] t_ms=29072 q_pkts=9 q_bytes=13536 qdelay_l_ms=2.44803 qdelay_c_ms=14.9618 ecn_mark=2913 drop=0
[QUEUE_STATS] t_ms=29088 q_pkts=10 q_bytes=15040 qdelay_l_ms=1.05887 qdelay_c_ms=20.6363 ecn_mark=2913 drop=0
[QUEUE_STATS] t_ms=29104 q_pkts=9 q_bytes=13536 qdelay_l_ms=0 qdelay_c_ms=19.2724 ecn_mark=2915 drop=0
[QUEUE_STATS] t_ms=29120 q_pkts=11 q_bytes=16544 qdelay_l_ms=0 qdelay_c_ms=26.0618 ecn_mark=2915 drop=0
[QUEUE_STATS] t_ms=29136 q_pkts=11 q_bytes=16544 qdelay_l_ms=1.05696 qdelay_c_ms=30.4774 ecn_mark=2917 drop=0
[QUEUE_STATS] t_ms=29153 q_pkts=11 q_bytes=16544 qdelay_l_ms=0 qdelay_c_ms=29.1282 ecn_mark=2918 drop=0
[QUEUE_STATS] t_ms=29169 q_pkts=9 q_bytes=13536 qdelay_l_ms=1.07178 qdelay_c_ms=25.6387 ecn_mark=2919 drop=0
[QUEUE_STATS] t_ms=29184 q_pkts=10 q_bytes=15040 qdelay_l_ms=1.04685 qdelay_c_ms=24.9393 ecn_mark=2924 drop=0
[QUEUE_STATS] t_ms=29200 q_pkts=11 q_bytes=16544 qdelay_l_ms=1.05692 qdelay_c_ms=24.7011 ecn_mark=2926 drop=0
[QUEUE_STATS] t_ms=29216 q_pkts=8 q_bytes=12032 qdelay_l_ms=1.0396 qdelay_c_ms=19.7665 ecn_mark=2928 drop=0
[QUEUE_STATS] t_ms=29232 q_pkts=7 q_bytes=10528 qdelay_l_ms=1.06816 qdelay_c_ms=21.6023 ecn_mark=2928 drop=0
[QUEUE_STATS] t_ms=29248 q_pkts=4 q_bytes=6016 qdelay_l_ms=0 qdelay_c_ms=11.4269 ecn_mark=2930 drop=0
[QUEUE_STATS] t_ms=29264 q_pkts=5 q_bytes=7520 qdelay_l_ms=1.06317 qdelay_c_ms=9.61752 ecn_mark=2932 drop=0
[QUEUE_STATS] t_ms=29280 q_pkts=5 q_bytes=7520 qdelay_l_ms=1.06017 qdelay_c_ms=8.83235 ecn_mark=2932 drop=0
[QUEUE_STATS] t_ms=29296 q_pkts=7 q_bytes=10528 qdelay_l_ms=1.0603 qdelay_c_ms=13.0701 ecn_mark=2935 drop=0
[QUEUE_STATS] t_ms=29312 q_pkts=6 q_bytes=9024 qdelay_l_ms=1.04849 qdelay_c_ms=14.6513 ecn_mark=2936 drop=0
[QUEUE_STATS] t_ms=29328 q_pkts=6 q_bytes=9024 qdelay_l_ms=1.05875 qdelay_c_ms=11.9857 ecn_mark=2939 drop=0
[QUEUE_STATS] t_ms=29344 q_pkts=6 q_bytes=9024 qdelay_l_ms=1.05722 qdelay_c_ms=11.1418 ecn_mark=2940 drop=0
[QUEUE_STATS] t_ms=29360 q_pkts=6 q_bytes=9024 qdelay_l_ms=1.05563 qdelay_c_ms=15.5241 ecn_mark=2941 drop=0
[QUEUE_STATS] t_ms=29376 q_pkts=7 q_bytes=10528 qdelay_l_ms=1.06261 qdelay_c_ms=8.77546 ecn_mark=2941 drop=0
[QUEUE_STATS] t_ms=29392 q_pkts=6 q_bytes=9024 qdelay_l_ms=1.06005 qdelay_c_ms=17.8998 ecn_mark=2943 drop=0
[QUEUE_STATS] t_ms=29408 q_pkts=7 q_bytes=10528 qdelay_l_ms=1.06214 qdelay_c_ms=16.0071 ecn_mark=2943 drop=0
[QUEUE_STATS] t_ms=29425 q_pkts=7 q_bytes=10528 qdelay_l_ms=1.06209 qdelay_c_ms=18.3953 ecn_mark=2943 drop=0
[QUEUE_STATS] t_ms=29440 q_pkts=8 q_bytes=12032 qdelay_l_ms=2.92504 qdelay_c_ms=13.7439 ecn_mark=2944 drop=0
[QUEUE_STATS] t_ms=29456 q_pkts=7 q_bytes=10528 qdelay_l_ms=0 qdelay_c_ms=17.6162 ecn_mark=2948 drop=0
[QUEUE_STATS] t_ms=29472 q_pkts=7 q_bytes=10528 qdelay_l_ms=1.06238 qdelay_c_ms=14.9851 ecn_mark=2949 drop=0
[QUEUE_STATS] t_ms=29488 q_pkts=8 q_bytes=12032 qdelay_l_ms=1.06225 qdelay_c_ms=17.4031 ecn_mark=2950 drop=0
[QUEUE_STATS] t_ms=29504 q_pkts=9 q_bytes=13536 qdelay_l_ms=1.05871 qdelay_c_ms=21.856 ecn_mark=2950 drop=0
[QUEUE_STATS] t_ms=29520 q_pkts=8 q_bytes=12032 qdelay_l_ms=0.635563 qdelay_c_ms=24.403 ecn_mark=2951 drop=0
[QUEUE_STATS] t_ms=29536 q_pkts=9 q_bytes=13536 qdelay_l_ms=1.05729 qdelay_c_ms=22.0802 ecn_mark=2953 drop=0
[QUEUE_STATS] t_ms=29552 q_pkts=9 q_bytes=13536 qdelay_l_ms=1.06299 qdelay_c_ms=21.1934 ecn_mark=2954 drop=0
[QUEUE_STATS] t_ms=29568 q_pkts=10 q_bytes=15040 qdelay_l_ms=1.0571 qdelay_c_ms=23.9123 ecn_mark=2958 drop=0
[QUEUE_STATS] t_ms=29584 q_pkts=9 q_bytes=13536 qdelay_l_ms=2.16007 qdelay_c_ms=27.5176 ecn_mark=2961 drop=0
[QUEUE_STATS] t_ms=29600 q_pkts=9 q_bytes=13536 qdelay_l_ms=0 qdelay_c_ms=27.1298 ecn_mark=2961 drop=0
[QUEUE_STATS] t_ms=29616 q_pkts=9 q_bytes=13536 qdelay_l_ms=1.06216 qdelay_c_ms=24.8036 ecn_mark=2963 drop=0
[QUEUE_STATS] t_ms=29632 q_pkts=10 q_bytes=15040 qdelay_l_ms=1.05975 qdelay_c_ms=20.9645 ecn_mark=2966 drop=0
[QUEUE_STATS] t_ms=29648 q_pkts=9 q_bytes=13536 qdelay_l_ms=1.06152 qdelay_c_ms=20.1909 ecn_mark=2968 drop=0
[QUEUE_STATS] t_ms=29664 q_pkts=10 q_bytes=15040 qdelay_l_ms=1.00928 qdelay_c_ms=20.2078 ecn_mark=2970 drop=0
[QUEUE_STATS] t_ms=29680 q_pkts=8 q_bytes=12032 qdelay_l_ms=1.05944 qdelay_c_ms=23.9449 ecn_mark=2972 drop=0
[QUEUE_STATS] t_ms=29696 q_pkts=10 q_bytes=15040 qdelay_l_ms=2.11526 qdelay_c_ms=23.2833 ecn_mark=2974 drop=0
[QUEUE_STATS] t_ms=29712 q_pkts=9 q_bytes=13536 qdelay_l_ms=1.06208 qdelay_c_ms=27.398 ecn_mark=2976 drop=0
[QUEUE_STATS] t_ms=29728 q_pkts=9 q_bytes=13536 qdelay_l_ms=1.05855 qdelay_c_ms=21.0171 ecn_mark=2978 drop=0
[QUEUE_STATS] t_ms=29744 q_pkts=11 q_bytes=16544 qdelay_l_ms=1.06179 qdelay_c_ms=22.1038 ecn_mark=2979 drop=0
[QUEUE_STATS] t_ms=29760 q_pkts=9 q_bytes=13536 qdelay_l_ms=1.05639 qdelay_c_ms=21.5954 ecn_mark=2979 drop=0
[QUEUE_STATS] t_ms=29776 q_pkts=10 q_bytes=15040 qdelay_l_ms=1.05917 qdelay_c_ms=25.4992 ecn_mark=2980 drop=0
[QUEUE_STATS] t_ms=29792 q_pkts=11 q_bytes=16544 qdelay_l_ms=0 qdelay_c_ms=24.5864 ecn_mark=2987 drop=0
[QUEUE_STATS] t_ms=29808 q_pkts=8 q_bytes=12032 qdelay_l_ms=0 qdelay_c_ms=21.8302 ecn_mark=2990 drop=0
[QUEUE_STATS] t_ms=29824 q_pkts=12 q_bytes=18048 qdelay_l_ms=1.06896 qdelay_c_ms=25.976 ecn_mark=2991 drop=0
[QUEUE_STATS] t_ms=29840 q_pkts=11 q_bytes=16544 qdelay_l_ms=2.07273 qdelay_c_ms=23.1719 ecn_mark=2991 drop=0
[QUEUE_STATS] t_ms=29856 q_pkts=12 q_bytes=18048 qdelay_l_ms=1.06244 qdelay_c_ms=30.3051 ecn_mark=2993 drop=0
[QUEUE_STATS] t_ms=29872 q_pkts=12 q_bytes=18048 qdelay_l_ms=0 qdelay_c_ms=30.8281 ecn_mark=2994 drop=0
[QUEUE_STATS] t_ms=29888 q_pkts=12 q_bytes=18048 qdelay_l_ms=1.06194 qdelay_c_ms=31.1571 ecn_mark=2995 drop=0
[QUEUE_STATS] t_ms=29904 q_pkts=13 q_bytes=19552 qdelay_l_ms=1.06346 qdelay_c_ms=29.5729 ecn_mark=2995 drop=0
[QUEUE_STATS] t_ms=29920 q_pkts=13 q_bytes=19552 qdelay_l_ms=2.12725 qdelay_c_ms=26.3521 ecn_mark=2996 drop=0
[QUEUE_STATS] t_ms=29937 q_pkts=15 q_bytes=22560 qdelay_l_ms=1.07282 qdelay_c_ms=38.163 ecn_mark=2997 drop=0
[QUEUE_STATS] t_ms=29952 q_pkts=13 q_bytes=19552 qdelay_l_ms=1.05949 qdelay_c_ms=37.3321 ecn_mark=3000 drop=0
[QUEUE_STATS] t_ms=29968 q_pkts=12 q_bytes=18048 qdelay_l_ms=0 qdelay_c_ms=39.5572 ecn_mark=3001 drop=0
[QUEUE_STATS] t_ms=29984 q_pkts=13 q_bytes=19552 qdelay_l_ms=0 qdelay_c_ms=42.2004 ecn_mark=3004 drop=0
[QUEUE_STATS] t_ms=30000 q_pkts=13 q_bytes=19552 qdelay_l_ms=1.05602 qdelay_c_ms=32.3168 ecn_mark=3006 drop=0
[QUEUE_STATS] t_ms=30016 q_pkts=10 q_bytes=15040 qdelay_l_ms=1.05808 qdelay_c_ms=29.966 ecn_mark=3007 drop=0
[QUEUE_STATS] t_ms=30032 q_pkts=10 q_bytes=15040 qdelay_l_ms=1.05865 qdelay_c_ms=25.9438 ecn_mark=3008 drop=0
[QUEUE_STATS] t_ms=30048 q_pkts=6 q_bytes=9024 qdelay_l_ms=1.05868 qdelay_c_ms=28.7177 ecn_mark=3008 drop=0
[QUEUE_STATS] t_ms=30065 q_pkts=8 q_bytes=12032 qdelay_l_ms=1.08379 qdelay_c_ms=16.812 ecn_mark=3010 drop=0
[QUEUE_STATS] t_ms=30080 q_pkts=7 q_bytes=10528 qdelay_l_ms=1.06581 qdelay_c_ms=16.1782 ecn_mark=3011 drop=0
[QUEUE_STATS] t_ms=30096 q_pkts=8 q_bytes=12032 qdelay_l_ms=1.06255 qdelay_c_ms=19.5583 ecn_mark=3013 drop=0
[QUEUE_STATS] t_ms=30112 q_pkts=7 q_bytes=10528 qdelay_l_ms=1.06343 qdelay_c_ms=15.6439 ecn_mark=3015 drop=0
[QUEUE_STATS] t_ms=30128 q_pkts=8 q_bytes=12032 qdelay_l_ms=2.13353 qdelay_c_ms=19.7258 ecn_mark=3019 drop=0
[QUEUE_STATS] t_ms=30144 q_pkts=8 q