[QUEUE_STATS] t_ms=33 q_pkts=0 q_bytes=0 qdelay_l_ms=0 qdelay_c_ms=0 ecn_mark=0 drop=0
[QUEUE_STATS] t_ms=52 q_pkts=0 q_bytes=0 qdelay_l_ms=0 qdelay_c_ms=0 ecn_mark=0 drop=0
[QUEUE_STATS] t_ms=94 q_pkts=0 q_bytes=0 qdelay_l_ms=0 qdelay_c_ms=0 ecn_mark=0 drop=0
[QUEUE_STATS] t_ms=96 q_pkts=1 q_bytes=64 qdelay_l_ms=1.09332 qdelay_c_ms=0 ecn_mark=0 drop=0
[QUEUE_STATS] t_ms=137 q_pkts=0 q_bytes=0 qdelay_l_ms=0 qdelay_c_ms=0 ecn_mark=0 drop=0
[QUEUE_STATS] t_ms=180 q_pkts=0 q_bytes=0 qdelay_l_ms=0 qdelay_c_ms=0 ecn_mark=0 drop=0
[QUEUE_STATS] t_ms=223 q_pkts=0 q_bytes=0 qdelay_l_ms=0 qdelay_c_ms=0 ecn_mark=0 drop=0
[QUEUE_STATS] t_ms=224 q_pkts=4 q_bytes=264 qdelay_l_ms=1.07471 qdelay_c_ms=0 ecn_mark=0 drop=0
[QUEUE_STATS] t_ms=266 q_pkts=0 q_bytes=0 qdelay_l_ms=0 qdelay_c_ms=0 ecn_mark=0 drop=0
[QUEUE_STATS] t_ms=308 q_pkts=0 q_bytes=0 qdelay_l_ms=0 qdelay_c_ms=0 ecn_mark=0 drop=0
[QUEUE_STATS] t_ms=353 q_pkts=0 q_bytes=0 qdelay_l_ms=0 qdelay_c_ms=0 ecn_mark=0 drop=0
[QUEUE_STATS] t_ms=368 q_pkts=1 q_bytes=1504 qdelay_l_ms=1.08335 qdelay_c_ms=0 ecn_mark=0 drop=0
[QUEUE_STATS] t_ms=395 q_pkts=0 q_bytes=0 qdelay_l_ms=0 qdelay_c_ms=0 ecn_mark=0 drop=0
[QUEUE_STATS] t_ms=400 q_pkts=17 q_bytes=25568 qdelay_l_ms=1.16138 qdelay_c_ms=3.12731 ecn_mark=0 drop=0
[QUEUE_STATS] t_ms=416 q_pkts=2 q_bytes=3008 qdelay_l_ms=1.05716 qdelay_c_ms=0 ecn_mark=0 drop=0
[QUEUE_STATS] t_ms=438 q_pkts=0 q_bytes=0 qdelay_l_ms=0 qdelay_c_ms=0 ecn_mark=0 drop=0
[QUEUE_STATS] t_ms=448 q_pkts=39 q_bytes=58656 qdelay_l_ms=0 qdelay_c_ms=8.88895 ecn_mark=0 drop=0
[QUEUE_STATS] t_ms=464 q_pkts=53 q_bytes=79712 qdelay_l_ms=1.99544 qdelay_c_ms=21.8193 ecn_mark=0 drop=0
[QUEUE_STATS] t_ms=480 q_pkts=0 q_bytes=0 qdelay_l_ms=0 qdelay_c_ms=0 ecn_mark=0 drop=0
[QUEUE_STATS] t_ms=496 q_pkts=61 q_bytes=91744 qdelay_l_ms=3.28776 qdelay_c_ms=15.7378 ecn_mark=0 drop=0
[QUEUE_STATS] t_ms=512 q_pkts=139 q_bytes=209056 qdelay_l_ms=9.75878 qdelay_c_ms=29.1409 ecn_mark=29 drop=0
[QUEUE_STATS] t_ms=528 q_pkts=156 q_bytes=234624 qdelay_l_ms=3.87115 qdelay_c_ms=43.0534 ecn_mark=72 drop=0
[QUEUE_STATS] t_ms=544 q_pkts=218 q_bytes=327872 qdelay_l_ms=12.0698 qdelay_c_ms=57.4965 ecn_mark=117 drop=0
[QUEUE_STATS] t_ms=560 q_pkts=171 q_bytes=257184 qdelay_l_ms=19.6786 qdelay_c_ms=70.7394 ecn_mark=173 drop=0
[QUEUE_STATS] t_ms=576 q_pkts=122 q_bytes=183488 qdelay_l_ms=0 qdelay_c_ms=82.4071 ecn_mark=212 drop=0
[QUEUE_STATS] t_ms=592 q_pkts=87 q_bytes=130848 qdelay_l_ms=0.933411 qdelay_c_ms=82.257 ecn_mark=212 drop=0
[QUEUE_STATS] t_ms=608 q_pkts=65 q_bytes=97760 qdelay_l_ms=0.984507 qdelay_c_ms=94.6396 ecn_mark=212 drop=0
[QUEUE_STATS] t_ms=624 q_pkts=81 q_bytes=121824 qdelay_l_ms=0.964019 qdelay_c_ms=95.3815 ecn_mark=212 drop=0
[QUEUE_STATS] t_ms=640 q_pkts=92 q_bytes=138368 qdelay_l_ms=0.946155 qdelay_c_ms=73.7395 ecn_mark=212 drop=0
[QUEUE_STATS] t_ms=656 q_pkts=107 q_bytes=160928 qdelay_l_ms=1.08841 qdelay_c_ms=47.3767 ecn_mark=212 drop=0
[QUEUE_STATS] t_ms=672 q_pkts=107 q_bytes=160928 qdelay_l_ms=0.964169 qdelay_c_ms=52.7806 ecn_mark=212 drop=0
[QUEUE_STATS] t_ms=688 q_pkts=108 q_bytes=162432 qdelay_l_ms=1.05061 qdelay_c_ms=65.347 ecn_mark=212 drop=0
[QUEUE_STATS] t_ms=704 q_pkts=111 q_bytes=166944 qdelay_l_ms=0.957526 qdelay_c_ms=70.9136 ecn_mark=212 drop=0
[QUEUE_STATS] t_ms=720 q_pkts=111 q_bytes=166944 qdelay_l_ms=1.0866 qdelay_c_ms=76.9578 ecn_mark=213 drop=0
[QUEUE_STATS] t_ms=736 q_pkts=111 q_bytes=166944 qdelay_l_ms=1.07557 qdelay_c_ms=84.4051 ecn_mark=213 drop=0
[QUEUE_STATS] t_ms=752 q_pkts=102 q_bytes=153408 qdelay_l_ms=1.10592 qdelay_c_ms=79.1955 ecn_mark=213 drop=0
[QUEUE_STATS] t_ms=768 q_pkts=71 q_bytes=106784 qdelay_l_ms=1.02342 qdelay_c_ms=56.1155 ecn_mark=213 drop=0
[QUEUE_STATS] t_ms=784 q_pkts=50 q_bytes=75200 qdelay_l_ms=1.02248 qdelay_c_ms=39.6151 ecn_mark=213 drop=0
[QUEUE_STATS] t_ms=800 q_pkts=62 q_bytes=93248 qdelay_l_ms=1.01162 qdelay_c_ms=28.6985 ecn_mark=213 drop=0
[QUEUE_STATS] t_ms=816 q_pkts=70 q_bytes=105280 qdelay_l_ms=1.00574 qdelay_c_ms=21.2762 ecn_mark=213 drop=0
[QUEUE_STATS] t_ms=832 q_pkts=74 q_bytes=111296 qdelay_l_ms=1.09275 qdelay_c_ms=28.0672 ecn_mark=213 drop=0
[QUEUE_STATS] t_ms=848 q_pkts=78 q_bytes=117312 qdelay_l_ms=1.00245 qdelay_c_ms=32.1442 ecn_mark=213 drop=0
[QUEUE_STATS] t_ms=864 q_pkts=80 q_bytes=120320 qdelay_l_ms=1.00059 qdelay_c_ms=30.8181 ecn_mark=213 drop=0
[QUEUE_STATS] t_ms=880 q_pkts=81 q_bytes=121824 qdelay_l_ms=1.09433 qdelay_c_ms=33.0738 ecn_mark=213 drop=0
[QUEUE_STATS] t_ms=896 q_pkts=85 q_bytes=127840 qdelay_l_ms=1.04717 qdelay_c_ms=35.0869 ecn_mark=213 drop=0
[QUEUE_STATS] t_ms=912 q_pkts=84 q_bytes=126336 qdelay_l_ms=0.988254 qdelay_c_ms=33.5486 ecn_mark=213 drop=0
[QUEUE_STATS] t_ms=928 q_pkts=87 q_bytes=130848 qdelay_l_ms=0.974508 qdelay_c_ms=35.1799 ecn_mark=213 drop=0
[QUEUE_STATS] t_ms=944 q_pkts=91 q_bytes=136864 qdelay_l_ms=0.973356 qdelay_c_ms=36.9726 ecn_mark=213 drop=0
[QUEUE_STATS] t_ms=960 q_pkts=90 q_bytes=135360 qdelay_l_ms=1.09063 qdelay_c_ms=37.8632 ecn_mark=213 drop=0
[QUEUE_STATS] t_ms=976 q_pkts=92 q_bytes=138368 qdelay_l_ms=0.961784 qdelay_c_ms=38.6682 ecn_mark=213 drop=0
[QUEUE_STATS] t_ms=992 q_pkts=97 q_bytes=145888 qdelay_l_ms=1.09343 qdelay_c_ms=41.0369 ecn_mark=213 drop=0
[QUEUE_STATS] t_ms=1008 q_pkts=99 q_bytes=148896 qdelay_l_ms=1.05464 qdelay_c_ms=42.4452 ecn_mark=213 drop=0
[QUEUE_STATS] t_ms=1024 q_pkts=100 q_bytes=150400 qdelay_l_ms=0.951134 qdelay_c_ms=41.7806 ecn_mark=213 drop=0
[QUEUE_STATS] t_ms=1040 q_pkts=102 q_bytes=153408 qdelay_l_ms=0.952607 qdelay_c_ms=44.9235 ecn_mark=213 drop=0
[QUEUE_STATS] t_ms=1056 q_pkts=104 q_bytes=156416 qdelay_l_ms=0.929243 qdelay_c_ms=45.0046 ecn_mark=213 drop=0
[QUEUE_STATS] t_ms=1072 q_pkts=107 q_bytes=160928 qdelay_l_ms=0.939493 qdelay_c_ms=45.8718 ecn_mark=214 drop=0
[QUEUE_STATS] t_ms=1089 q_pkts=110 q_bytes=165440 qdelay_l_ms=1.06721 qdelay_c_ms=47.7263 ecn_mark=214 drop=0
[QUEUE_STATS] t_ms=1104 q_pkts=107 q_bytes=160928 qdelay_l_ms=1.07514 qdelay_c_ms=47.1677 ecn_mark=214 drop=0
[QUEUE_STATS] t_ms=1120 q_pkts=93 q_bytes=139872 qdelay_l_ms=1.0926 qdelay_c_ms=39.876 ecn_mark=214 drop=0
[QUEUE_STATS] t_ms=1136 q_pkts=86 q_bytes=129344 qdelay_l_ms=1.07424 qdelay_c_ms=37.7973 ecn_mark=214 drop=0
[QUEUE_STATS] t_ms=1152 q_pkts=96 q_bytes=144384 qdelay_l_ms=1.05577 qdelay_c_ms=36.9942 ecn_mark=214 drop=0
[QUEUE_STATS] t_ms=1168 q_pkts=99 q_bytes=148896 qdelay_l_ms=0.337283 qdelay_c_ms=32.6862 ecn_mark=214 drop=0
[QUEUE_STATS] t_ms=1184 q_pkts=105 q_bytes=157920 qdelay_l_ms=0.246393 qdelay_c_ms=34.8276 ecn_mark=214 drop=0
[QUEUE_STATS] t_ms=1200 q_pkts=105 q_bytes=157920 qdelay_l_ms=1.06753 qdelay_c_ms=39.1612 ecn_mark=214 drop=0
[QUEUE_STATS] t_ms=1216 q_pkts=108 q_bytes=162432 qdelay_l_ms=1.097 qdelay_c_ms=39.1344 ecn_mark=214 drop=0
[QUEUE_STATS] t_ms=1232 q_pkts=110 q_bytes=165440 qdelay_l_ms=1.06172 qdelay_c_ms=41.0076 ecn_mark=214 drop=0
[QUEUE_STATS] t_ms=1248 q_pkts=113 q_bytes=169952 qdelay_l_ms=1.07991 qdelay_c_ms=42.0423 ecn_mark=214 drop=0
[QUEUE_STATS] t_ms=1264 q_pkts=115 q_bytes=172960 qdelay_l_ms=1.07173 qdelay_c_ms=42.9339 ecn_mark=214 drop=0
[QUEUE_STATS] t_ms=1280 q_pkts=118 q_bytes=177472 qdelay_l_ms=1.06663 qdelay_c_ms=42.8604 ecn_mark=214 drop=0
[QUEUE_STATS] t_ms=1296 q_pkts=120 q_bytes=180480 qdelay_l_ms=1.10851 qdelay_c_ms=43.974 ecn_mark=214 drop=0
[QUEUE_STATS] t_ms=1312 q_pkts=122 q_bytes=183488 qdelay_l_ms=1.05267 qdelay_c_ms=44.9382 ecn_mark=214 drop=0
[QUEUE_STATS] t_ms=1328 q_pkts=124 q_bytes=186496 qdelay_l_ms=1.06701 qdelay_c_ms=48.143 ecn_mark=214 drop=0
[QUEUE_STATS] t_ms=1344 q_pkts=127 q_bytes=191008 qdelay_l_ms=1.06485 qdelay_c_ms=47.8202 ecn_mark=214 drop=0
[QUEUE_STATS] t_ms=1360 q_pkts=126 q_bytes=189504 qdelay_l_ms=1.08274 qdelay_c_ms=49.1881 ecn_mark=214 drop=0
[QUEUE_STATS] t_ms=1376 q_pkts=130 q_bytes=195520 qdelay_l_ms=1.08148 qdelay_c_ms=50.706 ecn_mark=215 drop=0
[QUEUE_STATS] t_ms=1392 q_pkts=134 q_bytes=201536 qdelay_l_ms=1.03987 qdelay_c_ms=52.1998 ecn_mark=215 drop=0
[QUEUE_STATS] t_ms=1408 q_pkts=136 q_bytes=204544 qdelay_l_ms=1.09587 qdelay_c_ms=51.9133 ecn_mark=215 drop=0
[QUEUE_STATS] t_ms=1424 q_pkts=130 q_bytes=195520 qdelay_l_ms=1.05765 qdelay_c_ms=48.586 ecn_mark=215 drop=0
[QUEUE_STATS] t_ms=1440 q_pkts=130 q_bytes=195520 qdelay_l_ms=1.06112 qdelay_c_ms=49.0317 ecn_mark=215 drop=0
[QUEUE_STATS] t_ms=1456 q_pkts=133 q_bytes=200032 qdelay_l_ms=1.04669 qdelay_c_ms=50.0369 ecn_mark=215 drop=0
[QUEUE_STATS] t_ms=1472 q_pkts=139 q_bytes=209056 qdelay_l_ms=0.274495 qdelay_c_ms=48.817 ecn_mark=215 drop=0
[QUEUE_STATS] t_ms=1488 q_pkts=139 q_bytes=209056 qdelay_l_ms=0.312576 qdelay_c_ms=48.7153 ecn_mark=215 drop=0
[QUEUE_STATS] t_ms=1504 q_pkts=142 q_bytes=213568 qdelay_l_ms=1.0946 qdelay_c_ms=48.7403 ecn_mark=216 drop=0
[QUEUE_STATS] t_ms=1520 q_pkts=144 q_bytes=216576 qdelay_l_ms=1.07921 qdelay_c_ms=52.0312 ecn_mark=216 drop=0
[QUEUE_STATS] t_ms=1536 q_pkts=146 q_bytes=219584 qdelay_l_ms=1.09063 qdelay_c_ms=52.9823 ecn_mark=216 drop=0
[QUEUE_STATS] t_ms=1552 q_pkts=139 q_bytes=209056 qdelay_l_ms=0.871875 qdelay_c_ms=50.9996 ecn_mark=216 drop=0
[QUEUE_STATS] t_ms=1568 q_pkts=143 q_bytes=215072 qdelay_l_ms=1.06236 qdelay_c_ms=51.4959 ecn_mark=216 drop=0
[QUEUE_STATS] t_ms=1584 q_pkts=147 q_bytes=221088 qdelay_l_ms=1.06218 qdelay_c_ms=52.0018 ecn_mark=216 drop=0
[QUEUE_STATS] t_ms=1600 q_pkts=150 q_bytes=225600 qdelay_l_ms=1.11208 qdelay_c_ms=50.9611 ecn_mark=216 drop=0
[QUEUE_STATS] t_ms=1616 q_pkts=151 q_bytes=227104 qdelay_l_ms=0.382277 qdelay_c_ms=51.6614 ecn_mark=216 drop=0
[QUEUE_STATS] t_ms=1632 q_pkts=154 q_bytes=231616 qdelay_l_ms=1.06677 qdelay_c_ms=51.9599 ecn_mark=216 drop=0
[QUEUE_STATS] t_ms=1648 q_pkts=157 q_bytes=236128 qdelay_l_ms=0.787026 qdelay_c_ms=53.683 ecn_mark=216 drop=0
[QUEUE_STATS] t_ms=1664 q_pkts=158 q_bytes=237632 qdelay_l_ms=1.0634 qdelay_c_ms=54.8849 ecn_mark=216 drop=0
[QUEUE_STATS] t_ms=1680 q_pkts=162 q_bytes=243648 qdelay_l_ms=1.075 qdelay_c_ms=55.1002 ecn_mark=216 drop=0
[QUEUE_STATS] t_ms=1696 q_pkts=163 q_bytes=245152 qdelay_l_ms=1.03063 qdelay_c_ms=58.1701 ecn_mark=216 drop=0
[QUEUE_STATS] t_ms=1712 q_pkts=166 q_bytes=249664 qdelay_l_ms=1.06326 qdelay_c_ms=59.0853 ecn_mark=216 drop=0
[QUEUE_STATS] t_ms=1728 q_pkts=167 q_bytes=251168 qdelay_l_ms=1.06304 qdelay_c_ms=57.552 ecn_mark=216 drop=0
[QUEUE_STATS] t_ms=1744 q_pkts=172 q_bytes=258688 qdelay_l_ms=1.04458 qdelay_c_ms=61.1599 ecn_mark=216 drop=0
[QUEUE_STATS] t_ms=1760 q_pkts=173 q_bytes=260192 qdelay_l_ms=0.943039 qdelay_c_ms=61.5723 ecn_mark=216 drop=0
[QUEUE_STATS] t_ms=1776 q_pkts=176 q_bytes=264704 qdelay_l_ms=1.09125 qdelay_c_ms=62.5808 ecn_mark=216 drop=0
[QUEUE_STATS] t_ms=1792 q_pkts=178 q_bytes=267712 qdelay_l_ms=1.06515 qdelay_c_ms=63.4124 ecn_mark=216 drop=0
[QUEUE_STATS] t_ms=1808 q_pkts=184 q_bytes=276736 qdelay_l_ms=0.770335 qdelay_c_ms=64.8854 ecn_mark=217 drop=0
[QUEUE_STATS] t_ms=1824 q_pkts=184 q_bytes=276736 qdelay_l_ms=1.06646 qdelay_c_ms=65.3117 ecn_mark=217 drop=0
[QUEUE_STATS] t_ms=1840 q_pkts=186 q_bytes=279744 qdelay_l_ms=1.01574 qdelay_c_ms=67.015 ecn_mark=217 drop=0
[QUEUE_STATS] t_ms=1856 q_pkts=186 q_bytes=279744 qdelay_l_ms=1.10909 qdelay_c_ms=65.7146 ecn_mark=217 drop=0
[QUEUE_STATS] t_ms=1872 q_pkts=185 q_bytes=278240 qdelay_l_ms=0.818365 qdelay_c_ms=66.8324 ecn_mark=217 drop=0
[QUEUE_STATS] t_ms=1888 q_pkts=189 q_bytes=284256 qdelay_l_ms=1.08595 qdelay_c_ms=66.7136 ecn_mark=217 drop=0
[QUEUE_STATS] t_ms=1904 q_pkts=192 q_bytes=288768 qdelay_l_ms=0.978886 qdelay_c_ms=67.171 ecn_mark=217 drop=0
[QUEUE_STATS] t_ms=1920 q_pkts=194 q_bytes=291776 qdelay_l_ms=1.08334 qdelay_c_ms=67.8883 ecn_mark=217 drop=0
[QUEUE_STATS] t_ms=1936 q_pkts=197 q_bytes=296288 qdelay_l_ms=0.742703 qdelay_c_ms=67.3681 ecn_mark=217 drop=0
[QUEUE_STATS] t_ms=1952 q_pkts=200 q_bytes=300800 qdelay_l_ms=1.04533 qdelay_c_ms=69.2596 ecn_mark=217 drop=0
[QUEUE_STATS] t_ms=1968 q_pkts=202 q_bytes=303808 qdelay_l_ms=1.06803 qdelay_c_ms=71.9341 ecn_mark=217 drop=0
[QUEUE_STATS] t_ms=1984 q_pkts=204 q_bytes=306816 qdelay_l_ms=1.06301 qdelay_c_ms=71.6042 ecn_mark=217 drop=0
[QUEUE_STATS] t_ms=2000 q_pkts=206 q_bytes=309824 qdelay_l_ms=1.06163 qdelay_c_ms=73.3047 ecn_mark=217 drop=0
[QUEUE_STATS] t_ms=2016 q_pkts=209 q_bytes=314336 qdelay_l_ms=0.700183 qdelay_c_ms=74.9963 ecn_mark=217 drop=0
[QUEUE_STATS] t_ms=2032 q_pkts=210 q_bytes=315840 qdelay_l_ms=1.06568 qdelay_c_ms=75.0125 ecn_mark=217 drop=0
[QUEUE_STATS] t_ms=2048 q_pkts=216 q_bytes=324864 qdelay_l_ms=1.02661 qdelay_c_ms=77.0259 ecn_mark=218 drop=0
[QUEUE_STATS] t_ms=2064 q_pkts=216 q_bytes=324864 qdelay_l_ms=1.06657 qdelay_c_ms=78.2252 ecn_mark=218 drop=0
[QUEUE_STATS] t_ms=2080 q_pkts=218 q_bytes=327872 qdelay_l_ms=1.06231 qdelay_c_ms=78.6926 ecn_mark=218 drop=0
[QUEUE_STATS] t_ms=2096 q_pkts=217 q_bytes=326368 qdelay_l_ms=0.573136 qdelay_c_ms=78.8552 ecn_mark=218 drop=0
[QUEUE_STATS] t_ms=2112 q_pkts=220 q_bytes=330880 qdelay_l_ms=0.894799 qdelay_c_ms=79.0533 ecn_mark=218 drop=0
[QUEUE_STATS] t_ms=2128 q_pkts=223 q_bytes=335392 qdelay_l_ms=1.09523 qdelay_c_ms=79.2344 ecn_mark=218 drop=0
[QUEUE_STATS] t_ms=2144 q_pkts=226 q_bytes=339904 qdelay_l_ms=0.694382 qdelay_c_ms=81.741 ecn_mark=218 drop=0
[QUEUE_STATS] t_ms=2160 q_pkts=227 q_bytes=341408 qdelay_l_ms=1.05383 qdelay_c_ms=81.9446 ecn_mark=218 drop=0
[QUEUE_STATS] t_ms=2176 q_pkts=230 q_bytes=345920 qdelay_l_ms=1.07174 qdelay_c_ms=81.3713 ecn_mark=218 drop=0
[QUEUE_STATS] t_ms=2192 q_pkts=233 q_bytes=350432 qdelay_l_ms=1.03985 qdelay_c_ms=84.0063 ecn_mark=218 drop=0
[QUEUE_STATS] t_ms=2208 q_pkts=235 q_bytes=353440 qdelay_l_ms=1.07415 qdelay_c_ms=83.8776 ecn_mark=218 drop=0
[QUEUE_STATS] t_ms=2224 q_pkts=237 q_bytes=356448 qdelay_l_ms=1.06128 qdelay_c_ms=86.1415 ecn_mark=218 drop=0
[QUEUE_STATS] t_ms=2240 q_pkts=242 q_bytes=363968 qdelay_l_ms=1.05384 qdelay_c_ms=87.0892 ecn_mark=218 drop=0
[QUEUE_STATS] t_ms=2256 q_pkts=242 q_bytes=363968 qdelay_l_ms=1.0737 qdelay_c_ms=89.0072 ecn_mark=218 drop=0
[QUEUE_STATS] t_ms=2272 q_pkts=244 q_bytes=366976 qdelay_l_ms=0.486012 qdelay_c_ms=88.7179 ecn_mark=218 drop=0
[QUEUE_STATS] t_ms=2288 q_pkts=251 q_bytes=377504 qdelay_l_ms=1.10498 qdelay_c_ms=90.7877 ecn_mark=218 drop=0
[QUEUE_STATS] t_ms=2304 q_pkts=250 q_bytes=376000 qdelay_l_ms=1.06 qdelay_c_ms=92.1231 ecn_mark=218 drop=0
[QUEUE_STATS] t_ms=2320 q_pkts=251 q_bytes=377504 qdelay_l_ms=1.01838 qdelay_c_ms=92.6936 ecn_mark=218 drop=0
[QUEUE_STATS] t_ms=2336 q_pkts=256 q_bytes=385024 qdelay_l_ms=1.10994 qdelay_c_ms=95.0086 ecn_mark=218 drop=0
[QUEUE_STATS] t_ms=2352 q_pkts=258 q_bytes=388032 qdelay_l_ms=1.06121 qdelay_c_ms=95.8848 ecn_mark=220 drop=0
[QUEUE_STATS] t_ms=2368 q_pkts=260 q_bytes=391040 qdelay_l_ms=1.0581 qdelay_c_ms=96.2451 ecn_mark=221 drop=0
[QUEUE_STATS] t_ms=2384 q_pkts=265 q_bytes=398560 qdelay_l_ms=1.06905 qdelay_c_ms=97.2914 ecn_mark=222 drop=0
[QUEUE_STATS] t_ms=2400 q_pkts=262 q_bytes=394048 qdelay_l_ms=0.779272 qdelay_c_ms=98.0135 ecn_mark=222 drop=0
[QUEUE_STATS] t_ms=2416 q_pkts=263 q_bytes=395552 qdelay_l_ms=1.06098 qdelay_c_ms=99.0992 ecn_mark=222 drop=0
[QUEUE_STATS] t_ms=2432 q_pkts=270 q_bytes=406080 qdelay_l_ms=0.749235 qdelay_c_ms=98.7548 ecn_mark=222 drop=0
[QUEUE_STATS] t_ms=2448 q_pkts=270 q_bytes=406080 qdelay_l_ms=0.70894 qdelay_c_ms=101.021 ecn_mark=223 drop=0
[QUEUE_STATS] t_ms=2464 q_pkts=271 q_bytes=407584 qdelay_l_ms=1.07711 qdelay_c_ms=101.766 ecn_mark=224 drop=0
[QUEUE_STATS] t_ms=2480 q_pkts=276 q_bytes=415104 qdelay_l_ms=1.04573 qdelay_c_ms=102.292 ecn_mark=224 drop=0
[QUEUE_STATS] t_ms=2496 q_pkts=276 q_bytes=415104 qdelay_l_ms=1.03381 qdelay_c_ms=103.321 ecn_mark=224 drop=0
[QUEUE_STATS] t_ms=2512 q_pkts=277 q_bytes=416608 qdelay_l_ms=1.09357 qdelay_c_ms=102.726 ecn_mark=224 drop=0
[QUEUE_STATS] t_ms=2528 q_pkts=282 q_bytes=424128 qdelay_l_ms=1.06636 qdelay_c_ms=103.899 ecn_mark=224 drop=0
[QUEUE_STATS] t_ms=2544 q_pkts=283 q_bytes=425632 qdelay_l_ms=1.0736 qdelay_c_ms=106.098 ecn_mark=224 drop=0
[QUEUE_STATS] t_ms=2560 q_pkts=285 q_bytes=428640 qdelay_l_ms=1.09038 qdelay_c_ms=105.973 ecn_mark=224 drop=0
[QUEUE_STATS] t_ms=2576 q_pkts=286 q_bytes=430144 qdelay_l_ms=1.08176 qdelay_c_ms=107.786 ecn_mark=224 drop=0
[QUEUE_STATS] t_ms=2592 q_pkts=289 q_bytes=434656 qdelay_l_ms=0.582693 qdelay_c_ms=109.815 ecn_mark=225 drop=0
[QUEUE_STATS] t_ms=2608 q_pkts=290 q_bytes=436160 qdelay_l_ms=1.06199 qdelay_c_ms=108.481 ecn_mark=225 drop=0
[QUEUE_STATS] t_ms=2624 q_pkts=294 q_bytes=442176 qdelay_l_ms=1.05417 qdelay_c_ms=111.314 ecn_mark=225 drop=0
[QUEUE_STATS] t_ms=2640 q_pkts=294 q_bytes=442176 qdelay_l_ms=1.06659 qdelay_c_ms=112.898 ecn_mark=225 drop=0
[QUEUE_STATS] t_ms=2656 q_pkts=297 q_bytes=446688 qdelay_l_ms=1.02023 qdelay_c_ms=112.103 ecn_mark=225 drop=0
[QUEUE_STATS] t_ms=2672 q_pkts=300 q_bytes=451200 qdelay_l_ms=1.07964 qdelay_c_ms=115.646 ecn_mark=226 drop=0
[QUEUE_STATS] t_ms=2688 q_pkts=302 q_bytes=454208 qdelay_l_ms=1.04363 qdelay_c_ms=115.3 ecn_mark=227 drop=0
[QUEUE_STATS] t_ms=2704 q_pkts=303 q_bytes=455712 qdelay_l_ms=1.08614 qdelay_c_ms=114.917 ecn_mark=229 drop=0
[QUEUE_STATS] t_ms=2720 q_pkts=305 q_bytes=458720 qdelay_l_ms=1.08094 qdelay_c_ms=117.924 ecn_mark=229 drop=0
[QUEUE_STATS] t_ms=2736 q_pkts=308 q_bytes=463232 qdelay_l_ms=1.06742 qdelay_c_ms=117.236 ecn_mark=230 drop=0
[QUEUE_STATS] t_ms=2752 q_pkts=308 q_bytes=463232 qdelay_l_ms=1.05472 qdelay_c_ms=117.363 ecn_mark=230 drop=0
[QUEUE_STATS] t_ms=2768 q_pkts=313 q_bytes=470752 qdelay_l_ms=1.06595 qdelay_c_ms=119.289 ecn_mark=230 drop=0
[QUEUE_STATS] t_ms=2784 q_pkts=312 q_bytes=469248 qdelay_l_ms=0.700464 qdelay_c_ms=118.886 ecn_mark=230 drop=0
[QUEUE_STATS] t_ms=2800 q_pkts=317 q_bytes=473848 qdelay_l_ms=1.09868 qdelay_c_ms=119.016 ecn_mark=231 drop=0
[QUEUE_STATS] t_ms=2816 q_pkts=320 q_bytes=478360 qdelay_l_ms=1.09547 qdelay_c_ms=120.96 ecn_mark=231 drop=0
[QUEUE_STATS] t_ms=2832 q_pkts=322 q_bytes=481368 qdelay_l_ms=1.0953 qdelay_c_ms=121.189 ecn_mark=231 drop=0
[QUEUE_STATS] t_ms=2848 q_pkts=324 q_bytes=484376 qdelay_l_ms=1.06641 qdelay_c_ms=121.841 ecn_mark=231 drop=0
[QUEUE_STATS] t_ms=2864 q_pkts=324 q_bytes=484376 qdelay_l_ms=1.07773 qdelay_c_ms=122.92 ecn_mark=231 drop=0
[QUEUE_STATS] t_ms=2880 q_pkts=328 q_bytes=490392 qdelay_l_ms=1.03375 qdelay_c_ms=125.134 ecn_mark=233 drop=0
[QUEUE_STATS] t_ms=2896 q_pkts=330 q_bytes=493400 qdelay_l_ms=1.06636 qdelay_c_ms=125.104 ecn_mark=233 drop=0
[QUEUE_STATS] t_ms=2912 q_pkts=331 q_bytes=494904 qdelay_l_ms=0.859162 qdelay_c_ms=126.07 ecn_mark=233 drop=0
[QUEUE_STATS] t_ms=2928 q_pkts=331 q_bytes=497824 qdelay_l_ms=1.03539 qdelay_c_ms=127.402 ecn_mark=233 drop=0
[QUEUE_STATS] t_ms=2944 q_pkts=334 q_bytes=502336 qdelay_l_ms=1.03628 qdelay_c_ms=128.318 ecn_mark=233 drop=0
[QUEUE_STATS] t_ms=2960 q_pkts=339 q_bytes=509856 qdelay_l_ms=1.0662 qdelay_c_ms=129.091 ecn_mark=233 drop=0
[QUEUE_STATS] t_ms=2976 q_pkts=338 q_bytes=508352 qdelay_l_ms=1.07872 qdelay_c_ms=130.349 ecn_mark=233 drop=0
[QUEUE_STATS] t_ms=2992 q_pkts=340 q_bytes=511360 qdelay_l_ms=1.05372 qdelay_c_ms=131.297 ecn_mark=233 drop=0
[QUEUE_STATS] t_ms=3008 q_pkts=342 q_bytes=514368 qdelay_l_ms=1.03167 qdelay_c_ms=131.51 ecn_mark=233 drop=0
[QUEUE_STATS] t_ms=3024 q_pkts=344 q_bytes=517376 qdelay_l_ms=1.0856 qdelay_c_ms=133.174 ecn_mark=234 drop=0
[QUEUE_STATS] t_ms=3040 q_pkts=347 q_bytes=521888 qdelay_l_ms=1.06743 qdelay_c_ms=133.92 ecn_mark=234 drop=0
[QUEUE_STATS] t_ms=3056 q_pkts=349 q_bytes=524896 qdelay_l_ms=1.08942 qdelay_c_ms=134.778 ecn_mark=234 drop=0
[QUEUE_STATS] t_ms=3072 q_pkts=350 q_bytes=526400 qdelay_l_ms=1.08495 qdelay_c_ms=135.744 ecn_mark=236 drop=0
[QUEUE_STATS] t_ms=3088 q_pkts=353 q_bytes=530912 qdelay_l_ms=0 qdelay_c_ms=137.997 ecn_mark=236 drop=0
[QUEUE_STATS] t_ms=3104 q_pkts=354 q_bytes=532416 qdelay_l_ms=1.09628 qdelay_c_ms=137.824 ecn_mark=236 drop=0
[QUEUE_STATS] t_ms=3120 q_pkts=355 q_bytes=533920 qdelay_l_ms=1.04178 qdelay_c_ms=138.401 ecn_mark=236 drop=0
[QUEUE_STATS] t_ms=3136 q_pkts=357 q_bytes=536928 qdelay_l_ms=1.07907 qdelay_c_ms=140.245 ecn_mark=236 drop=0
[QUEUE_STATS] t_ms=3152 q_pkts=360 q_bytes=541440 qdelay_l_ms=1.05944 qdelay_c_ms=140.257 ecn_mark=237 drop=0
[QUEUE_STATS] t_ms=3168 q_pkts=363 q_bytes=545952 qdelay_l_ms=1.07277 qdelay_c_ms=141.223 ecn_mark=237 drop=0
[QUEUE_STATS] t_ms=3184 q_pkts=365 q_bytes=548960 qdelay_l_ms=1.0501 qdelay_c_ms=142.764 ecn_mark=238 drop=0
[QUEUE_STATS] t_ms=3200 q_pkts=367 q_bytes=551968 qdelay_l_ms=1.08249 qdelay_c_ms=142.987 ecn_mark=238 drop=0
[QUEUE_STATS] t_ms=3216 q_pkts=368 q_bytes=553472 qdelay_l_ms=1.07436 qdelay_c_ms=144.526 ecn_mark=238 drop=0
[QUEUE_STATS] t_ms=3232 q_pkts=372 q_bytes=559488 qdelay_l_ms=1.00786 qdelay_c_ms=145.136 ecn_mark=238 drop=0
[QUEUE_STATS] t_ms=3248 q_pkts=373 q_bytes=560992 qdelay_l_ms=1.06364 qdelay_c_ms=146.731 ecn_mark=239 drop=0
[QUEUE_STATS] t_ms=3264 q_pkts=375 q_bytes=564000 qdelay_l_ms=1.08452 qdelay_c_ms=148.536 ecn_mark=240 drop=0
[QUEUE_STATS] t_ms=3280 q_pkts=378 q_bytes=568512 qdelay_l_ms=1.01111 qdelay_c_ms=147.859 ecn_mark=240 drop=0
[QUEUE_STATS] t_ms=3296 q_pkts=378 q_bytes=568512 qdelay_l_ms=1.07173 qdelay_c_ms=149.802 ecn_mark=240 drop=0
[QUEUE_STATS] t_ms=3312 q_pkts=380 q_bytes=571520 qdelay_l_ms=1.05106 qdelay_c_ms=150.955 ecn_mark=240 drop=0
[QUEUE_STATS] t_ms=3328 q_pkts=384 q_bytes=577536 qdelay_l_ms=1.0505 qdelay_c_ms=149.99 ecn_mark=240 drop=0
[QUEUE_STATS] t_ms=3344 q_pkts=388 q_bytes=583552 qdelay_l_ms=1.07732 qdelay_c_ms=153.475 ecn_mark=241 drop=0
[QUEUE_STATS] t_ms=3360 q_pkts=388 q_bytes=583552 qdelay_l_ms=1.02787 qdelay_c_ms=154.507 ecn_mark=241 drop=0
[QUEUE_STATS] t_ms=3376 q_pkts=391 q_bytes=588064 qdelay_l_ms=0.961163 qdelay_c_ms=153.929 ecn_mark=241 drop=0
[QUEUE_STATS] t_ms=3392 q_pkts=394 q_bytes=592576 qdelay_l_ms=1.03482 qdelay_c_ms=156.947 ecn_mark=242 drop=0
[QUEUE_STATS] t_ms=3408 q_pkts=395 q_bytes=594080 qdelay_l_ms=0.384952 qdelay_c_ms=156.452 ecn_mark=244 drop=0
[QUEUE_STATS] t_ms=3424 q_pkts=397 q_bytes=597088 qdelay_l_ms=1.03835 qdelay_c_ms=158.345 ecn_mark=244 drop=0
[QUEUE_STATS] t_ms=3440 q_pkts=399 q_bytes=600096 qdelay_l_ms=0.990829 qdelay_c_ms=160.927 ecn_mark=244 drop=0
[QUEUE_STATS] t_ms=3456 q_pkts=401 q_bytes=603104 qdelay_l_ms=1.03658 qdelay_c_ms=159.88 ecn_mark=247 drop=0
[QUEUE_STATS] t_ms=3472 q_pkts=404 q_bytes=607616 qdelay_l_ms=0.786295 qdelay_c_ms=160.842 ecn_mark=248 drop=0
[QUEUE_STATS] t_ms=3488 q_pkts=407 q_bytes=612128 qdelay_l_ms=1.11085 qdelay_c_ms=163.842 ecn_mark=248 drop=0
[QUEUE_STATS] t_ms=3504 q_pkts=406 q_bytes=610624 qdelay_l_ms=1.08419 qdelay_c_ms=164.242 ecn_mark=253 drop=0
[QUEUE_STATS] t_ms=3520 q_pkts=408 q_bytes=613632 qdelay_l_ms=0.884309 qdelay_c_ms=165.691 ecn_mark=253 drop=0
[QUEUE_STATS] t_ms=3536 q_pkts=413 q_bytes=621152 qdelay_l_ms=1.03985 qdelay_c_ms=166.649 ecn_mark=253 drop=0
[QUEUE_STATS] t_ms=3552 q_pkts=411 q_bytes=618144 qdelay_l_ms=1.09155 qdelay_c_ms=167.126 ecn_mark=254 drop=0
[QUEUE_STATS] t_ms=3568 q_pkts=414 q_bytes=622656 qdelay_l_ms=1.03174 qdelay_c_ms=167.756 ecn_mark=256 drop=0
[QUEUE_STATS] t_ms=3584 q_pkts=418 q_bytes=628672 qdelay_l_ms=1.03365 qdelay_c_ms=169.802 ecn_mark=256 drop=0
[QUEUE_STATS] t_ms=3600 q_pkts=417 q_bytes=627168 qdelay_l_ms=1.09044 qdelay_c_ms=169.865 ecn_mark=259 drop=0
[QUEUE_STATS] t_ms=3616 q_pkts=419 q_bytes=630176 qdelay_l_ms=1.08485 qdelay_c_ms=170.824 ecn_mark=260 drop=0
[QUEUE_STATS] t_ms=3632 q_pkts=422 q_bytes=634688 qdelay_l_ms=1.08424 qdelay_c_ms=172.041 ecn_mark=260 drop=0
[QUEUE_STATS] t_ms=3648 q_pkts=423 q_bytes=636192 qdelay_l_ms=1.02625 qdelay_c_ms=171.738 ecn_mark=260 drop=0
[QUEUE_STATS] t_ms=3664 q_pkts=425 q_bytes=639200 qdelay_l_ms=0.755217 qdelay_c_ms=173.638 ecn_mark=260 drop=0
[QUEUE_STATS] t_ms=3680 q_pkts=428 q_bytes=643712 qdelay_l_ms=0.896111 qdelay_c_ms=173.68 ecn_mark=260 drop=0
[QUEUE_STATS] t_ms=3696 q_pkts=429 q_bytes=645216 qdelay_l_ms=0.829707 qdelay_c_ms=175.062 ecn_mark=260 drop=0
[QUEUE_STATS] t_ms=3712 q_pkts=432 q_bytes=649728 qdelay_l_ms=0.843161 qdelay_c_ms=176.877 ecn_mark=260 drop=0
[QUEUE_STATS] t_ms=3728 q_pkts=437 q_bytes=657248 qdelay_l_ms=0.508513 qdelay_c_ms=177.535 ecn_mark=260 drop=0
[QUEUE_STATS] t_ms=3744 q_pkts=437 q_bytes=657248 qdelay_l_ms=1.05433 qdelay_c_ms=178.689 ecn_mark=260 drop=0
[QUEUE_STATS] t_ms=3760 q_pkts=439 q_bytes=660256 qdelay_l_ms=1.0903 qdelay_c_ms=181.072 ecn_mark=260 drop=0
[QUEUE_STATS] t_ms=3776 q_pkts=442 q_bytes=664768 qdelay_l_ms=1.04621 qdelay_c_ms=181.972 ecn_mark=260 drop=0
[QUEUE_STATS] t_ms=3792 q_pkts=444 q_bytes=667776 qdelay_l_ms=1.04772 qdelay_c_ms=180.566 ecn_mark=261 drop=0
[QUEUE_STATS] t_ms=3808 q_pkts=445 q_bytes=669280 qdelay_l_ms=0.991911 qdelay_c_ms=183.934 ecn_mark=261 drop=0
[QUEUE_STATS] t_ms=3824 q_pkts=450 q_bytes=676800 qdelay_l_ms=0.982634 qdelay_c_ms=186.423 ecn_mark=262 drop=0
[QUEUE_STATS] t_ms=3840 q_pkts=448 q_bytes=673792 qdelay_l_ms=0.827092 qdelay_c_ms=185.625 ecn_mark=262 drop=0
[QUEUE_STATS] t_ms=3856 q_pkts=451 q_bytes=678304 qdelay_l_ms=0.930926 qdelay_c_ms=187.538 ecn_mark=262 drop=0
[QUEUE_STATS] t_ms=3872 q_pkts=455 q_bytes=684320 qdelay_l_ms=0 qdelay_c_ms=190.704 ecn_mark=262 drop=0
[QUEUE_STATS] t_ms=3888 q_pkts=454 q_bytes=682816 qdelay_l_ms=0.968697 qdelay_c_ms=189.73 ecn_mark=262 drop=0
[QUEUE_STATS] t_ms=3904 q_pkts=456 q_bytes=685824 qdelay_l_ms=0.968016 qdelay_c_ms=191.791 ecn_mark=262 drop=0
[QUEUE_STATS] t_ms=3920 q_pkts=460 q_bytes=691840 qdelay_l_ms=0.913073 qdelay_c_ms=192.819 ecn_mark=263 drop=0
[QUEUE_STATS] t_ms=3936 q_pkts=463 q_bytes=696352 qdelay_l_ms=1.0951 qdelay_c_ms=193.605 ecn_mark=264 drop=0
[QUEUE_STATS] t_ms=3952 q_pkts=463 q_bytes=696352 qdelay_l_ms=1.04661 qdelay_c_ms=196.097 ecn_mark=264 drop=0
[QUEUE_STATS] t_ms=3968 q_pkts=465 q_bytes=699360 qdelay_l_ms=0.957355 qdelay_c_ms=197.083 ecn_mark=264 drop=0
[QUEUE_STATS] t_ms=3984 q_pkts=467 q_bytes=702368 qdelay_l_ms=1.05484 qdelay_c_ms=199.192 ecn_mark=264 drop=0
[QUEUE_STATS] t_ms=4000 q_pkts=471 q_bytes=708384 qdelay_l_ms=1.09467 qdelay_c_ms=200.06 ecn_mark=265 drop=0
[QUEUE_STATS] t_ms=4016 q_pkts=473 q_bytes=711392 qdelay_l_ms=1.05269 qdelay_c_ms=200.967 ecn_mark=266 drop=0
[QUEUE_STATS] t_ms=4032 q_pkts=473 q_bytes=711392 qdelay_l_ms=1.03623 qdelay_c_ms=202.919 ecn_mark=266 drop=0
[QUEUE_STATS] t_ms=4048 q_pkts=475 q_bytes=714400 qdelay_l_ms=0.935395 qdelay_c_ms=202.826 ecn_mark=266 drop=0
[QUEUE_STATS] t_ms=4064 q_pkts=479 q_bytes=720416 qdelay_l_ms=0.904597 qdelay_c_ms=205.008 ecn_mark=266 drop=0
[QUEUE_STATS] t_ms=4080 q_pkts=481 q_bytes=721972 qdelay_l_ms=0.910378 qdelay_c_ms=208.092 ecn_mark=266 drop=0
[QUEUE_STATS] t_ms=4096 q_pkts=482 q_bytes=723476 qdelay_l_ms=0.714971 qdelay_c_ms=208.166 ecn_mark=266 drop=0
[QUEUE_STATS] t_ms=4112 q_pkts=487 q_bytes=730996 qdelay_l_ms=1.0669 qdelay_c_ms=210.011 ecn_mark=267 drop=0
[QUEUE_STATS] t_ms=4128 q_pkts=486 q_bytes=729492 qdelay_l_ms=1.06754 qdelay_c_ms=213.528 ecn_mark=267 drop=0
[QUEUE_STATS] t_ms=4144 q_pkts=488 q_bytes=732500 qdelay_l_ms=0.915338 qdelay_c_ms=212.876 ecn_mark=268 drop=0
[QUEUE_STATS] t_ms=4160 q_pkts=492 q_bytes=738516 qdelay_l_ms=1.0894 qdelay_c_ms=213.51 ecn_mark=269 drop=0
[QUEUE_STATS] t_ms=4176 q_pkts=494 q_bytes=741524 qdelay_l_ms=0.695375 qdelay_c_ms=216.04 ecn_mark=271 drop=0
[QUEUE_STATS] t_ms=4192 q_pkts=493 q_bytes=740020 qdelay_l_ms=1.03989 qdelay_c_ms=217.961 ecn_mark=272 drop=0
[QUEUE_STATS] t_ms=4208 q_pkts=496 q_bytes=744532 qdelay_l_ms=1.06615 qdelay_c_ms=217.979 ecn_mark=272 drop=0
[QUEUE_STATS] t_ms=4224 q_pkts=497 q_bytes=746036 qdelay_l_ms=0.975309 qdelay_c_ms=220.851 ecn_mark=272 drop=0
[QUEUE_STATS] t_ms=4240 q_pkts=501 q_bytes=752052 qdelay_l_ms=1.09573 qdelay_c_ms=221.204 ecn_mark=274 drop=0
[QUEUE_STATS] t_ms=4256 q_pkts=503 q_bytes=755060 qdelay_l_ms=0.696367 qdelay_c_ms=221.814 ecn_mark=275 drop=0
[QUEUE_STATS] t_ms=4272 q_pkts=504 q_bytes=756564 qdelay_l_ms=0.918793 qdelay_c_ms=223.887 ecn_mark=276 drop=0
[QUEUE_STATS] t_ms=4288 q_pkts=507 q_bytes=761076 qdelay_l_ms=1.09198 qdelay_c_ms=225.144 ecn_mark=277 drop=0
[QUEUE_STATS] t_ms=4304 q_pkts=507 q_bytes=762528 qdelay_l_ms=1.0911 qdelay_c_ms=226.287 ecn_mark=277 drop=0
[QUEUE_STATS] t_ms=4320 q_pkts=509 q_bytes=765536 qdelay_l_ms=0.920166 qdelay_c_ms=228.826 ecn_mark=279 drop=0
[QUEUE_STATS] t_ms=4336 q_pkts=510 q_bytes=767040 qdelay_l_ms=1.04985 qdelay_c_ms=228.927 ecn_mark=279 drop=0
[QUEUE_STATS] t_ms=4352 q_pkts=512 q_bytes=770048 qdelay_l_ms=0.648266 qdelay_c_ms=230.071 ecn_mark=280 drop=0
[QUEUE_STATS] t_ms=4368 q_pkts=514 q_bytes=773056 qdelay_l_ms=0.781215 qdelay_c_ms=231.867 ecn_mark=282 drop=0
[QUEUE_STATS] t_ms=4384 q_pkts=515 q_bytes=774560 qdelay_l_ms=1.07578 qdelay_c_ms=232.333 ecn_mark=283 drop=0
[QUEUE_STATS] t_ms=4400 q_pkts=518 q_bytes=779072 qdelay_l_ms=0.921589 qdelay_c_ms=234.736 ecn_mark=285 drop=0
[QUEUE_STATS] t_ms=4416 q_pkts=519 q_bytes=780576 qdelay_l_ms=1.06636 qdelay_c_ms=233.892 ecn_mark=290 drop=0
[QUEUE_STATS] t_ms=4432 q_pkts=519 q_bytes=780576 qdelay_l_ms=1.11409 qdelay_c_ms=236.636 ecn_mark=290 drop=0
[QUEUE_STATS] t_ms=4448 q_pkts=524 q_bytes=788096 qdelay_l_ms=1.04149 qdelay_c_ms=238.036 ecn_mark=294 drop=0
[QUEUE_STATS] t_ms=4464 q_pkts=524 q_bytes=788096 qdelay_l_ms=1.0622 qdelay_c_ms=238.485 ecn_mark=295 drop=0
[QUEUE_STATS] t_ms=4480 q_pkts=526 q_bytes=791104 qdelay_l_ms=1.10117 qdelay_c_ms=240.96 ecn_mark=297 drop=0
[QUEUE_STATS] t_ms=4496 q_pkts=528 q_bytes=794112 qdelay_l_ms=1.06496 qdelay_c_ms=240.643 ecn_mark=297 drop=0
[QUEUE_STATS] t_ms=4512 q_pkts=528 q_bytes=794112 qdelay_l_ms=1.07605 qdelay_c_ms=241.837 ecn_mark=297 drop=0
[QUEUE_STATS] t_ms=4528 q_pkts=531 q_bytes=798624 qdelay_l_ms=1.0959 qdelay_c_ms=242.842 ecn_mark=298 drop=0
[QUEUE_STATS] t_ms=4544 q_pkts=534 q_bytes=803136 qdelay_l_ms=0.742132 qdelay_c_ms=243.876 ecn_mark=299 drop=0
[QUEUE_STATS] t_ms=4560 q_pkts=534 q_bytes=803136 qdelay_l_ms=1.09084 qdelay_c_ms=244.056 ecn_mark=300 drop=0
[QUEUE_STATS] t_ms=4576 q_pkts=535 q_bytes=804640 qdelay_l_ms=1.08968 qdelay_c_ms=247.099 ecn_mark=300 drop=0
[QUEUE_STATS] t_ms=4592 q_pkts=538 q_bytes=809152 qdelay_l_ms=1.09526 qdelay_c_ms=246.029 ecn_mark=300 drop=0
[QUEUE_STATS] t_ms=4608 q_pkts=538 q_bytes=809152 qdelay_l_ms=0.897544 qdelay_c_ms=247.916 ecn_mark=304 drop=0
[QUEUE_STATS] t_ms=4624 q_pkts=541 q_bytes=813664 qdelay_l_ms=0.903545 qdelay_c_ms=249.738 ecn_mark=305 drop=0
[QUEUE_STATS] t_ms=4640 q_pkts=542 q_bytes=815168 qdelay_l_ms=0.893205 qdelay_c_ms=249.379 ecn_mark=307 drop=0
[QUEUE_STATS] t_ms=4656 q_pkts=541 q_bytes=813664 qdelay_l_ms=0.892193 qdelay_c_ms=250.847 ecn_mark=311 drop=0
[QUEUE_STATS] t_ms=4672 q_pkts=548 q_bytes=824192 qdelay_l_ms=1.03366 qdelay_c_ms=252.809 ecn_mark=313 drop=0
[QUEUE_STATS] t_ms=4688 q_pkts=549 q_bytes=825696 qdelay_l_ms=1.01474 qdelay_c_ms=252.771 ecn_mark=314 drop=0
[QUEUE_STATS] t_ms=4704 q_pkts=548 q_bytes=824192 qdelay_l_ms=1.07574 qdelay_c_ms=253.959 ecn_mark=316 drop=0
[QUEUE_STATS] t_ms=4720 q_pkts=549 q_bytes=825696 qdelay_l_ms=0.896322 qdelay_c_ms=253.7 ecn_mark=317 drop=0
[QUEUE_STATS] t_ms=4736 q_pkts=554 q_bytes=833216 qdelay_l_ms=0.9005 qdelay_c_ms=254.577 ecn_mark=317 drop=0
[QUEUE_STATS] t_ms=4752 q_pkts=553 q_bytes=831712 qdelay_l_ms=0.919735 qdelay_c_ms=257.009 ecn_mark=317 drop=0
[QUEUE_STATS] t_ms=4768 q_pkts=555 q_bytes=834720 qdelay_l_ms=0.890962 qdelay_c_ms=257.126 ecn_mark=317 drop=0
[QUEUE_STATS] t_ms=4784 q_pkts=557 q_bytes=837728 qdelay_l_ms=0.657563 qdelay_c_ms=257.813 ecn_mark=317 drop=0
[QUEUE_STATS] t_ms=4800 q_pkts=559 q_bytes=840736 qdelay_l_ms=1.03274 qdelay_c_ms=260.356 ecn_mark=318 drop=0
[QUEUE_STATS] t_ms=4816 q_pkts=561 q_bytes=843744 qdelay_l_ms=0.997241 qdelay_c_ms=261.09 ecn_mark=318 drop=0
[QUEUE_STATS] t_ms=4832 q_pkts=563 q_bytes=846752 qdelay_l_ms=0.668344 qdelay_c_ms=261.066 ecn_mark=319 drop=0
[QUEUE_STATS] t_ms=4848 q_pkts=564 q_bytes=848256 qdelay_l_ms=1.08136 qdelay_c_ms=262.565 ecn_mark=320 drop=0
[QUEUE_STATS] t_ms=4864 q_pkts=567 q_bytes=852768 qdelay_l_ms=0.876294 qdelay_c_ms=262.93 ecn_mark=322 drop=0
[QUEUE_STATS] t_ms=4880 q_pkts=563 q_bytes=846752 qdelay_l_ms=0.887825 qdelay_c_ms=263.626 ecn_mark=323 drop=0
[QUEUE_STATS] t_ms=4896 q_pkts=551 q_bytes=828704 qdelay_l_ms=1.07638 qdelay_c_ms=264.997 ecn_mark=326 drop=0
[QUEUE_STATS] t_ms=4912 q_pkts=544 q_bytes=818176 qdelay_l_ms=0.904858 qdelay_c_ms=266.011 ecn_mark=326 drop=0
[QUEUE_STATS] t_ms=4928 q_pkts=534 q_bytes=803136 qdelay_l_ms=1.06875 qdelay_c_ms=267.048 ecn_mark=327 drop=0
[QUEUE_STATS] t_ms=4944 q_pkts=522 q_bytes=785088 qdelay_l_ms=0.885571 qdelay_c_ms=266.953 ecn_mark=327 drop=0
[QUEUE_STATS] t_ms=4960 q_pkts=515 q_bytes=774560 qdelay_l_ms=1.06895 qdelay_c_ms=269.448 ecn_mark=329 drop=0
[QUEUE_STATS] t_ms=4976 q_pkts=506 q_bytes=761024 qdelay_l_ms=1.09631 qdelay_c_ms=269.074 ecn_mark=331 drop=0
[QUEUE_STATS] t_ms=4992 q_pkts=494 q_bytes=742976 qdelay_l_ms=1.09011 qdelay_c_ms=270.196 ecn_mark=332 drop=0
[QUEUE_STATS] t_ms=5008 q_pkts=485 q_bytes=729440 qdelay_l_ms=0.859733 qdelay_c_ms=273.044 ecn_mark=333 drop=0
[QUEUE_STATS] t_ms=5024 q_pkts=476 q_bytes=715904 qdelay_l_ms=0.878358 qdelay_c_ms=270.679 ecn_mark=335 drop=0
[QUEUE_STATS] t_ms=5040 q_pkts=465 q_bytes=699360 qdelay_l_ms=0.886784 qdelay_c_ms=273.945 ecn_mark=338 drop=0
[QUEUE_STATS] t_ms=5056 q_pkts=454 q_bytes=682816 qdelay_l_ms=0.871455 qdelay_c_ms=272.842 ecn_mark=339 drop=0
[QUEUE_STATS] t_ms=5072 q_pkts=445 q_bytes=669280 qdelay_l_ms=0.860253 qdelay_c_ms=272.701 ecn_mark=339 drop=0
[QUEUE_STATS] t_ms=5088 q_pkts=435 q_bytes=654240 qdelay_l_ms=1.08531 qdelay_c_ms=277.477 ecn_mark=340 drop=0
[QUEUE_STATS] t_ms=5104 q_pkts=425 q_bytes=639200 qdelay_l_ms=1.0225 qdelay_c_ms=277.206 ecn_mark=340 drop=0
[QUEUE_STATS] t_ms=5120 q_pkts=416 q_bytes=625664 qdelay_l_ms=1.0777 qdelay_c_ms=276.769 ecn_mark=342 drop=0
[QUEUE_STATS] t_ms=5136 q_pkts=405 q_bytes=609120 qdelay_l_ms=0.888797 qdelay_c_ms=277.716 ecn_mark=344 drop=0
[QUEUE_STATS] t_ms=5152 q_pkts=396 q_bytes=595584 qdelay_l_ms=1.0886 qdelay_c_ms=276.968 ecn_mark=344 drop=0
[QUEUE_STATS] t_ms=5168 q_pkts=387 q_bytes=582048 qdelay_l_ms=0.922921 qdelay_c_ms=270.871 ecn_mark=346 drop=0
[QUEUE_STATS] t_ms=5184 q_pkts=377 q_bytes=567008 qdelay_l_ms=1.07798 qdelay_c_ms=264.02 ecn_mark=346 drop=0
[QUEUE_STATS] t_ms=5200 q_pkts=371 q_bytes=557984 qdelay_l_ms=0.908143 qdelay_c_ms=254.933 ecn_mark=347 drop=0
[QUEUE_STATS] t_ms=5216 q_pkts=373 q_bytes=560992 qdelay_l_ms=0.992141 qdelay_c_ms=250.052 ecn_mark=349 drop=0
[QUEUE_STATS] t_ms=5232 q_pkts=374 q_bytes=562496 qdelay_l_ms=0.89033 qdelay_c_ms=244.924 ecn_mark=353 drop=0
[QUEUE_STATS] t_ms=5248 q_pkts=372 q_bytes=559488 qdelay_l_ms=0.883899 qdelay_c_ms=233.825 ecn_mark=355 drop=0
[QUEUE_STATS] t_ms=5264 q_pkts=374 q_bytes=562496 qdelay_l_ms=1.09174 qdelay_c_ms=229.878 ecn_mark=357 drop=0
[QUEUE_STATS] t_ms=5280 q_pkts=376 q_bytes=565504 qdelay_l_ms=0.722846 qdelay_c_ms=220.744 ecn_mark=357 drop=0
[QUEUE_STATS] t_ms=5296 q_pkts=372 q_bytes=559488 qdelay_l_ms=0.89539 qdelay_c_ms=212.981 ecn_mark=358 drop=0
[QUEUE_STATS] t_ms=5312 q_pkts=375 q_bytes=564000 qdelay_l_ms=1.04303 qdelay_c_ms=207.951 ecn_mark=359 drop=0
[QUEUE_STATS] t_ms=5328 q_pkts=375 q_bytes=564000 qdelay_l_ms=1.00919 qdelay_c_ms=198.871 ecn_mark=360 drop=0
[QUEUE_STATS] t_ms=5344 q_pkts=376 q_bytes=565504 qdelay_l_ms=1.05736 qdelay_c_ms=193.298 ecn_mark=361 drop=0
[QUEUE_STATS] t_ms=5360 q_pkts=376 q_bytes=565504 qdelay_l_ms=0.892514 qdelay_c_ms=186.63 ecn_mark=365 drop=0
[QUEUE_STATS] t_ms=5376 q_pkts=377 q_bytes=567008 qdelay_l_ms=0.684895 qdelay_c_ms=180.946 ecn_mark=368 drop=0
[QUEUE_STATS] t_ms=5392 q_pkts=379 q_bytes=570016 qdelay_l_ms=0.908134 qdelay_c_ms=180.837 ecn_mark=370 drop=0
[QUEUE_STATS] t_ms=5408 q_pkts=381 q_bytes=573024 qdelay_l_ms=0.988595 qdelay_c_ms=180.972 ecn_mark=370 drop=0
[QUEUE_STATS] t_ms=5424 q_pkts=379 q_bytes=570016 qdelay_l_ms=1.00539 qdelay_c_ms=181.072 ecn_mark=373 drop=0
[QUEUE_STATS] t_ms=5440 q_pkts=379 q_bytes=570016 qdelay_l_ms=1.07976 qdelay_c_ms=181.895 ecn_mark=377 drop=0
[QUEUE_STATS] t_ms=5456 q_pkts=380 q_bytes=571520 qdelay_l_ms=0.929002 qdelay_c_ms=178.958 ecn_mark=379 drop=0
[QUEUE_STATS] t_ms=5472 q_pkts=380 q_bytes=571520 qdelay_l_ms=1.02797 qdelay_c_ms=181.159 ecn_mark=380 drop=0
[QUEUE_STATS] t_ms=5488 q_pkts=382 q_bytes=574528 qdelay_l_ms=1.0676 qdelay_c_ms=181.442 ecn_mark=381 drop=0
[QUEUE_STATS] t_ms=5504 q_pkts=385 q_bytes=579040 qdelay_l_ms=0.885341 qdelay_c_ms=179.804 ecn_mark=383 drop=0
[QUEUE_STATS] t_ms=5520 q_pkts=380 q_bytes=571520 qdelay_l_ms=1.07936 qdelay_c_ms=180.223 ecn_mark=387 drop=0
[QUEUE_STATS] t_ms=5536 q_pkts=383 q_bytes=576032 qdelay_l_ms=0.925266 qdelay_c_ms=181.01 ecn_mark=389 drop=0
[QUEUE_STATS] t_ms=5552 q_pkts=383 q_bytes=576032 qdelay_l_ms=0.895861 qdelay_c_ms=181.128 ecn_mark=390 drop=0
[QUEUE_STATS] t_ms=5568 q_pkts=384 q_bytes=577536 qdelay_l_ms=1.08685 qdelay_c_ms=181.173 ecn_mark=391 drop=0
[QUEUE_STATS] t_ms=5584 q_pkts=386 q_bytes=580544 qdelay_l_ms=0.902373 qdelay_c_ms=179.869 ecn_mark=392 drop=0
[QUEUE_STATS] t_ms=5600 q_pkts=388 q_bytes=583552 qdelay_l_ms=0.902653 qdelay_c_ms=179.87 ecn_mark=392 drop=0
[QUEUE_STATS] t_ms=5616 q_pkts=387 q_bytes=582048 qdelay_l_ms=1.09076 qdelay_c_ms=178.87 ecn_mark=395 drop=0
[QUEUE_STATS] t_ms=5632 q_pkts=388 q_bytes=583552 qdelay_l_ms=0.996119 qdelay_c_ms=181.01 ecn_mark=399 drop=0
[QUEUE_STATS] t_ms=5648 q_pkts=390 q_bytes=586560 qdelay_l_ms=0.909426 qdelay_c_ms=180.965 ecn_mark=400 drop=0
[QUEUE_STATS] t_ms=5664 q_pkts=389 q_bytes=585056 qdelay_l_ms=0.933281 qdelay_c_ms=178.654 ecn_mark=401 drop=0
[QUEUE_STATS] t_ms=5680 q_pkts=393 q_bytes=591072 qdelay_l_ms=0.929123 qdelay_c_ms=181.139 ecn_mark=402 drop=0
[QUEUE_STATS] t_ms=5696 q_pkts=395 q_bytes=594080 qdelay_l_ms=1.08763 qdelay_c_ms=180.121 ecn_mark=402 drop=0
[QUEUE_STATS] t_ms=5712 q_pkts=391 q_bytes=588064 qdelay_l_ms=0.940664 qdelay_c_ms=177.774 ecn_mark=404 drop=0
[QUEUE_STATS] t_ms=5728 q_pkts=394 q_bytes=592576 qdelay_l_ms=1.05907 qdelay_c_ms=180.36 ecn_mark=405 drop=0
[QUEUE_STATS] t_ms=5744 q_pkts=394 q_bytes=592576 qdelay_l_ms=1.02973 qdelay_c_ms=180.172 ecn_mark=407 drop=0
[QUEUE_STATS] t_ms=5760 q_pkts=394 q_bytes=592576 qdelay_l_ms=0.927691 qdelay_c_ms=178.765 ecn_mark=409 drop=0
[QUEUE_STATS] t_ms=5776 q_pkts=395 q_bytes=594080 qdelay_l_ms=1.03129 qdelay_c_ms=181.351 ecn_mark=411 drop=0
[QUEUE_STATS] t_ms=5792 q_pkts=397 q_bytes=597088 qdelay_l_ms=1.0668 qdelay_c_ms=180.927 ecn_mark=413 drop=0
[QUEUE_STATS] t_ms=5808 q_pkts=399 q_bytes=600096 qdelay_l_ms=1.10045 qdelay_c_ms=179.006 ecn_mark=413 drop=0
[QUEUE_STATS] t_ms=5824 q_pkts=397 q_bytes=597088 qdelay_l_ms=0.945433 qdelay_c_ms=180.245 ecn_mark=415 drop=0
[QUEUE_STATS] t_ms=5840 q_pkts=401 q_bytes=603104 qdelay_l_ms=1.08883 qdelay_c_ms=179.83 ecn_mark=416 drop=0
[QUEUE_STATS] t_ms=5856 q_pkts=400 q_bytes=601600 qdelay_l_ms=1.00598 qdelay_c_ms=179.705 ecn_mark=416 drop=0
[QUEUE_STATS] t_ms=5872 q_pkts=398 q_bytes=598592 qdelay_l_ms=0.964239 qdelay_c_ms=179.036 ecn_mark=418 drop=0
[QUEUE_STATS] t_ms=5888 q_pkts=402 q_bytes=604608 qdelay_l_ms=0.977012 qdelay_c_ms=179.906 ecn_mark=422 drop=0
[QUEUE_STATS] t_ms=5904 q_pkts=403 q_bytes=606112 qdelay_l_ms=0 qdelay_c_ms=180.136 ecn_mark=423 drop=0
[QUEUE_STATS] t_ms=5920 q_pkts=402 q_bytes=604608 qdelay_l_ms=0.974438 qdelay_c_ms=179.07 ecn_mark=423 drop=0
[QUEUE_STATS] t_ms=5936 q_pkts=405 q_bytes=609120 qdelay_l_ms=1.09024 qdelay_c_ms=180.341 ecn_mark=424 drop=0
[QUEUE_STATS] t_ms=5952 q_pkts=406 q_bytes=610624 qdelay_l_ms=1.07724 qdelay_c_ms=178.643 ecn_mark=426 drop=0
[QUEUE_STATS] t_ms=5968 q_pkts=406 q_bytes=610624 qdelay_l_ms=1.09188 qdelay_c_ms=180.05 ecn_mark=427 drop=0
[QUEUE_STATS] t_ms=5984 q_pkts=406 q_bytes=610624 qdelay_l_ms=1.09118 qdelay_c_ms=181.169 ecn_mark=427 drop=0
[QUEUE_STATS] t_ms=6000 q_pkts=407 q_bytes=612128 qdelay_l_ms=0.727475 qdelay_c_ms=180.175 ecn_mark=427 drop=0
[QUEUE_STATS] t_ms=6016 q_pkts=410 q_bytes=616640 qdelay_l_ms=0.700584 qdelay_c_ms=180.446 ecn_mark=428 drop=0
[QUEUE_STATS] t_ms=6032 q_pkts=412 q_bytes=619648 qdelay_l_ms=1.08772 qdelay_c_ms=181.301 ecn_mark=428 drop=0
[QUEUE_STATS] t_ms=6048 q_pkts=411 q_bytes=618144 qdelay_l_ms=1.06711 qdelay_c_ms=180.8 ecn_mark=428 drop=0
[QUEUE_STATS] t_ms=6064 q_pkts=410 q_bytes=616640 qdelay_l_ms=1.09156 qdelay_c_ms=178.543 ecn_mark=429 drop=0
[QUEUE_STATS] t_ms=6080 q_pkts=411 q_bytes=618144 qdelay_l_ms=1.06683 qdelay_c_ms=180.915 ecn_mark=432 drop=0
[QUEUE_STATS] t_ms=6096 q_pkts=412 q_bytes=619648 qdelay_l_ms=0.804239 qdelay_c_ms=182.705 ecn_mark=437 drop=0
[QUEUE_STATS] t_ms=6112 q_pkts=413 q_bytes=621152 qdelay_l_ms=0.959389 qdelay_c_ms=180.123 ecn_mark=437 drop=0
[QUEUE_STATS] t_ms=6128 q_pkts=415 q_bytes=624160 qdelay_l_ms=1.07782 qdelay_c_ms=182.94 ecn_mark=437 drop=0
[QUEUE_STATS] t_ms=6144 q_pkts=418 q_bytes=628672 qdelay_l_ms=1.06244 qdelay_c_ms=183.176 ecn_mark=440 drop=0
[QUEUE_STATS] t_ms=6160 q_pkts=417 q_bytes=627168 qdelay_l_ms=1.09473 qdelay_c_ms=181.097 ecn_mark=440 drop=0
[QUEUE_STATS] t_ms=6176 q_pkts=418 q_bytes=628672 qdelay_l_ms=1.10017 qdelay_c_ms=184.11 ecn_mark=441 drop=0
[QUEUE_STATS] t_ms=6192 q_pkts=418 q_bytes=628672 qdelay_l_ms=0.976311 qdelay_c_ms=182.936 ecn_mark=443 drop=0
[QUEUE_STATS] t_ms=6208 q_pkts=418 q_bytes=628672 qdelay_l_ms=1.08686 qdelay_c_ms=182.815 ecn_mark=443 drop=0
[QUEUE_STATS] t_ms=6224 q_pkts=419 q_bytes=630176 qdelay_l_ms=0.994916 qdelay_c_ms=184.608 ecn_mark=443 drop=0
[QUEUE_STATS] t_ms=6240 q_pkts=419 q_bytes=630176 qdelay_l_ms=1.09028 qdelay_c_ms=182.994 ecn_mark=443 drop=0
[QUEUE_STATS] t_ms=6256 q_pkts=419 q_bytes=630176 qdelay_l_ms=0.756539 qdelay_c_ms=183.92 ecn_mark=444 drop=0
[QUEUE_STATS] t_ms=6272 q_pkts=424 q_bytes=637696 qdelay_l_ms=0.783029 qdelay_c_ms=184.684 ecn_mark=445 drop=0
[QUEUE_STATS] t_ms=6288 q_pkts=422 q_bytes=634688 qdelay_l_ms=0.995437 qdelay_c_ms=184.852 ecn_mark=447 drop=0
[QUEUE_STATS] t_ms=6304 q_pkts=425 q_bytes=639200 qdelay_l_ms=0.992913 qdelay_c_ms=184.898 ecn_mark=449 drop=0
[QUEUE_STATS] t_ms=6320 q_pkts=417 q_bytes=627168 qdelay_l_ms=0.983164 qdelay_c_ms=183.783 ecn_mark=449 drop=0
[QUEUE_STATS] t_ms=6336 q_pkts=405 q_bytes=609120 qdelay_l_ms=0.998524 qdelay_c_ms=184.701 ecn_mark=450 drop=0
[QUEUE_STATS] t_ms=6352 q_pkts=395 q_bytes=594080 qdelay_l_ms=0.867778 qdelay_c_ms=185.045 ecn_mark=452 drop=0
[QUEUE_STATS] t_ms=6368 q_pkts=384 q_bytes=577536 qdelay_l_ms=0.988795 qdelay_c_ms=185.022 ecn_mark=454 drop=0
[QUEUE_STATS] t_ms=6384 q_pkts=371 q_bytes=557984 qdelay_l_ms=1.06011 qdelay_c_ms=186.308 ecn_mark=456 drop=0
[QUEUE_STATS] t_ms=6400 q_pkts=362 q_bytes=544448 qdelay_l_ms=0 qdelay_c_ms=185.778 ecn_mark=457 drop=0
[QUEUE_STATS] t_ms=6416 q_pkts=352 q_bytes=529408 qdelay_l_ms=0.974919 qdelay_c_ms=185.73 ecn_mark=457 drop=0
[QUEUE_STATS] t_ms=6432 q_pkts=340 q_bytes=511360 qdelay_l_ms=0.98618 qdelay_c_ms=186.847 ecn_mark=457 drop=0
[QUEUE_STATS] t_ms=6448 q_pkts=326 q_bytes=490304 qdelay_l_ms=0.987653 qdelay_c_ms=185.899 ecn_mark=461 drop=0
[QUEUE_STATS] t_ms=6464 q_pkts=319 q_bytes=479776 qdelay_l_ms=1.08944 qdelay_c_ms=187.337 ecn_mark=463 drop=0
[QUEUE_STATS] t_ms=6480 q_pkts=309 q_bytes=464736 qdelay_l_ms=1.0029 qdelay_c_ms=187.126 ecn_mark=467 drop=0
[QUEUE_STATS] t_ms=6496 q_pkts=296 q_bytes=445184 qdelay_l_ms=1.09386 qdelay_c_ms=185.239 ecn_mark=469 drop=0
[QUEUE_STATS] t_ms=6512 q_pkts=285 q_bytes=428640 qdelay_l_ms=1.0151 qdelay_c_ms=179.424 ecn_mark=473 drop=0
[QUEUE_STATS] t_ms=6528 q_pkts=273 q_bytes=410592 qdelay_l_ms=0 qdelay_c_ms=172.768 ecn_mark=474 drop=0
[QUEUE_STATS] t_ms=6544 q_pkts=266 q_bytes=400064 qdelay_l_ms=1.09715 qdelay_c_ms=165.273 ecn_mark=477 drop=0
[QUEUE_STATS] t_ms=6560 q_pkts=269 q_bytes=404576 qdelay_l_ms=1.10176 qdelay_c_ms=159.043 ecn_mark=480 drop=0
[QUEUE_STATS] t_ms=6576 q_pkts=266 q_bytes=400064 qdelay_l_ms=1.01917 qdelay_c_ms=148.88 ecn_mark=483 drop=0
[QUEUE_STATS] t_ms=6592 q_pkts=268 q_bytes=403072 qdelay_l_ms=1.09072 qdelay_c_ms=143.877 ecn_mark=483 drop=0
[QUEUE_STATS] t_ms=6608 q_pkts=266 q_bytes=400064 qdelay_l_ms=1.02943 qdelay_c_ms=136.856 ecn_mark=484 drop=0
[QUEUE_STATS] t_ms=6624 q_pkts=267 q_bytes=401568 qdelay_l_ms=1.02805 qdelay_c_ms=126.731 ecn_mark=487 drop=0
[QUEUE_STATS] t_ms=6641 q_pkts=266 q_bytes=400064 qdelay_l_ms=1.0897 qdelay_c_ms=119.901 ecn_mark=488 drop=0
[QUEUE_STATS] t_ms=6656 q_pkts=269 q_bytes=404576 qdelay_l_ms=1.03556 qdelay_c_ms=115.683 ecn_mark=491 drop=0
[QUEUE_STATS] t_ms=6672 q_pkts=267 q_bytes=401568 qdelay_l_ms=0.999545 qdelay_c_ms=112.834 ecn_mark=492 drop=0
[QUEUE_STATS] t_ms=6688 q_pkts=268 q_bytes=403072 qdelay_l_ms=1.06318 qdelay_c_ms=114.813 ecn_mark=493 drop=0
[QUEUE_STATS] t_ms=6704 q_pkts=268 q_bytes=403072 qdelay_l_ms=0 qdelay_c_ms=113.025 ecn_mark=495 drop=0
[QUEUE_STATS] t_ms=6720 q_pkts=266 q_bytes=400064 qdelay_l_ms=1.05418 qdelay_c_ms=110.846 ecn_mark=495 drop=0
[QUEUE_STATS] t_ms=6736 q_pkts=266 q_bytes=400064 qdelay_l_ms=1.03704 qdelay_c_ms=113.208 ecn_mark=495 drop=0
[QUEUE_STATS] t_ms=6752 q_pkts=269 q_bytes=404576 qdelay_l_ms=1.03521 qdelay_c_ms=111.358 ecn_mark=495 drop=0
[QUEUE_STATS] t_ms=6768 q_pkts=271 q_bytes=407584 qdelay_l_ms=1.04447 qdelay_c_ms=112.373 ecn_mark=497 drop=0
[QUEUE_STATS] t_ms=6784 q_pkts=272 q_bytes=409088 qdelay_l_ms=0.270928 qdelay_c_ms=114.029 ecn_mark=500 drop=0
[QUEUE_STATS] t_ms=6800 q_pkts=272 q_bytes=409088 qdelay_l_ms=1.0257 qdelay_c_ms=111.906 ecn_mark=504 drop=0
[QUEUE_STATS] t_ms=6816 q_pkts=270 q_bytes=406080 qdelay_l_ms=1.03948 qdelay_c_ms=113.382 ecn_mark=505 drop=0
[QUEUE_STATS] t_ms=6832 q_pkts=273 q_bytes=410592 qdelay_l_ms=1.07235 qdelay_c_ms=113.595 ecn_mark=506 drop=0
[QUEUE_STATS] t_ms=6848 q_pkts=272 q_bytes=409088 qdelay_l_ms=0.515357 qdelay_c_ms=111.612 ecn_mark=507 drop=0
[QUEUE_STATS] t_ms=6864 q_pkts=271 q_bytes=407584 qdelay_l_ms=1.05194 qdelay_c_ms=114.768 ecn_mark=510 drop=0
[QUEUE_STATS] t_ms=6880 q_pkts=274 q_bytes=412096 qdelay_l_ms=0.920036 qdelay_c_ms=114.719 ecn_mark=512 drop=0
[QUEUE_STATS] t_ms=6896 q_pkts=277 q_bytes=416608 qdelay_l_ms=1.02699 qdelay_c_ms=113.416 ecn_mark=513 drop=0
[QUEUE_STATS] t_ms=6912 q_pkts=273 q_bytes=410592 qdelay_l_ms=1.09204 qdelay_c_ms=114.179 ecn_mark=517 drop=0
[QUEUE_STATS] t_ms=6928 q_pkts=275 q_bytes=413600 qdelay_l_ms=1.09372 qdelay_c_ms=113.944 ecn_mark=519 drop=0
[QUEUE_STATS] t_ms=6944 q_pkts=277 q_bytes=416608 qdelay_l_ms=1.0799 qdelay_c_ms=114.863 ecn_mark=520 drop=0
[QUEUE_STATS] t_ms=6960 q_pkts=264 q_bytes=397056 qdelay_l_ms=1.08204 qdelay_c_ms=112.905 ecn_mark=521 drop=0
[QUEUE_STATS] t_ms=6976 q_pkts=253 q_bytes=380512 qdelay_l_ms=1.07007 qdelay_c_ms=113.328 ecn_mark=521 drop=0
[QUEUE_STATS] t_ms=6992 q_pkts=241 q_bytes=362464 qdelay_l_ms=1.07803 qdelay_c_ms=112.823 ecn_mark=524 drop=0
[QUEUE_STATS] t_ms=7008 q_pkts=229 q_bytes=344416 qdelay_l_ms=1.09219 qdelay_c_ms=113.675 ecn_mark=526 drop=0
[QUEUE_STATS] t_ms=7024 q_pkts=217 q_bytes=326368 qdelay_l_ms=1.0089 qdelay_c_ms=113.03 ecn_mark=528 drop=0
[QUEUE_STATS] t_ms=7040 q_pkts=206 q_bytes=309824 qdelay_l_ms=0.830288 qdelay_c_ms=113.046 ecn_mark=530 drop=0
[QUEUE_STATS] t_ms=7056 q_pkts=192 q_bytes=288768 qdelay_l_ms=1.07264 qdelay_c_ms=113.372 ecn_mark=531 drop=0
[QUEUE_STATS] t_ms=7072 q_pkts=183 q_bytes=275232 qdelay_l_ms=0.328807 qdelay_c_ms=106.882 ecn_mark=531 drop=0
[QUEUE_STATS] t_ms=7088 q_pkts=170 q_bytes=255680 qdelay_l_ms=1.06766 qdelay_c_ms=99.9016 ecn_mark=534 drop=0
[QUEUE_STATS] t_ms=7104 q_pkts=159 q_bytes=239136 qdelay_l_ms=0.570891 qdelay_c_ms=90.3457 ecn_mark=535 drop=0
[QUEUE_STATS] t_ms=7120 q_pkts=158 q_bytes=237632 qdelay_l_ms=0.572694 qdelay_c_ms=83.8453 ecn_mark=537 drop=0
[QUEUE_STATS] t_ms=7136 q_pkts=161 q_bytes=242144 qdelay_l_ms=1.04991 qdelay_c_ms=77.0483 ecn_mark=540 drop=0
[QUEUE_STATS] t_ms=7152 q_pkts=149 q_bytes=224096 qdelay_l_ms=1.08448 qdelay_c_ms=70.134 ecn_mark=543 drop=0
[QUEUE_STATS] t_ms=7168 q_pkts=136 q_bytes=204544 qdelay_l_ms=0.60774 qdelay_c_ms=62.9474 ecn_mark=544 drop=0
[QUEUE_STATS] t_ms=7184 q_pkts=126 q_bytes=189504 qdelay_l_ms=1.1019 qdelay_c_ms=64.7203 ecn_mark=547 drop=0
[QUEUE_STATS] t_ms=7200 q_pkts=111 q_bytes=166944 qdelay_l_ms=0.656562 qdelay_c_ms=63.687 ecn_mark=548 drop=0
[QUEUE_STATS] t_ms=7216 q_pkts=100 q_bytes=150400 qdelay_l_ms=1.06205 qdelay_c_ms=57.1498 ecn_mark=549 drop=0
[QUEUE_STATS] t_ms=7232 q_pkts=89 q_bytes=133856 qdelay_l_ms=1.00986 qdelay_c_ms=50.879 ecn_mark=552 drop=0
[QUEUE_STATS] t_ms=7248 q_pkts=80 q_bytes=120320 qdelay_l_ms=1.05033 qdelay_c_ms=43.2093 ecn_mark=554 drop=0
[QUEUE_STATS] t_ms=7264 q_pkts=79 q_bytes=118816 qdelay_l_ms=1.09431 qdelay_c_ms=35.3234 ecn_mark=554 drop=0
[QUEUE_STATS] t_ms=7280 q_pkts=82 q_bytes=123328 qdelay_l_ms=1.07347 qdelay_c_ms=32.0768 ecn_mark=555 drop=0
[QUEUE_STATS] t_ms=7296 q_pkts=81 q_bytes=121824 qdelay_l_ms=1.05145 qdelay_c_ms=31.1439 ecn_mark=555 drop=0
[QUEUE_STATS] t_ms=7312 q_pkts=83 q_bytes=124832 qdelay_l_ms=0.635371 qdelay_c_ms=32.6935 ecn_mark=556 drop=0
[QUEUE_STATS] t_ms=7328 q_pkts=81 q_bytes=121824 qdelay_l_ms=0.720381 qdelay_c_ms=30.7712 ecn_mark=557 drop=0
[QUEUE_STATS] t_ms=7344 q_pkts=80 q_bytes=120320 qdelay_l_ms=1.05897 qdelay_c_ms=31.3456 ecn_mark=557 drop=0
[QUEUE_STATS] t_ms=7360 q_pkts=81 q_bytes=121824 qdelay_l_ms=1.09268 qdelay_c_ms=32.0749 ecn_mark=557 drop=0
[QUEUE_STATS] t_ms=7376 q_pkts=83 q_bytes=124832 qdelay_l_ms=0.614322 qdelay_c_ms=30.4811 ecn_mark=557 drop=0
[QUEUE_STATS] t_ms=7392 q_pkts=81 q_bytes=121824 qdelay_l_ms=1.08018 qdelay_c_ms=31.25 ecn_mark=559 drop=0
[QUEUE_STATS] t_ms=7408 q_pkts=85 q_bytes=127840 qdelay_l_ms=1.09694 qdelay_c_ms=32.6066 ecn_mark=562 drop=0
[QUEUE_STATS] t_ms=7424 q_pkts=85 q_bytes=127840 qdelay_l_ms=1.09642 qdelay_c_ms=31.4674 ecn_mark=563 drop=0
[QUEUE_STATS] t_ms=7440 q_pkts=84 q_bytes=126336 qdelay_l_ms=0.696166 qdelay_c_ms=33.0544 ecn_mark=563 drop=0
[QUEUE_STATS] t_ms=7456 q_pkts=73 q_bytes=109792 qdelay_l_ms=1.06101 qdelay_c_ms=33.0143 ecn_mark=564 drop=0
[QUEUE_STATS] t_ms=7472 q_pkts=62 q_bytes=93248 qdelay_l_ms=1.03157 qdelay_c_ms=33.2201 ecn_mark=564 drop=0
[QUEUE_STATS] t_ms=7488 q_pkts=50 q_bytes=75200 qdelay_l_ms=1.07981 qdelay_c_ms=28.5799 ecn_mark=564 drop=0
[QUEUE_STATS] t_ms=7504 q_pkts=36 q_bytes=54144 qdelay_l_ms=0.75184 qdelay_c_ms=19.9576 ecn_mark=565 drop=0
[QUEUE_STATS] t_ms=7520 q_pkts=27 q_bytes=40608 qdelay_l_ms=1.05263 qdelay_c_ms=14.1477 ecn_mark=568 drop=0
[QUEUE_STATS] t_ms=7536 q_pkts=28 q_bytes=42112 qdelay_l_ms=1.03338 qdelay_c_ms=11.0405 ecn_mark=572 drop=0
[QUEUE_STATS] t_ms=7552 q_pkts=27 q_bytes=40608 qdelay_l_ms=1.09018 qdelay_c_ms=9.66906 ecn_mark=573 drop=0
[QUEUE_STATS] t_ms=7568 q_pkts=29 q_bytes=43616 qdelay_l_ms=0.844574 qdelay_c_ms=10.8586 ecn_mark=574 drop=0
[QUEUE_STATS] t_ms=7584 q_pkts=29 q_bytes=43616 qdelay_l_ms=0.866225 qdelay_c_ms=10.6124 ecn_mark=575 drop=0
[QUEUE_STATS] t_ms=7600 q_pkts=29 q_bytes=43616 qdelay_l_ms=0.681609 qdelay_c_ms=10.6287 ecn_mark=576 drop=0
[QUEUE_STATS] t_ms=7616 q_pkts=29 q_bytes=43616 qdelay_l_ms=1.02438 qdelay_c_ms=10.8235 ecn_mark=576 drop=0
[QUEUE_STATS] t_ms=7632 q_pkts=29 q_bytes=43616 qdelay_l_ms=1.06679 qdelay_c_ms=10.2967 ecn_mark=578 drop=0
[QUEUE_STATS] t_ms=7648 q_pkts=32 q_bytes=48128 qdelay_l_ms=1.07248 qdelay_c_ms=11.3742 ecn_mark=578 drop=0
[QUEUE_STATS] t_ms=7664 q_pkts=30 q_bytes=45120 qdelay_l_ms=1.05235 qdelay_c_ms=12.4776 ecn_mark=578 drop=0
[QUEUE_STATS] t_ms=7680 q_pkts=29 q_bytes=43616 qdelay_l_ms=0.694092 qdelay_c_ms=10.6398 ecn_mark=579 drop=0
[QUEUE_STATS] t_ms=7696 q_pkts=31 q_bytes=46624 qdelay_l_ms=0.378019 qdelay_c_ms=12.0826 ecn_mark=581 drop=0
[QUEUE_STATS] t_ms=7712 q_pkts=29 q_bytes=43616 qdelay_l_ms=0.695485 qdelay_c_ms=10.7098 ecn_mark=584 drop=0
[QUEUE_STATS] t_ms=7728 q_pkts=30 q_bytes=45120 qdelay_l_ms=1.0518 qdelay_c_ms=12.1099 ecn_mark=585 drop=0
[QUEUE_STATS] t_ms=7744 q_pkts=30 q_bytes=45120 qdelay_l_ms=1.09469 qdelay_c_ms=10.6964 ecn_mark=589 drop=0
[QUEUE_STATS] t_ms=7760 q_pkts=31 q_bytes=46624 qdelay_l_ms=0.699522 qdelay_c_ms=10.2882 ecn_mark=591 drop=0
[QUEUE_STATS] t_ms=7776 q_pkts=31 q_bytes=46624 qdelay_l_ms=1.09204 qdelay_c_ms=12.2031 ecn_mark=595 drop=0
[QUEUE_STATS] t_ms=7792 q_pkts=29 q_bytes=43616 qdelay_l_ms=1.06623 qdelay_c_ms=12.1217 ecn_mark=598 drop=0
[QUEUE_STATS] t_ms=7808 q_pkts=32 q_bytes=48128 qdelay_l_ms=1.00878 qdelay_c_ms=12.7187 ecn_mark=600 drop=0
[QUEUE_STATS] t_ms=7824 q_pkts=28 q_bytes=42112 qdelay_l_ms=0.467367 qdelay_c_ms=11.9176 ecn_mark=602 drop=0
[QUEUE_STATS] t_ms=7840 q_pkts=30 q_bytes=45120 qdelay_l_ms=0.708789 qdelay_c_ms=10.556 ecn_mark=606 drop=0
[QUEUE_STATS] t_ms=7856 q_pkts=34 q_bytes=51136 qdelay_l_ms=1.09331 qdelay_c_ms=10.8425 ecn_mark=606 drop=0
[QUEUE_STATS] t_ms=7872 q_pkts=30 q_bytes=45120 qdelay_l_ms=1.004 qdelay_c_ms=11.9576 ecn_mark=607 drop=0
[QUEUE_STATS] t_ms=7888 q_pkts=20 q_bytes=30080 qdelay_l_ms=0.755297 qdelay_c_ms=10.5763 ecn_mark=607 drop=0
[QUEUE_STATS] t_ms=7904 q_pkts=9 q_bytes=13536 qdelay_l_ms=1.00883 qdelay_c_ms=4.02052 ecn_mark=607 drop=0
[QUEUE_STATS] t_ms=7920 q_pkts=4 q_bytes=6016 qdelay_l_ms=1.05401 qdelay_c_ms=1.04833 ecn_mark=607 drop=0
[QUEUE_STATS] t_ms=7936 q_pkts=6 q_bytes=9024 qdelay_l_ms=1.07675 qdelay_c_ms=2.1455 ecn_mark=609 drop=0
[QUEUE_STATS] t_ms=7952 q_pkts=6 q_bytes=9024 qdelay_l_ms=0.731222 qdelay_c_ms=2.95469 ecn_mark=611 drop=0
[QUEUE_STATS] t_ms=7968 q_pkts=2 q_bytes=3008 qdelay_l_ms=1.01474 qdelay_c_ms=0 ecn_mark=613 drop=0
[QUEUE_STATS] t_ms=7984 q_pkts=5 q_bytes=7520 qdelay_l_ms=1.08338 qdelay_c_ms=3.26939 ecn_mark=614 drop=0
[QUEUE_STATS] t_ms=8000 q_pkts=4 q_bytes=6016 qdelay_l_ms=1.06813 qdelay_c_ms=2.10475 ecn_mark=618 drop=0
[QUEUE_STATS] t_ms=8016 q_pkts=5 q_bytes=7520 qdelay_l_ms=1.05865 qdelay_c_ms=2.2014 ecn_mark=621 drop=0
[QUEUE_STATS] t_ms=8032 q_pkts=5 q_bytes=7520 qdelay_l_ms=0.562284 qdelay_c_ms=0.556944 ecn_mark=621 drop=0
[QUEUE_STATS] t_ms=8048 q_pkts=8 q_bytes=12032 qdelay_l_ms=1.0674 qdelay_c_ms=2.17399 ecn_mark=621 drop=0
[QUEUE_STATS] t_ms=8064 q_pkts=3 q_bytes=4512 qdelay_l_ms=1.00919 qdelay_c_ms=1.00324 ecn_mark=622 drop=0
[QUEUE_STATS] t_ms=8080 q_pkts=4 q_bytes=6016 qdelay_l_ms=1.09242 qdelay_c_ms=1.08494 ecn_mark=624 drop=0
[QUEUE_STATS] t_ms=8096 q_pkts=2 q_bytes=3008 qdelay_l_ms=0.508655 qdelay_c_ms=0 ecn_mark=624 drop=0
[QUEUE_STATS] t_ms=8112 q_pkts=4 q_bytes=6016 qdelay_l_ms=0.765045 qdelay_c_ms=0.758293 ecn_mark=626 drop=0
[QUEUE_STATS] t_ms=8128 q_pkts=7 q_bytes=10528 qdelay_l_ms=1.05929 qdelay_c_ms=2.14602 ecn_mark=628 drop=0
[QUEUE_STATS] t_ms=8144 q_pkts=5 q_bytes=7520 qdelay_l_ms=1.09433 qdelay_c_ms=1.08771 ecn_mark=632 drop=0
[QUEUE_STATS] t_ms=8160 q_pkts=6 q_bytes=9024 qdelay_l_ms=0.629241 qdelay_c_ms=0.651362 ecn_mark=632 drop=0
[QUEUE_STATS] t_ms=8176 q_pkts=4 q_bytes=6016 qdelay_l_ms=1.07703 qdelay_c_ms=1.07171 ecn_mark=633 drop=0
[QUEUE_STATS] t_ms=8192 q_pkts=4 q_bytes=6016 qdelay_l_ms=1.05936 qdelay_c_ms=1.92376 ecn_mark=634 drop=0
[QUEUE_STATS] t_ms=8208 q_pkts=6 q_bytes=9024 qdelay_l_ms=1.03003 qdelay_c_ms=2.12121 ecn_mark=635 drop=0
[QUEUE_STATS] t_ms=8224 q_pkts=4 q_bytes=6016 qdelay_l_ms=1.06228 qdelay_c_ms=1.77777 ecn_mark=637 drop=0
[QUEUE_STATS] t_ms=8240 q_pkts=4 q_bytes=6016 qdelay_l_ms=1.05739 qdelay_c_ms=2.20933 ecn_mark=637 drop=0
[QUEUE_STATS] t_ms=8256 q_pkts=6 q_bytes=9024 qdelay_l_ms=1.06111 qdelay_c_ms=1.42839 ecn_mark=638 drop=0
[QUEUE_STATS] t_ms=8272 q_pkts=3 q_bytes=4512 qdelay_l_ms=1.07991 qdelay_c_ms=1.07337 ecn_mark=639 drop=0
[QUEUE_STATS] t_ms=8288 q_pkts=3 q_bytes=4512 qdelay_l_ms=1.08274 qdelay_c_ms=1.07579 ecn_mark=641 drop=0
[QUEUE_STATS] t_ms=8304 q_pkts=4 q_bytes=6016 qdelay_l_ms=1.06682 qdelay_c_ms=1.08914 ecn_mark=641 drop=0
[QUEUE_STATS] t_ms=8320 q_pkts=4 q_bytes=6016 qdelay_l_ms=1.06655 qdelay_c_ms=1.08772 ecn_mark=641 drop=0
[QUEUE_STATS] t_ms=8336 q_pkts=7 q_bytes=10528 qdelay_l_ms=0.9488 qdelay_c_ms=2.01288 ecn_mark=642 drop=0
[QUEUE_STATS] t_ms=8352 q_pkts=5 q_bytes=7520 qdelay_l_ms=1.06602 qdelay_c_ms=2.15381 ecn_mark=643 drop=0
[QUEUE_STATS] t_ms=8368 q_pkts=4 q_bytes=6016 qdelay_l_ms=1.06132 qdelay_c_ms=2.16617 ecn_mark=647 drop=0
[QUEUE_STATS] t_ms=8384 q_pkts=6 q_bytes=9024 qdelay_l_ms=1.05035 qdelay_c_ms=2.10954 ecn_mark=648 drop=0
[QUEUE_STATS] t_ms=8400 q_pkts=3 q_bytes=4512 qdelay_l_ms=1.0868 qdelay_c_ms=1.56181 ecn_mark=652 drop=0
[QUEUE_STATS] t_ms=8416 q_pkts=4 q_bytes=6016 qdelay_l_ms=1.08149 qdelay_c_ms=1.07558 ecn_mark=653 drop=0
[QUEUE_STATS] t_ms=8432 q_pkts=5 q_bytes=7520 qdelay_l_ms=1.06131 qdelay_c_ms=1.77102 ecn_mark=653 drop=0
[QUEUE_STATS] t_ms=8448 q_pkts=6 q_bytes=9024 qdelay_l_ms=0.745909 qdelay_c_ms=1.86161 ecn_mark=654 drop=0
[QUEUE_STATS] t_ms=8464 q_pkts=3 q_bytes=4512 qdelay_l_ms=1.01337 qdelay_c_ms=1.03646 ecn_mark=655 drop=0
[QUEUE_STATS] t_ms=8480 q_pkts=6 q_bytes=9024 qdelay_l_ms=1.04473 qdelay_c_ms=2.16511 ecn_mark=657 drop=0
[QUEUE_STATS] t_ms=8496 q_pkts=5 q_bytes=7520 qdelay_l_ms=0.946105 qdelay_c_ms=2.01292 ecn_mark=659 drop=0
[QUEUE_STATS] t_ms=8512 q_pkts=3 q_bytes=4512 qdelay_l_ms=1.08802 qdelay_c_ms=2.12684 ecn_mark=662 drop=0
[QUEUE_STATS] t_ms=8528 q_pkts=4 q_bytes=6016 qdelay_l_ms=1.07441 qdelay_c_ms=1.06779 ecn_mark=662 drop=0
[QUEUE_STATS] t_ms=8544 q_pkts=3 q_bytes=4512 qdelay_l_ms=0.766208 qdelay_c_ms=0.760948 ecn_mark=663 drop=0
[QUEUE_STATS] t_ms=8560 q_pkts=4 q_bytes=6016 qdelay_l_ms=1.06138 qdelay_c_ms=1.07756 ecn_mark=666 drop=0
[QUEUE_STATS] t_ms=8576 q_pkts=2 q_bytes=3008 qdelay_l_ms=0.662913 qdelay_c_ms=0 ecn_mark=667 drop=0
[QUEUE_STATS] t_ms=8592 q_pkts=3 q_bytes=4512 qdelay_l_ms=1.05859 qdelay_c_ms=1.07859 ecn_mark=670 drop=0
[QUEUE_STATS] t_ms=8608 q_pkts=6 q_bytes=9024 qdelay_l_ms=1.05584 qdelay_c_ms=1.0787 ecn_mark=673 drop=0
[QUEUE_STATS] t_ms=8624 q_pkts=3 q_bytes=4512 qdelay_l_ms=0.83124 qdelay_c_ms=0.841138 ecn_mark=674 drop=0
[QUEUE_STATS] t_ms=8640 q_pkts=6 q_bytes=9024 qdelay_l_ms=1.09864 qdelay_c_ms=1.09177 ecn_mark=676 drop=0
[QUEUE_STATS] t_ms=8656 q_pkts=4 q_bytes=6016 qdelay_l_ms=0.422983 qdelay_c_ms=0.416791 ecn_mark=677 drop=0
[QUEUE_STATS] t_ms=8672 q_pkts=3 q_bytes=4512 qdelay_l_ms=0.667573 qdelay_c_ms=0.678142 ecn_mark=681 drop=0
[QUEUE_STATS] t_ms=8688 q_pkts=4 q_bytes=6016 qdelay_l_ms=1.06144 qdelay_c_ms=1.93394 ecn_mark=684 drop=0
[QUEUE_STATS] t_ms=8704 q_pkts=4 q_bytes=6016 qdelay_l_ms=1.10181 qdelay_c_ms=1.09186 ecn_mark=684 drop=0
[QUEUE_STATS] t_ms=8720 q_pkts=3 q_bytes=4512 qdelay_l_ms=0.877045 qdelay_c_ms=0.871545 ecn_mark=686 drop=0
[QUEUE_STATS] t_ms=8736 q_pkts=5 q_bytes=7520 qdelay_l_ms=1.05969 qdelay_c_ms=1.98145 ecn_mark=688 drop=0
[QUEUE_STATS] t_ms=8752 q_pkts=4 q_bytes=6016 qdelay_l_ms=1.08741 qdelay_c_ms=1.07217 ecn_mark=691 drop=0
[QUEUE_STATS] t_ms=8768 q_pkts=5 q_bytes=7520 qdelay_l_ms=1.06118 qdelay_c_ms=1.09343 ecn_mark=692 drop=0
[QUEUE_STATS] t_ms=8784 q_pkts=1 q_bytes=1504 qdelay_l_ms=1.07394 qdelay_c_ms=0 ecn_mark=693 drop=0
[QUEUE_STATS] t_ms=8800 q_pkts=5 q_bytes=7520 qdelay_l_ms=1.06256 qdelay_c_ms=1.08406 ecn_mark=694 drop=0
[QUEUE_STATS] t_ms=8816 q_pkts=3 q_bytes=4512 qdelay_l_ms=0.471734 qdelay_c_ms=1.51898 ecn_mark=695 drop=0
[QUEUE_STATS] t_ms=8832 q_pkts=2 q_bytes=3008 qdelay_l_ms=0 qdelay_c_ms=0.910338 ecn_mark=697 drop=0
[QUEUE_STATS] t_ms=8848 q_pkts=2 q_bytes=3008 qdelay_l_ms=1.0742 qdelay_c_ms=0 ecn_mark=699 drop=0
[QUEUE_STATS] t_ms=8864 q_pkts=6 q_bytes=9024 qdelay_l_ms=0.711565 qdelay_c_ms=0.705353 ecn_mark=700 drop=0
[QUEUE_STATS] t_ms=8880 q_pkts=1 q_bytes=1504 qdelay_l_ms=0.955623 qdelay_c_ms=0 ecn_mark=700 drop=0
[QUEUE_STATS] t_ms=8896 q_pkts=3 q_bytes=4512 qdelay_l_ms=1.08319 qdelay_c_ms=1.07559 ecn_mark=702 drop=0
[QUEUE_STATS] t_ms=8912 q_pkts=1 q_bytes=1504 qdelay_l_ms=0.720682 qdelay_c_ms=0 ecn_mark=703 drop=0
[QUEUE_STATS] t_ms=8928 q_pkts=2 q_bytes=3008 qdelay_l_ms=0.689753 qdelay_c_ms=0 ecn_mark=703 drop=0
[QUEUE_STATS] t_ms=8944 q_pkts=2 q_bytes=3008 qdelay_l_ms=1.07663 qdelay_c_ms=0 ecn_mark=704 drop=0
[QUEUE_STATS] t_ms=8960 q_pkts=4 q_bytes=6016 qdelay_l_ms=1.06918 qdelay_c_ms=2.11249 ecn_mark=705 drop=0
[QUEUE_STATS] t_ms=8976 q_pkts=1 q_bytes=1504 qdelay_l_ms=0.717816 qdelay_c_ms=0 ecn_mark=705 drop=0
[QUEUE_STATS] t_ms=8992 q_pkts=5 q_bytes=7520 qdelay_l_ms=0.711465 qdelay_c_ms=0.706556 ecn_mark=707 drop=0
[QUEUE_STATS] t_ms=9008 q_pkts=0 q_bytes=0 qdelay_l_ms=0 qdelay_c_ms=0 ecn_mark=709 drop=0
[QUEUE_STATS] t_ms=9024 q_pkts=4 q_bytes=6016 qdelay_l_ms=0.718798 qdelay_c_ms=0.739778 ecn_mark=710 drop=0
[QUEUE_STATS] t_ms=9040 q_pkts=3 q_bytes=4512 qdelay_l_ms=0.731392 qdelay_c_ms=0.742553 ecn_mark=713 drop=0
[QUEUE_STATS] t_ms=9056 q_pkts=4 q_bytes=6016 qdelay_l_ms=1.08181 qdelay_c_ms=1.07639 ecn_mark=713 drop=0
[QUEUE_STATS] t_ms=9072 q_pkts=3 q_bytes=4512 qdelay_l_ms=0.748985 qdelay_c_ms=0.743425 ecn_mark=714 drop=0
[QUEUE_STATS] t_ms=9088 q_pkts=4 q_bytes=6016 qdelay_l_ms=1.0857 qdelay_c_ms=1.07862 ecn_mark=714 drop=0
[QUEUE_STATS] t_ms=9104 q_pkts=5 q_bytes=7520 qdelay_l_ms=0.984567 qdelay_c_ms=1.00824 ecn_mark=716 drop=0
[QUEUE_STATS] t_ms=9120 q_pkts=6 q_bytes=9024 qdelay_l_ms=1.09943 qdelay_c_ms=1.09268 ecn_mark=716 drop=0
[QUEUE_STATS] t_ms=9136 q_pkts=5 q_bytes=7520 qdelay_l_ms=1.06096 qdelay_c_ms=1.0937 ecn_mark=718 drop=0
[QUEUE_STATS] t_ms=9152 q_pkts=2 q_bytes=3008 qdelay_l_ms=0 qdelay_c_ms=0.846258 ecn_mark=718 drop=0
[QUEUE_STATS] t_ms=9168 q_pkts=2 q_bytes=3008 qdelay_l_ms=1.06669 qdelay_c_ms=0 ecn_mark=718 drop=0
[QUEUE_STATS] t_ms=9184 q_pkts=2 q_bytes=3008 qdelay_l_ms=1.06086 qdelay_c_ms=2.13361 ecn_mark=719 drop=0
[QUEUE_STATS] t_ms=9200 q_pkts=7 q_bytes=10528 qdelay_l_ms=0.78371 qdelay_c_ms=0.777379 ecn_mark=721 drop=0
[QUEUE_STATS] t_ms=9216 q_pkts=4 q_bytes=6016 qdelay_l_ms=1.06076 qdelay_c_ms=2.16856 ecn_mark=722 drop=0
[QUEUE_STATS] t_ms=9232 q_pkts=4 q_bytes=6016 qdelay_l_ms=1.04798 qdelay_c_ms=1.06961 ecn_mark=724 drop=0
[QUEUE_STATS] t_ms=9248 q_pkts=4 q_bytes=6016 qdelay_l_ms=1.08492 qdelay_c_ms=2.12694 ecn_mark=725 drop=0
[QUEUE_STATS] t_ms=9264 q_pkts=3 q_bytes=4512 qdelay_l_ms=1.06098 qdelay_c_ms=1.07239 ecn_mark=725 drop=0
[QUEUE_STATS] t_ms=9280 q_pkts=2 q_bytes=3008 qdelay_l_ms=1.07965 qdelay_c_ms=0 ecn_mark=726 drop=0
[QUEUE_STATS] t_ms=9296 q_pkts=3 q_bytes=4512 qdelay_l_ms=1.07553 qdelay_c_ms=1.06899 ecn_mark=727 drop=0
[QUEUE_STATS] t_ms=9312 q_pkts=1 q_bytes=1504 qdelay_l_ms=0.818976 qdelay_c_ms=0 ecn_mark=728 drop=0
[QUEUE_STATS] t_ms=9328 q_pkts=5 q_bytes=7520 qdelay_l_ms=1.07668 qdelay_c_ms=2.16866 ecn_mark=728 drop=0
[QUEUE_STATS] t_ms=9344 q_pkts=2 q_bytes=3008 qdelay_l_ms=1.06743 qdelay_c_ms=0 ecn_mark=728 drop=0
[QUEUE_STATS] t_ms=9360 q_pkts=2 q_bytes=3008 qdelay_l_ms=0 qdelay_c_ms=1.07809 ecn_mark=729 drop=0
[QUEUE_STATS] t_ms=9376 q_pkts=3 q_bytes=4512 qdelay_l_ms=1.06187 qdelay_c_ms=1.08237 ecn_mark=729 drop=0
[QUEUE_STATS] t_ms=9392 q_pkts=3 q_bytes=4512 qdelay_l_ms=0.717175 qdelay_c_ms=0.753784 ecn_mark=730 drop=0
[QUEUE_STATS] t_ms=9408 q_pkts=4 q_bytes=6016 qdelay_l_ms=1.066 qdelay_c_ms=1.08184 ecn_mark=731 drop=0
[QUEUE_STATS] t_ms=9424 q_pkts=3 q_bytes=4512 qdelay_l_ms=1.03294 qdelay_c_ms=1.05326 ecn_mark=731 drop=0
[QUEUE_STATS] t_ms=9440 q_pkts=5 q_bytes=7520 qdelay_l_ms=1.06636 qdelay_c_ms=2.1778 ecn_mark=733 drop=0
[QUEUE_STATS] t_ms=9456 q_pkts=2 q_bytes=3008 qdelay_l_ms=1.05835 qdelay_c_ms=0 ecn_mark=736 drop=0
[QUEUE_STATS] t_ms=9472 q_pkts=6 q_bytes=9024 qdelay_l_ms=1.09467 qdelay_c_ms=1.0885 ecn_mark=738 drop=0
[QUEUE_STATS] t_ms=9488 q_pkts=3 q_bytes=4512 qdelay_l_ms=0.78889 qdelay_c_ms=0.812334 ecn_mark=738 drop=0
[QUEUE_STATS] t_ms=9504 q_pkts=1 q_bytes=1504 qdelay_l_ms=1.07411 qdelay_c_ms=0 ecn_mark=738 drop=0
[QUEUE_STATS] t_ms=9521 q_pkts=3 q_bytes=4512 qdelay_l_ms=1.04641 qdelay_c_ms=1.06792 ecn_mark=739 drop=0
[QUEUE_STATS] t_ms=9536 q_pkts=5 q_bytes=7520 qdelay_l_ms=1.094 qdelay_c_ms=1.08656 ecn_mark=741 drop=0
[QUEUE_STATS] t_ms=9552 q_pkts=5 q_bytes=7520 qdelay_l_ms=1.03922 qdelay_c_ms=1.07186 ecn_mark=741 drop=0
[QUEUE_STATS] t_ms=9568 q_pkts=4 q_bytes=6016 qdelay_l_ms=0.983785 qdelay_c_ms=2.12541 ecn_mark=744 drop=0
[QUEUE_STATS] t_ms=9584 q_pkts=2 q_bytes=3008 qdelay_l_ms=1.04744 qdelay_c_ms=1.05458 ecn_mark=744 drop=0
[QUEUE_STATS] t_ms=9600 q_pkts=5 q_bytes=7520 qdelay_l_ms=0.761939 qdelay_c_ms=1.6793 ecn_mark=745 drop=0
[QUEUE_STATS] t_ms=9616 q_pkts=5 q_bytes=7520 qdelay_l_ms=0.779341 qdelay_c_ms=1.85748 ecn_mark=745 drop=0
[QUEUE_STATS] t_ms=9632 q_pkts=5 q_bytes=7520 qdelay_l_ms=0.388729 qdelay_c_ms=0.433483 ecn_mark=746 drop=0
[QUEUE_STATS] t_ms=9648 q_pkts=3 q_bytes=4512 qdelay_l_ms=1.07971 qdelay_c_ms=2.11019 ecn_mark=747 drop=0
[QUEUE_STATS] t_ms=9664 q_pkts=5 q_bytes=7520 qdelay_l_ms=1.05312 qdelay_c_ms=1.07445 ecn_mark=747 drop=0
[QUEUE_STATS] t_ms=9680 q_pkts=2 q_bytes=3008 qdelay_l_ms=0.959651 qdelay_c_ms=0 ecn_mark=751 drop=0
[QUEUE_STATS] t_ms=9696 q_pkts=5 q_bytes=7520 qdelay_l_ms=0.888968 qdelay_c_ms=1.94764 ecn_mark=752 drop=0
[QUEUE_STATS] t_ms=9712 q_pkts=1 q_bytes=1504 qdelay_l_ms=0 qdelay_c_ms=1.06104 ecn_mark=754 drop=0
[QUEUE_STATS] t_ms=9728 q_pkts=4 q_bytes=6016 qdelay_l_ms=1.08381 qdelay_c_ms=1.8251 ecn_mark=757 drop=0
[QUEUE_STATS] t_ms=9744 q_pkts=6 q_bytes=9024 qdelay_l_ms=0.765226 qdelay_c_ms=0.759695 ecn_mark=758 drop=0
[QUEUE_STATS] t_ms=9760 q_pkts=1 q_bytes=1504 qdelay_l_ms=1.06594 qdelay_c_ms=0 ecn_mark=758 drop=0
[QUEUE_STATS] t_ms=9776 q_pkts=1 q_bytes=1504 qdelay_l_ms=1.07293 qdelay_c_ms=0 ecn_mark=759 drop=0
[QUEUE_STATS] t_ms=9792 q_pkts=3 q_bytes=4512 qdelay_l_ms=1.06215 qdelay_c_ms=2.1778 ecn_mark=761 drop=0
[QUEUE_STATS] t_ms=9808 q_pkts=2 q_bytes=3008 qdelay_l_ms=1.07575 qdelay_c_ms=0 ecn_mark=762 drop=0
[QUEUE_STATS] t_ms=9824 q_pkts=6 q_bytes=9024 qdelay_l_ms=1.05994 qdelay_c_ms=1.053 ecn_mark=763 drop=0
[QUEUE_STATS] t_ms=9840 q_pkts=3 q_bytes=4512 qdelay_l_ms=1.06192 qdelay_c_ms=1.09801 ecn_mark=764 drop=0
[QUEUE_STATS] t_ms=9856 q_pkts=2 q_bytes=3008 qdelay_l_ms=0 qdelay_c_ms=0.794981 ecn_mark=765 drop=0
[QUEUE_STATS] t_ms=9872 q_pkts=5 q_bytes=7520 qdelay_l_ms=0.641704 qdelay_c_ms=0.635903 ecn_mark=765 drop=0
[QUEUE_STATS] t_ms=9888 q_pkts=4 q_bytes=6016 qdelay_l_ms=1.07518 qdelay_c_ms=1.06877 ecn_mark=769 drop=0
[QUEUE_STATS] t_ms=9904 q_pkts=3 q_bytes=4512 qdelay_l_ms=1.05151 qdelay_c_ms=1.06195 ecn_mark=769 drop=0
[QUEUE_STATS] t_ms=9920 q_pkts=4 q_bytes=6016 qdelay_l_ms=0.938841 qdelay_c_ms=0.965721 ecn_mark=771 drop=0
[QUEUE_STATS] t_ms=9936 q_pkts=3 q_bytes=4512 qdelay_l_ms=1.0614 qdelay_c_ms=1.07219 ecn_mark=772 drop=0
[QUEUE_STATS] t_ms=9952 q_pkts=5 q_bytes=7520 qdelay_l_ms=0.439534 qdelay_c_ms=1.5326 ecn_mark=772 drop=0
[QUEUE_STATS] t_ms=9968 q_pkts=4 q_bytes=6016 qdelay_l_ms=1.00763 qdelay_c_ms=1.00165 ecn_mark=774 drop=0
[QUEUE_STATS] t_ms=9984 q_pkts=3 q_bytes=4512 qdelay_l_ms=1.0628 qdelay_c_ms=1.09301 ecn_mark=774 drop=0
[QUEUE_STATS] t_ms=10000 q_pkts=3 q_bytes=4512 qdelay_l_ms=0.786204 qdelay_c_ms=0.775033 ecn_mark=775 drop=0
[QUEUE_STATS] t_ms=10016 q_pkts=6 q_bytes=9024 qdelay_l_ms=1.04239 qdelay_c_ms=1.07578 ecn_mark=777 drop=0
[QUEUE_STATS] t_ms=10032 q_pkts=4 q_bytes=6016 qdelay_l_ms=1.05769 qdelay_c_ms=1.05212 ecn_mark=778 drop=0
[QUEUE_STATS] t_ms=10048 q_pkts=1 q_bytes=1504 qdelay_l_ms=0.799039 qdelay_c_ms=0 ecn_mark=778 drop=0
[QUEUE_STATS] t_ms=10064 q_pkts=5 q_bytes=7520 qdelay_l_ms=1.06168 qdelay_c_ms=1.0938 ecn_mark=779 drop=0
[QUEUE_STATS] t_ms=10080 q_pkts=4 q_bytes=6016 qdelay_l_ms=1.07569 qdelay_c_ms=1.07013 ecn_mark=781 drop=0
[QUEUE_STATS] t_ms=10096 q_pkts=3 q_bytes=4512 qdelay_l_ms=1.05783 qdelay_c_ms=1.06825 ecn_mark=781 drop=0
[QUEUE_STATS] t_ms=10112 q_pkts=0 q_bytes=0 qdelay_l_ms=0 qdelay_c_ms=0 ecn_mark=781 drop=0
[QUEUE_STATS] t_ms=10128 q_pkts=5 q_bytes=7520 qdelay_l_ms=1.06165 qdelay_c_ms=1.09427 ecn_mark=783 drop=0
[QUEUE_STATS] t_ms=10144 q_pkts=3 q_bytes=4512 qdelay_l_ms=1.07998 qdelay_c_ms=1.07398 ecn_mark=785 drop=0
[QUEUE_STATS] t_ms=10160 q_pkts=7 q_bytes=10528 qdelay_l_ms=0.796995 qdelay_c_ms=1.4336 ecn_mark=786 drop=0
[QUEUE_STATS] t_ms=10176 q_pkts=4 q_bytes=6016 qdelay_l_ms=0 qdelay_c_ms=2.15369 ecn_mark=788 drop=0
[QUEUE_STATS] t_ms=10192 q_pkts=3 q_bytes=4512 qdelay_l_ms=0.803588 qdelay_c_ms=0.827102 ecn_mark=788 drop=0
[QUEUE_STATS] t_ms=10208 q_pkts=6 q_bytes=9024 qdelay_l_ms=1.05937 qdelay_c_ms=1.05383 ecn_mark=788 drop=0
[QUEUE_STATS] t_ms=10224 q_pkts=4 q_bytes=6016 qdelay_l_ms=1.06023 qdelay_c_ms=1.0876 ecn_mark=789 drop=0
[QUEUE_STATS] t_ms=10240 q_pkts=2 q_bytes=3008 qdelay_l_ms=1.05954 qdelay_c_ms=0 ecn_mark=789 drop=0
[QUEUE_STATS] t_ms=10256 q_pkts=1 q_bytes=1504 qdelay_l_ms=0.82087 qdelay_c_ms=0 ecn_mark=790 drop=0
[QUEUE_STATS] t_ms=10272 q_pkts=5 q_bytes=7520 qdelay_l_ms=1.06121 qdelay_c_ms=1.09439 ecn_mark=792 drop=0
[QUEUE_STATS] t_ms=10288 q_pkts=6 q_bytes=9024 qdelay_l_ms=1.08991 qdelay_c_ms=1.88237 ecn_mark=792 drop=0
[QUEUE_STATS] t_ms=10304 q_pkts=3 q_bytes=4512 qdelay_l_ms=1.06098 qdelay_c_ms=1.08522 ecn_mark=793 drop=0
[QUEUE_STATS] t_ms=10320 q_pkts=2 q_bytes=3008 qdelay_l_ms=0 qdelay_c_ms=1.06317 ecn_mark=796 drop=0
[QUEUE_STATS] t_ms=10336 q_pkts=5 q_bytes=7520 qdelay_l_ms=0.880061 qdelay_c_ms=2.0001 ecn_mark=798 drop=0
[QUEUE_STATS] t_ms=10352 q_pkts=6 q_bytes=9024 qdelay_l_ms=1.06657 qdelay_c_ms=1.06035 ecn_mark=798 drop=0
[QUEUE_STATS] t_ms=10368 q_pkts=3 q_bytes=4512 qdelay_l_ms=1.06201 qdelay_c_ms=1.08374 ecn_mark=800 drop=0
[QUEUE_STATS] t_ms=10384 q_pkts=3 q_bytes=4512 qdelay_l_ms=0.818205 qdelay_c_ms=0.833233 ecn_mark=800 drop=0
[QUEUE_STATS] t_ms=10400 q_pkts=4 q_bytes=6016 qdelay_l_ms=0 qdelay_c_ms=1.08225 ecn_mark=800 drop=0
[QUEUE_STATS] t_ms=10416 q_pkts=5 q_bytes=7520 qdelay_l_ms=0.820589 qdelay_c_ms=0.814127 ecn_mark=802 drop=0
[QUEUE_STATS] t_ms=10432 q_pkts=6 q_bytes=9024 qdelay_l_ms=1.06226 qdelay_c_ms=1.05696 ecn_mark=802 drop=0
[QUEUE_STATS] t_ms=10448 q_pkts=2 q_bytes=3008 qdelay_l_ms=0 qdelay_c_ms=1.07562 ecn_mark=802 drop=0
[QUEUE_STATS] t_ms=10464 q_pkts=3 q_bytes=4512 qdelay_l_ms=0.897253 qdelay_c_ms=0.908695 ecn_mark=802 drop=0
[QUEUE_STATS] t_ms=10480 q_pkts=5 q_bytes=7520 qdelay_l_ms=1.08978 qdelay_c_ms=1.08166 ecn_mark=803 drop=0
[QUEUE_STATS] t_ms=10496 q_pkts=3 q_bytes=4512 qdelay_l_ms=1.05942 qdelay_c_ms=1.05406 ecn_mark=803 drop=0
[QUEUE_STATS] t_ms=10512 q_pkts=3 q_bytes=4512 qdelay_l_ms=0.907372 qdelay_c_ms=0.930686 ecn_mark=804 drop=0
[QUEUE_STATS] t_ms=10528 q_pkts=3 q_bytes=4512 qdelay_l_ms=0.465694 qdelay_c_ms=0.455304 ecn_mark=804 drop=0
[QUEUE_STATS] t_ms=10544 q_pkts=6 q_bytes=9024 qdelay_l_ms=1.079 qdelay_c_ms=2.13319 ecn_mark=806 drop=0
[QUEUE_STATS] t_ms=10560 q_pkts=4 q_bytes=6016 qdelay_l_ms=1.06175 qdelay_c_ms=2.12604 ecn_mark=807 drop=0
[QUEUE_STATS] t_ms=10576 q_pkts=4 q_bytes=6016 qdelay_l_ms=1.07687 qdelay_c_ms=1.07164 ecn_mark=808 drop=0
[QUEUE_STATS] t_ms=10592 q_pkts=5 q_bytes=7520 qdelay_l_ms=0.819107 qdelay_c_ms=0.813416 ecn_mark=808 drop=0
[QUEUE_STATS] t_ms=10608 q_pkts=1 q_bytes=1504 qdelay_l_ms=0.827382 qdelay_c_ms=0 ecn_mark=809 drop=0
[QUEUE_STATS] t_ms=10624 q_pkts=2 q_bytes=3008 qdelay_l_ms=1.06844 qdelay_c_ms=1.06304 ecn_mark=809 drop=0
[QUEUE_STATS] t_ms=10640 q_pkts=3 q_bytes=4512 qdelay_l_ms=1.05916 qdelay_c_ms=1.08025 ecn_mark=810 drop=0
[QUEUE_STATS] t_ms=10656 q_pkts=3 q_bytes=4512 qdelay_l_ms=1.04556 qdelay_c_ms=1.06643 ecn_mark=810 drop=0
[QUEUE_STATS] t_ms=10672 q_pkts=3 q_bytes=4512 qdelay_l_ms=1.07338 qdelay_c_ms=1.06748 ecn_mark=811 drop=0
[QUEUE_STATS] t_ms=10688 q_pkts=3 q_bytes=4512 qdelay_l_ms=1.00616 qdelay_c_ms=1.02316 ecn_mark=813 drop=0
[QUEUE_STATS] t_ms=10704 q_pkts=3 q_bytes=4512 qdelay_l_ms=1.06087 qdelay_c_ms=1.08088 ecn_mark=813 drop=0
[QUEUE_STATS] t_ms=10720 q_pkts=1 q_bytes=1504 qdelay_l_ms=0.835127 qdelay_c_ms=0 ecn_mark=815 drop=0
[QUEUE_STATS] t_ms=10736 q_pkts=3 q_bytes=4512 qdelay_l_ms=1.05343 qdelay_c_ms=1.07345 ecn_mark=816 drop=0
[QUEUE_STATS] t_ms=10752 q_pkts=5 q_bytes=7520 qdelay_l_ms=0.827632 qdelay_c_ms=0.82092 ecn_mark=816 drop=0
[QUEUE_STATS] t_ms=10768 q_pkts=3 q_bytes=4512 qdelay_l_ms=1.06132 qdelay_c_ms=1.08368 ecn_mark=818 drop=0
[QUEUE_STATS] t_ms=10784 q_pkts=4 q_bytes=6016 qdelay_l_ms=1.06522 qdelay_c_ms=1.05892 ecn_mark=819 drop=0
[QUEUE_STATS] t_ms=10800 q_pkts=4 q_bytes=6016 qdelay_l_ms=0.809108 qdelay_c_ms=1.6463 ecn_mark=819 drop=0
[QUEUE_STATS] t_ms=10816 q_pkts=0 q_bytes=0 qdelay_l_ms=0 qdelay_c_ms=0 ecn_mark=819 drop=0
[QUEUE_STATS] t_ms=10832 q_pkts=4 q_bytes=6016 qdelay_l_ms=0 qdelay_c_ms=1.08239 ecn_mark=820 drop=0
[QUEUE_STATS] t_ms=10848 q_pkts=1 q_bytes=1504 qdelay_l_ms=1.07213 qdelay_c_ms=0 ecn_mark=820 drop=0
[QUEUE_STATS] t_ms=10864 q_pkts=3 q_bytes=4512 qdelay_l_ms=1.08409 qdelay_c_ms=1.07706 ecn_mark=821 drop=0
[QUEUE_STATS] t_ms=10880 q_pkts=5 q_bytes=7520 qdelay_l_ms=1.04577 qdelay_c_ms=1.07851 ecn_mark=821 drop=0
[QUEUE_STATS] t_ms=10896 q_pkts=3 q_bytes=4512 qdelay_l_ms=1.08188 qdelay_c_ms=1.07544 ecn_mark=821 drop=0
[QUEUE_STATS] t_ms=10912 q_pkts=2 q_bytes=3008 qdelay_l_ms=1.06722 qdelay_c_ms=1.07378 ecn_mark=823 drop=0
[QUEUE_STATS] t_ms=10928 q_pkts=6 q_bytes=9024 qdelay_l_ms=0.816381 qdelay_c_ms=0.805841 ecn_mark=826 drop=0
[QUEUE_STATS] t_ms=10944 q_pkts=2 q_bytes=3008 qdelay_l_ms=1.06284 qdelay_c_ms=1.0578 ecn_mark=827 drop=0
[QUEUE_STATS] t_ms=10960 q_pkts=6 q_bytes=9024 qdelay_l_ms=0.978125 qdelay_c_ms=2.04996 ecn_mark=827 drop=0
[QUEUE_STATS] t_ms=10976 q_pkts=5 q_bytes=7520 qdelay_l_ms=1.06096 qdelay_c_ms=1.08753 ecn_mark=828 drop=0
[QUEUE_STATS] t_ms=10992 q_pkts=2 q_bytes=3008 qdelay_l_ms=1.04591 qdelay_c_ms=0 ecn_mark=828 drop=0
[QUEUE_STATS] t_ms=11008 q_pkts=3 q_bytes=4512 qdelay_l_ms=1.06103 qdelay_c_ms=1.08345 ecn_mark=830 drop=0
[QUEUE_STATS] t_ms=11024 q_pkts=6 q_bytes=9024 qdelay_l_ms=1.08991 qdelay_c_ms=1.08458 ecn_mark=830 drop=0
[QUEUE_STATS] t_ms=11040 q_pkts=4 q_bytes=6016 qdelay_l_ms=0.826862 qdelay_c_ms=0.821191 ecn_mark=831 drop=0
[QUEUE_STATS] t_ms=11056 q_pkts=3 q_bytes=4512 qdelay_l_ms=0 qdelay_c_ms=2.06758 ecn_mark=831 drop=0
[QUEUE_STATS] t_ms=11072 q_pkts=4 q_bytes=6016 qdelay_l_ms=0.815579 qdelay_c_ms=1.18999 ecn_mark=832 drop=0
[QUEUE_STATS] t_ms=11088 q_pkts=2 q_bytes=3008 qdelay_l_ms=0 qdelay_c_ms=0.861486 ecn_mark=832 drop=0
[QUEUE_STATS] t_ms=11104 q_pkts=3 q_bytes=4512 qdelay_l_ms=1.07237 qdelay_c_ms=1.06729 ecn_mark=834 drop=0
[QUEUE_STATS] t_ms=11120 q_pkts=3 q_bytes=4512 qdelay_l_ms=1.05117 qdelay_c_ms=1.06234 ecn_mark=834 drop=0
[QUEUE_STATS] t_ms=11136 q_pkts=1 q_bytes=1504 qdelay_l_ms=1.06051 qdelay_c_ms=0 ecn_mark=835 drop=0
[QUEUE_STATS] t_ms=11152 q_pkts=6 q_bytes=9024 qdelay_l_ms=1.06177 qdelay_c_ms=1.05526 ecn_mark=835 drop=0
[QUEUE_STATS] t_ms=11168 q_pkts=4 q_bytes=6016 qdelay_l_ms=0 qdelay_c_ms=1.06591 ecn_mark=835 drop=0
[QUEUE_STATS] t_ms=11184 q_pkts=3 q_bytes=4512 qdelay_l_ms=1.06085 qdelay_c_ms=1.08377 ecn_mark=836 drop=0
[QUEUE_STATS] t_ms=11200 q_pkts=4 q_bytes=6016 qdelay_l_ms=1.08004 qdelay_c_ms=1.07425 ecn_mark=836 drop=0
[QUEUE_STATS] t_ms=11216 q_pkts=5 q_bytes=7520 qdelay_l_ms=1.0978 qdelay_c_ms=1.09102 ecn_mark=836 drop=0
[QUEUE_STATS] t_ms=11232 q_pkts=4 q_bytes=6016 qdelay_l_ms=1.08489 qdelay_c_ms=1.0777 ecn_mark=839 drop=0
[QUEUE_STATS] t_ms=11248 q_pkts=3 q_bytes=4512 qdelay_l_ms=0.819257 qdelay_c_ms=0.812524 ecn_mark=839 drop=0
[QUEUE_STATS] t_ms=11264 q_pkts=5 q_bytes=7520 qdelay_l_ms=1.02947 qdelay_c_ms=1.02155 ecn_mark=839 drop=0
[QUEUE_STATS] t_ms=11281 q_pkts=2 q_bytes=3008 qdelay_l_ms=1.08006 qdelay_c_ms=2.10862 ecn_mark=840 drop=0
[QUEUE_STATS] t_ms=11296 q_pkts=3 q_bytes=4512 qdelay_l_ms=1.08049 qdelay_c_ms=1.08889 ecn_mark=840 drop=0
[QUEUE_STATS] t_ms=11312 q_pkts=4 q_bytes=6016 qdelay_l_ms=1.06686 qdelay_c_ms=1.08502 ecn_mark=840 drop=0
[QUEUE_STATS] t_ms=11328 q_pkts=5 q_bytes=7520 qdelay_l_ms=1.08758 qdelay_c_ms=1.48063 ecn_mark=840 drop=0
[QUEUE_STATS] t_ms=11344 q_pkts=2 q_bytes=3008 qdelay_l_ms=0.91147 qdelay_c_ms=1.98922 ecn_mark=842 drop=0
[QUEUE_STATS] t_ms=11360 q_pkts=1 q_bytes=1504 qdelay_l_ms=0.806122 qdelay_c_ms=0 ecn_mark=843 drop=0
[QUEUE_STATS] t_ms=11376 q_pkts=3 q_bytes=4512 qdelay_l_ms=1.048 qdelay_c_ms=1.04118 ecn_mark=844 drop=0
[QUEUE_STATS] t_ms=11392 q_pkts=3 q_bytes=4512 qdelay_l_ms=0.945934 qdelay_c_ms=0.967725 ecn_mark=844 drop=0
[QUEUE_STATS] t_ms=11408 q_pkts=5 q_bytes=7520 qdelay_l_ms=1.06127 qdelay_c_ms=1.08972 ecn_mark=844 drop=0
[QUEUE_STATS] t_ms=11424 q_pkts=4 q_bytes=6016 qdelay_l_ms=1.0837 qdelay_c_ms=1.88099 ecn_mark=845 drop=0
[QUEUE_STATS] t_ms=11440 q_pkts=0 q_bytes=0 qdelay_l_ms=0 qdelay_c_ms=0 ecn_mark=847 drop=0
[QUEUE_STATS] t_ms=11456 q_pkts=5 q_bytes=7520 qdelay_l_ms=0.79463 qdelay_c_ms=0.788409 ecn_mark=848 drop=0
[QUEUE_STATS] t_ms=11472 q_pkts=3 q_bytes=4512 qdelay_l_ms=1.06012 qdelay_c_ms=1.07087 ecn_mark=849 drop=0
[QUEUE_STATS] t_ms=11488 q_pkts=6 q_bytes=9024 qdelay_l_ms=1.08838 qdelay_c_ms=1.08299 ecn_mark=849 drop=0
[QUEUE_STATS] t_ms=11504 q_pkts=1 q_bytes=1504 qdelay_l_ms=0.793669 qdelay_c_ms=0 ecn_mark=850 drop=0
[QUEUE_STATS] t_ms=11520 q_pkts=3 q_bytes=4512 qdelay_l_ms=1.06107 qdelay_c_ms=2.17219 ecn_mark=851 drop=0
[QUEUE_STATS] t_ms=11536 q_pkts=3 q_bytes=4512 qdelay_l_ms=0.770025 qdelay_c_ms=0.792567 ecn_mark=851 drop=0
[QUEUE_STATS] t_ms=11552 q_pkts=6 q_bytes=9024 qdelay_l_ms=1.06132 qdelay_c_ms=2.15336 ecn_mark=852 drop=0
[QUEUE_STATS] t_ms=11568 q_pkts=6 q_bytes=9024 qdelay_l_ms=0.615103 qdelay_c_ms=0.609954 ecn_mark=854 drop=0
[QUEUE_STATS] t_ms=11584 q_pkts=3 q_bytes=4512 qdelay_l_ms=1.06174 qdelay_c_ms=1.08284 ecn_mark=858 drop=0
[QUEUE_STATS] t_ms=11600 q_pkts=3 q_bytes=4512 qdelay_l_ms=1.06181 qdelay_c_ms=1.07668 ecn_mark=858 drop=0
[QUEUE_STATS] t_ms=11616 q_pkts=4 q_bytes=6016 qdelay_l_ms=1.08679 qdelay_c_ms=1.07977 ecn_mark=859 drop=0
[QUEUE_STATS] t_ms=11632 q_pkts=3 q_bytes=4512 qdelay_l_ms=1.07145 qdelay_c_ms=1.95894 ecn_mark=859 drop=0
[QUEUE_STATS] t_ms=11648 q_pkts=9 q_bytes=13536 qdelay_l_ms=1.08153 qdelay_c_ms=3.11386 ecn_mark=860 drop=0
[QUEUE_STATS] t_ms=11664 q_pkts=0 q_bytes=0 qdelay_l_ms=0 qdelay_c_ms=0 ecn_mark=860 drop=0
[QUEUE_STATS] t_ms=11680 q_pkts=4 q_bytes=6016 qdelay_l_ms=0 qdelay_c_ms=1.08731 ecn_mark=863 drop=0
[QUEUE_STATS] t_ms=11696 q_pkts=3 q_bytes=4512 qdelay_l_ms=0.943991 qdelay_c_ms=1.9776 ecn_mark=863 drop=0
[QUEUE_STATS] t_ms=11712 q_pkts=2 q_bytes=3008 qdelay_l_ms=0 qdelay_c_ms=0.785875 ecn_mark=864 drop=0
[QUEUE_STATS] t_ms=11728 q_pkts=2 q_bytes=3008 qdelay_l_ms=1.06702 qdelay_c_ms=1.07326 ecn_mark=864 drop=0
[QUEUE_STATS] t_ms=11744 q_pkts=5 q_bytes=7520 qdelay_l_ms=1.04624 qdelay_c_ms=1.03907 ecn_mark=866 drop=0
[QUEUE_STATS] t_ms=11760 q_pkts=2 q_bytes=3008 qdelay_l_ms=0.393167 qdelay_c_ms=1.46548 ecn_mark=866 drop=0
[QUEUE_STATS] t_ms=11776 q_pkts=4 q_bytes=6016 qdelay_l_ms=0 qdelay_c_ms=1.08993 ecn_mark=866 drop=0
[QUEUE_STATS] t_ms=11792 q_pkts=5 q_bytes=7520 qdelay_l_ms=0.882395 qdelay_c_ms=0.875823 ecn_mark=866 drop=0
[QUEUE_STATS] t_ms=11808 q_pkts=3 q_bytes=4512 qdelay_l_ms=0.772048 qdelay_c_ms=1.65149 ecn_mark=868 drop=0
[QUEUE_STATS] t_ms=11824 q_pkts=1 q_bytes=1504 qdelay_l_ms=0.792958 qdelay_c_ms=0 ecn_mark=870 drop=0
[QUEUE_STATS] t_ms=11840 q_pkts=3 q_bytes=4512 qdelay_l_ms=1.02488 qdelay_c_ms=2.07589 ecn_mark=870 drop=0
[QUEUE_STATS] t_ms=11856 q_pkts=5 q_bytes=7520 qdelay_l_ms=1.0617 qdelay_c_ms=1.09344 ecn_mark=871 drop=0
[QUEUE_STATS] t_ms=11872 q_pkts=2 q_bytes=3008 qdelay_l_ms=1.0671 qdelay_c_ms=1.06104 ecn_mark=871 drop=0
[QUEUE_STATS] t_ms=11888 q_pkts=5 q_bytes=7520 qdelay_l_ms=1.05879 qdelay_c_ms=1.09136 ecn_mark=871 drop=0
[QUEUE_STATS] t_ms=11904 q_pkts=4 q_bytes=6016 qdelay_l_ms=1.05956 qdelay_c_ms=1.96913 ecn_mark=872 drop=0
[QUEUE_STATS] t_ms=11920 q_pkts=4 q_bytes=6016 qdelay_l_ms=1.08489 qdelay_c_ms=2.12423 ecn_mark=873 drop=0
[QUEUE_STATS] t_ms=11936 q_pkts=4 q_bytes=6016 qdelay_l_ms=1.08807 qdelay_c_ms=1.08169 ecn_mark=873 drop=0
[QUEUE_STATS] t_ms=11952 q_pkts=3 q_bytes=4512 qdelay_l_ms=0.771637 qdelay_c_ms=0.765626 ecn_mark=873 drop=0
[QUEUE_STATS] t_ms=11968 q_pkts=2 q_bytes=3008 qdelay_l_ms=1.06257 qdelay_c_ms=0 ecn_mark=874 drop=0
[QUEUE_STATS] t_ms=11984 q_pkts=5 q_bytes=7520 qdelay_l_ms=1.0634 qdelay_c_ms=2.17654 ecn_mark=875 drop=0
[QUEUE_STATS] t_ms=12000 q_pkts=4 q_bytes=6016 qdelay_l_ms=1.08445 qdelay_c_ms=1.0782 ecn_mark=875 drop=0
[QUEUE_STATS] t_ms=12016 q_pkts=4 q_bytes=6016 qdelay_l_ms=0.779362 qdelay_c_ms=0.77279 ecn_mark=876 drop=0
[QUEUE_STATS] t_ms=12032 q_pkts=5 q_bytes=7520 qdelay_l_ms=0.894317 qdelay_c_ms=0.887635 ecn_mark=877 drop=0
[QUEUE_STATS] t_ms=12048 q_pkts=2 q_bytes=3008 qdelay_l_ms=1.07597 qdelay_c_ms=1.84042 ecn_mark=879 drop=0
[QUEUE_STATS] t_ms=12064 q_pkts=4 q_bytes=6016 qdelay_l_ms=0.777859 qdelay_c_ms=0.772048 ecn_mark=881 drop=0
[QUEUE_STATS] t_ms=12080 q_pkts=5 q_bytes=7520 qdelay_l_ms=1.04091 qdelay_c_ms=1.07589 ecn_mark=882 drop=0
[QUEUE_STATS] t_ms=12096 q_pkts=3 q_bytes=4512 qdelay_l_ms=1.05333 qdelay_c_ms=1.08368 ecn_mark=883 drop=0
[QUEUE_STATS] t_ms=12112 q_pkts=4 q_bytes=6016 qdelay_l_ms=1.07275 qdelay_c_ms=1.06705 ecn_mark=886 drop=0
[QUEUE_STATS] t_ms=12128 q_pkts=6 q_bytes=9024 qdelay_l_ms=1.09264 qdelay_c_ms=1.0866 ecn_mark=887 drop=0
[QUEUE_STATS] t_ms=12144 q_pkts=5 q_bytes=7520 qdelay_l_ms=0.894959 qdelay_c_ms=2.00028 ecn_mark=888 drop=0
[QUEUE_STATS] t_ms=12160 q_pkts=3 q_bytes=4512 qdelay_l_ms=0.64491 qdelay_c_ms=0.65587 ecn_mark=889 drop=0
[QUEUE_STATS] t_ms=12176 q_pkts=4 q_bytes=6016 qdelay_l_ms=0 qdelay_c_ms=1.06083 ecn_mark=889 drop=0
[QUEUE_STATS] t_ms=12192 q_pkts=4 q_bytes=6016 qdelay_l_ms=0.914536 qdelay_c_ms=0.90594 ecn_mark=890 drop=0
[QUEUE_STATS] t_ms=12208 q_pkts=4 q_bytes=6016 qdelay_l_ms=1.06259 qdelay_c_ms=1.08953 ecn_mark=890 drop=0
[QUEUE_STATS] t_ms=12224 q_pkts=3 q_bytes=4512 qdelay_l_ms=0.816 qdelay_c_ms=0.839444 ecn_mark=891 drop=0
[QUEUE_STATS] t_ms=12240 q_pkts=3 q_bytes=4512 qdelay_l_ms=1.06131 qdelay_c_ms=1.08341 ecn_mark=893 drop=0
[QUEUE_STATS] t_ms=12256 q_pkts=4 q_bytes=6016 qdelay_l_ms=1.08256 qdelay_c_ms=1.90779 ecn_mark=893 drop=0
[QUEUE_STATS] t_ms=12272 q_pkts=8 q_bytes=12032 qdelay_l_ms=1.08271 qdelay_c_ms=1.0766 ecn_mark=894 drop=0
[QUEUE_STATS] t_ms=12288 q_pkts=3 q_bytes=4512 qdelay_l_ms=0.742653 qdelay_c_ms=0.776486 ecn_mark=896 drop=0
[QUEUE_STATS] t_ms=12304 q_pkts=2 q_bytes=3008 qdelay_l_ms=1.05459 qdelay_c_ms=1.05973 ecn_mark=898 drop=0
[QUEUE_STATS] t_ms=12320 q_pkts=5 q_bytes=7520 qdelay_l_ms=0.861737 qdelay_c_ms=0.888467 ecn_mark=899 drop=0
[QUEUE_STATS] t_ms=12336 q_pkts=3 q_bytes=4512 qdelay_l_ms=0.887535 qdelay_c_ms=0.903364 ecn_mark=899 drop=0
[QUEUE_STATS] t_ms=12352 q_pkts=4 q_bytes=6016 qdelay_l_ms=1.06051 qdelay_c_ms=1.05517 ecn_mark=900 drop=0
[QUEUE_STATS] t_ms=12368 q_pkts=6 q_bytes=9024 qdelay_l_ms=1.05513 qdelay_c_ms=1.04895 ecn_mark=902 drop=0
[QUEUE_STATS] t_ms=12384 q_pkts=5 q_bytes=7520 qdelay_l_ms=1.06068 qdelay_c_ms=1.85104 ecn_mark=902 drop=0
[QUEUE_STATS] t_ms=12400 q_pkts=4 q_bytes=6016 qdelay_l_ms=0.866084 qdelay_c_ms=0.859151 ecn_mark=904 drop=0
[QUEUE_STATS] t_ms=12416 q_pkts=6 q_bytes=9024 qdelay_l_ms=1.03625 qdelay_c_ms=2.11656 ecn_mark=906 drop=0
[QUEUE_STATS] t_ms=12432 q_pkts=2 q_bytes=3008 qdelay_l_ms=1.06276 qdelay_c_ms=1.06984 ecn_mark=907 drop=0
[QUEUE_STATS] t_ms=12448 q_pkts=4 q_bytes=6016 qdelay_l_ms=1.06291 qdelay_c_ms=1.09134 ecn_mark=907 drop=0
[QUEUE_STATS] t_ms=12464 q_pkts=5 q_bytes=7520 qdelay_l_ms=1.06371 qdelay_c_ms=1.05801 ecn_mark=907 drop=0
[QUEUE_STATS] t_ms=12480 q_pkts=3 q_bytes=4512 qdelay_l_ms=1.05509 qdelay_c_ms=1.06587 ecn_mark=908 drop=0
[QUEUE_STATS] t_ms=12496 q_pkts=3 q_bytes=4512 qdelay_l_ms=1.06124 qdelay_c_ms=1.07553 ecn_mark=908 drop=0
[QUEUE_STATS] t_ms=12512 q_pkts=6 q_bytes=9024 qdelay_l_ms=0.912442 qdelay_c_ms=0.90615 ecn_mark=908 drop=0
[QUEUE_STATS] t_ms=12528 q_pkts=5 q_bytes=7520 qdelay_l_ms=1.07574 qdelay_c_ms=1.07073 ecn_mark=911 drop=0
[QUEUE_STATS] t_ms=12544 q_pkts=4 q_bytes=6016 qdelay_l_ms=1.06399 qdelay_c_ms=2.15666 ecn_mark=912 drop=0
[QUEUE_STATS] t_ms=12560 q_pkts=5 q_bytes=7520 qdelay_l_ms=1.08687 qdelay_c_ms=1.08131 ecn_mark=913 drop=0
[QUEUE_STATS] t_ms=12576 q_pkts=2 q_bytes=3008 qdelay_l_ms=0.774493 qdelay_c_ms=0.780364 ecn_mark=915 drop=0
[QUEUE_STATS] t_ms=12592 q_pkts=3 q_bytes=4512 qdelay_l_ms=1.06623 qdelay_c_ms=1.0766 ecn_mark=916 drop=0
[QUEUE_STATS] t_ms=12608 q_pkts=4 q_bytes=6016 qdelay_l_ms=1.05296 qdelay_c_ms=1.07902 ecn_mark=916 drop=0
[QUEUE_STATS] t_ms=12624 q_pkts=5 q_bytes=7520 qdelay_l_ms=1.09299 qdelay_c_ms=1.08589 ecn_mark=916 drop=0
[QUEUE_STATS] t_ms=12640 q_pkts=6 q_bytes=9024 qdelay_l_ms=0.873448 qdelay_c_ms=0.866475 ecn_mark=916 drop=0
[QUEUE_STATS] t_ms=12656 q_pkts=3 q_bytes=4512 qdelay_l_ms=0.876003 qdelay_c_ms=1.91977 ecn_mark=917 drop=0
[QUEUE_STATS] t_ms=12672 q_pkts=4 q_bytes=6016 qdelay_l_ms=1.0813 qdelay_c_ms=1.07535 ecn_mark=917 drop=0
[QUEUE_STATS] t_ms=12688 q_pkts=3 q_bytes=4512 qdelay_l_ms=1.08457 qdelay_c_ms=1.07702 ecn_mark=919 drop=0
[QUEUE_STATS] t_ms=12704 q_pkts=4 q_bytes=6016 qdelay_l_ms=0.877977 qdelay_c_ms=0.871464 ecn_mark=919 drop=0
[QUEUE_STATS] t_ms=12720 q_pkts=1 q_bytes=1504 qdelay_l_ms=1.06125 qdelay_c_ms=0 ecn_mark=920 drop=0
[QUEUE_STATS] t_ms=12736 q_pkts=2 q_bytes=3008 qdelay_l_ms=1.06673 qdelay_c_ms=0 ecn_mark=920 drop=0
[QUEUE_STATS] t_ms=12752 q_pkts=5 q_bytes=7520 qdelay_l_ms=1.09065 qdelay_c_ms=1.08406 ecn_mark=920 drop=0
[QUEUE_STATS] t_ms=12768 q_pkts=2 q_bytes=3008 qdelay_l_ms=1.0554 qdelay_c_ms=1.06105 ecn_mark=922 drop=0
[QUEUE_STATS] t_ms=12784 q_pkts=4 q_bytes=6016 qdelay_l_ms=1.0802 qdelay_c_ms=1.07468 ecn_mark=922 drop=0
[QUEUE_STATS] t_ms=12800 q_pkts=3 q_bytes=4512 qdelay_l_ms=0 qdelay_c_ms=0.687771 ecn_mark=923 drop=0
[QUEUE_STATS] t_ms=12816 q_pkts=4 q_bytes=6016 qdelay_l_ms=0.79422 qdelay_c_ms=0.787608 ecn_mark=923 drop=0
[QUEUE_STATS] t_ms=12832 q_pkts=1 q_bytes=1504 qdelay_l_ms=1.05982 qdelay_c_ms=0 ecn_mark=924 drop=0
[QUEUE_STATS] t_ms=12848 q_pkts=5 q_bytes=7520 qdelay_l_ms=1.08931 qdelay_c_ms=1.08307 ecn_mark=924 drop=0
[QUEUE_STATS] t_ms=12864 q_pkts=3 q_bytes=4512 qdelay_l_ms=1.06103 qdelay_c_ms=1.08267 ecn_mark=925 drop=0
[QUEUE_STATS] t_ms=12880 q_pkts=5 q_bytes=7520 qdelay_l_ms=1.04474 qdelay_c_ms=1.07457 ecn_mark=925 drop=0
[QUEUE_STATS] t_ms=12896 q_pkts=3 q_bytes=4512 qdelay_l_ms=0 qdelay_c_ms=0.368 ecn_mark=926 drop=0
[QUEUE_STATS] t_ms=12912 q_pkts=1 q_bytes=1504 qdelay_l_ms=1.07136 qdelay_c_ms=0 ecn_mark=928 drop=0
[QUEUE_STATS] t_ms=12928 q_pkts=1 q_bytes=1504 qdelay_l_ms=1.07064 qdelay_c_ms=0 ecn_mark=930 drop=0
[QUEUE_STATS] t_ms=12944 q_pkts=3 q_bytes=4512 qdelay_l_ms=1.07199 qdelay_c_ms=1.06692 ecn_mark=932 drop=0
[QUEUE_STATS] t_ms=12960 q_pkts=3 q_bytes=4512 qdelay_l_ms=1.04996 qdelay_c_ms=1.06066 ecn_mark=934 drop=0
[QUEUE_STATS] t_ms=12976 q_pkts=3 q_bytes=4512 qdelay_l_ms=1.06609 qdelay_c_ms=1.05885 ecn_mark=935 drop=0
[QUEUE_STATS] t_ms=12992 q_pkts=5 q_bytes=7520 qdelay_l_ms=1.07036 qdelay_c_ms=1.86401 ecn_mark=937 drop=0
[QUEUE_STATS] t_ms=13008 q_pkts=2 q_bytes=3008 qdelay_l_ms=1.06156 qdelay_c_ms=1.06692 ecn_mark=938 drop=0
[QUEUE_STATS] t_ms=13024 q_pkts=5 q_bytes=7520 qdelay_l_ms=0.739457 qdelay_c_ms=0.765506 ecn_mark=939 drop=0
[QUEUE_STATS] t_ms=13040 q_pkts=5 q_bytes=7520 qdelay_l_ms=1.06139 qdelay_c_ms=1.09479 ecn_mark=940 drop=0
[QUEUE_STATS] t_ms=13056 q_pkts=1 q_bytes=1504 qdelay_l_ms=1.05988 qdelay_c_ms=0 ecn_mark=942 drop=0
[QUEUE_STATS] t_ms=13072 q_pkts=0 q_bytes=0 qdelay_l_ms=0 qdelay_c_ms=0 ecn_mark=942 drop=0
[QUEUE_STATS] t_ms=13088 q_pkts=4 q_bytes=6016 qdelay_l_ms=1.05917 qdelay_c_ms=2.1596 ecn_mark=942 drop=0
[QUEUE_STATS] t_ms=13104 q_pkts=6 q_bytes=9024 qdelay_l_ms=1.08861 qdelay_c_ms=1.08326 ecn_mark=942 drop=0
[QUEUE_STATS] t_ms=13120 q_pkts=3 q_bytes=4512 qdelay_l_ms=0.727354 qdelay_c_ms=0.75156 ecn_mark=942 drop=0
[QUEUE_STATS] t_ms=13136 q_pkts=2 q_bytes=3008 qdelay_l_ms=0.712306 qdelay_c_ms=0.717236 ecn_mark=942 drop=0
[QUEUE_STATS] t_ms=13152 q_pkts=4 q_bytes=6016 qdelay_l_ms=1.06902 qdelay_c_ms=1.06288 ecn_mark=942 drop=0
[QUEUE_STATS] t_ms=13168 q_pkts=2 q_bytes=3008 qdelay_l_ms=0.743795 qdelay_c_ms=0 ecn_mark=942 drop=0
[QUEUE_STATS] t_ms=13184 q_pkts=3 q_bytes=4512 qdelay_l_ms=1.06155 qdelay_c_ms=1.07877 ecn_mark=944 drop=0
[QUEUE_STATS] t_ms=13200 q_pkts=4 q_bytes=6016 qdelay_l_ms=1.08624 qdelay_c_ms=1.07983 ecn_mark=946 drop=0
[QUEUE_STATS] t_ms=13216 q_pkts=2 q_bytes=3008 qdelay_l_ms=1.07048 qdelay_c_ms=1.0654 ecn_mark=946 drop=0
[QUEUE_STATS] t_ms=13232 q_pkts=6 q_bytes=9024 qdelay_l_ms=0.441488 qdelay_c_ms=0.433413 ecn_mark=946 drop=0
[QUEUE_STATS] t_ms=13248 q_pkts=1 q_bytes=1504 qdelay_l_ms=1.07497 qdelay_c_ms=0 ecn_mark=948 drop=0
[QUEUE_STATS] t_ms=13264 q_pkts=2 q_bytes=3008 qdelay_l_ms=0 qdelay_c_ms=1.07045 ecn_mark=948 drop=0
[QUEUE_STATS] t_ms=13280 q_pkts=5 q_bytes=7520 qdelay_l_ms=1.06036 qdelay_c_ms=1.0658 ecn_mark=950 drop=0
[QUEUE_STATS] t_ms=13296 q_pkts=5 q_bytes=7520 qdelay_l_ms=1.06086 qdelay_c_ms=1.08955 ecn_mark=951 drop=0
[QUEUE_STATS] t_ms=13312 q_pkts=1 q_bytes=1504 qdelay_l_ms=1.02348 qdelay_c_ms=0 ecn_mark=953 drop=0
[QUEUE_STATS] t_ms=13328 q_pkts=3 q_bytes=4512 qdelay_l_ms=1.06037 qdelay_c_ms=1.08007 ecn_mark=955 drop=0
[QUEUE_STATS] t_ms=13344 q_pkts=5 q_bytes=7520 qdelay_l_ms=1.07781 qdelay_c_ms=2.13682 ecn_mark=956 drop=0
[QUEUE_STATS] t_ms=13360 q_pkts=3 q_bytes=4512 qdelay_l_ms=1.08124 qdelay_c_ms=1.07474 ecn_mark=956 drop=0
[QUEUE_STATS] t_ms=13376 q_pkts=3 q_bytes=4512 qdelay_l_ms=1.06186 qdelay_c_ms=1.0803 ecn_mark=957 drop=0
[QUEUE_STATS] t_ms=13392 q_pkts=1 q_bytes=1504 qdelay_l_ms=1.06195 qdelay_c_ms=0 ecn_mark=957 drop=0
[QUEUE_STATS] t_ms=13408 q_pkts=4 q_bytes=6016 qdelay_l_ms=1.07148 qdelay_c_ms=1.06532 ecn_mark=958 drop=0
[QUEUE_STATS] t_ms=13424 q_pkts=7 q_bytes=10528 qdelay_l_ms=1.05045 qdelay_c_ms=2.14005 ecn_mark=958 drop=0
[QUEUE_STATS] t_ms=13440 q_pkts=1 q_bytes=1504 qdelay_l_ms=1.07399 qdelay_c_ms=0 ecn_mark=960 drop=0
[QUEUE_STATS] t_ms=13456 q_pkts=4 q_bytes=6016 qdelay_l_ms=1.07043 qdelay_c_ms=1.06417 ecn_mark=960 drop=0
[QUEUE_STATS] t_ms=13472 q_pkts=5 q_bytes=7520 qdelay_l_ms=1.01114 qdelay_c_ms=1.02221 ecn_mark=962 drop=0
[QUEUE_STATS] t_ms=13488 q_pkts=4 q_bytes=6016 qdelay_l_ms=1.08674 qdelay_c_ms=1.07294 ecn_mark=965 drop=0
[QUEUE_STATS] t_ms=13504 q_pkts=2 q_bytes=3008 qdelay_l_ms=1.06977 qdelay_c_ms=0 ecn_mark=967 drop=0
[QUEUE_STATS] t_ms=13520 q_pkts=3 q_bytes=4512 qdelay_l_ms=1.05863 qdelay_c_ms=1.07767 ecn_mark=969 drop=0
[QUEUE_STATS] t_ms=13536 q_pkts=3 q_bytes=4512 qdelay_l_ms=1.0424 qdelay_c_ms=1.03706 ecn_mark=969 drop=0
[QUEUE_STATS] t_ms=13552 q_pkts=3 q_bytes=4512 qdelay_l_ms=1.05766 qdelay_c_ms=1.05277 ecn_mark=970 drop=0
[QUEUE_STATS] t_ms=13568 q_pkts=2 q_bytes=3008 qdelay_l_ms=0.736913 qdelay_c_ms=0 ecn_mark=971 drop=0
[QUEUE_STATS] t_ms=13584 q_pkts=6 q_bytes=9024 qdelay_l_ms=1.04047 qdelay_c_ms=1.07269 ecn_mark=971 drop=0
[QUEUE_STATS] t_ms=13600 q_pkts=5 q_bytes=7520 qdelay_l_ms=1.04194 qdelay_c_ms=1.06449 ecn_mark=972 drop=0
[QUEUE_STATS] t_ms=13616 q_pkts=4 q_bytes=6016 qdelay_l_ms=1.06296 qdelay_c_ms=1.05704 ecn_mark=972 drop=0
[QUEUE_STATS] t_ms=13632 q_pkts=4 q_bytes=6016 qdelay_l_ms=1.07335 qdelay_c_ms=1.06752 ecn_mark=972 drop=0
[QUEUE_STATS] t_ms=13648 q_pkts=1 q_bytes=1504 qdelay_l_ms=1.06678 qdelay_c_ms=0 ecn_mark=972 drop=0
[QUEUE_STATS] t_ms=13664 q_pkts=6 q_bytes=9024 qdelay_l_ms=0.736201 qdelay_c_ms=1.83999 ecn_mark=972 drop=0
[QUEUE_STATS] t_ms=13680 q_pkts=5 q_bytes=7520 qdelay_l_ms=1.09434 qdelay_c_ms=2.12767 ecn_mark=972 drop=0
[QUEUE_STATS] t_ms=13696 q_pkts=3 q_bytes=4512 qdelay_l_ms=1.06818 qdelay_c_ms=1.09199 ecn_mark=973 drop=0
[QUEUE_STATS] t_ms=13712 q_pkts=4 q_bytes=6016 qdelay_l_ms=1.04381 qdelay_c_ms=1.75993 ecn_mark=973 drop=0
[QUEUE_STATS] t_ms=13728 q_pkts=4 q_bytes=6016 qdelay_l_ms=1.09285 qdelay_c_ms=1.08642 ecn_mark=973 drop=0
[QUEUE_STATS] t_ms=13744 q_pkts=3 q_bytes=4512 qdelay_l_ms=1.08323 qdelay_c_ms=1.07632 ecn_mark=973 drop=0
[QUEUE_STATS] t_ms=13760 q_pkts=6 q_bytes=9024 qdelay_l_ms=1.02492 qdelay_c_ms=2.13652 ecn_mark=974 drop=0
[QUEUE_STATS] t_ms=13776 q_pkts=2 q_bytes=3008 qdelay_l_ms=1.07875 qdelay_c_ms=0 ecn_mark=975 drop=0
[QUEUE_STATS] t_ms=13792 q_pkts=6 q_bytes=9024 qdelay_l_ms=0.705914 qdelay_c_ms=0.699281 ecn_mark=975 drop=0
[QUEUE_STATS] t_ms=13808 q_pkts=4 q_bytes=6016 qdelay_l_ms=1.00919 qdelay_c_ms=2.10694 ecn_mark=976 drop=0
[QUEUE_STATS] t_ms=13824 q_pkts=5 q_bytes=7520 qdelay_l_ms=0.715312 qdelay_c_ms=0.708219 ecn_mark=976 drop=0
[QUEUE_STATS] t_ms=13840 q_pkts=2 q_bytes=3008 qdelay_l_ms=1.07746 qdelay_c_ms=0 ecn_mark=976 drop=0
[QUEUE_STATS] t_ms=13856 q_pkts=3 q_bytes=4512 qdelay_l_ms=1.04171 qdelay_c_ms=1.05691 ecn_mark=977 drop=0
[QUEUE_STATS] t_ms=13872 q_pkts=4 q_bytes=6016 qdelay_l_ms=1.06368 qdelay_c_ms=1.05709 ecn_mark=977 drop=0
[QUEUE_STATS] t_ms=13888 q_pkts=4 q_bytes=6016 qdelay_l_ms=0.702057 qdelay_c_ms=0.694052 ecn_mark=980 drop=0
[QUEUE_STATS] t_ms=13904 q_pkts=4 q_bytes=6016 qdelay_l_ms=1.06792 qdelay_c_ms=1.06283 ecn_mark=982 drop=0
[QUEUE_STATS] t_ms=13920 q_pkts=3 q_bytes=4512 qdelay_l_ms=1.0788 qdelay_c_ms=2.13075 ecn_mark=986 drop=0
[QUEUE_STATS] t_ms=13936 q_pkts=3 q_bytes=4512 qdelay_l_ms=1.08269 qdelay_c_ms=1.07648 ecn_mark=986 drop=0
[QUEUE_STATS] t_ms=13952 q_pkts=6 q_bytes=9024 qdelay_l_ms=0.680165 qdelay_c_ms=1.67816 ecn_mark=986 drop=0
[QUEUE_STATS] t_ms=13968 q_pkts=4 q_bytes=6016 qdelay_l_ms=1.08606 qdelay_c_ms=1.07936 ecn_mark=989 drop=0
[QUEUE_STATS] t_ms=13984 q_pkts=2 q_bytes=3008 qdelay_l_ms=1.0668 qdelay_c_ms=0 ecn_mark=990 drop=0
[QUEUE_STATS] t_ms=14000 q_pkts=4 q_bytes=6016 qdelay_l_ms=1.06195 qdelay_c_ms=1.08932 ecn_mark=991 drop=0
[QUEUE_STATS] t_ms=14016 q_pkts=6 q_bytes=9024 qdelay_l_ms=1.08813 qdelay_c_ms=1.08165 ecn_mark=991 drop=0
[QUEUE_STATS] t_ms=14032 q_pkts=4 q_bytes=6016 qdelay_l_ms=1.08353 qdelay_c_ms=1.76349 ecn_mark=992 drop=0
[QUEUE_STATS] t_ms=14048 q_pkts=4 q_bytes=6016 qdelay_l_ms=0.36743 qdelay_c_ms=1.428 ecn_mark=992 drop=0
[QUEUE_STATS] t_ms=14064 q_pkts=5 q_bytes=7520 qdelay_l_ms=1.09407 qdelay_c_ms=1.08811 ecn_mark=992 drop=0
[QUEUE_STATS] t_ms=14080 q_pkts=5 q_bytes=7520 qdelay_l_ms=0.679245 qdelay_c_ms=0.713639 ecn_mark=994 drop=0
[QUEUE_STATS] t_ms=14096 q_pkts=4 q_bytes=6016 qdelay_l_ms=1.02595 qdelay_c_ms=1.02044 ecn_mark=994 drop=0
[QUEUE_STATS] t_ms=14112 q_pkts=1 q_bytes=1504 qdelay_l_ms=1.07136 qdelay_c_ms=0 ecn_mark=994 drop=0
[QUEUE_STATS] t_ms=14128 q_pkts=4 q_bytes=6016 qdelay_l_ms=0.696196 qdelay_c_ms=0.713027 ecn_mark=995 drop=0
[QUEUE_STATS] t_ms=14144 q_pkts=8 q_bytes=12032 qdelay_l_ms=1.02336 qdelay_c_ms=1.01784 ecn_mark=996 drop=0
[QUEUE_STATS] t_ms=14160 q_pkts=4 q_bytes=6016 qdelay_l_ms=1.08723 qdelay_c_ms=1.08074 ecn_mark=997 drop=0
[QUEUE_STATS] t_ms=14176 q_pkts=2 q_bytes=3008 qdelay_l_ms=1.08151 qdelay_c_ms=3.25008 ecn_mark=997 drop=0
[QUEUE_STATS] t_ms=14192 q_pkts=6 q_bytes=9024 qdelay_l_ms=1.08994 qdelay_c_ms=1.08421 ecn_mark=998 drop=0
[QUEUE_STATS] t_ms=14208 q_pkts=4 q_bytes=6016 qdelay_l_ms=1.08915 qdelay_c_ms=1.08202 ecn_mark=998 drop=0
[QUEUE_STATS] t_ms=14224 q_pkts=3 q_bytes=4512 qdelay_l_ms=1.03213 qdelay_c_ms=1.05226 ecn_mark=998 drop=0
[QUEUE_STATS] t_ms=14240 q_pkts=3 q_bytes=4512 qdelay_l_ms=0.710854 qdelay_c_ms=0.704431 ecn_mark=998 drop=0
[QUEUE_STATS] t_ms=14256 q_pkts=6 q_bytes=9024 qdelay_l_ms=0.700634 qdelay_c_ms=0.693891 ecn_mark=999 drop=0
[QUEUE_STATS] t_ms=14272 q_pkts=4 q_bytes=6016 qdelay_l_ms=1.08374 qdelay_c_ms=1.42395 ecn_mark=999 drop=0
[QUEUE_STATS] t_ms=14288 q_pkts=4 q_bytes=6016 qdelay_l_ms=1.09988 qdelay_c_ms=1.08967 ecn_mark=1000 drop=0
[QUEUE_STATS] t_ms=14304 q_pkts=2 q_bytes=3008 qdelay_l_ms=1.06745 qdelay_c_ms=1.07361 ecn_mark=1002 drop=0
[QUEUE_STATS] t_ms=14320 q_pkts=3 q_bytes=4512 qdelay_l_ms=1.07039 qdelay_c_ms=2.13018 ecn_mark=1002 drop=0
[QUEUE_STATS] t_ms=14336 q_pkts=5 q_bytes=7520 qdelay_l_ms=1.07125 qdelay_c_ms=1.06509 ecn_mark=1003 drop=0
[QUEUE_STATS] t_ms=14352 q_pkts=4 q_bytes=6016 qdelay_l_ms=0.938411 qdelay_c_ms=2.06177 ecn_mark=1004 drop=0
[QUEUE_STATS] t_ms=14368 q_pkts=4 q_bytes=6016 qdelay_l_ms=1.08106 qdelay_c_ms=1.07415 ecn_mark=1005 drop=0
[QUEUE_STATS] t_ms=14384 q_pkts=4 q_bytes=6016 qdelay_l_ms=0.688803 qdelay_c_ms=0.680687 ecn_mark=1005 drop=0
[QUEUE_STATS] t_ms=14400 q_pkts=4 q_bytes=6016 qdelay_l_ms=1.08818 qdelay_c_ms=1.08176 ecn_mark=1006 drop=0
[QUEUE_STATS] t_ms=14416 q_pkts=4 q_bytes=6016 qdelay_l_ms=0.938951 qdelay_c_ms=0.933581 ecn_mark=1006 drop=0
[QUEUE_STATS] t_ms=14432 q_pkts=2 q_bytes=3008 qdelay_l_ms=0 qdelay_c_ms=0.688 ecn_mark=1008 drop=0
[QUEUE_STATS] t_ms=14448 q_pkts=2 q_bytes=3008 qdelay_l_ms=1.0786 qdelay_c_ms=0 ecn_mark=1009 drop=0
[QUEUE_STATS] t_ms=14464 q_pkts=5 q_bytes=7520 qdelay_l_ms=0.551094 qdelay_c_ms=1.59037 ecn_mark=1010 drop=0
[QUEUE_STATS] t_ms=14480 q_pkts=7 q_bytes=10528 qdelay_l_ms=1.10011 qdelay_c_ms=2.00631 ecn_mark=1011 drop=0
[QUEUE_STATS] t_ms=14496 q_pkts=4 q_bytes=6016 qdelay_l_ms=1.08818 qdelay_c_ms=1.0811 ecn_mark=1011 drop=0
[QUEUE_STATS] t_ms=14512 q_pkts=3 q_bytes=4512 qdelay_l_ms=1.08268 qdelay_c_ms=1.07635 ecn_mark=1014 drop=0
[QUEUE_STATS] t_ms=14528 q_pkts=8 q_bytes=12032 qdelay_l_ms=1.11021 qdelay_c_ms=1.10364 ecn_mark=1016 drop=0
[QUEUE_STATS] t_ms=14544 q_pkts=5 q_bytes=7520 qdelay_l_ms=1.10342 qdelay_c_ms=1.42935 ecn_mark=1019 drop=0
[QUEUE_STATS] t_ms=14560 q_pkts=1 q_bytes=1504 qdelay_l_ms=1.06991 qdelay_c_ms=0 ecn_mark=1021 drop=0
[QUEUE_STATS] t_ms=14576 q_pkts=6 q_bytes=9024 qdelay_l_ms=1.06322 qdelay_c_ms=1.5729 ecn_mark=1022 drop=0
[QUEUE_STATS] t_ms=14592 q_pkts=5 q_bytes=7520 qdelay_l_ms=0.930315 qdelay_c_ms=2.07664 ecn_mark=1023 drop=0
[QUEUE_STATS] t_ms=14608 q_pkts=5 q_bytes=7520 qdelay_l_ms=0.906981 qdelay_c_ms=0.92769 ecn_mark=1025 drop=0
[QUEUE_STATS] t_ms=14624 q_pkts=3 q_bytes=4512 qdelay_l_ms=0.83692 qdelay_c_ms=0.84741 ecn_mark=1027 drop=0
[QUEUE_STATS] t_ms=14640 q_pkts=2 q_bytes=3008 qdelay_l_ms=1.07319 qdelay_c_ms=1.06711 ecn_mark=1027 drop=0
[QUEUE_STATS] t_ms=14656 q_pkts=4 q_bytes=6016 qdelay_l_ms=1.08575 qdelay_c_ms=1.07887 ecn_mark=1027 drop=0
[QUEUE_STATS] t_ms=14672 q_pkts=6 q_bytes=9024 qdelay_l_ms=0.944281 qdelay_c_ms=0.939052 ecn_mark=1027 drop=0
[QUEUE_STATS] t_ms=14688 q_pkts=0 q_bytes=0 qdelay_l_ms=0 qdelay_c_ms=0 ecn_mark=1031 drop=0
[QUEUE_STATS] t_ms=14704 q_pkts=1 q_bytes=1504 qdelay_l_ms=0.961213 qdelay_c_ms=0 ecn_mark=1031 drop=0
[QUEUE_STATS] t_ms=14720 q_pkts=8 q_bytes=12032 qdelay_l_ms=1.06931 qdelay_c_ms=3.29704 ecn_mark=1031 drop=0
[QUEUE_STATS] t_ms=14736 q_pkts=6 q_bytes=9024 qdelay_l_ms=1.09698 qdelay_c_ms=1.09041 ecn_mark=1032 drop=0
[QUEUE_STATS] t_ms=14752 q_pkts=0 q_bytes=0 qdelay_l_ms=0 qdelay_c_ms=0 ecn_mark=1033 drop=0
[QUEUE_STATS] t_ms=14768 q_pkts=4 q_bytes=6016 qdelay_l_ms=0.405371 qdelay_c_ms=1.47099 ecn_mark=1036 drop=0
[QUEUE_STATS] t_ms=14784 q_pkts=6 q_bytes=9024 qdelay_l_ms=1.01856 qdelay_c_ms=2.18266 ecn_mark=1038 drop=0
[QUEUE_STATS] t_ms=14800 q_pkts=5 q_bytes=7520 qdelay_l_ms=0.680416 qdelay_c_ms=1.59427 ecn_mark=1038 drop=0
[QUEUE_STATS] t_ms=14816 q_pkts=6 q_bytes=9024 qdelay_l_ms=0.452208 qdelay_c_ms=0.446718 ecn_mark=1039 drop=0
[QUEUE_STATS] t_ms=14832 q_pkts=5 q_bytes=7520 qdelay_l_ms=0.673433 qdelay_c_ms=0.702938 ecn_mark=1040 drop=0
[QUEUE_STATS] t_ms=14848 q_pkts=4 q_bytes=6016 qdelay_l_ms=1.09111 qdelay_c_ms=1.08327 ecn_mark=1041 drop=0
[QUEUE_STATS] t_ms=14864 q_pkts=6 q_bytes=9024 qdelay_l_ms=1.09998 qdelay_c_ms=1.09321 ecn_mark=1042 drop=0
[QUEUE_STATS] t_ms=14880 q_pkts=2 q_bytes=3008 qdelay_l_ms=0 qdelay_c_ms=0.715412 ecn_mark=1043 drop=0
[QUEUE_STATS] t_ms=14896 q_pkts=1 q_bytes=1504 qdelay_l_ms=0.697899 qdelay_c_ms=0 ecn_mark=1045 drop=0
[QUEUE_STATS] t_ms=14912 q_pkts=5 q_bytes=7520 qdelay_l_ms=1.07514 qdelay_c_ms=2.12614 ecn_mark=1045 drop=0
[QUEUE_STATS] t_ms=14928 q_pkts=5 q_bytes=7520 qdelay_l_ms=0.679575 qdelay_c_ms=1.59305 ecn_mark=1046 drop=0
[QUEUE_STATS] t_ms=14944 q_pkts=4 q_bytes=6016 qdelay_l_ms=1.08782 qdelay_c_ms=1.08136 ecn_mark=1047 drop=0
[QUEUE_STATS] t_ms=14960 q_pkts=4 q_bytes=6016 qdelay_l_ms=1.08396 qdelay_c_ms=1.07756 ecn_mark=1047 drop=0
[QUEUE_STATS] t_ms=14976 q_pkts=6 q_bytes=9024 qdelay_l_ms=1.06081 qdelay_c_ms=1.4876 ecn_mark=1048 drop=0
[QUEUE_STATS] t_ms=14992 q_pkts=4 q_bytes=6016 qdelay_l_ms=1.02481 qdelay_c_ms=2.14699 ecn_mark=1049 drop=0
[QUEUE_STATS] t_ms=15008 q_pkts=2 q_bytes=3008 qdelay_l_ms=1.01871 qdelay_c_ms=0 ecn_mark=1051 drop=0
[QUEUE_STATS] t_ms=15024 q_pkts=1 q_bytes=1504 qdelay_l_ms=1.05212 qdelay_c_ms=0 ecn_mark=1053 drop=0
[QUEUE_STATS] t_ms=15040 q_pkts=4 q_bytes=6016 qdelay_l_ms=1.08648 qdelay_c_ms=1.07984 ecn_mark=1055 drop=0
[QUEUE_STATS] t_ms=15056 q_pkts=4 q_bytes=6016 qdelay_l_ms=0.704081 qdelay_c_ms=0.710784 ecn_mark=1055 drop=0
[QUEUE_STATS] t_ms=15072 q_pkts=5 q_bytes=7520 qdelay_l_ms=0.942047 qdelay_c_ms=2.15265 ecn_mark=1056 drop=0
[QUEUE_STATS] t_ms=15088 q_pkts=1 q_bytes=1504 qdelay_l_ms=1.08579 qdelay_c_ms=0 ecn_mark=1056 drop=0
[QUEUE_STATS] t_ms=15104 q_pkts=6 q_bytes=9024 qdelay_l_ms=1.06102 qdelay_c_ms=2.20812 ecn_mark=1057 drop=0
[QUEUE_STATS] t_ms=15120 q_pkts=8 q_bytes=12032 qdelay_l_ms=1.03236 qdelay_c_ms=1.07207 ecn_mark=1059 drop=0
[QUEUE_STATS] t_ms=15136 q_pkts=2 q_bytes=3008 qdelay_l_ms=1.06121 qdelay_c_ms=1.06641 ecn_mark=1059 drop=0
[QUEUE_STATS] t_ms=15152 q_pkts=3 q_bytes=4512 qdelay_l_ms=0.705924 qdelay_c_ms=0.711003 ecn_mark=1059 drop=0
[QUEUE_STATS] t_ms=15168 q_pkts=5 q_bytes=7520 qdelay_l_ms=1.05917 qdelay_c_ms=1.09069 ecn_mark=1059 drop=0
[QUEUE_STATS] t_ms=15184 q_pkts=3 q_bytes=4512 qdelay_l_ms=1.08226 qdelay_c_ms=1.07574 ecn_mark=1059 drop=0
[QUEUE_STATS] t_ms=15200 q_pkts=4 q_bytes=6016 qdelay_l_ms=1.06036 qdelay_c_ms=2.16992 ecn_mark=1060 drop=0
[QUEUE_STATS] t_ms=15216 q_pkts=4 q_bytes=6016 qdelay_l_ms=1.06165 qdelay_c_ms=2.14424 ecn_mark=1061 drop=0
[QUEUE_STATS] t_ms=15232 q_pkts=4 q_bytes=6016 qdelay_l_ms=1.06895 qdelay_c_ms=2.04005 ecn_mark=1061 drop=0
[QUEUE_STATS] t_ms=15248 q_pkts=5 q_bytes=7520 qdelay_l_ms=1.06186 qdelay_c_ms=1.98639 ecn_mark=1062 drop=0
[QUEUE_STATS] t_ms=15264 q_pkts=4 q_bytes=6016 qdelay_l_ms=1.04294 qdelay_c_ms=1.03774 ecn_mark=1065 drop=0
[QUEUE_STATS] t_ms=15280 q_pkts=3 q_bytes=4512 qdelay_l_ms=0.713288 qdelay_c_ms=0.707046 ecn_mark=1065 drop=0
[QUEUE_STATS] t_ms=15296 q_pkts=6 q_bytes=9024 qdelay_l_ms=0.942578 qdelay_c_ms=2.05949 ecn_mark=1067 drop=0
[QUEUE_STATS] t_ms=15312 q_pkts=6 q_bytes=9024 qdelay_l_ms=1.11247 qdelay_c_ms=2.17854 ecn_mark=1068 drop=0
[QUEUE_STATS] t_ms=15328 q_pkts=1 q_bytes=1504 qdelay_l_ms=1.0733 qdelay_c_ms=0 ecn_mark=1068 drop=0
[QUEUE_STATS] t_ms=15344 q_pkts=4 q_bytes=6016 qdelay_l_ms=1.08275 qdelay_c_ms=2.03117 ecn_mark=1068 drop=0
[QUEUE_STATS] t_ms=15360 q_pkts=4 q_bytes=6016 qdelay_l_ms=1.05925 qdelay_c_ms=3.27204 ecn_mark=1071 drop=0
[QUEUE_STATS] t_ms=15376 q_pkts=3 q_bytes=4512 qdelay_l_ms=1.06585 qdelay_c_ms=1.06023 ecn_mark=1072 drop=0
[QUEUE_STATS] t_ms=15392 q_pkts=1 q_bytes=1504 qdelay_l_ms=0.710704 qdelay_c_ms=0 ecn_mark=1072 drop=0
[QUEUE_STATS] t_ms=15408 q_pkts=5 q_bytes=7520 qdelay_l_ms=1.0888 qdelay_c_ms=1.93571 ecn_mark=1073 drop=0
[QUEUE_STATS] t_ms=15424 q_pkts=3 q_bytes=4512 qdelay_l_ms=0.345799 qdelay_c_ms=0.358042 ecn_mark=1073 drop=0
[QUEUE_STATS] t_ms=15440 q_pkts=4 q_bytes=6016 qdelay_l_ms=0 qdelay_c_ms=0.979067 ecn_mark=1074 drop=0
[QUEUE_STATS] t_ms=15456 q_pkts=2 q_bytes=3008 qdelay_l_ms=1.0706 qdelay_c_ms=1.06496 ecn_mark=1074 drop=0
[QUEUE_STATS] t_ms=15472 q_pkts=3 q_bytes=4512 qdelay_l_ms=1.06111 qdelay_c_ms=1.084 ecn_mark=1075 drop=0
[QUEUE_STATS] t_ms=15488 q_pkts=5 q_bytes=7520 qdelay_l_ms=0.933872 qdelay_c_ms=2.06626 ecn_mark=1076 drop=0
[QUEUE_STATS] t_ms=15504 q_pkts=5 q_bytes=7520 qdelay_l_ms=1.09337 qdelay_c_ms=1.08749 ecn_mark=1076 drop=0
[QUEUE_STATS] t_ms=15520 q_pkts=3 q_bytes=4512 qdelay_l_ms=1.0619 qdelay_c_ms=1.08223 ecn_mark=1078 drop=0
[QUEUE_STATS] t_ms=15536 q_pkts=5 q_bytes=7520 qdelay_l_ms=1.06095 qdelay_c_ms=1.09317 ecn_mark=1078 drop=0
[QUEUE_STATS] t_ms=15552 q_pkts=5 q_bytes=7520 qdelay_l_ms=1.07957 qdelay_c_ms=2.10487 ecn_mark=1081 drop=0
[QUEUE_STATS] t_ms=15568 q_pkts=3 q_bytes=4512 qdelay_l_ms=1.08175 qdelay_c_ms=1.07494 ecn_mark=1083 drop=0
[QUEUE_STATS] t_ms=15584 q_pkts=3 q_bytes=4512 qdelay_l_ms=1.061 qdelay_c_ms=1.0808 ecn_mark=1084 drop=0
[QUEUE_STATS] t_ms=15600 q_pkts=2 q_bytes=3008 qdelay_l_ms=1.07024 qdelay_c_ms=1.07677 ecn_mark=1084 drop=0
[QUEUE_STATS] t_ms=15616 q_pkts=3 q_bytes=4512 qdelay_l_ms=0.916329 qdelay_c_ms=0.92749 ecn_mark=1086 drop=0
[QUEUE_STATS] t_ms=15632 q_pkts=3 q_bytes=4512 qdelay_l_ms=1.07057 qdelay_c_ms=1.06478 ecn_mark=1086 drop=0
[QUEUE_STATS] t_ms=15648 q_pkts=3 q_bytes=4512 qdelay_l_ms=1.07083 qdelay_c_ms=1.0655 ecn_mark=1087 drop=0
[QUEUE_STATS] t_ms=15664 q_pkts=2 q_bytes=3008 qdelay_l_ms=0.694072 qdelay_c_ms=0.700263 ecn_mark=1090 drop=0
[QUEUE_STATS] t_ms=15680 q_pkts=5 q_bytes=7520 qdelay_l_ms=1.09174 qdelay_c_ms=1.08546 ecn_mark=1091 drop=0
[QUEUE_STATS] t_ms=15696 q_pkts=3 q_bytes=4512 qdelay_l_ms=1.07925 qdelay_c_ms=1.07233 ecn_mark=1091 drop=0
[QUEUE_STATS] t_ms=15712 q_pkts=3 q_bytes=4512 qdelay_l_ms=0.923122 qdelay_c_ms=0.934243 ecn_mark=1091 drop=0
[QUEUE_STATS] t_ms=15728 q_pkts=3 q_bytes=4512 qdelay_l_ms=1.08049 qdelay_c_ms=1.07434 ecn_mark=1092 drop=0
[QUEUE_STATS] t_ms=15744 q_pkts=5 q_bytes=7520 qdelay_l_ms=0.904948 qdelay_c_ms=0.925827 ecn_mark=1093 drop=0
[QUEUE_STATS] t_ms=15760 q_pkts=3 q_bytes=4512 qdelay_l_ms=1.07603 qdelay_c_ms=1.06992 ecn_mark=1094 drop=0
[QUEUE_STATS] t_ms=15776 q_pkts=1 q_bytes=1504 qdelay_l_ms=0.944031 qdelay_c_ms=0 ecn_mark=1095 drop=0
[QUEUE_STATS] t_ms=15792 q_pkts=3 q_bytes=4512 qdelay_l_ms=1.06098 qdelay_c_ms=1.08322 ecn_mark=1095 drop=0
[QUEUE_STATS] t_ms=15808 q_pkts=4 q_bytes=6016 qdelay_l_ms=0.435858 qdelay_c_ms=0.430217 ecn_mark=1095 drop=0
[QUEUE_STATS] t_ms=15824 q_pkts=5 q_bytes=7520 qdelay_l_ms=1.09597 qdelay_c_ms=1.08837 ecn_mark=1095 drop=0
[QUEUE_STATS] t_ms=15840 q_pkts=5 q_bytes=7520 qdelay_l_ms=1.08932 qdelay_c_ms=2.02439 ecn_mark=1095 drop=0
[QUEUE_STATS] t_ms=15856 q_pkts=2 q_bytes=3008 qdelay_l_ms=0.885992 qdelay_c_ms=0 ecn_mark=1095 drop=0
[QUEUE_STATS] t_ms=15872 q_pkts=3 q_bytes=4512 qdelay_l_ms=0.688591 qdelay_c_ms=0.681939 ecn_mark=1097 drop=0
[QUEUE_STATS] t_ms=15888 q_pkts=3 q_bytes=4512 qdelay_l_ms=0.878277 qdelay_c_ms=0.872516 ecn_mark=1099 drop=0
[QUEUE_STATS] t_ms=15904 q_pkts=3 q_bytes=4512 qdelay_l_ms=1.06199 qdelay_c_ms=1.0841 ecn_mark=1100 drop=0
[QUEUE_STATS] t_ms=15920 q_pkts=4 q_bytes=6016 qdelay_l_ms=1.08781 qdelay_c_ms=1.08161 ecn_mark=1101 drop=0
[QUEUE_STATS] t_ms=15936 q_pkts=3 q_bytes=4512 qdelay_l_ms=1.01427 qdelay_c_ms=1.03753 ecn_mark=1102 drop=0
[QUEUE_STATS] t_ms=15952 q_pkts=4 q_bytes=6016 qdelay_l_ms=0.406703 qdelay_c_ms=0.417062 ecn_mark=1102 drop=0
[QUEUE_STATS] t_ms=15968 q_pkts=5 q_bytes=7520 qdelay_l_ms=1.07349 qdelay_c_ms=1.09629 ecn_mark=1102 drop=0
[QUEUE_STATS] t_ms=15984 q_pkts=2 q_bytes=3008 qdelay_l_ms=0.868449 qdelay_c_ms=0.873589 ecn_mark=1102 drop=0
[QUEUE_STATS] t_ms=16000 q_pkts=4 q_bytes=6016 qdelay_l_ms=1.08007 qdelay_c_ms=1.07387 ecn_mark=1104 drop=0
[QUEUE_STATS] t_ms=16016 q_pkts=3 q_bytes=4512 qdelay_l_ms=1.06327 qdelay_c_ms=1.05804 ecn_mark=1105 drop=0
[QUEUE_STATS] t_ms=16032 q_pkts=4 q_bytes=6016 qdelay_l_ms=1.06623 qdelay_c_ms=1.08772 ecn_mark=1105 drop=0
[QUEUE_STATS] t_ms=16048 q_pkts=3 q_bytes=4512 qdelay_l_ms=0.85297 qdelay_c_ms=0.864361 ecn_mark=1105 drop=0
[QUEUE_STATS] t_ms=16064 q_pkts=3 q_bytes=4512 qdelay_l_ms=0.85818 qdelay_c_ms=0.86912 ecn_mark=1106 drop=0
[QUEUE_STATS] t_ms=16080 q_pkts=2 q_bytes=3008 qdelay_l_ms=1.06334 qdelay_c_ms=1.0699 ecn_mark=1106 drop=0
[QUEUE_STATS] t_ms=16096 q_pkts=4 q_bytes=6016 qdelay_l_ms=1.08337 qdelay_c_ms=1.07796 ecn_mark=1108 drop=0
[QUEUE_STATS] t_ms=16112 q_pkts=5 q_bytes=7520 qdelay_l_ms=0.850605 qdelay_c_ms=1.97719 ecn_mark=1108 drop=0
[QUEUE_STATS] t_ms=16128 q_pkts=1 q_bytes=1504 qdelay_l_ms=1.06916 qdelay_c_ms=0 ecn_mark=1109 drop=0
[QUEUE_STATS] t_ms=16144 q_pkts=3 q_bytes=4512 qdelay_l_ms=1.06219 qdelay_c_ms=1.05648 ecn_mark=1109 drop=0
[QUEUE_STATS] t_ms=16160 q_pkts=5 q_bytes=7520 qdelay_l_ms=1.06179 qdelay_c_ms=1.09499 ecn_mark=1111 drop=0
[QUEUE_STATS] t_ms=16176 q_pkts=6 q_bytes=9024 qdelay_l_ms=1.0954 qdelay_c_ms=1.08926 ecn_mark=1113 drop=0
[QUEUE_STATS] t_ms=16192 q_pkts=3 q_bytes=4512 qdelay_l_ms=1.02514 qdelay_c_ms=1.04506 ecn_mark=1115 drop=0
[QUEUE_STATS] t_ms=16208 q_pkts=5 q_bytes=7520 qdelay_l_ms=1.06742 qdelay_c_ms=1.06033 ecn_mark=1116 drop=0
[QUEUE_STATS] t_ms=16224 q_pkts=3 q_bytes=4512 qdelay_l_ms=1.06196 qdelay_c_ms=1.08231 ecn_mark=1117 drop=0
[QUEUE_STATS] t_ms=16240 q_pkts=5 q_bytes=7520 qdelay_l_ms=1.06925 qdelay_c_ms=2.19367 ecn_mark=1118 drop=0
[QUEUE_STATS] t_ms=16256 q_pkts=4 q_bytes=6016 qdelay_l_ms=0.898876 qdelay_c_ms=0.893536 ecn_mark=1119 drop=0
[QUEUE_STATS] t_ms=16272 q_pkts=4 q_bytes=6016 qdelay_l_ms=0.898035 qdelay_c_ms=1.99446 ecn_mark=1121 drop=0
[QUEUE_STATS] t_ms=16288 q_pkts=5 q_bytes=7520 qdelay_l_ms=1.06014 qdelay_c_ms=1.08221 ecn_mark=1122 drop=0
[QUEUE_STATS] t_ms=16304 q_pkts=5 q_bytes=7520 qdelay_l_ms=0.896081 qdelay_c_ms=0.890831 ecn_mark=1122 drop=0
[QUEUE_STATS] t_ms=16320 q_pkts=5 q_bytes=7520 qdelay_l_ms=1.0611 qdelay_c_ms=1.08714 ecn_mark=1123 drop=0
[QUEUE_STATS] t_ms=16336 q_pkts=4 q_bytes=6016 qdelay_l_ms=1.0975 qdelay_c_ms=1.08932 ecn_mark=1123 drop=0
[QUEUE_STATS] t_ms=16352 q_pkts=4 q_bytes=6016 qdelay_l_ms=1.08864 qdelay_c_ms=1.08187 ecn_mark=1124 drop=0
[QUEUE_STATS] t_ms=16368 q_pkts=5 q_bytes=7520 qdelay_l_ms=1.08981 qdelay_c_ms=2.15472 ecn_mark=1125 drop=0
[QUEUE_STATS] t_ms=16384 q_pkts=3 q_bytes=4512 qdelay_l_ms=1.079 qdelay_c_ms=1.73713 ecn_mark=1127 drop=0
[QUEUE_STATS] t_ms=16400 q_pkts=4 q_bytes=6016 qdelay_l_ms=0 qdelay_c_ms=0.913243 ecn_mark=1129 drop=0
[QUEUE_STATS] t_ms=16416 q_pkts=4 q_bytes=6016 qdelay_l_ms=0.870663 qdelay_c_ms=1.98778 ecn_mark=1130 drop=0
[QUEUE_STATS] t_ms=16432 q_pkts=4 q_bytes=6016 qdelay_l_ms=1.06054 qdelay_c_ms=2.2113 ecn_mark=1132 drop=0
[QUEUE_STATS] t_ms=16448 q_pkts=4 q_bytes=6016 qdelay_l_ms=1.06687 qdelay_c_ms=1.08932 ecn_mark=1134 drop=0
[QUEUE_STATS] t_ms=16464 q_pkts=3 q_bytes=4512 qdelay_l_ms=1.07093 qdelay_c_ms=2.19807 ecn_mark=1134 drop=0
[QUEUE_STATS] t_ms=16480 q_pkts=3 q_bytes=4512 qdelay_l_ms=0.891723 qdelay_c_ms=0.886303 ecn_mark=1135 drop=0
[QUEUE_STATS] t_ms=16496 q_pkts=5 q_bytes=7520 qdelay_l_ms=1.08955 qdelay_c_ms=1.94411 ecn_mark=1135 drop=0
[QUEUE_STATS] t_ms=16512 q_pkts=4 q_bytes=6016 qdelay_l_ms=1.0892 qdelay_c_ms=1.08189 ecn_mark=1135 drop=0
[QUEUE_STATS] t_ms=16528 q_pkts=5 q_bytes=7520 qdelay_l_ms=1.06181 qdelay_c_ms=1.0938 ecn_mark=1136 drop=0
[QUEUE_STATS] t_ms=16544 q_pkts=6 q_bytes=9024 qdelay_l_ms=1.10072 qdelay_c_ms=1.09394 ecn_mark=1137 drop=0
[QUEUE_STATS] t_ms=16560 q_pkts=6 q_bytes=9024 qdelay_l_ms=1.0984 qdelay_c_ms=1.0922 ecn_mark=1138 drop=0
[QUEUE_STATS] t_ms=16576 q_pkts=4 q_bytes=6016 qdelay_l_ms=0.869531 qdelay_c_ms=0.86373 ecn_mark=1140 drop=0
[QUEUE_STATS] t_ms=16592 q_pkts=3 q_bytes=4512 qdelay_l_ms=0.392987 qdelay_c_ms=0.386185 ecn_mark=1140 drop=0
[QUEUE_STATS] t_ms=16608 q_pkts=3 q_bytes=4512 qdelay_l_ms=0.853732 qdelay_c_ms=0.864702 ecn_mark=1140 drop=0
[QUEUE_STATS] t_ms=16624 q_pkts=5 q_bytes=7520 qdelay_l_ms=0.846277 qdelay_c_ms=1.96398 ecn_mark=1141 drop=0
[QUEUE_STATS] t_ms=16640 q_pkts=3 q_bytes=4512 qdelay_l_ms=0.841008 qdelay_c_ms=0.852319 ecn_mark=1144 drop=0
[QUEUE_STATS] t_ms=16656 q_pkts=3 q_bytes=4512 qdelay_l_ms=1.08039 qdelay_c_ms=1.07427 ecn_mark=1145 drop=0
[QUEUE_STATS] t_ms=16672 q_pkts=4 q_bytes=6016 qdelay_l_ms=0.67723 qdelay_c_ms=0.671189 ecn_mark=1147 drop=0
[QUEUE_STATS] t_ms=16688 q_pkts=6 q_bytes=9024 qdelay_l_ms=1.09917 qdelay_c_ms=1.09305 ecn_mark=1149 drop=0
[QUEUE_STATS] t_ms=16704 q_pkts=4 q_bytes=6016 qdelay_l_ms=1.08626 qdelay_c_ms=1.07203 ecn_mark=1150 drop=0
[QUEUE_STATS] t_ms=16720 q_pkts=3 q_bytes=4512 qdelay_l_ms=1.02727 qdelay_c_ms=1.03798 ecn_mark=1150 drop=0
[QUEUE_STATS] t_ms=16736 q_pkts=3 q_bytes=4512 qdelay_l_ms=0.845366 qdelay_c_ms=0.840306 ecn_mark=1151 drop=0
[QUEUE_STATS] t_ms=16752 q_pkts=5 q_bytes=7520 qdelay_l_ms=1.08608 qdelay_c_ms=2.13093 ecn_mark=1151 drop=0
[QUEUE_STATS] t_ms=16768 q_pkts=4 q_bytes=6016 qdelay_l_ms=1.06692 qdelay_c_ms=1.08875 ecn_mark=1152 drop=0
[QUEUE_STATS] t_ms=16784 q_pkts=3 q_bytes=4512 qdelay_l_ms=0.887405 qdelay_c_ms=2.01148 ecn_mark=1153 drop=0
[QUEUE_STATS] t_ms=16800 q_pkts=3 q_bytes=4512 qdelay_l_ms=1.06132 qdelay_c_ms=1.08315 ecn_mark=1153 drop=0
[QUEUE_STATS] t_ms=16816 q_pkts=4 q_bytes=6016 qdelay_l_ms=1.06724 qdelay_c_ms=1.06199 ecn_mark=1153 drop=0
[QUEUE_STATS] t_ms=16832 q_pkts=3 q_bytes=4512 qdelay_l_ms=1.07023 qdelay_c_ms=1.93295 ecn_mark=1153 drop=0
[QUEUE_STATS] t_ms=16848 q_pkts=4 q_bytes=6016 qdelay_l_ms=1.08671 qdelay_c_ms=1.08018 ecn_mark=1153 drop=0
[QUEUE_STATS] t_ms=16864 q_pkts=4 q_bytes=6016 qdelay_l_ms=0.852399 qdelay_c_ms=0.846608 ecn_mark=1155 drop=0
[QUEUE_STATS] t_ms=16880 q_pkts=5 q_bytes=7520 qdelay_l_ms=0.30907 qdelay_c_ms=0.338645 ecn_mark=1155 drop=0
[QUEUE_STATS] t_ms=16896 q_pkts=4 q_bytes=6016 qdelay_l_ms=0.418024 qdelay_c_ms=0.43738 ecn_mark=1155 drop=0
[QUEUE_STATS] t_ms=16912 q_pkts=2 q_bytes=3008 qdelay_l_ms=0 qdelay_c_ms=1.07836 ecn_mark=1156 drop=0
[QUEUE_STATS] t_ms=16928 q_pkts=6 q_bytes=9024 qdelay_l_ms=1.10239 qdelay_c_ms=1.09569 ecn_mark=1158 drop=0
[QUEUE_STATS] t_ms=16944 q_pkts=4 q_bytes=6016 qdelay_l_ms=1.08686 qdelay_c_ms=1.07975 ecn_mark=1158 drop=0
[QUEUE_STATS] t_ms=16960 q_pkts=4 q_bytes=6016 qdelay_l_ms=1.0814 qdelay_c_ms=1.07501 ecn_mark=1159 drop=0
[QUEUE_STATS] t_ms=16976 q_pkts=7 q_bytes=10528 qdelay_l_ms=1.10057 qdelay_c_ms=2.08127 ecn_mark=1159 drop=0
[QUEUE_STATS] t_ms=16992 q_pkts=3 q_bytes=4512 qdelay_l_ms=1.07162 qdelay_c_ms=2.12401 ecn_mark=1159 drop=0
[QUEUE_STATS] t_ms=17008 q_pkts=5 q_bytes=7520 qdelay_l_ms=1.06208 qdelay_c_ms=2.07171 ecn_mark=1160 drop=0
[QUEUE_STATS] t_ms=17024 q_pkts=5 q_bytes=7520 qdelay_l_ms=1.04684 qdelay_c_ms=2.11387 ecn_mark=1161 drop=0
[QUEUE_STATS] t_ms=17040 q_pkts=3 q_bytes=4512 qdelay_l_ms=1.08341 qdelay_c_ms=1.07678 ecn_mark=1161 drop=0
[QUEUE_STATS] t_ms=17056 q_pkts=2 q_bytes=3008 qdelay_l_ms=0.654708 qdelay_c_ms=0 ecn_mark=1161 drop=0
[QUEUE_STATS] t_ms=17072 q_pkts=4 q_bytes=6016 qdelay_l_ms=1.03763 qdelay_c_ms=3.21927 ecn_mark=1161 drop=0
[QUEUE_STATS] t_ms=17088 q_pkts=0 q_bytes=0 qdelay_l_ms=0 qdelay_c_ms=0 ecn_mark=1163 drop=0
[QUEUE_STATS] t_ms=17104 q_pkts=5 q_bytes=7520 qdelay_l_ms=0.762591 qdelay_c_ms=1.9045 ecn_mark=1163 drop=0
[QUEUE_STATS] t_ms=17120 q_pkts=6 q_bytes=9024 qdelay_l_ms=1.10038 qdelay_c_ms=1.09384 ecn_mark=1163 drop=0
[QUEUE_STATS] t_ms=17136 q_pkts=6 q_bytes=9024 qdelay_l_ms=0.799179 qdelay_c_ms=0.8209 ecn_mark=1164 drop=0
[QUEUE_STATS] t_ms=17152 q_pkts=5 q_bytes=7520 qdelay_l_ms=0.935766 qdelay_c_ms=0.930596 ecn_mark=1164 drop=0
[QUEUE_STATS] t_ms=17168 q_pkts=3 q_bytes=4512 qdelay_l_ms=0.537869 qdelay_c_ms=0.548519 ecn_mark=1164 drop=0
[QUEUE_STATS] t_ms=17184 q_pkts=3 q_bytes=4512 qdelay_l_ms=1.06122 qdelay_c_ms=1.0778 ecn_mark=1165 drop=0
[QUEUE_STATS] t_ms=17200 q_pkts=3 q_bytes=4512 qdelay_l_ms=1.07112 qdelay_c_ms=1.06433 ecn_mark=1165 drop=0
[QUEUE_STATS] t_ms=17216 q_pkts=6 q_bytes=9024 qdelay_l_ms=1.06663 qdelay_c_ms=1.05939 ecn_mark=1166 drop=0
[QUEUE_STATS] t_ms=17232 q_pkts=4 q_bytes=6016 qdelay_l_ms=1.08556 qdelay_c_ms=1.0796 ecn_mark=1167 drop=0
[QUEUE_STATS] t_ms=17248 q_pkts=6 q_bytes=9024 qdelay_l_ms=1.04656 qdelay_c_ms=1.07731 ecn_mark=1168 drop=0
[QUEUE_STATS] t_ms=17264 q_pkts=5 q_bytes=7520 qdelay_l_ms=1.06847 qdelay_c_ms=1.06267 ecn_mark=1169 drop=0
[QUEUE_STATS] t_ms=17280 q_pkts=4 q_bytes=6016 qdelay_l_ms=1.08506 qdelay_c_ms=1.07799 ecn_mark=1169 drop=0
[QUEUE_STATS] t_ms=17296 q_pkts=4 q_bytes=6016 qdelay_l_ms=1.05763 qdelay_c_ms=1.05211 ecn_mark=1170 drop=0
[QUEUE_STATS] t_ms=17312 q_pkts=3 q_bytes=4512 qdelay_l_ms=0.779031 qdelay_c_ms=0.789992 ecn_mark=1171 drop=0
[QUEUE_STATS] t_ms=17328 q_pkts=2 q_bytes=3008 qdelay_l_ms=1.07758 qdelay_c_ms=1.07048 ecn_mark=1172 drop=0
[QUEUE_STATS] t_ms=17344 q_pkts=5 q_bytes=7520 qdelay_l_ms=1.06733 qdelay_c_ms=1.08982 ecn_mark=1173 drop=0
[QUEUE_STATS] t_ms=17360 q_pkts=6 q_bytes=9024 qdelay_l_ms=0.949842 qdelay_c_ms=0.943339 ecn_mark=1176 drop=0
[QUEUE_STATS] t_ms=17376 q_pkts=3 q_bytes=4512 qdelay_l_ms=1.06629 qdelay_c_ms=1.07616 ecn_mark=1177 drop=0
[QUEUE_STATS] t_ms=17392 q_pkts=7 q_bytes=10528 qdelay_l_ms=1.04842 qdelay_c_ms=2.12192 ecn_mark=1177 drop=0
[QUEUE_STATS] t_ms=17408 q_pkts=7 q_bytes=10528 qdelay_l_ms=1.10454 qdelay_c_ms=1.09716 ecn_mark=1178 drop=0
[QUEUE_STATS] t_ms=17424 q_pkts=4 q_bytes=6016 qdelay_l_ms=1.05606 qdelay_c_ms=1.07957 ecn_mark=1180 drop=0
[QUEUE_STATS] t_ms=17440 q_pkts=4 q_bytes=6016 qdelay_l_ms=1.06112 qdelay_c_ms=2.13809 ecn_mark=1180 drop=0
[QUEUE_STATS] t_ms=17456 q_pkts=5 q_bytes=7520 qdelay_l_ms=0.924354 qdelay_c_ms=0.91724 ecn_mark=1181 drop=0
[QUEUE_STATS] t_ms=17472 q_pkts=6 q_bytes=9024 qdelay_l_ms=1.09955 qdelay_c_ms=1.09322 ecn_mark=1181 drop=0
[QUEUE_STATS] t_ms=17488 q_pkts=6 q_bytes=9024 qdelay_l_ms=1.05522 qdelay_c_ms=2.20885 ecn_mark=1182 drop=0
[QUEUE_STATS] t_ms=17504 q_pkts=6 q_bytes=9024 qdelay_l_ms=0.926168 qdelay_c_ms=2.00037 ecn_mark=1183 drop=0
[QUEUE_STATS] t_ms=17520 q_pkts=5 q_bytes=7520 qdelay_l_ms=1.06246 qdelay_c_ms=1.09483 ecn_mark=1183 drop=0
[QUEUE_STATS] t_ms=17536 q_pkts=5 q_bytes=7520 qdelay_l_ms=1.06296 qdelay_c_ms=1.75679 ecn_mark=1184 drop=0
[QUEUE_STATS] t_ms=17552 q_pkts=6 q_bytes=9024 qdelay_l_ms=0.597762 qdelay_c_ms=1.68941 ecn_mark=1185 drop=0
[QUEUE_STATS] t_ms=17568 q_pkts=4 q_bytes=6016 qdelay_l_ms=1.07613 qdelay_c_ms=1.07034 ecn_mark=1186 drop=0
[QUEUE_STATS] t_ms=17584 q_pkts=5 q_bytes=7520 qdelay_l_ms=1.08476 qdelay_c_ms=1.70012 ecn_mark=1187 drop=0
[QUEUE_STATS] t_ms=17600 q_pkts=2 q_bytes=3008 qdelay_l_ms=0.872477 qdelay_c_ms=1.95501 ecn_mark=1188 drop=0
[QUEUE_STATS] t_ms=17616 q_pkts=5 q_bytes=7520 qdelay_l_ms=1.07254 qdelay_c_ms=2.21164 ecn_mark=1189 drop=0
[QUEUE_STATS] t_ms=17632 q_pkts=5 q_bytes=7520 qdelay_l_ms=1.06242 qdelay_c_ms=2.19872 ecn_mark=1189 drop=0
[QUEUE_STATS] t_ms=17648 q_pkts=4 q_bytes=6016 qdelay_l_ms=1.07198 qdelay_c_ms=1.81312 ecn_mark=1190 drop=0
[QUEUE_STATS] t_ms=17664 q_pkts=4 q_bytes=6016 qdelay_l_ms=1.06641 qdelay_c_ms=1.08808 ecn_mark=1190 drop=0
[QUEUE_STATS] t_ms=17680 q_pkts=6 q_bytes=9024 qdelay_l_ms=0.712506 qdelay_c_ms=0.706816 ecn_mark=1191 drop=0
[QUEUE_STATS] t_ms=17696 q_pkts=5 q_bytes=7520 qdelay_l_ms=1.08966 qdelay_c_ms=2.12299 ecn_mark=1192 drop=0
[QUEUE_STATS] t_ms=17712 q_pkts=5 q_bytes=7520 qdelay_l_ms=0.708278 qdelay_c_ms=0.702357 ecn_mark=1192 drop=0
[QUEUE_STATS] t_ms=17728 q_pkts=3 q_bytes=4512 qdelay_l_ms=0.710853 qdelay_c_ms=1.84847 ecn_mark=1195 drop=0
[QUEUE_STATS] t_ms=17744 q_pkts=5 q_bytes=7520 qdelay_l_ms=1.07633 qdelay_c_ms=2.19545 ecn_mark=1196 drop=0
[QUEUE_STATS] t_ms=17760 q_pkts=3 q_bytes=4512 qdelay_l_ms=0.820679 qdelay_c_ms=0.815439 ecn_mark=1197 drop=0
[QUEUE_STATS] t_ms=17776 q_pkts=4 q_bytes=6016 qdelay_l_ms=0.876173 qdelay_c_ms=0.870212 ecn_mark=1198 drop=0
[QUEUE_STATS] t_ms=17792 q_pkts=4 q_bytes=6016 qdelay_l_ms=1.07567 qdelay_c_ms=1.07071 ecn_mark=1198 drop=0
[QUEUE_STATS] t_ms=17808 q_pkts=4 q_bytes=6016 qdelay_l_ms=0.88456 qdelay_c_ms=1.92864 ecn_mark=1198 drop=0
[QUEUE_STATS] t_ms=17824 q_pkts=4 q_bytes=6016 qdelay_l_ms=1.06914 qdelay_c_ms=1.06233 ecn_mark=1198 drop=0
[QUEUE_STATS] t_ms=17840 q_pkts=7 q_bytes=10528 qdelay_l_ms=1.08829 qdelay_c_ms=2.2143 ecn_mark=1198 drop=0
[QUEUE_STATS] t_ms=17856 q_pkts=3 q_bytes=4512 qdelay_l_ms=1.06209 qdelay_c_ms=1.09048 ecn_mark=1199 drop=0
[QUEUE_STATS] t_ms=17872 q_pkts=4 q_bytes=6016 qdelay_l_ms=1.05834 qdelay_c_ms=1.06994 ecn_mark=1199 drop=0
[QUEUE_STATS] t_ms=17888 q_pkts=8 q_bytes=12032 qdelay_l_ms=1.06648 qdelay_c_ms=1.10986 ecn_mark=1200 drop=0
[QUEUE_STATS] t_ms=17904 q_pkts=4 q_bytes=6016 qdelay_l_ms=1.0728 qdelay_c_ms=1.70527 ecn_mark=1200 drop=0
[QUEUE_STATS] t_ms=17920 q_pkts=6 q_bytes=9024 qdelay_l_ms=1.06613 qdelay_c_ms=1.37635 ecn_mark=1200 drop=0
[QUEUE_STATS] t_ms=17936 q_pkts=4 q_bytes=6016 qdelay_l_ms=0.780374 qdelay_c_ms=1.86588 ecn_mark=1203 drop=0
[QUEUE_STATS] t_ms=17952 q_pkts=4 q_bytes=6016 qdelay_l_ms=1.08278 qdelay_c_ms=2.14943 ecn_mark=1204 drop=0
[QUEUE_STATS] t_ms=17968 q_pkts=7 q_bytes=10528 qdelay_l_ms=0.358593 qdelay_c_ms=1.52991 ecn_mark=1205 drop=0
[QUEUE_STATS] t_ms=17984 q_pkts=4 q_bytes=6016 qdelay_l_ms=1.07376 qdelay_c_ms=1.06839 ecn_mark=1205 drop=0
[QUEUE_STATS] t_ms=18000 q_pkts=3 q_bytes=4512 qdelay_l_ms=0.608371 qdelay_c_ms=1.52297 ecn_mark=1205 drop=0
[QUEUE_STATS] t_ms=18016 q_pkts=6 q_bytes=9024 qdelay_l_ms=1.06746 qdelay_c_ms=1.80552 ecn_mark=1205 drop=0
[QUEUE_STATS] t_ms=18032 q_pkts=5 q_bytes=7520 qdelay_l_ms=1.06248 qdelay_c_ms=1.09244 ecn_mark=1205 drop=0
[QUEUE_STATS] t_ms=18048 q_pkts=4 q_bytes=6016 qdelay_l_ms=0.763822 qdelay_c_ms=1.81822 ecn_mark=1206 drop=0
[QUEUE_STATS] t_ms=18064 q_pkts=7 q_bytes=10528 qdelay_l_ms=0 qdelay_c_ms=2.92049 ecn_mark=1206 drop=0
[QUEUE_STATS] t_ms=18080 q_pkts=5 q_bytes=7520 qdelay_l_ms=1.07448 qdelay_c_ms=2.15137 ecn_mark=1208 drop=0
[QUEUE_STATS] t_ms=18096 q_pkts=6 q_bytes=9024 qdelay_l_ms=1.09907 qdelay_c_ms=1.09231 ecn_mark=1208 drop=0
[QUEUE_STATS] t_ms=18112 q_pkts=5 q_bytes=7520 qdelay_l_ms=1.08879 qdelay_c_ms=1.78901 ecn_mark=1208 drop=0
[QUEUE_STATS] t_ms=18128 q_pkts=5 q_bytes=7520 qdelay_l_ms=1.06744 qdelay_c_ms=1.0892 ecn_mark=1209 drop=0
[QUEUE_STATS] t_ms=18144 q_pkts=4 q_bytes=6016 qdelay_l_ms=0.67709 qdelay_c_ms=0.688712 ecn_mark=1209 drop=0
[QUEUE_STATS] t_ms=18160 q_pkts=5 q_bytes=7520 qdelay_l_ms=1.07689 qdelay_c_ms=2.21411 ecn_mark=1209 drop=0
[QUEUE_STATS] t_ms=18176 q_pkts=4 q_bytes=6016 qdelay_l_ms=0.770766 qdelay_c_ms=0.763753 ecn_mark=1209 drop=0
[QUEUE_STATS] t_ms=18192 q_pkts=5 q_bytes=7520 qdelay_l_ms=0.567063 qdelay_c_ms=1.43484 ecn_mark=1211 drop=0
[QUEUE_STATS] t_ms=18208 q_pkts=4 q_bytes=6016 qdelay_l_ms=1.06146 qdelay_c_ms=2.21907 ecn_mark=1212 drop=0
[QUEUE_STATS] t_ms=18224 q_pkts=6 q_bytes=9024 qdelay_l_ms=1.07913 qdelay_c_ms=1.07299 ecn_mark=1212 drop=0
[QUEUE_STATS] t_ms=18240 q_pkts=5 q_bytes=7520 qdelay_l_ms=1.06356 qdelay_c_ms=2.87589 ecn_mark=1213 drop=0
[QUEUE_STATS] t_ms=18256 q_pkts=4 q_bytes=6016 qdelay_l_ms=1.084 qdelay_c_ms=1.07857 ecn_mark=1213 drop=0
[QUEUE_STATS] t_ms=18272 q_pkts=5 q_bytes=7520 qdelay_l_ms=1.05302 qdelay_c_ms=2.21381 ecn_mark=1214 drop=0
[QUEUE_STATS] t_ms=18288 q_pkts=5 q_bytes=7520 qdelay_l_ms=0.715462 qdelay_c_ms=0.710152 ecn_mark=1214 drop=0
[QUEUE_STATS] t_ms=18304 q_pkts=5 q_bytes=7520 qdelay_l_ms=0.712867 qdelay_c_ms=0.745608 ecn_mark=1214 drop=0
[QUEUE_STATS] t_ms=18320 q_pkts=6 q_bytes=9024 qdelay_l_ms=0.84722 qdelay_c_ms=1.96782 ecn_mark=1215 drop=0
[QUEUE_STATS] t_ms=18336 q_pkts=5 q_bytes=7520 qdelay_l_ms=0.70391 qdelay_c_ms=1.76377 ecn_mark=1217 drop=0
[QUEUE_STATS] t_ms=18352 q_pkts=3 q_bytes=4512 qdelay_l_ms=1.02391 qdelay_c_ms=1.04485 ecn_mark=1218 drop=0
[QUEUE_STATS] t_ms=18368 q_pkts=5 q_bytes=7520 qdelay_l_ms=1.05942 qdelay_c_ms=2.20918 ecn_mark=1219 drop=0
[QUEUE_STATS] t_ms=18384 q_pkts=7 q_bytes=10528 qdelay_l_ms=0.690736 qdelay_c_ms=1.74327 ecn_mark=1219 drop=0
[QUEUE_STATS] t_ms=18400 q_pkts=4 q_bytes=6016 qdelay_l_ms=0.304391 qdelay_c_ms=1.44007 ecn_mark=1222 drop=0
[QUEUE_STATS] t_ms=18416 q_pkts=7 q_bytes=10528 qdelay_l_ms=0.638238 qdelay_c_ms=1.74373 ecn_mark=1223 drop=0
[QUEUE_STATS] t_ms=18432 q_pkts=4 q_bytes=6016 qdelay_l_ms=0.697509 qdelay_c_ms=0.691928 ecn_mark=1223 drop=0
[QUEUE_STATS] t_ms=18448 q_pkts=5 q_bytes=7520 qdelay_l_ms=1.06055 qdelay_c_ms=1.97009 ecn_mark=1223 drop=0
[QUEUE_STATS] t_ms=18464 q_pkts=4 q_bytes=6016 qdelay_l_ms=1.07782 qdelay_c_ms=1.07179 ecn_mark=1223 drop=0
[QUEUE_STATS] t_ms=18480 q_pkts=5 q_bytes=7520 qdelay_l_ms=1.10111 qdelay_c_ms=1.7485 ecn_mark=1223 drop=0
[QUEUE_STATS] t_ms=18496 q_pkts=5 q_bytes=7520 qdelay_l_ms=1.07561 qdelay_c_ms=2.21925 ecn_mark=1223 drop=0
[QUEUE_STATS] t_ms=18512 q_pkts=6 q_bytes=9024 qdelay_l_ms=1.04714 qdelay_c_ms=1.04183 ecn_mark=1224 drop=0
[QUEUE_STATS] t_ms=18528 q_pkts=4 q_bytes=6016 qdelay_l_ms=1.06634 qdelay_c_ms=2.19464 ecn_mark=1224 drop=0
[QUEUE_STATS] t_ms=18544 q_pkts=8 q_bytes=12032 qdelay_l_ms=1.07704 qdelay_c_ms=2.19077 ecn_mark=1226 drop=0
[QUEUE_STATS] t_ms=18560 q_pkts=6 q_bytes=9024 qdelay_l_ms=0.558929 qdelay_c_ms=1.65908 ecn_mark=1226 drop=0
[QUEUE_STATS] t_ms=18576 q_pkts=4 q_bytes=6016 qdelay_l_ms=1.05898 qdelay_c_ms=2.1967 ecn_mark=1229 drop=0
[QUEUE_STATS] t_ms=18592 q_pkts=5 q_bytes=7520 qdelay_l_ms=1.03535 qdelay_c_ms=2.155 ecn_mark=1229 drop=0
[QUEUE_STATS] t_ms=18608 q_pkts=8 q_bytes=12032 qdelay_l_ms=1.06159 qdelay_c_ms=1.64562 ecn_mark=1229 drop=0
[QUEUE_STATS] t_ms=18624 q_pkts=7 q_bytes=10528 qdelay_l_ms=0.340769 qdelay_c_ms=1.43844 ecn_mark=1229 drop=0
[QUEUE_STATS] t_ms=18640 q_pkts=7 q_bytes=10528 qdelay_l_ms=0.554941 qdelay_c_ms=2.73457 ecn_mark=1229 drop=0
[QUEUE_STATS] t_ms=18656 q_pkts=8 q_bytes=12032 qdelay_l_ms=1.08927 qdelay_c_ms=1.96534 ecn_mark=1229 drop=0
[QUEUE_STATS] t_ms=18672 q_pkts=6 q_bytes=9024 qdelay_l_ms=1.06726 qdelay_c_ms=3.2336 ecn_mark=1229 drop=0
[QUEUE_STATS] t_ms=18688 q_pkts=7 q_bytes=10528 qdelay_l_ms=1.09543 qdelay_c_ms=2.67241 ecn_mark=1230 drop=0
[QUEUE_STATS] t_ms=18704 q_pkts=10 q_bytes=15040 qdelay_l_ms=1.10211 qdelay_c_ms=2.47548 ecn_mark=1230 drop=0
[QUEUE_STATS] t_ms=18720 q_pkts=9 q_bytes=13536 qdelay_l_ms=1.08853 qdelay_c_ms=3.79367 ecn_mark=1230 drop=0
[QUEUE_STATS] t_ms=18736 q_pkts=11 q_bytes=16544 qdelay_l_ms=0.54381 qdelay_c_ms=2.67999 ecn_mark=1230 drop=0
[QUEUE_STATS] t_ms=18752 q_pkts=11 q_bytes=16544 qdelay_l_ms=1.00387 qdelay_c_ms=4.30723 ecn_mark=1231 drop=0
[QUEUE_STATS] t_ms=18768 q_pkts=9 q_bytes=13536 qdelay_l_ms=1.08314 qdelay_c_ms=4.36262 ecn_mark=1231 drop=0
[QUEUE_STATS] t_ms=18784 q_pkts=11 q_bytes=16544 qdelay_l_ms=0.891212 qdelay_c_ms=3.88759 ecn_mark=1231 drop=0
[QUEUE_STATS] t_ms=18800 q_pkts=10 q_bytes=15040 qdelay_l_ms=0 qdelay_c_ms=5.3374 ecn_mark=1232 drop=0
[QUEUE_STATS] t_ms=18816 q_pkts=12 q_bytes=18048 qdelay_l_ms=1.0884 qdelay_c_ms=4.29256 ecn_mark=1232 drop=0
[QUEUE_STATS] t_ms=18832 q_pkts=11 q_bytes=16544 qdelay_l_ms=1.07414 qdelay_c_ms=5.34592 ecn_mark=1233 drop=0
[QUEUE_STATS] t_ms=18848 q_pkts=10 q_bytes=15040 qdelay_l_ms=1.08514 qdelay_c_ms=2.96827 ecn_mark=1233 drop=0
[QUEUE_STATS] t_ms=18864 q_pkts=8 q_bytes=12032 qdelay_l_ms=1.08923 qdelay_c_ms=3.64935 ecn_mark=1233 drop=0
[QUEUE_STATS] t_ms=18880 q_pkts=12 q_bytes=18048 qdelay_l_ms=1.06486 qdelay_c_ms=4.74474 ecn_mark=1233 drop=0
[QUEUE_STATS] t_ms=18896 q_pkts=15 q_bytes=22560 qdelay_l_ms=1.05425 qdelay_c_ms=5.29922 ecn_mark=1233 drop=0
[QUEUE_STATS] t_ms=18912 q_pkts=13 q_bytes=19552 qdelay_l_ms=1.05585 qdelay_c_ms=4.51615 ecn_mark=1234 drop=0
[QUEUE_STATS] t_ms=18928 q_pkts=12 q_bytes=18048 qdelay_l_ms=1.06488 qdelay_c_ms=4.71804 ecn_mark=1236 drop=0
[QUEUE_STATS] t_ms=18944 q_pkts=17 q_bytes=25568 qdelay_l_ms=1.06666 qdelay_c_ms=5.5813 ecn_mark=1237 drop=0
[QUEUE_STATS] t_ms=18960 q_pkts=13 q_bytes=19552 qdelay_l_ms=1.0549 qdelay_c_ms=4.48797 ecn_mark=1238 drop=0
[QUEUE_STATS] t_ms=18976 q_pkts=16 q_bytes=24064 qdelay_l_ms=1.08439 qdelay_c_ms=5.70718 ecn_mark=1239 drop=0
[QUEUE_STATS] t_ms=18992 q_pkts=18 q_bytes=27072 qdelay_l_ms=1.05085 qdelay_c_ms=7.27762 ecn_mark=1242 drop=0
[QUEUE_STATS] t_ms=19008 q_pkts=15 q_bytes=22560 qdelay_l_ms=1.09355 qdelay_c_ms=6.46797 ecn_mark=1245 drop=0
[QUEUE_STATS] t_ms=19024 q_pkts=15 q_bytes=22560 qdelay_l_ms=1.07777 qdelay_c_ms=5.82554 ecn_mark=1249 drop=0
[QUEUE_STATS] t_ms=19040 q_pkts=17 q_bytes=25568 qdelay_l_ms=1.11164 qdelay_c_ms=6.38302 ecn_mark=1250 drop=0
[QUEUE_STATS] t_ms=19056 q_pkts=17 q_bytes=25568 qdelay_l_ms=1.05312 qdelay_c_ms=6.6929 ecn_mark=1251 drop=0
[QUEUE_STATS] t_ms=19072 q_pkts=17 q_bytes=25568 qdelay_l_ms=1.03887 qdelay_c_ms=6.14049 ecn_mark=1251 drop=0
[QUEUE_STATS] t_ms=19088 q_pkts=18 q_bytes=27072 qdelay_l_ms=0.321513 qdelay_c_ms=5.87351 ecn_mark=1252 drop=0
[QUEUE_STATS] t_ms=19104 q_pkts=18 q_bytes=27072 qdelay_l_ms=0.929063 qdelay_c_ms=7.31637 ecn_mark=1253 drop=0
[QUEUE_STATS] t_ms=19120 q_pkts=17 q_bytes=25568 qdelay_l_ms=1.04514 qdelay_c_ms=7.80776 ecn_mark=1253 drop=0
[QUEUE_STATS] t_ms=19136 q_pkts=17 q_bytes=25568 qdelay_l_ms=1.03833 qdelay_c_ms=5.67232 ecn_mark=1253 drop=0
[QUEUE_STATS] t_ms=19152 q_pkts=19 q_bytes=28576 qdelay_l_ms=1.08461 qdelay_c_ms=7.63897 ecn_mark=1255 drop=0
[QUEUE_STATS] t_ms=19168 q_pkts=19 q_bytes=28576 qdelay_l_ms=1.08547 qdelay_c_ms=6.82305 ecn_mark=1255 drop=0
[QUEUE_STATS] t_ms=19184 q_pkts=20 q_bytes=30080 qdelay_l_ms=1.03585 qdelay_c_ms=7.56042 ecn_mark=1258 drop=0
[QUEUE_STATS] t_ms=19200 q_pkts=18 q_bytes=27072 qdelay_l_ms=1.03822 qdelay_c_ms=6.6432 ecn_mark=1259 drop=0
[QUEUE_STATS] t_ms=19216 q_pkts=19 q_bytes=28576 qdelay_l_ms=1.02161 qdelay_c_ms=7.18222 ecn_mark=1261 drop=0
[QUEUE_STATS] t_ms=19232 q_pkts=21 q_bytes=31584 qdelay_l_ms=1.09997 qdelay_c_ms=7.78381 ecn_mark=1261 drop=0
[QUEUE_STATS] t_ms=19248 q_pkts=19 q_bytes=28576 qdelay_l_ms=1.09324 qdelay_c_ms=8.26642 ecn_mark=1263 drop=0
[QUEUE_STATS] t_ms=19264 q_pkts=19 q_bytes=28576 qdelay_l_ms=1.08388 qdelay_c_ms=8.12217 ecn_mark=1265 drop=0
[QUEUE_STATS] t_ms=19280 q_pkts=19 q_bytes=28576 qdelay_l_ms=1.06761 qdelay_c_ms=7.72228 ecn_mark=1267 drop=0
[QUEUE_STATS] t_ms=19296 q_pkts=18 q_bytes=27072 qdelay_l_ms=1.08182 qdelay_c_ms=8.35605 ecn_mark=1267 drop=0
[QUEUE_STATS] t_ms=19312 q_pkts=20 q_bytes=30080 qdelay_l_ms=1.08129 qdelay_c_ms=8.39691 ecn_mark=1267 drop=0
[QUEUE_STATS] t_ms=19328 q_pkts=20 q_bytes=30080 qdelay_l_ms=0.259857 qdelay_c_ms=7.865 ecn_mark=1269 drop=0
[QUEUE_STATS] t_ms=19344 q_pkts=22 q_bytes=33088 qdelay_l_ms=1.08648 qdelay_c_ms=9.53436 ecn_mark=1271 drop=0
[QUEUE_STATS] t_ms=19360 q_pkts=22 q_bytes=33088 qdelay_l_ms=1.09032 qdelay_c_ms=9.31131 ecn_mark=1274 drop=0
[QUEUE_STATS] t_ms=19376 q_pkts=22 q_bytes=33088 qdelay_l_ms=1.02616 qdelay_c_ms=8.29015 ecn_mark=1276 drop=0
[QUEUE_STATS] t_ms=19392 q_pkts=21 q_bytes=31584 qdelay_l_ms=0.283321 qdelay_c_ms=7.95774 ecn_mark=1277 drop=0
[QUEUE_STATS] t_ms=19408 q_pkts=21 q_bytes=31584 qdelay_l_ms=1.04105 qdelay_c_ms=7.77974 ecn_mark=1277 drop=0
[QUEUE_STATS] t_ms=19424 q_pkts=23 q_bytes=34592 qdelay_l_ms=0.382768 qdelay_c_ms=8.65267 ecn_mark=1278 drop=0
[QUEUE_STATS] t_ms=19440 q_pkts=22 q_bytes=33088 qdelay_l_ms=1.0682 qdelay_c_ms=9.1097 ecn_mark=1279 drop=0
[QUEUE_STATS] t_ms=19456 q_pkts=23 q_bytes=34592 qdelay_l_ms=1.0393 qdelay_c_ms=7.7576 ecn_mark=1280 drop=0
[QUEUE_STATS] t_ms=19472 q_pkts=22 q_bytes=33088 qdelay_l_ms=1.04173 qdelay_c_ms=8.11911 ecn_mark=1280 drop=0
[QUEUE_STATS] t_ms=19488 q_pkts=21 q_bytes=31584 qdelay_l_ms=1.04052 qdelay_c_ms=8.82209 ecn_mark=1280 drop=0
[QUEUE_STATS] t_ms=19504 q_pkts=21 q_bytes=31584 qdelay_l_ms=1.02574 qdelay_c_ms=8.14708 ecn_mark=1282 drop=0
[QUEUE_STATS] t_ms=19520 q_pkts=25 q_bytes=37600 qdelay_l_ms=1.10217 qdelay_c_ms=9.50247 ecn_mark=1284 drop=0
[QUEUE_STATS] t_ms=19536 q_pkts=23 q_bytes=34592 qdelay_l_ms=1.07788 qdelay_c_ms=8.72231 ecn_mark=1287 drop=0
[QUEUE_STATS] t_ms=19552 q_pkts=23 q_bytes=34592 qdelay_l_ms=1.01957 qdelay_c_ms=8.70648 ecn_mark=1287 drop=0
[QUEUE_STATS] t_ms=19568 q_pkts=15 q_bytes=22560 qdelay_l_ms=1.03699 qdelay_c_ms=7.70368 ecn_mark=1288 drop=0
[QUEUE_STATS] t_ms=19584 q_pkts=3 q_bytes=4512 qdelay_l_ms=0.925577 qdelay_c_ms=0.919806 ecn_mark=1289 drop=0
[QUEUE_STATS] t_ms=19600 q_pkts=4 q_bytes=6016 qdelay_l_ms=1.0776 qdelay_c_ms=1.07217 ecn_mark=1292 drop=0
[QUEUE_STATS] t_ms=19616 q_pkts=6 q_bytes=9024 qdelay_l_ms=1.09984 qdelay_c_ms=1.09261 ecn_mark=1292 drop=0
[QUEUE_STATS] t_ms=19632 q_pkts=4 q_bytes=6016 qdelay_l_ms=1.04295 qdelay_c_ms=1.03571 ecn_mark=1293 drop=0
[QUEUE_STATS] t_ms=19648 q_pkts=4 q_bytes=6016 qdelay_l_ms=0.313999 qdelay_c_ms=0.305533 ecn_mark=1294 drop=0
[QUEUE_STATS] t_ms=19664 q_pkts=7 q_bytes=10528 qdelay_l_ms=1.05008 qdelay_c_ms=3.10488 ecn_mark=1294 drop=0
[QUEUE_STATS] t_ms=19680 q_pkts=2 q_bytes=3008 qdelay_l_ms=1.07678 qdelay_c_ms=0 ecn_mark=1294 drop=0
[QUEUE_STATS] t_ms=19696 q_pkts=4 q_bytes=6016 qdelay_l_ms=1.08679 qdelay_c_ms=2.09273 ecn_mark=1294 drop=0
[QUEUE_STATS] t_ms=19712 q_pkts=7 q_bytes=10528 qdelay_l_ms=1.07775 qdelay_c_ms=3.09506 ecn_mark=1294 drop=0
[QUEUE_STATS] t_ms=19728 q_pkts=2 q_bytes=3008 qdelay_l_ms=1.07614 qdelay_c_ms=0 ecn_mark=1298 drop=0
[QUEUE_STATS] t_ms=19744 q_pkts=5 q_bytes=7520 qdelay_l_ms=1.04245 qdelay_c_ms=1.80162 ecn_mark=1298 drop=0
[QUEUE_STATS] t_ms=19760 q_pkts=5 q_bytes=7520 qdelay_l_ms=1.03543 qdelay_c_ms=1.02872 ecn_mark=1299 drop=0
[QUEUE_STATS] t_ms=19776 q_pkts=5 q_bytes=7520 qdelay_l_ms=1.08516 qdelay_c_ms=2.10949 ecn_mark=1302 drop=0
[QUEUE_STATS] t_ms=19792 q_pkts=5 q_bytes=7520 qdelay_l_ms=1.06107 qdelay_c_ms=2.09661 ecn_mark=1304 drop=0
[QUEUE_STATS] t_ms=19808 q_pkts=6 q_bytes=9024 qdelay_l_ms=1.02368 qdelay_c_ms=1.01284 ecn_mark=1305 drop=0
[QUEUE_STATS] t_ms=19824 q_pkts=5 q_bytes=7520 qdelay_l_ms=1.08401 qdelay_c_ms=2.20891 ecn_mark=1305 drop=0
[QUEUE_STATS] t_ms=19840 q_pkts=8 q_bytes=12032 qdelay_l_ms=0.932719 qdelay_c_ms=2.04017 ecn_mark=1307 drop=0
[QUEUE_STATS] t_ms=19856 q_pkts=6 q_bytes=9024 qdelay_l_ms=1.02204 qdelay_c_ms=1.01531 ecn_mark=1308 drop=0
[QUEUE_STATS] t_ms=19872 q_pkts=5 q_bytes=7520 qdelay_l_ms=0.923442 qdelay_c_ms=2.04856 ecn_mark=1308 drop=0
[QUEUE_STATS] t_ms=19888 q_pkts=7 q_bytes=10528 qdelay_l_ms=0 qdelay_c_ms=2.16679 ecn_mark=1308 drop=0
[QUEUE_STATS] t_ms=19904 q_pkts=7 q_bytes=10528 qdelay_l_ms=1.08333 qdelay_c_ms=2.22306 ecn_mark=1308 drop=0
[QUEUE_STATS] t_ms=19920 q_pkts=8 q_bytes=12032 qdelay_l_ms=1.0763 qdelay_c_ms=2.162 ecn_mark=1308 drop=0
[QUEUE_STATS] t_ms=19936 q_pkts=4 q_bytes=6016 qdelay_l_ms=1.08897 qdelay_c_ms=1.08227 ecn_mark=1310 drop=0
[QUEUE_STATS] t_ms=19952 q_pkts=8 q_bytes=12032 qdelay_l_ms=1.07604 qdelay_c_ms=2.17969 ecn_mark=1310 drop=0
[QUEUE_STATS] t_ms=19968 q_pkts=5 q_bytes=7520 qdelay_l_ms=1.02184 qdelay_c_ms=2.01707 ecn_mark=1310 drop=0
[QUEUE_STATS] t_ms=19984 q_pkts=4 q_bytes=6016 qdelay_l_ms=1.02969 qdelay_c_ms=1.02347 ecn_mark=1310 drop=0
[QUEUE_STATS] t_ms=20000 q_pkts=7 q_bytes=10528 qdelay_l_ms=1.08982 qdelay_c_ms=2.89233 ecn_mark=1311 drop=0
[QUEUE_STATS] t_ms=20016 q_pkts=9 q_bytes=13536 qdelay_l_ms=1.01625 qdelay_c_ms=2.48416 ecn_mark=1313 drop=0
[QUEUE_STATS] t_ms=20032 q_pkts=4 q_bytes=6016 qdelay_l_ms=1.08843 qdelay_c_ms=1.0734 ecn_mark=1315 drop=0
[QUEUE_STATS] t_ms=20048 q_pkts=5 q_bytes=7520 qdelay_l_ms=0.899939 qdelay_c_ms=2.01465 ecn_mark=1316 drop=0
[QUEUE_STATS] t_ms=20064 q_pkts=6 q_bytes=9024 qdelay_l_ms=1.01252 qdelay_c_ms=1.99173 ecn_mark=1317 drop=0
[QUEUE_STATS] t_ms=20080 q_pkts=4 q_bytes=6016 qdelay_l_ms=1.02605 qdelay_c_ms=1.01969 ecn_mark=1317 drop=0
[QUEUE_STATS] t_ms=20096 q_pkts=6 q_bytes=9024 qdelay_l_ms=0.994135 qdelay_c_ms=1.02842 ecn_mark=1317 drop=0
[QUEUE_STATS] t_ms=20112 q_pkts=4 q_bytes=6016 qdelay_l_ms=1.08783 qdelay_c_ms=1.08153 ecn_mark=1317 drop=0
[QUEUE_STATS] t_ms=20128 q_pkts=5 q_bytes=7520 qdelay_l_ms=0.849563 qdelay_c_ms=1.98098 ecn_mark=1318 drop=0
[QUEUE_STATS] t_ms=20144 q_pkts=9 q_bytes=13536 qdelay_l_ms=1.02062 qdelay_c_ms=2.01384 ecn_mark=1319 drop=0
[QUEUE_STATS] t_ms=20160 q_pkts=6 q_bytes=9024 qdelay_l_ms=1.09041 qdelay_c_ms=2.13519 ecn_mark=1321 drop=0
[QUEUE_STATS] t_ms=20176 q_pkts=4 q_bytes=6016 qdelay_l_ms=1.01109 qdelay_c_ms=1.85396 ecn_mark=1322 drop=0
[QUEUE_STATS] t_ms=20192 q_pkts=6 q_bytes=9024 qdelay_l_ms=1.02687 qdelay_c_ms=1.01968 ecn_mark=1322 drop=0
[QUEUE_STATS] t_ms=20208 q_pkts=5 q_bytes=7520 qdelay_l_ms=1.09189 qdelay_c_ms=2.1333 ecn_mark=1322 drop=0
[QUEUE_STATS] t_ms=20224 q_pkts=6 q_bytes=9024 qdelay_l_ms=1.07656 qdelay_c_ms=2.21656 ecn_mark=1325 drop=0
[QUEUE_STATS] t_ms=20240 q_pkts=4 q_bytes=6016 qdelay_l_ms=1.02108 qdelay_c_ms=1.90128 ecn_mark=1325 drop=0
[QUEUE_STATS] t_ms=20256 q_pkts=4 q_bytes=6016 qdelay_l_ms=1.02854 qdelay_c_ms=1.02152 ecn_mark=1326 drop=0
[QUEUE_STATS] t_ms=20272 q_pkts=9 q_bytes=13536 qdelay_l_ms=1.06784 qdelay_c_ms=3.28482 ecn_mark=1327 drop=0
[QUEUE_STATS] t_ms=20288 q_pkts=4 q_bytes=6016 qdelay_l_ms=1.03623 qdelay_c_ms=1.02883 ecn_mark=1328 drop=0
[QUEUE_STATS] t_ms=20304 q_pkts=4 q_bytes=6016 qdelay_l_ms=1.01315 qdelay_c_ms=1.00276 ecn_mark=1329 drop=0
[QUEUE_STATS] t_ms=20320 q_pkts=5 q_bytes=7520 qdelay_l_ms=1.04519 qdelay_c_ms=1.35244 ecn_mark=1329 drop=0
[QUEUE_STATS] t_ms=20336 q_pkts=7 q_bytes=10528 qdelay_l_ms=1.03398 qdelay_c_ms=2.05578 ecn_mark=1330 drop=0
[QUEUE_STATS] t_ms=20352 q_pkts=4 q_bytes=6016 qdelay_l_ms=1.08864 qdelay_c_ms=1.08174 ecn_mark=1332 drop=0
[QUEUE_STATS] t_ms=20368 q_pkts=5 q_bytes=7520 qdelay_l_ms=0.898676 qdelay_c_ms=2.01829 ecn_mark=1332 drop=0
[QUEUE_STATS] t_ms=20384 q_pkts=8 q_bytes=12032 qdelay_l_ms=1.06657 qdelay_c_ms=3.14405 ecn_mark=1332 drop=0
[QUEUE_STATS] t_ms=20400 q_pkts=4 q_bytes=6016 qdelay_l_ms=1.01029 qdelay_c_ms=0.999405 ecn_mark=1333 drop=0
[QUEUE_STATS] t_ms=20416 q_pkts=5 q_bytes=7520 qdelay_l_ms=1.08509 qdelay_c_ms=1.83046 ecn_mark=1333 drop=0
[QUEUE_STATS] t_ms=20432 q_pkts=8 q_bytes=12032 qdelay_l_ms=0.898866 qdelay_c_ms=2.02972 ecn_mark=1335 drop=0
[QUEUE_STATS] t_ms=20449 q_pkts=5 q_bytes=7520 qdelay_l_ms=1.08284 qdelay_c_ms=2.13273 ecn_mark=1335 drop=0
[QUEUE_STATS] t_ms=20464 q_pkts=5 q_bytes=7520 qdelay_l_ms=1.08953 qdelay_c_ms=2.11012 ecn_mark=1336 drop=0
[QUEUE_STATS] t_ms=20480 q_pkts=7 q_bytes=10528 qdelay_l_ms=0.878588 qdelay_c_ms=2.87933 ecn_mark=1337 drop=0
[QUEUE_STATS] t_ms=20496 q_pkts=6 q_bytes=9024 qdelay_l_ms=1.00925 qdelay_c_ms=2.00507 ecn_mark=1338 drop=0
[QUEUE_STATS] t_ms=20512 q_pkts=7 q_bytes=10528 qdelay_l_ms=1.06619 qdelay_c_ms=3.27151 ecn_mark=1340 drop=0
[QUEUE_STATS] t_ms=20528 q_pkts=7 q_bytes=10528 qdelay_l_ms=1.07151 qdelay_c_ms=2.16241 ecn_mark=1340 drop=0
[QUEUE_STATS] t_ms=20544 q_pkts=6 q_bytes=9024 qdelay_l_ms=1.07921 qdelay_c_ms=2.14883 ecn_mark=1341 drop=0
[QUEUE_STATS] t_ms=20560 q_pkts=5 q_bytes=7520 qdelay_l_ms=1.02758 qdelay_c_ms=2.33599 ecn_mark=1342 drop=0
[QUEUE_STATS] t_ms=20576 q_pkts=10 q_bytes=15040 qdelay_l_ms=1.08864 qdelay_c_ms=3.26085 ecn_mark=1343 drop=0
[QUEUE_STATS] t_ms=20592 q_pkts=7 q_bytes=10528 qdelay_l_ms=1.09267 qdelay_c_ms=2.9711 ecn_mark=1345 drop=0
[QUEUE_STATS] t_ms=20608 q_pkts=8 q_bytes=12032 qdelay_l_ms=1.09855 qdelay_c_ms=3.08606 ecn_mark=1345 drop=0
[QUEUE_STATS] t_ms=20624 q_pkts=5 q_bytes=7520 qdelay_l_ms=0 qdelay_c_ms=3.31207 ecn_mark=1346 drop=0
[QUEUE_STATS] t_ms=20640 q_pkts=10 q_bytes=15040 qdelay_l_ms=1.01159 qdelay_c_ms=3.0572 ecn_mark=1346 drop=0
[QUEUE_STATS] t_ms=20656 q_pkts=8 q_bytes=12032 qdelay_l_ms=1.08587 qdelay_c_ms=3.06582 ecn_mark=1346 drop=0
[QUEUE_STATS] t_ms=20672 q_pkts=10 q_bytes=15040 qdelay_l_ms=1.01185 qdelay_c_ms=3.01988 ecn_mark=1347 drop=0
[QUEUE_STATS] t_ms=20688 q_pkts=10 q_bytes=15040 qdelay_l_ms=1.0399 qdelay_c_ms=3.51825 ecn_mark=1349 drop=0
[QUEUE_STATS] t_ms=20704 q_pkts=9 q_bytes=13536 qdelay_l_ms=1.09293 qdelay_c_ms=2.99775 ecn_mark=1349 drop=0
[QUEUE_STATS] t_ms=20720 q_pkts=10 q_bytes=15040 qdelay_l_ms=1.01046 qdelay_c_ms=3.25332 ecn_mark=1349 drop=0
[QUEUE_STATS] t_ms=20736 q_pkts=11 q_bytes=16544 qdelay_l_ms=0.257704 qdelay_c_ms=3.5421 ecn_mark=1351 drop=0
[QUEUE_STATS] t_ms=20752 q_pkts=11 q_bytes=16544 qdelay_l_ms=1.0207 qdelay_c_ms=4.03323 ecn_mark=1352 drop=0
[QUEUE_STATS] t_ms=20768 q_pkts=11 q_bytes=16544 qdelay_l_ms=0.84727 qdelay_c_ms=4.00829 ecn_mark=1353 drop=0
[QUEUE_STATS] t_ms=20784 q_pkts=11 q_bytes=16544 qdelay_l_ms=1.08556 qdelay_c_ms=4.38009 ecn_mark=1354 drop=0
[QUEUE_STATS] t_ms=20800 q_pkts=12 q_bytes=18048 qdelay_l_ms=0.995397 qdelay_c_ms=4.81284 ecn_mark=1354 drop=0
[QUEUE_STATS] t_ms=20816 q_pkts=13 q_bytes=19552 qdelay_l_ms=1.01078 qdelay_c_ms=5.01181 ecn_mark=1354 drop=0
[QUEUE_STATS] t_ms=20832 q_pkts=11 q_bytes=16544 qdelay_l_ms=1.01984 qdelay_c_ms=5.05267 ecn_mark=1354 drop=0
[QUEUE_STATS] t_ms=20848 q_pkts=10 q_bytes=15040 qdelay_l_ms=0 qdelay_c_ms=3.94296 ecn_mark=1354 drop=0
[QUEUE_STATS] t_ms=20864 q_pkts=12 q_bytes=18048 qdelay_l_ms=0.992442 qdelay_c_ms=3.96839 ecn_mark=1354 drop=0
[QUEUE_STATS] t_ms=20880 q_pkts=13 q_bytes=19552 qdelay_l_ms=0.834615 qdelay_c_ms=4.9279 ecn_mark=1355 drop=0
[QUEUE_STATS] t_ms=20896 q_pkts=14 q_bytes=21056 qdelay_l_ms=0.999064 qdelay_c_ms=4.90843 ecn_mark=1356 drop=0
[QUEUE_STATS] t_ms=20912 q_pkts=15 q_bytes=22560 qdelay_l_ms=1.07302 qdelay_c_ms=5.84639 ecn_mark=1356 drop=0
[QUEUE_STATS] t_ms=20928 q_pkts=13 q_bytes=19552 qdelay_l_ms=1.06784 qdelay_c_ms=5.26559 ecn_mark=1357 drop=0
[QUEUE_STATS] t_ms=20944 q_pkts=14 q_bytes=21056 qdelay_l_ms=0.986771 qdelay_c_ms=4.90827 ecn_mark=1360 drop=0
[QUEUE_STATS] t_ms=20960 q_pkts=15 q_bytes=22560 qdelay_l_ms=0.256391 qdelay_c_ms=6.85651 ecn_mark=1361 drop=0
[QUEUE_STATS] t_ms=20976 q_pkts=15 q_bytes=22560 qdelay_l_ms=1.0756 qdelay_c_ms=4.61993 ecn_mark=1362 drop=0
[QUEUE_STATS] t_ms=20992 q_pkts=15 q_bytes=22560 qdelay_l_ms=1.08016 qdelay_c_ms=6.12756 ecn_mark=1365 drop=0
[QUEUE_STATS] t_ms=21008 q_pkts=16 q_bytes=24064 qdelay_l_ms=1.08881 qdelay_c_ms=7.57464 ecn_mark=1367 drop=0
[QUEUE_STATS] t_ms=21024 q_pkts=15 q_bytes=22560 qdelay_l_ms=0.836278 qdelay_c_ms=5.95361 ecn_mark=1371 drop=0
[QUEUE_STATS] t_ms=21040 q_pkts=14 q_bytes=21056 qdelay_l_ms=0.989547 qdelay_c_ms=5.90621 ecn_mark=1371 drop=0
[QUEUE_STATS] t_ms=21056 q_pkts=16 q_bytes=24064 qdelay_l_ms=1.10181 qdelay_c_ms=6.76422 ecn_mark=1372 drop=0
[QUEUE_STATS] t_ms=21072 q_pkts=18 q_bytes=27072 qdelay_l_ms=1.08798 qdelay_c_ms=6.97598 ecn_mark=1373 drop=0
[QUEUE_STATS] t_ms=21088 q_pkts=17 q_bytes=25568 qdelay_l_ms=1.08152 qdelay_c_ms=7.10306 ecn_mark=1374 drop=0
[QUEUE_STATS] t_ms=21104 q_pkts=17 q_bytes=25568 qdelay_l_ms=0.987503 qdelay_c_ms=6.82021 ecn_mark=1377 drop=0
[QUEUE_STATS] t_ms=21120 q_pkts=16 q_bytes=24064 qdelay_l_ms=1.09958 qdelay_c_ms=6.07747 ecn_mark=1377 drop=0
[QUEUE_STATS] t_ms=21136 q_pkts=17 q_bytes=25568 qdelay_l_ms=1.03944 qdelay_c_ms=6.91367 ecn_mark=1379 drop=0
[QUEUE_STATS] t_ms=21152 q_pkts=18 q_bytes=27072 qdelay_l_ms=0.995568 qdelay_c_ms=6.90394 ecn_mark=1380 drop=0
[QUEUE_STATS] t_ms=21168 q_pkts=17 q_bytes=25568 qdelay_l_ms=1.10029 qdelay_c_ms=6.72756 ecn_mark=1382 drop=0
[QUEUE_STATS] t_ms=21184 q_pkts=17 q_bytes=25568 qdelay_l_ms=0.999084 qdelay_c_ms=6.96892 ecn_mark=1382 drop=0
[QUEUE_STATS] t_ms=21200 q_pkts=18 q_bytes=27072 qdelay_l_ms=1.11332 qdelay_c_ms=7.0454 ecn_mark=1384 drop=0
[QUEUE_STATS] t_ms=21216 q_pkts=12 q_bytes=18048 qdelay_l_ms=0 qdelay_c_ms=6.55697 ecn_mark=1384 drop=0
[QUEUE_STATS] t_ms=21232 q_pkts=18 q_bytes=27072 qdelay_l_ms=1.00201 qdelay_c_ms=6.01634 ecn_mark=1385 drop=0
[QUEUE_STATS] t_ms=21248 q_pkts=16 q_bytes=24064 qdelay_l_ms=0.99688 qdelay_c_ms=6.9119 ecn_mark=1385 drop=0
[QUEUE_STATS] t_ms=21264 q_pkts=15 q_bytes=22560 qdelay_l_ms=1.07649 qdelay_c_ms=6.83237 ecn_mark=1386 drop=0
[QUEUE_STATS] t_ms=21280 q_pkts=18 q_bytes=27072 qdelay_l_ms=1.01172 qdelay_c_ms=5.57534 ecn_mark=1386 drop=0
[QUEUE_STATS] t_ms=21296 q_pkts=19 q_bytes=28576 qdelay_l_ms=0.999315 qdelay_c_ms=6.93894 ecn_mark=1386 drop=0
[QUEUE_STATS] t_ms=21312 q_pkts=16 q_bytes=24064 qdelay_l_ms=1.00549 qdelay_c_ms=6.64576 ecn_mark=1387 drop=0
[QUEUE_STATS] t_ms=21328 q_pkts=18 q_bytes=27072 qdelay_l_ms=0.253496 qdelay_c_ms=6.7778 ecn_mark=1387 drop=0
[QUEUE_STATS] t_ms=21344 q_pkts=19 q_bytes=28576 qdelay_l_ms=1.07881 qdelay_c_ms=8.18858 ecn_mark=1387 drop=0
[QUEUE_STATS] t_ms=21360 q_pkts=17 q_bytes=25568 qdelay_l_ms=1.00255 qdelay_c_ms=6.74661 ecn_mark=1387 drop=0
[QUEUE_STATS] t_ms=21376 q_pkts=19 q_bytes=28576 qdelay_l_ms=0.989977 qdelay_c_ms=7.82397 ecn_mark=1389 drop=0
[QUEUE_STATS] t_ms=21392 q_pkts=21 q_bytes=31584 qdelay_l_ms=1.06477 qdelay_c_ms=8.3865 ecn_mark=1390 drop=0
[QUEUE_STATS] t_ms=21408 q_pkts=18 q_bytes=27072 qdelay_l_ms=1.07875 qdelay_c_ms=8.48246 ecn_mark=1392 drop=0
[QUEUE_STATS] t_ms=21424 q_pkts=20 q_bytes=30080 qdelay_l_ms=0.253757 qdelay_c_ms=8.03449 ecn_mark=1394 drop=0
[QUEUE_STATS] t_ms=21440 q_pkts=19 q_bytes=28576 qdelay_l_ms=1.08683 qdelay_c_ms=8.25189 ecn_mark=1394 drop=0
[QUEUE_STATS] t_ms=21456 q_pkts=18 q_bytes=27072 qdelay_l_ms=1.06682 qdelay_c_ms=8.16064 ecn_mark=1394 drop=0
[QUEUE_STATS] t_ms=21472 q_pkts=17 q_bytes=25568 qdelay_l_ms=1.10383 qdelay_c_ms=8.03654 ecn_mark=1395 drop=0
[QUEUE_STATS] t_ms=21488 q_pkts=21 q_bytes=31584 qdelay_l_ms=1.08316 qdelay_c_ms=8.26239 ecn_mark=1395 drop=0
[QUEUE_STATS] t_ms=21504 q_pkts=19 q_bytes=28576 qdelay_l_ms=1.00655 qdelay_c_ms=8.01201 ecn_mark=1395 drop=0
[QUEUE_STATS] t_ms=21520 q_pkts=18 q_bytes=27072 qdelay_l_ms=1.00329 qdelay_c_ms=7.75947 ecn_mark=1396 drop=0
[QUEUE_STATS] t_ms=21536 q_pkts=22 q_bytes=33088 qdelay_l_ms=1.06905 qdelay_c_ms=9.31212 ecn_mark=1397 drop=0
[QUEUE_STATS] t_ms=21552 q_pkts=18 q_bytes=27072 qdelay_l_ms=1.01067 qdelay_c_ms=7.03774 ecn_mark=1399 drop=0
[QUEUE_STATS] t_ms=21568 q_pkts=19 q_bytes=28576 qdelay_l_ms=1.07666 qdelay_c_ms=8.19695 ecn_mark=1400 drop=0
[QUEUE_STATS] t_ms=21584 q_pkts=21 q_bytes=31584 qdelay_l_ms=1.08486 qdelay_c_ms=8.2482 ecn_mark=1402 drop=0
[QUEUE_STATS] t_ms=21600 q_pkts=19 q_bytes=28576 qdelay_l_ms=1.00808 qdelay_c_ms=8.00028 ecn_mark=1403 drop=0
[QUEUE_STATS] t_ms=21616 q_pkts=19 q_bytes=28576 qdelay_l_ms=1.09101 qdelay_c_ms=9.2426 ecn_mark=1404 drop=0
[QUEUE_STATS] t_ms=21632 q_pkts=20 q_bytes=30080 qdelay_l_ms=1.08997 qdelay_c_ms=9.35523 ecn_mark=1405 drop=0
[QUEUE_STATS] t_ms=21648 q_pkts=14 q_bytes=21056 qdelay_l_ms=1.07717 qdelay_c_ms=9.40705 ecn_mark=1407 drop=0
[QUEUE_STATS] t_ms=21664 q_pkts=4 q_bytes=6016 qdelay_l_ms=1.0288 qdelay_c_ms=1.02349 ecn_mark=1409 drop=0
[QUEUE_STATS] t_ms=21680 q_pkts=5 q_bytes=7520 qdelay_l_ms=1.09615 qdelay_c_ms=1.08945 ecn_mark=1410 drop=0
[QUEUE_STATS] t_ms=21696 q_pkts=4 q_bytes=6016 qdelay_l_ms=1.07943 qdelay_c_ms=1.06237 ecn_mark=1414 drop=0
[QUEUE_STATS] t_ms=21712 q_pkts=4 q_bytes=6016 qdelay_l_ms=1.01049 qdelay_c_ms=1.00366 ecn_mark=1414 drop=0
[QUEUE_STATS] t_ms=21728 q_pkts=4 q_bytes=6016 qdelay_l_ms=1.07784 qdelay_c_ms=2.18281 ecn_mark=1416 drop=0
[QUEUE_STATS] t_ms=21744 q_pkts=7 q_bytes=10528 qdelay_l_ms=1.06578 qdelay_c_ms=1.89051 ecn_mark=1417 drop=0
[QUEUE_STATS] t_ms=21760 q_pkts=4 q_bytes=6016 qdelay_l_ms=1.00984 qdelay_c_ms=1.98575 ecn_mark=1418 drop=0
[QUEUE_STATS] t_ms=21776 q_pkts=6 q_bytes=9024 qdelay_l_ms=1.06873 qdelay_c_ms=1.06317 ecn_mark=1419 drop=0
[QUEUE_STATS] t_ms=21792 q_pkts=5 q_bytes=7520 qdelay_l_ms=0.508193 qdelay_c_ms=1.51719 ecn_mark=1419 drop=0
[QUEUE_STATS] t_ms=21808 q_pkts=3 q_bytes=4512 qdelay_l_ms=0 qdelay_c_ms=1.98067 ecn_mark=1419 drop=0
[QUEUE_STATS] t_ms=21824 q_pkts=4 q_bytes=6016 qdelay_l_ms=1.01158 qdelay_c_ms=1.00442 ecn_mark=1419 drop=0
[QUEUE_STATS] t_ms=21840 q_pkts=2 q_bytes=3008 qdelay_l_ms=1.01932 qdelay_c_ms=0 ecn_mark=1420 drop=0
[QUEUE_STATS] t_ms=21856 q_pkts=2 q_bytes=3008 qdelay_l_ms=1.08019 qdelay_c_ms=0 ecn_mark=1423 drop=0
[QUEUE_STATS] t_ms=21872 q_pkts=6 q_bytes=9024 qdelay_l_ms=1.06973 qdelay_c_ms=1.06432 ecn_mark=1425 drop=0
[QUEUE_STATS] t_ms=21888 q_pkts=4 q_bytes=6016 qdelay_l_ms=1.10003 qdelay_c_ms=1.08924 ecn_mark=1427 drop=0
[QUEUE_STATS] t_ms=21904 q_pkts=4 q_bytes=6016 qdelay_l_ms=0.889369 qdelay_c_ms=2.01087 ecn_mark=1428 drop=0
[QUEUE_STATS] t_ms=21920 q_pkts=6 q_bytes=9024 qdelay_l_ms=1.00992 qdelay_c_ms=3.11961 ecn_mark=1429 drop=0
[QUEUE_STATS] t_ms=21936 q_pkts=0 q_bytes=0 qdelay_l_ms=0 qdelay_c_ms=0 ecn_mark=1429 drop=0
[QUEUE_STATS] t_ms=21952 q_pkts=4 q_bytes=6016 qdelay_l_ms=1.00806 qdelay_c_ms=0.99714 ecn_mark=1430 drop=0
[QUEUE_STATS] t_ms=21968 q_pkts=7 q_bytes=10528 qdelay_l_ms=1.11055 qdelay_c_ms=4.07167 ecn_mark=1431 drop=0
[QUEUE_STATS] t_ms=21984 q_pkts=5 q_bytes=7520 qdelay_l_ms=1.01586 qdelay_c_ms=2.00118 ecn_mark=1432 drop=0
[QUEUE_STATS] t_ms=22000 q_pkts=2 q_bytes=3008 qdelay_l_ms=1.06849 qdelay_c_ms=0 ecn_mark=1433 drop=0
[QUEUE_STATS] t_ms=22016 q_pkts=4 q_bytes=6016 qdelay_l_ms=1.00736 qdelay_c_ms=1.0006 ecn_mark=1434 drop=0
[QUEUE_STATS] t_ms=22032 q_pkts=3 q_bytes=4512 qdelay_l_ms=1.02844 qdelay_c_ms=1.02113 ecn_mark=1435 drop=0
[QUEUE_STATS] t_ms=22048 q_pkts=4 q_bytes=6016 qdelay_l_ms=1.08654 qdelay_c_ms=1.9024 ecn_mark=1435 drop=0
[QUEUE_STATS] t_ms=22064 q_pkts=6 q_bytes=9024 qdelay_l_ms=1.06978 qdelay_c_ms=1.06143 ecn_mark=1436 drop=0
[QUEUE_STATS] t_ms=22080 q_pkts=5 q_bytes=7520 qdelay_l_ms=1.00139 qdelay_c_ms=1.97999 ecn_mark=1437 drop=0
[QUEUE_STATS] t_ms=22096 q_pkts=5 q_bytes=7520 qdelay_l_ms=1.00881 qdelay_c_ms=2.0039 ecn_mark=1438 drop=0
[QUEUE_STATS] t_ms=22112 q_pkts=6 q_bytes=9024 qdelay_l_ms=1.01108 qdelay_c_ms=1.00476 ecn_mark=1438 drop=0
[QUEUE_STATS] t_ms=22128 q_pkts=4 q_bytes=6016 qdelay_l_ms=1.086 qdelay_c_ms=1.07986 ecn_mark=1438 drop=0
[QUEUE_STATS] t_ms=22144 q_pkts=6 q_bytes=9024 qdelay_l_ms=1.01001 qdelay_c_ms=2.00298 ecn_mark=1439 drop=0
[QUEUE_STATS] t_ms=22160 q_pkts=4 q_bytes=6016 qdelay_l_ms=1.07328 qdelay_c_ms=1.06773 ecn_mark=1440 drop=0
[QUEUE_STATS] t_ms=22176 q_pkts=4 q_bytes=6016 qdelay_l_ms=1.08808 qdelay_c_ms=1.08106 ecn_mark=1441 drop=0
[QUEUE_STATS] t_ms=22192 q_pkts=7 q_bytes=10528 qdelay_l_ms=1.10919 qdelay_c_ms=2.09434 ecn_mark=1441 drop=0
[QUEUE_STATS] t_ms=22208 q_pkts=4 q_bytes=6016 qdelay_l_ms=0.853921 qdelay_c_ms=0.848451 ecn_mark=1441 drop=0
[QUEUE_STATS] t_ms=22224 q_pkts=4 q_bytes=6016 qdelay_l_ms=1.06788 qdelay_c_ms=1.08831 ecn_mark=1441 drop=0
[QUEUE_STATS] t_ms=22240 q_pkts=6 q_bytes=9024 qdelay_l_ms=0.989226 qdelay_c_ms=1.96798 ecn_mark=1441 drop=0
[QUEUE_STATS] t_ms=22256 q_pkts=3 q_bytes=4512 qdelay_l_ms=0.988865 qdelay_c_ms=0.982513 ecn_mark=1442 drop=0
[QUEUE_STATS] t_ms=22272 q_pkts=4 q_bytes=6016 qdelay_l_ms=1.0944 qdelay_c_ms=1.07681 ecn_mark=1443 drop=0
[QUEUE_STATS] t_ms=22288 q_pkts=5 q_bytes=7520 qdelay_l_ms=0.97532 qdelay_c_ms=1.98895 ecn_mark=1443 drop=0
[QUEUE_STATS] t_ms=22304 q_pkts=4 q_bytes=6016 qdelay_l_ms=0.988774 qdelay_c_ms=0.982082 ecn_mark=1444 drop=0
[QUEUE_STATS] t_ms=22320 q_pkts=5 q_bytes=7520 qdelay_l_ms=1.03474 qdelay_c_ms=2.0828 ecn_mark=1444 drop=0
[QUEUE_STATS] t_ms=22336 q_pkts=4 q_bytes=6016 qdelay_l_ms=1.07421 qdelay_c_ms=2.13679 ecn_mark=1447 drop=0
[QUEUE_STATS] t_ms=22352 q_pkts=4 q_bytes=6016 qdelay_l_ms=1.06495 qdelay_c_ms=1.05985 ecn_mark=1448 drop=0
[QUEUE_STATS] t_ms=22368 q_pkts=4 q_bytes=6016 qdelay_l_ms=1.06737 qdelay_c_ms=2.16882 ecn_mark=1448 drop=0
[QUEUE_STATS] t_ms=22384 q_pkts=3 q_bytes=4512 qdelay_l_ms=1.01141 qdelay_c_ms=1.00513 ecn_mark=1450 drop=0
[QUEUE_STATS] t_ms=22400 q_pkts=5 q_bytes=7520 qdelay_l_ms=1.09582 qdelay_c_ms=1.08867 ecn_mark=1451 drop=0
[QUEUE_STATS] t_ms=22416 q_pkts=5 q_bytes=7520 qdelay_l_ms=1.07196 qdelay_c_ms=2.11202 ecn_mark=1452 drop=0
[QUEUE_STATS] t_ms=22432 q_pkts=4 q_bytes=6016 qdelay_l_ms=0.987893 qdelay_c_ms=1.93778 ecn_mark=1453 drop=0
[QUEUE_STATS] t_ms=22448 q_pkts=5 q_bytes=7520 qdelay_l_ms=1.06109 qdelay_c_ms=2.18458 ecn_mark=1454 drop=0
[QUEUE_STATS] t_ms=22464 q_pkts=7 q_bytes=10528 qdelay_l_ms=0.953288 qdelay_c_ms=1.9489 ecn_mark=1454 drop=0
[QUEUE_STATS] t_ms=22480 q_pkts=6 q_bytes=9024 qdelay_l_ms=0.986651 qdelay_c_ms=1.93996 ecn_mark=1455 drop=0
[QUEUE_STATS] t_ms=22496 q_pkts=4 q_bytes=6016 qdelay_l_ms=0.798447 qdelay_c_ms=0.793528 ecn_mark=1457 drop=0
[QUEUE_STATS] t_ms=22512 q_pkts=4 q_bytes=6016 qdelay_l_ms=0.836669 qdelay_c_ms=2.94975 ecn_mark=1459 drop=0
[QUEUE_STATS] t_ms=22528 q_pkts=5 q_bytes=7520 qdelay_l_ms=0.958769 qdelay_c_ms=1.96072 ecn_mark=1460 drop=0
[QUEUE_STATS] t_ms=22544 q_pkts=4 q_bytes=6016 qdelay_l_ms=1.06744 qdelay_c_ms=1.06191 ecn_mark=1461 drop=0
[QUEUE_STATS] t_ms=22560 q_pkts=2 q_bytes=3008 qdelay_l_ms=1.07833 qdelay_c_ms=0 ecn_mark=1463 drop=0
[QUEUE_STATS] t_ms=22576 q_pkts=7 q_bytes=10528 qdelay_l_ms=1.06778 qdelay_c_ms=2.96857 ecn_mark=1464 drop=0
[QUEUE_STATS] t_ms=22592 q_pkts=7 q_bytes=10528 qdelay_l_ms=1.05362 qdelay_c_ms=1.04798 ecn_mark=1464 drop=0
[QUEUE_STATS] t_ms=22608 q_pkts=6 q_bytes=9024 qdelay_l_ms=0.808517 qdelay_c_ms=1.91567 ecn_mark=1465 drop=0
[QUEUE_STATS] t_ms=22624 q_pkts=6 q_bytes=9024 qdelay_l_ms=0.212027 qdelay_c_ms=1.29416 ecn_mark=1467 drop=0
[QUEUE_STATS] t_ms=22640 q_pkts=7 q_bytes=10528 qdelay_l_ms=0.983315 qdelay_c_ms=1.95347 ecn_mark=1467 drop=0
[QUEUE_STATS] t_ms=22656 q_pkts=4 q_bytes=6016 qdelay_l_ms=1.08723 qdelay_c_ms=1.08043 ecn_mark=1469 drop=0
[QUEUE_STATS] t_ms=22672 q_pkts=5 q_bytes=7520 qdelay_l_ms=1.10204 qdelay_c_ms=2.12567 ecn_mark=1470 drop=0
[QUEUE_STATS] t_ms=22688 q_pkts=6 q_bytes=9024 qdelay_l_ms=0.984708 qdelay_c_ms=0.977554 ecn_mark=1472 drop=0
[QUEUE_STATS] t_ms=22704 q_pkts=6 q_bytes=9024 qdelay_l_ms=1.08026 qdelay_c_ms=2.20477 ecn_mark=1472 drop=0
[QUEUE_STATS] t_ms=22720 q_pkts=5 q_bytes=7520 qdelay_l_ms=0.977012 qdelay_c_ms=1.89366 ecn_mark=1474 drop=0
[QUEUE_STATS] t_ms=22736 q_pkts=7 q_bytes=10528 qdelay_l_ms=0.981441 qdelay_c_ms=0.974137 ecn_mark=1474 drop=0
[QUEUE_STATS] t_ms=22752 q_pkts=5 q_bytes=7520 qdelay_l_ms=1.09041 qdelay_c_ms=1.81386 ecn_mark=1477 drop=0
[QUEUE_STATS] t_ms=22768 q_pkts=7 q_bytes=10528 qdelay_l_ms=0.990027 qdelay_c_ms=1.964 ecn_mark=1478 drop=0
[QUEUE_STATS] t_ms=22784 q_pkts=6 q_bytes=9024 qdelay_l_ms=0.972685 qdelay_c_ms=0.965882 ecn_mark=1479 drop=0
[QUEUE_STATS] t_ms=22800 q_pkts=6 q_bytes=9024 qdelay_l_ms=0.967745 qdelay_c_ms=2.93358 ecn_mark=1480 drop=0
[QUEUE_STATS] t_ms=22816 q_pkts=4 q_bytes=6016 qdelay_l_ms=0.982012 qdelay_c_ms=0.975169 ecn_mark=1480 drop=0
[QUEUE_STATS] t_ms=22832 q_pkts=4 q_bytes=6016 qdelay_l_ms=1.07255 qdelay_c_ms=1.06724 ecn_mark=1481 drop=0
[QUEUE_STATS] t_ms=22848 q_pkts=5 q_bytes=7520 qdelay_l_ms=0.844504 qdelay_c_ms=1.97814 ecn_mark=1481 drop=0
[QUEUE_STATS] t_ms=22864 q_pkts=6 q_bytes=9024 qdelay_l_ms=0.985749 qdelay_c_ms=1.93375 ecn_mark=1481 drop=0
[QUEUE_STATS] t_ms=22880 q_pkts=4 q_bytes=6016 qdelay_l_ms=0.98646 qdelay_c_ms=0.979598 ecn_mark=1483 drop=0
[QUEUE_STATS] t_ms=22896 q_pkts=6 q_bytes=9024 qdelay_l_ms=1.10281 qdelay_c_ms=1.89938 ecn_mark=1485 drop=0
[QUEUE_STATS] t_ms=22912 q_pkts=5 q_bytes=7520 qdelay_l_ms=0.989516 qdelay_c_ms=1.94642 ecn_mark=1485 drop=0
[QUEUE_STATS] t_ms=22928 q_pkts=4 q_bytes=6016 qdelay_l_ms=1.10177 qdelay_c_ms=1.09354 ecn_mark=1485 drop=0
[QUEUE_STATS] t_ms=22944 q_pkts=7 q_bytes=10528 qdelay_l_ms=0.734858 qdelay_c_ms=2.86177 ecn_mark=1485 drop=0
[QUEUE_STATS] t_ms=22960 q_pkts=5 q_bytes=7520 qdelay_l_ms=1.07261 qdelay_c_ms=2.18125 ecn_mark=1486 drop=0
[QUEUE_STATS] t_ms=22976 q_pkts=4 q_bytes=6016 qdelay_l_ms=0.974869 qdelay_c_ms=0.967966 ecn_mark=1486 drop=0
[QUEUE_STATS] t_ms=22992 q_pkts=4 q_bytes=6016 qdelay_l_ms=1.07242 qdelay_c_ms=2.03721 ecn_mark=1487 drop=0
[QUEUE_STATS] t_ms=23008 q_pkts=6 q_bytes=9024 qdelay_l_ms=0.97573 qdelay_c_ms=2.88058 ecn_mark=1489 drop=0
[QUEUE_STATS] t_ms=23024 q_pkts=6 q_bytes=9024 qdelay_l_ms=1.06184 qdelay_c_ms=2.16614 ecn_mark=1490 drop=0
[QUEUE_STATS] t_ms=23040 q_pkts=4 q_bytes=6016 qdelay_l_ms=1.09166 qdelay_c_ms=1.08417 ecn_mark=1491 drop=0
[QUEUE_STATS] t_ms=23056 q_pkts=4 q_bytes=6016 qdelay_l_ms=0.732273 qdelay_c_ms=0.726673 ecn_mark=1492 drop=0
[QUEUE_STATS] t_ms=23072 q_pkts=4 q_bytes=6016 qdelay_l_ms=1.0899 qdelay_c_ms=1.08252 ecn_mark=1494 drop=0
[QUEUE_STATS] t_ms=23088 q_pkts=5 q_bytes=7520 qdelay_l_ms=0.833935 qdelay_c_ms=0.828815 ecn_mark=1494 drop=0
[QUEUE_STATS] t_ms=23104 q_pkts=4 q_bytes=6016 qdelay_l_ms=1.08426 qdelay_c_ms=1.07844 ecn_mark=1494 drop=0
[QUEUE_STATS] t_ms=23120 q_pkts=5 q_bytes=7520 qdelay_l_ms=1.05575 qdelay_c_ms=1.82737 ecn_mark=1494 drop=0
[QUEUE_STATS] t_ms=23136 q_pkts=3 q_bytes=4512 qdelay_l_ms=1.06367 qdelay_c_ms=1.08644 ecn_mark=1494 drop=0
[QUEUE_STATS] t_ms=23152 q_pkts=5 q_bytes=7520 qdelay_l_ms=0.976551 qdelay_c_ms=0.969488 ecn_mark=1494 drop=0
[QUEUE_STATS] t_ms=23168 q_pkts=2 q_bytes=3008 qdelay_l_ms=1.06666 qdelay_c_ms=0 ecn_mark=1496 drop=0
[QUEUE_STATS] t_ms=23184 q_pkts=4 q_bytes=6016 qdelay_l_ms=0.761939 qdelay_c_ms=0.780815 ecn_mark=1497 drop=0
[QUEUE_STATS] t_ms=23200 q_pkts=4 q_bytes=6016 qdelay_l_ms=0.810701 qdelay_c_ms=0.805401 ecn_mark=1498 drop=0
[QUEUE_STATS] t_ms=23216 q_pkts=7 q_bytes=10528 qdelay_l_ms=0.902714 qdelay_c_ms=1.91129 ecn_mark=1500 drop=0
[QUEUE_STATS] t_ms=23232 q_pkts=1 q_bytes=1504 qdelay_l_ms=0.978225 qdelay_c_ms=0 ecn_mark=1502 drop=0
[QUEUE_STATS] t_ms=23248 q_pkts=1 q_bytes=1504 qdelay_l_ms=1.05642 qdelay_c_ms=0 ecn_mark=1502 drop=0
[QUEUE_STATS] t_ms=23264 q_pkts=6 q_bytes=9024 qdelay_l_ms=0.962125 qdelay_c_ms=1.90796 ecn_mark=1504 drop=0
[QUEUE_STATS] t_ms=23280 q_pkts=4 q_bytes=6016 qdelay_l_ms=0.958117 qdelay_c_ms=1.90213 ecn_mark=1506 drop=0
[QUEUE_STATS] t_ms=23296 q_pkts=3 q_bytes=4512 qdelay_l_ms=0.974568 qdelay_c_ms=0.968787 ecn_mark=1507 drop=0
[QUEUE_STATS] t_ms=23312 q_pkts=4 q_bytes=6016 qdelay_l_ms=1.06882 qdelay_c_ms=1.0619 ecn_mark=1508 drop=0
[QUEUE_STATS] t_ms=23328 q_pkts=4 q_bytes=6016 qdelay_l_ms=0.797116 qdelay_c_ms=0.791766 ecn_mark=1508 drop=0
[QUEUE_STATS] t_ms=23344 q_pkts=3 q_bytes=4512 qdelay_l_ms=1.08158 qdelay_c_ms=2.13007 ecn_mark=1509 drop=0
[QUEUE_STATS] t_ms=23360 q_pkts=2 q_bytes=3008 qdelay_l_ms=1.07175 qdelay_c_ms=0 ecn_mark=1509 drop=0
[QUEUE_STATS] t_ms=23376 q_pkts=3 q_bytes=4512 qdelay_l_ms=1.06165 qdelay_c_ms=1.07271 ecn_mark=1510 drop=0
[QUEUE_STATS] t_ms=23392 q_pkts=3 q_bytes=4512 qdelay_l_ms=0.77273 qdelay_c_ms=1.89351 ecn_mark=1510 drop=0
[QUEUE_STATS] t_ms=23408 q_pkts=5 q_bytes=7520 qdelay_l_ms=0.751109 qdelay_c_ms=1.89742 ecn_mark=1512 drop=0
[QUEUE_STATS] t_ms=23424 q_pkts=4 q_bytes=6016 qdelay_l_ms=0.939964 qdelay_c_ms=0.958068 ecn_mark=1512 drop=0
[QUEUE_STATS] t_ms=23440 q_pkts=4 q_bytes=6016 qdelay_l_ms=0.962626 qdelay_c_ms=0.955813 ecn_mark=1512 drop=0
[QUEUE_STATS] t_ms=23456 q_pkts=7 q_bytes=10528 qdelay_l_ms=1.05332 qdelay_c_ms=2.13445 ecn_mark=1512 drop=0
[QUEUE_STATS] t_ms=23472 q_pkts=6 q_bytes=9024 qdelay_l_ms=0.949481 qdelay_c_ms=0.942198 ecn_mark=1512 drop=0
[QUEUE_STATS] t_ms=23488 q_pkts=2 q_bytes=3008 qdelay_l_ms=0.779733 qdelay_c_ms=0 ecn_mark=1513 drop=0
[QUEUE_STATS] t_ms=23504 q_pkts=6 q_bytes=9024 qdelay_l_ms=0.747112 qdelay_c_ms=0.767009 ecn_mark=1514 drop=0
[QUEUE_STATS] t_ms=23520 q_pkts=2 q_bytes=3008 qdelay_l_ms=0.949321 qdelay_c_ms=0 ecn_mark=1514 drop=0
[QUEUE_STATS] t_ms=23536 q_pkts=4 q_bytes=6016 qdelay_l_ms=0.941767 qdelay_c_ms=1.62694 ecn_mark=1514 drop=0
[QUEUE_STATS] t_ms=23552 q_pkts=4 q_bytes=6016 qdelay_l_ms=0.720852 qdelay_c_ms=0.715753 ecn_mark=1514 drop=0
[QUEUE_STATS] t_ms=23568 q_pkts=4 q_bytes=6016 qdelay_l_ms=1.06547 qdelay_c_ms=1.08551 ecn_mark=1514 drop=0
[QUEUE_STATS] t_ms=23584 q_pkts=6 q_bytes=9024 qdelay_l_ms=1.10241 qdelay_c_ms=1.0956 ecn_mark=1515 drop=0
[QUEUE_STATS] t_ms=23600 q_pkts=4 q_bytes=6016 qdelay_l_ms=0.707628 qdelay_c_ms=1.8155 ecn_mark=1515 drop=0
[QUEUE_STATS] t_ms=23616 q_pkts=3 q_bytes=4512 qdelay_l_ms=1.06334 qdelay_c_ms=0 ecn_mark=1515 drop=0
[QUEUE_STATS] t_ms=23632 q_pkts=4 q_bytes=6016 qdelay_l_ms=0.921629 qdelay_c_ms=0.939492 ecn_mark=1515 drop=0
[QUEUE_STATS] t_ms=23648 q_pkts=2 q_bytes=3008 qdelay_l_ms=0.928481 qdelay_c_ms=1.84492 ecn_mark=1515 drop=0
[QUEUE_STATS] t_ms=23664 q_pkts=3 q_bytes=4512 qdelay_l_ms=1.07876 qdelay_c_ms=2.09434 ecn_mark=1515 drop=0
[QUEUE_STATS] t_ms=23680 q_pkts=3 q_bytes=4512 qdelay_l_ms=0.702428 qdelay_c_ms=0.694583 ecn_mark=1516 drop=0
[QUEUE_STATS] t_ms=23696 q_pkts=6 q_bytes=9024 qdelay_l_ms=0.919044 qdelay_c_ms=0.911961 ecn_mark=1517 drop=0
[QUEUE_STATS] t_ms=23712 q_pkts=5 q_bytes=7520 qdelay_l_ms=0.928883 qdelay_c_ms=0.92204 ecn_mark=1518 drop=0
[QUEUE_STATS] t_ms=23728 q_pkts=3 q_bytes=4512 qdelay_l_ms=0.925997 qdelay_c_ms=0.919885 ecn_mark=1519 drop=0
[QUEUE_STATS] t_ms=23744 q_pkts=3 q_bytes=4512 qdelay_l_ms=1.06751 qdelay_c_ms=2.13532 ecn_mark=1521 drop=0
[QUEUE_STATS] t_ms=23760 q_pkts=5 q_bytes=7520 qdelay_l_ms=1.09137 qdelay_c_ms=1.76571 ecn_mark=1521 drop=0
[QUEUE_STATS] t_ms=23776 q_pkts=5 q_bytes=7520 qdelay_l_ms=1.09093 qdelay_c_ms=1.97344 ecn_mark=1523 drop=0
[QUEUE_STATS] t_ms=23792 q_pkts=6 q_bytes=9024 qdelay_l_ms=1.03769 qdelay_c_ms=1.05847 ecn_mark=1524 drop=0
[QUEUE_STATS] t_ms=23808 q_pkts=6 q_bytes=9024 qdelay_l_ms=1.06614 qdelay_c_ms=3.23703 ecn_mark=1524 drop=0
[QUEUE_STATS] t_ms=23824 q_pkts=5 q_bytes=7520 qdelay_l_ms=1.07947 qdelay_c_ms=1.07373 ecn_mark=1524 drop=0
[QUEUE_STATS] t_ms=23840 q_pkts=2 q_bytes=3008 qdelay_l_ms=1.06846 qdelay_c_ms=0 ecn_mark=1524 drop=0
[QUEUE_STATS] t_ms=23856 q_pkts=6 q_bytes=9024 qdelay_l_ms=1.06698 qdelay_c_ms=2.00621 ecn_mark=1524 drop=0
[QUEUE_STATS] t_ms=23872 q_pkts=6 q_bytes=9024 qdelay_l_ms=1.0708 qdelay_c_ms=1.06518 ecn_mark=1524 drop=0
[QUEUE_STATS] t_ms=23888 q_pkts=4 q_bytes=6016 qdelay_l_ms=0.719038 qdelay_c_ms=0.743725 ecn_mark=1526 drop=0
[QUEUE_STATS] t_ms=23904 q_pkts=6 q_bytes=9024 qdelay_l_ms=0.906791 qdelay_c_ms=2.23977 ecn_mark=1526 drop=0
[QUEUE_STATS] t_ms=23920 q_pkts=4 q_bytes=6016 qdelay_l_ms=0.902473 qdelay_c_ms=0.896272 ecn_mark=1528 drop=0
[QUEUE_STATS] t_ms=23936 q_pkts=6 q_bytes=9024 qdelay_l_ms=1.08284 qdelay_c_ms=3.23881 ecn_mark=1528 drop=0
[QUEUE_STATS] t_ms=23952 q_pkts=7 q_bytes=10528 qdelay_l_ms=0.965742 qdelay_c_ms=3.13861 ecn_mark=1529 drop=0
[QUEUE_STATS] t_ms=23968 q_pkts=4 q_bytes=6016 qdelay_l_ms=1.06581 qdelay_c_ms=1.08393 ecn_mark=1529 drop=0
[QUEUE_STATS] t_ms=23984 q_pkts=5 q_bytes=7520 qdelay_l_ms=1.07205 qdelay_c_ms=1.06517 ecn_mark=1530 drop=0
[QUEUE_STATS] t_ms=24000 q_pkts=1 q_bytes=1504 qdelay_l_ms=1.07404 qdelay_c_ms=0 ecn_mark=1531 drop=0
[QUEUE_STATS] t_ms=24016 q_pkts=5 q_bytes=7520 qdelay_l_ms=0.921218 qdelay_c_ms=0.913814 ecn_mark=1531 drop=0
[QUEUE_STATS] t_ms=24032 q_pkts=6 q_bytes=9024 qdelay_l_ms=0.93782 qdelay_c_ms=1.80478 ecn_mark=1531 drop=0
[QUEUE_STATS] t_ms=24048 q_pkts=3 q_bytes=4512 qdelay_l_ms=0.914235 qdelay_c_ms=0.907543 ecn_mark=1533 drop=0
[QUEUE_STATS] t_ms=24064 q_pkts=5 q_bytes=7520 qdelay_l_ms=1.05801 qdelay_c_ms=2.12592 ecn_mark=1533 drop=0
[QUEUE_STATS] t_ms=24080 q_pkts=6 q_bytes=9024 qdelay_l_ms=1.08137 qdelay_c_ms=2.20828 ecn_mark=1533 drop=0
[QUEUE_STATS] t_ms=24096 q_pkts=4 q_bytes=6016 qdelay_l_ms=1.06919 qdelay_c_ms=1.06367 ecn_mark=1534 drop=0
[QUEUE_STATS] t_ms=24112 q_pkts=4 q_bytes=6016 qdelay_l_ms=1.07789 qdelay_c_ms=1.97635 ecn_mark=1535 drop=0
[QUEUE_STATS] t_ms=24128 q_pkts=5 q_bytes=7520 qdelay_l_ms=1.08524 qdelay_c_ms=2.8347 ecn_mark=1535 drop=0
[QUEUE_STATS] t_ms=24144 q_pkts=5 q_bytes=7520 qdelay_l_ms=1.09512 qdelay_c_ms=1.08837 ecn_mark=1536 drop=0
[QUEUE_STATS] t_ms=24160 q_pkts=6 q_bytes=9024 qdelay_l_ms=1.07221 qdelay_c_ms=2.18898 ecn_mark=1536 drop=0
[QUEUE_STATS] t_ms=24176 q_pkts=3 q_bytes=4512 qdelay_l_ms=0.917201 qdelay_c_ms=0 ecn_mark=1537 drop=0
[QUEUE_STATS] t_ms=24192 q_pkts=5 q_bytes=7520 qdelay_l_ms=1.05201 qdelay_c_ms=2.13331 ecn_mark=1538 drop=0
[QUEUE_STATS] t_ms=24208 q_pkts=6 q_bytes=9024 qdelay_l_ms=1.06232 qdelay_c_ms=2.20962 ecn_mark=1538 drop=0
[QUEUE_STATS] t_ms=24224 q_pkts=4 q_bytes=6016 qdelay_l_ms=1.05604 qdelay_c_ms=1.06725 ecn_mark=1539 drop=0
[QUEUE_STATS] t_ms=24240 q_pkts=5 q_bytes=7520 qdelay_l_ms=0.900158 qdelay_c_ms=1.5717 ecn_mark=1539 drop=0
[QUEUE_STATS] t_ms=24256 q_pkts=8 q_bytes=12032 qdelay_l_ms=0.885451 qdelay_c_ms=2.79861 ecn_mark=1540 drop=0
[QUEUE_STATS] t_ms=24272 q_pkts=5 q_bytes=7520 qdelay_l_ms=1.08886 qdelay_c_ms=1.76578 ecn_mark=1541 drop=0
[QUEUE_STATS] t_ms=24288 q_pkts=5 q_bytes=7520 qdelay_l_ms=0.889388 qdelay_c_ms=0.882676 ecn_mark=1541 drop=0
[QUEUE_STATS] t_ms=24304 q_pkts=3 q_bytes=4512 qdelay_l_ms=1.08429 qdelay_c_ms=1.07675 ecn_mark=1541 drop=0
[QUEUE_STATS] t_ms=24320 q_pkts=7 q_bytes=10528 qdelay_l_ms=1.06262 qdelay_c_ms=1.0574 ecn_mark=1541 drop=0
[QUEUE_STATS] t_ms=24336 q_pkts=5 q_bytes=7520 qdelay_l_ms=1.06629 qdelay_c_ms=2.77777 ecn_mark=1544 drop=0
[QUEUE_STATS] t_ms=24352 q_pkts=4 q_bytes=6016 qdelay_l_ms=0.889719 qdelay_c_ms=0.884088 ecn_mark=1546 drop=0
[QUEUE_STATS] t_ms=24368 q_pkts=4 q_bytes=6016 qdelay_l_ms=0.883888 qdelay_c_ms=0.87443 ecn_mark=1547 drop=0
[QUEUE_STATS] t_ms=24384 q_pkts=7 q_bytes=10528 qdelay_l_ms=1.10222 qdelay_c_ms=1.95465 ecn_mark=1547 drop=0
[QUEUE_STATS] t_ms=24400 q_pkts=5 q_bytes=7520 qdelay_l_ms=1.09453 qdelay_c_ms=1.08754 ecn_mark=1547 drop=0
[QUEUE_STATS] t_ms=24416 q_pkts=5 q_bytes=7520 qdelay_l_ms=0.871254 qdelay_c_ms=1.74138 ecn_mark=1547 drop=0
[QUEUE_STATS] t_ms=24432 q_pkts=6 q_bytes=9024 qdelay_l_ms=1.06688 qdelay_c_ms=1.94972 ecn_mark=1548 drop=0
[QUEUE_STATS] t_ms=24448 q_pkts=4 q_bytes=6016 qdelay_l_ms=0.690976 qdelay_c_ms=0.685005 ecn_mark=1548 drop=0
[QUEUE_STATS] t_ms=24464 q_pkts=5 q_bytes=7520 qdelay_l_ms=0.870463 qdelay_c_ms=0.863941 ecn_mark=1549 drop=0
[QUEUE_STATS] t_ms=24480 q_pkts=5 q_bytes=7520 qdelay_l_ms=0.845907 qdelay_c_ms=1.92702 ecn_mark=1549 drop=0
[QUEUE_STATS] t_ms=24496 q_pkts=4 q_bytes=6016 qdelay_l_ms=1.0195 qdelay_c_ms=1.02966 ecn_mark=1549 drop=0
[QUEUE_STATS] t_ms=24512 q_pkts=5 q_bytes=7520 qdelay_l_ms=1.02427 qdelay_c_ms=1.01851 ecn_mark=1550 drop=0
[QUEUE_STATS] t_ms=24528 q_pkts=6 q_bytes=9024 qdelay_l_ms=0.658626 qdelay_c_ms=1.70476 ecn_mark=1552 drop=0
[QUEUE_STATS] t_ms=24544 q_pkts=5 q_bytes=7520 qdelay_l_ms=0.8688 qdelay_c_ms=1.83916 ecn_mark=1552 drop=0
[QUEUE_STATS] t_ms=24560 q_pkts=9 q_bytes=13536 qdelay_l_ms=0.827573 qdelay_c_ms=3.01009 ecn_mark=1552 drop=0
[QUEUE_STATS] t_ms=24576 q_pkts=6 q_bytes=9024 qdelay_l_ms=1.06764 qdelay_c_ms=3.25826 ecn_mark=1554 drop=0
[QUEUE_STATS] t_ms=24592 q_pkts=3 q_bytes=4512 qdelay_l_ms=1.07083 qdelay_c_ms=1.076 ecn_mark=1555 drop=0
[QUEUE_STATS] t_ms=24608 q_pkts=5 q_bytes=7520 qdelay_l_ms=1.01761 qdelay_c_ms=3.00405 ecn_mark=1555 drop=0
[QUEUE_STATS] t_ms=24624 q_pkts=5 q_bytes=7520 qdelay_l_ms=0.635693 qdelay_c_ms=1.77101 ecn_mark=1555 drop=0
[QUEUE_STATS] t_ms=24640 q_pkts=6 q_bytes=9024 qdelay_l_ms=0.643097 qdelay_c_ms=2.79661 ecn_mark=1555 drop=0
[QUEUE_STATS] t_ms=24656 q_pkts=9 q_bytes=13536 qdelay_l_ms=0.641925 qdelay_c_ms=3.8917 ecn_mark=1555 drop=0
[QUEUE_STATS] t_ms=24672 q_pkts=7 q_bytes=10528 qdelay_l_ms=1.0681 qdelay_c_ms=4.03136 ecn_mark=1555 drop=0
[QUEUE_STATS] t_ms=24688 q_pkts=6 q_bytes=9024 qdelay_l_ms=0.851477 qdelay_c_ms=2.73389 ecn_mark=1555 drop=0
[QUEUE_STATS] t_ms=24704 q_pkts=7 q_bytes=10528 qdelay_l_ms=1.09096 qdelay_c_ms=2.88545 ecn_mark=1555 drop=0
[QUEUE_STATS] t_ms=24720 q_pkts=6 q_bytes=9024 qdelay_l_ms=0.957456 qdelay_c_ms=2.09108 ecn_mark=1557 drop=0
[QUEUE_STATS] t_ms=24736 q_pkts=9 q_bytes=13536 qdelay_l_ms=1.09062 qdelay_c_ms=3.87011 ecn_mark=1559 drop=0
[QUEUE_STATS] t_ms=24752 q_pkts=9 q_bytes=13536 qdelay_l_ms=1.08668 qdelay_c_ms=4.22433 ecn_mark=1559 drop=0
[QUEUE_STATS] t_ms=24768 q_pkts=8 q_bytes=12032 qdelay_l_ms=0.637246 qdelay_c_ms=3.91476 ecn_mark=1559 drop=0
[QUEUE_STATS] t_ms=24784 q_pkts=9 q_bytes=13536 qdelay_l_ms=1.05564 qdelay_c_ms=4.27021 ecn_mark=1559 drop=0
[QUEUE_STATS] t_ms=24800 q_pkts=10 q_bytes=15040 qdelay_l_ms=1.04643 qdelay_c_ms=4.03693 ecn_mark=1563 drop=0
[QUEUE_STATS] t_ms=24816 q_pkts=10 q_bytes=15040 qdelay_l_ms=1.07915 qdelay_c_ms=3.68074 ecn_mark=1563 drop=0
[QUEUE_STATS] t_ms=24832 q_pkts=10 q_bytes=15040 qdelay_l_ms=0.829045 qdelay_c_ms=3.79645 ecn_mark=1565 drop=0
[QUEUE_STATS] t_ms=24848 q_pkts=11 q_bytes=16544 qdelay_l_ms=0.932479 qdelay_c_ms=4.81216 ecn_mark=1566 drop=0
[QUEUE_STATS] t_ms=24864 q_pkts=11 q_bytes=16544 qdelay_l_ms=0.913404 qdelay_c_ms=3.69678 ecn_mark=1566 drop=0
[QUEUE_STATS] t_ms=24880 q_pkts=11 q_bytes=16544 qdelay_l_ms=1.09711 qdelay_c_ms=2.7472 ecn_mark=1566 drop=0
[QUEUE_STATS] t_ms=24896 q_pkts=13 q_bytes=19552 qdelay_l_ms=1.08979 qdelay_c_ms=5.99274 ecn_mark=1566 drop=0
[QUEUE_STATS] t_ms=24912 q_pkts=10 q_bytes=15040 qdelay_l_ms=0.913023 qdelay_c_ms=4.97206 ecn_mark=1568 drop=0
[QUEUE_STATS] t_ms=24928 q_pkts=11 q_bytes=16544 qdelay_l_ms=0.901191 qdelay_c_ms=4.89982 ecn_mark=1568 drop=0
[QUEUE_STATS] t_ms=24944 q_pkts=12 q_bytes=18048 qdelay_l_ms=0.619301 qdelay_c_ms=5.81973 ecn_mark=1568 drop=0
[QUEUE_STATS] t_ms=24960 q_pkts=13 q_bytes=19552 qdelay_l_ms=1.10395 qdelay_c_ms=6.06803 ecn_mark=1569 drop=0
[QUEUE_STATS] t_ms=24976 q_pkts=12 q_bytes=18048 qdelay_l_ms=1.07546 qdelay_c_ms=5.27844 ecn_mark=1569 drop=0
[QUEUE_STATS] t_ms=24992 q_pkts=15 q_bytes=22560 qdelay_l_ms=1.10332 qdelay_c_ms=5.1587 ecn_mark=1570 drop=0
[QUEUE_STATS] t_ms=25008 q_pkts=14 q_bytes=21056 qdelay_l_ms=0.915708 qdelay_c_ms=5.00343 ecn_mark=1570 drop=0
[QUEUE_STATS] t_ms=25024 q_pkts=13 q_bytes=19552 qdelay_l_ms=1.07751 qdelay_c_ms=6.835 ecn_mark=1573 drop=0
[QUEUE_STATS] t_ms=25040 q_pkts=14 q_bytes=21056 qdelay_l_ms=0.888807 qdelay_c_ms=4.85452 ecn_mark=1574 drop=0
[QUEUE_STATS] t_ms=25056 q_pkts=14 q_bytes=21056 qdelay_l_ms=1.07909 qdelay_c_ms=7.81368 ecn_mark=1574 drop=0
[QUEUE_STATS] t_ms=25072 q_pkts=14 q_bytes=21056 qdelay_l_ms=0.621326 qdelay_c_ms=7.00651 ecn_mark=1575 drop=0
[QUEUE_STATS] t_ms=25088 q_pkts=15 q_bytes=22560 qdelay_l_ms=0.871865 qdelay_c_ms=6.94555 ecn_mark=1575 drop=0
[QUEUE_STATS] t_ms=25104 q_pkts=16 q_bytes=24064 qdelay_l_ms=1.07134 qdelay_c_ms=8.12523 ecn_mark=1576 drop=0
[QUEUE_STATS] t_ms=25120 q_pkts=16 q_bytes=24064 qdelay_l_ms=1.09563 qdelay_c_ms=7.93601 ecn_mark=1580 drop=0
[QUEUE_STATS] t_ms=25136 q_pkts=17 q_bytes=25568 qdelay_l_ms=1.04988 qdelay_c_ms=7.285 ecn_mark=1580 drop=0
[QUEUE_STATS] t_ms=25152 q_pkts=14 q_bytes=21056 qdelay_l_ms=1.08523 qdelay_c_ms=6.96899 ecn_mark=1580 drop=0
[QUEUE_STATS] t_ms=25168 q_pkts=17 q_bytes=25568 qdelay_l_ms=1.0824 qdelay_c_ms=8.01971 ecn_mark=1580 drop=0
[QUEUE_STATS] t_ms=25184 q_pkts=18 q_bytes=27072 qdelay_l_ms=1.0909 qdelay_c_ms=9.11014 ecn_mark=1582 drop=0
[QUEUE_STATS] t_ms=25200 q_pkts=17 q_bytes=25568 qdelay_l_ms=1.00331 qdelay_c_ms=7.67498 ecn_mark=1583 drop=0
[QUEUE_STATS] t_ms=25216 q_pkts=17 q_bytes=25568 qdelay_l_ms=0.870543 qdelay_c_ms=7.99012 ecn_mark=1585 drop=0
[QUEUE_STATS] t_ms=25232 q_pkts=19 q_bytes=28576 qdelay_l_ms=1.05726 qdelay_c_ms=9.17371 ecn_mark=1585 drop=0
[QUEUE_STATS] t_ms=25248 q_pkts=17 q_bytes=25568 qdelay_l_ms=0.866295 qdelay_c_ms=8.60039 ecn_mark=1586 drop=0
[QUEUE_STATS] t_ms=25264 q_pkts=18 q_bytes=27072 qdelay_l_ms=1.07531 qdelay_c_ms=8.98344 ecn_mark=1586 drop=0
[QUEUE_STATS] t_ms=25280 q_pkts=20 q_bytes=30080 qdelay_l_ms=0.85293 qdelay_c_ms=8.87914 ecn_mark=1586 drop=0
[QUEUE_STATS] t_ms=25296 q_pkts=19 q_bytes=28576 qdelay_l_ms=0.851868 qdelay_c_ms=7.92657 ecn_mark=1586 drop=0
[QUEUE_STATS] t_ms=25312 q_pkts=18 q_bytes=27072 qdelay_l_ms=1.06532 qdelay_c_ms=9.07413 ecn_mark=1589 drop=0
[QUEUE_STATS] t_ms=25328 q_pkts=18 q_bytes=27072 qdelay_l_ms=0.712367 qdelay_c_ms=9.75958 ecn_mark=1590 drop=0
[QUEUE_STATS] t_ms=25344 q_pkts=20 q_bytes=30080 qdelay_l_ms=1.09921 qdelay_c_ms=8.23196 ecn_mark=1590 drop=0
[QUEUE_STATS] t_ms=25360 q_pkts=20 q_bytes=30080 qdelay_l_ms=1.0647 qdelay_c_ms=10.2176 ecn_mark=1592 drop=0
[QUEUE_STATS] t_ms=25376 q_pkts=22 q_bytes=33088 qdelay_l_ms=0.60817 qdelay_c_ms=10.9345 ecn_mark=1592 drop=0
[QUEUE_STATS] t_ms=25392 q_pkts=18 q_bytes=27072 qdelay_l_ms=0.84221 qdelay_c_ms=11.0747 ecn_mark=1593 drop=0
[QUEUE_STATS] t_ms=25408 q_pkts=19 q_bytes=28576 qdelay_l_ms=1.06556 qdelay_c_ms=10.9907 ecn_mark=1593 drop=0
[QUEUE_STATS] t_ms=25424 q_pkts=22 q_bytes=33088 qdelay_l_ms=1.0859 qdelay_c_ms=10.0244 ecn_mark=1594 drop=0
[QUEUE_STATS] t_ms=25440 q_pkts=22 q_bytes=33088 qdelay_l_ms=0.850546 qdelay_c_ms=9.95598 ecn_mark=1594 drop=0
[QUEUE_STATS] t_ms=25456 q_pkts=21 q_bytes=31584 qdelay_l_ms=0.85308 qdelay_c_ms=12.0569 ecn_mark=1594 drop=0
[QUEUE_STATS] t_ms=25472 q_pkts=22 q_bytes=33088 qdelay_l_ms=1.06632 qdelay_c_ms=9.65843 ecn_mark=1594 drop=0
[QUEUE_STATS] t_ms=25488 q_pkts=21 q_bytes=31584 qdelay_l_ms=1.09527 qdelay_c_ms=10.9525 ecn_mark=1594 drop=0
[QUEUE_STATS] t_ms=25504 q_pkts=22 q_bytes=33088 qdelay_l_ms=0.665478 qdelay_c_ms=10.876 ecn_mark=1595 drop=0
[QUEUE_STATS] t_ms=25520 q_pkts=24 q_bytes=36096 qdelay_l_ms=1.09282 qdelay_c_ms=12.0712 ecn_mark=1596 drop=0
[QUEUE_STATS] t_ms=25536 q_pkts=22 q_bytes=33088 qdelay_l_ms=1.06556 qdelay_c_ms=12.1904 ecn_mark=1598 drop=0
[QUEUE_STATS] t_ms=25552 q_pkts=24 q_bytes=36096 qdelay_l_ms=0.705203 qdelay_c_ms=12.9661 ecn_mark=1598 drop=0
[QUEUE_STATS] t_ms=25568 q_pkts=24 q_bytes=36096 qdelay_l_ms=1.0778 qdelay_c_ms=12.9976 ecn_mark=1599 drop=0
[QUEUE_STATS] t_ms=25584 q_pkts=23 q_bytes=34592 qdelay_l_ms=1.08015 qdelay_c_ms=13.1201 ecn_mark=1599 drop=0
[QUEUE_STATS] t_ms=25600 q_pkts=22 q_bytes=33088 qdelay_l_ms=1.086 qdelay_c_ms=10.7084 ecn_mark=1600 drop=0
[QUEUE_STATS] t_ms=25616 q_pkts=24 q_bytes=36096 qdelay_l_ms=1.04595 qdelay_c_ms=12.2691 ecn_mark=1600 drop=0
[QUEUE_STATS] t_ms=25632 q_pkts=25 q_bytes=37600 qdelay_l_ms=0.635663 qdelay_c_ms=13.8634 ecn_mark=1601 drop=0
[QUEUE_STATS] t_ms=25648 q_pkts=25 q_bytes=37600 qdelay_l_ms=0.903886 qdelay_c_ms=10.9901 ecn_mark=1602 drop=0
[QUEUE_STATS] t_ms=25664 q_pkts=24 q_bytes=36096 qdelay_l_ms=1.08317 qdelay_c_ms=12.9621 ecn_mark=1602 drop=0
[QUEUE_STATS] t_ms=25680 q_pkts=26 q_bytes=39104 qdelay_l_ms=1.0965 qdelay_c_ms=13.8492 ecn_mark=1602 drop=0
[QUEUE_STATS] t_ms=25696 q_pkts=23 q_bytes=34592 qdelay_l_ms=0.776888 qdelay_c_ms=11.9841 ecn_mark=1602 drop=0
[QUEUE_STATS] t_ms=25712 q_pkts=26 q_bytes=39104 qdelay_l_ms=1.10963 qdelay_c_ms=14.1143 ecn_mark=1604 drop=0
[QUEUE_STATS] t_ms=25728 q_pkts=28 q_bytes=42112 qdelay_l_ms=1.09409 qdelay_c_ms=14.9069 ecn_mark=1604 drop=0
[QUEUE_STATS] t_ms=25744 q_pkts=27 q_bytes=40608 qdelay_l_ms=0.789802 qdelay_c_ms=12.705 ecn_mark=1605 drop=0
[QUEUE_STATS] t_ms=25760 q_pkts=28 q_bytes=42112 qdelay_l_ms=1.06337 qdelay_c_ms=16.3441 ecn_mark=1608 drop=0
[QUEUE_STATS] t_ms=25776 q_pkts=26 q_bytes=39104 qdelay_l_ms=0.656462 qdelay_c_ms=15.645 ecn_mark=1609 drop=0
[QUEUE_STATS] t_ms=25792 q_pkts=26 q_bytes=39104 qdelay_l_ms=1.08583 qdelay_c_ms=14.9145 ecn_mark=1611 drop=0
[QUEUE_STATS] t_ms=25808 q_pkts=29 q_bytes=43616 qdelay_l_ms=1.05922 qdelay_c_ms=16.0251 ecn_mark=1611 drop=0
[QUEUE_STATS] t_ms=25824 q_pkts=29 q_bytes=43616 qdelay_l_ms=0.850846 qdelay_c_ms=11.8433 ecn_mark=1612 drop=0
[QUEUE_STATS] t_ms=25840 q_pkts=28 q_bytes=42112 qdelay_l_ms=1.09626 qdelay_c_ms=16.0577 ecn_mark=1612 drop=0
[QUEUE_STATS] t_ms=25856 q_pkts=29 q_bytes=43616 qdelay_l_ms=1.0763 qdelay_c_ms=17.2675 ecn_mark=1614 drop=0
[QUEUE_STATS] t_ms=25872 q_pkts=29 q_bytes=43616 qdelay_l_ms=1.0951 qdelay_c_ms=11.8781 ecn_mark=1614 drop=0
[QUEUE_STATS] t_ms=25888 q_pkts=29 q_bytes=43616 qdelay_l_ms=1.05155 qdelay_c_ms=17.2311 ecn_mark=1615 drop=0
[QUEUE_STATS] t_ms=25904 q_pkts=28 q_bytes=42112 qdelay_l_ms=1.09612 qdelay_c_ms=15.9475 ecn_mark=1616 drop=0
[QUEUE_STATS] t_ms=25920 q_pkts=29 q_bytes=43616 qdelay_l_ms=1.06682 qdelay_c_ms=15.1413 ecn_mark=1617 drop=0
[QUEUE_STATS] t_ms=25936 q_pkts=28 q_bytes=42112 qdelay_l_ms=1.08735 qdelay_c_ms=17.1109 ecn_mark=1618 drop=0
[QUEUE_STATS] t_ms=25952 q_pkts=30 q_bytes=45120 qdelay_l_ms=1.10869 qdelay_c_ms=13.0531 ecn_mark=1618 drop=0
[QUEUE_STATS] t_ms=25968 q_pkts=29 q_bytes=43616 qdelay_l_ms=1.07248 qdelay_c_ms=15.97 ecn_mark=1619 drop=0
[QUEUE_STATS] t_ms=25984 q_pkts=28 q_bytes=42112 qdelay_l_ms=0.868249 qdelay_c_ms=17.0415 ecn_mark=1619 drop=0
[QUEUE_STATS] t_ms=26000 q_pkts=31 q_bytes=46624 qdelay_l_ms=0.829937 qdelay_c_ms=13.8103 ecn_mark=1621 drop=0
[QUEUE_STATS] t_ms=26016 q_pkts=30 q_bytes=45120 qdelay_l_ms=1.07391 qdelay_c_ms=17.0631 ecn_mark=1622 drop=0
[QUEUE_STATS] t_ms=26032 q_pkts=30 q_bytes=45120 qdelay_l_ms=0.60243 qdelay_c_ms=16.9062 ecn_mark=1622 drop=0
[QUEUE_STATS] t_ms=26048 q_pkts=31 q_bytes=46624 qdelay_l_ms=1.07061 qdelay_c_ms=16.072 ecn_mark=1625 drop=0
[QUEUE_STATS] t_ms=26064 q_pkts=31 q_bytes=46624 qdelay_l_ms=0.776276 qdelay_c_ms=15.7459 ecn_mark=1625 drop=0
[QUEUE_STATS] t_ms=26080 q_pkts=32 q_bytes=48128 qdelay_l_ms=1.08239 qdelay_c_ms=18.0036 ecn_mark=1626 drop=0
[QUEUE_STATS] t_ms=26096 q_pkts=33 q_bytes=49632 qdelay_l_ms=1.10659 qdelay_c_ms=15.9262 ecn_mark=1627 drop=0
[QUEUE_STATS] t_ms=26112 q_pkts=32 q_bytes=48128 qdelay_l_ms=1.06945 qdelay_c_ms=17.9582 ecn_mark=1627 drop=0
[QUEUE_STATS] t_ms=26128 q_pkts=32 q_bytes=48128 qdelay_l_ms=1.07676 qdelay_c_ms=18.1065 ecn_mark=1627 drop=0
[QUEUE_STATS] t_ms=26144 q_pkts=32 q_bytes=48128 qdelay_l_ms=1.06633 qdelay_c_ms=17.0488 ecn_mark=1628 drop=0
[QUEUE_STATS] t_ms=26160 q_pkts=31 q_bytes=46624 qdelay_l_ms=1.06626 qdelay_c_ms=19.5079 ecn_mark=1628 drop=0
[QUEUE_STATS] t_ms=26176 q_pkts=34 q_bytes=51136 qdelay_l_ms=0.842129 qdelay_c_ms=18.7498 ecn_mark=1628 drop=0
[QUEUE_STATS] t_ms=26192 q_pkts=33 q_bytes=49632 qdelay_l_ms=0.788459 qdelay_c_ms=16.7697 ecn_mark=1629 drop=0
[QUEUE_STATS] t_ms=26208 q_pkts=31 q_bytes=46624 qdelay_l_ms=0.780834 qdelay_c_ms=19.7704 ecn_mark=1631 drop=0
[QUEUE_STATS] t_ms=26224 q_pkts=32 q_bytes=48128 qdelay_l_ms=0.851397 qdelay_c_ms=14.8768 ecn_mark=1631 drop=0
[QUEUE_STATS] t_ms=26240 q_pkts=33 q_bytes=49632 qdelay_l_ms=1.06648 qdelay_c_ms=19.2394 ecn_mark=1631 drop=0
[QUEUE_STATS] t_ms=26256 q_pkts=32 q_bytes=48128 qdelay_l_ms=1.08385 qdelay_c_ms=18.9107 ecn_mark=1631 drop=0
[QUEUE_STATS] t_ms=26272 q_pkts=33 q_bytes=49632 qdelay_l_ms=1.08016 qdelay_c_ms=15.8658 ecn_mark=1632 drop=0
[QUEUE_STATS] t_ms=26288 q_pkts=34 q_bytes=51136 qdelay_l_ms=1.04291 qdelay_c_ms=20.3934 ecn_mark=1633 drop=0
[QUEUE_STATS] t_ms=26304 q_pkts=34 q_bytes=51136 qdelay_l_ms=1.08289 qdelay_c_ms=19.9988 ecn_mark=1633 drop=0
[QUEUE_STATS] t_ms=26320 q_pkts=34 q_bytes=51136 qdelay_l_ms=1.06543 qdelay_c_ms=17.9451 ecn_mark=1633 drop=0
[QUEUE_STATS] t_ms=26336 q_pkts=36 q_bytes=54144 qdelay_l_ms=0.806483 qdelay_c_ms=21.0334 ecn_mark=1634 drop=0
[QUEUE_STATS] t_ms=26352 q_pkts=36 q_bytes=54144 qdelay_l_ms=1.09935 qdelay_c_ms=19.2023 ecn_mark=1635 drop=0
[QUEUE_STATS] t_ms=26368 q_pkts=36 q_bytes=54144 qdelay_l_ms=1.06671 qdelay_c_ms=19.645 ecn_mark=1636 drop=0
[QUEUE_STATS] t_ms=26384 q_pkts=34 q_bytes=51136 qdelay_l_ms=1.06989 qdelay_c_ms=20.3033 ecn_mark=1636 drop=0
[QUEUE_STATS] t_ms=26400 q_pkts=35 q_bytes=52640 qdelay_l_ms=0.625243 qdelay_c_ms=17.9188 ecn_mark=1638 drop=0
[QUEUE_STATS] t_ms=26416 q_pkts=35 q_bytes=52640 qdelay_l_ms=1.07111 qdelay_c_ms=20.8618 ecn_mark=1638 drop=0
[QUEUE_STATS] t_ms=26432 q_pkts=37 q_bytes=55648 qdelay_l_ms=1.09419 qdelay_c_ms=22.1494 ecn_mark=1639 drop=0
[QUEUE_STATS] t_ms=26448 q_pkts=36 q_bytes=54144 qdelay_l_ms=1.06727 qdelay_c_ms=20.0095 ecn_mark=1640 drop=0
[QUEUE_STATS] t_ms=26464 q_pkts=36 q_bytes=54144 qdelay_l_ms=1.06686 qdelay_c_ms=20.8084 ecn_mark=1642 drop=0
[QUEUE_STATS] t_ms=26480 q_pkts=39 q_bytes=58656 qdelay_l_ms=1.07953 qdelay_c_ms=22.0803 ecn_mark=1645 drop=0
[QUEUE_STATS] t_ms=26496 q_pkts=37 q_bytes=55648 qdelay_l_ms=1.0868 qdelay_c_ms=18.922 ecn_mark=1646 drop=0
[QUEUE_STATS] t_ms=26512 q_pkts=38 q_bytes=57152 qdelay_l_ms=0.617439 qdelay_c_ms=21.8729 ecn_mark=1646 drop=0
[QUEUE_STATS] t_ms=26528 q_pkts=39 q_bytes=58656 qdelay_l_ms=1.07569 qdelay_c_ms=22.224 ecn_mark=1647 drop=0
[QUEUE_STATS] t_ms=26544 q_pkts=38 q_bytes=57152 qdelay_l_ms=0.747893 qdelay_c_ms=21.819 ecn_mark=1647 drop=0
[QUEUE_STATS] t_ms=26560 q_pkts=37 q_bytes=55648 qdelay_l_ms=1.07225 qdelay_c_ms=21.0357 ecn_mark=1650 drop=0
[QUEUE_STATS] t_ms=26576 q_pkts=40 q_bytes=60160 qdelay_l_ms=0.642646 qdelay_c_ms=22.9728 ecn_mark=1651 drop=0
[QUEUE_STATS] t_ms=26592 q_pkts=38 q_bytes=57152 qdelay_l_ms=1.08333 qdelay_c_ms=23.1239 ecn_mark=1653 drop=0
[QUEUE_STATS] t_ms=26608 q_pkts=38 q_bytes=57152 qdelay_l_ms=0.754135 qdelay_c_ms=20.8014 ecn_mark=1653 drop=0
[QUEUE_STATS] t_ms=26624 q_pkts=41 q_bytes=61664 qdelay_l_ms=1.08169 qdelay_c_ms=24.0148 ecn_mark=1653 drop=0
[QUEUE_STATS] t_ms=26640 q_pkts=37 q_bytes=55648 qdelay_l_ms=1.06995 qdelay_c_ms=21.2137 ecn_mark=1653 drop=0
[QUEUE_STATS] t_ms=26656 q_pkts=39 q_bytes=58656 qdelay_l_ms=0.771718 qdelay_c_ms=21.7479 ecn_mark=1654 drop=0
[QUEUE_STATS] t_ms=26672 q_pkts=41 q_bytes=61664 qdelay_l_ms=1.083 qdelay_c_ms=22.2249 ecn_mark=1655 drop=0
[QUEUE_STATS] t_ms=26688 q_pkts=37 q_bytes=55648 qdelay_l_ms=0.744256 qdelay_c_ms=20.9335 ecn_mark=1655 drop=0
[QUEUE_STATS] t_ms=26704 q_pkts=39 q_bytes=58656 qdelay_l_ms=1.08265 qdelay_c_ms=24.0586 ecn_mark=1659 drop=0
[QUEUE_STATS] t_ms=26720 q_pkts=40 q_bytes=60160 qdelay_l_ms=1.07189 qdelay_c_ms=23.1184 ecn_mark=1661 drop=0
[QUEUE_STATS] t_ms=26736 q_pkts=40 q_bytes=60160 qdelay_l_ms=1.09732 qdelay_c_ms=21.7969 ecn_mark=1661 drop=0
[QUEUE_STATS] t_ms=26752 q_pkts=38 q_bytes=57152 qdelay_l_ms=1.03922 qdelay_c_ms=24.1694 ecn_mark=1662 drop=0
[QUEUE_STATS] t_ms=26768 q_pkts=41 q_bytes=61664 qdelay_l_ms=1.09801 qdelay_c_ms=22.3433 ecn_mark=1664 drop=0
[QUEUE_STATS] t_ms=26784 q_pkts=41 q_bytes=61664 qdelay_l_ms=1.0963 qdelay_c_ms=22.6138 ecn_mark=1665 drop=0
[QUEUE_STATS] t_ms=26800 q_pkts=37 q_bytes=55648 qdelay_l_ms=1.06678 qdelay_c_ms=24.0275 ecn_mark=1665 drop=0
[QUEUE_STATS] t_ms=26816 q_pkts=42 q_bytes=63168 qdelay_l_ms=1.086 qdelay_c_ms=23.0476 ecn_mark=1666 drop=0
[QUEUE_STATS] t_ms=26832 q_pkts=40 q_bytes=60160 qdelay_l_ms=1.0654 qdelay_c_ms=24.0972 ecn_mark=1666 drop=0
[QUEUE_STATS] t_ms=26848 q_pkts=38 q_bytes=57152 qdelay_l_ms=1.0701 qdelay_c_ms=21.7127 ecn_mark=1666 drop=0
[QUEUE_STATS] t_ms=26864 q_pkts=42 q_bytes=63168 qdelay_l_ms=1.09362 qdelay_c_ms=23.9127 ecn_mark=1666 drop=0
[QUEUE_STATS] t_ms=26880 q_pkts=41 q_bytes=61664 qdelay_l_ms=0.912582 qdelay_c_ms=23.9223 ecn_mark=1668 drop=0
[QUEUE_STATS] t_ms=26896 q_pkts=42 q_bytes=63168 qdelay_l_ms=1.08251 qdelay_c_ms=23.2777 ecn_mark=1668 drop=0
[QUEUE_STATS] t_ms=26912 q_pkts=42 q_bytes=63168 qdelay_l_ms=1.05841 qdelay_c_ms=25.2067 ecn_mark=1669 drop=0
[QUEUE_STATS] t_ms=26928 q_pkts=41 q_bytes=61664 qdelay_l_ms=1.06246 qdelay_c_ms=25.1974 ecn_mark=1670 drop=0
[QUEUE_STATS] t_ms=26944 q_pkts=43 q_bytes=64672 qdelay_l_ms=1.07136 qdelay_c_ms=24.9453 ecn_mark=1670 drop=0
[QUEUE_STATS] t_ms=26960 q_pkts=43 q_bytes=64672 qdelay_l_ms=0.777529 qdelay_c_ms=24.5715 ecn_mark=1670 drop=0
[QUEUE_STATS] t_ms=26976 q_pkts=42 q_bytes=63168 qdelay_l_ms=1.08322 qdelay_c_ms=22.5878 ecn_mark=1670 drop=0
[QUEUE_STATS] t_ms=26992 q_pkts=42 q_bytes=63168 qdelay_l_ms=1.08938 qdelay_c_ms=23.86 ecn_mark=1670 drop=0
[QUEUE_STATS] t_ms=27008 q_pkts=45 q_bytes=67680 qdelay_l_ms=0.75169 qdelay_c_ms=26.8553 ecn_mark=1671 drop=0
[QUEUE_STATS] t_ms=27024 q_pkts=42 q_bytes=63168 qdelay_l_ms=1.0659 qdelay_c_ms=25.0387 ecn_mark=1673 drop=0
[QUEUE_STATS] t_ms=27040 q_pkts=43 q_bytes=64672 qdelay_l_ms=1.0653 qdelay_c_ms=25.3964 ecn_mark=1673 drop=0
[QUEUE_STATS] t_ms=27056 q_pkts=43 q_bytes=64672 qdelay_l_ms=0.76794 qdelay_c_ms=26.9413 ecn_mark=1675 drop=0
[QUEUE_STATS] t_ms=27072 q_pkts=43 q_bytes=64672 qdelay_l_ms=1.06656 qdelay_c_ms=23.939 ecn_mark=1676 drop=0
[QUEUE_STATS] t_ms=27088 q_pkts=41 q_bytes=61664 qdelay_l_ms=1.0716 qdelay_c_ms=26.0709 ecn_mark=1678 drop=0
[QUEUE_STATS] t_ms=27104 q_pkts=44 q_bytes=66176 qdelay_l_ms=0.73027 qdelay_c_ms=23.7239 ecn_mark=1678 drop=0
[QUEUE_STATS] t_ms=27120 q_pkts=42 q_bytes=63168 qdelay_l_ms=1.06651 qdelay_c_ms=24.8785 ecn_mark=1679 drop=0
[QUEUE_STATS] t_ms=27136 q_pkts=44 q_bytes=66176 qdelay_l_ms=1.0943 qdelay_c_ms=25.9167 ecn_mark=1679 drop=0
[QUEUE_STATS] t_ms=27152 q_pkts=46 q_bytes=69184 qdelay_l_ms=1.08867 qdelay_c_ms=25.8228 ecn_mark=1681 drop=0
[QUEUE_STATS] t_ms=27168 q_pkts=44 q_bytes=66176 qdelay_l_ms=1.07234 qdelay_c_ms=27.185 ecn_mark=1681 drop=0
[QUEUE_STATS] t_ms=27184 q_pkts=44 q_bytes=66176 qdelay_l_ms=1.07068 qdelay_c_ms=27.0268 ecn_mark=1682 drop=0
[QUEUE_STATS] t_ms=27200 q_pkts=46 q_bytes=69184 qdelay_l_ms=0.620785 qdelay_c_ms=26.8755 ecn_mark=1683 drop=0
[QUEUE_STATS] t_ms=27216 q_pkts=46 q_bytes=69184 qdelay_l_ms=1.09592 qdelay_c_ms=27.924 ecn_mark=1684 drop=0
[QUEUE_STATS] t_ms=27232 q_pkts=44 q_bytes=66176 qdelay_l_ms=0 qdelay_c_ms=27.6914 ecn_mark=1684 drop=0
[QUEUE_STATS] t_ms=27248 q_pkts=47 q_bytes=70688 qdelay_l_ms=0.577664 qdelay_c_ms=27.8208 ecn_mark=1684 drop=0
[QUEUE_STATS] t_ms=27264 q_pkts=47 q_bytes=70688 qdelay_l_ms=1.07995 qdelay_c_ms=28.692 ecn_mark=1685 drop=0
[QUEUE_STATS] t_ms=27280 q_pkts=46 q_bytes=69184 qdelay_l_ms=1.07115 qdelay_c_ms=27.2681 ecn_mark=1686 drop=0
[QUEUE_STATS] t_ms=27296 q_pkts=50 q_bytes=75200 qdelay_l_ms=1.08188 qdelay_c_ms=29.8764 ecn_mark=1688 drop=0
[QUEUE_STATS] t_ms=27312 q_pkts=46 q_bytes=69184 qdelay_l_ms=0.73048 qdelay_c_ms=28.4194 ecn_mark=1688 drop=0
[QUEUE_STATS] t_ms=27328 q_pkts=45 q_bytes=67680 qdelay_l_ms=0.56524 qdelay_c_ms=28.5345 ecn_mark=1688 drop=0
[QUEUE_STATS] t_ms=27344 q_pkts=49 q_bytes=73696 qdelay_l_ms=0.553237 qdelay_c_ms=29.7851 ecn_mark=1689 drop=0
[QUEUE_STATS] t_ms=27360 q_pkts=49 q_bytes=73696 qdelay_l_ms=1.06826 qdelay_c_ms=26.9803 ecn_mark=1692 drop=0
[QUEUE_STATS] t_ms=27376 q_pkts=49 q_bytes=73696 qdelay_l_ms=1.09949 qdelay_c_ms=29.9804 ecn_mark=1692 drop=0
[QUEUE_STATS] t_ms=27392 q_pkts=50 q_bytes=75200 qdelay_l_ms=1.09137 qdelay_c_ms=30.951 ecn_mark=1692 drop=0
[QUEUE_STATS] t_ms=27408 q_pkts=49 q_bytes=73696 qdelay_l_ms=1.05993 qdelay_c_ms=29.2133 ecn_mark=1692 drop=0
[QUEUE_STATS] t_ms=27424 q_pkts=48 q_bytes=72192 qdelay_l_ms=1.08739 qdelay_c_ms=31.0319 ecn_mark=1692 drop=0
[QUEUE_STATS] t_ms=27440 q_pkts=50 q_bytes=75200 qdelay_l_ms=0.718618 qdelay_c_ms=31.7262 ecn_mark=1692 drop=0
[QUEUE_STATS] t_ms=27456 q_pkts=50 q_bytes=75200 qdelay_l_ms=1.05631 qdelay_c_ms=29.3769 ecn_mark=1694 drop=0
[QUEUE_STATS] t_ms=27472 q_pkts=48 q_bytes=72192 qdelay_l_ms=1.08702 qdelay_c_ms=31.1298 ecn_mark=1694 drop=0
[QUEUE_STATS] t_ms=27488 q_pkts=53 q_bytes=79712 qdelay_l_ms=1.07153 qdelay_c_ms=31.7539 ecn_mark=1694 drop=0
[QUEUE_STATS] t_ms=27504 q_pkts=50 q_bytes=75200 qdelay_l_ms=1.07395 qdelay_c_ms=30.8398 ecn_mark=1694 drop=0
[QUEUE_STATS] t_ms=27520 q_pkts=52 q_bytes=78208 qdelay_l_ms=1.07058 qdelay_c_ms=32.9422 ecn_mark=1695 drop=0
[QUEUE_STATS] t_ms=27536 q_pkts=53 q_bytes=79712 qdelay_l_ms=0.715532 qdelay_c_ms=30.6707 ecn_mark=1697 drop=0
[QUEUE_STATS] t_ms=27552 q_pkts=50 q_bytes=75200 qdelay_l_ms=1.08385 qdelay_c_ms=31.173 ecn_mark=1698 drop=0
[QUEUE_STATS] t_ms=27568 q_pkts=51 q_bytes=76704 qdelay_l_ms=1.07305 qdelay_c_ms=35.1611 ecn_mark=1698 drop=0
[QUEUE_STATS] t_ms=27584 q_pkts=51 q_bytes=76704 qdelay_l_ms=1.05057 qdelay_c_ms=31.7189 ecn_mark=1699 drop=0
[QUEUE_STATS] t_ms=27600 q_pkts=53 q_bytes=79712 qdelay_l_ms=0.535885 qdelay_c_ms=31.0141 ecn_mark=1699 drop=0
[QUEUE_STATS] t_ms=27616 q_pkts=54 q_bytes=81216 qdelay_l_ms=1.06644 qdelay_c_ms=34.1795 ecn_mark=1700 drop=0
[QUEUE_STATS] t_ms=27632 q_pkts=52 q_bytes=78208 qdelay_l_ms=1.0602 qdelay_c_ms=30.9125 ecn_mark=1701 drop=0
[QUEUE_STATS] t_ms=27648 q_pkts=52 q_bytes=78208 qdelay_l_ms=1.0665 qdelay_c_ms=33.0391 ecn_mark=1703 drop=0
[QUEUE_STATS] t_ms=27664 q_pkts=55 q_bytes=82720 qdelay_l_ms=1.06588 qdelay_c_ms=33.0824 ecn_mark=1704 drop=0
[QUEUE_STATS] t_ms=27680 q_pkts=53 q_bytes=79712 qdelay_l_ms=1.04843 qdelay_c_ms=32.0627 ecn_mark=1704 drop=0
[QUEUE_STATS] t_ms=27696 q_pkts=52 q_bytes=78208 qdelay_l_ms=1.06154 qdelay_c_ms=34.5872 ecn_mark=1705 drop=0
[QUEUE_STATS] t_ms=27712 q_pkts=54 q_bytes=81216 qdelay_l_ms=1.0762 qdelay_c_ms=32.93 ecn_mark=1705 drop=0
[QUEUE_STATS] t_ms=27728 q_pkts=55 q_bytes=82720 qdelay_l_ms=0.54366 qdelay_c_ms=33.7419 ecn_mark=1705 drop=0
[QUEUE_STATS] t_ms=27744 q_pkts=52 q_bytes=78208 qdelay_l_ms=1.08444 qdelay_c_ms=35.9429 ecn_mark=1705 drop=0
[QUEUE_STATS] t_ms=27760 q_pkts=53 q_bytes=79712 qdelay_l_ms=1.05384 qdelay_c_ms=35.0958 ecn_mark=1705 drop=0
[QUEUE_STATS] t_ms=27776 q_pkts=55 q_bytes=82720 qdelay_l_ms=1.06088 qdelay_c_ms=34.48 ecn_mark=1705 drop=0
[QUEUE_STATS] t_ms=27792 q_pkts=55 q_bytes=82720 qdelay_l_ms=1.05404 qdelay_c_ms=36.0781 ecn_mark=1705 drop=0
[QUEUE_STATS] t_ms=27808 q_pkts=54 q_bytes=81216 qdelay_l_ms=1.04727 qdelay_c_ms=34.7496 ecn_mark=1705 drop=0
[QUEUE_STATS] t_ms=27824 q_pkts=56 q_bytes=84224 qdelay_l_ms=1.04405 qdelay_c_ms=37.9631 ecn_mark=1705 drop=0
[QUEUE_STATS] t_ms=27840 q_pkts=56 q_bytes=84224 qdelay_l_ms=1.02082 qdelay_c_ms=35.8893 ecn_mark=1706 drop=0
[QUEUE_STATS] t_ms=27856 q_pkts=55 q_bytes=82720 qdelay_l_ms=1.0542 qdelay_c_ms=34.2573 ecn_mark=1708 drop=0
[QUEUE_STATS] t_ms=27872 q_pkts=58 q_bytes=87232 qdelay_l_ms=1.04398 qdelay_c_ms=38.3237 ecn_mark=1708 drop=0
[QUEUE_STATS] t_ms=27888 q_pkts=56 q_bytes=84224 qdelay_l_ms=1.03096 qdelay_c_ms=36.9327 ecn_mark=1708 drop=0
[QUEUE_STATS] t_ms=27904 q_pkts=56 q_bytes=84224 qdelay_l_ms=1.08072 qdelay_c_ms=37.5273 ecn_mark=1708 drop=0
[QUEUE_STATS] t_ms=27920 q_pkts=60 q_bytes=90240 qdelay_l_ms=1.02806 qdelay_c_ms=40.8168 ecn_mark=1709 drop=0
[QUEUE_STATS] t_ms=27936 q_pkts=59 q_bytes=88736 qdelay_l_ms=1.03022 qdelay_c_ms=36.8355 ecn_mark=1710 drop=0
[QUEUE_STATS] t_ms=27952 q_pkts=59 q_bytes=88736 qdelay_l_ms=1.07617 qdelay_c_ms=38.0292 ecn_mark=1711 drop=0
[QUEUE_STATS] t_ms=27968 q_pkts=59 q_bytes=88736 qdelay_l_ms=1.03062 qdelay_c_ms=41.1118 ecn_mark=1713 drop=0
[QUEUE_STATS] t_ms=27984 q_pkts=58 q_bytes=87232 qdelay_l_ms=1.08452 qdelay_c_ms=37.8447 ecn_mark=1713 drop=0
[QUEUE_STATS] t_ms=28000 q_pkts=59 q_bytes=88736 qdelay_l_ms=0.858741 qdelay_c_ms=39.0584 ecn_mark=1713 drop=0
[QUEUE_STATS] t_ms=28016 q_pkts=60 q_bytes=90240 qdelay_l_ms=1.02499 qdelay_c_ms=40.0591 ecn_mark=1714 drop=0
[QUEUE_STATS] t_ms=28032 q_pkts=59 q_bytes=88736 qdelay_l_ms=1.07363 qdelay_c_ms=37.9706 ecn_mark=1715 drop=0
[QUEUE_STATS] t_ms=28048 q_pkts=59 q_bytes=88736 qdelay_l_ms=1.02753 qdelay_c_ms=40.9538 ecn_mark=1715 drop=0
[QUEUE_STATS] t_ms=28064 q_pkts=60 q_bytes=90240 qdelay_l_ms=1.0281 qdelay_c_ms=40.1107 ecn_mark=1715 drop=0
[QUEUE_STATS] t_ms=28080 q_pkts=60 q_bytes=90240 qdelay_l_ms=1.03069 qdelay_c_ms=39.996 ecn_mark=1715 drop=0
[QUEUE_STATS] t_ms=28096 q_pkts=61 q_bytes=91744 qdelay_l_ms=1.02099 qdelay_c_ms=41.7584 ecn_mark=1715 drop=0
[QUEUE_STATS] t_ms=28112 q_pkts=62 q_bytes=93248 qdelay_l_ms=1.05424 qdelay_c_ms=41.3453 ecn_mark=1717 drop=0
[QUEUE_STATS] t_ms=28128 q_pkts=61 q_bytes=91744 qdelay_l_ms=1.0188 qdelay_c_ms=42.8181 ecn_mark=1717 drop=0
[QUEUE_STATS] t_ms=28144 q_pkts=61 q_bytes=91744 qdelay_l_ms=1.01524 qdelay_c_ms=41.0953 ecn_mark=1717 drop=0
[QUEUE_STATS] t_ms=28160 q_pkts=62 q_bytes=93248 qdelay_l_ms=1.07469 qdelay_c_ms=43.2683 ecn_mark=1718 drop=0
[QUEUE_STATS] t_ms=28176 q_pkts=61 q_bytes=91744 qdelay_l_ms=1.08888 qdelay_c_ms=43.3849 ecn_mark=1720 drop=0
[QUEUE_STATS] t_ms=28192 q_pkts=62 q_bytes=93248 qdelay_l_ms=1.02086 qdelay_c_ms=42.911 ecn_mark=1721 drop=0
[QUEUE_STATS] t_ms=28208 q_pkts=62 q_bytes=93248 qdelay_l_ms=1.01345 qdelay_c_ms=42.611 ecn_mark=1723 drop=0
[QUEUE_STATS] t_ms=28224 q_pkts=62 q_bytes=93248 qdelay_l_ms=1.00734 qdelay_c_ms=44.92 ecn_mark=1726 drop=0
[QUEUE_STATS] t_ms=28240 q_pkts=63 q_bytes=94752 qdelay_l_ms=0.972615 qdelay_c_ms=44.0369 ecn_mark=1727 drop=0
[QUEUE_STATS] t_ms=28256 q_pkts=63 q_bytes=94752 qdelay_l_ms=0.997111 qdelay_c_ms=42.9599 ecn_mark=1730 drop=0
[QUEUE_STATS] t_ms=28272 q_pkts=63 q_bytes=94752 qdelay_l_ms=1.01325 qdelay_c_ms=43.8429 ecn_mark=1730 drop=0
[QUEUE_STATS] t_ms=28288 q_pkts=63 q_bytes=94752 qdelay_l_ms=1.01337 qdelay_c_ms=45.0161 ecn_mark=1731 drop=0
[QUEUE_STATS] t_ms=28304 q_pkts=63 q_bytes=94752 qdelay_l_ms=1.00134 qdelay_c_ms=43.9684 ecn_mark=1732 drop=0
[QUEUE_STATS] t_ms=28320 q_pkts=63 q_bytes=94752 qdelay_l_ms=1.09475 qdelay_c_ms=45.1788 ecn_mark=1737 drop=0
[QUEUE_STATS] t_ms=28336 q_pkts=63 q_bytes=94752 qdelay_l_ms=1.05831 qdelay_c_ms=45.1045 ecn_mark=1738 drop=0
[QUEUE_STATS] t_ms=28352 q_pkts=64 q_bytes=96256 qdelay_l_ms=1.00838 qdelay_c_ms=45.068 ecn_mark=1739 drop=0
[QUEUE_STATS] t_ms=28368 q_pkts=63 q_bytes=94752 qdelay_l_ms=1.01752 qdelay_c_ms=43.0086 ecn_mark=1740 drop=0
[QUEUE_STATS] t_ms=28384 q_pkts=64 q_bytes=96256 qdelay_l_ms=1.08776 qdelay_c_ms=44.9487 ecn_mark=1741 drop=0
[QUEUE_STATS] t_ms=28400 q_pkts=65 q_bytes=97760 qdelay_l_ms=1.0105 qdelay_c_ms=44.8638 ecn_mark=1742 drop=0
[QUEUE_STATS] t_ms=28416 q_pkts=63 q_bytes=94752 qdelay_l_ms=1.01145 qdelay_c_ms=43.1649 ecn_mark=1744 drop=0
[QUEUE_STATS] t_ms=28432 q_pkts=65 q_bytes=97760 qdelay_l_ms=1.07449 qdelay_c_ms=44.807 ecn_mark=1744 drop=0
[QUEUE_STATS] t_ms=28448 q_pkts=64 q_bytes=96256 qdelay_l_ms=1.00077 qdelay_c_ms=47.0221 ecn_mark=1745 drop=0
[QUEUE_STATS] t_ms=28464 q_pkts=63 q_bytes=94752 qdelay_l_ms=1.07075 qdelay_c_ms=43.7326 ecn_mark=1745 drop=0
[QUEUE_STATS] t_ms=28480 q_pkts=63 q_bytes=94752 qdelay_l_ms=1.07682 qdelay_c_ms=44.7795 ecn_mark=1746 drop=0
[QUEUE_STATS] t_ms=28496 q_pkts=64 q_bytes=96256 qdelay_l_ms=0.993984 qdelay_c_ms=45.9172 ecn_mark=1746 drop=0
[QUEUE_STATS] t_ms=28512 q_pkts=63 q_bytes=94752 qdelay_l_ms=1.01054 qdelay_c_ms=42.9547 ecn_mark=1746 drop=0
[QUEUE_STATS] t_ms=28528 q_pkts=65 q_bytes=97760 qdelay_l_ms=1.08424 qdelay_c_ms=45.8096 ecn_mark=1746 drop=0
[QUEUE_STATS] t_ms=28544 q_pkts=66 q_bytes=99264 qdelay_l_ms=1.00684 qdelay_c_ms=47.0681 ecn_mark=1747 drop=0
[QUEUE_STATS] t_ms=28560 q_pkts=64 q_bytes=96256 qdelay_l_ms=1.07007 qdelay_c_ms=45.2749 ecn_mark=1751 drop=0
[QUEUE_STATS] t_ms=28576 q_pkts=65 q_bytes=97760 qdelay_l_ms=1.00611 qdelay_c_ms=44.9391 ecn_mark=1753 drop=0
[QUEUE_STATS] t_ms=28592 q_pkts=65 q_bytes=97760 qdelay_l_ms=1.01076 qdelay_c_ms=47.9248 ecn_mark=1753 drop=0
[QUEUE_STATS] t_ms=28608 q_pkts=65 q_bytes=97760 qdelay_l_ms=1.08918 qdelay_c_ms=45.8996 ecn_mark=1753 drop=0
[QUEUE_STATS] t_ms=28624 q_pkts=65 q_bytes=97760 qdelay_l_ms=1.0058 qdelay_c_ms=45.8529 ecn_mark=1754 drop=0
[QUEUE_STATS] t_ms=28640 q_pkts=67 q_bytes=100768 qdelay_l_ms=1.07291 qdelay_c_ms=48.111 ecn_mark=1756 drop=0
[QUEUE_STATS] t_ms=28656 q_pkts=66 q_bytes=97812 qdelay_l_ms=1.00316 qdelay_c_ms=46.5422 ecn_mark=1756 drop=0
[QUEUE_STATS] t_ms=28672 q_pkts=67 q_bytes=99316 qdelay_l_ms=1.00412 qdelay_c_ms=46.952 ecn_mark=1757 drop=0
[QUEUE_STATS] t_ms=28688 q_pkts=66 q_bytes=97812 qdelay_l_ms=1.07674 qdelay_c_ms=49.1059 ecn_mark=1758 drop=0
[QUEUE_STATS] t_ms=28704 q_pkts=67 q_bytes=100768 qdelay_l_ms=1.09955 qdelay_c_ms=47.1514 ecn_mark=1759 drop=0
[QUEUE_STATS] t_ms=28720 q_pkts=65 q_bytes=97760 qdelay_l_ms=1.00094 qdelay_c_ms=48.0708 ecn_mark=1761 drop=0
[QUEUE_STATS] t_ms=28736 q_pkts=69 q_bytes=103776 qdelay_l_ms=1.09663 qdelay_c_ms=48.0836 ecn_mark=1761 drop=0
[QUEUE_STATS] t_ms=28752 q_pkts=66 q_bytes=99264 qdelay_l_ms=1.01074 qdelay_c_ms=46.6776 ecn_mark=1761 drop=0
[QUEUE_STATS] t_ms=28768 q_pkts=65 q_bytes=97760 qdelay_l_ms=1.07465 qdelay_c_ms=47.1513 ecn_mark=1763 drop=0
[QUEUE_STATS] t_ms=28784 q_pkts=64 q_bytes=96256 qdelay_l_ms=1.0729 qdelay_c_ms=48.9618 ecn_mark=1763 drop=0
[QUEUE_STATS] t_ms=28800 q_pkts=66 q_bytes=99264 qdelay_l_ms=1.00526 qdelay_c_ms=49.11 ecn_mark=1763 drop=0
[QUEUE_STATS] t_ms=28816 q_pkts=65 q_bytes=97760 qdelay_l_ms=1.05359 qdelay_c_ms=45.9641 ecn_mark=1765 drop=0
[QUEUE_STATS] t_ms=28832 q_pkts=66 q_bytes=99264 qdelay_l_ms=1.07644 qdelay_c_ms=47.124 ecn_mark=1767 drop=0
[QUEUE_STATS] t_ms=28848 q_pkts=66 q_bytes=99264 qdelay_l_ms=0.987382 qdelay_c_ms=48.0234 ecn_mark=1768 drop=0
[QUEUE_STATS] t_ms=28864 q_pkts=66 q_bytes=99264 qdelay_l_ms=1.01089 qdelay_c_ms=46.0094 ecn_mark=1770 drop=0
[QUEUE_STATS] t_ms=28880 q_pkts=65 q_bytes=97760 qdelay_l_ms=1.0791 qdelay_c_ms=46.9703 ecn_mark=1770 drop=0
[QUEUE_STATS] t_ms=28896 q_pkts=65 q_bytes=97760 qdelay_l_ms=1.0104 qdelay_c_ms=46.9076 ecn_mark=1770 drop=0
[QUEUE_STATS] t_ms=28912 q_pkts=65 q_bytes=97760 qdelay_l_ms=1.0167 qdelay_c_ms=46.0907 ecn_mark=1771 drop=0
[QUEUE_STATS] t_ms=28928 q_pkts=66 q_bytes=99264 qdelay_l_ms=0.510076 qdelay_c_ms=46.6411 ecn_mark=1773 drop=0
[QUEUE_STATS] t_ms=28944 q_pkts=67 q_bytes=100768 qdelay_l_ms=1.01057 qdelay_c_ms=46.9314 ecn_mark=1776 drop=0
[QUEUE_STATS] t_ms=28960 q_pkts=65 q_bytes=97760 qdelay_l_ms=1.08711 qdelay_c_ms=47.0235 ecn_mark=1776 drop=0
[QUEUE_STATS] t_ms=28976 q_pkts=67 q_bytes=100768 qdelay_l_ms=0.51184 qdelay_c_ms=47.9509 ecn_mark=1777 drop=0
[QUEUE_STATS] t_ms=28992 q_pkts=68 q_bytes=102272 qdelay_l_ms=1.08965 qdelay_c_ms=47.1454 ecn_mark=1780 drop=0
[QUEUE_STATS] t_ms=29008 q_pkts=67 q_bytes=100768 qdelay_l_ms=1.03012 qdelay_c_ms=46.5303 ecn_mark=1782 drop=0
[QUEUE_STATS] t_ms=29024 q_pkts=69 q_bytes=103776 qdelay_l_ms=1.01654 qdelay_c_ms=47.014 ecn_mark=1783 drop=0
[QUEUE_STATS] t_ms=29040 q_pkts=66 q_bytes=99264 qdelay_l_ms=0.517912 qdelay_c_ms=46.5576 ecn_mark=1784 drop=0
[QUEUE_STATS] t_ms=29056 q_pkts=66 q_bytes=99264 qdelay_l_ms=1.01357 qdelay_c_ms=47.0727 ecn_mark=1784 drop=0
[QUEUE_STATS] t_ms=29072 q_pkts=67 q_bytes=100768 qdelay_l_ms=1.01625 qdelay_c_ms=48.0407 ecn_mark=1787 drop=0
[QUEUE_STATS] t_ms=29088 q_pkts=67 q_bytes=100768 qdelay_l_ms=1.01595 qdelay_c_ms=48.1837 ecn_mark=1787 drop=0
[QUEUE_STATS] t_ms=29104 q_pkts=66 q_bytes=99264 qdelay_l_ms=1.02423 qdelay_c_ms=47.0119 ecn_mark=1787 drop=0
[QUEUE_STATS] t_ms=29120 q_pkts=67 q_bytes=100768 qdelay_l_ms=1.01606 qdelay_c_ms=48.0569 ecn_mark=1787 drop=0
[QUEUE_STATS] t_ms=29136 q_pkts=66 q_bytes=99264 qdelay_l_ms=0.881774 qdelay_c_ms=46.6836 ecn_mark=1789 drop=0
[QUEUE_STATS] t_ms=29152 q_pkts=67 q_bytes=100768 qdelay_l_ms=1.02342 qdelay_c_ms=47.9459 ecn_mark=1789 drop=0
[QUEUE_STATS] t_ms=29168 q_pkts=68 q_bytes=102272 qdelay_l_ms=1.00945 qdelay_c_ms=47.0568 ecn_mark=1789 drop=0
[QUEUE_STATS] t_ms=29184 q_pkts=65 q_bytes=97760 qdelay_l_ms=1.01247 qdelay_c_ms=46.8848 ecn_mark=1789 drop=0
[QUEUE_STATS] t_ms=29200 q_pkts=66 q_bytes=99264 qdelay_l_ms=1.0135 qdelay_c_ms=47.9331 ecn_mark=1789 drop=0
[QUEUE_STATS] t_ms=29216 q_pkts=68 q_bytes=102272 qdelay_l_ms=1.07483 qdelay_c_ms=49.1071 ecn_mark=1789 drop=0
[QUEUE_STATS] t_ms=29232 q_pkts=68 q_bytes=102272 qdelay_l_ms=1.07256 qdelay_c_ms=47.0095 ecn_mark=1790 drop=0
[QUEUE_STATS] t_ms=29248 q_pkts=68 q_bytes=102272 qdelay_l_ms=1.01729 qdelay_c_ms=47.9651 ecn_mark=1792 drop=0
[QUEUE_STATS] t_ms=29264 q_pkts=69 q_bytes=103776 qdelay_l_ms=1.05276 qdelay_c_ms=49.1828 ecn_mark=1793 drop=0
[QUEUE_STATS] t_ms=29280 q_pkts=69 q_bytes=103776 qdelay_l_ms=1.09141 qdelay_c_ms=49.2437 ecn_mark=1794 drop=0
[QUEUE_STATS] t_ms=29296 q_pkts=70 q_bytes=105280 qdelay_l_ms=1.01481 qdelay_c_ms=49.5599 ecn_mark=1794 drop=0
[QUEUE_STATS] t_ms=29312 q_pkts=68 q_bytes=102272 qdelay_l_ms=1.01194 qdelay_c_ms=49.6737 ecn_mark=1794 drop=0
[QUEUE_STATS] t_ms=29328 q_pkts=69 q_bytes=103776 qdelay_l_ms=1.07729 qdelay_c_ms=49.164 ecn_mark=1795 drop=0
[QUEUE_STATS] t_ms=29344 q_pkts=69 q_bytes=103776 qdelay_l_ms=1.07376 qdelay_c_ms=50.1604 ecn_mark=1797 drop=0
[QUEUE_STATS] t_ms=29360 q_pkts=70 q_bytes=105280 qdelay_l_ms=1.01296 qdelay_c_ms=49.0764 ecn_mark=1801 drop=0
[QUEUE_STATS] t_ms=29376 q_pkts=68 q_bytes=102272 qdelay_l_ms=1.00198 qdelay_c_ms=47.6317 ecn_mark=1803 drop=0
[QUEUE_STATS] t_ms=29392 q_pkts=70 q_bytes=105280 qdelay_l_ms=1.07585 qdelay_c_ms=49.1579 ecn_mark=1805 drop=0
[QUEUE_STATS] t_ms=29408 q_pkts=70 q_bytes=105280 qdelay_l_ms=1.07801 qdelay_c_ms=49.3228 ecn_mark=1805 drop=0
[QUEUE_STATS] t_ms=29424 q_pkts=70 q_bytes=105280 qdelay_l_ms=0.51204 qdelay_c_ms=48.8494 ecn_mark=1806 drop=0
[QUEUE_STATS] t_ms=29440 q_pkts=70 q_bytes=105280 qdelay_l_ms=1.06715 qdelay_c_ms=50.3353 ecn_mark=1807 drop=0
[QUEUE_STATS] t_ms=29456 q_pkts=68 q_bytes=102272 qdelay_l_ms=0.998974 qdelay_c_ms=48.7814 ecn_mark=1807 drop=0
[QUEUE_STATS] t_ms=29472 q_pkts=68 q_bytes=102272 qdelay_l_ms=1.01565 qdelay_c_ms=48.623 ecn_mark=1807 drop=0
[QUEUE_STATS] t_ms=29488 q_pkts=70 q_bytes=105280 qdelay_l_ms=1.00148 qdelay_c_ms=48.8145 ecn_mark=1807 drop=0
[QUEUE_STATS] t_ms=29504 q_pkts=71 q_bytes=106784 qdelay_l_ms=1.00528 qdelay_c_ms=48.0674 ecn_mark=1807 drop=0
[QUEUE_STATS] t_ms=29520 q_pkts=71 q_bytes=106784 qdelay_l_ms=0.880281 qdelay_c_ms=49.9969 ecn_mark=1808 drop=0
[QUEUE_STATS] t_ms=29536 q_pkts=71 q_bytes=106784 qdelay_l_ms=1.096 qdelay_c_ms=50.1555 ecn_mark=1808 drop=0
[QUEUE_STATS] t_ms=29552 q_pkts=73 q_bytes=109792 qdelay_l_ms=1.07216 qdelay_c_ms=52.0598 ecn_mark=1809 drop=0
[QUEUE_STATS] t_ms=29568 q_pkts=71 q_bytes=106784 qdelay_l_ms=1.06268 qdelay_c_ms=52.2922 ecn_mark=1810 drop=0
[QUEUE_STATS] t_ms=29584 q_pkts=72 q_bytes=108288 qdelay_l_ms=1.08325 qdelay_c_ms=50.9811 ecn_mark=1812 drop=0
[QUEUE_STATS] t_ms=29600 q_pkts=70 q_bytes=105280 qdelay_l_ms=1.0862 qdelay_c_ms=52.0564 ecn_mark=1813 drop=0
[QUEUE_STATS] t_ms=29616 q_pkts=70 q_bytes=105280 qdelay_l_ms=1.00827 qdelay_c_ms=53.0714 ecn_mark=1813 drop=0
[QUEUE_STATS] t_ms=29632 q_pkts=71 q_bytes=106784 qdelay_l_ms=0.992492 qdelay_c_ms=49.7727 ecn_mark=1815 drop=0
[QUEUE_STATS] t_ms=29648 q_pkts=71 q_bytes=106784 qdelay_l_ms=1.00626 qdelay_c_ms=50.0142 ecn_mark=1816 drop=0
[QUEUE_STATS] t_ms=29664 q_pkts=71 q_bytes=106784 qdelay_l_ms=1.00672 qdelay_c_ms=52.6734 ecn_mark=1818 drop=0
[QUEUE_STATS] t_ms=29680 q_pkts=70 q_bytes=105280 qdelay_l_ms=1.00949 qdelay_c_ms=51.1045 ecn_mark=1819 drop=0
[QUEUE_STATS] t_ms=29696 q_pkts=71 q_bytes=106784 qdelay_l_ms=1.07088 qdelay_c_ms=53.2025 ecn_mark=1821 drop=0
[QUEUE_STATS] t_ms=29712 q_pkts=71 q_bytes=106784 qdelay_l_ms=1.00474 qdelay_c_ms=52.0835 ecn_mark=1822 drop=0
[QUEUE_STATS] t_ms=29728 q_pkts=70 q_bytes=105280 qdelay_l_ms=1.00903 qdelay_c_ms=51.0578 ecn_mark=1824 drop=0
[QUEUE_STATS] t_ms=29744 q_pkts=71 q_bytes=106784 qdelay_l_ms=1.01276 qdelay_c_ms=50.6848 ecn_mark=1824 drop=0
[QUEUE_STATS] t_ms=29760 q_pkts=73 q_bytes=109792 qdelay_l_ms=0.950503 qdelay_c_ms=50.6857 ecn_mark=1824 drop=0
[QUEUE_STATS] t_ms=29776 q_pkts=70 q_bytes=105280 qdelay_l_ms=1.00543 qdelay_c_ms=49.9897 ecn_mark=1827 drop=0
[QUEUE_STATS] t_ms=29792 q_pkts=70 q_bytes=105280 qdelay_l_ms=1.01258 qdelay_c_ms=50.2027 ecn_mark=1828 drop=0
[QUEUE_STATS] t_ms=29808 q_pkts=69 q_bytes=103776 qdelay_l_ms=1.0154 qdelay_c_ms=49.0787 ecn_mark=1829 drop=0
[QUEUE_STATS] t_ms=29824 q_pkts=70 q_bytes=105280 qdelay_l_ms=1.00178 qdelay_c_ms=49.8167 ecn_mark=1830 drop=0
[QUEUE_STATS] t_ms=29840 q_pkts=70 q_bytes=105280 qdelay_l_ms=1.0172 qdelay_c_ms=50.2329 ecn_mark=1830 drop=0
[QUEUE_STATS] t_ms=29856 q_pkts=70 q_bytes=105280 qdelay_l_ms=0.998744 qdelay_c_ms=49.912