[QUEUE_STATS] t_ms=32 q_pkts=0 q_bytes=0 qdelay_l_ms=0 qdelay_c_ms=0 ecn_mark=0 drop=0
[QUEUE_STATS] t_ms=92 q_pkts=0 q_bytes=0 qdelay_l_ms=0 qdelay_c_ms=0 ecn_mark=0 drop=0
[QUEUE_STATS] t_ms=135 q_pkts=0 q_bytes=0 qdelay_l_ms=0 qdelay_c_ms=0 ecn_mark=0 drop=0
[QUEUE_STATS] t_ms=178 q_pkts=0 q_bytes=0 qdelay_l_ms=0 qdelay_c_ms=0 ecn_mark=0 drop=0
[QUEUE_STATS] t_ms=221 q_pkts=0 q_bytes=0 qdelay_l_ms=0 qdelay_c_ms=0 ecn_mark=0 drop=0
[QUEUE_STATS] t_ms=227 q_pkts=0 q_bytes=0 qdelay_l_ms=0 qdelay_c_ms=0 ecn_mark=0 drop=0
[QUEUE_STATS] t_ms=263 q_pkts=0 q_bytes=0 qdelay_l_ms=0 qdelay_c_ms=0 ecn_mark=0 drop=0
[QUEUE_STATS] t_ms=306 q_pkts=0 q_bytes=0 qdelay_l_ms=0 qdelay_c_ms=0 ecn_mark=0 drop=0
[QUEUE_STATS] t_ms=320 q_pkts=1 q_bytes=80 qdelay_l_ms=0 qdelay_c_ms=1.09089 ecn_mark=0 drop=0
[QUEUE_STATS] t_ms=347 q_pkts=0 q_bytes=0 qdelay_l_ms=0 qdelay_c_ms=0 ecn_mark=0 drop=0
[QUEUE_STATS] t_ms=352 q_pkts=1 q_bytes=1504 qdelay_l_ms=1.04238 qdelay_c_ms=0 ecn_mark=0 drop=0
[QUEUE_STATS] t_ms=368 q_pkts=1 q_bytes=1504 qdelay_l_ms=1.0494 qdelay_c_ms=0 ecn_mark=0 drop=0
[QUEUE_STATS] t_ms=391 q_pkts=0 q_bytes=0 qdelay_l_ms=0 qdelay_c_ms=0 ecn_mark=0 drop=0
[QUEUE_STATS] t_ms=400 q_pkts=22 q_bytes=33088 qdelay_l_ms=1.06474 qdelay_c_ms=4.75058 ecn_mark=0 drop=0
[QUEUE_STATS] t_ms=416 q_pkts=2 q_bytes=3008 qdelay_l_ms=1.06678 qdelay_c_ms=0 ecn_mark=0 drop=0
[QUEUE_STATS] t_ms=432 q_pkts=0 q_bytes=0 qdelay_l_ms=0 qdelay_c_ms=0 ecn_mark=0 drop=0
[QUEUE_STATS] t_ms=448 q_pkts=40 q_bytes=60160 qdelay_l_ms=1.05597 qdelay_c_ms=9.45695 ecn_mark=0 drop=0
[QUEUE_STATS] t_ms=464 q_pkts=32 q_bytes=48128 qdelay_l_ms=0 qdelay_c_ms=19.9598 ecn_mark=0 drop=0
[QUEUE_STATS] t_ms=480 q_pkts=9 q_bytes=13536 qdelay_l_ms=0.992782 qdelay_c_ms=1.98655 ecn_mark=0 drop=0
[QUEUE_STATS] t_ms=496 q_pkts=38 q_bytes=57152 qdelay_l_ms=5.30699 qdelay_c_ms=14.7694 ecn_mark=1 drop=0
[QUEUE_STATS] t_ms=513 q_pkts=80 q_bytes=120320 qdelay_l_ms=11.0768 qdelay_c_ms=27.1802 ecn_mark=52 drop=0
[QUEUE_STATS] t_ms=528 q_pkts=94 q_bytes=141376 qdelay_l_ms=5.39611 qdelay_c_ms=37.9422 ecn_mark=78 drop=0
[QUEUE_STATS] t_ms=544 q_pkts=87 q_bytes=130848 qdelay_l_ms=13.9107 qdelay_c_ms=47.708 ecn_mark=138 drop=0
[QUEUE_STATS] t_ms=561 q_pkts=23 q_bytes=34592 qdelay_l_ms=0 qdelay_c_ms=50.0674 ecn_mark=170 drop=0
[QUEUE_STATS] t_ms=576 q_pkts=2 q_bytes=3008 qdelay_l_ms=1.00212 qdelay_c_ms=0 ecn_mark=170 drop=0
[QUEUE_STATS] t_ms=592 q_pkts=2 q_bytes=3008 qdelay_l_ms=1.06118 qdelay_c_ms=0 ecn_mark=170 drop=0
[QUEUE_STATS] t_ms=608 q_pkts=32 q_bytes=48128 qdelay_l_ms=1.07501 qdelay_c_ms=8.2013 ecn_mark=170 drop=0
[QUEUE_STATS] t_ms=624 q_pkts=20 q_bytes=30080 qdelay_l_ms=1.05832 qdelay_c_ms=18.1293 ecn_mark=170 drop=0
[QUEUE_STATS] t_ms=640 q_pkts=12 q_bytes=18048 qdelay_l_ms=1.08876 qdelay_c_ms=4.82449 ecn_mark=170 drop=0
[QUEUE_STATS] t_ms=656 q_pkts=20 q_bytes=30080 qdelay_l_ms=1.09366 qdelay_c_ms=9.25522 ecn_mark=170 drop=0
[QUEUE_STATS] t_ms=673 q_pkts=19 q_bytes=28576 qdelay_l_ms=1.08246 qdelay_c_ms=10.9337 ecn_mark=170 drop=0
[QUEUE_STATS] t_ms=688 q_pkts=20 q_bytes=30080 qdelay_l_ms=1.06469 qdelay_c_ms=11.735 ecn_mark=170 drop=0
[QUEUE_STATS] t_ms=704 q_pkts=23 q_bytes=34592 qdelay_l_ms=1.03935 qdelay_c_ms=12.6694 ecn_mark=170 drop=0
[QUEUE_STATS] t_ms=720 q_pkts=23 q_bytes=34592 qdelay_l_ms=1.02895 qdelay_c_ms=13.8233 ecn_mark=170 drop=0
[QUEUE_STATS] t_ms=736 q_pkts=26 q_bytes=39104 qdelay_l_ms=1.07893 qdelay_c_ms=13.8888 ecn_mark=170 drop=0
[QUEUE_STATS] t_ms=752 q_pkts=28 q_bytes=42112 qdelay_l_ms=1.02628 qdelay_c_ms=16.9942 ecn_mark=170 drop=0
[QUEUE_STATS] t_ms=768 q_pkts=26 q_bytes=39104 qdelay_l_ms=1.06774 qdelay_c_ms=17.1461 ecn_mark=170 drop=0
[QUEUE_STATS] t_ms=784 q_pkts=29 q_bytes=43616 qdelay_l_ms=1.0727 qdelay_c_ms=15.9914 ecn_mark=170 drop=0
[QUEUE_STATS] t_ms=800 q_pkts=30 q_bytes=45120 qdelay_l_ms=1.08094 qdelay_c_ms=18.8664 ecn_mark=170 drop=0
[QUEUE_STATS] t_ms=816 q_pkts=32 q_bytes=48128 qdelay_l_ms=1.05936 qdelay_c_ms=19.9383 ecn_mark=170 drop=0
[QUEUE_STATS] t_ms=832 q_pkts=34 q_bytes=51136 qdelay_l_ms=0.860284 qdelay_c_ms=20.6896 ecn_mark=170 drop=0
[QUEUE_STATS] t_ms=848 q_pkts=37 q_bytes=55648 qdelay_l_ms=1.03832 qdelay_c_ms=21.743 ecn_mark=170 drop=0
[QUEUE_STATS] t_ms=864 q_pkts=39 q_bytes=58656 qdelay_l_ms=1.06113 qdelay_c_ms=24.3 ecn_mark=170 drop=0
[QUEUE_STATS] t_ms=880 q_pkts=39 q_bytes=58656 qdelay_l_ms=1.07556 qdelay_c_ms=25.0566 ecn_mark=170 drop=0
[QUEUE_STATS] t_ms=896 q_pkts=41 q_bytes=61664 qdelay_l_ms=1.0256 qdelay_c_ms=24.5818 ecn_mark=170 drop=0
[QUEUE_STATS] t_ms=912 q_pkts=42 q_bytes=63168 qdelay_l_ms=1.04881 qdelay_c_ms=28.3783 ecn_mark=170 drop=0
[QUEUE_STATS] t_ms=928 q_pkts=42 q_bytes=63168 qdelay_l_ms=1.0037 qdelay_c_ms=26.7281 ecn_mark=170 drop=0
[QUEUE_STATS] t_ms=944 q_pkts=46 q_bytes=69184 qdelay_l_ms=1.08136 qdelay_c_ms=29.2425 ecn_mark=170 drop=0
[QUEUE_STATS] t_ms=960 q_pkts=46 q_bytes=69184 qdelay_l_ms=0.999705 qdelay_c_ms=30.6426 ecn_mark=170 drop=0
[QUEUE_STATS] t_ms=976 q_pkts=45 q_bytes=67680 qdelay_l_ms=1.03414 qdelay_c_ms=30.9402 ecn_mark=170 drop=0
[QUEUE_STATS] t_ms=992 q_pkts=48 q_bytes=72192 qdelay_l_ms=1.07142 qdelay_c_ms=32.3484 ecn_mark=170 drop=0
[QUEUE_STATS] t_ms=1008 q_pkts=49 q_bytes=73696 qdelay_l_ms=0.990347 qdelay_c_ms=34.0265 ecn_mark=170 drop=0
[QUEUE_STATS] t_ms=1025 q_pkts=52 q_bytes=78208 qdelay_l_ms=1.04956 qdelay_c_ms=33.8355 ecn_mark=170 drop=0
[QUEUE_STATS] t_ms=1040 q_pkts=55 q_bytes=82720 qdelay_l_ms=1.0682 qdelay_c_ms=37.3582 ecn_mark=170 drop=0
[QUEUE_STATS] t_ms=1056 q_pkts=53 q_bytes=79712 qdelay_l_ms=0.998363 qdelay_c_ms=37.6542 ecn_mark=170 drop=0
[QUEUE_STATS] t_ms=1072 q_pkts=55 q_bytes=82720 qdelay_l_ms=1.07167 qdelay_c_ms=37.8421 ecn_mark=170 drop=0
[QUEUE_STATS] t_ms=1088 q_pkts=58 q_bytes=87232 qdelay_l_ms=1.07526 qdelay_c_ms=41.4116 ecn_mark=170 drop=0
[QUEUE_STATS] t_ms=1105 q_pkts=60 q_bytes=90240 qdelay_l_ms=1.06533 qdelay_c_ms=42.1444 ecn_mark=170 drop=0
[QUEUE_STATS] t_ms=1120 q_pkts=59 q_bytes=88736 qdelay_l_ms=1.07585 qdelay_c_ms=41.8171 ecn_mark=170 drop=0
[QUEUE_STATS] t_ms=1136 q_pkts=62 q_bytes=93248 qdelay_l_ms=0.982102 qdelay_c_ms=43.8413 ecn_mark=170 drop=0
[QUEUE_STATS] t_ms=1152 q_pkts=60 q_bytes=90240 qdelay_l_ms=0 qdelay_c_ms=45.9219 ecn_mark=170 drop=0
[QUEUE_STATS] t_ms=1168 q_pkts=64 q_bytes=96256 qdelay_l_ms=1.0799 qdelay_c_ms=45.8669 ecn_mark=170 drop=0
[QUEUE_STATS] t_ms=1184 q_pkts=66 q_bytes=99264 qdelay_l_ms=0.957366 qdelay_c_ms=48.9552 ecn_mark=170 drop=0
[QUEUE_STATS] t_ms=1200 q_pkts=64 q_bytes=96256 qdelay_l_ms=0 qdelay_c_ms=50.2173 ecn_mark=170 drop=0
[QUEUE_STATS] t_ms=1216 q_pkts=66 q_bytes=99264 qdelay_l_ms=1.06093 qdelay_c_ms=50.9634 ecn_mark=170 drop=0
[QUEUE_STATS] t_ms=1232 q_pkts=69 q_bytes=103776 qdelay_l_ms=0.968206 qdelay_c_ms=50.8635 ecn_mark=170 drop=0
[QUEUE_STATS] t_ms=1248 q_pkts=68 q_bytes=102272 qdelay_l_ms=0.968497 qdelay_c_ms=52.8036 ecn_mark=170 drop=0
[QUEUE_STATS] t_ms=1264 q_pkts=68 q_bytes=102272 qdelay_l_ms=0 qdelay_c_ms=52.8681 ecn_mark=170 drop=0
[QUEUE_STATS] t_ms=1281 q_pkts=72 q_bytes=108288 qdelay_l_ms=1.06708 qdelay_c_ms=53.2138 ecn_mark=170 drop=0
[QUEUE_STATS] t_ms=1296 q_pkts=74 q_bytes=111296 qdelay_l_ms=1.06886 qdelay_c_ms=58.9369 ecn_mark=170 drop=0
[QUEUE_STATS] t_ms=1312 q_pkts=75 q_bytes=112800 qdelay_l_ms=1.07769 qdelay_c_ms=57.6327 ecn_mark=170 drop=0
[QUEUE_STATS] t_ms=1328 q_pkts=75 q_bytes=112800 qdelay_l_ms=0.944071 qdelay_c_ms=57.9603 ecn_mark=171 drop=0
[QUEUE_STATS] t_ms=1344 q_pkts=77 q_bytes=115808 qdelay_l_ms=2.10787 qdelay_c_ms=62.0174 ecn_mark=171 drop=0
[QUEUE_STATS] t_ms=1360 q_pkts=70 q_bytes=105280 qdelay_l_ms=0 qdelay_c_ms=55.0666 ecn_mark=171 drop=0
[QUEUE_STATS] t_ms=1376 q_pkts=59 q_bytes=88736 qdelay_l_ms=1.06429 qdelay_c_ms=46.1736 ecn_mark=171 drop=0
[QUEUE_STATS] t_ms=1392 q_pkts=52 q_bytes=78208 qdelay_l_ms=1.07204 qdelay_c_ms=41.1483 ecn_mark=171 drop=0
[QUEUE_STATS] t_ms=1409 q_pkts=66 q_bytes=99264 qdelay_l_ms=1.08276 qdelay_c_ms=35.9572 ecn_mark=171 drop=0
[QUEUE_STATS] t_ms=1425 q_pkts=68 q_bytes=102272 qdelay_l_ms=1.07592 qdelay_c_ms=30.1338 ecn_mark=171 drop=0
[QUEUE_STATS] t_ms=1440 q_pkts=68 q_bytes=102272 qdelay_l_ms=1.07544 qdelay_c_ms=38.2053 ecn_mark=171 drop=0
[QUEUE_STATS] t_ms=1456 q_pkts=69 q_bytes=103776 qdelay_l_ms=1.07808 qdelay_c_ms=42.0724 ecn_mark=171 drop=0
[QUEUE_STATS] t_ms=1472 q_pkts=73 q_bytes=109792 qdelay_l_ms=1.07765 qdelay_c_ms=43.524 ecn_mark=171 drop=0
[QUEUE_STATS] t_ms=1489 q_pkts=75 q_bytes=112800 qdelay_l_ms=1.05452 qdelay_c_ms=44.9877 ecn_mark=171 drop=0
[QUEUE_STATS] t_ms=1504 q_pkts=75 q_bytes=112800 qdelay_l_ms=1.04427 qdelay_c_ms=46.2567 ecn_mark=171 drop=0
[QUEUE_STATS] t_ms=1520 q_pkts=75 q_bytes=112800 qdelay_l_ms=1.07384 qdelay_c_ms=47.1809 ecn_mark=171 drop=0
[QUEUE_STATS] t_ms=1537 q_pkts=79 q_bytes=118816 qdelay_l_ms=1.04975 qdelay_c_ms=45.916 ecn_mark=171 drop=0
[QUEUE_STATS] t_ms=1552 q_pkts=79 q_bytes=118816 qdelay_l_ms=1.03427 qdelay_c_ms=48.9588 ecn_mark=171 drop=0
[QUEUE_STATS] t_ms=1568 q_pkts=81 q_bytes=121824 qdelay_l_ms=1.04473 qdelay_c_ms=49.2539 ecn_mark=171 drop=0
[QUEUE_STATS] t_ms=1584 q_pkts=81 q_bytes=121824 qdelay_l_ms=1.03015 qdelay_c_ms=50.1116 ecn_mark=171 drop=0
[QUEUE_STATS] t_ms=1600 q_pkts=82 q_bytes=123328 qdelay_l_ms=1.03013 qdelay_c_ms=53.1811 ecn_mark=171 drop=0
[QUEUE_STATS] t_ms=1616 q_pkts=84 q_bytes=126336 qdelay_l_ms=1.04218 qdelay_c_ms=55.0904 ecn_mark=171 drop=0
[QUEUE_STATS] t_ms=1633 q_pkts=87 q_bytes=130848 qdelay_l_ms=1.03099 qdelay_c_ms=55.2123 ecn_mark=171 drop=0
[QUEUE_STATS] t_ms=1648 q_pkts=87 q_bytes=130848 qdelay_l_ms=1.05251 qdelay_c_ms=56.9796 ecn_mark=171 drop=0
[QUEUE_STATS] t_ms=1664 q_pkts=91 q_bytes=136864 qdelay_l_ms=1.03178 qdelay_c_ms=55.9233 ecn_mark=172 drop=0
[QUEUE_STATS] t_ms=1680 q_pkts=90 q_bytes=135360 qdelay_l_ms=1.07321 qdelay_c_ms=59.0935 ecn_mark=172 drop=0
[QUEUE_STATS] t_ms=1696 q_pkts=91 q_bytes=136864 qdelay_l_ms=1.07184 qdelay_c_ms=61.7747 ecn_mark=172 drop=0
[QUEUE_STATS] t_ms=1712 q_pkts=86 q_bytes=129344 qdelay_l_ms=1.05952 qdelay_c_ms=52.19 ecn_mark=172 drop=0
[QUEUE_STATS] t_ms=1728 q_pkts=82 q_bytes=123328 qdelay_l_ms=1.06427 qdelay_c_ms=54.0525 ecn_mark=172 drop=0
[QUEUE_STATS] t_ms=1744 q_pkts=86 q_bytes=129344 qdelay_l_ms=1.02815 qdelay_c_ms=53.9668 ecn_mark=172 drop=0
[QUEUE_STATS] t_ms=1760 q_pkts=89 q_bytes=133856 qdelay_l_ms=1.07199 qdelay_c_ms=49.9334 ecn_mark=172 drop=0
[QUEUE_STATS] t_ms=1776 q_pkts=89 q_bytes=133856 qdelay_l_ms=1.06859 qdelay_c_ms=51.222 ecn_mark=172 drop=0
[QUEUE_STATS] t_ms=1793 q_pkts=95 q_bytes=142880 qdelay_l_ms=1.063 qdelay_c_ms=51.966 ecn_mark=172 drop=0
[QUEUE_STATS] t_ms=1808 q_pkts=96 q_bytes=144384 qdelay_l_ms=1.06247 qdelay_c_ms=56.2443 ecn_mark=172 drop=0
[QUEUE_STATS] t_ms=1824 q_pkts=96 q_bytes=144384 qdelay_l_ms=1.0712 qdelay_c_ms=56.9788 ecn_mark=173 drop=0
[QUEUE_STATS] t_ms=1840 q_pkts=94 q_bytes=141376 qdelay_l_ms=0 qdelay_c_ms=53.1229 ecn_mark=173 drop=0
[QUEUE_STATS] t_ms=1856 q_pkts=94 q_bytes=141376 qdelay_l_ms=0 qdelay_c_ms=58.018 ecn_mark=173 drop=0
[QUEUE_STATS] t_ms=1872 q_pkts=92 q_bytes=138368 qdelay_l_ms=1.08661 qdelay_c_ms=53.7112 ecn_mark=173 drop=0
[QUEUE_STATS] t_ms=1888 q_pkts=93 q_bytes=139872 qdelay_l_ms=1.06723 qdelay_c_ms=53.9443 ecn_mark=173 drop=0
[QUEUE_STATS] t_ms=1904 q_pkts=99 q_bytes=148896 qdelay_l_ms=1.05086 qdelay_c_ms=56.0616 ecn_mark=173 drop=0
[QUEUE_STATS] t_ms=1920 q_pkts=99 q_bytes=148896 qdelay_l_ms=1.04565 qdelay_c_ms=53.1344 ecn_mark=173 drop=0
[QUEUE_STATS] t_ms=1936 q_pkts=98 q_bytes=147392 qdelay_l_ms=1.07173 qdelay_c_ms=55.0841 ecn_mark=173 drop=0
[QUEUE_STATS] t_ms=1952 q_pkts=102 q_bytes=153408 qdelay_l_ms=1.06779 qdelay_c_ms=52.936 ecn_mark=173 drop=0
[QUEUE_STATS] t_ms=1968 q_pkts=104 q_bytes=156416 qdelay_l_ms=0.832291 qdelay_c_ms=55.9001 ecn_mark=173 drop=0
[QUEUE_STATS] t_ms=1984 q_pkts=105 q_bytes=157920 qdelay_l_ms=1.0623 qdelay_c_ms=57.9954 ecn_mark=173 drop=0
[QUEUE_STATS] t_ms=2000 q_pkts=110 q_bytes=165440 qdelay_l_ms=1.04402 qdelay_c_ms=61.08 ecn_mark=173 drop=0
[QUEUE_STATS] t_ms=2016 q_pkts=110 q_bytes=165440 qdelay_l_ms=1.03623 qdelay_c_ms=59.1847 ecn_mark=173 drop=0
[QUEUE_STATS] t_ms=2032 q_pkts=110 q_bytes=165440 qdelay_l_ms=1.07289 qdelay_c_ms=63.304 ecn_mark=173 drop=0
[QUEUE_STATS] t_ms=2048 q_pkts=112 q_bytes=168448 qdelay_l_ms=1.07702 qdelay_c_ms=65.0659 ecn_mark=173 drop=0
[QUEUE_STATS] t_ms=2065 q_pkts=113 q_bytes=169952 qdelay_l_ms=1.06335 qdelay_c_ms=64.157 ecn_mark=173 drop=0
[QUEUE_STATS] t_ms=2080 q_pkts=113 q_bytes=169952 qdelay_l_ms=1.06332 qdelay_c_ms=67.147 ecn_mark=173 drop=0
[QUEUE_STATS] t_ms=2097 q_pkts=117 q_bytes=175968 qdelay_l_ms=1.07352 qdelay_c_ms=65.9737 ecn_mark=173 drop=0
[QUEUE_STATS] t_ms=2113 q_pkts=119 q_bytes=178976 qdelay_l_ms=1.06973 qdelay_c_ms=67.0525 ecn_mark=173 drop=0
[QUEUE_STATS] t_ms=2128 q_pkts=120 q_bytes=180480 qdelay_l_ms=1.07151 qdelay_c_ms=72.9407 ecn_mark=173 drop=0
[QUEUE_STATS] t_ms=2144 q_pkts=119 q_bytes=178976 qdelay_l_ms=0 qdelay_c_ms=68.1254 ecn_mark=173 drop=0
[QUEUE_STATS] t_ms=2160 q_pkts=123 q_bytes=184992 qdelay_l_ms=1.07447 qdelay_c_ms=71.2383 ecn_mark=173 drop=0
[QUEUE_STATS] t_ms=2177 q_pkts=126 q_bytes=189504 qdelay_l_ms=1.07997 qdelay_c_ms=76.0077 ecn_mark=173 drop=0
[QUEUE_STATS] t_ms=2192 q_pkts=127 q_bytes=191008 qdelay_l_ms=1.07268 qdelay_c_ms=72.8595 ecn_mark=173 drop=0
[QUEUE_STATS] t_ms=2208 q_pkts=128 q_bytes=192512 qdelay_l_ms=1.07596 qdelay_c_ms=75.9569 ecn_mark=173 drop=0
[QUEUE_STATS] t_ms=2224 q_pkts=132 q_bytes=198528 qdelay_l_ms=1.0578 qdelay_c_ms=80.0546 ecn_mark=173 drop=0
[QUEUE_STATS] t_ms=2240 q_pkts=131 q_bytes=197024 qdelay_l_ms=1.0531 qdelay_c_ms=78.6353 ecn_mark=173 drop=0
[QUEUE_STATS] t_ms=2256 q_pkts=133 q_bytes=200032 qdelay_l_ms=1.07919 qdelay_c_ms=81.0061 ecn_mark=173 drop=0
[QUEUE_STATS] t_ms=2272 q_pkts=134 q_bytes=201536 qdelay_l_ms=1.05222 qdelay_c_ms=81.098 ecn_mark=173 drop=0
[QUEUE_STATS] t_ms=2289 q_pkts=137 q_bytes=206048 qdelay_l_ms=1.08422 qdelay_c_ms=82.0533 ecn_mark=173 drop=0
[QUEUE_STATS] t_ms=2304 q_pkts=138 q_bytes=207552 qdelay_l_ms=1.04067 qdelay_c_ms=84.2329 ecn_mark=173 drop=0
[QUEUE_STATS] t_ms=2320 q_pkts=139 q_bytes=209056 qdelay_l_ms=1.04194 qdelay_c_ms=86.1071 ecn_mark=173 drop=0
[QUEUE_STATS] t_ms=2336 q_pkts=139 q_bytes=209056 qdelay_l_ms=1.05776 qdelay_c_ms=87.0038 ecn_mark=173 drop=0
[QUEUE_STATS] t_ms=2352 q_pkts=144 q_bytes=216576 qdelay_l_ms=1.04471 qdelay_c_ms=87.7762 ecn_mark=173 drop=0
[QUEUE_STATS] t_ms=2368 q_pkts=145 q_bytes=218080 qdelay_l_ms=1.03017 qdelay_c_ms=89.9686 ecn_mark=173 drop=0
[QUEUE_STATS] t_ms=2384 q_pkts=146 q_bytes=219584 qdelay_l_ms=1.0359 qdelay_c_ms=92.2974 ecn_mark=173 drop=0
[QUEUE_STATS] t_ms=2400 q_pkts=145 q_bytes=218080 qdelay_l_ms=1.04731 qdelay_c_ms=91.9753 ecn_mark=173 drop=0
[QUEUE_STATS] t_ms=2417 q_pkts=146 q_bytes=219584 qdelay_l_ms=1.08168 qdelay_c_ms=95.2097 ecn_mark=173 drop=0
[QUEUE_STATS] t_ms=2432 q_pkts=149 q_bytes=224096 qdelay_l_ms=1.03643 qdelay_c_ms=96.0165 ecn_mark=173 drop=0
[QUEUE_STATS] t_ms=2448 q_pkts=152 q_bytes=228608 qdelay_l_ms=1.03837 qdelay_c_ms=97.1148 ecn_mark=173 drop=0
[QUEUE_STATS] t_ms=2464 q_pkts=153 q_bytes=230112 qdelay_l_ms=1.048 qdelay_c_ms=99.0889 ecn_mark=173 drop=0
[QUEUE_STATS] t_ms=2480 q_pkts=156 q_bytes=234624 qdelay_l_ms=1.01207 qdelay_c_ms=99.96 ecn_mark=173 drop=0
[QUEUE_STATS] t_ms=2496 q_pkts=156 q_bytes=234624 qdelay_l_ms=1.01991 qdelay_c_ms=101.881 ecn_mark=174 drop=0
[QUEUE_STATS] t_ms=2512 q_pkts=158 q_bytes=237632 qdelay_l_ms=1.05053 qdelay_c_ms=105.797 ecn_mark=174 drop=0
[QUEUE_STATS] t_ms=2528 q_pkts=157 q_bytes=236128 qdelay_l_ms=1.03655 qdelay_c_ms=101.271 ecn_mark=174 drop=0
[QUEUE_STATS] t_ms=2544 q_pkts=155 q_bytes=233120 qdelay_l_ms=1.04427 qdelay_c_ms=105.826 ecn_mark=174 drop=0
[QUEUE_STATS] t_ms=2560 q_pkts=156 q_bytes=234624 qdelay_l_ms=1.0174 qdelay_c_ms=108.123 ecn_mark=174 drop=0
[QUEUE_STATS] t_ms=2576 q_pkts=161 q_bytes=242144 qdelay_l_ms=1.01466 qdelay_c_ms=103.225 ecn_mark=175 drop=0
[QUEUE_STATS] t_ms=2592 q_pkts=162 q_bytes=243648 qdelay_l_ms=1.07355 qdelay_c_ms=109.173 ecn_mark=175 drop=0
[QUEUE_STATS] t_ms=2608 q_pkts=160 q_bytes=240640 qdelay_l_ms=1.02956 qdelay_c_ms=109.045 ecn_mark=175 drop=0
[QUEUE_STATS] t_ms=2624 q_pkts=161 q_bytes=242144 qdelay_l_ms=1.05806 qdelay_c_ms=104.129 ecn_mark=176 drop=0
[QUEUE_STATS] t_ms=2640 q_pkts=161 q_bytes=242144 qdelay_l_ms=1.05485 qdelay_c_ms=109.241 ecn_mark=176 drop=0
[QUEUE_STATS] t_ms=2656 q_pkts=165 q_bytes=248160 qdelay_l_ms=1.0606 qdelay_c_ms=105.608 ecn_mark=179 drop=0
[QUEUE_STATS] t_ms=2672 q_pkts=165 q_bytes=248160 qdelay_l_ms=1.07714 qdelay_c_ms=106.01 ecn_mark=179 drop=0
[QUEUE_STATS] t_ms=2688 q_pkts=164 q_bytes=246656 qdelay_l_ms=1.0353 qdelay_c_ms=110.181 ecn_mark=179 drop=0
[QUEUE_STATS] t_ms=2704 q_pkts=167 q_bytes=251168 qdelay_l_ms=1.06586 qdelay_c_ms=103.042 ecn_mark=179 drop=0
[QUEUE_STATS] t_ms=2720 q_pkts=167 q_bytes=251168 qdelay_l_ms=1.07993 qdelay_c_ms=107.179 ecn_mark=180 drop=0
[QUEUE_STATS] t_ms=2736 q_pkts=168 q_bytes=252672 qdelay_l_ms=1.07826 qdelay_c_ms=108.206 ecn_mark=180 drop=0
[QUEUE_STATS] t_ms=2752 q_pkts=171 q_bytes=257184 qdelay_l_ms=1.05247 qdelay_c_ms=104.849 ecn_mark=180 drop=0
[QUEUE_STATS] t_ms=2768 q_pkts=167 q_bytes=251168 qdelay_l_ms=1.08106 qdelay_c_ms=107.912 ecn_mark=180 drop=0
[QUEUE_STATS] t_ms=2784 q_pkts=173 q_bytes=260192 qdelay_l_ms=1.0599 qdelay_c_ms=107.843 ecn_mark=181 drop=0
[QUEUE_STATS] t_ms=2801 q_pkts=173 q_bytes=260192 qdelay_l_ms=1.0631 qdelay_c_ms=106.004 ecn_mark=181 drop=0
[QUEUE_STATS] t_ms=2816 q_pkts=171 q_bytes=257184 qdelay_l_ms=0.020899 qdelay_c_ms=106.223 ecn_mark=181 drop=0
[QUEUE_STATS] t_ms=2833 q_pkts=177 q_bytes=266208 qdelay_l_ms=1.08024 qdelay_c_ms=108.028 ecn_mark=181 drop=0
[QUEUE_STATS] t_ms=2848 q_pkts=177 q_bytes=266208 qdelay_l_ms=1.07817 qdelay_c_ms=108.009 ecn_mark=181 drop=0
[QUEUE_STATS] t_ms=2864 q_pkts=178 q_bytes=267712 qdelay_l_ms=1.08228 qdelay_c_ms=111.164 ecn_mark=181 drop=0
[QUEUE_STATS] t_ms=2880 q_pkts=180 q_bytes=270720 qdelay_l_ms=1.08923 qdelay_c_ms=110.019 ecn_mark=181 drop=0
[QUEUE_STATS] t_ms=2896 q_pkts=181 q_bytes=269304 qdelay_l_ms=1.06189 qdelay_c_ms=111.141 ecn_mark=181 drop=0
[QUEUE_STATS] t_ms=2912 q_pkts=186 q_bytes=276824 qdelay_l_ms=1.06608 qdelay_c_ms=115.105 ecn_mark=182 drop=0
[QUEUE_STATS] t_ms=2928 q_pkts=181 q_bytes=269304 qdelay_l_ms=0 qdelay_c_ms=113.058 ecn_mark=182 drop=0
[QUEUE_STATS] t_ms=2944 q_pkts=188 q_bytes=279832 qdelay_l_ms=1.09204 qdelay_c_ms=114.044 ecn_mark=182 drop=0
[QUEUE_STATS] t_ms=2960 q_pkts=188 q_bytes=279832 qdelay_l_ms=1.03813 qdelay_c_ms=116.109 ecn_mark=183 drop=0
[QUEUE_STATS] t_ms=2977 q_pkts=186 q_bytes=276824 qdelay_l_ms=1.06231 qdelay_c_ms=115.984 ecn_mark=184 drop=0
[QUEUE_STATS] t_ms=2992 q_pkts=190 q_bytes=282840 qdelay_l_ms=1.06899 qdelay_c_ms=119.188 ecn_mark=184 drop=0
[QUEUE_STATS] t_ms=3009 q_pkts=190 q_bytes=285760 qdelay_l_ms=1.08053 qdelay_c_ms=120.196 ecn_mark=185 drop=0
[QUEUE_STATS] t_ms=3024 q_pkts=190 q_bytes=285760 qdelay_l_ms=1.07414 qdelay_c_ms=120.582 ecn_mark=186 drop=0
[QUEUE_STATS] t_ms=3041 q_pkts=191 q_bytes=287264 qdelay_l_ms=1.07848 qdelay_c_ms=118.834 ecn_mark=186 drop=0
[QUEUE_STATS] t_ms=3056 q_pkts=194 q_bytes=291776 qdelay_l_ms=1.05501 qdelay_c_ms=121.039 ecn_mark=187 drop=0
[QUEUE_STATS] t_ms=3072 q_pkts=193 q_bytes=290272 qdelay_l_ms=1.08006 qdelay_c_ms=122.572 ecn_mark=188 drop=0
[QUEUE_STATS] t_ms=3088 q_pkts=195 q_bytes=293280 qdelay_l_ms=1.03281 qdelay_c_ms=122.973 ecn_mark=189 drop=0
[QUEUE_STATS] t_ms=3104 q_pkts=196 q_bytes=294784 qdelay_l_ms=0.893135 qdelay_c_ms=121.871 ecn_mark=191 drop=0
[QUEUE_STATS] t_ms=3120 q_pkts=195 q_bytes=293280 qdelay_l_ms=1.04927 qdelay_c_ms=125.08 ecn_mark=191 drop=0
[QUEUE_STATS] t_ms=3136 q_pkts=197 q_bytes=296288 qdelay_l_ms=1.0715 qdelay_c_ms=125.338 ecn_mark=193 drop=0
[QUEUE_STATS] t_ms=3152 q_pkts=200 q_bytes=300800 qdelay_l_ms=1.0893 qdelay_c_ms=124.137 ecn_mark=193 drop=0
[QUEUE_STATS] t_ms=3168 q_pkts=200 q_bytes=300800 qdelay_l_ms=1.0634 qdelay_c_ms=123.893 ecn_mark=193 drop=0
[QUEUE_STATS] t_ms=3184 q_pkts=200 q_bytes=300800 qdelay_l_ms=1.06471 qdelay_c_ms=127.073 ecn_mark=193 drop=0
[QUEUE_STATS] t_ms=3200 q_pkts=203 q_bytes=305312 qdelay_l_ms=1.07841 qdelay_c_ms=127.124 ecn_mark=193 drop=0
[QUEUE_STATS] t_ms=3216 q_pkts=206 q_bytes=309824 qdelay_l_ms=1.07519 qdelay_c_ms=127.112 ecn_mark=194 drop=0
[QUEUE_STATS] t_ms=3232 q_pkts=206 q_bytes=309824 qdelay_l_ms=0.540223 qdelay_c_ms=129.292 ecn_mark=195 drop=0
[QUEUE_STATS] t_ms=3249 q_pkts=209 q_bytes=314336 qdelay_l_ms=1.06643 qdelay_c_ms=128.96 ecn_mark=196 drop=0
[QUEUE_STATS] t_ms=3264 q_pkts=208 q_bytes=312832 qdelay_l_ms=1.07924 qdelay_c_ms=127.599 ecn_mark=196 drop=0
[QUEUE_STATS] t_ms=3280 q_pkts=209 q_bytes=314336 qdelay_l_ms=1.09559 qdelay_c_ms=129.938 ecn_mark=196 drop=0
[QUEUE_STATS] t_ms=3296 q_pkts=211 q_bytes=317344 qdelay_l_ms=1.0558 qdelay_c_ms=132.029 ecn_mark=197 drop=0
[QUEUE_STATS] t_ms=3312 q_pkts=210 q_bytes=315840 qdelay_l_ms=1.07438 qdelay_c_ms=132.072 ecn_mark=198 drop=0
[QUEUE_STATS] t_ms=3328 q_pkts=212 q_bytes=318848 qdelay_l_ms=1.0779 qdelay_c_ms=133.814 ecn_mark=198 drop=0
[QUEUE_STATS] t_ms=3344 q_pkts=213 q_bytes=320352 qdelay_l_ms=0.029636 qdelay_c_ms=133.086 ecn_mark=199 drop=0
[QUEUE_STATS] t_ms=3360 q_pkts=216 q_bytes=324864 qdelay_l_ms=1.03898 qdelay_c_ms=134.675 ecn_mark=199 drop=0
[QUEUE_STATS] t_ms=3376 q_pkts=216 q_bytes=324864 qdelay_l_ms=1.09673 qdelay_c_ms=137.133 ecn_mark=199 drop=0
[QUEUE_STATS] t_ms=3392 q_pkts=217 q_bytes=326368 qdelay_l_ms=1.0338 qdelay_c_ms=136.828 ecn_mark=199 drop=0
[QUEUE_STATS] t_ms=3408 q_pkts=220 q_bytes=330880 qdelay_l_ms=1.08453 qdelay_c_ms=138.226 ecn_mark=200 drop=0
[QUEUE_STATS] t_ms=3424 q_pkts=221 q_bytes=332384 qdelay_l_ms=1.04918 qdelay_c_ms=137.944 ecn_mark=201 drop=0
[QUEUE_STATS] t_ms=3440 q_pkts=219 q_bytes=329376 qdelay_l_ms=0 qdelay_c_ms=139.992 ecn_mark=202 drop=0
[QUEUE_STATS] t_ms=3456 q_pkts=221 q_bytes=332384 qdelay_l_ms=1.07626 qdelay_c_ms=141.509 ecn_mark=205 drop=0
[QUEUE_STATS] t_ms=3472 q_pkts=225 q_bytes=338400 qdelay_l_ms=0.967986 qdelay_c_ms=140.997 ecn_mark=206 drop=0
[QUEUE_STATS] t_ms=3488 q_pkts=222 q_bytes=333888 qdelay_l_ms=0.015038 qdelay_c_ms=139.101 ecn_mark=207 drop=0
[QUEUE_STATS] t_ms=3504 q_pkts=223 q_bytes=335392 qdelay_l_ms=1.07164 qdelay_c_ms=143.466 ecn_mark=207 drop=0
[QUEUE_STATS] t_ms=3520 q_pkts=228 q_bytes=342912 qdelay_l_ms=1.08092 qdelay_c_ms=143.086 ecn_mark=208 drop=0
[QUEUE_STATS] t_ms=3537 q_pkts=230 q_bytes=345920 qdelay_l_ms=1.09774 qdelay_c_ms=143.075 ecn_mark=210 drop=0
[QUEUE_STATS] t_ms=3552 q_pkts=228 q_bytes=342912 qdelay_l_ms=0.029576 qdelay_c_ms=146.047 ecn_mark=210 drop=0
[QUEUE_STATS] t_ms=3568 q_pkts=231 q_bytes=347424 qdelay_l_ms=1.05381 qdelay_c_ms=144.868 ecn_mark=211 drop=0
[QUEUE_STATS] t_ms=3584 q_pkts=233 q_bytes=350432 qdelay_l_ms=1.09817 qdelay_c_ms=148.284 ecn_mark=211 drop=0
[QUEUE_STATS] t_ms=3600 q_pkts=234 q_bytes=351936 qdelay_l_ms=1.07599 qdelay_c_ms=148.024 ecn_mark=212 drop=0
[QUEUE_STATS] t_ms=3616 q_pkts=225 q_bytes=338400 qdelay_l_ms=1.1001 qdelay_c_ms=148.058 ecn_mark=212 drop=0
[QUEUE_STATS] t_ms=3632 q_pkts=220 q_bytes=330880 qdelay_l_ms=1.01451 qdelay_c_ms=151.166 ecn_mark=214 drop=0
[QUEUE_STATS] t_ms=3648 q_pkts=210 q_bytes=315840 qdelay_l_ms=1.05698 qdelay_c_ms=151.032 ecn_mark=214 drop=0
[QUEUE_STATS] t_ms=3664 q_pkts=205 q_bytes=308320 qdelay_l_ms=1.07215 qdelay_c_ms=152.354 ecn_mark=214 drop=0
[QUEUE_STATS] t_ms=3680 q_pkts=199 q_bytes=299296 qdelay_l_ms=1.0592 qdelay_c_ms=154.767 ecn_mark=216 drop=0
[QUEUE_STATS] t_ms=3697 q_pkts=192 q_bytes=288768 qdelay_l_ms=1.05301 qdelay_c_ms=153.041 ecn_mark=216 drop=0
[QUEUE_STATS] t_ms=3712 q_pkts=183 q_bytes=275232 qdelay_l_ms=1.0844 qdelay_c_ms=153.078 ecn_mark=216 drop=0
[QUEUE_STATS] t_ms=3728 q_pkts=177 q_bytes=266208 qdelay_l_ms=1.10966 qdelay_c_ms=157.84 ecn_mark=218 drop=0
[QUEUE_STATS] t_ms=3744 q_pkts=170 q_bytes=255680 qdelay_l_ms=1.07266 qdelay_c_ms=155.414 ecn_mark=218 drop=0
[QUEUE_STATS] t_ms=3760 q_pkts=163 q_bytes=245152 qdelay_l_ms=1.07157 qdelay_c_ms=158.034 ecn_mark=218 drop=0
[QUEUE_STATS] t_ms=3776 q_pkts=155 q_bytes=233120 qdelay_l_ms=1.06973 qdelay_c_ms=145.88 ecn_mark=219 drop=0
[QUEUE_STATS] t_ms=3793 q_pkts=149 q_bytes=224096 qdelay_l_ms=1.0692 qdelay_c_ms=143.097 ecn_mark=219 drop=0
[QUEUE_STATS] t_ms=3809 q_pkts=148 q_bytes=222592 qdelay_l_ms=1.1025 qdelay_c_ms=137.221 ecn_mark=219 drop=0
[QUEUE_STATS] t_ms=3824 q_pkts=146 q_bytes=219584 qdelay_l_ms=1.09879 qdelay_c_ms=129.166 ecn_mark=220 drop=0
[QUEUE_STATS] t_ms=3840 q_pkts=148 q_bytes=222592 qdelay_l_ms=1.10702 qdelay_c_ms=121.011 ecn_mark=220 drop=0
[QUEUE_STATS] t_ms=3856 q_pkts=147 q_bytes=221088 qdelay_l_ms=1.08273 qdelay_c_ms=117.396 ecn_mark=222 drop=0
[QUEUE_STATS] t_ms=3872 q_pkts=149 q_bytes=224096 qdelay_l_ms=1.05363 qdelay_c_ms=106.671 ecn_mark=222 drop=0
[QUEUE_STATS] t_ms=3889 q_pkts=148 q_bytes=222592 qdelay_l_ms=1.09747 qdelay_c_ms=103.028 ecn_mark=223 drop=0
[QUEUE_STATS] t_ms=3904 q_pkts=151 q_bytes=227104 qdelay_l_ms=1.03337 qdelay_c_ms=97.7274 ecn_mark=223 drop=0
[QUEUE_STATS] t_ms=3920 q_pkts=151 q_bytes=227104 qdelay_l_ms=1.03636 qdelay_c_ms=100.04 ecn_mark=225 drop=0
[QUEUE_STATS] t_ms=3936 q_pkts=150 q_bytes=225600 qdelay_l_ms=1.09841 qdelay_c_ms=102.067 ecn_mark=226 drop=0
[QUEUE_STATS] t_ms=3953 q_pkts=152 q_bytes=228608 qdelay_l_ms=1.08956 qdelay_c_ms=100.01 ecn_mark=226 drop=0
[QUEUE_STATS] t_ms=3968 q_pkts=151 q_bytes=227104 qdelay_l_ms=1.03194 qdelay_c_ms=99.8867 ecn_mark=226 drop=0
[QUEUE_STATS] t_ms=3984 q_pkts=150 q_bytes=225600 qdelay_l_ms=1.02323 qdelay_c_ms=100.836 ecn_mark=227 drop=0
[QUEUE_STATS] t_ms=4000 q_pkts=152 q_bytes=228608 qdelay_l_ms=1.08217 qdelay_c_ms=100.186 ecn_mark=229 drop=0
[QUEUE_STATS] t_ms=4016 q_pkts=152 q_bytes=228608 qdelay_l_ms=1.05867 qdelay_c_ms=101.818 ecn_mark=229 drop=0
[QUEUE_STATS] t_ms=4032 q_pkts=154 q_bytes=231616 qdelay_l_ms=1.09739 qdelay_c_ms=103.37 ecn_mark=230 drop=0
[QUEUE_STATS] t_ms=4048 q_pkts=154 q_bytes=231616 qdelay_l_ms=1.06169 qdelay_c_ms=103.912 ecn_mark=231 drop=0
[QUEUE_STATS] t_ms=4064 q_pkts=156 q_bytes=234624 qdelay_l_ms=1.01842 qdelay_c_ms=102.13 ecn_mark=233 drop=0
[QUEUE_STATS] t_ms=4080 q_pkts=154 q_bytes=231616 qdelay_l_ms=1.07221 qdelay_c_ms=103.068 ecn_mark=233 drop=0
[QUEUE_STATS] t_ms=4096 q_pkts=156 q_bytes=234624 qdelay_l_ms=1.06701 qdelay_c_ms=104.045 ecn_mark=235 drop=0
[QUEUE_STATS] t_ms=4112 q_pkts=159 q_bytes=239136 qdelay_l_ms=1.0452 qdelay_c_ms=105.232 ecn_mark=238 drop=0
[QUEUE_STATS] t_ms=4128 q_pkts=157 q_bytes=236128 qdelay_l_ms=1.10743 qdelay_c_ms=106.038 ecn_mark=238 drop=0
[QUEUE_STATS] t_ms=4144 q_pkts=159 q_bytes=239136 qdelay_l_ms=1.06037 qdelay_c_ms=104.042 ecn_mark=238 drop=0
[QUEUE_STATS] t_ms=4160 q_pkts=159 q_bytes=239136 qdelay_l_ms=1.08907 qdelay_c_ms=107.276 ecn_mark=238 drop=0
[QUEUE_STATS] t_ms=4176 q_pkts=157 q_bytes=236128 qdelay_l_ms=1.08615 qdelay_c_ms=108.004 ecn_mark=238 drop=0
[QUEUE_STATS] t_ms=4192 q_pkts=159 q_bytes=239136 qdelay_l_ms=1.02089 qdelay_c_ms=108.245 ecn_mark=239 drop=0
[QUEUE_STATS] t_ms=4208 q_pkts=160 q_bytes=240640 qdelay_l_ms=1.05354 qdelay_c_ms=106.912 ecn_mark=239 drop=0
[QUEUE_STATS] t_ms=4224 q_pkts=160 q_bytes=240640 qdelay_l_ms=1.04261 qdelay_c_ms=110.739 ecn_mark=239 drop=0
[QUEUE_STATS] t_ms=4240 q_pkts=163 q_bytes=245152 qdelay_l_ms=1.02484 qdelay_c_ms=109.146 ecn_mark=239 drop=0
[QUEUE_STATS] t_ms=4256 q_pkts=164 q_bytes=246656 qdelay_l_ms=1.08777 qdelay_c_ms=109.017 ecn_mark=241 drop=0
[QUEUE_STATS] t_ms=4272 q_pkts=164 q_bytes=246656 qdelay_l_ms=1.06999 qdelay_c_ms=113.203 ecn_mark=242 drop=0
[QUEUE_STATS] t_ms=4288 q_pkts=164 q_bytes=246656 qdelay_l_ms=1.03088 qdelay_c_ms=110.05 ecn_mark=243 drop=0
[QUEUE_STATS] t_ms=4304 q_pkts=163 q_bytes=245152 qdelay_l_ms=1.09704 qdelay_c_ms=112.062 ecn_mark=243 drop=0
[QUEUE_STATS] t_ms=4320 q_pkts=166 q_bytes=249664 qdelay_l_ms=1.04975 qdelay_c_ms=113.946 ecn_mark=243 drop=0
[QUEUE_STATS] t_ms=4336 q_pkts=166 q_bytes=249664 qdelay_l_ms=1.04385 qdelay_c_ms=110.958 ecn_mark=243 drop=0
[QUEUE_STATS] t_ms=4352 q_pkts=166 q_bytes=249664 qdelay_l_ms=1.08821 qdelay_c_ms=114.103 ecn_mark=243 drop=0
[QUEUE_STATS] t_ms=4368 q_pkts=167 q_bytes=251168 qdelay_l_ms=1.03735 qdelay_c_ms=116.136 ecn_mark=244 drop=0
[QUEUE_STATS] t_ms=4384 q_pkts=168 q_bytes=252672 qdelay_l_ms=0.984457 qdelay_c_ms=112.894 ecn_mark=244 drop=0
[QUEUE_STATS] t_ms=4400 q_pkts=169 q_bytes=254176 qdelay_l_ms=1.06086 qdelay_c_ms=116.256 ecn_mark=244 drop=0
[QUEUE_STATS] t_ms=4416 q_pkts=170 q_bytes=254228 qdelay_l_ms=0.987492 qdelay_c_ms=119.02 ecn_mark=245 drop=0
[QUEUE_STATS] t_ms=4432 q_pkts=170 q_bytes=254228 qdelay_l_ms=1.01349 qdelay_c_ms=114.25 ecn_mark=245 drop=0
[QUEUE_STATS] t_ms=4448 q_pkts=171 q_bytes=255732 qdelay_l_ms=1.08224 qdelay_c_ms=117.391 ecn_mark=247 drop=0
[QUEUE_STATS] t_ms=4464 q_pkts=172 q_bytes=257236 qdelay_l_ms=1.00656 qdelay_c_ms=118.208 ecn_mark=247 drop=0
[QUEUE_STATS] t_ms=4481 q_pkts=174 q_bytes=260244 qdelay_l_ms=1.10137 qdelay_c_ms=116.07 ecn_mark=250 drop=0
[QUEUE_STATS] t_ms=4496 q_pkts=174 q_bytes=260244 qdelay_l_ms=1.09264 qdelay_c_ms=121.326 ecn_mark=252 drop=0
[QUEUE_STATS] t_ms=4512 q_pkts=174 q_bytes=260244 qdelay_l_ms=1.01947 qdelay_c_ms=117.814 ecn_mark=254 drop=0
[QUEUE_STATS] t_ms=4528 q_pkts=173 q_bytes=258740 qdelay_l_ms=1.08744 qdelay_c_ms=118.116 ecn_mark=254 drop=0
[QUEUE_STATS] t_ms=4544 q_pkts=176 q_bytes=264704 qdelay_l_ms=1.01536 qdelay_c_ms=123.017 ecn_mark=254 drop=0
[QUEUE_STATS] t_ms=4560 q_pkts=176 q_bytes=264704 qdelay_l_ms=1.00251 qdelay_c_ms=118.822 ecn_mark=254 drop=0
[QUEUE_STATS] t_ms=4576 q_pkts=176 q_bytes=264704 qdelay_l_ms=0.85289 qdelay_c_ms=121.132 ecn_mark=254 drop=0
[QUEUE_STATS] t_ms=4592 q_pkts=178 q_bytes=267712 qdelay_l_ms=0 qdelay_c_ms=126.952 ecn_mark=256 drop=0
[QUEUE_STATS] t_ms=4608 q_pkts=179 q_bytes=269216 qdelay_l_ms=1.07738 qdelay_c_ms=123.883 ecn_mark=257 drop=0
[QUEUE_STATS] t_ms=4624 q_pkts=178 q_bytes=267712 qdelay_l_ms=1.08957 qdelay_c_ms=125.377 ecn_mark=257 drop=0
[QUEUE_STATS] t_ms=4640 q_pkts=179 q_bytes=269216 qdelay_l_ms=0.998143 qdelay_c_ms=126.826 ecn_mark=257 drop=0
[QUEUE_STATS] t_ms=4656 q_pkts=178 q_bytes=267712 qdelay_l_ms=1.07808 qdelay_c_ms=125.403 ecn_mark=257 drop=0
[QUEUE_STATS] t_ms=4672 q_pkts=180 q_bytes=270720 qdelay_l_ms=1.08139 qdelay_c_ms=129.276 ecn_mark=257 drop=0
[QUEUE_STATS] t_ms=4688 q_pkts=183 q_bytes=275232 qdelay_l_ms=1.00204 qdelay_c_ms=129.999 ecn_mark=257 drop=0
[QUEUE_STATS] t_ms=4704 q_pkts=183 q_bytes=275232 qdelay_l_ms=0.996911 qdelay_c_ms=130.681 ecn_mark=259 drop=0
[QUEUE_STATS] t_ms=4720 q_pkts=185 q_bytes=278240 qdelay_l_ms=1.06859 qdelay_c_ms=131.063 ecn_mark=260 drop=0
[QUEUE_STATS] t_ms=4736 q_pkts=186 q_bytes=279744 qdelay_l_ms=1.08591 qdelay_c_ms=133.203 ecn_mark=260 drop=0
[QUEUE_STATS] t_ms=4752 q_pkts=180 q_bytes=270720 qdelay_l_ms=0 qdelay_c_ms=134.231 ecn_mark=261 drop=0
[QUEUE_STATS] t_ms=4768 q_pkts=185 q_bytes=278240 qdelay_l_ms=0.999285 qdelay_c_ms=136.026 ecn_mark=261 drop=0
[QUEUE_STATS] t_ms=4784 q_pkts=184 q_bytes=276736 qdelay_l_ms=1.08161 qdelay_c_ms=136.908 ecn_mark=262 drop=0
[QUEUE_STATS] t_ms=4800 q_pkts=188 q_bytes=282752 qdelay_l_ms=0.870503 qdelay_c_ms=137.274 ecn_mark=262 drop=0
[QUEUE_STATS] t_ms=4816 q_pkts=188 q_bytes=282752 qdelay_l_ms=0.997571 qdelay_c_ms=139.031 ecn_mark=264 drop=0
[QUEUE_STATS] t_ms=4832 q_pkts=186 q_bytes=279744 qdelay_l_ms=0.992351 qdelay_c_ms=139.83 ecn_mark=267 drop=0
[QUEUE_STATS] t_ms=4848 q_pkts=186 q_bytes=279744 qdelay_l_ms=0 qdelay_c_ms=137.906 ecn_mark=267 drop=0
[QUEUE_STATS] t_ms=4864 q_pkts=187 q_bytes=281248 qdelay_l_ms=0.980419 qdelay_c_ms=140.92 ecn_mark=267 drop=0
[QUEUE_STATS] t_ms=4880 q_pkts=190 q_bytes=285760 qdelay_l_ms=1.1084 qdelay_c_ms=143.532 ecn_mark=269 drop=0
[QUEUE_STATS] t_ms=4896 q_pkts=191 q_bytes=287264 qdelay_l_ms=0.965461 qdelay_c_ms=140.526 ecn_mark=269 drop=0
[QUEUE_STATS] t_ms=4912 q_pkts=187 q_bytes=281248 qdelay_l_ms=1.00119 qdelay_c_ms=141.974 ecn_mark=271 drop=0
[QUEUE_STATS] t_ms=4928 q_pkts=191 q_bytes=287264 qdelay_l_ms=1.05032 qdelay_c_ms=142.839 ecn_mark=272 drop=0
[QUEUE_STATS] t_ms=4944 q_pkts=192 q_bytes=288768 qdelay_l_ms=1.10951 qdelay_c_ms=142.822 ecn_mark=273 drop=0
[QUEUE_STATS] t_ms=4960 q_pkts=193 q_bytes=290272 qdelay_l_ms=1.08525 qdelay_c_ms=144.408 ecn_mark=273 drop=0
[QUEUE_STATS] t_ms=4977 q_pkts=193 q_bytes=290272 qdelay_l_ms=1.05797 qdelay_c_ms=145.629 ecn_mark=275 drop=0
[QUEUE_STATS] t_ms=4992 q_pkts=193 q_bytes=290272 qdelay_l_ms=0.968357 qdelay_c_ms=142.96 ecn_mark=275 drop=0
[QUEUE_STATS] t_ms=5008 q_pkts=195 q_bytes=293280 qdelay_l_ms=1.07139 qdelay_c_ms=147.775 ecn_mark=278 drop=0
[QUEUE_STATS] t_ms=5024 q_pkts=191 q_bytes=287264 qdelay_l_ms=0.034434 qdelay_c_ms=144.224 ecn_mark=281 drop=0
[QUEUE_STATS] t_ms=5040 q_pkts=194 q_bytes=291776 qdelay_l_ms=0.985288 qdelay_c_ms=144.998 ecn_mark=283 drop=0
[QUEUE_STATS] t_ms=5056 q_pkts=193 q_bytes=290272 qdelay_l_ms=0.031409 qdelay_c_ms=148.06 ecn_mark=284 drop=0
[QUEUE_STATS] t_ms=5073 q_pkts=196 q_bytes=294784 qdelay_l_ms=1.04875 qdelay_c_ms=150.04 ecn_mark=284 drop=0
[QUEUE_STATS] t_ms=5088 q_pkts=195 q_bytes=293280 qdelay_l_ms=0.99146 qdelay_c_ms=148.171 ecn_mark=286 drop=0
[QUEUE_STATS] t_ms=5104 q_pkts=197 q_bytes=296288 qdelay_l_ms=1.94331 qdelay_c_ms=150.014 ecn_mark=287 drop=0
[QUEUE_STATS] t_ms=5120 q_pkts=195 q_bytes=293280 qdelay_l_ms=0.02616 qdelay_c_ms=147.203 ecn_mark=290 drop=0
[QUEUE_STATS] t_ms=5136 q_pkts=194 q_bytes=291776 qdelay_l_ms=0.014748 qdelay_c_ms=148.084 ecn_mark=291 drop=0
[QUEUE_STATS] t_ms=5152 q_pkts=196 q_bytes=294784 qdelay_l_ms=1.00483 qdelay_c_ms=150.842 ecn_mark=292 drop=0
[QUEUE_STATS] t_ms=5168 q_pkts=199 q_bytes=299296 qdelay_l_ms=1.0472 qdelay_c_ms=149.14 ecn_mark=293 drop=0
[QUEUE_STATS] t_ms=5185 q_pkts=200 q_bytes=300800 qdelay_l_ms=1.08772 qdelay_c_ms=152.154 ecn_mark=295 drop=0
[QUEUE_STATS] t_ms=5200 q_pkts=197 q_bytes=296288 qdelay_l_ms=0.99158 qdelay_c_ms=147.816 ecn_mark=297 drop=0
[QUEUE_STATS] t_ms=5216 q_pkts=200 q_bytes=300800 qdelay_l_ms=0.976492 qdelay_c_ms=147.975 ecn_mark=298 drop=0
[QUEUE_STATS] t_ms=5232 q_pkts=199 q_bytes=299296 qdelay_l_ms=0.989487 qdelay_c_ms=152.965 ecn_mark=299 drop=0
[QUEUE_STATS] t_ms=5248 q_pkts=200 q_bytes=300800 qdelay_l_ms=0.992782 qdelay_c_ms=151.057 ecn_mark=300 drop=0
[QUEUE_STATS] t_ms=5264 q_pkts=200 q_bytes=300800 qdelay_l_ms=1.06976 qdelay_c_ms=150.317 ecn_mark=300 drop=0
[QUEUE_STATS] t_ms=5280 q_pkts=201 q_bytes=302304 qdelay_l_ms=0.994976 qdelay_c_ms=149.763 ecn_mark=301 drop=0
[QUEUE_STATS] t_ms=5296 q_pkts=198 q_bytes=297792 qdelay_l_ms=0.035186 qdelay_c_ms=151.05 ecn_mark=303 drop=0
[QUEUE_STATS] t_ms=5312 q_pkts=200 q_bytes=300800 qdelay_l_ms=1.01597 qdelay_c_ms=152.014 ecn_mark=303 drop=0
[QUEUE_STATS] t_ms=5328 q_pkts=202 q_bytes=303808 qdelay_l_ms=1.04707 qdelay_c_ms=151.85 ecn_mark=304 drop=0
[QUEUE_STATS] t_ms=5344 q_pkts=200 q_bytes=300800 qdelay_l_ms=1.01174 qdelay_c_ms=150.566 ecn_mark=304 drop=0
[QUEUE_STATS] t_ms=5360 q_pkts=204 q_bytes=306816 qdelay_l_ms=0.971702 qdelay_c_ms=151.826 ecn_mark=305 drop=0
[QUEUE_STATS] t_ms=5376 q_pkts=203 q_bytes=305312 qdelay_l_ms=1.08643 qdelay_c_ms=149.901 ecn_mark=307 drop=0
[QUEUE_STATS] t_ms=5392 q_pkts=204 q_bytes=306816 qdelay_l_ms=0.997191 qdelay_c_ms=151.919 ecn_mark=308 drop=0
[QUEUE_STATS] t_ms=5408 q_pkts=203 q_bytes=305312 qdelay_l_ms=0.987924 qdelay_c_ms=149.908 ecn_mark=309 drop=0
[QUEUE_STATS] t_ms=5424 q_pkts=195 q_bytes=293280 qdelay_l_ms=0 qdelay_c_ms=150.187 ecn_mark=310 drop=0
[QUEUE_STATS] t_ms=5440 q_pkts=194 q_bytes=291776 qdelay_l_ms=1.0372 qdelay_c_ms=153.169 ecn_mark=310 drop=0
[QUEUE_STATS] t_ms=5456 q_pkts=185 q_bytes=278240 qdelay_l_ms=1.00688 qdelay_c_ms=147.555 ecn_mark=313 drop=0
[QUEUE_STATS] t_ms=5472 q_pkts=179 q_bytes=269216 qdelay_l_ms=1.0825 qdelay_c_ms=153.288 ecn_mark=315 drop=0
[QUEUE_STATS] t_ms=5488 q_pkts=174 q_bytes=261696 qdelay_l_ms=1.00284 qdelay_c_ms=151.667 ecn_mark=316 drop=0
[QUEUE_STATS] t_ms=5504 q_pkts=165 q_bytes=248160 qdelay_l_ms=1.00627 qdelay_c_ms=149.744 ecn_mark=316 drop=0
[QUEUE_STATS] t_ms=5520 q_pkts=161 q_bytes=242144 qdelay_l_ms=1.0025 qdelay_c_ms=153.795 ecn_mark=316 drop=0
[QUEUE_STATS] t_ms=5536 q_pkts=154 q_bytes=231616 qdelay_l_ms=1.00885 qdelay_c_ms=149.918 ecn_mark=316 drop=0
[QUEUE_STATS] t_ms=5552 q_pkts=149 q_bytes=224096 qdelay_l_ms=0.988514 qdelay_c_ms=150.902 ecn_mark=316 drop=0
[QUEUE_STATS] t_ms=5569 q_pkts=142 q_bytes=213568 qdelay_l_ms=1.08207 qdelay_c_ms=153.987 ecn_mark=316 drop=0
[QUEUE_STATS] t_ms=5584 q_pkts=136 q_bytes=204544 qdelay_l_ms=0.98095 qdelay_c_ms=141.975 ecn_mark=316 drop=0
[QUEUE_STATS] t_ms=5600 q_pkts=131 q_bytes=197024 qdelay_l_ms=1.07016 qdelay_c_ms=139.094 ecn_mark=317 drop=0
[QUEUE_STATS] t_ms=5616 q_pkts=126 q_bytes=189504 qdelay_l_ms=0.034023 qdelay_c_ms=135.194 ecn_mark=318 drop=0
[QUEUE_STATS] t_ms=5632 q_pkts=128 q_bytes=192512 qdelay_l_ms=0.824576 qdelay_c_ms=124.917 ecn_mark=318 drop=0
[QUEUE_STATS] t_ms=5648 q_pkts=128 q_bytes=192512 qdelay_l_ms=1.08462 qdelay_c_ms=120.821 ecn_mark=321 drop=0
[QUEUE_STATS] t_ms=5664 q_pkts=129 q_bytes=194016 qdelay_l_ms=1.07336 qdelay_c_ms=119.114 ecn_mark=321 drop=0
[QUEUE_STATS] t_ms=5680 q_pkts=129 q_bytes=194016 qdelay_l_ms=0.988925 qdelay_c_ms=105.929 ecn_mark=322 drop=0
[QUEUE_STATS] t_ms=5697 q_pkts=128 q_bytes=192512 qdelay_l_ms=1.07159 qdelay_c_ms=104.223 ecn_mark=323 drop=0
[QUEUE_STATS] t_ms=5712 q_pkts=130 q_bytes=195520 qdelay_l_ms=1.0625 qdelay_c_ms=98.0888 ecn_mark=323 drop=0
[QUEUE_STATS] t_ms=5729 q_pkts=130 q_bytes=195520 qdelay_l_ms=1.09159 qdelay_c_ms=97.8193 ecn_mark=325 drop=0
[QUEUE_STATS] t_ms=5745 q_pkts=128 q_bytes=192512 qdelay_l_ms=1.0984 qdelay_c_ms=97.7137 ecn_mark=327 drop=0
[QUEUE_STATS] t_ms=5761 q_pkts=132 q_bytes=198528 qdelay_l_ms=1.06565 qdelay_c_ms=99.9444 ecn_mark=327 drop=0
[QUEUE_STATS] t_ms=5776 q_pkts=129 q_bytes=194016 qdelay_l_ms=1.07016 qdelay_c_ms=101.191 ecn_mark=328 drop=0
[QUEUE_STATS] t_ms=5792 q_pkts=129 q_bytes=194016 qdelay_l_ms=0.043221 qdelay_c_ms=97.1765 ecn_mark=329 drop=0
[QUEUE_STATS] t_ms=5808 q_pkts=130 q_bytes=195520 qdelay_l_ms=1.07766 qdelay_c_ms=101.217 ecn_mark=329 drop=0
[QUEUE_STATS] t_ms=5824 q_pkts=130 q_bytes=195520 qdelay_l_ms=1.00182 qdelay_c_ms=103.614 ecn_mark=332 drop=0
[QUEUE_STATS] t_ms=5840 q_pkts=132 q_bytes=198528 qdelay_l_ms=1.0748 qdelay_c_ms=100.968 ecn_mark=333 drop=0
[QUEUE_STATS] t_ms=5856 q_pkts=131 q_bytes=197024 qdelay_l_ms=1.03823 qdelay_c_ms=100.217 ecn_mark=333 drop=0
[QUEUE_STATS] t_ms=5872 q_pkts=134 q_bytes=201536 qdelay_l_ms=1.08403 qdelay_c_ms=102.809 ecn_mark=334 drop=0
[QUEUE_STATS] t_ms=5888 q_pkts=134 q_bytes=201536 qdelay_l_ms=1.09453 qdelay_c_ms=100.091 ecn_mark=337 drop=0
[QUEUE_STATS] t_ms=5904 q_pkts=132 q_bytes=198528 qdelay_l_ms=0.979187 qdelay_c_ms=100.87 ecn_mark=339 drop=0
[QUEUE_STATS] t_ms=5920 q_pkts=132 q_bytes=198528 qdelay_l_ms=0.978555 qdelay_c_ms=100.833 ecn_mark=339 drop=0
[QUEUE_STATS] t_ms=5936 q_pkts=134 q_bytes=201536 qdelay_l_ms=0.993574 qdelay_c_ms=102.664 ecn_mark=339 drop=0
[QUEUE_STATS] t_ms=5952 q_pkts=133 q_bytes=200032 qdelay_l_ms=0.03166 qdelay_c_ms=102.044 ecn_mark=342 drop=0
[QUEUE_STATS] t_ms=5968 q_pkts=131 q_bytes=197024 qdelay_l_ms=0.014097 qdelay_c_ms=98.6628 ecn_mark=342 drop=0
[QUEUE_STATS] t_ms=5984 q_pkts=135 q_bytes=203040 qdelay_l_ms=0.996199 qdelay_c_ms=104.955 ecn_mark=343 drop=0
[QUEUE_STATS] t_ms=6000 q_pkts=135 q_bytes=203040 qdelay_l_ms=0.974468 qdelay_c_ms=103.657 ecn_mark=347 drop=0
[QUEUE_STATS] t_ms=6016 q_pkts=136 q_bytes=204544 qdelay_l_ms=0.814899 qdelay_c_ms=104.071 ecn_mark=347 drop=0
[QUEUE_STATS] t_ms=6033 q_pkts=135 q_bytes=203040 qdelay_l_ms=1.07035 qdelay_c_ms=105.225 ecn_mark=351 drop=0
[QUEUE_STATS] t_ms=6048 q_pkts=132 q_bytes=198528 qdelay_l_ms=0 qdelay_c_ms=102.182 ecn_mark=352 drop=0
[QUEUE_STATS] t_ms=6064 q_pkts=138 q_bytes=207552 qdelay_l_ms=0.999785 qdelay_c_ms=106.132 ecn_mark=354 drop=0
[QUEUE_STATS] t_ms=6081 q_pkts=135 q_bytes=203040 qdelay_l_ms=1.0703 qdelay_c_ms=103.806 ecn_mark=356 drop=0
[QUEUE_STATS] t_ms=6096 q_pkts=135 q_bytes=203040 qdelay_l_ms=1.09227 qdelay_c_ms=102.733 ecn_mark=357 drop=0
[QUEUE_STATS] t_ms=6112 q_pkts=136 q_bytes=204544 qdelay_l_ms=1.08445 qdelay_c_ms=106.424 ecn_mark=358 drop=0
[QUEUE_STATS] t_ms=6128 q_pkts=139 q_bytes=209056 qdelay_l_ms=0.981401 qdelay_c_ms=105.026 ecn_mark=361 drop=0
[QUEUE_STATS] t_ms=6145 q_pkts=137 q_bytes=206048 qdelay_l_ms=1.08078 qdelay_c_ms=103.06 ecn_mark=362 drop=0
[QUEUE_STATS] t_ms=6160 q_pkts=137 q_bytes=206048 qdelay_l_ms=1.07739 qdelay_c_ms=105.204 ecn_mark=363 drop=0
[QUEUE_STATS] t_ms=6176 q_pkts=137 q_bytes=206048 qdelay_l_ms=0.973285 qdelay_c_ms=102.976 ecn_mark=366 drop=0
[QUEUE_STATS] t_ms=6192 q_pkts=136 q_bytes=204544 qdelay_l_ms=1.01035 qdelay_c_ms=104.211 ecn_mark=371 drop=0
[QUEUE_STATS] t_ms=6208 q_pkts=138 q_bytes=207552 qdelay_l_ms=1.0019 qdelay_c_ms=102.79 ecn_mark=375 drop=0
[QUEUE_STATS] t_ms=6224 q_pkts=139 q_bytes=209056 qdelay_l_ms=1.0174 qdelay_c_ms=101.176 ecn_mark=375 drop=0
[QUEUE_STATS] t_ms=6240 q_pkts=139 q_bytes=209056 qdelay_l_ms=1.07399 qdelay_c_ms=106.127 ecn_mark=376 drop=0
[QUEUE_STATS] t_ms=6256 q_pkts=138 q_bytes=207552 qdelay_l_ms=1.01714 qdelay_c_ms=102.92 ecn_mark=377 drop=0
[QUEUE_STATS] t_ms=6272 q_pkts=137 q_bytes=206048 qdelay_l_ms=0.026419 qdelay_c_ms=99.0692 ecn_mark=379 drop=0
[QUEUE_STATS] t_ms=6288 q_pkts=137 q_bytes=206048 qdelay_l_ms=1.09522 qdelay_c_ms=105.124 ecn_mark=379 drop=0
[QUEUE_STATS] t_ms=6304 q_pkts=137 q_bytes=206048 qdelay_l_ms=1.01102 qdelay_c_ms=100.085 ecn_mark=379 drop=0
[QUEUE_STATS] t_ms=6320 q_pkts=140 q_bytes=210560 qdelay_l_ms=1.0991 qdelay_c_ms=103.013 ecn_mark=380 drop=0
[QUEUE_STATS] t_ms=6336 q_pkts=135 q_bytes=203040 qdelay_l_ms=1.08601 qdelay_c_ms=103.292 ecn_mark=382 drop=0
[QUEUE_STATS] t_ms=6352 q_pkts=140 q_bytes=210560 qdelay_l_ms=1.08325 qdelay_c_ms=99.0617 ecn_mark=385 drop=0
[QUEUE_STATS] t_ms=6368 q_pkts=139 q_bytes=209056 qdelay_l_ms=1.10455 qdelay_c_ms=103.503 ecn_mark=386 drop=0
[QUEUE_STATS] t_ms=6384 q_pkts=139 q_bytes=209056 qdelay_l_ms=1.08189 qdelay_c_ms=101.868 ecn_mark=387 drop=0
[QUEUE_STATS] t_ms=6400 q_pkts=138 q_bytes=207552 qdelay_l_ms=0 qdelay_c_ms=98.9671 ecn_mark=390 drop=0
[QUEUE_STATS] t_ms=6416 q_pkts=139 q_bytes=209056 qdelay_l_ms=1.02716 qdelay_c_ms=102.134 ecn_mark=390 drop=0
[QUEUE_STATS] t_ms=6432 q_pkts=141 q_bytes=212064 qdelay_l_ms=1.07635 qdelay_c_ms=102.431 ecn_mark=390 drop=0
[QUEUE_STATS] t_ms=6448 q_pkts=142 q_bytes=213568 qdelay_l_ms=1.01862 qdelay_c_ms=101.974 ecn_mark=390 drop=0
[QUEUE_STATS] t_ms=6464 q_pkts=141 q_bytes=212064 qdelay_l_ms=1.01705 qdelay_c_ms=100.773 ecn_mark=393 drop=0
[QUEUE_STATS] t_ms=6480 q_pkts=142 q_bytes=213568 qdelay_l_ms=1.06947 qdelay_c_ms=100.244 ecn_mark=393 drop=0
[QUEUE_STATS] t_ms=6496 q_pkts=143 q_bytes=215072 qdelay_l_ms=1.00624 qdelay_c_ms=102.035 ecn_mark=394 drop=0
[QUEUE_STATS] t_ms=6512 q_pkts=138 q_bytes=207552 qdelay_l_ms=0 qdelay_c_ms=101.875 ecn_mark=397 drop=0
[QUEUE_STATS] t_ms=6528 q_pkts=141 q_bytes=212064 qdelay_l_ms=1.01739 qdelay_c_ms=101.958 ecn_mark=399 drop=0
[QUEUE_STATS] t_ms=6544 q_pkts=139 q_bytes=209056 qdelay_l_ms=0 qdelay_c_ms=102.729 ecn_mark=401 drop=0
[QUEUE_STATS] t_ms=6560 q_pkts=140 q_bytes=210560 qdelay_l_ms=1.02626 qdelay_c_ms=102.575 ecn_mark=405 drop=0
[QUEUE_STATS] t_ms=6576 q_pkts=144 q_bytes=216576 qdelay_l_ms=1.01198 qdelay_c_ms=103.916 ecn_mark=407 drop=0
[QUEUE_STATS] t_ms=6592 q_pkts=141 q_bytes=212064 qdelay_l_ms=1.0206 qdelay_c_ms=102.78 ecn_mark=410 drop=0
[QUEUE_STATS] t_ms=6608 q_pkts=141 q_bytes=212064 qdelay_l_ms=1.00845 qdelay_c_ms=101.817 ecn_mark=411 drop=0
[QUEUE_STATS] t_ms=6624 q_pkts=142 q_bytes=213568 qdelay_l_ms=1.082 qdelay_c_ms=103.318 ecn_mark=413 drop=0
[QUEUE_STATS] t_ms=6640 q_pkts=142 q_bytes=213568 qdelay_l_ms=1.02447 qdelay_c_ms=102.06 ecn_mark=415 drop=0
[QUEUE_STATS] t_ms=6656 q_pkts=142 q_bytes=213568 qdelay_l_ms=1.07174 qdelay_c_ms=100.956 ecn_mark=416 drop=0
[QUEUE_STATS] t_ms=6672 q_pkts=142 q_bytes=213568 qdelay_l_ms=1.03436 qdelay_c_ms=100.774 ecn_mark=418 drop=0
[QUEUE_STATS] t_ms=6688 q_pkts=141 q_bytes=212064 qdelay_l_ms=0.013125 qdelay_c_ms=99.2164 ecn_mark=419 drop=0
[QUEUE_STATS] t_ms=6704 q_pkts=143 q_bytes=215072 qdelay_l_ms=1.04281 qdelay_c_ms=100.906 ecn_mark=420 drop=0
[QUEUE_STATS] t_ms=6720 q_pkts=140 q_bytes=210560 qdelay_l_ms=1.03508 qdelay_c_ms=98.6777 ecn_mark=421 drop=0
[QUEUE_STATS] t_ms=6736 q_pkts=139 q_bytes=209056 qdelay_l_ms=0 qdelay_c_ms=98.7367 ecn_mark=423 drop=0
[QUEUE_STATS] t_ms=6752 q_pkts=143 q_bytes=215072 qdelay_l_ms=1.0382 qdelay_c_ms=101.12 ecn_mark=425 drop=0
[QUEUE_STATS] t_ms=6768 q_pkts=144 q_bytes=216576 qdelay_l_ms=1.03537 qdelay_c_ms=98.553 ecn_mark=427 drop=0
[QUEUE_STATS] t_ms=6784 q_pkts=142 q_bytes=213568 qdelay_l_ms=1.06868 qdelay_c_ms=101.311 ecn_mark=429 drop=0
[QUEUE_STATS] t_ms=6800 q_pkts=140 q_bytes=210560 qdelay_l_ms=0.037641 qdelay_c_ms=99.8959 ecn_mark=431 drop=0
[QUEUE_STATS] t_ms=6816 q_pkts=142 q_bytes=213568 qdelay_l_ms=1.07286 qdelay_c_ms=96.8025 ecn_mark=436 drop=0
[QUEUE_STATS] t_ms=6832 q_pkts=142 q_bytes=213568 qdelay_l_ms=1.04174 qdelay_c_ms=100.115 ecn_mark=438 drop=0
[QUEUE_STATS] t_ms=6848 q_pkts=144 q_bytes=216576 qdelay_l_ms=1.04545 qdelay_c_ms=97.9615 ecn_mark=442 drop=0
[QUEUE_STATS] t_ms=6864 q_pkts=141 q_bytes=212064 qdelay_l_ms=1.06896 qdelay_c_ms=98.7031 ecn_mark=443 drop=0
[QUEUE_STATS] t_ms=6880 q_pkts=142 q_bytes=213568 qdelay_l_ms=1.09015 qdelay_c_ms=97.9692 ecn_mark=444 drop=0
[QUEUE_STATS] t_ms=6896 q_pkts=141 q_bytes=212064 qdelay_l_ms=1.07936 qdelay_c_ms=95.7753 ecn_mark=447 drop=0
[QUEUE_STATS] t_ms=6912 q_pkts=142 q_bytes=213568 qdelay_l_ms=1.05186 qdelay_c_ms=94.858 ecn_mark=448 drop=0
[QUEUE_STATS] t_ms=6928 q_pkts=137 q_bytes=206048 qdelay_l_ms=0.018585 qdelay_c_ms=93.949 ecn_mark=448 drop=0
[QUEUE_STATS] t_ms=6944 q_pkts=144 q_bytes=216576 qdelay_l_ms=1.00552 qdelay_c_ms=96.7834 ecn_mark=449 drop=0
[QUEUE_STATS] t_ms=6960 q_pkts=141 q_bytes=212064 qdelay_l_ms=1.06945 qdelay_c_ms=94.9177 ecn_mark=451 drop=0
[QUEUE_STATS] t_ms=6976 q_pkts=143 q_bytes=215072 qdelay_l_ms=1.08882 qdelay_c_ms=92.8254 ecn_mark=451 drop=0
[QUEUE_STATS] t_ms=6993 q_pkts=141 q_bytes=212064 qdelay_l_ms=1.0662 qdelay_c_ms=96.0395 ecn_mark=452 drop=0
[QUEUE_STATS] t_ms=7008 q_pkts=144 q_bytes=216576 qdelay_l_ms=1.05659 qdelay_c_ms=95.0485 ecn_mark=454 drop=0
[QUEUE_STATS] t_ms=7024 q_pkts=143 q_bytes=215072 qdelay_l_ms=1.07579 qdelay_c_ms=92.625 ecn_mark=456 drop=0
[QUEUE_STATS] t_ms=7040 q_pkts=142 q_bytes=213568 qdelay_l_ms=1.07431 qdelay_c_ms=90.8815 ecn_mark=458 drop=0
[QUEUE_STATS] t_ms=7056 q_pkts=140 q_bytes=210560 qdelay_l_ms=1.0655 qdelay_c_ms=94.0388 ecn_mark=462 drop=0
[QUEUE_STATS] t_ms=7072 q_pkts=144 q_bytes=216576 qdelay_l_ms=1.07142 qdelay_c_ms=93.2266 ecn_mark=464 drop=0
[QUEUE_STATS] t_ms=7088 q_pkts=140 q_bytes=210560 qdelay_l_ms=1.09226 qdelay_c_ms=90.9416 ecn_mark=465 drop=0
[QUEUE_STATS] t_ms=7104 q_pkts=140 q_bytes=210560 qdelay_l_ms=1.07216 qdelay_c_ms=91.0768 ecn_mark=466 drop=0
[QUEUE_STATS] t_ms=7120 q_pkts=140 q_bytes=210560 qdelay_l_ms=1.08562 qdelay_c_ms=93.0388 ecn_mark=469 drop=0
[QUEUE_STATS] t_ms=7136 q_pkts=142 q_bytes=213568 qdelay_l_ms=1.09234 qdelay_c_ms=89.7284 ecn_mark=470 drop=0
[QUEUE_STATS] t_ms=7152 q_pkts=141 q_bytes=212064 qdelay_l_ms=1.06234 qdelay_c_ms=89.4635 ecn_mark=472 drop=0
[QUEUE_STATS] t_ms=7168 q_pkts=142 q_bytes=213568 qdelay_l_ms=1.06166 qdelay_c_ms=89.941 ecn_mark=474 drop=0
[QUEUE_STATS] t_ms=7184 q_pkts=140 q_bytes=210560 qdelay_l_ms=1.09007 qdelay_c_ms=87.0763 ecn_mark=474 drop=0
[QUEUE_STATS] t_ms=7200 q_pkts=140 q_bytes=210560 qdelay_l_ms=1.07926 qdelay_c_ms=87.8981 ecn_mark=474 drop=0
[QUEUE_STATS] t_ms=7216 q_pkts=144 q_bytes=216576 qdelay_l_ms=1.0904 qdelay_c_ms=89.9028 ecn_mark=474 drop=0
[QUEUE_STATS] t_ms=7232 q_pkts=144 q_bytes=216576 qdelay_l_ms=1.05673 qdelay_c_ms=89.165 ecn_mark=474 drop=0
[QUEUE_STATS] t_ms=7249 q_pkts=143 q_bytes=215072 qdelay_l_ms=1.09007 qdelay_c_ms=89.2333 ecn_mark=476 drop=0
[QUEUE_STATS] t_ms=7264 q_pkts=146 q_bytes=219584 qdelay_l_ms=1.07826 qdelay_c_ms=92.1585 ecn_mark=476 drop=0
[QUEUE_STATS] t_ms=7280 q_pkts=142 q_bytes=213568 qdelay_l_ms=1.10935 qdelay_c_ms=87.1088 ecn_mark=476 drop=0
[QUEUE_STATS] t_ms=7296 q_pkts=143 q_bytes=215072 qdelay_l_ms=1.07632 qdelay_c_ms=88.8895 ecn_mark=476 drop=0
[QUEUE_STATS] t_ms=7312 q_pkts=144 q_bytes=216576 qdelay_l_ms=1.09984 qdelay_c_ms=91.3152 ecn_mark=478 drop=0
[QUEUE_STATS] t_ms=7328 q_pkts=145 q_bytes=218080 qdelay_l_ms=1.09843 qdelay_c_ms=90.8773 ecn_mark=483 drop=0
[QUEUE_STATS] t_ms=7344 q_pkts=147 q_bytes=221088 qdelay_l_ms=1.07712 qdelay_c_ms=91.0728 ecn_mark=483 drop=0
[QUEUE_STATS] t_ms=7360 q_pkts=143 q_bytes=215072 qdelay_l_ms=1.09471 qdelay_c_ms=91.094 ecn_mark=483 drop=0
[QUEUE_STATS] t_ms=7376 q_pkts=144 q_bytes=216576 qdelay_l_ms=1.11321 qdelay_c_ms=90.2045 ecn_mark=488 drop=0
[QUEUE_STATS] t_ms=7393 q_pkts=145 q_bytes=218080 qdelay_l_ms=1.09356 qdelay_c_ms=91.2072 ecn_mark=488 drop=0
[QUEUE_STATS] t_ms=7408 q_pkts=140 q_bytes=210560 qdelay_l_ms=0.014227 qdelay_c_ms=88.0542 ecn_mark=490 drop=0
[QUEUE_STATS] t_ms=7424 q_pkts=144 q_bytes=216576 qdelay_l_ms=1.06596 qdelay_c_ms=90.6899 ecn_mark=492 drop=0
[QUEUE_STATS] t_ms=7440 q_pkts=146 q_bytes=219584 qdelay_l_ms=1.05029 qdelay_c_ms=89.945 ecn_mark=493 drop=0
[QUEUE_STATS] t_ms=7457 q_pkts=142 q_bytes=213568 qdelay_l_ms=1.06668 qdelay_c_ms=87.8962 ecn_mark=497 drop=0
[QUEUE_STATS] t_ms=7472 q_pkts=141 q_bytes=212064 qdelay_l_ms=1.11038 qdelay_c_ms=88.2056 ecn_mark=497 drop=0
[QUEUE_STATS] t_ms=7489 q_pkts=144 q_bytes=216576 qdelay_l_ms=1.0833 qdelay_c_ms=89.0888 ecn_mark=501 drop=0
[QUEUE_STATS] t_ms=7505 q_pkts=143 q_bytes=215072 qdelay_l_ms=1.07418 qdelay_c_ms=85.924 ecn_mark=502 drop=0
[QUEUE_STATS] t_ms=7520 q_pkts=141 q_bytes=212064 qdelay_l_ms=1.06983 qdelay_c_ms=87.0114 ecn_mark=504 drop=0
[QUEUE_STATS] t_ms=7537 q_pkts=143 q_bytes=215072 qdelay_l_ms=1.08276 qdelay_c_ms=86.1853 ecn_mark=505 drop=0
[QUEUE_STATS] t_ms=7552 q_pkts=142 q_bytes=213568 qdelay_l_ms=1.06639 qdelay_c_ms=85.1615 ecn_mark=506 drop=0
[QUEUE_STATS] t_ms=7568 q_pkts=144 q_bytes=216576 qdelay_l_ms=1.10875 qdelay_c_ms=85.7581 ecn_mark=507 drop=0
[QUEUE_STATS] t_ms=7584 q_pkts=141 q_bytes=212064 qdelay_l_ms=0.015348 qdelay_c_ms=84.1067 ecn_mark=509 drop=0
[QUEUE_STATS] t_ms=7600 q_pkts=141 q_bytes=212064 qdelay_l_ms=1.07953 qdelay_c_ms=82.8395 ecn_mark=511 drop=0
[QUEUE_STATS] t_ms=7616 q_pkts=142 q_bytes=213568 qdelay_l_ms=1.05609 qdelay_c_ms=84.6739 ecn_mark=514 drop=0
[QUEUE_STATS] t_ms=7633 q_pkts=143 q_bytes=215072 qdelay_l_ms=1.06125 qdelay_c_ms=85.1206 ecn_mark=514 drop=0
[QUEUE_STATS] t_ms=7648 q_pkts=139 q_bytes=209056 qdelay_l_ms=1.06568 qdelay_c_ms=80.9357 ecn_mark=518 drop=0
[QUEUE_STATS] t_ms=7664 q_pkts=142 q_bytes=213568 qdelay_l_ms=1.06483 qdelay_c_ms=85.3199 ecn_mark=520 drop=0
[QUEUE_STATS] t_ms=7680 q_pkts=142 q_bytes=213568 qdelay_l_ms=1.09126 qdelay_c_ms=81.7533 ecn_mark=523 drop=0
[QUEUE_STATS] t_ms=7696 q_pkts=141 q_bytes=212064 qdelay_l_ms=1.08141 qdelay_c_ms=80.4068 ecn_mark=528 drop=0
[QUEUE_STATS] t_ms=7712 q_pkts=142 q_bytes=213568 qdelay_l_ms=1.07463 qdelay_c_ms=84.2682 ecn_mark=530 drop=0
[QUEUE_STATS] t_ms=7728 q_pkts=137 q_bytes=206048 qdelay_l_ms=0 qdelay_c_ms=78.1726 ecn_mark=531 drop=0
[QUEUE_STATS] t_ms=7744 q_pkts=140 q_bytes=210560 qdelay_l_ms=1.06601 qdelay_c_ms=79.9585 ecn_mark=533 drop=0
[QUEUE_STATS] t_ms=7760 q_pkts=138 q_bytes=207552 qdelay_l_ms=1.08815 qdelay_c_ms=83.0401 ecn_mark=535 drop=0
[QUEUE_STATS] t_ms=7777 q_pkts=138 q_bytes=207552 qdelay_l_ms=1.08124 qdelay_c_ms=78.9644 ecn_mark=536 drop=0
[QUEUE_STATS] t_ms=7792 q_pkts=138 q_bytes=207552 qdelay_l_ms=1.068 qdelay_c_ms=78.097 ecn_mark=539 drop=0
[QUEUE_STATS] t_ms=7809 q_pkts=140 q_bytes=210560 qdelay_l_ms=1.06516 qdelay_c_ms=82.1132 ecn_mark=542 drop=0
[QUEUE_STATS] t_ms=7825 q_pkts=137 q_bytes=206048 qdelay_l_ms=1.07946 qdelay_c_ms=77.0146 ecn_mark=542 drop=0
[QUEUE_STATS] t_ms=7840 q_pkts=139 q_bytes=209056 qdelay_l_ms=1.05834 qdelay_c_ms=77.0063 ecn_mark=544 drop=0
[QUEUE_STATS] t_ms=7856 q_pkts=135 q_bytes=203040 qdelay_l_ms=0 qdelay_c_ms=76.9682 ecn_mark=544 drop=0
[QUEUE_STATS] t_ms=7872 q_pkts=138 q_bytes=207552 qdelay_l_ms=1.03901 qdelay_c_ms=75.9864 ecn_mark=544 drop=0
[QUEUE_STATS] t_ms=7888 q_pkts=138 q_bytes=207552 qdelay_l_ms=1.09635 qdelay_c_ms=78.1805 ecn_mark=545 drop=0
[QUEUE_STATS] t_ms=7904 q_pkts=140 q_bytes=210560 qdelay_l_ms=1.09784 qdelay_c_ms=77.8031 ecn_mark=545 drop=0
[QUEUE_STATS] t_ms=7920 q_pkts=135 q_bytes=203040 qdelay_l_ms=0 qdelay_c_ms=72.0575 ecn_mark=547 drop=0
[QUEUE_STATS] t_ms=7936 q_pkts=133 q_bytes=200032 qdelay_l_ms=0 qdelay_c_ms=75.0851 ecn_mark=548 drop=0
[QUEUE_STATS] t_ms=7952 q_pkts=138 q_bytes=207552 qdelay_l_ms=0.925045 qdelay_c_ms=74.8735 ecn_mark=548 drop=0
[QUEUE_STATS] t_ms=7968 q_pkts=136 q_bytes=204544 qdelay_l_ms=0.936837 qdelay_c_ms=72.8673 ecn_mark=548 drop=0
[QUEUE_STATS] t_ms=7984 q_pkts=133 q_bytes=200032 qdelay_l_ms=0.03185 qdelay_c_ms=73.012 ecn_mark=550 drop=0
[QUEUE_STATS] t_ms=8000 q_pkts=140 q_bytes=210560 qdelay_l_ms=1.0863 qdelay_c_ms=75.1615 ecn_mark=552 drop=0
[QUEUE_STATS] t_ms=8017 q_pkts=138 q_bytes=207552 qdelay_l_ms=1.08694 qdelay_c_ms=71.7361 ecn_mark=552 drop=0
[QUEUE_STATS] t_ms=8033 q_pkts=137 q_bytes=206048 qdelay_l_ms=1.10283 qdelay_c_ms=75.1906 ecn_mark=553 drop=0
[QUEUE_STATS] t_ms=8048 q_pkts=136 q_bytes=204544 qdelay_l_ms=0 qdelay_c_ms=71.9551 ecn_mark=554 drop=0
[QUEUE_STATS] t_ms=8064 q_pkts=138 q_bytes=207552 qdelay_l_ms=1.07263 qdelay_c_ms=71.8259 ecn_mark=555 drop=0
[QUEUE_STATS] t_ms=8080 q_pkts=138 q_bytes=207552 qdelay_l_ms=1.06941 qdelay_c_ms=74.0398 ecn_mark=558 drop=0
[QUEUE_STATS] t_ms=8096 q_pkts=137 q_bytes=206048 qdelay_l_ms=1.08278 qdelay_c_ms=71.6201 ecn_mark=559 drop=0
[QUEUE_STATS] t_ms=8112 q_pkts=138 q_bytes=207552 qdelay_l_ms=1.09904 qdelay_c_ms=71.1993 ecn_mark=562 drop=0
[QUEUE_STATS] t_ms=8128 q_pkts=137 q_bytes=206048 qdelay_l_ms=0.934123 qdelay_c_ms=74.0329 ecn_mark=562 drop=0
[QUEUE_STATS] t_ms=8144 q_pkts=134 q_bytes=201536 qdelay_l_ms=1.09054 qdelay_c_ms=71.0933 ecn_mark=565 drop=0
[QUEUE_STATS] t_ms=8160 q_pkts=136 q_bytes=204544 qdelay_l_ms=0.695013 qdelay_c_ms=71.8092 ecn_mark=566 drop=0
[QUEUE_STATS] t_ms=8176 q_pkts=135 q_bytes=203040 qdelay_l_ms=0.013986 qdelay_c_ms=71.2036 ecn_mark=567 drop=0
[QUEUE_STATS] t_ms=8192 q_pkts=136 q_bytes=204544 qdelay_l_ms=1.09616 qdelay_c_ms=68.9852 ecn_mark=568 drop=0
[QUEUE_STATS] t_ms=8208 q_pkts=131 q_bytes=197024 qdelay_l_ms=0 qdelay_c_ms=71.0244 ecn_mark=569 drop=0
[QUEUE_STATS] t_ms=8224 q_pkts=134 q_bytes=201536 qdelay_l_ms=0 qdelay_c_ms=70.0077 ecn_mark=572 drop=0
[QUEUE_STATS] t_ms=8240 q_pkts=137 q_bytes=206048 qdelay_l_ms=0.939793 qdelay_c_ms=69.1114 ecn_mark=575 drop=0
[QUEUE_STATS] t_ms=8256 q_pkts=136 q_bytes=204544 qdelay_l_ms=0.811052 qdelay_c_ms=72.1035 ecn_mark=577 drop=0
[QUEUE_STATS] t_ms=8272 q_pkts=134 q_bytes=201536 qdelay_l_ms=0.04252 qdelay_c_ms=68.5824 ecn_mark=579 drop=0
[QUEUE_STATS] t_ms=8288 q_pkts=136 q_bytes=204544 qdelay_l_ms=1.07618 qdelay_c_ms=70.2 ecn_mark=581 drop=0
[QUEUE_STATS] t_ms=8304 q_pkts=133 q_bytes=200032 qdelay_l_ms=0.647615 qdelay_c_ms=71.0574 ecn_mark=581 drop=0
[QUEUE_STATS] t_ms=8320 q_pkts=137 q_bytes=206048 qdelay_l_ms=1.09223 qdelay_c_ms=69.8463 ecn_mark=582 drop=0
[QUEUE_STATS] t_ms=8336 q_pkts=137 q_bytes=206048 qdelay_l_ms=0.830407 qdelay_c_ms=69.9954 ecn_mark=583 drop=0
[QUEUE_STATS] t_ms=8352 q_pkts=135 q_bytes=203040 qdelay_l_ms=1.06502 qdelay_c_ms=70.1143 ecn_mark=584 drop=0
[QUEUE_STATS] t_ms=8368 q_pkts=135 q_bytes=203040 qdelay_l_ms=0.993163 qdelay_c_ms=68.8588 ecn_mark=584 drop=0
[QUEUE_STATS] t_ms=8384 q_pkts=137 q_bytes=206048 qdelay_l_ms=1.06784 qdelay_c_ms=69.1349 ecn_mark=585 drop=0
[QUEUE_STATS] t_ms=8400 q_pkts=133 q_bytes=200032 qdelay_l_ms=0 qdelay_c_ms=68.0767 ecn_mark=586 drop=0
[QUEUE_STATS] t_ms=8416 q_pkts=132 q_bytes=198528 qdelay_l_ms=0 qdelay_c_ms=67.8099 ecn_mark=587 drop=0
[QUEUE_STATS] t_ms=8433 q_pkts=135 q_bytes=203040 qdelay_l_ms=1.09744 qdelay_c_ms=68.0347 ecn_mark=587 drop=0
[QUEUE_STATS] t_ms=8449 q_pkts=135 q_bytes=203040 qdelay_l_ms=1.0864 qdelay_c_ms=70.135 ecn_mark=589 drop=0
[QUEUE_STATS] t_ms=8464 q_pkts=133 q_bytes=200032 qdelay_l_ms=1.07593 qdelay_c_ms=69.4057 ecn_mark=591 drop=0
[QUEUE_STATS] t_ms=8480 q_pkts=118 q_bytes=177472 qdelay_l_ms=0 qdelay_c_ms=67.1237 ecn_mark=591 drop=0
[QUEUE_STATS] t_ms=8496 q_pkts=108 q_bytes=162432 qdelay_l_ms=0.016892 qdelay_c_ms=67.0474 ecn_mark=592 drop=0
[QUEUE_STATS] t_ms=8512 q_pkts=99 q_bytes=148896 qdelay_l_ms=0 qdelay_c_ms=68.8039 ecn_mark=594 drop=0
[QUEUE_STATS] t_ms=8528 q_pkts=92 q_bytes=138368 qdelay_l_ms=0.866255 qdelay_c_ms=65.5032 ecn_mark=594 drop=0
[QUEUE_STATS] t_ms=8544 q_pkts=83 q_bytes=124832 qdelay_l_ms=1.08292 qdelay_c_ms=60.9879 ecn_mark=594 drop=0
[QUEUE_STATS] t_ms=8560 q_pkts=74 q_bytes=111296 qdelay_l_ms=0.992271 qdelay_c_ms=53.1713 ecn_mark=595 drop=0
[QUEUE_STATS] t_ms=8576 q_pkts=68 q_bytes=102272 qdelay_l_ms=0.013174 qdelay_c_ms=44.9652 ecn_mark=596 drop=0
[QUEUE_STATS] t_ms=8592 q_pkts=71 q_bytes=106784 qdelay_l_ms=1.08728 qdelay_c_ms=38.9779 ecn_mark=599 drop=0
[QUEUE_STATS] t_ms=8608 q_pkts=71 q_bytes=106784 qdelay_l_ms=1.08219 qdelay_c_ms=35.0816 ecn_mark=600 drop=0
[QUEUE_STATS] t_ms=8624 q_pkts=68 q_bytes=102272 qdelay_l_ms=0.034334 qdelay_c_ms=32.7869 ecn_mark=601 drop=0
[QUEUE_STATS] t_ms=8640 q_pkts=70 q_bytes=105280 qdelay_l_ms=0.012363 qdelay_c_ms=34.0538 ecn_mark=602 drop=0
[QUEUE_STATS] t_ms=8656 q_pkts=72 q_bytes=108288 qdelay_l_ms=1.05223 qdelay_c_ms=34.1923 ecn_mark=603 drop=0
[QUEUE_STATS] t_ms=8672 q_pkts=73 q_bytes=109792 qdelay_l_ms=1.05086 qdelay_c_ms=36.1121 ecn_mark=605 drop=0
[QUEUE_STATS] t_ms=8688 q_pkts=73 q_bytes=109792 qdelay_l_ms=0.828133 qdelay_c_ms=36.6465 ecn_mark=606 drop=0
[QUEUE_STATS] t_ms=8704 q_pkts=72 q_bytes=108288 qdelay_l_ms=0.884299 qdelay_c_ms=34.2241 ecn_mark=606 drop=0
[QUEUE_STATS] t_ms=8720 q_pkts=73 q_bytes=109792 qdelay_l_ms=1.06383 qdelay_c_ms=35.1443 ecn_mark=611 drop=0
[QUEUE_STATS] t_ms=8737 q_pkts=74 q_bytes=111296 qdelay_l_ms=1.10631 qdelay_c_ms=37.0831 ecn_mark=611 drop=0
[QUEUE_STATS] t_ms=8752 q_pkts=74 q_bytes=111296 qdelay_l_ms=1.04481 qdelay_c_ms=35.3096 ecn_mark=612 drop=0
[QUEUE_STATS] t_ms=8768 q_pkts=74 q_bytes=111296 qdelay_l_ms=1.066 qdelay_c_ms=36.0508 ecn_mark=614 drop=0
[QUEUE_STATS] t_ms=8784 q_pkts=70 q_bytes=105280 qdelay_l_ms=1.04242 qdelay_c_ms=35.0352 ecn_mark=615 drop=0
[QUEUE_STATS] t_ms=8800 q_pkts=74 q_bytes=111296 qdelay_l_ms=1.03856 qdelay_c_ms=35.1849 ecn_mark=615 drop=0
[QUEUE_STATS] t_ms=8816 q_pkts=76 q_bytes=114304 qdelay_l_ms=0.867508 qdelay_c_ms=37.2463 ecn_mark=616 drop=0
[QUEUE_STATS] t_ms=8832 q_pkts=74 q_bytes=111296 qdelay_l_ms=0 qdelay_c_ms=34.9892 ecn_mark=617 drop=0
[QUEUE_STATS] t_ms=8848 q_pkts=75 q_bytes=112800 qdelay_l_ms=1.08446 qdelay_c_ms=35.2329 ecn_mark=618 drop=0
[QUEUE_STATS] t_ms=8864 q_pkts=73 q_bytes=109792 qdelay_l_ms=0.0108 qdelay_c_ms=37.9422 ecn_mark=621 drop=0
[QUEUE_STATS] t_ms=8880 q_pkts=74 q_bytes=111296 qdelay_l_ms=0.876264 qdelay_c_ms=35.7374 ecn_mark=622 drop=0
[QUEUE_STATS] t_ms=8896 q_pkts=75 q_bytes=112800 qdelay_l_ms=1.10088 qdelay_c_ms=36.002 ecn_mark=623 drop=0
[QUEUE_STATS] t_ms=8912 q_pkts=78 q_bytes=117312 qdelay_l_ms=1.02906 qdelay_c_ms=36.9908 ecn_mark=623 drop=0
[QUEUE_STATS] t_ms=8929 q_pkts=75 q_bytes=112800 qdelay_l_ms=1.04403 qdelay_c_ms=35.5206 ecn_mark=625 drop=0
[QUEUE_STATS] t_ms=8944 q_pkts=75 q_bytes=112800 qdelay_l_ms=1.09154 qdelay_c_ms=37.1789 ecn_mark=625 drop=0
[QUEUE_STATS] t_ms=8960 q_pkts=79 q_bytes=118816 qdelay_l_ms=1.04519 qdelay_c_ms=37.1325 ecn_mark=625 drop=0
[QUEUE_STATS] t_ms=8976 q_pkts=76 q_bytes=114304 qdelay_l_ms=1.1034 qdelay_c_ms=35.1704 ecn_mark=626 drop=0
[QUEUE_STATS] t_ms=8992 q_pkts=74 q_bytes=111296 qdelay_l_ms=1.08479 qdelay_c_ms=38.9594 ecn_mark=629 drop=0
[QUEUE_STATS] t_ms=9009 q_pkts=78 q_bytes=117312 qdelay_l_ms=1.07127 qdelay_c_ms=37.2405 ecn_mark=630 drop=0
[QUEUE_STATS] t_ms=9024 q_pkts=73 q_bytes=109792 qdelay_l_ms=0.016631 qdelay_c_ms=34.8213 ecn_mark=630 drop=0
[QUEUE_STATS] t_ms=9040 q_pkts=77 q_bytes=115808 qdelay_l_ms=0.030878 qdelay_c_ms=37.1131 ecn_mark=630 drop=0
[QUEUE_STATS] t_ms=9056 q_pkts=74 q_bytes=111296 qdelay_l_ms=0 qdelay_c_ms=35.9402 ecn_mark=631 drop=0
[QUEUE_STATS] t_ms=9072 q_pkts=79 q_bytes=118816 qdelay_l_ms=1.07282 qdelay_c_ms=38.0228 ecn_mark=632 drop=0
[QUEUE_STATS] t_ms=9088 q_pkts=78 q_bytes=117312 qdelay_l_ms=1.08055 qdelay_c_ms=37.9672 ecn_mark=637 drop=0
[QUEUE_STATS] t_ms=9105 q_pkts=80 q_bytes=120320 qdelay_l_ms=1.058 qdelay_c_ms=37.2302 ecn_mark=638 drop=0
[QUEUE_STATS] t_ms=9120 q_pkts=80 q_bytes=120320 qdelay_l_ms=0.668363 qdelay_c_ms=38.9038 ecn_mark=639 drop=0
[QUEUE_STATS] t_ms=9137 q_pkts=81 q_bytes=121824 qdelay_l_ms=1.0615 qdelay_c_ms=39.8722 ecn_mark=640 drop=0
[QUEUE_STATS] t_ms=9152 q_pkts=78 q_bytes=117312 qdelay_l_ms=1.06673 qdelay_c_ms=37.8246 ecn_mark=640 drop=0
[QUEUE_STATS] t_ms=9168 q_pkts=78 q_bytes=117312 qdelay_l_ms=0 qdelay_c_ms=37.9941 ecn_mark=641 drop=0
[QUEUE_STATS] t_ms=9184 q_pkts=80 q_bytes=120320 qdelay_l_ms=1.07666 qdelay_c_ms=38.2366 ecn_mark=641 drop=0
[QUEUE_STATS] t_ms=9200 q_pkts=82 q_bytes=123328 qdelay_l_ms=1.06548 qdelay_c_ms=37.701 ecn_mark=642 drop=0
[QUEUE_STATS] t_ms=9216 q_pkts=77 q_bytes=115808 qdelay_l_ms=1.06602 qdelay_c_ms=38.0487 ecn_mark=644 drop=0
[QUEUE_STATS] t_ms=9232 q_pkts=80 q_bytes=120320 qdelay_l_ms=1.05115 qdelay_c_ms=39.0112 ecn_mark=645 drop=0
[QUEUE_STATS] t_ms=9248 q_pkts=82 q_bytes=123328 qdelay_l_ms=0.877907 qdelay_c_ms=36.71 ecn_mark=645 drop=0
[QUEUE_STATS] t_ms=9264 q_pkts=80 q_bytes=120320 qdelay_l_ms=1.06669 qdelay_c_ms=38.0245 ecn_mark=647 drop=0
[QUEUE_STATS] t_ms=9280 q_pkts=79 q_bytes=118816 qdelay_l_ms=1.05993 qdelay_c_ms=38.5527 ecn_mark=649 drop=0
[QUEUE_STATS] t_ms=9296 q_pkts=81 q_bytes=121824 qdelay_l_ms=1.07813 qdelay_c_ms=39.0379 ecn_mark=652 drop=0
[QUEUE_STATS] t_ms=9313 q_pkts=80 q_bytes=120320 qdelay_l_ms=1.08388 qdelay_c_ms=37.923 ecn_mark=654 drop=0
[QUEUE_STATS] t_ms=9328 q_pkts=80 q_bytes=120320 qdelay_l_ms=0.879921 qdelay_c_ms=37.9473 ecn_mark=659 drop=0
[QUEUE_STATS] t_ms=9344 q_pkts=82 q_bytes=123328 qdelay_l_ms=1.07175 qdelay_c_ms=39.0778 ecn_mark=660 drop=0
[QUEUE_STATS] t_ms=9360 q_pkts=80 q_bytes=120320 qdelay_l_ms=1.07711 qdelay_c_ms=37.4734 ecn_mark=662 drop=0
[QUEUE_STATS] t_ms=9376 q_pkts=81 q_bytes=121824 qdelay_l_ms=1.08735 qdelay_c_ms=38.5995 ecn_mark=663 drop=0
[QUEUE_STATS] t_ms=9392 q_pkts=81 q_bytes=121824 qdelay_l_ms=1.06171 qdelay_c_ms=40.0054 ecn_mark=665 drop=0
[QUEUE_STATS] t_ms=9408 q_pkts=79 q_bytes=118816 qdelay_l_ms=1.08469 qdelay_c_ms=36.8145 ecn_mark=665 drop=0
[QUEUE_STATS] t_ms=9424 q_pkts=79 q_bytes=118816 qdelay_l_ms=1.07754 qdelay_c_ms=38.5989 ecn_mark=666 drop=0
[QUEUE_STATS] t_ms=9440 q_pkts=82 q_bytes=123328 qdelay_l_ms=1.08539 qdelay_c_ms=37.1625 ecn_mark=666 drop=0
[QUEUE_STATS] t_ms=9456 q_pkts=81 q_bytes=121824 qdelay_l_ms=1.06687 qdelay_c_ms=36.8593 ecn_mark=668 drop=0
[QUEUE_STATS] t_ms=9473 q_pkts=80 q_bytes=120320 qdelay_l_ms=1.06669 qdelay_c_ms=38.9701 ecn_mark=672 drop=0
[QUEUE_STATS] t_ms=9488 q_pkts=82 q_bytes=123328 qdelay_l_ms=1.06772 qdelay_c_ms=38.5855 ecn_mark=672 drop=0
[QUEUE_STATS] t_ms=9504 q_pkts=83 q_bytes=124832 qdelay_l_ms=1.07872 qdelay_c_ms=39.3454 ecn_mark=674 drop=0
[QUEUE_STATS] t_ms=9520 q_pkts=82 q_bytes=123328 qdelay_l_ms=1.04556 qdelay_c_ms=39.0946 ecn_mark=674 drop=0
[QUEUE_STATS] t_ms=9537 q_pkts=81 q_bytes=121824 qdelay_l_ms=1.07861 qdelay_c_ms=38.027 ecn_mark=676 drop=0
[QUEUE_STATS] t_ms=9552 q_pkts=74 q_bytes=111296 qdelay_l_ms=1.06627 qdelay_c_ms=38.1627 ecn_mark=677 drop=0
[QUEUE_STATS] t_ms=9568 q_pkts=62 q_bytes=93248 qdelay_l_ms=1.06055 qdelay_c_ms=38.1969 ecn_mark=678 drop=0
[QUEUE_STATS] t_ms=9584 q_pkts=54 q_bytes=81216 qdelay_l_ms=1.0203 qdelay_c_ms=35.1679 ecn_mark=680 drop=0
[QUEUE_STATS] t_ms=9600 q_pkts=43 q_bytes=64672 qdelay_l_ms=1.0991 qdelay_c_ms=29.0915 ecn_mark=682 drop=0
[QUEUE_STATS] t_ms=9616 q_pkts=30 q_bytes=45120 qdelay_l_ms=0.921979 qdelay_c_ms=17.9707 ecn_mark=683 drop=0
[QUEUE_STATS] t_ms=9632 q_pkts=29 q_bytes=43616 qdelay_l_ms=1.06259 qdelay_c_ms=14.6179 ecn_mark=684 drop=0
[QUEUE_STATS] t_ms=9648 q_pkts=31 q_bytes=46624 qdelay_l_ms=0.938902 qdelay_c_ms=13.0686 ecn_mark=685 drop=0
[QUEUE_STATS] t_ms=9664 q_pkts=30 q_bytes=45120 qdelay_l_ms=1.06659 qdelay_c_ms=13.9044 ecn_mark=686 drop=0
[QUEUE_STATS] t_ms=9680 q_pkts=31 q_bytes=46624 qdelay_l_ms=1.0303 qdelay_c_ms=14.0348 ecn_mark=687 drop=0
[QUEUE_STATS] t_ms=9696 q_pkts=33 q_bytes=49632 qdelay_l_ms=1.06452 qdelay_c_ms=13.2332 ecn_mark=687 drop=0
[QUEUE_STATS] t_ms=9712 q_pkts=31 q_bytes=46624 qdelay_l_ms=0.02676 qdelay_c_ms=13.6499 ecn_mark=689 drop=0
[QUEUE_STATS] t_ms=9728 q_pkts=30 q_bytes=45120 qdelay_l_ms=1.06633 qdelay_c_ms=14.1068 ecn_mark=691 drop=0
[QUEUE_STATS] t_ms=9744 q_pkts=30 q_bytes=45120 qdelay_l_ms=1.05427 qdelay_c_ms=11.1336 ecn_mark=691 drop=0
[QUEUE_STATS] t_ms=9760 q_pkts=30 q_bytes=45120 qdelay_l_ms=1.08036 qdelay_c_ms=15.0145 ecn_mark=692 drop=0
[QUEUE_STATS] t_ms=9776 q_pkts=30 q_bytes=45120 qdelay_l_ms=0.95417 qdelay_c_ms=12.6355 ecn_mark=694 drop=0
[QUEUE_STATS] t_ms=9792 q_pkts=30 q_bytes=45120 qdelay_l_ms=1.06462 qdelay_c_ms=13.4827 ecn_mark=697 drop=0
[QUEUE_STATS] t_ms=9808 q_pkts=34 q_bytes=51136 qdelay_l_ms=0.716464 qdelay_c_ms=14.1955 ecn_mark=698 drop=0
[QUEUE_STATS] t_ms=9824 q_pkts=33 q_bytes=49632 qdelay_l_ms=1.08935 qdelay_c_ms=15.0582 ecn_mark=699 drop=0
[QUEUE_STATS] t_ms=9840 q_pkts=31 q_bytes=46624 qdelay_l_ms=1.06451 qdelay_c_ms=14.0634 ecn_mark=699 drop=0
[QUEUE_STATS] t_ms=9856 q_pkts=30 q_bytes=45120 qdelay_l_ms=0 qdelay_c_ms=12.992 ecn_mark=700 drop=0
[QUEUE_STATS] t_ms=9872 q_pkts=31 q_bytes=46624 qdelay_l_ms=1.11149 qdelay_c_ms=11.9728 ecn_mark=700 drop=0
[QUEUE_STATS] t_ms=9888 q_pkts=30 q_bytes=45120 qdelay_l_ms=1.10028 qdelay_c_ms=13.8216 ecn_mark=700 drop=0
[QUEUE_STATS] t_ms=9904 q_pkts=32 q_bytes=48128 qdelay_l_ms=0.940855 qdelay_c_ms=14.7749 ecn_mark=701 drop=0
[QUEUE_STATS] t_ms=9921 q_pkts=33 q_bytes=49632 qdelay_l_ms=1.07008 qdelay_c_ms=13.0421 ecn_mark=701 drop=0
[QUEUE_STATS] t_ms=9936 q_pkts=34 q_bytes=51136 qdelay_l_ms=1.05831 qdelay_c_ms=16.5763 ecn_mark=703 drop=0
[QUEUE_STATS] t_ms=9952 q_pkts=33 q_bytes=49632 qdelay_l_ms=1.09788 qdelay_c_ms=14.8572 ecn_mark=704 drop=0
[QUEUE_STATS] t_ms=9968 q_pkts=35 q_bytes=52640 qdelay_l_ms=1.06115 qdelay_c_ms=13.9672 ecn_mark=706 drop=0
[QUEUE_STATS] t_ms=9984 q_pkts=32 q_bytes=48128 qdelay_l_ms=1.06973 qdelay_c_ms=16.0274 ecn_mark=709 drop=0
[QUEUE_STATS] t_ms=10000 q_pkts=33 q_bytes=49632 qdelay_l_ms=1.08957 qdelay_c_ms=13.29 ecn_mark=710 drop=0
[QUEUE_STATS] t_ms=10016 q_pkts=34 q_bytes=51136 qdelay_l_ms=1.06678 qdelay_c_ms=15.047 ecn_mark=712 drop=0
[QUEUE_STATS] t_ms=10033 q_pkts=34 q_bytes=51136 qdelay_l_ms=1.08172 qdelay_c_ms=15.9266 ecn_mark=714 drop=0
[QUEUE_STATS] t_ms=10048 q_pkts=35 q_bytes=52640 qdelay_l_ms=0.947057 qdelay_c_ms=13.9349 ecn_mark=714 drop=0
[QUEUE_STATS] t_ms=10064 q_pkts=36 q_bytes=54144 qdelay_l_ms=1.04497 qdelay_c_ms=17.202 ecn_mark=715 drop=0
[QUEUE_STATS] t_ms=10080 q_pkts=35 q_bytes=52640 qdelay_l_ms=0.987302 qdelay_c_ms=15.4344 ecn_mark=715 drop=0
[QUEUE_STATS] t_ms=10096 q_pkts=35 q_bytes=52640 qdelay_l_ms=0 qdelay_c_ms=15.1324 ecn_mark=716 drop=0
[QUEUE_STATS] t_ms=10112 q_pkts=36 q_bytes=54144 qdelay_l_ms=1.05946 qdelay_c_ms=16.0257 ecn_mark=716 drop=0
[QUEUE_STATS] t_ms=10128 q_pkts=35 q_bytes=52640 qdelay_l_ms=0.949731 qdelay_c_ms=13.4518 ecn_mark=717 drop=0
[QUEUE_STATS] t_ms=10145 q_pkts=33 q_bytes=49632 qdelay_l_ms=1.06501 qdelay_c_ms=15.0796 ecn_mark=717 drop=0
[QUEUE_STATS] t_ms=10160 q_pkts=30 q_bytes=45120 qdelay_l_ms=0 qdelay_c_ms=13.9044 ecn_mark=718 drop=0
[QUEUE_STATS] t_ms=10176 q_pkts=35 q_bytes=52640 qdelay_l_ms=0.816251 qdelay_c_ms=14.9227 ecn_mark=719 drop=0
[QUEUE_STATS] t_ms=10193 q_pkts=33 q_bytes=49632 qdelay_l_ms=1.09027 qdelay_c_ms=15.0652 ecn_mark=721 drop=0
[QUEUE_STATS] t_ms=10209 q_pkts=34 q_bytes=51136 qdelay_l_ms=1.07293 qdelay_c_ms=15.8376 ecn_mark=721 drop=0
[QUEUE_STATS] t_ms=10224 q_pkts=38 q_bytes=57152 qdelay_l_ms=1.03011 qdelay_c_ms=15.0902 ecn_mark=721 drop=0
[QUEUE_STATS] t_ms=10240 q_pkts=37 q_bytes=55648 qdelay_l_ms=0.978696 qdelay_c_ms=14.8128 ecn_mark=724 drop=0
[QUEUE_STATS] t_ms=10257 q_pkts=38 q_bytes=57152 qdelay_l_ms=1.06721 qdelay_c_ms=17.1478 ecn_mark=724 drop=0
[QUEUE_STATS] t_ms=10272 q_pkts=37 q_bytes=55648 qdelay_l_ms=0.965341 qdelay_c_ms=14.9911 ecn_mark=725 drop=0
[QUEUE_STATS] t_ms=10289 q_pkts=37 q_bytes=55648 qdelay_l_ms=1.08051 qdelay_c_ms=16.1661 ecn_mark=725 drop=0
[QUEUE_STATS] t_ms=10304 q_pkts=37 q_bytes=55648 qdelay_l_ms=0.969309 qdelay_c_ms=17.1899 ecn_mark=726 drop=0
[QUEUE_STATS] t_ms=10320 q_pkts=38 q_bytes=57152 qdelay_l_ms=1.09171 qdelay_c_ms=14.9739 ecn_mark=726 drop=0
[QUEUE_STATS] t_ms=10336 q_pkts=37 q_bytes=55648 qdelay_l_ms=0.735239 qdelay_c_ms=17.0218 ecn_mark=727 drop=0
[QUEUE_STATS] t_ms=10352 q_pkts=39 q_bytes=58656 qdelay_l_ms=0.928252 qdelay_c_ms=17.8211 ecn_mark=730 drop=0
[QUEUE_STATS] t_ms=10368 q_pkts=39 q_bytes=58656 qdelay_l_ms=0.014096 qdelay_c_ms=15.9067 ecn_mark=732 drop=0
[QUEUE_STATS] t_ms=10384 q_pkts=37 q_bytes=55648 qdelay_l_ms=1.08068 qdelay_c_ms=17.1976 ecn_mark=733 drop=0
[QUEUE_STATS] t_ms=10400 q_pkts=39 q_bytes=58656 qdelay_l_ms=0.983716 qdelay_c_ms=14.8507 ecn_mark=734 drop=0
[QUEUE_STATS] t_ms=10416 q_pkts=38 q_bytes=57152 qdelay_l_ms=1.09919 qdelay_c_ms=17.9941 ecn_mark=734 drop=0
[QUEUE_STATS] t_ms=10432 q_pkts=35 q_bytes=52640 qdelay_l_ms=0.015118 qdelay_c_ms=16.1947 ecn_mark=734 drop=0
[QUEUE_STATS] t_ms=10448 q_pkts=39 q_bytes=58656 qdelay_l_ms=1.07675 qdelay_c_ms=14.9876 ecn_mark=736 drop=0
[QUEUE_STATS] t_ms=10464 q_pkts=37 q_bytes=55648 qdelay_l_ms=1.08105 qdelay_c_ms=17.3662 ecn_mark=736 drop=0
[QUEUE_STATS] t_ms=10480 q_pkts=40 q_bytes=60160 qdelay_l_ms=0.992592 qdelay_c_ms=15.7101 ecn_mark=737 drop=0
[QUEUE_STATS] t_ms=10496 q_pkts=37 q_bytes=55648 qdelay_l_ms=0.985218 qdelay_c_ms=16.0042 ecn_mark=737 drop=0
[QUEUE_STATS] t_ms=10512 q_pkts=37 q_bytes=55648 qdelay_l_ms=1.0776 qdelay_c_ms=17.1089 ecn_mark=739 drop=0
[QUEUE_STATS] t_ms=10528 q_pkts=38 q_bytes=57152 qdelay_l_ms=1.08762 qdelay_c_ms=15.1146 ecn_mark=740 drop=0
[QUEUE_STATS] t_ms=10544 q_pkts=39 q_bytes=58656 qdelay_l_ms=0.992512 qdelay_c_ms=16.5562 ecn_mark=742 drop=0
[QUEUE_STATS] t_ms=10560 q_pkts=39 q_bytes=58656 qdelay_l_ms=0.974438 qdelay_c_ms=17.8591 ecn_mark=743 drop=0
[QUEUE_STATS] t_ms=10576 q_pkts=37 q_bytes=55648 qdelay_l_ms=0.013926 qdelay_c_ms=15.1361 ecn_mark=746 drop=0
[QUEUE_STATS] t_ms=10592 q_pkts=43 q_bytes=64672 qdelay_l_ms=1.04107 qdelay_c_ms=18.248 ecn_mark=748 drop=0
[QUEUE_STATS] t_ms=10608 q_pkts=39 q_bytes=58656 qdelay_l_ms=0.999134 qdelay_c_ms=17.863 ecn_mark=749 drop=0
[QUEUE_STATS] t_ms=10624 q_pkts=41 q_bytes=61664 qdelay_l_ms=1.09857 qdelay_c_ms=16.0667 ecn_mark=751 drop=0
[QUEUE_STATS] t_ms=10641 q_pkts=40 q_bytes=60160 qdelay_l_ms=1.07648 qdelay_c_ms=19.0546 ecn_mark=752 drop=0
[QUEUE_STATS] t_ms=10656 q_pkts=41 q_bytes=61664 qdelay_l_ms=1.1043 qdelay_c_ms=17.4067 ecn_mark=752 drop=0
[QUEUE_STATS] t_ms=10672 q_pkts=41 q_bytes=61664 qdelay_l_ms=1.06568 qdelay_c_ms=17.7059 ecn_mark=754 drop=0
[QUEUE_STATS] t_ms=10688 q_pkts=41 q_bytes=61664 qdelay_l_ms=0.865864 qdelay_c_ms=17.9662 ecn_mark=754 drop=0
[QUEUE_STATS] t_ms=10704 q_pkts=40 q_bytes=60160 qdelay_l_ms=0.996319 qdelay_c_ms=16.2235 ecn_mark=754 drop=0
[QUEUE_STATS] t_ms=10720 q_pkts=41 q_bytes=61664 qdelay_l_ms=1.07658 qdelay_c_ms=18.0139 ecn_mark=755 drop=0
[QUEUE_STATS] t_ms=10736 q_pkts=41 q_bytes=61664 qdelay_l_ms=1.08692 qdelay_c_ms=19.5202 ecn_mark=756 drop=0
[QUEUE_STATS] t_ms=10752 q_pkts=42 q_bytes=63168 qdelay_l_ms=0.96514 qdelay_c_ms=16.8098 ecn_mark=758 drop=0
[QUEUE_STATS] t_ms=10768 q_pkts=40 q_bytes=60160 qdelay_l_ms=0.801373 qdelay_c_ms=17.8312 ecn_mark=758 drop=0
[QUEUE_STATS] t_ms=10784 q_pkts=41 q_bytes=61664 qdelay_l_ms=1.09261 qdelay_c_ms=18.0902 ecn_mark=760 drop=0
[QUEUE_STATS] t_ms=10800 q_pkts=41 q_bytes=61664 qdelay_l_ms=1.07234 qdelay_c_ms=16.8475 ecn_mark=760 drop=0
[QUEUE_STATS] t_ms=10816 q_pkts=41 q_bytes=61664 qdelay_l_ms=0.984386 qdelay_c_ms=17.8839 ecn_mark=765 drop=0
[QUEUE_STATS] t_ms=10832 q_pkts=42 q_bytes=63168 qdelay_l_ms=0.972584 qdelay_c_ms=17.2176 ecn_mark=766 drop=0
[QUEUE_STATS] t_ms=10848 q_pkts=41 q_bytes=61664 qdelay_l_ms=1.06787 qdelay_c_ms=17.7127 ecn_mark=769 drop=0
[QUEUE_STATS] t_ms=10864 q_pkts=43 q_bytes=64672 qdelay_l_ms=1.02016 qdelay_c_ms=18.0487 ecn_mark=769 drop=0
[QUEUE_STATS] t_ms=10880 q_pkts=44 q_bytes=66176 qdelay_l_ms=0.967956 qdelay_c_ms=16.6083 ecn_mark=770 drop=0
[QUEUE_STATS] t_ms=10896 q_pkts=41 q_bytes=61664 qdelay_l_ms=1.07537 qdelay_c_ms=19.2106 ecn_mark=771 drop=0
[QUEUE_STATS] t_ms=10912 q_pkts=41 q_bytes=61664 qdelay_l_ms=0.992171 qdelay_c_ms=17.5739 ecn_mark=773 drop=0
[QUEUE_STATS] t_ms=10929 q_pkts=43 q_bytes=64672 qdelay_l_ms=1.06866 qdelay_c_ms=17.1981 ecn_mark=773 drop=0
[QUEUE_STATS] t_ms=10944 q_pkts=41 q_bytes=61664 qdelay_l_ms=1.06642 qdelay_c_ms=19.1996 ecn_mark=774 drop=0
[QUEUE_STATS] t_ms=10960 q_pkts=42 q_bytes=63168 qdelay_l_ms=1.04767 qdelay_c_ms=17.019 ecn_mark=774 drop=0
[QUEUE_STATS] t_ms=10976 q_pkts=44 q_bytes=66176 qdelay_l_ms=1.09973 qdelay_c_ms=19.2229 ecn_mark=776 drop=0
[QUEUE_STATS] t_ms=10992 q_pkts=42 q_bytes=63168 qdelay_l_ms=0.988454 qdelay_c_ms=18.583 ecn_mark=777 drop=0
[QUEUE_STATS] t_ms=11008 q_pkts=43 q_bytes=64672 qdelay_l_ms=1.09152 qdelay_c_ms=17.136 ecn_mark=779 drop=0
[QUEUE_STATS] t_ms=11024 q_pkts=43 q_bytes=64672 qdelay_l_ms=1.06432 qdelay_c_ms=19.3099 ecn_mark=779 drop=0
[QUEUE_STATS] t_ms=11040 q_pkts=42 q_bytes=63168 qdelay_l_ms=1.0674 qdelay_c_ms=19.2354 ecn_mark=781 drop=0
[QUEUE_STATS] t_ms=11056 q_pkts=44 q_bytes=66176 qdelay_l_ms=0.993714 qdelay_c_ms=17.7056 ecn_mark=782 drop=0
[QUEUE_STATS] t_ms=11072 q_pkts=43 q_bytes=64672 qdelay_l_ms=1.07829 qdelay_c_ms=18.6713 ecn_mark=784 drop=0
[QUEUE_STATS] t_ms=11088 q_pkts=44 q_bytes=66176 qdelay_l_ms=0.768241 qdelay_c_ms=18.1234 ecn_mark=784 drop=0
[QUEUE_STATS] t_ms=11104 q_pkts=40 q_bytes=60160 qdelay_l_ms=0 qdelay_c_ms=17.6569 ecn_mark=785 drop=0
[QUEUE_STATS] t_ms=11120 q_pkts=44 q_bytes=66176 qdelay_l_ms=1.09562 qdelay_c_ms=19.1845 ecn_mark=788 drop=0
[QUEUE_STATS] t_ms=11136 q_pkts=44 q_bytes=66176 qdelay_l_ms=1.07218 qdelay_c_ms=19.0686 ecn_mark=789 drop=0
[QUEUE_STATS] t_ms=11152 q_pkts=43 q_bytes=64672 qdelay_l_ms=1.0658 qdelay_c_ms=19.0006 ecn_mark=790 drop=0
[QUEUE_STATS] t_ms=11168 q_pkts=43 q_bytes=64672 qdelay_l_ms=1.03027 qdelay_c_ms=19.9213 ecn_mark=792 drop=0
[QUEUE_STATS] t_ms=11184 q_pkts=43 q_bytes=64672 qdelay_l_ms=1.0125 qdelay_c_ms=18.0264 ecn_mark=792 drop=0
[QUEUE_STATS] t_ms=11200 q_pkts=40 q_bytes=60160 qdelay_l_ms=0 qdelay_c_ms=18.0863 ecn_mark=793 drop=0
[QUEUE_STATS] t_ms=11216 q_pkts=44 q_bytes=66176 qdelay_l_ms=0.991189 qdelay_c_ms=18.6522 ecn_mark=795 drop=0
[QUEUE_STATS] t_ms=11232 q_pkts=43 q_bytes=64672 qdelay_l_ms=1.00647 qdelay_c_ms=18.0627 ecn_mark=798 drop=0
[QUEUE_STATS] t_ms=11248 q_pkts=43 q_bytes=64672 qdelay_l_ms=1.07247 qdelay_c_ms=18.554 ecn_mark=798 drop=0
[QUEUE_STATS] t_ms=11264 q_pkts=45 q_bytes=67680 qdelay_l_ms=1.08739 qdelay_c_ms=19.1604 ecn_mark=800 drop=0
[QUEUE_STATS] t_ms=11280 q_pkts=44 q_bytes=66176 qdelay_l_ms=1.02386 qdelay_c_ms=17.8911 ecn_mark=802 drop=0
[QUEUE_STATS] t_ms=11296 q_pkts=42 q_bytes=63168 qdelay_l_ms=1.01245 qdelay_c_ms=19.0667 ecn_mark=804 drop=0
[QUEUE_STATS] t_ms=11312 q_pkts=41 q_bytes=61664 qdelay_l_ms=0 qdelay_c_ms=17.0531 ecn_mark=805 drop=0
[QUEUE_STATS] t_ms=11328 q_pkts=42 q_bytes=63168 qdelay_l_ms=1.07189 qdelay_c_ms=19.3 ecn_mark=806 drop=0
[QUEUE_STATS] t_ms=11344 q_pkts=44 q_bytes=66176 qdelay_l_ms=1.02293 qdelay_c_ms=17.8495 ecn_mark=808 drop=0
[QUEUE_STATS] t_ms=11360 q_pkts=41 q_bytes=61664 qdelay_l_ms=1.08458 qdelay_c_ms=19.1725 ecn_mark=809 drop=0
[QUEUE_STATS] t_ms=11376 q_pkts=30 q_bytes=45120 qdelay_l_ms=1.08813 qdelay_c_ms=19.0129 ecn_mark=810 drop=0
[QUEUE_STATS] t_ms=11392 q_pkts=18 q_bytes=27072 qdelay_l_ms=1.02449 qdelay_c_ms=10.6528 ecn_mark=813 drop=0
[QUEUE_STATS] t_ms=11408 q_pkts=6 q_bytes=9024 qdelay_l_ms=0.919164 qdelay_c_ms=2.90329 ecn_mark=813 drop=0
[QUEUE_STATS] t_ms=11424 q_pkts=5 q_bytes=7520 qdelay_l_ms=0.897785 qdelay_c_ms=1.9899 ecn_mark=813 drop=0
[QUEUE_STATS] t_ms=11440 q_pkts=6 q_bytes=9024 qdelay_l_ms=1.00863 qdelay_c_ms=1.99639 ecn_mark=815 drop=0
[QUEUE_STATS] t_ms=11456 q_pkts=6 q_bytes=9024 qdelay_l_ms=1.08016 qdelay_c_ms=3.25269 ecn_mark=815 drop=0
[QUEUE_STATS] t_ms=11472 q_pkts=4 q_bytes=6016 qdelay_l_ms=1.02559 qdelay_c_ms=1.01859 ecn_mark=816 drop=0
[QUEUE_STATS] t_ms=11488 q_pkts=5 q_bytes=7520 qdelay_l_ms=1.00292 qdelay_c_ms=2.01876 ecn_mark=817 drop=0
[QUEUE_STATS] t_ms=11504 q_pkts=5 q_bytes=7520 qdelay_l_ms=1.08515 qdelay_c_ms=2.13389 ecn_mark=817 drop=0
[QUEUE_STATS] t_ms=11520 q_pkts=3 q_bytes=4512 qdelay_l_ms=1.03984 qdelay_c_ms=1.03165 ecn_mark=819 drop=0
[QUEUE_STATS] t_ms=11536 q_pkts=6 q_bytes=9024 qdelay_l_ms=1.0097 qdelay_c_ms=2.00875 ecn_mark=820 drop=0
[QUEUE_STATS] t_ms=11552 q_pkts=5 q_bytes=7520 qdelay_l_ms=1.07674 qdelay_c_ms=2.13726 ecn_mark=824 drop=0
[QUEUE_STATS] t_ms=11568 q_pkts=2 q_bytes=3008 qdelay_l_ms=0 qdelay_c_ms=2.05689 ecn_mark=825 drop=0
[QUEUE_STATS] t_ms=11584 q_pkts=6 q_bytes=9024 qdelay_l_ms=1.02546 qdelay_c_ms=2.5013 ecn_mark=825 drop=0
[QUEUE_STATS] t_ms=11600 q_pkts=8 q_bytes=12032 qdelay_l_ms=1.10174 qdelay_c_ms=2.11122 ecn_mark=825 drop=0
[QUEUE_STATS] t_ms=11616 q_pkts=5 q_bytes=7520 qdelay_l_ms=1.02321 qdelay_c_ms=2.03361 ecn_mark=829 drop=0
[QUEUE_STATS] t_ms=11632 q_pkts=5 q_bytes=7520 qdelay_l_ms=1.07246 qdelay_c_ms=2.13484 ecn_mark=831 drop=0
[QUEUE_STATS] t_ms=11648 q_pkts=10 q_bytes=15040 qdelay_l_ms=0.93825 qdelay_c_ms=4.1035 ecn_mark=833 drop=0
[QUEUE_STATS] t_ms=11664 q_pkts=8 q_bytes=12032 qdelay_l_ms=1.01369 qdelay_c_ms=4.05068 ecn_mark=833 drop=0
[QUEUE_STATS] t_ms=11680 q_pkts=6 q_bytes=9024 qdelay_l_ms=1.05142 qdelay_c_ms=2.08283 ecn_mark=838 drop=0
[QUEUE_STATS] t_ms=11696 q_pkts=4 q_bytes=6016 qdelay_l_ms=1.05036 qdelay_c_ms=2.04776 ecn_mark=839 drop=0
[QUEUE_STATS] t_ms=11712 q_pkts=6 q_bytes=9024 qdelay_l_ms=1.08108 qdelay_c_ms=2.09339 ecn_mark=840 drop=0
[QUEUE_STATS] t_ms=11728 q_pkts=6 q_bytes=9024 qdelay_l_ms=1.03788 qdelay_c_ms=3.04637 ecn_mark=840 drop=0
[QUEUE_STATS] t_ms=11744 q_pkts=7 q_bytes=10528 qdelay_l_ms=1.05001 qdelay_c_ms=2.07257 ecn_mark=840 drop=0
[QUEUE_STATS] t_ms=11760 q_pkts=6 q_bytes=9024 qdelay_l_ms=1.06631 qdelay_c_ms=2.18596 ecn_mark=843 drop=0
[QUEUE_STATS] t_ms=11776 q_pkts=5 q_bytes=7520 qdelay_l_ms=1.07278 qdelay_c_ms=2.11875 ecn_mark=844 drop=0
[QUEUE_STATS] t_ms=11792 q_pkts=7 q_bytes=10528 qdelay_l_ms=1.06267 qdelay_c_ms=2.08654 ecn_mark=845 drop=0
[QUEUE_STATS] t_ms=11809 q_pkts=5 q_bytes=7520 qdelay_l_ms=1.10009 qdelay_c_ms=2.05716 ecn_mark=847 drop=0
[QUEUE_STATS] t_ms=11824 q_pkts=8 q_bytes=12032 qdelay_l_ms=1.10262 qdelay_c_ms=3.24843 ecn_mark=851 drop=0
[QUEUE_STATS] t_ms=11840 q_pkts=7 q_bytes=10528 qdelay_l_ms=1.09591 qdelay_c_ms=2.41921 ecn_mark=852 drop=0
[QUEUE_STATS] t_ms=11856 q_pkts=6 q_bytes=9024 qdelay_l_ms=1.06376 qdelay_c_ms=2.10971 ecn_mark=853 drop=0
[QUEUE_STATS] t_ms=11872 q_pkts=6 q_bytes=9024 qdelay_l_ms=1.07596 qdelay_c_ms=2.10362 ecn_mark=853 drop=0
[QUEUE_STATS] t_ms=11889 q_pkts=8 q_bytes=12032 qdelay_l_ms=1.08893 qdelay_c_ms=3.20847 ecn_mark=856 drop=0
[QUEUE_STATS] t_ms=11904 q_pkts=7 q_bytes=10528 qdelay_l_ms=1.06685 qdelay_c_ms=3.19489 ecn_mark=857 drop=0
[QUEUE_STATS] t_ms=11920 q_pkts=3 q_bytes=4512 qdelay_l_ms=0.015659 qdelay_c_ms=1.08369 ecn_mark=857 drop=0
[QUEUE_STATS] t_ms=11936 q_pkts=8 q_bytes=12032 qdelay_l_ms=1.04188 qdelay_c_ms=2.99316 ecn_mark=859 drop=0
[QUEUE_STATS] t_ms=11952 q_pkts=6 q_bytes=9024 qdelay_l_ms=1.08297 qdelay_c_ms=2.62693 ecn_mark=860 drop=0
[QUEUE_STATS] t_ms=11968 q_pkts=6 q_bytes=9024 qdelay_l_ms=1.07295 qdelay_c_ms=2.15415 ecn_mark=862 drop=0
[QUEUE_STATS] t_ms=11984 q_pkts=8 q_bytes=12032 qdelay_l_ms=1.0838 qdelay_c_ms=2.175 ecn_mark=862 drop=0
[QUEUE_STATS] t_ms=12000 q_pkts=6 q_bytes=9024 qdelay_l_ms=1.08872 qdelay_c_ms=1.62237 ecn_mark=864 drop=0
[QUEUE_STATS] t_ms=12016 q_pkts=5 q_bytes=7520 qdelay_l_ms=1.07067 qdelay_c_ms=2.13776 ecn_mark=865 drop=0
[QUEUE_STATS] t_ms=12032 q_pkts=3 q_bytes=4512 qdelay_l_ms=0 qdelay_c_ms=2.18356 ecn_mark=865 drop=0
[QUEUE_STATS] t_ms=12048 q_pkts=4 q_bytes=6016 qdelay_l_ms=1.06752 qdelay_c_ms=2.15427 ecn_mark=866 drop=0
[QUEUE_STATS] t_ms=12064 q_pkts=4 q_bytes=6016 qdelay_l_ms=1.088 qdelay_c_ms=1.07252 ecn_mark=868 drop=0
[QUEUE_STATS] t_ms=12080 q_pkts=4 q_bytes=6016 qdelay_l_ms=1.08301 qdelay_c_ms=1.67357 ecn_mark=869 drop=0
[QUEUE_STATS] t_ms=12096 q_pkts=5 q_bytes=7520 qdelay_l_ms=1.10307 qdelay_c_ms=2.18425 ecn_mark=870 drop=0
[QUEUE_STATS] t_ms=12112 q_pkts=5 q_bytes=7520 qdelay_l_ms=1.10285 qdelay_c_ms=2.18237 ecn_mark=871 drop=0
[QUEUE_STATS] t_ms=12129 q_pkts=5 q_bytes=7520 qdelay_l_ms=1.09286 qdelay_c_ms=2.14974 ecn_mark=872 drop=0
[QUEUE_STATS] t_ms=12144 q_pkts=5 q_bytes=7520 qdelay_l_ms=1.07044 qdelay_c_ms=1.06146 ecn_mark=873 drop=0
[QUEUE_STATS] t_ms=12160 q_pkts=6 q_bytes=9024 qdelay_l_ms=1.10353 qdelay_c_ms=2.16717 ecn_mark=876 drop=0
[QUEUE_STATS] t_ms=12176 q_pkts=3 q_bytes=4512 qdelay_l_ms=1.06842 qdelay_c_ms=1.06325 ecn_mark=877 drop=0
[QUEUE_STATS] t_ms=12192 q_pkts=3 q_bytes=4512 qdelay_l_ms=1.07029 qdelay_c_ms=1.07795 ecn_mark=878 drop=0
[QUEUE_STATS] t_ms=12208 q_pkts=4 q_bytes=6016 qdelay_l_ms=1.05767 qdelay_c_ms=1.04676 ecn_mark=879 drop=0
[QUEUE_STATS] t_ms=12224 q_pkts=4 q_bytes=6016 qdelay_l_ms=1.03258 qdelay_c_ms=1.04337 ecn_mark=880 drop=0
[QUEUE_STATS] t_ms=12240 q_pkts=4 q_bytes=6016 qdelay_l_ms=1.05584 qdelay_c_ms=1.06637 ecn_mark=881 drop=0
[QUEUE_STATS] t_ms=12256 q_pkts=4 q_bytes=6016 qdelay_l_ms=1.09358 qdelay_c_ms=1.08696 ecn_mark=883 drop=0
[QUEUE_STATS] t_ms=12272 q_pkts=2 q_bytes=3008 qdelay_l_ms=1.07056 qdelay_c_ms=0 ecn_mark=883 drop=0
[QUEUE_STATS] t_ms=12288 q_pkts=3 q_bytes=4512 qdelay_l_ms=1.06978 qdelay_c_ms=1.06271 ecn_mark=884 drop=0
[QUEUE_STATS] t_ms=12304 q_pkts=4 q_bytes=6016 qdelay_l_ms=1.06783 qdelay_c_ms=1.08955 ecn_mark=887 drop=0
[QUEUE_STATS] t_ms=12320 q_pkts=4 q_bytes=6016 qdelay_l_ms=1.06994 qdelay_c_ms=1.0647 ecn_mark=888 drop=0
[QUEUE_STATS] t_ms=12336 q_pkts=4 q_bytes=6016 qdelay_l_ms=0.989145 qdelay_c_ms=0.983364 ecn_mark=890 drop=0
[QUEUE_STATS] t_ms=12352 q_pkts=3 q_bytes=4512 qdelay_l_ms=1.06102 qdelay_c_ms=1.08358 ecn_mark=890 drop=0
[QUEUE_STATS] t_ms=12368 q_pkts=4 q_bytes=6016 qdelay_l_ms=1.05179 qdelay_c_ms=1.04629 ecn_mark=890 drop=0
[QUEUE_STATS] t_ms=12384 q_pkts=4 q_bytes=6016 qdelay_l_ms=1.06457 qdelay_c_ms=1.05956 ecn_mark=890 drop=0
[QUEUE_STATS] t_ms=12400 q_pkts=2 q_bytes=3008 qdelay_l_ms=1.06606 qdelay_c_ms=0 ecn_mark=890 drop=0
[QUEUE_STATS] t_ms=12416 q_pkts=2 q_bytes=3008 qdelay_l_ms=1.08769 qdelay_c_ms=1.08066 ecn_mark=893 drop=0
[QUEUE_STATS] t_ms=12432 q_pkts=3 q_bytes=4512 qdelay_l_ms=1.05876 qdelay_c_ms=1.05324 ecn_mark=893 drop=0
[QUEUE_STATS] t_ms=12448 q_pkts=4 q_bytes=6016 qdelay_l_ms=1.07277 qdelay_c_ms=1.06504 ecn_mark=894 drop=0
[QUEUE_STATS] t_ms=12464 q_pkts=4 q_bytes=6016 qdelay_l_ms=1.08701 qdelay_c_ms=1.62871 ecn_mark=895 drop=0
[QUEUE_STATS] t_ms=12480 q_pkts=4 q_bytes=6016 qdelay_l_ms=1.06818 qdelay_c_ms=1.06101 ecn_mark=897 drop=0
[QUEUE_STATS] t_ms=12496 q_pkts=6 q_bytes=9024 qdelay_l_ms=1.04848 qdelay_c_ms=2.14437 ecn_mark=899 drop=0
[QUEUE_STATS] t_ms=12512 q_pkts=3 q_bytes=4512 qdelay_l_ms=1.07636 qdelay_c_ms=2.14004 ecn_mark=900 drop=0
[QUEUE_STATS] t_ms=12528 q_pkts=4 q_bytes=6016 qdelay_l_ms=1.09781 qdelay_c_ms=1.09074 ecn_mark=902 drop=0
[QUEUE_STATS] t_ms=12544 q_pkts=3 q_bytes=4512 qdelay_l_ms=1.07191 qdelay_c_ms=3.22572 ecn_mark=902 drop=0
[QUEUE_STATS] t_ms=12561 q_pkts=3 q_bytes=4512 qdelay_l_ms=1.06461 qdelay_c_ms=1.07438 ecn_mark=904 drop=0
[QUEUE_STATS] t_ms=12576 q_pkts=3 q_bytes=4512 qdelay_l_ms=1.07969 qdelay_c_ms=1.07237 ecn_mark=906 drop=0
[QUEUE_STATS] t_ms=12592 q_pkts=2 q_bytes=3008 qdelay_l_ms=1.07971 qdelay_c_ms=1.07286 ecn_mark=907 drop=0
[QUEUE_STATS] t_ms=12608 q_pkts=1 q_bytes=1504 qdelay_l_ms=0 qdelay_c_ms=0.012563 ecn_mark=908 drop=0
[QUEUE_STATS] t_ms=12624 q_pkts=3 q_bytes=4512 qdelay_l_ms=1.06831 qdelay_c_ms=1.06107 ecn_mark=908 drop=0
[QUEUE_STATS] t_ms=12640 q_pkts=3 q_bytes=4512 qdelay_l_ms=1.08281 qdelay_c_ms=1.07596 ecn_mark=909 drop=0
[QUEUE_STATS] t_ms=12656 q_pkts=2 q_bytes=3008 qdelay_l_ms=0.028984 qdelay_c_ms=0.022412 ecn_mark=910 drop=0
[QUEUE_STATS] t_ms=12672 q_pkts=4 q_bytes=6016 qdelay_l_ms=1.04636 qdelay_c_ms=1.04091 ecn_mark=911 drop=0
[QUEUE_STATS] t_ms=12688 q_pkts=2 q_bytes=3008 qdelay_l_ms=0 qdelay_c_ms=0.034585 ecn_mark=911 drop=0
[QUEUE_STATS] t_ms=12704 q_pkts=3 q_bytes=4512 qdelay_l_ms=1.06097 qdelay_c_ms=2.16083 ecn_mark=912 drop=0
[QUEUE_STATS] t_ms=12720 q_pkts=5 q_bytes=7520 qdelay_l_ms=1.06129 qdelay_c_ms=1.4587 ecn_mark=914 drop=0
[QUEUE_STATS] t_ms=12736 q_pkts=4 q_bytes=6016 qdelay_l_ms=1.08254 qdelay_c_ms=1.07619 ecn_mark=914 drop=0
[QUEUE_STATS] t_ms=12753 q_pkts=2 q_bytes=3008 qdelay_l_ms=1.0704 qdelay_c_ms=1.0773 ecn_mark=914 drop=0
[QUEUE_STATS] t_ms=12768 q_pkts=3 q_bytes=4512 qdelay_l_ms=1.06228 qdelay_c_ms=1.0863 ecn_mark=918 drop=0
[QUEUE_STATS] t_ms=12784 q_pkts=4 q_bytes=6016 qdelay_l_ms=1.0866 qdelay_c_ms=1.07944 ecn_mark=919 drop=0
[QUEUE_STATS] t_ms=12800 q_pkts=4 q_bytes=6016 qdelay_l_ms=1.06657 qdelay_c_ms=1.08929 ecn_mark=921 drop=0
[QUEUE_STATS] t_ms=12816 q_pkts=2 q_bytes=3008 qdelay_l_ms=0 qdelay_c_ms=1.3216 ecn_mark=922 drop=0
[QUEUE_STATS] t_ms=12832 q_pkts=4 q_bytes=6016 qdelay_l_ms=1.08695 qdelay_c_ms=1.0804 ecn_mark=922 drop=0
[QUEUE_STATS] t_ms=12848 q_pkts=4 q_bytes=6016 qdelay_l_ms=1.05394 qdelay_c_ms=1.04815 ecn_mark=923 drop=0
[QUEUE_STATS] t_ms=12864 q_pkts=4 q_bytes=6016 qdelay_l_ms=1.09039 qdelay_c_ms=1.87426 ecn_mark=927 drop=0
[QUEUE_STATS] t_ms=12880 q_pkts=5 q_bytes=7520 qdelay_l_ms=1.04534 qdelay_c_ms=1.88006 ecn_mark=927 drop=0
[QUEUE_STATS] t_ms=12896 q_pkts=2 q_bytes=3008 qdelay_l_ms=1.07664 qdelay_c_ms=0 ecn_mark=927 drop=0
[QUEUE_STATS] t_ms=12912 q_pkts=5 q_bytes=7520 qdelay_l_ms=1.05877 qdelay_c_ms=2.168 ecn_mark=928 drop=0
[QUEUE_STATS] t_ms=12928 q_pkts=4 q_bytes=6016 qdelay_l_ms=1.0666 qdelay_c_ms=1.0883 ecn_mark=929 drop=0
[QUEUE_STATS] t_ms=12944 q_pkts=4 q_bytes=6016 qdelay_l_ms=1.06648 qdelay_c_ms=1.08167 ecn_mark=929 drop=0
[QUEUE_STATS] t_ms=12960 q_pkts=5 q_bytes=7520 qdelay_l_ms=1.04722 qdelay_c_ms=1.07381 ecn_mark=929 drop=0
[QUEUE_STATS] t_ms=12976 q_pkts=1 q_bytes=1504 qdelay_l_ms=0 qdelay_c_ms=1.11953 ecn_mark=930 drop=0
[QUEUE_STATS] t_ms=12992 q_pkts=4 q_bytes=6016 qdelay_l_ms=1.0756 qdelay_c_ms=1.09752 ecn_mark=932 drop=0
[QUEUE_STATS] t_ms=13008 q_pkts=5 q_bytes=7520 qdelay_l_ms=1.05865 qdelay_c_ms=1.09024 ecn_mark=934 drop=0
[QUEUE_STATS] t_ms=13024 q_pkts=3 q_bytes=4512 qdelay_l_ms=1.06128 qdelay_c_ms=1.08612 ecn_mark=937 drop=0
[QUEUE_STATS] t_ms=13040 q_pkts=3 q_bytes=4512 qdelay_l_ms=0 qdelay_c_ms=1.07108 ecn_mark=938 drop=0
[QUEUE_STATS] t_ms=13056 q_pkts=5 q_bytes=7520 qdelay_l_ms=1.09272 qdelay_c_ms=2.13243 ecn_mark=938 drop=0
[QUEUE_STATS] t_ms=13072 q_pkts=2 q_bytes=3008 qdelay_l_ms=1.06383 qdelay_c_ms=1.0713 ecn_mark=938 drop=0
[QUEUE_STATS] t_ms=13088 q_pkts=3 q_bytes=4512 qdelay_l_ms=1.01128 qdelay_c_ms=1.03584 ecn_mark=939 drop=0
[QUEUE_STATS] t_ms=13104 q_pkts=4 q_bytes=6016 qdelay_l_ms=1.05367 qdelay_c_ms=1.06387 ecn_mark=939 drop=0
[QUEUE_STATS] t_ms=13120 q_pkts=3 q_bytes=3060 qdelay_l_ms=1.12824 qdelay_c_ms=0.846818 ecn_mark=941 drop=0
[QUEUE_STATS] t_ms=13136 q_pkts=0 q_bytes=0 qdelay_l_ms=0 qdelay_c_ms=0 ecn_mark=943 drop=0
[QUEUE_STATS] t_ms=13153 q_pkts=5 q_bytes=7520 qdelay_l_ms=1.07716 qdelay_c_ms=2.20539 ecn_mark=944 drop=0
[QUEUE_STATS] t_ms=13168 q_pkts=5 q_bytes=7520 qdelay_l_ms=1.06022 qdelay_c_ms=2.15447 ecn_mark=945 drop=0
[QUEUE_STATS] t_ms=13184 q_pkts=6 q_bytes=9024 qdelay_l_ms=1.08067 qdelay_c_ms=1.0742 ecn_mark=946 drop=0
[QUEUE_STATS] t_ms=13200 q_pkts=3 q_bytes=4512 qdelay_l_ms=1.07886 qdelay_c_ms=2.11734 ecn_mark=947 drop=0
[QUEUE_STATS] t_ms=13216 q_pkts=3 q_bytes=4512 qdelay_l_ms=1.04604 qdelay_c_ms=2.14065 ecn_mark=947 drop=0
[QUEUE_STATS] t_ms=13232 q_pkts=4 q_bytes=6016 qdelay_l_ms=1.04082 qdelay_c_ms=1.03501 ecn_mark=950 drop=0
[QUEUE_STATS] t_ms=13248 q_pkts=2 q_bytes=3008 qdelay_l_ms=1.06695 qdelay_c_ms=0 ecn_mark=950 drop=0
[QUEUE_STATS] t_ms=13265 q_pkts=3 q_bytes=4512 qdelay_l_ms=1.07937 qdelay_c_ms=1.85908 ecn_mark=951 drop=0
[QUEUE_STATS] t_ms=13280 q_pkts=6 q_bytes=9024 qdelay_l_ms=1.0273 qdelay_c_ms=1.04911 ecn_mark=951 drop=0
[QUEUE_STATS] t_ms=13296 q_pkts=4 q_bytes=6016 qdelay_l_ms=1.07763 qdelay_c_ms=1.07272 ecn_mark=951 drop=0
[QUEUE_STATS] t_ms=13313 q_pkts=4 q_bytes=6016 qdelay_l_ms=1.0565 qdelay_c_ms=1.06798 ecn_mark=951 drop=0
[QUEUE_STATS] t_ms=13329 q_pkts=6 q_bytes=9024 qdelay_l_ms=1.0737 qdelay_c_ms=1.06851 ecn_mark=953 drop=0
[QUEUE_STATS] t_ms=13344 q_pkts=4 q_bytes=6016 qdelay_l_ms=0 qdelay_c_ms=2.12391 ecn_mark=953 drop=0
[QUEUE_STATS] t_ms=13360 q_pkts=2 q_bytes=3008 qdelay_l_ms=1.08401 qdelay_c_ms=1.09048 ecn_mark=955 drop=0
[QUEUE_STATS] t_ms=13376 q_pkts=4 q_bytes=6016 qdelay_l_ms=1.06474 qdelay_c_ms=1.05952 ecn_mark=955 drop=0
[QUEUE_STATS] t_ms=13392 q_pkts=4 q_bytes=6016 qdelay_l_ms=1.09015 qdelay_c_ms=1.08379 ecn_mark=955 drop=0
[QUEUE_STATS] t_ms=13408 q_pkts=4 q_bytes=6016 qdelay_l_ms=1.08526 qdelay_c_ms=1.07806 ecn_mark=955 drop=0
[QUEUE_STATS] t_ms=13424 q_pkts=4 q_bytes=6016 qdelay_l_ms=1.06367 qdelay_c_ms=2.17299 ecn_mark=955 drop=0
[QUEUE_STATS] t_ms=13440 q_pkts=4 q_bytes=6016 qdelay_l_ms=1.09208 qdelay_c_ms=1.08527 ecn_mark=955 drop=0
[QUEUE_STATS] t_ms=13456 q_pkts=3 q_bytes=4512 qdelay_l_ms=1.06202 qdelay_c_ms=1.08286 ecn_mark=957 drop=0
[QUEUE_STATS] t_ms=13472 q_pkts=6 q_bytes=9024 qdelay_l_ms=1.08372 qdelay_c_ms=2.13239 ecn_mark=957 drop=0
[QUEUE_STATS] t_ms=13488 q_pkts=2 q_bytes=3008 qdelay_l_ms=0 qdelay_c_ms=1.07563 ecn_mark=957 drop=0
[QUEUE_STATS] t_ms=13504 q_pkts=3 q_bytes=4512 qdelay_l_ms=1.0558 qdelay_c_ms=1.07807 ecn_mark=958 drop=0
[QUEUE_STATS] t_ms=13520 q_pkts=6 q_bytes=9024 qdelay_l_ms=1.0354 qdelay_c_ms=1.05637 ecn_mark=959 drop=0
[QUEUE_STATS] t_ms=13536 q_pkts=5 q_bytes=7520 qdelay_l_ms=1.07586 qdelay_c_ms=1.07093 ecn_mark=960 drop=0
[QUEUE_STATS] t_ms=13552 q_pkts=4 q_bytes=6016 qdelay_l_ms=1.07499 qdelay_c_ms=1.07008 ecn_mark=960 drop=0
[QUEUE_STATS] t_ms=13568 q_pkts=4 q_bytes=6016 qdelay_l_ms=1.09118 qdelay_c_ms=1.08355 ecn_mark=961 drop=0
[QUEUE_STATS] t_ms=13584 q_pkts=0 q_bytes=0 qdelay_l_ms=0 qdelay_c_ms=0 ecn_mark=961 drop=0
[QUEUE_STATS] t_ms=13600 q_pkts=4 q_bytes=6016 qdelay_l_ms=1.07202 qdelay_c_ms=2.19111 ecn_mark=961 drop=0
[QUEUE_STATS] t_ms=13616 q_pkts=3 q_bytes=4512 qdelay_l_ms=1.06021 qdelay_c_ms=1.0834 ecn_mark=961 drop=0
[QUEUE_STATS] t_ms=13632 q_pkts=1 q_bytes=1504 qdelay_l_ms=0.014076 qdelay_c_ms=0 ecn_mark=962 drop=0
[QUEUE_STATS] t_ms=13648 q_pkts=5 q_bytes=7520 qdelay_l_ms=1.07016 qdelay_c_ms=2.19422 ecn_mark=962 drop=0
[QUEUE_STATS] t_ms=13664 q_pkts=3 q_bytes=4512 qdelay_l_ms=1.04165 qdelay_c_ms=1.03582 ecn_mark=964 drop=0
[QUEUE_STATS] t_ms=13680 q_pkts=4 q_bytes=6016 qdelay_l_ms=0.996239 qdelay_c_ms=1.02135 ecn_mark=965 drop=0
[QUEUE_STATS] t_ms=13696 q_pkts=7 q_bytes=10528 qdelay_l_ms=1.07586 qdelay_c_ms=2.1299 ecn_mark=966 drop=0
[QUEUE_STATS] t_ms=13712 q_pkts=6 q_bytes=9024 qdelay_l_ms=1.05056 qdelay_c_ms=1.89468 ecn_mark=967 drop=0
[QUEUE_STATS] t_ms=13728 q_pkts=5 q_bytes=7520 qdelay_l_ms=1.08958 qdelay_c_ms=2.12068 ecn_mark=969 drop=0
[QUEUE_STATS] t_ms=13745 q_pkts=3 q_bytes=4512 qdelay_l_ms=1.08454 qdelay_c_ms=1.07734 ecn_mark=970 drop=0
[QUEUE_STATS] t_ms=13760 q_pkts=4 q_bytes=6016 qdelay_l_ms=1.08696 qdelay_c_ms=1.08102 ecn_mark=971 drop=0
[QUEUE_STATS] t_ms=13776 q_pkts=6 q_bytes=9024 qdelay_l_ms=1.06209 qdelay_c_ms=1.08372 ecn_mark=972 drop=0
[QUEUE_STATS] t_ms=13792 q_pkts=5 q_bytes=7520 qdelay_l_ms=1.0732 qdelay_c_ms=2.11762 ecn_mark=973 drop=0
[QUEUE_STATS] t_ms=13808 q_pkts=0 q_bytes=0 qdelay_l_ms=0 qdelay_c_ms=0 ecn_mark=973 drop=0
[QUEUE_STATS] t_ms=13825 q_pkts=5 q_bytes=7520 qdelay_l_ms=1.07612 qdelay_c_ms=1.94366 ecn_mark=973 drop=0
[QUEUE_STATS] t_ms=13840 q_pkts=5 q_bytes=7520 qdelay_l_ms=1.06708 qdelay_c_ms=2.18244 ecn_mark=974 drop=0
[QUEUE_STATS] t_ms=13856 q_pkts=4 q_bytes=6016 qdelay_l_ms=1.09101 qdelay_c_ms=1.08378 ecn_mark=975 drop=0
[QUEUE_STATS] t_ms=13872 q_pkts=5 q_bytes=7520 qdelay_l_ms=1.08109 qdelay_c_ms=1.07366 ecn_mark=976 drop=0
[QUEUE_STATS] t_ms=13889 q_pkts=4 q_bytes=6016 qdelay_l_ms=1.0651 qdelay_c_ms=1.08064 ecn_mark=977 drop=0
[QUEUE_STATS] t_ms=13904 q_pkts=6 q_bytes=9024 qdelay_l_ms=1.10015 qdelay_c_ms=1.09322 ecn_mark=977 drop=0
[QUEUE_STATS] t_ms=13921 q_pkts=6 q_bytes=9024 qdelay_l_ms=1.07357 qdelay_c_ms=1.06846 ecn_mark=978 drop=0
[QUEUE_STATS] t_ms=13936 q_pkts=5 q_bytes=7520 qdelay_l_ms=1.07 qdelay_c_ms=2.12135 ecn_mark=981 drop=0
[QUEUE_STATS] t_ms=13952 q_pkts=4 q_bytes=6016 qdelay_l_ms=1.06193 qdelay_c_ms=1.38037 ecn_mark=982 drop=0
[QUEUE_STATS] t_ms=13969 q_pkts=4 q_bytes=6016 qdelay_l_ms=1.06589 qdelay_c_ms=1.05951 ecn_mark=982 drop=0
[QUEUE_STATS] t_ms=13985 q_pkts=4 q_bytes=6016 qdelay_l_ms=1.06588 qdelay_c_ms=1.06013 ecn_mark=982 drop=0
[QUEUE_STATS] t_ms=14000 q_pkts=1 q_bytes=1504 qdelay_l_ms=0.014036 qdelay_c_ms=0 ecn_mark=984 drop=0
[QUEUE_STATS] t_ms=14016 q_pkts=2 q_bytes=3008 qdelay_l_ms=1.08075 qdelay_c_ms=0 ecn_mark=984 drop=0
[QUEUE_STATS] t_ms=14032 q_pkts=5 q_bytes=7520 qdelay_l_ms=1.07505 qdelay_c_ms=2.12315 ecn_mark=985 drop=0
[QUEUE_STATS] t_ms=14048 q_pkts=6 q_bytes=9024 qdelay_l_ms=1.06803 qdelay_c_ms=2.13204 ecn_mark=987 drop=0
[QUEUE_STATS] t_ms=14064 q_pkts=2 q_bytes=3008 qdelay_l_ms=0 qdelay_c_ms=0.032431 ecn_mark=987 drop=0
[QUEUE_STATS] t_ms=14080 q_pkts=4 q_bytes=6016 qdelay_l_ms=1.07692 qdelay_c_ms=1.0707 ecn_mark=987 drop=0
[QUEUE_STATS] t_ms=14096 q_pkts=6 q_bytes=9024 qdelay_l_ms=1.07913 qdelay_c_ms=2.14183 ecn_mark=989 drop=0
[QUEUE_STATS] t_ms=14112 q_pkts=5 q_bytes=7520 qdelay_l_ms=1.06871 qdelay_c_ms=2.16012 ecn_mark=989 drop=0
[QUEUE_STATS] t_ms=14128 q_pkts=4 q_bytes=6016 qdelay_l_ms=1.02225 qdelay_c_ms=1.04656 ecn_mark=989 drop=0
[QUEUE_STATS] t_ms=14144 q_pkts=3 q_bytes=4512 qdelay_l_ms=1.07404 qdelay_c_ms=1.06712 ecn_mark=989 drop=0
[QUEUE_STATS] t_ms=14160 q_pkts=6 q_bytes=9024 qdelay_l_ms=1.06901 qdelay_c_ms=2.12392 ecn_mark=989 drop=0
[QUEUE_STATS] t_ms=14176 q_pkts=2 q_bytes=3008 qdelay_l_ms=0 qdelay_c_ms=1.08406 ecn_mark=989 drop=0
[QUEUE_STATS] t_ms=14192 q_pkts=6 q_bytes=9024 qdelay_l_ms=1.02824 qdelay_c_ms=1.04967 ecn_mark=990 drop=0
[QUEUE_STATS] t_ms=14208 q_pkts=4 q_bytes=6016 qdelay_l_ms=0.871816 qdelay_c_ms=0.863941 ecn_mark=991 drop=0
[QUEUE_STATS] t_ms=14224 q_pkts=5 q_bytes=7520 qdelay_l_ms=1.06661 qdelay_c_ms=2.1671 ecn_mark=993 drop=0
[QUEUE_STATS] t_ms=14240 q_pkts=6 q_bytes=9024 qdelay_l_ms=1.07181 qdelay_c_ms=1.08158 ecn_mark=993 drop=0
[QUEUE_STATS] t_ms=14256 q_pkts=6 q_bytes=9024 qdelay_l_ms=1.0433 qdelay_c_ms=1.06925 ecn_mark=994 drop=0
[QUEUE_STATS] t_ms=14272 q_pkts=6 q_bytes=9024 qdelay_l_ms=1.06655 qdelay_c_ms=2.14083 ecn_mark=994 drop=0
[QUEUE_STATS] t_ms=14289 q_pkts=4 q_bytes=6016 qdelay_l_ms=1.09333 qdelay_c_ms=1.08586 ecn_mark=996 drop=0
[QUEUE_STATS] t_ms=14304 q_pkts=5 q_bytes=7520 qdelay_l_ms=1.0619 qdelay_c_ms=2.13239 ecn_mark=998 drop=0
[QUEUE_STATS] t_ms=14320 q_pkts=5 q_bytes=7520 qdelay_l_ms=0.85831 qdelay_c_ms=1.91229 ecn_mark=999 drop=0
[QUEUE_STATS] t_ms=14336 q_pkts=5 q_bytes=7520 qdelay_l_ms=1.07787 qdelay_c_ms=2.19381 ecn_mark=999 drop=0
[QUEUE_STATS] t_ms=14353 q_pkts=6 q_bytes=9024 qdelay_l_ms=1.05007 qdelay_c_ms=2.13367 ecn_mark=999 drop=0
[QUEUE_STATS] t_ms=14368 q_pkts=5 q_bytes=7520 qdelay_l_ms=1.07273 qdelay_c_ms=2.13236 ecn_mark=1000 drop=0
[QUEUE_STATS] t_ms=14384 q_pkts=6 q_bytes=9024 qdelay_l_ms=1.09922 qdelay_c_ms=1.09224 ecn_mark=1002 drop=0
[QUEUE_STATS] t_ms=14400 q_pkts=2 q_bytes=3008 qdelay_l_ms=0.030508 qdelay_c_ms=0.023865 ecn_mark=1005 drop=0
[QUEUE_STATS] t_ms=14417 q_pkts=5 q_bytes=7520 qdelay_l_ms=1.06725 qdelay_c_ms=2.19546 ecn_mark=1006 drop=0
[QUEUE_STATS] t_ms=14432 q_pkts=4 q_bytes=6016 qdelay_l_ms=1.08278 qdelay_c_ms=2.12581 ecn_mark=1007 drop=0
[QUEUE_STATS] t_ms=14448 q_pkts=3 q_bytes=4512 qdelay_l_ms=0 qdelay_c_ms=1.10312 ecn_mark=1007 drop=0
[QUEUE_STATS] t_ms=14464 q_pkts=7 q_bytes=10528 qdelay_l_ms=1.07131 qdelay_c_ms=3.25999 ecn_mark=1008 drop=0
[QUEUE_STATS] t_ms=14480 q_pkts=6 q_bytes=9024 qdelay_l_ms=1.05235 qdelay_c_ms=1.07441 ecn_mark=1008 drop=0
[QUEUE_STATS] t_ms=14496 q_pkts=3 q_bytes=4512 qdelay_l_ms=1.06809 qdelay_c_ms=1.06101 ecn_mark=1011 drop=0
[QUEUE_STATS] t_ms=14512 q_pkts=5 q_bytes=7520 qdelay_l_ms=1.06716 qdelay_c_ms=2.19846 ecn_mark=1012 drop=0
[QUEUE_STATS] t_ms=14528 q_pkts=4 q_bytes=6016 qdelay_l_ms=1.07401 qdelay_c_ms=2.13978 ecn_mark=1015 drop=0
[QUEUE_STATS] t_ms=14544 q_pkts=4 q_bytes=6016 qdelay_l_ms=1.06131 qdelay_c_ms=1.65809 ecn_mark=1015 drop=0
[QUEUE_STATS] t_ms=14560 q_pkts=6 q_bytes=9024 qdelay_l_ms=1.04846 qdelay_c_ms=2.13735 ecn_mark=1016 drop=0
[QUEUE_STATS] t_ms=14576 q_pkts=5 q_bytes=7520 qdelay_l_ms=1.047 qdelay_c_ms=2.17774 ecn_mark=1018 drop=0
[QUEUE_STATS] t_ms=14592 q_pkts=4 q_bytes=6016 qdelay_l_ms=0 qdelay_c_ms=1.0927 ecn_mark=1022 drop=0
[QUEUE_STATS] t_ms=14608 q_pkts=2 q_bytes=3008 qdelay_l_ms=1.08655 qdelay_c_ms=0 ecn_mark=1022 drop=0
[QUEUE_STATS] t_ms=14624 q_pkts=3 q_bytes=4512 qdelay_l_ms=1.06008 qdelay_c_ms=1.07076 ecn_mark=1024 drop=0
[QUEUE_STATS] t_ms=14640 q_pkts=3 q_bytes=4512 qdelay_l_ms=1.08081 qdelay_c_ms=1.07421 ecn_mark=1025 drop=0
[QUEUE_STATS] t_ms=14657 q_pkts=2 q_bytes=3008 qdelay_l_ms=1.08516 qdelay_c_ms=1.07984 ecn_mark=1026 drop=0
[QUEUE_STATS] t_ms=14672 q_pkts=3 q_bytes=4512 qdelay_l_ms=1.03346 qdelay_c_ms=1.02892 ecn_mark=1026 drop=0
[QUEUE_STATS] t_ms=14688 q_pkts=3 q_bytes=4512 qdelay_l_ms=1.08348 qdelay_c_ms=1.42862 ecn_mark=1026 drop=0
[QUEUE_STATS] t_ms=14704 q_pkts=3 q_bytes=4512 qdelay_l_ms=1.06087 qdelay_c_ms=1.08273 ecn_mark=1028 drop=0
[QUEUE_STATS] t_ms=14721 q_pkts=3 q_bytes=4512 qdelay_l_ms=1.07187 qdelay_c_ms=1.06683 ecn_mark=1030 drop=0
[QUEUE_STATS] t_ms=14736 q_pkts=7 q_bytes=10528 qdelay_l_ms=1.04292 qdelay_c_ms=2.16743 ecn_mark=1031 drop=0
[QUEUE_STATS] t_ms=14752 q_pkts=4 q_bytes=6016 qdelay_l_ms=1.04902 qdelay_c_ms=1.0593 ecn_mark=1033 drop=0
[QUEUE_STATS] t_ms=14768 q_pkts=6 q_bytes=9024 qdelay_l_ms=1.05694 qdelay_c_ms=1.08336 ecn_mark=1034 drop=0
[QUEUE_STATS] t_ms=14785 q_pkts=4 q_bytes=6016 qdelay_l_ms=1.07625 qdelay_c_ms=1.07118 ecn_mark=1037 drop=0
[QUEUE_STATS] t_ms=14800 q_pkts=2 q_bytes=3008 qdelay_l_ms=1.07694 qdelay_c_ms=0 ecn_mark=1038 drop=0
[QUEUE_STATS] t_ms=14816 q_pkts=3 q_bytes=4512 qdelay_l_ms=1.06176 qdelay_c_ms=1.08357 ecn_mark=1039 drop=0
[QUEUE_STATS] t_ms=14832 q_pkts=3 q_bytes=4512 qdelay_l_ms=1.03342 qdelay_c_ms=2.05592 ecn_mark=1040 drop=0
[QUEUE_STATS] t_ms=14848 q_pkts=2 q_bytes=3008 qdelay_l_ms=1.07641 qdelay_c_ms=0 ecn_mark=1041 drop=0
[QUEUE_STATS] t_ms=14864 q_pkts=4 q_bytes=6016 qdelay_l_ms=1.04514 qdelay_c_ms=1.07369 ecn_mark=1041 drop=0
[QUEUE_STATS] t_ms=14880 q_pkts=4 q_bytes=6016 qdelay_l_ms=1.0825 qdelay_c_ms=1.83599 ecn_mark=1042 drop=0
[QUEUE_STATS] t_ms=14896 q_pkts=5 q_bytes=7520 qdelay_l_ms=1.08792 qdelay_c_ms=1.85725 ecn_mark=1043 drop=0
[QUEUE_STATS] t_ms=14912 q_pkts=7 q_bytes=10528 qdelay_l_ms=0.974228 qdelay_c_ms=2.1201 ecn_mark=1045 drop=0
[QUEUE_STATS] t_ms=14928 q_pkts=3 q_bytes=4512 qdelay_l_ms=1.08331 qdelay_c_ms=1.07678 ecn_mark=1046 drop=0
[QUEUE_STATS] t_ms=14944 q_pkts=4 q_bytes=6016 qdelay_l_ms=1.09047 qdelay_c_ms=1.91799 ecn_mark=1047 drop=0
[QUEUE_STATS] t_ms=14960 q_pkts=2 q_bytes=3008 qdelay_l_ms=1.06168 qdelay_c_ms=2.15153 ecn_mark=1048 drop=0
[QUEUE_STATS] t_ms=14976 q_pkts=1 q_bytes=1504 qdelay_l_ms=1.06525 qdelay_c_ms=0 ecn_mark=1050 drop=0
[QUEUE_STATS] t_ms=14992 q_pkts=4 q_bytes=6016 qdelay_l_ms=1.08728 qdelay_c_ms=1.08047 ecn_mark=1050 drop=0
[QUEUE_STATS] t_ms=15009 q_pkts=2 q_bytes=3008 qdelay_l_ms=1.07973 qdelay_c_ms=0 ecn_mark=1051 drop=0
[QUEUE_STATS] t_ms=15024 q_pkts=4 q_bytes=6016 qdelay_l_ms=1.07705 qdelay_c_ms=1.07154 ecn_mark=1051 drop=0
[QUEUE_STATS] t_ms=15040 q_pkts=5 q_bytes=7520 qdelay_l_ms=1.06113 qdelay_c_ms=1.09674 ecn_mark=1053 drop=0
[QUEUE_STATS] t_ms=15057 q_pkts=6 q_bytes=9024 qdelay_l_ms=1.09774 qdelay_c_ms=1.09028 ecn_mark=1053 drop=0
[QUEUE_STATS] t_ms=15073 q_pkts=6 q_bytes=9024 qdelay_l_ms=1.08804 qdelay_c_ms=1.08232 ecn_mark=1054 drop=0
[QUEUE_STATS] t_ms=15088 q_pkts=3 q_bytes=4512 qdelay_l_ms=1.07225 qdelay_c_ms=1.06659 ecn_mark=1056 drop=0
[QUEUE_STATS] t_ms=15105 q_pkts=1 q_bytes=1504 qdelay_l_ms=1.07967 qdelay_c_ms=0 ecn_mark=1058 drop=0
[QUEUE_STATS] t_ms=15120 q_pkts=5 q_bytes=7520 qdelay_l_ms=1.05261 qdelay_c_ms=2.13823 ecn_mark=1058 drop=0
[QUEUE_STATS] t_ms=15136 q_pkts=2 q_bytes=3008 qdelay_l_ms=1.07275 qdelay_c_ms=0 ecn_mark=1059 drop=0
[QUEUE_STATS] t_ms=15152 q_pkts=4 q_bytes=6016 qdelay_l_ms=1.05804 qdelay_c_ms=1.06959 ecn_mark=1060 drop=0
[QUEUE_STATS] t_ms=15168 q_pkts=0 q_bytes=0 qdelay_l_ms=0 qdelay_c_ms=0 ecn_mark=1061 drop=0
[QUEUE_STATS] t_ms=15184 q_pkts=5 q_bytes=7520 qdelay_l_ms=1.08172 qdelay_c_ms=2.13826 ecn_mark=1061 drop=0
[QUEUE_STATS] t_ms=15200 q_pkts=4 q_bytes=6016 qdelay_l_ms=1.03251 qdelay_c_ms=1.04366 ecn_mark=1061 drop=0
[QUEUE_STATS] t_ms=15217 q_pkts=3 q_bytes=4512 qdelay_l_ms=1.05801 qdelay_c_ms=1.06813 ecn_mark=1062 drop=0
[QUEUE_STATS] t_ms=15233 q_pkts=4 q_bytes=6016 qdelay_l_ms=1.05594 qdelay_c_ms=1.06663 ecn_mark=1062 drop=0
[QUEUE_STATS] t_ms=15248 q_pkts=6 q_bytes=9024 qdelay_l_ms=1.07566 qdelay_c_ms=1.06997 ecn_mark=1062 drop=0
[QUEUE_STATS] t_ms=15264 q_pkts=3 q_bytes=4512 qdelay_l_ms=1.05937 qdelay_c_ms=1.06611 ecn_mark=1062 drop=0
[QUEUE_STATS] t_ms=15280 q_pkts=3 q_bytes=4512 qdelay_l_ms=1.06191 qdelay_c_ms=1.08545 ecn_mark=1063 drop=0
[QUEUE_STATS] t_ms=15296 q_pkts=6 q_bytes=9024 qdelay_l_ms=1.07602 qdelay_c_ms=3.21971 ecn_mark=1064 drop=0
[QUEUE_STATS] t_ms=15312 q_pkts=6 q_bytes=9024 qdelay_l_ms=0.849684 qdelay_c_ms=1.99148 ecn_mark=1064 drop=0
[QUEUE_STATS] t_ms=15328 q_pkts=2 q_bytes=3008 qdelay_l_ms=0 qdelay_c_ms=1.12728 ecn_mark=1066 drop=0
[QUEUE_STATS] t_ms=15344 q_pkts=3 q_bytes=4512 qdelay_l_ms=1.09726 qdelay_c_ms=1.0902 ecn_mark=1067 drop=0
[QUEUE_STATS] t_ms=15360 q_pkts=4 q_bytes=6016 qdelay_l_ms=1.0915 qdelay_c_ms=1.08502 ecn_mark=1067 drop=0
[QUEUE_STATS] t_ms=15376 q_pkts=4 q_bytes=6016 qdelay_l_ms=1.05996 qdelay_c_ms=1.07 ecn_mark=1067 drop=0
[QUEUE_STATS] t_ms=15392 q_pkts=4 q_bytes=6016 qdelay_l_ms=1.05463 qdelay_c_ms=1.06558 ecn_mark=1069 drop=0
[QUEUE_STATS] t_ms=15408 q_pkts=6 q_bytes=9024 qdelay_l_ms=1.06598 qdelay_c_ms=1.09809 ecn_mark=1069 drop=0
[QUEUE_STATS] t_ms=15424 q_pkts=4 q_bytes=6016 qdelay_l_ms=1.06665 qdelay_c_ms=2.17338 ecn_mark=1069 drop=0
[QUEUE_STATS] t_ms=15440 q_pkts=5 q_bytes=7520 qdelay_l_ms=0.819087 qdelay_c_ms=0.853872 ecn_mark=1070 drop=0
[QUEUE_STATS] t_ms=15457 q_pkts=4 q_bytes=6016 qdelay_l_ms=1.08132 qdelay_c_ms=2.22005 ecn_mark=1070 drop=0
[QUEUE_STATS] t_ms=15472 q_pkts=4 q_bytes=6016 qdelay_l_ms=1.0665 qdelay_c_ms=1.091 ecn_mark=1071 drop=0
[QUEUE_STATS] t_ms=15488 q_pkts=5 q_bytes=7520 qdelay_l_ms=1.06439 qdelay_c_ms=2.12904 ecn_mark=1071 drop=0
[QUEUE_STATS] t_ms=15504 q_pkts=3 q_bytes=4512 qdelay_l_ms=1.05894 qdelay_c_ms=1.08176 ecn_mark=1072 drop=0
[QUEUE_STATS] t_ms=15520 q_pkts=6 q_bytes=9024 qdelay_l_ms=1.07802 qdelay_c_ms=1.11311 ecn_mark=1073 drop=0
[QUEUE_STATS] t_ms=15537 q_pkts=6 q_bytes=9024 qdelay_l_ms=1.08686 qdelay_c_ms=1.0815 ecn_mark=1073 drop=0
[QUEUE_STATS] t_ms=15552 q_pkts=5 q_bytes=7520 qdelay_l_ms=1.09059 qdelay_c_ms=1.3877 ecn_mark=1073 drop=0
[QUEUE_STATS] t_ms=15568 q_pkts=4 q_bytes=6016 qdelay_l_ms=1.0873 qdelay_c_ms=1.08081 ecn_mark=1074 drop=0
[QUEUE_STATS] t_ms=15584 q_pkts=2 q_bytes=3008 qdelay_l_ms=1.07991 qdelay_c_ms=0 ecn_mark=1076 drop=0
[QUEUE_STATS] t_ms=15600 q_pkts=5 q_bytes=7520 qdelay_l_ms=1.07622 qdelay_c_ms=1.94045 ecn_mark=1076 drop=0
[QUEUE_STATS] t_ms=15616 q_pkts=3 q_bytes=4512 qdelay_l_ms=1.07054 qdelay_c_ms=1.07846 ecn_mark=1078 drop=0
[QUEUE_STATS] t_ms=15632 q_pkts=5 q_bytes=7520 qdelay_l_ms=1.08786 qdelay_c_ms=2.12689 ecn_mark=1078 drop=0
[QUEUE_STATS] t_ms=15648 q_pkts=4 q_bytes=6016 qdelay_l_ms=1.04561 qdelay_c_ms=1.06927 ecn_mark=1080 drop=0
[QUEUE_STATS] t_ms=15664 q_pkts=3 q_bytes=4512 qdelay_l_ms=1.08635 qdelay_c_ms=1.07913 ecn_mark=1080 drop=0
[QUEUE_STATS] t_ms=15680 q_pkts=4 q_bytes=6016 qdelay_l_ms=1.08866 qdelay_c_ms=1.08149 ecn_mark=1080 drop=0
[QUEUE_STATS] t_ms=15696 q_pkts=5 q_bytes=7520 qdelay_l_ms=0.83675 qdelay_c_ms=1.88572 ecn_mark=1080 drop=0
[QUEUE_STATS] t_ms=15712 q_pkts=5 q_bytes=7520 qdelay_l_ms=1.06614 qdelay_c_ms=1.74553 ecn_mark=1080 drop=0
[QUEUE_STATS] t_ms=15728 q_pkts=4 q_bytes=6016 qdelay_l_ms=1.09048 qdelay_c_ms=1.08079 ecn_mark=1081 drop=0
[QUEUE_STATS] t_ms=15744 q_pkts=3 q_bytes=4512 qdelay_l_ms=1.08576 qdelay_c_ms=1.07864 ecn_mark=1082 drop=0
[QUEUE_STATS] t_ms=15760 q_pkts=6 q_bytes=9024 qdelay_l_ms=1.1055 qdelay_c_ms=1.09911 ecn_mark=1083 drop=0
[QUEUE_STATS] t_ms=15776 q_pkts=2 q_bytes=3008 qdelay_l_ms=1.09413 qdelay_c_ms=0 ecn_mark=1085 drop=0
[QUEUE_STATS] t_ms=15792 q_pkts=4 q_bytes=6016 qdelay_l_ms=0.833914 qdelay_c_ms=0.8261 ecn_mark=1085 drop=0
[QUEUE_STATS] t_ms=15808 q_pkts=4 q_bytes=6016 qdelay_l_ms=1.08613 qdelay_c_ms=1.07496 ecn_mark=1086 drop=0
[QUEUE_STATS] t_ms=15824 q_pkts=5 q_bytes=7520 qdelay_l_ms=1.02282 qdelay_c_ms=2.14361 ecn_mark=1086 drop=0
[QUEUE_STATS] t_ms=15840 q_pkts=0 q_bytes=0 qdelay_l_ms=0 qdelay_c_ms=0 ecn_mark=1088 drop=0
[QUEUE_STATS] t_ms=15856 q_pkts=4 q_bytes=6016 qdelay_l_ms=1.07792 qdelay_c_ms=1.07235 ecn_mark=1088 drop=0
[QUEUE_STATS] t_ms=15872 q_pkts=2 q_bytes=3008 qdelay_l_ms=1.07395 qdelay_c_ms=0 ecn_mark=1089 drop=0
[QUEUE_STATS] t_ms=15888 q_pkts=6 q_bytes=9024 qdelay_l_ms=1.09552 qdelay_c_ms=2.16591 ecn_mark=1090 drop=0
[QUEUE_STATS] t_ms=15904 q_pkts=4 q_bytes=6016 qdelay_l_ms=1.07629 qdelay_c_ms=1.07106 ecn_mark=1091 drop=0
[QUEUE_STATS] t_ms=15921 q_pkts=4 q_bytes=6016 qdelay_l_ms=1.07147 qdelay_c_ms=1.09624 ecn_mark=1091 drop=0
[QUEUE_STATS] t_ms=15936 q_pkts=7 q_bytes=10528 qdelay_l_ms=1.0602 qdelay_c_ms=2.14366 ecn_mark=1091 drop=0
[QUEUE_STATS] t_ms=15952 q_pkts=5 q_bytes=7520 qdelay_l_ms=1.0613 qdelay_c_ms=1.09526 ecn_mark=1092 drop=0
[QUEUE_STATS] t_ms=15968 q_pkts=4 q_bytes=6016 qdelay_l_ms=1.06927 qdelay_c_ms=1.0588 ecn_mark=1092 drop=0
[QUEUE_STATS] t_ms=15984 q_pkts=5 q_bytes=7520 qdelay_l_ms=1.08756 qdelay_c_ms=2.17097 ecn_mark=1093 drop=0
[QUEUE_STATS] t_ms=16000 q_pkts=3 q_bytes=4512 qdelay_l_ms=1.07052 qdelay_c_ms=1.06567 ecn_mark=1094 drop=0
[QUEUE_STATS] t_ms=16016 q_pkts=4 q_bytes=6016 qdelay_l_ms=1.06872 qdelay_c_ms=1.0611 ecn_mark=1096 drop=0
[QUEUE_STATS] t_ms=16032 q_pkts=8 q_bytes=12032 qdelay_l_ms=1.09001 qdelay_c_ms=2.19388 ecn_mark=1099 drop=0
[QUEUE_STATS] t_ms=16048 q_pkts=2 q_bytes=3008 qdelay_l_ms=0 qdelay_c_ms=0.030467 ecn_mark=1099 drop=0
[QUEUE_STATS] t_ms=16064 q_pkts=6 q_bytes=9024 qdelay_l_ms=1.05392 qdelay_c_ms=1.07546 ecn_mark=1101 drop=0
[QUEUE_STATS] t_ms=16080 q_pkts=3 q_bytes=4512 qdelay_l_ms=0.013815 qdelay_c_ms=1.11804 ecn_mark=1103 drop=0
[QUEUE_STATS] t_ms=16097 q_pkts=4 q_bytes=6016 qdelay_l_ms=1.0779 qdelay_c_ms=1.07286 ecn_mark=1103 drop=0
[QUEUE_STATS] t_ms=16112 q_pkts=6 q_bytes=9024 qdelay_l_ms=1.08643 qdelay_c_ms=2.16157 ecn_mark=1104 drop=0
[QUEUE_STATS] t_ms=16128 q_pkts=4 q_bytes=6016 qdelay_l_ms=1.10659 qdelay_c_ms=1.09982 ecn_mark=1105 drop=0
[QUEUE_STATS] t_ms=16144 q_pkts=4 q_bytes=6016 qdelay_l_ms=1.07744 qdelay_c_ms=2.13605 ecn_mark=1107 drop=0
[QUEUE_STATS] t_ms=16160 q_pkts=7 q_bytes=10528 qdelay_l_ms=1.09472 qdelay_c_ms=2.15244 ecn_mark=1107 drop=0
[QUEUE_STATS] t_ms=16177 q_pkts=4 q_bytes=6016 qdelay_l_ms=1.07974 qdelay_c_ms=2.1511 ecn_mark=1110 drop=0
[QUEUE_STATS] t_ms=16192 q_pkts=3 q_bytes=4512 qdelay_l_ms=1.04299 qdelay_c_ms=1.0664 ecn_mark=1110 drop=0
[QUEUE_STATS] t_ms=16208 q_pkts=7 q_bytes=10528 qdelay_l_ms=1.06665 qdelay_c_ms=2.15784 ecn_mark=1110 drop=0
[QUEUE_STATS] t_ms=16224 q_pkts=6 q_bytes=9024 qdelay_l_ms=1.08979 qdelay_c_ms=1.08381 ecn_mark=1111 drop=0
[QUEUE_STATS] t_ms=16240 q_pkts=4 q_bytes=6016 qdelay_l_ms=1.08375 qdelay_c_ms=1.37265 ecn_mark=1113 drop=0
[QUEUE_STATS] t_ms=16256 q_pkts=9 q_bytes=13536 qdelay_l_ms=1.08427 qdelay_c_ms=3.25623 ecn_mark=1115 drop=0
[QUEUE_STATS] t_ms=16272 q_pkts=5 q_bytes=7520 qdelay_l_ms=1.10307 qdelay_c_ms=2.1773 ecn_mark=1116 drop=0
[QUEUE_STATS] t_ms=16288 q_pkts=4 q_bytes=6016 qdelay_l_ms=1.07585 qdelay_c_ms=2.17665 ecn_mark=1117 drop=0
[QUEUE_STATS] t_ms=16304 q_pkts=7 q_bytes=10528 qdelay_l_ms=1.09628 qdelay_c_ms=2.17851 ecn_mark=1118 drop=0
[QUEUE_STATS] t_ms=16321 q_pkts=5 q_bytes=7520 qdelay_l_ms=1.07326 qdelay_c_ms=1.06836 ecn_mark=1118 drop=0
[QUEUE_STATS] t_ms=16336 q_pkts=5 q_bytes=7520 qdelay_l_ms=1.06343 qdelay_c_ms=2.11521 ecn_mark=1120 drop=0
[QUEUE_STATS] t_ms=16352 q_pkts=3 q_bytes=4512 qdelay_l_ms=1.09682 qdelay_c_ms=2.16409 ecn_mark=1120 drop=0
[QUEUE_STATS] t_ms=16368 q_pkts=5 q_bytes=7520 qdelay_l_ms=1.05632 qdelay_c_ms=2.15701 ecn_mark=1120 drop=0
[QUEUE_STATS] t_ms=16385 q_pkts=5 q_bytes=7520 qdelay_l_ms=1.08814 qdelay_c_ms=1.38372 ecn_mark=1120 drop=0
[QUEUE_STATS] t_ms=16400 q_pkts=4 q_bytes=6016 qdelay_l_ms=1.04175 qdelay_c_ms=1.0812 ecn_mark=1121 drop=0
[QUEUE_STATS] t_ms=16416 q_pkts=5 q_bytes=7520 qdelay_l_ms=1.10732 qdelay_c_ms=2.16791 ecn_mark=1122 drop=0
[QUEUE_STATS] t_ms=16432 q_pkts=6 q_bytes=9024 qdelay_l_ms=1.1103 qdelay_c_ms=1.10345 ecn_mark=1124 drop=0
[QUEUE_STATS] t_ms=16448 q_pkts=2 q_bytes=3008 qdelay_l_ms=1.07072 qdelay_c_ms=0 ecn_mark=1124 drop=0
[QUEUE_STATS] t_ms=16465 q_pkts=6 q_bytes=9024 qdelay_l_ms=1.10533 qdelay_c_ms=2.18941 ecn_mark=1126 drop=0
[QUEUE_STATS] t_ms=16480 q_pkts=5 q_bytes=7520 qdelay_l_ms=1.05963 qdelay_c_ms=2.12367 ecn_mark=1128 drop=0
[QUEUE_STATS] t_ms=16496 q_pkts=0 q_bytes=0 qdelay_l_ms=0 qdelay_c_ms=0 ecn_mark=1129 drop=0
[QUEUE_STATS] t_ms=16512 q_pkts=6 q_bytes=9024 qdelay_l_ms=1.06407 qdelay_c_ms=2.14454 ecn_mark=1130 drop=0
[QUEUE_STATS] t_ms=16528 q_pkts=4 q_bytes=6016 qdelay_l_ms=1.05934 qdelay_c_ms=1.09758 ecn_mark=1130 drop=0
[QUEUE_STATS] t_ms=16544 q_pkts=6 q_bytes=9024 qdelay_l_ms=1.09866 qdelay_c_ms=1.08826 ecn_mark=1131 drop=0
[QUEUE_STATS] t_ms=16560 q_pkts=5 q_bytes=7520 qdelay_l_ms=1.10348 qdelay_c_ms=1.65081 ecn_mark=1131 drop=0
[QUEUE_STATS] t_ms=16576 q_pkts=4 q_bytes=6016 qdelay_l_ms=1.06919 qdelay_c_ms=1.06105 ecn_mark=1132 drop=0
[QUEUE_STATS] t_ms=16593 q_pkts=8 q_bytes=12032 qdelay_l_ms=1.09636 qdelay_c_ms=2.99528 ecn_mark=1133 drop=0
[QUEUE_STATS] t_ms=16608 q_pkts=3 q_bytes=4512 qdelay_l_ms=0 qdelay_c_ms=3.20669 ecn_mark=1133 drop=0
[QUEUE_STATS] t_ms=16624 q_pkts=3 q_bytes=4512 qdelay_l_ms=1.08567 qdelay_c_ms=1.07613 ecn_mark=1133 drop=0
[QUEUE_STATS] t_ms=16640 q_pkts=7 q_bytes=10528 qdelay_l_ms=1.06558 qdelay_c_ms=3.20103 ecn_mark=1134 drop=0
[QUEUE_STATS] t_ms=16656 q_pkts=6 q_bytes=9024 qdelay_l_ms=1.08907 qdelay_c_ms=2.16647 ecn_mark=1134 drop=0
[QUEUE_STATS] t_ms=16672 q_pkts=4 q_bytes=6016 qdelay_l_ms=1.07059 qdelay_c_ms=1.06468 ecn_mark=1134 drop=0
[QUEUE_STATS] t_ms=16688 q_pkts=4 q_bytes=6016 qdelay_l_ms=1.05545 qdelay_c_ms=1.08111 ecn_mark=1134 drop=0
[QUEUE_STATS] t_ms=16704 q_pkts=6 q_bytes=9024 qdelay_l_ms=1.08366 qdelay_c_ms=1.51269 ecn_mark=1134 drop=0
[QUEUE_STATS] t_ms=16720 q_pkts=5 q_bytes=7520 qdelay_l_ms=1.08953 qdelay_c_ms=2.11895 ecn_mark=1134 drop=0
[QUEUE_STATS] t_ms=16736 q_pkts=5 q_bytes=7520 qdelay_l_ms=1.09033 qdelay_c_ms=2.14389 ecn_mark=1135 drop=0
[QUEUE_STATS] t_ms=16752 q_pkts=6 q_bytes=9024 qdelay_l_ms=1.07421 qdelay_c_ms=3.18999 ecn_mark=1136 drop=0
[QUEUE_STATS] t_ms=16768 q_pkts=4 q_bytes=6016 qdelay_l_ms=1.06569 qdelay_c_ms=2.12346 ecn_mark=1137 drop=0
[QUEUE_STATS] t_ms=16784 q_pkts=4 q_bytes=6016 qdelay_l_ms=1.02741 qdelay_c_ms=2.05905 ecn_mark=1138 drop=0
[QUEUE_STATS] t_ms=16800 q_pkts=3 q_bytes=4512 qdelay_l_ms=1.08952 qdelay_c_ms=1.08202 ecn_mark=1139 drop=0
[QUEUE_STATS] t_ms=16816 q_pkts=5 q_bytes=7520 qdelay_l_ms=1.0692 qdelay_c_ms=2.13191 ecn_mark=1140 drop=0
[QUEUE_STATS] t_ms=16833 q_pkts=3 q_bytes=4512 qdelay_l_ms=1.06693 qdelay_c_ms=2.09145 ecn_mark=1141 drop=0
[QUEUE_STATS] t_ms=16848 q_pkts=4 q_bytes=6016 qdelay_l_ms=1.09738 qdelay_c_ms=1.0898 ecn_mark=1141 drop=0
[QUEUE_STATS] t_ms=16865 q_pkts=6 q_bytes=9024 qdelay_l_ms=1.07618 qdelay_c_ms=2.14531 ecn_mark=1141 drop=0
[QUEUE_STATS] t_ms=16880 q_pkts=6 q_bytes=9024 qdelay_l_ms=1.07821 qdelay_c_ms=1.0715 ecn_mark=1142 drop=0
[QUEUE_STATS] t_ms=16897 q_pkts=5 q_bytes=7520 qdelay_l_ms=1.08586 qdelay_c_ms=1.88366 ecn_mark=1143 drop=0
[QUEUE_STATS] t_ms=16912 q_pkts=5 q_bytes=7520 qdelay_l_ms=1.04643 qdelay_c_ms=2.08961 ecn_mark=1144 drop=0
[QUEUE_STATS] t_ms=16928 q_pkts=4 q_bytes=6016 qdelay_l_ms=1.08406 qdelay_c_ms=2.11928 ecn_mark=1144 drop=0
[QUEUE_STATS] t_ms=16944 q_pkts=5 q_bytes=7520 qdelay_l_ms=1.0804 qdelay_c_ms=2.17497 ecn_mark=1145 drop=0
[QUEUE_STATS] t_ms=16960 q_pkts=6 q_bytes=9024 qdelay_l_ms=1.06682 qdelay_c_ms=3.13627 ecn_mark=1145 drop=0
[QUEUE_STATS] t_ms=16976 q_pkts=7 q_bytes=10528 qdelay_l_ms=1.06828 qdelay_c_ms=2.13213 ecn_mark=1146 drop=0
[QUEUE_STATS] t_ms=16992 q_pkts=7 q_bytes=10528 qdelay_l_ms=1.06646 qdelay_c_ms=2.11806 ecn_mark=1149 drop=0
[QUEUE_STATS] t_ms=17008 q_pkts=5 q_bytes=7520 qdelay_l_ms=1.08662 qdelay_c_ms=1.07957 ecn_mark=1150 drop=0
[QUEUE_STATS] t_ms=17024 q_pkts=7 q_bytes=10528 qdelay_l_ms=1.09446 qdelay_c_ms=3.20635 ecn_mark=1153 drop=0
[QUEUE_STATS] t_ms=17040 q_pkts=5 q_bytes=7520 qdelay_l_ms=1.07206 qdelay_c_ms=2.19964 ecn_mark=1153 drop=0
[QUEUE_STATS] t_ms=17056 q_pkts=5 q_bytes=7520 qdelay_l_ms=0.96988 qdelay_c_ms=2.07006 ecn_mark=1155 drop=0
[QUEUE_STATS] t_ms=17072 q_pkts=7 q_bytes=10528 qdelay_l_ms=1.09971 qdelay_c_ms=2.16182 ecn_mark=1155 drop=0
[QUEUE_STATS] t_ms=17088 q_pkts=5 q_bytes=7520 qdelay_l_ms=1.06294 qdelay_c_ms=2.11469 ecn_mark=1155 drop=0
[QUEUE_STATS] t_ms=17104 q_pkts=8 q_bytes=12032 qdelay_l_ms=1.05674 qdelay_c_ms=3.1396 ecn_mark=1156 drop=0
[QUEUE_STATS] t_ms=17120 q_pkts=7 q_bytes=10528 qdelay_l_ms=1.06096 qdelay_c_ms=2.15432 ecn_mark=1156 drop=0
[QUEUE_STATS] t_ms=17136 q_pkts=5 q_bytes=7520 qdelay_l_ms=1.07509 qdelay_c_ms=2.19279 ecn_mark=1157 drop=0
[QUEUE_STATS] t_ms=17152 q_pkts=7 q_bytes=10528 qdelay_l_ms=1.05388 qdelay_c_ms=3.14004 ecn_mark=1159 drop=0
[QUEUE_STATS] t_ms=17168 q_pkts=7 q_bytes=10528 qdelay_l_ms=1.06988 qdelay_c_ms=2.13781 ecn_mark=1159 drop=0
[QUEUE_STATS] t_ms=17184 q_pkts=6 q_bytes=9024 qdelay_l_ms=1.0778 qdelay_c_ms=2.1452 ecn_mark=1159 drop=0
[QUEUE_STATS] t_ms=17200 q_pkts=6 q_bytes=9024 qdelay_l_ms=1.08899 qdelay_c_ms=2.15067 ecn_mark=1159 drop=0
[QUEUE_STATS] t_ms=17216 q_pkts=8 q_bytes=12032 qdelay_l_ms=1.07233 qdelay_c_ms=3.18202 ecn_mark=1159 drop=0
[QUEUE_STATS] t_ms=17232 q_pkts=6 q_bytes=9024 qdelay_l_ms=1.08961 qdelay_c_ms=2.15369 ecn_mark=1159 drop=0
[QUEUE_STATS] t_ms=17248 q_pkts=8 q_bytes=12032 qdelay_l_ms=1.03736 qdelay_c_ms=3.10377 ecn_mark=1160 drop=0
[QUEUE_STATS] t_ms=17264 q_pkts=10 q_bytes=15040 qdelay_l_ms=1.0894 qdelay_c_ms=3.15077 ecn_mark=1160 drop=0
[QUEUE_STATS] t_ms=17280 q_pkts=8 q_bytes=12032 qdelay_l_ms=1.0871 qdelay_c_ms=3.23906 ecn_mark=1161 drop=0
[QUEUE_STATS] t_ms=17297 q_pkts=10 q_bytes=15040 qdelay_l_ms=1.03672 qdelay_c_ms=3.07342 ecn_mark=1162 drop=0
[QUEUE_STATS] t_ms=17312 q_pkts=8 q_bytes=12032 qdelay_l_ms=0.038552 qdelay_c_ms=2.09641 ecn_mark=1163 drop=0
[QUEUE_STATS] t_ms=17328 q_pkts=9 q_bytes=13536 qdelay_l_ms=1.07582 qdelay_c_ms=4.32821 ecn_mark=1163 drop=0
[QUEUE_STATS] t_ms=17344 q_pkts=11 q_bytes=16544 qdelay_l_ms=1.04764 qdelay_c_ms=4.1015 ecn_mark=1163 drop=0
[QUEUE_STATS] t_ms=17360 q_pkts=8 q_bytes=12032 qdelay_l_ms=1.05141 qdelay_c_ms=3.1071 ecn_mark=1165 drop=0
[QUEUE_STATS] t_ms=17376 q_pkts=10 q_bytes=15040 qdelay_l_ms=1.09174 qdelay_c_ms=5.39716 ecn_mark=1166 drop=0
[QUEUE_STATS] t_ms=17392 q_pkts=10 q_bytes=15040 qdelay_l_ms=1.04199 qdelay_c_ms=3.09147 ecn_mark=1166 drop=0
[QUEUE_STATS] t_ms=17408 q_pkts=9 q_bytes=13536 qdelay_l_ms=1.05509 qdelay_c_ms=2.59784 ecn_mark=1167 drop=0
[QUEUE_STATS] t_ms=17424 q_pkts=8 q_bytes=12032 qdelay_l_ms=0.029736 qdelay_c_ms=3.14568 ecn_mark=1168 drop=0
[QUEUE_STATS] t_ms=17440 q_pkts=12 q_bytes=18048 qdelay_l_ms=1.02714 qdelay_c_ms=4.10343 ecn_mark=1169 drop=0
[QUEUE_STATS] t_ms=17456 q_pkts=11 q_bytes=16544 qdelay_l_ms=1.08939 qdelay_c_ms=4.24995 ecn_mark=1169 drop=0
[QUEUE_STATS] t_ms=17472 q_pkts=9 q_bytes=13536 qdelay_l_ms=1.06013 qdelay_c_ms=4.1478 ecn_mark=1169 drop=0
[QUEUE_STATS] t_ms=17488 q_pkts=12 q_bytes=18048 qdelay_l_ms=0.897313 qdelay_c_ms=5.09028 ecn_mark=1170 drop=0
[QUEUE_STATS] t_ms=17504 q_pkts=15 q_bytes=22560 qdelay_l_ms=0.780293 qdelay_c_ms=5.82558 ecn_mark=1171 drop=0
[QUEUE_STATS] t_ms=17520 q_pkts=12 q_bytes=18048 qdelay_l_ms=1.0117 qdelay_c_ms=4.08256 ecn_mark=1171 drop=0
[QUEUE_STATS] t_ms=17536 q_pkts=12 q_bytes=18048 qdelay_l_ms=1.02762 qdelay_c_ms=4.5553 ecn_mark=1171 drop=0
[QUEUE_STATS] t_ms=17553 q_pkts=13 q_bytes=19552 qdelay_l_ms=1.09553 qdelay_c_ms=4.94937 ecn_mark=1173 drop=0
[QUEUE_STATS] t_ms=17568 q_pkts=13 q_bytes=19552 qdelay_l_ms=1.02029 qdelay_c_ms=6.06067 ecn_mark=1173 drop=0
[QUEUE_STATS] t_ms=17584 q_pkts=13 q_bytes=19552 qdelay_l_ms=1.08091 qdelay_c_ms=5.28012 ecn_mark=1173 drop=0
[QUEUE_STATS] t_ms=17600 q_pkts=15 q_bytes=22560 qdelay_l_ms=1.0388 qdelay_c_ms=4.61283 ecn_mark=1175 drop=0
[QUEUE_STATS] t_ms=17616 q_pkts=14 q_bytes=21056 qdelay_l_ms=1.07593 qdelay_c_ms=6.45903 ecn_mark=1175 drop=0
[QUEUE_STATS] t_ms=17632 q_pkts=15 q_bytes=22560 qdelay_l_ms=1.07508 qdelay_c_ms=6.04735 ecn_mark=1175 drop=0
[QUEUE_STATS] t_ms=17648 q_pkts=15 q_bytes=22560 qdelay_l_ms=1.02622 qdelay_c_ms=5.06982 ecn_mark=1175 drop=0
[QUEUE_STATS] t_ms=17664 q_pkts=15 q_bytes=22560 qdelay_l_ms=1.01069 qdelay_c_ms=5.97772 ecn_mark=1176 drop=0
[QUEUE_STATS] t_ms=17680 q_pkts=15 q_bytes=22560 qdelay_l_ms=0.885701 qdelay_c_ms=6.00906 ecn_mark=1176 drop=0
[QUEUE_STATS] t_ms=17696 q_pkts=17 q_bytes=25568 qdelay_l_ms=1.00988 qdelay_c_ms=7.03511 ecn_mark=1176 drop=0
[QUEUE_STATS] t_ms=17712 q_pkts=16 q_bytes=24064 qdelay_l_ms=1.05404 qdelay_c_ms=7.16834 ecn_mark=1178 drop=0
[QUEUE_STATS] t_ms=17728 q_pkts=15 q_bytes=22560 qdelay_l_ms=1.07688 qdelay_c_ms=6.0837 ecn_mark=1178 drop=0
[QUEUE_STATS] t_ms=17744 q_pkts=16 q_bytes=24064 qdelay_l_ms=0.994336 qdelay_c_ms=6.88677 ecn_mark=1178 drop=0
[QUEUE_STATS] t_ms=17761 q_pkts=18 q_bytes=27072 qdelay_l_ms=1.09611 qdelay_c_ms=7.53384 ecn_mark=1178 drop=0
[QUEUE_STATS] t_ms=17776 q_pkts=15 q_bytes=22560 qdelay_l_ms=0.964018 qdelay_c_ms=5.83677 ecn_mark=1179 drop=0
[QUEUE_STATS] t_ms=17792 q_pkts=19 q_bytes=28576 qdelay_l_ms=1.04463 qdelay_c_ms=8.34361 ecn_mark=1179 drop=0
[QUEUE_STATS] t_ms=17808 q_pkts=19 q_bytes=28576 qdelay_l_ms=1.08567 qdelay_c_ms=8.43873 ecn_mark=1180 drop=0
[QUEUE_STATS] t_ms=17824 q_pkts=19 q_bytes=28576 qdelay_l_ms=0.98629 qdelay_c_ms=7.85047 ecn_mark=1182 drop=0
[QUEUE_STATS] t_ms=17840 q_pkts=20 q_bytes=30080 qdelay_l_ms=0.739608 qdelay_c_ms=8.11728 ecn_mark=1182 drop=0
[QUEUE_STATS] t_ms=17856 q_pkts=20 q_bytes=30080 qdelay_l_ms=1.06888 qdelay_c_ms=9.09837 ecn_mark=1183 drop=0
[QUEUE_STATS] t_ms=17872 q_pkts=19 q_bytes=28576 qdelay_l_ms=1.08237 qdelay_c_ms=8.71765 ecn_mark=1185 drop=0
[QUEUE_STATS] t_ms=17888 q_pkts=21 q_bytes=31584 qdelay_l_ms=1.08024 qdelay_c_ms=8.59217 ecn_mark=1185 drop=0
[QUEUE_STATS] t_ms=17904 q_pkts=21 q_bytes=31584 qdelay_l_ms=0.975139 qdelay_c_ms=7.85354 ecn_mark=1185 drop=0
[QUEUE_STATS] t_ms=17920 q_pkts=20 q_bytes=30080 qdelay_l_ms=1.0781 qdelay_c_ms=9.3389 ecn_mark=1185 drop=0
[QUEUE_STATS] t_ms=17936 q_pkts=21 q_bytes=31584 qdelay_l_ms=1.08774 qdelay_c_ms=8.59394 ecn_mark=1185 drop=0
[QUEUE_STATS] t_ms=17952 q_pkts=21 q_bytes=31584 qdelay_l_ms=0.988123 qdelay_c_ms=7.74679 ecn_mark=1185 drop=0
[QUEUE_STATS] t_ms=17968 q_pkts=23 q_bytes=34592 qdelay_l_ms=1.10138 qdelay_c_ms=8.67038 ecn_mark=1186 drop=0
[QUEUE_STATS] t_ms=17984 q_pkts=23 q_bytes=34592 qdelay_l_ms=0.98664 qdelay_c_ms=9.70968 ecn_mark=1189 drop=0
[QUEUE_STATS] t_ms=18000 q_pkts=22 q_bytes=33088 qdelay_l_ms=1.09175 qdelay_c_ms=8.77842 ecn_mark=1189 drop=0
[QUEUE_STATS] t_ms=18016 q_pkts=23 q_bytes=34592 qdelay_l_ms=0.97595 qdelay_c_ms=9.70638 ecn_mark=1189 drop=0
[QUEUE_STATS] t_ms=18033 q_pkts=24 q_bytes=36096 qdelay_l_ms=1.08021 qdelay_c_ms=8.91588 ecn_mark=1189 drop=0
[QUEUE_STATS] t_ms=18048 q_pkts=20 q_bytes=30080 qdelay_l_ms=0.014557 qdelay_c_ms=10.0176 ecn_mark=1189 drop=0
[QUEUE_STATS] t_ms=18064 q_pkts=24 q_bytes=36096 qdelay_l_ms=1.04197 qdelay_c_ms=11.187 ecn_mark=1189 drop=0
[QUEUE_STATS] t_ms=18081 q_pkts=25 q_bytes=37600 qdelay_l_ms=0 qdelay_c_ms=10.2115 ecn_mark=1190 drop=0
[QUEUE_STATS] t_ms=18096 q_pkts=25 q_bytes=37600 qdelay_l_ms=1.09085 qdelay_c_ms=11.867 ecn_mark=1190 drop=0
[QUEUE_STATS] t_ms=18112 q_pkts=22 q_bytes=33088 qdelay_l_ms=0.031759 qdelay_c_ms=9.99626 ecn_mark=1190 drop=0
[QUEUE_STATS] t_ms=18128 q_pkts=27 q_bytes=40608 qdelay_l_ms=1.10025 qdelay_c_ms=11.0803 ecn_mark=1191 drop=0
[QUEUE_STATS] t_ms=18144 q_pkts=26 q_bytes=39104 qdelay_l_ms=0.951986 qdelay_c_ms=11.6877 ecn_mark=1191 drop=0
[QUEUE_STATS] t_ms=18160 q_pkts=26 q_bytes=39104 qdelay_l_ms=0.966363 qdelay_c_ms=10.8021 ecn_mark=1192 drop=0
[QUEUE_STATS] t_ms=18176 q_pkts=27 q_bytes=40608 qdelay_l_ms=1.03199 qdelay_c_ms=13.3823 ecn_mark=1192 drop=0
[QUEUE_STATS] t_ms=18192 q_pkts=26 q_bytes=39104 qdelay_l_ms=0.940084 qdelay_c_ms=11.1426 ecn_mark=1194 drop=0
[QUEUE_STATS] t_ms=18208 q_pkts=28 q_bytes=42112 qdelay_l_ms=1.08915 qdelay_c_ms=12.2458 ecn_mark=1195 drop=0
[QUEUE_STATS] t_ms=18224 q_pkts=28 q_bytes=42112 qdelay_l_ms=1.0801 qdelay_c_ms=12.6272 ecn_mark=1195 drop=0
[QUEUE_STATS] t_ms=18240 q_pkts=30 q_bytes=45120 qdelay_l_ms=1.09619 qdelay_c_ms=11.6397 ecn_mark=1196 drop=0
[QUEUE_STATS] t_ms=18256 q_pkts=30 q_bytes=45120 qdelay_l_ms=1.06384 qdelay_c_ms=12.9937 ecn_mark=1196 drop=0
[QUEUE_STATS] t_ms=18272 q_pkts=30 q_bytes=45120 qdelay_l_ms=1.0564 qdelay_c_ms=12.9042 ecn_mark=1197 drop=0
[QUEUE_STATS] t_ms=18288 q_pkts=29 q_bytes=43616 qdelay_l_ms=0.709901 qdelay_c_ms=12.0131 ecn_mark=1198 drop=0
[QUEUE_STATS] t_ms=18304 q_pkts=28 q_bytes=42112 qdelay_l_ms=1.08214 qdelay_c_ms=13.3294 ecn_mark=1198 drop=0
[QUEUE_STATS] t_ms=18320 q_pkts=30 q_bytes=45120 qdelay_l_ms=1.06194 qdelay_c_ms=14.168 ecn_mark=1199 drop=0
[QUEUE_STATS] t_ms=18336 q_pkts=29 q_bytes=43616 qdelay_l_ms=0.905038 qdelay_c_ms=12.807 ecn_mark=1199 drop=0
[QUEUE_STATS] t_ms=18352 q_pkts=30 q_bytes=45120 qdelay_l_ms=1.04787 qdelay_c_ms=12.989 ecn_mark=1199 drop=0
[QUEUE_STATS] t_ms=18368 q_pkts=29 q_bytes=43616 qdelay_l_ms=0.933431 qdelay_c_ms=13.8934 ecn_mark=1202 drop=0
[QUEUE_STATS] t_ms=18384 q_pkts=29 q_bytes=43616 qdelay_l_ms=0.941777 qdelay_c_ms=12.6726 ecn_mark=1202 drop=0
[QUEUE_STATS] t_ms=18400 q_pkts=28 q_bytes=42112 qdelay_l_ms=0 qdelay_c_ms=11.9967 ecn_mark=1202 drop=0
[QUEUE_STATS] t_ms=18416 q_pkts=32 q_bytes=48128 qdelay_l_ms=1.08203 qdelay_c_ms=14.0833 ecn_mark=1202 drop=0
[QUEUE_STATS] t_ms=18432 q_pkts=30 q_bytes=45120 qdelay_l_ms=1.08885 qdelay_c_ms=13.8401 ecn_mark=1202 drop=0
[QUEUE_STATS] t_ms=18448 q_pkts=31 q_bytes=46624 qdelay_l_ms=1.07725 qdelay_c_ms=15.3037 ecn_mark=1202 drop=0
[QUEUE_STATS] t_ms=18464 q_pkts=33 q_bytes=49632 qdelay_l_ms=0.84241 qdelay_c_ms=15.077 ecn_mark=1204 drop=0
[QUEUE_STATS] t_ms=18480 q_pkts=32 q_bytes=48128 qdelay_l_ms=1.09 qdelay_c_ms=14.1299 ecn_mark=1205 drop=0
[QUEUE_STATS] t_ms=18496 q_pkts=33 q_bytes=49632 qdelay_l_ms=0.989696 qdelay_c_ms=15.0857 ecn_mark=1209 drop=0
[QUEUE_STATS] t_ms=18512 q_pkts=31 q_bytes=46624 qdelay_l_ms=1.0806 qdelay_c_ms=12.7914 ecn_mark=1209 drop=0
[QUEUE_STATS] t_ms=18528 q_pkts=36 q_bytes=54144 qdelay_l_ms=1.07877 qdelay_c_ms=14.9647 ecn_mark=1212 drop=0
[QUEUE_STATS] t_ms=18544 q_pkts=34 q_bytes=51136 qdelay_l_ms=0.903625 qdelay_c_ms=16.7108 ecn_mark=1212 drop=0
[QUEUE_STATS] t_ms=18560 q_pkts=36 q_bytes=54144 qdelay_l_ms=1.06731 qdelay_c_ms=14.1054 ecn_mark=1212 drop=0
[QUEUE_STATS] t_ms=18576 q_pkts=34 q_bytes=51136 qdelay_l_ms=1.05278 qdelay_c_ms=17.3028 ecn_mark=1213 drop=0
[QUEUE_STATS] t_ms=18592 q_pkts=33 q_bytes=49632 qdelay_l_ms=0.896722 qdelay_c_ms=15.4096 ecn_mark=1213 drop=0
[QUEUE_STATS] t_ms=18608 q_pkts=34 q_bytes=51136 qdelay_l_ms=1.06192 qdelay_c_ms=15.1454 ecn_mark=1213 drop=0
[QUEUE_STATS] t_ms=18625 q_pkts=35 q_bytes=52640 qdelay_l_ms=1.07458 qdelay_c_ms=16.97 ecn_mark=1214 drop=0
[QUEUE_STATS] t_ms=18641 q_pkts=35 q_bytes=52640 qdelay_l_ms=1.06759 qdelay_c_ms=14.2103 ecn_mark=1217 drop=0
[QUEUE_STATS] t_ms=18656 q_pkts=36 q_bytes=54144 qdelay_l_ms=1.07469 qdelay_c_ms=18.1535 ecn_mark=1217 drop=0
[QUEUE_STATS] t_ms=18672 q_pkts=36 q_bytes=54144 qdelay_l_ms=1.07247 qdelay_c_ms=17.0243 ecn_mark=1217 drop=0
[QUEUE_STATS] t_ms=18689 q_pkts=35 q_bytes=52640 qdelay_l_ms=1.0756 qdelay_c_ms=15.1137 ecn_mark=1218 drop=0
[QUEUE_STATS] t_ms=18704 q_pkts=36 q_bytes=54144 qdelay_l_ms=1.06852 qdelay_c_ms=17.3989 ecn_mark=1218 drop=0
[QUEUE_STATS] t_ms=18720 q_pkts=32 q_bytes=48128 qdelay_l_ms=0.025618 qdelay_c_ms=15.8064 ecn_mark=1219 drop=0
[QUEUE_STATS] t_ms=18736 q_pkts=35 q_bytes=52640 qdelay_l_ms=1.06174 qdelay_c_ms=15.0816 ecn_mark=1220 drop=0
[QUEUE_STATS] t_ms=18752 q_pkts=36 q_bytes=54144 qdelay_l_ms=1.01762 qdelay_c_ms=18.1711 ecn_mark=1221 drop=0
[QUEUE_STATS] t_ms=18768 q_pkts=38 q_bytes=57152 qdelay_l_ms=1.08356 qdelay_c_ms=16.9323 ecn_mark=1222 drop=0
[QUEUE_STATS] t_ms=18784 q_pkts=35 q_bytes=52640 qdelay_l_ms=1.07684 qdelay_c_ms=18.1874 ecn_mark=1223 drop=0
[QUEUE_STATS] t_ms=18800 q_pkts=34 q_bytes=51136 qdelay_l_ms=0.014186 qdelay_c_ms=17.2122 ecn_mark=1223 drop=0
[QUEUE_STATS] t_ms=18816 q_pkts=37 q_bytes=55648 qdelay_l_ms=1.07439 qdelay_c_ms=14.9936 ecn_mark=1225 drop=0
[QUEUE_STATS] t_ms=18832 q_pkts=38 q_bytes=57152 qdelay_l_ms=1.0661 qdelay_c_ms=19.2553 ecn_mark=1227 drop=0
[QUEUE_STATS] t_ms=18848 q_pkts=34 q_bytes=51136 qdelay_l_ms=0 qdelay_c_ms=17.9 ecn_mark=1229 drop=0
[QUEUE_STATS] t_ms=18864 q_pkts=38 q_bytes=57152 qdelay_l_ms=1.05666 qdelay_c_ms=15.9876 ecn_mark=1229 drop=0
[QUEUE_STATS] t_ms=18880 q_pkts=38 q_bytes=57152 qdelay_l_ms=1.07022 qdelay_c_ms=19.3272 ecn_mark=1229 drop=0
[QUEUE_STATS] t_ms=18896 q_pkts=40 q_bytes=60160 qdelay_l_ms=1.08137 qdelay_c_ms=17.5341 ecn_mark=1229 drop=0
[QUEUE_STATS] t_ms=18912 q_pkts=39 q_bytes=58656 qdelay_l_ms=0.869271 qdelay_c_ms=17.8014 ecn_mark=1231 drop=0
[QUEUE_STATS] t_ms=18929 q_pkts=36 q_bytes=54144 qdelay_l_ms=1.06886 qdelay_c_ms=19.1079 ecn_mark=1231 drop=0
[QUEUE_STATS] t_ms=18944 q_pkts=42 q_bytes=63168 qdelay_l_ms=1.06886 qdelay_c_ms=17.1823 ecn_mark=1233 drop=0
[QUEUE_STATS] t_ms=18960 q_pkts=40 q_bytes=60160 qdelay_l_ms=1.07681 qdelay_c_ms=19.111 ecn_mark=1233 drop=0
[QUEUE_STATS] t_ms=18976 q_pkts=36 q_bytes=54144 qdelay_l_ms=0 qdelay_c_ms=19.1543 ecn_mark=1234 drop=0
[QUEUE_STATS] t_ms=18992 q_pkts=39 q_bytes=58656 qdelay_l_ms=0.896261 qdelay_c_ms=16.7942 ecn_mark=1234 drop=0
[QUEUE_STATS] t_ms=19008 q_pkts=41 q_bytes=61664 qdelay_l_ms=0.889158 qdelay_c_ms=19.9804 ecn_mark=1234 drop=0
[QUEUE_STATS] t_ms=19024 q_pkts=41 q_bytes=61664 qdelay_l_ms=1.09622 qdelay_c_ms=18.7237 ecn_mark=1235 drop=0
[QUEUE_STATS] t_ms=19040 q_pkts=39 q_bytes=58656 qdelay_l_ms=0.03221 qdelay_c_ms=16.8734 ecn_mark=1235 drop=0
[QUEUE_STATS] t_ms=19056 q_pkts=41 q_bytes=61664 qdelay_l_ms=0.892685 qdelay_c_ms=20.7971 ecn_mark=1236 drop=0
[QUEUE_STATS] t_ms=19072 q_pkts=40 q_bytes=60160 qdelay_l_ms=1.09058 qdelay_c_ms=16.9316 ecn_mark=1236 drop=0
[QUEUE_STATS] t_ms=19089 q_pkts=41 q_bytes=61664 qdelay_l_ms=1.10908 qdelay_c_ms=19.8251 ecn_mark=1238 drop=0
[QUEUE_STATS] t_ms=19104 q_pkts=40 q_bytes=60160 qdelay_l_ms=1.05475 qdelay_c_ms=21.2055 ecn_mark=1238 drop=0
[QUEUE_STATS] t_ms=19120 q_pkts=41 q_bytes=61664 qdelay_l_ms=0.879711 qdelay_c_ms=16.645 ecn_mark=1238 drop=0
[QUEUE_STATS] t_ms=19136 q_pkts=42 q_bytes=63168 qdelay_l_ms=1.06718 qdelay_c_ms=20.8729 ecn_mark=1238 drop=0
[QUEUE_STATS] t_ms=19152 q_pkts=40 q_bytes=60160 qdelay_l_ms=0 qdelay_c_ms=20.1015 ecn_mark=1239 drop=0
[QUEUE_STATS] t_ms=19168 q_pkts=41 q_bytes=61664 qdelay_l_ms=1.09369 qdelay_c_ms=18.0432 ecn_mark=1239 drop=0
[QUEUE_STATS] t_ms=19184 q_pkts=44 q_bytes=66176 qdelay_l_ms=1.0707 qdelay_c_ms=21.9856 ecn_mark=1239 drop=0
[QUEUE_STATS] t_ms=19200 q_pkts=44 q_bytes=66176 qdelay_l_ms=1.09048 qdelay_c_ms=20.0799 ecn_mark=1239 drop=0
[QUEUE_STATS] t_ms=19216 q_pkts=44 q_bytes=66176 qdelay_l_ms=1.04092 qdelay_c_ms=21.1388 ecn_mark=1239 drop=0
[QUEUE_STATS] t_ms=19232 q_pkts=45 q_bytes=67680 qdelay_l_ms=1.10001 qdelay_c_ms=22.2247 ecn_mark=1239 drop=0
[QUEUE_STATS] t_ms=19248 q_pkts=39 q_bytes=58656 qdelay_l_ms=0 qdelay_c_ms=19.1824 ecn_mark=1241 drop=0
[QUEUE_STATS] t_ms=19264 q_pkts=44 q_bytes=66176 qdelay_l_ms=1.0853 qdelay_c_ms=23.5548 ecn_mark=1242 drop=0
[QUEUE_STATS] t_ms=19280 q_pkts=45 q_bytes=67680 qdelay_l_ms=0.842601 qdelay_c_ms=22.9289 ecn_mark=1243 drop=0
[QUEUE_STATS] t_ms=19297 q_pkts=42 q_bytes=63168 qdelay_l_ms=1.02006 qdelay_c_ms=20.0923 ecn_mark=1244 drop=0
[QUEUE_STATS] t_ms=19312 q_pkts=45 q_bytes=67680 qdelay_l_ms=1.04631 qdelay_c_ms=21.9403 ecn_mark=1244 drop=0
[QUEUE_STATS] t_ms=19328 q_pkts=45 q_bytes=67680 qdelay_l_ms=1.01603 qdelay_c_ms=20.6948 ecn_mark=1245 drop=0
[QUEUE_STATS] t_ms=19344 q_pkts=46 q_bytes=69184 qdelay_l_ms=1.09516 qdelay_c_ms=20.0073 ecn_mark=1247 drop=0
[QUEUE_STATS] t_ms=19360 q_pkts=45 q_bytes=67680 qdelay_l_ms=1.01796 qdelay_c_ms=24.0607 ecn_mark=1248 drop=0
[QUEUE_STATS] t_ms=19376 q_pkts=45 q_bytes=67680 qdelay_l_ms=1.08227 qdelay_c_ms=20.8297 ecn_mark=1251 drop=0
[QUEUE_STATS] t_ms=19392 q_pkts=46 q_bytes=69184 qdelay_l_ms=1.06217 qdelay_c_ms=23.2432 ecn_mark=1252 drop=0
[QUEUE_STATS] t_ms=19408 q_pkts=41 q_bytes=61664 qdelay_l_ms=0 qdelay_c_ms=23.1746 ecn_mark=1254 drop=0
[QUEUE_STATS] t_ms=19424 q_pkts=43 q_bytes=64672 qdelay_l_ms=0.03205 qdelay_c_ms=19.0005 ecn_mark=1254 drop=0
[QUEUE_STATS] t_ms=19440 q_pkts=46 q_bytes=69184 qdelay_l_ms=1.07822 qdelay_c_ms=24.2053 ecn_mark=1254 drop=0
[QUEUE_STATS] t_ms=19456 q_pkts=46 q_bytes=69184 qdelay_l_ms=0.987142 qdelay_c_ms=21.849 ecn_mark=1254 drop=0
[QUEUE_STATS] t_ms=19472 q_pkts=46 q_bytes=69184 qdelay_l_ms=0.019356 qdelay_c_ms=18.9897 ecn_mark=1254 drop=0
[QUEUE_STATS] t_ms=19488 q_pkts=49 q_bytes=73696 qdelay_l_ms=0.849814 qdelay_c_ms=24.8074 ecn_mark=1255 drop=0
[QUEUE_STATS] t_ms=19505 q_pkts=49 q_bytes=73696 qdelay_l_ms=1.07621 qdelay_c_ms=22.1146 ecn_mark=1256 drop=0
[QUEUE_STATS] t_ms=19520 q_pkts=47 q_bytes=70688 qdelay_l_ms=1.08411 qdelay_c_ms=24.1589 ecn_mark=1258 drop=0
[QUEUE_STATS] t_ms=19536 q_pkts=49 q_bytes=73696 qdelay_l_ms=1.07591 qdelay_c_ms=24.9757 ecn_mark=1259 drop=0
[QUEUE_STATS] t_ms=19552 q_pkts=49 q_bytes=73696 qdelay_l_ms=1.06758 qdelay_c_ms=22.0716 ecn_mark=1259 drop=0
[QUEUE_STATS] t_ms=19568 q_pkts=50 q_bytes=75200 qdelay_l_ms=0.65543 qdelay_c_ms=24.9782 ecn_mark=1260 drop=0
[QUEUE_STATS] t_ms=19584 q_pkts=50 q_bytes=75200 qdelay_l_ms=1.00604 qdelay_c_ms=25.9647 ecn_mark=1262 drop=0
[QUEUE_STATS] t_ms=19600 q_pkts=46 q_bytes=69184 qdelay_l_ms=0.030658 qdelay_c_ms=21.8447 ecn_mark=1262 drop=0
[QUEUE_STATS] t_ms=19616 q_pkts=49 q_bytes=73696 qdelay_l_ms=0.982182 qdelay_c_ms=26.1115 ecn_mark=1262 drop=0
[QUEUE_STATS] t_ms=19632 q_pkts=48 q_bytes=72192 qdelay_l_ms=0.99196 qdelay_c_ms=21.9497 ecn_mark=1264 drop=0
[QUEUE_STATS] t_ms=19648 q_pkts=47 q_bytes=70688 qdelay_l_ms=0.978676 qdelay_c_ms=23.0572 ecn_mark=1265 drop=0
[QUEUE_STATS] t_ms=19664 q_pkts=49 q_bytes=73696 qdelay_l_ms=1.09658 qdelay_c_ms=26.0789 ecn_mark=1265 drop=0
[QUEUE_STATS] t_ms=19680 q_pkts=49 q_bytes=73696 qdelay_l_ms=1.08228 qdelay_c_ms=23.8289 ecn_mark=1265 drop=0
[QUEUE_STATS] t_ms=19696 q_pkts=50 q_bytes=75200 qdelay_l_ms=1.06401 qdelay_c_ms=25.3635 ecn_mark=1266 drop=0
[QUEUE_STATS] t_ms=19712 q_pkts=51 q_bytes=76704 qdelay_l_ms=1.0092 qdelay_c_ms=26.9855 ecn_mark=1267 drop=0
[QUEUE_STATS] t_ms=19728 q_pkts=51 q_bytes=76704 qdelay_l_ms=0.992722 qdelay_c_ms=23.9523 ecn_mark=1269 drop=0
[QUEUE_STATS] t_ms=19744 q_pkts=49 q_bytes=73696 qdelay_l_ms=0.840467 qdelay_c_ms=26.661 ecn_mark=1270 drop=0
[QUEUE_STATS] t_ms=19760 q_pkts=51 q_bytes=76704 qdelay_l_ms=0.993163 qdelay_c_ms=25.0504 ecn_mark=1271 drop=0
[QUEUE_STATS] t_ms=19776 q_pkts=46 q_bytes=69184 qdelay_l_ms=0 qdelay_c_ms=22.6943 ecn_mark=1271 drop=0
[QUEUE_STATS] t_ms=19792 q_pkts=51 q_bytes=76704 qdelay_l_ms=1.0589 qdelay_c_ms=26.0864 ecn_mark=1272 drop=0
[QUEUE_STATS] t_ms=19808 q_pkts=52 q_bytes=78208 qdelay_l_ms=0.992151 qdelay_c_ms=25.9179 ecn_mark=1273 drop=0
[QUEUE_STATS] t_ms=19824 q_pkts=51 q_bytes=76704 qdelay_l_ms=1.06195 qdelay_c_ms=25.3341 ecn_mark=1273 drop=0
[QUEUE_STATS] t_ms=19841 q_pkts=52 q_bytes=78208 qdelay_l_ms=1.09553 qdelay_c_ms=27.0754 ecn_mark=1273 drop=0
[QUEUE_STATS] t_ms=19856 q_pkts=52 q_bytes=78208 qdelay_l_ms=1.05016 qdelay_c_ms=27.2736 ecn_mark=1273 drop=0
[QUEUE_STATS] t_ms=19872 q_pkts=52 q_bytes=78208 qdelay_l_ms=1.08904 qdelay_c_ms=26.8651 ecn_mark=1274 drop=0
[QUEUE_STATS] t_ms=19888 q_pkts=52 q_bytes=78208 qdelay_l_ms=1.07285 qdelay_c_ms=27.039 ecn_mark=1274 drop=0
[QUEUE_STATS] t_ms=19904 q_pkts=52 q_bytes=78208 qdelay_l_ms=1.01882 qdelay_c_ms=27.194 ecn_mark=1275 drop=0
[QUEUE_STATS] t_ms=19921 q_pkts=54 q_bytes=81216 qdelay_l_ms=1.09387 qdelay_c_ms=27.0369 ecn_mark=1277 drop=0
[QUEUE_STATS] t_ms=19937 q_pkts=53 q_bytes=79712 qdelay_l_ms=1.08399 qdelay_c_ms=27.0313 ecn_mark=1277 drop=0
[QUEUE_STATS] t_ms=19952 q_pkts=55 q_bytes=82720 qdelay_l_ms=1.07175 qdelay_c_ms=27.2379 ecn_mark=1280 drop=0
[QUEUE_STATS] t_ms=19968 q_pkts=53 q_bytes=79712 qdelay_l_ms=1.07356 qdelay_c_ms=27.0736 ecn_mark=1280 drop=0
[QUEUE_STATS] t_ms=19985 q_pkts=54 q_bytes=81216 qdelay_l_ms=1.07592 qdelay_c_ms=28.0961 ecn_mark=1280 drop=0
[QUEUE_STATS] t_ms=20000 q_pkts=54 q_bytes=81216 qdelay_l_ms=1.09452 qdelay_c_ms=27.8415 ecn_mark=1281 drop=0
[QUEUE_STATS] t_ms=20016 q_pkts=54 q_bytes=81216 qdelay_l_ms=1.07796 qdelay_c_ms=27.2816 ecn_mark=1283 drop=0
[QUEUE_STATS] t_ms=20032 q_pkts=54 q_bytes=81216 qdelay_l_ms=0.966082 qdelay_c_ms=27.8931 ecn_mark=1283 drop=0
[QUEUE_STATS] t_ms=20048 q_pkts=56 q_bytes=84224 qdelay_l_ms=0.936467 qdelay_c_ms=27.9842 ecn_mark=1283 drop=0
[QUEUE_STATS] t_ms=20065 q_pkts=55 q_bytes=82720 qdelay_l_ms=1.07481 qdelay_c_ms=27.9023 ecn_mark=1284 drop=0
[QUEUE_STATS] t_ms=20080 q_pkts=54 q_bytes=81216 qdelay_l_ms=0 qdelay_c_ms=27.0593 ecn_mark=1284 drop=0
[QUEUE_STATS] t_ms=20096 q_pkts=58 q_bytes=87232 qdelay_l_ms=1.05712 qdelay_c_ms=29.9396 ecn_mark=1285 drop=0
[QUEUE_STATS] t_ms=20112 q_pkts=55 q_bytes=82720 qdelay_l_ms=1.05222 qdelay_c_ms=29.791 ecn_mark=1285 drop=0
[QUEUE_STATS] t_ms=20128 q_pkts=57 q_bytes=85728 qdelay_l_ms=1.06757 qdelay_c_ms=29.1408 ecn_mark=1285 drop=0
[QUEUE_STATS] t_ms=20144 q_pkts=56 q_bytes=84224 qdelay_l_ms=1.05224 qdelay_c_ms=30.083 ecn_mark=1289 drop=0
[QUEUE_STATS] t_ms=20160 q_pkts=56 q_bytes=84224 qdelay_l_ms=0.914897 qdelay_c_ms=29.8573 ecn_mark=1289 drop=0
[QUEUE_STATS] t_ms=20176 q_pkts=57 q_bytes=85728 qdelay_l_ms=1.08465 qdelay_c_ms=31.0467 ecn_mark=1289 drop=0
[QUEUE_STATS] t_ms=20192 q_pkts=55 q_bytes=82720 qdelay_l_ms=0.923672 qdelay_c_ms=27.746 ecn_mark=1289 drop=0
[QUEUE_STATS] t_ms=20209 q_pkts=57 q_bytes=85728 qdelay_l_ms=1.07827 qdelay_c_ms=30.1173 ecn_mark=1290 drop=0
[QUEUE_STATS] t_ms=20224 q_pkts=59 q_bytes=88736 qdelay_l_ms=1.1006 qdelay_c_ms=32.0372 ecn_mark=1290 drop=0
[QUEUE_STATS] t_ms=20240 q_pkts=59 q_bytes=88736 qdelay_l_ms=0.915498 qdelay_c_ms=29.6441 ecn_mark=1290 drop=0
[QUEUE_STATS] t_ms=20256 q_pkts=57 q_bytes=85728 qdelay_l_ms=1.02951 qdelay_c_ms=30.0773 ecn_mark=1291 drop=0
[QUEUE_STATS] t_ms=20272 q_pkts=58 q_bytes=87232 qdelay_l_ms=1.08052 qdelay_c_ms=30.9388 ecn_mark=1294 drop=0
[QUEUE_STATS] t_ms=20288 q_pkts=60 q_bytes=90240 qdelay_l_ms=1.04497 qdelay_c_ms=30.0378 ecn_mark=1295 drop=0
[QUEUE_STATS] t_ms=20304 q_pkts=59 q_bytes=88736 qdelay_l_ms=1.09574 qdelay_c_ms=32.2054 ecn_mark=1295 drop=0
[QUEUE_STATS] t_ms=20320 q_pkts=59 q_bytes=88736 qdelay_l_ms=1.07826 qdelay_c_ms=30.8943 ecn_mark=1295 drop=0
[QUEUE_STATS] t_ms=20336 q_pkts=56 q_bytes=84224 qdelay_l_ms=0.028293 qdelay_c_ms=28.937 ecn_mark=1295 drop=0
[QUEUE_STATS] t_ms=20352 q_pkts=58 q_bytes=87232 qdelay_l_ms=0.02158 qdelay_c_ms=33.0887 ecn_mark=1295 drop=0
[QUEUE_STATS] t_ms=20368 q_pkts=56 q_bytes=84224 qdelay_l_ms=0 qdelay_c_ms=30.2344 ecn_mark=1296 drop=0
[QUEUE_STATS] t_ms=20384 q_pkts=62 q_bytes=93248 qdelay_l_ms=1.09526 qdelay_c_ms=31.3758 ecn_mark=1296 drop=0
[QUEUE_STATS] t_ms=20400 q_pkts=63 q_bytes=94752 qdelay_l_ms=1.10023 qdelay_c_ms=34.1872 ecn_mark=1296 drop=0
[QUEUE_STATS] t_ms=20416 q_pkts=50 q_bytes=75200 qdelay_l_ms=0 qdelay_c_ms=31.5054 ecn_mark=1296 drop=0
[QUEUE_STATS] t_ms=20432 q_pkts=47 q_bytes=70688 qdelay_l_ms=1.07567 qdelay_c_ms=34.9843 ecn_mark=1297 drop=0
[QUEUE_STATS] t_ms=20449 q_pkts=38 q_bytes=57152 qdelay_l_ms=1.05162 qdelay_c_ms=29.1053 ecn_mark=1298 drop=0
[QUEUE_STATS] t_ms=20464 q_pkts=30 q_bytes=45120 qdelay_l_ms=1.07501 qdelay_c_ms=21.3411 ecn_mark=1298 drop=0
[QUEUE_STATS] t_ms=20480 q_pkts=23 q_bytes=34592 qdelay_l_ms=1.09623 qdelay_c_ms=16.8586 ecn_mark=1299 drop=0
[QUEUE_STATS] t_ms=20496 q_pkts=22 q_bytes=33088 qdelay_l_ms=1.06511 qdelay_c_ms=11.9996 ecn_mark=1301 drop=0
[QUEUE_STATS] t_ms=20513 q_pkts=24 q_bytes=36096 qdelay_l_ms=1.06671 qdelay_c_ms=11.0621 ecn_mark=1304 drop=0
[QUEUE_STATS] t_ms=20528 q_pkts=24 q_bytes=36096 qdelay_l_ms=1.08872 qdelay_c_ms=12.7267 ecn_mark=1304 drop=0
[QUEUE_STATS] t_ms=20544 q_pkts=24 q_bytes=36096 qdelay_l_ms=1.0666 qdelay_c_ms=13.0256 ecn_mark=1304 drop=0
[QUEUE_STATS] t_ms=20560 q_pkts=22 q_bytes=33088 qdelay_l_ms=1.0757 qdelay_c_ms=12.0872 ecn_mark=1304 drop=0
[QUEUE_STATS] t_ms=20576 q_pkts=22 q_bytes=33088 qdelay_l_ms=0 qdelay_c_ms=10.1238 ecn_mark=1304 drop=0
[QUEUE_STATS] t_ms=20592 q_pkts=26 q_bytes=39104 qdelay_l_ms=1.09028 qdelay_c_ms=15.0119 ecn_mark=1304 drop=0
[QUEUE_STATS] t_ms=20608 q_pkts=27 q_bytes=40608 qdelay_l_ms=1.04678 qdelay_c_ms=14.9871 ecn_mark=1306 drop=0
[QUEUE_STATS] t_ms=20624 q_pkts=25 q_bytes=37600 qdelay_l_ms=0.016551 qdelay_c_ms=11.9972 ecn_mark=1306 drop=0
[QUEUE_STATS] t_ms=20640 q_pkts=28 q_bytes=42112 qdelay_l_ms=1.084 qdelay_c_ms=16.1926 ecn_mark=1306 drop=0
[QUEUE_STATS] t_ms=20657 q_pkts=30 q_bytes=45120 qdelay_l_ms=1.09071 qdelay_c_ms=15.6611 ecn_mark=1306 drop=0
[QUEUE_STATS] t_ms=20672 q_pkts=27 q_bytes=40608 qdelay_l_ms=0.878778 qdelay_c_ms=13.8975 ecn_mark=1307 drop=0
[QUEUE_STATS] t_ms=20689 q_pkts=29 q_bytes=43616 qdelay_l_ms=1.07581 qdelay_c_ms=16.1536 ecn_mark=1309 drop=0
[QUEUE_STATS] t_ms=20704 q_pkts=31 q_bytes=46624 qdelay_l_ms=0.970851 qdelay_c_ms=15.0069 ecn_mark=1311 drop=0
[QUEUE_STATS] t_ms=20720 q_pkts=30 q_bytes=45120 qdelay_l_ms=1.09586 qdelay_c_ms=16.1299 ecn_mark=1311 drop=0
[QUEUE_STATS] t_ms=20736 q_pkts=32 q_bytes=48128 qdelay_l_ms=1.07197 qdelay_c_ms=17.7818 ecn_mark=1312 drop=0
[QUEUE_STATS] t_ms=20752 q_pkts=27 q_bytes=40608 qdelay_l_ms=0 qdelay_c_ms=12.8772 ecn_mark=1313 drop=0
[QUEUE_STATS] t_ms=20768 q_pkts=33 q_bytes=49632 qdelay_l_ms=1.09495 qdelay_c_ms=17.9791 ecn_mark=1315 drop=0
[QUEUE_STATS] t_ms=20784 q_pkts=33 q_bytes=49632 qdelay_l_ms=1.09632 qdelay_c_ms=17.7378 ecn_mark=1316 drop=0
[QUEUE_STATS] t_ms=20801 q_pkts=34 q_bytes=51136 qdelay_l_ms=1.05981 qdelay_c_ms=17.2174 ecn_mark=1316 drop=0
[QUEUE_STATS] t_ms=20817 q_pkts=34 q_bytes=51136 qdelay_l_ms=1.06605 qdelay_c_ms=19.9069 ecn_mark=1316 drop=0
[QUEUE_STATS] t_ms=20832 q_pkts=32 q_bytes=48128 qdelay_l_ms=0.022663 qdelay_c_ms=16.0571 ecn_mark=1316 drop=0
[QUEUE_STATS] t_ms=20848 q_pkts=33 q_bytes=49632 qdelay_l_ms=1.08074 qdelay_c_ms=19.1712 ecn_mark=1317 drop=0
[QUEUE_STATS] t_ms=20864 q_pkts=35 q_bytes=52640 qdelay_l_ms=1.05601 qdelay_c_ms=21.2102 ecn_mark=1318 drop=0
[QUEUE_STATS] t_ms=20880 q_pkts=33 q_bytes=49632 qdelay_l_ms=1.08357 qdelay_c_ms=16.0497 ecn_mark=1318 drop=0
[QUEUE_STATS] t_ms=20896 q_pkts=36 q_bytes=54144 qdelay_l_ms=1.07984 qdelay_c_ms=20.9284 ecn_mark=1318 drop=0
[QUEUE_STATS] t_ms=20912 q_pkts=35 q_bytes=52640 qdelay_l_ms=0 qdelay_c_ms=19.0051 ecn_mark=1320 drop=0
[QUEUE_STATS] t_ms=20929 q_pkts=35 q_bytes=52640 qdelay_l_ms=1.04709 qdelay_c_ms=20.1793 ecn_mark=1320 drop=0
[QUEUE_STATS] t_ms=20944 q_pkts=35 q_bytes=52640 qdelay_l_ms=1.09894 qdelay_c_ms=21.8401 ecn_mark=1320 drop=0
[QUEUE_STATS] t_ms=20960 q_pkts=26 q_bytes=39104 qdelay_l_ms=1.04431 qdelay_c_ms=18.0977 ecn_mark=1321 drop=0
[QUEUE_STATS] t_ms=20977 q_pkts=18 q_bytes=27072 qdelay_l_ms=1.07733 qdelay_c_ms=13.9881 ecn_mark=1322 drop=0
[QUEUE_STATS] t_ms=20993 q_pkts=10 q_bytes=15040 qdelay_l_ms=1.05372 qdelay_c_ms=5.19491 ecn_mark=1323 drop=0
[QUEUE_STATS] t_ms=21008 q_pkts=5 q_bytes=7520 qdelay_l_ms=1.09566 qdelay_c_ms=1.08889 ecn_mark=1324 drop=0
[QUEUE_STATS] t_ms=21025 q_pkts=5 q_bytes=7520 qdelay_l_ms=1.07717 qdelay_c_ms=1.85777 ecn_mark=1325 drop=0
[QUEUE_STATS] t_ms=21040 q_pkts=7 q_bytes=10528 qdelay_l_ms=1.07844 qdelay_c_ms=2.96835 ecn_mark=1325 drop=0
[QUEUE_STATS] t_ms=21056 q_pkts=1 q_bytes=1504 qdelay_l_ms=0 qdelay_c_ms=1.14562 ecn_mark=1325 drop=0
[QUEUE_STATS] t_ms=21073 q_pkts=6 q_bytes=9024 qdelay_l_ms=1.05397 qdelay_c_ms=2.77825 ecn_mark=1327 drop=0
[QUEUE_STATS] t_ms=21088 q_pkts=9 q_bytes=13536 qdelay_l_ms=1.0668 qdelay_c_ms=3.84068 ecn_mark=1327 drop=0
[QUEUE_STATS] t_ms=21104 q_pkts=8 q_bytes=12032 qdelay_l_ms=1.0346 qdelay_c_ms=5.18127 ecn_mark=1327 drop=0
[QUEUE_STATS] t_ms=21121 q_pkts=8 q_bytes=12032 qdelay_l_ms=1.0761 qdelay_c_ms=4.07337 ecn_mark=1327 drop=0
[QUEUE_STATS] t_ms=21136 q_pkts=3 q_bytes=4512 qdelay_l_ms=0 qdelay_c_ms=1.87732 ecn_mark=1328 drop=0
[QUEUE_STATS] t_ms=21152 q_pkts=8 q_bytes=12032 qdelay_l_ms=0.576081 qdelay_c_ms=4.87397 ecn_mark=1328 drop=0
[QUEUE_STATS] t_ms=21168 q_pkts=5 q_bytes=7520 qdelay_l_ms=0 qdelay_c_ms=1.96665 ecn_mark=1329 drop=0
[QUEUE_STATS] t_ms=21184 q_pkts=7 q_bytes=10528 qdelay_l_ms=1.07554 qdelay_c_ms=3.01192 ecn_mark=1330 drop=0
[QUEUE_STATS] t_ms=21200 q_pkts=4 q_bytes=6016 qdelay_l_ms=0 qdelay_c_ms=2.23788 ecn_mark=1330 drop=0
[QUEUE_STATS] t_ms=21216 q_pkts=10 q_bytes=15040 qdelay_l_ms=1.06844 qdelay_c_ms=4.04364 ecn_mark=1332 drop=0
[QUEUE_STATS] t_ms=21232 q_pkts=11 q_bytes=16544 qdelay_l_ms=1.08231 qdelay_c_ms=4.88476 ecn_mark=1332 drop=0
[QUEUE_STATS] t_ms=21248 q_pkts=10 q_bytes=15040 qdelay_l_ms=1.06707 qdelay_c_ms=5.93713 ecn_mark=1333 drop=0
[QUEUE_STATS] t_ms=21264 q_pkts=8 q_bytes=12032 qdelay_l_ms=0.031319 qdelay_c_ms=4.99641 ecn_mark=1333 drop=0
[QUEUE_STATS] t_ms=21280 q_pkts=11 q_bytes=16544 qdelay_l_ms=1.07319 qdelay_c_ms=5.39049 ecn_mark=1333 drop=0
[QUEUE_STATS] t_ms=21296 q_pkts=13 q_bytes=19552 qdelay_l_ms=1.09764 qdelay_c_ms=5.90911 ecn_mark=1335 drop=0
[QUEUE_STATS] t_ms=21312 q_pkts=9 q_bytes=13536 qdelay_l_ms=0 qdelay_c_ms=6.11884 ecn_mark=1335 drop=0
[QUEUE_STATS] t_ms=21328 q_pkts=12 q_bytes=18048 qdelay_l_ms=1.09594 qdelay_c_ms=5.75263 ecn_mark=1335 drop=0
[QUEUE_STATS] t_ms=21345 q_pkts=12 q_bytes=18048 qdelay_l_ms=1.08988 qdelay_c_ms=5.15647 ecn_mark=1336 drop=0
[QUEUE_STATS] t_ms=21360 q_pkts=11 q_bytes=16544 qdelay_l_ms=1.09594 qdelay_c_ms=7.15149 ecn_mark=1336 drop=0
[QUEUE_STATS] t_ms=21376 q_pkts=12 q_bytes=18048 qdelay_l_ms=1.09669 qdelay_c_ms=5.96548 ecn_mark=1336 drop=0
[QUEUE_STATS] t_ms=21392 q_pkts=13 q_bytes=19552 qdelay_l_ms=1.06734 qdelay_c_ms=7.01049 ecn_mark=1337 drop=0
[QUEUE_STATS] t_ms=21408 q_pkts=13 q_bytes=19552 qdelay_l_ms=1.06068 qdelay_c_ms=7.27446 ecn_mark=1337 drop=0
[QUEUE_STATS] t_ms=21424 q_pkts=15 q_bytes=22560 qdelay_l_ms=1.06722 qdelay_c_ms=8.15517 ecn_mark=1338 drop=0
[QUEUE_STATS] t_ms=21440 q_pkts=13 q_bytes=19552 qdelay_l_ms=1.09998 qdelay_c_ms=6.97303 ecn_mark=1338 drop=0
[QUEUE_STATS] t_ms=21456 q_pkts=14 q_bytes=21056 qdelay_l_ms=1.09735 qdelay_c_ms=6.80551 ecn_mark=1338 drop=0
[QUEUE_STATS] t_ms=21472 q_pkts=15 q_bytes=22560 qdelay_l_ms=1.09466 qdelay_c_ms=5.10309 ecn_mark=1338 drop=0
[QUEUE_STATS] t_ms=21488 q_pkts=15 q_bytes=22560 qdelay_l_ms=1.02719 qdelay_c_ms=9.0479 ecn_mark=1339 drop=0
[QUEUE_STATS] t_ms=21504 q_pkts=16 q_bytes=24064 qdelay_l_ms=1.07396 qdelay_c_ms=10.0597 ecn_mark=1341 drop=0
[QUEUE_STATS] t_ms=21520 q_pkts=15 q_bytes=22560 qdelay_l_ms=1.08932 qdelay_c_ms=9.04876 ecn_mark=1342 drop=0
[QUEUE_STATS] t_ms=21536 q_pkts=16 q_bytes=24064 qdelay_l_ms=1.0864 qdelay_c_ms=9.42769 ecn_mark=1344 drop=0
[QUEUE_STATS] t_ms=21552 q_pkts=17 q_bytes=25568 qdelay_l_ms=1.11407 qdelay_c_ms=8.90489 ecn_mark=1344 drop=0
[QUEUE_STATS] t_ms=21568 q_pkts=16 q_bytes=24064 qdelay_l_ms=1.10582 qdelay_c_ms=9.11133 ecn_mark=1346 drop=0
[QUEUE_STATS] t_ms=21584 q_pkts=16 q_bytes=24064 qdelay_l_ms=1.09744 qdelay_c_ms=9.24907 ecn_mark=1346 drop=0
[QUEUE_STATS] t_ms=21600 q_pkts=17 q_bytes=25568 qdelay_l_ms=1.10776 qdelay_c_ms=6.72563 ecn_mark=1347 drop=0
[QUEUE_STATS] t_ms=21616 q_pkts=17 q_bytes=25568 qdelay_l_ms=1.08695 qdelay_c_ms=8.31003 ecn_mark=1347 drop=0
[QUEUE_STATS] t_ms=21632 q_pkts=15 q_bytes=22560 qdelay_l_ms=0.038191 qdelay_c_ms=8.58 ecn_mark=1350 drop=0
[QUEUE_STATS] t_ms=21648 q_pkts=17 q_bytes=25568 qdelay_l_ms=1.08584 qdelay_c_ms=8.26873 ecn_mark=1350 drop=0
[QUEUE_STATS] t_ms=21664 q_pkts=19 q_bytes=28576 qdelay_l_ms=1.03943 qdelay_c_ms=9.03135 ecn_mark=1351 drop=0
[QUEUE_STATS] t_ms=21680 q_pkts=18 q_bytes=27072 qdelay_l_ms=1.05434 qdelay_c_ms=12.1412 ecn_mark=1351 drop=0
[QUEUE_STATS] t_ms=21697 q_pkts=19 q_bytes=28576 qdelay_l_ms=1.04017 qdelay_c_ms=11.8962 ecn_mark=1354 drop=0
[QUEUE_STATS] t_ms=21712 q_pkts=19 q_bytes=28576 qdelay_l_ms=1.08313 qdelay_c_ms=11.0556 ecn_mark=1357 drop=0
[QUEUE_STATS] t_ms=21728 q_pkts=20 q_bytes=30080 qdelay_l_ms=1.10751 qdelay_c_ms=9.06991 ecn_mark=1359 drop=0
[QUEUE_STATS] t_ms=21744 q_pkts=17 q_bytes=25568 qdelay_l_ms=1.08133 qdelay_c_ms=11.1661 ecn_mark=1362 drop=0
[QUEUE_STATS] t_ms=21760 q_pkts=17 q_bytes=25568 qdelay_l_ms=1.09346 qdelay_c_ms=11.0883 ecn_mark=1362 drop=0
[QUEUE_STATS] t_ms=21776 q_pkts=18 q_bytes=27072 qdelay_l_ms=1.08328 qdelay_c_ms=8.15521 ecn_mark=1363 drop=0
[QUEUE_STATS] t_ms=21793 q_pkts=19 q_bytes=28576 qdelay_l_ms=1.0751 qdelay_c_ms=11.1833 ecn_mark=1363 drop=0
[QUEUE_STATS] t_ms=21808 q_pkts=18 q_bytes=27072 qdelay_l_ms=1.08724 qdelay_c_ms=11.4096 ecn_mark=1365 drop=0
[QUEUE_STATS] t_ms=21824 q_pkts=22 q_bytes=33088 qdelay_l_ms=1.09624 qdelay_c_ms=10.984 ecn_mark=1366 drop=0
[QUEUE_STATS] t_ms=21840 q_pkts=20 q_bytes=30080 qdelay_l_ms=1.10389 qdelay_c_ms=12.8522 ecn_mark=1368 drop=0
[QUEUE_STATS] t_ms=21857 q_pkts=22 q_bytes=33088 qdelay_l_ms=1.10539 qdelay_c_ms=10.9789 ecn_mark=1368 drop=0
[QUEUE_STATS] t_ms=21872 q_pkts=19 q_bytes=28576 qdelay_l_ms=0.033753 qdelay_c_ms=10.0716 ecn_mark=1370 drop=0
[QUEUE_STATS] t_ms=21888 q_pkts=22 q_bytes=33088 qdelay_l_ms=1.09719 qdelay_c_ms=12.1279 ecn_mark=1371 drop=0
[QUEUE_STATS] t_ms=21904 q_pkts=20 q_bytes=30080 qdelay_l_ms=1.06593 qdelay_c_ms=9.76639 ecn_mark=1372 drop=0
[QUEUE_STATS] t_ms=21920 q_pkts=22 q_bytes=33088 qdelay_l_ms=1.09834 qdelay_c_ms=11.143 ecn_mark=1372 drop=0
[QUEUE_STATS] t_ms=21936 q_pkts=20 q_bytes=30080 qdelay_l_ms=1.09545 qdelay_c_ms=13.1469 ecn_mark=1374 drop=0
[QUEUE_STATS] t_ms=21952 q_pkts=22 q_bytes=33088 qdelay_l_ms=1.11048 qdelay_c_ms=11.0038 ecn_mark=1374 drop=0
[QUEUE_STATS] t_ms=21968 q_pkts=20 q_bytes=30080 qdelay_l_ms=0.033223 qdelay_c_ms=12.1873 ecn_mark=1374 drop=0
[QUEUE_STATS] t_ms=21984 q_pkts=20 q_bytes=30080 qdelay_l_ms=1.09787 qdelay_c_ms=13.6703 ecn_mark=1374 drop=0
[QUEUE_STATS] t_ms=22000 q_pkts=22 q_bytes=33088 qdelay_l_ms=1.07211 qdelay_c_ms=14.0668 ecn_mark=1375 drop=0
[QUEUE_STATS] t_ms=22016 q_pkts=23 q_bytes=34592 qdelay_l_ms=1.08411 qdelay_c_ms=14.1957 ecn_mark=1377 drop=0
[QUEUE_STATS] t_ms=22032 q_pkts=23 q_bytes=34592 qdelay_l_ms=1.06468 qdelay_c_ms=11.9728 ecn_mark=1378 drop=0
[QUEUE_STATS] t_ms=22048 q_pkts=22 q_bytes=33088 qdelay_l_ms=1.07995 qdelay_c_ms=12.0542 ecn_mark=1381 drop=0
[QUEUE_STATS] t_ms=22064 q_pkts=23 q_bytes=34592 qdelay_l_ms=1.06402 qdelay_c_ms=13.137 ecn_mark=1382 drop=0
[QUEUE_STATS] t_ms=22081 q_pkts=22 q_bytes=33088 qdelay_l_ms=1.08611 qdelay_c_ms=12.1058 ecn_mark=1384 drop=0
[QUEUE_STATS] t_ms=22096 q_pkts=24 q_bytes=36096 qdelay_l_ms=1.08843 qdelay_c_ms=14.0025 ecn_mark=1385 drop=0
[QUEUE_STATS] t_ms=22112 q_pkts=25 q_bytes=37600 qdelay_l_ms=1.07496 qdelay_c_ms=13.753 ecn_mark=1387 drop=0
[QUEUE_STATS] t_ms=22128 q_pkts=23 q_bytes=34592 qdelay_l_ms=1.07164 qdelay_c_ms=12.4347 ecn_mark=1388 drop=0
[QUEUE_STATS] t_ms=22144 q_pkts=24 q_bytes=36096 qdelay_l_ms=1.10379 qdelay_c_ms=14.9347 ecn_mark=1388 drop=0
[QUEUE_STATS] t_ms=22160 q_pkts=25 q_bytes=37600 qdelay_l_ms=1.0931 qdelay_c_ms=14.2073 ecn_mark=1388 drop=0
[QUEUE_STATS] t_ms=22176 q_pkts=21 q_bytes=31584 qdelay_l_ms=0.031119 qdelay_c_ms=14.1689 ecn_mark=1388 drop=0
[QUEUE_STATS] t_ms=22192 q_pkts=25 q_bytes=37600 qdelay_l_ms=1.06092 qdelay_c_ms=14.1724 ecn_mark=1388 drop=0
[QUEUE_STATS] t_ms=22208 q_pkts=25 q_bytes=37600 qdelay_l_ms=1.08255 qdelay_c_ms=13.0918 ecn_mark=1390 drop=0
[QUEUE_STATS] t_ms=22224 q_pkts=24 q_bytes=36096 qdelay_l_ms=1.0807 qdelay_c_ms=14.8647 ecn_mark=1390 drop=0
[QUEUE_STATS] t_ms=22240 q_pkts=24 q_bytes=36096 qdelay_l_ms=1.04869 qdelay_c_ms=14.0557 ecn_mark=1392 drop=0
[QUEUE_STATS] t_ms=22257 q_pkts=24 q_bytes=36096 qdelay_l_ms=1.08968 qdelay_c_ms=13.0735 ecn_mark=1393 drop=0
[QUEUE_STATS] t_ms=22272 q_pkts=25 q_bytes=37600 qdelay_l_ms=1.08411 qdelay_c_ms=16.9201 ecn_mark=1393 drop=0
[QUEUE_STATS] t_ms=22288 q_pkts=26 q_bytes=39104 qdelay_l_ms=1.07349 qdelay_c_ms=15.9421 ecn_mark=1393 drop=0
[QUEUE_STATS] t_ms=22304 q_pkts=25 q_bytes=37600 qdelay_l_ms=1.07525 qdelay_c_ms=14.1021 ecn_mark=1393 drop=0
[QUEUE_STATS] t_ms=22320 q_pkts=24 q_bytes=36096 qdelay_l_ms=0.018675 qdelay_c_ms=14.8857 ecn_mark=1395 drop=0
[QUEUE_STATS] t_ms=22336 q_pkts=26 q_bytes=39104 qdelay_l_ms=1.08399 qdelay_c_ms=14.0479 ecn_mark=1396 drop=0
[QUEUE_STATS] t_ms=22353 q_pkts=27 q_bytes=40608 qdelay_l_ms=1.10967 qdelay_c_ms=16.7916 ecn_mark=1397 drop=0
[QUEUE_STATS] t_ms=22368 q_pkts=26 q_bytes=39104 qdelay_l_ms=1.07294 qdelay_c_ms=16.195 ecn_mark=1397 drop=0
[QUEUE_STATS] t_ms=22385 q_pkts=26 q_bytes=39104 qdelay_l_ms=1.0863 qdelay_c_ms=14.1866 ecn_mark=1397 drop=0
[QUEUE_STATS] t_ms=22400 q_pkts=29 q_bytes=43616 qdelay_l_ms=1.06993 qdelay_c_ms=18.3572 ecn_mark=1398 drop=0
[QUEUE_STATS] t_ms=22416 q_pkts=27 q_bytes=40608 qdelay_l_ms=1.09428 qdelay_c_ms=17.728 ecn_mark=1398 drop=0
[QUEUE_STATS] t_ms=22432 q_pkts=28 q_bytes=42112 qdelay_l_ms=1.10383 qdelay_c_ms=16.3609 ecn_mark=1398 drop=0
[QUEUE_STATS] t_ms=22448 q_pkts=28 q_bytes=42112 qdelay_l_ms=1.07766 qdelay_c_ms=16.7398 ecn_mark=1398 drop=0
[QUEUE_STATS] t_ms=22464 q_pkts=28 q_bytes=42112 qdelay_l_ms=1.06862 qdelay_c_ms=16.1544 ecn_mark=1400 drop=0
[QUEUE_STATS] t_ms=22480 q_pkts=28 q_bytes=42112 qdelay_l_ms=1.03644 qdelay_c_ms=17.8475 ecn_mark=1401 drop=0
[QUEUE_STATS] t_ms=22496 q_pkts=23 q_bytes=34592 qdelay_l_ms=0 qdelay_c_ms=15.1237 ecn_mark=1403 drop=0
[QUEUE_STATS] t_ms=22512 q_pkts=29 q_bytes=43616 qdelay_l_ms=1.07092 qdelay_c_ms=18.4541 ecn_mark=1406 drop=0
[QUEUE_STATS] t_ms=22528 q_pkts=27 q_bytes=40608 qdelay_l_ms=0.030698 qdelay_c_ms=16.7717 ecn_mark=1406 drop=0
[QUEUE_STATS] t_ms=22544 q_pkts=29 q_bytes=43616 qdelay_l_ms=1.05075 qdelay_c_ms=17.2466 ecn_mark=1407 drop=0
[QUEUE_STATS] t_ms=22560 q_pkts=29 q_bytes=43616 qdelay_l_ms=1.07735 qdelay_c_ms=17.8427 ecn_mark=1407 drop=0
[QUEUE_STATS] t_ms=22576 q_pkts=29 q_bytes=43616 qdelay_l_ms=1.06772 qdelay_c_ms=18.9003 ecn_mark=1410 drop=0
[QUEUE_STATS] t_ms=22592 q_pkts=32 q_bytes=48128 qdelay_l_ms=0.880602 qdelay_c_ms=18.1916 ecn_mark=1411 drop=0
[QUEUE_STATS] t_ms=22608 q_pkts=30 q_bytes=45120 qdelay_l_ms=1.03415 qdelay_c_ms=18.9927 ecn_mark=1413 drop=0
[QUEUE_STATS] t_ms=22624 q_pkts=28 q_bytes=42112 qdelay_l_ms=1.06344 qdelay_c_ms=17.9047 ecn_mark=1413 drop=0
[QUEUE_STATS] t_ms=22640 q_pkts=22 q_bytes=33088 qdelay_l_ms=1.06767 qdelay_c_ms=18.8564 ecn_mark=1413 drop=0
[QUEUE_STATS] t_ms=22656 q_pkts=13 q_bytes=19552 qdelay_l_ms=0.014918 qdelay_c_ms=10.6576 ecn_mark=1416 drop=0
[QUEUE_STATS] t_ms=22672 q_pkts=8 q_bytes=12032 qdelay_l_ms=1.07282 qdelay_c_ms=7.09274 ecn_mark=1417 drop=0
[QUEUE_STATS] t_ms=22688 q_pkts=5 q_bytes=7520 qdelay_l_ms=1.09493 qdelay_c_ms=1.08781 ecn_mark=1419 drop=0
[QUEUE_STATS] t_ms=22705 q_pkts=5 q_bytes=7520 qdelay_l_ms=1.09461 qdelay_c_ms=2.13429 ecn_mark=1421 drop=0
[QUEUE_STATS] t_ms=22720 q_pkts=3 q_bytes=4512 qdelay_l_ms=0 qdelay_c_ms=3.19426 ecn_mark=1423 drop=0
[QUEUE_STATS] t_ms=22736 q_pkts=6 q_bytes=9024 qdelay_l_ms=1.08222 qdelay_c_ms=2.14884 ecn_mark=1424 drop=0
[QUEUE_STATS] t_ms=22752 q_pkts=7 q_bytes=10528 qdelay_l_ms=1.08801 qdelay_c_ms=3.15337 ecn_mark=1424 drop=0
[QUEUE_STATS] t_ms=22768 q_pkts=6 q_bytes=9024 qdelay_l_ms=1.07259 qdelay_c_ms=3.24095 ecn_mark=1424 drop=0
[QUEUE_STATS] t_ms=22784 q_pkts=8 q_bytes=12032 qdelay_l_ms=1.04947 qdelay_c_ms=2.99824 ecn_mark=1425 drop=0
[QUEUE_STATS] t_ms=22800 q_pkts=8 q_bytes=12032 qdelay_l_ms=1.05961 qdelay_c_ms=2.6319 ecn_mark=1426 drop=0
[QUEUE_STATS] t_ms=22816 q_pkts=4 q_bytes=6016 qdelay_l_ms=0.031038 qdelay_c_ms=2.12956 ecn_mark=1427 drop=0
[QUEUE_STATS] t_ms=22832 q_pkts=10 q_bytes=15040 qdelay_l_ms=1.02852 qdelay_c_ms=5.17551 ecn_mark=1427 drop=0
[QUEUE_STATS] t_ms=22848 q_pkts=7 q_bytes=10528 qdelay_l_ms=1.07933 qdelay_c_ms=3.88357 ecn_mark=1429 drop=0
[QUEUE_STATS] t_ms=22865 q_pkts=6 q_bytes=9024 qdelay_l_ms=1.04936 qdelay_c_ms=3.1311 ecn_mark=1433 drop=0
[QUEUE_STATS] t_ms=22880 q_pkts=10 q_bytes=15040 qdelay_l_ms=1.10838 qdelay_c_ms=5.37052 ecn_mark=1433 drop=0
[QUEUE_STATS] t_ms=22897 q_pkts=10 q_bytes=15040 qdelay_l_ms=1.06313 qdelay_c_ms=3.69113 ecn_mark=1433 drop=0
[QUEUE_STATS] t_ms=22912 q_pkts=8 q_bytes=12032 qdelay_l_ms=1.05674 qdelay_c_ms=4.90281 ecn_mark=1434 drop=0
[QUEUE_STATS] t_ms=22928 q_pkts=9 q_bytes=13536 qdelay_l_ms=1.0678 qdelay_c_ms=2.7034 ecn_mark=1435 drop=0
[QUEUE_STATS] t_ms=22944 q_pkts=10 q_bytes=15040 qdelay_l_ms=1.04934 qdelay_c_ms=5.26729 ecn_mark=1435 drop=0
[QUEUE_STATS] t_ms=22960 q_pkts=8 q_bytes=12032 qdelay_l_ms=1.05929 qdelay_c_ms=3.7053 ecn_mark=1436 drop=0
[QUEUE_STATS] t_ms=22976 q_pkts=10 q_bytes=15040 qdelay_l_ms=1.08603 qdelay_c_ms=3.88057 ecn_mark=1436 drop=0
[QUEUE_STATS] t_ms=22992 q_pkts=11 q_bytes=16544 qdelay_l_ms=1.04754 qdelay_c_ms=4.21225 ecn_mark=1437 drop=0
[QUEUE_STATS] t_ms=23009 q_pkts=9 q_bytes=13536 qdelay_l_ms=1.09171 qdelay_c_ms=3.89502 ecn_mark=1437 drop=0
[QUEUE_STATS] t_ms=23024 q_pkts=9 q_bytes=13536 qdelay_l_ms=1.08901 qdelay_c_ms=5.43245 ecn_mark=1438 drop=0
[QUEUE_STATS] t_ms=23040 q_pkts=10 q_bytes=15040 qdelay_l_ms=1.07279 qdelay_c_ms=3.87655 ecn_mark=1439 drop=0
[QUEUE_STATS] t_ms=23056 q_pkts=9 q_bytes=13536 qdelay_l_ms=1.05122 qdelay_c_ms=4.22422 ecn_mark=1439 drop=0
[QUEUE_STATS] t_ms=23072 q_pkts=10 q_bytes=15040 qdelay_l_ms=1.07209 qdelay_c_ms=4.91923 ecn_mark=1440 drop=0
[QUEUE_STATS] t_ms=23088 q_pkts=11 q_bytes=16544 qdelay_l_ms=1.05998 qdelay_c_ms=4.80689 ecn_mark=1441 drop=0
[QUEUE_STATS] t_ms=23104 q_pkts=10 q_bytes=15040 qdelay_l_ms=1.09567 qdelay_c_ms=5.96017 ecn_mark=1443 drop=0
[QUEUE_STATS] t_ms=23120 q_pkts=11 q_bytes=16544 qdelay_l_ms=1.07875 qdelay_c_ms=4.87251 ecn_mark=1445 drop=0
[QUEUE_STATS] t_ms=23136 q_pkts=12 q_bytes=18048 qdelay_l_ms=0.904006 qdelay_c_ms=6.81018 ecn_mark=1447 drop=0
[QUEUE_STATS] t_ms=23153 q_pkts=11 q_bytes=16544 qdelay_l_ms=1.06526 qdelay_c_ms=6.91321 ecn_mark=1448 drop=0
[QUEUE_STATS] t_ms=23168 q_pkts=12 q_bytes=18048 qdelay_l_ms=1.06052 qdelay_c_ms=4.92721 ecn_mark=1449 drop=0
[QUEUE_STATS] t_ms=23184 q_pkts=13 q_bytes=19552 qdelay_l_ms=1.07763 qdelay_c_ms=5.86168 ecn_mark=1449 drop=0
[QUEUE_STATS] t_ms=23200 q_pkts=13 q_bytes=19552 qdelay_l_ms=1.09655 qdelay_c_ms=7.07162 ecn_mark=1449 drop=0
[QUEUE_STATS] t_ms=23216 q_pkts=13 q_bytes=19552 qdelay_l_ms=1.0738 qdelay_c_ms=5.9964 ecn_mark=1449 drop=0
[QUEUE_STATS] t_ms=23232 q_pkts=11 q_bytes=16544 qdelay_l_ms=1.09744 qdelay_c_ms=6.97951 ecn_mark=1450 drop=0
[QUEUE_STATS] t_ms=23248 q_pkts=13 q_bytes=19552 qdelay_l_ms=1.07124 qdelay_c_ms=8.1812 ecn_mark=1451 drop=0
[QUEUE_STATS] t_ms=23264 q_pkts=12 q_bytes=18048 qdelay_l_ms=1.07218 qdelay_c_ms=7.04574 ecn_mark=1451 drop=0
[QUEUE_STATS] t_ms=23280 q_pkts=13 q_bytes=19552 qdelay_l_ms=1.07882 qdelay_c_ms=7.02655 ecn_mark=1451 drop=0
[QUEUE_STATS] t_ms=23296 q_pkts=13 q_bytes=19552 qdelay_l_ms=1.05209 qdelay_c_ms=8.05624 ecn_mark=1452 drop=0
[QUEUE_STATS] t_ms=23312 q_pkts=15 q_bytes=22560 qdelay_l_ms=1.05537 qdelay_c_ms=6.91425 ecn_mark=1453 drop=0
[QUEUE_STATS] t_ms=23328 q_pkts=14 q_bytes=21056 qdelay_l_ms=1.0955 qdelay_c_ms=9.09586 ecn_mark=1454 drop=0
[QUEUE_STATS] t_ms=23344 q_pkts=11 q_bytes=16544 qdelay_l_ms=0.015259 qdelay_c_ms=7.15892 ecn_mark=1455 drop=0
[QUEUE_STATS] t_ms=23360 q_pkts=14 q_bytes=21056 qdelay_l_ms=1.05111 qdelay_c_ms=7.90735 ecn_mark=1455 drop=0
[QUEUE_STATS] t_ms=23376 q_pkts=16 q_bytes=24064 qdelay_l_ms=1.07634 qdelay_c_ms=9.21093 ecn_mark=1456 drop=0
[QUEUE_STATS] t_ms=23392 q_pkts=15 q_bytes=22560 qdelay_l_ms=1.05222 qdelay_c_ms=9.12492 ecn_mark=1456 drop=0
[QUEUE_STATS] t_ms=23408 q_pkts=14 q_bytes=21056 qdelay_l_ms=1.05299 qdelay_c_ms=8.00795 ecn_mark=1456 drop=0
[QUEUE_STATS] t_ms=23424 q_pkts=14 q_bytes=21056 qdelay_l_ms=1.05289 qdelay_c_ms=9.11305 ecn_mark=1456 drop=0
[QUEUE_STATS] t_ms=23440 q_pkts=18 q_bytes=27072 qdelay_l_ms=1.03868 qdelay_c_ms=7.95429 ecn_mark=1456 drop=0
[QUEUE_STATS] t_ms=23456 q_pkts=17 q_bytes=25568 qdelay_l_ms=1.05409 qdelay_c_ms=11.06 ecn_mark=1458 drop=0
[QUEUE_STATS] t_ms=23473 q_pkts=17 q_bytes=25568 qdelay_l_ms=1.05226 qdelay_c_ms=11.8345 ecn_mark=1458 drop=0
[QUEUE_STATS] t_ms=23488 q_pkts=17 q_bytes=25568 qdelay_l_ms=1.07911 qdelay_c_ms=8.14141 ecn_mark=1460 drop=0
[QUEUE_STATS] t_ms=23504 q_pkts=18 q_bytes=27072 qdelay_l_ms=1.03209 qdelay_c_ms=12.1214 ecn_mark=1462 drop=0
[QUEUE_STATS] t_ms=23520 q_pkts=17 q_bytes=25568 qdelay_l_ms=1.1036 qdelay_c_ms=11.1575 ecn_mark=1463 drop=0
[QUEUE_STATS] t_ms=23536 q_pkts=17 q_bytes=25568 qdelay_l_ms=1.06151 qdelay_c_ms=9.80205 ecn_mark=1464 drop=0
[QUEUE_STATS] t_ms=23552 q_pkts=19 q_bytes=28576 qdelay_l_ms=1.08108 qdelay_c_ms=11.1631 ecn_mark=1464 drop=0
[QUEUE_STATS] t_ms=23569 q_pkts=20 q_bytes=30080 qdelay_l_ms=1.04747 qdelay_c_ms=12.2064 ecn_mark=1464 drop=0
[QUEUE_STATS] t_ms=23584 q_pkts=19 q_bytes=28576 qdelay_l_ms=1.10896 qdelay_c_ms=11.2116 ecn_mark=1466 drop=0
[QUEUE_STATS] t_ms=23600 q_pkts=18 q_bytes=27072 qdelay_l_ms=1.09088 qdelay_c_ms=12.4045 ecn_mark=1467 drop=0
[QUEUE_STATS] t_ms=23616 q_pkts=20 q_bytes=30080 qdelay_l_ms=1.05269 qdelay_c_ms=9.0638 ecn_mark=1467 drop=0
[QUEUE_STATS] t_ms=23632 q_pkts=19 q_bytes=28576 qdelay_l_ms=1.06522 qdelay_c_ms=11.8733 ecn_mark=1467 drop=0
[QUEUE_STATS] t_ms=23648 q_pkts=19 q_bytes=28576 qdelay_l_ms=1.04044 qdelay_c_ms=11.6882 ecn_mark=1467 drop=0
[QUEUE_STATS] t_ms=23665 q_pkts=20 q_bytes=30080 qdelay_l_ms=1.08953 qdelay_c_ms=10.0803 ecn_mark=1469 drop=0
[QUEUE_STATS] t_ms=23680 q_pkts=20 q_bytes=30080 qdelay_l_ms=1.0685 qdelay_c_ms=13.9536 ecn_mark=1470 drop=0
[QUEUE_STATS] t_ms=23696 q_pkts=20 q_bytes=30080 qdelay_l_ms=1.09014 qdelay_c_ms=13.1611 ecn_mark=1471 drop=0
[QUEUE_STATS] t_ms=23712 q_pkts=21 q_bytes=31584 qdelay_l_ms=1.07217 qdelay_c_ms=11.2155 ecn_mark=1471 drop=0
[QUEUE_STATS] t_ms=23728 q_pkts=21 q_bytes=31584 qdelay_l_ms=1.08362 qdelay_c_ms=13.9273 ecn_mark=1471 drop=0
[QUEUE_STATS] t_ms=23744 q_pkts=23 q_bytes=34592 qdelay_l_ms=1.07515 qdelay_c_ms=11.0987 ecn_mark=1473 drop=0
[QUEUE_STATS] t_ms=23761 q_pkts=21 q_bytes=31584 qdelay_l_ms=1.08394 qdelay_c_ms=14.7578 ecn_mark=1474 drop=0
[QUEUE_STATS] t_ms=23776 q_pkts=21 q_bytes=31584 qdelay_l_ms=1.07088 qdelay_c_ms=13.9637 ecn_mark=1475 drop=0
[QUEUE_STATS] t_ms=23792 q_pkts=22 q_bytes=33088 qdelay_l_ms=1.04885 qdelay_c_ms=10.9788 ecn_mark=1475 drop=0
[QUEUE_STATS] t_ms=23808 q_pkts=22 q_bytes=33088 qdelay_l_ms=1.0744 qdelay_c_ms=16.3443 ecn_mark=1475 drop=0
[QUEUE_STATS] t_ms=23824 q_pkts=24 q_bytes=36096 qdelay_l_ms=1.04045 qdelay_c_ms=15.0487 ecn_mark=1479 drop=0
[QUEUE_STATS] t_ms=23840 q_pkts=23 q_bytes=34592 qdelay_l_ms=1.04921 qdelay_c_ms=14.9622 ecn_mark=1479 drop=0
[QUEUE_STATS] t_ms=23856 q_pkts=24 q_bytes=36096 qdelay_l_ms=1.04218 qdelay_c_ms=16.2672 ecn_mark=1480 drop=0
[QUEUE_STATS] t_ms=23872 q_pkts=22 q_bytes=33088 qdelay_l_ms=1.0308 qdelay_c_ms=9.98225 ecn_mark=1480 drop=0
[QUEUE_STATS] t_ms=23888 q_pkts=23 q_bytes=34592 qdelay_l_ms=1.02554 qdelay_c_ms=14.9415 ecn_mark=1481 drop=0
[QUEUE_STATS] t_ms=23904 q_pkts=22 q_bytes=33088 qdelay_l_ms=1.01452 qdelay_c_ms=17.1325 ecn_mark=1482 drop=0
[QUEUE_STATS] t_ms=23920 q_pkts=26 q_bytes=39104 qdelay_l_ms=1.02715 qdelay_c_ms=11.0613 ecn_mark=1483 drop=0
[QUEUE_STATS] t_ms=23936 q_pkts=24 q_bytes=36096 qdelay_l_ms=1.09518 qdelay_c_ms=17.2367 ecn_mark=1484 drop=0
[QUEUE_STATS] t_ms=23952 q_pkts=25 q_bytes=37600 qdelay_l_ms=1.02713 qdelay_c_ms=16.6082 ecn_mark=1485 drop=0
[QUEUE_STATS] t_ms=23968 q_pkts=24 q_bytes=36096 qdelay_l_ms=1.03559 qdelay_c_ms=15.159 ecn_mark=1486 drop=0
[QUEUE_STATS] t_ms=23984 q_pkts=24 q_bytes=36096 qdelay_l_ms=1.04284 qdelay_c_ms=15.7933 ecn_mark=1486 drop=0
[QUEUE_STATS] t_ms=24000 q_pkts=25 q_bytes=37600 qdelay_l_ms=0.027562 qdelay_c_ms=14.0839 ecn_mark=1487 drop=0
[QUEUE_STATS] t_ms=24016 q_pkts=25 q_bytes=37600 qdelay_l_ms=1.04966 qdelay_c_ms=16.9526 ecn_mark=1489 drop=0
[QUEUE_STATS] t_ms=24032 q_pkts=26 q_bytes=39104 qdelay_l_ms=1.03243 qdelay_c_ms=16.0025 ecn_mark=1489 drop=0
[QUEUE_STATS] t_ms=24048 q_pkts=26 q_bytes=39104 qdelay_l_ms=1.0844 qdelay_c_ms=16.246 ecn_mark=1489 drop=0
[QUEUE_STATS] t_ms=24064 q_pkts=26 q_bytes=39104 qdelay_l_ms=1.07086 qdelay_c_ms=18.2941 ecn_mark=1489 drop=0
[QUEUE_STATS] t_ms=24080 q_pkts=26 q_bytes=39104 qdelay_l_ms=1.0227 qdelay_c_ms=16.8705 ecn_mark=1489 drop=0
[QUEUE_STATS] t_ms=24096 q_pkts=27 q_bytes=40608 qdelay_l_ms=1.03034 qdelay_c_ms=16.0738 ecn_mark=1490 drop=0
[QUEUE_STATS] t_ms=24112 q_pkts=28 q_bytes=42112 qdelay_l_ms=1.03976 qdelay_c_ms=18.0297 ecn_mark=1490 drop=0
[QUEUE_STATS] t_ms=24128 q_pkts=26 q_bytes=39104 qdelay_l_ms=0.97535 qdelay_c_ms=17.2184 ecn_mark=1490 drop=0
[QUEUE_STATS] t_ms=24144 q_pkts=28 q_bytes=42112 qdelay_l_ms=1.02114 qdelay_c_ms=17.8462 ecn_mark=1490 drop=0
[QUEUE_STATS] t_ms=24160 q_pkts=28 q_bytes=42112 qdelay_l_ms=1.01441 qdelay_c_ms=19.7759 ecn_mark=1490 drop=0
[QUEUE_STATS] t_ms=24176 q_pkts=29 q_bytes=43616 qdelay_l_ms=1.00529 qdelay_c_ms=15.7376 ecn_mark=1490 drop=0
[QUEUE_STATS] t_ms=24192 q_pkts=28 q_bytes=42112 qdelay_l_ms=1.02576 qdelay_c_ms=20.2101 ecn_mark=1490 drop=0
[QUEUE_STATS] t_ms=24208 q_pkts=30 q_bytes=45120 qdelay_l_ms=1.03755 qdelay_c_ms=20.8941 ecn_mark=1490 drop=0
[QUEUE_STATS] t_ms=24224 q_pkts=30 q_bytes=45120 qdelay_l_ms=1.00054 qdelay_c_ms=17.753 ecn_mark=1490 drop=0
[QUEUE_STATS] t_ms=24240 q_pkts=32 q_bytes=48128 qdelay_l_ms=1.06856 qdelay_c_ms=24.2659 ecn_mark=1490 drop=0
[QUEUE_STATS] t_ms=24256 q_pkts=30 q_bytes=45120 qdelay_l_ms=0.038903 qdelay_c_ms=19.1022 ecn_mark=1492 drop=0
[QUEUE_STATS] t_ms=24272 q_pkts=27 q_bytes=40608 qdelay_l_ms=0.034244 qdelay_c_ms=18.9974 ecn_mark=1494 drop=0
[QUEUE_STATS] t_ms=24288 q_pkts=31 q_bytes=46624 qdelay_l_ms=1.00929 qdelay_c_ms=23.9716 ecn_mark=1494 drop=0
[QUEUE_STATS] t_ms=24304 q_pkts=33 q_bytes=49632 qdelay_l_ms=0.99693 qdelay_c_ms=18.6249 ecn_mark=1495 drop=0
[QUEUE_STATS] t_ms=24320 q_pkts=31 q_bytes=46624 qdelay_l_ms=1.05144 qdelay_c_ms=22.9527 ecn_mark=1496 drop=0
[QUEUE_STATS] t_ms=24336 q_pkts=32 q_bytes=48128 qdelay_l_ms=1.00264 qdelay_c_ms=24.9762 ecn_mark=1496 drop=0
[QUEUE_STATS] t_ms=24352 q_pkts=34 q_bytes=51136 qdelay_l_ms=1.07266 qdelay_c_ms=18.0004 ecn_mark=1496 drop=0
[QUEUE_STATS] t_ms=24368 q_pkts=33 q_bytes=49632 qdelay_l_ms=0.998292 qdelay_c_ms=23.7288 ecn_mark=1498 drop=0
[QUEUE_STATS] t_ms=24384 q_pkts=34 q_bytes=51136 qdelay_l_ms=0.990448 qdelay_c_ms=21.7935 ecn_mark=1498 drop=0
[QUEUE_STATS] t_ms=24400 q_pkts=28 q_bytes=42112 qdelay_l_ms=0 qdelay_c_ms=21.0493 ecn_mark=1499 drop=0
[QUEUE_STATS] t_ms=24416 q_pkts=33 q_bytes=49632 qdelay_l_ms=0.817363 qdelay_c_ms=25.0616 ecn_mark=1501 drop=0
[QUEUE_STATS] t_ms=24433 q_pkts=35 q_bytes=52640 qdelay_l_ms=1.09668 qdelay_c_ms=23.1975 ecn_mark=1502 drop=0
[QUEUE_STATS] t_ms=24449 q_pkts=33 q_bytes=49632 qdelay_l_ms=1.08455 qdelay_c_ms=25.0703 ecn_mark=1502 drop=0
[QUEUE_STATS] t_ms=24464 q_pkts=35 q_bytes=52640 qdelay_l_ms=1.05239 qdelay_c_ms=26.4907 ecn_mark=1504 drop=0
[QUEUE_STATS] t_ms=24480 q_pkts=35 q_bytes=52640 qdelay_l_ms=1.08275 qdelay_c_ms=23.199 ecn_mark=1506 drop=0
[QUEUE_STATS] t_ms=24496 q_pkts=34 q_bytes=51136 qdelay_l_ms=1.07161 qdelay_c_ms=25.0824 ecn_mark=1507 drop=0
[QUEUE_STATS] t_ms=24512 q_pkts=35 q_bytes=52640 qdelay_l_ms=1.08163 qdelay_c_ms=24.1439 ecn_mark=1510 drop=0
[QUEUE_STATS] t_ms=24528 q_pkts=31 q_bytes=46624 qdelay_l_ms=0 qdelay_c_ms=23.3072 ecn_mark=1510 drop=0
[QUEUE_STATS] t_ms=24544 q_pkts=32 q_bytes=48128 qdelay_l_ms=0.031639 qdelay_c_ms=23.9399 ecn_mark=1511 drop=0
[QUEUE_STATS] t_ms=24560 q_pkts=35 q_bytes=52640 qdelay_l_ms=1.06544 qdelay_c_ms=23.4973 ecn_mark=1511 drop=0
[QUEUE_STATS] t_ms=24576 q_pkts=35 q_bytes=52640 qdelay_l_ms=0.999695 qdelay_c_ms=25.9559 ecn_mark=1512 drop=0
[QUEUE_STATS] t_ms=24592 q_pkts=36 q_bytes=54144 qdelay_l_ms=0 qdelay_c_ms=25.6639 ecn_mark=1513 drop=0
[QUEUE_STATS] t_ms=24608 q_pkts=33 q_bytes=49632 qdelay_l_ms=0.033773 qdelay_c_ms=24.0561 ecn_mark=1513 drop=0
[QUEUE_STATS] t_ms=24624 q_pkts=36 q_bytes=54144 qdelay_l_ms=1.09452 qdelay_c_ms=26.7557 ecn_mark=1514 drop=0
[QUEUE_STATS] t_ms=24640 q_pkts=34 q_bytes=51136 qdelay_l_ms=0.999835 qdelay_c_ms=21.5702 ecn_mark=1516 drop=0
[QUEUE_STATS] t_ms=24657 q_pkts=34 q_bytes=51136 qdelay_l_ms=1.07145 qdelay_c_ms=24.0332 ecn_mark=1518 drop=0
[QUEUE_STATS] t_ms=24672 q_pkts=34 q_bytes=51136 qdelay_l_ms=0.999896 qdelay_c_ms=26.8148 ecn_mark=1519 drop=0
[QUEUE_STATS] t_ms=24688 q_pkts=36 q_bytes=54144 qdelay_l_ms=0.967986 qdelay_c_ms=24.026 ecn_mark=1519 drop=0
[QUEUE_STATS] t_ms=24704 q_pkts=34 q_bytes=51136 qdelay_l_ms=0.989296 qdelay_c_ms=25.5699 ecn_mark=1520 drop=0
[QUEUE_STATS] t_ms=24720 q_pkts=36 q_bytes=54144 qdelay_l_ms=0.017383 qdelay_c_ms=24.2006 ecn_mark=1520 drop=0
[QUEUE_STATS] t_ms=24736 q_pkts=36 q_bytes=54144 qdelay_l_ms=1.08674 qdelay_c_ms=26.1553 ecn_mark=1521 drop=0
[QUEUE_STATS] t_ms=24752 q_pkts=34 q_bytes=51136 qdelay_l_ms=0.989155 qdelay_c_ms=27.176 ecn_mark=1522 drop=0
[QUEUE_STATS] t_ms=24768 q_pkts=36 q_bytes=54144 qdelay_l_ms=1.0716 qdelay_c_ms=24.3381 ecn_mark=1523 drop=0
[QUEUE_STATS] t_ms=24784 q_pkts=36 q_bytes=54144 qdelay_l_ms=1.07516 qdelay_c_ms=26.1231 ecn_mark=1523 drop=0
[QUEUE_STATS] t_ms=24800 q_pkts=36 q_bytes=54144 qdelay_l_ms=1.00014 qdelay_c_ms=25.8622 ecn_mark=1523 drop=0
[QUEUE_STATS] t_ms=24816 q_pkts=35 q_bytes=52640 qdelay_l_ms=1.09472 qdelay_c_ms=26.593 ecn_mark=1523 drop=0
[QUEUE_STATS] t_ms=24832 q_pkts=35 q_bytes=52640 qdelay_l_ms=1.07588 qdelay_c_ms=25.036 ecn_mark=1524 drop=0
[QUEUE_STATS] t_ms=24848 q_pkts=36 q_bytes=54144 qdelay_l_ms=0.99664 qdelay_c_ms=25.845 ecn_mark=1526 drop=0
[QUEUE_STATS] t_ms=24864 q_pkts=39 q_bytes=58656 qdelay_l_ms=1.05154 qdelay_c_ms=28.6856 ecn_mark=1526 drop=0
[QUEUE_STATS] t_ms=24880 q_pkts=37 q_bytes=55648 qdelay_l_ms=1.08444 qdelay_c_ms=26.9497 ecn_mark=1526 drop=0
[QUEUE_STATS] t_ms=24896 q_pkts=38 q_bytes=57152 qdelay_l_ms=1.08755 qdelay_c_ms=27.7551 ecn_mark=1527 drop=0
[QUEUE_STATS] t_ms=24912 q_pkts=37 q_bytes=55648 qdelay_l_ms=1.08812 qdelay_c_ms=28.1027 ecn_mark=1529 drop=0
[QUEUE_STATS] t_ms=24928 q_pkts=36 q_bytes=54144 qdelay_l_ms=1.09573 qdelay_c_ms=26.2071 ecn_mark=1529 drop=0
[QUEUE_STATS] t_ms=24944 q_pkts=37 q_bytes=55648 qdelay_l_ms=1.08787 qdelay_c_ms=27.9627 ecn_mark=1529 drop=0
[QUEUE_STATS] t_ms=24960 q_pkts=37 q_bytes=55648 qdelay_l_ms=0.982683 qdelay_c_ms=26.7771 ecn_mark=1530 drop=0
[QUEUE_STATS] t_ms=24976 q_pkts=37 q_bytes=55648 qdelay_l_ms=1.08937 qdelay_c_ms=26.9924 ecn_mark=1531 drop=0
[QUEUE_STATS] t_ms=24993 q_pkts=40 q_bytes=60160 qdelay_l_ms=1.0702 qdelay_c_ms=31.0033 ecn_mark=1531 drop=0
[QUEUE_STATS] t_ms=25008 q_pkts=36 q_bytes=54144 qdelay_l_ms=0.969568 qdelay_c_ms=26.8158 ecn_mark=1532 drop=0
[QUEUE_STATS] t_ms=25024 q_pkts=37 q_bytes=55648 qdelay_l_ms=1.07334 qdelay_c_ms=27.403 ecn_mark=1532 drop=0
[QUEUE_STATS] t_ms=25040 q_pkts=39 q_bytes=58656 qdelay_l_ms=1.10662 qdelay_c_ms=30.0518 ecn_mark=1532 drop=0
[QUEUE_STATS] t_ms=25056 q_pkts=38 q_bytes=57152 qdelay_l_ms=0.033112 qdelay_c_ms=27.0546 ecn_mark=1532 drop=0
[QUEUE_STATS] t_ms=25072 q_pkts=38 q_bytes=57152 qdelay_l_ms=1.07809 qdelay_c_ms=27.7987 ecn_mark=1533 drop=0
[QUEUE_STATS] t_ms=25088 q_pkts=41 q_bytes=61664 qdelay_l_ms=1.06312 qdelay_c_ms=32.0504 ecn_mark=1534 drop=0
[QUEUE_STATS] t_ms=25104 q_pkts=37 q_bytes=55648 qdelay_l_ms=0.987703 qdelay_c_ms=25.8857 ecn_mark=1535 drop=0
[QUEUE_STATS] t_ms=25120 q_pkts=39 q_bytes=58656 qdelay_l_ms=1.86139 qdelay_c_ms=29.8033 ecn_mark=1536 drop=0
[QUEUE_STATS] t_ms=25136 q_pkts=38 q_bytes=57152 qdelay_l_ms=0.039494 qdelay_c_ms=30.161 ecn_mark=1536 drop=0
[QUEUE_STATS] t_ms=25152 q_pkts=33 q_bytes=49632 qdelay_l_ms=0 qdelay_c_ms=24.6673 ecn_mark=1536 drop=0
[QUEUE_STATS] t_ms=25168 q_pkts=38 q_bytes=57152 qdelay_l_ms=1.04493 qdelay_c_ms=30.115 ecn_mark=1537 drop=0
[QUEUE_STATS] t_ms=25184 q_pkts=40 q_bytes=60160 qdelay_l_ms=0.971222 qdelay_c_ms=28.9692 ecn_mark=1537 drop=0
[QUEUE_STATS] t_ms=25200 q_pkts=38 q_bytes=57152 qdelay_l_ms=1.08363 qdelay_c_ms=28.0248 ecn_mark=1539 drop=0
[QUEUE_STATS] t_ms=25216 q_pkts=38 q_bytes=57152 qdelay_l_ms=0.965331 qdelay_c_ms=31.0201 ecn_mark=1542 drop=0
[QUEUE_STATS] t_ms=25232 q_pkts=41 q_bytes=61664 qdelay_l_ms=0.816452 qdelay_c_ms=30.9378 ecn_mark=1542 drop=0
[QUEUE_STATS] t_ms=25248 q_pkts=40 q_bytes=60160 qdelay_l_ms=1.07149 qdelay_c_ms=29.5034 ecn_mark=1543 drop=0
[QUEUE_STATS] t_ms=25264 q_pkts=38 q_bytes=57152 qdelay_l_ms=0.036859 qdelay_c_ms=31.9356 ecn_mark=1545 drop=0
[QUEUE_STATS] t_ms=25280 q_pkts=38 q_bytes=57152 qdelay_l_ms=0.967485 qdelay_c_ms=24.7153 ecn_mark=1545 drop=0
[QUEUE_STATS] t_ms=25296 q_pkts=34 q_bytes=51136 qdelay_l_ms=0 qdelay_c_ms=28.2976 ecn_mark=1548 drop=0
[QUEUE_STATS] t_ms=25312 q_pkts=38 q_bytes=57152 qdelay_l_ms=0.91145 qdelay_c_ms=32.9822 ecn_mark=1548 drop=0
[QUEUE_STATS] t_ms=25328 q_pkts=39 q_bytes=58656 qdelay_l_ms=1.06957 qdelay_c_ms=25.8802 ecn_mark=1550 drop=0
[QUEUE_STATS] t_ms=25344 q_pkts=38 q_bytes=57152 qdelay_l_ms=1.06651 qdelay_c_ms=29.2492 ecn_mark=1551 drop=0
[QUEUE_STATS] t_ms=25360 q_pkts=37 q_bytes=55648 qdelay_l_ms=0.015659 qdelay_c_ms=30.0043 ecn_mark=1552 drop=0
[QUEUE_STATS] t_ms=25376 q_pkts=39 q_bytes=58656 qdelay_l_ms=1.07314 qdelay_c_ms=27.1033 ecn_mark=1554 drop=0
[QUEUE_STATS] t_ms=25392 q_pkts=39 q_bytes=58656 qdelay_l_ms=1.08151 qdelay_c_ms=31.0301 ecn_mark=1555 drop=0
[QUEUE_STATS] t_ms=25408 q_pkts=41 q_bytes=61664 qdelay_l_ms=0.988384 qdelay_c_ms=26.8877 ecn_mark=1557 drop=0
[QUEUE_STATS] t_ms=25424 q_pkts=40 q_bytes=60160 qdelay_l_ms=0.965491 qdelay_c_ms=28.9708 ecn_mark=1558 drop=0
[QUEUE_STATS] t_ms=25440 q_pkts=40 q_bytes=60160 qdelay_l_ms=0.949462 qdelay_c_ms=33.5269 ecn_mark=1559 drop=0
[QUEUE_STATS] t_ms=25456 q_pkts=38 q_bytes=57152 qdelay_l_ms=0.960722 qdelay_c_ms=27.7607 ecn_mark=1559 drop=0
[QUEUE_STATS] t_ms=25473 q_pkts=39 q_bytes=58656 qdelay_l_ms=1.08227 qdelay_c_ms=28.2747 ecn_mark=1559 drop=0
[QUEUE_STATS] t_ms=25488 q_pkts=38 q_bytes=57152 qdelay_l_ms=0.031539 qdelay_c_ms=31.0859 ecn_mark=1559 drop=0
[QUEUE_STATS] t_ms=25504 q_pkts=39 q_bytes=58656 qdelay_l_ms=1.08472 qdelay_c_ms=28.0597 ecn_mark=1561 drop=0
[QUEUE_STATS] t_ms=25520 q_pkts=39 q_bytes=58656 qdelay_l_ms=0.482254 qdelay_c_ms=30.958 ecn_mark=1562 drop=0
[QUEUE_STATS] t_ms=25537 q_pkts=43 q_bytes=64672 qdelay_l_ms=1.09084 qdelay_c_ms=34.1553 ecn_mark=1563 drop=0
[QUEUE_STATS] t_ms=25552 q_pkts=38 q_bytes=57152 qdelay_l_ms=0.981612 qdelay_c_ms=26.9989 ecn_mark=1565 drop=0
[QUEUE_STATS] t_ms=25568 q_pkts=39 q_bytes=58656 qdelay_l_ms=1.09839 qdelay_c_ms=32.2216 ecn_mark=1567 drop=0
[QUEUE_STATS] t_ms=25584 q_pkts=42 q_bytes=63168 qdelay_l_ms=0.981151 qdelay_c_ms=28.888 ecn_mark=1567 drop=0
[QUEUE_STATS] t_ms=25600 q_pkts=39 q_bytes=58656 qdelay_l_ms=0.987162 qdelay_c_ms=26.7386 ecn_mark=1567 drop=0
[QUEUE_STATS] t_ms=25616 q_pkts=40 q_bytes=60160 qdelay_l_ms=0.967465 qdelay_c_ms=33.8691 ecn_mark=1569 drop=0
[QUEUE_STATS] t_ms=25632 q_pkts=38 q_bytes=57152 qdelay_l_ms=0.022031 qdelay_c_ms=28.8926 ecn_mark=1570 drop=0
[QUEUE_STATS] t_ms=25648 q_pkts=40 q_bytes=60160 qdelay_l_ms=1.07188 qdelay_c_ms=27.1673 ecn_mark=1572 drop=0
[QUEUE_STATS] t_ms=25664 q_pkts=40 q_bytes=60160 qdelay_l_ms=0.964009 qdelay_c_ms=32.9031 ecn_mark=1574 drop=0
[QUEUE_STATS] t_ms=25680 q_pkts=40 q_bytes=60160 qdelay_l_ms=1.04364 qdelay_c_ms=29.1954 ecn_mark=1574 drop=0
[QUEUE_STATS] t_ms=25696 q_pkts=37 q_bytes=55648 qdelay_l_ms=0 qdelay_c_ms=31.1577 ecn_mark=1574 drop=0
[QUEUE_STATS] t_ms=25712 q_pkts=40 q_bytes=60160 qdelay_l_ms=1.08663 qdelay_c_ms=29.021 ecn_mark=1574 drop=0
[QUEUE_STATS] t_ms=25728 q_pkts=34 q_bytes=51136 qdelay_l_ms=0 qdelay_c_ms=28.1571 ecn_mark=1575 drop=0
[QUEUE_STATS] t_ms=25744 q_pkts=40 q_bytes=60160 qdelay_l_ms=0.966934 qdelay_c_ms=34.0714 ecn_mark=1575 drop=0
[QUEUE_STATS] t_ms=25760 q_pkts=36 q_bytes=54144 qdelay_l_ms=0.017002 qdelay_c_ms=25.7718 ecn_mark=1575 drop=0
[QUEUE_STATS] t_ms=25777 q_pkts=40 q_bytes=60160 qdelay_l_ms=1.08751 qdelay_c_ms=28.0889 ecn_mark=1576 drop=0
[QUEUE_STATS] t_ms=25792 q_pkts=36 q_bytes=54144 qdelay_l_ms=0 qdelay_c_ms=33.0673 ecn_mark=1577 drop=0
[QUEUE_STATS] t_ms=25808 q_pkts=41 q_bytes=61664 qdelay_l_ms=0.9751 qdelay_c_ms=29.5601 ecn_mark=1579 drop=0
[QUEUE_STATS] t_ms=25824 q_pkts=40 q_bytes=60160 qdelay_l_ms=0.812193 qdelay_c_ms=31.0189 ecn_mark=1581 drop=0
[QUEUE_STATS] t_ms=25840 q_pkts=43 q_bytes=64672 qdelay_l_ms=2.11206 qdelay_c_ms=33.904 ecn_mark=1582 drop=0
[QUEUE_STATS] t_ms=25857 q_pkts=40 q_bytes=60160 qdelay_l_ms=1.08178 qdelay_c_ms=30.0897 ecn_mark=1582 drop=0
[QUEUE_STATS] t_ms=25872 q_pkts=36 q_bytes=54144 qdelay_l_ms=0 qdelay_c_ms=30.7757 ecn_mark=1582 drop=0
[QUEUE_STATS] t_ms=25888 q_pkts=42 q_bytes=63168 qdelay_l_ms=1.02263 qdelay_c_ms=30.9812 ecn_mark=1583 drop=0
[QUEUE_STATS] t_ms=25904 q_pkts=44 q_bytes=66176 qdelay_l_ms=1.08426 qdelay_c_ms=32.0294 ecn_mark=1583 drop=0
[QUEUE_STATS] t_ms=25920 q_pkts=41 q_bytes=61664 qdelay_l_ms=1.08588 qdelay_c_ms=34.403 ecn_mark=1583 drop=0
[QUEUE_STATS] t_ms=25936 q_pkts=42 q_bytes=63168 qdelay_l_ms=0.974277 qdelay_c_ms=32.6708 ecn_mark=1584 drop=0
[QUEUE_STATS] t_ms=25953 q_pkts=43 q_bytes=64672 qdelay_l_ms=1.07035 qdelay_c_ms=32.1778 ecn_mark=1586 drop=0
[QUEUE_STATS] t_ms=25969 q_pkts=45 q_bytes=67680 qdelay_l_ms=1.08354 qdelay_c_ms=36.0287 ecn_mark=1588 drop=0
[QUEUE_STATS] t_ms=25984 q_pkts=42 q_bytes=63168 qdelay_l_ms=0.977042 qdelay_c_ms=31.7942 ecn_mark=1589 drop=0
[QUEUE_STATS] t_ms=26000 q_pkts=42 q_bytes=63168 qdelay_l_ms=2.16759 qdelay_c_ms=32.2966 ecn_mark=1590 drop=0
[QUEUE_STATS] t_ms=26016 q_pkts=45 q_bytes=67680 qdelay_l_ms=1.92188 qdelay_c_ms=34.9006 ecn_mark=1591 drop=0
[QUEUE_STATS] t_ms=26032 q_pkts=42 q_bytes=63168 qdelay_l_ms=0.979057 qdelay_c_ms=28.8338 ecn_mark=1593 drop=0
[QUEUE_STATS] t_ms=26048 q_pkts=44 q_bytes=66176 qdelay_l_ms=0.94375 qdelay_c_ms=33.0405 ecn_mark=1593 drop=0
[QUEUE_STATS] t_ms=26064 q_pkts=41 q_bytes=61664 qdelay_l_ms=0.013856 qdelay_c_ms=31.1562 ecn_mark=1593 drop=0
[QUEUE_STATS] t_ms=26080 q_pkts=42 q_bytes=63168 qdelay_l_ms=1.08648 qdelay_c_ms=29.0631 ecn_mark=1596 drop=0
[QUEUE_STATS] t_ms=26096 q_pkts=44 q_bytes=66176 qdelay_l_ms=1.0674 qdelay_c_ms=36.3233 ecn_mark=1597 drop=0
[QUEUE_STATS] t_ms=26112 q_pkts=44 q_bytes=66176 qdelay_l_ms=0.974288 qdelay_c_ms=33.9449 ecn_mark=1598 drop=0
[QUEUE_STATS] t_ms=26128 q_pkts=43 q_bytes=64672 qdelay_l_ms=1.06852 qdelay_c_ms=31.0008 ecn_mark=1598 drop=0
[QUEUE_STATS] t_ms=26144 q_pkts=43 q_bytes=64672 qdelay_l_ms=1.06886 qdelay_c_ms=37.1366 ecn_mark=1599 drop=0
[QUEUE_STATS] t_ms=26160 q_pkts=41 q_bytes=61664 qdelay_l_ms=0.016171 qdelay_c_ms=31.6794 ecn_mark=1599 drop=0
[QUEUE_STATS] t_ms=26176 q_pkts=39 q_bytes=58656 qdelay_l_ms=0 qdelay_c_ms=30.7393 ecn_mark=1599 drop=0
[QUEUE_STATS] t_ms=26192 q_pkts=40 q_bytes=60160 qdelay_l_ms=0.01057 qdelay_c_ms=30.8666 ecn_mark=1599 drop=0
[QUEUE_STATS] t_ms=26208 q_pkts=45 q_bytes=67680 qdelay_l_ms=1.10598 qdelay_c_ms=35.5901 ecn_mark=1599 drop=0
[QUEUE_STATS] t_ms=26224 q_pkts=45 q_bytes=67680 qdelay_l_ms=0.96482 qdelay_c_ms=35.1028 ecn_mark=1601 drop=0
[QUEUE_STATS] t_ms=26240 q_pkts=44 q_bytes=66176 qdelay_l_ms=1.10021 qdelay_c_ms=31.9301 ecn_mark=1603 drop=0
[QUEUE_STATS] t_ms=26256 q_pkts=44 q_bytes=66176 qdelay_l_ms=1.07212 qdelay_c_ms=36.1308 ecn_mark=1603 drop=0
[QUEUE_STATS] t_ms=26273 q_pkts=44 q_bytes=66176 qdelay_l_ms=1.08833 qdelay_c_ms=37.9504 ecn_mark=1603 drop=0
[QUEUE_STATS] t_ms=26288 q_pkts=45 q_bytes=67680 qdelay_l_ms=0.958508 qdelay_c_ms=31.9516 ecn_mark=1604 drop=0
[QUEUE_STATS] t_ms=26304 q_pkts=45 q_bytes=67680 qdelay_l_ms=1.08348 qdelay_c_ms=35.4234 ecn_mark=1607 drop=0
[QUEUE_STATS] t_ms=26320 q_pkts=47 q_bytes=70688 qdelay_l_ms=0.975691 qdelay_c_ms=37.9216 ecn_mark=1608 drop=0
[QUEUE_STATS] t_ms=26336 q_pkts=42 q_bytes=63168 qdelay_l_ms=0.015048 qdelay_c_ms=30.6128 ecn_mark=1609 drop=0
[QUEUE_STATS] t_ms=26352 q_pkts=45 q_bytes=67680 qdelay_l_ms=1.08361 qdelay_c_ms=35.8856 ecn_mark=1610 drop=0
[QUEUE_STATS] t_ms=26369 q_pkts=48 q_bytes=72192 qdelay_l_ms=1.07129 qdelay_c_ms=36.1247 ecn_mark=1610 drop=0
[QUEUE_STATS] t_ms=26384 q_pkts=45 q_bytes=67680 qdelay_l_ms=0.979237 qdelay_c_ms=30.9105 ecn_mark=1610 drop=0
[QUEUE_STATS] t_ms=26400 q_pkts=44 q_bytes=66176 qdelay_l_ms=0.98102 qdelay_c_ms=36.0664 ecn_mark=1613 drop=0
[QUEUE_STATS] t_ms=26416 q_pkts=45 q_bytes=67680 qdelay_l_ms=0.977624 qdelay_c_ms=33.8986 ecn_mark=1615 drop=0
[QUEUE_STATS] t_ms=26432 q_pkts=46 q_bytes=69184 qdelay_l_ms=1.08185 qdelay_c_ms=32.0226 ecn_mark=1616 drop=0
[QUEUE_STATS] t_ms=26448 q_pkts=46 q_bytes=69184 qdelay_l_ms=0.971753 qdelay_c_ms=39.7473 ecn_mark=1617 drop=0
[QUEUE_STATS] t_ms=26464 q_pkts=48 q_bytes=72192 qdelay_l_ms=0.968356 qdelay_c_ms=34.04 ecn_mark=1617 drop=0
[QUEUE_STATS] t_ms=26480 q_pkts=48 q_bytes=72192 qdelay_l_ms=1.06332 qdelay_c_ms=33.088 ecn_mark=1619 drop=0
[QUEUE_STATS] t_ms=26496 q_pkts=46 q_bytes=69184 qdelay_l_ms=0.967845 qdelay_c_ms=39.474 ecn_mark=1620 drop=0
[QUEUE_STATS] t_ms=26512 q_pkts=42 q_bytes=63168 qdelay_l_ms=0 qdelay_c_ms=35.4635 ecn_mark=1621 drop=0
[QUEUE_STATS] t_ms=26528 q_pkts=47 q_bytes=70688 qdelay_l_ms=0.977975 qdelay_c_ms=37.9867 ecn_mark=1622 drop=0
[QUEUE_STATS] t_ms=26544 q_pkts=48 q_bytes=72192 qdelay_l_ms=1.09519 qdelay_c_ms=38.9012 ecn_mark=1623 drop=0
[QUEUE_STATS] t_ms=26560 q_pkts=46 q_bytes=69184 qdelay_l_ms=0.957026 qdelay_c_ms=35.4138 ecn_mark=1623 drop=0
[QUEUE_STATS] t_ms=26576 q_pkts=42 q_bytes=63168 qdelay_l_ms=0.02705 qdelay_c_ms=37.004 ecn_mark=1624 drop=0
[QUEUE_STATS] t_ms=26592 q_pkts=43 q_bytes=64672 qdelay_l_ms=0 qdelay_c_ms=35.2737 ecn_mark=1624 drop=0
[QUEUE_STATS] t_ms=26608 q_pkts=49 q_bytes=73696 qdelay_l_ms=1.08132 qdelay_c_ms=35.2065 ecn_mark=1624 drop=0
[QUEUE_STATS] t_ms=26624 q_pkts=47 q_bytes=70688 qdelay_l_ms=0.034014 qdelay_c_ms=37.9222 ecn_mark=1627 drop=0
[QUEUE_STATS] t_ms=26640 q_pkts=49 q_bytes=73696 qdelay_l_ms=1.09642 qdelay_c_ms=36.0758 ecn_mark=1627 drop=0
[QUEUE_STATS] t_ms=26656 q_pkts=49 q_bytes=73696 qdelay_l_ms=2.13344 qdelay_c_ms=38.3336 ecn_mark=1629 drop=0
[QUEUE_STATS] t_ms=26672 q_pkts=50 q_bytes=75200 qdelay_l_ms=0.765836 qdelay_c_ms=42.9477 ecn_mark=1629 drop=0
[QUEUE_STATS] t_ms=26688 q_pkts=49 q_bytes=73696 qdelay_l_ms=0.97001 qdelay_c_ms=38.9906 ecn_mark=1629 drop=0
[QUEUE_STATS] t_ms=26704 q_pkts=48 q_bytes=72192 qdelay_l_ms=1.0936 qdelay_c_ms=39.9182 ecn_mark=1629 drop=0
[QUEUE_STATS] t_ms=26720 q_pkts=48 q_bytes=72192 qdelay_l_ms=0.965261 qdelay_c_ms=36.8691 ecn_mark=1630 drop=0
[QUEUE_STATS] t_ms=26736 q_pkts=50 q_bytes=75200 qdelay_l_ms=1.07109 qdelay_c_ms=40.0508 ecn_mark=1630 drop=0
[QUEUE_STATS] t_ms=26752 q_pkts=50 q_bytes=75200 qdelay_l_ms=0.966383 qdelay_c_ms=39.9479 ecn_mark=1632 drop=0
[QUEUE_STATS] t_ms=26768 q_pkts=50 q_bytes=75200 qdelay_l_ms=0.947427 qdelay_c_ms=36.0558 ecn_mark=1634 drop=0
[QUEUE_STATS] t_ms=26784 q_pkts=50 q_bytes=75200 qdelay_l_ms=1.0766 qdelay_c_ms=40.1594 ecn_mark=1634 drop=0
[QUEUE_STATS] t_ms=26800 q_pkts=52 q_bytes=78208 qdelay_l_ms=1.0798 qdelay_c_ms=43.3428 ecn_mark=1634 drop=0
[QUEUE_STATS] t_ms=26816 q_pkts=52 q_bytes=78208 qdelay_l_ms=0.935956 qdelay_c_ms=37.9007 ecn_mark=1635 drop=0
[QUEUE_STATS] t_ms=26833 q_pkts=49 q_bytes=73696 qdelay_l_ms=1.082 qdelay_c_ms=39.1746 ecn_mark=1636 drop=0
[QUEUE_STATS] t_ms=26848 q_pkts=52 q_bytes=78208 qdelay_l_ms=1.09676 qdelay_c_ms=42.3224 ecn_mark=1638 drop=0
[QUEUE_STATS] t_ms=26864 q_pkts=51 q_bytes=76704 qdelay_l_ms=0.948048 qdelay_c_ms=38.6746 ecn_mark=1639 drop=0
[QUEUE_STATS] t_ms=26880 q_pkts=49 q_bytes=73696 qdelay_l_ms=1.07395 qdelay_c_ms=39.1479 ecn_mark=1640 drop=0
[QUEUE_STATS] t_ms=26896 q_pkts=51 q_bytes=76704 qdelay_l_ms=1.08472 qdelay_c_ms=42.4472 ecn_mark=1642 drop=0
[QUEUE_STATS] t_ms=26912 q_pkts=49 q_bytes=73696 qdelay_l_ms=0.961073 qdelay_c_ms=38.0075 ecn_mark=1644 drop=0
[QUEUE_STATS] t_ms=26928 q_pkts=49 q_bytes=73696 qdelay_l_ms=1.06818 qdelay_c_ms=41.0233 ecn_mark=1645 drop=0
[QUEUE_STATS] t_ms=26944 q_pkts=52 q_bytes=78208 qdelay_l_ms=1.07184 qdelay_c_ms=40.3238 ecn_mark=1646 drop=0
[QUEUE_STATS] t_ms=26960 q_pkts=52 q_bytes=78208 qdelay_l_ms=1.07556 qdelay_c_ms=38.9046 ecn_mark=1647 drop=0
[QUEUE_STATS] t_ms=26976 q_pkts=52 q_bytes=78208 qdelay_l_ms=1.09073 qdelay_c_ms=41.8549 ecn_mark=1647 drop=0
[QUEUE_STATS] t_ms=26992 q_pkts=52 q_bytes=78208 qdelay_l_ms=1.02855 qdelay_c_ms=40.1973 ecn_mark=1647 drop=0
[QUEUE_STATS] t_ms=27008 q_pkts=53 q_bytes=79712 qdelay_l_ms=1.0871 qdelay_c_ms=41.136 ecn_mark=1648 drop=0
[QUEUE_STATS] t_ms=27024 q_pkts=51 q_bytes=76704 qdelay_l_ms=0.966634 qdelay_c_ms=41.7798 ecn_mark=1648 drop=0
[QUEUE_STATS] t_ms=27040 q_pkts=52 q_bytes=78208 qdelay_l_ms=1.9913 qdelay_c_ms=39.1026 ecn_mark=1648 drop=0
[QUEUE_STATS] t_ms=27056 q_pkts=53 q_bytes=79712 qdelay_l_ms=0.960331 qdelay_c_ms=39.0112 ecn_mark=1649 drop=0
[QUEUE_STATS] t_ms=27073 q_pkts=54 q_bytes=81216 qdelay_l_ms=1.0877 qdelay_c_ms=42.7221 ecn_mark=1649 drop=0
[QUEUE_STATS] t_ms=27088 q_pkts=52 q_bytes=78208 qdelay_l_ms=1.08037 qdelay_c_ms=40.4149 ecn_mark=1650 drop=0
[QUEUE_STATS] t_ms=27104 q_pkts=53 q_bytes=79712 qdelay_l_ms=0.927731 qdelay_c_ms=42.9525 ecn_mark=1650 drop=0
[QUEUE_STATS] t_ms=27120 q_pkts=52 q_bytes=78208 qdelay_l_ms=1.07736 qdelay_c_ms=41.8133 ecn_mark=1651 drop=0
[QUEUE_STATS] t_ms=27137 q_pkts=51 q_bytes=76704 qdelay_l_ms=1.07753 qdelay_c_ms=39.9309 ecn_mark=1654 drop=0
[QUEUE_STATS] t_ms=27152 q_pkts=51 q_bytes=76704 qdelay_l_ms=0.967766 qdelay_c_ms=39.4927 ecn_mark=1654 drop=0
[QUEUE_STATS] t_ms=27168 q_pkts=52 q_bytes=78208 qdelay_l_ms=0.961213 qdelay_c_ms=41.8589 ecn_mark=1654 drop=0
[QUEUE_STATS] t_ms=27184 q_pkts=52 q_bytes=78208 qdelay_l_ms=1.09587 qdelay_c_ms=40.1711 ecn_mark=1656 drop=0
[QUEUE_STATS] t_ms=27200 q_pkts=53 q_bytes=79712 qdelay_l_ms=1.11331 qdelay_c_ms=43.1038 ecn_mark=1656 drop=0
[QUEUE_STATS] t_ms=27216 q_pkts=52 q_bytes=78208 qdelay_l_ms=1.08085 qdelay_c_ms=42.8347 ecn_mark=1657 drop=0
[QUEUE_STATS] t_ms=27232 q_pkts=53 q_bytes=79712 qdelay_l_ms=0.964289 qdelay_c_ms=41.5897 ecn_mark=1657 drop=0
[QUEUE_STATS] t_ms=27248 q_pkts=56 q_bytes=84224 qdelay_l_ms=1.09673 qdelay_c_ms=45.1142 ecn_mark=1658 drop=0
[QUEUE_STATS] t_ms=27264 q_pkts=55 q_bytes=82720 qdelay_l_ms=1.09433 qdelay_c_ms=44.0863 ecn_mark=1659 drop=0
[QUEUE_STATS] t_ms=27280 q_pkts=50 q_bytes=75200 qdelay_l_ms=0 qdelay_c_ms=42.9336 ecn_mark=1660 drop=0
[QUEUE_STATS] t_ms=27296 q_pkts=51 q_bytes=76704 qdelay_l_ms=0.019086 qdelay_c_ms=43.0178 ecn_mark=1661 drop=0
[QUEUE_STATS] t_ms=27312 q_pkts=54 q_bytes=81216 qdelay_l_ms=1.08443 qdelay_c_ms=44.6974 ecn_mark=1662 drop=0
[QUEUE_STATS] t_ms=27328 q_pkts=55 q_bytes=82720 qdelay_l_ms=1.08925 qdelay_c_ms=42.7797 ecn_mark=1662 drop=0
[QUEUE_STATS] t_ms=27344 q_pkts=54 q_bytes=81216 qdelay_l_ms=1.07996 qdelay_c_ms=43.1062 ecn_mark=1662 drop=0
[QUEUE_STATS] t_ms=27361 q_pkts=54 q_bytes=81216 qdelay_l_ms=1.07793 qdelay_c_ms=45.9719 ecn_mark=1662 drop=0
[QUEUE_STATS] t_ms=27376 q_pkts=55 q_bytes=82720 qdelay_l_ms=1.08457 qdelay_c_ms=44.1848 ecn_mark=1663 drop=0
[QUEUE_STATS] t_ms=27392 q_pkts=56 q_bytes=84224 qdelay_l_ms=1.08518 qdelay_c_ms=45.3035 ecn_mark=1664 drop=0
[QUEUE_STATS] t_ms=27408 q_pkts=57 q_bytes=85728 qdelay_l_ms=1.87093 qdelay_c_ms=46.0065 ecn_mark=1666 drop=0
[QUEUE_STATS] t_ms=27424 q_pkts=55 q_bytes=82720 qdelay_l_ms=0.939883 qdelay_c_ms=46.0286 ecn_mark=1666 drop=0
[QUEUE_STATS] t_ms=27440 q_pkts=57 q_bytes=85728 qdelay_l_ms=1.06522 qdelay_c_ms=47.6694 ecn_mark=1667 drop=0
[QUEUE_STATS] t_ms=27456 q_pkts=57 q_bytes=85728 qdelay_l_ms=1.04703 qdelay_c_ms=45.9977 ecn_mark=1669 drop=0
[QUEUE_STATS] t_ms=27472 q_pkts=57 q_bytes=85728 qdelay_l_ms=0.930285 qdelay_c_ms=46.8596 ecn_mark=1670 drop=0
[QUEUE_STATS] t_ms=27488 q_pkts=54 q_bytes=81216 qdelay_l_ms=1.0871 qdelay_c_ms=45.77 ecn_mark=1671 drop=0
[QUEUE_STATS] t_ms=27504 q_pkts=57 q_bytes=85728 qdelay_l_ms=0.964138 qdelay_c_ms=47.8528 ecn_mark=1671 drop=0
[QUEUE_STATS] t_ms=27520 q_pkts=55 q_bytes=82720 qdelay_l_ms=1.084 qdelay_c_ms=47.2099 ecn_mark=1671 drop=0
[QUEUE_STATS] t_ms=27536 q_pkts=57 q_bytes=85728 qdelay_l_ms=1.07451 qdelay_c_ms=47.1649 ecn_mark=1672 drop=0
[QUEUE_STATS] t_ms=27552 q_pkts=58 q_bytes=87232 qdelay_l_ms=0.942148 qdelay_c_ms=47.9891 ecn_mark=1674 drop=0
[QUEUE_STATS] t_ms=27568 q_pkts=57 q_bytes=85728 qdelay_l_ms=1.07713 qdelay_c_ms=44.9045 ecn_mark=1675 drop=0
[QUEUE_STATS] t_ms=27584 q_pkts=56 q_bytes=84224 qdelay_l_ms=0.013264 qdelay_c_ms=45.8576 ecn_mark=1675 drop=0
[QUEUE_STATS] t_ms=27600 q_pkts=57 q_bytes=85728 qdelay_l_ms=1.08813 qdelay_c_ms=50.8809 ecn_mark=1677 drop=0
[QUEUE_STATS] t_ms=27616 q_pkts=57 q_bytes=85728 qdelay_l_ms=1.05619 qdelay_c_ms=46.6512 ecn_mark=1678 drop=0
[QUEUE_STATS] t_ms=27632 q_pkts=59 q_bytes=88736 qdelay_l_ms=1.08661 qdelay_c_ms=49.1683 ecn_mark=1678 drop=0
[QUEUE_STATS] t_ms=27648 q_pkts=57 q_bytes=85728 qdelay_l_ms=1.09633 qdelay_c_ms=46.9109 ecn_mark=1679 drop=0
[QUEUE_STATS] t_ms=27664 q_pkts=56 q_bytes=84224 qdelay_l_ms=0.929754 qdelay_c_ms=47.7029 ecn_mark=1679 drop=0
[QUEUE_STATS] t_ms=27680 q_pkts=58 q_bytes=87232 qdelay_l_ms=1.09536 qdelay_c_ms=49.3921 ecn_mark=1680 drop=0
[QUEUE_STATS] t_ms=27696 q_pkts=58 q_bytes=87232 qdelay_l_ms=0.931116 qdelay_c_ms=49.0603 ecn_mark=1680 drop=0
[QUEUE_STATS] t_ms=27712 q_pkts=58 q_bytes=87232 qdelay_l_ms=1.07722 qdelay_c_ms=47.224 ecn_mark=1680 drop=0
[QUEUE_STATS] t_ms=27728 q_pkts=59 q_bytes=88736 qdelay_l_ms=1.02768 qdelay_c_ms=48.1154 ecn_mark=1680 drop=0
[QUEUE_STATS] t_ms=27744 q_pkts=57 q_bytes=85728 qdelay_l_ms=0 qdelay_c_ms=49.0928 ecn_mark=1680 drop=0
[QUEUE_STATS] t_ms=27760 q_pkts=56 q_bytes=84224 qdelay_l_ms=0.771578 qdelay_c_ms=50.1385 ecn_mark=1680 drop=0
[QUEUE_STATS] t_ms=27776 q_pkts=62 q_bytes=93248 qdelay_l_ms=1.06045 qdelay_c_ms=53.1208 ecn_mark=1682 drop=0
[QUEUE_STATS] t_ms=27792 q_pkts=60 q_bytes=90240 qdelay_l_ms=0.925597 qdelay_c_ms=51.8643 ecn_mark=1683 drop=0
[QUEUE_STATS] t_ms=27808 q_pkts=59 q_bytes=88736 qdelay_l_ms=0.927129 qdelay_c_ms=51.7725 ecn_mark=1684 drop=0
[QUEUE_STATS] t_ms=27824 q_pkts=60 q_bytes=90240 qdelay_l_ms=1.0945 qdelay_c_ms=49.7863 ecn_mark=1684 drop=0
[QUEUE_STATS] t_ms=27840 q_pkts=60 q_bytes=90240 qdelay_l_ms=0.916689 qdelay_c_ms=52.9369 ecn_mark=1684 drop=0
[QUEUE_STATS] t_ms=27856 q_pkts=61 q_bytes=91744 qdelay_l_ms=1.09052 qdelay_c_ms=55.7499 ecn_mark=1684 drop=0
[QUEUE_STATS] t_ms=27872 q_pkts=62 q_bytes=93248 qdelay_l_ms=1.11169 qdelay_c_ms=51.6568 ecn_mark=1684 drop=0
[QUEUE_STATS] t_ms=27888 q_pkts=62 q_bytes=93248 qdelay_l_ms=1.08528 qdelay_c_ms=55.1134 ecn_mark=1685 drop=0
[QUEUE_STATS] t_ms=27904 q_pkts=63 q_bytes=94752 qdelay_l_ms=0.909947 qdelay_c_ms=56.9724 ecn_mark=1688 drop=0
[QUEUE_STATS] t_ms=27920 q_pkts=58 q_bytes=87232 qdelay_l_ms=0 qdelay_c_ms=54.6391 ecn_mark=1688 drop=0
[QUEUE_STATS] t_ms=27936 q_pkts=60 q_bytes=90240 qdelay_l_ms=1.11519 qdelay_c_ms=56.0092 ecn_mark=1689 drop=0
[QUEUE_STATS] t_ms=27953 q_pkts=65 q_bytes=97760 qdelay_l_ms=1.06998 qdelay_c_ms=56.979 ecn_mark=1689 drop=0
[QUEUE_STATS] t_ms=27968 q_pkts=63 q_bytes=94752 qdelay_l_ms=1.11323 qdelay_c_ms=57.1317 ecn_mark=1692 drop=0
[QUEUE_STATS] t_ms=27984 q_pkts=64 q_bytes=96256 qdelay_l_ms=1.09168 qdelay_c_ms=60.0393 ecn_mark=1693 drop=0
[QUEUE_STATS] t_ms=28000 q_pkts=63 q_bytes=94752 qdelay_l_ms=1.08536 qdelay_c_ms=53.899 ecn_mark=1693 drop=0
[QUEUE_STATS] t_ms=28016 q_pkts=63 q_bytes=94752 qdelay_l_ms=0.903084 qdelay_c_ms=58.979 ecn_mark=1694 drop=0
[QUEUE_STATS] t_ms=28032 q_pkts=63 q_bytes=94752 qdelay_l_ms=1.06114 qdelay_c_ms=60.0818 ecn_mark=1695 drop=0
[QUEUE_STATS] t_ms=28048 q_pkts=64 q_bytes=96256 qdelay_l_ms=0.90638 qdelay_c_ms=55.9904 ecn_mark=1696 drop=0
[QUEUE_STATS] t_ms=28064 q_pkts=64 q_bytes=96256 qdelay_l_ms=1.103 qdelay_c_ms=61.4955 ecn_mark=1696 drop=0
[QUEUE_STATS] t_ms=28080 q_pkts=65 q_bytes=97760 qdelay_l_ms=2.12678 qdelay_c_ms=60.0408 ecn_mark=1698 drop=0
[QUEUE_STATS] t_ms=28096 q_pkts=61 q_bytes=91744 qdelay_l_ms=0 qdelay_c_ms=58.0786 ecn_mark=1698 drop=0
[QUEUE_STATS] t_ms=28112 q_pkts=65 q_bytes=97760 qdelay_l_ms=0.908063 qdelay_c_ms=61.0101 ecn_mark=1699 drop=0
[QUEUE_STATS] t_ms=28129 q_pkts=63 q_bytes=94752 qdelay_l_ms=1.07297 qdelay_c_ms=58.097 ecn_mark=1702 drop=0
[QUEUE_STATS] t_ms=28145 q_pkts=65 q_bytes=97760 qdelay_l_ms=1.07393 qdelay_c_ms=63.7354 ecn_mark=1703 drop=0
[QUEUE_STATS] t_ms=28160 q_pkts=67 q_bytes=100768 qdelay_l_ms=1.11257 qdelay_c_ms=63.099 ecn_mark=1703 drop=0
[QUEUE_STATS] t_ms=28176 q_pkts=61 q_bytes=91744 qdelay_l_ms=0 qdelay_c_ms=54.2455 ecn_mark=1704 drop=0
[QUEUE_STATS] t_ms=28192 q_pkts=65 q_bytes=97760 qdelay_l_ms=2.16751 qdelay_c_ms=62.1242 ecn_mark=1704 drop=0
[QUEUE_STATS] t_ms=28208 q_pkts=66 q_bytes=99264 qdelay_l_ms=1.11282 qdelay_c_ms=61.689 ecn_mark=1706 drop=0
[QUEUE_STATS] t_ms=28224 q_pkts=63 q_bytes=94752 qdelay_l_ms=0.018284 qdelay_c_ms=58.1236 ecn_mark=1707 drop=0
[QUEUE_STATS] t_ms=28240 q_pkts=65 q_bytes=97760 qdelay_l_ms=1.10135 qdelay_c_ms=63.8782 ecn_mark=1709 drop=0
[QUEUE_STATS] t_ms=28256 q_pkts=64 q_bytes=96256 qdelay_l_ms=0 qdelay_c_ms=58.9764 ecn_mark=1710 drop=0
[QUEUE_STATS] t_ms=28272 q_pkts=65 q_bytes=97760 qdelay_l_ms=1.10021 qdelay_c_ms=60.0367 ecn_mark=1711 drop=0
[QUEUE_STATS] t_ms=28288 q_pkts=62 q_bytes=93248 qdelay_l_ms=1.17166 qdelay_c_ms=61.0313 ecn_mark=1711 drop=0
[QUEUE_STATS] t_ms=28304 q_pkts=65 q_bytes=97760 qdelay_l_ms=0.920637 qdelay_c_ms=51.8439 ecn_mark=1711 drop=0
[QUEUE_STATS] t_ms=28320 q_pkts=64 q_bytes=96256 qdelay_l_ms=1.95418 qdelay_c_ms=60.9371 ecn_mark=1713 drop=0
[QUEUE_STATS] t_ms=28336 q_pkts=65 q_bytes=97760 qdelay_l_ms=1.04418 qdelay_c_ms=62.9518 ecn_mark=1716 drop=0
[QUEUE_STATS] t_ms=28352 q_pkts=65 q_bytes=97760 qdelay_l_ms=0.019547 qdelay_c_ms=55.0012 ecn_mark=1719 drop=0
[QUEUE_STATS] t_ms=28368 q_pkts=64 q_bytes=96256 qdelay_l_ms=1.08651 qdelay_c_ms=63.4968 ecn_mark=1720 drop=0
[QUEUE_STATS] t_ms=28384 q_pkts=62 q_bytes=93248 qdelay_l_ms=0 qdelay_c_ms=62.0779 ecn_mark=1721 drop=0
[QUEUE_STATS] t_ms=28400 q_pkts=67 q_bytes=100768 qdelay_l_ms=1.10372 qdelay_c_ms=60.0246 ecn_mark=1724 drop=0
[QUEUE_STATS] t_ms=28416 q_pkts=64 q_bytes=96256 qdelay_l_ms=1.09318 qdelay_c_ms=60.9922 ecn_mark=1724 drop=0
[QUEUE_STATS] t_ms=28433 q_pkts=67 q_bytes=100768 qdelay_l_ms=1.08993 qdelay_c_ms=59.0368 ecn_mark=1726 drop=0
[QUEUE_STATS] t_ms=28448 q_pkts=64 q_bytes=96256 qdelay_l_ms=0.022722 qdelay_c_ms=60.8011 ecn_mark=1728 drop=0
[QUEUE_STATS] t_ms=28464 q_pkts=68 q_bytes=102272 qdelay_l_ms=0.920035 qdelay_c_ms=64.9428 ecn_mark=1728 drop=0
[QUEUE_STATS] t_ms=28480 q_pkts=68 q_bytes=102272 qdelay_l_ms=1.08835 qdelay_c_ms=59.9579 ecn_mark=1731 drop=0
[QUEUE_STATS] t_ms=28496 q_pkts=66 q_bytes=99264 qdelay_l_ms=0.011291 qdelay_c_ms=61.9731 ecn_mark=1731 drop=0
[QUEUE_STATS] t_ms=28512 q_pkts=66 q_bytes=99264 qdelay_l_ms=0.913204 qdelay_c_ms=64.8501 ecn_mark=1731 drop=0
[QUEUE_STATS] t_ms=28528 q_pkts=67 q_bytes=100768 qdelay_l_ms=0.985749 qdelay_c_ms=61.1109 ecn_mark=1732 drop=0
[QUEUE_STATS] t_ms=28544 q_pkts=68 q_bytes=102272 qdelay_l_ms=1.08468 qdelay_c_ms=65.0658 ecn_mark=1733 drop=0
[QUEUE_STATS] t_ms=28560 q_pkts=68 q_bytes=102272 qdelay_l_ms=0.97553 qdelay_c_ms=64.9285 ecn_mark=1734 drop=0
[QUEUE_STATS] t_ms=28576 q_pkts=66 q_bytes=99264 qdelay_l_ms=0.89559 qdelay_c_ms=61.0019 ecn_mark=1734 drop=0
[QUEUE_STATS] t_ms=28592 q_pkts=66 q_bytes=99264 qdelay_l_ms=0.877557 qdelay_c_ms=63.9845 ecn_mark=1736 drop=0
[QUEUE_STATS] t_ms=28608 q_pkts=67 q_bytes=100768 qdelay_l_ms=0.89044 qdelay_c_ms=58.6939 ecn_mark=1738 drop=0
[QUEUE_STATS] t_ms=28624 q_pkts=68 q_bytes=102272 qdelay_l_ms=1.90082 qdelay_c_ms=62.9951 ecn_mark=1739 drop=0
[QUEUE_STATS] t_ms=28640 q_pkts=66 q_bytes=99264 qdelay_l_ms=1.10287 qdelay_c_ms=64.0841 ecn_mark=1740 drop=0
[QUEUE_STATS] t_ms=28656 q_pkts=66 q_bytes=99264 qdelay_l_ms=2.11491 qdelay_c_ms=57.3201 ecn_mark=1741 drop=0
[QUEUE_STATS] t_ms=28672 q_pkts=68 q_bytes=102272 qdelay_l_ms=1.08248 qdelay_c_ms=64.2918 ecn_mark=1744 drop=0
[QUEUE_STATS] t_ms=28688 q_pkts=67 q_bytes=100768 qdelay_l_ms=1.0842 qdelay_c_ms=64.9914 ecn_mark=1745 drop=0
[QUEUE_STATS] t_ms=28704 q_pkts=66 q_bytes=99264 qdelay_l_ms=1.02017 qdelay_c_ms=58.1622 ecn_mark=1747 drop=0
[QUEUE_STATS] t_ms=28720 q_pkts=67 q_bytes=100768 qdelay_l_ms=1.90614 qdelay_c_ms=63.5122 ecn_mark=1750 drop=0
[QUEUE_STATS] t_ms=28736 q_pkts=67 q_bytes=100768 qdelay_l_ms=0.924725 qdelay_c_ms=60.894 ecn_mark=1752 drop=0
[QUEUE_STATS] t_ms=28752 q_pkts=66 q_bytes=99264 qdelay_l_ms=0.888978 qdelay_c_ms=62.9356 ecn_mark=1752 drop=0
[QUEUE_STATS] t_ms=28768 q_pkts=66 q_bytes=99264 qdelay_l_ms=0.91678 qdelay_c_ms=62.7062 ecn_mark=1752 drop=0
[QUEUE_STATS] t_ms=28784 q_pkts=65 q_bytes=97760 qdelay_l_ms=0.970441 qdelay_c_ms=55.0478 ecn_mark=1752 drop=0
[QUEUE_STATS] t_ms=28800 q_pkts=64 q_bytes=96256 qdelay_l_ms=1.08385 qdelay_c_ms=63.2858 ecn_mark=1752 drop=0
[QUEUE_STATS] t_ms=28816 q_pkts=66 q_bytes=99264 qdelay_l_ms=1.05731 qdelay_c_ms=60.997 ecn_mark=1754 drop=0
[QUEUE_STATS] t_ms=28832 q_pkts=68 q_bytes=102272 qdelay_l_ms=1.08569 qdelay_c_ms=56.271 ecn_mark=1756 drop=0
[QUEUE_STATS] t_ms=28848 q_pkts=64 q_bytes=96256 qdelay_l_ms=0 qdelay_c_ms=62.2163 ecn_mark=1756 drop=0
[QUEUE_STATS] t_ms=28864 q_pkts=70 q_bytes=105280 qdelay_l_ms=0.989977 qdelay_c_ms=58.0113 ecn_mark=1759 drop=0
[QUEUE_STATS] t_ms=28880 q_pkts=68 q_bytes=102272 qdelay_l_ms=1.10179 qdelay_c_ms=59.8601 ecn_mark=1760 drop=0
[QUEUE_STATS] t_ms=28896 q_pkts=67 q_bytes=100768 qdelay_l_ms=1.00384 qdelay_c_ms=64.8403 ecn_mark=1762 drop=0
[QUEUE_STATS] t_ms=28912 q_pkts=61 q_bytes=91744 qdelay_l_ms=0 qdelay_c_ms=55.2633 ecn_mark=1763 drop=0
[QUEUE_STATS] t_ms=28928 q_pkts=68 q_bytes=102272 qdelay_l_ms=1.104 qdelay_c_ms=64.1002 ecn_mark=1764 drop=0
[QUEUE_STATS] t_ms=28944 q_pkts=62 q_bytes=93248 qdelay_l_ms=0 qdelay_c_ms=65.1225 ecn_mark=1765 drop=0
[QUEUE_STATS] t_ms=28960 q_pkts=67 q_bytes=100768 qdelay_l_ms=1.09755 qdelay_c_ms=56.1181 ecn_mark=1766 drop=0
[QUEUE_STATS] t_ms=28976 q_pkts=67 q_bytes=100768 qdelay_l_ms=0.753434 qdelay_c_ms=63.0858 ecn_mark=1768 drop=0
[QUEUE_STATS] t_ms=28992 q_pkts=70 q_bytes=105280 qdelay_l_ms=1.09197 qdelay_c_ms=59.9387 ecn_mark=1769 drop=0
[QUEUE_STATS] t_ms=29008 q_pkts=67 q_bytes=100768 qdelay_l_ms=0.917351 qdelay_c_ms=58.9915 ecn_mark=1771 drop=0
[QUEUE_STATS] t_ms=29025 q_pkts=67 q_bytes=100768 qdelay_l_ms=1.09201 qdelay_c_ms=62.1242 ecn_mark=1773 drop=0
[QUEUE_STATS] t_ms=29040 q_pkts=69 q_bytes=103776 qdelay_l_ms=0.938791 qdelay_c_ms=58.8525 ecn_mark=1775 drop=0
[QUEUE_STATS] t_ms=29056 q_pkts=66 q_bytes=99264 qdelay_l_ms=1.00483 qdelay_c_ms=60.0003 ecn_mark=1776 drop=0
[QUEUE_STATS] t_ms=29072 q_pkts=66 q_bytes=99264 qdelay_l_ms=1.06806 qdelay_c_ms=61.2576 ecn_mark=1778 drop=0
[QUEUE_STATS] t_ms=29088 q_pkts=69 q_bytes=103776 qdelay_l_ms=1.07181 qdelay_c_ms=55.7592 ecn_mark=1780 drop=0
[QUEUE_STATS] t_ms=29104 q_pkts=66 q_bytes=99264 qdelay_l_ms=1.06069 qdelay_c_ms=60.0174 ecn_mark=1780 drop=0
[QUEUE_STATS] t_ms=29120 q_pkts=64 q_bytes=96256 qdelay_l_ms=0 qdelay_c_ms=60.1042 ecn_mark=1780 drop=0
[QUEUE_STATS] t_ms=29136 q_pkts=68 q_bytes=102272 qdelay_l_ms=1.08205 qdelay_c_ms=57.0598 ecn_mark=1782 drop=0
[QUEUE_STATS] t_ms=29152 q_pkts=64 q_bytes=96256 qdelay_l_ms=0.013425 qdelay_c_ms=59.0754 ecn_mark=1783 drop=0
[QUEUE_STATS] t_ms=29168 q_pkts=67 q_bytes=100768 qdelay_l_ms=1.09553 qdelay_c_ms=59.5833 ecn_mark=1786 drop=0
[QUEUE_STATS] t_ms=29184 q_pkts=68 q_bytes=102272 qdelay_l_ms=1.02062 qdelay_c_ms=57.0401 ecn_mark=1786 drop=0
[QUEUE_STATS] t_ms=29200 q_pkts=65 q_bytes=97760 qdelay_l_ms=1.08141 qdelay_c_ms=61.5175 ecn_mark=1787 drop=0
[QUEUE_STATS] t_ms=29216 q_pkts=70 q_bytes=105280 qdelay_l_ms=0.948859 qdelay_c_ms=61.6772 ecn_mark=1787 drop=0
[QUEUE_STATS] t_ms=29232 q_pkts=67 q_bytes=100768 qdelay_l_ms=1.09881 qdelay_c_ms=58.061 ecn_mark=1787 drop=0
[QUEUE_STATS] t_ms=29248 q_pkts=66 q_bytes=99264 qdelay_l_ms=1.04381 qdelay_c_ms=59.0507 ecn_mark=1787 drop=0
[QUEUE_STATS] t_ms=29264 q_pkts=67 q_bytes=100768 qdelay_l_ms=0 qdelay_c_ms=58.1897 ecn_mark=1787 drop=0
[QUEUE_STATS] t_ms=29280 q_pkts=68 q_bytes=102272 qdelay_l_ms=1.09425 qdelay_c_ms=60.1024 ecn_mark=1787 drop=0
[QUEUE_STATS] t_ms=29296 q_pkts=68 q_bytes=102272 qdelay_l_ms=0.914956 qdelay_c_ms=61.0165 ecn_mark=1789 drop=0
[QUEUE_STATS] t_ms=29312 q_pkts=69 q_bytes=103776 qdelay_l_ms=1.06597 qdelay_c_ms=56.9322 ecn_mark=1789 drop=0
[QUEUE_STATS] t_ms=29328 q_pkts=68 q_bytes=102272 qdelay_l_ms=0.912311 qdelay_c_ms=61.8936 ecn_mark=1791 drop=0
[QUEUE_STATS] t_ms=29344 q_pkts=67 q_bytes=100768 qdelay_l_ms=1.08255 qdelay_c_ms=63.9015 ecn_mark=1792 drop=0
[QUEUE_STATS] t_ms=29360 q_pkts=69 q_bytes=103776 qdelay_l_ms=1.09138 qdelay_c_ms=58.5412 ecn_mark=1794 drop=0
[QUEUE_STATS] t_ms=29376 q_pkts=70 q_bytes=105280 qdelay_l_ms=1.09525 qdelay_c_ms=62.4013 ecn_mark=1795 drop=0
[QUEUE_STATS] t_ms=29392 q_pkts=68 q_bytes=102272 qdelay_l_ms=1.98698 qdelay_c_ms=62.935 ecn_mark=1797 drop=0
[QUEUE_STATS] t_ms=29408 q_pkts=65 q_bytes=97760 qdelay_l_ms=0 qdelay_c_ms=58.0405 ecn_mark=1798 drop=0
[QUEUE_STATS] t_ms=29424 q_pkts=71 q_bytes=106784 qdelay_l_ms=1.06813 qdelay_c_ms=62.0934 ecn_mark=1800 drop=0
[QUEUE_STATS] t_ms=29440 q_pkts=68 q_bytes=102272 qdelay_l_ms=1.08977 qdelay_c_ms=59.0789 ecn_mark=1803 drop=0
[QUEUE_STATS] t_ms=29456 q_pkts=68 q_bytes=102272 qdelay_l_ms=1.00237 qdelay_c_ms=62.0613 ecn_mark=1805 drop=0
[QUEUE_STATS] t_ms=29473 q_pkts=69 q_bytes=103776 qdelay_l_ms=1.05027 qdelay_c_ms=62.1155 ecn_mark=1807 drop=0
[QUEUE_STATS] t_ms=29488 q_pkts=68 q_bytes=102272 qdelay_l_ms=1.04286 qdelay_c_ms=58.0562 ecn_mark=1809 drop=0
[QUEUE_STATS] t_ms=29504 q_pkts=70 q_bytes=105280 qdelay_l_ms=1.07918 qdelay_c_ms=62.3342 ecn_mark=1809 drop=0
[QUEUE_STATS] t_ms=29520 q_pkts=69 q_bytes=103776 qdelay_l_ms=1.10565 qdelay_c_ms=58.6785 ecn_mark=1810 drop=0
[QUEUE_STATS] t_ms=29536 q_pkts=68 q_bytes=102272 qdelay_l_ms=1.09246 qdelay_c_ms=58.0301 ecn_mark=1811 drop=0
[QUEUE_STATS] t_ms=29552 q_pkts=67 q_bytes=100768 qdelay_l_ms=1.06783 qdelay_c_ms=61.032 ecn_mark=1811 drop=0
[QUEUE_STATS] t_ms=29568 q_pkts=68 q_bytes=102272 qdelay_l_ms=0.955082 qdelay_c_ms=54.9608 ecn_mark=1812 drop=0
[QUEUE_STATS] t_ms=29584 q_pkts=66 q_bytes=99264 qdelay_l_ms=1.04642 qdelay_c_ms=59.9097 ecn_mark=1812 drop=0
[QUEUE_STATS] t_ms=29600 q_pkts=67 q_bytes=100768 qdelay_l_ms=0.938581 qdelay_c_ms=59.9217 ecn_mark=1812 drop=0
[QUEUE_STATS] t_ms=29616 q_pkts=67 q_bytes=100768 qdelay_l_ms=1.10601 qdelay_c_ms=53.9792 ecn_mark=1812 drop=0
[QUEUE_STATS] t_ms=29632 q_pkts=67 q_bytes=100768 qdelay_l_ms=1.09701 qdelay_c_ms=56.198 ecn_mark=1813 drop=0
[QUEUE_STATS] t_ms=29648 q_pkts=67 q_bytes=100768 qdelay_l_ms=0.950674 qdelay_c_ms=55.8042 ecn_mark=1815 drop=0
[QUEUE_STATS] t_ms=29664 q_pkts=67 q_bytes=100768 qdelay_l_ms=0.953479 qdelay_c_ms=55.8045 ecn_mark=1815 drop=0
[QUEUE_STATS] t_ms=29680 q_pkts=64 q_bytes=96256 qdelay_l_ms=0.789992 qdelay_c_ms=56.108 ecn_mark=1816 drop=0
[QUEUE_STATS] t_ms=29697 q_pkts=68 q_bytes=102272 qdelay_l_ms=1.08701 qdelay_c_ms=53.1126 ecn_mark=1816 drop=0
[QUEUE_STATS] t_ms=29712 q_pkts=66 q_bytes=99264 qdelay_l_ms=1.08357 qdelay_c_ms=58.0763 ecn_mark=1818 drop=0
[QUEUE_STATS] t_ms=29728 q_pkts=67 q_bytes=100768 qdelay_l_ms=0.932019 qdelay_c_ms=57.7581 ecn_mark=1820 drop=0
[QUEUE_STATS] t_ms=29744 q_pkts=65 q_bytes=97760 qdelay_l_ms=0.015429 qdelay_c_ms=51.1643 ecn_mark=1823 drop=0
[QUEUE_STATS] t_ms=29761 q_pkts=68 q_bytes=102272 qdelay_l_ms=1.07649 qdelay_c_ms=60.2126 ecn_mark=1825 drop=0
[QUEUE_STATS] t_ms=29776 q_pkts=67 q_bytes=100768 qdelay_l_ms=2.13977 qdelay_c_ms=56.9974 ecn_mark=1825 drop=0
[QUEUE_STATS] t_ms=29792 q_pkts=67 q_bytes=100768 qdelay_l_ms=1.10594 qdelay_c_ms=55.1053 ecn_mark=1825 drop=0
[QUEUE_STATS] t_ms=29808 q_pkts=70 q_bytes=105280 qdelay_l_ms=1.0386 qdelay_c_ms=58.9966 ecn_mark=1827 drop=0
[QUEUE_STATS] t_ms=29824 q_pkts=65 q_bytes=97760 qdelay_l_ms=0 qdelay_c_ms=56.1996 ecn_mark=1827 drop=0
[QUEUE_STATS] t_ms=29840 q_pkts=67 q_bytes=100768 qdelay_l_ms=0.965201 qdelay_c_ms=56.058 ecn_mark=1830 drop=0
[QUEUE_STATS] t_ms=29856 q_pkts=68 q_bytes=102272 qdelay_l_ms=0.935986 qdelay_c_ms=56.939 ecn_mark=1830 drop=0
[QUEUE_STATS] t_ms=29872 q_pkts=70 q_bytes=105280 qdelay_l_ms=0.031489 qdelay_c_ms=56.9684 ecn_mark=1831 drop=0
[QUEUE_STATS] t_ms=29888 q_pkts=68 q_bytes=102272 qdelay_l_ms=0.025618 qdelay_c_ms=60.1411 ecn_mark=1832 drop=0
[QUEUE_STATS] t_ms=29904 q_pkts=68 q_bytes=102272 qdelay_l_ms=1.10392 qdelay_c_ms=58.9262 ecn_mark=1832 drop=0
[QUEUE_STATS] t_ms=29920 q_pkts=65 q_bytes=97760 qdelay_l_ms=0 qdelay_c_ms=55.0316 ecn_mark=1833 drop=0
[QUEUE_STATS] t_ms=29936 q_pkts=70 q_bytes=105280 qdelay_l_ms=2.15216 qdelay_c_ms=58.9088 ecn_mark=1835 drop=0
[QUEUE_STATS] t_ms=29952 q_pkts=70 q_bytes=105280 qdelay_l_ms=0.77803 qdelay_c_ms=60.0355 ecn_mark=1837 drop=0
[QUEUE_STATS] t_ms=29968 q_pkts=65 q_bytes=97760 qdelay_l_ms=0 qdelay_c_ms=56.1136 ecn_mark=1838 drop=0
[QUEUE_STATS] t_ms=29984 q_pkts=65 q_bytes=97760 qdelay_l_ms=0 qdelay_c_ms=56.1456 ecn_mark=1839 drop=0
[QUEUE_STATS] t_ms=30000 q_pkts=70 q_bytes=105280 qdelay_l_ms=0 qdelay_c_ms=58.8877 ecn_mark=1841 drop=0
[QUEUE_STATS] t_ms=30016 q_pkts=69 q_bytes=103776 qdelay_l_ms=0.962526 qdelay_c_ms=56.9624 ecn_mark=1843 drop=0
[QUEUE_STATS] t_ms=30032 q_pkts=66 q_bytes=99264 qdelay_l_ms=0.032822 qdelay_c_ms=57.1052 ecn_mark=1843 drop=0
[QUEUE_STATS] t_ms=30048 q_pkts=68 q_bytes=102272 qdelay_l_ms=0.968607 qdelay_c_ms=55.7204 ecn_mark=1845 drop=0
[QUEUE_STATS] t_ms=30064 q_pkts=68 q_bytes=102272 qdelay_l_ms=1.84052 qdelay_c_ms=56.9885 ecn_mark=1847 drop=0
[QUEUE_STATS] t_ms=30081 q_pkts=66 q_bytes=99264 qdelay_l_ms=1.08423 qdelay_c_ms=56.9365 ecn_mark=1849 drop=0
[QUEUE_STATS] t_ms=30096 q_pkts=71 q_bytes=106784 qdelay_l_ms=0.932499 qdelay_c_ms=55.9566 ecn_mark=1852 drop=0
[QUEUE_STATS] t_ms=30112 q_pkts=67 q_bytes=100768 qdelay_l_ms=1.06952 qdelay_c_ms=56.1995 ecn_mark=1854 drop=0
[QUEUE_STATS] t_ms=30128 q_pkts=69 q_bytes=103776 qdelay_l_ms=1.06507 qdelay_c_ms=56.8311 ecn_mark=1854 drop=0
[QUEUE_STATS] t_ms=30144 q_pkts=69 q_bytes=103776 qdelay_l_ms=0.968817 qdelay_c_ms=55.9053 ecn_mark=1857 drop=0
[QUEUE_STATS] t_ms=30160 q_pkts=63 q_bytes=94752 qdelay_l_ms=0 qdelay_c_ms=55.2936 ecn_mark=1859 drop=0
[QUEUE_STATS] t_ms=30176 q_pkts=68 q_bytes=102272 qdelay_l_ms=0.966373 qdelay_c_ms=52.4366 ecn_mark=1860 drop=0
[QUEUE_STATS] t_ms=30192 q_pkts=67 q_bytes=100768 qdelay_l_ms=0 qdelay_c_ms=53.0363 ecn_mark=1862 drop=0
[QUEUE_STATS] t_ms=30208 q_pkts=67 q_bytes=100768 qdelay_l_ms=1.07281 qdelay_c_ms=54.9302 ecn_mark=1863 drop=0
[QUEUE_STATS] t_ms=30224 q_pkts=67 q_bytes=100768 qdelay_l_ms=1.09 qdelay_c_ms=54.8962 ecn_mark=1863 drop=0
[QUEUE_STATS] t_ms=30240 q_pkts=63 q_bytes=94752 qdelay_l_ms=0 qdelay_c_ms=50.0869 ecn_mark=1867 drop=0
[QUEUE_STATS] t_ms=30256 q_pkts=62 q_bytes=93248 qdelay_l_ms=0.015549 qdelay_c_ms=52.0645 ecn_mark=1868 drop=0
[QUEUE_STATS] t_ms=30272 q_pkts=65 q_bytes=97760 qdelay_l_ms=0.993083 qdelay_c_ms=53.1465 ecn_mark=1871 drop=0
[QUEUE_STATS] t_ms=30288 q_pkts=66 q_bytes=99264 qdelay_l_ms=1.07263 qdelay_c_ms=54.0383 ecn_mark=1874 drop=0
[QUEUE_STATS] t_ms=30304 q_pkts=64 q_bytes=96256 qdelay_l_ms=0.988715 qdelay_c_ms=51.949 ecn_mark=1877 drop=0
[QUEUE_STATS] t_ms=30320 q_pkts=68 q_bytes=102272 qdelay_l_ms=0.994976 qdelay_c_ms=49.6754 ecn_mark=1877 drop=0
[QUEUE_STATS] t_ms=30336 q_pkts=68 q_byte