RUN_START_TS_NS 2528538499596
DT_NS 16000000
TICK_NS 2528545708824
TC_DUR_NS 1651306
NEXT 2528558329999
PLACEMENT i=1
qdisc dualpi2 2: parent 1:10 limit 250p target 15ms tupdate 16ms alpha 0.152344 beta 3.195312 l4s_ect coupling_factor 2 drop_on_overload step_thresh 1ms drop_dequeue split_gso classic_protection 10% 
 Sent 176 bytes 2 pkt (dropped 0, overlimits 0 requeues 0) 
 backlog 0b 0p requeues 0
prob 0.000000 delay_c 0us delay_l 0us
pkts_in_c 2 pkts_in_l 0 maxq 0
ecn_mark 0 step_marks 0
credit -121120 (L)
c_marks 0 l_marks 0
dq_count 2 eq_count 2
c_drops 0 l_drops 0

TICK_NS 2528563867524
TC_DUR_NS 1894162
NEXT 2528574329999
PLACEMENT i=2
qdisc dualpi2 2: parent 1:10 limit 250p target 15ms tupdate 16ms alpha 0.152344 beta 3.195312 l4s_ect coupling_factor 2 drop_on_overload step_thresh 1ms drop_dequeue split_gso classic_protection 10% 
 Sent 176 bytes 2 pkt (dropped 0, overlimits 0 requeues 0) 
 backlog 0b 0p requeues 0
prob 0.000000 delay_c 0us delay_l 0us
pkts_in_c 2 pkts_in_l 0 maxq 0
ecn_mark 0 step_marks 0
credit -121120 (L)
c_marks 0 l_marks 0
dq_count 2 eq_count 2
c_drops 0 l_drops 0

TICK_NS 2528579848871
TC_DUR_NS 1904030
NEXT 2528590329999
PLACEMENT i=3
qdisc dualpi2 2: parent 1:10 limit 250p target 15ms tupdate 16ms alpha 0.152344 beta 3.195312 l4s_ect coupling_factor 2 drop_on_overload step_thresh 1ms drop_dequeue split_gso classic_protection 10% 
 Sent 176 bytes 2 pkt (dropped 0, overlimits 0 requeues 0) 
 backlog 0b 0p requeues 0
prob 0.000000 delay_c 0us delay_l 0us
pkts_in_c 2 pkts_in_l 0 maxq 0
ecn_mark 0 step_marks 0
credit -121120 (L)
c_marks 0 l_marks 0
dq_count 2 eq_count 2
c_drops 0 l_drops 0

TICK_NS 2528595646163
TC_DUR_NS 1805966
NEXT 2528606329999
PLACEMENT i=4
qdisc dualpi2 2: parent 1:10 limit 250p target 15ms tupdate 16ms alpha 0.152344 beta 3.195312 l4s_ect coupling_factor 2 drop_on_overload step_thresh 1ms drop_dequeue split_gso classic_protection 10% 
 Sent 176 bytes 2 pkt (dropped 0, overlimits 0 requeues 0) 
 backlog 0b 0p requeues 0
prob 0.000000 delay_c 0us delay_l 0us
pkts_in_c 2 pkts_in_l 0 maxq 0
ecn_mark 0 step_marks 0
credit -121120 (L)
c_marks 0 l_marks 0
dq_count 2 eq_count 2
c_drops 0 l_drops 0

TICK_NS 2528611853864
TC_DUR_NS 1923026
NEXT 2528622329999
PLACEMENT i=5
qdisc dualpi2 2: parent 1:10 limit 250p target 15ms tupdate 16ms alpha 0.152344 beta 3.195312 l4s_ect coupling_factor 2 drop_on_overload step_thresh 1ms drop_dequeue split_gso classic_protection 10% 
 Sent 176 bytes 2 pkt (dropped 0, overlimits 0 requeues 0) 
 backlog 0b 0p requeues 0
prob 0.000000 delay_c 0us delay_l 0us
pkts_in_c 2 pkts_in_l 0 maxq 0
ecn_mark 0 step_marks 0
credit -121120 (L)
c_marks 0 l_marks 0
dq_count 2 eq_count 2
c_drops 0 l_drops 0

TICK_NS 2528627857172
TC_DUR_NS 1838307
NEXT 2528638329999
PLACEMENT i=6
qdisc dualpi2 2: parent 1:10 limit 250p target 15ms tupdate 16ms alpha 0.152344 beta 3.195312 l4s_ect coupling_factor 2 drop_on_overload step_thresh 1ms drop_dequeue split_gso classic_protection 10% 
 Sent 176 bytes 2 pkt (dropped 0, overlimits 0 requeues 0) 
 backlog 0b 0p requeues 0
prob 0.000000 delay_c 0us delay_l 0us
pkts_in_c 2 pkts_in_l 0 maxq 0
ecn_mark 0 step_marks 0
credit -121120 (L)
c_marks 0 l_marks 0
dq_count 2 eq_count 2
c_drops 0 l_drops 0

TICK_NS 2528643979924
TC_DUR_NS 1879134
NEXT 2528654329999
PLACEMENT i=7
qdisc dualpi2 2: parent 1:10 limit 250p target 15ms tupdate 16ms alpha 0.152344 beta 3.195312 l4s_ect coupling_factor 2 drop_on_overload step_thresh 1ms drop_dequeue split_gso classic_protection 10% 
 Sent 176 bytes 2 pkt (dropped 0, overlimits 0 requeues 0) 
 backlog 0b 0p requeues 0
prob 0.000000 delay_c 0us delay_l 0us
pkts_in_c 2 pkts_in_l 0 maxq 0
ecn_mark 0 step_marks 0
credit -121120 (L)
c_marks 0 l_marks 0
dq_count 2 eq_count 2
c_drops 0 l_drops 0

TICK_NS 2528659834073
TC_DUR_NS 1886016
NEXT 2528670329999
PLACEMENT i=8
qdisc dualpi2 2: parent 1:10 limit 250p target 15ms tupdate 16ms alpha 0.152344 beta 3.195312 l4s_ect coupling_factor 2 drop_on_overload step_thresh 1ms drop_dequeue split_gso classic_protection 10% 
 Sent 176 bytes 2 pkt (dropped 0, overlimits 0 requeues 0) 
 backlog 0b 0p requeues 0
prob 0.000000 delay_c 0us delay_l 0us
pkts_in_c 2 pkts_in_l 0 maxq 0
ecn_mark 0 step_marks 0
credit -121120 (L)
c_marks 0 l_marks 0
dq_count 2 eq_count 2
c_drops 0 l_drops 0

TICK_NS 2528675943760
TC_DUR_NS 1896767
NEXT 2528686329999
PLACEMENT i=9
qdisc dualpi2 2: parent 1:10 limit 250p target 15ms tupdate 16ms alpha 0.152344 beta 3.195312 l4s_ect coupling_factor 2 drop_on_overload step_thresh 1ms drop_dequeue split_gso classic_protection 10% 
 Sent 176 bytes 2 pkt (dropped 0, overlimits 0 requeues 0) 
 backlog 0b 0p requeues 0
prob 0.000000 delay_c 0us delay_l 0us
pkts_in_c 2 pkts_in_l 0 maxq 0
ecn_mark 0 step_marks 0
credit -121120 (L)
c_marks 0 l_marks 0
dq_count 2 eq_count 2
c_drops 0 l_drops 0

TICK_NS 2528691970803
TC_DUR_NS 1921303
NEXT 2528702329999
PLACEMENT i=10
qdisc dualpi2 2: parent 1:10 limit 250p target 15ms tupdate 16ms alpha 0.152344 beta 3.195312 l4s_ect coupling_factor 2 drop_on_overload step_thresh 1ms drop_dequeue split_gso classic_protection 10% 
 Sent 176 bytes 2 pkt (dropped 0, overlimits 0 requeues 0) 
 backlog 0b 0p requeues 0
prob 0.000000 delay_c 0us delay_l 0us
pkts_in_c 2 pkts_in_l 0 maxq 0
ecn_mark 0 step_marks 0
credit -121120 (L)
c_marks 0 l_marks 0
dq_count 2 eq_count 2
c_drops 0 l_drops 0

TICK_NS 2528707913688
TC_DUR_NS 1843246
NEXT 2528718329999
PLACEMENT i=11
qdisc dualpi2 2: parent 1:10 limit 250p target 15ms tupdate 16ms alpha 0.152344 beta 3.195312 l4s_ect coupling_factor 2 drop_on_overload step_thresh 1ms drop_dequeue split_gso classic_protection 10% 
 Sent 176 bytes 2 pkt (dropped 0, overlimits 0 requeues 0) 
 backlog 0b 0p requeues 0
prob 0.000000 delay_c 0us delay_l 0us
pkts_in_c 2 pkts_in_l 0 maxq 0
ecn_mark 0 step_marks 0
credit -121120 (L)
c_marks 0 l_marks 0
dq_count 2 eq_count 2
c_drops 0 l_drops 0

TICK_NS 2528723936793
TC_DUR_NS 1906024
NEXT 2528734329999
PLACEMENT i=12
qdisc dualpi2 2: parent 1:10 limit 250p target 15ms tupdate 16ms alpha 0.152344 beta 3.195312 l4s_ect coupling_factor 2 drop_on_overload step_thresh 1ms drop_dequeue split_gso classic_protection 10% 
 Sent 176 bytes 2 pkt (dropped 0, overlimits 0 requeues 0) 
 backlog 0b 0p requeues 0
prob 0.000000 delay_c 0us delay_l 0us
pkts_in_c 2 pkts_in_l 0 maxq 0
ecn_mark 0 step_marks 0
credit -121120 (L)
c_marks 0 l_marks 0
dq_count 2 eq_count 2
c_drops 0 l_drops 0

TICK_NS 2528739981459
TC_DUR_NS 1890014
NEXT 2528750329999
PLACEMENT i=13
qdisc dualpi2 2: parent 1:10 limit 250p target 15ms tupdate 16ms alpha 0.152344 beta 3.195312 l4s_ect coupling_factor 2 drop_on_overload step_thresh 1ms drop_dequeue split_gso classic_protection 10% 
 Sent 176 bytes 2 pkt (dropped 0, overlimits 0 requeues 0) 
 backlog 0b 0p requeues 0
prob 0.000000 delay_c 0us delay_l 0us
pkts_in_c 2 pkts_in_l 0 maxq 0
ecn_mark 0 step_marks 0
credit -121120 (L)
c_marks 0 l_marks 0
dq_count 2 eq_count 2
c_drops 0 l_drops 0

TICK_NS 2528755930375
TC_DUR_NS 1896536
NEXT 2528766329999
PLACEMENT i=14
qdisc dualpi2 2: parent 1:10 limit 250p target 15ms tupdate 16ms alpha 0.152344 beta 3.195312 l4s_ect coupling_factor 2 drop_on_overload step_thresh 1ms drop_dequeue split_gso classic_protection 10% 
 Sent 176 bytes 2 pkt (dropped 0, overlimits 0 requeues 0) 
 backlog 0b 0p requeues 0
prob 0.000000 delay_c 0us delay_l 0us
pkts_in_c 2 pkts_in_l 0 maxq 0
ecn_mark 0 step_marks 0
credit -121120 (L)
c_marks 0 l_marks 0
dq_count 2 eq_count 2
c_drops 0 l_drops 0

TICK_NS 2528771602732
TC_DUR_NS 1681253
NEXT 2528782329999
PLACEMENT i=15
qdisc dualpi2 2: parent 1:10 limit 250p target 15ms tupdate 16ms alpha 0.152344 beta 3.195312 l4s_ect coupling_factor 2 drop_on_overload step_thresh 1ms drop_dequeue split_gso classic_protection 10% 
 Sent 176 bytes 2 pkt (dropped 0, overlimits 0 requeues 0) 
 backlog 0b 0p requeues 0
prob 0.000000 delay_c 0us delay_l 0us
pkts_in_c 2 pkts_in_l 0 maxq 0
ecn_mark 0 step_marks 0
credit -121120 (L)
c_marks 0 l_marks 0
dq_count 2 eq_count 2
c_drops 0 l_drops 0

TICK_NS 2528787570935
TC_DUR_NS 1605701
NEXT 2528798329999
PLACEMENT i=16
qdisc dualpi2 2: parent 1:10 limit 250p target 15ms tupdate 16ms alpha 0.152344 beta 3.195312 l4s_ect coupling_factor 2 drop_on_overload step_thresh 1ms drop_dequeue split_gso classic_protection 10% 
 Sent 176 bytes 2 pkt (dropped 0, overlimits 0 requeues 0) 
 backlog 0b 0p requeues 0
prob 0.000000 delay_c 0us delay_l 0us
pkts_in_c 2 pkts_in_l 0 maxq 0
ecn_mark 0 step_marks 0
credit -121120 (L)
c_marks 0 l_marks 0
dq_count 2 eq_count 2
c_drops 0 l_drops 0

TICK_NS 2528803552913
TC_DUR_NS 1624035
NEXT 2528814329999
PLACEMENT i=17
qdisc dualpi2 2: parent 1:10 limit 250p target 15ms tupdate 16ms alpha 0.152344 beta 3.195312 l4s_ect coupling_factor 2 drop_on_overload step_thresh 1ms drop_dequeue split_gso classic_protection 10% 
 Sent 176 bytes 2 pkt (dropped 0, overlimits 0 requeues 0) 
 backlog 0b 0p requeues 0
prob 0.000000 delay_c 0us delay_l 0us
pkts_in_c 2 pkts_in_l 0 maxq 0
ecn_mark 0 step_marks 0
credit -121120 (L)
c_marks 0 l_marks 0
dq_count 2 eq_count 2
c_drops 0 l_drops 0

TICK_NS 2528819559507
TC_DUR_NS 1590692
NEXT 2528830329999
PLACEMENT i=18
qdisc dualpi2 2: parent 1:10 limit 250p target 15ms tupdate 16ms alpha 0.152344 beta 3.195312 l4s_ect coupling_factor 2 drop_on_overload step_thresh 1ms drop_dequeue split_gso classic_protection 10% 
 Sent 176 bytes 2 pkt (dropped 0, overlimits 0 requeues 0) 
 backlog 0b 0p requeues 0
prob 0.000000 delay_c 0us delay_l 0us
pkts_in_c 2 pkts_in_l 0 maxq 0
ecn_mark 0 step_marks 0
credit -121120 (L)
c_marks 0 l_marks 0
dq_count 2 eq_count 2
c_drops 0 l_drops 0

TICK_NS 2528835605876
TC_DUR_NS 1635076
NEXT 2528846329999
PLACEMENT i=19
qdisc dualpi2 2: parent 1:10 limit 250p target 15ms tupdate 16ms alpha 0.152344 beta 3.195312 l4s_ect coupling_factor 2 drop_on_overload step_thresh 1ms drop_dequeue split_gso classic_protection 10% 
 Sent 176 bytes 2 pkt (dropped 0, overlimits 0 requeues 0) 
 backlog 0b 0p requeues 0
prob 0.000000 delay_c 0us delay_l 0us
pkts_in_c 2 pkts_in_l 0 maxq 0
ecn_mark 0 step_marks 0
credit -121120 (L)
c_marks 0 l_marks 0
dq_count 2 eq_count 2
c_drops 0 l_drops 0

TICK_NS 2528851582735
TC_DUR_NS 1611682
NEXT 2528862329999
PLACEMENT i=20
qdisc dualpi2 2: parent 1:10 limit 250p target 15ms tupdate 16ms alpha 0.152344 beta 3.195312 l4s_ect coupling_factor 2 drop_on_overload step_thresh 1ms drop_dequeue split_gso classic_protection 10% 
 Sent 176 bytes 2 pkt (dropped 0, overlimits 0 requeues 0) 
 backlog 0b 0p requeues 0
prob 0.000000 delay_c 0us delay_l 0us
pkts_in_c 2 pkts_in_l 0 maxq 0
ecn_mark 0 step_marks 0
credit -121120 (L)
c_marks 0 l_marks 0
dq_count 2 eq_count 2
c_drops 0 l_drops 0

TICK_NS 2528867669199
TC_DUR_NS 1619006
NEXT 2528878329999
PLACEMENT i=21
qdisc dualpi2 2: parent 1:10 limit 250p target 15ms tupdate 16ms alpha 0.152344 beta 3.195312 l4s_ect coupling_factor 2 drop_on_overload step_thresh 1ms drop_dequeue split_gso classic_protection 10% 
 Sent 176 bytes 2 pkt (dropped 0, overlimits 0 requeues 0) 
 backlog 0b 0p requeues 0
prob 0.000000 delay_c 0us delay_l 0us
pkts_in_c 2 pkts_in_l 0 maxq 0
ecn_mark 0 step_marks 0
credit -121120 (L)
c_marks 0 l_marks 0
dq_count 2 eq_count 2
c_drops 0 l_drops 0

TICK_NS 2528883593579
TC_DUR_NS 1619467
NEXT 2528894329999
PLACEMENT i=22
qdisc dualpi2 2: parent 1:10 limit 250p target 15ms tupdate 16ms alpha 0.152344 beta 3.195312 l4s_ect coupling_factor 2 drop_on_overload step_thresh 1ms drop_dequeue split_gso classic_protection 10% 
 Sent 176 bytes 2 pkt (dropped 0, overlimits 0 requeues 0) 
 backlog 0b 0p requeues 0
prob 0.000000 delay_c 0us delay_l 0us
pkts_in_c 2 pkts_in_l 0 maxq 0
ecn_mark 0 step_marks 0
credit -121120 (L)
c_marks 0 l_marks 0
dq_count 2 eq_count 2
c_drops 0 l_drops 0

TICK_NS 2528899565869
TC_DUR_NS 1599139
NEXT 2528910329999
PLACEMENT i=23
qdisc dualpi2 2: parent 1:10 limit 250p target 15ms tupdate 16ms alpha 0.152344 beta 3.195312 l4s_ect coupling_factor 2 drop_on_overload step_thresh 1ms drop_dequeue split_gso classic_protection 10% 
 Sent 336 bytes 4 pkt (dropped 0, overlimits 0 requeues 0) 
 backlog 0b 0p requeues 0
prob 0.000000 delay_c 0us delay_l 0us
pkts_in_c 4 pkts_in_l 0 maxq 0
ecn_mark 0 step_marks 0
credit -121120 (L)
c_marks 0 l_marks 0
dq_count 4 eq_count 4
c_drops 0 l_drops 0

TICK_NS 2528915597971
TC_DUR_NS 1622623
NEXT 2528926329999
PLACEMENT i=24
qdisc dualpi2 2: parent 1:10 limit 250p target 15ms tupdate 16ms alpha 0.152344 beta 3.195312 l4s_ect coupling_factor 2 drop_on_overload step_thresh 1ms drop_dequeue split_gso classic_protection 10% 
 Sent 336 bytes 4 pkt (dropped 0, overlimits 0 requeues 0) 
 backlog 0b 0p requeues 0
prob 0.000000 delay_c 0us delay_l 0us
pkts_in_c 4 pkts_in_l 0 maxq 0
ecn_mark 0 step_marks 0
credit -121120 (L)
c_marks 0 l_marks 0
dq_count 4 eq_count 4
c_drops 0 l_drops 0

TICK_NS 2528931656633
TC_DUR_NS 1628544
NEXT 2528942329999
PLACEMENT i=25
qdisc dualpi2 2: parent 1:10 limit 250p target 15ms tupdate 16ms alpha 0.152344 beta 3.195312 l4s_ect coupling_factor 2 drop_on_overload step_thresh 1ms drop_dequeue split_gso classic_protection 10% 
 Sent 336 bytes 4 pkt (dropped 0, overlimits 0 requeues 0) 
 backlog 0b 0p requeues 0
prob 0.000000 delay_c 0us delay_l 0us
pkts_in_c 4 pkts_in_l 0 maxq 0
ecn_mark 0 step_marks 0
credit -121120 (L)
c_marks 0 l_marks 0
dq_count 4 eq_count 4
c_drops 0 l_drops 0

TICK_NS 2528947586573
TC_DUR_NS 1611141
NEXT 2528958329999
PLACEMENT i=26
qdisc dualpi2 2: parent 1:10 limit 250p target 15ms tupdate 16ms alpha 0.152344 beta 3.195312 l4s_ect coupling_factor 2 drop_on_overload step_thresh 1ms drop_dequeue split_gso classic_protection 10% 
 Sent 336 bytes 4 pkt (dropped 0, overlimits 0 requeues 0) 
 backlog 0b 0p requeues 0
prob 0.000000 delay_c 0us delay_l 0us
pkts_in_c 4 pkts_in_l 0 maxq 0
ecn_mark 0 step_marks 0
credit -121120 (L)
c_marks 0 l_marks 0
dq_count 4 eq_count 4
c_drops 0 l_drops 0

TICK_NS 2528963555397
TC_DUR_NS 1788423
NEXT 2528974329999
PLACEMENT i=27
qdisc dualpi2 2: parent 1:10 limit 250p target 15ms tupdate 16ms alpha 0.152344 beta 3.195312 l4s_ect coupling_factor 2 drop_on_overload step_thresh 1ms drop_dequeue split_gso classic_protection 10% 
 Sent 336 bytes 4 pkt (dropped 0, overlimits 0 requeues 0) 
 backlog 0b 0p requeues 0
prob 0.000000 delay_c 0us delay_l 0us
pkts_in_c 4 pkts_in_l 0 maxq 0
ecn_mark 0 step_marks 0
credit -121120 (L)
c_marks 0 l_marks 0
dq_count 4 eq_count 4
c_drops 0 l_drops 0

TICK_NS 2528979702925
TC_DUR_NS 1850470
NEXT 2528990329999
PLACEMENT i=28
qdisc dualpi2 2: parent 1:10 limit 250p target 15ms tupdate 16ms alpha 0.152344 beta 3.195312 l4s_ect coupling_factor 2 drop_on_overload step_thresh 1ms drop_dequeue split_gso classic_protection 10% 
 Sent 336 bytes 4 pkt (dropped 0, overlimits 0 requeues 0) 
 backlog 0b 0p requeues 0
prob 0.000000 delay_c 0us delay_l 0us
pkts_in_c 4 pkts_in_l 0 maxq 0
ecn_mark 0 step_marks 0
credit -121120 (L)
c_marks 0 l_marks 0
dq_count 4 eq_count 4
c_drops 0 l_drops 0

TICK_NS 2528995635040
TC_DUR_NS 1843046
NEXT 2529006329999
PLACEMENT i=29
qdisc dualpi2 2: parent 1:10 limit 250p target 15ms tupdate 16ms alpha 0.152344 beta 3.195312 l4s_ect coupling_factor 2 drop_on_overload step_thresh 1ms drop_dequeue split_gso classic_protection 10% 
 Sent 336 bytes 4 pkt (dropped 0, overlimits 0 requeues 0) 
 backlog 0b 0p requeues 0
prob 0.000000 delay_c 0us delay_l 0us
pkts_in_c 4 pkts_in_l 0 maxq 0
ecn_mark 0 step_marks 0
credit -121120 (L)
c_marks 0 l_marks 0
dq_count 4 eq_count 4
c_drops 0 l_drops 0

TICK_NS 2529011810220
TC_DUR_NS 1888031
NEXT 2529022329999
PLACEMENT i=30
qdisc dualpi2 2: parent 1:10 limit 250p target 15ms tupdate 16ms alpha 0.152344 beta 3.195312 l4s_ect coupling_factor 2 drop_on_overload step_thresh 1ms drop_dequeue split_gso classic_protection 10% 
 Sent 336 bytes 4 pkt (dropped 0, overlimits 0 requeues 0) 
 backlog 0b 0p requeues 0
prob 0.000000 delay_c 0us delay_l 0us
pkts_in_c 4 pkts_in_l 0 maxq 0
ecn_mark 0 step_marks 0
credit -121120 (L)
c_marks 0 l_marks 0
dq_count 4 eq_count 4
c_drops 0 l_drops 0

TICK_NS 2529027754468
TC_DUR_NS 1871179
NEXT 2529038329999
PLACEMENT i=31
qdisc dualpi2 2: parent 1:10 limit 250p target 15ms tupdate 16ms alpha 0.152344 beta 3.195312 l4s_ect coupling_factor 2 drop_on_overload step_thresh 1ms drop_dequeue split_gso classic_protection 10% 
 Sent 336 bytes 4 pkt (dropped 0, overlimits 0 requeues 0) 
 backlog 0b 0p requeues 0
prob 0.000000 delay_c 0us delay_l 0us
pkts_in_c 4 pkts_in_l 0 maxq 0
ecn_mark 0 step_marks 0
credit -121120 (L)
c_marks 0 l_marks 0
dq_count 4 eq_count 4
c_drops 0 l_drops 0

TICK_NS 2529043877921
TC_DUR_NS 1905754
NEXT 2529054329999
PLACEMENT i=32
qdisc dualpi2 2: parent 1:10 limit 250p target 15ms tupdate 16ms alpha 0.152344 beta 3.195312 l4s_ect coupling_factor 2 drop_on_overload step_thresh 1ms drop_dequeue split_gso classic_protection 10% 
 Sent 336 bytes 4 pkt (dropped 0, overlimits 0 requeues 0) 
 backlog 0b 0p requeues 0
prob 0.000000 delay_c 0us delay_l 0us
pkts_in_c 4 pkts_in_l 0 maxq 0
ecn_mark 0 step_marks 0
credit -121120 (L)
c_marks 0 l_marks 0
dq_count 4 eq_count 4
c_drops 0 l_drops 0

TICK_NS 2529059706822
TC_DUR_NS 1853335
NEXT 2529070329999
PLACEMENT i=33
qdisc dualpi2 2: parent 1:10 limit 250p target 15ms tupdate 16ms alpha 0.152344 beta 3.195312 l4s_ect coupling_factor 2 drop_on_overload step_thresh 1ms drop_dequeue split_gso classic_protection 10% 
 Sent 336 bytes 4 pkt (dropped 0, overlimits 0 requeues 0) 
 backlog 0b 0p requeues 0
prob 0.000000 delay_c 0us delay_l 0us
pkts_in_c 4 pkts_in_l 0 maxq 0
ecn_mark 0 step_marks 0
credit -121120 (L)
c_marks 0 l_marks 0
dq_count 4 eq_count 4
c_drops 0 l_drops 0

TICK_NS 2529075899476
TC_DUR_NS 1884454
NEXT 2529086329999
PLACEMENT i=34
qdisc dualpi2 2: parent 1:10 limit 250p target 15ms tupdate 16ms alpha 0.152344 beta 3.195312 l4s_ect coupling_factor 2 drop_on_overload step_thresh 1ms drop_dequeue split_gso classic_protection 10% 
 Sent 336 bytes 4 pkt (dropped 0, overlimits 0 requeues 0) 
 backlog 0b 0p requeues 0
prob 0.000000 delay_c 0us delay_l 0us
pkts_in_c 4 pkts_in_l 0 maxq 0
ecn_mark 0 step_marks 0
credit -121120 (L)
c_marks 0 l_marks 0
dq_count 4 eq_count 4
c_drops 0 l_drops 0

TICK_NS 2529091788459
TC_DUR_NS 1889714
NEXT 2529102329999
PLACEMENT i=35
qdisc dualpi2 2: parent 1:10 limit 250p target 15ms tupdate 16ms alpha 0.152344 beta 3.195312 l4s_ect coupling_factor 2 drop_on_overload step_thresh 1ms drop_dequeue split_gso classic_protection 10% 
 Sent 336 bytes 4 pkt (dropped 0, overlimits 0 requeues 0) 
 backlog 0b 0p requeues 0
prob 0.000000 delay_c 0us delay_l 0us
pkts_in_c 4 pkts_in_l 0 maxq 0
ecn_mark 0 step_marks 0
credit -121120 (L)
c_marks 0 l_marks 0
dq_count 4 eq_count 4
c_drops 0 l_drops 0

TICK_NS 2529107852271
TC_DUR_NS 1868183
NEXT 2529118329999
PLACEMENT i=36
qdisc dualpi2 2: parent 1:10 limit 250p target 15ms tupdate 16ms alpha 0.152344 beta 3.195312 l4s_ect coupling_factor 2 drop_on_overload step_thresh 1ms drop_dequeue split_gso classic_protection 10% 
 Sent 336 bytes 4 pkt (dropped 0, overlimits 0 requeues 0) 
 backlog 0b 0p requeues 0
prob 0.000000 delay_c 0us delay_l 0us
pkts_in_c 4 pkts_in_l 0 maxq 0
ecn_mark 0 step_marks 0
credit -121120 (L)
c_marks 0 l_marks 0
dq_count 4 eq_count 4
c_drops 0 l_drops 0

TICK_NS 2529123832776
TC_DUR_NS 1863143
NEXT 2529134329999
PLACEMENT i=37
qdisc dualpi2 2: parent 1:10 limit 250p target 15ms tupdate 16ms alpha 0.152344 beta 3.195312 l4s_ect coupling_factor 2 drop_on_overload step_thresh 1ms drop_dequeue split_gso classic_protection 10% 
 Sent 336 bytes 4 pkt (dropped 0, overlimits 0 requeues 0) 
 backlog 0b 0p requeues 0
prob 0.000000 delay_c 0us delay_l 0us
pkts_in_c 4 pkts_in_l 0 maxq 0
ecn_mark 0 step_marks 0
credit -121120 (L)
c_marks 0 l_marks 0
dq_count 4 eq_count 4
c_drops 0 l_drops 0

TICK_NS 2529139981727
TC_DUR_NS 1873273
NEXT 2529150329999
PLACEMENT i=38
qdisc dualpi2 2: parent 1:10 limit 250p target 15ms tupdate 16ms alpha 0.152344 beta 3.195312 l4s_ect coupling_factor 2 drop_on_overload step_thresh 1ms drop_dequeue split_gso classic_protection 10% 
 Sent 336 bytes 4 pkt (dropped 0, overlimits 0 requeues 0) 
 backlog 0b 0p requeues 0
prob 0.000000 delay_c 0us delay_l 0us
pkts_in_c 4 pkts_in_l 0 maxq 0
ecn_mark 0 step_marks 0
credit -121120 (L)
c_marks 0 l_marks 0
dq_count 4 eq_count 4
c_drops 0 l_drops 0

TICK_NS 2529155869449
TC_DUR_NS 1871038
NEXT 2529166329999
PLACEMENT i=39
qdisc dualpi2 2: parent 1:10 limit 250p target 15ms tupdate 16ms alpha 0.152344 beta 3.195312 l4s_ect coupling_factor 2 drop_on_overload step_thresh 1ms drop_dequeue split_gso classic_protection 10% 
 Sent 336 bytes 4 pkt (dropped 0, overlimits 0 requeues 0) 
 backlog 0b 0p requeues 0
prob 0.000000 delay_c 0us delay_l 0us
pkts_in_c 4 pkts_in_l 0 maxq 0
ecn_mark 0 step_marks 0
credit -121120 (L)
c_marks 0 l_marks 0
dq_count 4 eq_count 4
c_drops 0 l_drops 0

TICK_NS 2529171889548
TC_DUR_NS 1915272
NEXT 2529182329999
PLACEMENT i=40
qdisc dualpi2 2: parent 1:10 limit 250p target 15ms tupdate 16ms alpha 0.152344 beta 3.195312 l4s_ect coupling_factor 2 drop_on_overload step_thresh 1ms drop_dequeue split_gso classic_protection 10% 
 Sent 336 bytes 4 pkt (dropped 0, overlimits 0 requeues 0) 
 backlog 0b 0p requeues 0
prob 0.000000 delay_c 0us delay_l 0us
pkts_in_c 4 pkts_in_l 0 maxq 0
ecn_mark 0 step_marks 0
credit -121120 (L)
c_marks 0 l_marks 0
dq_count 4 eq_count 4
c_drops 0 l_drops 0

TICK_NS 2529187763775
TC_DUR_NS 1856792
NEXT 2529198329999
PLACEMENT i=41
qdisc dualpi2 2: parent 1:10 limit 250p target 15ms tupdate 16ms alpha 0.152344 beta 3.195312 l4s_ect coupling_factor 2 drop_on_overload step_thresh 1ms drop_dequeue split_gso classic_protection 10% 
 Sent 426 bytes 5 pkt (dropped 0, overlimits 0 requeues 0) 
 backlog 0b 0p requeues 0
prob 0.000000 delay_c 0us delay_l 0us
pkts_in_c 5 pkts_in_l 0 maxq 0
ecn_mark 0 step_marks 0
credit -121120 (L)
c_marks 0 l_marks 0
dq_count 5 eq_count 5
c_drops 0 l_drops 0

TICK_NS 2529204133780
TC_DUR_NS 1888982
NEXT 2529214329999
PLACEMENT i=42
qdisc dualpi2 2: parent 1:10 limit 250p target 15ms tupdate 16ms alpha 0.152344 beta 3.195312 l4s_ect coupling_factor 2 drop_on_overload step_thresh 1ms drop_dequeue split_gso classic_protection 10% 
 Sent 426 bytes 5 pkt (dropped 0, overlimits 0 requeues 0) 
 backlog 0b 0p requeues 0
prob 0.000000 delay_c 0us delay_l 0us
pkts_in_c 5 pkts_in_l 0 maxq 0
ecn_mark 0 step_marks 0
credit -121120 (L)
c_marks 0 l_marks 0
dq_count 5 eq_count 5
c_drops 0 l_drops 0

TICK_NS 2529219845432
TC_DUR_NS 1877009
NEXT 2529230329999
PLACEMENT i=43
qdisc dualpi2 2: parent 1:10 limit 250p target 15ms tupdate 16ms alpha 0.152344 beta 3.195312 l4s_ect coupling_factor 2 drop_on_overload step_thresh 1ms drop_dequeue split_gso classic_protection 10% 
 Sent 426 bytes 5 pkt (dropped 0, overlimits 0 requeues 0) 
 backlog 0b 0p requeues 0
prob 0.000000 delay_c 0us delay_l 0us
pkts_in_c 5 pkts_in_l 0 maxq 0
ecn_mark 0 step_marks 0
credit -121120 (L)
c_marks 0 l_marks 0
dq_count 5 eq_count 5
c_drops 0 l_drops 0

TICK_NS 2529235965408
TC_DUR_NS 1899902
NEXT 2529246329999
PLACEMENT i=44
qdisc dualpi2 2: parent 1:10 limit 250p target 15ms tupdate 16ms alpha 0.152344 beta 3.195312 l4s_ect coupling_factor 2 drop_on_overload step_thresh 1ms drop_dequeue split_gso classic_protection 10% 
 Sent 426 bytes 5 pkt (dropped 0, overlimits 0 requeues 0) 
 backlog 0b 0p requeues 0
prob 0.000000 delay_c 0us delay_l 0us
pkts_in_c 5 pkts_in_l 0 maxq 0
ecn_mark 0 step_marks 0
credit -121120 (L)
c_marks 0 l_marks 0
dq_count 5 eq_count 5
c_drops 0 l_drops 0

TICK_NS 2529251891692
TC_DUR_NS 1871759
NEXT 2529262329999
PLACEMENT i=45
qdisc dualpi2 2: parent 1:10 limit 250p target 15ms tupdate 16ms alpha 0.152344 beta 3.195312 l4s_ect coupling_factor 2 drop_on_overload step_thresh 1ms drop_dequeue split_gso classic_protection 10% 
 Sent 426 bytes 5 pkt (dropped 0, overlimits 0 requeues 0) 
 backlog 0b 0p requeues 0
prob 0.000000 delay_c 0us delay_l 0us
pkts_in_c 5 pkts_in_l 0 maxq 0
ecn_mark 0 step_marks 0
credit -121120 (L)
c_marks 0 l_marks 0
dq_count 5 eq_count 5
c_drops 0 l_drops 0

TICK_NS 2529267638008
TC_DUR_NS 1729273
NEXT 2529278329999
PLACEMENT i=46
qdisc dualpi2 2: parent 1:10 limit 250p target 15ms tupdate 16ms alpha 0.152344 beta 3.195312 l4s_ect coupling_factor 2 drop_on_overload step_thresh 1ms drop_dequeue split_gso classic_protection 10% 
 Sent 426 bytes 5 pkt (dropped 0, overlimits 0 requeues 0) 
 backlog 0b 0p requeues 0
prob 0.000000 delay_c 0us delay_l 0us
pkts_in_c 5 pkts_in_l 0 maxq 0
ecn_mark 0 step_marks 0
credit -121120 (L)
c_marks 0 l_marks 0
dq_count 5 eq_count 5
c_drops 0 l_drops 0

TICK_NS 2529283556327
TC_DUR_NS 1622513
NEXT 2529294329999
PLACEMENT i=47
qdisc dualpi2 2: parent 1:10 limit 250p target 15ms tupdate 16ms alpha 0.152344 beta 3.195312 l4s_ect coupling_factor 2 drop_on_overload step_thresh 1ms drop_dequeue split_gso classic_protection 10% 
 Sent 426 bytes 5 pkt (dropped 0, overlimits 0 requeues 0) 
 backlog 0b 0p requeues 0
prob 0.000000 delay_c 0us delay_l 0us
pkts_in_c 5 pkts_in_l 0 maxq 0
ecn_mark 0 step_marks 0
credit -121120 (L)
c_marks 0 l_marks 0
dq_count 5 eq_count 5
c_drops 0 l_drops 0

TICK_NS 2529299512898
TC_DUR_NS 1587136
NEXT 2529310329999
PLACEMENT i=48
qdisc dualpi2 2: parent 1:10 limit 250p target 15ms tupdate 16ms alpha 0.152344 beta 3.195312 l4s_ect coupling_factor 2 drop_on_overload step_thresh 1ms drop_dequeue split_gso classic_protection 10% 
 Sent 426 bytes 5 pkt (dropped 0, overlimits 0 requeues 0) 
 backlog 0b 0p requeues 0
prob 0.000000 delay_c 0us delay_l 0us
pkts_in_c 5 pkts_in_l 0 maxq 0
ecn_mark 0 step_marks 0
credit -121120 (L)
c_marks 0 l_marks 0
dq_count 5 eq_count 5
c_drops 0 l_drops 0

TICK_NS 2529315574154
TC_DUR_NS 1620359
NEXT 2529326329999
PLACEMENT i=49
qdisc dualpi2 2: parent 1:10 limit 250p target 15ms tupdate 16ms alpha 0.152344 beta 3.195312 l4s_ect coupling_factor 2 drop_on_overload step_thresh 1ms drop_dequeue split_gso classic_protection 10% 
 Sent 426 bytes 5 pkt (dropped 0, overlimits 0 requeues 0) 
 backlog 0b 0p requeues 0
prob 0.000000 delay_c 0us delay_l 0us
pkts_in_c 5 pkts_in_l 0 maxq 0
ecn_mark 0 step_marks 0
credit -121120 (L)
c_marks 0 l_marks 0
dq_count 5 eq_count 5
c_drops 0 l_drops 0

TICK_NS 2529331557285
TC_DUR_NS 1618846
NEXT 2529342329999
PLACEMENT i=50
qdisc dualpi2 2: parent 1:10 limit 250p target 15ms tupdate 16ms alpha 0.152344 beta 3.195312 l4s_ect coupling_factor 2 drop_on_overload step_thresh 1ms drop_dequeue split_gso classic_protection 10% 
 Sent 426 bytes 5 pkt (dropped 0, overlimits 0 requeues 0) 
 backlog 0b 0p requeues 0
prob 0.000000 delay_c 0us delay_l 0us
pkts_in_c 5 pkts_in_l 0 maxq 0
ecn_mark 0 step_marks 0
credit -121120 (L)
c_marks 0 l_marks 0
dq_count 5 eq_count 5
c_drops 0 l_drops 0

TICK_NS 2529347617179
TC_DUR_NS 1748279
NEXT 2529358329999
PLACEMENT i=51
qdisc dualpi2 2: parent 1:10 limit 250p target 15ms tupdate 16ms alpha 0.152344 beta 3.195312 l4s_ect coupling_factor 2 drop_on_overload step_thresh 1ms drop_dequeue split_gso classic_protection 10% 
 Sent 426 bytes 5 pkt (dropped 0, overlimits 0 requeues 0) 
 backlog 0b 0p requeues 0
prob 0.000000 delay_c 0us delay_l 0us
pkts_in_c 5 pkts_in_l 0 maxq 0
ecn_mark 0 step_marks 0
credit -121120 (L)
c_marks 0 l_marks 0
dq_count 5 eq_count 5
c_drops 0 l_drops 0

TICK_NS 2529363662015
TC_DUR_NS 1640095
NEXT 2529374329999
PLACEMENT i=52
qdisc dualpi2 2: parent 1:10 limit 250p target 15ms tupdate 16ms alpha 0.152344 beta 3.195312 l4s_ect coupling_factor 2 drop_on_overload step_thresh 1ms drop_dequeue split_gso classic_protection 10% 
 Sent 426 bytes 5 pkt (dropped 0, overlimits 0 requeues 0) 
 backlog 0b 0p requeues 0
prob 0.000000 delay_c 0us delay_l 0us
pkts_in_c 5 pkts_in_l 0 maxq 0
ecn_mark 0 step_marks 0
credit -121120 (L)
c_marks 0 l_marks 0
dq_count 5 eq_count 5
c_drops 0 l_drops 0

TICK_NS 2529379568762
TC_DUR_NS 1599850
NEXT 2529390329999
PLACEMENT i=53
qdisc dualpi2 2: parent 1:10 limit 250p target 15ms tupdate 16ms alpha 0.152344 beta 3.195312 l4s_ect coupling_factor 2 drop_on_overload step_thresh 1ms drop_dequeue split_gso classic_protection 10% 
 Sent 426 bytes 5 pkt (dropped 0, overlimits 0 requeues 0) 
 backlog 0b 0p requeues 0
prob 0.000000 delay_c 0us delay_l 0us
pkts_in_c 5 pkts_in_l 0 maxq 0
ecn_mark 0 step_marks 0
credit -121120 (L)
c_marks 0 l_marks 0
dq_count 5 eq_count 5
c_drops 0 l_drops 0

TICK_NS 2529395675875
TC_DUR_NS 1608476
NEXT 2529406329999
PLACEMENT i=54
qdisc dualpi2 2: parent 1:10 limit 250p target 15ms tupdate 16ms alpha 0.152344 beta 3.195312 l4s_ect coupling_factor 2 drop_on_overload step_thresh 1ms drop_dequeue split_gso classic_protection 10% 
 Sent 426 bytes 5 pkt (dropped 0, overlimits 0 requeues 0) 
 backlog 0b 0p requeues 0
prob 0.000000 delay_c 0us delay_l 0us
pkts_in_c 5 pkts_in_l 0 maxq 0
ecn_mark 0 step_marks 0
credit -121120 (L)
c_marks 0 l_marks 0
dq_count 5 eq_count 5
c_drops 0 l_drops 0

TICK_NS 2529411603351
TC_DUR_NS 1587427
NEXT 2529422329999
PLACEMENT i=55
qdisc dualpi2 2: parent 1:10 limit 250p target 15ms tupdate 16ms alpha 0.152344 beta 3.195312 l4s_ect coupling_factor 2 drop_on_overload step_thresh 1ms drop_dequeue split_gso classic_protection 10% 
 Sent 426 bytes 5 pkt (dropped 0, overlimits 0 requeues 0) 
 backlog 0b 0p requeues 0
prob 0.000000 delay_c 0us delay_l 0us
pkts_in_c 5 pkts_in_l 0 maxq 0
ecn_mark 0 step_marks 0
credit -121120 (L)
c_marks 0 l_marks 0
dq_count 5 eq_count 5
c_drops 0 l_drops 0

TICK_NS 2529427502724
TC_DUR_NS 1619317
NEXT 2529438329999
PLACEMENT i=56
qdisc dualpi2 2: parent 1:10 limit 250p target 15ms tupdate 16ms alpha 0.152344 beta 3.195312 l4s_ect coupling_factor 2 drop_on_overload step_thresh 1ms drop_dequeue split_gso classic_protection 10% 
 Sent 426 bytes 5 pkt (dropped 0, overlimits 0 requeues 0) 
 backlog 0b 0p requeues 0
prob 0.000000 delay_c 0us delay_l 0us
pkts_in_c 5 pkts_in_l 0 maxq 0
ecn_mark 0 step_marks 0
credit -121120 (L)
c_marks 0 l_marks 0
dq_count 5 eq_count 5
c_drops 0 l_drops 0

TICK_NS 2529443725504
TC_DUR_NS 1635056
NEXT 2529454329999
PLACEMENT i=57
qdisc dualpi2 2: parent 1:10 limit 250p target 15ms tupdate 16ms alpha 0.152344 beta 3.195312 l4s_ect coupling_factor 2 drop_on_overload step_thresh 1ms drop_dequeue split_gso classic_protection 10% 
 Sent 426 bytes 5 pkt (dropped 0, overlimits 0 requeues 0) 
 backlog 0b 0p requeues 0
prob 0.000000 delay_c 0us delay_l 0us
pkts_in_c 5 pkts_in_l 0 maxq 0
ecn_mark 0 step_marks 0
credit -121120 (L)
c_marks 0 l_marks 0
dq_count 5 eq_count 5
c_drops 0 l_drops 0

TICK_NS 2529459539186
TC_DUR_NS 1621159
NEXT 2529470329999
PLACEMENT i=58
qdisc dualpi2 2: parent 1:10 limit 250p target 15ms tupdate 16ms alpha 0.152344 beta 3.195312 l4s_ect coupling_factor 2 drop_on_overload step_thresh 1ms drop_dequeue split_gso classic_protection 10% 
 Sent 426 bytes 5 pkt (dropped 0, overlimits 0 requeues 0) 
 backlog 0b 0p requeues 0
prob 0.000000 delay_c 0us delay_l 0us
pkts_in_c 5 pkts_in_l 0 maxq 0
ecn_mark 0 step_marks 0
credit -121120 (L)
c_marks 0 l_marks 0
dq_count 5 eq_count 5
c_drops 0 l_drops 0

TICK_NS 2529475684531
TC_DUR_NS 1800687
NEXT 2529486329999
PLACEMENT i=59
qdisc dualpi2 2: parent 1:10 limit 250p target 15ms tupdate 16ms alpha 0.152344 beta 3.195312 l4s_ect coupling_factor 2 drop_on_overload step_thresh 1ms drop_dequeue split_gso classic_protection 10% 
 Sent 426 bytes 5 pkt (dropped 0, overlimits 0 requeues 0) 
 backlog 0b 0p requeues 0
prob 0.000000 delay_c 0us delay_l 0us
pkts_in_c 5 pkts_in_l 0 maxq 0
ecn_mark 0 step_marks 0
credit -121120 (L)
c_marks 0 l_marks 0
dq_count 5 eq_count 5
c_drops 0 l_drops 0

TICK_NS 2529491624720
TC_DUR_NS 1804884
NEXT 2529502329999
PLACEMENT i=60
qdisc dualpi2 2: parent 1:10 limit 250p target 15ms tupdate 16ms alpha 0.152344 beta 3.195312 l4s_ect coupling_factor 2 drop_on_overload step_thresh 1ms drop_dequeue split_gso classic_protection 10% 
 Sent 426 bytes 5 pkt (dropped 0, overlimits 0 requeues 0) 
 backlog 0b 0p requeues 0
prob 0.000000 delay_c 0us delay_l 0us
pkts_in_c 5 pkts_in_l 0 maxq 0
ecn_mark 0 step_marks 0
credit -121120 (L)
c_marks 0 l_marks 0
dq_count 5 eq_count 5
c_drops 0 l_drops 0

TICK_NS 2529507678884
TC_DUR_NS 1838277
NEXT 2529518329999
PLACEMENT i=61
qdisc dualpi2 2: parent 1:10 limit 250p target 15ms tupdate 16ms alpha 0.152344 beta 3.195312 l4s_ect coupling_factor 2 drop_on_overload step_thresh 1ms drop_dequeue split_gso classic_protection 10% 
 Sent 426 bytes 5 pkt (dropped 0, overlimits 0 requeues 0) 
 backlog 0b 0p requeues 0
prob 0.000000 delay_c 0us delay_l 0us
pkts_in_c 5 pkts_in_l 0 maxq 0
ecn_mark 0 step_marks 0
credit -121120 (L)
c_marks 0 l_marks 0
dq_count 5 eq_count 5
c_drops 0 l_drops 0

TICK_NS 2529523601230
TC_DUR_NS 1866520
NEXT 2529534329999
PLACEMENT i=62
qdisc dualpi2 2: parent 1:10 limit 250p target 15ms tupdate 16ms alpha 0.152344 beta 3.195312 l4s_ect coupling_factor 2 drop_on_overload step_thresh 1ms drop_dequeue split_gso classic_protection 10% 
 Sent 426 bytes 5 pkt (dropped 0, overlimits 0 requeues 0) 
 backlog 0b 0p requeues 0
prob 0.000000 delay_c 0us delay_l 0us
pkts_in_c 5 pkts_in_l 0 maxq 0
ecn_mark 0 step_marks 0
credit -121120 (L)
c_marks 0 l_marks 0
dq_count 5 eq_count 5
c_drops 0 l_drops 0

TICK_NS 2529539569042
TC_DUR_NS 1911134
NEXT 2529550329999
PLACEMENT i=63
qdisc dualpi2 2: parent 1:10 limit 250p target 15ms tupdate 16ms alpha 0.152344 beta 3.195312 l4s_ect coupling_factor 2 drop_on_overload step_thresh 1ms drop_dequeue split_gso classic_protection 10% 
 Sent 426 bytes 5 pkt (dropped 0, overlimits 0 requeues 0) 
 backlog 0b 0p requeues 0
prob 0.000000 delay_c 0us delay_l 0us
pkts_in_c 5 pkts_in_l 0 maxq 0
ecn_mark 0 step_marks 0
credit -121120 (L)
c_marks 0 l_marks 0
dq_count 5 eq_count 5
c_drops 0 l_drops 0

TICK_NS 2529555685622
TC_DUR_NS 1840982
NEXT 2529566329999
PLACEMENT i=64
qdisc dualpi2 2: parent 1:10 limit 250p target 15ms tupdate 16ms alpha 0.152344 beta 3.195312 l4s_ect coupling_factor 2 drop_on_overload step_thresh 1ms drop_dequeue split_gso classic_protection 10% 
 Sent 542 bytes 7 pkt (dropped 0, overlimits 0 requeues 0) 
 backlog 0b 0p requeues 0
prob 0.000000 delay_c 0us delay_l 0us
pkts_in_c 6 pkts_in_l 1 maxq 0
ecn_mark 0 step_marks 0
credit -121120 (L)
c_marks 0 l_marks 0
dq_count 7 eq_count 7
c_drops 0 l_drops 0

TICK_NS 2529571867575
TC_DUR_NS 1787121
NEXT 2529582329999
PLACEMENT i=65
qdisc dualpi2 2: parent 1:10 limit 250p target 15ms tupdate 16ms alpha 0.152344 beta 3.195312 l4s_ect coupling_factor 2 drop_on_overload step_thresh 1ms drop_dequeue split_gso classic_protection 10% 
 Sent 735 bytes 9 pkt (dropped 0, overlimits 0 requeues 0) 
 backlog 0b 0p requeues 0
prob 0.000000 delay_c 0us delay_l 0us
pkts_in_c 6 pkts_in_l 3 maxq 0
ecn_mark 0 step_marks 0
credit -121120 (L)
c_marks 0 l_marks 0
dq_count 9 eq_count 9
c_drops 0 l_drops 0

TICK_NS 2529587734758
TC_DUR_NS 1888842
NEXT 2529598329999
PLACEMENT i=66
qdisc dualpi2 2: parent 1:10 limit 250p target 15ms tupdate 16ms alpha 0.152344 beta 3.195312 l4s_ect coupling_factor 2 drop_on_overload step_thresh 1ms drop_dequeue split_gso classic_protection 10% 
 Sent 1126 bytes 12 pkt (dropped 0, overlimits 0 requeues 0) 
 backlog 0b 0p requeues 0
prob 0.000000 delay_c 0us delay_l 0us
pkts_in_c 6 pkts_in_l 6 maxq 0
ecn_mark 0 step_marks 0
credit -121120 (L)
c_marks 0 l_marks 0
dq_count 12 eq_count 12
c_drops 0 l_drops 0

TICK_NS 2529603896173
TC_DUR_NS 1910001
NEXT 2529614329999
PLACEMENT i=67
qdisc dualpi2 2: parent 1:10 limit 250p target 15ms tupdate 16ms alpha 0.152344 beta 3.195312 l4s_ect coupling_factor 2 drop_on_overload step_thresh 1ms drop_dequeue split_gso classic_protection 10% 
 Sent 1126 bytes 12 pkt (dropped 0, overlimits 0 requeues 0) 
 backlog 0b 0p requeues 0
prob 0.000000 delay_c 0us delay_l 0us
pkts_in_c 6 pkts_in_l 6 maxq 0
ecn_mark 0 step_marks 0
credit -121120 (L)
c_marks 0 l_marks 0
dq_count 12 eq_count 12
c_drops 0 l_drops 0

TICK_NS 2529619265292
TC_DUR_NS 1577348
NEXT 2529630329999
PLACEMENT i=68
qdisc dualpi2 2: parent 1:10 limit 250p target 15ms tupdate 16ms alpha 0.152344 beta 3.195312 l4s_ect coupling_factor 2 drop_on_overload step_thresh 1ms drop_dequeue split_gso classic_protection 10% 
 Sent 1278 bytes 14 pkt (dropped 0, overlimits 0 requeues 0) 
 backlog 0b 0p requeues 0
prob 0.000000 delay_c 0us delay_l 0us
pkts_in_c 6 pkts_in_l 8 maxq 0
ecn_mark 0 step_marks 0
credit -121120 (L)
c_marks 0 l_marks 0
dq_count 14 eq_count 14
c_drops 0 l_drops 0

TICK_NS 2529635804435
TC_DUR_NS 1946029
NEXT 2529646329999
PLACEMENT i=69
qdisc dualpi2 2: parent 1:10 limit 250p target 15ms tupdate 16ms alpha 0.152344 beta 3.195312 l4s_ect coupling_factor 2 drop_on_overload step_thresh 1ms drop_dequeue split_gso classic_protection 10% 
 Sent 1471 bytes 16 pkt (dropped 0, overlimits 0 requeues 0) 
 backlog 0b 0p requeues 0
prob 0.000000 delay_c 0us delay_l 0us
pkts_in_c 6 pkts_in_l 10 maxq 0
ecn_mark 0 step_marks 0
credit -121120 (L)
c_marks 0 l_marks 0
dq_count 16 eq_count 16
c_drops 0 l_drops 0

TICK_NS 2529651147074
TC_DUR_NS 1605040
NEXT 2529662329999
PLACEMENT i=70
qdisc dualpi2 2: parent 1:10 limit 250p target 15ms tupdate 16ms alpha 0.152344 beta 3.195312 l4s_ect coupling_factor 2 drop_on_overload step_thresh 1ms drop_dequeue split_gso classic_protection 10% 
 Sent 10633 bytes 23 pkt (dropped 0, overlimits 0 requeues 0) 
 backlog 6056b 4p requeues 0
prob 0.000000 delay_c 3699us delay_l 0us
pkts_in_c 16 pkts_in_l 11 maxq 4
ecn_mark 0 step_marks 0
credit -121120 (L)
c_marks 0 l_marks 0
dq_count 23 eq_count 27
c_drops 0 l_drops 0

TICK_NS 2529667080411
TC_DUR_NS 1560857
NEXT 2529678329999
PLACEMENT i=71
qdisc dualpi2 2: parent 1:10 limit 250p target 15ms tupdate 16ms alpha 0.152344 beta 3.195312 l4s_ect coupling_factor 2 drop_on_overload step_thresh 1ms drop_dequeue split_gso classic_protection 10% 
 Sent 19717 bytes 29 pkt (dropped 0, overlimits 0 requeues 0) 
 backlog 3028b 2p requeues 0
prob 0.014021 delay_c 220us delay_l 0us
pkts_in_c 20 pkts_in_l 11 maxq 4
ecn_mark 0 step_marks 0
credit -121120 (L)
c_marks 0 l_marks 0
dq_count 29 eq_count 31
c_drops 0 l_drops 0

TICK_NS 2529683025760
TC_DUR_NS 1752176
NEXT 2529694329999
PLACEMENT i=72
qdisc dualpi2 2: parent 1:10 limit 250p target 15ms tupdate 16ms alpha 0.152344 beta 3.195312 l4s_ect coupling_factor 2 drop_on_overload step_thresh 1ms drop_dequeue split_gso classic_protection 10% 
 Sent 43941 bytes 45 pkt (dropped 0, overlimits 0 requeues 0) 
 backlog 3028b 2p requeues 0
prob 0.002093 delay_c 3217us delay_l 0us
pkts_in_c 36 pkts_in_l 11 maxq 4
ecn_mark 0 step_marks 0
credit -121120 (L)
c_marks 0 l_marks 0
dq_count 45 eq_count 47
c_drops 0 l_drops 0

TICK_NS 2529698666178
TC_DUR_NS 1369648
NEXT 2529710329999
PLACEMENT i=73
qdisc dualpi2 2: parent 1:10 limit 250p target 15ms tupdate 16ms alpha 0.152344 beta 3.195312 l4s_ect coupling_factor 2 drop_on_overload step_thresh 1ms drop_dequeue split_gso classic_protection 10% 
 Sent 66729 bytes 61 pkt (dropped 0, overlimits 0 requeues 0) 
 backlog 7570b 5p requeues 0
prob 0.009932 delay_c 4839us delay_l 0us
pkts_in_c 54 pkts_in_l 12 maxq 4
ecn_mark 0 step_marks 0
credit -120340 (L)
c_marks 0 l_marks 0
dq_count 61 eq_count 66
c_drops 0 l_drops 0

TICK_NS 2529714625594
TC_DUR_NS 1390527
NEXT 2529726329999
PLACEMENT i=74
qdisc dualpi2 2: parent 1:10 limit 250p target 15ms tupdate 16ms alpha 0.152344 beta 3.195312 l4s_ect coupling_factor 2 drop_on_overload step_thresh 1ms drop_dequeue split_gso classic_protection 10% 
 Sent 90953 bytes 77 pkt (dropped 0, overlimits 0 requeues 0) 
 backlog 7570b 5p requeues 0
prob 0.007758 delay_c 5678us delay_l 0us
pkts_in_c 70 pkts_in_l 12 maxq 6
ecn_mark 0 step_marks 0
credit -120340 (L)
c_marks 0 l_marks 0
dq_count 77 eq_count 82
c_drops 0 l_drops 0

TICK_NS 2529730445418
TC_DUR_NS 1615720
NEXT 2529742329999
PLACEMENT i=75
qdisc dualpi2 2: parent 1:10 limit 250p target 15ms tupdate 16ms alpha 0.152344 beta 3.195312 l4s_ect coupling_factor 2 drop_on_overload step_thresh 1ms drop_dequeue split_gso classic_protection 10% 
 Sent 115177 bytes 93 pkt (dropped 0, overlimits 0 requeues 0) 
 backlog 7570b 5p requeues 0
prob 0.005723 delay_c 6368us delay_l 0us
pkts_in_c 86 pkts_in_l 12 maxq 8
ecn_mark 0 step_marks 0
credit -120340 (L)
c_marks 0 l_marks 0
dq_count 93 eq_count 98
c_drops 0 l_drops 0

TICK_NS 2529746724233
TC_DUR_NS 1420804
NEXT 2529758329999
PLACEMENT i=76
qdisc dualpi2 2: parent 1:10 limit 250p target 15ms tupdate 16ms alpha 0.152344 beta 3.195312 l4s_ect coupling_factor 2 drop_on_overload step_thresh 1ms drop_dequeue split_gso classic_protection 10% 
 Sent 139401 bytes 109 pkt (dropped 0, overlimits 0 requeues 0) 
 backlog 7570b 5p requeues 0
prob 0.017177 delay_c 4449us delay_l 0us
pkts_in_c 102 pkts_in_l 12 maxq 8
ecn_mark 0 step_marks 0
credit -120340 (L)
c_marks 0 l_marks 0
dq_count 109 eq_count 114
c_drops 0 l_drops 0

TICK_NS 2529762570897
TC_DUR_NS 1563312
NEXT 2529774329999
PLACEMENT i=77
qdisc dualpi2 2: parent 1:10 limit 250p target 15ms tupdate 16ms alpha 0.152344 beta 3.195312 l4s_ect coupling_factor 2 drop_on_overload step_thresh 1ms drop_dequeue split_gso classic_protection 10% 
 Sent 163625 bytes 125 pkt (dropped 0, overlimits 0 requeues 0) 
 backlog 7570b 5p requeues 0
prob 0.002200 delay_c 4132us delay_l 0us
pkts_in_c 118 pkts_in_l 12 maxq 8
ecn_mark 0 step_marks 0
credit -120340 (L)
c_marks 0 l_marks 0
dq_count 125 eq_count 130
c_drops 0 l_drops 0

TICK_NS 2529778384139
TC_DUR_NS 1398733
NEXT 2529790329999
PLACEMENT i=78
qdisc dualpi2 2: parent 1:10 limit 250p target 15ms tupdate 16ms alpha 0.152344 beta 3.195312 l4s_ect coupling_factor 2 drop_on_overload step_thresh 1ms drop_dequeue split_gso classic_protection 10% 
 Sent 186335 bytes 140 pkt (dropped 0, overlimits 0 requeues 0) 
 backlog 6056b 4p requeues 0
prob 0.000072 delay_c 3820us delay_l 0us
pkts_in_c 132 pkts_in_l 12 maxq 8
ecn_mark 0 step_marks 0
credit -120340 (L)
c_marks 0 l_marks 0
dq_count 140 eq_count 144
c_drops 0 l_drops 0

TICK_NS 2529794828885
TC_DUR_NS 1600241
NEXT 2529806329999
PLACEMENT i=79
qdisc dualpi2 2: parent 1:10 limit 250p target 15ms tupdate 16ms alpha 0.152344 beta 3.195312 l4s_ect coupling_factor 2 drop_on_overload step_thresh 1ms drop_dequeue split_gso classic_protection 10% 
 Sent 210559 bytes 156 pkt (dropped 0, overlimits 0 requeues 0) 
 backlog 6056b 4p requeues 0
prob 0.000000 delay_c 3959us delay_l 0us
pkts_in_c 148 pkts_in_l 12 maxq 8
ecn_mark 0 step_marks 0
credit -120340 (L)
c_marks 0 l_marks 0
dq_count 156 eq_count 160
c_drops 0 l_drops 0

TICK_NS 2529810243489
TC_DUR_NS 1400516
NEXT 2529822329999
PLACEMENT i=80
qdisc dualpi2 2: parent 1:10 limit 250p target 15ms tupdate 16ms alpha 0.152344 beta 3.195312 l4s_ect coupling_factor 2 drop_on_overload step_thresh 1ms drop_dequeue split_gso classic_protection 10% 
 Sent 234783 bytes 172 pkt (dropped 0, overlimits 0 requeues 0) 
 backlog 6056b 4p requeues 0
prob 0.000000 delay_c 3421us delay_l 0us
pkts_in_c 164 pkts_in_l 12 maxq 8
ecn_mark 0 step_marks 0
credit -120340 (L)
c_marks 0 l_marks 0
dq_count 172 eq_count 176
c_drops 0 l_drops 0

TICK_NS 2529826706249
TC_DUR_NS 1665974
NEXT 2529838329999
PLACEMENT i=81
qdisc dualpi2 2: parent 1:10 limit 250p target 15ms tupdate 16ms alpha 0.152344 beta 3.195312 l4s_ect coupling_factor 2 drop_on_overload step_thresh 1ms drop_dequeue split_gso classic_protection 10% 
 Sent 259007 bytes 188 pkt (dropped 0, overlimits 0 requeues 0) 
 backlog 6056b 4p requeues 0
prob 0.000000 delay_c 3678us delay_l 0us
pkts_in_c 180 pkts_in_l 12 maxq 8
ecn_mark 0 step_marks 0
credit -120340 (L)
c_marks 0 l_marks 0
dq_count 188 eq_count 192
c_drops 0 l_drops 0

TICK_NS 2529842285271
TC_DUR_NS 1335093
NEXT 2529854329999
PLACEMENT i=82
qdisc dualpi2 2: parent 1:10 limit 250p target 15ms tupdate 16ms alpha 0.152344 beta 3.195312 l4s_ect coupling_factor 2 drop_on_overload step_thresh 1ms drop_dequeue split_gso classic_protection 10% 
 Sent 283231 bytes 204 pkt (dropped 0, overlimits 0 requeues 0) 
 backlog 6056b 4p requeues 0
prob 0.000000 delay_c 3323us delay_l 0us
pkts_in_c 196 pkts_in_l 12 maxq 8
ecn_mark 0 step_marks 0
credit -120340 (L)
c_marks 0 l_marks 0
dq_count 204 eq_count 208
c_drops 0 l_drops 0

TICK_NS 2529858435044
TC_DUR_NS 1647419
NEXT 2529870329999
PLACEMENT i=83
qdisc dualpi2 2: parent 1:10 limit 250p target 15ms tupdate 16ms alpha 0.152344 beta 3.195312 l4s_ect coupling_factor 2 drop_on_overload step_thresh 1ms drop_dequeue split_gso classic_protection 10% 
 Sent 307455 bytes 220 pkt (dropped 0, overlimits 0 requeues 0) 
 backlog 6056b 4p requeues 0
prob 0.000000 delay_c 3067us delay_l 0us
pkts_in_c 212 pkts_in_l 12 maxq 8
ecn_mark 0 step_marks 0
credit -120340 (L)
c_marks 0 l_marks 0
dq_count 220 eq_count 224
c_drops 0 l_drops 0

TICK_NS 2529874526557
TC_DUR_NS 1489153
NEXT 2529886329999
PLACEMENT i=84
qdisc dualpi2 2: parent 1:10 limit 250p target 15ms tupdate 16ms alpha 0.152344 beta 3.195312 l4s_ect coupling_factor 2 drop_on_overload step_thresh 1ms drop_dequeue split_gso classic_protection 10% 
 Sent 331679 bytes 236 pkt (dropped 0, overlimits 0 requeues 0) 
 backlog 6056b 4p requeues 0
prob 0.000000 delay_c 3035us delay_l 0us
pkts_in_c 228 pkts_in_l 12 maxq 8
ecn_mark 0 step_marks 0
credit -120340 (L)
c_marks 0 l_marks 0
dq_count 236 eq_count 240
c_drops 0 l_drops 0

TICK_NS 2529890190008
TC_DUR_NS 1372153
NEXT 2529902329999
PLACEMENT i=85
qdisc dualpi2 2: parent 1:10 limit 250p target 15ms tupdate 16ms alpha 0.152344 beta 3.195312 l4s_ect coupling_factor 2 drop_on_overload step_thresh 1ms drop_dequeue split_gso classic_protection 10% 
 Sent 354389 bytes 251 pkt (dropped 0, overlimits 0 requeues 0) 
 backlog 7570b 5p requeues 0
prob 0.000000 delay_c 4650us delay_l 0us
pkts_in_c 244 pkts_in_l 12 maxq 8
ecn_mark 0 step_marks 0
credit -120340 (L)
c_marks 0 l_marks 0
dq_count 251 eq_count 256
c_drops 0 l_drops 0

TICK_NS 2529906457522
TC_DUR_NS 1584041
NEXT 2529918329999
PLACEMENT i=86
qdisc dualpi2 2: parent 1:10 limit 250p target 15ms tupdate 16ms alpha 0.152344 beta 3.195312 l4s_ect coupling_factor 2 drop_on_overload step_thresh 1ms drop_dequeue split_gso classic_protection 10% 
 Sent 378613 bytes 267 pkt (dropped 0, overlimits 0 requeues 0) 
 backlog 7570b 5p requeues 0
prob 0.004470 delay_c 4761us delay_l 0us
pkts_in_c 260 pkts_in_l 12 maxq 8
ecn_mark 0 step_marks 0
credit -120340 (L)
c_marks 0 l_marks 0
dq_count 267 eq_count 272
c_drops 0 l_drops 0

TICK_NS 2529922791049
TC_DUR_NS 1621160
NEXT 2529934329999
PLACEMENT i=87
qdisc dualpi2 2: parent 1:10 limit 250p target 15ms tupdate 16ms alpha 0.152344 beta 3.195312 l4s_ect coupling_factor 2 drop_on_overload step_thresh 1ms drop_dequeue split_gso classic_protection 10% 
 Sent 402837 bytes 283 pkt (dropped 0, overlimits 0 requeues 0) 
 backlog 7570b 5p requeues 0
prob 0.002465 delay_c 4912us delay_l 0us
pkts_in_c 276 pkts_in_l 12 maxq 8
ecn_mark 0 step_marks 0
credit -120340 (L)
c_marks 0 l_marks 0
dq_count 283 eq_count 288
c_drops 0 l_drops 0

TICK_NS 2529938618688
TC_DUR_NS 1537132
NEXT 2529950329999
PLACEMENT i=88
qdisc dualpi2 2: parent 1:10 limit 250p target 15ms tupdate 16ms alpha 0.152344 beta 3.195312 l4s_ect coupling_factor 2 drop_on_overload step_thresh 1ms drop_dequeue split_gso classic_protection 10% 
 Sent 427061 bytes 299 pkt (dropped 0, overlimits 0 requeues 0) 
 backlog 7570b 5p requeues 0
prob 0.000446 delay_c 4530us delay_l 0us
pkts_in_c 292 pkts_in_l 12 maxq 8
ecn_mark 0 step_marks 0
credit -120340 (L)
c_marks 0 l_marks 0
dq_count 299 eq_count 304
c_drops 0 l_drops 0

TICK_NS 2529954573114
TC_DUR_NS 1512025
NEXT 2529966329999
PLACEMENT i=89
qdisc dualpi2 2: parent 1:10 limit 250p target 15ms tupdate 16ms alpha 0.152344 beta 3.195312 l4s_ect coupling_factor 2 drop_on_overload step_thresh 1ms drop_dequeue split_gso classic_protection 10% 
 Sent 451285 bytes 315 pkt (dropped 0, overlimits 0 requeues 0) 
 backlog 7570b 5p requeues 0
prob 0.000000 delay_c 4396us delay_l 0us
pkts_in_c 308 pkts_in_l 12 maxq 8
ecn_mark 0 step_marks 0
credit -120340 (L)
c_marks 0 l_marks 0
dq_count 315 eq_count 320
c_drops 0 l_drops 0

TICK_NS 2529970688923
TC_DUR_NS 1395898
NEXT 2529982329999
PLACEMENT i=90
qdisc dualpi2 2: parent 1:10 limit 250p target 15ms tupdate 16ms alpha 0.152344 beta 3.195312 l4s_ect coupling_factor 2 drop_on_overload step_thresh 1ms drop_dequeue split_gso classic_protection 10% 
 Sent 475509 bytes 331 pkt (dropped 0, overlimits 0 requeues 0) 
 backlog 4542b 3p requeues 0
prob 0.000000 delay_c 4383us delay_l 0us
pkts_in_c 322 pkts_in_l 12 maxq 8
ecn_mark 0 step_marks 0
credit -120340 (L)
c_marks 0 l_marks 0
dq_count 331 eq_count 334
c_drops 0 l_drops 0

TICK_NS 2529986384705
TC_DUR_NS 1340744
NEXT 2529998329999
PLACEMENT i=91
qdisc dualpi2 2: parent 1:10 limit 250p target 15ms tupdate 16ms alpha 0.152344 beta 3.195312 l4s_ect coupling_factor 2 drop_on_overload step_thresh 1ms drop_dequeue split_gso classic_protection 10% 
 Sent 499733 bytes 347 pkt (dropped 0, overlimits 0 requeues 0) 
 backlog 6056b 4p requeues 0
prob 0.000000 delay_c 3044us delay_l 0us
pkts_in_c 339 pkts_in_l 12 maxq 8
ecn_mark 0 step_marks 0
credit -120340 (L)
c_marks 0 l_marks 0
dq_count 347 eq_count 351
c_drops 0 l_drops 0

TICK_NS 2530002397461
TC_DUR_NS 1234264
NEXT 2530014329999
PLACEMENT i=92
qdisc dualpi2 2: parent 1:10 limit 250p target 15ms tupdate 16ms alpha 0.152344 beta 3.195312 l4s_ect coupling_factor 2 drop_on_overload step_thresh 1ms drop_dequeue split_gso classic_protection 10% 
 Sent 522443 bytes 362 pkt (dropped 0, overlimits 0 requeues 0) 
 backlog 7570b 5p requeues 0
prob 0.000000 delay_c 4891us delay_l 0us
pkts_in_c 355 pkts_in_l 12 maxq 8
ecn_mark 0 step_marks 0
credit -120340 (L)
c_marks 0 l_marks 0
dq_count 362 eq_count 367
c_drops 0 l_drops 0

TICK_NS 2530018456073
TC_DUR_NS 1416887
NEXT 2530030329999
PLACEMENT i=93
qdisc dualpi2 2: parent 1:10 limit 250p target 15ms tupdate 16ms alpha 0.152344 beta 3.195312 l4s_ect coupling_factor 2 drop_on_overload step_thresh 1ms drop_dequeue split_gso classic_protection 10% 
 Sent 546667 bytes 378 pkt (dropped 0, overlimits 0 requeues 0) 
 backlog 6056b 4p requeues 0
prob 0.004511 delay_c 4551us delay_l 0us
pkts_in_c 370 pkts_in_l 12 maxq 8
ecn_mark 0 step_marks 0
credit -120340 (L)
c_marks 0 l_marks 0
dq_count 378 eq_count 382
c_drops 0 l_drops 0

TICK_NS 2530034459972
TC_DUR_NS 1465017
NEXT 2530046329999
PLACEMENT i=94
qdisc dualpi2 2: parent 1:10 limit 250p target 15ms tupdate 16ms alpha 0.152344 beta 3.195312 l4s_ect coupling_factor 2 drop_on_overload step_thresh 1ms drop_dequeue split_gso classic_protection 10% 
 Sent 570891 bytes 394 pkt (dropped 0, overlimits 0 requeues 0) 
 backlog 6056b 4p requeues 0
prob 0.000000 delay_c 3420us delay_l 0us
pkts_in_c 386 pkts_in_l 12 maxq 8
ecn_mark 0 step_marks 0
credit -120340 (L)
c_marks 0 l_marks 0
dq_count 394 eq_count 398
c_drops 0 l_drops 0

TICK_NS 2530050483368
TC_DUR_NS 1482219
NEXT 2530062329999
PLACEMENT i=95
qdisc dualpi2 2: parent 1:10 limit 250p target 15ms tupdate 16ms alpha 0.152344 beta 3.195312 l4s_ect coupling_factor 2 drop_on_overload step_thresh 1ms drop_dequeue split_gso classic_protection 10% 
 Sent 595115 bytes 410 pkt (dropped 0, overlimits 0 requeues 0) 
 backlog 6056b 4p requeues 0
prob 0.001044 delay_c 3392us delay_l 0us
pkts_in_c 402 pkts_in_l 12 maxq 8
ecn_mark 0 step_marks 0
credit -120340 (L)
c_marks 0 l_marks 0
dq_count 410 eq_count 414
c_drops 0 l_drops 0

TICK_NS 2530066344239
TC_DUR_NS 1377663
NEXT 2530078329999
PLACEMENT i=96
qdisc dualpi2 2: parent 1:10 limit 250p target 15ms tupdate 16ms alpha 0.152344 beta 3.195312 l4s_ect coupling_factor 2 drop_on_overload step_thresh 1ms drop_dequeue split_gso classic_protection 10% 
 Sent 619339 bytes 426 pkt (dropped 0, overlimits 0 requeues 0) 
 backlog 7570b 5p requeues 0
prob 0.000000 delay_c 3080us delay_l 0us
pkts_in_c 419 pkts_in_l 12 maxq 8
ecn_mark 0 step_marks 0
credit -120340 (L)
c_marks 0 l_marks 0
dq_count 426 eq_count 431
c_drops 0 l_drops 0

TICK_NS 2530082323652
TC_DUR_NS 1474575
NEXT 2530094329999
PLACEMENT i=97
qdisc dualpi2 2: parent 1:10 limit 250p target 15ms tupdate 16ms alpha 0.152344 beta 3.195312 l4s_ect coupling_factor 2 drop_on_overload step_thresh 1ms drop_dequeue split_gso classic_protection 10% 
 Sent 642049 bytes 441 pkt (dropped 0, overlimits 0 requeues 0) 
 backlog 6056b 4p requeues 0
prob 0.001283 delay_c 3878us delay_l 0us
pkts_in_c 433 pkts_in_l 12 maxq 8
ecn_mark 0 step_marks 0
credit -120340 (L)
c_marks 0 l_marks 0
dq_count 441 eq_count 445
c_drops 0 l_drops 0

TICK_NS 2530098325457
TC_DUR_NS 1266265
NEXT 2530110329999
PLACEMENT i=98
qdisc dualpi2 2: parent 1:10 limit 250p target 15ms tupdate 16ms alpha 0.152344 beta 3.195312 l4s_ect coupling_factor 2 drop_on_overload step_thresh 1ms drop_dequeue split_gso classic_protection 10% 
 Sent 666273 bytes 457 pkt (dropped 0, overlimits 0 requeues 0) 
 backlog 6056b 4p requeues 0
prob 0.000000 delay_c 3872us delay_l 0us
pkts_in_c 449 pkts_in_l 12 maxq 8
ecn_mark 0 step_marks 0
credit -120340 (L)
c_marks 0 l_marks 0
dq_count 457 eq_count 461
c_drops 0 l_drops 0

TICK_NS 2530114400320
TC_DUR_NS 1416456
NEXT 2530126329999
PLACEMENT i=99
qdisc dualpi2 2: parent 1:10 limit 250p target 15ms tupdate 16ms alpha 0.152344 beta 3.195312 l4s_ect coupling_factor 2 drop_on_overload step_thresh 1ms drop_dequeue split_gso classic_protection 10% 
 Sent 690497 bytes 473 pkt (dropped 0, overlimits 0 requeues 0) 
 backlog 7570b 5p requeues 0
prob 0.000000 delay_c 4768us delay_l 0us
pkts_in_c 466 pkts_in_l 12 maxq 8
ecn_mark 0 step_marks 0
credit -120340 (L)
c_marks 0 l_marks 0
dq_count 473 eq_count 478
c_drops 0 l_drops 0

TICK_NS 2530130421782
TC_DUR_NS 1506485
NEXT 2530142329999
PLACEMENT i=100
qdisc dualpi2 2: parent 1:10 limit 250p target 15ms tupdate 16ms alpha 0.152344 beta 3.195312 l4s_ect coupling_factor 2 drop_on_overload step_thresh 1ms drop_dequeue split_gso classic_protection 10% 
 Sent 714721 bytes 489 pkt (dropped 0, overlimits 0 requeues 0) 
 backlog 7570b 5p requeues 0
prob 0.000000 delay_c 4595us delay_l 0us
pkts_in_c 482 pkts_in_l 12 maxq 8
ecn_mark 0 step_marks 0
credit -120340 (L)
c_marks 0 l_marks 0
dq_count 489 eq_count 494
c_drops 0 l_drops 0

TICK_NS 2530146729591
TC_DUR_NS 1401338
NEXT 2530158329999
PLACEMENT i=101
qdisc dualpi2 2: parent 1:10 limit 250p target 15ms tupdate 16ms alpha 0.152344 beta 3.195312 l4s_ect coupling_factor 2 drop_on_overload step_thresh 1ms drop_dequeue split_gso classic_protection 10% 
 Sent 738945 bytes 505 pkt (dropped 0, overlimits 0 requeues 0) 
 backlog 7570b 5p requeues 0
prob 0.004486 delay_c 4783us delay_l 0us
pkts_in_c 498 pkts_in_l 12 maxq 8
ecn_mark 0 step_marks 0
credit -120340 (L)
c_marks 0 l_marks 0
dq_count 505 eq_count 510
c_drops 0 l_drops 0

TICK_NS 2530162293305
TC_DUR_NS 1601283
NEXT 2530174329999
PLACEMENT i=102
qdisc dualpi2 2: parent 1:10 limit 250p target 15ms tupdate 16ms alpha 0.152344 beta 3.195312 l4s_ect coupling_factor 2 drop_on_overload step_thresh 1ms drop_dequeue split_gso classic_protection 10% 
 Sent 763169 bytes 521 pkt (dropped 0, overlimits 0 requeues 0) 
 backlog 6056b 4p requeues 0
prob 0.002512 delay_c 3184us delay_l 0us
pkts_in_c 513 pkts_in_l 12 maxq 8
ecn_mark 0 step_marks 0
credit -120340 (L)
c_marks 0 l_marks 0
dq_count 521 eq_count 525
c_drops 0 l_drops 0

TICK_NS 2530177876084
TC_DUR_NS 1258941
NEXT 2530190329999
PLACEMENT i=103
qdisc dualpi2 2: parent 1:10 limit 250p target 15ms tupdate 16ms alpha 0.152344 beta 3.195312 l4s_ect coupling_factor 2 drop_on_overload step_thresh 1ms drop_dequeue split_gso classic_protection 10% 
 Sent 785879 bytes 536 pkt (dropped 0, overlimits 0 requeues 0) 
 backlog 7570b 5p requeues 0
prob 0.000000 delay_c 4712us delay_l 0us
pkts_in_c 529 pkts_in_l 12 maxq 8
ecn_mark 0 step_marks 0
credit -120340 (L)
c_marks 0 l_marks 0
dq_count 536 eq_count 541
c_drops 0 l_drops 0

TICK_NS 2530194700001
TC_DUR_NS 1440812
NEXT 2530206329999
PLACEMENT i=104
qdisc dualpi2 2: parent 1:10 limit 250p target 15ms tupdate 16ms alpha 0.152344 beta 3.195312 l4s_ect coupling_factor 2 drop_on_overload step_thresh 1ms drop_dequeue split_gso classic_protection 10% 
 Sent 811617 bytes 553 pkt (dropped 0, overlimits 0 requeues 0) 
 backlog 6056b 4p requeues 0
prob 0.000000 delay_c 3205us delay_l 0us
pkts_in_c 545 pkts_in_l 12 maxq 8
ecn_mark 0 step_marks 0
credit -120340 (L)
c_marks 0 l_marks 0
dq_count 553 eq_count 557
c_drops 0 l_drops 0

TICK_NS 2530210326132
TC_DUR_NS 1445159
NEXT 2530222329999
PLACEMENT i=105
qdisc dualpi2 2: parent 1:10 limit 250p target 15ms tupdate 16ms alpha 0.152344 beta 3.195312 l4s_ect coupling_factor 2 drop_on_overload step_thresh 1ms drop_dequeue split_gso classic_protection 10% 
 Sent 834327 bytes 568 pkt (dropped 0, overlimits 0 requeues 0) 
 backlog 6056b 4p requeues 0
prob 0.000000 delay_c 3761us delay_l 0us
pkts_in_c 560 pkts_in_l 12 maxq 8
ecn_mark 0 step_marks 0
credit -120340 (L)
c_marks 0 l_marks 0
dq_count 568 eq_count 572
c_drops 0 l_drops 0

TICK_NS 2530226633400
TC_DUR_NS 1568341
NEXT 2530238329999
PLACEMENT i=106
qdisc dualpi2 2: parent 1:10 limit 250p target 15ms tupdate 16ms alpha 0.152344 beta 3.195312 l4s_ect coupling_factor 2 drop_on_overload step_thresh 1ms drop_dequeue split_gso classic_protection 10% 
 Sent 858551 bytes 584 pkt (dropped 0, overlimits 0 requeues 0) 
 backlog 6056b 4p requeues 0
prob 0.001154 delay_c 3815us delay_l 0us
pkts_in_c 576 pkts_in_l 12 maxq 8
ecn_mark 0 step_marks 0
credit -120340 (L)
c_marks 0 l_marks 0
dq_count 584 eq_count 588
c_drops 0 l_drops 0

TICK_NS 2530242244172
TC_DUR_NS 1409903
NEXT 2530254329999
PLACEMENT i=107
qdisc dualpi2 2: parent 1:10 limit 250p target 15ms tupdate 16ms alpha 0.152344 beta 3.195312 l4s_ect coupling_factor 2 drop_on_overload step_thresh 1ms drop_dequeue split_gso classic_protection 10% 
 Sent 882775 bytes 600 pkt (dropped 0, overlimits 0 requeues 0) 
 backlog 6056b 4p requeues 0
prob 0.000000 delay_c 3410us delay_l 0us
pkts_in_c 592 pkts_in_l 12 maxq 8
ecn_mark 0 step_marks 0
credit -120340 (L)
c_marks 0 l_marks 0
dq_count 600 eq_count 604
c_drops 0 l_drops 0

TICK_NS 2530258659713
TC_DUR_NS 1517746
NEXT 2530270329999
PLACEMENT i=108
qdisc dualpi2 2: parent 1:10 limit 250p target 15ms tupdate 16ms alpha 0.152344 beta 3.195312 l4s_ect coupling_factor 2 drop_on_overload step_thresh 1ms drop_dequeue split_gso classic_protection 10% 
 Sent 906999 bytes 616 pkt (dropped 0, overlimits 0 requeues 0) 
 backlog 7570b 5p requeues 0
prob 0.000000 delay_c 4613us delay_l 0us
pkts_in_c 609 pkts_in_l 12 maxq 8
ecn_mark 0 step_marks 0
credit -120340 (L)
c_marks 0 l_marks 0
dq_count 616 eq_count 621
c_drops 0 l_drops 0

TICK_NS 2530274738683
TC_DUR_NS 1618044
NEXT 2530286329999
PLACEMENT i=109
qdisc dualpi2 2: parent 1:10 limit 250p target 15ms tupdate 16ms alpha 0.152344 beta 3.195312 l4s_ect coupling_factor 2 drop_on_overload step_thresh 1ms drop_dequeue split_gso classic_protection 10% 
 Sent 931223 bytes 632 pkt (dropped 0, overlimits 0 requeues 0) 
 backlog 7570b 5p requeues 0
prob 0.001256 delay_c 4498us delay_l 0us
pkts_in_c 625 pkts_in_l 12 maxq 8
ecn_mark 0 step_marks 0
credit -120340 (L)
c_marks 0 l_marks 0
dq_count 632 eq_count 637
c_drops 0 l_drops 0

TICK_NS 2530290488246
TC_DUR_NS 1553082
NEXT 2530302329999
PLACEMENT i=110
qdisc dualpi2 2: parent 1:10 limit 250p target 15ms tupdate 16ms alpha 0.152344 beta 3.195312 l4s_ect coupling_factor 2 drop_on_overload step_thresh 1ms drop_dequeue split_gso classic_protection 10% 
 Sent 955447 bytes 648 pkt (dropped 0, overlimits 0 requeues 0) 
 backlog 6056b 4p requeues 0
prob 0.000000 delay_c 4256us delay_l 0us
pkts_in_c 640 pkts_in_l 12 maxq 8
ecn_mark 0 step_marks 0
credit -120340 (L)
c_marks 0 l_marks 0
dq_count 648 eq_count 652
c_drops 0 l_drops 0

TICK_NS 2530306121841
TC_DUR_NS 1480827
NEXT 2530318329999
PLACEMENT i=111
qdisc dualpi2 2: parent 1:10 limit 250p target 15ms tupdate 16ms alpha 0.152344 beta 3.195312 l4s_ect coupling_factor 2 drop_on_overload step_thresh 1ms drop_dequeue split_gso classic_protection 10% 
 Sent 978157 bytes 663 pkt (dropped 0, overlimits 0 requeues 0) 
 backlog 7570b 5p requeues 0
prob 0.000000 delay_c 4621us delay_l 0us
pkts_in_c 656 pkts_in_l 12 maxq 8
ecn_mark 0 step_marks 0
credit -120340 (L)
c_marks 0 l_marks 0
dq_count 663 eq_count 668
c_drops 0 l_drops 0

TICK_NS 2530322796628
TC_DUR_NS 1545698
NEXT 2530334329999
PLACEMENT i=112
qdisc dualpi2 2: parent 1:10 limit 250p target 15ms tupdate 16ms alpha 0.152344 beta 3.195312 l4s_ect coupling_factor 2 drop_on_overload step_thresh 1ms drop_dequeue split_gso classic_protection 10% 
 Sent 1003895 bytes 680 pkt (dropped 0, overlimits 0 requeues 0) 
 backlog 6056b 4p requeues 0
prob 0.001038 delay_c 3117us delay_l 0us
pkts_in_c 672 pkts_in_l 12 maxq 8
ecn_mark 0 step_marks 0
credit -120340 (L)
c_marks 0 l_marks 0
dq_count 680 eq_count 684
c_drops 0 l_drops 0

TICK_NS 2530338179172
TC_DUR_NS 1441503
NEXT 2530350329999
PLACEMENT i=113
qdisc dualpi2 2: parent 1:10 limit 250p target 15ms tupdate 16ms alpha 0.152344 beta 3.195312 l4s_ect coupling_factor 2 drop_on_overload step_thresh 1ms drop_dequeue split_gso classic_protection 10% 
 Sent 1026605 bytes 695 pkt (dropped 0, overlimits 0 requeues 0) 
 backlog 6056b 4p requeues 0
prob 0.000000 delay_c 2443us delay_l 0us
pkts_in_c 687 pkts_in_l 12 maxq 8
ecn_mark 0 step_marks 0
credit -120340 (L)
c_marks 0 l_marks 0
dq_count 695 eq_count 699
c_drops 0 l_drops 0

TICK_NS 2530354662109
TC_DUR_NS 1591585
NEXT 2530366329999
PLACEMENT i=114
qdisc dualpi2 2: parent 1:10 limit 250p target 15ms tupdate 16ms alpha 0.152344 beta 3.195312 l4s_ect coupling_factor 2 drop_on_overload step_thresh 1ms drop_dequeue split_gso classic_protection 10% 
 Sent 1050829 bytes 711 pkt (dropped 0, overlimits 0 requeues 0) 
 backlog 6056b 4p requeues 0
prob 0.001114 delay_c 3792us delay_l 0us
pkts_in_c 703 pkts_in_l 12 maxq 8
ecn_mark 0 step_marks 0
credit -120340 (L)
c_marks 0 l_marks 0
dq_count 711 eq_count 715
c_drops 0 l_drops 0

TICK_NS 2530370260679
TC_DUR_NS 1490755
NEXT 2530382329999
PLACEMENT i=115
qdisc dualpi2 2: parent 1:10 limit 250p target 15ms tupdate 16ms alpha 0.152344 beta 3.195312 l4s_ect coupling_factor 2 drop_on_overload step_thresh 1ms drop_dequeue split_gso classic_protection 10% 
 Sent 1075053 bytes 727 pkt (dropped 0, overlimits 0 requeues 0) 
 backlog 6056b 4p requeues 0
prob 0.000000 delay_c 3088us delay_l 0us
pkts_in_c 719 pkts_in_l 12 maxq 8
ecn_mark 0 step_marks 0
credit -120340 (L)
c_marks 0 l_marks 0
dq_count 727 eq_count 731
c_drops 0 l_drops 0

TICK_NS 2530386739709
TC_DUR_NS 1726728
NEXT 2530398329999
PLACEMENT i=116
qdisc dualpi2 2: parent 1:10 limit 250p target 15ms tupdate 16ms alpha 0.152344 beta 3.195312 l4s_ect coupling_factor 2 drop_on_overload step_thresh 1ms drop_dequeue split_gso classic_protection 10% 
 Sent 1099277 bytes 743 pkt (dropped 0, overlimits 0 requeues 0) 
 backlog 7570b 5p requeues 0
prob 0.000000 delay_c 4555us delay_l 0us
pkts_in_c 736 pkts_in_l 12 maxq 8
ecn_mark 0 step_marks 0
credit -120340 (L)
c_marks 0 l_marks 0
dq_count 743 eq_count 748
c_drops 0 l_drops 0

TICK_NS 2530402134866
TC_DUR_NS 1237490
NEXT 2530414329999
PLACEMENT i=117
qdisc dualpi2 2: parent 1:10 limit 250p target 15ms tupdate 16ms alpha 0.152344 beta 3.195312 l4s_ect coupling_factor 2 drop_on_overload step_thresh 1ms drop_dequeue split_gso classic_protection 10% 
 Sent 1121987 bytes 758 pkt (dropped 0, overlimits 0 requeues 0) 
 backlog 6056b 4p requeues 0
prob 0.004476 delay_c 4024us delay_l 0us
pkts_in_c 750 pkts_in_l 12 maxq 8
ecn_mark 0 step_marks 0
credit -120340 (L)
c_marks 0 l_marks 0
dq_count 758 eq_count 762
c_drops 0 l_drops 0

TICK_NS 2530418315627
TC_DUR_NS 1270522
NEXT 2530430329999
PLACEMENT i=118
qdisc dualpi2 2: parent 1:10 limit 250p target 15ms tupdate 16ms alpha 0.152344 beta 3.195312 l4s_ect coupling_factor 2 drop_on_overload step_thresh 1ms drop_dequeue split_gso classic_protection 10% 
 Sent 1147725 bytes 775 pkt (dropped 0, overlimits 0 requeues 0) 
 backlog 7570b 5p requeues 0
prob 0.002484 delay_c 4049us delay_l 0us
pkts_in_c 768 pkts_in_l 12 maxq 8
ecn_mark 0 step_marks 0
credit -120340 (L)
c_marks 0 l_marks 0
dq_count 775 eq_count 780
c_drops 0 l_drops 0

TICK_NS 2530434472353
TC_DUR_NS 1347727
NEXT 2530446329999
PLACEMENT i=119
qdisc dualpi2 2: parent 1:10 limit 250p target 15ms tupdate 16ms alpha 0.152344 beta 3.195312 l4s_ect coupling_factor 2 drop_on_overload step_thresh 1ms drop_dequeue split_gso classic_protection 10% 
 Sent 1170435 bytes 790 pkt (dropped 0, overlimits 0 requeues 0) 
 backlog 7570b 5p requeues 0
prob 0.000437 delay_c 4951us delay_l 0us
pkts_in_c 783 pkts_in_l 12 maxq 8
ecn_mark 0 step_marks 0
credit -120340 (L)
c_marks 0 l_marks 0
dq_count 790 eq_count 795
c_drops 0 l_drops 0

TICK_NS 2530450270847
TC_DUR_NS 1392111
NEXT 2530462329999
PLACEMENT i=120
qdisc dualpi2 2: parent 1:10 limit 250p target 15ms tupdate 16ms alpha 0.152344 beta 3.195312 l4s_ect coupling_factor 2 drop_on_overload step_thresh 1ms drop_dequeue split_gso classic_protection 10% 
 Sent 1194659 bytes 806 pkt (dropped 0, overlimits 0 requeues 0) 
 backlog 7570b 5p requeues 0
prob 0.000000 delay_c 4517us delay_l 0us
pkts_in_c 799 pkts_in_l 12 maxq 8
ecn_mark 0 step_marks 0
credit -120340 (L)
c_marks 0 l_marks 0
dq_count 806 eq_count 811
c_drops 0 l_drops 0

TICK_NS 2530466215906
TC_DUR_NS 1250625
NEXT 2530478329999
PLACEMENT i=121
qdisc dualpi2 2: parent 1:10 limit 250p target 15ms tupdate 16ms alpha 0.152344 beta 3.195312 l4s_ect coupling_factor 2 drop_on_overload step_thresh 1ms drop_dequeue split_gso classic_protection 10% 
 Sent 1218883 bytes 822 pkt (dropped 0, overlimits 0 requeues 0) 
 backlog 7570b 5p requeues 0
prob 0.000000 delay_c 4379us delay_l 0us
pkts_in_c 815 pkts_in_l 12 maxq 8
ecn_mark 0 step_marks 0
credit -120340 (L)
c_marks 0 l_marks 0
dq_count 822 eq_count 827
c_drops 0 l_drops 0

TICK_NS 2530482395385
TC_DUR_NS 1403452
NEXT 2530494329999
PLACEMENT i=122
qdisc dualpi2 2: parent 1:10 limit 250p target 15ms tupdate 16ms alpha 0.152344 beta 3.195312 l4s_ect coupling_factor 2 drop_on_overload step_thresh 1ms drop_dequeue split_gso classic_protection 10% 
 Sent 1243107 bytes 838 pkt (dropped 0, overlimits 0 requeues 0) 
 backlog 6056b 4p requeues 0
prob 0.000000 delay_c 3337us delay_l 0us
pkts_in_c 830 pkts_in_l 12 maxq 8
ecn_mark 0 step_marks 0
credit -120340 (L)
c_marks 0 l_marks 0
dq_count 838 eq_count 842
c_drops 0 l_drops 0

TICK_NS 2530498651377
TC_DUR_NS 1475347
NEXT 2530510329999
PLACEMENT i=123
qdisc dualpi2 2: parent 1:10 limit 250p target 15ms tupdate 16ms alpha 0.152344 beta 3.195312 l4s_ect coupling_factor 2 drop_on_overload step_thresh 1ms drop_dequeue split_gso classic_protection 10% 
 Sent 1267331 bytes 854 pkt (dropped 0, overlimits 0 requeues 0) 
 backlog 6056b 4p requeues 0
prob 0.001172 delay_c 3450us delay_l 0us
pkts_in_c 846 pkts_in_l 12 maxq 8
ecn_mark 0 step_marks 0
credit -120340 (L)
c_marks 0 l_marks 0
dq_count 854 eq_count 858
c_drops 0 l_drops 0

TICK_NS 2530514832518
TC_DUR_NS 1649443
NEXT 2530526329999
PLACEMENT i=124
qdisc dualpi2 2: parent 1:10 limit 250p target 15ms tupdate 16ms alpha 0.152344 beta 3.195312 l4s_ect coupling_factor 2 drop_on_overload step_thresh 1ms drop_dequeue split_gso classic_protection 10% 
 Sent 1291555 bytes 870 pkt (dropped 0, overlimits 0 requeues 0) 
 backlog 6056b 4p requeues 0
prob 0.000000 delay_c 3369us delay_l 0us
pkts_in_c 862 pkts_in_l 12 maxq 8
ecn_mark 0 step_marks 0
credit -120340 (L)
c_marks 0 l_marks 0
dq_count 870 eq_count 874
c_drops 0 l_drops 0

TICK_NS 2530530362709
TC_DUR_NS 1334282
NEXT 2530542329999
PLACEMENT i=125
qdisc dualpi2 2: parent 1:10 limit 250p target 15ms tupdate 16ms alpha 0.152344 beta 3.195312 l4s_ect coupling_factor 2 drop_on_overload step_thresh 1ms drop_dequeue split_gso classic_protection 10% 
 Sent 1314265 bytes 885 pkt (dropped 0, overlimits 0 requeues 0) 
 backlog 6056b 4p requeues 0
prob 0.000000 delay_c 3865us delay_l 0us
pkts_in_c 877 pkts_in_l 12 maxq 8
ecn_mark 0 step_marks 0
credit -120340 (L)
c_marks 0 l_marks 0
dq_count 885 eq_count 889
c_drops 0 l_drops 0

TICK_NS 2530546282501
TC_DUR_NS 1374768
NEXT 2530558329999
PLACEMENT i=126
qdisc dualpi2 2: parent 1:10 limit 250p target 15ms tupdate 16ms alpha 0.152344 beta 3.195312 l4s_ect coupling_factor 2 drop_on_overload step_thresh 1ms drop_dequeue split_gso classic_protection 10% 
 Sent 1338489 bytes 901 pkt (dropped 0, overlimits 0 requeues 0) 
 backlog 6056b 4p requeues 0
prob 0.001190 delay_c 3642us delay_l 0us
pkts_in_c 893 pkts_in_l 12 maxq 8
ecn_mark 0 step_marks 0
credit -120340 (L)
c_marks 0 l_marks 0
dq_count 901 eq_count 905
c_drops 0 l_drops 0

TICK_NS 2530562514798
TC_DUR_NS 1551670
NEXT 2530574329999
PLACEMENT i=127
qdisc dualpi2 2: parent 1:10 limit 250p target 15ms tupdate 16ms alpha 0.152344 beta 3.195312 l4s_ect coupling_factor 2 drop_on_overload step_thresh 1ms drop_dequeue split_gso classic_protection 10% 
 Sent 1362713 bytes 917 pkt (dropped 0, overlimits 0 requeues 0) 
 backlog 3028b 2p requeues 0
prob 0.000000 delay_c 3555us delay_l 0us
pkts_in_c 907 pkts_in_l 12 maxq 8
ecn_mark 0 step_marks 0
credit -120340 (L)
c_marks 0 l_marks 0
dq_count 917 eq_count 919
c_drops 0 l_drops 0

TICK_NS 2530578400806
TC_DUR_NS 1660704
NEXT 2530590329999
PLACEMENT i=128
qdisc dualpi2 2: parent 1:10 limit 250p target 15ms tupdate 16ms alpha 0.152344 beta 3.195312 l4s_ect coupling_factor 2 drop_on_overload step_thresh 1ms drop_dequeue split_gso classic_protection 10% 
 Sent 1386937 bytes 933 pkt (dropped 0, overlimits 0 requeues 0) 
 backlog 7570b 5p requeues 0
prob 0.000000 delay_c 4383us delay_l 0us
pkts_in_c 926 pkts_in_l 12 maxq 8
ecn_mark 0 step_marks 0
credit -120340 (L)
c_marks 0 l_marks 0
dq_count 933 eq_count 938
c_drops 0 l_drops 0

TICK_NS 2530594600833
TC_DUR_NS 1378646
NEXT 2530606329999
PLACEMENT i=129
qdisc dualpi2 2: parent 1:10 limit 250p target 15ms tupdate 16ms alpha 0.152344 beta 3.195312 l4s_ect coupling_factor 2 drop_on_overload step_thresh 1ms drop_dequeue split_gso classic_protection 10% 
 Sent 1411161 bytes 949 pkt (dropped 0, overlimits 0 requeues 0) 
 backlog 7570b 5p requeues 0
prob 0.001016 delay_c 4519us delay_l 0us
pkts_in_c 942 pkts_in_l 12 maxq 8
ecn_mark 0 step_marks 0
credit -120340 (L)
c_marks 0 l_marks 0
dq_count 949 eq_count 954
c_drops 0 l_drops 0

TICK_NS 2530610529712
TC_DUR_NS 1347697
NEXT 2530622329999
PLACEMENT i=130
qdisc dualpi2 2: parent 1:10 limit 250p target 15ms tupdate 16ms alpha 0.152344 beta 3.195312 l4s_ect coupling_factor 2 drop_on_overload step_thresh 1ms drop_dequeue split_gso classic_protection 10% 
 Sent 1435385 bytes 965 pkt (dropped 0, overlimits 0 requeues 0) 
 backlog 6056b 4p requeues 0
prob 0.000000 delay_c 2274us delay_l 0us
pkts_in_c 957 pkts_in_l 12 maxq 8
ecn_mark 0 step_marks 0
credit -120340 (L)
c_marks 0 l_marks 0
dq_count 965 eq_count 969
c_drops 0 l_drops 0

TICK_NS 2530626399750
TC_DUR_NS 1424491
NEXT 2530638329999
PLACEMENT i=131
qdisc dualpi2 2: parent 1:10 limit 250p target 15ms tupdate 16ms alpha 0.152344 beta 3.195312 l4s_ect coupling_factor 2 drop_on_overload step_thresh 1ms drop_dequeue split_gso classic_protection 10% 
 Sent 1458095 bytes 980 pkt (dropped 0, overlimits 0 requeues 0) 
 backlog 7570b 5p requeues 0
prob 0.001072 delay_c 4841us delay_l 0us
pkts_in_c 973 pkts_in_l 12 maxq 8
ecn_mark 0 step_marks 0
credit -120340 (L)
c_marks 0 l_marks 0
dq_count 980 eq_count 985
c_drops 0 l_drops 0

TICK_NS 2530642494530
TC_DUR_NS 1545548
NEXT 2530654329999
PLACEMENT i=132
qdisc dualpi2 2: parent 1:10 limit 250p target 15ms tupdate 16ms alpha 0.152344 beta 3.195312 l4s_ect coupling_factor 2 drop_on_overload step_thresh 1ms drop_dequeue split_gso classic_protection 10% 
 Sent 1482319 bytes 996 pkt (dropped 0, overlimits 0 requeues 0) 
 backlog 7570b 5p requeues 0
prob 0.000000 delay_c 4911us delay_l 0us
pkts_in_c 989 pkts_in_l 12 maxq 8
ecn_mark 0 step_marks 0
credit -120340 (L)
c_marks 0 l_marks 0
dq_count 996 eq_count 1001
c_drops 0 l_drops 0

TICK_NS 2530658257107
TC_DUR_NS 1484494
NEXT 2530670329999
PLACEMENT i=133
qdisc dualpi2 2: parent 1:10 limit 250p target 15ms tupdate 16ms alpha 0.152344 beta 3.195312 l4s_ect coupling_factor 2 drop_on_overload step_thresh 1ms drop_dequeue split_gso classic_protection 10% 
 Sent 1506543 bytes 1012 pkt (dropped 0, overlimits 0 requeues 0) 
 backlog 6056b 4p requeues 0
prob 0.000000 delay_c 3503us delay_l 0us
pkts_in_c 1004 pkts_in_l 12 maxq 8
ecn_mark 0 step_marks 0
credit -120340 (L)
c_marks 0 l_marks 0
dq_count 1012 eq_count 1016
c_drops 0 l_drops 0

TICK_NS 2530674575586
TC_DUR_NS 1709495
NEXT 2530686329999
PLACEMENT i=134
qdisc dualpi2 2: parent 1:10 limit 250p target 15ms tupdate 16ms alpha 0.152344 beta 3.195312 l4s_ect coupling_factor 2 drop_on_overload step_thresh 1ms drop_dequeue split_gso classic_protection 10% 
 Sent 1530767 bytes 1028 pkt (dropped 0, overlimits 0 requeues 0) 
 backlog 6056b 4p requeues 0
prob 0.001171 delay_c 3663us delay_l 0us
pkts_in_c 1020 pkts_in_l 12 maxq 8
ecn_mark 0 step_marks 0
credit -120340 (L)
c_marks 0 l_marks 0
dq_count 1028 eq_count 1032
c_drops 0 l_drops 0

TICK_NS 2530690415277
TC_DUR_NS 1509510
NEXT 2530702329999
PLACEMENT i=135
qdisc dualpi2 2: parent 1:10 limit 250p target 15ms tupdate 16ms alpha 0.152344 beta 3.195312 l4s_ect coupling_factor 2 drop_on_overload step_thresh 1ms drop_dequeue split_gso classic_protection 10% 
 Sent 1554991 bytes 1044 pkt (dropped 0, overlimits 0 requeues 0) 
 backlog 6056b 4p requeues 0
prob 0.000000 delay_c 3431us delay_l 0us
pkts_in_c 1036 pkts_in_l 12 maxq 8
ecn_mark 0 step_marks 0
credit -120340 (L)
c_marks 0 l_marks 0
dq_count 1044 eq_count 1048
c_drops 0 l_drops 0

TICK_NS 2530706781005
TC_DUR_NS 1705317
NEXT 2530718329999
PLACEMENT i=136
qdisc dualpi2 2: parent 1:10 limit 250p target 15ms tupdate 16ms alpha 0.152344 beta 3.195312 l4s_ect coupling_factor 2 drop_on_overload step_thresh 1ms drop_dequeue split_gso classic_protection 10% 
 Sent 1579215 bytes 1060 pkt (dropped 0, overlimits 0 requeues 0) 
 backlog 7570b 5p requeues 0
prob 0.000000 delay_c 4621us delay_l 0us
pkts_in_c 1053 pkts_in_l 12 maxq 8
ecn_mark 0 step_marks 0
credit -120340 (L)
c_marks 0 l_marks 0
dq_count 1060 eq_count 1065
c_drops 0 l_drops 0

TICK_NS 2530722571333
TC_DUR_NS 1557000
NEXT 2530734329999
PLACEMENT i=137
qdisc dualpi2 2: parent 1:10 limit 250p target 15ms tupdate 16ms alpha 0.152344 beta 3.195312 l4s_ect coupling_factor 2 drop_on_overload step_thresh 1ms drop_dequeue split_gso classic_protection 10% 
 Sent 1603439 bytes 1076 pkt (dropped 0, overlimits 0 requeues 0) 
 backlog 7570b 5p requeues 0
prob 0.000000 delay_c 4239us delay_l 0us
pkts_in_c 1069 pkts_in_l 12 maxq 8
ecn_mark 0 step_marks 0
credit -120340 (L)
c_marks 0 l_marks 0
dq_count 1076 eq_count 1081
c_drops 0 l_drops 0

TICK_NS 2530738319132
TC_DUR_NS 1507016
NEXT 2530750329999
PLACEMENT i=138
qdisc dualpi2 2: parent 1:10 limit 250p target 15ms tupdate 16ms alpha 0.152344 beta 3.195312 l4s_ect coupling_factor 2 drop_on_overload step_thresh 1ms drop_dequeue split_gso classic_protection 10% 
 Sent 1626149 bytes 1091 pkt (dropped 0, overlimits 0 requeues 0) 
 backlog 6056b 4p requeues 0
prob 0.004517 delay_c 3734us delay_l 0us
pkts_in_c 1083 pkts_in_l 12 maxq 8
ecn_mark 0 step_marks 0
credit -120340 (L)
c_marks 0 l_marks 0
dq_count 1091 eq_count 1095
c_drops 0 l_drops 0

TICK_NS 2530754699938
TC_DUR_NS 1606272
NEXT 2530766329999
PLACEMENT i=139
qdisc dualpi2 2: parent 1:10 limit 250p target 15ms tupdate 16ms alpha 0.152344 beta 3.195312 l4s_ect coupling_factor 2 drop_on_overload step_thresh 1ms drop_dequeue split_gso classic_protection 10% 
 Sent 1650373 bytes 1107 pkt (dropped 0, overlimits 0 requeues 0) 
 backlog 7570b 5p requeues 0
prob 0.002561 delay_c 5015us delay_l 0us
pkts_in_c 1100 pkts_in_l 12 maxq 8
ecn_mark 0 step_marks 0
credit -120340 (L)
c_marks 0 l_marks 0
dq_count 1107 eq_count 1112
c_drops 0 l_drops 0

TICK_NS 2530770204531
TC_DUR_NS 1578220
NEXT 2530782329999
PLACEMENT i=140
qdisc dualpi2 2: parent 1:10 limit 250p target 15ms tupdate 16ms alpha 0.152344 beta 3.195312 l4s_ect coupling_factor 2 drop_on_overload step_thresh 1ms drop_dequeue split_gso classic_protection 10% 
 Sent 1674597 bytes 1123 pkt (dropped 0, overlimits 0 requeues 0) 
 backlog 7570b 5p requeues 0
prob 0.000000 delay_c 4390us delay_l 0us
pkts_in_c 1116 pkts_in_l 12 maxq 8
ecn_mark 0 step_marks 0
credit -120340 (L)
c_marks 0 l_marks 0
dq_count 1123 eq_count 1128
c_drops 0 l_drops 0

TICK_NS 2530786700654
TC_DUR_NS 1600200
NEXT 2530798329999
PLACEMENT i=141
qdisc dualpi2 2: parent 1:10 limit 250p target 15ms tupdate 16ms alpha 0.152344 beta 3.195312 l4s_ect coupling_factor 2 drop_on_overload step_thresh 1ms drop_dequeue split_gso classic_protection 10% 
 Sent 1698821 bytes 1139 pkt (dropped 0, overlimits 0 requeues 0) 
 backlog 7570b 5p requeues 0
prob 0.000000 delay_c 4730us delay_l 0us
pkts_in_c 1132 pkts_in_l 12 maxq 8
ecn_mark 0 step_marks 0
credit -120340 (L)
c_marks 0 l_marks 0
dq_count 1139 eq_count 1144
c_drops 0 l_drops 0

TICK_NS 2530802355589
TC_DUR_NS 1587527
NEXT 2530814329999
PLACEMENT i=142
qdisc dualpi2 2: parent 1:10 limit 250p target 15ms tupdate 16ms alpha 0.152344 beta 3.195312 l4s_ect coupling_factor 2 drop_on_overload step_thresh 1ms drop_dequeue split_gso classic_protection 10% 
 Sent 1723045 bytes 1155 pkt (dropped 0, overlimits 0 requeues 0) 
 backlog 6056b 4p requeues 0
prob 0.000000 delay_c 3078us delay_l 0us
pkts_in_c 1147 pkts_in_l 12 maxq 8
ecn_mark 0 step_marks 0
credit -120340 (L)
c_marks 0 l_marks 0
dq_count 1155 eq_count 1159
c_drops 0 l_drops 0

TICK_NS 2530818230776
TC_DUR_NS 1404774
NEXT 2530830329999
PLACEMENT i=143
qdisc dualpi2 2: parent 1:10 limit 250p target 15ms tupdate 16ms alpha 0.152344 beta 3.195312 l4s_ect coupling_factor 2 drop_on_overload step_thresh 1ms drop_dequeue split_gso classic_protection 10% 
 Sent 1747269 bytes 1171 pkt (dropped 0, overlimits 0 requeues 0) 
 backlog 6056b 4p requeues 0
prob 0.001201 delay_c 3039us delay_l 0us
pkts_in_c 1163 pkts_in_l 12 maxq 8
ecn_mark 0 step_marks 0
credit -120340 (L)
c_marks 0 l_marks 0
dq_count 1171 eq_count 1175
c_drops 0 l_drops 0

TICK_NS 2530834568101
TC_DUR_NS 1560306
NEXT 2530846329999
PLACEMENT i=144
qdisc dualpi2 2: parent 1:10 limit 250p target 15ms tupdate 16ms alpha 0.152344 beta 3.195312 l4s_ect coupling_factor 2 drop_on_overload step_thresh 1ms drop_dequeue split_gso classic_protection 10% 
 Sent 1771493 bytes 1187 pkt (dropped 0, overlimits 0 requeues 0) 
 backlog 3028b 2p requeues 0
prob 0.000000 delay_c 3245us delay_l 0us
pkts_in_c 1177 pkts_in_l 12 maxq 8
ecn_mark 0 step_marks 0
credit -120340 (L)
c_marks 0 l_marks 0
dq_count 1187 eq_count 1189
c_drops 0 l_drops 0

TICK_NS 2530850233034
TC_DUR_NS 1528746
NEXT 2530862329999
PLACEMENT i=145
qdisc dualpi2 2: parent 1:10 limit 250p target 15ms tupdate 16ms alpha 0.152344 beta 3.195312 l4s_ect coupling_factor 2 drop_on_overload step_thresh 1ms drop_dequeue split_gso classic_protection 10% 
 Sent 1794203 bytes 1202 pkt (dropped 0, overlimits 0 requeues 0) 
 backlog 6056b 4p requeues 0
prob 0.000000 delay_c 3757us delay_l 0us
pkts_in_c 1194 pkts_in_l 12 maxq 8
ecn_mark 0 step_marks 0
credit -120340 (L)
c_marks 0 l_marks 0
dq_count 1202 eq_count 1206
c_drops 0 l_drops 0

TICK_NS 2530866350046
TC_DUR_NS 1646127
NEXT 2530878329999
PLACEMENT i=146
qdisc dualpi2 2: parent 1:10 limit 250p target 15ms tupdate 16ms alpha 0.152344 beta 3.195312 l4s_ect coupling_factor 2 drop_on_overload step_thresh 1ms drop_dequeue split_gso classic_protection 10% 
 Sent 1818427 bytes 1218 pkt (dropped 0, overlimits 0 requeues 0) 
 backlog 6056b 4p requeues 0
prob 0.007731 delay_c 3700us delay_l 0us
pkts_in_c 1210 pkts_in_l 12 maxq 8
ecn_mark 0 step_marks 0
credit -120340 (L)
c_marks 0 l_marks 0
dq_count 1218 eq_count 1222
c_drops 0 l_drops 0

TICK_NS 2530882333787
TC_DUR_NS 1397791
NEXT 2530894329999
PLACEMENT i=147
qdisc dualpi2 2: parent 1:10 limit 250p target 15ms tupdate 16ms alpha 0.152344 beta 3.195312 l4s_ect coupling_factor 2 drop_on_overload step_thresh 1ms drop_dequeue split_gso classic_protection 10% 
 Sent 1842651 bytes 1234 pkt (dropped 0, overlimits 0 requeues 0) 
 backlog 7570b 5p requeues 0
prob 0.005755 delay_c 1686us delay_l 0us
pkts_in_c 1227 pkts_in_l 12 maxq 8
ecn_mark 0 step_marks 0
credit -120340 (L)
c_marks 0 l_marks 0
dq_count 1234 eq_count 1239
c_drops 0 l_drops 0

TICK_NS 2530898436341
TC_DUR_NS 1322590
NEXT 2530910329999
PLACEMENT i=148
qdisc dualpi2 2: parent 1:10 limit 250p target 15ms tupdate 16ms alpha 0.152344 beta 3.195312 l4s_ect coupling_factor 2 drop_on_overload step_thresh 1ms drop_dequeue split_gso classic_protection 10% 
 Sent 1866875 bytes 1250 pkt (dropped 0, overlimits 0 requeues 0) 
 backlog 7570b 5p requeues 0
prob 0.000352 delay_c 4599us delay_l 0us
pkts_in_c 1243 pkts_in_l 12 maxq 8
ecn_mark 0 step_marks 0
credit -120340 (L)
c_marks 0 l_marks 0
dq_count 1250 eq_count 1255
c_drops 0 l_drops 0

TICK_NS 2530914370981
TC_DUR_NS 1400656
NEXT 2530926329999
PLACEMENT i=149
qdisc dualpi2 2: parent 1:10 limit 250p target 15ms tupdate 16ms alpha 0.152344 beta 3.195312 l4s_ect coupling_factor 2 drop_on_overload step_thresh 1ms drop_dequeue split_gso classic_protection 10% 
 Sent 1891099 bytes 1266 pkt (dropped 0, overlimits 0 requeues 0) 
 backlog 7570b 5p requeues 0
prob 0.000000 delay_c 4384us delay_l 0us
pkts_in_c 1259 pkts_in_l 12 maxq 8
ecn_mark 0 step_marks 0
credit -120340 (L)
c_marks 0 l_marks 0
dq_count 1266 eq_count 1271
c_drops 0 l_drops 0

TICK_NS 2530930518289
TC_DUR_NS 1333451
NEXT 2530942329999
PLACEMENT i=150
qdisc dualpi2 2: parent 1:10 limit 250p target 15ms tupdate 16ms alpha 0.152344 beta 3.195312 l4s_ect coupling_factor 2 drop_on_overload step_thresh 1ms drop_dequeue split_gso classic_protection 10% 
 Sent 1915323 bytes 1282 pkt (dropped 0, overlimits 0 requeues 0) 
 backlog 6056b 4p requeues 0
prob 0.000000 delay_c 3363us delay_l 0us
pkts_in_c 1274 pkts_in_l 12 maxq 8
ecn_mark 0 step_marks 0
credit -120340 (L)
c_marks 0 l_marks 0
dq_count 1282 eq_count 1286
c_drops 0 l_drops 0

TICK_NS 2530946530273
TC_DUR_NS 1435933
NEXT 2530958329999
PLACEMENT i=151
qdisc dualpi2 2: parent 1:10 limit 250p target 15ms tupdate 16ms alpha 0.152344 beta 3.195312 l4s_ect coupling_factor 2 drop_on_overload step_thresh 1ms drop_dequeue split_gso classic_protection 10% 
 Sent 1939547 bytes 1298 pkt (dropped 0, overlimits 0 requeues 0) 
 backlog 6056b 4p requeues 0
prob 0.001205 delay_c 3168us delay_l 0us
pkts_in_c 1290 pkts_in_l 12 maxq 8
ecn_mark 0 step_marks 0
credit -120340 (L)
c_marks 0 l_marks 0
dq_count 1298 eq_count 1302
c_drops 0 l_drops 0

TICK_NS 2530962231445
TC_DUR_NS 1388805
NEXT 2530974329999
PLACEMENT i=152
qdisc dualpi2 2: parent 1:10 limit 250p target 15ms tupdate 16ms alpha 0.152344 beta 3.195312 l4s_ect coupling_factor 2 drop_on_overload step_thresh 1ms drop_dequeue split_gso classic_protection 10% 
 Sent 1962257 bytes 1313 pkt (dropped 0, overlimits 0 requeues 0) 
 backlog 7570b 5p requeues 0
prob 0.000000 delay_c 4780us delay_l 0us
pkts_in_c 1306 pkts_in_l 12 maxq 8
ecn_mark 0 step_marks 0
credit -120340 (L)
c_marks 0 l_marks 0
dq_count 1313 eq_count 1318
c_drops 0 l_drops 0

TICK_NS 2530978489821
TC_DUR_NS 1495785
NEXT 2530990329999
PLACEMENT i=153
qdisc dualpi2 2: parent 1:10 limit 250p target 15ms tupdate 16ms alpha 0.152344 beta 3.195312 l4s_ect coupling_factor 2 drop_on_overload step_thresh 1ms drop_dequeue split_gso classic_protection 10% 
 Sent 1986481 bytes 1329 pkt (dropped 0, overlimits 0 requeues 0) 
 backlog 6056b 4p requeues 0
prob 0.000000 delay_c 3828us delay_l 0us
pkts_in_c 1321 pkts_in_l 12 maxq 8
ecn_mark 0 step_marks 0
credit -120340 (L)
c_marks 0 l_marks 0
dq_count 1329 eq_count 1333
c_drops 0 l_drops 0

TICK_NS 2530994534547
TC_DUR_NS 1388554
NEXT 2531006329999
PLACEMENT i=154
qdisc dualpi2 2: parent 1:10 limit 250p target 15ms tupdate 16ms alpha 0.152344 beta 3.195312 l4s_ect coupling_factor 2 drop_on_overload step_thresh 1ms drop_dequeue split_gso classic_protection 10% 
 Sent 2010705 bytes 1345 pkt (dropped 0, overlimits 0 requeues 0) 
 backlog 6056b 4p requeues 0
prob 0.001224 delay_c 3774us delay_l 0us
pkts_in_c 1337 pkts_in_l 12 maxq 8
ecn_mark 0 step_marks 0
credit -120340 (L)
c_marks 0 l_marks 0
dq_count 1345 eq_count 1349
c_drops 0 l_drops 0

TICK_NS 2531010579143
TC_DUR_NS 1455920
NEXT 2531022329999
PLACEMENT i=155
qdisc dualpi2 2: parent 1:10 limit 250p target 15ms tupdate 16ms alpha 0.152344 beta 3.195312 l4s_ect coupling_factor 2 drop_on_overload step_thresh 1ms drop_dequeue split_gso classic_protection 10% 
 Sent 2034929 bytes 1361 pkt (dropped 0, overlimits 0 requeues 0) 
 backlog 6056b 4p requeues 0
prob 0.000000 delay_c 3675us delay_l 0us
pkts_in_c 1353 pkts_in_l 12 maxq 8
ecn_mark 0 step_marks 0
credit -120340 (L)
c_marks 0 l_marks 0
dq_count 1361 eq_count 1365
c_drops 0 l_drops 0

TICK_NS 2531026706924
TC_DUR_NS 1542533
NEXT 2531038329999
PLACEMENT i=156
qdisc dualpi2 2: parent 1:10 limit 250p target 15ms tupdate 16ms alpha 0.152344 beta 3.195312 l4s_ect coupling_factor 2 drop_on_overload step_thresh 1ms drop_dequeue split_gso classic_protection 10% 
 Sent 2059153 bytes 1377 pkt (dropped 0, overlimits 0 requeues 0) 
 backlog 7570b 5p requeues 0
prob 0.000000 delay_c 4617us delay_l 0us
pkts_in_c 1370 pkts_in_l 12 maxq 8
ecn_mark 0 step_marks 0
credit -120340 (L)
c_marks 0 l_marks 0
dq_count 1377 eq_count 1382
c_drops 0 l_drops 0

TICK_NS 2531042364204
TC_DUR_NS 1211071
NEXT 2531054329999
PLACEMENT i=157
qdisc dualpi2 2: parent 1:10 limit 250p target 15ms tupdate 16ms alpha 0.152344 beta 3.195312 l4s_ect coupling_factor 2 drop_on_overload step_thresh 1ms drop_dequeue split_gso classic_protection 10% 
 Sent 2083377 bytes 1393 pkt (dropped 0, overlimits 0 requeues 0) 
 backlog 7570b 5p requeues 0
prob 0.000000 delay_c 4180us delay_l 0us
pkts_in_c 1386 pkts_in_l 12 maxq 8
ecn_mark 0 step_marks 0
credit -120340 (L)
c_marks 0 l_marks 0
dq_count 1393 eq_count 1398
c_drops 0 l_drops 0

TICK_NS 2531058040318
TC_DUR_NS 1479514
NEXT 2531070329999
PLACEMENT i=158
qdisc dualpi2 2: parent 1:10 limit 250p target 15ms tupdate 16ms alpha 0.152344 beta 3.195312 l4s_ect coupling_factor 2 drop_on_overload step_thresh 1ms drop_dequeue split_gso classic_protection 10% 
 Sent 2106087 bytes 1408 pkt (dropped 0, overlimits 0 requeues 0) 
 backlog 6056b 4p requeues 0
prob 0.000000 delay_c 3708us delay_l 0us
pkts_in_c 1400 pkts_in_l 12 maxq 8
ecn_mark 0 step_marks 0
credit -120340 (L)
c_marks 0 l_marks 0
dq_count 1408 eq_count 1412
c_drops 0 l_drops 0

TICK_NS 2531074343589
TC_DUR_NS 1243673
NEXT 2531086329999
PLACEMENT i=159
qdisc dualpi2 2: parent 1:10 limit 250p target 15ms tupdate 16ms alpha 0.152344 beta 3.195312 l4s_ect coupling_factor 2 drop_on_overload step_thresh 1ms drop_dequeue split_gso classic_protection 10% 
 Sent 2130311 bytes 1424 pkt (dropped 0, overlimits 0 requeues 0) 
 backlog 7570b 5p requeues 0
prob 0.000000 delay_c 4881us delay_l 0us
pkts_in_c 1417 pkts_in_l 12 maxq 8
ecn_mark 0 step_marks 0
credit -120340 (L)
c_marks 0 l_marks 0
dq_count 1424 eq_count 1429
c_drops 0 l_drops 0

TICK_NS 2531090356805
TC_DUR_NS 1432917
NEXT 2531102329999
PLACEMENT i=160
qdisc dualpi2 2: parent 1:10 limit 250p target 15ms tupdate 16ms alpha 0.152344 beta 3.195312 l4s_ect coupling_factor 2 drop_on_overload step_thresh 1ms drop_dequeue split_gso classic_protection 10% 
 Sent 2154535 bytes 1440 pkt (dropped 0, overlimits 0 requeues 0) 
 backlog 7570b 5p requeues 0
prob 0.001141 delay_c 4587us delay_l 0us
pkts_in_c 1433 pkts_in_l 12 maxq 8
ecn_mark 0 step_marks 0
credit -120340 (L)
c_marks 0 l_marks 0
dq_count 1440 eq_count 1445
c_drops 0 l_drops 0

TICK_NS 2531106487573
TC_DUR_NS 1332669
NEXT 2531118329999
PLACEMENT i=161
qdisc dualpi2 2: parent 1:10 limit 250p target 15ms tupdate 16ms alpha 0.152344 beta 3.195312 l4s_ect coupling_factor 2 drop_on_overload step_thresh 1ms drop_dequeue split_gso classic_protection 10% 
 Sent 2178759 bytes 1456 pkt (dropped 0, overlimits 0 requeues 0) 
 backlog 4542b 3p requeues 0
prob 0.000000 delay_c 4664us delay_l 0us
pkts_in_c 1447 pkts_in_l 12 maxq 8
ecn_mark 0 step_marks 0
credit -120340 (L)
c_marks 0 l_marks 0
dq_count 1456 eq_count 1459
c_drops 0 l_drops 0

TICK_NS 2531122499888
TC_DUR_NS 1361683
NEXT 2531134329999
PLACEMENT i=162
qdisc dualpi2 2: parent 1:10 limit 250p target 15ms tupdate 16ms alpha 0.152344 beta 3.195312 l4s_ect coupling_factor 2 drop_on_overload step_thresh 1ms drop_dequeue split_gso classic_protection 10% 
 Sent 2202983 bytes 1472 pkt (dropped 0, overlimits 0 requeues 0) 
 backlog 6056b 4p requeues 0
prob 0.000000 delay_c 3470us delay_l 0us
pkts_in_c 1464 pkts_in_l 12 maxq 8
ecn_mark 0 step_marks 0
credit -120340 (L)
c_marks 0 l_marks 0
dq_count 1472 eq_count 1476
c_drops 0 l_drops 0

TICK_NS 2531138477678
TC_DUR_NS 1245927
NEXT 2531150329999
PLACEMENT i=163
qdisc dualpi2 2: parent 1:10 limit 250p target 15ms tupdate 16ms alpha 0.152344 beta 3.195312 l4s_ect coupling_factor 2 drop_on_overload step_thresh 1ms drop_dequeue split_gso classic_protection 10% 
 Sent 2227207 bytes 1488 pkt (dropped 0, overlimits 0 requeues 0) 
 backlog 6056b 4p requeues 0
prob 0.007689 delay_c 3416us delay_l 0us
pkts_in_c 1480 pkts_in_l 12 maxq 8
ecn_mark 0 step_marks 0
credit -120340 (L)
c_marks 0 l_marks 0
dq_count 1488 eq_count 1492
c_drops 0 l_drops 0

TICK_NS 2531154482950
TC_DUR_NS 1474615
NEXT 2531166329999
PLACEMENT i=164
qdisc dualpi2 2: parent 1:10 limit 250p target 15ms tupdate 16ms alpha 0.152344 beta 3.195312 l4s_ect coupling_factor 2 drop_on_overload step_thresh 1ms drop_dequeue split_gso classic_protection 10% 
 Sent 2251431 bytes 1504 pkt (dropped 0, overlimits 0 requeues 0) 
 backlog 7570b 5p requeues 0
prob 0.005645 delay_c 1105us delay_l 0us
pkts_in_c 1497 pkts_in_l 12 maxq 8
ecn_mark 0 step_marks 0
credit -120340 (L)
c_marks 0 l_marks 0
dq_count 1504 eq_count 1509
c_drops 0 l_drops 0

TICK_NS 2531170847145
TC_DUR_NS 1591965
NEXT 2531182329999
PLACEMENT i=165
qdisc dualpi2 2: parent 1:10 limit 250p target 15ms tupdate 16ms alpha 0.152344 beta 3.195312 l4s_ect coupling_factor 2 drop_on_overload step_thresh 1ms drop_dequeue split_gso classic_protection 10% 
 Sent 2275655 bytes 1520 pkt (dropped 0, overlimits 0 requeues 0) 
 backlog 7570b 5p requeues 0
prob 0.000225 delay_c 4101us delay_l 0us
pkts_in_c 1513 pkts_in_l 12 maxq 8
ecn_mark 0 step_marks 0
credit -120340 (L)
c_marks 0 l_marks 0
dq_count 1520 eq_count 1525
c_drops 0 l_drops 0

TICK_NS 2531186725118
TC_DUR_NS 1577477
NEXT 2531198329999
PLACEMENT i=166
qdisc dualpi2 2: parent 1:10 limit 250p target 15ms tupdate 16ms alpha 0.152344 beta 3.195312 l4s_ect coupling_factor 2 drop_on_overload step_thresh 1ms drop_dequeue split_gso classic_protection 10% 
 Sent 2298365 bytes 1535 pkt (dropped 0, overlimits 0 requeues 0) 
 backlog 6056b 4p requeues 0
prob 0.000000 delay_c 3957us delay_l 0us
pkts_in_c 1527 pkts_in_l 12 maxq 8
ecn_mark 0 step_marks 0
credit -120340 (L)
c_marks 0 l_marks 0
dq_count 1535 eq_count 1539
c_drops 0 l_drops 0

TICK_NS 2531202874259
TC_DUR_NS 1481237
NEXT 2531214329999
PLACEMENT i=167
qdisc dualpi2 2: parent 1:10 limit 250p target 15ms tupdate 16ms alpha 0.152344 beta 3.195312 l4s_ect coupling_factor 2 drop_on_overload step_thresh 1ms drop_dequeue split_gso classic_protection 10% 
 Sent 2322589 bytes 1551 pkt (dropped 0, overlimits 0 requeues 0) 
 backlog 7570b 5p requeues 0
prob 0.000000 delay_c 3959us delay_l 0us
pkts_in_c 1544 pkts_in_l 12 maxq 8
ecn_mark 0 step_marks 0
credit -120340 (L)
c_marks 0 l_marks 0
dq_count 1551 eq_count 1556
c_drops 0 l_drops 0

TICK_NS 2531218146136
TC_DUR_NS 1442114
NEXT 2531230329999
PLACEMENT i=168
qdisc dualpi2 2: parent 1:10 limit 250p target 15ms tupdate 16ms alpha 0.152344 beta 3.195312 l4s_ect coupling_factor 2 drop_on_overload step_thresh 1ms drop_dequeue split_gso classic_protection 10% 
 Sent 2346813 bytes 1567 pkt (dropped 0, overlimits 0 requeues 0) 
 backlog 7570b 5p requeues 0
prob 0.001137 delay_c 4278us delay_l 0us
pkts_in_c 1560 pkts_in_l 12 maxq 8
ecn_mark 0 step_marks 0
credit -120340 (L)
c_marks 0 l_marks 0
dq_count 1567 eq_count 1572
c_drops 0 l_drops 0

TICK_NS 2531234693715
TC_DUR_NS 1547652
NEXT 2531246329999
PLACEMENT i=169
qdisc dualpi2 2: parent 1:10 limit 250p target 15ms tupdate 16ms alpha 0.152344 beta 3.195312 l4s_ect coupling_factor 2 drop_on_overload step_thresh 1ms drop_dequeue split_gso classic_protection 10% 
 Sent 2371037 bytes 1583 pkt (dropped 0, overlimits 0 requeues 0) 
 backlog 7570b 5p requeues 0
prob 0.000000 delay_c 4635us delay_l 0us
pkts_in_c 1576 pkts_in_l 12 maxq 8
ecn_mark 0 step_marks 0
credit -120340 (L)
c_marks 0 l_marks 0
dq_count 1583 eq_count 1588
c_drops 0 l_drops 0

TICK_NS 2531250322691
TC_DUR_NS 1650626
NEXT 2531262329999
PLACEMENT i=170
qdisc dualpi2 2: parent 1:10 limit 250p target 15ms tupdate 16ms alpha 0.152344 beta 3.195312 l4s_ect coupling_factor 2 drop_on_overload step_thresh 1ms drop_dequeue split_gso classic_protection 10% 
 Sent 2395261 bytes 1599 pkt (dropped 0, overlimits 0 requeues 0) 
 backlog 6056b 4p requeues 0
prob 0.000000 delay_c 3191us delay_l 0us
pkts_in_c 1591 pkts_in_l 12 maxq 8
ecn_mark 0 step_marks 0
credit -120340 (L)
c_marks 0 l_marks 0
dq_count 1599 eq_count 1603
c_drops 0 l_drops 0

TICK_NS 2531266000969
TC_DUR_NS 1369308
NEXT 2531278329999
PLACEMENT i=171
qdisc dualpi2 2: parent 1:10 limit 250p target 15ms tupdate 16ms alpha 0.152344 beta 3.195312 l4s_ect coupling_factor 2 drop_on_overload step_thresh 1ms drop_dequeue split_gso classic_protection 10% 
 Sent 2417971 bytes 1614 pkt (dropped 0, overlimits 0 requeues 0) 
 backlog 7570b 5p requeues 0
prob 0.001204 delay_c 4655us delay_l 0us
pkts_in_c 1607 pkts_in_l 12 maxq 8
ecn_mark 0 step_marks 0
credit -120340 (L)
c_marks 0 l_marks 0
dq_count 1614 eq_count 1619
c_drops 0 l_drops 0

TICK_NS 2531282941866
TC_DUR_NS 1716358
NEXT 2531294329999
PLACEMENT i=172
qdisc dualpi2 2: parent 1:10 limit 250p target 15ms tupdate 16ms alpha 0.152344 beta 3.195312 l4s_ect coupling_factor 2 drop_on_overload step_thresh 1ms drop_dequeue split_gso classic_protection 10% 
 Sent 2443709 bytes 1631 pkt (dropped 0, overlimits 0 requeues 0) 
 backlog 6056b 4p requeues 0
prob 0.000000 delay_c 3198us delay_l 0us
pkts_in_c 1623 pkts_in_l 12 maxq 8
ecn_mark 0 step_marks 0
credit -120340 (L)
c_marks 0 l_marks 0
dq_count 1631 eq_count 1635
c_drops 0 l_drops 0

TICK_NS 2531298190418
TC_DUR_NS 1302672
NEXT 2531310329999
PLACEMENT i=173
qdisc dualpi2 2: parent 1:10 limit 250p target 15ms tupdate 16ms alpha 0.152344 beta 3.195312 l4s_ect coupling_factor 2 drop_on_overload step_thresh 1ms drop_dequeue split_gso classic_protection 10% 
 Sent 2466419 bytes 1646 pkt (dropped 0, overlimits 0 requeues 0) 
 backlog 6056b 4p requeues 0
prob 0.000000 delay_c 3618us delay_l 0us
pkts_in_c 1638 pkts_in_l 12 maxq 8
ecn_mark 0 step_marks 0
credit -120340 (L)
c_marks 0 l_marks 0
dq_count 1646 eq_count 1650
c_drops 0 l_drops 0

TICK_NS 2531314806606
TC_DUR_NS 1517936
NEXT 2531326329999
PLACEMENT i=174
qdisc dualpi2 2: parent 1:10 limit 250p target 15ms tupdate 16ms alpha 0.152344 beta 3.195312 l4s_ect coupling_factor 2 drop_on_overload step_thresh 1ms drop_dequeue split_gso classic_protection 10% 
 Sent 2490643 bytes 1662 pkt (dropped 0, overlimits 0 requeues 0) 
 backlog 6056b 4p requeues 0
prob 0.000000 delay_c 3954us delay_l 0us
pkts_in_c 1654 pkts_in_l 12 maxq 8
ecn_mark 0 step_marks 0
credit -120340 (L)
c_marks 0 l_marks 0
dq_count 1662 eq_count 1666
c_drops 0 l_drops 0

TICK_NS 2531330144156
TC_DUR_NS 1406197
NEXT 2531342329999
PLACEMENT i=175
qdisc dualpi2 2: parent 1:10 limit 250p target 15ms tupdate 16ms alpha 0.152344 beta 3.195312 l4s_ect coupling_factor 2 drop_on_overload step_thresh 1ms drop_dequeue split_gso classic_protection 10% 
 Sent 2514867 bytes 1678 pkt (dropped 0, overlimits 0 requeues 0) 
 backlog 6056b 4p requeues 0
prob 0.000000 delay_c 3237us delay_l 0us
pkts_in_c 1670 pkts_in_l 12 maxq 8
ecn_mark 0 step_marks 0
credit -120340 (L)
c_marks 0 l_marks 0
dq_count 1678 eq_count 1682
c_drops 0 l_drops 0

TICK_NS 2531346732661
TC_DUR_NS 1567399
NEXT 2531358329999
PLACEMENT i=176
qdisc dualpi2 2: parent 1:10 limit 250p target 15ms tupdate 16ms alpha 0.152344 beta 3.195312 l4s_ect coupling_factor 2 drop_on_overload step_thresh 1ms drop_dequeue split_gso classic_protection 10% 
 Sent 2539091 bytes 1694 pkt (dropped 0, overlimits 0 requeues 0) 
 backlog 7570b 5p requeues 0
prob 0.004479 delay_c 4568us delay_l 0us
pkts_in_c 1687 pkts_in_l 12 maxq 8
ecn_mark 0 step_marks 0
credit -120340 (L)
c_marks 0 l_marks 0
dq_count 1694 eq_count 1699
c_drops 0 l_drops 0

TICK_NS 2531362510106
TC_DUR_NS 1410394
NEXT 2531374329999
PLACEMENT i=177
qdisc dualpi2 2: parent 1:10 limit 250p target 15ms tupdate 16ms alpha 0.152344 beta 3.195312 l4s_ect coupling_factor 2 drop_on_overload step_thresh 1ms drop_dequeue split_gso classic_protection 10% 
 Sent 2563315 bytes 1710 pkt (dropped 0, overlimits 0 requeues 0) 
 backlog 7570b 5p requeues 0
prob 0.000000 delay_c 4307us delay_l 0us
pkts_in_c 1703 pkts_in_l 12 maxq 8
ecn_mark 0 step_marks 0
credit -120340 (L)
c_marks 0 l_marks 0
dq_count 1710 eq_count 1715
c_drops 0 l_drops 0

TICK_NS 2531378358173
TC_DUR_NS 1451402
NEXT 2531390329999
PLACEMENT i=178
qdisc dualpi2 2: parent 1:10 limit 250p target 15ms tupdate 16ms alpha 0.152344 beta 3.195312 l4s_ect coupling_factor 2 drop_on_overload step_thresh 1ms drop_dequeue split_gso classic_protection 10% 
 Sent 2587539 bytes 1726 pkt (dropped 0, overlimits 0 requeues 0) 
 backlog 4542b 3p requeues 0
prob 0.000000 delay_c 4082us delay_l 0us
pkts_in_c 1717 pkts_in_l 12 maxq 8
ecn_mark 0 step_marks 0
credit -120340 (L)
c_marks 0 l_marks 0
dq_count 1726 eq_count 1729
c_drops 0 l_drops 0

TICK_NS 2531394178428
TC_DUR_NS 1392542
NEXT 2531406329999
PLACEMENT i=179
qdisc dualpi2 2: parent 1:10 limit 250p target 15ms tupdate 16ms alpha 0.152344 beta 3.195312 l4s_ect coupling_factor 2 drop_on_overload step_thresh 1ms drop_dequeue split_gso classic_protection 10% 
 Sent 2610249 bytes 1741 pkt (dropped 0, overlimits 0 requeues 0) 
 backlog 7570b 5p requeues 0
prob 0.000000 delay_c 4690us delay_l 0us
pkts_in_c 1734 pkts_in_l 12 maxq 8
ecn_mark 0 step_marks 0
credit -120340 (L)
c_marks 0 l_marks 0
dq_count 1741 eq_count 1746
c_drops 0 l_drops 0

TICK_NS 2531410651487
TC_DUR_NS 1551660
NEXT 2531422329999
PLACEMENT i=180
qdisc dualpi2 2: parent 1:10 limit 250p target 15ms tupdate 16ms alpha 0.152344 beta 3.195312 l4s_ect coupling_factor 2 drop_on_overload step_thresh 1ms drop_dequeue split_gso classic_protection 10% 
 Sent 2634473 bytes 1757 pkt (dropped 0, overlimits 0 requeues 0) 
 backlog 7570b 5p requeues 0
prob 0.007670 delay_c 5037us delay_l 0us
pkts_in_c 1750 pkts_in_l 12 maxq 8
ecn_mark 0 step_marks 0
credit -120340 (L)
c_marks 0 l_marks 0
dq_count 1757 eq_count 1762
c_drops 0 l_drops 0

TICK_NS 2531426501627
TC_DUR_NS 1309926
NEXT 2531438329999
PLACEMENT i=181
qdisc dualpi2 2: parent 1:10 limit 250p target 15ms tupdate 16ms alpha 0.152344 beta 3.195312 l4s_ect coupling_factor 2 drop_on_overload step_thresh 1ms drop_dequeue split_gso classic_protection 10% 
 Sent 2658697 bytes 1773 pkt (dropped 0, overlimits 0 requeues 0) 
 backlog 6056b 4p requeues 0
prob 0.005627 delay_c 4773us delay_l 0us
pkts_in_c 1765 pkts_in_l 12 maxq 8
ecn_mark 0 step_marks 0
credit -120340 (L)
c_marks 0 l_marks 0
dq_count 1773 eq_count 1777
c_drops 0 l_drops 0

TICK_NS 2531442499155
TC_DUR_NS 1483622
NEXT 2531454329999
PLACEMENT i=182
qdisc dualpi2 2: parent 1:10 limit 250p target 15ms tupdate 16ms alpha 0.152344 beta 3.195312 l4s_ect coupling_factor 2 drop_on_overload step_thresh 1ms drop_dequeue split_gso classic_protection 10% 
 Sent 2682921 bytes 1789 pkt (dropped 0, overlimits 0 requeues 0) 
 backlog 6056b 4p requeues 0
prob 0.000150 delay_c 3544us delay_l 0us
pkts_in_c 1781 pkts_in_l 12 maxq 8
ecn_mark 0 step_marks 0
credit -120340 (L)
c_marks 0 l_marks 0
dq_count 1789 eq_count 1793
c_drops 0 l_drops 0

TICK_NS 2531458479510
TC_DUR_NS 1312141
NEXT 2531470329999
PLACEMENT i=183
qdisc dualpi2 2: parent 1:10 limit 250p target 15ms tupdate 16ms alpha 0.152344 beta 3.195312 l4s_ect coupling_factor 2 drop_on_overload step_thresh 1ms drop_dequeue split_gso classic_protection 10% 
 Sent 2707145 bytes 1805 pkt (dropped 0, overlimits 0 requeues 0) 
 backlog 6056b 4p requeues 0
prob 0.000000 delay_c 3467us delay_l 0us
pkts_in_c 1797 pkts_in_l 12 maxq 8
ecn_mark 0 step_marks 0
credit -120340 (L)
c_marks 0 l_marks 0
dq_count 1805 eq_count 1809
c_drops 0 l_drops 0

TICK_NS 2531474464273
TC_DUR_NS 1385077
NEXT 2531486329999
PLACEMENT i=184
qdisc dualpi2 2: parent 1:10 limit 250p target 15ms tupdate 16ms alpha 0.152344 beta 3.195312 l4s_ect coupling_factor 2 drop_on_overload step_thresh 1ms drop_dequeue split_gso classic_protection 10% 
 Sent 2731369 bytes 1821 pkt (dropped 0, overlimits 0 requeues 0) 
 backlog 7570b 5p requeues 0
prob 0.004491 delay_c 3340us delay_l 0us
pkts_in_c 1814 pkts_in_l 12 maxq 8
ecn_mark 0 step_marks 0
credit -120340 (L)
c_marks 0 l_marks 0
dq_count 1821 eq_count 1826
c_drops 0 l_drops 0

TICK_NS 2531490128265
TC_DUR_NS 1331627
NEXT 2531502329999
PLACEMENT i=185
qdisc dualpi2 2: parent 1:10 limit 250p target 15ms tupdate 16ms alpha 0.152344 beta 3.195312 l4s_ect coupling_factor 2 drop_on_overload step_thresh 1ms drop_dequeue split_gso classic_protection 10% 
 Sent 2754079 bytes 1836 pkt (dropped 0, overlimits 0 requeues 0) 
 backlog 6056b 4p requeues 0
prob 0.000000 delay_c 3750us delay_l 0us
pkts_in_c 1828 pkts_in_l 12 maxq 8
ecn_mark 0 step_marks 0
credit -120340 (L)
c_marks 0 l_marks 0
dq_count 1836 eq_count 1840
c_drops 0 l_drops 0

TICK_NS 2531506684270
TC_DUR_NS 1660253
NEXT 2531518329999
PLACEMENT i=186
qdisc dualpi2 2: parent 1:10 limit 250p target 15ms tupdate 16ms alpha 0.152344 beta 3.195312 l4s_ect coupling_factor 2 drop_on_overload step_thresh 1ms drop_dequeue split_gso classic_protection 10% 
 Sent 2778303 bytes 1852 pkt (dropped 0, overlimits 0 requeues 0) 
 backlog 6056b 4p requeues 0
prob 0.000000 delay_c 3982us delay_l 0us
pkts_in_c 1844 pkts_in_l 12 maxq 8
ecn_mark 0 step_marks 0
credit -120340 (L)
c_marks 0 l_marks 0
dq_count 1852 eq_count 1856
c_drops 0 l_drops 0

TICK_NS 2531522342972
TC_DUR_NS 1365381
NEXT 2531534329999
PLACEMENT i=187
qdisc dualpi2 2: parent 1:10 limit 250p target 15ms tupdate 16ms alpha 0.152344 beta 3.195312 l4s_ect coupling_factor 2 drop_on_overload step_thresh 1ms drop_dequeue split_gso classic_protection 10% 
 Sent 2802527 bytes 1868 pkt (dropped 0, overlimits 0 requeues 0) 
 backlog 7570b 5p requeues 0
prob 0.000000 delay_c 4700us delay_l 0us
pkts_in_c 1861 pkts_in_l 12 maxq 8
ecn_mark 0 step_marks 0
credit -120340 (L)
c_marks 0 l_marks 0
dq_count 1868 eq_count 1873
c_drops 0 l_drops 0

TICK_NS 2531538135795
TC_DUR_NS 1225467
NEXT 2531550329999
PLACEMENT i=188
qdisc dualpi2 2: parent 1:10 limit 250p target 15ms tupdate 16ms alpha 0.152344 beta 3.195312 l4s_ect coupling_factor 2 drop_on_overload step_thresh 1ms drop_dequeue split_gso classic_protection 10% 
 Sent 2826751 bytes 1884 pkt (dropped 0, overlimits 0 requeues 0) 
 backlog 7570b 5p requeues 0
prob 0.001189 delay_c 4411us delay_l 0us
pkts_in_c 1877 pkts_in_l 12 maxq 8
ecn_mark 0 step_marks 0
credit -120340 (L)
c_marks 0 l_marks 0
dq_count 1884 eq_count 1889
c_drops 0 l_drops 0

TICK_NS 2531554738828
TC_DUR_NS 1528466
NEXT 2531566329999
PLACEMENT i=189
qdisc dualpi2 2: parent 1:10 limit 250p target 15ms tupdate 16ms alpha 0.152344 beta 3.195312 l4s_ect coupling_factor 2 drop_on_overload step_thresh 1ms drop_dequeue split_gso classic_protection 10% 
 Sent 2850975 bytes 1900 pkt (dropped 0, overlimits 0 requeues 0) 
 backlog 7570b 5p requeues 0
prob 0.000000 delay_c 4649us delay_l 0us
pkts_in_c 1893 pkts_in_l 12 maxq 8
ecn_mark 0 step_marks 0
credit -120340 (L)
c_marks 0 l_marks 0
dq_count 1900 eq_count 1905
c_drops 0 l_drops 0

TICK_NS 2531570467541
TC_DUR_NS 1312241
NEXT 2531582329999
PLACEMENT i=190
qdisc dualpi2 2: parent 1:10 limit 250p target 15ms tupdate 16ms alpha 0.152344 beta 3.195312 l4s_ect coupling_factor 2 drop_on_overload step_thresh 1ms drop_dequeue split_gso classic_protection 10% 
 Sent 2875199 bytes 1916 pkt (dropped 0, overlimits 0 requeues 0) 
 backlog 6056b 4p requeues 0
prob 0.000000 delay_c 3310us delay_l 0us
pkts_in_c 1908 pkts_in_l 12 maxq 8
ecn_mark 0 step_marks 0
credit -120340 (L)
c_marks 0 l_marks 0
dq_count 1916 eq_count 1920
c_drops 0 l_drops 0

TICK_NS 2531586391480
TC_DUR_NS 1347707
NEXT 2531598329999
PLACEMENT i=191
qdisc dualpi2 2: parent 1:10 limit 250p target 15ms tupdate 16ms alpha 0.152344 beta 3.195312 l4s_ect coupling_factor 2 drop_on_overload step_thresh 1ms drop_dequeue split_gso classic_protection 10% 
 Sent 2899423 bytes 1932 pkt (dropped 0, overlimits 0 requeues 0) 
 backlog 6056b 4p requeues 0
prob 0.001241 delay_c 3073us delay_l 0us
pkts_in_c 1924 pkts_in_l 12 maxq 8
ecn_mark 0 step_marks 0
credit -120340 (L)
c_marks 0 l_marks 0
dq_count 1932 eq_count 1936
c_drops 0 l_drops 0

TICK_NS 2531602167272
TC_DUR_NS 1387992
NEXT 2531614329999
PLACEMENT i=192
qdisc dualpi2 2: parent 1:10 limit 250p target 15ms tupdate 16ms alpha 0.152344 beta 3.195312 l4s_ect coupling_factor 2 drop_on_overload step_thresh 1ms drop_dequeue split_gso classic_protection 10% 
 Sent 2922133 bytes 1947 pkt (dropped 0, overlimits 0 requeues 0) 
 backlog 7570b 5p requeues 0
prob 0.000000 delay_c 4767us delay_l 0us
pkts_in_c 1940 pkts_in_l 12 maxq 8
ecn_mark 0 step_marks 0
credit -120340 (L)
c_marks 0 l_marks 0
dq_count 1947 eq_count 1952
c_drops 0 l_drops 0

TICK_NS 2531618424586
TC_DUR_NS 1274770
NEXT 2531630329999
PLACEMENT i=193
qdisc dualpi2 2: parent 1:10 limit 250p target 15ms tupdate 16ms alpha 0.152344 beta 3.195312 l4s_ect coupling_factor 2 drop_on_overload step_thresh 1ms drop_dequeue split_gso classic_protection 10% 
 Sent 2946357 bytes 1963 pkt (dropped 0, overlimits 0 requeues 0) 
 backlog 6056b 4p requeues 0
prob 0.000000 delay_c 3913us delay_l 0us
pkts_in_c 1955 pkts_in_l 12 maxq 8
ecn_mark 0 step_marks 0
credit -120340 (L)
c_marks 0 l_marks 0
dq_count 1963 eq_count 1967
c_drops 0 l_drops 0

TICK_NS 2531634458892
TC_DUR_NS 1359369
NEXT 2531646329999
PLACEMENT i=194
qdisc dualpi2 2: parent 1:10 limit 250p target 15ms tupdate 16ms alpha 0.152344 beta 3.195312 l4s_ect coupling_factor 2 drop_on_overload step_thresh 1ms drop_dequeue split_gso classic_protection 10% 
 Sent 2970581 bytes 1979 pkt (dropped 0, overlimits 0 requeues 0) 
 backlog 6056b 4p requeues 0
prob 0.000000 delay_c 3752us delay_l 0us
pkts_in_c 1971 pkts_in_l 12 maxq 8
ecn_mark 0 step_marks 0
credit -120340 (L)
c_marks 0 l_marks 0
dq_count 1979 eq_count 1983
c_drops 0 l_drops 0

TICK_NS 2531650248470
TC_DUR_NS 1292734
NEXT 2531662329999
PLACEMENT i=195
qdisc dualpi2 2: parent 1:10 limit 250p target 15ms tupdate 16ms alpha 0.152344 beta 3.195312 l4s_ect coupling_factor 2 drop_on_overload step_thresh 1ms drop_dequeue split_gso classic_protection 10% 
 Sent 2994805 bytes 1995 pkt (dropped 0, overlimits 0 requeues 0) 
 backlog 6056b 4p requeues 0
prob 0.000000 delay_c 2554us delay_l 0us
pkts_in_c 1987 pkts_in_l 12 maxq 8
ecn_mark 0 step_marks 0
credit -120340 (L)
c_marks 0 l_marks 0
dq_count 1995 eq_count 1999
c_drops 0 l_drops 0

TICK_NS 2531666331878
TC_DUR_NS 1465428
NEXT 2531678329999
PLACEMENT i=196
qdisc dualpi2 2: parent 1:10 limit 250p target 15ms tupdate 16ms alpha 0.152344 beta 3.195312 l4s_ect coupling_factor 2 drop_on_overload step_thresh 1ms drop_dequeue split_gso classic_protection 10% 
 Sent 3019029 bytes 2011 pkt (dropped 0, overlimits 0 requeues 0) 
 backlog 7570b 5p requeues 0
prob 0.000000 delay_c 4300us delay_l 0us
pkts_in_c 2004 pkts_in_l 12 maxq 8
ecn_mark 0 step_marks 0
credit -120340 (L)
c_marks 0 l_marks 0
dq_count 2011 eq_count 2016
c_drops 0 l_drops 0

TICK_NS 2531682343091
TC_DUR_NS 1303124
NEXT 2531694329999
PLACEMENT i=197
qdisc dualpi2 2: parent 1:10 limit 250p target 15ms tupdate 16ms alpha 0.152344 beta 3.195312 l4s_ect coupling_factor 2 drop_on_overload step_thresh 1ms drop_dequeue split_gso classic_protection 10% 
 Sent 3043253 bytes 2027 pkt (dropped 0, overlimits 0 requeues 0) 
 backlog 7570b 5p requeues 0
prob 0.007579 delay_c 4225us delay_l 0us
pkts_in_c 2020 pkts_in_l 12 maxq 8
ecn_mark 0 step_marks 0
credit -120340 (L)
c_marks 0 l_marks 0
dq_count 2027 eq_count 2032
c_drops 0 l_drops 0

TICK_NS 2531698202038
TC_DUR_NS 1440461
NEXT 2531710329999
PLACEMENT i=198
qdisc dualpi2 2: parent 1:10 limit 250p target 15ms tupdate 16ms alpha 0.152344 beta 3.195312 l4s_ect coupling_factor 2 drop_on_overload step_thresh 1ms drop_dequeue split_gso classic_protection 10% 
 Sent 3065963 bytes 2042 pkt (dropped 0, overlimits 0 requeues 0) 
 backlog 3028b 2p requeues 0
prob 0.005502 delay_c 3887us delay_l 0us
pkts_in_c 2032 pkts_in_l 12 maxq 8
ecn_mark 0 step_marks 0
credit -120340 (L)
c_marks 0 l_marks 0
dq_count 2042 eq_count 2044
c_drops 0 l_drops 0

TICK_NS 2531714495420
TC_DUR_NS 1444458
NEXT 2531726329999
PLACEMENT i=199
qdisc dualpi2 2: parent 1:10 limit 250p target 15ms tupdate 16ms alpha 0.152344 beta 3.195312 l4s_ect coupling_factor 2 drop_on_overload step_thresh 1ms drop_dequeue split_gso classic_protection 10% 
 Sent 3090187 bytes 2058 pkt (dropped 0, overlimits 0 requeues 0) 
 backlog 7570b 5p requeues 0
prob 0.003360 delay_c 5018us delay_l 0us
pkts_in_c 2051 pkts_in_l 12 maxq 8
ecn_mark 0 step_marks 0
credit -120340 (L)
c_marks 0 l_marks 0
dq_count 2058 eq_count 2063
c_drops 0 l_drops 0

TICK_NS 2531730662205
TC_DUR_NS 1597095
NEXT 2531742329999
PLACEMENT i=200
qdisc dualpi2 2: parent 1:10 limit 250p target 15ms tupdate 16ms alpha 0.152344 beta 3.195312 l4s_ect coupling_factor 2 drop_on_overload step_thresh 1ms drop_dequeue split_gso classic_protection 10% 
 Sent 3114411 bytes 2074 pkt (dropped 0, overlimits 0 requeues 0) 
 backlog 7570b 5p requeues 0
prob 0.004614 delay_c 4980us delay_l 0us
pkts_in_c 2067 pkts_in_l 12 maxq 8
ecn_mark 0 step_marks 0
credit -120340 (L)
c_marks 0 l_marks 0
dq_count 2074 eq_count 2079
c_drops 0 l_drops 0

TICK_NS 2531746155928
TC_DUR_NS 1374176
NEXT 2531758329999
PLACEMENT i=201
qdisc dualpi2 2: parent 1:10 limit 250p target 15ms tupdate 16ms alpha 0.152344 beta 3.195312 l4s_ect coupling_factor 2 drop_on_overload step_thresh 1ms drop_dequeue split_gso classic_protection 10% 
 Sent 3138635 bytes 2090 pkt (dropped 0, overlimits 0 requeues 0) 
 backlog 6056b 4p requeues 0
prob 0.002638 delay_c 2401us delay_l 0us
pkts_in_c 2082 pkts_in_l 12 maxq 8
ecn_mark 0 step_marks 0
credit -120340 (L)
c_marks 0 l_marks 0
dq_count 2090 eq_count 2094
c_drops 0 l_drops 0

TICK_NS 2531762539569
TC_DUR_NS 1497158
NEXT 2531774329999
PLACEMENT i=202
qdisc dualpi2 2: parent 1:10 limit 250p target 15ms tupdate 16ms alpha 0.152344 beta 3.195312 l4s_ect coupling_factor 2 drop_on_overload step_thresh 1ms drop_dequeue split_gso classic_protection 10% 
 Sent 3162859 bytes 2106 pkt (dropped 0, overlimits 0 requeues 0) 
 backlog 6056b 4p requeues 0
prob 0.000000 delay_c 3624us delay_l 0us
pkts_in_c 2098 pkts_in_l 12 maxq 8
ecn_mark 0 step_marks 0
credit -120340 (L)
c_marks 0 l_marks 0
dq_count 2106 eq_count 2110
c_drops 0 l_drops 0

TICK_NS 2531778638557
TC_DUR_NS 1650255
NEXT 2531790329999
PLACEMENT i=203
qdisc dualpi2 2: parent 1:10 limit 250p target 15ms tupdate 16ms alpha 0.152344 beta 3.195312 l4s_ect coupling_factor 2 drop_on_overload step_thresh 1ms drop_dequeue split_gso classic_protection 10% 
 Sent 3187083 bytes 2122 pkt (dropped 0, overlimits 0 requeues 0) 
 backlog 6056b 4p requeues 0
prob 0.000000 delay_c 3474us delay_l 0us
pkts_in_c 2114 pkts_in_l 12 maxq 8
ecn_mark 0 step_marks 0
credit -120340 (L)
c_marks 0 l_marks 0
dq_count 2122 eq_count 2126
c_drops 0 l_drops 0

TICK_NS 2531794824237
TC_DUR_NS 1543164
NEXT 2531806329999
PLACEMENT i=204
qdisc dualpi2 2: parent 1:10 limit 250p target 15ms tupdate 16ms alpha 0.152344 beta 3.195312 l4s_ect coupling_factor 2 drop_on_overload step_thresh 1ms drop_dequeue split_gso classic_protection 10% 
 Sent 3211307 bytes 2138 pkt (dropped 0, overlimits 0 requeues 0) 
 backlog 7570b 5p requeues 0
prob 0.000000 delay_c 4567us delay_l 0us
pkts_in_c 2131 pkts_in_l 12 maxq 8
ecn_mark 0 step_marks 0
credit -120340 (L)
c_marks 0 l_marks 0
dq_count 2138 eq_count 2143
c_drops 0 l_drops 0

TICK_NS 2531810174470
TC_DUR_NS 1436965
NEXT 2531822329999
PLACEMENT i=205
qdisc dualpi2 2: parent 1:10 limit 250p target 15ms tupdate 16ms alpha 0.152344 beta 3.195312 l4s_ect coupling_factor 2 drop_on_overload step_thresh 1ms drop_dequeue split_gso classic_protection 10% 
 Sent 3234017 bytes 2153 pkt (dropped 0, overlimits 0 requeues 0) 
 backlog 6056b 4p requeues 0
prob 0.001114 delay_c 3939us delay_l 0us
pkts_in_c 2145 pkts_in_l 12 maxq 8
ecn_mark 0 step_marks 0
credit -120340 (L)
c_marks 0 l_marks 0
dq_count 2153 eq_count 2157
c_drops 0 l_drops 0

TICK_NS 2531826272486
TC_DUR_NS 1376972
NEXT 2531838329999
PLACEMENT i=206
qdisc dualpi2 2: parent 1:10 limit 250p target 15ms tupdate 16ms alpha 0.152344 beta 3.195312 l4s_ect coupling_factor 2 drop_on_overload step_thresh 1ms drop_dequeue split_gso classic_protection 10% 
 Sent 3258241 bytes 2169 pkt (dropped 0, overlimits 0 requeues 0) 
 backlog 6056b 4p requeues 0
prob 0.000000 delay_c 3798us delay_l 0us
pkts_in_c 2161 pkts_in_l 12 maxq 8
ecn_mark 0 step_marks 0
credit -120340 (L)
c_marks 0 l_marks 0
dq_count 2169 eq_count 2173
c_drops 0 l_drops 0

TICK_NS 2531842781773
TC_DUR_NS 1604929
NEXT 2531854329999
PLACEMENT i=207
qdisc dualpi2 2: parent 1:10 limit 250p target 15ms tupdate 16ms alpha 0.152344 beta 3.195312 l4s_ect coupling_factor 2 drop_on_overload step_thresh 1ms drop_dequeue split_gso classic_protection 10% 
 Sent 3282465 bytes 2185 pkt (dropped 0, overlimits 0 requeues 0) 
 backlog 7570b 5p requeues 0
prob 0.000000 delay_c 5041us delay_l 0us
pkts_in_c 2178 pkts_in_l 12 maxq 8
ecn_mark 0 step_marks 0
credit -120340 (L)
c_marks 0 l_marks 0
dq_count 2185 eq_count 2190
c_drops 0 l_drops 0

TICK_NS 2531858140192
TC_DUR_NS 1475267
NEXT 2531870329999
PLACEMENT i=208
qdisc dualpi2 2: parent 1:10 limit 250p target 15ms tupdate 16ms alpha 0.152344 beta 3.195312 l4s_ect coupling_factor 2 drop_on_overload step_thresh 1ms drop_dequeue split_gso classic_protection 10% 
 Sent 3306689 bytes 2201 pkt (dropped 0, overlimits 0 requeues 0) 
 backlog 7570b 5p requeues 0
prob 0.001246 delay_c 4337us delay_l 0us
pkts_in_c 2194 pkts_in_l 12 maxq 8
ecn_mark 0 step_marks 0
credit -120340 (L)
c_marks 0 l_marks 0
dq_count 2201 eq_count 2206
c_drops 0 l_drops 0

TICK_NS 2531874690916
TC_DUR_NS 1479615
NEXT 2531886329999
PLACEMENT i=209
qdisc dualpi2 2: parent 1:10 limit 250p target 15ms tupdate 16ms alpha 0.152344 beta 3.195312 l4s_ect coupling_factor 2 drop_on_overload step_thresh 1ms drop_dequeue split_gso classic_protection 10% 
 Sent 3330913 bytes 2217 pkt (dropped 0, overlimits 0 requeues 0) 
 backlog 7570b 5p requeues 0
prob 0.000000 delay_c 4723us delay_l 0us
pkts_in_c 2210 pkts_in_l 12 maxq 8
ecn_mark 0 step_marks 0
credit -120340 (L)
c_marks 0 l_marks 0
dq_count 2217 eq_count 2222
c_drops 0 l_drops 0

TICK_NS 2531890357052
TC_DUR_NS 1341906
NEXT 2531902329999
PLACEMENT i=210
qdisc dualpi2 2: parent 1:10 limit 250p target 15ms tupdate 16ms alpha 0.152344 beta 3.195312 l4s_ect coupling_factor 2 drop_on_overload step_thresh 1ms drop_dequeue split_gso classic_protection 10% 
 Sent 3355137 bytes 2233 pkt (dropped 0, overlimits 0 requeues 0) 
 backlog 6056b 4p requeues 0
prob 0.000000 delay_c 3362us delay_l 0us
pkts_in_c 2225 pkts_in_l 12 maxq 8
ecn_mark 0 step_marks 0
credit -120340 (L)
c_marks 0 l_marks 0
dq_count 2233 eq_count 2237
c_drops 0 l_drops 0

TICK_NS 2531906700628
TC_DUR_NS 1513658
NEXT 2531918329999
PLACEMENT i=211
qdisc dualpi2 2: parent 1:10 limit 250p target 15ms tupdate 16ms alpha 0.152344 beta 3.195312 l4s_ect coupling_factor 2 drop_on_overload step_thresh 1ms drop_dequeue split_gso classic_protection 10% 
 Sent 3379361 bytes 2249 pkt (dropped 0, overlimits 0 requeues 0) 
 backlog 6056b 4p requeues 0
prob 0.000000 delay_c 3438us delay_l 0us
pkts_in_c 2241 pkts_in_l 12 maxq 8
ecn_mark 0 step_marks 0
credit -120340 (L)
c_marks 0 l_marks 0
dq_count 2249 eq_count 2253
c_drops 0 l_drops 0

TICK_NS 2531922606303
TC_DUR_NS 1608607
NEXT 2531934329999
PLACEMENT i=212
qdisc dualpi2 2: parent 1:10 limit 250p target 15ms tupdate 16ms alpha 0.152344 beta 3.195312 l4s_ect coupling_factor 2 drop_on_overload step_thresh 1ms drop_dequeue split_gso classic_protection 10% 
 Sent 3403585 bytes 2265 pkt (dropped 0, overlimits 0 requeues 0) 
 backlog 6056b 4p requeues 0
prob 0.000000 delay_c 3029us delay_l 0us
pkts_in_c 2257 pkts_in_l 12 maxq 8
ecn_mark 0 step_marks 0
credit -120340 (L)
c_marks 0 l_marks 0
dq_count 2265 eq_count 2269
c_drops 0 l_drops 0

TICK_NS 2531938471853
TC_DUR_NS 1295570
NEXT 2531950329999
PLACEMENT i=213
qdisc dualpi2 2: parent 1:10 limit 250p target 15ms tupdate 16ms alpha 0.152344 beta 3.195312 l4s_ect coupling_factor 2 drop_on_overload step_thresh 1ms drop_dequeue split_gso classic_protection 10% 
 Sent 3426295 bytes 2280 pkt (dropped 0, overlimits 0 requeues 0) 
 backlog 6056b 4p requeues 0
prob 0.000000 delay_c 4012us delay_l 0us
pkts_in_c 2272 pkts_in_l 12 maxq 8
ecn_mark 0 step_marks 0
credit -120340 (L)
c_marks 0 l_marks 0
dq_count 2280 eq_count 2284
c_drops 0 l_drops 0

TICK_NS 2531954772930
TC_DUR_NS 1524729
NEXT 2531966329999
PLACEMENT i=214
qdisc dualpi2 2: parent 1:10 limit 250p target 15ms tupdate 16ms alpha 0.152344 beta 3.195312 l4s_ect coupling_factor 2 drop_on_overload step_thresh 1ms drop_dequeue split_gso classic_protection 10% 
 Sent 3452033 bytes 2297 pkt (dropped 0, overlimits 0 requeues 0) 
 backlog 7570b 5p requeues 0
prob 0.007574 delay_c 4093us delay_l 0us
pkts_in_c 2290 pkts_in_l 12 maxq 8
ecn_mark 0 step_marks 0
credit -120340 (L)
c_marks 0 l_marks 0
dq_count 2297 eq_count 2302
c_drops 0 l_drops 0

TICK_NS 2531970346692
TC_DUR_NS 1392181
NEXT 2531982329999
PLACEMENT i=215
qdisc dualpi2 2: parent 1:10 limit 250p target 15ms tupdate 16ms alpha 0.152344 beta 3.195312 l4s_ect coupling_factor 2 drop_on_overload step_thresh 1ms drop_dequeue split_gso classic_protection 10% 
 Sent 3474743 bytes 2312 pkt (dropped 0, overlimits 0 requeues 0) 
 backlog 3028b 2p requeues 0
prob 0.005431 delay_c 3553us delay_l 0us
pkts_in_c 2302 pkts_in_l 12 maxq 8
ecn_mark 0 step_marks 0
credit -120340 (L)
c_marks 0 l_marks 0
dq_count 2312 eq_count 2314
c_drops 0 l_drops 0

TICK_NS 2531986492077
TC_DUR_NS 1402630
NEXT 2531998329999
PLACEMENT i=216
qdisc dualpi2 2: parent 1:10 limit 250p target 15ms tupdate 16ms alpha 0.152344 beta 3.195312 l4s_ect coupling_factor 2 drop_on_overload step_thresh 1ms drop_dequeue split_gso classic_protection 10% 
 Sent 3498967 bytes 2328 pkt (dropped 0, overlimits 0 requeues 0) 
 backlog 7570b 5p requeues 0
prob 0.003267 delay_c 4593us delay_l 0us
pkts_in_c 2321 pkts_in_l 12 maxq 8
ecn_mark 0 step_marks 0
credit -120340 (L)
c_marks 0 l_marks 0
dq_count 2328 eq_count 2333
c_drops 0 l_drops 0

TICK_NS 2532002491097
TC_DUR_NS 1360682
NEXT 2532014329999
PLACEMENT i=217
qdisc dualpi2 2: parent 1:10 limit 250p target 15ms tupdate 16ms alpha 0.152344 beta 3.195312 l4s_ect coupling_factor 2 drop_on_overload step_thresh 1ms drop_dequeue split_gso classic_protection 10% 
 Sent 3523191 bytes 2344 pkt (dropped 0, overlimits 0 requeues 0) 
 backlog 7570b 5p requeues 0
prob 0.004478 delay_c 4444us delay_l 0us
pkts_in_c 2337 pkts_in_l 12 maxq 8
ecn_mark 0 step_marks 0
credit -120340 (L)
c_marks 0 l_marks 0
dq_count 2344 eq_count 2349
c_drops 0 l_drops 0

TICK_NS 2532018552945
TC_DUR_NS 1494322
NEXT 2532030329999
PLACEMENT i=218
qdisc dualpi2 2: parent 1:10 limit 250p target 15ms tupdate 16ms alpha 0.152344 beta 3.195312 l4s_ect coupling_factor 2 drop_on_overload step_thresh 1ms drop_dequeue split_gso classic_protection 10% 
 Sent 3547415 bytes 2360 pkt (dropped 0, overlimits 0 requeues 0) 
 backlog 6056b 4p requeues 0
prob 0.002441 delay_c 2336us delay_l 0us
pkts_in_c 2352 pkts_in_l 12 maxq 8
ecn_mark 0 step_marks 0
credit -120340 (L)
c_marks 0 l_marks 0
dq_count 2360 eq_count 2364
c_drops 0 l_drops 0

TICK_NS 2532034947697
TC_DUR_NS 1758247
NEXT 2532046329999
PLACEMENT i=219
qdisc dualpi2 2: parent 1:10 limit 250p target 15ms tupdate 16ms alpha 0.152344 beta 3.195312 l4s_ect coupling_factor 2 drop_on_overload step_thresh 1ms drop_dequeue split_gso classic_protection 10% 
 Sent 3571639 bytes 2376 pkt (dropped 0, overlimits 0 requeues 0) 
 backlog 6056b 4p requeues 0
prob 0.000000 delay_c 3460us delay_l 0us
pkts_in_c 2368 pkts_in_l 12 maxq 8
ecn_mark 0 step_marks 0
credit -120340 (L)
c_marks 0 l_marks 0
dq_count 2376 eq_count 2380
c_drops 0 l_drops 0

TICK_NS 2532050276941
TC_DUR_NS 1457373
NEXT 2532062329999
PLACEMENT i=220
qdisc dualpi2 2: parent 1:10 limit 250p target 15ms tupdate 16ms alpha 0.152344 beta 3.195312 l4s_ect coupling_factor 2 drop_on_overload step_thresh 1ms drop_dequeue split_gso classic_protection 10% 
 Sent 3594349 bytes 2391 pkt (dropped 0, overlimits 0 requeues 0) 
 backlog 7570b 5p requeues 0
prob 0.000000 delay_c 4762us delay_l 0us
pkts_in_c 2384 pkts_in_l 12 maxq 8
ecn_mark 0 step_marks 0
credit -120340 (L)
c_marks 0 l_marks 0
dq_count 2391 eq_count 2396
c_drops 0 l_drops 0

TICK_NS 2532066157139
TC_DUR_NS 1227722
NEXT 2532078329999
PLACEMENT i=221
qdisc dualpi2 2: parent 1:10 limit 250p target 15ms tupdate 16ms alpha 0.152344 beta 3.195312 l4s_ect coupling_factor 2 drop_on_overload step_thresh 1ms drop_dequeue split_gso classic_protection 10% 
 Sent 3618573 bytes 2407 pkt (dropped 0, overlimits 0 requeues 0) 
 backlog 6056b 4p requeues 0
prob 0.000000 delay_c 3528us delay_l 0us
pkts_in_c 2399 pkts_in_l 12 maxq 8
ecn_mark 0 step_marks 0
credit -120340 (L)
c_marks 0 l_marks 0
dq_count 2407 eq_count 2411
c_drops 0 l_drops 0

TICK_NS 2532082650215
TC_DUR_NS 1447304
NEXT 2532094329999
PLACEMENT i=222
qdisc dualpi2 2: parent 1:10 limit 250p target 15ms tupdate 16ms alpha 0.152344 beta 3.195312 l4s_ect coupling_factor 2 drop_on_overload step_thresh 1ms drop_dequeue split_gso classic_protection 10% 
 Sent 3642797 bytes 2423 pkt (dropped 0, overlimits 0 requeues 0) 
 backlog 6056b 4p requeues 0
prob 0.001100 delay_c 3702us delay_l 0us
pkts_in_c 2415 pkts_in_l 12 maxq 8
ecn_mark 0 step_marks 0
credit -120340 (L)
c_marks 0 l_marks 0
dq_count 2423 eq_count 2427
c_drops 0 l_drops 0

TICK_NS 2532098614961
TC_DUR_NS 1383474
NEXT 2532110329999
PLACEMENT i=223
qdisc dualpi2 2: parent 1:10 limit 250p target 15ms tupdate 16ms alpha 0.152344 beta 3.195312 l4s_ect coupling_factor 2 drop_on_overload step_thresh 1ms drop_dequeue split_gso classic_protection 10% 
 Sent 3667021 bytes 2439 pkt (dropped 0, overlimits 0 requeues 0) 
 backlog 6056b 4p requeues 0
prob 0.000000 delay_c 3531us delay_l 0us
pkts_in_c 2431 pkts_in_l 12 maxq 8
ecn_mark 0 step_marks 0
credit -120340 (L)
c_marks 0 l_marks 0
dq_count 2439 eq_count 2443
c_drops 0 l_drops 0

TICK_NS 2532114507972
TC_DUR_NS 1390137
NEXT 2532126329999
PLACEMENT i=224
qdisc dualpi2 2: parent 1:10 limit 250p target 15ms tupdate 16ms alpha 0.152344 beta 3.195312 l4s_ect coupling_factor 2 drop_on_overload step_thresh 1ms drop_dequeue split_gso classic_protection 10% 
 Sent 3691245 bytes 2455 pkt (dropped 0, overlimits 0 requeues 0) 
 backlog 7570b 5p requeues 0
prob 0.000000 delay_c 4346us delay_l 0us
pkts_in_c 2448 pkts_in_l 12 maxq 8
ecn_mark 0 step_marks 0
credit -120340 (L)
c_marks 0 l_marks 0
dq_count 2455 eq_count 2460
c_drops 0 l_drops 0

TICK_NS 2532130227478
TC_DUR_NS 1443647
NEXT 2532142329999
PLACEMENT i=225
qdisc dualpi2 2: parent 1:10 limit 250p target 15ms tupdate 16ms alpha 0.152344 beta 3.195312 l4s_ect coupling_factor 2 drop_on_overload step_thresh 1ms drop_dequeue split_gso classic_protection 10% 
 Sent 3713955 bytes 2470 pkt (dropped 0, overlimits 0 requeues 0) 
 backlog 6056b 4p requeues 0
prob 0.001187 delay_c 3886us delay_l 0us
pkts_in_c 2462 pkts_in_l 12 maxq 8
ecn_mark 0 step_marks 0
credit -120340 (L)
c_marks 0 l_marks 0
dq_count 2470 eq_count 2474
c_drops 0 l_drops 0

TICK_NS 2532146235054
TC_DUR_NS 1396419
NEXT 2532158329999
PLACEMENT i=226
qdisc dualpi2 2: parent 1:10 limit 250p target 15ms tupdate 16ms alpha 0.152344 beta 3.195312 l4s_ect coupling_factor 2 drop_on_overload step_thresh 1ms drop_dequeue split_gso classic_protection 10% 
 Sent 3738179 bytes 2486 pkt (dropped 0, overlimits 0 requeues 0) 
 backlog 6056b 4p requeues 0
prob 0.000000 delay_c 3793us delay_l 0us
pkts_in_c 2478 pkts_in_l 12 maxq 8
ecn_mark 0 step_marks 0
credit -120340 (L)
c_marks 0 l_marks 0
dq_count 2486 eq_count 2490
c_drops 0 l_drops 0

TICK_NS 2532162598047
TC_DUR_NS 1367134
NEXT 2532174329999
PLACEMENT i=227
qdisc dualpi2 2: parent 1:10 limit 250p target 15ms tupdate 16ms alpha 0.152344 beta 3.195312 l4s_ect coupling_factor 2 drop_on_overload step_thresh 1ms drop_dequeue split_gso classic_protection 10% 
 Sent 3762403 bytes 2502 pkt (dropped 0, overlimits 0 requeues 0) 
 backlog 7570b 5p requeues 0
prob 0.000000 delay_c 4990us delay_l 0us
pkts_in_c 2495 pkts_in_l 12 maxq 8
ecn_mark 0 step_marks 0
credit -120340 (L)
c_marks 0 l_marks 0
dq_count 2502 eq_count 2507
c_drops 0 l_drops 0

TICK_NS 2532178116105
TC_DUR_NS 1223525
NEXT 2532190329999
PLACEMENT i=228
qdisc dualpi2 2: parent 1:10 limit 250p target 15ms tupdate 16ms alpha 0.152344 beta 3.195312 l4s_ect coupling_factor 2 drop_on_overload step_thresh 1ms drop_dequeue split_gso classic_protection 10% 
 Sent 3786627 bytes 2518 pkt (dropped 0, overlimits 0 requeues 0) 
 backlog 7570b 5p requeues 0
prob 0.000000 delay_c 4534us delay_l 0us
pkts_in_c 2511 pkts_in_l 12 maxq 8
ecn_mark 0 step_marks 0
credit -120340 (L)
c_marks 0 l_marks 0
dq_count 2518 eq_count 2523
c_drops 0 l_drops 0

TICK_NS 2532194214201
TC_DUR_NS 1445361
NEXT 2532206329999
PLACEMENT i=229
qdisc dualpi2 2: parent 1:10 limit 250p target 15ms tupdate 16ms alpha 0.152344 beta 3.195312 l4s_ect coupling_factor 2 drop_on_overload step_thresh 1ms drop_dequeue split_gso classic_protection 10% 
 Sent 3810851 bytes 2534 pkt (dropped 0, overlimits 0 requeues 0) 
 backlog 7570b 5p requeues 0
prob 0.004501 delay_c 4283us delay_l 0us
pkts_in_c 2527 pkts_in_l 12 maxq 8
ecn_mark 0 step_marks 0
credit -120340 (L)
c_marks 0 l_marks 0
dq_count 2534 eq_count 2539
c_drops 0 l_drops 0

TICK_NS 2532210568918
TC_DUR_NS 1378114
NEXT 2532222329999
PLACEMENT i=230
qdisc dualpi2 2: parent 1:10 limit 250p target 15ms tupdate 16ms alpha 0.152344 beta 3.195312 l4s_ect coupling_factor 2 drop_on_overload step_thresh 1ms drop_dequeue split_gso classic_protection 10% 
 Sent 3835075 bytes 2550 pkt (dropped 0, overlimits 0 requeues 0) 
 backlog 6056b 4p requeues 0
prob 0.002543 delay_c 3465us delay_l 0us
pkts_in_c 2542 pkts_in_l 12 maxq 8
ecn_mark 0 step_marks 0
credit -120340 (L)
c_marks 0 l_marks 0
dq_count 2550 eq_count 2554
c_drops 0 l_drops 0

TICK_NS 2532226942551
TC_DUR_NS 1744612
NEXT 2532238329999
PLACEMENT i=231
qdisc dualpi2 2: parent 1:10 limit 250p target 15ms tupdate 16ms alpha 0.152344 beta 3.195312 l4s_ect coupling_factor 2 drop_on_overload step_thresh 1ms drop_dequeue split_gso classic_protection 10% 
 Sent 3859299 bytes 2566 pkt (dropped 0, overlimits 0 requeues 0) 
 backlog 6056b 4p requeues 0
prob 0.000000 delay_c 3694us delay_l 0us
pkts_in_c 2558 pkts_in_l 12 maxq 8
ecn_mark 0 step_marks 0
credit -120340 (L)
c_marks 0 l_marks 0
dq_count 2566 eq_count 2570
c_drops 0 l_drops 0

TICK_NS 2532242500003
TC_DUR_NS 1257137
NEXT 2532254329999
PLACEMENT i=232
qdisc dualpi2 2: parent 1:10 limit 250p target 15ms tupdate 16ms alpha 0.152344 beta 3.195312 l4s_ect coupling_factor 2 drop_on_overload step_thresh 1ms drop_dequeue split_gso classic_protection 10% 
 Sent 3883523 bytes 2582 pkt (dropped 0, overlimits 0 requeues 0) 
 backlog 3028b 2p requeues 0
prob 0.000000 delay_c 3238us delay_l 0us
pkts_in_c 2572 pkts_in_l 12 maxq 8
ecn_mark 0 step_marks 0
credit -120340 (L)
c_marks 0 l_marks 0
dq_count 2582 eq_count 2584
c_drops 0 l_drops 0

TICK_NS 2532258079266
TC_DUR_NS 1332248
NEXT 2532270329999
PLACEMENT i=233
qdisc dualpi2 2: parent 1:10 limit 250p target 15ms tupdate 16ms alpha 0.152344 beta 3.195312 l4s_ect coupling_factor 2 drop_on_overload step_thresh 1ms drop_dequeue split_gso classic_protection 10% 
 Sent 3906233 bytes 2597 pkt (dropped 0, overlimits 0 requeues 0) 
 backlog 6056b 4p requeues 0
prob 0.000000 delay_c 3680us delay_l 0us
pkts_in_c 2589 pkts_in_l 12 maxq 8
ecn_mark 0 step_marks 0
credit -120340 (L)
c_marks 0 l_marks 0
dq_count 2597 eq_count 2601
c_drops 0 l_drops 0

TICK_NS 2532274504295
TC_DUR_NS 1289158
NEXT 2532286329999
PLACEMENT i=234
qdisc dualpi2 2: parent 1:10 limit 250p target 15ms tupdate 16ms alpha 0.152344 beta 3.195312 l4s_ect coupling_factor 2 drop_on_overload step_thresh 1ms drop_dequeue split_gso classic_protection 10% 
 Sent 3930457 bytes 2613 pkt (dropped 0, overlimits 0 requeues 0) 
 backlog 6056b 4p requeues 0
prob 0.001179 delay_c 3896us delay_l 0us
pkts_in_c 2605 pkts_in_l 12 maxq 8
ecn_mark 0 step_marks 0
credit -120340 (L)
c_marks 0 l_marks 0
dq_count 2613 eq_count 2617
c_drops 0 l_drops 0

TICK_NS 2532290557386
TC_DUR_NS 1428619
NEXT 2532302329999
PLACEMENT i=235
qdisc dualpi2 2: parent 1:10 limit 250p target 15ms tupdate 16ms alpha 0.152344 beta 3.195312 l4s_ect coupling_factor 2 drop_on_overload step_thresh 1ms drop_dequeue split_gso classic_protection 10% 
 Sent 3954681 bytes 2629 pkt (dropped 0, overlimits 0 requeues 0) 
 backlog 7570b 5p requeues 0
prob 0.000000 delay_c 1694us delay_l 0us
pkts_in_c 2622 pkts_in_l 12 maxq 8
ecn_mark 0 step_marks 0
credit -120340 (L)
c_marks 0 l_marks 0
dq_count 2629 eq_count 2634
c_drops 0 l_drops 0

TICK_NS 2532306624043
TC_DUR_NS 1487880
NEXT 2532318329999
PLACEMENT i=236
qdisc dualpi2 2: parent 1:10 limit 250p target 15ms tupdate 16ms alpha 0.152344 beta 3.195312 l4s_ect coupling_factor 2 drop_on_overload step_thresh 1ms drop_dequeue split_gso classic_protection 10% 
 Sent 3978905 bytes 2645 pkt (dropped 0, overlimits 0 requeues 0) 
 backlog 7570b 5p requeues 0
prob 0.000000 delay_c 4682us delay_l 0us
pkts_in_c 2638 pkts_in_l 12 maxq 8
ecn_mark 0 step_marks 0
credit -120340 (L)
c_marks 0 l_marks 0
dq_count 2645 eq_count 2650
c_drops 0 l_drops 0

TICK_NS 2532323064932
TC_DUR_NS 1831945
NEXT 2532334329999
PLACEMENT i=237
qdisc dualpi2 2: parent 1:10 limit 250p target 15ms tupdate 16ms alpha 0.152344 beta 3.195312 l4s_ect coupling_factor 2 drop_on_overload step_thresh 1ms drop_dequeue split_gso classic_protection 10% 
 Sent 4003129 bytes 2661 pkt (dropped 0, overlimits 0 requeues 0) 
 backlog 7570b 5p requeues 0
prob 0.004469 delay_c 4760us delay_l 0us
pkts_in_c 2654 pkts_in_l 12 maxq 8
ecn_mark 0 step_marks 0
credit -120340 (L)
c_marks 0 l_marks 0
dq_count 2661 eq_count 2666
c_drops 0 l_drops 0

TICK_NS 2532338693557
TC_DUR_NS 1617753
NEXT 2532350329999
PLACEMENT i=238
qdisc dualpi2 2: parent 1:10 limit 250p target 15ms tupdate 16ms alpha 0.152344 beta 3.195312 l4s_ect coupling_factor 2 drop_on_overload step_thresh 1ms drop_dequeue split_gso classic_protection 10% 
 Sent 4027353 bytes 2677 pkt (dropped 0, overlimits 0 requeues 0) 
 backlog 6056b 4p requeues 0
prob 0.002488 delay_c 3410us delay_l 0us
pkts_in_c 2669 pkts_in_l 12 maxq 8
ecn_mark 0 step_marks 0
credit -120340 (L)
c_marks 0 l_marks 0
dq_count 2677 eq_count 2681
c_drops 0 l_drops 0

TICK_NS 2532354101870
TC_DUR_NS 1394866
NEXT 2532366329999
PLACEMENT i=239
qdisc dualpi2 2: parent 1:10 limit 250p target 15ms tupdate 16ms alpha 0.152344 beta 3.195312 l4s_ect coupling_factor 2 drop_on_overload step_thresh 1ms drop_dequeue split_gso classic_protection 10% 
 Sent 4050063 bytes 2692 pkt (dropped 0, overlimits 0 requeues 0) 
 backlog 7570b 5p requeues 0
prob 0.000000 delay_c 4746us delay_l 0us
pkts_in_c 2685 pkts_in_l 12 maxq 8
ecn_mark 0 step_marks 0
credit -120340 (L)
c_marks 0 l_marks 0
dq_count 2692 eq_count 2697
c_drops 0 l_drops 0

TICK_NS 2532370832782
TC_DUR_NS 1522034
NEXT 2532382329999
PLACEMENT i=240
qdisc dualpi2 2: parent 1:10 limit 250p target 15ms tupdate 16ms alpha 0.152344 beta 3.195312 l4s_ect coupling_factor 2 drop_on_overload step_thresh 1ms drop_dequeue split_gso classic_protection 10% 
 Sent 4075801 bytes 2709 pkt (dropped 0, overlimits 0 requeues 0) 
 backlog 6056b 4p requeues 0
prob 0.000000 delay_c 3059us delay_l 0us
pkts_in_c 2701 pkts_in_l 12 maxq 8
ecn_mark 0 step_marks 0
credit -120340 (L)
c_marks 0 l_marks 0
dq_count 2709 eq_count 2713
c_drops 0 l_drops 0

TICK_NS 2532386256363
TC_DUR_NS 1391449
NEXT 2532398329999
PLACEMENT i=241
qdisc dualpi2 2: parent 1:10 limit 250p target 15ms tupdate 16ms alpha 0.152344 beta 3.195312 l4s_ect coupling_factor 2 drop_on_overload step_thresh 1ms drop_dequeue split_gso classic_protection 10% 
 Sent 4098511 bytes 2724 pkt (dropped 0, overlimits 0 requeues 0) 
 backlog 6056b 4p requeues 0
prob 0.000000 delay_c 3684us delay_l 0us
pkts_in_c 2716 pkts_in_l 12 maxq 8
ecn_mark 0 step_marks 0
credit -120340 (L)
c_marks 0 l_marks 0
dq_count 2724 eq_count 2728
c_drops 0 l_drops 0

TICK_NS 2532402892798
TC_DUR_NS 1746555
NEXT 2532414329999
PLACEMENT i=242
qdisc dualpi2 2: parent 1:10 limit 250p target 15ms tupdate 16ms alpha 0.152344 beta 3.195312 l4s_ect coupling_factor 2 drop_on_overload step_thresh 1ms drop_dequeue split_gso classic_protection 10% 
 Sent 4122735 bytes 2740 pkt (dropped 0, overlimits 0 requeues 0) 
 backlog 6056b 4p requeues 0
prob 0.001165 delay_c 3979us delay_l 0us
pkts_in_c 2732 pkts_in_l 12 maxq 8
ecn_mark 0 step_marks 0
credit -120340 (L)
c_marks 0 l_marks 0
dq_count 2740 eq_count 2744
c_drops 0 l_drops 0

TICK_NS 2532418313925
TC_DUR_NS 1351845
NEXT 2532430329999
PLACEMENT i=243
qdisc dualpi2 2: parent 1:10 limit 250p target 15ms tupdate 16ms alpha 0.152344 beta 3.195312 l4s_ect coupling_factor 2 drop_on_overload step_thresh 1ms drop_dequeue split_gso classic_protection 10% 
 Sent 4146959 bytes 2756 pkt (dropped 0, overlimits 0 requeues 0) 
 backlog 6056b 4p requeues 0
prob 0.000000 delay_c 3469us delay_l 0us
pkts_in_c 2748 pkts_in_l 12 maxq 8
ecn_mark 0 step_marks 0
credit -120340 (L)
c_marks 0 l_marks 0
dq_count 2756 eq_count 2760
c_drops 0 l_drops 0

TICK_NS 2532434739355
TC_DUR_NS 1532634
NEXT 2532446329999
PLACEMENT i=244
qdisc dualpi2 2: parent 1:10 limit 250p target 15ms tupdate 16ms alpha 0.152344 beta 3.195312 l4s_ect coupling_factor 2 drop_on_overload step_thresh 1ms drop_dequeue split_gso classic_protection 10% 
 Sent 4171183 bytes 2772 pkt (dropped 0, overlimits 0 requeues 0) 
 backlog 7570b 5p requeues 0
prob 0.000000 delay_c 4581us delay_l 0us
pkts_in_c 2765 pkts_in_l 12 maxq 8
ecn_mark 0 step_marks 0
credit -120340 (L)
c_marks 0 l_marks 0
dq_count 2772 eq_count 2777
c_drops 0 l_drops 0

TICK_NS 2532450805601
TC_DUR_NS 1486338
NEXT 2532462329999
PLACEMENT i=245
qdisc dualpi2 2: parent 1:10 limit 250p target 15ms tupdate 16ms alpha 0.152344 beta 3.195312 l4s_ect coupling_factor 2 drop_on_overload step_thresh 1ms drop_dequeue split_gso classic_protection 10% 
 Sent 4195407 bytes 2788 pkt (dropped 0, overlimits 0 requeues 0) 
 backlog 7570b 5p requeues 0
prob 0.001242 delay_c 4397us delay_l 0us
pkts_in_c 2781 pkts_in_l 12 maxq 8
ecn_mark 0 step_marks 0
credit -120340 (L)
c_marks 0 l_marks 0
dq_count 2788 eq_count 2793
c_drops 0 l_drops 0

TICK_NS 2532466479090
TC_DUR_NS 1475276
NEXT 2532478329999
PLACEMENT i=246
qdisc dualpi2 2: parent 1:10 limit 250p target 15ms tupdate 16ms alpha 0.152344 beta 3.195312 l4s_ect coupling_factor 2 drop_on_overload step_thresh 1ms drop_dequeue split_gso classic_protection 10% 
 Sent 4218117 bytes 2803 pkt (dropped 0, overlimits 0 requeues 0) 
 backlog 6056b 4p requeues 0
prob 0.000000 delay_c 4026us delay_l 0us
pkts_in_c 2795 pkts_in_l 12 maxq 8
ecn_mark 0 step_marks 0
credit -120340 (L)
c_marks 0 l_marks 0
dq_count 2803 eq_count 2807
c_drops 0 l_drops 0

TICK_NS 2532482158491
TC_DUR_NS 1436062
NEXT 2532494329999
PLACEMENT i=247
qdisc dualpi2 2: parent 1:10 limit 250p target 15ms tupdate 16ms alpha 0.152344 beta 3.195312 l4s_ect coupling_factor 2 drop_on_overload step_thresh 1ms drop_dequeue split_gso classic_protection 10% 
 Sent 4242341 bytes 2819 pkt (dropped 0, overlimits 0 requeues 0) 
 backlog 7570b 5p requeues 0
prob 0.000000 delay_c 4577us delay_l 0us
pkts_in_c 2812 pkts_in_l 12 maxq 8
ecn_mark 0 step_marks 0
credit -120340 (L)
c_marks 0 l_marks 0
dq_count 2819 eq_count 2824
c_drops 0 l_drops 0

TICK_NS 2532498473123
TC_DUR_NS 1440291
NEXT 2532510329999
PLACEMENT i=248
qdisc dualpi2 2: parent 1:10 limit 250p target 15ms tupdate 16ms alpha 0.152344 beta 3.195312 l4s_ect coupling_factor 2 drop_on_overload step_thresh 1ms drop_dequeue split_gso classic_protection 10% 
 Sent 4266565 bytes 2835 pkt (dropped 0, overlimits 0 requeues 0) 
 backlog 7570b 5p requeues 0
prob 0.000000 delay_c 4768us delay_l 0us
pkts_in_c 2828 pkts_in_l 12 maxq 8
ecn_mark 0 step_marks 0
credit -120340 (L)
c_marks 0 l_marks 0
dq_count 2835 eq_count 2840
c_drops 0 l_drops 0

TICK_NS 2532514476802
TC_DUR_NS 1371181
NEXT 2532526329999
PLACEMENT i=249
qdisc dualpi2 2: parent 1:10 limit 250p target 15ms tupdate 16ms alpha 0.152344 beta 3.195312 l4s_ect coupling_factor 2 drop_on_overload step_thresh 1ms drop_dequeue split_gso classic_protection 10% 
 Sent 4290789 bytes 2851 pkt (dropped 0, overlimits 0 requeues 0) 
 backlog 4542b 3p requeues 0
prob 0.000000 delay_c 4620us delay_l 0us
pkts_in_c 2842 pkts_in_l 12 maxq 8
ecn_mark 0 step_marks 0
credit -120340 (L)
c_marks 0 l_marks 0
dq_count 2851 eq_count 2854
c_drops 0 l_drops 0

TICK_NS 2532530527078
TC_DUR_NS 1561959
NEXT 2532542329999
PLACEMENT i=250
qdisc dualpi2 2: parent 1:10 limit 250p target 15ms tupdate 16ms alpha 0.152344 beta 3.195312 l4s_ect coupling_factor 2 drop_on_overload step_thresh 1ms drop_dequeue split_gso classic_protection 10% 
 Sent 4315013 bytes 2867 pkt (dropped 0, overlimits 0 requeues 0) 
 backlog 6056b 4p requeues 0
prob 0.000000 delay_c 3452us delay_l 0us
pkts_in_c 2859 pkts_in_l 12 maxq 8
ecn_mark 0 step_marks 0
credit -120340 (L)
c_marks 0 l_marks 0
dq_count 2867 eq_count 2871
c_drops 0 l_drops 0

TICK_NS 2532546598744
TC_DUR_NS 1392001
NEXT 2532558329999
PLACEMENT i=251
qdisc dualpi2 2: parent 1:10 limit 250p target 15ms tupdate 16ms alpha 0.152344 beta 3.195312 l4s_ect coupling_factor 2 drop_on_overload step_thresh 1ms drop_dequeue split_gso classic_protection 10% 
 Sent 4339237 bytes 2883 pkt (dropped 0, overlimits 0 requeues 0) 
 backlog 6056b 4p requeues 0
prob 0.001164 delay_c 3469us delay_l 0us
pkts_in_c 2875 pkts_in_l 12 maxq 8
ecn_mark 0 step_marks 0
credit -120340 (L)
c_marks 0 l_marks 0
dq_count 2883 eq_count 2887
c_drops 0 l_drops 0

TICK_NS 2532562548592
TC_DUR_NS 1373456
NEXT 2532574329999
PLACEMENT i=252
qdisc dualpi2 2: parent 1:10 limit 250p target 15ms tupdate 16ms alpha 0.152344 beta 3.195312 l4s_ect coupling_factor 2 drop_on_overload step_thresh 1ms drop_dequeue split_gso classic_protection 10% 
 Sent 4363461 bytes 2899 pkt (dropped 0, overlimits 0 requeues 0) 
 backlog 7570b 5p requeues 0
prob 0.000000 delay_c 1291us delay_l 0us
pkts_in_c 2892 pkts_in_l 12 maxq 8
ecn_mark 0 step_marks 0
credit -120340 (L)
c_marks 0 l_marks 0
dq_count 2899 eq_count 2904
c_drops 0 l_drops 0

TICK_NS 2532578256677
TC_DUR_NS 1432606
NEXT 2532590329999
PLACEMENT i=253
qdisc dualpi2 2: parent 1:10 limit 250p target 15ms tupdate 16ms alpha 0.152344 beta 3.195312 l4s_ect coupling_factor 2 drop_on_overload step_thresh 1ms drop_dequeue split_gso classic_protection 10% 
 Sent 4386171 bytes 2914 pkt (dropped 0, overlimits 0 requeues 0) 
 backlog 6056b 4p requeues 0
prob 0.001250 delay_c 3781us delay_l 0us
pkts_in_c 2906 pkts_in_l 12 maxq 8
ecn_mark 0 step_marks 0
credit -120340 (L)
c_marks 0 l_marks 0
dq_count 2914 eq_count 2918
c_drops 0 l_drops 0

TICK_NS 2532594289019
TC_DUR_NS 1287163
NEXT 2532606329999
PLACEMENT i=254
qdisc dualpi2 2: parent 1:10 limit 250p target 15ms tupdate 16ms alpha 0.152344 beta 3.195312 l4s_ect coupling_factor 2 drop_on_overload step_thresh 1ms drop_dequeue split_gso classic_protection 10% 
 Sent 4410395 bytes 2930 pkt (dropped 0, overlimits 0 requeues 0) 
 backlog 6056b 4p requeues 0
prob 0.000000 delay_c 3723us delay_l 0us
pkts_in_c 2922 pkts_in_l 12 maxq 8
ecn_mark 0 step_marks 0
credit -120340 (L)
c_marks 0 l_marks 0
dq_count 2930 eq_count 2934
c_drops 0 l_drops 0

TICK_NS 2532610444393
TC_DUR_NS 1413711
NEXT 2532622329999
PLACEMENT i=255
qdisc dualpi2 2: parent 1:10 limit 250p target 15ms tupdate 16ms alpha 0.152344 beta 3.195312 l4s_ect coupling_factor 2 drop_on_overload step_thresh 1ms drop_dequeue split_gso classic_protection 10% 
 Sent 4434619 bytes 2946 pkt (dropped 0, overlimits 0 requeues 0) 
 backlog 7570b 5p requeues 0
prob 0.000000 delay_c 3599us delay_l 0us
pkts_in_c 2939 pkts_in_l 12 maxq 8
ecn_mark 0 step_marks 0
credit -120340 (L)
c_marks 0 l_marks 0
dq_count 2946 eq_count 2951
c_drops 0 l_drops 0

TICK_NS 2532626165932
TC_DUR_NS 1394065
NEXT 2532638329999
PLACEMENT i=256
qdisc dualpi2 2: parent 1:10 limit 250p target 15ms tupdate 16ms alpha 0.152344 beta 3.195312 l4s_ect coupling_factor 2 drop_on_overload step_thresh 1ms drop_dequeue split_gso classic_protection 10% 
 Sent 4458843 bytes 2962 pkt (dropped 0, overlimits 0 requeues 0) 
 backlog 7570b 5p requeues 0
prob 0.000000 delay_c 4221us delay_l 0us
pkts_in_c 2955 pkts_in_l 12 maxq 8
ecn_mark 0 step_marks 0
credit -120340 (L)
c_marks 0 l_marks 0
dq_count 2962 eq_count 2967
c_drops 0 l_drops 0

TICK_NS 2532643108091
TC_DUR_NS 1765872
NEXT 2532654329999
PLACEMENT i=257
qdisc dualpi2 2: parent 1:10 limit 250p target 15ms tupdate 16ms alpha 0.152344 beta 3.195312 l4s_ect coupling_factor 2 drop_on_overload step_thresh 1ms drop_dequeue split_gso classic_protection 10% 
 Sent 4483067 bytes 2978 pkt (dropped 0, overlimits 0 requeues 0) 
 backlog 7570b 5p requeues 0
prob 0.000000 delay_c 4781us delay_l 0us
pkts_in_c 2971 pkts_in_l 12 maxq 8
ecn_mark 0 step_marks 0
credit -120340 (L)
c_marks 0 l_marks 0
dq_count 2978 eq_count 2983
c_drops 0 l_drops 0

TICK_NS 2532658429410
TC_DUR_NS 1305287
NEXT 2532670329999
PLACEMENT i=258
qdisc dualpi2 2: parent 1:10 limit 250p target 15ms tupdate 16ms alpha 0.152344 beta 3.195312 l4s_ect coupling_factor 2 drop_on_overload step_thresh 1ms drop_dequeue split_gso classic_protection 10% 
 Sent 4507291 bytes 2994 pkt (dropped 0, overlimits 0 requeues 0) 
 backlog 6056b 4p requeues 0
prob 0.000000 delay_c 3305us delay_l 0us
pkts_in_c 2986 pkts_in_l 12 maxq 8
ecn_mark 0 step_marks 0
credit -120340 (L)
c_marks 0 l_marks 0
dq_count 2994 eq_count 2998
c_drops 0 l_drops 0

TICK_NS 2532674305320
TC_DUR_NS 1546209
NEXT 2532686329999
PLACEMENT i=259
qdisc dualpi2 2: parent 1:10 limit 250p target 15ms tupdate 16ms alpha 0.152344 beta 3.195312 l4s_ect coupling_factor 2 drop_on_overload step_thresh 1ms drop_dequeue split_gso classic_protection 10% 
 Sent 4530001 bytes 3009 pkt (dropped 0, overlimits 0 requeues 0) 
 backlog 7570b 5p requeues 0
prob 0.001122 delay_c 4785us delay_l 0us
pkts_in_c 3002 pkts_in_l 12 maxq 8
ecn_mark 0 step_marks 0
credit -120340 (L)
c_marks 0 l_marks 0
dq_count 3009 eq_count 3014
c_drops 0 l_drops 0

TICK_NS 2532690569407
TC_DUR_NS 1663770
NEXT 2532702329999
PLACEMENT i=260
qdisc dualpi2 2: parent 1:10 limit 250p target 15ms tupdate 16ms alpha 0.152344 beta 3.195312 l4s_ect coupling_factor 2 drop_on_overload step_thresh 1ms drop_dequeue split_gso classic_protection 10% 
 Sent 4554225 bytes 3025 pkt (dropped 0, overlimits 0 requeues 0) 
 backlog 7570b 5p requeues 0
prob 0.000000 delay_c 4976us delay_l 0us
pkts_in_c 3018 pkts_in_l 12 maxq 8
ecn_mark 0 step_marks 0
credit -120340 (L)
c_marks 0 l_marks 0
dq_count 3025 eq_count 3030
c_drops 0 l_drops 0

TICK_NS 2532706275528
TC_DUR_NS 1422487
NEXT 2532718329999
PLACEMENT i=261
qdisc dualpi2 2: parent 1:10 limit 250p target 15ms tupdate 16ms alpha 0.152344 beta 3.195312 l4s_ect coupling_factor 2 drop_on_overload step_thresh 1ms drop_dequeue split_gso classic_protection 10% 
 Sent 4578449 bytes 3041 pkt (dropped 0, overlimits 0 requeues 0) 
 backlog 6056b 4p requeues 0
prob 0.000000 delay_c 3672us delay_l 0us
pkts_in_c 3033 pkts_in_l 12 maxq 8
ecn_mark 0 step_marks 0
credit -120340 (L)
c_marks 0 l_marks 0
dq_count 3041 eq_count 3045
c_drops 0 l_drops 0

TICK_NS 2532722459194
TC_DUR_NS 1315988
NEXT 2532734329999
PLACEMENT i=262
qdisc dualpi2 2: parent 1:10 limit 250p target 15ms tupdate 16ms alpha 0.152344 beta 3.195312 l4s_ect coupling_factor 2 drop_on_overload step_thresh 1ms drop_dequeue split_gso classic_protection 10% 
 Sent 4602673 bytes 3057 pkt (dropped 0, overlimits 0 requeues 0) 
 backlog 6056b 4p requeues 0
prob 0.001208 delay_c 3671us delay_l 0us
pkts_in_c 3049 pkts_in_l 12 maxq 8
ecn_mark 0 step_marks 0
credit -120340 (L)
c_marks 0 l_marks 0
dq_count 3057 eq_count 3061
c_drops 0 l_drops 0

TICK_NS 2532738662988
TC_DUR_NS 1353808
NEXT 2532750329999
PLACEMENT i=263
qdisc dualpi2 2: parent 1:10 limit 250p target 15ms tupdate 16ms alpha 0.152344 beta 3.195312 l4s_ect coupling_factor 2 drop_on_overload step_thresh 1ms drop_dequeue split_gso classic_protection 10% 
 Sent 4626897 bytes 3073 pkt (dropped 0, overlimits 0 requeues 0) 
 backlog 6056b 4p requeues 0
prob 0.000000 delay_c 3757us delay_l 0us
pkts_in_c 3065 pkts_in_l 12 maxq 8
ecn_mark 0 step_marks 0
credit -120340 (L)
c_marks 0 l_marks 0
dq_count 3073 eq_count 3077
c_drops 0 l_drops 0

TICK_NS 2532754315208
TC_DUR_NS 1640456
NEXT 2532766329999
PLACEMENT i=264
qdisc dualpi2 2: parent 1:10 limit 250p target 15ms tupdate 16ms alpha 0.152344 beta 3.195312 l4s_ect coupling_factor 2 drop_on_overload step_thresh 1ms drop_dequeue split_gso classic_protection 10% 
 Sent 4651121 bytes 3089 pkt (dropped 0, overlimits 0 requeues 0) 
 backlog 7570b 5p requeues 0
prob 0.000000 delay_c 4214us delay_l 0us
pkts_in_c 3082 pkts_in_l 12 maxq 8
ecn_mark 0 step_marks 0
credit -120340 (L)
c_marks 0 l_marks 0
dq_count 3089 eq_count 3094
c_drops 0 l_drops 0

TICK_NS 2532770622616
TC_DUR_NS 1435993
NEXT 2532782329999
PLACEMENT i=265
qdisc dualpi2 2: parent 1:10 limit 250p target 15ms tupdate 16ms alpha 0.152344 beta 3.195312 l4s_ect coupling_factor 2 drop_on_overload step_thresh 1ms drop_dequeue split_gso classic_protection 10% 
 Sent 4675345 bytes 3105 pkt (dropped 0, overlimits 0 requeues 0) 
 backlog 7570b 5p requeues 0
prob 0.000000 delay_c 4395us delay_l 0us
pkts_in_c 3098 pkts_in_l 12 maxq 8
ecn_mark 0 step_marks 0
credit -120340 (L)
c_marks 0 l_marks 0
dq_count 3105 eq_count 3110
c_drops 0 l_drops 0

TICK_NS 2532786344076
TC_DUR_NS 1655174
NEXT 2532798329999
PLACEMENT i=266
qdisc dualpi2 2: parent 1:10 limit 250p target 15ms tupdate 16ms alpha 0.152344 beta 3.195312 l4s_ect coupling_factor 2 drop_on_overload step_thresh 1ms drop_dequeue split_gso classic_protection 10% 
 Sent 4698055 bytes 3120 pkt (dropped 0, overlimits 0 requeues 0) 
 backlog 6056b 4p requeues 0
prob 0.000000 delay_c 3975us delay_l 0us
pkts_in_c 3112 pkts_in_l 12 maxq 8
ecn_mark 0 step_marks 0
credit -120340 (L)
c_marks 0 l_marks 0
dq_count 3120 eq_count 3124
c_drops 0 l_drops 0

TICK_NS 2532802121771
TC_DUR_NS 1361804
NEXT 2532814329999
PLACEMENT i=267
qdisc dualpi2 2: parent 1:10 limit 250p target 15ms tupdate 16ms alpha 0.152344 beta 3.195312 l4s_ect coupling_factor 2 drop_on_overload step_thresh 1ms drop_dequeue split_gso classic_protection 10% 
 Sent 4722279 bytes 3136 pkt (dropped 0, overlimits 0 requeues 0) 
 backlog 7570b 5p requeues 0
prob 0.000000 delay_c 4699us delay_l 0us
pkts_in_c 3129 pkts_in_l 12 maxq 8
ecn_mark 0 step_marks 0
credit -120340 (L)
c_marks 0 l_marks 0
dq_count 3136 eq_count 3141
c_drops 0 l_drops 0

TICK_NS 2532818791969
TC_DUR_NS 1607153
NEXT 2532830329999
PLACEMENT i=268
qdisc dualpi2 2: parent 1:10 limit 250p target 15ms tupdate 16ms alpha 0.152344 beta 3.195312 l4s_ect coupling_factor 2 drop_on_overload step_thresh 1ms drop_dequeue split_gso classic_protection 10% 
 Sent 4748017 bytes 3153 pkt (dropped 0, overlimits 0 requeues 0) 
 backlog 6056b 4p requeues 0
prob 0.001098 delay_c 3028us delay_l 0us
pkts_in_c 3145 pkts_in_l 12 maxq 8
ecn_mark 0 step_marks 0
credit -120340 (L)
c_marks 0 l_marks 0
dq_count 3153 eq_count 3157
c_drops 0 l_drops 0

TICK_NS 2532834013371
TC_DUR_NS 1378635
NEXT 2532846329999
PLACEMENT i=269
qdisc dualpi2 2: parent 1:10 limit 250p target 15ms tupdate 16ms alpha 0.152344 beta 3.195312 l4s_ect coupling_factor 2 drop_on_overload step_thresh 1ms drop_dequeue split_gso classic_protection 10% 
 Sent 4770727 bytes 3168 pkt (dropped 0, overlimits 0 requeues 0) 
 backlog 6056b 4p requeues 0
prob 0.000000 delay_c 4296us delay_l 0us
pkts_in_c 3160 pkts_in_l 12 maxq 8
ecn_mark 0 step_marks 0
credit -120340 (L)
c_marks 0 l_marks 0
dq_count 3168 eq_count 3172
c_drops 0 l_drops 0

TICK_NS 2532850684832
TC_DUR_NS 1497027
NEXT 2532862329999
PLACEMENT i=270
qdisc dualpi2 2: parent 1:10 limit 250p target 15ms tupdate 16ms alpha 0.152344 beta 3.195312 l4s_ect coupling_factor 2 drop_on_overload step_thresh 1ms drop_dequeue split_gso classic_protection 10% 
 Sent 4794951 bytes 3184 pkt (dropped 0, overlimits 0 requeues 0) 
 backlog 6056b 4p requeues 0
prob 0.001202 delay_c 3699us delay_l 0us
pkts_in_c 3176 pkts_in_l 12 maxq 8
ecn_mark 0 step_marks 0
credit -120340 (L)
c_marks 0 l_marks 0
dq_count 3184 eq_count 3188
c_drops 0 l_drops 0

TICK_NS 2532866458049
TC_DUR_NS 1432787
NEXT 2532878329999
PLACEMENT i=271
qdisc dualpi2 2: parent 1:10 limit 250p target 15ms tupdate 16ms alpha 0.152344 beta 3.195312 l4s_ect coupling_factor 2 drop_on_overload step_thresh 1ms drop_dequeue split_gso classic_protection 10% 
 Sent 4819175 bytes 3200 pkt (dropped 0, overlimits 0 requeues 0) 
 backlog 6056b 4p requeues 0
prob 0.000000 delay_c 3350us delay_l 0us
pkts_in_c 3192 pkts_in_l 12 maxq 8
ecn_mark 0 step_marks 0
credit -120340 (L)
c_marks 0 l_marks 0
dq_count 3200 eq_count 3204
c_drops 0 l_drops 0

TICK_NS 2532882232498
TC_DUR_NS 1455429
NEXT 2532894329999
PLACEMENT i=272
qdisc dualpi2 2: parent 1:10 limit 250p target 15ms tupdate 16ms alpha 0.152344 beta 3.195312 l4s_ect coupling_factor 2 drop_on_overload step_thresh 1ms drop_dequeue split_gso classic_protection 10% 
 Sent 4843399 bytes 3216 pkt (dropped 0, overlimits 0 requeues 0) 
 backlog 7570b 5p requeues 0
prob 0.000000 delay_c 3036us delay_l 0us
pkts_in_c 3209 pkts_in_l 12 maxq 8
ecn_mark 0 step_marks 0
credit -120340 (L)
c_marks 0 l_marks 0
dq_count 3216 eq_count 3221
c_drops 0 l_drops 0

TICK_NS 2532898158591
TC_DUR_NS 1322430
NEXT 2532910329999
PLACEMENT i=273
qdisc dualpi2 2: parent 1:10 limit 250p target 15ms tupdate 16ms alpha 0.152344 beta 3.195312 l4s_ect coupling_factor 2 drop_on_overload step_thresh 1ms drop_dequeue split_gso classic_protection 10% 
 Sent 4866109 bytes 3231 pkt (dropped 0, overlimits 0 requeues 0) 
 backlog 6056b 4p requeues 0
prob 0.000000 delay_c 3851us delay_l 0us
pkts_in_c 3223 pkts_in_l 12 maxq 8
ecn_mark 0 step_marks 0
credit -120340 (L)
c_marks 0 l_marks 0
dq_count 3231 eq_count 3235
c_drops 0 l_drops 0

TICK_NS 2532914699688
TC_DUR_NS 1505763
NEXT 2532926329999
PLACEMENT i=274
qdisc dualpi2 2: parent 1:10 limit 250p target 15ms tupdate 16ms alpha 0.152344 beta 3.195312 l4s_ect coupling_factor 2 drop_on_overload step_thresh 1ms drop_dequeue split_gso classic_protection 10% 
 Sent 4891847 bytes 3248 pkt (dropped 0, overlimits 0 requeues 0) 
 backlog 7570b 5p requeues 0
prob 0.000000 delay_c 4097us delay_l 0us
pkts_in_c 3241 pkts_in_l 12 maxq 8
ecn_mark 0 step_marks 0
credit -120340 (L)
c_marks 0 l_marks 0
dq_count 3248 eq_count 3253
c_drops 0 l_drops 0

TICK_NS 2532930497401
TC_DUR_NS 1462663
NEXT 2532942329999
PLACEMENT i=275
qdisc dualpi2 2: parent 1:10 limit 250p target 15ms tupdate 16ms alpha 0.152344 beta 3.195312 l4s_ect coupling_factor 2 drop_on_overload step_thresh 1ms drop_dequeue split_gso classic_protection 10% 
 Sent 4914557 bytes 3263 pkt (dropped 0, overlimits 0 requeues 0) 
 backlog 7570b 5p requeues 0
prob 0.004472 delay_c 4903us delay_l 0us
pkts_in_c 3256 pkts_in_l 12 maxq 8
ecn_mark 0 step_marks 0
credit -120340 (L)
c_marks 0 l_marks 0
dq_count 3263 eq_count 3268
c_drops 0 l_drops 0

TICK_NS 2532946438001
TC_DUR_NS 1324674
NEXT 2532958329999
PLACEMENT i=276
qdisc dualpi2 2: parent 1:10 limit 250p target 15ms tupdate 16ms alpha 0.152344 beta 3.195312 l4s_ect coupling_factor 2 drop_on_overload step_thresh 1ms drop_dequeue split_gso classic_protection 10% 
 Sent 4938781 bytes 3279 pkt (dropped 0, overlimits 0 requeues 0) 
 backlog 4542b 3p requeues 0
prob 0.000000 delay_c 4665us delay_l 0us
pkts_in_c 3270 pkts_in_l 12 maxq 8
ecn_mark 0 step_marks 0
credit -120340 (L)
c_marks 0 l_marks 0
dq_count 3279 eq_count 3282
c_drops 0 l_drops 0

TICK_NS 2532962402557
TC_DUR_NS 1494703
NEXT 2532974329999
PLACEMENT i=277
qdisc dualpi2 2: parent 1:10 limit 250p target 15ms tupdate 16ms alpha 0.152344 beta 3.195312 l4s_ect coupling_factor 2 drop_on_overload step_thresh 1ms drop_dequeue split_gso classic_protection 10% 
 Sent 4963005 bytes 3295 pkt (dropped 0, overlimits 0 requeues 0) 
 backlog 7570b 5p requeues 0
prob 0.000000 delay_c 4396us delay_l 0us
pkts_in_c 3288 pkts_in_l 12 maxq 8
ecn_mark 0 step_marks 0
credit -120340 (L)
c_marks 0 l_marks 0
dq_count 3295 eq_count 3300
c_drops 0 l_drops 0

TICK_NS 2532978550596
TC_DUR_NS 1387242
NEXT 2532990329999
PLACEMENT i=278
qdisc dualpi2 2: parent 1:10 limit 250p target 15ms tupdate 16ms alpha 0.152344 beta 3.195312 l4s_ect coupling_factor 2 drop_on_overload step_thresh 1ms drop_dequeue split_gso classic_protection 10% 
 Sent 4987229 bytes 3311 pkt (dropped 0, overlimits 0 requeues 0) 
 backlog 6056b 4p requeues 0
prob 0.000000 delay_c 3399us delay_l 0us
pkts_in_c 3303 pkts_in_l 12 maxq 8
ecn_mark 0 step_marks 0
credit -120340 (L)
c_marks 0 l_marks 0
dq_count 3311 eq_count 3315
c_drops 0 l_drops 0

TICK_NS 2532994449198
TC_DUR_NS 1516654
NEXT 2533006329999
PLACEMENT i=279
qdisc dualpi2 2: parent 1:10 limit 250p target 15ms tupdate 16ms alpha 0.152344 beta 3.195312 l4s_ect coupling_factor 2 drop_on_overload step_thresh 1ms drop_dequeue split_gso classic_protection 10% 
 Sent 5011453 bytes 3327 pkt (dropped 0, overlimits 0 requeues 0) 
 backlog 6056b 4p requeues 0
prob 0.001158 delay_c 3159us delay_l 0us
pkts_in_c 3319 pkts_in_l 12 maxq 8
ecn_mark 0 step_marks 0
credit -120340 (L)
c_marks 0 l_marks 0
dq_count 3327 eq_count 3331
c_drops 0 l_drops 0

TICK_NS 2533010136804
TC_DUR_NS 1397901
NEXT 2533022329999
PLACEMENT i=280
qdisc dualpi2 2: parent 1:10 limit 250p target 15ms tupdate 16ms alpha 0.152344 beta 3.195312 l4s_ect coupling_factor 2 drop_on_overload step_thresh 1ms drop_dequeue split_gso classic_protection 10% 
 Sent 5034163 bytes 3342 pkt (dropped 0, overlimits 0 requeues 0) 
 backlog 7570b 5p requeues 0
prob 0.000000 delay_c 4725us delay_l 0us
pkts_in_c 3335 pkts_in_l 12 maxq 8
ecn_mark 0 step_marks 0
credit -120340 (L)
c_marks 0 l_marks 0
dq_count 3342 eq_count 3347
c_drops 0 l_drops 0

TICK_NS 2533026449633
TC_DUR_NS 1390658
NEXT 2533038329999
PLACEMENT i=281
qdisc dualpi2 2: parent 1:10 limit 250p target 15ms tupdate 16ms alpha 0.152344 beta 3.195312 l4s_ect coupling_factor 2 drop_on_overload step_thresh 1ms drop_dequeue split_gso classic_protection 10% 
 Sent 5058387 bytes 3358 pkt (dropped 0, overlimits 0 requeues 0) 
 backlog 6056b 4p requeues 0
prob 0.000000 delay_c 3907us delay_l 0us
pkts_in_c 3350 pkts_in_l 12 maxq 8
ecn_mark 0 step_marks 0
credit -120340 (L)
c_marks 0 l_marks 0
dq_count 3358 eq_count 3362
c_drops 0 l_drops 0

TICK_NS 2533042411252
TC_DUR_NS 1410244
NEXT 2533054329999
PLACEMENT i=282
qdisc dualpi2 2: parent 1:10 limit 250p target 15ms tupdate 16ms alpha 0.152344 beta 3.195312 l4s_ect coupling_factor 2 drop_on_overload step_thresh 1ms drop_dequeue split_gso classic_protection 10% 
 Sent 5082611 bytes 3374 pkt (dropped 0, overlimits 0 requeues 0) 
 backlog 6056b 4p requeues 0
prob 0.000000 delay_c 3737us delay_l 0us
pkts_in_c 3366 pkts_in_l 12 maxq 8
ecn_mark 0 step_marks 0
credit -120340 (L)
c_marks 0 l_marks 0
dq_count 3374 eq_count 3378
c_drops 0 l_drops 0

TICK_NS 2533058623472
TC_DUR_NS 1351875
NEXT 2533070329999
PLACEMENT i=283
qdisc dualpi2 2: parent 1:10 limit 250p target 15ms tupdate 16ms alpha 0.152344 beta 3.195312 l4s_ect coupling_factor 2 drop_on_overload step_thresh 1ms drop_dequeue split_gso classic_protection 10% 
 Sent 5106835 bytes 3390 pkt (dropped 0, overlimits 0 requeues 0) 
 backlog 6056b 4p requeues 0
prob 0.004534 delay_c 3776us delay_l 0us
pkts_in_c 3382 pkts_in_l 12 maxq 8
ecn_mark 0 step_marks 0
credit -120340 (L)
c_marks 0 l_marks 0
dq_count 3390 eq_count 3394
c_drops 0 l_drops 0

TICK_NS 2533074563492
TC_DUR_NS 1564584
NEXT 2533086329999
PLACEMENT i=284
qdisc dualpi2 2: parent 1:10 limit 250p target 15ms tupdate 16ms alpha 0.152344 beta 3.195312 l4s_ect coupling_factor 2 drop_on_overload step_thresh 1ms drop_dequeue split_gso classic_protection 10% 
 Sent 5131059 bytes 3406 pkt (dropped 0, overlimits 0 requeues 0) 
 backlog 7570b 5p requeues 0
prob 0.000000 delay_c 4482us delay_l 0us
pkts_in_c 3399 pkts_in_l 12 maxq 8
ecn_mark 0 step_marks 0
credit -120340 (L)
c_marks 0 l_marks 0
dq_count 3406 eq_count 3411
c_drops 0 l_drops 0

TICK_NS 2533090845733
TC_DUR_NS 1493320
NEXT 2533102329999
PLACEMENT i=285
qdisc dualpi2 2: parent 1:10 limit 250p target 15ms tupdate 16ms alpha 0.152344 beta 3.195312 l4s_ect coupling_factor 2 drop_on_overload step_thresh 1ms drop_dequeue split_gso classic_protection 10% 
 Sent 5155283 bytes 3422 pkt (dropped 0, overlimits 0 requeues 0) 
 backlog 7570b 5p requeues 0
prob 0.001064 delay_c 4565us delay_l 0us
pkts_in_c 3415 pkts_in_l 12 maxq 8
ecn_mark 0 step_marks 0
credit -120340 (L)
c_marks 0 l_marks 0
dq_count 3422 eq_count 3427
c_drops 0 l_drops 0

TICK_NS 2533106361307
TC_DUR_NS 1301090
NEXT 2533118329999
PLACEMENT i=286
qdisc dualpi2 2: parent 1:10 limit 250p target 15ms tupdate 16ms alpha 0.152344 beta 3.195312 l4s_ect coupling_factor 2 drop_on_overload step_thresh 1ms drop_dequeue split_gso classic_protection 10% 
 Sent 5179507 bytes 3438 pkt (dropped 0, overlimits 0 requeues 0) 
 backlog 6056b 4p requeues 0
prob 0.000000 delay_c 4058us delay_l 0us
pkts_in_c 3430 pkts_in_l 12 maxq 8
ecn_mark 0 step_marks 0
credit -120340 (L)
c_marks 0 l_marks 0
dq_count 3438 eq_count 3442
c_drops 0 l_drops 0

TICK_NS 2533122415169
TC_DUR_NS 1525581
NEXT 2533134329999
PLACEMENT i=287
qdisc dualpi2 2: parent 1:10 limit 250p target 15ms tupdate 16ms alpha 0.152344 beta 3.195312 l4s_ect coupling_factor 2 drop_on_overload step_thresh 1ms drop_dequeue split_gso classic_protection 10% 
 Sent 5202217 bytes 3453 pkt (dropped 0, overlimits 0 requeues 0) 
 backlog 7570b 5p requeues 0
prob 0.001209 delay_c 4798us delay_l 0us
pkts_in_c 3446 pkts_in_l 12 maxq 8
ecn_mark 0 step_marks 0
credit -120340 (L)
c_marks 0 l_marks 0
dq_count 3453 eq_count 3458
c_drops 0 l_drops 0

TICK_NS 2533138193917
TC_DUR_NS 1304256
NEXT 2533150329999
PLACEMENT i=288
qdisc dualpi2 2: parent 1:10 limit 250p target 15ms tupdate 16ms alpha 0.152344 beta 3.195312 l4s_ect coupling_factor 2 drop_on_overload step_thresh 1ms drop_dequeue split_gso classic_protection 10% 
 Sent 5226441 bytes 3469 pkt (dropped 0, overlimits 0 requeues 0) 
 backlog 7570b 5p requeues 0
prob 0.000000 delay_c 4568us delay_l 0us
pkts_in_c 3462 pkts_in_l 12 maxq 8
ecn_mark 0 step_marks 0
credit -120340 (L)
c_marks 0 l_marks 0
dq_count 3469 eq_count 3474
c_drops 0 l_drops 0

TICK_NS 2533154226069
TC_DUR_NS 1379426
NEXT 2533166329999
PLACEMENT i=289
qdisc dualpi2 2: parent 1:10 limit 250p target 15ms tupdate 16ms alpha 0.152344 beta 3.195312 l4s_ect coupling_factor 2 drop_on_overload step_thresh 1ms drop_dequeue split_gso classic_protection 10% 
 Sent 5250665 bytes 3485 pkt (dropped 0, overlimits 0 requeues 0) 
 backlog 6056b 4p requeues 0
prob 0.000000 delay_c 2386us delay_l 0us
pkts_in_c 3477 pkts_in_l 12 maxq 8
ecn_mark 0 step_marks 0
credit -120340 (L)
c_marks 0 l_marks 0
dq_count 3485 eq_count 3489
c_drops 0 l_drops 0

TICK_NS 2533170370501
TC_DUR_NS 1452234
NEXT 2533182329999
PLACEMENT i=290
qdisc dualpi2 2: parent 1:10 limit 250p target 15ms tupdate 16ms alpha 0.152344 beta 3.195312 l4s_ect coupling_factor 2 drop_on_overload step_thresh 1ms drop_dequeue split_gso classic_protection 10% 
 Sent 5274889 bytes 3501 pkt (dropped 0, overlimits 0 requeues 0) 
 backlog 6056b 4p requeues 0
prob 0.001276 delay_c 3413us delay_l 0us
pkts_in_c 3493 pkts_in_l 12 maxq 8
ecn_mark 0 step_marks 0
credit -120340 (L)
c_marks 0 l_marks 0
dq_count 3501 eq_count 3505
c_drops 0 l_drops 0

TICK_NS 2533186354033
TC_DUR_NS 1375790
NEXT 2533198329999
PLACEMENT i=291
qdisc dualpi2 2: parent 1:10 limit 250p target 15ms tupdate 16ms alpha 0.152344 beta 3.195312 l4s_ect coupling_factor 2 drop_on_overload step_thresh 1ms drop_dequeue split_gso classic_protection 10% 
 Sent 5299113 bytes 3517 pkt (dropped 0, overlimits 0 requeues 0) 
 backlog 6056b 4p requeues 0
prob 0.000000 delay_c 3240us delay_l 0us
pkts_in_c 3509 pkts_in_l 12 maxq 8
ecn_mark 0 step_marks 0
credit -120340 (L)
c_marks 0 l_marks 0
dq_count 3517 eq_count 3521
c_drops 0 l_drops 0

TICK_NS 2533202563257
TC_DUR_NS 1436774
NEXT 2533214329999
PLACEMENT i=292
qdisc dualpi2 2: parent 1:10 limit 250p target 15ms tupdate 16ms alpha 0.152344 beta 3.195312 l4s_ect coupling_factor 2 drop_on_overload step_thresh 1ms drop_dequeue split_gso classic_protection 10% 
 Sent 5323337 bytes 3533 pkt (dropped 0, overlimits 0 requeues 0) 
 backlog 7570b 5p requeues 0
prob 0.000000 delay_c 4374us delay_l 0us
pkts_in_c 3526 pkts_in_l 12 maxq 8
ecn_mark 0 step_marks 0
credit -120340 (L)
c_marks 0 l_marks 0
dq_count 3533 eq_count 3538
c_drops 0 l_drops 0

TICK_NS 2533218469443
TC_DUR_NS 1640977
NEXT 2533230329999
PLACEMENT i=293
qdisc dualpi2 2: parent 1:10 limit 250p target 15ms tupdate 16ms alpha 0.152344 beta 3.195312 l4s_ect coupling_factor 2 drop_on_overload step_thresh 1ms drop_dequeue split_gso classic_protection 10% 
 Sent 5346047 bytes 3548 pkt (dropped 0, overlimits 0 requeues 0) 
 backlog 6056b 4p requeues 0
prob 0.000000 delay_c 4016us delay_l 0us
pkts_in_c 3540 pkts_in_l 12 maxq 8
ecn_mark 0 step_marks 0
credit -120340 (L)
c_marks 0 l_marks 0
dq_count 3548 eq_count 3552
c_drops 0 l_drops 0

TICK_NS 2533234170344
TC_DUR_NS 1420774
NEXT 2533246329999
PLACEMENT i=294
qdisc dualpi2 2: parent 1:10 limit 250p target 15ms tupdate 16ms alpha 0.152344 beta 3.195312 l4s_ect coupling_factor 2 drop_on_overload step_thresh 1ms drop_dequeue split_gso classic_protection 10% 
 Sent 5370271 bytes 3564 pkt (dropped 0, overlimits 0 requeues 0) 
 backlog 6056b 4p requeues 0
prob 0.000000 delay_c 3671us delay_l 0us
pkts_in_c 3556 pkts_in_l 12 maxq 8
ecn_mark 0 step_marks 0
credit -120340 (L)
c_marks 0 l_marks 0
dq_count 3564 eq_count 3568
c_drops 0 l_drops 0

TICK_NS 2533250520482
TC_DUR_NS 1403712
NEXT 2533262329999
PLACEMENT i=295
qdisc dualpi2 2: parent 1:10 limit 250p target 15ms tupdate 16ms alpha 0.152344 beta 3.195312 l4s_ect coupling_factor 2 drop_on_overload step_thresh 1ms drop_dequeue split_gso classic_protection 10% 
 Sent 5394495 bytes 3580 pkt (dropped 0, overlimits 0 requeues 0) 
 backlog 7570b 5p requeues 0
prob 0.000000 delay_c 4745us delay_l 0us
pkts_in_c 3573 pkts_in_l 12 maxq 8
ecn_mark 0 step_marks 0
credit -120340 (L)
c_marks 0 l_marks 0
dq_count 3580 eq_count 3585
c_drops 0 l_drops 0

TICK_NS 2533266569887
TC_DUR_NS 1434410
NEXT 2533278329999
PLACEMENT i=296
qdisc dualpi2 2: parent 1:10 limit 250p target 15ms tupdate 16ms alpha 0.152344 beta 3.195312 l4s_ect coupling_factor 2 drop_on_overload step_thresh 1ms drop_dequeue split_gso classic_protection 10% 
 Sent 5418719 bytes 3596 pkt (dropped 0, overlimits 0 requeues 0) 
 backlog 7570b 5p requeues 0
prob 0.001155 delay_c 4710us delay_l 0us
pkts_in_c 3589 pkts_in_l 12 maxq 8
ecn_mark 0 step_marks 0
credit -120340 (L)
c_marks 0 l_marks 0
dq_count 3596 eq_count 3601
c_drops 0 l_drops 0

TICK_NS 2533282449182
TC_DUR_NS 1498490
NEXT 2533294329999
PLACEMENT i=297
qdisc dualpi2 2: parent 1:10 limit 250p target 15ms tupdate 16ms alpha 0.152344 beta 3.195312 l4s_ect coupling_factor 2 drop_on_overload step_thresh 1ms drop_dequeue split_gso classic_protection 10% 
 Sent 5442943 bytes 3612 pkt (dropped 0, overlimits 0 requeues 0) 
 backlog 7570b 5p requeues 0
prob 0.000000 delay_c 4485us delay_l 0us
pkts_in_c 3605 pkts_in_l 12 maxq 8
ecn_mark 0 step_marks 0
credit -120340 (L)
c_marks 0 l_marks 0
dq_count 3612 eq_count 3617
c_drops 0 l_drops 0

TICK_NS 2533298597793
TC_DUR_NS 1412489
NEXT 2533310329999
PLACEMENT i=298
qdisc dualpi2 2: parent 1:10 limit 250p target 15ms tupdate 16ms alpha 0.152344 beta 3.195312 l4s_ect coupling_factor 2 drop_on_overload step_thresh 1ms drop_dequeue split_gso classic_protection 10% 
 Sent 5467167 bytes 3628 pkt (dropped 0, overlimits 0 requeues 0) 
 backlog 6056b 4p requeues 0
prob 0.000000 delay_c 3517us delay_l 0us
pkts_in_c 3620 pkts_in_l 12 maxq 8
ecn_mark 0 step_marks 0
credit -120340 (L)
c_marks 0 l_marks 0
dq_count 3628 eq_count 3632
c_drops 0 l_drops 0

TICK_NS 2533314494131
TC_DUR_NS 1627852
NEXT 2533326329999
PLACEMENT i=299
qdisc dualpi2 2: parent 1:10 limit 250p target 15ms tupdate 16ms alpha 0.152344 beta 3.195312 l4s_ect coupling_factor 2 drop_on_overload step_thresh 1ms drop_dequeue split_gso classic_protection 10% 
 Sent 5491391 bytes 3644 pkt (dropped 0, overlimits 0 requeues 0) 
 backlog 6056b 4p requeues 0
prob 0.001193 delay_c 3133us delay_l 0us
pkts_in_c 3636 pkts_in_l 12 maxq 8
ecn_mark 0 step_marks 0
credit -120340 (L)
c_marks 0 l_marks 0
dq_count 3644 eq_count 3648
c_drops 0 l_drops 0

TICK_NS 2533330738040
TC_DUR_NS 1484734
NEXT 2533342329999
PLACEMENT i=300
qdisc dualpi2 2: parent 1:10 limit 250p target 15ms tupdate 16ms alpha 0.152344 beta 3.195312 l4s_ect coupling_factor 2 drop_on_overload step_thresh 1ms drop_dequeue split_gso classic_protection 10% 
 Sent 5515615 bytes 3660 pkt (dropped 0, overlimits 0 requeues 0) 
 backlog 6056b 4p requeues 0
prob 0.000000 delay_c 3313us delay_l 0us
pkts_in_c 3652 pkts_in_l 12 maxq 8
ecn_mark 0 step_marks 0
credit -120340 (L)
c_marks 0 l_marks 0
dq_count 3660 eq_count 3664
c_drops 0 l_drops 0

TICK_NS 2533346022881
TC_DUR_NS 1314254
NEXT 2533358329999
PLACEMENT i=301
qdisc dualpi2 2: parent 1:10 limit 250p target 15ms tupdate 16ms alpha 0.152344 beta 3.195312 l4s_ect coupling_factor 2 drop_on_overload step_thresh 1ms drop_dequeue split_gso classic_protection 10% 
 Sent 5538325 bytes 3675 pkt (dropped 0, overlimits 0 requeues 0) 
 backlog 6126b 5p requeues 0
prob 0.000000 delay_c 4944us delay_l 0us
pkts_in_c 3668 pkts_in_l 12 maxq 8
ecn_mark 0 step_marks 0
credit -120340 (L)
c_marks 0 l_marks 0
dq_count 3675 eq_count 3680
c_drops 0 l_drops 0

TICK_NS 2533362238858
TC_DUR_NS 1344401
NEXT 2533374329999
PLACEMENT i=302
qdisc dualpi2 2: parent 1:10 limit 250p target 15ms tupdate 16ms alpha 0.152344 beta 3.195312 l4s_ect coupling_factor 2 drop_on_overload step_thresh 1ms drop_dequeue split_gso classic_protection 10% 
 Sent 5562619 bytes 3692 pkt (dropped 0, overlimits 0 requeues 0) 
 backlog 6056b 4p requeues 0
prob 0.000882 delay_c 3543us delay_l 0us
pkts_in_c 3684 pkts_in_l 12 maxq 8
ecn_mark 0 step_marks 0
credit -120340 (L)
c_marks 0 l_marks 0
dq_count 3692 eq_count 3696
c_drops 0 l_drops 0

TICK_NS 2533378595889
TC_DUR_NS 1501335
NEXT 2533390329999
PLACEMENT i=303
qdisc dualpi2 2: parent 1:10 limit 250p target 15ms tupdate 16ms alpha 0.152344 beta 3.195312 l4s_ect coupling_factor 2 drop_on_overload step_thresh 1ms drop_dequeue split_gso classic_protection 10% 
 Sent 5586843 bytes 3708 pkt (dropped 0, overlimits 0 requeues 0) 
 backlog 3028b 2p requeues 0
prob 0.000000 delay_c 3644us delay_l 0us
pkts_in_c 3698 pkts_in_l 12 maxq 8
ecn_mark 0 step_marks 0
credit -120340 (L)
c_marks 0 l_marks 0
dq_count 3708 eq_count 3710
c_drops 0 l_drops 0

TICK_NS 2533394993737
TC_DUR_NS 1777063
NEXT 2533406329999
PLACEMENT i=304
qdisc dualpi2 2: parent 1:10 limit 250p target 15ms tupdate 16ms alpha 0.152344 beta 3.195312 l4s_ect coupling_factor 2 drop_on_overload step_thresh 1ms drop_dequeue split_gso classic_protection 10% 
 Sent 5611067 bytes 3724 pkt (dropped 0, overlimits 0 requeues 0) 
 backlog 7570b 5p requeues 0
prob 0.001136 delay_c 4751us delay_l 0us
pkts_in_c 3717 pkts_in_l 12 maxq 8
ecn_mark 0 step_marks 0
credit -120340 (L)
c_marks 0 l_marks 0
dq_count 3724 eq_count 3729
c_drops 0 l_drops 0

TICK_NS 2533410470478
TC_DUR_NS 1605360
NEXT 2533422329999
PLACEMENT i=305
qdisc dualpi2 2: parent 1:10 limit 250p target 15ms tupdate 16ms alpha 0.152344 beta 3.195312 l4s_ect coupling_factor 2 drop_on_overload step_thresh 1ms drop_dequeue split_gso classic_protection 10% 
 Sent 5635291 bytes 3740 pkt (dropped 0, overlimits 0 requeues 0) 
 backlog 7570b 5p requeues 0
prob 0.000000 delay_c 4331us delay_l 0us
pkts_in_c 3733 pkts_in_l 12 maxq 8
ecn_mark 0 step_marks 0
credit -120340 (L)
c_marks 0 l_marks 0
dq_count 3740 eq_count 3745
c_drops 0 l_drops 0

TICK_NS 2533426031947
TC_DUR_NS 1412569
NEXT 2533438329999
PLACEMENT i=306
qdisc dualpi2 2: parent 1:10 limit 250p target 15ms tupdate 16ms alpha 0.152344 beta 3.195312 l4s_ect coupling_factor 2 drop_on_overload step_thresh 1ms drop_dequeue split_gso classic_protection 10% 
 Sent 5658001 bytes 3755 pkt (dropped 0, overlimits 0 requeues 0) 
 backlog 7570b 5p requeues 0
prob 0.000000 delay_c 1695us delay_l 0us
pkts_in_c 3748 pkts_in_l 12 maxq 8
ecn_mark 0 step_marks 0
credit -120340 (L)
c_marks 0 l_marks 0
dq_count 3755 eq_count 3760
c_drops 0 l_drops 0

TICK_NS 2533442719428
TC_DUR_NS 1571096
NEXT 2533454329999
PLACEMENT i=307
qdisc dualpi2 2: parent 1:10 limit 250p target 15ms tupdate 16ms alpha 0.152344 beta 3.195312 l4s_ect coupling_factor 2 drop_on_overload step_thresh 1ms drop_dequeue split_gso classic_protection 10% 
 Sent 5683739 bytes 3772 pkt (dropped 0, overlimits 0 requeues 0) 
 backlog 6056b 4p requeues 0
prob 0.001234 delay_c 3146us delay_l 0us
pkts_in_c 3764 pkts_in_l 12 maxq 8
ecn_mark 0 step_marks 0
credit -120340 (L)
c_marks 0 l_marks 0
dq_count 3772 eq_count 3776
c_drops 0 l_drops 0

TICK_NS 2533458128252
TC_DUR_NS 1550517
NEXT 2533470329999
PLACEMENT i=308
qdisc dualpi2 2: parent 1:10 limit 250p target 15ms tupdate 16ms alpha 0.152344 beta 3.195312 l4s_ect coupling_factor 2 drop_on_overload step_thresh 1ms drop_dequeue split_gso classic_protection 10% 
 Sent 5706449 bytes 3787 pkt (dropped 0, overlimits 0 requeues 0) 
 backlog 7570b 5p requeues 0
prob 0.000000 delay_c 4437us delay_l 0us
pkts_in_c 3780 pkts_in_l 12 maxq 8
ecn_mark 0 step_marks 0
credit -120340 (L)
c_marks 0 l_marks 0
dq_count 3787 eq_count 3792
c_drops 0 l_drops 0

TICK_NS 2533474898418
TC_DUR_NS 1643071
NEXT 2533486329999
PLACEMENT i=309
qdisc dualpi2 2: parent 1:10 limit 250p target 15ms tupdate 16ms alpha 0.152344 beta 3.195312 l4s_ect coupling_factor 2 drop_on_overload step_thresh 1ms drop_dequeue split_gso classic_protection 10% 
 Sent 5730673 bytes 3803 pkt (dropped 0, overlimits 0 requeues 0) 
 backlog 6056b 4p requeues 0
prob 0.000000 delay_c 4008us delay_l 0us
pkts_in_c 3795 pkts_in_l 12 maxq 8
ecn_mark 0 step_marks 0
credit -120340 (L)
c_marks 0 l_marks 0
dq_count 3803 eq_count 3807
c_drops 0 l_drops 0

TICK_NS 2533490269691
TC_DUR_NS 1565185
NEXT 2533502329999
PLACEMENT i=310
qdisc dualpi2 2: parent 1:10 limit 250p target 15ms tupdate 16ms alpha 0.152344 beta 3.195312 l4s_ect coupling_factor 2 drop_on_overload step_thresh 1ms drop_dequeue split_gso classic_protection 10% 
 Sent 5754897 bytes 3819 pkt (dropped 0, overlimits 0 requeues 0) 
 backlog 6056b 4p requeues 0
prob 0.000000 delay_c 3141us delay_l 0us
pkts_in_c 3811 pkts_in_l 12 maxq 8
ecn_mark 0 step_marks 0
credit -120340 (L)
c_marks 0 l_marks 0
dq_count 3819 eq_count 3823
c_drops 0 l_drops 0

TICK_NS 2533506416899
TC_DUR_NS 1543293
NEXT 2533518329999
PLACEMENT i=311
qdisc dualpi2 2: parent 1:10 limit 250p target 15ms tupdate 16ms alpha 0.152344 beta 3.195312 l4s_ect coupling_factor 2 drop_on_overload step_thresh 1ms drop_dequeue split_gso classic_protection 10% 
 Sent 5779121 bytes 3835 pkt (dropped 0, overlimits 0 requeues 0) 
 backlog 6056b 4p requeues 0
prob 0.000000 delay_c 3204us delay_l 0us
pkts_in_c 3827 pkts_in_l 12 maxq 8
ecn_mark 0 step_marks 0
credit -120340 (L)
c_marks 0 l_marks 0
dq_count 3835 eq_count 3839
c_drops 0 l_drops 0

TICK_NS 2533522331551
TC_DUR_NS 1362906
NEXT 2533534329999
PLACEMENT i=312
qdisc dualpi2 2: parent 1:10 limit 250p target 15ms tupdate 16ms alpha 0.152344 beta 3.195312 l4s_ect coupling_factor 2 drop_on_overload step_thresh 1ms drop_dequeue split_gso classic_protection 10% 
 Sent 5803345 bytes 3851 pkt (dropped 0, overlimits 0 requeues 0) 
 backlog 7570b 5p requeues 0
prob 0.000000 delay_c 4211us delay_l 0us
pkts_in_c 3844 pkts_in_l 12 maxq 8
ecn_mark 0 step_marks 0
credit -120340 (L)
c_marks 0 l_marks 0
dq_count 3851 eq_count 3856
c_drops 0 l_drops 0

TICK_NS 2533538192362
TC_DUR_NS 1518878
NEXT 2533550329999
PLACEMENT i=313
qdisc dualpi2 2: parent 1:10 limit 250p target 15ms tupdate 16ms alpha 0.152344 beta 3.195312 l4s_ect coupling_factor 2 drop_on_overload step_thresh 1ms drop_dequeue split_gso classic_protection 10% 
 Sent 5826055 bytes 3866 pkt (dropped 0, overlimits 0 requeues 0) 
 backlog 6056b 4p requeues 0
prob 0.001124 delay_c 3701us delay_l 0us
pkts_in_c 3858 pkts_in_l 12 maxq 8
ecn_mark 0 step_marks 0
credit -120340 (L)
c_marks 0 l_marks 0
dq_count 3866 eq_count 3870
c_drops 0 l_drops 0

TICK_NS 2533554361391
TC_DUR_NS 1527955
NEXT 2533566329999
PLACEMENT i=314
qdisc dualpi2 2: parent 1:10 limit 250p target 15ms tupdate 16ms alpha 0.152344 beta 3.195312 l4s_ect coupling_factor 2 drop_on_overload step_thresh 1ms drop_dequeue split_gso classic_protection 10% 
 Sent 5850279 bytes 3882 pkt (dropped 0, overlimits 0 requeues 0) 
 backlog 6056b 4p requeues 0
prob 0.000000 delay_c 3717us delay_l 0us
pkts_in_c 3874 pkts_in_l 12 maxq 8
ecn_mark 0 step_marks 0
credit -120340 (L)
c_marks 0 l_marks 0
dq_count 3882 eq_count 3886
c_drops 0 l_drops 0

TICK_NS 2533570807519
TC_DUR_NS 1637440
NEXT 2533582329999
PLACEMENT i=315
qdisc dualpi2 2: parent 1:10 limit 250p target 15ms tupdate 16ms alpha 0.152344 beta 3.195312 l4s_ect coupling_factor 2 drop_on_overload step_thresh 1ms drop_dequeue split_gso classic_protection 10% 
 Sent 5876017 bytes 3899 pkt (dropped 0, overlimits 0 requeues 0) 
 backlog 6056b 4p requeues 0
prob 0.000000 delay_c 3104us delay_l 0us
pkts_in_c 3891 pkts_in_l 12 maxq 8
ecn_mark 0 step_marks 0
credit -120340 (L)
c_marks 0 l_marks 0
dq_count 3899 eq_count 3903
c_drops 0 l_drops 0

TICK_NS 2533586093061
TC_DUR_NS 1438928
NEXT 2533598329999
PLACEMENT i=316
qdisc dualpi2 2: parent 1:10 limit 250p target 15ms tupdate 16ms alpha 0.152344 beta 3.195312 l4s_ect coupling_factor 2 drop_on_overload step_thresh 1ms drop_dequeue split_gso classic_protection 10% 
 Sent 5898727 bytes 3914 pkt (dropped 0, overlimits 0 requeues 0) 
 backlog 7570b 5p requeues 0
prob 0.001184 delay_c 4274us delay_l 0us
pkts_in_c 3907 pkts_in_l 12 maxq 8
ecn_mark 0 step_marks 0
credit -120340 (L)
c_marks 0 l_marks 0
dq_count 3914 eq_count 3919
c_drops 0 l_drops 0

TICK_NS 2533602066624
TC_DUR_NS 1182637
NEXT 2533614329999
PLACEMENT i=317
qdisc dualpi2 2: parent 1:10 limit 250p target 15ms tupdate 16ms alpha 0.152344 beta 3.195312 l4s_ect coupling_factor 2 drop_on_overload step_thresh 1ms drop_dequeue split_gso classic_protection 10% 
 Sent 5922951 bytes 3930 pkt (dropped 0, overlimits 0 requeues 0) 
 backlog 7570b 5p requeues 0
prob 0.000000 delay_c 4393us delay_l 0us
pkts_in_c 3923 pkts_in_l 12 maxq 8
ecn_mark 0 step_marks 0
credit -120340 (L)
c_marks 0 l_marks 0
dq_count 3930 eq_count 3935
c_drops 0 l_drops 0

TICK_NS 2533618352011
TC_DUR_NS 1486357
NEXT 2533630329999
PLACEMENT i=318
qdisc dualpi2 2: parent 1:10 limit 250p target 15ms tupdate 16ms alpha 0.152344 beta 3.195312 l4s_ect coupling_factor 2 drop_on_overload step_thresh 1ms drop_dequeue split_gso classic_protection 10% 
 Sent 5947175 bytes 3946 pkt (dropped 0, overlimits 0 requeues 0) 
 backlog 6056b 4p requeues 0
prob 0.000000 delay_c 3159us delay_l 0us
pkts_in_c 3938 pkts_in_l 12 maxq 8
ecn_mark 0 step_marks 0
credit -120340 (L)
c_marks 0 l_marks 0
dq_count 3946 eq_count 3950
c_drops 0 l_drops 0

TICK_NS 2533634571444
TC_DUR_NS 1655995
NEXT 2533646329999
PLACEMENT i=319
qdisc dualpi2 2: parent 1:10 limit 250p target 15ms tupdate 16ms alpha 0.152344 beta 3.195312 l4s_ect coupling_factor 2 drop_on_overload step_thresh 1ms drop_dequeue split_gso classic_protection 10% 
 Sent 5971399 bytes 3962 pkt (dropped 0, overlimits 0 requeues 0) 
 backlog 6056b 4p requeues 0
prob 0.000978 delay_c 3315us delay_l 0us
pkts_in_c 3954 pkts_in_l 12 maxq 8
ecn_mark 0 step_marks 0
credit -120340 (L)
c_marks 0 l_marks 0
dq_count 3962 eq_count 3966
c_drops 0 l_drops 0

TICK_NS 2533650595742
TC_DUR_NS 1478262
NEXT 2533662329999
PLACEMENT i=320
qdisc dualpi2 2: parent 1:10 limit 250p target 15ms tupdate 16ms alpha 0.152344 beta 3.195312 l4s_ect coupling_factor 2 drop_on_overload step_thresh 1ms drop_dequeue split_gso classic_protection 10% 
 Sent 5994109 bytes 3977 pkt (dropped 0, overlimits 0 requeues 0) 
 backlog 4542b 3p requeues 0
prob 0.005511 delay_c 5009us delay_l 0us
pkts_in_c 3968 pkts_in_l 12 maxq 8
ecn_mark 0 step_marks 0
credit -120340 (L)
c_marks 0 l_marks 0
dq_count 3977 eq_count 3980
c_drops 0 l_drops 0

TICK_NS 2533666260795
TC_DUR_NS 1440501
NEXT 2533678329999
PLACEMENT i=321
qdisc dualpi2 2: parent 1:10 limit 250p target 15ms tupdate 16ms alpha 0.152344 beta 3.195312 l4s_ect coupling_factor 2 drop_on_overload step_thresh 1ms drop_dequeue split_gso classic_protection 10% 
 Sent 6018333 bytes 3993 pkt (dropped 0, overlimits 0 requeues 0) 
 backlog 6056b 4p requeues 0
prob 0.000134 delay_c 3638us delay_l 0us
pkts_in_c 3985 pkts_in_l 12 maxq 8
ecn_mark 0 step_marks 0
credit -120340 (L)
c_marks 0 l_marks 0
dq_count 3993 eq_count 3997
c_drops 0 l_drops 0

TICK_NS 2533682367417
TC_DUR_NS 1384205
NEXT 2533694329999
PLACEMENT i=322
qdisc dualpi2 2: parent 1:10 limit 250p target 15ms tupdate 16ms alpha 0.152344 beta 3.195312 l4s_ect coupling_factor 2 drop_on_overload step_thresh 1ms drop_dequeue split_gso classic_protection 10% 
 Sent 6042557 bytes 4009 pkt (dropped 0, overlimits 0 requeues 0) 
 backlog 6056b 4p requeues 0
prob 0.000000 delay_c 3588us delay_l 0us
pkts_in_c 4001 pkts_in_l 12 maxq 8
ecn_mark 0 step_marks 0
credit -120340 (L)
c_marks 0 l_marks 0
dq_count 4009 eq_count 4013
c_drops 0 l_drops 0

TICK_NS 2533698442881
TC_DUR_NS 1438337
NEXT 2533710329999
PLACEMENT i=323
qdisc dualpi2 2: parent 1:10 limit 250p target 15ms tupdate 16ms alpha 0.152344 beta 3.195312 l4s_ect coupling_factor 2 drop_on_overload step_thresh 1ms drop_dequeue split_gso classic_protection 10% 
 Sent 6066781 bytes 4025 pkt (dropped 0, overlimits 0 requeues 0) 
 backlog 7570b 5p requeues 0
prob 0.000000 delay_c 1491us delay_l 0us
pkts_in_c 4018 pkts_in_l 12 maxq 8
ecn_mark 0 step_marks 0
credit -120340 (L)
c_marks 0 l_marks 0
dq_count 4025 eq_count 4030
c_drops 0 l_drops 0

TICK_NS 2533714530307
TC_DUR_NS 1444058
NEXT 2533726329999
PLACEMENT i=324
qdisc dualpi2 2: parent 1:10 limit 250p target 15ms tupdate 16ms alpha 0.152344 beta 3.195312 l4s_ect coupling_factor 2 drop_on_overload step_thresh 1ms drop_dequeue split_gso classic_protection 10% 
 Sent 6091005 bytes 4041 pkt (dropped 0, overlimits 0 requeues 0) 
 backlog 7570b 5p requeues 0
prob 0.001172 delay_c 4401us delay_l 0us
pkts_in_c 4034 pkts_in_l 12 maxq 8
ecn_mark 0 step_marks 0
credit -120340 (L)
c_marks 0 l_marks 0
dq_count 4041 eq_count 4046
c_drops 0 l_drops 0

TICK_NS 2533730566216
TC_DUR_NS 1616011
NEXT 2533742329999
PLACEMENT i=325
qdisc dualpi2 2: parent 1:10 limit 250p target 15ms tupdate 16ms alpha 0.152344 beta 3.195312 l4s_ect coupling_factor 2 drop_on_overload step_thresh 1ms drop_dequeue split_gso classic_protection 10% 
 Sent 6115229 bytes 4057 pkt (dropped 0, overlimits 0 requeues 0) 
 backlog 7570b 5p requeues 0
prob 0.000000 delay_c 4326us delay_l 0us
pkts_in_c 4050 pkts_in_l 12 maxq 8
ecn_mark 0 step_marks 0
credit -120340 (L)
c_marks 0 l_marks 0
dq_count 4057 eq_count 4062
c_drops 0 l_drops 0

TICK_NS 2533746564475
TC_DUR_NS 1470186
NEXT 2533758329999
PLACEMENT i=326
qdisc dualpi2 2: parent 1:10 limit 250p target 15ms tupdate 16ms alpha 0.152344 beta 3.195312 l4s_ect coupling_factor 2 drop_on_overload step_thresh 1ms drop_dequeue split_gso classic_protection 10% 
 Sent 6139453 bytes 4073 pkt (dropped 0, overlimits 0 requeues 0) 
 backlog 6056b 4p requeues 0
prob 0.000000 delay_c 3214us delay_l 0us
pkts_in_c 4065 pkts_in_l 12 maxq 8
ecn_mark 0 step_marks 0
credit -120340 (L)
c_marks 0 l_marks 0
dq_count 4073 eq_count 4077
c_drops 0 l_drops 0

TICK_NS 2533762611394
TC_DUR_NS 1726387
NEXT 2533774329999
PLACEMENT i=327
qdisc dualpi2 2: parent 1:10 limit 250p target 15ms tupdate 16ms alpha 0.152344 beta 3.195312 l4s_ect coupling_factor 2 drop_on_overload step_thresh 1ms drop_dequeue split_gso classic_protection 10% 
 Sent 6162163 bytes 4088 pkt (dropped 0, overlimits 0 requeues 0) 
 backlog 7570b 5p requeues 0
prob 0.000000 delay_c 5040us delay_l 0us
pkts_in_c 4081 pkts_in_l 12 maxq 8
ecn_mark 0 step_marks 0
credit -120340 (L)
c_marks 0 l_marks 0
dq_count 4088 eq_count 4093
c_drops 0 l_drops 0

TICK_NS 2533778277530
TC_DUR_NS 1423690
NEXT 2533790329999
PLACEMENT i=328
qdisc dualpi2 2: parent 1:10 limit 250p target 15ms tupdate 16ms alpha 0.152344 beta 3.195312 l4s_ect coupling_factor 2 drop_on_overload step_thresh 1ms drop_dequeue split_gso classic_protection 10% 
 Sent 6186387 bytes 4104 pkt (dropped 0, overlimits 0 requeues 0) 
 backlog 7570b 5p requeues 0
prob 0.004485 delay_c 4697us delay_l 0us
pkts_in_c 4097 pkts_in_l 12 maxq 8
ecn_mark 0 step_marks 0
credit -120340 (L)
c_marks 0 l_marks 0
dq_count 4104 eq_count 4109
c_drops 0 l_drops 0

TICK_NS 2533794584287
TC_DUR_NS 1501656
NEXT 2533806329999
PLACEMENT i=329
qdisc dualpi2 2: parent 1:10 limit 250p target 15ms tupdate 16ms alpha 0.152344 beta 3.195312 l4s_ect coupling_factor 2 drop_on_overload step_thresh 1ms drop_dequeue split_gso classic_protection 10% 
 Sent 6210611 bytes 4120 pkt (dropped 0, overlimits 0 requeues 0) 
 backlog 6056b 4p requeues 0
prob 0.002526 delay_c 3664us delay_l 0us
pkts_in_c 4112 pkts_in_l 12 maxq 8
ecn_mark 0 step_marks 0
credit -120340 (L)
c_marks 0 l_marks 0
dq_count 4120 eq_count 4124
c_drops 0 l_drops 0

TICK_NS 2533810141760
TC_DUR_NS 1430071
NEXT 2533822329999
PLACEMENT i=330
qdisc dualpi2 2: parent 1:10 limit 250p target 15ms tupdate 16ms alpha 0.152344 beta 3.195312 l4s_ect coupling_factor 2 drop_on_overload step_thresh 1ms drop_dequeue split_gso classic_protection 10% 
 Sent 6234835 bytes 4136 pkt (dropped 0, overlimits 0 requeues 0) 
 backlog 6056b 4p requeues 0
prob 0.000000 delay_c 3276us delay_l 0us
pkts_in_c 4128 pkts_in_l 12 maxq 8
ecn_mark 0 step_marks 0
credit -120340 (L)
c_marks 0 l_marks 0
dq_count 4136 eq_count 4140
c_drops 0 l_drops 0

TICK_NS 2533826368356
TC_DUR_NS 1230016
NEXT 2533838329999
PLACEMENT i=331
qdisc dualpi2 2: parent 1:10 limit 250p target 15ms tupdate 16ms alpha 0.152344 beta 3.195312 l4s_ect coupling_factor 2 drop_on_overload step_thresh 1ms drop_dequeue split_gso classic_protection 10% 
 Sent 6259059 bytes 4152 pkt (dropped 0, overlimits 0 requeues 0) 
 backlog 6056b 4p requeues 0
prob 0.000000 delay_c 3443us delay_l 0us
pkts_in_c 4144 pkts_in_l 12 maxq 8
ecn_mark 0 step_marks 0
credit -120340 (L)
c_marks 0 l_marks 0
dq_count 4152 eq_count 4156
c_drops 0 l_drops 0

TICK_NS 2533842232053
TC_DUR_NS 1466530
NEXT 2533854329999
PLACEMENT i=332
qdisc dualpi2 2: parent 1:10 limit 250p target 15ms tupdate 16ms alpha 0.152344 beta 3.195312 l4s_ect coupling_factor 2 drop_on_overload step_thresh 1ms drop_dequeue split_gso classic_protection 10% 
 Sent 6281769 bytes 4167 pkt (dropped 0, overlimits 0 requeues 0) 
 backlog 6056b 4p requeues 0
prob 0.000000 delay_c 3982us delay_l 0us
pkts_in_c 4159 pkts_in_l 12 maxq 8
ecn_mark 0 step_marks 0
credit -120340 (L)
c_marks 0 l_marks 0
dq_count 4167 eq_count 4171
c_drops 0 l_drops 0

TICK_NS 2533858616095
TC_DUR_NS 1538545
NEXT 2533870329999
PLACEMENT i=333
qdisc dualpi2 2: parent 1:10 limit 250p target 15ms tupdate 16ms alpha 0.152344 beta 3.195312 l4s_ect coupling_factor 2 drop_on_overload step_thresh 1ms drop_dequeue split_gso classic_protection 10% 
 Sent 6307507 bytes 4184 pkt (dropped 0, overlimits 0 requeues 0) 
 backlog 7570b 5p requeues 0
prob 0.001247 delay_c 4178us delay_l 0us
pkts_in_c 4177 pkts_in_l 12 maxq 8
ecn_mark 0 step_marks 0
credit -120340 (L)
c_marks 0 l_marks 0
dq_count 4184 eq_count 4189
c_drops 0 l_drops 0

TICK_NS 2533874505810
TC_DUR_NS 1466049
NEXT 2533886329999
PLACEMENT i=334
qdisc dualpi2 2: parent 1:10 limit 250p target 15ms tupdate 16ms alpha 0.152344 beta 3.195312 l4s_ect coupling_factor 2 drop_on_overload step_thresh 1ms drop_dequeue split_gso classic_protection 10% 
 Sent 6331731 bytes 4200 pkt (dropped 0, overlimits 0 requeues 0) 
 backlog 7570b 5p requeues 0
prob 0.000000 delay_c 4058us delay_l 0us
pkts_in_c 4193 pkts_in_l 12 maxq 8
ecn_mark 0 step_marks 0
credit -120340 (L)
c_marks 0 l_marks 0
dq_count 4200 eq_count 4205
c_drops 0 l_drops 0

TICK_NS 2533890213123
TC_DUR_NS 1460107
NEXT 2533902329999
PLACEMENT i=335
qdisc dualpi2 2: parent 1:10 limit 250p target 15ms tupdate 16ms alpha 0.152344 beta 3.195312 l4s_ect coupling_factor 2 drop_on_overload step_thresh 1ms drop_dequeue split_gso classic_protection 10% 
 Sent 6354441 bytes 4215 pkt (dropped 0, overlimits 0 requeues 0) 
 backlog 7570b 5p requeues 0
prob 0.000000 delay_c 4637us delay_l 0us
pkts_in_c 4208 pkts_in_l 12 maxq 8
ecn_mark 0 step_marks 0
credit -120340 (L)
c_marks 0 l_marks 0
dq_count 4215 eq_count 4220
c_drops 0 l_drops 0

TICK_NS 2533906667106
TC_DUR_NS 1476138
NEXT 2533918329999
PLACEMENT i=336
qdisc dualpi2 2: parent 1:10 limit 250p target 15ms tupdate 16ms alpha 0.152344 beta 3.195312 l4s_ect coupling_factor 2 drop_on_overload step_thresh 1ms drop_dequeue split_gso classic_protection 10% 
 Sent 6378665 bytes 4231 pkt (dropped 0, overlimits 0 requeues 0) 
 backlog 7570b 5p requeues 0
prob 0.007677 delay_c 4828us delay_l 0us
pkts_in_c 4224 pkts_in_l 12 maxq 8
ecn_mark 0 step_marks 0
credit -120340 (L)
c_marks 0 l_marks 0
dq_count 4231 eq_count 4236
c_drops 0 l_drops 0

TICK_NS 2533922588381
TC_DUR_NS 1444329
NEXT 2533934329999
PLACEMENT i=337
qdisc dualpi2 2: parent 1:10 limit 250p target 15ms tupdate 16ms alpha 0.152344 beta 3.195312 l4s_ect coupling_factor 2 drop_on_overload step_thresh 1ms drop_dequeue split_gso classic_protection 10% 
 Sent 6402889 bytes 4247 pkt (dropped 0, overlimits 0 requeues 0) 
 backlog 4542b 3p requeues 0
prob 0.005705 delay_c 4672us delay_l 0us
pkts_in_c 4238 pkts_in_l 12 maxq 8
ecn_mark 0 step_marks 0
credit -120340 (L)
c_marks 0 l_marks 0
dq_count 4247 eq_count 4250
c_drops 0 l_drops 0

TICK_NS 2533938659546
TC_DUR_NS 1434621
NEXT 2533950329999
PLACEMENT i=338
qdisc dualpi2 2: parent 1:10 limit 250p target 15ms tupdate 16ms alpha 0.152344 beta 3.195312 l4s_ect coupling_factor 2 drop_on_overload step_thresh 1ms drop_dequeue split_gso classic_protection 10% 
 Sent 6427113 bytes 4263 pkt (dropped 0, overlimits 0 requeues 0) 
 backlog 6056b 4p requeues 0
prob 0.000318 delay_c 3542us delay_l 0us
pkts_in_c 4255 pkts_in_l 12 maxq 8
ecn_mark 0 step_marks 0
credit -120340 (L)
c_marks 0 l_marks 0
dq_count 4263 eq_count 4267
c_drops 0 l_drops 0

TICK_NS 2533954577624
TC_DUR_NS 1551770
NEXT 2533966329999
PLACEMENT i=339
qdisc dualpi2 2: parent 1:10 limit 250p target 15ms tupdate 16ms alpha 0.152344 beta 3.195312 l4s_ect coupling_factor 2 drop_on_overload step_thresh 1ms drop_dequeue split_gso classic_protection 10% 
 Sent 6451337 bytes 4279 pkt (dropped 0, overlimits 0 requeues 0) 
 backlog 6056b 4p requeues 0
prob 0.000000 delay_c 3350us delay_l 0us
pkts_in_c 4271 pkts_in_l 12 maxq 8
ecn_mark 0 step_marks 0
credit -120340 (L)
c_marks 0 l_marks 0
dq_count 4279 eq_count 4283
c_drops 0 l_drops 0

TICK_NS 2533970437894
TC_DUR_NS 1485576
NEXT 2533982329999
PLACEMENT i=340
qdisc dualpi2 2: parent 1:10 limit 250p target 15ms tupdate 16ms alpha 0.152344 beta 3.195312 l4s_ect coupling_factor 2 drop_on_overload step_thresh 1ms drop_dequeue split_gso classic_protection 10% 
 Sent 6474047 bytes 4294 pkt (dropped 0, overlimits 0 requeues 0) 
 backlog 6056b 4p requeues 0
prob 0.000000 delay_c 5010us delay_l 0us
pkts_in_c 4286 pkts_in_l 12 maxq 8
ecn_mark 0 step_marks 0
credit -120340 (L)
c_marks 0 l_marks 0
dq_count 4294 eq_count 4298
c_drops 0 l_drops 0

TICK_NS 2533986436273
TC_DUR_NS 1543965
NEXT 2533998329999
PLACEMENT i=341
qdisc dualpi2 2: parent 1:10 limit 250p target 15ms tupdate 16ms alpha 0.152344 beta 3.195312 l4s_ect coupling_factor 2 drop_on_overload step_thresh 1ms drop_dequeue split_gso classic_protection 10% 
 Sent 6498271 bytes 4310 pkt (dropped 0, overlimits 0 requeues 0) 
 backlog 6056b 4p requeues 0
prob 0.001173 delay_c 3938us delay_l 0us
pkts_in_c 4302 pkts_in_l 12 maxq 8
ecn_mark 0 step_marks 0
credit -120340 (L)
c_marks 0 l_marks 0
dq_count 4310 eq_count 4314
c_drops 0 l_drops 0

TICK_NS 2534002258211
TC_DUR_NS 1334782
NEXT 2534014329999
PLACEMENT i=342
qdisc dualpi2 2: parent 1:10 limit 250p target 15ms tupdate 16ms alpha 0.152344 beta 3.195312 l4s_ect coupling_factor 2 drop_on_overload step_thresh 1ms drop_dequeue split_gso classic_protection 10% 
 Sent 6522495 bytes 4326 pkt (dropped 0, overlimits 0 requeues 0) 
 backlog 6056b 4p requeues 0
prob 0.000000 delay_c 3656us delay_l 0us
pkts_in_c 4318 pkts_in_l 12 maxq 8
ecn_mark 0 step_marks 0
credit -120340 (L)
c_marks 0 l_marks 0
dq_count 4326 eq_count 4330
c_drops 0 l_drops 0

TICK_NS 2534018650108
TC_DUR_NS 1576466
NEXT 2534030329999
PLACEMENT i=343
qdisc dualpi2 2: parent 1:10 limit 250p target 15ms tupdate 16ms alpha 0.152344 beta 3.195312 l4s_ect coupling_factor 2 drop_on_overload step_thresh 1ms drop_dequeue split_gso classic_protection 10% 
 Sent 6546719 bytes 4342 pkt (dropped 0, overlimits 0 requeues 0) 
 backlog 7570b 5p requeues 0
prob 0.000000 delay_c 3821us delay_l 0us
pkts_in_c 4335 pkts_in_l 12 maxq 8
ecn_mark 0 step_marks 0
credit -120340 (L)
c_marks 0 l_marks 0
dq_count 4342 eq_count 4347
c_drops 0 l_drops 0

TICK_NS 2534034495470
TC_DUR_NS 1397260
NEXT 2534046329999
PLACEMENT i=344
qdisc dualpi2 2: parent 1:10 limit 250p target 15ms tupdate 16ms alpha 0.152344 beta 3.195312 l4s_ect coupling_factor 2 drop_on_overload step_thresh 1ms drop_dequeue split_gso classic_protection 10% 
 Sent 6570943 bytes 4358 pkt (dropped 0, overlimits 0 requeues 0) 
 backlog 7570b 5p requeues 0
prob 0.001241 delay_c 4619us delay_l 0us
pkts_in_c 4351 pkts_in_l 12 maxq 8
ecn_mark 0 step_marks 0
credit -120340 (L)
c_marks 0 l_marks 0
dq_count 4358 eq_count 4363
c_drops 0 l_drops 0

TICK_NS 2534050463311
TC_DUR_NS 1330805
NEXT 2534062329999
PLACEMENT i=345
qdisc dualpi2 2: parent 1:10 limit 250p target 15ms tupdate 16ms alpha 0.152344 beta 3.195312 l4s_ect coupling_factor 2 drop_on_overload step_thresh 1ms drop_dequeue split_gso classic_protection 10% 
 Sent 6595167 bytes 4374 pkt (dropped 0, overlimits 0 requeues 0) 
 backlog 7570b 5p requeues 0
prob 0.000000 delay_c 4290us delay_l 0us
pkts_in_c 4367 pkts_in_l 12 maxq 8
ecn_mark 0 step_marks 0
credit -120340 (L)
c_marks 0 l_marks 0
dq_count 4374 eq_count 4379
c_drops 0 l_drops 0

TICK_NS 2534066522995
TC_DUR_NS 1365350
NEXT 2534078329999
PLACEMENT i=346
qdisc dualpi2 2: parent 1:10 limit 250p target 15ms tupdate 16ms alpha 0.152344 beta 3.195312 l4s_ect coupling_factor 2 drop_on_overload step_thresh 1ms drop_dequeue split_gso classic_protection 10% 
 Sent 6619391 bytes 4390 pkt (dropped 0, overlimits 0 requeues 0) 
 backlog 6056b 4p requeues 0
prob 0.000000 delay_c 3292us delay_l 0us
pkts_in_c 4382 pkts_in_l 12 maxq 8
ecn_mark 0 step_marks 0
credit -120340 (L)
c_marks 0 l_marks 0
dq_count 4390 eq_count 4394
c_drops 0 l_drops 0

TICK_NS 2534082535400
TC_DUR_NS 1564423
NEXT 2534094329999
PLACEMENT i=347
qdisc dualpi2 2: parent 1:10 limit 250p target 15ms tupdate 16ms alpha 0.152344 beta 3.195312 l4s_ect coupling_factor 2 drop_on_overload step_thresh 1ms drop_dequeue split_gso classic_protection 10% 
 Sent 6643615 bytes 4406 pkt (dropped 0, overlimits 0 requeues 0) 
 backlog 6056b 4p requeues 0
prob 0.000000 delay_c 3068us delay_l 0us
pkts_in_c 4398 pkts_in_l 12 maxq 8
ecn_mark 0 step_marks 0
credit -120340 (L)
c_marks 0 l_marks 0
dq_count 4406 eq_count 4410
c_drops 0 l_drops 0

TICK_NS 2534098230491
TC_DUR_NS 1397159
NEXT 2534110329999
PLACEMENT i=348
qdisc dualpi2 2: parent 1:10 limit 250p target 15ms tupdate 16ms alpha 0.152344 beta 3.195312 l4s_ect coupling_factor 2 drop_on_overload step_thresh 1ms drop_dequeue split_gso classic_protection 10% 
 Sent 6666325 bytes 4421 pkt (dropped 0, overlimits 0 requeues 0) 
 backlog 7570b 5p requeues 0
prob 0.000000 delay_c 4727us delay_l 0us
pkts_in_c 4414 pkts_in_l 12 maxq 8
ecn_mark 0 step_marks 0
credit -120340 (L)
c_marks 0 l_marks 0
dq_count 4421 eq_count 4426
c_drops 0 l_drops 0

TICK_NS 2534114514926
TC_DUR_NS 1489313
NEXT 2534126329999
PLACEMENT i=349
qdisc dualpi2 2: parent 1:10 limit 250p target 15ms tupdate 16ms alpha 0.152344 beta 3.195312 l4s_ect coupling_factor 2 drop_on_overload step_thresh 1ms drop_dequeue split_gso classic_protection 10% 
 Sent 6690549 bytes 4437 pkt (dropped 0, overlimits 0 requeues 0) 
 backlog 6056b 4p requeues 0
prob 0.000000 delay_c 3803us delay_l 0us
pkts_in_c 4429 pkts_in_l 12 maxq 8
ecn_mark 0 step_marks 0
credit -120340 (L)
c_marks 0 l_marks 0
dq_count 4437 eq_count 4441
c_drops 0 l_drops 0

TICK_NS 2534130500831
TC_DUR_NS 1346635
NEXT 2534142329999
PLACEMENT i=350
qdisc dualpi2 2: parent 1:10 limit 250p target 15ms tupdate 16ms alpha 0.152344 beta 3.195312 l4s_ect coupling_factor 2 drop_on_overload step_thresh 1ms drop_dequeue split_gso classic_protection 10% 
 Sent 6714773 bytes 4453 pkt (dropped 0, overlimits 0 requeues 0) 
 backlog 6056b 4p requeues 0
prob 0.001123 delay_c 3682us delay_l 0us
pkts_in_c 4445 pkts_in_l 12 maxq 8
ecn_mark 0 step_marks 0
credit -120340 (L)
c_marks 0 l_marks 0
dq_count 4453 eq_count 4457
c_drops 0 l_drops 0

TICK_NS 2534146604939
TC_DUR_NS 1518477
NEXT 2534158329999
PLACEMENT i=351
qdisc dualpi2 2: parent 1:10 limit 250p target 15ms tupdate 16ms alpha 0.152344 beta 3.195312 l4s_ect coupling_factor 2 drop_on_overload step_thresh 1ms drop_dequeue split_gso classic_protection 10% 
 Sent 6738997 bytes 4469 pkt (dropped 0, overlimits 0 requeues 0) 
 backlog 6056b 4p requeues 0
prob 0.000000 delay_c 3543us delay_l 0us
pkts_in_c 4461 pkts_in_l 12 maxq 8
ecn_mark 0 step_marks 0
credit -120340 (L)
c_marks 0 l_marks 0
dq_count 4469 eq_count 4473
c_drops 0 l_drops 0

TICK_NS 2534162604530
TC_DUR_NS 1368967
NEXT 2534174329999
PLACEMENT i=352
qdisc dualpi2 2: parent 1:10 limit 250p target 15ms tupdate 16ms alpha 0.152344 beta 3.195312 l4s_ect coupling_factor 2 drop_on_overload step_thresh 1ms drop_dequeue split_gso classic_protection 10% 
 Sent 6763221 bytes 4485 pkt (dropped 0, overlimits 0 requeues 0) 
 backlog 7570b 5p requeues 0
prob 0.000000 delay_c 4414us delay_l 0us
pkts_in_c 4478 pkts_in_l 12 maxq 8
ecn_mark 0 step_marks 0
credit -120340 (L)
c_marks 0 l_marks 0
dq_count 4485 eq_count 4490
c_drops 0 l_drops 0

TICK_NS 2534178734014
TC_DUR_NS 1403792
NEXT 2534190329999
PLACEMENT i=353
qdisc dualpi2 2: parent 1:10 limit 250p target 15ms tupdate 16ms alpha 0.152344 beta 3.195312 l4s_ect coupling_factor 2 drop_on_overload step_thresh 1ms drop_dequeue split_gso classic_protection 10% 
 Sent 6787445 bytes 4501 pkt (dropped 0, overlimits 0 requeues 0) 
 backlog 7570b 5p requeues 0
prob 0.007648 delay_c 4414us delay_l 0us
pkts_in_c 4494 pkts_in_l 12 maxq 8
ecn_mark 0 step_marks 0
credit -120340 (L)
c_marks 0 l_marks 0
dq_count 4501 eq_count 4506
c_drops 0 l_drops 0

TICK_NS 2534194634199
TC_DUR_NS 1463975
NEXT 2534206329999
PLACEMENT i=354
qdisc dualpi2 2: parent 1:10 limit 250p target 15ms tupdate 16ms alpha 0.152344 beta 3.195312 l4s_ect coupling_factor 2 drop_on_overload step_thresh 1ms drop_dequeue split_gso classic_protection 10% 
 Sent 6810155 bytes 4516 pkt (dropped 0, overlimits 0 requeues 0) 
 backlog 6056b 4p requeues 0
prob 0.005635 delay_c 4022us delay_l 0us
pkts_in_c 4508 pkts_in_l 12 maxq 8
ecn_mark 0 step_marks 0
credit -120340 (L)
c_marks 0 l_marks 0
dq_count 4516 eq_count 4520
c_drops 0 l_drops 0

TICK_NS 2534210388601
TC_DUR_NS 1426835
NEXT 2534222329999
PLACEMENT i=355
qdisc dualpi2 2: parent 1:10 limit 250p target 15ms tupdate 16ms alpha 0.152344 beta 3.195312 l4s_ect coupling_factor 2 drop_on_overload step_thresh 1ms drop_dequeue split_gso classic_protection 10% 
 Sent 6834379 bytes 4532 pkt (dropped 0, overlimits 0 requeues 0) 
 backlog 7570b 5p requeues 0
prob 0.000231 delay_c 4792us delay_l 0us
pkts_in_c 4525 pkts_in_l 12 maxq 8
ecn_mark 0 step_marks 0
credit -120340 (L)
c_marks 0 l_marks 0
dq_count 4532 eq_count 4537
c_drops 0 l_drops 0

TICK_NS 2534226337306
TC_DUR_NS 1360341
NEXT 2534238329999
PLACEMENT i=356
qdisc dualpi2 2: parent 1:10 limit 250p target 15ms tupdate 16ms alpha 0.152344 beta 3.195312 l4s_ect coupling_factor 2 drop_on_overload step_thresh 1ms drop_dequeue split_gso classic_protection 10% 
 Sent 6858603 bytes 4548 pkt (dropped 0, overlimits 0 requeues 0) 
 backlog 7570b 5p requeues 0
prob 0.000000 delay_c 4548us delay_l 0us
pkts_in_c 4541 pkts_in_l 12 maxq 8
ecn_mark 0 step_marks 0
credit -120340 (L)
c_marks 0 l_marks 0
dq_count 4548 eq_count 4553
c_drops 0 l_drops 0

TICK_NS 2534242545108
TC_DUR_NS 1387191
NEXT 2534254329999
PLACEMENT i=357
qdisc dualpi2 2: parent 1:10 limit 250p target 15ms tupdate 16ms alpha 0.152344 beta 3.195312 l4s_ect coupling_factor 2 drop_on_overload step_thresh 1ms drop_dequeue split_gso classic_protection 10% 
 Sent 6882827 bytes 4564 pkt (dropped 0, overlimits 0 requeues 0) 
 backlog 6056b 4p requeues 0
prob 0.000000 delay_c 4678us delay_l 0us
pkts_in_c 4556 pkts_in_l 12 maxq 8
ecn_mark 0 step_marks 0
credit -120340 (L)
c_marks 0 l_marks 0
dq_count 4564 eq_count 4568
c_drops 0 l_drops 0

TICK_NS 2534258422770
TC_DUR_NS 1610620
NEXT 2534270329999
PLACEMENT i=358
qdisc dualpi2 2: parent 1:10 limit 250p target 15ms tupdate 16ms alpha 0.152344 beta 3.195312 l4s_ect coupling_factor 2 drop_on_overload step_thresh 1ms drop_dequeue split_gso classic_protection 10% 
 Sent 6907051 bytes 4580 pkt (dropped 0, overlimits 0 requeues 0) 
 backlog 6056b 4p requeues 0
prob 0.001136 delay_c 3258us delay_l 0us
pkts_in_c 4572 pkts_in_l 12 maxq 8
ecn_mark 0 step_marks 0
credit -120340 (L)
c_marks 0 l_marks 0
dq_count 4580 eq_count 4584
c_drops 0 l_drops 0

TICK_NS 2534274673012
TC_DUR_NS 1573471
NEXT 2534286329999
PLACEMENT i=359
qdisc dualpi2 2: parent 1:10 limit 250p target 15ms tupdate 16ms alpha 0.152344 beta 3.195312 l4s_ect coupling_factor 2 drop_on_overload step_thresh 1ms drop_dequeue split_gso classic_protection 10% 
 Sent 6931275 bytes 4596 pkt (dropped 0, overlimits 0 requeues 0) 
 backlog 6056b 4p requeues 0
prob 0.000000 delay_c 3419us delay_l 0us
pkts_in_c 4588 pkts_in_l 12 maxq 8
ecn_mark 0 step_marks 0
credit -120340 (L)
c_marks 0 l_marks 0
dq_count 4596 eq_count 4600
c_drops 0 l_drops 0

TICK_NS 2534290459443
TC_DUR_NS 1311048
NEXT 2534302329999
PLACEMENT i=360
qdisc dualpi2 2: parent 1:10 limit 250p target 15ms tupdate 16ms alpha 0.152344 beta 3.195312 l4s_ect coupling_factor 2 drop_on_overload step_thresh 1ms drop_dequeue split_gso classic_protection 10% 
 Sent 6955499 bytes 4612 pkt (dropped 0, overlimits 0 requeues 0) 
 backlog 7570b 5p requeues 0
prob 0.000000 delay_c 3152us delay_l 0us
pkts_in_c 4605 pkts_in_l 12 maxq 8
ecn_mark 0 step_marks 0
credit -120340 (L)
c_marks 0 l_marks 0
dq_count 4612 eq_count 4617
c_drops 0 l_drops 0

TICK_NS 2534306083400
TC_DUR_NS 1487850
NEXT 2534318329999
PLACEMENT i=361
qdisc dualpi2 2: parent 1:10 limit 250p target 15ms tupdate 16ms alpha 0.152344 beta 3.195312 l4s_ect coupling_factor 2 drop_on_overload step_thresh 1ms drop_dequeue split_gso classic_protection 10% 
 Sent 6978209 bytes 4627 pkt (dropped 0, overlimits 0 requeues 0) 
 backlog 6056b 4p requeues 0
prob 0.001238 delay_c 3582us delay_l 0us
pkts_in_c 4619 pkts_in_l 12 maxq 8
ecn_mark 0 step_marks 0
credit -120340 (L)
c_marks 0 l_marks 0
dq_count 4627 eq_count 4631
c_drops 0 l_drops 0

TICK_NS 2534322505824
TC_DUR_NS 1328642
NEXT 2534334329999
PLACEMENT i=362
qdisc dualpi2 2: parent 1:10 limit 250p target 15ms tupdate 16ms alpha 0.152344 beta 3.195312 l4s_ect coupling_factor 2 drop_on_overload step_thresh 1ms drop_dequeue split_gso classic_protection 10% 
 Sent 7002433 bytes 4643 pkt (dropped 0, overlimits 0 requeues 0) 
 backlog 6056b 4p requeues 0
prob 0.000000 delay_c 3904us delay_l 0us
pkts_in_c 4635 pkts_in_l 12 maxq 8
ecn_mark 0 step_marks 0
credit -120340 (L)
c_marks 0 l_marks 0
dq_count 4643 eq_count 4647
c_drops 0 l_drops 0

TICK_NS 2534338129190
TC_DUR_NS 1430833
NEXT 2534350329999
PLACEMENT i=363
qdisc dualpi2 2: parent 1:10 limit 250p target 15ms tupdate 16ms alpha 0.152344 beta 3.195312 l4s_ect coupling_factor 2 drop_on_overload step_thresh 1ms drop_dequeue split_gso classic_protection 10% 
 Sent 7026657 bytes 4659 pkt (dropped 0, overlimits 0 requeues 0) 
 backlog 7570b 5p requeues 0
prob 0.000000 delay_c 4394us delay_l 0us
pkts_in_c 4652 pkts_in_l 12 maxq 8
ecn_mark 0 step_marks 0
credit -120340 (L)
c_marks 0 l_marks 0
dq_count 4659 eq_count 4664
c_drops 0 l_drops 0

TICK_NS 2534354463138
TC_DUR_NS 1280912
NEXT 2534366329999
PLACEMENT i=364
qdisc dualpi2 2: parent 1:10 limit 250p target 15ms tupdate 16ms alpha 0.152344 beta 3.195312 l4s_ect coupling_factor 2 drop_on_overload step_thresh 1ms drop_dequeue split_gso classic_protection 10% 
 Sent 7050881 bytes 4675 pkt (dropped 0, overlimits 0 requeues 0) 
 backlog 7570b 5p requeues 0
prob 0.000000 delay_c 4567us delay_l 0us
pkts_in_c 4668 pkts_in_l 12 maxq 8
ecn_mark 0 step_marks 0
credit -120340 (L)
c_marks 0 l_marks 0
dq_count 4675 eq_count 4680
c_drops 0 l_drops 0

TICK_NS 2534370668905
TC_DUR_NS 1434380
NEXT 2534382329999
PLACEMENT i=365
qdisc dualpi2 2: parent 1:10 limit 250p target 15ms tupdate 16ms alpha 0.152344 beta 3.195312 l4s_ect coupling_factor 2 drop_on_overload step_thresh 1ms drop_dequeue split_gso classic_protection 10% 
 Sent 7075105 bytes 4691 pkt (dropped 0, overlimits 0 requeues 0) 
 backlog 7570b 5p requeues 0
prob 0.000000 delay_c 4557us delay_l 0us
pkts_in_c 4684 pkts_in_l 12 maxq 8
ecn_mark 0 step_marks 0
credit -120340 (L)
c_marks 0 l_marks 0
dq_count 4691 eq_count 4696
c_drops 0 l_drops 0

TICK_NS 2534386457812
TC_DUR_NS 1462202
NEXT 2534398329999
PLACEMENT i=366
qdisc dualpi2 2: parent 1:10 limit 250p target 15ms tupdate 16ms alpha 0.152344 beta 3.195312 l4s_ect coupling_factor 2 drop_on_overload step_thresh 1ms drop_dequeue split_gso classic_protection 10% 
 Sent 7099329 bytes 4707 pkt (dropped 0, overlimits 0 requeues 0) 
 backlog 6056b 4p requeues 0
prob 0.004525 delay_c 3188us delay_l 0us
pkts_in_c 4699 pkts_in_l 12 maxq 8
ecn_mark 0 step_marks 0
credit -120340 (L)
c_marks 0 l_marks 0
dq_count 4707 eq_count 4711
c_drops 0 l_drops 0

TICK_NS 2534402699577
TC_DUR_NS 1571036
NEXT 2534414329999
PLACEMENT i=367
qdisc dualpi2 2: parent 1:10 limit 250p target 15ms tupdate 16ms alpha 0.152344 beta 3.195312 l4s_ect coupling_factor 2 drop_on_overload step_thresh 1ms drop_dequeue split_gso classic_protection 10% 
 Sent 7123553 bytes 4723 pkt (dropped 0, overlimits 0 requeues 0) 
 backlog 6056b 4p requeues 0
prob 0.000000 delay_c 3247us delay_l 0us
pkts_in_c 4715 pkts_in_l 12 maxq 8
ecn_mark 0 step_marks 0
credit -120340 (L)
c_marks 0 l_marks 0
dq_count 4723 eq_count 4727
c_drops 0 l_drops 0

TICK_NS 2534418539829
TC_DUR_NS 1432937
NEXT 2534430329999
PLACEMENT i=368
qdisc dualpi2 2: parent 1:10 limit 250p target 15ms tupdate 16ms alpha 0.152344 beta 3.195312 l4s_ect coupling_factor 2 drop_on_overload step_thresh 1ms drop_dequeue split_gso classic_protection 10% 
 Sent 7146263 bytes 4738 pkt (dropped 0, overlimits 0 requeues 0) 
 backlog 7570b 5p requeues 0
prob 0.000000 delay_c 4992us delay_l 0us
pkts_in_c 4731 pkts_in_l 12 maxq 8
ecn_mark 0 step_marks 0
credit -120340 (L)
c_marks 0 l_marks 0
dq_count 4738 eq_count 4743
c_drops 0 l_drops 0

TICK_NS 2534434192330
TC_DUR_NS 1356473
NEXT 2534446329999
PLACEMENT i=369
qdisc dualpi2 2: parent 1:10 limit 250p target 15ms tupdate 16ms alpha 0.152344 beta 3.195312 l4s_ect coupling_factor 2 drop_on_overload step_thresh 1ms drop_dequeue split_gso classic_protection 10% 
 Sent 7170487 bytes 4754 pkt (dropped 0, overlimits 0 requeues 0) 
 backlog 6056b 4p requeues 0
prob 0.000000 delay_c 3637us delay_l 0us
pkts_in_c 4746 pkts_in_l 12 maxq 8
ecn_mark 0 step_marks 0
credit -120340 (L)
c_marks 0 l_marks 0
dq_count 4754 eq_count 4758
c_drops 0 l_drops 0

TICK_NS 2534450469481
TC_DUR_NS 1384806
NEXT 2534462329999
PLACEMENT i=370
qdisc dualpi2 2: parent 1:10 limit 250p target 15ms tupdate 16ms alpha 0.152344 beta 3.195312 l4s_ect coupling_factor 2 drop_on_overload step_thresh 1ms drop_dequeue split_gso classic_protection 10% 
 Sent 7194711 bytes 4770 pkt (dropped 0, overlimits 0 requeues 0) 
 backlog 6056b 4p requeues 0
prob 0.007589 delay_c 3659us delay_l 0us
pkts_in_c 4762 pkts_in_l 12 maxq 8
ecn_mark 0 step_marks 0
credit -120340 (L)
c_marks 0 l_marks 0
dq_count 4770 eq_count 4774
c_drops 0 l_drops 0

TICK_NS 2534466558069
TC_DUR_NS 1676724
NEXT 2534478329999
PLACEMENT i=371
qdisc dualpi2 2: parent 1:10 limit 250p target 15ms tupdate 16ms alpha 0.152344 beta 3.195312 l4s_ect coupling_factor 2 drop_on_overload step_thresh 1ms drop_dequeue split_gso classic_protection 10% 
 Sent 7218935 bytes 4786 pkt (dropped 0, overlimits 0 requeues 0) 
 backlog 6056b 4p requeues 0
prob 0.005483 delay_c 3589us delay_l 0us
pkts_in_c 4778 pkts_in_l 12 maxq 8
ecn_mark 0 step_marks 0
credit -120340 (L)
c_marks 0 l_marks 0
dq_count 4786 eq_count 4790
c_drops 0 l_drops 0

TICK_NS 2534482335013
TC_DUR_NS 1362135
NEXT 2534494329999
PLACEMENT i=372
qdisc dualpi2 2: parent 1:10 limit 250p target 15ms tupdate 16ms alpha 0.152344 beta 3.195312 l4s_ect coupling_factor 2 drop_on_overload step_thresh 1ms drop_dequeue split_gso classic_protection 10% 
 Sent 7243159 bytes 4802 pkt (dropped 0, overlimits 0 requeues 0) 
 backlog 7570b 5p requeues 0
prob 0.000000 delay_c 4280us delay_l 0us
pkts_in_c 4795 pkts_in_l 12 maxq 8
ecn_mark 0 step_marks 0
credit -120340 (L)
c_marks 0 l_marks 0
dq_count 4802 eq_count 4807
c_drops 0 l_drops 0

TICK_NS 2534498532776
TC_DUR_NS 1486908
NEXT 2534510329999
PLACEMENT i=373
qdisc dualpi2 2: parent 1:10 limit 250p target 15ms tupdate 16ms alpha 0.152344 beta 3.195312 l4s_ect coupling_factor 2 drop_on_overload step_thresh 1ms drop_dequeue split_gso classic_protection 10% 
 Sent 7267383 bytes 4818 pkt (dropped 0, overlimits 0 requeues 0) 
 backlog 7570b 5p requeues 0
prob 0.004446 delay_c 4332us delay_l 0us
pkts_in_c 4811 pkts_in_l 12 maxq 8
ecn_mark 0 step_marks 0
credit -120340 (L)
c_marks 0 l_marks 0
dq_count 4818 eq_count 4823
c_drops 0 l_drops 0

TICK_NS 2534514210233
TC_DUR_NS 1280331
NEXT 2534526329999
PLACEMENT i=374
qdisc dualpi2 2: parent 1:10 limit 250p target 15ms tupdate 16ms alpha 0.152344 beta 3.195312 l4s_ect coupling_factor 2 drop_on_overload step_thresh 1ms drop_dequeue split_gso classic_protection 10% 
 Sent 7290093 bytes 4833 pkt (dropped 0, overlimits 0 requeues 0) 
 backlog 3028b 2p requeues 0
prob 0.002445 delay_c 4021us delay_l 0us
pkts_in_c 4823 pkts_in_l 12 maxq 8
ecn_mark 0 step_marks 0
credit -120340 (L)
c_marks 0 l_marks 0
dq_count 4833 eq_count 4835
c_drops 0 l_drops 0

TICK_NS 2534530547748
TC_DUR_NS 1422017
NEXT 2534542329999
PLACEMENT i=375
qdisc dualpi2 2: parent 1:10 limit 250p target 15ms tupdate 16ms alpha 0.152344 beta 3.195312 l4s_ect coupling_factor 2 drop_on_overload step_thresh 1ms drop_dequeue split_gso classic_protection 10% 
 Sent 7315831 bytes 4850 pkt (dropped 0, overlimits 0 requeues 0) 
 backlog 6056b 4p requeues 0
prob 0.000000 delay_c 3106us delay_l 0us
pkts_in_c 4842 pkts_in_l 12 maxq 8
ecn_mark 0 step_marks 0
credit -120340 (L)
c_marks 0 l_marks 0
dq_count 4850 eq_count 4854
c_drops 0 l_drops 0

TICK_NS 2534546434758
TC_DUR_NS 1559404
NEXT 2534558329999
PLACEMENT i=376
qdisc dualpi2 2: parent 1:10 limit 250p target 15ms tupdate 16ms alpha 0.152344 beta 3.195312 l4s_ect coupling_factor 2 drop_on_overload step_thresh 1ms drop_dequeue split_gso classic_protection 10% 
 Sent 7338541 bytes 4865 pkt (dropped 0, overlimits 0 requeues 0) 
 backlog 7570b 5p requeues 0
prob 0.000000 delay_c 4765us delay_l 0us
pkts_in_c 4858 pkts_in_l 12 maxq 8
ecn_mark 0 step_marks 0
credit -120340 (L)
c_marks 0 l_marks 0
dq_count 4865 eq_count 4870
c_drops 0 l_drops 0

TICK_NS 2534562436573
TC_DUR_NS 1291261
NEXT 2534574329999
PLACEMENT i=377
qdisc dualpi2 2: parent 1:10 limit 250p target 15ms tupdate 16ms alpha 0.152344 beta 3.195312 l4s_ect coupling_factor 2 drop_on_overload step_thresh 1ms drop_dequeue split_gso classic_protection 10% 
 Sent 7362765 bytes 4881 pkt (dropped 0, overlimits 0 requeues 0) 
 backlog 6056b 4p requeues 0
prob 0.000000 delay_c 2615us delay_l 0us
pkts_in_c 4873 pkts_in_l 12 maxq 8
ecn_mark 0 step_marks 0
credit -120340 (L)
c_marks 0 l_marks 0
dq_count 4881 eq_count 4885
c_drops 0 l_drops 0

TICK_NS 2534578474476
TC_DUR_NS 1485826
NEXT 2534590329999
PLACEMENT i=378
qdisc dualpi2 2: parent 1:10 limit 250p target 15ms tupdate 16ms alpha 0.152344 beta 3.195312 l4s_ect coupling_factor 2 drop_on_overload step_thresh 1ms drop_dequeue split_gso classic_protection 10% 
 Sent 7386989 bytes 4897 pkt (dropped 0, overlimits 0 requeues 0) 
 backlog 6056b 4p requeues 0
prob 0.001110 delay_c 3462us delay_l 0us
pkts_in_c 4889 pkts_in_l 12 maxq 8
ecn_mark 0 step_marks 0
credit -120340 (L)
c_marks 0 l_marks 0
dq_count 4897 eq_count 4901
c_drops 0 l_drops 0

TICK_NS 2534594982741
TC_DUR_NS 1739802
NEXT 2534606329999
PLACEMENT i=379
qdisc dualpi2 2: parent 1:10 limit 250p target 15ms tupdate 16ms alpha 0.152344 beta 3.195312 l4s_ect coupling_factor 2 drop_on_overload step_thresh 1ms drop_dequeue split_gso classic_protection 10% 
 Sent 7411213 bytes 4913 pkt (dropped 0, overlimits 0 requeues 0) 
 backlog 6056b 4p requeues 0
prob 0.000000 delay_c 3770us delay_l 0us
pkts_in_c 4905 pkts_in_l 12 maxq 8
ecn_mark 0 step_marks 0
credit -120340 (L)
c_marks 0 l_marks 0
dq_count 4913 eq_count 4917
c_drops 0 l_drops 0

TICK_NS 2534610473518
TC_DUR_NS 1323712
NEXT 2534622329999
PLACEMENT i=380
qdisc dualpi2 2: parent 1:10 limit 250p target 15ms tupdate 16ms alpha 0.152344 beta 3.195312 l4s_ect coupling_factor 2 drop_on_overload step_thresh 1ms drop_dequeue split_gso classic_protection 10% 
 Sent 7435437 bytes 4929 pkt (dropped 0, overlimits 0 requeues 0) 
 backlog 7570b 5p requeues 0
prob 0.000000 delay_c 4304us delay_l 0us
pkts_in_c 4922 pkts_in_l 12 maxq 8
ecn_mark 0 step_marks 0
credit -120340 (L)
c_marks 0 l_marks 0
dq_count 4929 eq_count 4934
c_drops 0 l_drops 0

TICK_NS 2534626109397
TC_DUR_NS 1347166
NEXT 2534638329999
PLACEMENT i=381
qdisc dualpi2 2: parent 1:10 limit 250p target 15ms tupdate 16ms alpha 0.152344 beta 3.195312 l4s_ect coupling_factor 2 drop_on_overload step_thresh 1ms drop_dequeue split_gso classic_protection 10% 
 Sent 7458147 bytes 4944 pkt (dropped 0, overlimits 0 requeues 0) 
 backlog 6056b 4p requeues 0
prob 0.001233 delay_c 3681us delay_l 0us
pkts_in_c 4936 pkts_in_l 12 maxq 8
ecn_mark 0 step_marks 0
credit -120340 (L)
c_marks 0 l_marks 0
dq_count 4944 eq_count 4948
c_drops 0 l_drops 0

TICK_NS 2534642707400
TC_DUR_NS 1645175
NEXT 2534654329999
PLACEMENT i=382
qdisc dualpi2 2: parent 1:10 limit 250p target 15ms tupdate 16ms alpha 0.152344 beta 3.195312 l4s_ect coupling_factor 2 drop_on_overload step_thresh 1ms drop_dequeue split_gso classic_protection 10% 
 Sent 7482371 bytes 4960 pkt (dropped 0, overlimits 0 requeues 0) 
 backlog 6056b 4p requeues 0
prob 0.000000 delay_c 3956us delay_l 0us
pkts_in_c 4952 pkts_in_l 12 maxq 8
ecn_mark 0 step_marks 0
credit -120340 (L)
c_marks 0 l_marks 0
dq_count 4960 eq_count 4964
c_drops 0 l_drops 0

TICK_NS 2534658516645
TC_DUR_NS 1614367
NEXT 2534670329999
PLACEMENT i=383
qdisc dualpi2 2: parent 1:10 limit 250p target 15ms tupdate 16ms alpha 0.152344 beta 3.195312 l4s_ect coupling_factor 2 drop_on_overload step_thresh 1ms drop_dequeue split_gso classic_protection 10% 
 Sent 7506595 bytes 4976 pkt (dropped 0, overlimits 0 requeues 0) 
 backlog 7570b 5p requeues 0
prob 0.000000 delay_c 4740us delay_l 0us
pkts_in_c 4969 pkts_in_l 12 maxq 8
ecn_mark 0 step_marks 0
credit -120340 (L)
c_marks 0 l_marks 0
dq_count 4976 eq_count 4981
c_drops 0 l_drops 0

TICK_NS 2534674668191
TC_DUR_NS 1530330
NEXT 2534686329999
PLACEMENT i=384
qdisc dualpi2 2: parent 1:10 limit 250p target 15ms tupdate 16ms alpha 0.152344 beta 3.195312 l4s_ect coupling_factor 2 drop_on_overload step_thresh 1ms drop_dequeue split_gso classic_protection 10% 
 Sent 7530819 bytes 4992 pkt (dropped 0, overlimits 0 requeues 0) 
 backlog 7570b 5p requeues 0
prob 0.000000 delay_c 4806us delay_l 0us
pkts_in_c 4985 pkts_in_l 12 maxq 8
ecn_mark 0 step_marks 0
credit -120340 (L)
c_marks 0 l_marks 0
dq_count 4992 eq_count 4997
c_drops 0 l_drops 0

TICK_NS 2534690801272
TC_DUR_NS 1490665
NEXT 2534702329999
PLACEMENT i=385
qdisc dualpi2 2: parent 1:10 limit 250p target 15ms tupdate 16ms alpha 0.152344 beta 3.195312 l4s_ect coupling_factor 2 drop_on_overload step_thresh 1ms drop_dequeue split_gso classic_protection 10% 
 Sent 7555043 bytes 5008 pkt (dropped 0, overlimits 0 requeues 0) 
 backlog 7570b 5p requeues 0
prob 0.000000 delay_c 4670us delay_l 0us
pkts_in_c 5001 pkts_in_l 12 maxq 8
ecn_mark 0 step_marks 0
credit -120340 (L)
c_marks 0 l_marks 0
dq_count 5008 eq_count 5013
c_drops 0 l_drops 0

TICK_NS 2534706520538
TC_DUR_NS 1459888
NEXT 2534718329999
PLACEMENT i=386
qdisc dualpi2 2: parent 1:10 limit 250p target 15ms tupdate 16ms alpha 0.152344 beta 3.195312 l4s_ect coupling_factor 2 drop_on_overload step_thresh 1ms drop_dequeue split_gso classic_protection 10% 
 Sent 7579267 bytes 5024 pkt (dropped 0, overlimits 0 requeues 0) 
 backlog 6056b 4p requeues 0
prob 0.000000 delay_c 3304us delay_l 0us
pkts_in_c 5016 pkts_in_l 12 maxq 8
ecn_mark 0 step_marks 0
credit -120340 (L)
c_marks 0 l_marks 0
dq_count 5024 eq_count 5028
c_drops 0 l_drops 0

TICK_NS 2534722422506
TC_DUR_NS 1203096
NEXT 2534734329999
PLACEMENT i=387
qdisc dualpi2 2: parent 1:10 limit 250p target 15ms tupdate 16ms alpha 0.152344 beta 3.195312 l4s_ect coupling_factor 2 drop_on_overload step_thresh 1ms drop_dequeue split_gso classic_protection 10% 
 Sent 7603491 bytes 5040 pkt (dropped 0, overlimits 0 requeues 0) 
 backlog 6056b 4p requeues 0
prob 0.007531 delay_c 3217us delay_l 0us
pkts_in_c 5032 pkts_in_l 12 maxq 8
ecn_mark 0 step_marks 0
credit -120340 (L)
c_marks 0 l_marks 0
dq_count 5040 eq_count 5044
c_drops 0 l_drops 0

TICK_NS 2534738190433
TC_DUR_NS 1449789
NEXT 2534750329999
PLACEMENT i=388
qdisc dualpi2 2: parent 1:10 limit 250p target 15ms tupdate 16ms alpha 0.152344 beta 3.195312 l4s_ect coupling_factor 2 drop_on_overload step_thresh 1ms drop_dequeue split_gso classic_protection 10% 
 Sent 7626201 bytes 5055 pkt (dropped 0, overlimits 0 requeues 0) 
 backlog 7570b 5p requeues 0
prob 0.005426 delay_c 4727us delay_l 0us
pkts_in_c 5048 pkts_in_l 12 maxq 8
ecn_mark 0 step_marks 0
credit -120340 (L)
c_marks 0 l_marks 0
dq_count 5055 eq_count 5060
c_drops 0 l_drops 0

TICK_NS 2534754637232
TC_DUR_NS 1463484
NEXT 2534766329999
PLACEMENT i=389
qdisc dualpi2 2: parent 1:10 limit 250p target 15ms tupdate 16ms alpha 0.152344 beta 3.195312 l4s_ect coupling_factor 2 drop_on_overload step_thresh 1ms drop_dequeue split_gso classic_protection 10% 
 Sent 7650425 bytes 5071 pkt (dropped 0, overlimits 0 requeues 0) 
 backlog 6056b 4p requeues 0
prob 0.003282 delay_c 3917us delay_l 0us
pkts_in_c 5063 pkts_in_l 12 maxq 8
ecn_mark 0 step_marks 0
credit -120340 (L)
c_marks 0 l_marks 0
dq_count 5071 eq_count 5075
c_drops 0 l_drops 0

TICK_NS 2534770137768
TC_DUR_NS 1459567
NEXT 2534782329999
PLACEMENT i=390
qdisc dualpi2 2: parent 1:10 limit 250p target 15ms tupdate 16ms alpha 0.152344 beta 3.195312 l4s_ect coupling_factor 2 drop_on_overload step_thresh 1ms drop_dequeue split_gso classic_protection 10% 
 Sent 7674649 bytes 5087 pkt (dropped 0, overlimits 0 requeues 0) 
 backlog 6056b 4p requeues 0
prob 0.004532 delay_c 3383us delay_l 0us
pkts_in_c 5079 pkts_in_l 12 maxq 8
ecn_mark 0 step_marks 0
credit -120340 (L)
c_marks 0 l_marks 0
dq_count 5087 eq_count 5091
c_drops 0 l_drops 0

TICK_NS 2534786526919
TC_DUR_NS 1346104
NEXT 2534798329999
PLACEMENT i=391
qdisc dualpi2 2: parent 1:10 limit 250p target 15ms tupdate 16ms alpha 0.152344 beta 3.195312 l4s_ect coupling_factor 2 drop_on_overload step_thresh 1ms drop_dequeue split_gso classic_protection 10% 
 Sent 7698873 bytes 5103 pkt (dropped 0, overlimits 0 requeues 0) 
 backlog 3028b 2p requeues 0
prob 0.002486 delay_c 3569us delay_l 0us
pkts_in_c 5093 pkts_in_l 12 maxq 8
ecn_mark 0 step_marks 0
credit -120340 (L)
c_marks 0 l_marks 0
dq_count 5103 eq_count 5105
c_drops 0 l_drops 0

TICK_NS 2534802373023
TC_DUR_NS 1410435
NEXT 2534814329999
PLACEMENT i=392
qdisc dualpi2 2: parent 1:10 limit 250p target 15ms tupdate 16ms alpha 0.152344 beta 3.195312 l4s_ect coupling_factor 2 drop_on_overload step_thresh 1ms drop_dequeue split_gso classic_protection 10% 
 Sent 7723097 bytes 5119 pkt (dropped 0, overlimits 0 requeues 0) 
 backlog 7570b 5p requeues 0
prob 0.000000 delay_c 4324us delay_l 0us
pkts_in_c 5112 pkts_in_l 12 maxq 8
ecn_mark 0 step_marks 0
credit -120340 (L)
c_marks 0 l_marks 0
dq_count 5119 eq_count 5124
c_drops 0 l_drops 0

TICK_NS 2534818547502
TC_DUR_NS 1604198
NEXT 2534830329999
PLACEMENT i=393
qdisc dualpi2 2: parent 1:10 limit 250p target 15ms tupdate 16ms alpha 0.152344 beta 3.195312 l4s_ect coupling_factor 2 drop_on_overload step_thresh 1ms drop_dequeue split_gso classic_protection 10% 
 Sent 7747321 bytes 5135 pkt (dropped 0, overlimits 0 requeues 0) 
 backlog 7570b 5p requeues 0
prob 0.000000 delay_c 4238us delay_l 0us
pkts_in_c 5128 pkts_in_l 12 maxq 8
ecn_mark 0 step_marks 0
credit -120340 (L)
c_marks 0 l_marks 0
dq_count 5135 eq_count 5140
c_drops 0 l_drops 0

TICK_NS 2534834512067
TC_DUR_NS 1428679
NEXT 2534846329999
PLACEMENT i=394
qdisc dualpi2 2: parent 1:10 limit 250p target 15ms tupdate 16ms alpha 0.152344 beta 3.195312 l4s_ect coupling_factor 2 drop_on_overload step_thresh 1ms drop_dequeue split_gso classic_protection 10% 
 Sent 7771545 bytes 5151 pkt (dropped 0, overlimits 0 requeues 0) 
 backlog 6056b 4p requeues 0
prob 0.000000 delay_c 2129us delay_l 0us
pkts_in_c 5143 pkts_in_l 12 maxq 8
ecn_mark 0 step_marks 0
credit -120340 (L)
c_marks 0 l_marks 0
dq_count 5151 eq_count 5155
c_drops 0 l_drops 0

TICK_NS 2534850504014
TC_DUR_NS 1646528
NEXT 2534862329999
PLACEMENT i=395
qdisc dualpi2 2: parent 1:10 limit 250p target 15ms tupdate 16ms alpha 0.152344 beta 3.195312 l4s_ect coupling_factor 2 drop_on_overload step_thresh 1ms drop_dequeue split_gso classic_protection 10% 
 Sent 7794255 bytes 5166 pkt (dropped 0, overlimits 0 requeues 0) 
 backlog 7570b 5p requeues 0
prob 0.001113 delay_c 4914us delay_l 0us
pkts_in_c 5159 pkts_in_l 12 maxq 8
ecn_mark 0 step_marks 0
credit -120340 (L)
c_marks 0 l_marks 0
dq_count 5166 eq_count 5171
c_drops 0 l_drops 0

TICK_NS 2534866525737
TC_DUR_NS 1782443
NEXT 2534878329999
PLACEMENT i=396
qdisc dualpi2 2: parent 1:10 limit 250p target 15ms tupdate 16ms alpha 0.152344 beta 3.195312 l4s_ect coupling_factor 2 drop_on_overload step_thresh 1ms drop_dequeue split_gso classic_protection 10% 
 Sent 7818479 bytes 5182 pkt (dropped 0, overlimits 0 requeues 0) 
 backlog 7570b 5p requeues 0
prob 0.000000 delay_c 4785us delay_l 0us
pkts_in_c 5175 pkts_in_l 12 maxq 8
ecn_mark 0 step_marks 0
credit -120340 (L)
c_marks 0 l_marks 0
dq_count 5182 eq_count 5187
c_drops 0 l_drops 0

TICK_NS 2534882533223
TC_DUR_NS 1590853
NEXT 2534894329999
PLACEMENT i=397
qdisc dualpi2 2: parent 1:10 limit 250p target 15ms tupdate 16ms alpha 0.152344 beta 3.195312 l4s_ect coupling_factor 2 drop_on_overload step_thresh 1ms drop_dequeue split_gso classic_protection 10% 
 Sent 7842703 bytes 5198 pkt (dropped 0, overlimits 0 requeues 0) 
 backlog 6056b 4p requeues 0
prob 0.000000 delay_c 3608us delay_l 0us
pkts_in_c 5190 pkts_in_l 12 maxq 8
ecn_mark 0 step_marks 0
credit -120340 (L)
c_marks 0 l_marks 0
dq_count 5198 eq_count 5202
c_drops 0 l_drops 0

TICK_NS 2534898196643
TC_DUR_NS 1419992
NEXT 2534910329999
PLACEMENT i=398
qdisc dualpi2 2: parent 1:10 limit 250p target 15ms tupdate 16ms alpha 0.152344 beta 3.195312 l4s_ect coupling_factor 2 drop_on_overload step_thresh 1ms drop_dequeue split_gso classic_protection 10% 
 Sent 7866927 bytes 5214 pkt (dropped 0, overlimits 0 requeues 0) 
 backlog 6056b 4p requeues 0
prob 0.001198 delay_c 3210us delay_l 0us
pkts_in_c 5206 pkts_in_l 12 maxq 8
ecn_mark 0 step_marks 0
credit -120340 (L)
c_marks 0 l_marks 0
dq_count 5214 eq_count 5218
c_drops 0 l_drops 0

TICK_NS 2534914279831
TC_DUR_NS 1464506
NEXT 2534926329999
PLACEMENT i=399
qdisc dualpi2 2: parent 1:10 limit 250p target 15ms tupdate 16ms alpha 0.152344 beta 3.195312 l4s_ect coupling_factor 2 drop_on_overload step_thresh 1ms drop_dequeue split_gso classic_protection 10% 
 Sent 7891151 bytes 5230 pkt (dropped 0, overlimits 0 requeues 0) 
 backlog 6056b 4p requeues 0
prob 0.000000 delay_c 3096us delay_l 0us
pkts_in_c 5222 pkts_in_l 12 maxq 8
ecn_mark 0 step_marks 0
credit -120340 (L)
c_marks 0 l_marks 0
dq_count 5230 eq_count 5234
c_drops 0 l_drops 0

TICK_NS 2534930767969
TC_DUR_NS 1715607
NEXT 2534942329999
PLACEMENT i=400
qdisc dualpi2 2: parent 1:10 limit 250p target 15ms tupdate 16ms alpha 0.152344 beta 3.195312 l4s_ect coupling_factor 2 drop_on_overload step_thresh 1ms drop_dequeue split_gso classic_protection 10% 
 Sent 7915375 bytes 5246 pkt (dropped 0, overlimits 0 requeues 0) 
 backlog 7570b 5p requeues 0
prob 0.000000 delay_c 4506us delay_l 0us
pkts_in_c 5239 pkts_in_l 12 maxq 8
ecn_mark 0 step_marks 0
credit -120340 (L)
c_marks 0 l_marks 0
dq_count 5246 eq_count 5251
c_drops 0 l_drops 0

TICK_NS 2534946188875
TC_DUR_NS 1297714
NEXT 2534958329999
PLACEMENT i=401
qdisc dualpi2 2: parent 1:10 limit 250p target 15ms tupdate 16ms alpha 0.152344 beta 3.195312 l4s_ect coupling_factor 2 drop_on_overload step_thresh 1ms drop_dequeue split_gso classic_protection 10% 
 Sent 7938085 bytes 5261 pkt (dropped 0, overlimits 0 requeues 0) 
 backlog 6056b 4p requeues 0
prob 0.000000 delay_c 3880us delay_l 0us
pkts_in_c 5253 pkts_in_l 12 maxq 8
ecn_mark 0 step_marks 0
credit -120340 (L)
c_marks 0 l_marks 0
dq_count 5261 eq_count 5265
c_drops 0 l_drops 0

TICK_NS 2534962769756
TC_DUR_NS 1598928
NEXT 2534974329999
PLACEMENT i=402
qdisc dualpi2 2: parent 1:10 limit 250p target 15ms tupdate 16ms alpha 0.152344 beta 3.195312 l4s_ect coupling_factor 2 drop_on_overload step_thresh 1ms drop_dequeue split_gso classic_protection 10% 
 Sent 7963823 bytes 5278 pkt (dropped 0, overlimits 0 requeues 0) 
 backlog 7570b 5p requeues 0
prob 0.000000 delay_c 4106us delay_l 0us
pkts_in_c 5271 pkts_in_l 12 maxq 8
ecn_mark 0 step_marks 0
credit -120340 (L)
c_marks 0 l_marks 0
dq_count 5278 eq_count 5283
c_drops 0 l_drops 0

TICK_NS 2534978171175
TC_DUR_NS 1371492
NEXT 2534990329999
PLACEMENT i=403
qdisc dualpi2 2: parent 1:10 limit 250p target 15ms tupdate 16ms alpha 0.152344 beta 3.195312 l4s_ect coupling_factor 2 drop_on_overload step_thresh 1ms drop_dequeue split_gso classic_protection 10% 
 Sent 7986533 bytes 5293 pkt (dropped 0, overlimits 0 requeues 0) 
 backlog 7570b 5p requeues 0
prob 0.004492 delay_c 4560us delay_l 0us
pkts_in_c 5286 pkts_in_l 12 maxq 8
ecn_mark 0 step_marks 0
credit -120340 (L)
c_marks 0 l_marks 0
dq_count 5293 eq_count 5298
c_drops 0 l_drops 0

TICK_NS 2534994735876
TC_DUR_NS 1555497
NEXT 2535006329999
PLACEMENT i=404
qdisc dualpi2 2: parent 1:10 limit 250p target 15ms tupdate 16ms alpha 0.152344 beta 3.195312 l4s_ect coupling_factor 2 drop_on_overload step_thresh 1ms drop_dequeue split_gso classic_protection 10% 
 Sent 8010757 bytes 5309 pkt (dropped 0, overlimits 0 requeues 0) 
 backlog 7570b 5p requeues 0
prob 0.000000 delay_c 4783us delay_l 0us
pkts_in_c 5302 pkts_in_l 12 maxq 8
ecn_mark 0 step_marks 0
credit -120340 (L)
c_marks 0 l_marks 0
dq_count 5309 eq_count 5314
c_drops 0 l_drops 0

TICK_NS 2535010582781
TC_DUR_NS 1439419
NEXT 2535022329999
PLACEMENT i=405
qdisc dualpi2 2: parent 1:10 limit 250p target 15ms tupdate 16ms alpha 0.152344 beta 3.195312 l4s_ect coupling_factor 2 drop_on_overload step_thresh 1ms drop_dequeue split_gso classic_protection 10% 
 Sent 8034981 bytes 5325 pkt (dropped 0, overlimits 0 requeues 0) 
 backlog 7570b 5p requeues 0
prob 0.000000 delay_c 4547us delay_l 0us
pkts_in_c 5318 pkts_in_l 12 maxq 8
ecn_mark 0 step_marks 0
credit -120340 (L)
c_marks 0 l_marks 0
dq_count 5325 eq_count 5330
c_drops 0 l_drops 0

TICK_NS 2535026569648
TC_DUR_NS 1645095
NEXT 2535038329999
PLACEMENT i=406
qdisc dualpi2 2: parent 1:10 limit 250p target 15ms tupdate 16ms alpha 0.152344 beta 3.195312 l4s_ect coupling_factor 2 drop_on_overload step_thresh 1ms drop_dequeue split_gso classic_protection 10% 
 Sent 8059205 bytes 5341 pkt (dropped 0, overlimits 0 requeues 0) 
 backlog 6056b 4p requeues 0
prob 0.000000 delay_c 3424us delay_l 0us
pkts_in_c 5333 pkts_in_l 12 maxq 8
ecn_mark 0 step_marks 0
credit -120340 (L)
c_marks 0 l_marks 0
dq_count 5341 eq_count 5345
c_drops 0 l_drops 0

TICK_NS 2535042460325
TC_DUR_NS 1381571
NEXT 2535054329999
PLACEMENT i=407
qdisc dualpi2 2: parent 1:10 limit 250p target 15ms tupdate 16ms alpha 0.152344 beta 3.195312 l4s_ect coupling_factor 2 drop_on_overload step_thresh 1ms drop_dequeue split_gso classic_protection 10% 
 Sent 8083429 bytes 5357 pkt (dropped 0, overlimits 0 requeues 0) 
 backlog 6056b 4p requeues 0
prob 0.001215 delay_c 3197us delay_l 0us
pkts_in_c 5349 pkts_in_l 12 maxq 8
ecn_mark 0 step_marks 0
credit -120340 (L)
c_marks 0 l_marks 0
dq_count 5357 eq_count 5361
c_drops 0 l_drops 0

TICK_NS 2535058393662
TC_DUR_NS 1470137
NEXT 2535070329999
PLACEMENT i=408
qdisc dualpi2 2: parent 1:10 limit 250p target 15ms tupdate 16ms alpha 0.152344 beta 3.195312 l4s_ect coupling_factor 2 drop_on_overload step_thresh 1ms drop_dequeue split_gso classic_protection 10% 
 Sent 8106139 bytes 5372 pkt (dropped 0, overlimits 0 requeues 0) 
 backlog 4542b 3p requeues 0
prob 0.000000 delay_c 4978us delay_l 0us
pkts_in_c 5363 pkts_in_l 12 maxq 8
ecn_mark 0 step_marks 0
credit -120340 (L)
c_marks 0 l_marks 0
dq_count 5372 eq_count 5375
c_drops 0 l_drops 0

TICK_NS 2535074242320
TC_DUR_NS 1350352
NEXT 2535086329999
PLACEMENT i=409
qdisc dualpi2 2: parent 1:10 limit 250p target 15ms tupdate 16ms alpha 0.152344 beta 3.195312 l4s_ect coupling_factor 2 drop_on_overload step_thresh 1ms drop_dequeue split_gso classic_protection 10% 
 Sent 8130363 bytes 5388 pkt (dropped 0, overlimits 0 requeues 0) 
 backlog 6056b 4p requeues 0
prob 0.000000 delay_c 3737us delay_l 0us
pkts_in_c 5380 pkts_in_l 12 maxq 8
ecn_mark 0 step_marks 0
credit -120340 (L)
c_marks 0 l_marks 0
dq_count 5388 eq_count 5392
c_drops 0 l_drops 0

TICK_NS 2535090420326
TC_DUR_NS 1454026
NEXT 2535102329999
PLACEMENT i=410
qdisc dualpi2 2: parent 1:10 limit 250p target 15ms tupdate 16ms alpha 0.152344 beta 3.195312 l4s_ect coupling_factor 2 drop_on_overload step_thresh 1ms drop_dequeue split_gso classic_protection 10% 
 Sent 8154587 bytes 5404 pkt (dropped 0, overlimits 0 requeues 0) 
 backlog 6056b 4p requeues 0
prob 0.000000 delay_c 3692us delay_l 0us
pkts_in_c 5396 pkts_in_l 12 maxq 8
ecn_mark 0 step_marks 0
credit -120340 (L)
c_marks 0 l_marks 0
dq_count 5404 eq_count 5408
c_drops 0 l_drops 0

TICK_NS 2535106228148
TC_DUR_NS 1481779
NEXT 2535118329999
PLACEMENT i=411
qdisc dualpi2 2: parent 1:10 limit 250p target 15ms tupdate 16ms alpha 0.152344 beta 3.195312 l4s_ect coupling_factor 2 drop_on_overload step_thresh 1ms drop_dequeue split_gso classic_protection 10% 
 Sent 8178811 bytes 5420 pkt (dropped 0, overlimits 0 requeues 0) 
 backlog 7570b 5p requeues 0
prob 0.004468 delay_c 1331us delay_l 0us
pkts_in_c 5413 pkts_in_l 12 maxq 8
ecn_mark 0 step_marks 0
credit -120340 (L)
c_marks 0 l_marks 0
dq_count 5420 eq_count 5425
c_drops 0 l_drops 0

TICK_NS 2535122493086
TC_DUR_NS 1519079
NEXT 2535134329999
PLACEMENT i=412
qdisc dualpi2 2: parent 1:10 limit 250p target 15ms tupdate 16ms alpha 0.152344 beta 3.195312 l4s_ect coupling_factor 2 drop_on_overload step_thresh 1ms drop_dequeue split_gso classic_protection 10% 
 Sent 8203035 bytes 5436 pkt (dropped 0, overlimits 0 requeues 0) 
 backlog 7570b 5p requeues 0
prob 0.000000 delay_c 4504us delay_l 0us
pkts_in_c 5429 pkts_in_l 12 maxq 8
ecn_mark 0 step_marks 0
credit -120340 (L)
c_marks 0 l_marks 0
dq_count 5436 eq_count 5441
c_drops 0 l_drops 0

TICK_NS 2535138311147
TC_DUR_NS 1494392
NEXT 2535150329999
PLACEMENT i=413
qdisc dualpi2 2: parent 1:10 limit 250p target 15ms tupdate 16ms alpha 0.152344 beta 3.195312 l4s_ect coupling_factor 2 drop_on_overload step_thresh 1ms drop_dequeue split_gso classic_protection 10% 
 Sent 8227259 bytes 5452 pkt (dropped 0, overlimits 0 requeues 0) 
 backlog 7570b 5p requeues 0
prob 0.000000 delay_c 4058us delay_l 0us
pkts_in_c 5445 pkts_in_l 12 maxq 8
ecn_mark 0 step_marks 0
credit -120340 (L)
c_marks 0 l_marks 0
dq_count 5452 eq_count 5457
c_drops 0 l_drops 0

TICK_NS 2535155022823
TC_DUR_NS 1771161
NEXT 2535166329999
PLACEMENT i=414
qdisc dualpi2 2: parent 1:10 limit 250p target 15ms tupdate 16ms alpha 0.152344 beta 3.195312 l4s_ect coupling_factor 2 drop_on_overload step_thresh 1ms drop_dequeue split_gso classic_protection 10% 
 Sent 8251483 bytes 5468 pkt (dropped 0, overlimits 0 requeues 0) 
 backlog 6056b 4p requeues 0
prob 0.000000 delay_c 3634us delay_l 0us
pkts_in_c 5460 pkts_in_l 12 maxq 8
ecn_mark 0 step_marks 0
credit -120340 (L)
c_marks 0 l_marks 0
dq_count 5468 eq_count 5472
c_drops 0 l_drops 0

TICK_NS 2535170550850
TC_DUR_NS 1301861
NEXT 2535182329999
PLACEMENT i=415
qdisc dualpi2 2: parent 1:10 limit 250p target 15ms tupdate 16ms alpha 0.152344 beta 3.195312 l4s_ect coupling_factor 2 drop_on_overload step_thresh 1ms drop_dequeue split_gso classic_protection 10% 
 Sent 8275707 bytes 5484 pkt (dropped 0, overlimits 0 requeues 0) 
 backlog 6056b 4p requeues 0
prob 0.001176 delay_c 3125us delay_l 0us
pkts_in_c 5476 pkts_in_l 12 maxq 8
ecn_mark 0 step_marks 0
credit -120340 (L)
c_marks 0 l_marks 0
dq_count 5484 eq_count 5488
c_drops 0 l_drops 0

TICK_NS 2535186323957
TC_DUR_NS 1442605
NEXT 2535198329999
PLACEMENT i=416
qdisc dualpi2 2: parent 1:10 limit 250p target 15ms tupdate 16ms alpha 0.152344 beta 3.195312 l4s_ect coupling_factor 2 drop_on_overload step_thresh 1ms drop_dequeue split_gso classic_protection 10% 
 Sent 8298417 bytes 5499 pkt (dropped 0, overlimits 0 requeues 0) 
 backlog 4542b 3p requeues 0
prob 0.000000 delay_c 4680us delay_l 0us
pkts_in_c 5490 pkts_in_l 12 maxq 8
ecn_mark 0 step_marks 0
credit -120340 (L)
c_marks 0 l_marks 0
dq_count 5499 eq_count 5502
c_drops 0 l_drops 0

TICK_NS 2535202246123
TC_DUR_NS 1263269
NEXT 2535214329999
PLACEMENT i=417
qdisc dualpi2 2: parent 1:10 limit 250p target 15ms tupdate 16ms alpha 0.152344 beta 3.195312 l4s_ect coupling_factor 2 drop_on_overload step_thresh 1ms drop_dequeue split_gso classic_protection 10% 
 Sent 8322641 bytes 5515 pkt (dropped 0, overlimits 0 requeues 0) 
 backlog 6056b 4p requeues 0
prob 0.000000 delay_c 3515us delay_l 0us
pkts_in_c 5507 pkts_in_l 12 maxq 8
ecn_mark 0 step_marks 0
credit -120340 (L)
c_marks 0 l_marks 0
dq_count 5515 eq_count 5519
c_drops 0 l_drops 0

TICK_NS 2535218423988
TC_DUR_NS 1334061
NEXT 2535230329999
PLACEMENT i=418
qdisc dualpi2 2: parent 1:10 limit 250p target 15ms tupdate 16ms alpha 0.152344 beta 3.195312 l4s_ect coupling_factor 2 drop_on_overload step_thresh 1ms drop_dequeue split_gso classic_protection 10% 
 Sent 8346865 bytes 5531 pkt (dropped 0, overlimits 0 requeues 0) 
 backlog 6056b 4p requeues 0
prob 0.001280 delay_c 3539us delay_l 0us
pkts_in_c 5523 pkts_in_l 12 maxq 8
ecn_mark 0 step_marks 0
credit -120340 (L)
c_marks 0 l_marks 0
dq_count 5531 eq_count 5535
c_drops 0 l_drops 0

TICK_NS 2535234303224
TC_DUR_NS 1420504
NEXT 2535246329999
PLACEMENT i=419
qdisc dualpi2 2: parent 1:10 limit 250p target 15ms tupdate 16ms alpha 0.152344 beta 3.195312 l4s_ect coupling_factor 2 drop_on_overload step_thresh 1ms drop_dequeue split_gso classic_protection 10% 
 Sent 8371089 bytes 5547 pkt (dropped 0, overlimits 0 requeues 0) 
 backlog 6056b 4p requeues 0
prob 0.000000 delay_c 3185us delay_l 0us
pkts_in_c 5539 pkts_in_l 12 maxq 8
ecn_mark 0 step_marks 0
credit -120340 (L)
c_marks 0 l_marks 0
dq_count 5547 eq_count 5551
c_drops 0 l_drops 0

TICK_NS 2535250663631
TC_DUR_NS 1471980
NEXT 2535262329999
PLACEMENT i=420
qdisc dualpi2 2: parent 1:10 limit 250p target 15ms tupdate 16ms alpha 0.152344 beta 3.195312 l4s_ect coupling_factor 2 drop_on_overload step_thresh 1ms drop_dequeue split_gso classic_protection 10% 
 Sent 8395313 bytes 5563 pkt (dropped 0, overlimits 0 requeues 0) 
 backlog 7570b 5p requeues 0
prob 0.000000 delay_c 4394us delay_l 0us
pkts_in_c 5556 pkts_in_l 12 maxq 8
ecn_mark 0 step_marks 0
credit -120340 (L)
c_marks 0 l_marks 0
dq_count 5563 eq_count 5568
c_drops 0 l_drops 0

TICK_NS 2535266376876
TC_DUR_NS 1300960
NEXT 2535278329999
PLACEMENT i=421
qdisc dualpi2 2: parent 1:10 limit 250p target 15ms tupdate 16ms alpha 0.152344 beta 3.195312 l4s_ect coupling_factor 2 drop_on_overload step_thresh 1ms drop_dequeue split_gso classic_protection 10% 
 Sent 8419537 bytes 5579 pkt (dropped 0, overlimits 0 requeues 0) 
 backlog 4542b 3p requeues 0
prob 0.000000 delay_c 4037us delay_l 0us
pkts_in_c 5570 pkts_in_l 12 maxq 8
ecn_mark 0 step_marks 0
credit -120340 (L)
c_marks 0 l_marks 0
dq_count 5579 eq_count 5582
c_drops 0 l_drops 0

TICK_NS 2535282253857
TC_DUR_NS 1403251
NEXT 2535294329999
PLACEMENT i=422
qdisc dualpi2 2: parent 1:10 limit 250p target 15ms tupdate 16ms alpha 0.152344 beta 3.195312 l4s_ect coupling_factor 2 drop_on_overload step_thresh 1ms drop_dequeue split_gso classic_protection 10% 
 Sent 8442247 bytes 5594 pkt (dropped 0, overlimits 0 requeues 0) 
 backlog 6056b 4p requeues 0
prob 0.000000 delay_c 3735us delay_l 0us
pkts_in_c 5586 pkts_in_l 12 maxq 8
ecn_mark 0 step_marks 0
credit -120340 (L)
c_marks 0 l_marks 0
dq_count 5594 eq_count 5598
c_drops 0 l_drops 0

TICK_NS 2535298297531
TC_DUR_NS 1260103
NEXT 2535310329999
PLACEMENT i=423
qdisc dualpi2 2: parent 1:10 limit 250p target 15ms tupdate 16ms alpha 0.152344 beta 3.195312 l4s_ect coupling_factor 2 drop_on_overload step_thresh 1ms drop_dequeue split_gso classic_protection 10% 
 Sent 8466471 bytes 5610 pkt (dropped 0, overlimits 0 requeues 0) 
 backlog 7570b 5p requeues 0
prob 0.000000 delay_c 4703us delay_l 0us
pkts_in_c 5603 pkts_in_l 12 maxq 8
ecn_mark 0 step_marks 0
credit -120340 (L)
c_marks 0 l_marks 0
dq_count 5610 eq_count 5615
c_drops 0 l_drops 0

TICK_NS 2535314553252
TC_DUR_NS 1579782
NEXT 2535326329999
PLACEMENT i=424
qdisc dualpi2 2: parent 1:10 limit 250p target 15ms tupdate 16ms alpha 0.152344 beta 3.195312 l4s_ect coupling_factor 2 drop_on_overload step_thresh 1ms drop_dequeue split_gso classic_protection 10% 
 Sent 8490695 bytes 5626 pkt (dropped 0, overlimits 0 requeues 0) 
 backlog 7570b 5p requeues 0
prob 0.001155 delay_c 4764us delay_l 0us
pkts_in_c 5619 pkts_in_l 12 maxq 8
ecn_mark 0 step_marks 0
credit -120340 (L)
c_marks 0 l_marks 0
dq_count 5626 eq_count 5631
c_drops 0 l_drops 0

TICK_NS 2535330262679
TC_DUR_NS 1463364
NEXT 2535342329999
PLACEMENT i=425
qdisc dualpi2 2: parent 1:10 limit 250p target 15ms tupdate 16ms alpha 0.152344 beta 3.195312 l4s_ect coupling_factor 2 drop_on_overload step_thresh 1ms drop_dequeue split_gso classic_protection 10% 
 Sent 8514919 bytes 5642 pkt (dropped 0, overlimits 0 requeues 0) 
 backlog 4542b 3p requeues 0
prob 0.000000 delay_c 4304us delay_l 0us
pkts_in_c 5633 pkts_in_l 12 maxq 8
ecn_mark 0 step_marks 0
credit -120340 (L)
c_marks 0 l_marks 0
dq_count 5642 eq_count 5645
c_drops 0 l_drops 0

TICK_NS 2535346567733
TC_DUR_NS 1397881
NEXT 2535358329999
PLACEMENT i=426
qdisc dualpi2 2: parent 1:10 limit 250p target 15ms tupdate 16ms alpha 0.152344 beta 3.195312 l4s_ect coupling_factor 2 drop_on_overload step_thresh 1ms drop_dequeue split_gso classic_protection 10% 
 Sent 8539143 bytes 5658 pkt (dropped 0, overlimits 0 requeues 0) 
 backlog 6056b 4p requeues 0
prob 0.001286 delay_c 3336us delay_l 0us
pkts_in_c 5650 pkts_in_l 12 maxq 8
ecn_mark 0 step_marks 0
credit -120340 (L)
c_marks 0 l_marks 0
dq_count 5658 eq_count 5662
c_drops 0 l_drops 0

TICK_NS 2535362390092
TC_DUR_NS 1480135
NEXT 2535374329999
PLACEMENT i=427
qdisc dualpi2 2: parent 1:10 limit 250p target 15ms tupdate 16ms alpha 0.152344 beta 3.195312 l4s_ect coupling_factor 2 drop_on_overload step_thresh 1ms drop_dequeue split_gso classic_protection 10% 
 Sent 8563367 bytes 5674 pkt (dropped 0, overlimits 0 requeues 0) 
 backlog 6056b 4p requeues 0
prob 0.000000 delay_c 3048us delay_l 0us
pkts_in_c 5666 pkts_in_l 12 maxq 8
ecn_mark 0 step_marks 0
credit -120340 (L)
c_marks 0 l_marks 0
dq_count 5674 eq_count 5678
c_drops 0 l_drops 0

TICK_NS 2535378567627
TC_DUR_NS 1494743
NEXT 2535390329999
PLACEMENT i=428
qdisc dualpi2 2: parent 1:10 limit 250p target 15ms tupdate 16ms alpha 0.152344 beta 3.195312 l4s_ect coupling_factor 2 drop_on_overload step_thresh 1ms drop_dequeue split_gso classic_protection 10% 
 Sent 8587591 bytes 5690 pkt (dropped 0, overlimits 0 requeues 0) 
 backlog 7570b 5p requeues 0
prob 0.000000 delay_c 1044us delay_l 0us
pkts_in_c 5683 pkts_in_l 12 maxq 8
ecn_mark 0 step_marks 0
credit -120340 (L)
c_marks 0 l_marks 0
dq_count 5690 eq_count 5695
c_drops 0 l_drops 0

TICK_NS 2535394481968
TC_DUR_NS 1613776
NEXT 2535406329999
PLACEMENT i=429
qdisc dualpi2 2: parent 1:10 limit 250p target 15ms tupdate 16ms alpha 0.152344 beta 3.195312 l4s_ect coupling_factor 2 drop_on_overload step_thresh 1ms drop_dequeue split_gso classic_protection 10% 
 Sent 8610301 bytes 5705 pkt (dropped 0, overlimits 0 requeues 0) 
 backlog 6056b 4p requeues 0
prob 0.000000 delay_c 3870us delay_l 0us
pkts_in_c 5697 pkts_in_l 12 maxq 8
ecn_mark 0 step_marks 0
credit -120340 (L)
c_marks 0 l_marks 0
dq_count 5705 eq_count 5709
c_drops 0 l_drops 0

TICK_NS 2535410086178
TC_DUR_NS 1433829
NEXT 2535422329999
PLACEMENT i=430
qdisc dualpi2 2: parent 1:10 limit 250p target 15ms tupdate 16ms alpha 0.152344 beta 3.195312 l4s_ect coupling_factor 2 drop_on_overload step_thresh 1ms drop_dequeue split_gso classic_protection 10% 
 Sent 8634525 bytes 5721 pkt (dropped 0, overlimits 0 requeues 0) 
 backlog 6056b 4p requeues 0
prob 0.000000 delay_c 3486us delay_l 0us
pkts_in_c 5713 pkts_in_l 12 maxq 8
ecn_mark 0 step_marks 0
credit -120340 (L)
c_marks 0 l_marks 0
dq_count 5721 eq_count 5725
c_drops 0 l_drops 0

TICK_NS 2535426170829
TC_DUR_NS 1359940
NEXT 2535438329999
PLACEMENT i=431
qdisc dualpi2 2: parent 1:10 limit 250p target 15ms tupdate 16ms alpha 0.152344 beta 3.195312 l4s_ect coupling_factor 2 drop_on_overload step_thresh 1ms drop_dequeue split_gso classic_protection 10% 
 Sent 8658749 bytes 5737 pkt (dropped 0, overlimits 0 requeues 0) 
 backlog 7570b 5p requeues 0
prob 0.000000 delay_c 3387us delay_l 0us
pkts_in_c 5730 pkts_in_l 12 maxq 8
ecn_mark 0 step_marks 0
credit -120340 (L)
c_marks 0 l_marks 0
dq_count 5737 eq_count 5742
c_drops 0 l_drops 0

TICK_NS 2535442616827
TC_DUR_NS 1524769
NEXT 2535454329999
PLACEMENT i=432
qdisc dualpi2 2: parent 1:10 limit 250p target 15ms tupdate 16ms alpha 0.152344 beta 3.195312 l4s_ect coupling_factor 2 drop_on_overload step_thresh 1ms drop_dequeue split_gso classic_protection 10% 
 Sent 8682973 bytes 5753 pkt (dropped 0, overlimits 0 requeues 0) 
 backlog 7570b 5p requeues 0
prob 0.001165 delay_c 4597us delay_l 0us
pkts_in_c 5746 pkts_in_l 12 maxq 8
ecn_mark 0 step_marks 0
credit -120340 (L)
c_marks 0 l_marks 0
dq_count 5753 eq_count 5758
c_drops 0 l_drops 0

TICK_NS 2535458367131
TC_DUR_NS 1535639
NEXT 2535470329999
PLACEMENT i=433
qdisc dualpi2 2: parent 1:10 limit 250p target 15ms tupdate 16ms alpha 0.152344 beta 3.195312 l4s_ect coupling_factor 2 drop_on_overload step_thresh 1ms drop_dequeue split_gso classic_protection 10% 
 Sent 8707197 bytes 5769 pkt (dropped 0, overlimits 0 requeues 0) 
 backlog 7570b 5p requeues 0
prob 0.000000 delay_c 4258us delay_l 0us
pkts_in_c 5762 pkts_in_l 12 maxq 8
ecn_mark 0 step_marks 0
credit -120340 (L)
c_marks 0 l_marks 0
dq_count 5769 eq_count 5774
c_drops 0 l_drops 0

TICK_NS 2535474818118
TC_DUR_NS 1751113
NEXT 2535486329999
PLACEMENT i=434
qdisc dualpi2 2: parent 1:10 limit 250p target 15ms tupdate 16ms alpha 0.152344 beta 3.195312 l4s_ect coupling_factor 2 drop_on_overload step_thresh 1ms drop_dequeue split_gso classic_protection 10% 
 Sent 8731421 bytes 5785 pkt (dropped 0, overlimits 0 requeues 0) 
 backlog 6056b 4p requeues 0
prob 0.000000 delay_c 3450us delay_l 0us
pkts_in_c 5777 pkts_in_l 12 maxq 8
ecn_mark 0 step_marks 0
credit -120340 (L)
c_marks 0 l_marks 0
dq_count 5785 eq_count 5789
c_drops 0 l_drops 0

TICK_NS 2535490302924
TC_DUR_NS 1330245
NEXT 2535502329999
PLACEMENT i=435
qdisc dualpi2 2: parent 1:10 limit 250p target 15ms tupdate 16ms alpha 0.152344 beta 3.195312 l4s_ect coupling_factor 2 drop_on_overload step_thresh 1ms drop_dequeue split_gso classic_protection 10% 
 Sent 8754131 bytes 5800 pkt (dropped 0, overlimits 0 requeues 0) 
 backlog 7570b 5p requeues 0
prob 0.001227 delay_c 5008us delay_l 0us
pkts_in_c 5793 pkts_in_l 12 maxq 8
ecn_mark 0 step_marks 0
credit -120340 (L)
c_marks 0 l_marks 0
dq_count 5800 eq_count 5805
c_drops 0 l_drops 0

TICK_NS 2535506471091
TC_DUR_NS 1488220
NEXT 2535518329999
PLACEMENT i=436
qdisc dualpi2 2: parent 1:10 limit 250p target 15ms tupdate 16ms alpha 0.152344 beta 3.195312 l4s_ect coupling_factor 2 drop_on_overload step_thresh 1ms drop_dequeue split_gso classic_protection 10% 
 Sent 8778355 bytes 5816 pkt (dropped 0, overlimits 0 requeues 0) 
 backlog 7570b 5p requeues 0
prob 0.000000 delay_c 4982us delay_l 0us
pkts_in_c 5809 pkts_in_l 12 maxq 8
ecn_mark 0 step_marks 0
credit -120340 (L)
c_marks 0 l_marks 0
dq_count 5816 eq_count 5821
c_drops 0 l_drops 0

TICK_NS 2535522500368
TC_DUR_NS 1412669
NEXT 2535534329999
PLACEMENT i=437
qdisc dualpi2 2: parent 1:10 limit 250p target 15ms tupdate 16ms alpha 0.152344 beta 3.195312 l4s_ect coupling_factor 2 drop_on_overload step_thresh 1ms drop_dequeue split_gso classic_protection 10% 
 Sent 8802579 bytes 5832 pkt (dropped 0, overlimits 0 requeues 0) 
 backlog 6056b 4p requeues 0
prob 0.000000 delay_c 3726us delay_l 0us
pkts_in_c 5824 pkts_in_l 12 maxq 8
ecn_mark 0 step_marks 0
credit -120340 (L)
c_marks 0 l_marks 0
dq_count 5832 eq_count 5836
c_drops 0 l_drops 0

TICK_NS 2535538345700
TC_DUR_NS 1488692
NEXT 2535550329999
PLACEMENT i=438
qdisc dualpi2 2: parent 1:10 limit 250p target 15ms tupdate 16ms alpha 0.152344 beta 3.195312 l4s_ect coupling_factor 2 drop_on_overload step_thresh 1ms drop_dequeue split_gso classic_protection 10% 
 Sent 8826803 bytes 5848 pkt (dropped 0, overlimits 0 requeues 0) 
 backlog 6056b 4p requeues 0
prob 0.000000 delay_c 3504us delay_l 0us
pkts_in_c 5840 pkts_in_l 12 maxq 8
ecn_mark 0 step_marks 0
credit -120340 (L)
c_marks 0 l_marks 0
dq_count 5848 eq_count 5852
c_drops 0 l_drops 0

TICK_NS 2535554358426
TC_DUR_NS 1290530
NEXT 2535566329999
PLACEMENT i=439
qdisc dualpi2 2: parent 1:10 limit 250p target 15ms tupdate 16ms alpha 0.152344 beta 3.195312 l4s_ect coupling_factor 2 drop_on_overload step_thresh 1ms drop_dequeue split_gso classic_protection 10% 
 Sent 8851027 bytes 5864 pkt (dropped 0, overlimits 0 requeues 0) 
 backlog 6056b 4p requeues 0
prob 0.000000 delay_c 3409us delay_l 0us
pkts_in_c 5856 pkts_in_l 12 maxq 8
ecn_mark 0 step_marks 0
credit -120340 (L)
c_marks 0 l_marks 0
dq_count 5864 eq_count 5868
c_drops 0 l_drops 0

TICK_NS 2535570319475
TC_DUR_NS 1373686
NEXT 2535582329999
PLACEMENT i=440
qdisc dualpi2 2: parent 1:10 limit 250p target 15ms tupdate 16ms alpha 0.152344 beta 3.195312 l4s_ect coupling_factor 2 drop_on_overload step_thresh 1ms drop_dequeue split_gso classic_protection 10% 
 Sent 8875251 bytes 5880 pkt (dropped 0, overlimits 0 requeues 0) 
 backlog 7570b 5p requeues 0
prob 0.000000 delay_c 4246us delay_l 0us
pkts_in_c 5873 pkts_in_l 12 maxq 8
ecn_mark 0 step_marks 0
credit -120340 (L)
c_marks 0 l_marks 0
dq_count 5880 eq_count 5885
c_drops 0 l_drops 0

TICK_NS 2535586582991
TC_DUR_NS 1374217
NEXT 2535598329999
PLACEMENT i=441
qdisc dualpi2 2: parent 1:10 limit 250p target 15ms tupdate 16ms alpha 0.152344 beta 3.195312 l4s_ect coupling_factor 2 drop_on_overload step_thresh 1ms drop_dequeue split_gso classic_protection 10% 
 Sent 8899475 bytes 5896 pkt (dropped 0, overlimits 0 requeues 0) 
 backlog 7570b 5p requeues 0
prob 0.001112 delay_c 4289us delay_l 0us
pkts_in_c 5889 pkts_in_l 12 maxq 8
ecn_mark 0 step_marks 0
credit -120340 (L)
c_marks 0 l_marks 0
dq_count 5896 eq_count 5901
c_drops 0 l_drops 0

TICK_NS 2535602464801
TC_DUR_NS 1531321
NEXT 2535614329999
PLACEMENT i=442
qdisc dualpi2 2: parent 1:10 limit 250p target 15ms tupdate 16ms alpha 0.152344 beta 3.195312 l4s_ect coupling_factor 2 drop_on_overload step_thresh 1ms drop_dequeue split_gso classic_protection 10% 
 Sent 8922185 bytes 5911 pkt (dropped 0, overlimits 0 requeues 0) 
 backlog 6056b 4p requeues 0
prob 0.000000 delay_c 3966us delay_l 0us
pkts_in_c 5903 pkts_in_l 12 maxq 8
ecn_mark 0 step_marks 0
credit -120340 (L)
c_marks 0 l_marks 0
dq_count 5911 eq_count 5915
c_drops 0 l_drops 0

TICK_NS 2535618230163
TC_DUR_NS 1411557
NEXT 2535630329999
PLACEMENT i=443
qdisc dualpi2 2: parent 1:10 limit 250p target 15ms tupdate 16ms alpha 0.152344 beta 3.195312 l4s_ect coupling_factor 2 drop_on_overload step_thresh 1ms drop_dequeue split_gso classic_protection 10% 
 Sent 8946409 bytes 5927 pkt (dropped 0, overlimits 0 requeues 0) 
 backlog 7570b 5p requeues 0
prob 0.001245 delay_c 4616us delay_l 0us
pkts_in_c 5920 pkts_in_l 12 maxq 8
ecn_mark 0 step_marks 0
credit -120340 (L)
c_marks 0 l_marks 0
dq_count 5927 eq_count 5932
c_drops 0 l_drops 0

TICK_NS 2535634632960
TC_DUR_NS 1498259
NEXT 2535646329999
PLACEMENT i=444
qdisc dualpi2 2: parent 1:10 limit 250p target 15ms tupdate 16ms alpha 0.152344 beta 3.195312 l4s_ect coupling_factor 2 drop_on_overload step_thresh 1ms drop_dequeue split_gso classic_protection 10% 
 Sent 8970633 bytes 5943 pkt (dropped 0, overlimits 0 requeues 0) 
 backlog 7570b 5p requeues 0
prob 0.000000 delay_c 4917us delay_l 0us
pkts_in_c 5936 pkts_in_l 12 maxq 8
ecn_mark 0 step_marks 0
credit -120340 (L)
c_marks 0 l_marks 0
dq_count 5943 eq_count 5948
c_drops 0 l_drops 0

TICK_NS 2535650279670
TC_DUR_NS 1400646
NEXT 2535662329999
PLACEMENT i=445
qdisc dualpi2 2: parent 1:10 limit 250p target 15ms tupdate 16ms alpha 0.152344 beta 3.195312 l4s_ect coupling_factor 2 drop_on_overload step_thresh 1ms drop_dequeue split_gso classic_protection 10% 
 Sent 8994857 bytes 5959 pkt (dropped 0, overlimits 0 requeues 0) 
 backlog 6056b 4p requeues 0
prob 0.000000 delay_c 4393us delay_l 0us
pkts_in_c 5951 pkts_in_l 12 maxq 8
ecn_mark 0 step_marks 0
credit -120340 (L)
c_marks 0 l_marks 0
dq_count 5959 eq_count 5963
c_drops 0 l_drops 0

TICK_NS 2535666611985
TC_DUR_NS 1438567
NEXT 2535678329999
PLACEMENT i=446
qdisc dualpi2 2: parent 1:10 limit 250p target 15ms tupdate 16ms alpha 0.152344 beta 3.195312 l4s_ect coupling_factor 2 drop_on_overload step_thresh 1ms drop_dequeue split_gso classic_protection 10% 
 Sent 9019081 bytes 5975 pkt (dropped 0, overlimits 0 requeues 0) 
 backlog 6056b 4p requeues 0
prob 0.000000 delay_c 3537us delay_l 0us
pkts_in_c 5967 pkts_in_l 12 maxq 8
ecn_mark 0 step_marks 0
credit -120340 (L)
c_marks 0 l_marks 0
dq_count 5975 eq_count 5979
c_drops 0 l_drops 0

TICK_NS 2535682549359
TC_DUR_NS 1313413
NEXT 2535694329999
PLACEMENT i=447
qdisc dualpi2 2: parent 1:10 limit 250p target 15ms tupdate 16ms alpha 0.152344 beta 3.195312 l4s_ect coupling_factor 2 drop_on_overload step_thresh 1ms drop_dequeue split_gso classic_protection 10% 
 Sent 9043305 bytes 5991 pkt (dropped 0, overlimits 0 requeues 0) 
 backlog 6056b 4p requeues 0
prob 0.000000 delay_c 3435us delay_l 0us
pkts_in_c 5983 pkts_in_l 12 maxq 8
ecn_mark 0 step_marks 0
credit -120340 (L)
c_marks 0 l_marks 0
dq_count 5991 eq_count 5995
c_drops 0 l_drops 0

TICK_NS 2535698605757
TC_DUR_NS 1478743
NEXT 2535710329999
PLACEMENT i=448
qdisc dualpi2 2: parent 1:10 limit 250p target 15ms tupdate 16ms alpha 0.152344 beta 3.195312 l4s_ect coupling_factor 2 drop_on_overload step_thresh 1ms drop_dequeue split_gso classic_protection 10% 
 Sent 9067529 bytes 6007 pkt (dropped 0, overlimits 0 requeues 0) 
 backlog 7570b 5p requeues 0
prob 0.000000 delay_c 3250us delay_l 0us
pkts_in_c 6000 pkts_in_l 12 maxq 8
ecn_mark 0 step_marks 0
credit -120340 (L)
c_marks 0 l_marks 0
dq_count 6007 eq_count 6012
c_drops 0 l_drops 0

TICK_NS 2535714265952
TC_DUR_NS 1401227
NEXT 2535726329999
PLACEMENT i=449
qdisc dualpi2 2: parent 1:10 limit 250p target 15ms tupdate 16ms alpha 0.152344 beta 3.195312 l4s_ect coupling_factor 2 drop_on_overload step_thresh 1ms drop_dequeue split_gso classic_protection 10% 
 Sent 9090239 bytes 6022 pkt (dropped 0, overlimits 0 requeues 0) 
 backlog 6056b 4p requeues 0
prob 0.001103 delay_c 3804us delay_l 0us
pkts_in_c 6014 pkts_in_l 12 maxq 8
ecn_mark 0 step_marks 0
credit -120340 (L)
c_marks 0 l_marks 0
dq_count 6022 eq_count 6026
c_drops 0 l_drops 0

TICK_NS 2535730267486
TC_DUR_NS 1302763
NEXT 2535742329999
PLACEMENT i=450
qdisc dualpi2 2: parent 1:10 limit 250p target 15ms tupdate 16ms alpha 0.152344 beta 3.195312 l4s_ect coupling_factor 2 drop_on_overload step_thresh 1ms drop_dequeue split_gso classic_protection 10% 
 Sent 9114463 bytes 6038 pkt (dropped 0, overlimits 0 requeues 0) 
 backlog 6056b 4p requeues 0
prob 0.000000 delay_c 3620us delay_l 0us
pkts_in_c 6030 pkts_in_l 12 maxq 8
ecn_mark 0 step_marks 0
credit -120340 (L)
c_marks 0 l_marks 0
dq_count 6038 eq_count 6042
c_drops 0 l_drops 0

TICK_NS 2535746277327
TC_DUR_NS 1474585
NEXT 2535758329999
PLACEMENT i=451
qdisc dualpi2 2: parent 1:10 limit 250p target 15ms tupdate 16ms alpha 0.152344 beta 3.195312 l4s_ect coupling_factor 2 drop_on_overload step_thresh 1ms drop_dequeue split_gso classic_protection 10% 
 Sent 9138687 bytes 6054 pkt (dropped 0, overlimits 0 requeues 0) 
 backlog 7570b 5p requeues 0
prob 0.000000 delay_c 4464us delay_l 0us
pkts_in_c 6047 pkts_in_l 12 maxq 8
ecn_mark 0 step_marks 0
credit -120340 (L)
c_marks 0 l_marks 0
dq_count 6054 eq_count 6059
c_drops 0 l_drops 0

TICK_NS 2535762174466
TC_DUR_NS 1262317
NEXT 2535774329999
PLACEMENT i=452
qdisc dualpi2 2: parent 1:10 limit 250p target 15ms tupdate 16ms alpha 0.152344 beta 3.195312 l4s_ect coupling_factor 2 drop_on_overload step_thresh 1ms drop_dequeue split_gso classic_protection 10% 
 Sent 9162911 bytes 6070 pkt (dropped 0, overlimits 0 requeues 0) 
 backlog 7570b 5p requeues 0
prob 0.001201 delay_c 4301us delay_l 0us
pkts_in_c 6063 pkts_in_l 12 maxq 8
ecn_mark 0 step_marks 0
credit -120340 (L)
c_marks 0 l_marks 0
dq_count 6070 eq_count 6075
c_drops 0 l_drops 0

TICK_NS 2535778234560
TC_DUR_NS 1466189
NEXT 2535790329999
PLACEMENT i=453
qdisc dualpi2 2: parent 1:10 limit 250p target 15ms tupdate 16ms alpha 0.152344 beta 3.195312 l4s_ect coupling_factor 2 drop_on_overload step_thresh 1ms drop_dequeue split_gso classic_protection 10% 
 Sent 9187135 bytes 6086 pkt (dropped 0, overlimits 0 requeues 0) 
 backlog 7570b 5p requeues 0
prob 0.000000 delay_c 4122us delay_l 0us
pkts_in_c 6079 pkts_in_l 12 maxq 8
ecn_mark 0 step_marks 0
credit -120340 (L)
c_marks 0 l_marks 0
dq_count 6086 eq_count 6091
c_drops 0 l_drops 0

TICK_NS 2535794360408
TC_DUR_NS 1295739
NEXT 2535806329999
PLACEMENT i=454
qdisc dualpi2 2: parent 1:10 limit 250p target 15ms tupdate 16ms alpha 0.152344 beta 3.195312 l4s_ect coupling_factor 2 drop_on_overload step_thresh 1ms drop_dequeue split_gso classic_protection 10% 
 Sent 9211359 bytes 6102 pkt (dropped 0, overlimits 0 requeues 0) 
 backlog 6056b 4p requeues 0
prob 0.000000 delay_c 3139us delay_l 0us
pkts_in_c 6094 pkts_in_l 12 maxq 8
ecn_mark 0 step_marks 0
credit -120340 (L)
c_marks 0 l_marks 0
dq_count 6102 eq_count 6106
c_drops 0 l_drops 0

TICK_NS 2535810094161
TC_DUR_NS 1253901
NEXT 2535822329999
PLACEMENT i=455
qdisc dualpi2 2: parent 1:10 limit 250p target 15ms tupdate 16ms alpha 0.152344 beta 3.195312 l4s_ect coupling_factor 2 drop_on_overload step_thresh 1ms drop_dequeue split_gso classic_protection 10% 
 Sent 9234069 bytes 6117 pkt (dropped 0, overlimits 0 requeues 0) 
 backlog 4542b 3p requeues 0
prob 0.000000 delay_c 4818us delay_l 0us
pkts_in_c 6108 pkts_in_l 12 maxq 8
ecn_mark 0 step_marks 0
credit -120340 (L)
c_marks 0 l_marks 0
dq_count 6117 eq_count 6120
c_drops 0 l_drops 0

TICK_NS 2535826194601
TC_DUR_NS 1413862
NEXT 2535838329999
PLACEMENT i=456
qdisc dualpi2 2: parent 1:10 limit 250p target 15ms tupdate 16ms alpha 0.152344 beta 3.195312 l4s_ect coupling_factor 2 drop_on_overload step_thresh 1ms drop_dequeue split_gso classic_protection 10% 
 Sent 9258293 bytes 6133 pkt (dropped 0, overlimits 0 requeues 0) 
 backlog 4542b 3p requeues 0
prob 0.004483 delay_c 4660us delay_l 0us
pkts_in_c 6124 pkts_in_l 12 maxq 8
ecn_mark 0 step_marks 0
credit -120340 (L)
c_marks 0 l_marks 0
dq_count 6133 eq_count 6136
c_drops 0 l_drops 0

TICK_NS 2535842414365
TC_DUR_NS 1290870
NEXT 2535854329999
PLACEMENT i=457
qdisc dualpi2 2: parent 1:10 limit 250p target 15ms tupdate 16ms alpha 0.152344 beta 3.195312 l4s_ect coupling_factor 2 drop_on_overload step_thresh 1ms drop_dequeue split_gso classic_protection 10% 
 Sent 9282517 bytes 6149 pkt (dropped 0, overlimits 0 requeues 0) 
 backlog 6056b 4p requeues 0
prob 0.000000 delay_c 3762us delay_l 0us
pkts_in_c 6141 pkts_in_l 12 maxq 8
ecn_mark 0 step_marks 0
credit -120340 (L)
c_marks 0 l_marks 0
dq_count 6149 eq_count 6153
c_drops 0 l_drops 0

TICK_NS 2535858577854
TC_DUR_NS 1366863
NEXT 2535870329999
PLACEMENT i=458
qdisc dualpi2 2: parent 1:10 limit 250p target 15ms tupdate 16ms alpha 0.152344 beta 3.195312 l4s_ect coupling_factor 2 drop_on_overload step_thresh 1ms drop_dequeue split_gso classic_protection 10% 
 Sent 9306741 bytes 6165 pkt (dropped 0, overlimits 0 requeues 0) 
 backlog 6056b 4p requeues 0
prob 0.001094 delay_c 3800us delay_l 0us
pkts_in_c 6157 pkts_in_l 12 maxq 8
ecn_mark 0 step_marks 0
credit -120340 (L)
c_marks 0 l_marks 0
dq_count 6165 eq_count 6169
c_drops 0 l_drops 0

TICK_NS 2535874369886
TC_DUR_NS 1552832
NEXT 2535886329999
PLACEMENT i=459
qdisc dualpi2 2: parent 1:10 limit 250p target 15ms tupdate 16ms alpha 0.152344 beta 3.195312 l4s_ect coupling_factor 2 drop_on_overload step_thresh 1ms drop_dequeue split_gso classic_protection 10% 
 Sent 9330965 bytes 6181 pkt (dropped 0, overlimits 0 requeues 0) 
 backlog 6056b 4p requeues 0
prob 0.000000 delay_c 3351us delay_l 0us
pkts_in_c 6173 pkts_in_l 12 maxq 8
ecn_mark 0 step_marks 0
credit -120340 (L)
c_marks 0 l_marks 0
dq_count 6181 eq_count 6185
c_drops 0 l_drops 0

TICK_NS 2535890742607
TC_DUR_NS 1472751
NEXT 2535902329999
PLACEMENT i=460
qdisc dualpi2 2: parent 1:10 limit 250p target 15ms tupdate 16ms alpha 0.152344 beta 3.195312 l4s_ect coupling_factor 2 drop_on_overload step_thresh 1ms drop_dequeue split_gso classic_protection 10% 
 Sent 9355189 bytes 6197 pkt (dropped 0, overlimits 0 requeues 0) 
 backlog 7570b 5p requeues 0
prob 0.001212 delay_c 4628us delay_l 0us
pkts_in_c 6190 pkts_in_l 12 maxq 8
ecn_mark 0 step_marks 0
credit -120340 (L)
c_marks 0 l_marks 0
dq_count 6197 eq_count 6202
c_drops 0 l_drops 0

TICK_NS 2535906491868
TC_DUR_NS 1288696
NEXT 2535918329999
PLACEMENT i=461
qdisc dualpi2 2: parent 1:10 limit 250p target 15ms tupdate 16ms alpha 0.152344 beta 3.195312 l4s_ect coupling_factor 2 drop_on_overload step_thresh 1ms drop_dequeue split_gso classic_protection 10% 
 Sent 9379413 bytes 6213 pkt (dropped 0, overlimits 0 requeues 0) 
 backlog 7570b 5p requeues 0
prob 0.000000 delay_c 4296us delay_l 0us
pkts_in_c 6206 pkts_in_l 12 maxq 8
ecn_mark 0 step_marks 0
credit -120340 (L)
c_marks 0 l_marks 0
dq_count 6213 eq_count 6218
c_drops 0 l_drops 0

TICK_NS 2535921963329
TC_DUR_NS 1254161
NEXT 2535934329999
PLACEMENT i=462
qdisc dualpi2 2: parent 1:10 limit 250p target 15ms tupdate 16ms alpha 0.152344 beta 3.195312 l4s_ect coupling_factor 2 drop_on_overload step_thresh 1ms drop_dequeue split_gso classic_protection 10% 
 Sent 9402123 bytes 6228 pkt (dropped 0, overlimits 0 requeues 0) 
 backlog 3028b 2p requeues 0
prob 0.000000 delay_c 3608us delay_l 0us
pkts_in_c 6218 pkts_in_l 12 maxq 8
ecn_mark 0 step_marks 0
credit -120340 (L)
c_marks 0 l_marks 0
dq_count 6228 eq_count 6230
c_drops 0 l_drops 0

TICK_NS 2535938774121
TC_DUR_NS 1507657
NEXT 2535950329999
PLACEMENT i=463
qdisc dualpi2 2: parent 1:10 limit 250p target 15ms tupdate 16ms alpha 0.152344 beta 3.195312 l4s_ect coupling_factor 2 drop_on_overload step_thresh 1ms drop_dequeue split_gso classic_protection 10% 
 Sent 9426347 bytes 6244 pkt (dropped 0, overlimits 0 requeues 0) 
 backlog 7570b 5p requeues 0
prob 0.000000 delay_c 5001us delay_l 0us
pkts_in_c 6237 pkts_in_l 12 maxq 8
ecn_mark 0 step_marks 0
credit -120340 (L)
c_marks 0 l_marks 0
dq_count 6244 eq_count 6249
c_drops 0 l_drops 0

TICK_NS 2535954729069
TC_DUR_NS 1777904
NEXT 2535966329999
PLACEMENT i=464
qdisc dualpi2 2: parent 1:10 limit 250p target 15ms tupdate 16ms alpha 0.152344 beta 3.195312 l4s_ect coupling_factor 2 drop_on_overload step_thresh 1ms drop_dequeue split_gso classic_protection 10% 
 Sent 9450571 bytes 6260 pkt (dropped 0, overlimits 0 requeues 0) 
 backlog 7570b 5p requeues 0
prob 0.004497 delay_c 4846us delay_l 0us
pkts_in_c 6253 pkts_in_l 12 maxq 8
ecn_mark 0 step_marks 0
credit -120340 (L)
c_marks 0 l_marks 0
dq_count 6260 eq_count 6265
c_drops 0 l_drops 0

TICK_NS 2535970687553
TC_DUR_NS 1633954
NEXT 2535982329999
PLACEMENT i=465
qdisc dualpi2 2: parent 1:10 limit 250p target 15ms tupdate 16ms alpha 0.152344 beta 3.195312 l4s_ect coupling_factor 2 drop_on_overload step_thresh 1ms drop_dequeue split_gso classic_protection 10% 
 Sent 9474795 bytes 6276 pkt (dropped 0, overlimits 0 requeues 0) 
 backlog 6056b 4p requeues 0
prob 0.002521 delay_c 2671us delay_l 0us
pkts_in_c 6268 pkts_in_l 12 maxq 8
ecn_mark 0 step_marks 0
credit -120340 (L)
c_marks 0 l_marks 0
dq_count 6276 eq_count 6280
c_drops 0 l_drops 0

TICK_NS 2535986324274
TC_DUR_NS 1345563
NEXT 2535998329999
PLACEMENT i=466
qdisc dualpi2 2: parent 1:10 limit 250p target 15ms tupdate 16ms alpha 0.152344 beta 3.195312 l4s_ect coupling_factor 2 drop_on_overload step_thresh 1ms drop_dequeue split_gso classic_protection 10% 
 Sent 9499019 bytes 6292 pkt (dropped 0, overlimits 0 requeues 0) 
 backlog 6056b 4p requeues 0
prob 0.000000 delay_c 3338us delay_l 0us
pkts_in_c 6284 pkts_in_l 12 maxq 8
ecn_mark 0 step_marks 0
credit -120340 (L)
c_marks 0 l_marks 0
dq_count 6292 eq_count 6296
c_drops 0 l_drops 0

TICK_NS 2536002276556
TC_DUR_NS 1480576
NEXT 2536014329999
PLACEMENT i=467
qdisc dualpi2 2: parent 1:10 limit 250p target 15ms tupdate 16ms alpha 0.152344 beta 3.195312 l4s_ect coupling_factor 2 drop_on_overload step_thresh 1ms drop_dequeue split_gso classic_protection 10% 
 Sent 9523243 bytes 6308 pkt (dropped 0, overlimits 0 requeues 0) 
 backlog 6056b 4p requeues 0
prob 0.000000 delay_c 3145us delay_l 0us
pkts_in_c 6300 pkts_in_l 12 maxq 8
ecn_mark 0 step_marks 0
credit -120340 (L)
c_marks 0 l_marks 0
dq_count 6308 eq_count 6312
c_drops 0 l_drops 0

TICK_NS 2536018182101
TC_DUR_NS 1400125
NEXT 2536030329999
PLACEMENT i=468
qdisc dualpi2 2: parent 1:10 limit 250p target 15ms tupdate 16ms alpha 0.152344 beta 3.195312 l4s_ect coupling_factor 2 drop_on_overload step_thresh 1ms drop_dequeue split_gso classic_protection 10% 
 Sent 9545953 bytes 6323 pkt (dropped 0, overlimits 0 requeues 0) 
 backlog 6056b 4p requeues 0
prob 0.000000 delay_c 3911us delay_l 0us
pkts_in_c 6315 pkts_in_l 12 maxq 8
ecn_mark 0 step_marks 0
credit -120340 (L)
c_marks 0 l_marks 0
dq_count 6323 eq_count 6327
c_drops 0 l_drops 0

TICK_NS 2536034764976
TC_DUR_NS 1601012
NEXT 2536046329999
PLACEMENT i=469
qdisc dualpi2 2: parent 1:10 limit 250p target 15ms tupdate 16ms alpha 0.152344 beta 3.195312 l4s_ect coupling_factor 2 drop_on_overload step_thresh 1ms drop_dequeue split_gso classic_protection 10% 
 Sent 9571691 bytes 6340 pkt (dropped 0, overlimits 0 requeues 0) 
 backlog 7570b 5p requeues 0
prob 0.001174 delay_c 4172us delay_l 0us
pkts_in_c 6333 pkts_in_l 12 maxq 8
ecn_mark 0 step_marks 0
credit -120340 (L)
c_marks 0 l_marks 0
dq_count 6340 eq_count 6345
c_drops 0 l_drops 0

TICK_NS 2536050317198
TC_DUR_NS 1439610
NEXT 2536062329999
PLACEMENT i=470
qdisc dualpi2 2: parent 1:10 limit 250p target 15ms tupdate 16ms alpha 0.152344 beta 3.195312 l4s_ect coupling_factor 2 drop_on_overload step_thresh 1ms drop_dequeue split_gso classic_protection 10% 
 Sent 9594401 bytes 6355 pkt (dropped 0, overlimits 0 requeues 0) 
 backlog 6056b 4p requeues 0
prob 0.000000 delay_c 3697us delay_l 0us
pkts_in_c 6347 pkts_in_l 12 maxq 8
ecn_mark 0 step_marks 0
credit -120340 (L)
c_marks 0 l_marks 0
dq_count 6355 eq_count 6359
c_drops 0 l_drops 0

TICK_NS 2536066568561
TC_DUR_NS 1541791
NEXT 2536078329999
PLACEMENT i=471
qdisc dualpi2 2: parent 1:10 limit 250p target 15ms tupdate 16ms alpha 0.152344 beta 3.195312 l4s_ect coupling_factor 2 drop_on_overload step_thresh 1ms drop_dequeue split_gso classic_protection 10% 
 Sent 9618625 bytes 6371 pkt (dropped 0, overlimits 0 requeues 0) 
 backlog 7570b 5p requeues 0
prob 0.000000 delay_c 4854us delay_l 0us
pkts_in_c 6364 pkts_in_l 12 maxq 8
ecn_mark 0 step_marks 0
credit -120340 (L)
c_marks 0 l_marks 0
dq_count 6371 eq_count 6376
c_drops 0 l_drops 0

TICK_NS 2536082259774
TC_DUR_NS 1455579
NEXT 2536094329999
PLACEMENT i=472
qdisc dualpi2 2: parent 1:10 limit 250p target 15ms tupdate 16ms alpha 0.152344 beta 3.195312 l4s_ect coupling_factor 2 drop_on_overload step_thresh 1ms drop_dequeue split_gso classic_protection 10% 
 Sent 9642849 bytes 6387 pkt (dropped 0, overlimits 0 requeues 0) 
 backlog 7570b 5p requeues 0
prob 0.001252 delay_c 4360us delay_l 0us
pkts_in_c 6380 pkts_in_l 12 maxq 8
ecn_mark 0 step_marks 0
credit -120340 (L)
c_marks 0 l_marks 0
dq_count 6387 eq_count 6392
c_drops 0 l_drops 0

TICK_NS 2536098806902
TC_DUR_NS 1664301
NEXT 2536110329999
PLACEMENT i=473
qdisc dualpi2 2: parent 1:10 limit 250p target 15ms tupdate 16ms alpha 0.152344 beta 3.195312 l4s_ect coupling_factor 2 drop_on_overload step_thresh 1ms drop_dequeue split_gso classic_protection 10% 
 Sent 9667073 bytes 6403 pkt (dropped 0, overlimits 0 requeues 0) 
 backlog 7570b 5p requeues 0
prob 0.000000 delay_c 4659us delay_l 0us
pkts_in_c 6396 pkts_in_l 12 maxq 8
ecn_mark 0 step_marks 0
credit -120340 (L)
c_marks 0 l_marks 0
dq_count 6403 eq_count 6408
c_drops 0 l_drops 0

TICK_NS 2536114263255
TC_DUR_NS 1383645
NEXT 2536126329999
PLACEMENT i=474
qdisc dualpi2 2: parent 1:10 limit 250p target 15ms tupdate 16ms alpha 0.152344 beta 3.195312 l4s_ect coupling_factor 2 drop_on_overload step_thresh 1ms drop_dequeue split_gso classic_protection 10% 
 Sent 9691297 bytes 6419 pkt (dropped 0, overlimits 0 requeues 0) 
 backlog 6056b 4p requeues 0
prob 0.000000 delay_c 3071us delay_l 0us
pkts_in_c 6411 pkts_in_l 12 maxq 8
ecn_mark 0 step_marks 0
credit -120340 (L)
c_marks 0 l_marks 0
dq_count 6419 eq_count 6423
c_drops 0 l_drops 0

TICK_NS 2536130740061
TC_DUR_NS 1636699
NEXT 2536142329999
PLACEMENT i=475
qdisc dualpi2 2: parent 1:10 limit 250p target 15ms tupdate 16ms alpha 0.152344 beta 3.195312 l4s_ect coupling_factor 2 drop_on_overload step_thresh 1ms drop_dequeue split_gso classic_protection 10% 
 Sent 9715521 bytes 6435 pkt (dropped 0, overlimits 0 requeues 0) 
 backlog 6056b 4p requeues 0
prob 0.001050 delay_c 3355us delay_l 0us
pkts_in_c 6427 pkts_in_l 12 maxq 8
ecn_mark 0 step_marks 0
credit -120340 (L)
c_marks 0 l_marks 0
dq_count 6435 eq_count 6439
c_drops 0 l_drops 0

TICK_NS 2536146292584
TC_DUR_NS 1443827
NEXT 2536158329999
PLACEMENT i=476
qdisc dualpi2 2: parent 1:10 limit 250p target 15ms tupdate 16ms alpha 0.152344 beta 3.195312 l4s_ect coupling_factor 2 drop_on_overload step_thresh 1ms drop_dequeue split_gso classic_protection 10% 
 Sent 9738231 bytes 6450 pkt (dropped 0, overlimits 0 requeues 0) 
 backlog 7570b 5p requeues 0
prob 0.000000 delay_c 4773us delay_l 0us
pkts_in_c 6443 pkts_in_l 12 maxq 8
ecn_mark 0 step_marks 0
credit -120340 (L)
c_marks 0 l_marks 0
dq_count 6450 eq_count 6455
c_drops 0 l_drops 0

TICK_NS 2536162850942
TC_DUR_NS 1685411
NEXT 2536174329999
PLACEMENT i=477
qdisc dualpi2 2: parent 1:10 limit 250p target 15ms tupdate 16ms alpha 0.152344 beta 3.195312 l4s_ect coupling_factor 2 drop_on_overload step_thresh 1ms drop_dequeue split_gso classic_protection 10% 
 Sent 9763969 bytes 6467 pkt (dropped 0, overlimits 0 requeues 0) 
 backlog 7570b 5p requeues 0
prob 0.001168 delay_c 4161us delay_l 0us
pkts_in_c 6460 pkts_in_l 12 maxq 8
ecn_mark 0 step_marks 0
credit -120340 (L)
c_marks 0 l_marks 0
dq_count 6467 eq_count 6472
c_drops 0 l_drops 0

TICK_NS 2536178450043
TC_DUR_NS 1522906
NEXT 2536190329999
PLACEMENT i=478
qdisc dualpi2 2: parent 1:10 limit 250p target 15ms tupdate 16ms alpha 0.152344 beta 3.195312 l4s_ect coupling_factor 2 drop_on_overload step_thresh 1ms drop_dequeue split_gso classic_protection 10% 
 Sent 9786679 bytes 6482 pkt (dropped 0, overlimits 0 requeues 0) 
 backlog 6056b 4p requeues 0
prob 0.000000 delay_c 3509us delay_l 0us
pkts_in_c 6474 pkts_in_l 12 maxq 8
ecn_mark 0 step_marks 0
credit -120340 (L)
c_marks 0 l_marks 0
dq_count 6482 eq_count 6486
c_drops 0 l_drops 0

TICK_NS 2536194539933
TC_DUR_NS 1360772
NEXT 2536206329999
PLACEMENT i=479
qdisc dualpi2 2: parent 1:10 limit 250p target 15ms tupdate 16ms alpha 0.152344 beta 3.195312 l4s_ect coupling_factor 2 drop_on_overload step_thresh 1ms drop_dequeue split_gso classic_protection 10% 
 Sent 9810903 bytes 6498 pkt (dropped 0, overlimits 0 requeues 0) 
 backlog 3028b 2p requeues 0
prob 0.000000 delay_c 3699us delay_l 0us
pkts_in_c 6488 pkts_in_l 12 maxq 8
ecn_mark 0 step_marks 0
credit -120340 (L)
c_marks 0 l_marks 0
dq_count 6498 eq_count 6500
c_drops 0 l_drops 0

TICK_NS 2536210534425
TC_DUR_NS 1337548
NEXT 2536222329999
PLACEMENT i=480
qdisc dualpi2 2: parent 1:10 limit 250p target 15ms tupdate 16ms alpha 0.152344 beta 3.195312 l4s_ect coupling_factor 2 drop_on_overload step_thresh 1ms drop_dequeue split_gso classic_protection 10% 
 Sent 9835127 bytes 6514 pkt (dropped 0, overlimits 0 requeues 0) 
 backlog 7570b 5p requeues 0
prob 0.001263 delay_c 4510us delay_l 0us
pkts_in_c 6507 pkts_in_l 12 maxq 8
ecn_mark 0 step_marks 0
credit -120340 (L)
c_marks 0 l_marks 0
dq_count 6514 eq_count 6519
c_drops 0 l_drops 0

TICK_NS 2536226653520
TC_DUR_NS 1477811
NEXT 2536238329999
PLACEMENT i=481
qdisc dualpi2 2: parent 1:10 limit 250p target 15ms tupdate 16ms alpha 0.152344 beta 3.195312 l4s_ect coupling_factor 2 drop_on_overload step_thresh 1ms drop_dequeue split_gso classic_protection 10% 
 Sent 9859351 bytes 6530 pkt (dropped 0, overlimits 0 requeues 0) 
 backlog 7570b 5p requeues 0
prob 0.000000 delay_c 4425us delay_l 0us
pkts_in_c 6523 pkts_in_l 12 maxq 8
ecn_mark 0 step_marks 0
credit -120340 (L)
c_marks 0 l_marks 0
dq_count 6530 eq_count 6535
c_drops 0 l_drops 0

TICK_NS 2536242740836
TC_DUR_NS 1534217
NEXT 2536254329999
PLACEMENT i=482
qdisc dualpi2 2: parent 1:10 limit 250p target 15ms tupdate 16ms alpha 0.152344 beta 3.195312 l4s_ect coupling_factor 2 drop_on_overload step_thresh 1ms drop_dequeue split_gso classic_protection 10% 
 Sent 9883575 bytes 6546 pkt (dropped 0, overlimits 0 requeues 0) 
 backlog 6056b 4p requeues 0
prob 0.000000 delay_c 2382us delay_l 0us
pkts_in_c 6538 pkts_in_l 12 maxq 8
ecn_mark 0 step_marks 0
credit -120340 (L)
c_marks 0 l_marks 0
dq_count 6546 eq_count 6550
c_drops 0 l_drops 0

TICK_NS 2536258360244
TC_DUR_NS 1275232
NEXT 2536270329999
PLACEMENT i=483
qdisc dualpi2 2: parent 1:10 limit 250p target 15ms tupdate 16ms alpha 0.152344 beta 3.195312 l4s_ect coupling_factor 2 drop_on_overload step_thresh 1ms drop_dequeue split_gso classic_protection 10% 
 Sent 9907799 bytes 6562 pkt (dropped 0, overlimits 0 requeues 0) 
 backlog 6056b 4p requeues 0
prob 0.000000 delay_c 3031us delay_l 0us
pkts_in_c 6554 pkts_in_l 12 maxq 8
ecn_mark 0 step_marks 0
credit -120340 (L)
c_marks 0 l_marks 0
dq_count 6562 eq_count 6566
c_drops 0 l_drops 0

TICK_NS 2536274117861
TC_DUR_NS 1407338
NEXT 2536286329999
PLACEMENT i=484
qdisc dualpi2 2: parent 1:10 limit 250p target 15ms tupdate 16ms alpha 0.152344 beta 3.195312 l4s_ect coupling_factor 2 drop_on_overload step_thresh 1ms drop_dequeue split_gso classic_protection 10% 
 Sent 9930509 bytes 6577 pkt (dropped 0, overlimits 0 requeues 0) 
 backlog 7570b 5p requeues 0
prob 0.000000 delay_c 4428us delay_l 0us
pkts_in_c 6570 pkts_in_l 12 maxq 8
ecn_mark 0 step_marks 0
credit -120340 (L)
c_marks 0 l_marks 0
dq_count 6577 eq_count 6582
c_drops 0 l_drops 0

TICK_NS 2536290433195
TC_DUR_NS 1473233
NEXT 2536302329999
PLACEMENT i=485
qdisc dualpi2 2: parent 1:10 limit 250p target 15ms tupdate 16ms alpha 0.152344 beta 3.195312 l4s_ect coupling_factor 2 drop_on_overload step_thresh 1ms drop_dequeue split_gso classic_protection 10% 
 Sent 9954733 bytes 6593 pkt (dropped 0, overlimits 0 requeues 0) 
 backlog 6056b 4p requeues 0
prob 0.000000 delay_c 3538us delay_l 0us
pkts_in_c 6585 pkts_in_l 12 maxq 8
ecn_mark 0 step_marks 0
credit -120340 (L)
c_marks 0 l_marks 0
dq_count 6593 eq_count 6597
c_drops 0 l_drops 0

TICK_NS 2536306483120
TC_DUR_NS 1459698
NEXT 2536318329999
PLACEMENT i=486
qdisc dualpi2 2: parent 1:10 limit 250p target 15ms tupdate 16ms alpha 0.152344 beta 3.195312 l4s_ect coupling_factor 2 drop_on_overload step_thresh 1ms drop_dequeue split_gso classic_protection 10% 
 Sent 9978957 bytes 6609 pkt (dropped 0, overlimits 0 requeues 0) 
 backlog 6056b 4p requeues 0
prob 0.001098 delay_c 3465us delay_l 0us
pkts_in_c 6601 pkts_in_l 12 maxq 8
ecn_mark 0 step_marks 0
credit -120340 (L)
c_marks 0 l_marks 0
dq_count 6609 eq_count 6613
c_drops 0 l_drops 0

TICK_NS 2536322596555
TC_DUR_NS 1651276
NEXT 2536334329999
PLACEMENT i=487
qdisc dualpi2 2: parent 1:10 limit 250p target 15ms tupdate 16ms alpha 0.152344 beta 3.195312 l4s_ect coupling_factor 2 drop_on_overload step_thresh 1ms drop_dequeue split_gso classic_protection 10% 
 Sent 10003181 bytes 6625 pkt (dropped 0, overlimits 0 requeues 0) 
 backlog 6056b 4p requeues 0
prob 0.000000 delay_c 3445us delay_l 0us
pkts_in_c 6617 pkts_in_l 12 maxq 8
ecn_mark 0 step_marks 0
credit -120340 (L)
c_marks 0 l_marks 0
dq_count 6625 eq_count 6629
c_drops 0 l_drops 0

TICK_NS 2536338601646
TC_DUR_NS 1358317
NEXT 2536350329999
PLACEMENT i=488
qdisc dualpi2 2: parent 1:10 limit 250p target 15ms tupdate 16ms alpha 0.152344 beta 3.195312 l4s_ect coupling_factor 2 drop_on_overload step_thresh 1ms drop_dequeue split_gso classic_protection 10% 
 Sent 10027405 bytes 6641 pkt (dropped 0, overlimits 0 requeues 0) 
 backlog 7570b 5p requeues 0
prob 0.000000 delay_c 4390us delay_l 0us
pkts_in_c 6634 pkts_in_l 12 maxq 8
ecn_mark 0 step_marks 0
credit -120340 (L)
c_marks 0 l_marks 0
dq_count 6641 eq_count 6646
c_drops 0 l_drops 0

TICK_NS 2536354300974
TC_DUR_NS 1291161
NEXT 2536366329999
PLACEMENT i=489
qdisc dualpi2 2: parent 1:10 limit 250p target 15ms tupdate 16ms alpha 0.152344 beta 3.195312 l4s_ect coupling_factor 2 drop_on_overload step_thresh 1ms drop_dequeue split_gso classic_protection 10% 
 Sent 10050115 bytes 6656 pkt (dropped 0, overlimits 0 requeues 0) 
 backlog 6056b 4p requeues 0
prob 0.001236 delay_c 3932us delay_l 0us
pkts_in_c 6648 pkts_in_l 12 maxq 8
ecn_mark 0 step_marks 0
credit -120340 (L)
c_marks 0 l_marks 0
dq_count 6656 eq_count 6660
c_drops 0 l_drops 0

TICK_NS 2536370509297
TC_DUR_NS 1395206
NEXT 2536382329999
PLACEMENT i=490
qdisc dualpi2 2: parent 1:10 limit 250p target 15ms tupdate 16ms alpha 0.152344 beta 3.195312 l4s_ect coupling_factor 2 drop_on_overload step_thresh 1ms drop_dequeue split_gso classic_protection 10% 
 Sent 10074339 bytes 6672 pkt (dropped 0, overlimits 0 requeues 0) 
 backlog 6056b 4p requeues 0
prob 0.000000 delay_c 3985us delay_l 0us
pkts_in_c 6664 pkts_in_l 12 maxq 8
ecn_mark 0 step_marks 0
credit -120340 (L)
c_marks 0 l_marks 0
dq_count 6672 eq_count 6676
c_drops 0 l_drops 0

TICK_NS 2536386549835
TC_DUR_NS 1623805
NEXT 2536398329999
PLACEMENT i=491
qdisc dualpi2 2: parent 1:10 limit 250p target 15ms tupdate 16ms alpha 0.152344 beta 3.195312 l4s_ect coupling_factor 2 drop_on_overload step_thresh 1ms drop_dequeue split_gso classic_protection 10% 
 Sent 10098563 bytes 6688 pkt (dropped 0, overlimits 0 requeues 0) 
 backlog 7570b 5p requeues 0
prob 0.000000 delay_c 4731us delay_l 0us
pkts_in_c 6681 pkts_in_l 12 maxq 8
ecn_mark 0 step_marks 0
credit -120340 (L)
c_marks 0 l_marks 0
dq_count 6688 eq_count 6693
c_drops 0 l_drops 0

TICK_NS 2536402626120
TC_DUR_NS 1471920
NEXT 2536414329999
PLACEMENT i=492
qdisc dualpi2 2: parent 1:10 limit 250p target 15ms tupdate 16ms alpha 0.152344 beta 3.195312 l4s_ect coupling_factor 2 drop_on_overload step_thresh 1ms drop_dequeue split_gso classic_protection 10% 
 Sent 10122787 bytes 6704 pkt (dropped 0, overlimits 0 requeues 0) 
 backlog 7570b 5p requeues 0
prob 0.001026 delay_c 4671us delay_l 0us
pkts_in_c 6697 pkts_in_l 12 maxq 8
ecn_mark 0 step_marks 0
credit -120340 (L)
c_marks 0 l_marks 0
dq_count 6704 eq_count 6709
c_drops 0 l_drops 0

TICK_NS 2536418510124
TC_DUR_NS 1625378
NEXT 2536430329999
PLACEMENT i=493
qdisc dualpi2 2: parent 1:10 limit 250p target 15ms tupdate 16ms alpha 0.152344 beta 3.195312 l4s_ect coupling_factor 2 drop_on_overload step_thresh 1ms drop_dequeue split_gso classic_protection 10% 
 Sent 10147011 bytes 6720 pkt (dropped 0, overlimits 0 requeues 0) 
 backlog 7570b 5p requeues 0
prob 0.000000 delay_c 4344us delay_l 0us
pkts_in_c 6713 pkts_in_l 12 maxq 8
ecn_mark 0 step_marks 0
credit -120340 (L)
c_marks 0 l_marks 0
dq_count 6720 eq_count 6725
c_drops 0 l_drops 0

TICK_NS 2536434610905
TC_DUR_NS 1607164
NEXT 2536446329999
PLACEMENT i=494
qdisc dualpi2 2: parent 1:10 limit 250p target 15ms tupdate 16ms alpha 0.152344 beta 3.195312 l4s_ect coupling_factor 2 drop_on_overload step_thresh 1ms drop_dequeue split_gso classic_protection 10% 
 Sent 10171235 bytes 6736 pkt (dropped 0, overlimits 0 requeues 0) 
 backlog 6056b 4p requeues 0
prob 0.001128 delay_c 3400us delay_l 0us
pkts_in_c 6728 pkts_in_l 12 maxq 8
ecn_mark 0 step_marks 0
credit -120340 (L)
c_marks 0 l_marks 0
dq_count 6736 eq_count 6740
c_drops 0 l_drops 0

TICK_NS 2536450201129
TC_DUR_NS 1414543
NEXT 2536462329999
PLACEMENT i=495
qdisc dualpi2 2: parent 1:10 limit 250p target 15ms tupdate 16ms alpha 0.152344 beta 3.195312 l4s_ect coupling_factor 2 drop_on_overload step_thresh 1ms drop_dequeue split_gso classic_protection 10% 
 Sent 10193945 bytes 6751 pkt (dropped 0, overlimits 0 requeues 0) 
 backlog 7570b 5p requeues 0
prob 0.000000 delay_c 4936us delay_l 0us
pkts_in_c 6744 pkts_in_l 12 maxq 8
ecn_mark 0 step_marks 0
credit -120340 (L)
c_marks 0 l_marks 0
dq_count 6751 eq_count 6756
c_drops 0 l_drops 0

TICK_NS 2536466757895
TC_DUR_NS 1609739
NEXT 2536478329999
PLACEMENT i=496
qdisc dualpi2 2: parent 1:10 limit 250p target 15ms tupdate 16ms alpha 0.152344 beta 3.195312 l4s_ect coupling_factor 2 drop_on_overload step_thresh 1ms drop_dequeue split_gso classic_protection 10% 
 Sent 10219683 bytes 6768 pkt (dropped 0, overlimits 0 requeues 0) 
 backlog 3028b 2p requeues 0
prob 0.000000 delay_c 3195us delay_l 0us
pkts_in_c 6758 pkts_in_l 12 maxq 8
ecn_mark 0 step_marks 0
credit -120340 (L)
c_marks 0 l_marks 0
dq_count 6768 eq_count 6770
c_drops 0 l_drops 0

TICK_NS 2536482173200
TC_DUR_NS 1481328
NEXT 2536494329999
PLACEMENT i=497
qdisc dualpi2 2: parent 1:10 limit 250p target 15ms tupdate 16ms alpha 0.152344 beta 3.195312 l4s_ect coupling_factor 2 drop_on_overload step_thresh 1ms drop_dequeue split_gso classic_protection 10% 
 Sent 10242393 bytes 6783 pkt (dropped 0, overlimits 0 requeues 0) 
 backlog 6056b 4p requeues 0
prob 0.001177 delay_c 3609us delay_l 0us
pkts_in_c 6775 pkts_in_l 12 maxq 8
ecn_mark 0 step_marks 0
credit -120340 (L)
c_marks 0 l_marks 0
dq_count 6783 eq_count 6787
c_drops 0 l_drops 0

TICK_NS 2536498868376
TC_DUR_NS 1713163
NEXT 2536510329999
PLACEMENT i=498
qdisc dualpi2 2: parent 1:10 limit 250p target 15ms tupdate 16ms alpha 0.152344 beta 3.195312 l4s_ect coupling_factor 2 drop_on_overload step_thresh 1ms drop_dequeue split_gso classic_protection 10% 
 Sent 10266617 bytes 6799 pkt (dropped 0, overlimits 0 requeues 0) 
 backlog 6056b 4p requeues 0
prob 0.000000 delay_c 3913us delay_l 0us
pkts_in_c 6791 pkts_in_l 12 maxq 8
ecn_mark 0 step_marks 0
credit -120340 (L)
c_marks 0 l_marks 0
dq_count 6799 eq_count 6803
c_drops 0 l_drops 0

TICK_NS 2536514168866
TC_DUR_NS 1383735
NEXT 2536526329999
PLACEMENT i=499
qdisc dualpi2 2: parent 1:10 limit 250p target 15ms tupdate 16ms alpha 0.152344 beta 3.195312 l4s_ect coupling_factor 2 drop_on_overload step_thresh 1ms drop_dequeue split_gso classic_protection 10% 
 Sent 10290841 bytes 6815 pkt (dropped 0, overlimits 0 requeues 0) 
 backlog 7570b 5p requeues 0
prob 0.000000 delay_c 1345us delay_l 0us
pkts_in_c 6808 pkts_in_l 12 maxq 8
ecn_mark 0 step_marks 0
credit -120340 (L)
c_marks 0 l_marks 0
dq_count 6815 eq_count 6820
c_drops 0 l_drops 0

TICK_NS 2536530714591
TC_DUR_NS 1541511
NEXT 2536542329999
PLACEMENT i=500
qdisc dualpi2 2: parent 1:10 limit 250p target 15ms tupdate 16ms alpha 0.152344 beta 3.195312 l4s_ect coupling_factor 2 drop_on_overload step_thresh 1ms drop_dequeue split_gso classic_protection 10% 
 Sent 10315065 bytes 6831 pkt (dropped 0, overlimits 0 requeues 0) 
 backlog 7570b 5p requeues 0
prob 0.000000 delay_c 4579us delay_l 0us
pkts_in_c 6824 pkts_in_l 12 maxq 8
ecn_mark 0 step_marks 0
credit -120340 (L)
c_marks 0 l_marks 0
dq_count 6831 eq_count 6836
c_drops 0 l_drops 0

TICK_NS 2536546523925
TC_DUR_NS 1486878
NEXT 2536558329999
PLACEMENT i=501
qdisc dualpi2 2: parent 1:10 limit 250p target 15ms tupdate 16ms alpha 0.152344 beta 3.195312 l4s_ect coupling_factor 2 drop_on_overload step_thresh 1ms drop_dequeue split_gso classic_protection 10% 
 Sent 10339289 bytes 6847 pkt (dropped 0, overlimits 0 requeues 0) 
 backlog 7570b 5p requeues 0
prob 0.000000 delay_c 4318us delay_l 0us
pkts_in_c 6840 pkts_in_l 12 maxq 8
ecn_mark 0 step_marks 0
credit -120340 (L)
c_marks 0 l_marks 0
dq_count 6847 eq_count 6852
c_drops 0 l_drops 0

TICK_NS 2536562381070
TC_DUR_NS 1529909
NEXT 2536574329999
PLACEMENT i=502
qdisc dualpi2 2: parent 1:10 limit 250p target 15ms tupdate 16ms alpha 0.152344 beta 3.195312 l4s_ect coupling_factor 2 drop_on_overload step_thresh 1ms drop_dequeue split_gso classic_protection 10% 
 Sent 10363513 bytes 6863 pkt (dropped 0, overlimits 0 requeues 0) 
 backlog 6056b 4p requeues 0
prob 0.004511 delay_c 3058us delay_l 0us
pkts_in_c 6855 pkts_in_l 12 maxq 8
ecn_mark 0 step_marks 0
credit -120340 (L)
c_marks 0 l_marks 0
dq_count 6863 eq_count 6867
c_drops 0 l_drops 0

TICK_NS 2536578093051
TC_DUR_NS 1400446
NEXT 2536590329999
PLACEMENT i=503
qdisc dualpi2 2: parent 1:10 limit 250p target 15ms tupdate 16ms alpha 0.152344 beta 3.195312 l4s_ect coupling_factor 2 drop_on_overload step_thresh 1ms drop_dequeue split_gso classic_protection 10% 
 Sent 10386223 bytes 6878 pkt (dropped 0, overlimits 0 requeues 0) 
 backlog 4542b 3p requeues 0
prob 0.000000 delay_c 4685us delay_l 0us
pkts_in_c 6869 pkts_in_l 12 maxq 8
ecn_mark 0 step_marks 0
credit -120340 (L)
c_marks 0 l_marks 0
dq_count 6878 eq_count 6881
c_drops 0 l_drops 0

TICK_NS 2536594595425
TC_DUR_NS 1470397
NEXT 2536606329999
PLACEMENT i=504
qdisc dualpi2 2: parent 1:10 limit 250p target 15ms tupdate 16ms alpha 0.152344 beta 3.195312 l4s_ect coupling_factor 2 drop_on_overload step_thresh 1ms drop_dequeue split_gso classic_protection 10% 
 Sent 10410447 bytes 6894 pkt (dropped 0, overlimits 0 requeues 0) 
 backlog 7570b 5p requeues 0
prob 0.000000 delay_c 5021us delay_l 0us
pkts_in_c 6887 pkts_in_l 12 maxq 8
ecn_mark 0 step_marks 0
credit -120340 (L)
c_marks 0 l_marks 0
dq_count 6894 eq_count 6899
c_drops 0 l_drops 0

TICK_NS 2536610312687
TC_DUR_NS 1444078
NEXT 2536622329999
PLACEMENT i=505
qdisc dualpi2 2: parent 1:10 limit 250p target 15ms tupdate 16ms alpha 0.152344 beta 3.195312 l4s_ect coupling_factor 2 drop_on_overload step_thresh 1ms drop_dequeue split_gso classic_protection 10% 
 Sent 10434671 bytes 6910 pkt (dropped 0, overlimits 0 requeues 0) 
 backlog 6056b 4p requeues 0
prob 0.000000 delay_c 3580us delay_l 0us
pkts_in_c 6902 pkts_in_l 12 maxq 8
ecn_mark 0 step_marks 0
credit -120340 (L)
c_marks 0 l_marks 0
dq_count 6910 eq_count 6914
c_drops 0 l_drops 0

TICK_NS 2536626287893
TC_DUR_NS 1420504
NEXT 2536638329999
PLACEMENT i=506
qdisc dualpi2 2: parent 1:10 limit 250p target 15ms tupdate 16ms alpha 0.152344 beta 3.195312 l4s_ect coupling_factor 2 drop_on_overload step_thresh 1ms drop_dequeue split_gso classic_protection 10% 
 Sent 10458895 bytes 6926 pkt (dropped 0, overlimits 0 requeues 0) 
 backlog 6056b 4p requeues 0
prob 0.001188 delay_c 3369us delay_l 0us
pkts_in_c 6918 pkts_in_l 12 maxq 8
ecn_mark 0 step_marks 0
credit -120340 (L)
c_marks 0 l_marks 0
dq_count 6926 eq_count 6930
c_drops 0 l_drops 0

TICK_NS 2536642357004
TC_DUR_NS 1313022
NEXT 2536654329999
PLACEMENT i=507
qdisc dualpi2 2: parent 1:10 limit 250p target 15ms tupdate 16ms alpha 0.152344 beta 3.195312 l4s_ect coupling_factor 2 drop_on_overload step_thresh 1ms drop_dequeue split_gso classic_protection 10% 
 Sent 10483119 bytes 6942 pkt (dropped 0, overlimits 0 requeues 0) 
 backlog 6056b 4p requeues 0
prob 0.000000 delay_c 3473us delay_l 0us
pkts_in_c 6934 pkts_in_l 12 maxq 8
ecn_mark 0 step_marks 0
credit -120340 (L)
c_marks 0 l_marks 0
dq_count 6942 eq_count 6946
c_drops 0 l_drops 0

TICK_NS 2536658916275
TC_DUR_NS 1761964
NEXT 2536670329999
PLACEMENT i=508
qdisc dualpi2 2: parent 1:10 limit 250p target 15ms tupdate 16ms alpha 0.152344 beta 3.195312 l4s_ect coupling_factor 2 drop_on_overload step_thresh 1ms drop_dequeue split_gso classic_protection 10% 
 Sent 10507343 bytes 6958 pkt (dropped 0, overlimits 0 requeues 0) 
 backlog 7570b 5p requeues 0
prob 0.000000 delay_c 4612us delay_l 0us
pkts_in_c 6951 pkts_in_l 12 maxq 8
ecn_mark 0 step_marks 0
credit -120340 (L)
c_marks 0 l_marks 0
dq_count 6958 eq_count 6963
c_drops 0 l_drops 0

TICK_NS 2536674763119
TC_DUR_NS 1642931
NEXT 2536686329999
PLACEMENT i=509
qdisc dualpi2 2: parent 1:10 limit 250p target 15ms tupdate 16ms alpha 0.152344 beta 3.195312 l4s_ect coupling_factor 2 drop_on_overload step_thresh 1ms drop_dequeue split_gso classic_protection 10% 
 Sent 10531567 bytes 6974 pkt (dropped 0, overlimits 0 requeues 0) 
 backlog 7570b 5p requeues 0
prob 0.007745 delay_c 4391us delay_l 0us
pkts_in_c 6967 pkts_in_l 12 maxq 8
ecn_mark 0 step_marks 0
credit -120340 (L)
c_marks 0 l_marks 0
dq_count 6974 eq_count 6979
c_drops 0 l_drops 0

TICK_NS 2536690754696
TC_DUR_NS 1451963
NEXT 2536702329999
PLACEMENT i=510
qdisc dualpi2 2: parent 1:10 limit 250p target 15ms tupdate 16ms alpha 0.152344 beta 3.195312 l4s_ect coupling_factor 2 drop_on_overload step_thresh 1ms drop_dequeue split_gso classic_protection 10% 
 Sent 10555791 bytes 6990 pkt (dropped 0, overlimits 0 requeues 0) 
 backlog 7570b 5p requeues 0
prob 0.005766 delay_c 4120us delay_l 0us
pkts_in_c 6983 pkts_in_l 12 maxq 8
ecn_mark 0 step_marks 0
credit -120340 (L)
c_marks 0 l_marks 0
dq_count 6990 eq_count 6995
c_drops 0 l_drops 0

TICK_NS 2536706483699
TC_DUR_NS 1416977
NEXT 2536718329999
PLACEMENT i=511
qdisc dualpi2 2: parent 1:10 limit 250p target 15ms tupdate 16ms alpha 0.152344 beta 3.195312 l4s_ect coupling_factor 2 drop_on_overload step_thresh 1ms drop_dequeue split_gso classic_protection 10% 
 Sent 10578501 bytes 7005 pkt (dropped 0, overlimits 0 requeues 0) 
 backlog 7570b 5p requeues 0
prob 0.000423 delay_c 4891us delay_l 0us
pkts_in_c 6998 pkts_in_l 12 maxq 8
ecn_mark 0 step_marks 0
credit -120340 (L)
c_marks 0 l_marks 0
dq_count 7005 eq_count 7010
c_drops 0 l_drops 0

TICK_NS 2536722601743
TC_DUR_NS 1470197
NEXT 2536734329999
PLACEMENT i=512
qdisc dualpi2 2: parent 1:10 limit 250p target 15ms tupdate 16ms alpha 0.152344 beta 3.195312 l4s_ect coupling_factor 2 drop_on_overload step_thresh 1ms drop_dequeue split_gso classic_protection 10% 
 Sent 10602725 bytes 7021 pkt (dropped 0, overlimits 0 requeues 0) 
 backlog 7570b 5p requeues 0
prob 0.000000 delay_c 4717us delay_l 0us
pkts_in_c 7014 pkts_in_l 12 maxq 8
ecn_mark 0 step_marks 0
credit -120340 (L)
c_marks 0 l_marks 0
dq_count 7021 eq_count 7026
c_drops 0 l_drops 0

TICK_NS 2536738522326
TC_DUR_NS 1513748
NEXT 2536750329999
PLACEMENT i=513
qdisc dualpi2 2: parent 1:10 limit 250p target 15ms tupdate 16ms alpha 0.152344 beta 3.195312 l4s_ect coupling_factor 2 drop_on_overload step_thresh 1ms drop_dequeue split_gso classic_protection 10% 
 Sent 10626949 bytes 7037 pkt (dropped 0, overlimits 0 requeues 0) 
 backlog 4542b 3p requeues 0
prob 0.000000 delay_c 4555us delay_l 0us
pkts_in_c 7028 pkts_in_l 12 maxq 8
ecn_mark 0 step_marks 0
credit -120340 (L)
c_marks 0 l_marks 0
dq_count 7037 eq_count 7040
c_drops 0 l_drops 0

TICK_NS 2536754299430
TC_DUR_NS 1536571
NEXT 2536766329999
PLACEMENT i=514
qdisc dualpi2 2: parent 1:10 limit 250p target 15ms tupdate 16ms alpha 0.152344 beta 3.195312 l4s_ect coupling_factor 2 drop_on_overload step_thresh 1ms drop_dequeue split_gso classic_protection 10% 
 Sent 10651173 bytes 7053 pkt (dropped 0, overlimits 0 requeues 0) 
 backlog 6056b 4p requeues 0
prob 0.001146 delay_c 3049us delay_l 0us
pkts_in_c 7045 pkts_in_l 12 maxq 8
ecn_mark 0 step_marks 0
credit -120340 (L)
c_marks 0 l_marks 0
dq_count 7053 eq_count 7057
c_drops 0 l_drops 0

TICK_NS 2536770269275
TC_DUR_NS 1318913
NEXT 2536782329999
PLACEMENT i=515
qdisc dualpi2 2: parent 1:10 limit 250p target 15ms tupdate 16ms alpha 0.152344 beta 3.195312 l4s_ect coupling_factor 2 drop_on_overload step_thresh 1ms drop_dequeue split_gso classic_protection 10% 
 Sent 10673883 bytes 7068 pkt (dropped 0, overlimits 0 requeues 0) 
 backlog 7570b 5p requeues 0
prob 0.000000 delay_c 4996us delay_l 0us
pkts_in_c 7061 pkts_in_l 12 maxq 8
ecn_mark 0 step_marks 0
credit -120340 (L)
c_marks 0 l_marks 0
dq_count 7068 eq_count 7073
c_drops 0 l_drops 0

TICK_NS 2536786302259
TC_DUR_NS 1540278
NEXT 2536798329999
PLACEMENT i=516
qdisc dualpi2 2: parent 1:10 limit 250p target 15ms tupdate 16ms alpha 0.152344 beta 3.195312 l4s_ect coupling_factor 2 drop_on_overload step_thresh 1ms drop_dequeue split_gso classic_protection 10% 
 Sent 10698107 bytes 7084 pkt (dropped 0, overlimits 0 requeues 0) 
 backlog 6056b 4p requeues 0
prob 0.000000 delay_c 4772us delay_l 0us
pkts_in_c 7076 pkts_in_l 12 maxq 8
ecn_mark 0 step_marks 0
credit -120340 (L)
c_marks 0 l_marks 0
dq_count 7084 eq_count 7088
c_drops 0 l_drops 0

TICK_NS 2536802404412
TC_DUR_NS 1331487
NEXT 2536814329999
PLACEMENT i=517
qdisc dualpi2 2: parent 1:10 limit 250p target 15ms tupdate 16ms alpha 0.152344 beta 3.195312 l4s_ect coupling_factor 2 drop_on_overload step_thresh 1ms drop_dequeue split_gso classic_protection 10% 
 Sent 10722331 bytes 7100 pkt (dropped 0, overlimits 0 requeues 0) 
 backlog 6056b 4p requeues 0
prob 0.001221 delay_c 3845us delay_l 0us
pkts_in_c 7092 pkts_in_l 12 maxq 8
ecn_mark 0 step_marks 0
credit -120340 (L)
c_marks 0 l_marks 0
dq_count 7100 eq_count 7104
c_drops 0 l_drops 0

TICK_NS 2536818378886
TC_DUR_NS 1425843
NEXT 2536830329999
PLACEMENT i=518
qdisc dualpi2 2: parent 1:10 limit 250p target 15ms tupdate 16ms alpha 0.152344 beta 3.195312 l4s_ect coupling_factor 2 drop_on_overload step_thresh 1ms drop_dequeue split_gso classic_protection 10% 
 Sent 10746555 bytes 7116 pkt (dropped 0, overlimits 0 requeues 0) 
 backlog 6056b 4p requeues 0
prob 0.000000 delay_c 3645us delay_l 0us
pkts_in_c 7108 pkts_in_l 12 maxq 8
ecn_mark 0 step_marks 0
credit -120340 (L)
c_marks 0 l_marks 0
dq_count 7116 eq_count 7120
c_drops 0 l_drops 0

TICK_NS 2536834301814
TC_DUR_NS 1515191
NEXT 2536846329999
PLACEMENT i=519
qdisc dualpi2 2: parent 1:10 limit 250p target 15ms tupdate 16ms alpha 0.152344 beta 3.195312 l4s_ect coupling_factor 2 drop_on_overload step_thresh 1ms drop_dequeue split_gso classic_protection 10% 
 Sent 10770779 bytes 7132 pkt (dropped 0, overlimits 0 requeues 0) 
 backlog 7570b 5p requeues 0
prob 0.000000 delay_c 3391us delay_l 0us
pkts_in_c 7125 pkts_in_l 12 maxq 8
ecn_mark 0 step_marks 0
credit -120340 (L)
c_marks 0 l_marks 0
dq_count 7132 eq_count 7137
c_drops 0 l_drops 0

TICK_NS 2536850272871
TC_DUR_NS 1251106
NEXT 2536862329999
PLACEMENT i=520
qdisc dualpi2 2: parent 1:10 limit 250p target 15ms tupdate 16ms alpha 0.152344 beta 3.195312 l4s_ect coupling_factor 2 drop_on_overload step_thresh 1ms drop_dequeue split_gso classic_protection 10% 
 Sent 10795003 bytes 7148 pkt (dropped 0, overlimits 0 requeues 0) 
 backlog 7570b 5p requeues 0
prob 0.000000 delay_c 4347us delay_l 0us
pkts_in_c 7141 pkts_in_l 12 maxq 8
ecn_mark 0 step_marks 0
credit -120340 (L)
c_marks 0 l_marks 0
dq_count 7148 eq_count 7153
c_drops 0 l_drops 0

TICK_NS 2536866667804
TC_DUR_NS 1391659
NEXT 2536878329999
PLACEMENT i=521
qdisc dualpi2 2: parent 1:10 limit 250p target 15ms tupdate 16ms alpha 0.152344 beta 3.195312 l4s_ect coupling_factor 2 drop_on_overload step_thresh 1ms drop_dequeue split_gso classic_protection 10% 
 Sent 10819227 bytes 7164 pkt (dropped 0, overlimits 0 requeues 0) 
 backlog 7570b 5p requeues 0
prob 0.000000 delay_c 4554us delay_l 0us
pkts_in_c 7157 pkts_in_l 12 maxq 8
ecn_mark 0 step_marks 0
credit -120340 (L)
c_marks 0 l_marks 0
dq_count 7164 eq_count 7169
c_drops 0 l_drops 0

TICK_NS 2536882439127
TC_DUR_NS 1260914
NEXT 2536894329999
PLACEMENT i=522
qdisc dualpi2 2: parent 1:10 limit 250p target 15ms tupdate 16ms alpha 0.152344 beta 3.195312 l4s_ect coupling_factor 2 drop_on_overload step_thresh 1ms drop_dequeue split_gso classic_protection 10% 
 Sent 10843451 bytes 7180 pkt (dropped 0, overlimits 0 requeues 0) 
 backlog 6056b 4p requeues 0
prob 0.000000 delay_c 3196us delay_l 0us
pkts_in_c 7172 pkts_in_l 12 maxq 8
ecn_mark 0 step_marks 0
credit -120340 (L)
c_marks 0 l_marks 0
dq_count 7180 eq_count 7184
c_drops 0 l_drops 0

TICK_NS 2536898404143
TC_DUR_NS 1554685
NEXT 2536910329999
PLACEMENT i=523
qdisc dualpi2 2: parent 1:10 limit 250p target 15ms tupdate 16ms alpha 0.152344 beta 3.195312 l4s_ect coupling_factor 2 drop_on_overload step_thresh 1ms drop_dequeue split_gso classic_protection 10% 
 Sent 10866161 bytes 7195 pkt (dropped 0, overlimits 0 requeues 0) 
 backlog 7570b 5p requeues 0
prob 0.001147 delay_c 4885us delay_l 0us
pkts_in_c 7188 pkts_in_l 12 maxq 8
ecn_mark 0 step_marks 0
credit -120340 (L)
c_marks 0 l_marks 0
dq_count 7195 eq_count 7200
c_drops 0 l_drops 0

TICK_NS 2536914141513
TC_DUR_NS 1432446
NEXT 2536926329999
PLACEMENT i=524
qdisc dualpi2 2: parent 1:10 limit 250p target 15ms tupdate 16ms alpha 0.152344 beta 3.195312 l4s_ect coupling_factor 2 drop_on_overload step_thresh 1ms drop_dequeue split_gso classic_protection 10% 
 Sent 10890385 bytes 7211 pkt (dropped 0, overlimits 0 requeues 0) 
 backlog 7570b 5p requeues 0
prob 0.000000 delay_c 4545us delay_l 0us
pkts_in_c 7204 pkts_in_l 12 maxq 8
ecn_mark 0 step_marks 0
credit -120340 (L)
c_marks 0 l_marks 0
dq_count 7211 eq_count 7216
c_drops 0 l_drops 0

TICK_NS 2536930554549
TC_DUR_NS 1487259
NEXT 2536942329999
PLACEMENT i=525
qdisc dualpi2 2: parent 1:10 limit 250p target 15ms tupdate 16ms alpha 0.152344 beta 3.195312 l4s_ect coupling_factor 2 drop_on_overload step_thresh 1ms drop_dequeue split_gso classic_protection 10% 
 Sent 10914609 bytes 7227 pkt (dropped 0, overlimits 0 requeues 0) 
 backlog 6056b 4p requeues 0
prob 0.000000 delay_c 3783us delay_l 0us
pkts_in_c 7219 pkts_in_l 12 maxq 8
ecn_mark 0 step_marks 0
credit -120340 (L)
c_marks 0 l_marks 0
dq_count 7227 eq_count 7231
c_drops 0 l_drops 0

TICK_NS 2536946671090
TC_DUR_NS 1457102
NEXT 2536958329999
PLACEMENT i=526
qdisc dualpi2 2: parent 1:10 limit 250p target 15ms tupdate 16ms alpha 0.152344 beta 3.195312 l4s_ect coupling_factor 2 drop_on_overload step_thresh 1ms drop_dequeue split_gso classic_protection 10% 
 Sent 10938833 bytes 7243 pkt (dropped 0, overlimits 0 requeues 0) 
 backlog 6056b 4p requeues 0
prob 0.007670 delay_c 3715us delay_l 0us
pkts_in_c 7235 pkts_in_l 12 maxq 8
ecn_mark 0 step_marks 0
credit -120340 (L)
c_marks 0 l_marks 0
dq_count 7243 eq_count 7247
c_drops 0 l_drops 0

TICK_NS 2536962310485
TC_DUR_NS 1566978
NEXT 2536974329999
PLACEMENT i=527
qdisc dualpi2 2: parent 1:10 limit 250p target 15ms tupdate 16ms alpha 0.152344 beta 3.195312 l4s_ect coupling_factor 2 drop_on_overload step_thresh 1ms drop_dequeue split_gso classic_protection 10% 
 Sent 10963057 bytes 7259 pkt (dropped 0, overlimits 0 requeues 0) 
 backlog 6056b 4p requeues 0
prob 0.005683 delay_c 3209us delay_l 0us
pkts_in_c 7251 pkts_in_l 12 maxq 8
ecn_mark 0 step_marks 0
credit -120340 (L)
c_marks 0 l_marks 0
dq_count 7259 eq_count 7263
c_drops 0 l_drops 0

TICK_NS 2536978744120
TC_DUR_NS 1780959
NEXT 2536990329999
PLACEMENT i=528
qdisc dualpi2 2: parent 1:10 limit 250p target 15ms tupdate 16ms alpha 0.152344 beta 3.195312 l4s_ect coupling_factor 2 drop_on_overload step_thresh 1ms drop_dequeue split_gso classic_protection 10% 
 Sent 10987281 bytes 7275 pkt (dropped 0, overlimits 0 requeues 0) 
 backlog 7570b 5p requeues 0
prob 0.000272 delay_c 4488us delay_l 0us
pkts_in_c 7268 pkts_in_l 12 maxq 8
ecn_mark 0 step_marks 0
credit -120340 (L)
c_marks 0 l_marks 0
dq_count 7275 eq_count 7280
c_drops 0 l_drops 0

TICK_NS 2536994322021
TC_DUR_NS 1616501
NEXT 2537006329999
PLACEMENT i=529
qdisc dualpi2 2: parent 1:10 limit 250p target 15ms tupdate 16ms alpha 0.152344 beta 3.195312 l4s_ect coupling_factor 2 drop_on_overload step_thresh 1ms drop_dequeue split_gso classic_protection 10% 
 Sent 11009991 bytes 7290 pkt (dropped 0, overlimits 0 requeues 0) 
 backlog 6056b 4p requeues 0
prob 0.000000 delay_c 4003us delay_l 0us
pkts_in_c 7282 pkts_in_l 12 maxq 8
ecn_mark 0 step_marks 0
credit -120340 (L)
c_marks 0 l_marks 0
dq_count 7290 eq_count 7294
c_drops 0 l_drops 0

TICK_NS 2537010152485
TC_DUR_NS 1377804
NEXT 2537022329999
PLACEMENT i=530
qdisc dualpi2 2: parent 1:10 limit 250p target 15ms tupdate 16ms alpha 0.152344 beta 3.195312 l4s_ect coupling_factor 2 drop_on_overload step_thresh 1ms drop_dequeue split_gso classic_protection 10% 
 Sent 11034215 bytes 7306 pkt (dropped 0, overlimits 0 requeues 0) 
 backlog 6056b 4p requeues 0
prob 0.000000 delay_c 3711us delay_l 0us
pkts_in_c 7298 pkts_in_l 12 maxq 8
ecn_mark 0 step_marks 0
credit -120340 (L)
c_marks 0 l_marks 0
dq_count 7306 eq_count 7310
c_drops 0 l_drops 0

TICK_NS 2537026977925
TC_DUR_NS 1725826
NEXT 2537038329999
PLACEMENT i=531
qdisc dualpi2 2: parent 1:10 limit 250p target 15ms tupdate 16ms alpha 0.152344 beta 3.195312 l4s_ect coupling_factor 2 drop_on_overload step_thresh 1ms drop_dequeue split_gso classic_protection 10% 
 Sent 11059953 bytes 7323 pkt (dropped 0, overlimits 0 requeues 0) 
 backlog 6056b 4p requeues 0
prob 0.001143 delay_c 3097us delay_l 0us
pkts_in_c 7315 pkts_in_l 12 maxq 8
ecn_mark 0 step_marks 0
credit -120340 (L)
c_marks 0 l_marks 0
dq_count 7323 eq_count 7327
c_drops 0 l_drops 0

TICK_NS 2537042270260
TC_DUR_NS 1376612
NEXT 2537054329999
PLACEMENT i=532
qdisc dualpi2 2: parent 1:10 limit 250p target 15ms tupdate 16ms alpha 0.152344 beta 3.195312 l4s_ect coupling_factor 2 drop_on_overload step_thresh 1ms drop_dequeue split_gso classic_protection 10% 
 Sent 11082663 bytes 7338 pkt (dropped 0, overlimits 0 requeues 0) 
 backlog 7570b 5p requeues 0
prob 0.000000 delay_c 4541us delay_l 0us
pkts_in_c 7331 pkts_in_l 12 maxq 8
ecn_mark 0 step_marks 0
credit -120340 (L)
c_marks 0 l_marks 0
dq_count 7338 eq_count 7343
c_drops 0 l_drops 0

TICK_NS 2537058618214
TC_DUR_NS 1496927
NEXT 2537070329999
PLACEMENT i=533
qdisc dualpi2 2: parent 1:10 limit 250p target 15ms tupdate 16ms alpha 0.152344 beta 3.195312 l4s_ect coupling_factor 2 drop_on_overload step_thresh 1ms drop_dequeue split_gso classic_protection 10% 
 Sent 11106887 bytes 7354 pkt (dropped 0, overlimits 0 requeues 0) 
 backlog 6056b 4p requeues 0
prob 0.000000 delay_c 4651us delay_l 0us
pkts_in_c 7346 pkts_in_l 12 maxq 8
ecn_mark 0 step_marks 0
credit -120340 (L)
c_marks 0 l_marks 0
dq_count 7354 eq_count 7358
c_drops 0 l_drops 0

TICK_NS 2537074944678
TC_DUR_NS 1784126
NEXT 2537086329999
PLACEMENT i=534
qdisc dualpi2 2: parent 1:10 limit 250p target 15ms tupdate 16ms alpha 0.152344 beta 3.195312 l4s_ect coupling_factor 2 drop_on_overload step_thresh 1ms drop_dequeue split_gso classic_protection 10% 
 Sent 11131111 bytes 7370 pkt (dropped 0, overlimits 0 requeues 0) 
 backlog 6056b 4p requeues 0
prob 0.001237 delay_c 3712us delay_l 0us
pkts_in_c 7362 pkts_in_l 12 maxq 8
ecn_mark 0 step_marks 0
credit -120340 (L)
c_marks 0 l_marks 0
dq_count 7370 eq_count 7374
c_drops 0 l_drops 0

TICK_NS 2537090888645
TC_DUR_NS 1579992
NEXT 2537102329999
PLACEMENT i=535
qdisc dualpi2 2: parent 1:10 limit 250p target 15ms tupdate 16ms alpha 0.152344 beta 3.195312 l4s_ect coupling_factor 2 drop_on_overload step_thresh 1ms drop_dequeue split_gso classic_protection 10% 
 Sent 11155335 bytes 7386 pkt (dropped 0, overlimits 0 requeues 0) 
 backlog 6056b 4p requeues 0
prob 0.000000 delay_c 3565us delay_l 0us
pkts_in_c 7378 pkts_in_l 12 maxq 8
ecn_mark 0 step_marks 0
credit -120340 (L)
c_marks 0 l_marks 0
dq_count 7386 eq_count 7390
c_drops 0 l_drops 0

TICK_NS 2537106488216
TC_DUR_NS 1434590
NEXT 2537118329999
PLACEMENT i=536
qdisc dualpi2 2: parent 1:10 limit 250p target 15ms tupdate 16ms alpha 0.152344 beta 3.195312 l4s_ect coupling_factor 2 drop_on_overload step_thresh 1ms drop_dequeue split_gso classic_protection 10% 
 Sent 11179559 bytes 7402 pkt (dropped 0, overlimits 0 requeues 0) 
 backlog 7570b 5p requeues 0
prob 0.000000 delay_c 3091us delay_l 0us
pkts_in_c 7395 pkts_in_l 12 maxq 8
ecn_mark 0 step_marks 0
credit -120340 (L)
c_marks 0 l_marks 0
dq_count 7402 eq_count 7407
c_drops 0 l_drops 0

TICK_NS 2537122527101
TC_DUR_NS 1448516
NEXT 2537134329999
PLACEMENT i=537
qdisc dualpi2 2: parent 1:10 limit 250p target 15ms tupdate 16ms alpha 0.152344 beta 3.195312 l4s_ect coupling_factor 2 drop_on_overload step_thresh 1ms drop_dequeue split_gso classic_protection 10% 
 Sent 11202269 bytes 7417 pkt (dropped 0, overlimits 0 requeues 0) 
 backlog 6056b 4p requeues 0
prob 0.000000 delay_c 4009us delay_l 0us
pkts_in_c 7409 pkts_in_l 12 maxq 8
ecn_mark 0 step_marks 0
credit -120340 (L)
c_marks 0 l_marks 0
dq_count 7417 eq_count 7421
c_drops 0 l_drops 0

TICK_NS 2537138422066
TC_DUR_NS 1535289
NEXT 2537150329999
PLACEMENT i=538
qdisc dualpi2 2: parent 1:10 limit 250p target 15ms tupdate 16ms alpha 0.152344 beta 3.195312 l4s_ect coupling_factor 2 drop_on_overload step_thresh 1ms drop_dequeue split_gso classic_protection 10% 
 Sent 11226493 bytes 7433 pkt (dropped 0, overlimits 0 requeues 0) 
 backlog 6056b 4p requeues 0
prob 0.000000 delay_c 3750us delay_l 0us
pkts_in_c 7425 pkts_in_l 12 maxq 8
ecn_mark 0 step_marks 0
credit -120340 (L)
c_marks 0 l_marks 0
dq_count 7433 eq_count 7437
c_drops 0 l_drops 0

TICK_NS 2537154392673
TC_DUR_NS 1301601
NEXT 2537166329999
PLACEMENT i=539
qdisc dualpi2 2: parent 1:10 limit 250p target 15ms tupdate 16ms alpha 0.152344 beta 3.195312 l4s_ect coupling_factor 2 drop_on_overload step_thresh 1ms drop_dequeue split_gso classic_protection 10% 
 Sent 11250717 bytes 7449 pkt (dropped 0, overlimits 0 requeues 0) 
 backlog 7570b 5p requeues 0
prob 0.000000 delay_c 4677us delay_l 0us
pkts_in_c 7442 pkts_in_l 12 maxq 8
ecn_mark 0 step_marks 0
credit -120340 (L)
c_marks 0 l_marks 0
dq_count 7449 eq_count 7454
c_drops 0 l_drops 0

TICK_NS 2537170657782
TC_DUR_NS 1480956
NEXT 2537182329999
PLACEMENT i=540
qdisc dualpi2 2: parent 1:10 limit 250p target 15ms tupdate 16ms alpha 0.152344 beta 3.195312 l4s_ect coupling_factor 2 drop_on_overload step_thresh 1ms drop_dequeue split_gso classic_protection 10% 
 Sent 11274941 bytes 7465 pkt (dropped 0, overlimits 0 requeues 0) 
 backlog 7570b 5p requeues 0
prob 0.001127 delay_c 4791us delay_l 0us
pkts_in_c 7458 pkts_in_l 12 maxq 8
ecn_mark 0 step_marks 0
credit -120340 (L)
c_marks 0 l_marks 0
dq_count 7465 eq_count 7470
c_drops 0 l_drops 0

TICK_NS 2537186626004
TC_DUR_NS 1531321
NEXT 2537198329999
PLACEMENT i=541
qdisc dualpi2 2: parent 1:10 limit 250p target 15ms tupdate 16ms alpha 0.152344 beta 3.195312 l4s_ect coupling_factor 2 drop_on_overload step_thresh 1ms drop_dequeue split_gso classic_protection 10% 
 Sent 11299165 bytes 7481 pkt (dropped 0, overlimits 0 requeues 0) 
 backlog 7570b 5p requeues 0
prob 0.000000 delay_c 4596us delay_l 0us
pkts_in_c 7474 pkts_in_l 12 maxq 8
ecn_mark 0 step_marks 0
credit -120340 (L)
c_marks 0 l_marks 0
dq_count 7481 eq_count 7486
c_drops 0 l_drops 0

TICK_NS 2537202858792
TC_DUR_NS 1699557
NEXT 2537214329999
PLACEMENT i=542
qdisc dualpi2 2: parent 1:10 limit 250p target 15ms tupdate 16ms alpha 0.152344 beta 3.195312 l4s_ect coupling_factor 2 drop_on_overload step_thresh 1ms drop_dequeue split_gso classic_protection 10% 
 Sent 11323389 bytes 7497 pkt (dropped 0, overlimits 0 requeues 0) 
 backlog 6056b 4p requeues 0
prob 0.000000 delay_c 3532us delay_l 0us
pkts_in_c 7489 pkts_in_l 12 maxq 8
ecn_mark 0 step_marks 0
credit -120340 (L)
c_marks 0 l_marks 0
dq_count 7497 eq_count 7501
c_drops 0 l_drops 0

TICK_NS 2537218552119
TC_DUR_NS 1529158
NEXT 2537230329999
PLACEMENT i=543
qdisc dualpi2 2: parent 1:10 limit 250p target 15ms tupdate 16ms alpha 0.152344 beta 3.195312 l4s_ect coupling_factor 2 drop_on_overload step_thresh 1ms drop_dequeue split_gso classic_protection 10% 
 Sent 11347613 bytes 7513 pkt (dropped 0, overlimits 0 requeues 0) 
 backlog 6056b 4p requeues 0
prob 0.007668 delay_c 3121us delay_l 0us
pkts_in_c 7505 pkts_in_l 12 maxq 8
ecn_mark 0 step_marks 0
credit -120340 (L)
c_marks 0 l_marks 0
dq_count 7513 eq_count 7517
c_drops 0 l_drops 0

TICK_NS 2537234303435
TC_DUR_NS 1446252
NEXT 2537246329999
PLACEMENT i=544
qdisc dualpi2 2: parent 1:10 limit 250p target 15ms tupdate 16ms alpha 0.152344 beta 3.195312 l4s_ect coupling_factor 2 drop_on_overload step_thresh 1ms drop_dequeue split_gso classic_protection 10% 
 Sent 11370323 bytes 7528 pkt (dropped 0, overlimits 0 requeues 0) 
 backlog 7570b 5p requeues 0
prob 0.005621 delay_c 4771us delay_l 0us
pkts_in_c 7521 pkts_in_l 12 maxq 8
ecn_mark 0 step_marks 0
credit -120340 (L)
c_marks 0 l_marks 0
dq_count 7528 eq_count 7533
c_drops 0 l_drops 0

TICK_NS 2537250626142
TC_DUR_NS 1482209
NEXT 2537262329999
PLACEMENT i=545
qdisc dualpi2 2: parent 1:10 limit 250p target 15ms tupdate 16ms alpha 0.152344 beta 3.195312 l4s_ect coupling_factor 2 drop_on_overload step_thresh 1ms drop_dequeue split_gso classic_protection 10% 
 Sent 11394547 bytes 7544 pkt (dropped 0, overlimits 0 requeues 0) 
 backlog 6056b 4p requeues 0
prob 0.000156 delay_c 3923us delay_l 0us
pkts_in_c 7536 pkts_in_l 12 maxq 8
ecn_mark 0 step_marks 0
credit -120340 (L)
c_marks 0 l_marks 0
dq_count 7544 eq_count 7548
c_drops 0 l_drops 0

TICK_NS 2537266502622
TC_DUR_NS 1383174
NEXT 2537278329999
PLACEMENT i=546
qdisc dualpi2 2: parent 1:10 limit 250p target 15ms tupdate 16ms alpha 0.152344 beta 3.195312 l4s_ect coupling_factor 2 drop_on_overload step_thresh 1ms drop_dequeue split_gso classic_protection 10% 
 Sent 11418771 bytes 7560 pkt (dropped 0, overlimits 0 requeues 0) 
 backlog 6056b 4p requeues 0
prob 0.000000 delay_c 3649us delay_l 0us
pkts_in_c 7552 pkts_in_l 12 maxq 8
ecn_mark 0 step_marks 0
credit -120340 (L)
c_marks 0 l_marks 0
dq_count 7560 eq_count 7564
c_drops 0 l_drops 0

TICK_NS 2537282658667
TC_DUR_NS 1517085
NEXT 2537294329999
PLACEMENT i=547
qdisc dualpi2 2: parent 1:10 limit 250p target 15ms tupdate 16ms alpha 0.152344 beta 3.195312 l4s_ect coupling_factor 2 drop_on_overload step_thresh 1ms drop_dequeue split_gso classic_protection 10% 
 Sent 11442995 bytes 7576 pkt (dropped 0, overlimits 0 requeues 0) 
 backlog 6056b 4p requeues 0
prob 0.004501 delay_c 3647us delay_l 0us
pkts_in_c 7568 pkts_in_l 12 maxq 8
ecn_mark 0 step_marks 0
credit -120340 (L)
c_marks 0 l_marks 0
dq_count 7576 eq_count 7580
c_drops 0 l_drops 0

TICK_NS 2537298701519
TC_DUR_NS 1550818
NEXT 2537310329999
PLACEMENT i=548
qdisc dualpi2 2: parent 1:10 limit 250p target 15ms tupdate 16ms alpha 0.152344 beta 3.195312 l4s_ect coupling_factor 2 drop_on_overload step_thresh 1ms drop_dequeue split_gso classic_protection 10% 
 Sent 11467219 bytes 7592 pkt (dropped 0, overlimits 0 requeues 0) 
 backlog 7570b 5p requeues 0
prob 0.000000 delay_c 4617us delay_l 0us
pkts_in_c 7585 pkts_in_l 12 maxq 8
ecn_mark 0 step_marks 0
credit -120340 (L)
c_marks 0 l_marks 0
dq_count 7592 eq_count 7597
c_drops 0 l_drops 0

TICK_NS 2537314511184
TC_DUR_NS 1337087
NEXT 2537326329999
PLACEMENT i=549
qdisc dualpi2 2: parent 1:10 limit 250p target 15ms tupdate 16ms alpha 0.152344 beta 3.195312 l4s_ect coupling_factor 2 drop_on_overload step_thresh 1ms drop_dequeue split_gso classic_protection 10% 
 Sent 11491443 bytes 7608 pkt (dropped 0, overlimits 0 requeues 0) 
 backlog 7570b 5p requeues 0
prob 0.000000 delay_c 4225us delay_l 0us
pkts_in_c 7601 pkts_in_l 12 maxq 8
ecn_mark 0 step_marks 0
credit -120340 (L)
c_marks 0 l_marks 0
dq_count 7608 eq_count 7613
c_drops 0 l_drops 0

TICK_NS 2537330127146
TC_DUR_NS 1432365
NEXT 2537342329999
PLACEMENT i=550
qdisc dualpi2 2: parent 1:10 limit 250p target 15ms tupdate 16ms alpha 0.152344 beta 3.195312 l4s_ect coupling_factor 2 drop_on_overload step_thresh 1ms drop_dequeue split_gso classic_protection 10% 
 Sent 11514153 bytes 7623 pkt (dropped 0, overlimits 0 requeues 0) 
 backlog 3028b 2p requeues 0
prob 0.000000 delay_c 3694us delay_l 0us
pkts_in_c 7613 pkts_in_l 12 maxq 8
ecn_mark 0 step_marks 0
credit -120340 (L)
c_marks 0 l_marks 0
dq_count 7623 eq_count 7625
c_drops 0 l_drops 0

TICK_NS 2537346387306
TC_DUR_NS 1295759
NEXT 2537358329999
PLACEMENT i=551
qdisc dualpi2 2: parent 1:10 limit 250p target 15ms tupdate 16ms alpha 0.152344 beta 3.195312 l4s_ect coupling_factor 2 drop_on_overload step_thresh 1ms drop_dequeue split_gso classic_protection 10% 
 Sent 11538377 bytes 7639 pkt (dropped 0, overlimits 0 requeues 0) 
 backlog 7570b 5p requeues 0
prob 0.001194 delay_c 4853us delay_l 0us
pkts_in_c 7632 pkts_in_l 12 maxq 8
ecn_mark 0 step_marks 0
credit -120340 (L)
c_marks 0 l_marks 0
dq_count 7639 eq_count 7644
c_drops 0 l_drops 0

TICK_NS 2537362419758
TC_DUR_NS 1410705
NEXT 2537374329999
PLACEMENT i=552
qdisc dualpi2 2: parent 1:10 limit 250p target 15ms tupdate 16ms alpha 0.152344 beta 3.195312 l4s_ect coupling_factor 2 drop_on_overload step_thresh 1ms drop_dequeue split_gso classic_protection 10% 
 Sent 11562601 bytes 7655 pkt (dropped 0, overlimits 0 requeues 0) 
 backlog 7570b 5p requeues 0
prob 0.000000 delay_c 4637us delay_l 0us
pkts_in_c 7648 pkts_in_l 12 maxq 8
ecn_mark 0 step_marks 0
credit -120340 (L)
c_marks 0 l_marks 0
dq_count 7655 eq_count 7660
c_drops 0 l_drops 0

TICK_NS 2537378362252
TC_DUR_NS 1260573
NEXT 2537390329999
PLACEMENT i=553
qdisc dualpi2 2: parent 1:10 limit 250p target 15ms tupdate 16ms alpha 0.152344 beta 3.195312 l4s_ect coupling_factor 2 drop_on_overload step_thresh 1ms drop_dequeue split_gso classic_protection 10% 
 Sent 11586825 bytes 7671 pkt (dropped 0, overlimits 0 requeues 0) 
 backlog 6056b 4p requeues 0
prob 0.000000 delay_c 2522us delay_l 0us
pkts_in_c 7663 pkts_in_l 12 maxq 8
ecn_mark 0 step_marks 0
credit -120340 (L)
c_marks 0 l_marks 0
dq_count 7671 eq_count 7675
c_drops 0 l_drops 0

TICK_NS 2537394698164
TC_DUR_NS 1379857
NEXT 2537406329999
PLACEMENT i=554
qdisc dualpi2 2: parent 1:10 limit 250p target 15ms tupdate 16ms alpha 0.152344 beta 3.195312 l4s_ect coupling_factor 2 drop_on_overload step_thresh 1ms drop_dequeue split_gso classic_protection 10% 
 Sent 11611049 bytes 7687 pkt (dropped 0, overlimits 0 requeues 0) 
 backlog 6056b 4p requeues 0
prob 0.000000 delay_c 3671us delay_l 0us
pkts_in_c 7679 pkts_in_l 12 maxq 8
ecn_mark 0 step_marks 0
credit -120340 (L)
c_marks 0 l_marks 0
dq_count 7687 eq_count 7691
c_drops 0 l_drops 0

TICK_NS 2537410387193
TC_DUR_NS 1250365
NEXT 2537422329999
PLACEMENT i=555
qdisc dualpi2 2: parent 1:10 limit 250p target 15ms tupdate 16ms alpha 0.152344 beta 3.195312 l4s_ect coupling_factor 2 drop_on_overload step_thresh 1ms drop_dequeue split_gso classic_protection 10% 
 Sent 11635273 bytes 7703 pkt (dropped 0, overlimits 0 requeues 0) 
 backlog 6056b 4p requeues 0
prob 0.004458 delay_c 3274us delay_l 0us
pkts_in_c 7695 pkts_in_l 12 maxq 8
ecn_mark 0 step_marks 0
credit -120340 (L)
c_marks 0 l_marks 0
dq_count 7703 eq_count 7707
c_drops 0 l_drops 0

TICK_NS 2537426582161
TC_DUR_NS 1529868
NEXT 2537438329999
PLACEMENT i=556
qdisc dualpi2 2: parent 1:10 limit 250p target 15ms tupdate 16ms alpha 0.152344 beta 3.195312 l4s_ect coupling_factor 2 drop_on_overload step_thresh 1ms drop_dequeue split_gso classic_protection 10% 
 Sent 11659497 bytes 7719 pkt (dropped 0, overlimits 0 requeues 0) 
 backlog 7570b 5p requeues 0
prob 0.002496 delay_c 4198us delay_l 0us
pkts_in_c 7712 pkts_in_l 12 maxq 8
ecn_mark 0 step_marks 0
credit -120340 (L)
c_marks 0 l_marks 0
dq_count 7719 eq_count 7724
c_drops 0 l_drops 0

TICK_NS 2537442120046
TC_DUR_NS 1533886
NEXT 2537454329999
PLACEMENT i=557
qdisc dualpi2 2: parent 1:10 limit 250p target 15ms tupdate 16ms alpha 0.152344 beta 3.195312 l4s_ect coupling_factor 2 drop_on_overload step_thresh 1ms drop_dequeue split_gso classic_protection 10% 
 Sent 11682207 bytes 7734 pkt (dropped 0, overlimits 0 requeues 0) 
 backlog 6056b 4p requeues 0
prob 0.000000 delay_c 3721us delay_l 0us
pkts_in_c 7726 pkts_in_l 12 maxq 8
ecn_mark 0 step_marks 0
credit -120340 (L)
c_marks 0 l_marks 0
dq_count 7734 eq_count 7738
c_drops 0 l_drops 0

TICK_NS 2537458293002
TC_DUR_NS 1442735
NEXT 2537470329999
PLACEMENT i=558
qdisc dualpi2 2: parent 1:10 limit 250p target 15ms tupdate 16ms alpha 0.152344 beta 3.195312 l4s_ect coupling_factor 2 drop_on_overload step_thresh 1ms drop_dequeue split_gso classic_protection 10% 
 Sent 11706431 bytes 7750 pkt (dropped 0, overlimits 0 requeues 0) 
 backlog 6056b 4p requeues 0
prob 0.000000 delay_c 3654us delay_l 0us
pkts_in_c 7742 pkts_in_l 12 maxq 8
ecn_mark 0 step_marks 0
credit -120340 (L)
c_marks 0 l_marks 0
dq_count 7750 eq_count 7754
c_drops 0 l_drops 0

TICK_NS 2537474426725
TC_DUR_NS 1484924
NEXT 2537486329999
PLACEMENT i=559
qdisc dualpi2 2: parent 1:10 limit 250p target 15ms tupdate 16ms alpha 0.152344 beta 3.195312 l4s_ect coupling_factor 2 drop_on_overload step_thresh 1ms drop_dequeue split_gso classic_protection 10% 
 Sent 11730655 bytes 7766 pkt (dropped 0, overlimits 0 requeues 0) 
 backlog 7570b 5p requeues 0
prob 0.000000 delay_c 4657us delay_l 0us
pkts_in_c 7759 pkts_in_l 12 maxq 8
ecn_mark 0 step_marks 0
credit -120340 (L)
c_marks 0 l_marks 0
dq_count 7766 eq_count 7771
c_drops 0 l_drops 0

TICK_NS 2537490524360
TC_DUR_NS 1629726
NEXT 2537502329999
PLACEMENT i=560
qdisc dualpi2 2: parent 1:10 limit 250p target 15ms tupdate 16ms alpha 0.152344 beta 3.195312 l4s_ect coupling_factor 2 drop_on_overload step_thresh 1ms drop_dequeue split_gso classic_protection 10% 
 Sent 11754879 bytes 7782 pkt (dropped 0, overlimits 0 requeues 0) 
 backlog 7570b 5p requeues 0
prob 0.007609 delay_c 4537us delay_l 0us
pkts_in_c 7775 pkts_in_l 12 maxq 8
ecn_mark 0 step_marks 0
credit -120340 (L)
c_marks 0 l_marks 0
dq_count 7782 eq_count 7787
c_drops 0 l_drops 0

TICK_NS 2537506664695
TC_DUR_NS 1436033
NEXT 2537518329999
PLACEMENT i=561
qdisc dualpi2 2: parent 1:10 limit 250p target 15ms tupdate 16ms alpha 0.152344 beta 3.195312 l4s_ect coupling_factor 2 drop_on_overload step_thresh 1ms drop_dequeue split_gso classic_protection 10% 
 Sent 11779103 bytes 7798 pkt (dropped 0, overlimits 0 requeues 0) 
 backlog 7570b 5p requeues 0
prob 0.005549 delay_c 4590us delay_l 0us
pkts_in_c 7791 pkts_in_l 12 maxq 8
ecn_mark 0 step_marks 0
credit -120340 (L)
c_marks 0 l_marks 0
dq_count 7798 eq_count 7803
c_drops 0 l_drops 0

TICK_NS 2537522363833
TC_DUR_NS 1586315
NEXT 2537534329999
PLACEMENT i=562
qdisc dualpi2 2: parent 1:10 limit 250p target 15ms tupdate 16ms alpha 0.152344 beta 3.195312 l4s_ect coupling_factor 2 drop_on_overload step_thresh 1ms drop_dequeue split_gso classic_protection 10% 
 Sent 11803327 bytes 7814 pkt (dropped 0, overlimits 0 requeues 0) 
 backlog 6056b 4p requeues 0
prob 0.003422 delay_c 3172us delay_l 0us
pkts_in_c 7806 pkts_in_l 12 maxq 8
ecn_mark 0 step_marks 0
credit -120340 (L)
c_marks 0 l_marks 0
dq_count 7814 eq_count 7818
c_drops 0 l_drops 0

TICK_NS 2537538070545
TC_DUR_NS 1336216
NEXT 2537550329999
PLACEMENT i=563
qdisc dualpi2 2: parent 1:10 limit 250p target 15ms tupdate 16ms alpha 0.152344 beta 3.195312 l4s_ect coupling_factor 2 drop_on_overload step_thresh 1ms drop_dequeue split_gso classic_protection 10% 
 Sent 11826037 bytes 7829 pkt (dropped 0, overlimits 0 requeues 0) 
 backlog 7570b 5p requeues 0
prob 0.004684 delay_c 4800us delay_l 0us
pkts_in_c 7822 pkts_in_l 12 maxq 8
ecn_mark 0 step_marks 0
credit -120340 (L)
c_marks 0 l_marks 0
dq_count 7829 eq_count 7834
c_drops 0 l_drops 0

TICK_NS 2537555025497
TC_DUR_NS 1670192
NEXT 2537566329999
PLACEMENT i=564
qdisc dualpi2 2: parent 1:10 limit 250p target 15ms tupdate 16ms alpha 0.152344 beta 3.195312 l4s_ect coupling_factor 2 drop_on_overload step_thresh 1ms drop_dequeue split_gso classic_protection 10% 
 Sent 11851775 bytes 7846 pkt (dropped 0, overlimits 0 requeues 0) 
 backlog 6056b 4p requeues 0
prob 0.002686 delay_c 3333us delay_l 0us
pkts_in_c 7838 pkts_in_l 12 maxq 8
ecn_mark 0 step_marks 0
credit -120340 (L)
c_marks 0 l_marks 0
dq_count 7846 eq_count 7850
c_drops 0 l_drops 0

TICK_NS 2537570242020
TC_DUR_NS 1331998
NEXT 2537582329999
PLACEMENT i=565
qdisc dualpi2 2: parent 1:10 limit 250p target 15ms tupdate 16ms alpha 0.152344 beta 3.195312 l4s_ect coupling_factor 2 drop_on_overload step_thresh 1ms drop_dequeue split_gso classic_protection 10% 
 Sent 11874485 bytes 7861 pkt (dropped 0, overlimits 0 requeues 0) 
 backlog 6056b 4p requeues 0
prob 0.000000 delay_c 3627us delay_l 0us
pkts_in_c 7853 pkts_in_l 12 maxq 8
ecn_mark 0 step_marks 0
credit -120340 (L)
c_marks 0 l_marks 0
dq_count 7861 eq_count 7865
c_drops 0 l_drops 0

TICK_NS 2537586603921
TC_DUR_NS 1464116
NEXT 2537598329999
PLACEMENT i=566
qdisc dualpi2 2: parent 1:10 limit 250p target 15ms tupdate 16ms alpha 0.152344 beta 3.195312 l4s_ect coupling_factor 2 drop_on_overload step_thresh 1ms drop_dequeue split_gso classic_protection 10% 
 Sent 11898709 bytes 7877 pkt (dropped 0, overlimits 0 requeues 0) 
 backlog 6056b 4p requeues 0
prob 0.000000 delay_c 3745us delay_l 0us
pkts_in_c 7869 pkts_in_l 12 maxq 8
ecn_mark 0 step_marks 0
credit -120340 (L)
c_marks 0 l_marks 0
dq_count 7877 eq_count 7881
c_drops 0 l_drops 0

TICK_NS 2537602642575
TC_DUR_NS 1465758
NEXT 2537614329999
PLACEMENT i=567
qdisc dualpi2 2: parent 1:10 limit 250p target 15ms tupdate 16ms alpha 0.152344 beta 3.195312 l4s_ect coupling_factor 2 drop_on_overload step_thresh 1ms drop_dequeue split_gso classic_protection 10% 
 Sent 11922933 bytes 7893 pkt (dropped 0, overlimits 0 requeues 0) 
 backlog 3028b 2p requeues 0
prob 0.000000 delay_c 3639us delay_l 0us
pkts_in_c 7883 pkts_in_l 12 maxq 8
ecn_mark 0 step_marks 0
credit -120340 (L)
c_marks 0 l_marks 0
dq_count 7893 eq_count 7895
c_drops 0 l_drops 0

TICK_NS 2537618430309
TC_DUR_NS 1562199
NEXT 2537630329999
PLACEMENT i=568
qdisc dualpi2 2: parent 1:10 limit 250p target 15ms tupdate 16ms alpha 0.152344 beta 3.195312 l4s_ect coupling_factor 2 drop_on_overload step_thresh 1ms drop_dequeue split_gso classic_protection 10% 
 Sent 11947157 bytes 7909 pkt (dropped 0, overlimits 0 requeues 0) 
 backlog 7570b 5p requeues 0
prob 0.001193 delay_c 4302us delay_l 0us
pkts_in_c 7902 pkts_in_l 12 maxq 8
ecn_mark 0 step_marks 0
credit -120340 (L)
c_marks 0 l_marks 0
dq_count 7909 eq_count 7914
c_drops 0 l_drops 0

TICK_NS 2537634162549
TC_DUR_NS 1264161
NEXT 2537646329999
PLACEMENT i=569
qdisc dualpi2 2: parent 1:10 limit 250p target 15ms tupdate 16ms alpha 0.152344 beta 3.195312 l4s_ect coupling_factor 2 drop_on_overload step_thresh 1ms drop_dequeue split_gso classic_protection 10% 
 Sent 11971381 bytes 7925 pkt (dropped 0, overlimits 0 requeues 0) 
 backlog 7570b 5p requeues 0
prob 0.000000 delay_c 4137us delay_l 0us
pkts_in_c 7918 pkts_in_l 12 maxq 8
ecn_mark 0 step_marks 0
credit -120340 (L)
c_marks 0 l_marks 0
dq_count 7925 eq_count 7930
c_drops 0 l_drops 0

TICK_NS 2537650782273
TC_DUR_NS 1571647
NEXT 2537662329999
PLACEMENT i=570
qdisc dualpi2 2: parent 1:10 limit 250p target 15ms tupdate 16ms alpha 0.152344 beta 3.195312 l4s_ect coupling_factor 2 drop_on_overload step_thresh 1ms drop_dequeue split_gso classic_protection 10% 
 Sent 11995605 bytes 7941 pkt (dropped 0, overlimits 0 requeues 0) 
 backlog 6056b 4p requeues 0
prob 0.000000 delay_c 2268us delay_l 0us
pkts_in_c 7933 pkts_in_l 12 maxq 8
ecn_mark 0 step_marks 0
credit -120340 (L)
c_marks 0 l_marks 0
dq_count 7941 eq_count 7945
c_drops 0 l_drops 0

TICK_NS 2537666456213
TC_DUR_NS 1399485
NEXT 2537678329999
PLACEMENT i=571
qdisc dualpi2 2: parent 1:10 limit 250p target 15ms tupdate 16ms alpha 0.152344 beta 3.195312 l4s_ect coupling_factor 2 drop_on_overload step_thresh 1ms drop_dequeue split_gso classic_protection 10% 
 Sent 12018315 bytes 7956 pkt (dropped 0, overlimits 0 requeues 0) 
 backlog 7570b 5p requeues 0
prob 0.001235 delay_c 4961us delay_l 0us
pkts_in_c 7949 pkts_in_l 12 maxq 8
ecn_mark 0 step_marks 0
credit -120340 (L)
c_marks 0 l_marks 0
dq_count 7956 eq_count 7961
c_drops 0 l_drops 0

TICK_NS 2537682382036
TC_DUR_NS 1387662
NEXT 2537694329999
PLACEMENT i=572
qdisc dualpi2 2: parent 1:10 limit 250p target 15ms tupdate 16ms alpha 0.152344 beta 3.195312 l4s_ect coupling_factor 2 drop_on_overload step_thresh 1ms drop_dequeue split_gso classic_protection 10% 
 Sent 12042539 bytes 7972 pkt (dropped 0, overlimits 0 requeues 0) 
 backlog 7570b 5p requeues 0
prob 0.000000 delay_c 4761us delay_l 0us
pkts_in_c 7965 pkts_in_l 12 maxq 8
ecn_mark 0 step_marks 0
credit -120340 (L)
c_marks 0 l_marks 0
dq_count 7972 eq_count 7977
c_drops 0 l_drops 0

TICK_NS 2537698421482
TC_DUR_NS 1316148
NEXT 2537710329999
PLACEMENT i=573
qdisc dualpi2 2: parent 1:10 limit 250p target 15ms tupdate 16ms alpha 0.152344 beta 3.195312 l4s_ect coupling_factor 2 drop_on_overload step_thresh 1ms drop_dequeue split_gso classic_protection 10% 
 Sent 12066763 bytes 7988 pkt (dropped 0, overlimits 0 requeues 0) 
 backlog 6056b 4p requeues 0
prob 0.000000 delay_c 3662us delay_l 0us
pkts_in_c 7980 pkts_in_l 12 maxq 8
ecn_mark 0 step_marks 0
credit -120340 (L)
c_marks 0 l_marks 0
dq_count 7988 eq_count 7992
c_drops 0 l_drops 0

TICK_NS 2537714498208
TC_DUR_NS 1498510
NEXT 2537726329999
PLACEMENT i=574
qdisc dualpi2 2: parent 1:10 limit 250p target 15ms tupdate 16ms alpha 0.152344 beta 3.195312 l4s_ect coupling_factor 2 drop_on_overload step_thresh 1ms drop_dequeue split_gso classic_protection 10% 
 Sent 12090987 bytes 8004 pkt (dropped 0, overlimits 0 requeues 0) 
 backlog 6056b 4p requeues 0
prob 0.000000 delay_c 3460us delay_l 0us
pkts_in_c 7996 pkts_in_l 12 maxq 8
ecn_mark 0 step_marks 0
credit -120340 (L)
c_marks 0 l_marks 0
dq_count 8004 eq_count 8008
c_drops 0 l_drops 0

TICK_NS 2537730865278
TC_DUR_NS 1725546
NEXT 2537742329999
PLACEMENT i=575
qdisc dualpi2 2: parent 1:10 limit 250p target 15ms tupdate 16ms alpha 0.152344 beta 3.195312 l4s_ect coupling_factor 2 drop_on_overload step_thresh 1ms drop_dequeue split_gso classic_protection 10% 
 Sent 12115211 bytes 8020 pkt (dropped 0, overlimits 0 requeues 0) 
 backlog 6056b 4p requeues 0
prob 0.000000 delay_c 3679us delay_l 0us
pkts_in_c 8012 pkts_in_l 12 maxq 8
ecn_mark 0 step_marks 0
credit -120340 (L)
c_marks 0 l_marks 0
dq_count 8020 eq_count 8024
c_drops 0 l_drops 0

TICK_NS 2537746444311
TC_DUR_NS 1354590
NEXT 2537758329999
PLACEMENT i=576
qdisc dualpi2 2: parent 1:10 limit 250p target 15ms tupdate 16ms alpha 0.152344 beta 3.195312 l4s_ect coupling_factor 2 drop_on_overload step_thresh 1ms drop_dequeue split_gso classic_protection 10% 
 Sent 12139435 bytes 8036 pkt (dropped 0, overlimits 0 requeues 0) 
 backlog 7570b 5p requeues 0
prob 0.000000 delay_c 4352us delay_l 0us
pkts_in_c 8029 pkts_in_l 12 maxq 8
ecn_mark 0 step_marks 0
credit -120340 (L)
c_marks 0 l_marks 0
dq_count 8036 eq_count 8041
c_drops 0 l_drops 0

TICK_NS 2537762126256
TC_DUR_NS 1362465
NEXT 2537774329999
PLACEMENT i=577
qdisc dualpi2 2: parent 1:10 limit 250p target 15ms tupdate 16ms alpha 0.152344 beta 3.195312 l4s_ect coupling_factor 2 drop_on_overload step_thresh 1ms drop_dequeue split_gso classic_protection 10% 
 Sent 12162145 bytes 8051 pkt (dropped 0, overlimits 0 requeues 0) 
 backlog 6056b 4p requeues 0
prob 0.007588 delay_c 3684us delay_l 0us
pkts_in_c 8043 pkts_in_l 12 maxq 8
ecn_mark 0 step_marks 0
credit -120340 (L)
c_marks 0 l_marks 0
dq_count 8051 eq_count 8055
c_drops 0 l_drops 0

TICK_NS 2537778747152
TC_DUR_NS 1673027
NEXT 2537790329999
PLACEMENT i=578
qdisc dualpi2 2: parent 1:10 limit 250p target 15ms tupdate 16ms alpha 0.152344 beta 3.195312 l4s_ect coupling_factor 2 drop_on_overload step_thresh 1ms drop_dequeue split_gso classic_protection 10% 
 Sent 12186369 bytes 8067 pkt (dropped 0, overlimits 0 requeues 0) 
 backlog 6056b 4p requeues 0
prob 0.005451 delay_c 3974us delay_l 0us
pkts_in_c 8059 pkts_in_l 12 maxq 8
ecn_mark 0 step_marks 0
credit -120340 (L)
c_marks 0 l_marks 0
dq_count 8067 eq_count 8071
c_drops 0 l_drops 0

TICK_NS 2537794317138
TC_DUR_NS 1428248
NEXT 2537806329999
PLACEMENT i=579
qdisc dualpi2 2: parent 1:10 limit 250p target 15ms tupdate 16ms alpha 0.152344 beta 3.195312 l4s_ect coupling_factor 2 drop_on_overload step_thresh 1ms drop_dequeue split_gso classic_protection 10% 
 Sent 12210593 bytes 8083 pkt (dropped 0, overlimits 0 requeues 0) 
 backlog 7570b 5p requeues 0
prob 0.003304 delay_c 4577us delay_l 0us
pkts_in_c 8076 pkts_in_l 12 maxq 8
ecn_mark 0 step_marks 0
credit -120340 (L)
c_marks 0 l_marks 0
dq_count 8083 eq_count 8088
c_drops 0 l_drops 0

TICK_NS 2537810377022
TC_DUR_NS 1429120
NEXT 2537822329999
PLACEMENT i=580
qdisc dualpi2 2: parent 1:10 limit 250p target 15ms tupdate 16ms alpha 0.152344 beta 3.195312 l4s_ect coupling_factor 2 drop_on_overload step_thresh 1ms drop_dequeue split_gso classic_protection 10% 
 Sent 12234817 bytes 8099 pkt (dropped 0, overlimits 0 requeues 0) 
 backlog 7570b 5p requeues 0
prob 0.004525 delay_c 4485us delay_l 0us
pkts_in_c 8092 pkts_in_l 12 maxq 8
ecn_mark 0 step_marks 0
credit -120340 (L)
c_marks 0 l_marks 0
dq_count 8099 eq_count 8104
c_drops 0 l_drops 0

TICK_NS 2537826528839
TC_DUR_NS 1540268
NEXT 2537838329999
PLACEMENT i=581
qdisc dualpi2 2: parent 1:10 limit 250p target 15ms tupdate 16ms alpha 0.152344 beta 3.195312 l4s_ect coupling_factor 2 drop_on_overload step_thresh 1ms drop_dequeue split_gso classic_protection 10% 
 Sent 12259041 bytes 8115 pkt (dropped 0, overlimits 0 requeues 0) 
 backlog 7570b 5p requeues 0
prob 0.002527 delay_c 4402us delay_l 0us
pkts_in_c 8108 pkts_in_l 12 maxq 8
ecn_mark 0 step_marks 0
credit -120340 (L)
c_marks 0 l_marks 0
dq_count 8115 eq_count 8120
c_drops 0 l_drops 0

TICK_NS 2537842349655
TC_DUR_NS 1392641
NEXT 2537854329999
PLACEMENT i=582
qdisc dualpi2 2: parent 1:10 limit 250p target 15ms tupdate 16ms alpha 0.152344 beta 3.195312 l4s_ect coupling_factor 2 drop_on_overload step_thresh 1ms drop_dequeue split_gso classic_protection 10% 
 Sent 12283265 bytes 8131 pkt (dropped 0, overlimits 0 requeues 0) 
 backlog 6056b 4p requeues 0
prob 0.000000 delay_c 3095us delay_l 0us
pkts_in_c 8123 pkts_in_l 12 maxq 8
ecn_mark 0 step_marks 0
credit -120340 (L)
c_marks 0 l_marks 0
dq_count 8131 eq_count 8135
c_drops 0 l_drops 0

TICK_NS 2537858300314
TC_DUR_NS 1446302
NEXT 2537870329999
PLACEMENT i=583
qdisc dualpi2 2: parent 1:10 limit 250p target 15ms tupdate 16ms alpha 0.152344 beta 3.195312 l4s_ect coupling_factor 2 drop_on_overload step_thresh 1ms drop_dequeue split_gso classic_protection 10% 
 Sent 12305975 bytes 8146 pkt (dropped 0, overlimits 0 requeues 0) 
 backlog 7570b 5p requeues 0
prob 0.000000 delay_c 4940us delay_l 0us
pkts_in_c 8139 pkts_in_l 12 maxq 8
ecn_mark 0 step_marks 0
credit -120340 (L)
c_marks 0 l_marks 0
dq_count 8146 eq_count 8151
c_drops 0 l_drops 0

TICK_NS 2537874379444
TC_DUR_NS 1466951
NEXT 2537886329999
PLACEMENT i=584
qdisc dualpi2 2: parent 1:10 limit 250p target 15ms tupdate 16ms alpha 0.152344 beta 3.195312 l4s_ect coupling_factor 2 drop_on_overload step_thresh 1ms drop_dequeue split_gso classic_protection 10% 
 Sent 12330199 bytes 8162 pkt (dropped 0, overlimits 0 requeues 0) 
 backlog 4542b 3p requeues 0
prob 0.000000 delay_c 4827us delay_l 0us
pkts_in_c 8153 pkts_in_l 12 maxq 8
ecn_mark 0 step_marks 0
credit -120340 (L)
c_marks 0 l_marks 0
dq_count 8162 eq_count 8165
c_drops 0 l_drops 0

TICK_NS 2537890426424
TC_DUR_NS 1449739
NEXT 2537902329999
PLACEMENT i=585
qdisc dualpi2 2: parent 1:10 limit 250p target 15ms tupdate 16ms alpha 0.152344 beta 3.195312 l4s_ect coupling_factor 2 drop_on_overload step_thresh 1ms drop_dequeue split_gso classic_protection 10% 
 Sent 12354423 bytes 8178 pkt (dropped 0, overlimits 0 requeues 0) 
 backlog 6056b 4p requeues 0
prob 0.001090 delay_c 3769us delay_l 0us
pkts_in_c 8170 pkts_in_l 12 maxq 8
ecn_mark 0 step_marks 0
credit -120340 (L)
c_marks 0 l_marks 0
dq_count 8178 eq_count 8182
c_drops 0 l_drops 0

TICK_NS 2537906250026
TC_DUR_NS 1282074
NEXT 2537918329999
PLACEMENT i=586
qdisc dualpi2 2: parent 1:10 limit 250p target 15ms tupdate 16ms alpha 0.152344 beta 3.195312 l4s_ect coupling_factor 2 drop_on_overload step_thresh 1ms drop_dequeue split_gso classic_protection 10% 
 Sent 12378647 bytes 8194 pkt (dropped 0, overlimits 0 requeues 0) 
 backlog 6056b 4p requeues 0
prob 0.000000 delay_c 3535us delay_l 0us
pkts_in_c 8186 pkts_in_l 12 maxq 8
ecn_mark 0 step_marks 0
credit -120340 (L)
c_marks 0 l_marks 0
dq_count 8194 eq_count 8198
c_drops 0 l_drops 0

TICK_NS 2537922668863
TC_DUR_NS 1458335
NEXT 2537934329999
PLACEMENT i=587
qdisc dualpi2 2: parent 1:10 limit 250p target 15ms tupdate 16ms alpha 0.152344 beta 3.195312 l4s_ect coupling_factor 2 drop_on_overload step_thresh 1ms drop_dequeue split_gso classic_protection 10% 
 Sent 12402871 bytes 8210 pkt (dropped 0, overlimits 0 requeues 0) 
 backlog 7570b 5p requeues 0
prob 0.000000 delay_c 1723us delay_l 0us
pkts_in_c 8203 pkts_in_l 12 maxq 8
ecn_mark 0 step_marks 0
credit -120340 (L)
c_marks 0 l_marks 0
dq_count 8210 eq_count 8215
c_drops 0 l_drops 0

TICK_NS 2537938491021
TC_DUR_NS 1282545
NEXT 2537950329999
PLACEMENT i=588
qdisc dualpi2 2: parent 1:10 limit 250p target 15ms tupdate 16ms alpha 0.152344 beta 3.195312 l4s_ect coupling_factor 2 drop_on_overload step_thresh 1ms drop_dequeue split_gso classic_protection 10% 
 Sent 12427095 bytes 8226 pkt (dropped 0, overlimits 0 requeues 0) 
 backlog 7570b 5p requeues 0
prob 0.001228 delay_c 4470us delay_l 0us
pkts_in_c 8219 pkts_in_l 12 maxq 8
ecn_mark 0 step_marks 0
credit -120340 (L)
c_marks 0 l_marks 0
dq_count 8226 eq_count 8231
c_drops 0 l_drops 0

TICK_NS 2537954403529
TC_DUR_NS 1513227
NEXT 2537966329999
PLACEMENT i=589
qdisc dualpi2 2: parent 1:10 limit 250p target 15ms tupdate 16ms alpha 0.152344 beta 3.195312 l4s_ect coupling_factor 2 drop_on_overload step_thresh 1ms drop_dequeue split_gso classic_protection 10% 
 Sent 12451319 bytes 8242 pkt (dropped 0, overlimits 0 requeues 0) 
 backlog 7570b 5p requeues 0
prob 0.000000 delay_c 4113us delay_l 0us
pkts_in_c 8235 pkts_in_l 12 maxq 8
ecn_mark 0 step_marks 0
credit -120340 (L)
c_marks 0 l_marks 0
dq_count 8242 eq_count 8247
c_drops 0 l_drops 0

TICK_NS 2537970640986
TC_DUR_NS 1662848
NEXT 2537982329999
PLACEMENT i=590
qdisc dualpi2 2: parent 1:10 limit 250p target 15ms tupdate 16ms alpha 0.152344 beta 3.195312 l4s_ect coupling_factor 2 drop_on_overload step_thresh 1ms drop_dequeue split_gso classic_protection 10% 
 Sent 12475543 bytes 8258 pkt (dropped 0, overlimits 0 requeues 0) 
 backlog 6056b 4p requeues 0
prob 0.000000 delay_c 3172us delay_l 0us
pkts_in_c 8250 pkts_in_l 12 maxq 8
ecn_mark 0 step_marks 0
credit -120340 (L)
c_marks 0 l_marks 0
dq_count 8258 eq_count 8262
c_drops 0 l_drops 0

TICK_NS 2537986924279
TC_DUR_NS 1478252
NEXT 2537998329999
PLACEMENT i=591
qdisc dualpi2 2: parent 1:10 limit 250p target 15ms tupdate 16ms alpha 0.152344 beta 3.195312 l4s_ect coupling_factor 2 drop_on_overload step_thresh 1ms drop_dequeue split_gso classic_protection 10% 
 Sent 12499767 bytes 8274 pkt (dropped 0, overlimits 0 requeues 0) 
 backlog 6056b 4p requeues 0
prob 0.000000 delay_c 3382us delay_l 0us
pkts_in_c 8266 pkts_in_l 12 maxq 8
ecn_mark 0 step_marks 0
credit -120340 (L)
c_marks 0 l_marks 0
dq_count 8274 eq_count 8278
c_drops 0 l_drops 0

TICK_NS 2538002514333
TC_DUR_NS 1363828
NEXT 2538014329999
PLACEMENT i=592
qdisc dualpi2 2: parent 1:10 limit 250p target 15ms tupdate 16ms alpha 0.152344 beta 3.195312 l4s_ect coupling_factor 2 drop_on_overload step_thresh 1ms drop_dequeue split_gso classic_protection 10% 
 Sent 12522477 bytes 8289 pkt (dropped 0, overlimits 0 requeues 0) 
 backlog 4542b 3p requeues 0
prob 0.000000 delay_c 4850us delay_l 0us
pkts_in_c 8280 pkts_in_l 12 maxq 8
ecn_mark 0 step_marks 0
credit -120340 (L)
c_marks 0 l_marks 0
dq_count 8289 eq_count 8292
c_drops 0 l_drops 0

TICK_NS 2538018546154
TC_DUR_NS 1408632
NEXT 2538030329999
PLACEMENT i=593
qdisc dualpi2 2: parent 1:10 limit 250p target 15ms tupdate 16ms alpha 0.152344 beta 3.195312 l4s_ect coupling_factor 2 drop_on_overload step_thresh 1ms drop_dequeue split_gso classic_protection 10% 
 Sent 12546701 bytes 8305 pkt (dropped 0, overlimits 0 requeues 0) 
 backlog 6056b 4p requeues 0
prob 0.004476 delay_c 3734us delay_l 0us
pkts_in_c 8297 pkts_in_l 12 maxq 8
ecn_mark 0 step_marks 0
credit -120340 (L)
c_marks 0 l_marks 0
dq_count 8305 eq_count 8309
c_drops 0 l_drops 0

TICK_NS 2538034593445
TC_DUR_NS 1539086
NEXT 2538046329999
PLACEMENT i=594
qdisc dualpi2 2: parent 1:10 limit 250p target 15ms tupdate 16ms alpha 0.152344 beta 3.195312 l4s_ect coupling_factor 2 drop_on_overload step_thresh 1ms drop_dequeue split_gso classic_protection 10% 
 Sent 12570925 bytes 8321 pkt (dropped 0, overlimits 0 requeues 0) 
 backlog 6056b 4p requeues 0
prob 0.000000 delay_c 3617us delay_l 0us
pkts_in_c 8313 pkts_in_l 12 maxq 8
ecn_mark 0 step_marks 0
credit -120340 (L)
c_marks 0 l_marks 0
dq_count 8321 eq_count 8325
c_drops 0 l_drops 0

TICK_NS 2538050501404
TC_DUR_NS 1440511
NEXT 2538062329999
PLACEMENT i=595
qdisc dualpi2 2: parent 1:10 limit 250p target 15ms tupdate 16ms alpha 0.152344 beta 3.195312 l4s_ect coupling_factor 2 drop_on_overload step_thresh 1ms drop_dequeue split_gso classic_protection 10% 
 Sent 12595149 bytes 8337 pkt (dropped 0, overlimits 0 requeues 0) 
 backlog 6056b 4p requeues 0
prob 0.000000 delay_c 3361us delay_l 0us
pkts_in_c 8329 pkts_in_l 12 maxq 8
ecn_mark 0 step_marks 0
credit -120340 (L)
c_marks 0 l_marks 0
dq_count 8337 eq_count 8341
c_drops 0 l_drops 0

TICK_NS 2538066659673
TC_DUR_NS 1594360
NEXT 2538078329999
PLACEMENT i=596
qdisc dualpi2 2: parent 1:10 limit 250p target 15ms tupdate 16ms alpha 0.152344 beta 3.195312 l4s_ect coupling_factor 2 drop_on_overload step_thresh 1ms drop_dequeue split_gso classic_protection 10% 
 Sent 12619373 bytes 8353 pkt (dropped 0, overlimits 0 requeues 0) 
 backlog 7570b 5p requeues 0
prob 0.000000 delay_c 4262us delay_l 0us
pkts_in_c 8346 pkts_in_l 12 maxq 8
ecn_mark 0 step_marks 0
credit -120340 (L)
c_marks 0 l_marks 0
dq_count 8353 eq_count 8358
c_drops 0 l_drops 0

TICK_NS 2538082569937
TC_DUR_NS 1520261
NEXT 2538094329999
PLACEMENT i=597
qdisc dualpi2 2: parent 1:10 limit 250p target 15ms tupdate 16ms alpha 0.152344 beta 3.195312 l4s_ect coupling_factor 2 drop_on_overload step_thresh 1ms drop_dequeue split_gso classic_protection 10% 
 Sent 12643597 bytes 8369 pkt (dropped 0, overlimits 0 requeues 0) 
 backlog 7570b 5p requeues 0
prob 0.001187 delay_c 4104us delay_l 0us
pkts_in_c 8362 pkts_in_l 12 maxq 8
ecn_mark 0 step_marks 0
credit -120340 (L)
c_marks 0 l_marks 0
dq_count 8369 eq_count 8374
c_drops 0 l_drops 0

TICK_NS 2538098102783
TC_DUR_NS 1454567
NEXT 2538110329999
PLACEMENT i=598
qdisc dualpi2 2: parent 1:10 limit 250p target 15ms tupdate 16ms alpha 0.152344 beta 3.195312 l4s_ect coupling_factor 2 drop_on_overload step_thresh 1ms drop_dequeue split_gso classic_protection 10% 
 Sent 12666307 bytes 8384 pkt (dropped 0, overlimits 0 requeues 0) 
 backlog 6056b 4p requeues 0
prob 0.000000 delay_c 3504us delay_l 0us
pkts_in_c 8376 pkts_in_l 12 maxq 8
ecn_mark 0 step_marks 0
credit -120340 (L)
c_marks 0 l_marks 0
dq_count 8384 eq_count 8388
c_drops 0 l_drops 0

TICK_NS 2538114873399
TC_DUR_NS 1689017
NEXT 2538126329999
PLACEMENT i=599
qdisc dualpi2 2: parent 1:10 limit 250p target 15ms tupdate 16ms alpha 0.152344 beta 3.195312 l4s_ect coupling_factor 2 drop_on_overload step_thresh 1ms drop_dequeue split_gso classic_protection 10% 
 Sent 12690531 bytes 8400 pkt (dropped 0, overlimits 0 requeues 0) 
 backlog 7570b 5p requeues 0
prob 0.000000 delay_c 4973us delay_l 0us
pkts_in_c 8393 pkts_in_l 12 maxq 8
ecn_mark 0 step_marks 0
credit -120340 (L)
c_marks 0 l_marks 0
dq_count 8400 eq_count 8405
c_drops 0 l_drops 0

TICK_NS 2538130292021
TC_DUR_NS 1364669
NEXT 2538142329999
PLACEMENT i=600
qdisc dualpi2 2: parent 1:10 limit 250p target 15ms tupdate 16ms alpha 0.152344 beta 3.195312 l4s_ect coupling_factor 2 drop_on_overload step_thresh 1ms drop_dequeue split_gso classic_protection 10% 
 Sent 12714755 bytes 8416 pkt (dropped 0, overlimits 0 requeues 0) 
 backlog 7570b 5p requeues 0
prob 0.004481 delay_c 4493us delay_l 0us
pkts_in_c 8409 pkts_in_l 12 maxq 8
ecn_mark 0 step_marks 0
credit -120340 (L)
c_marks 0 l_marks 0
dq_count 8416 eq_count 8421
c_drops 0 l_drops 0

TICK_NS 2538146596414
TC_DUR_NS 1529809
NEXT 2538158329999
PLACEMENT i=601
qdisc dualpi2 2: parent 1:10 limit 250p target 15ms tupdate 16ms alpha 0.152344 beta 3.195312 l4s_ect coupling_factor 2 drop_on_overload step_thresh 1ms drop_dequeue split_gso classic_protection 10% 
 Sent 12738979 bytes 8432 pkt (dropped 0, overlimits 0 requeues 0) 
 backlog 4542b 3p requeues 0
prob 0.002520 delay_c 4622us delay_l 0us
pkts_in_c 8423 pkts_in_l 12 maxq 8
ecn_mark 0 step_marks 0
credit -120340 (L)
c_marks 0 l_marks 0
dq_count 8432 eq_count 8435
c_drops 0 l_drops 0

TICK_NS 2538162964706
TC_DUR_NS 1785027
NEXT 2538174329999
PLACEMENT i=602
qdisc dualpi2 2: parent 1:10 limit 250p target 15ms tupdate 16ms alpha 0.152344 beta 3.195312 l4s_ect coupling_factor 2 drop_on_overload step_thresh 1ms drop_dequeue split_gso classic_protection 10% 
 Sent 12763203 bytes 8448 pkt (dropped 0, overlimits 0 requeues 0) 
 backlog 6056b 4p requeues 0
prob 0.000000 delay_c 3626us delay_l 0us
pkts_in_c 8440 pkts_in_l 12 maxq 8
ecn_mark 0 step_marks 0
credit -120340 (L)
c_marks 0 l_marks 0
dq_count 8448 eq_count 8452
c_drops 0 l_drops 0

TICK_NS 2538178809738
TC_DUR_NS 1942122
NEXT 2538190329999
PLACEMENT i=603
qdisc dualpi2 2: parent 1:10 limit 250p target 15ms tupdate 16ms alpha 0.152344 beta 3.195312 l4s_ect coupling_factor 2 drop_on_overload step_thresh 1ms drop_dequeue split_gso classic_protection 10% 
 Sent 12787427 bytes 8464 pkt (dropped 0, overlimits 0 requeues 0) 
 backlog 6056b 4p requeues 0
prob 0.000000 delay_c 3321us delay_l 0us
pkts_in_c 8456 pkts_in_l 12 maxq 8
ecn_mark 0 step_marks 0
credit -120340 (L)
c_marks 0 l_marks 0
dq_count 8464 eq_count 8468
c_drops 0 l_drops 0

TICK_NS 2538194593534
TC_DUR_NS 1496295
NEXT 2538206329999
PLACEMENT i=604
qdisc dualpi2 2: parent 1:10 limit 250p target 15ms tupdate 16ms alpha 0.152344 beta 3.195312 l4s_ect coupling_factor 2 drop_on_overload step_thresh 1ms drop_dequeue split_gso classic_protection 10% 
 Sent 12811651 bytes 8480 pkt (dropped 0, overlimits 0 requeues 0) 
 backlog 7570b 5p requeues 0
prob 0.000000 delay_c 1050us delay_l 0us
pkts_in_c 8473 pkts_in_l 12 maxq 8
ecn_mark 0 step_marks 0
credit -120340 (L)
c_marks 0 l_marks 0
dq_count 8480 eq_count 8485
c_drops 0 l_drops 0

TICK_NS 2538210493328
TC_DUR_NS 1487439
NEXT 2538222329999
PLACEMENT i=605
qdisc dualpi2 2: parent 1:10 limit 250p target 15ms tupdate 16ms alpha 0.152344 beta 3.195312 l4s_ect coupling_factor 2 drop_on_overload step_thresh 1ms drop_dequeue split_gso classic_protection 10% 
 Sent 12834361 bytes 8495 pkt (dropped 0, overlimits 0 requeues 0) 
 backlog 6056b 4p requeues 0
prob 0.001164 delay_c 3937us delay_l 0us
pkts_in_c 8487 pkts_in_l 12 maxq 8
ecn_mark 0 step_marks 0
credit -120340 (L)
c_marks 0 l_marks 0
dq_count 8495 eq_count 8499
c_drops 0 l_drops 0

TICK_NS 2538226316138
TC_DUR_NS 1349400
NEXT 2538238329999
PLACEMENT i=606
qdisc dualpi2 2: parent 1:10 limit 250p target 15ms tupdate 16ms alpha 0.152344 beta 3.195312 l4s_ect coupling_factor 2 drop_on_overload step_thresh 1ms drop_dequeue split_gso classic_protection 10% 
 Sent 12858585 bytes 8511 pkt (dropped 0, overlimits 0 requeues 0) 
 backlog 6056b 4p requeues 0
prob 0.000000 delay_c 3631us delay_l 0us
pkts_in_c 8503 pkts_in_l 12 maxq 8
ecn_mark 0 step_marks 0
credit -120340 (L)
c_marks 0 l_marks 0
dq_count 8511 eq_count 8515
c_drops 0 l_drops 0

TICK_NS 2538242419283
TC_DUR_NS 1368796
NEXT 2538254329999
PLACEMENT i=607
qdisc dualpi2 2: parent 1:10 limit 250p target 15ms tupdate 16ms alpha 0.152344 beta 3.195312 l4s_ect coupling_factor 2 drop_on_overload step_thresh 1ms drop_dequeue split_gso classic_protection 10% 
 Sent 12882809 bytes 8527 pkt (dropped 0, overlimits 0 requeues 0) 
 backlog 7570b 5p requeues 0
prob 0.000000 delay_c 3706us delay_l 0us
pkts_in_c 8520 pkts_in_l 12 maxq 8
ecn_mark 0 step_marks 0
credit -120340 (L)
c_marks 0 l_marks 0
dq_count 8527 eq_count 8532
c_drops 0 l_drops 0

TICK_NS 2538258519784
TC_DUR_NS 1310477
NEXT 2538270329999
PLACEMENT i=608
qdisc dualpi2 2: parent 1:10 limit 250p target 15ms tupdate 16ms alpha 0.152344 beta 3.195312 l4s_ect coupling_factor 2 drop_on_overload step_thresh 1ms drop_dequeue split_gso classic_protection 10% 
 Sent 12907033 bytes 8543 pkt (dropped 0, overlimits 0 requeues 0) 
 backlog 7570b 5p requeues 0
prob 0.001285 delay_c 4566us delay_l 0us
pkts_in_c 8536 pkts_in_l 12 maxq 8
ecn_mark 0 step_marks 0
credit -120340 (L)
c_marks 0 l_marks 0
dq_count 8543 eq_count 8548
c_drops 0 l_drops 0

TICK_NS 2538274493036
TC_DUR_NS 1408361
NEXT 2538286329999
PLACEMENT i=609
qdisc dualpi2 2: parent 1:10 limit 250p target 15ms tupdate 16ms alpha 0.152344 beta 3.195312 l4s_ect coupling_factor 2 drop_on_overload step_thresh 1ms drop_dequeue split_gso classic_protection 10% 
 Sent 12931257 bytes 8559 pkt (dropped 0, overlimits 0 requeues 0) 
 backlog 7570b 5p requeues 0
prob 0.000000 delay_c 4410us delay_l 0us
pkts_in_c 8552 pkts_in_l 12 maxq 8
ecn_mark 0 step_marks 0
credit -120340 (L)
c_marks 0 l_marks 0
dq_count 8559 eq_count 8564
c_drops 0 l_drops 0

TICK_NS 2538290982465
TC_DUR_NS 1799935
NEXT 2538302329999
PLACEMENT i=610
qdisc dualpi2 2: parent 1:10 limit 250p target 15ms tupdate 16ms alpha 0.152344 beta 3.195312 l4s_ect coupling_factor 2 drop_on_overload step_thresh 1ms drop_dequeue split_gso classic_protection 10% 
 Sent 12955481 bytes 8575 pkt (dropped 0, overlimits 0 requeues 0) 
 backlog 6056b 4p requeues 0
prob 0.000000 delay_c 3562us delay_l 0us
pkts_in_c 8567 pkts_in_l 12 maxq 8
ecn_mark 0 step_marks 0
credit -120340 (L)
c_marks 0 l_marks 0
dq_count 8575 eq_count 8579
c_drops 0 l_drops 0

TICK_NS 2538306510672
TC_DUR_NS 1421336
NEXT 2538318329999
PLACEMENT i=611
qdisc dualpi2 2: parent 1:10 limit 250p target 15ms tupdate 16ms alpha 0.152344 beta 3.195312 l4s_ect coupling_factor 2 drop_on_overload step_thresh 1ms drop_dequeue split_gso classic_protection 10% 
 Sent 12979705 bytes 8591 pkt (dropped 0, overlimits 0 requeues 0) 
 backlog 6056b 4p requeues 0
prob 0.000000 delay_c 3100us delay_l 0us
pkts_in_c 8583 pkts_in_l 12 maxq 8
ecn_mark 0 step_marks 0
credit -120340 (L)
c_marks 0 l_marks 0
dq_count 8591 eq_count 8595
c_drops 0 l_drops 0

TICK_NS 2538322496608
TC_DUR_NS 1632691
NEXT 2538334329999
PLACEMENT i=612
qdisc dualpi2 2: parent 1:10 limit 250p target 15ms tupdate 16ms alpha 0.152344 beta 3.195312 l4s_ect coupling_factor 2 drop_on_overload step_thresh 1ms drop_dequeue split_gso classic_protection 10% 
 Sent 13002415 bytes 8606 pkt (dropped 0, overlimits 0 requeues 0) 
 backlog 7570b 5p requeues 0
prob 0.000000 delay_c 4850us delay_l 0us
pkts_in_c 8599 pkts_in_l 12 maxq 8
ecn_mark 0 step_marks 0
credit -120340 (L)
c_marks 0 l_marks 0
dq_count 8606 eq_count 8611
c_drops 0 l_drops 0

TICK_NS 2538338589214
TC_DUR_NS 1435352
NEXT 2538350329999
PLACEMENT i=613
qdisc dualpi2 2: parent 1:10 limit 250p target 15ms tupdate 16ms alpha 0.152344 beta 3.195312 l4s_ect coupling_factor 2 drop_on_overload step_thresh 1ms drop_dequeue split_gso classic_protection 10% 
 Sent 13026639 bytes 8622 pkt (dropped 0, overlimits 0 requeues 0) 
 backlog 6056b 4p requeues 0
prob 0.000000 delay_c 3790us delay_l 0us
pkts_in_c 8614 pkts_in_l 12 maxq 8
ecn_mark 0 step_marks 0
credit -120340 (L)
c_marks 0 l_marks 0
dq_count 8622 eq_count 8626
c_drops 0 l_drops 0

TICK_NS 2538354442550
TC_DUR_NS 1253741
NEXT 2538366329999
PLACEMENT i=614
qdisc dualpi2 2: parent 1:10 limit 250p target 15ms tupdate 16ms alpha 0.152344 beta 3.195312 l4s_ect coupling_factor 2 drop_on_overload step_thresh 1ms drop_dequeue split_gso classic_protection 10% 
 Sent 13050863 bytes 8638 pkt (dropped 0, overlimits 0 requeues 0) 
 backlog 6056b 4p requeues 0
prob 0.001154 delay_c 3570us delay_l 0us
pkts_in_c 8630 pkts_in_l 12 maxq 8
ecn_mark 0 step_marks 0
credit -120340 (L)
c_marks 0 l_marks 0
dq_count 8638 eq_count 8642
c_drops 0 l_drops 0

TICK_NS 2538370319953
TC_DUR_NS 1452724
NEXT 2538382329999
PLACEMENT i=615
qdisc dualpi2 2: parent 1:10 limit 250p target 15ms tupdate 16ms alpha 0.152344 beta 3.195312 l4s_ect coupling_factor 2 drop_on_overload step_thresh 1ms drop_dequeue split_gso classic_protection 10% 
 Sent 13075087 bytes 8654 pkt (dropped 0, overlimits 0 requeues 0) 
 backlog 6056b 4p requeues 0
prob 0.000000 delay_c 3248us delay_l 0us
pkts_in_c 8646 pkts_in_l 12 maxq 8
ecn_mark 0 step_marks 0
credit -120340 (L)
c_marks 0 l_marks 0
dq_count 8654 eq_count 8658
c_drops 0 l_drops 0

TICK_NS 2538386385006
TC_DUR_NS 1402850
NEXT 2538398329999
PLACEMENT i=616
qdisc dualpi2 2: parent 1:10 limit 250p target 15ms tupdate 16ms alpha 0.152344 beta 3.195312 l4s_ect coupling_factor 2 drop_on_overload step_thresh 1ms drop_dequeue split_gso classic_protection 10% 
 Sent 13099311 bytes 8670 pkt (dropped 0, overlimits 0 requeues 0) 
 backlog 7570b 5p requeues 0
prob 0.001271 delay_c 4161us delay_l 0us
pkts_in_c 8663 pkts_in_l 12 maxq 8
ecn_mark 0 step_marks 0
credit -120340 (L)
c_marks 0 l_marks 0
dq_count 8670 eq_count 8675
c_drops 0 l_drops 0

TICK_NS 2538402317923
TC_DUR_NS 1379767
NEXT 2538414329999
PLACEMENT i=617
qdisc dualpi2 2: parent 1:10 limit 250p target 15ms tupdate 16ms alpha 0.152344 beta 3.195312 l4s_ect coupling_factor 2 drop_on_overload step_thresh 1ms drop_dequeue split_gso classic_protection 10% 
 Sent 13122021 bytes 8685 pkt (dropped 0, overlimits 0 requeues 0) 
 backlog 6056b 4p requeues 0
prob 0.000000 delay_c 3915us delay_l 0us
pkts_in_c 8677 pkts_in_l 12 maxq 8
ecn_mark 0 step_marks 0
credit -120340 (L)
c_marks 0 l_marks 0
dq_count 8685 eq_count 8689
c_drops 0 l_drops 0

TICK_NS 2538418138438
TC_DUR_NS 1438978
NEXT 2538430329999
PLACEMENT i=618
qdisc dualpi2 2: parent 1:10 limit 250p target 15ms tupdate 16ms alpha 0.152344 beta 3.195312 l4s_ect coupling_factor 2 drop_on_overload step_thresh 1ms drop_dequeue split_gso classic_protection 10% 
 Sent 13146245 bytes 8701 pkt (dropped 0, overlimits 0 requeues 0) 
 backlog 6056b 4p requeues 0
prob 0.000000 delay_c 3635us delay_l 0us
pkts_in_c 8693 pkts_in_l 12 maxq 8
ecn_mark 0 step_marks 0
credit -120340 (L)
c_marks 0 l_marks 0
dq_count 8701 eq_count 8705
c_drops 0 l_drops 0

TICK_NS 2538434455154
TC_DUR_NS 1325305
NEXT 2538446329999
PLACEMENT i=619
qdisc dualpi2 2: parent 1:10 limit 250p target 15ms tupdate 16ms alpha 0.152344 beta 3.195312 l4s_ect coupling_factor 2 drop_on_overload step_thresh 1ms drop_dequeue split_gso classic_protection 10% 
 Sent 13170469 bytes 8717 pkt (dropped 0, overlimits 0 requeues 0) 
 backlog 4542b 3p requeues 0
prob 0.000000 delay_c 4801us delay_l 0us
pkts_in_c 8708 pkts_in_l 12 maxq 8
ecn_mark 0 step_marks 0
credit -120340 (L)
c_marks 0 l_marks 0
dq_count 8717 eq_count 8720
c_drops 0 l_drops 0

TICK_NS 2538450446389
TC_DUR_NS 1404954
NEXT 2538462329999
PLACEMENT i=620
qdisc dualpi2 2: parent 1:10 limit 250p target 15ms tupdate 16ms alpha 0.152344 beta 3.195312 l4s_ect coupling_factor 2 drop_on_overload step_thresh 1ms drop_dequeue split_gso classic_protection 10% 
 Sent 13194693 bytes 8733 pkt (dropped 0, overlimits 0 requeues 0) 
 backlog 4542b 3p requeues 0
prob 0.000000 delay_c 4662us delay_l 0us
pkts_in_c 8724 pkts_in_l 12 maxq 8
ecn_mark 0 step_marks 0
credit -120340 (L)
c_marks 0 l_marks 0
dq_count 8733 eq_count 8736
c_drops 0 l_drops 0

TICK_NS 2538466583699
TC_DUR_NS 1700980
NEXT 2538478329999
PLACEMENT i=621
qdisc dualpi2 2: parent 1:10 limit 250p target 15ms tupdate 16ms alpha 0.152344 beta 3.195312 l4s_ect coupling_factor 2 drop_on_overload step_thresh 1ms drop_dequeue split_gso classic_protection 10% 
 Sent 13218917 bytes 8749 pkt (dropped 0, overlimits 0 requeues 0) 
 backlog 6056b 4p requeues 0
prob 0.000000 delay_c 4504us delay_l 0us
pkts_in_c 8741 pkts_in_l 12 maxq 8
ecn_mark 0 step_marks 0
credit -120340 (L)
c_marks 0 l_marks 0
dq_count 8749 eq_count 8753
c_drops 0 l_drops 0

TICK_NS 2538482441644
TC_DUR_NS 1248511
NEXT 2538494329999
PLACEMENT i=622
qdisc dualpi2 2: parent 1:10 limit 250p target 15ms tupdate 16ms alpha 0.152344 beta 3.195312 l4s_ect coupling_factor 2 drop_on_overload step_thresh 1ms drop_dequeue split_gso classic_protection 10% 
 Sent 13243141 bytes 8765 pkt (dropped 0, overlimits 0 requeues 0) 
 backlog 6056b 4p requeues 0
prob 0.001136 delay_c 3448us delay_l 0us
pkts_in_c 8757 pkts_in_l 12 maxq 8
ecn_mark 0 step_marks 0
credit -120340 (L)
c_marks 0 l_marks 0
dq_count 8765 eq_count 8769
c_drops 0 l_drops 0

TICK_NS 2538498623357
TC_DUR_NS 1425963
NEXT 2538510329999
PLACEMENT i=623
qdisc dualpi2 2: parent 1:10 limit 250p target 15ms tupdate 16ms alpha 0.152344 beta 3.195312 l4s_ect coupling_factor 2 drop_on_overload step_thresh 1ms drop_dequeue split_gso classic_protection 10% 
 Sent 13267365 bytes 8781 pkt (dropped 0, overlimits 0 requeues 0) 
 backlog 6056b 4p requeues 0
prob 0.000000 delay_c 3335us delay_l 0us
pkts_in_c 8773 pkts_in_l 12 maxq 8
ecn_mark 0 step_marks 0
credit -120340 (L)
c_marks 0 l_marks 0
dq_count 8781 eq_count 8785
c_drops 0 l_drops 0

TICK_NS 2538514276569
TC_DUR_NS 1489683
NEXT 2538526329999
PLACEMENT i=624
qdisc dualpi2 2: parent 1:10 limit 250p target 15ms tupdate 16ms alpha 0.152344 beta 3.195312 l4s_ect coupling_factor 2 drop_on_overload step_thresh 1ms drop_dequeue split_gso classic_protection 10% 
 Sent 13290075 bytes 8796 pkt (dropped 0, overlimits 0 requeues 0) 
 backlog 6056b 4p requeues 0
prob 0.000000 delay_c 2842us delay_l 0us
pkts_in_c 8788 pkts_in_l 12 maxq 8
ecn_mark 0 step_marks 0
credit -120340 (L)
c_marks 0 l_marks 0
dq_count 8796 eq_count 8800
c_drops 0 l_drops 0

TICK_NS 2538530623010
TC_DUR_NS 1583799
NEXT 2538542329999
PLACEMENT i=625
qdisc dualpi2 2: parent 1:10 limit 250p target 15ms tupdate 16ms alpha 0.152344 beta 3.195312 l4s_ect coupling_factor 2 drop_on_overload step_thresh 1ms drop_dequeue split_gso classic_protection 10% 
 Sent 13314299 bytes 8812 pkt (dropped 0, overlimits 0 requeues 0) 
 backlog 6056b 4p requeues 0
prob 0.001214 delay_c 4018us delay_l 0us
pkts_in_c 8804 pkts_in_l 12 maxq 8
ecn_mark 0 step_marks 0
credit -120340 (L)
c_marks 0 l_marks 0
dq_count 8812 eq_count 8816
c_drops 0 l_drops 0

TICK_NS 2538546118446
TC_DUR_NS 1323993
NEXT 2538558329999
PLACEMENT i=626
qdisc dualpi2 2: parent 1:10 limit 250p target 15ms tupdate 16ms alpha 0.152344 beta 3.195312 l4s_ect coupling_factor 2 drop_on_overload step_thresh 1ms drop_dequeue split_gso classic_protection 10% 
 Sent 13338523 bytes 8828 pkt (dropped 0, overlimits 0 requeues 0) 
 backlog 6056b 4p requeues 0
prob 0.000000 delay_c 3510us delay_l 0us
pkts_in_c 8820 pkts_in_l 12 maxq 8
ecn_mark 0 step_marks 0
credit -120340 (L)
c_marks 0 l_marks 0
dq_count 8828 eq_count 8832
c_drops 0 l_drops 0

TICK_NS 2538562759400
TC_DUR_NS 1597625
NEXT 2538574329999
PLACEMENT i=627
qdisc dualpi2 2: parent 1:10 limit 250p target 15ms tupdate 16ms alpha 0.152344 beta 3.195312 l4s_ect coupling_factor 2 drop_on_overload step_thresh 1ms drop_dequeue split_gso classic_protection 10% 
 Sent 13362747 bytes 8844 pkt (dropped 0, overlimits 0 requeues 0) 
 backlog 7570b 5p requeues 0
prob 0.000000 delay_c 4868us delay_l 0us
pkts_in_c 8837 pkts_in_l 12 maxq 8
ecn_mark 0 step_marks 0
credit -120340 (L)
c_marks 0 l_marks 0
dq_count 8844 eq_count 8849
c_drops 0 l_drops 0

TICK_NS 2538578942285
TC_DUR_NS 1675141
NEXT 2538590329999
PLACEMENT i=628
qdisc dualpi2 2: parent 1:10 limit 250p target 15ms tupdate 16ms alpha 0.152344 beta 3.195312 l4s_ect coupling_factor 2 drop_on_overload step_thresh 1ms drop_dequeue split_gso classic_protection 10% 
 Sent 13386971 bytes 8860 pkt (dropped 0, overlimits 0 requeues 0) 
 backlog 7570b 5p requeues 0
prob 0.000000 delay_c 4865us delay_l 0us
pkts_in_c 8853 pkts_in_l 12 maxq 8
ecn_mark 0 step_marks 0
credit -120340 (L)
c_marks 0 l_marks 0
dq_count 8860 eq_count 8865
c_drops 0 l_drops 0

TICK_NS 2538594616175
TC_DUR_NS 1801418
NEXT 2538606329999
PLACEMENT i=629
qdisc dualpi2 2: parent 1:10 limit 250p target 15ms tupdate 16ms alpha 0.152344 beta 3.195312 l4s_ect coupling_factor 2 drop_on_overload step_thresh 1ms drop_dequeue split_gso classic_protection 10% 
 Sent 13411195 bytes 8876 pkt (dropped 0, overlimits 0 requeues 0) 
 backlog 7570b 5p requeues 0
prob 0.000000 delay_c 4384us delay_l 0us
pkts_in_c 8869 pkts_in_l 12 maxq 8
ecn_mark 0 step_marks 0
credit -120340 (L)
c_marks 0 l_marks 0
dq_count 8876 eq_count 8881
c_drops 0 l_drops 0

TICK_NS 2538610469001
TC_DUR_NS 1525761
NEXT 2538622329999
PLACEMENT i=630
qdisc dualpi2 2: parent 1:10 limit 250p target 15ms tupdate 16ms alpha 0.152344 beta 3.195312 l4s_ect coupling_factor 2 drop_on_overload step_thresh 1ms drop_dequeue split_gso classic_protection 10% 
 Sent 13435419 bytes 8892 pkt (dropped 0, overlimits 0 requeues 0) 
 backlog 6056b 4p requeues 0
prob 0.000000 delay_c 3210us delay_l 0us
pkts_in_c 8884 pkts_in_l 12 maxq 8
ecn_mark 0 step_marks 0
credit -120340 (L)
c_marks 0 l_marks 0
dq_count 8892 eq_count 8896
c_drops 0 l_drops 0

TICK_NS 2538626143072
TC_DUR_NS 1450760
NEXT 2538638329999
PLACEMENT i=631
qdisc dualpi2 2: parent 1:10 limit 250p target 15ms tupdate 16ms alpha 0.152344 beta 3.195312 l4s_ect coupling_factor 2 drop_on_overload step_thresh 1ms drop_dequeue split_gso classic_protection 10% 
 Sent 13458129 bytes 8907 pkt (dropped 0, overlimits 0 requeues 0) 
 backlog 7570b 5p requeues 0
prob 0.001104 delay_c 4701us delay_l 0us
pkts_in_c 8900 pkts_in_l 12 maxq 8
ecn_mark 0 step_marks 0
credit -120340 (L)
c_marks 0 l_marks 0
dq_count 8907 eq_count 8912
c_drops 0 l_drops 0

TICK_NS 2538642924319
TC_DUR_NS 1572239
NEXT 2538654329999
PLACEMENT i=632
qdisc dualpi2 2: parent 1:10 limit 250p target 15ms tupdate 16ms alpha 0.152344 beta 3.195312 l4s_ect coupling_factor 2 drop_on_overload step_thresh 1ms drop_dequeue split_gso classic_protection 10% 
 Sent 13483867 bytes 8924 pkt (dropped 0, overlimits 0 requeues 0) 
 backlog 6056b 4p requeues 0
prob 0.000000 delay_c 3153us delay_l 0us
pkts_in_c 8916 pkts_in_l 12 maxq 8
ecn_mark 0 step_marks 0
credit -120340 (L)
c_marks 0 l_marks 0
dq_count 8924 eq_count 8928
c_drops 0 l_drops 0

TICK_NS 2538658565267
TC_DUR_NS 1658951
NEXT 2538670329999
PLACEMENT i=633
qdisc dualpi2 2: parent 1:10 limit 250p target 15ms tupdate 16ms alpha 0.152344 beta 3.195312 l4s_ect coupling_factor 2 drop_on_overload step_thresh 1ms drop_dequeue split_gso classic_protection 10% 
 Sent 13506577 bytes 8939 pkt (dropped 0, overlimits 0 requeues 0) 
 backlog 6056b 4p requeues 0
prob 0.001214 delay_c 3833us delay_l 0us
pkts_in_c 8931 pkts_in_l 12 maxq 8
ecn_mark 0 step_marks 0
credit -120340 (L)
c_marks 0 l_marks 0
dq_count 8939 eq_count 8943
c_drops 0 l_drops 0

TICK_NS 2538674458178
TC_DUR_NS 1439059
NEXT 2538686329999
PLACEMENT i=634
qdisc dualpi2 2: parent 1:10 limit 250p target 15ms tupdate 16ms alpha 0.152344 beta 3.195312 l4s_ect coupling_factor 2 drop_on_overload step_thresh 1ms drop_dequeue split_gso classic_protection 10% 
 Sent 13530801 bytes 8955 pkt (dropped 0, overlimits 0 requeues 0) 
 backlog 6056b 4p requeues 0
prob 0.000000 delay_c 3592us delay_l 0us
pkts_in_c 8947 pkts_in_l 12 maxq 8
ecn_mark 0 step_marks 0
credit -120340 (L)
c_marks 0 l_marks 0
dq_count 8955 eq_count 8959
c_drops 0 l_drops 0

TICK_NS 2538690348054
TC_DUR_NS 1455199
NEXT 2538702329999
PLACEMENT i=635
qdisc dualpi2 2: parent 1:10 limit 250p target 15ms tupdate 16ms alpha 0.152344 beta 3.195312 l4s_ect coupling_factor 2 drop_on_overload step_thresh 1ms drop_dequeue split_gso classic_protection 10% 
 Sent 13555025 bytes 8971 pkt (dropped 0, overlimits 0 requeues 0) 
 backlog 6056b 4p requeues 0
prob 0.000000 delay_c 3434us delay_l 0us
pkts_in_c 8963 pkts_in_l 12 maxq 8
ecn_mark 0 step_marks 0
credit -120340 (L)
c_marks 0 l_marks 0
dq_count 8971 eq_count 8975
c_drops 0 l_drops 0

TICK_NS 2538706304414
TC_DUR_NS 1495504
NEXT 2538718329999
PLACEMENT i=636
qdisc dualpi2 2: parent 1:10 limit 250p target 15ms tupdate 16ms alpha 0.152344 beta 3.195312 l4s_ect coupling_factor 2 drop_on_overload step_thresh 1ms drop_dequeue split_gso classic_protection 10% 
 Sent 13579249 bytes 8987 pkt (dropped 0, overlimits 0 requeues 0) 
 backlog 7570b 5p requeues 0
prob 0.000000 delay_c 4089us delay_l 0us
pkts_in_c 8980 pkts_in_l 12 maxq 8
ecn_mark 0 step_marks 0
credit -120340 (L)
c_marks 0 l_marks 0
dq_count 8987 eq_count 8992
c_drops 0 l_drops 0

TICK_NS 2538722633012
TC_DUR_NS 1503199
NEXT 2538734329999
PLACEMENT i=637
qdisc dualpi2 2: parent 1:10 limit 250p target 15ms tupdate 16ms alpha 0.152344 beta 3.195312 l4s_ect coupling_factor 2 drop_on_overload step_thresh 1ms drop_dequeue split_gso classic_protection 10% 
 Sent 13603473 bytes 9003 pkt (dropped 0, overlimits 0 requeues 0) 
 backlog 7570b 5p requeues 0
prob 0.000000 delay_c 4386us delay_l 0us
pkts_in_c 8996 pkts_in_l 12 maxq 8
ecn_mark 0 step_marks 0
credit -120340 (L)
c_marks 0 l_marks 0
dq_count 9003 eq_count 9008
c_drops 0 l_drops 0

TICK_NS 2538738684260
TC_DUR_NS 1486607
NEXT 2538750329999
PLACEMENT i=638
qdisc dualpi2 2: parent 1:10 limit 250p target 15ms tupdate 16ms alpha 0.152344 beta 3.195312 l4s_ect coupling_factor 2 drop_on_overload step_thresh 1ms drop_dequeue split_gso classic_protection 10% 
 Sent 13627697 bytes 9019 pkt (dropped 0, overlimits 0 requeues 0) 
 backlog 6056b 4p requeues 0
prob 0.004486 delay_c 4195us delay_l 0us
pkts_in_c 9011 pkts_in_l 12 maxq 8
ecn_mark 0 step_marks 0
credit -120340 (L)
c_marks 0 l_marks 0
dq_count 9019 eq_count 9023
c_drops 0 l_drops 0

TICK_NS 2538754103653
TC_DUR_NS 1438979
NEXT 2538766329999
PLACEMENT i=639
qdisc dualpi2 2: parent 1:10 limit 250p target 15ms tupdate 16ms alpha 0.152344 beta 3.195312 l4s_ect coupling_factor 2 drop_on_overload step_thresh 1ms drop_dequeue split_gso classic_protection 10% 
 Sent 13650407 bytes 9034 pkt (dropped 0, overlimits 0 requeues 0) 
 backlog 7570b 5p requeues 0
prob 0.000000 delay_c 4471us delay_l 0us
pkts_in_c 9027 pkts_in_l 12 maxq 8
ecn_mark 0 step_marks 0
credit -120340 (L)
c_marks 0 l_marks 0
dq_count 9034 eq_count 9039
c_drops 0 l_drops 0

TICK_NS 2538770434836
TC_DUR_NS 1550086
NEXT 2538782329999
PLACEMENT i=640
qdisc dualpi2 2: parent 1:10 limit 250p target 15ms tupdate 16ms alpha 0.152344 beta 3.195312 l4s_ect coupling_factor 2 drop_on_overload step_thresh 1ms drop_dequeue split_gso classic_protection 10% 
 Sent 13674631 bytes 9050 pkt (dropped 0, overlimits 0 requeues 0) 
 backlog 7570b 5p requeues 0
prob 0.000000 delay_c 4761us delay_l 0us
pkts_in_c 9043 pkts_in_l 12 maxq 8
ecn_mark 0 step_marks 0
credit -120340 (L)
c_marks 0 l_marks 0
dq_count 9050 eq_count 9055
c_drops 0 l_drops 0

TICK_NS 2538786494049
TC_DUR_NS 1564874
NEXT 2538798329999
PLACEMENT i=641
qdisc dualpi2 2: parent 1:10 limit 250p target 15ms tupdate 16ms alpha 0.152344 beta 3.195312 l4s_ect coupling_factor 2 drop_on_overload step_thresh 1ms drop_dequeue split_gso classic_protection 10% 
 Sent 13698855 bytes 9066 pkt (dropped 0, overlimits 0 requeues 0) 
 backlog 6056b 4p requeues 0
prob 0.000000 delay_c 2513us delay_l 0us
pkts_in_c 9058 pkts_in_l 12 maxq 8
ecn_mark 0 step_marks 0
credit -120340 (L)
c_marks 0 l_marks 0
dq_count 9066 eq_count 9070
c_drops 0 l_drops 0

TICK_NS 2538802508228
TC_DUR_NS 1318993
NEXT 2538814329999
PLACEMENT i=642
qdisc dualpi2 2: parent 1:10 limit 250p target 15ms tupdate 16ms alpha 0.152344 beta 3.195312 l4s_ect coupling_factor 2 drop_on_overload step_thresh 1ms drop_dequeue split_gso classic_protection 10% 
 Sent 13723079 bytes 9082 pkt (dropped 0, overlimits 0 requeues 0) 
 backlog 6056b 4p requeues 0
prob 0.001168 delay_c 3518us delay_l 0us
pkts_in_c 9074 pkts_in_l 12 maxq 8
ecn_mark 0 step_marks 0
credit -120340 (L)
c_marks 0 l_marks 0
dq_count 9082 eq_count 9086
c_drops 0 l_drops 0

TICK_NS 2538818512117
TC_DUR_NS 1406497
NEXT 2538830329999
PLACEMENT i=643
qdisc dualpi2 2: parent 1:10 limit 250p target 15ms tupdate 16ms alpha 0.152344 beta 3.195312 l4s_ect coupling_factor 2 drop_on_overload step_thresh 1ms drop_dequeue split_gso classic_protection 10% 
 Sent 13747303 bytes 9098 pkt (dropped 0, overlimits 0 requeues 0) 
 backlog 6056b 4p requeues 0
prob 0.000000 delay_c 3387us delay_l 0us
pkts_in_c 9090 pkts_in_l 12 maxq 8
ecn_mark 0 step_marks 0
credit -120340 (L)
c_marks 0 l_marks 0
dq_count 9098 eq_count 9102
c_drops 0 l_drops 0

TICK_NS 2538834736870
TC_DUR_NS 1412679
NEXT 2538846329999
PLACEMENT i=644
qdisc dualpi2 2: parent 1:10 limit 250p target 15ms tupdate 16ms alpha 0.152344 beta 3.195312 l4s_ect coupling_factor 2 drop_on_overload step_thresh 1ms drop_dequeue split_gso classic_protection 10% 
 Sent 13771527 bytes 9114 pkt (dropped 0, overlimits 0 requeues 0) 
 backlog 7570b 5p requeues 0
prob 0.000000 delay_c 4443us delay_l 0us
pkts_in_c 9107 pkts_in_l 12 maxq 8
ecn_mark 0 step_marks 0
credit -120340 (L)
c_marks 0 l_marks 0
dq_count 9114 eq_count 9119
c_drops 0 l_drops 0

TICK_NS 2538850343825
TC_DUR_NS 1348389
NEXT 2538862329999
PLACEMENT i=645
qdisc dualpi2 2: parent 1:10 limit 250p target 15ms tupdate 16ms alpha 0.152344 beta 3.195312 l4s_ect coupling_factor 2 drop_on_overload step_thresh 1ms drop_dequeue split_gso classic_protection 10% 
 Sent 13794237 bytes 9129 pkt (dropped 0, overlimits 0 requeues 0) 
 backlog 6056b 4p requeues 0
prob 0.000000 delay_c 3835us delay_l 0us
pkts_in_c 9121 pkts_in_l 12 maxq 8
ecn_mark 0 step_marks 0
credit -120340 (L)
c_marks 0 l_marks 0
dq_count 9129 eq_count 9133
c_drops 0 l_drops 0

TICK_NS 2538866418567
TC_DUR_NS 1392371
NEXT 2538878329999
PLACEMENT i=646
qdisc dualpi2 2: parent 1:10 limit 250p target 15ms tupdate 16ms alpha 0.152344 beta 3.195312 l4s_ect coupling_factor 2 drop_on_overload step_thresh 1ms drop_dequeue split_gso classic_protection 10% 
 Sent 13818461 bytes 9145 pkt (dropped 0, overlimits 0 requeues 0) 
 backlog 6056b 4p requeues 0
prob 0.004488 delay_c 3819us delay_l 0us
pkts_in_c 9137 pkts_in_l 12 maxq 8
ecn_mark 0 step_marks 0
credit -120340 (L)
c_marks 0 l_marks 0
dq_count 9145 eq_count 9149
c_drops 0 l_drops 0

TICK_NS 2538882282614
TC_DUR_NS 1295419
NEXT 2538894329999
PLACEMENT i=647
qdisc dualpi2 2: parent 1:10 limit 250p target 15ms tupdate 16ms alpha 0.152344 beta 3.195312 l4s_ect coupling_factor 2 drop_on_overload step_thresh 1ms drop_dequeue split_gso classic_protection 10% 
 Sent 13842685 bytes 9161 pkt (dropped 0, overlimits 0 requeues 0) 
 backlog 7570b 5p requeues 0
prob 0.000000 delay_c 4519us delay_l 0us
pkts_in_c 9154 pkts_in_l 12 maxq 8
ecn_mark 0 step_marks 0
credit -120340 (L)
c_marks 0 l_marks 0
dq_count 9161 eq_count 9166
c_drops 0 l_drops 0

TICK_NS 2538898553935
TC_DUR_NS 1360161
NEXT 2538910329999
PLACEMENT i=648
qdisc dualpi2 2: parent 1:10 limit 250p target 15ms tupdate 16ms alpha 0.152344 beta 3.195312 l4s_ect coupling_factor 2 drop_on_overload step_thresh 1ms drop_dequeue split_gso classic_protection 10% 
 Sent 13866909 bytes 9177 pkt (dropped 0, overlimits 0 requeues 0) 
 backlog 7570b 5p requeues 0
prob 0.001081 delay_c 4656us delay_l 0us
pkts_in_c 9170 pkts_in_l 12 maxq 8
ecn_mark 0 step_marks 0
credit -120340 (L)
c_marks 0 l_marks 0
dq_count 9177 eq_count 9182
c_drops 0 l_drops 0

TICK_NS 2538914390631
TC_DUR_NS 1245375
NEXT 2538926329999
PLACEMENT i=649
qdisc dualpi2 2: parent 1:10 limit 250p target 15ms tupdate 16ms alpha 0.152344 beta 3.195312 l4s_ect coupling_factor 2 drop_on_overload step_thresh 1ms drop_dequeue split_gso classic_protection 10% 
 Sent 13891133 bytes 9193 pkt (dropped 0, overlimits 0 requeues 0) 
 backlog 7570b 5p requeues 0
prob 0.000000 delay_c 4378us delay_l 0us
pkts_in_c 9186 pkts_in_l 12 maxq 8
ecn_mark 0 step_marks 0
credit -120340 (L)
c_marks 0 l_marks 0
dq_count 9193 eq_count 9198
c_drops 0 l_drops 0

TICK_NS 2538930482354
TC_DUR_NS 1436284
NEXT 2538942329999
PLACEMENT i=650
qdisc dualpi2 2: parent 1:10 limit 250p target 15ms tupdate 16ms alpha 0.152344 beta 3.195312 l4s_ect coupling_factor 2 drop_on_overload step_thresh 1ms drop_dequeue split_gso classic_protection 10% 
 Sent 13915357 bytes 9209 pkt (dropped 0, overlimits 0 requeues 0) 
 backlog 6056b 4p requeues 0
prob 0.001180 delay_c 3232us delay_l 0us
pkts_in_c 9201 pkts_in_l 12 maxq 8
ecn_mark 0 step_marks 0
credit -120340 (L)
c_marks 0 l_marks 0
dq_count 9209 eq_count 9213
c_drops 0 l_drops 0

TICK_NS 2538946520588
TC_DUR_NS 1648822
NEXT 2538958329999
PLACEMENT i=651
qdisc dualpi2 2: parent 1:10 limit 250p target 15ms tupdate 16ms alpha 0.152344 beta 3.195312 l4s_ect coupling_factor 2 drop_on_overload step_thresh 1ms drop_dequeue split_gso classic_protection 10% 
 Sent 13939581 bytes 9225 pkt (dropped 0, overlimits 0 requeues 0) 
 backlog 6056b 4p requeues 0
prob 0.000000 delay_c 3029us delay_l 0us
pkts_in_c 9217 pkts_in_l 12 maxq 8
ecn_mark 0 step_marks 0
credit -120340 (L)
c_marks 0 l_marks 0
dq_count 9225 eq_count 9229
c_drops 0 l_drops 0

TICK_NS 2538962261384
TC_DUR_NS 1688426
NEXT 2538974329999
PLACEMENT i=652
qdisc dualpi2 2: parent 1:10 limit 250p target 15ms tupdate 16ms alpha 0.152344 beta 3.195312 l4s_ect coupling_factor 2 drop_on_overload step_thresh 1ms drop_dequeue split_gso classic_protection 10% 
 Sent 13962291 bytes 9240 pkt (dropped 0, overlimits 0 requeues 0) 
 backlog 7570b 5p requeues 0
prob 0.000000 delay_c 4679us delay_l 0us
pkts_in_c 9233 pkts_in_l 12 maxq 8
ecn_mark 0 step_marks 0
credit -120340 (L)
c_marks 0 l_marks 0
dq_count 9240 eq_count 9245
c_drops 0 l_drops 0

TICK_NS 2538978378265
TC_DUR_NS 1486467
NEXT 2538990329999
PLACEMENT i=653
qdisc dualpi2 2: parent 1:10 limit 250p target 15ms tupdate 16ms alpha 0.152344 beta 3.195312 l4s_ect coupling_factor 2 drop_on_overload step_thresh 1ms drop_dequeue split_gso classic_protection 10% 
 Sent 13986515 bytes 9256 pkt (dropped 0, overlimits 0 requeues 0) 
 backlog 6056b 4p requeues 0
prob 0.001285 delay_c 3740us delay_l 0us
pkts_in_c 9248 pkts_in_l 12 maxq 8
ecn_mark 0 step_marks 0
credit -120340 (L)
c_marks 0 l_marks 0
dq_count 9256 eq_count 9260
c_drops 0 l_drops 0

TICK_NS 2538994439592
TC_DUR_NS 1280291
NEXT 2539006329999
PLACEMENT i=654
qdisc dualpi2 2: parent 1:10 limit 250p target 15ms tupdate 16ms alpha 0.152344 beta 3.195312 l4s_ect coupling_factor 2 drop_on_overload step_thresh 1ms drop_dequeue split_gso classic_protection 10% 
 Sent 14010739 bytes 9272 pkt (dropped 0, overlimits 0 requeues 0) 
 backlog 6056b 4p requeues 0
prob 0.000000 delay_c 3609us delay_l 0us
pkts_in_c 9264 pkts_in_l 12 maxq 8
ecn_mark 0 step_marks 0
credit -120340 (L)
c_marks 0 l_marks 0
dq_count 9272 eq_count 9276
c_drops 0 l_drops 0

TICK_NS 2539010374792
TC_DUR_NS 1457262
NEXT 2539022329999
PLACEMENT i=655
qdisc dualpi2 2: parent 1:10 limit 250p target 15ms tupdate 16ms alpha 0.152344 beta 3.195312 l4s_ect coupling_factor 2 drop_on_overload step_thresh 1ms drop_dequeue split_gso classic_protection 10% 
 Sent 14034963 bytes 9288 pkt (dropped 0, overlimits 0 requeues 0) 
 backlog 3028b 2p requeues 0
prob 0.000000 delay_c 3383us delay_l 0us
pkts_in_c 9278 pkts_in_l 12 maxq 8
ecn_mark 0 step_marks 0
credit -120340 (L)
c_marks 0 l_marks 0
dq_count 9288 eq_count 9290
c_drops 0 l_drops 0

TICK_NS 2539026539022
TC_DUR_NS 1495805
NEXT 2539038329999
PLACEMENT i=656
qdisc dualpi2 2: parent 1:10 limit 250p target 15ms tupdate 16ms alpha 0.152344 beta 3.195312 l4s_ect coupling_factor 2 drop_on_overload step_thresh 1ms drop_dequeue split_gso classic_protection 10% 
 Sent 14059187 bytes 9304 pkt (dropped 0, overlimits 0 requeues 0) 
 backlog 7570b 5p requeues 0
prob 0.000000 delay_c 4396us delay_l 0us
pkts_in_c 9297 pkts_in_l 12 maxq 8
ecn_mark 0 step_marks 0
credit -120340 (L)
c_marks 0 l_marks 0
dq_count 9304 eq_count 9309
c_drops 0 l_drops 0

TICK_NS 2539042794223
TC_DUR_NS 1600061
NEXT 2539054329999
PLACEMENT i=657
qdisc dualpi2 2: parent 1:10 limit 250p target 15ms tupdate 16ms alpha 0.152344 beta 3.195312 l4s_ect coupling_factor 2 drop_on_overload step_thresh 1ms drop_dequeue split_gso classic_protection 10% 
 Sent 14083411 bytes 9320 pkt (dropped 0, overlimits 0 requeues 0) 
 backlog 7570b 5p requeues 0
prob 0.000000 delay_c 4447us delay_l 0us
pkts_in_c 9313 pkts_in_l 12 maxq 8
ecn_mark 0 step_marks 0
credit -120340 (L)
c_marks 0 l_marks 0
dq_count 9320 eq_count 9325
c_drops 0 l_drops 0

TICK_NS 2539058356684
TC_DUR_NS 1356263
NEXT 2539070329999
PLACEMENT i=658
qdisc dualpi2 2: parent 1:10 limit 250p target 15ms tupdate 16ms alpha 0.152344 beta 3.195312 l4s_ect coupling_factor 2 drop_on_overload step_thresh 1ms drop_dequeue split_gso classic_protection 10% 
 Sent 14107635 bytes 9336 pkt (dropped 0, overlimits 0 requeues 0) 
 backlog 6056b 4p requeues 0
prob 0.000000 delay_c 2044us delay_l 0us
pkts_in_c 9328 pkts_in_l 12 maxq 8
ecn_mark 0 step_marks 0
credit -120340 (L)
c_marks 0 l_marks 0
dq_count 9336 eq_count 9340
c_drops 0 l_drops 0

TICK_NS 2539074628897
TC_DUR_NS 1579952
NEXT 2539086329999
PLACEMENT i=659
qdisc dualpi2 2: parent 1:10 limit 250p target 15ms tupdate 16ms alpha 0.152344 beta 3.195312 l4s_ect coupling_factor 2 drop_on_overload step_thresh 1ms drop_dequeue split_gso classic_protection 10% 
 Sent 14130345 bytes 9351 pkt (dropped 0, overlimits 0 requeues 0) 
 backlog 7570b 5p requeues 0
prob 0.001143 delay_c 4978us delay_l 0us
pkts_in_c 9344 pkts_in_l 12 maxq 8
ecn_mark 0 step_marks 0
credit -120340 (L)
c_marks 0 l_marks 0
dq_count 9351 eq_count 9356
c_drops 0 l_drops 0

TICK_NS 2539090180628
TC_DUR_NS 1347367
NEXT 2539102329999
PLACEMENT i=660
qdisc dualpi2 2: parent 1:10 limit 250p target 15ms tupdate 16ms alpha 0.152344 beta 3.195312 l4s_ect coupling_factor 2 drop_on_overload step_thresh 1ms drop_dequeue split_gso classic_protection 10% 
 Sent 14154569 bytes 9367 pkt (dropped 0, overlimits 0 requeues 0) 
 backlog 7570b 5p requeues 0
prob 0.000000 delay_c 4555us delay_l 0us
pkts_in_c 9360 pkts_in_l 12 maxq 8
ecn_mark 0 step_marks 0
credit -120340 (L)
c_marks 0 l_marks 0
dq_count 9367 eq_count 9372
c_drops 0 l_drops 0

TICK_NS 2539106709862
TC_DUR_NS 1564573
NEXT 2539118329999
PLACEMENT i=661
qdisc dualpi2 2: parent 1:10 limit 250p target 15ms tupdate 16ms alpha 0.152344 beta 3.195312 l4s_ect coupling_factor 2 drop_on_overload step_thresh 1ms drop_dequeue split_gso classic_protection 10% 
 Sent 14178793 bytes 9383 pkt (dropped 0, overlimits 0 requeues 0) 
 backlog 6056b 4p requeues 0
prob 0.000000 delay_c 3750us delay_l 0us
pkts_in_c 9375 pkts_in_l 12 maxq 8
ecn_mark 0 step_marks 0
credit -120340 (L)
c_marks 0 l_marks 0
dq_count 9383 eq_count 9387
c_drops 0 l_drops 0

TICK_NS 2539122422105
TC_DUR_NS 1458004
NEXT 2539134329999
PLACEMENT i=662
qdisc dualpi2 2: parent 1:10 limit 250p target 15ms tupdate 16ms alpha 0.152344 beta 3.195312 l4s_ect coupling_factor 2 drop_on_overload step_thresh 1ms drop_dequeue split_gso classic_protection 10% 
 Sent 14203017 bytes 9399 pkt (dropped 0, overlimits 0 requeues 0) 
 backlog 6056b 4p requeues 0
prob 0.001234 delay_c 3419us delay_l 0us
pkts_in_c 9391 pkts_in_l 12 maxq 8
ecn_mark 0 step_marks 0
credit -120340 (L)
c_marks 0 l_marks 0
dq_count 9399 eq_count 9403
c_drops 0 l_drops 0

TICK_NS 2539138520521
TC_DUR_NS 1667677
NEXT 2539150329999
PLACEMENT i=663
qdisc dualpi2 2: parent 1:10 limit 250p target 15ms tupdate 16ms alpha 0.152344 beta 3.195312 l4s_ect coupling_factor 2 drop_on_overload step_thresh 1ms drop_dequeue split_gso classic_protection 10% 
 Sent 14227241 bytes 9415 pkt (dropped 0, overlimits 0 requeues 0) 
 backlog 6056b 4p requeues 0
prob 0.000000 delay_c 3315us delay_l 0us
pkts_in_c 9407 pkts_in_l 12 maxq 8
ecn_mark 0 step_marks 0
credit -120340 (L)
c_marks 0 l_marks 0
dq_count 9415 eq_count 9419
c_drops 0 l_drops 0

TICK_NS 2539154508801
TC_DUR_NS 1457553
NEXT 2539166329999
PLACEMENT i=664
qdisc dualpi2 2: parent 1:10 limit 250p target 15ms tupdate 16ms alpha 0.152344 beta 3.195312 l4s_ect coupling_factor 2 drop_on_overload step_thresh 1ms drop_dequeue split_gso classic_protection 10% 
 Sent 14251465 bytes 9431 pkt (dropped 0, overlimits 0 requeues 0) 
 backlog 7570b 5p requeues 0
prob 0.000000 delay_c 4184us delay_l 0us
pkts_in_c 9424 pkts_in_l 12 maxq 8
ecn_mark 0 step_marks 0
credit -120340 (L)
c_marks 0 l_marks 0
dq_count 9431 eq_count 9436
c_drops 0 l_drops 0

TICK_NS 2539170483265
TC_DUR_NS 1529418
NEXT 2539182329999
PLACEMENT i=665
qdisc dualpi2 2: parent 1:10 limit 250p target 15ms tupdate 16ms alpha 0.152344 beta 3.195312 l4s_ect coupling_factor 2 drop_on_overload step_thresh 1ms drop_dequeue split_gso classic_protection 10% 
 Sent 14275689 bytes 9447 pkt (dropped 0, overlimits 0 requeues 0) 
 backlog 7570b 5p requeues 0
prob 0.001036 delay_c 4081us delay_l 0us
pkts_in_c 9440 pkts_in_l 12 maxq 8
ecn_mark 0 step_marks 0
credit -120340 (L)
c_marks 0 l_marks 0
dq_count 9447 eq_count 9452
c_drops 0 l_drops 0

TICK_NS 2539186159340
TC_DUR_NS 1449077
NEXT 2539198329999
PLACEMENT i=666
qdisc dualpi2 2: parent 1:10 limit 250p target 15ms tupdate 16ms alpha 0.152344 beta 3.195312 l4s_ect coupling_factor 2 drop_on_overload step_thresh 1ms drop_dequeue split_gso classic_protection 10% 
 Sent 14298399 bytes 9462 pkt (dropped 0, overlimits 0 requeues 0) 
 backlog 6056b 4p requeues 0
prob 0.000000 delay_c 3533us delay_l 0us
pkts_in_c 9454 pkts_in_l 12 maxq 8
ecn_mark 0 step_marks 0
credit -120340 (L)
c_marks 0 l_marks 0
dq_count 9462 eq_count 9466
c_drops 0 l_drops 0

TICK_NS 2539202677533
TC_DUR_NS 1480155
NEXT 2539214329999
PLACEMENT i=667
qdisc dualpi2 2: parent 1:10 limit 250p target 15ms tupdate 16ms alpha 0.152344 beta 3.195312 l4s_ect coupling_factor 2 drop_on_overload step_thresh 1ms drop_dequeue split_gso classic_protection 10% 
 Sent 14322623 bytes 9478 pkt (dropped 0, overlimits 0 requeues 0) 
 backlog 7570b 5p requeues 0
prob 0.001176 delay_c 4925us delay_l 0us
pkts_in_c 9471 pkts_in_l 12 maxq 8
ecn_mark 0 step_marks 0
credit -120340 (L)
c_marks 0 l_marks 0
dq_count 9478 eq_count 9483
c_drops 0 l_drops 0

TICK_NS 2539218226890
TC_DUR_NS 1440551
NEXT 2539230329999
PLACEMENT i=668
qdisc dualpi2 2: parent 1:10 limit 250p target 15ms tupdate 16ms alpha 0.152344 beta 3.195312 l4s_ect coupling_factor 2 drop_on_overload step_thresh 1ms drop_dequeue split_gso classic_protection 10% 
 Sent 14346847 bytes 9494 pkt (dropped 0, overlimits 0 requeues 0) 
 backlog 7570b 5p requeues 0
prob 0.000000 delay_c 4354us delay_l 0us
pkts_in_c 9487 pkts_in_l 12 maxq 8
ecn_mark 0 step_marks 0
credit -120340 (L)
c_marks 0 l_marks 0
dq_count 9494 eq_count 9499
c_drops 0 l_drops 0

TICK_NS 2539234701442
TC_DUR_NS 1635507
NEXT 2539246329999
PLACEMENT i=669
qdisc dualpi2 2: parent 1:10 limit 250p target 15ms tupdate 16ms alpha 0.152344 beta 3.195312 l4s_ect coupling_factor 2 drop_on_overload step_thresh 1ms drop_dequeue split_gso classic_protection 10% 
 Sent 14371071 bytes 9510 pkt (dropped 0, overlimits 0 requeues 0) 
 backlog 7570b 5p requeues 0
prob 0.000000 delay_c 4639us delay_l 0us
pkts_in_c 9503 pkts_in_l 12 maxq 8
ecn_mark 0 step_marks 0
credit -120340 (L)
c_marks 0 l_marks 0
dq_count 9510 eq_count 9515
c_drops 0 l_drops 0

TICK_NS 2539250402102
TC_DUR_NS 1334563
NEXT 2539262329999
PLACEMENT i=670
qdisc dualpi2 2: parent 1:10 limit 250p target 15ms tupdate 16ms alpha 0.152344 beta 3.195312 l4s_ect coupling_factor 2 drop_on_overload step_thresh 1ms drop_dequeue split_gso classic_protection 10% 
 Sent 14395295 bytes 9526 pkt (dropped 0, overlimits 0 requeues 0) 
 backlog 6056b 4p requeues 0
prob 0.001239 delay_c 3303us delay_l 0us
pkts_in_c 9518 pkts_in_l 12 maxq 8
ecn_mark 0 step_marks 0
credit -120340 (L)
c_marks 0 l_marks 0
dq_count 9526 eq_count 9530
c_drops 0 l_drops 0

TICK_NS 2539266399409
TC_DUR_NS 1374668
NEXT 2539278329999
PLACEMENT i=671
qdisc dualpi2 2: parent 1:10 limit 250p target 15ms tupdate 16ms alpha 0.152344 beta 3.195312 l4s_ect coupling_factor 2 drop_on_overload step_thresh 1ms drop_dequeue split_gso classic_protection 10% 
 Sent 14419519 bytes 9542 pkt (dropped 0, overlimits 0 requeues 0) 
 backlog 6056b 4p requeues 0
prob 0.000000 delay_c 3102us delay_l 0us
pkts_in_c 9534 pkts_in_l 12 maxq 8
ecn_mark 0 step_marks 0
credit -120340 (L)
c_marks 0 l_marks 0
dq_count 9542 eq_count 9546
c_drops 0 l_drops 0

TICK_NS 2539282131970
TC_DUR_NS 1384426
NEXT 2539294329999
PLACEMENT i=672
qdisc dualpi2 2: parent 1:10 limit 250p target 15ms tupdate 16ms alpha 0.152344 beta 3.195312 l4s_ect coupling_factor 2 drop_on_overload step_thresh 1ms drop_dequeue split_gso classic_protection 10% 
 Sent 14442229 bytes 9557 pkt (dropped 0, overlimits 0 requeues 0) 
 backlog 4542b 3p requeues 0
prob 0.000000 delay_c 4696us delay_l 0us
pkts_in_c 9548 pkts_in_l 12 maxq 8
ecn_mark 0 step_marks 0
credit -120340 (L)
c_marks 0 l_marks 0
dq_count 9557 eq_count 9560
c_drops 0 l_drops 0

TICK_NS 2539298424580
TC_DUR_NS 1427166
NEXT 2539310329999
PLACEMENT i=673
qdisc dualpi2 2: parent 1:10 limit 250p target 15ms tupdate 16ms alpha 0.152344 beta 3.195312 l4s_ect coupling_factor 2 drop_on_overload step_thresh 1ms drop_dequeue split_gso classic_protection 10% 
 Sent 14466453 bytes 9573 pkt (dropped 0, overlimits 0 requeues 0) 
 backlog 6056b 4p requeues 0
prob 0.000000 delay_c 3831us delay_l 0us
pkts_in_c 9565 pkts_in_l 12 maxq 8
ecn_mark 0 step_marks 0
credit -120340 (L)
c_marks 0 l_marks 0
dq_count 9573 eq_count 9577
c_drops 0 l_drops 0

TICK_NS 2539314474426
TC_DUR_NS 1322290
NEXT 2539326329999
PLACEMENT i=674
qdisc dualpi2 2: parent 1:10 limit 250p target 15ms tupdate 16ms alpha 0.152344 beta 3.195312 l4s_ect coupling_factor 2 drop_on_overload step_thresh 1ms drop_dequeue split_gso classic_protection 10% 
 Sent 14490677 bytes 9589 pkt (dropped 0, overlimits 0 requeues 0) 
 backlog 6056b 4p requeues 0
prob 0.000000 delay_c 3753us delay_l 0us
pkts_in_c 9581 pkts_in_l 12 maxq 8
ecn_mark 0 step_marks 0
credit -120340 (L)
c_marks 0 l_marks 0
dq_count 9589 eq_count 9593
c_drops 0 l_drops 0

TICK_NS 2539330422761
TC_DUR_NS 1432827
NEXT 2539342329999
PLACEMENT i=675
qdisc dualpi2 2: parent 1:10 limit 250p target 15ms tupdate 16ms alpha 0.152344 beta 3.195312 l4s_ect coupling_factor 2 drop_on_overload step_thresh 1ms drop_dequeue split_gso classic_protection 10% 
 Sent 14514901 bytes 9605 pkt (dropped 0, overlimits 0 requeues 0) 
 backlog 7570b 5p requeues 0
prob 0.000000 delay_c 1537us delay_l 0us
pkts_in_c 9598 pkts_in_l 12 maxq 8
ecn_mark 0 step_marks 0
credit -120340 (L)
c_marks 0 l_marks 0
dq_count 9605 eq_count 9610
c_drops 0 l_drops 0

TICK_NS 2539346649127
TC_DUR_NS 1566196
NEXT 2539358329999
PLACEMENT i=676
qdisc dualpi2 2: parent 1:10 limit 250p target 15ms tupdate 16ms alpha 0.152344 beta 3.195312 l4s_ect coupling_factor 2 drop_on_overload step_thresh 1ms drop_dequeue split_gso classic_protection 10% 
 Sent 14539125 bytes 9621 pkt (dropped 0, overlimits 0 requeues 0) 
 backlog 7570b 5p requeues 0
prob 0.001111 delay_c 4504us delay_l 0us
pkts_in_c 9614 pkts_in_l 12 maxq 8
ecn_mark 0 step_marks 0
credit -120340 (L)
c_marks 0 l_marks 0
dq_count 9621 eq_count 9626
c_drops 0 l_drops 0

TICK_NS 2539362525287
TC_DUR_NS 1452824
NEXT 2539374329999
PLACEMENT i=677
qdisc dualpi2 2: parent 1:10 limit 250p target 15ms tupdate 16ms alpha 0.152344 beta 3.195312 l4s_ect coupling_factor 2 drop_on_overload step_thresh 1ms drop_dequeue split_gso classic_protection 10% 
 Sent 14563349 bytes 9637 pkt (dropped 0, overlimits 0 requeues 0) 
 backlog 7570b 5p requeues 0
prob 0.000000 delay_c 4333us delay_l 0us
pkts_in_c 9630 pkts_in_l 12 maxq 8
ecn_mark 0 step_marks 0
credit -120340 (L)
c_marks 0 l_marks 0
dq_count 9637 eq_count 9642
c_drops 0 l_drops 0

TICK_NS 2539378148122
TC_DUR_NS 1518777
NEXT 2539390329999
PLACEMENT i=678
qdisc dualpi2 2: parent 1:10 limit 250p target 15ms tupdate 16ms alpha 0.152344 beta 3.195312 l4s_ect coupling_factor 2 drop_on_overload step_thresh 1ms drop_dequeue split_gso classic_protection 10% 
 Sent 14586059 bytes 9652 pkt (dropped 0, overlimits 0 requeues 0) 
 backlog 7570b 5p requeues 0
prob 0.000000 delay_c 3681us delay_l 0us
pkts_in_c 9645 pkts_in_l 12 maxq 8
ecn_mark 0 step_marks 0
credit -120340 (L)
c_marks 0 l_marks 0
dq_count 9652 eq_count 9657
c_drops 0 l_drops 0

TICK_NS 2539394280311
TC_DUR_NS 1317079
NEXT 2539406329999
PLACEMENT i=679
qdisc dualpi2 2: parent 1:10 limit 250p target 15ms tupdate 16ms alpha 0.152344 beta 3.195312 l4s_ect coupling_factor 2 drop_on_overload step_thresh 1ms drop_dequeue split_gso classic_protection 10% 
 Sent 14610283 bytes 9668 pkt (dropped 0, overlimits 0 requeues 0) 
 backlog 7570b 5p requeues 0
prob 0.001189 delay_c 4792us delay_l 0us
pkts_in_c 9661 pkts_in_l 12 maxq 8
ecn_mark 0 step_marks 0
credit -120340 (L)
c_marks 0 l_marks 0
dq_count 9668 eq_count 9673
c_drops 0 l_drops 0

TICK_NS 2539410234247
TC_DUR_NS 1452514
NEXT 2539422329999
PLACEMENT i=680
qdisc dualpi2 2: parent 1:10 limit 250p target 15ms tupdate 16ms alpha 0.152344 beta 3.195312 l4s_ect coupling_factor 2 drop_on_overload step_thresh 1ms drop_dequeue split_gso classic_protection 10% 
 Sent 14634507 bytes 9684 pkt (dropped 0, overlimits 0 requeues 0) 
 backlog 7570b 5p requeues 0
prob 0.000000 delay_c 4561us delay_l 0us
pkts_in_c 9677 pkts_in_l 12 maxq 8
ecn_mark 0 step_marks 0
credit -120340 (L)
c_marks 0 l_marks 0
dq_count 9684 eq_count 9689
c_drops 0 l_drops 0

TICK_NS 2539426394439
TC_DUR_NS 1379396
NEXT 2539438329999
PLACEMENT i=681
qdisc dualpi2 2: parent 1:10 limit 250p target 15ms tupdate 16ms alpha 0.152344 beta 3.195312 l4s_ect coupling_factor 2 drop_on_overload step_thresh 1ms drop_dequeue split_gso classic_protection 10% 
 Sent 14658731 bytes 9700 pkt (dropped 0, overlimits 0 requeues 0) 
 backlog 6056b 4p requeues 0
prob 0.000000 delay_c 3494us delay_l 0us
pkts_in_c 9692 pkts_in_l 12 maxq 8
ecn_mark 0 step_marks 0
credit -120340 (L)
c_marks 0 l_marks 0
dq_count 9700 eq_count 9704
c_drops 0 l_drops 0

TICK_NS 2539442412726
TC_DUR_NS 1382973
NEXT 2539454329999
PLACEMENT i=682
qdisc dualpi2 2: parent 1:10 limit 250p target 15ms tupdate 16ms alpha 0.152344 beta 3.195312 l4s_ect coupling_factor 2 drop_on_overload step_thresh 1ms drop_dequeue split_gso classic_protection 10% 
 Sent 14682955 bytes 9716 pkt (dropped 0, overlimits 0 requeues 0) 
 backlog 6056b 4p requeues 0
prob 0.001007 delay_c 3485us delay_l 0us
pkts_in_c 9708 pkts_in_l 12 maxq 8
ecn_mark 0 step_marks 0
credit -120340 (L)
c_marks 0 l_marks 0
dq_count 9716 eq_count 9720
c_drops 0 l_drops 0

TICK_NS 2539458673757
TC_DUR_NS 1689288
NEXT 2539470329999
PLACEMENT i=683
qdisc dualpi2 2: parent 1:10 limit 250p target 15ms tupdate 16ms alpha 0.152344 beta 3.195312 l4s_ect coupling_factor 2 drop_on_overload step_thresh 1ms drop_dequeue split_gso classic_protection 10% 
 Sent 14707179 bytes 9732 pkt (dropped 0, overlimits 0 requeues 0) 
 backlog 6056b 4p requeues 0
prob 0.000000 delay_c 3488us delay_l 0us
pkts_in_c 9724 pkts_in_l 12 maxq 8
ecn_mark 0 step_marks 0
credit -120340 (L)
c_marks 0 l_marks 0
dq_count 9732 eq_count 9736
c_drops 0 l_drops 0

TICK_NS 2539474461300
TC_DUR_NS 1372163
NEXT 2539486329999
PLACEMENT i=684
qdisc dualpi2 2: parent 1:10 limit 250p target 15ms tupdate 16ms alpha 0.152344 beta 3.195312 l4s_ect coupling_factor 2 drop_on_overload step_thresh 1ms drop_dequeue split_gso classic_protection 10% 
 Sent 14731403 bytes 9748 pkt (dropped 0, overlimits 0 requeues 0) 
 backlog 7570b 5p requeues 0
prob 0.001114 delay_c 4246us delay_l 0us
pkts_in_c 9741 pkts_in_l 12 maxq 8
ecn_mark 0 step_marks 0
credit -120340 (L)
c_marks 0 l_marks 0
dq_count 9748 eq_count 9753
c_drops 0 l_drops 0

TICK_NS 2539490540000
TC_DUR_NS 1644674
NEXT 2539502329999
PLACEMENT i=685
qdisc dualpi2 2: parent 1:10 limit 250p target 15ms tupdate 16ms alpha 0.152344 beta 3.195312 l4s_ect coupling_factor 2 drop_on_overload step_thresh 1ms drop_dequeue split_gso classic_protection 10% 
 Sent 14755627 bytes 9764 pkt (dropped 0, overlimits 0 requeues 0) 
 backlog 7570b 5p requeues 0
prob 0.000000 delay_c 4054us delay_l 0us
pkts_in_c 9757 pkts_in_l 12 maxq 8
ecn_mark 0 step_marks 0
credit -120340 (L)
c_marks 0 l_marks 0
dq_count 9764 eq_count 9769
c_drops 0 l_drops 0

TICK_NS 2539506254737
TC_DUR_NS 1410205
NEXT 2539518329999
PLACEMENT i=686
qdisc dualpi2 2: parent 1:10 limit 250p target 15ms tupdate 16ms alpha 0.152344 beta 3.195312 l4s_ect coupling_factor 2 drop_on_overload step_thresh 1ms drop_dequeue split_gso classic_protection 10% 
 Sent 14778337 bytes 9779 pkt (dropped 0, overlimits 0 requeues 0) 
 backlog 6056b 4p requeues 0
prob 0.000000 delay_c 3711us delay_l 0us
pkts_in_c 9771 pkts_in_l 12 maxq 8
ecn_mark 0 step_marks 0
credit -120340 (L)
c_marks 0 l_marks 0
dq_count 9779 eq_count 9783
c_drops 0 l_drops 0

TICK_NS 2539522399591
TC_DUR_NS 1278477
NEXT 2539534329999
PLACEMENT i=687
qdisc dualpi2 2: parent 1:10 limit 250p target 15ms tupdate 16ms alpha 0.152344 beta 3.195312 l4s_ect coupling_factor 2 drop_on_overload step_thresh 1ms drop_dequeue split_gso classic_protection 10% 
 Sent 14802561 bytes 9795 pkt (dropped 0, overlimits 0 requeues 0) 
 backlog 7570b 5p requeues 0
prob 0.001198 delay_c 4734us delay_l 0us
pkts_in_c 9788 pkts_in_l 12 maxq 8
ecn_mark 0 step_marks 0
credit -120340 (L)
c_marks 0 l_marks 0
dq_count 9795 eq_count 9800
c_drops 0 l_drops 0

TICK_NS 2539538545215
TC_DUR_NS 1407429
NEXT 2539550329999
PLACEMENT i=688
qdisc dualpi2 2: parent 1:10 limit 250p target 15ms tupdate 16ms alpha 0.152344 beta 3.195312 l4s_ect coupling_factor 2 drop_on_overload step_thresh 1ms drop_dequeue split_gso classic_protection 10% 
 Sent 14826785 bytes 9811 pkt (dropped 0, overlimits 0 requeues 0) 
 backlog 7570b 5p requeues 0
prob 0.000000 delay_c 4699us delay_l 0us
pkts_in_c 9804 pkts_in_l 12 maxq 8
ecn_mark 0 step_marks 0
credit -120340 (L)
c_marks 0 l_marks 0
dq_count 9811 eq_count 9816
c_drops 0 l_drops 0

TICK_NS 2539554607574
TC_DUR_NS 1698856
NEXT 2539566329999
PLACEMENT i=689
qdisc dualpi2 2: parent 1:10 limit 250p target 15ms tupdate 16ms alpha 0.152344 beta 3.195312 l4s_ect coupling_factor 2 drop_on_overload step_thresh 1ms drop_dequeue split_gso classic_protection 10% 
 Sent 14851009 bytes 9827 pkt (dropped 0, overlimits 0 requeues 0) 
 backlog 4542b 3p requeues 0
prob 0.000000 delay_c 4468us delay_l 0us
pkts_in_c 9818 pkts_in_l 12 maxq 8
ecn_mark 0 step_marks 0
credit -120340 (L)
c_marks 0 l_marks 0
dq_count 9827 eq_count 9830
c_drops 0 l_drops 0

TICK_NS 2539570602667
TC_DUR_NS 1717982
NEXT 2539582329999
PLACEMENT i=690
qdisc dualpi2 2: parent 1:10 limit 250p target 15ms tupdate 16ms alpha 0.152344 beta 3.195312 l4s_ect coupling_factor 2 drop_on_overload step_thresh 1ms drop_dequeue split_gso classic_protection 10% 
 Sent 14875233 bytes 9843 pkt (dropped 0, overlimits 0 requeues 0) 
 backlog 6056b 4p requeues 0
prob 0.000000 delay_c 3447us delay_l 0us
pkts_in_c 9835 pkts_in_l 12 maxq 8
ecn_mark 0 step_marks 0
credit -120340 (L)
c_marks 0 l_marks 0
dq_count 9843 eq_count 9847
c_drops 0 l_drops 0

TICK_NS 2539586316963
TC_DUR_NS 1567809
NEXT 2539598329999
PLACEMENT i=691
qdisc dualpi2 2: parent 1:10 limit 250p target 15ms tupdate 16ms alpha 0.152344 beta 3.195312 l4s_ect coupling_factor 2 drop_on_overload step_thresh 1ms drop_dequeue split_gso classic_protection 10% 
 Sent 14899457 bytes 9859 pkt (dropped 0, overlimits 0 requeues 0) 
 backlog 6056b 4p requeues 0
prob 0.004481 delay_c 3064us delay_l 0us
pkts_in_c 9851 pkts_in_l 12 maxq 8
ecn_mark 0 step_marks 0
credit -120340 (L)
c_marks 0 l_marks 0
dq_count 9859 eq_count 9863
c_drops 0 l_drops 0

TICK_NS 2539601968592
TC_DUR_NS 1269811
NEXT 2539614329999
PLACEMENT i=692
qdisc dualpi2 2: parent 1:10 limit 250p target 15ms tupdate 16ms alpha 0.152344 beta 3.195312 l4s_ect coupling_factor 2 drop_on_overload step_thresh 1ms drop_dequeue split_gso classic_protection 10% 
 Sent 14922167 bytes 9874 pkt (dropped 0, overlimits 0 requeues 0) 
 backlog 6056b 4p requeues 0
prob 0.002508 delay_c 4616us delay_l 0us
pkts_in_c 9866 pkts_in_l 12 maxq 8
ecn_mark 0 step_marks 0
credit -120340 (L)
c_marks 0 l_marks 0
dq_count 9874 eq_count 9878
c_drops 0 l_drops 0

TICK_NS 2539618679297
TC_DUR_NS 1360791
NEXT 2539630329999
PLACEMENT i=693
qdisc dualpi2 2: parent 1:10 limit 250p target 15ms tupdate 16ms alpha 0.152344 beta 3.195312 l4s_ect coupling_factor 2 drop_on_overload step_thresh 1ms drop_dequeue split_gso classic_protection 10% 
 Sent 14947905 bytes 9891 pkt (dropped 0, overlimits 0 requeues 0) 
 backlog 7570b 5p requeues 0
prob 0.000000 delay_c 4052us delay_l 0us
pkts_in_c 9884 pkts_in_l 12 maxq 8
ecn_mark 0 step_marks 0
credit -120340 (L)
c_marks 0 l_marks 0
dq_count 9891 eq_count 9896
c_drops 0 l_drops 0

TICK_NS 2539634797139
TC_DUR_NS 1738220
NEXT 2539646329999
PLACEMENT i=694
qdisc dualpi2 2: parent 1:10 limit 250p target 15ms tupdate 16ms alpha 0.152344 beta 3.195312 l4s_ect coupling_factor 2 drop_on_overload step_thresh 1ms drop_dequeue split_gso classic_protection 10% 
 Sent 14970615 bytes 9906 pkt (dropped 0, overlimits 0 requeues 0) 
 backlog 6056b 4p requeues 0
prob 0.000000 delay_c 3805us delay_l 0us
pkts_in_c 9898 pkts_in_l 12 maxq 8
ecn_mark 0 step_marks 0
credit -120340 (L)
c_marks 0 l_marks 0
dq_count 9906 eq_count 9910
c_drops 0 l_drops 0

TICK_NS 2539650160327
TC_DUR_NS 1396880
NEXT 2539662329999
PLACEMENT i=695
qdisc dualpi2 2: parent 1:10 limit 250p target 15ms tupdate 16ms alpha 0.152344 beta 3.195312 l4s_ect coupling_factor 2 drop_on_overload step_thresh 1ms drop_dequeue split_gso classic_protection 10% 
 Sent 14994839 bytes 9922 pkt (dropped 0, overlimits 0 requeues 0) 
 backlog 7570b 5p requeues 0
prob 0.000000 delay_c 2304us delay_l 0us
pkts_in_c 9915 pkts_in_l 12 maxq 8
ecn_mark 0 step_marks 0
credit -120340 (L)
c_marks 0 l_marks 0
dq_count 9922 eq_count 9927
c_drops 0 l_drops 0

TICK_NS 2539666708898
TC_DUR_NS 1501916
NEXT 2539678329999
PLACEMENT i=696
qdisc dualpi2 2: parent 1:10 limit 250p target 15ms tupdate 16ms alpha 0.152344 beta 3.195312 l4s_ect coupling_factor 2 drop_on_overload step_thresh 1ms drop_dequeue split_gso classic_protection 10% 
 Sent 15019063 bytes 9938 pkt (dropped 0, overlimits 0 requeues 0) 
 backlog 7570b 5p requeues 0
prob 0.001194 delay_c 4659us delay_l 0us
pkts_in_c 9931 pkts_in_l 12 maxq 8
ecn_mark 0 step_marks 0
credit -120340 (L)
c_marks 0 l_marks 0
dq_count 9938 eq_count 9943
c_drops 0 l_drops 0

TICK_NS 2539682530916
TC_DUR_NS 1484052
NEXT 2539694329999
PLACEMENT i=697
qdisc dualpi2 2: parent 1:10 limit 250p target 15ms tupdate 16ms alpha 0.152344 beta 3.195312 l4s_ect coupling_factor 2 drop_on_overload step_thresh 1ms drop_dequeue split_gso classic_protection 10% 
 Sent 15043287 bytes 9954 pkt (dropped 0, overlimits 0 requeues 0) 
 backlog 7570b 5p requeues 0
prob 0.000000 delay_c 4323us delay_l 0us
pkts_in_c 9947 pkts_in_l 12 maxq 8
ecn_mark 0 step_marks 0
credit -120340 (L)
c_marks 0 l_marks 0
dq_count 9954 eq_count 9959
c_drops 0 l_drops 0

TICK_NS 2539698375577
TC_DUR_NS 1539005
NEXT 2539710329999
PLACEMENT i=698
qdisc dualpi2 2: parent 1:10 limit 250p target 15ms tupdate 16ms alpha 0.152344 beta 3.195312 l4s_ect coupling_factor 2 drop_on_overload step_thresh 1ms drop_dequeue split_gso classic_protection 10% 
 Sent 15067511 bytes 9970 pkt (dropped 0, overlimits 0 requeues 0) 
 backlog 6056b 4p requeues 0
prob 0.000000 delay_c 3057us delay_l 0us
pkts_in_c 9962 pkts_in_l 12 maxq 8
ecn_mark 0 step_marks 0
credit -120340 (L)
c_marks 0 l_marks 0
dq_count 9970 eq_count 9974
c_drops 0 l_drops 0

TICK_NS 2539714136120
TC_DUR_NS 1394825
NEXT 2539726329999
PLACEMENT i=699
qdisc dualpi2 2: parent 1:10 limit 250p target 15ms tupdate 16ms alpha 0.152344 beta 3.195312 l4s_ect coupling_factor 2 drop_on_overload step_thresh 1ms drop_dequeue split_gso classic_protection 10% 
 Sent 15090221 bytes 9985 pkt (dropped 0, overlimits 0 requeues 0) 
 backlog 7570b 5p requeues 0
prob 0.007758 delay_c 4704us delay_l 0us
pkts_in_c 9978 pkts_in_l 12 maxq 8
ecn_mark 0 step_marks 0
credit -120340 (L)
c_marks 0 l_marks 0
dq_count 9985 eq_count 9990
c_drops 0 l_drops 0

TICK_NS 2539730786842
TC_DUR_NS 1538515
NEXT 2539742329999
PLACEMENT i=700
qdisc dualpi2 2: parent 1:10 limit 250p target 15ms tupdate 16ms alpha 0.152344 beta 3.195312 l4s_ect coupling_factor 2 drop_on_overload step_thresh 1ms drop_dequeue split_gso classic_protection 10% 
 Sent 15115959 bytes 10002 pkt (dropped 0, overlimits 0 requeues 0) 
 backlog 6056b 4p requeues 0
prob 0.005786 delay_c 3036us delay_l 0us
pkts_in_c 9994 pkts_in_l 12 maxq 8
ecn_mark 0 step_marks 0
credit -120340 (L)
c_marks 0 l_marks 0
dq_count 10002 eq_count 10006
c_drops 0 l_drops 0

TICK_NS 2539746081291
TC_DUR_NS 1403933
NEXT 2539758329999
PLACEMENT i=701
qdisc dualpi2 2: parent 1:10 limit 250p target 15ms tupdate 16ms alpha 0.152344 beta 3.195312 l4s_ect coupling_factor 2 drop_on_overload step_thresh 1ms drop_dequeue split_gso classic_protection 10% 
 Sent 15138669 bytes 10017 pkt (dropped 0, overlimits 0 requeues 0) 
 backlog 6056b 4p requeues 0
prob 0.000380 delay_c 3348us delay_l 0us
pkts_in_c 10009 pkts_in_l 12 maxq 8
ecn_mark 0 step_marks 0
credit -120340 (L)
c_marks 0 l_marks 0
dq_count 10017 eq_count 10021
c_drops 0 l_drops 0

TICK_NS 2539762387627
TC_DUR_NS 1361042
NEXT 2539774329999
PLACEMENT i=702
qdisc dualpi2 2: parent 1:10 limit 250p target 15ms tupdate 16ms alpha 0.152344 beta 3.195312 l4s_ect coupling_factor 2 drop_on_overload step_thresh 1ms drop_dequeue split_gso classic_protection 10% 
 Sent 15162893 bytes 10033 pkt (dropped 0, overlimits 0 requeues 0) 
 backlog 6056b 4p requeues 0
prob 0.000000 delay_c 3493us delay_l 0us
pkts_in_c 10025 pkts_in_l 12 maxq 8
ecn_mark 0 step_marks 0
credit -120340 (L)
c_marks 0 l_marks 0
dq_count 10033 eq_count 10037
c_drops 0 l_drops 0

TICK_NS 2539778437613
TC_DUR_NS 1334673
NEXT 2539790329999
PLACEMENT i=703
qdisc dualpi2 2: parent 1:10 limit 250p target 15ms tupdate 16ms alpha 0.152344 beta 3.195312 l4s_ect coupling_factor 2 drop_on_overload step_thresh 1ms drop_dequeue split_gso classic_protection 10% 
 Sent 15187117 bytes 10049 pkt (dropped 0, overlimits 0 requeues 0) 
 backlog 6056b 4p requeues 0
prob 0.000000 delay_c 3433us delay_l 0us
pkts_in_c 10041 pkts_in_l 12 maxq 8
ecn_mark 0 step_marks 0
credit -120340 (L)
c_marks 0 l_marks 0
dq_count 10049 eq_count 10053
c_drops 0 l_drops 0

TICK_NS 2539794396958
TC_DUR_NS 1361723
NEXT 2539806329999
PLACEMENT i=704
qdisc dualpi2 2: parent 1:10 limit 250p target 15ms tupdate 16ms alpha 0.152344 beta 3.195312 l4s_ect coupling_factor 2 drop_on_overload step_thresh 1ms drop_dequeue split_gso classic_protection 10% 
 Sent 15211341 bytes 10065 pkt (dropped 0, overlimits 0 requeues 0) 
 backlog 7570b 5p requeues 0
prob 0.001167 delay_c 4257us delay_l 0us
pkts_in_c 10058 pkts_in_l 12 maxq 8
ecn_mark 0 step_marks 0
credit -120340 (L)
c_marks 0 l_marks 0
dq_count 10065 eq_count 10070
c_drops 0 l_drops 0

TICK_NS 2539810130711
TC_DUR_NS 1463955
NEXT 2539822329999
PLACEMENT i=705
qdisc dualpi2 2: parent 1:10 limit 250p target 15ms tupdate 16ms alpha 0.152344 beta 3.195312 l4s_ect coupling_factor 2 drop_on_overload step_thresh 1ms drop_dequeue split_gso classic_protection 10% 
 Sent 15234051 bytes 10080 pkt (dropped 0, overlimits 0 requeues 0) 
 backlog 6056b 4p requeues 0
prob 0.000000 delay_c 3751us delay_l 0us
pkts_in_c 10072 pkts_in_l 12 maxq 8
ecn_mark 0 step_marks 0
credit -120340 (L)
c_marks 0 l_marks 0
dq_count 10080 eq_count 10084
c_drops 0 l_drops 0

TICK_NS 2539826578152
TC_DUR_NS 1525972
NEXT 2539838329999
PLACEMENT i=706
qdisc dualpi2 2: parent 1:10 limit 250p target 15ms tupdate 16ms alpha 0.152344 beta 3.195312 l4s_ect coupling_factor 2 drop_on_overload step_thresh 1ms drop_dequeue split_gso classic_protection 10% 
 Sent 15258275 bytes 10096 pkt (dropped 0, overlimits 0 requeues 0) 
 backlog 6056b 4p requeues 0
prob 0.000000 delay_c 4001us delay_l 0us
pkts_in_c 10088 pkts_in_l 12 maxq 8
ecn_mark 0 step_marks 0
credit -120340 (L)
c_marks 0 l_marks 0
dq_count 10096 eq_count 10100
c_drops 0 l_drops 0

TICK_NS 2539842240801
TC_DUR_NS 1429661
NEXT 2539854329999
PLACEMENT i=707
qdisc dualpi2 2: parent 1:10 limit 250p target 15ms tupdate 16ms alpha 0.152344 beta 3.195312 l4s_ect coupling_factor 2 drop_on_overload step_thresh 1ms drop_dequeue split_gso classic_protection 10% 
 Sent 15282499 bytes 10112 pkt (dropped 0, overlimits 0 requeues 0) 
 backlog 7570b 5p requeues 0
prob 0.001260 delay_c 4569us delay_l 0us
pkts_in_c 10105 pkts_in_l 12 maxq 8
ecn_mark 0 step_marks 0
credit -120340 (L)
c_marks 0 l_marks 0
dq_count 10112 eq_count 10117
c_drops 0 l_drops 0

TICK_NS 2539858244861
TC_DUR_NS 1279139
NEXT 2539870329999
PLACEMENT i=708
qdisc dualpi2 2: parent 1:10 limit 250p target 15ms tupdate 16ms alpha 0.152344 beta 3.195312 l4s_ect coupling_factor 2 drop_on_overload step_thresh 1ms drop_dequeue split_gso classic_protection 10% 
 Sent 15306723 bytes 10128 pkt (dropped 0, overlimits 0 requeues 0) 
 backlog 7570b 5p requeues 0
prob 0.000000 delay_c 4500us delay_l 0us
pkts_in_c 10121 pkts_in_l 12 maxq 8
ecn_mark 0 step_marks 0
credit -120340 (L)
c_marks 0 l_marks 0
dq_count 10128 eq_count 10133
c_drops 0 l_drops 0

TICK_NS 2539874212743
TC_DUR_NS 1459196
NEXT 2539886329999
PLACEMENT i=709
qdisc dualpi2 2: parent 1:10 limit 250p target 15ms tupdate 16ms alpha 0.152344 beta 3.195312 l4s_ect coupling_factor 2 drop_on_overload step_thresh 1ms drop_dequeue split_gso classic_protection 10% 
 Sent 15330947 bytes 10144 pkt (dropped 0, overlimits 0 requeues 0) 
 backlog 6056b 4p requeues 0
prob 0.000000 delay_c 4209us delay_l 0us
pkts_in_c 10136 pkts_in_l 12 maxq 8
ecn_mark 0 step_marks 0
credit -120340 (L)
c_marks 0 l_marks 0
dq_count 10144 eq_count 10148
c_drops 0 l_drops 0

TICK_NS 2539890598838
TC_DUR_NS 1505463
NEXT 2539902329999
PLACEMENT i=710
qdisc dualpi2 2: parent 1:10 limit 250p target 15ms tupdate 16ms alpha 0.152344 beta 3.195312 l4s_ect coupling_factor 2 drop_on_overload step_thresh 1ms drop_dequeue split_gso classic_protection 10% 
 Sent 15355171 bytes 10160 pkt (dropped 0, overlimits 0 requeues 0) 
 backlog 6056b 4p requeues 0
prob 0.000000 delay_c 3455us delay_l 0us
pkts_in_c 10152 pkts_in_l 12 maxq 8
ecn_mark 0 step_marks 0
credit -120340 (L)
c_marks 0 l_marks 0
dq_count 10160 eq_count 10164
c_drops 0 l_drops 0

TICK_NS 2539906705410
TC_DUR_NS 1463023
NEXT 2539918329999
PLACEMENT i=711
qdisc dualpi2 2: parent 1:10 limit 250p target 15ms tupdate 16ms alpha 0.152344 beta 3.195312 l4s_ect coupling_factor 2 drop_on_overload step_thresh 1ms drop_dequeue split_gso classic_protection 10% 
 Sent 15379395 bytes 10176 pkt (dropped 0, overlimits 0 requeues 0) 
 backlog 6056b 4p requeues 0
prob 0.000000 delay_c 3395us delay_l 0us
pkts_in_c 10168 pkts_in_l 12 maxq 8
ecn_mark 0 step_marks 0
credit -120340 (L)
c_marks 0 l_marks 0
dq_count 10176 eq_count 10180
c_drops 0 l_drops 0

TICK_NS 2539922401622
TC_DUR_NS 1375109
NEXT 2539934329999
PLACEMENT i=712
qdisc dualpi2 2: parent 1:10 limit 250p target 15ms tupdate 16ms alpha 0.152344 beta 3.195312 l4s_ect coupling_factor 2 drop_on_overload step_thresh 1ms drop_dequeue split_gso classic_protection 10% 
 Sent 15402105 bytes 10191 pkt (dropped 0, overlimits 0 requeues 0) 
 backlog 6056b 4p requeues 0
prob 0.000000 delay_c 2956us delay_l 0us
pkts_in_c 10183 pkts_in_l 12 maxq 8
ecn_mark 0 step_marks 0
credit -120340 (L)
c_marks 0 l_marks 0
dq_count 10191 eq_count 10195
c_drops 0 l_drops 0

TICK_NS 2539938213812
TC_DUR_NS 1406126
NEXT 2539950329999
PLACEMENT i=713
qdisc dualpi2 2: parent 1:10 limit 250p target 15ms tupdate 16ms alpha 0.152344 beta 3.195312 l4s_ect coupling_factor 2 drop_on_overload step_thresh 1ms drop_dequeue split_gso classic_protection 10% 
 Sent 15426329 bytes 10207 pkt (dropped 0, overlimits 0 requeues 0) 
 backlog 6056b 4p requeues 0
prob 0.001112 delay_c 3576us delay_l 0us
pkts_in_c 10199 pkts_in_l 12 maxq 8
ecn_mark 0 step_marks 0
credit -120340 (L)
c_marks 0 l_marks 0
dq_count 10207 eq_count 10211
c_drops 0 l_drops 0

TICK_NS 2539954770077
TC_DUR_NS 1852484
NEXT 2539966329999
PLACEMENT i=714
qdisc dualpi2 2: parent 1:10 limit 250p target 15ms tupdate 16ms alpha 0.152344 beta 3.195312 l4s_ect coupling_factor 2 drop_on_overload step_thresh 1ms drop_dequeue split_gso classic_protection 10% 
 Sent 15450553 bytes 10223 pkt (dropped 0, overlimits 0 requeues 0) 
 backlog 6056b 4p requeues 0
prob 0.000000 delay_c 3890us delay_l 0us
pkts_in_c 10215 pkts_in_l 12 maxq 8
ecn_mark 0 step_marks 0
credit -120340 (L)
c_marks 0 l_marks 0
dq_count 10223 eq_count 10227
c_drops 0 l_drops 0

TICK_NS 2539970552972
TC_DUR_NS 1544046
NEXT 2539982329999
PLACEMENT i=715
qdisc dualpi2 2: parent 1:10 limit 250p target 15ms tupdate 16ms alpha 0.152344 beta 3.195312 l4s_ect coupling_factor 2 drop_on_overload step_thresh 1ms drop_dequeue split_gso classic_protection 10% 
 Sent 15474777 bytes 10239 pkt (dropped 0, overlimits 0 requeues 0) 
 backlog 7570b 5p requeues 0
prob 0.000000 delay_c 4634us delay_l 0us
pkts_in_c 10232 pkts_in_l 12 maxq 8
ecn_mark 0 step_marks 0
credit -120340 (L)
c_marks 0 l_marks 0
dq_count 10239 eq_count 10244
c_drops 0 l_drops 0

TICK_NS 2539986202687
TC_DUR_NS 1258870
NEXT 2539998329999
PLACEMENT i=716
qdisc dualpi2 2: parent 1:10 limit 250p target 15ms tupdate 16ms alpha 0.152344 beta 3.195312 l4s_ect coupling_factor 2 drop_on_overload step_thresh 1ms drop_dequeue split_gso classic_protection 10% 
 Sent 15499001 bytes 10255 pkt (dropped 0, overlimits 0 requeues 0) 
 backlog 7570b 5p requeues 0
prob 0.007663 delay_c 4300us delay_l 0us
pkts_in_c 10248 pkts_in_l 12 maxq 8
ecn_mark 0 step_marks 0
credit -120340 (L)
c_marks 0 l_marks 0
dq_count 10255 eq_count 10260
c_drops 0 l_drops 0

TICK_NS 2540002368730
TC_DUR_NS 1511314
NEXT 2540014329999
PLACEMENT i=717
qdisc dualpi2 2: parent 1:10 limit 250p target 15ms tupdate 16ms alpha 0.152344 beta 3.195312 l4s_ect coupling_factor 2 drop_on_overload step_thresh 1ms drop_dequeue split_gso classic_protection 10% 
 Sent 15523225 bytes 10271 pkt (dropped 0, overlimits 0 requeues 0) 
 backlog 7570b 5p requeues 0
prob 0.005665 delay_c 4189us delay_l 0us
pkts_in_c 10264 pkts_in_l 12 maxq 8
ecn_mark 0 step_marks 0
credit -120340 (L)
c_marks 0 l_marks 0
dq_count 10271 eq_count 10276
c_drops 0 l_drops 0

TICK_NS 2540018382959
TC_DUR_NS 1349670
NEXT 2540030329999
PLACEMENT i=718
qdisc dualpi2 2: parent 1:10 limit 250p target 15ms tupdate 16ms alpha 0.152344 beta 3.195312 l4s_ect coupling_factor 2 drop_on_overload step_thresh 1ms drop_dequeue split_gso classic_protection 10% 
 Sent 15547449 bytes 10287 pkt (dropped 0, overlimits 0 requeues 0) 
 backlog 6056b 4p requeues 0
prob 0.000263 delay_c 3057us delay_l 0us
pkts_in_c 10279 pkts_in_l 12 maxq 8
ecn_mark 0 step_marks 0
credit -120340 (L)
c_marks 0 l_marks 0
dq_count 10287 eq_count 10291
c_drops 0 l_drops 0

TICK_NS 2540034250643
TC_DUR_NS 1448846
NEXT 2540046329999
PLACEMENT i=719
qdisc dualpi2 2: parent 1:10 limit 250p target 15ms tupdate 16ms alpha 0.152344 beta 3.195312 l4s_ect coupling_factor 2 drop_on_overload step_thresh 1ms drop_dequeue split_gso classic_protection 10% 
 Sent 15570159 bytes 10302 pkt (dropped 0, overlimits 0 requeues 0) 
 backlog 7570b 5p requeues 0
prob 0.000000 delay_c 4816us delay_l 0us
pkts_in_c 10295 pkts_in_l 12 maxq 8
ecn_mark 0 step_marks 0
credit -120340 (L)
c_marks 0 l_marks 0
dq_count 10302 eq_count 10307
c_drops 0 l_drops 0

TICK_NS 2540050435321
TC_DUR_NS 1350362
NEXT 2540062329999
PLACEMENT i=720
qdisc dualpi2 2: parent 1:10 limit 250p target 15ms tupdate 16ms alpha 0.152344 beta 3.195312 l4s_ect coupling_factor 2 drop_on_overload step_thresh 1ms drop_dequeue split_gso classic_protection 10% 
 Sent 15594383 bytes 10318 pkt (dropped 0, overlimits 0 requeues 0) 
 backlog 7570b 5p requeues 0
prob 0.000000 delay_c 4820us delay_l 0us
pkts_in_c 10311 pkts_in_l 12 maxq 8
ecn_mark 0 step_marks 0
credit -120340 (L)
c_marks 0 l_marks 0
dq_count 10318 eq_count 10323
c_drops 0 l_drops 0

TICK_NS 2540066519300
TC_DUR_NS 1415374
NEXT 2540078329999
PLACEMENT i=721
qdisc dualpi2 2: parent 1:10 limit 250p target 15ms tupdate 16ms alpha 0.152344 beta 3.195312 l4s_ect coupling_factor 2 drop_on_overload step_thresh 1ms drop_dequeue split_gso classic_protection 10% 
 Sent 15618607 bytes 10334 pkt (dropped 0, overlimits 0 requeues 0) 
 backlog 6056b 4p requeues 0
prob 0.001108 delay_c 3708us delay_l 0us
pkts_in_c 10326 pkts_in_l 12 maxq 8
ecn_mark 0 step_marks 0
credit -120340 (L)
c_marks 0 l_marks 0
dq_count 10334 eq_count 10338
c_drops 0 l_drops 0

TICK_NS 2540082679753
TC_DUR_NS 1625969
NEXT 2540094329999
PLACEMENT i=722
qdisc dualpi2 2: parent 1:10 limit 250p target 15ms tupdate 16ms alpha 0.152344 beta 3.195312 l4s_ect coupling_factor 2 drop_on_overload step_thresh 1ms drop_dequeue split_gso classic_protection 10% 
 Sent 15642831 bytes 10350 pkt (dropped 0, overlimits 0 requeues 0) 
 backlog 6056b 4p requeues 0
prob 0.000000 delay_c 3700us delay_l 0us
pkts_in_c 10342 pkts_in_l 12 maxq 8
ecn_mark 0 step_marks 0
credit -120340 (L)
c_marks 0 l_marks 0
dq_count 10350 eq_count 10354
c_drops 0 l_drops 0

TICK_NS 2540098669877
TC_DUR_NS 1852193
NEXT 2540110329999
PLACEMENT i=723
qdisc dualpi2 2: parent 1:10 limit 250p target 15ms tupdate 16ms alpha 0.152344 beta 3.195312 l4s_ect coupling_factor 2 drop_on_overload step_thresh 1ms drop_dequeue split_gso classic_protection 10% 
 Sent 15667055 bytes 10366 pkt (dropped 0, overlimits 0 requeues 0) 
 backlog 6056b 4p requeues 0
prob 0.000000 delay_c 3545us delay_l 0us
pkts_in_c 10358 pkts_in_l 12 maxq 8
ecn_mark 0 step_marks 0
credit -120340 (L)
c_marks 0 l_marks 0
dq_count 10366 eq_count 10370
c_drops 0 l_drops 0

TICK_NS 2540114470124
TC_DUR_NS 1623164
NEXT 2540126329999
PLACEMENT i=724
qdisc dualpi2 2: parent 1:10 limit 250p target 15ms tupdate 16ms alpha 0.152344 beta 3.195312 l4s_ect coupling_factor 2 drop_on_overload step_thresh 1ms drop_dequeue split_gso classic_protection 10% 
 Sent 15691279 bytes 10382 pkt (dropped 0, overlimits 0 requeues 0) 
 backlog 7570b 5p requeues 0
prob 0.001232 delay_c 4213us delay_l 0us
pkts_in_c 10375 pkts_in_l 12 maxq 8
ecn_mark 0 step_marks 0
credit -120340 (L)
c_marks 0 l_marks 0
dq_count 10382 eq_count 10387
c_drops 0 l_drops 0

TICK_NS 2540130548453
TC_DUR_NS 1452153
NEXT 2540142329999
PLACEMENT i=725
qdisc dualpi2 2: parent 1:10 limit 250p target 15ms tupdate 16ms alpha 0.152344 beta 3.195312 l4s_ect coupling_factor 2 drop_on_overload step_thresh 1ms drop_dequeue split_gso classic_protection 10% 
 Sent 15715503 bytes 10398 pkt (dropped 0, overlimits 0 requeues 0) 
 backlog 7570b 5p requeues 0
prob 0.000000 delay_c 4182us delay_l 0us
pkts_in_c 10391 pkts_in_l 12 maxq 8
ecn_mark 0 step_marks 0
credit -120340 (L)
c_marks 0 l_marks 0
dq_count 10398 eq_count 10403
c_drops 0 l_drops 0

TICK_NS 2540146820785
TC_DUR_NS 1490405
NEXT 2540158329999
PLACEMENT i=726
qdisc dualpi2 2: parent 1:10 limit 250p target 15ms tupdate 16ms alpha 0.152344 beta 3.195312 l4s_ect coupling_factor 2 drop_on_overload step_thresh 1ms drop_dequeue split_gso classic_protection 10% 
 Sent 15739727 bytes 10414 pkt (dropped 0, overlimits 0 requeues 0) 
 backlog 6056b 4p requeues 0
prob 0.000000 delay_c 4309us delay_l 0us
pkts_in_c 10406 pkts_in_l 12 maxq 8
ecn_mark 0 step_marks 0
credit -120340 (L)
c_marks 0 l_marks 0
dq_count 10414 eq_count 10418
c_drops 0 l_drops 0

TICK_NS 2540162531094
TC_DUR_NS 1689458
NEXT 2540174329999
PLACEMENT i=727
qdisc dualpi2 2: parent 1:10 limit 250p target 15ms tupdate 16ms alpha 0.152344 beta 3.195312 l4s_ect coupling_factor 2 drop_on_overload step_thresh 1ms drop_dequeue split_gso classic_protection 10% 
 Sent 15762437 bytes 10429 pkt (dropped 0, overlimits 0 requeues 0) 
 backlog 7570b 5p requeues 0
prob 0.000000 delay_c 4763us delay_l 0us
pkts_in_c 10422 pkts_in_l 12 maxq 8
ecn_mark 0 step_marks 0
credit -120340 (L)
c_marks 0 l_marks 0
dq_count 10429 eq_count 10434
c_drops 0 l_drops 0

TICK_NS 2540178179497
TC_DUR_NS 1378726
NEXT 2540190329999
PLACEMENT i=728
qdisc dualpi2 2: parent 1:10 limit 250p target 15ms tupdate 16ms alpha 0.152344 beta 3.195312 l4s_ect coupling_factor 2 drop_on_overload step_thresh 1ms drop_dequeue split_gso classic_protection 10% 
 Sent 15786661 bytes 10445 pkt (dropped 0, overlimits 0 requeues 0) 
 backlog 7570b 5p requeues 0
prob 0.000000 delay_c 4494us delay_l 0us
pkts_in_c 10438 pkts_in_l 12 maxq 8
ecn_mark 0 step_marks 0
credit -120340 (L)
c_marks 0 l_marks 0
dq_count 10445 eq_count 10450
c_drops 0 l_drops 0

TICK_NS 2540194672764
TC_DUR_NS 1496326
NEXT 2540206329999
PLACEMENT i=729
qdisc dualpi2 2: parent 1:10 limit 250p target 15ms tupdate 16ms alpha 0.152344 beta 3.195312 l4s_ect coupling_factor 2 drop_on_overload step_thresh 1ms drop_dequeue split_gso classic_protection 10% 
 Sent 15810885 bytes 10461 pkt (dropped 0, overlimits 0 requeues 0) 
 backlog 6056b 4p requeues 0
prob 0.004510 delay_c 2710us delay_l 0us
pkts_in_c 10453 pkts_in_l 12 maxq 8
ecn_mark 0 step_marks 0
credit -120340 (L)
c_marks 0 l_marks 0
dq_count 10461 eq_count 10465
c_drops 0 l_drops 0

TICK_NS 2540210454416
TC_DUR_NS 1409934
NEXT 2540222329999
PLACEMENT i=730
qdisc dualpi2 2: parent 1:10 limit 250p target 15ms tupdate 16ms alpha 0.152344 beta 3.195312 l4s_ect coupling_factor 2 drop_on_overload step_thresh 1ms drop_dequeue split_gso classic_protection 10% 
 Sent 15835109 bytes 10477 pkt (dropped 0, overlimits 0 requeues 0) 
 backlog 6056b 4p requeues 0
prob 0.000000 delay_c 3397us delay_l 0us
pkts_in_c 10469 pkts_in_l 12 maxq 8
ecn_mark 0 step_marks 0
credit -120340 (L)
c_marks 0 l_marks 0
dq_count 10477 eq_count 10481
c_drops 0 l_drops 0

TICK_NS 2540226555237
TC_DUR_NS 1643772
NEXT 2540238329999
PLACEMENT i=731
qdisc dualpi2 2: parent 1:10 limit 250p target 15ms tupdate 16ms alpha 0.152344 beta 3.195312 l4s_ect coupling_factor 2 drop_on_overload step_thresh 1ms drop_dequeue split_gso classic_protection 10% 
 Sent 15859333 bytes 10493 pkt (dropped 0, overlimits 0 requeues 0) 
 backlog 6056b 4p requeues 0
prob 0.000000 delay_c 3331us delay_l 0us
pkts_in_c 10485 pkts_in_l 12 maxq 8
ecn_mark 0 step_marks 0
credit -120340 (L)
c_marks 0 l_marks 0
dq_count 10493 eq_count 10497
c_drops 0 l_drops 0

TICK_NS 2540242701363
TC_DUR_NS 1617403
NEXT 2540254329999
PLACEMENT i=732
qdisc dualpi2 2: parent 1:10 limit 250p target 15ms tupdate 16ms alpha 0.152344 beta 3.195312 l4s_ect coupling_factor 2 drop_on_overload step_thresh 1ms drop_dequeue split_gso classic_protection 10% 
 Sent 15883557 bytes 10509 pkt (dropped 0, overlimits 0 requeues 0) 
 backlog 7570b 5p requeues 0
prob 0.000000 delay_c 4250us delay_l 0us
pkts_in_c 10502 pkts_in_l 12 maxq 8
ecn_mark 0 step_marks 0
credit -120340 (L)
c_marks 0 l_marks 0
dq_count 10509 eq_count 10514
c_drops 0 l_drops 0

TICK_NS 2540258323837
TC_DUR_NS 1328661
NEXT 2540270329999
PLACEMENT i=733
qdisc dualpi2 2: parent 1:10 limit 250p target 15ms tupdate 16ms alpha 0.152344 beta 3.195312 l4s_ect coupling_factor 2 drop_on_overload step_thresh 1ms drop_dequeue split_gso classic_protection 10% 
 Sent 15906267 bytes 10524 pkt (dropped 0, overlimits 0 requeues 0) 
 backlog 6056b 4p requeues 0
prob 0.007611 delay_c 3934us delay_l 0us
pkts_in_c 10516 pkts_in_l 12 maxq 8
ecn_mark 0 step_marks 0
credit -120340 (L)
c_marks 0 l_marks 0
dq_count 10524 eq_count 10528
c_drops 0 l_drops 0

TICK_NS 2540274113014
TC_DUR_NS 1407760
NEXT 2540286329999
PLACEMENT i=734
qdisc dualpi2 2: parent 1:10 limit 250p target 15ms tupdate 16ms alpha 0.152344 beta 3.195312 l4s_ect coupling_factor 2 drop_on_overload step_thresh 1ms drop_dequeue split_gso classic_protection 10% 
 Sent 15930491 bytes 10540 pkt (dropped 0, overlimits 0 requeues 0) 
 backlog 6056b 4p requeues 0
prob 0.005544 delay_c 3491us delay_l 0us
pkts_in_c 10532 pkts_in_l 12 maxq 8
ecn_mark 0 step_marks 0
credit -120340 (L)
c_marks 0 l_marks 0
dq_count 10540 eq_count 10544
c_drops 0 l_drops 0

TICK_NS 2540290380667
TC_DUR_NS 1453916
NEXT 2540302329999
PLACEMENT i=735
qdisc dualpi2 2: parent 1:10 limit 250p target 15ms tupdate 16ms alpha 0.152344 beta 3.195312 l4s_ect coupling_factor 2 drop_on_overload step_thresh 1ms drop_dequeue split_gso classic_protection 10% 
 Sent 15954715 bytes 10556 pkt (dropped 0, overlimits 0 requeues 0) 
 backlog 7570b 5p requeues 0
prob 0.000093 delay_c 4650us delay_l 0us
pkts_in_c 10549 pkts_in_l 12 maxq 8
ecn_mark 0 step_marks 0
credit -120340 (L)
c_marks 0 l_marks 0
dq_count 10556 eq_count 10561
c_drops 0 l_drops 0

TICK_NS 2540306433909
TC_DUR_NS 1336556
NEXT 2540318329999
PLACEMENT i=736
qdisc dualpi2 2: parent 1:10 limit 250p target 15ms tupdate 16ms alpha 0.152344 beta 3.195312 l4s_ect coupling_factor 2 drop_on_overload step_thresh 1ms drop_dequeue split_gso classic_protection 10% 
 Sent 15978939 bytes 10572 pkt (dropped 0, overlimits 0 requeues 0) 
 backlog 7570b 5p requeues 0
prob 0.000000 delay_c 4554us delay_l 0us
pkts_in_c 10565 pkts_in_l 12 maxq 8
ecn_mark 0 step_marks 0
credit -120340 (L)
c_marks 0 l_marks 0
dq_count 10572 eq_count 10577
c_drops 0 l_drops 0

TICK_NS 2540322406800
TC_DUR_NS 1412308
NEXT 2540334329999
PLACEMENT i=737
qdisc dualpi2 2: parent 1:10 limit 250p target 15ms tupdate 16ms alpha 0.152344 beta 3.195312 l4s_ect coupling_factor 2 drop_on_overload step_thresh 1ms drop_dequeue split_gso classic_protection 10% 
 Sent 16003163 bytes 10588 pkt (dropped 0, overlimits 0 requeues 0) 
 backlog 7570b 5p requeues 0
prob 0.004478 delay_c 4364us delay_l 0us
pkts_in_c 10581 pkts_in_l 12 maxq 8
ecn_mark 0 step_marks 0
credit -120340 (L)
c_marks 0 l_marks 0
dq_count 10588 eq_count 10593
c_drops 0 l_drops 0

TICK_NS 2540338487133
TC_DUR_NS 1330224
NEXT 2540350329999
PLACEMENT i=738
qdisc dualpi2 2: parent 1:10 limit 250p target 15ms tupdate 16ms alpha 0.152344 beta 3.195312 l4s_ect coupling_factor 2 drop_on_overload step_thresh 1ms drop_dequeue split_gso classic_protection 10% 
 Sent 16027387 bytes 10604 pkt (dropped 0, overlimits 0 requeues 0) 
 backlog 6056b 4p requeues 0
prob 0.000000 delay_c 3305us delay_l 0us
pkts_in_c 10596 pkts_in_l 12 maxq 8
ecn_mark 0 step_marks 0
credit -120340 (L)
c_marks 0 l_marks 0
dq_count 10604 eq_count 10608
c_drops 0 l_drops 0

TICK_NS 2540354441279
TC_DUR_NS 1429671
NEXT 2540366329999
PLACEMENT i=739
qdisc dualpi2 2: parent 1:10 limit 250p target 15ms tupdate 16ms alpha 0.152344 beta 3.195312 l4s_ect coupling_factor 2 drop_on_overload step_thresh 1ms drop_dequeue split_gso classic_protection 10% 
 Sent 16051611 bytes 10620 pkt (dropped 0, overlimits 0 requeues 0) 
 backlog 6056b 4p requeues 0
prob 0.000000 delay_c 3091us delay_l 0us
pkts_in_c 10612 pkts_in_l 12 maxq 8
ecn_mark 0 step_marks 0
credit -120340 (L)
c_marks 0 l_marks 0
dq_count 10620 eq_count 10624
c_drops 0 l_drops 0

TICK_NS 2540370194067
TC_DUR_NS 1428028
NEXT 2540382329999
PLACEMENT i=740
qdisc dualpi2 2: parent 1:10 limit 250p target 15ms tupdate 16ms alpha 0.152344 beta 3.195312 l4s_ect coupling_factor 2 drop_on_overload step_thresh 1ms drop_dequeue split_gso classic_protection 10% 
 Sent 16074321 bytes 10635 pkt (dropped 0, overlimits 0 requeues 0) 
 backlog 7570b 5p requeues 0
prob 0.000000 delay_c 4625us delay_l 0us
pkts_in_c 10628 pkts_in_l 12 maxq 8
ecn_mark 0 step_marks 0
credit -120340 (L)
c_marks 0 l_marks 0
dq_count 10635 eq_count 10640
c_drops 0 l_drops 0

TICK_NS 2540386532985
TC_DUR_NS 1486508
NEXT 2540398329999
PLACEMENT i=741
qdisc dualpi2 2: parent 1:10 limit 250p target 15ms tupdate 16ms alpha 0.152344 beta 3.195312 l4s_ect coupling_factor 2 drop_on_overload step_thresh 1ms drop_dequeue split_gso classic_protection 10% 
 Sent 16098545 bytes 10651 pkt (dropped 0, overlimits 0 requeues 0) 
 backlog 6056b 4p requeues 0
prob 0.001158 delay_c 3827us delay_l 0us
pkts_in_c 10643 pkts_in_l 12 maxq 8
ecn_mark 0 step_marks 0
credit -120340 (L)
c_marks 0 l_marks 0
dq_count 10651 eq_count 10655
c_drops 0 l_drops 0

TICK_NS 2540402857335
TC_DUR_NS 1560556
NEXT 2540414329999
PLACEMENT i=742
qdisc dualpi2 2: parent 1:10 limit 250p target 15ms tupdate 16ms alpha 0.152344 beta 3.195312 l4s_ect coupling_factor 2 drop_on_overload step_thresh 1ms drop_dequeue split_gso classic_protection 10% 
 Sent 16122769 bytes 10667 pkt (dropped 0, overlimits 0 requeues 0) 
 backlog 6056b 4p requeues 0
prob 0.000000 delay_c 3796us delay_l 0us
pkts_in_c 10659 pkts_in_l 12 maxq 8
ecn_mark 0 step_marks 0
credit -120340 (L)
c_marks 0 l_marks 0
dq_count 10667 eq_count 10671
c_drops 0 l_drops 0

TICK_NS 2540418185467
TC_DUR_NS 1252679
NEXT 2540430329999
PLACEMENT i=743
qdisc dualpi2 2: parent 1:10 limit 250p target 15ms tupdate 16ms alpha 0.152344 beta 3.195312 l4s_ect coupling_factor 2 drop_on_overload step_thresh 1ms drop_dequeue split_gso classic_protection 10% 
 Sent 16146993 bytes 10683 pkt (dropped 0, overlimits 0 requeues 0) 
 backlog 3028b 2p requeues 0
prob 0.000000 delay_c 3314us delay_l 0us
pkts_in_c 10673 pkts_in_l 12 maxq 8
ecn_mark 0 step_marks 0
credit -120340 (L)
c_marks 0 l_marks 0
dq_count 10683 eq_count 10685
c_drops 0 l_drops 0

TICK_NS 2540434295375
TC_DUR_NS 1436884
NEXT 2540446329999
PLACEMENT i=744
qdisc dualpi2 2: parent 1:10 limit 250p target 15ms tupdate 16ms alpha 0.152344 beta 3.195312 l4s_ect coupling_factor 2 drop_on_overload step_thresh 1ms drop_dequeue split_gso classic_protection 10% 
 Sent 16171217 bytes 10699 pkt (dropped 0, overlimits 0 requeues 0) 
 backlog 7570b 5p requeues 0
prob 0.001267 delay_c 4147us delay_l 0us
pkts_in_c 10692 pkts_in_l 12 maxq 8
ecn_mark 0 step_marks 0
credit -120340 (L)
c_marks 0 l_marks 0
dq_count 10699 eq_count 10704
c_drops 0 l_drops 0

TICK_NS 2540450398610
TC_DUR_NS 1264902
NEXT 2540462329999
PLACEMENT i=745
qdisc dualpi2 2: parent 1:10 limit 250p target 15ms tupdate 16ms alpha 0.152344 beta 3.195312 l4s_ect coupling_factor 2 drop_on_overload step_thresh 1ms drop_dequeue split_gso classic_protection 10% 
 Sent 16195441 bytes 10715 pkt (dropped 0, overlimits 0 requeues 0) 
 backlog 7570b 5p requeues 0
prob 0.000000 delay_c 4168us delay_l 0us
pkts_in_c 10708 pkts_in_l 12 maxq 8
ecn_mark 0 step_marks 0
credit -120340 (L)
c_marks 0 l_marks 0
dq_count 10715 eq_count 10720
c_drops 0 l_drops 0

TICK_NS 2540466163471
TC_DUR_NS 1412990
NEXT 2540478329999
PLACEMENT i=746
qdisc dualpi2 2: parent 1:10 limit 250p target 15ms tupdate 16ms alpha 0.152344 beta 3.195312 l4s_ect coupling_factor 2 drop_on_overload step_thresh 1ms drop_dequeue split_gso classic_protection 10% 
 Sent 16218151 bytes 10730 pkt (dropped 0, overlimits 0 requeues 0) 
 backlog 7570b 5p requeues 0
prob 0.000000 delay_c 1723us delay_l 0us
pkts_in_c 10723 pkts_in_l 12 maxq 8
ecn_mark 0 step_marks 0
credit -120340 (L)
c_marks 0 l_marks 0
dq_count 10730 eq_count 10735
c_drops 0 l_drops 0

TICK_NS 2540482540140
TC_DUR_NS 1349751
NEXT 2540494329999
PLACEMENT i=747
qdisc dualpi2 2: parent 1:10 limit 250p target 15ms tupdate 16ms alpha 0.152344 beta 3.195312 l4s_ect coupling_factor 2 drop_on_overload step_thresh 1ms drop_dequeue split_gso classic_protection 10% 
 Sent 16242375 bytes 10746 pkt (dropped 0, overlimits 0 requeues 0) 
 backlog 7570b 5p requeues 0
prob 0.000000 delay_c 4919us delay_l 0us
pkts_in_c 10739 pkts_in_l 12 maxq 8
ecn_mark 0 step_marks 0
credit -120340 (L)
c_marks 0 l_marks 0
dq_count 10746 eq_count 10751
c_drops 0 l_drops 0

TICK_NS 2540498465612
TC_DUR_NS 1381129
NEXT 2540510329999
PLACEMENT i=748
qdisc dualpi2 2: parent 1:10 limit 250p target 15ms tupdate 16ms alpha 0.152344 beta 3.195312 l4s_ect coupling_factor 2 drop_on_overload step_thresh 1ms drop_dequeue split_gso classic_protection 10% 
 Sent 16266599 bytes 10762 pkt (dropped 0, overlimits 0 requeues 0) 
 backlog 7570b 5p requeues 0
prob 0.000000 delay_c 4772us delay_l 0us
pkts_in_c 10755 pkts_in_l 12 maxq 8
ecn_mark 0 step_marks 0
credit -120340 (L)
c_marks 0 l_marks 0
dq_count 10762 eq_count 10767
c_drops 0 l_drops 0

TICK_NS 2540514409508
TC_DUR_NS 1633813
NEXT 2540526329999
PLACEMENT i=749
qdisc dualpi2 2: parent 1:10 limit 250p target 15ms tupdate 16ms alpha 0.152344 beta 3.195312 l4s_ect coupling_factor 2 drop_on_overload step_thresh 1ms drop_dequeue split_gso classic_protection 10% 
 Sent 16290823 bytes 10778 pkt (dropped 0, overlimits 0 requeues 0) 
 backlog 6056b 4p requeues 0
prob 0.000000 delay_c 3402us delay_l 0us
pkts_in_c 10770 pkts_in_l 12 maxq 8
ecn_mark 0 step_marks 0
credit -120340 (L)
c_marks 0 l_marks 0
dq_count 10778 eq_count 10782
c_drops 0 l_drops 0

TICK_NS 2540530661052
TC_DUR_NS 1359539
NEXT 2540542329999
PLACEMENT i=750
qdisc dualpi2 2: parent 1:10 limit 250p target 15ms tupdate 16ms alpha 0.152344 beta 3.195312 l4s_ect coupling_factor 2 drop_on_overload step_thresh 1ms drop_dequeue split_gso classic_protection 10% 
 Sent 16315047 bytes 10794 pkt (dropped 0, overlimits 0 requeues 0) 
 backlog 6056b 4p requeues 0
prob 0.007614 delay_c 3635us delay_l 0us
pkts_in_c 10786 pkts_in_l 12 maxq 8
ecn_mark 0 step_marks 0
credit -120340 (L)
c_marks 0 l_marks 0
dq_count 10794 eq_count 10798
c_drops 0 l_drops 0

TICK_NS 2540546421525
TC_DUR_NS 1249834
NEXT 2540558329999
PLACEMENT i=751
qdisc dualpi2 2: parent 1:10 limit 250p target 15ms tupdate 16ms alpha 0.152344 beta 3.195312 l4s_ect coupling_factor 2 drop_on_overload step_thresh 1ms drop_dequeue split_gso classic_protection 10% 
 Sent 16339271 bytes 10810 pkt (dropped 0, overlimits 0 requeues 0) 
 backlog 6056b 4p requeues 0
prob 0.005530 delay_c 3319us delay_l 0us
pkts_in_c 10802 pkts_in_l 12 maxq 8
ecn_mark 0 step_marks 0
credit -120340 (L)
c_marks 0 l_marks 0
dq_count 10810 eq_count 10814
c_drops 0 l_drops 0

TICK_NS 2540562262268
TC_DUR_NS 1526062
NEXT 2540574329999
PLACEMENT i=752
qdisc dualpi2 2: parent 1:10 limit 250p target 15ms tupdate 16ms alpha 0.152344 beta 3.195312 l4s_ect coupling_factor 2 drop_on_overload step_thresh 1ms drop_dequeue split_gso classic_protection 10% 
 Sent 16361981 bytes 10825 pkt (dropped 0, overlimits 0 requeues 0) 
 backlog 6056b 4p requeues 0
prob 0.003403 delay_c 3876us delay_l 0us
pkts_in_c 10817 pkts_in_l 12 maxq 8
ecn_mark 0 step_marks 0
credit -120340 (L)
c_marks 0 l_marks 0
dq_count 10825 eq_count 10829
c_drops 0 l_drops 0

TICK_NS 2540578334666
TC_DUR_NS 1273137
NEXT 2540590329999
PLACEMENT i=753
qdisc dualpi2 2: parent 1:10 limit 250p target 15ms tupdate 16ms alpha 0.152344 beta 3.195312 l4s_ect coupling_factor 2 drop_on_overload step_thresh 1ms drop_dequeue split_gso classic_protection 10% 
 Sent 16386205 bytes 10841 pkt (dropped 0, overlimits 0 requeues 0) 
 backlog 6056b 4p requeues 0
prob 0.004642 delay_c 3943us delay_l 0us
pkts_in_c 10833 pkts_in_l 12 maxq 8
ecn_mark 0 step_marks 0
credit -120340 (L)
c_marks 0 l_marks 0
dq_count 10841 eq_count 10845
c_drops 0 l_drops 0

TICK_NS 2540594102603
TC_DUR_NS 1355632
NEXT 2540606329999
PLACEMENT i=754
qdisc dualpi2 2: parent 1:10 limit 250p target 15ms tupdate 16ms alpha 0.152344 beta 3.195312 l4s_ect coupling_factor 2 drop_on_overload step_thresh 1ms drop_dequeue split_gso classic_protection 10% 
 Sent 16410429 bytes 10857 pkt (dropped 0, overlimits 0 requeues 0) 
 backlog 6056b 4p requeues 0
prob 0.002651 delay_c 3532us delay_l 0us
pkts_in_c 10849 pkts_in_l 12 maxq 8
ecn_mark 0 step_marks 0
credit -120340 (L)
c_marks 0 l_marks 0
dq_count 10857 eq_count 10861
c_drops 0 l_drops 0

TICK_NS 2540610538823
TC_DUR_NS 1341205
NEXT 2540622329999
PLACEMENT i=755
qdisc dualpi2 2: parent 1:10 limit 250p target 15ms tupdate 16ms alpha 0.152344 beta 3.195312 l4s_ect coupling_factor 2 drop_on_overload step_thresh 1ms drop_dequeue split_gso classic_protection 10% 
 Sent 16434653 bytes 10873 pkt (dropped 0, overlimits 0 requeues 0) 
 backlog 7570b 5p requeues 0
prob 0.000000 delay_c 4755us delay_l 0us
pkts_in_c 10866 pkts_in_l 12 maxq 8
ecn_mark 0 step_marks 0
credit -120340 (L)
c_marks 0 l_marks 0
dq_count 10873 eq_count 10878
c_drops 0 l_drops 0

TICK_NS 2540626583368
TC_DUR_NS 1429029
NEXT 2540638329999
PLACEMENT i=756
qdisc dualpi2 2: parent 1:10 limit 250p target 15ms tupdate 16ms alpha 0.152344 beta 3.195312 l4s_ect coupling_factor 2 drop_on_overload step_thresh 1ms drop_dequeue split_gso classic_protection 10% 
 Sent 16458877 bytes 10889 pkt (dropped 0, overlimits 0 requeues 0) 
 backlog 4542b 3p requeues 0
prob 0.000000 delay_c 4661us delay_l 0us
pkts_in_c 10880 pkts_in_l 12 maxq 8
ecn_mark 0 step_marks 0
credit -120340 (L)
c_marks 0 l_marks 0
dq_count 10889 eq_count 10892
c_drops 0 l_drops 0

TICK_NS 2540642336357
TC_DUR_NS 1462572
NEXT 2540654329999
PLACEMENT i=757
qdisc dualpi2 2: parent 1:10 limit 250p target 15ms tupdate 16ms alpha 0.152344 beta 3.195312 l4s_ect coupling_factor 2 drop_on_overload step_thresh 1ms drop_dequeue split_gso classic_protection 10% 
 Sent 16483101 bytes 10905 pkt (dropped 0, overlimits 0 requeues 0) 
 backlog 7570b 5p requeues 0
prob 0.000000 delay_c 4246us delay_l 0us
pkts_in_c 10898 pkts_in_l 12 maxq 8
ecn_mark 0 step_marks 0
credit -120340 (L)
c_marks 0 l_marks 0
dq_count 10905 eq_count 10910
c_drops 0 l_drops 0

TICK_NS 2540658561992
TC_DUR_NS 1518878
NEXT 2540670329999
PLACEMENT i=758
qdisc dualpi2 2: parent 1:10 limit 250p target 15ms tupdate 16ms alpha 0.152344 beta 3.195312 l4s_ect coupling_factor 2 drop_on_overload step_thresh 1ms drop_dequeue split_gso classic_protection 10% 
 Sent 16507325 bytes 10921 pkt (dropped 0, overlimits 0 requeues 0) 
 backlog 6056b 4p requeues 0
prob 0.001138 delay_c 3336us delay_l 0us
pkts_in_c 10913 pkts_in_l 12 maxq 8
ecn_mark 0 step_marks 0
credit -120340 (L)
c_marks 0 l_marks 0
dq_count 10921 eq_count 10925
c_drops 0 l_drops 0

TICK_NS 2540675003472
TC_DUR_NS 1812328
NEXT 2540686329999
PLACEMENT i=759
qdisc dualpi2 2: parent 1:10 limit 250p target 15ms tupdate 16ms alpha 0.152344 beta 3.195312 l4s_ect coupling_factor 2 drop_on_overload step_thresh 1ms drop_dequeue split_gso classic_protection 10% 
 Sent 16531549 bytes 10937 pkt (dropped 0, overlimits 0 requeues 0) 
 backlog 6056b 4p requeues 0
prob 0.000000 delay_c 3472us delay_l 0us
pkts_in_c 10929 pkts_in_l 12 maxq 8
ecn_mark 0 step_marks 0
credit -120340 (L)
c_marks 0 l_marks 0
dq_count 10937 eq_count 10941
c_drops 0 l_drops 0

TICK_NS 2540690175431
TC_DUR_NS 1459507
NEXT 2540702329999
PLACEMENT i=760
qdisc dualpi2 2: parent 1:10 limit 250p target 15ms tupdate 16ms alpha 0.152344 beta 3.195312 l4s_ect coupling_factor 2 drop_on_overload step_thresh 1ms drop_dequeue split_gso classic_protection 10% 
 Sent 16554259 bytes 10952 pkt (dropped 0, overlimits 0 requeues 0) 
 backlog 4542b 3p requeues 0
prob 0.000000 delay_c 4724us delay_l 0us
pkts_in_c 10943 pkts_in_l 12 maxq 8
ecn_mark 0 step_marks 0
credit -120340 (L)
c_marks 0 l_marks 0
dq_count 10952 eq_count 10955
c_drops 0 l_drops 0

TICK_NS 2540706248981
TC_DUR_NS 1369628
NEXT 2540718329999
PLACEMENT i=761
qdisc dualpi2 2: parent 1:10 limit 250p target 15ms tupdate 16ms alpha 0.152344 beta 3.195312 l4s_ect coupling_factor 2 drop_on_overload step_thresh 1ms drop_dequeue split_gso classic_protection 10% 
 Sent 16578483 bytes 10968 pkt (dropped 0, overlimits 0 requeues 0) 
 backlog 6056b 4p requeues 0
prob 0.001224 delay_c 3615us delay_l 0us
pkts_in_c 10960 pkts_in_l 12 maxq 8
ecn_mark 0 step_marks 0
credit -120340 (L)
c_marks 0 l_marks 0
dq_count 10968 eq_count 10972
c_drops 0 l_drops 0

TICK_NS 2540722709516
TC_DUR_NS 1562370
NEXT 2540734329999
PLACEMENT i=762
qdisc dualpi2 2: parent 1:10 limit 250p target 15ms tupdate 16ms alpha 0.152344 beta 3.195312 l4s_ect coupling_factor 2 drop_on_overload step_thresh 1ms drop_dequeue split_gso classic_protection 10% 
 Sent 16602707 bytes 10984 pkt (dropped 0, overlimits 0 requeues 0) 
 backlog 6056b 4p requeues 0
prob 0.000000 delay_c 3822us delay_l 0us
pkts_in_c 10976 pkts_in_l 12 maxq 8
ecn_mark 0 step_marks 0
credit -120340 (L)
c_marks 0 l_marks 0
dq_count 10984 eq_count 10988
c_drops 0 l_drops 0

TICK_NS 2540738636441
TC_DUR_NS 1397551
NEXT 2540750329999
PLACEMENT i=763
qdisc dualpi2 2: parent 1:10 limit 250p target 15ms tupdate 16ms alpha 0.152344 beta 3.195312 l4s_ect coupling_factor 2 drop_on_overload step_thresh 1ms drop_dequeue split_gso classic_protection 10% 
 Sent 16626931 bytes 11000 pkt (dropped 0, overlimits 0 requeues 0) 
 backlog 7570b 5p requeues 0
prob 0.000000 delay_c 1678us delay_l 0us
pkts_in_c 10993 pkts_in_l 12 maxq 8
ecn_mark 0 step_marks 0
credit -120340 (L)
c_marks 0 l_marks 0
dq_count 11000 eq_count 11005
c_drops 0 l_drops 0

TICK_NS 2540754337583
TC_DUR_NS 1455379
NEXT 2540766329999
PLACEMENT i=764
qdisc dualpi2 2: parent 1:10 limit 250p target 15ms tupdate 16ms alpha 0.152344 beta 3.195312 l4s_ect coupling_factor 2 drop_on_overload step_thresh 1ms drop_dequeue split_gso classic_protection 10% 
 Sent 16651155 bytes 11016 pkt (dropped 0, overlimits 0 requeues 0) 
 backlog 7570b 5p requeues 0
prob 0.000000 delay_c 4316us delay_l 0us
pkts_in_c 11009 pkts_in_l 12 maxq 8
ecn_mark 0 step_marks 0
credit -120340 (L)
c_marks 0 l_marks 0
dq_count 11016 eq_count 11021
c_drops 0 l_drops 0

TICK_NS 2540770420650
TC_DUR_NS 1379176
NEXT 2540782329999
PLACEMENT i=765
qdisc dualpi2 2: parent 1:10 limit 250p target 15ms tupdate 16ms alpha 0.152344 beta 3.195312 l4s_ect coupling_factor 2 drop_on_overload step_thresh 1ms drop_dequeue split_gso classic_protection 10% 
 Sent 16675379 bytes 11032 pkt (dropped 0, overlimits 0 requeues 0) 
 backlog 7570b 5p requeues 0
prob 0.000000 delay_c 4188us delay_l 0us
pkts_in_c 11025 pkts_in_l 12 maxq 8
ecn_mark 0 step_marks 0
credit -120340 (L)
c_marks 0 l_marks 0
dq_count 11032 eq_count 11037
c_drops 0 l_drops 0

TICK_NS 2540786374105
TC_DUR_NS 1442244
NEXT 2540798329999
PLACEMENT i=766
qdisc dualpi2 2: parent 1:10 limit 250p target 15ms tupdate 16ms alpha 0.152344 beta 3.195312 l4s_ect coupling_factor 2 drop_on_overload step_thresh 1ms drop_dequeue split_gso classic_protection 10% 
 Sent 16698089 bytes 11047 pkt (dropped 0, overlimits 0 requeues 0) 
 backlog 7570b 5p requeues 0
prob 0.000000 delay_c 3923us delay_l 0us
pkts_in_c 11040 pkts_in_l 12 maxq 8
ecn_mark 0 step_marks 0
credit -120340 (L)
c_marks 0 l_marks 0
dq_count 11047 eq_count 11052
c_drops 0 l_drops 0

TICK_NS 2540802407179
TC_DUR_NS 1424281
NEXT 2540814329999
PLACEMENT i=767
qdisc dualpi2 2: parent 1:10 limit 250p target 15ms tupdate 16ms alpha 0.152344 beta 3.195312 l4s_ect coupling_factor 2 drop_on_overload step_thresh 1ms drop_dequeue split_gso classic_protection 10% 
 Sent 16722313 bytes 11063 pkt (dropped 0, overlimits 0 requeues 0) 
 backlog 7570b 5p requeues 0
prob 0.007550 delay_c 4957us delay_l 0us
pkts_in_c 11056 pkts_in_l 12 maxq 8
ecn_mark 0 step_marks 0
credit -120340 (L)
c_marks 0 l_marks 0
dq_count 11063 eq_count 11068
c_drops 0 l_drops 0

TICK_NS 2540818323183
TC_DUR_NS 1433708
NEXT 2540830329999
PLACEMENT i=768
qdisc dualpi2 2: parent 1:10 limit 250p target 15ms tupdate 16ms alpha 0.152344 beta 3.195312 l4s_ect coupling_factor 2 drop_on_overload step_thresh 1ms drop_dequeue split_gso classic_protection 10% 
 Sent 16746537 bytes 11079 pkt (dropped 0, overlimits 0 requeues 0) 
 backlog 7570b 5p requeues 0
prob 0.005419 delay_c 4619us delay_l 0us
pkts_in_c 11072 pkts_in_l 12 maxq 8
ecn_mark 0 step_marks 0
credit -120340 (L)
c_marks 0 l_marks 0
dq_count 11079 eq_count 11084
c_drops 0 l_drops 0

TICK_NS 2540834509084
TC_DUR_NS 1447785
NEXT 2540846329999
PLACEMENT i=769
qdisc dualpi2 2: parent 1:10 limit 250p target 15ms tupdate 16ms alpha 0.152344 beta 3.195312 l4s_ect coupling_factor 2 drop_on_overload step_thresh 1ms drop_dequeue split_gso classic_protection 10% 
 Sent 16770761 bytes 11095 pkt (dropped 0, overlimits 0 requeues 0) 
 backlog 6056b 4p requeues 0
prob 0.003267 delay_c 3725us delay_l 0us
pkts_in_c 11087 pkts_in_l 12 maxq 8
ecn_mark 0 step_marks 0
credit -120340 (L)
c_marks 0 l_marks 0
dq_count 11095 eq_count 11099
c_drops 0 l_drops 0

TICK_NS 2540850479991
TC_DUR_NS 1308914
NEXT 2540862329999
PLACEMENT i=770
qdisc dualpi2 2: parent 1:10 limit 250p target 15ms tupdate 16ms alpha 0.152344 beta 3.195312 l4s_ect coupling_factor 2 drop_on_overload step_thresh 1ms drop_dequeue split_gso classic_protection 10% 
 Sent 16794985 bytes 11111 pkt (dropped 0, overlimits 0 requeues 0) 
 backlog 6056b 4p requeues 0
prob 0.004505 delay_c 3486us delay_l 0us
pkts_in_c 11103 pkts_in_l 12 maxq 8
ecn_mark 0 step_marks 0
credit -120340 (L)
c_marks 0 l_marks 0
dq_count 11111 eq_count 11115
c_drops 0 l_drops 0

TICK_NS 2540866396166
TC_DUR_NS 1390427
NEXT 2540878329999
PLACEMENT i=771
qdisc dualpi2 2: parent 1:10 limit 250p target 15ms tupdate 16ms alpha 0.152344 beta 3.195312 l4s_ect coupling_factor 2 drop_on_overload step_thresh 1ms drop_dequeue split_gso classic_protection 10% 
 Sent 16819209 bytes 11127 pkt (dropped 0, overlimits 0 requeues 0) 
 backlog 6056b 4p requeues 0
prob 0.002444 delay_c 3325us delay_l 0us
pkts_in_c 11119 pkts_in_l 12 maxq 8
ecn_mark 0 step_marks 0
credit -120340 (L)
c_marks 0 l_marks 0
dq_count 11127 eq_count 11131
c_drops 0 l_drops 0

TICK_NS 2540882502637
TC_DUR_NS 1366332
NEXT 2540894329999
PLACEMENT i=772
qdisc dualpi2 2: parent 1:10 limit 250p target 15ms tupdate 16ms alpha 0.152344 beta 3.195312 l4s_ect coupling_factor 2 drop_on_overload step_thresh 1ms drop_dequeue split_gso classic_protection 10% 
 Sent 16843433 bytes 11143 pkt (dropped 0, overlimits 0 requeues 0) 
 backlog 7570b 5p requeues 0
prob 0.000000 delay_c 4261us delay_l 0us
pkts_in_c 11136 pkts_in_l 12 maxq 8
ecn_mark 0 step_marks 0
credit -120340 (L)
c_marks 0 l_marks 0
dq_count 11143 eq_count 11148
c_drops 0 l_drops 0

TICK_NS 2540898521304
TC_DUR_NS 1414162
NEXT 2540910329999
PLACEMENT i=773
qdisc dualpi2 2: parent 1:10 limit 250p target 15ms tupdate 16ms alpha 0.152344 beta 3.195312 l4s_ect coupling_factor 2 drop_on_overload step_thresh 1ms drop_dequeue split_gso classic_protection 10% 
 Sent 16867657 bytes 11159 pkt (dropped 0, overlimits 0 requeues 0) 
 backlog 7570b 5p requeues 0
prob 0.000000 delay_c 4143us delay_l 0us
pkts_in_c 11152 pkts_in_l 12 maxq 8
ecn_mark 0 step_marks 0
credit -120340 (L)
c_marks 0 l_marks 0
dq_count 11159 eq_count 11164
c_drops 0 l_drops 0

TICK_NS 2540914295743
TC_DUR_NS 1435482
NEXT 2540926329999
PLACEMENT i=774
qdisc dualpi2 2: parent 1:10 limit 250p target 15ms tupdate 16ms alpha 0.152344 beta 3.195312 l4s_ect coupling_factor 2 drop_on_overload step_thresh 1ms drop_dequeue split_gso classic_protection 10% 
 Sent 16890367 bytes 11174 pkt (dropped 0, overlimits 0 requeues 0) 
 backlog 6056b 4p requeues 0
prob 0.000000 delay_c 3709us delay_l 0us
pkts_in_c 11166 pkts_in_l 12 maxq 8
ecn_mark 0 step_marks 0
credit -120340 (L)
c_marks 0 l_marks 0
dq_count 11174 eq_count 11178
c_drops 0 l_drops 0

TICK_NS 2540930212078
TC_DUR_NS 1242871
NEXT 2540942329999
PLACEMENT i=775
qdisc dualpi2 2: parent 1:10 limit 250p target 15ms tupdate 16ms alpha 0.152344 beta 3.195312 l4s_ect coupling_factor 2 drop_on_overload step_thresh 1ms drop_dequeue split_gso classic_protection 10% 
 Sent 16914591 bytes 11190 pkt (dropped 0, overlimits 0 requeues 0) 
 backlog 7570b 5p requeues 0
prob 0.001117 delay_c 4547us delay_l 0us
pkts_in_c 11183 pkts_in_l 12 maxq 8
ecn_mark 0 step_marks 0
credit -120340 (L)
c_marks 0 l_marks 0
dq_count 11190 eq_count 11195
c_drops 0 l_drops 0

TICK_NS 2540946618092
TC_DUR_NS 1442234
NEXT 2540958329999
PLACEMENT i=776
qdisc dualpi2 2: parent 1:10 limit 250p target 15ms tupdate 16ms alpha 0.152344 beta 3.195312 l4s_ect coupling_factor 2 drop_on_overload step_thresh 1ms drop_dequeue split_gso classic_protection 10% 
 Sent 16938815 bytes 11206 pkt (dropped 0, overlimits 0 requeues 0) 
 backlog 7570b 5p requeues 0
prob 0.000000 delay_c 4714us delay_l 0us
pkts_in_c 11199 pkts_in_l 12 maxq 8
ecn_mark 0 step_marks 0
credit -120340 (L)
c_marks 0 l_marks 0
dq_count 11206 eq_count 11211
c_drops 0 l_drops 0

TICK_NS 2540962452593
TC_DUR_NS 1331347
NEXT 2540974329999
PLACEMENT i=777
qdisc dualpi2 2: parent 1:10 limit 250p target 15ms tupdate 16ms alpha 0.152344 beta 3.195312 l4s_ect coupling_factor 2 drop_on_overload step_thresh 1ms drop_dequeue split_gso classic_protection 10% 
 Sent 16963039 bytes 11222 pkt (dropped 0, overlimits 0 requeues 0) 
 backlog 4542b 3p requeues 0
prob 0.000000 delay_c 4425us delay_l 0us
pkts_in_c 11213 pkts_in_l 12 maxq 8
ecn_mark 0 step_marks 0
credit -120340 (L)
c_marks 0 l_marks 0
dq_count 11222 eq_count 11225
c_drops 0 l_drops 0

TICK_NS 2540978383486
TC_DUR_NS 1432065
NEXT 2540990329999
PLACEMENT i=778
qdisc dualpi2 2: parent 1:10 limit 250p target 15ms tupdate 16ms alpha 0.152344 beta 3.195312 l4s_ect coupling_factor 2 drop_on_overload step_thresh 1ms drop_dequeue split_gso classic_protection 10% 
 Sent 16987263 bytes 11238 pkt (dropped 0, overlimits 0 requeues 0) 
 backlog 6056b 4p requeues 0
prob 0.001202 delay_c 3147us delay_l 0us
pkts_in_c 11230 pkts_in_l 12 maxq 8
ecn_mark 0 step_marks 0
credit -120340 (L)
c_marks 0 l_marks 0
dq_count 11238 eq_count 11242
c_drops 0 l_drops 0

TICK_NS 2540994599272
TC_DUR_NS 1381611
NEXT 2541006329999
PLACEMENT i=779
qdisc dualpi2 2: parent 1:10 limit 250p target 15ms tupdate 16ms alpha 0.152344 beta 3.195312 l4s_ect coupling_factor 2 drop_on_overload step_thresh 1ms drop_dequeue split_gso classic_protection 10% 
 Sent 17011487 bytes 11254 pkt (dropped 0, overlimits 0 requeues 0) 
 backlog 6056b 4p requeues 0
prob 0.000000 delay_c 3307us delay_l 0us
pkts_in_c 11246 pkts_in_l 12 maxq 8
ecn_mark 0 step_marks 0
credit -120340 (L)
c_marks 0 l_marks 0
dq_count 11254 eq_count 11258
c_drops 0 l_drops 0

TICK_NS 2541010484379
TC_DUR_NS 1322610
NEXT 2541022329999
PLACEMENT i=780
qdisc dualpi2 2: parent 1:10 limit 250p target 15ms tupdate 16ms alpha 0.152344 beta 3.195312 l4s_ect coupling_factor 2 drop_on_overload step_thresh 1ms drop_dequeue split_gso classic_protection 10% 
 Sent 17035711 bytes 11270 pkt (dropped 0, overlimits 0 requeues 0) 
 backlog 7570b 5p requeues 0
prob 0.000000 delay_c 1033us delay_l 0us
pkts_in_c 11263 pkts_in_l 12 maxq 8
ecn_mark 0 step_marks 0
credit -120340 (L)
c_marks 0 l_marks 0
dq_count 11270 eq_count 11275
c_drops 0 l_drops 0

TICK_NS 2541026133923
TC_DUR_NS 1408542
NEXT 2541038329999
PLACEMENT i=781
qdisc dualpi2 2: parent 1:10 limit 250p target 15ms tupdate 16ms alpha 0.152344 beta 3.195312 l4s_ect coupling_factor 2 drop_on_overload step_thresh 1ms drop_dequeue split_gso classic_protection 10% 
 Sent 17058421 bytes 11285 pkt (dropped 0, overlimits 0 requeues 0) 
 backlog 6056b 4p requeues 0
prob 0.000000 delay_c 3523us delay_l 0us
pkts_in_c 11277 pkts_in_l 12 maxq 8
ecn_mark 0 step_marks 0
credit -120340 (L)
c_marks 0 l_marks 0
dq_count 11285 eq_count 11289
c_drops 0 l_drops 0

TICK_NS 2541042503047
TC_DUR_NS 1298626
NEXT 2541054329999
PLACEMENT i=782
qdisc dualpi2 2: parent 1:10 limit 250p target 15ms tupdate 16ms alpha 0.152344 beta 3.195312 l4s_ect coupling_factor 2 drop_on_overload step_thresh 1ms drop_dequeue split_gso classic_protection 10% 
 Sent 17082645 bytes 11301 pkt (dropped 0, overlimits 0 requeues 0) 
 backlog 6056b 4p requeues 0
prob 0.004467 delay_c 3768us delay_l 0us
pkts_in_c 11293 pkts_in_l 12 maxq 8
ecn_mark 0 step_marks 0
credit -120340 (L)
c_marks 0 l_marks 0
dq_count 11301 eq_count 11305
c_drops 0 l_drops 0

TICK_NS 2541058560166
TC_DUR_NS 1428298
NEXT 2541070329999
PLACEMENT i=783
qdisc dualpi2 2: parent 1:10 limit 250p target 15ms tupdate 16ms alpha 0.152344 beta 3.195312 l4s_ect coupling_factor 2 drop_on_overload step_thresh 1ms drop_dequeue split_gso classic_protection 10% 
 Sent 17106869 bytes 11317 pkt (dropped 0, overlimits 0 requeues 0) 
 backlog 7570b 5p requeues 0
prob 0.002491 delay_c 3614us delay_l 0us
pkts_in_c 11310 pkts_in_l 12 maxq 8
ecn_mark 0 step_marks 0
credit -120340 (L)
c_marks 0 l_marks 0
dq_count 11317 eq_count 11322
c_drops 0 l_drops 0

TICK_NS 2541074464559
TC_DUR_NS 1663249
NEXT 2541086329999
PLACEMENT i=784
qdisc dualpi2 2: parent 1:10 limit 250p target 15ms tupdate 16ms alpha 0.152344 beta 3.195312 l4s_ect coupling_factor 2 drop_on_overload step_thresh 1ms drop_dequeue split_gso classic_protection 10% 
 Sent 17131093 bytes 11333 pkt (dropped 0, overlimits 0 requeues 0) 
 backlog 7570b 5p requeues 0
prob 0.000000 delay_c 4277us delay_l 0us
pkts_in_c 11326 pkts_in_l 12 maxq 8
ecn_mark 0 step_marks 0
credit -120340 (L)
c_marks 0 l_marks 0
dq_count 11333 eq_count 11338
c_drops 0 l_drops 0

TICK_NS 2541090569007
TC_DUR_NS 1464146
NEXT 2541102329999
PLACEMENT i=785
qdisc dualpi2 2: parent 1:10 limit 250p target 15ms tupdate 16ms alpha 0.152344 beta 3.195312 l4s_ect coupling_factor 2 drop_on_overload step_thresh 1ms drop_dequeue split_gso classic_protection 10% 
 Sent 17155317 bytes 11349 pkt (dropped 0, overlimits 0 requeues 0) 
 backlog 7570b 5p requeues 0
prob 0.000000 delay_c 4364us delay_l 0us
pkts_in_c 11342 pkts_in_l 12 maxq 8
ecn_mark 0 step_marks 0
credit -120340 (L)
c_marks 0 l_marks 0
dq_count 11349 eq_count 11354
c_drops 0 l_drops 0

TICK_NS 2541106412335
TC_DUR_NS 1419572
NEXT 2541118329999
PLACEMENT i=786
qdisc dualpi2 2: parent 1:10 limit 250p target 15ms tupdate 16ms alpha 0.152344 beta 3.195312 l4s_ect coupling_factor 2 drop_on_overload step_thresh 1ms drop_dequeue split_gso classic_protection 10% 
 Sent 17179541 bytes 11365 pkt (dropped 0, overlimits 0 requeues 0) 
 backlog 6056b 4p requeues 0
prob 0.000000 delay_c 3054us delay_l 0us
pkts_in_c 11357 pkts_in_l 12 maxq 8
ecn_mark 0 step_marks 0
credit -120340 (L)
c_marks 0 l_marks 0
dq_count 11365 eq_count 11369
c_drops 0 l_drops 0

TICK_NS 2541122606381
TC_DUR_NS 1634715
NEXT 2541134329999
PLACEMENT i=787
qdisc dualpi2 2: parent 1:10 limit 250p target 15ms tupdate 16ms alpha 0.152344 beta 3.195312 l4s_ect coupling_factor 2 drop_on_overload step_thresh 1ms drop_dequeue split_gso classic_protection 10% 
 Sent 17202251 bytes 11380 pkt (dropped 0, overlimits 0 requeues 0) 
 backlog 7570b 5p requeues 0
prob 0.001178 delay_c 5044us delay_l 0us
pkts_in_c 11373 pkts_in_l 12 maxq 8
ecn_mark 0 step_marks 0
credit -120340 (L)
c_marks 0 l_marks 0
dq_count 11380 eq_count 11385
c_drops 0 l_drops 0

TICK_NS 2541138193559
TC_DUR_NS 1324043
NEXT 2541150329999
PLACEMENT i=788
qdisc dualpi2 2: parent 1:10 limit 250p target 15ms tupdate 16ms alpha 0.152344 beta 3.195312 l4s_ect coupling_factor 2 drop_on_overload step_thresh 1ms drop_dequeue split_gso classic_protection 10% 
 Sent 17226475 bytes 11396 pkt (dropped 0, overlimits 0 requeues 0) 
 backlog 7570b 5p requeues 0
prob 0.000000 delay_c 4509us delay_l 0us
pkts_in_c 11389 pkts_in_l 12 maxq 8
ecn_mark 0 step_marks 0
credit -120340 (L)
c_marks 0 l_marks 0
dq_count 11396 eq_count 11401
c_drops 0 l_drops 0

TICK_NS 2541154753561
TC_DUR_NS 1492318
NEXT 2541166329999
PLACEMENT i=789
qdisc dualpi2 2: parent 1:10 limit 250p target 15ms tupdate 16ms alpha 0.152344 beta 3.195312 l4s_ect coupling_factor 2 drop_on_overload step_thresh 1ms drop_dequeue split_gso classic_protection 10% 
 Sent 17250699 bytes 11412 pkt (dropped 0, overlimits 0 requeues 0) 
 backlog 6056b 4p requeues 0
prob 0.000000 delay_c 3735us delay_l 0us
pkts_in_c 11404 pkts_in_l 12 maxq 8
ecn_mark 0 step_marks 0
credit -120340 (L)
c_marks 0 l_marks 0
dq_count 11412 eq_count 11416
c_drops 0 l_drops 0

TICK_NS 2541170091441
TC_DUR_NS 1372904
NEXT 2541182329999
PLACEMENT i=790
qdisc dualpi2 2: parent 1:10 limit 250p target 15ms tupdate 16ms alpha 0.152344 beta 3.195312 l4s_ect coupling_factor 2 drop_on_overload step_thresh 1ms drop_dequeue split_gso classic_protection 10% 
 Sent 17274923 bytes 11428 pkt (dropped 0, overlimits 0 requeues 0) 
 backlog 6056b 4p requeues 0
prob 0.004511 delay_c 3160us delay_l 0us
pkts_in_c 11420 pkts_in_l 12 maxq 8
ecn_mark 0 step_marks 0
credit -120340 (L)
c_marks 0 l_marks 0
dq_count 11428 eq_count 11432
c_drops 0 l_drops 0

TICK_NS 2541186747233
TC_DUR_NS 1729813
NEXT 2541198329999
PLACEMENT i=791
qdisc dualpi2 2: parent 1:10 limit 250p target 15ms tupdate 16ms alpha 0.152344 beta 3.195312 l4s_ect coupling_factor 2 drop_on_overload step_thresh 1ms drop_dequeue split_gso classic_protection 10% 
 Sent 17299147 bytes 11444 pkt (dropped 0, overlimits 0 requeues 0) 
 backlog 6056b 4p requeues 0
prob 0.002546 delay_c 3557us delay_l 0us
pkts_in_c 11436 pkts_in_l 12 maxq 8
ecn_mark 0 step_marks 0
credit -120340 (L)
c_marks 0 l_marks 0
dq_count 11444 eq_count 11448
c_drops 0 l_drops 0

TICK_NS 2541202184740
TC_DUR_NS 1496837
NEXT 2541214329999
PLACEMENT i=792
qdisc dualpi2 2: parent 1:10 limit 250p target 15ms tupdate 16ms alpha 0.152344 beta 3.195312 l4s_ect coupling_factor 2 drop_on_overload step_thresh 1ms drop_dequeue split_gso classic_protection 10% 
 Sent 17321857 bytes 11459 pkt (dropped 0, overlimits 0 requeues 0) 
 backlog 6056b 4p requeues 0
prob 0.000000 delay_c 3963us delay_l 0us
pkts_in_c 11451 pkts_in_l 12 maxq 8
ecn_mark 0 step_marks 0
credit -120340 (L)
c_marks 0 l_marks 0
dq_count 11459 eq_count 11463
c_drops 0 l_drops 0

TICK_NS 2541218042555
TC_DUR_NS 1292624
NEXT 2541230329999
PLACEMENT i=793
qdisc dualpi2 2: parent 1:10 limit 250p target 15ms tupdate 16ms alpha 0.152344 beta 3.195312 l4s_ect coupling_factor 2 drop_on_overload step_thresh 1ms drop_dequeue split_gso classic_protection 10% 
 Sent 17346081 bytes 11475 pkt (dropped 0, overlimits 0 requeues 0) 
 backlog 6056b 4p requeues 0
prob 0.000000 delay_c 3716us delay_l 0us
pkts_in_c 11467 pkts_in_l 12 maxq 8
ecn_mark 0 step_marks 0
credit -120340 (L)
c_marks 0 l_marks 0
dq_count 11475 eq_count 11479
c_drops 0 l_drops 0

TICK_NS 2541234878294
TC_DUR_NS 1558693
NEXT 2541246329999
PLACEMENT i=794
qdisc dualpi2 2: parent 1:10 limit 250p target 15ms tupdate 16ms alpha 0.152344 beta 3.195312 l4s_ect coupling_factor 2 drop_on_overload step_thresh 1ms drop_dequeue split_gso classic_protection 10% 
 Sent 17371819 bytes 11492 pkt (dropped 0, overlimits 0 requeues 0) 
 backlog 4542b 3p requeues 0
prob 0.000000 delay_c 4235us delay_l 0us
pkts_in_c 11483 pkts_in_l 12 maxq 8
ecn_mark 0 step_marks 0
credit -120340 (L)
c_marks 0 l_marks 0
dq_count 11492 eq_count 11495
c_drops 0 l_drops 0

TICK_NS 2541250220653
TC_DUR_NS 1316508
NEXT 2541262329999
PLACEMENT i=795
qdisc dualpi2 2: parent 1:10 limit 250p target 15ms tupdate 16ms alpha 0.152344 beta 3.195312 l4s_ect coupling_factor 2 drop_on_overload step_thresh 1ms drop_dequeue split_gso classic_protection 10% 
 Sent 17394529 bytes 11507 pkt (dropped 0, overlimits 0 requeues 0) 
 backlog 7570b 5p requeues 0
prob 0.001170 delay_c 4612us delay_l 0us
pkts_in_c 11500 pkts_in_l 12 maxq 8
ecn_mark 0 step_marks 0
credit -120340 (L)
c_marks 0 l_marks 0
dq_count 11507 eq_count 11512
c_drops 0 l_drops 0

TICK_NS 2541266713960
TC_DUR_NS 1526092
NEXT 2541278329999
PLACEMENT i=796
qdisc dualpi2 2: parent 1:10 limit 250p target 15ms tupdate 16ms alpha 0.152344 beta 3.195312 l4s_ect coupling_factor 2 drop_on_overload step_thresh 1ms drop_dequeue split_gso classic_protection 10% 
 Sent 17418753 bytes 11523 pkt (dropped 0, overlimits 0 requeues 0) 
 backlog 7570b 5p requeues 0
prob 0.000000 delay_c 4801us delay_l 0us
pkts_in_c 11516 pkts_in_l 12 maxq 8
ecn_mark 0 step_marks 0
credit -120340 (L)
c_marks 0 l_marks 0
dq_count 11523 eq_count 11528
c_drops 0 l_drops 0

TICK_NS 2541282371580
TC_DUR_NS 1340784
NEXT 2541294329999
PLACEMENT i=797
qdisc dualpi2 2: parent 1:10 limit 250p target 15ms tupdate 16ms alpha 0.152344 beta 3.195312 l4s_ect coupling_factor 2 drop_on_overload step_thresh 1ms drop_dequeue split_gso classic_protection 10% 
 Sent 17442977 bytes 11539 pkt (dropped 0, overlimits 0 requeues 0) 
 backlog 6056b 4p requeues 0
prob 0.000000 delay_c 4479us delay_l 0us
pkts_in_c 11531 pkts_in_l 12 maxq 8
ecn_mark 0 step_marks 0
credit -120340 (L)
c_marks 0 l_marks 0
dq_count 11539 eq_count 11543
c_drops 0 l_drops 0

TICK_NS 2541298643211
TC_DUR_NS 1566457
NEXT 2541310329999
PLACEMENT i=798
qdisc dualpi2 2: parent 1:10 limit 250p target 15ms tupdate 16ms alpha 0.152344 beta 3.195312 l4s_ect coupling_factor 2 drop_on_overload step_thresh 1ms drop_dequeue split_gso classic_protection 10% 
 Sent 17467201 bytes 11555 pkt (dropped 0, overlimits 0 requeues 0) 
 backlog 6056b 4p requeues 0
prob 0.001219 delay_c 3508us delay_l 0us
pkts_in_c 11547 pkts_in_l 12 maxq 8
ecn_mark 0 step_marks 0
credit -120340 (L)
c_marks 0 l_marks 0
dq_count 11555 eq_count 11559
c_drops 0 l_drops 0

TICK_NS 2541314627814
TC_DUR_NS 1470377
NEXT 2541326329999
PLACEMENT i=799
qdisc dualpi2 2: parent 1:10 limit 250p target 15ms tupdate 16ms alpha 0.152344 beta 3.195312 l4s_ect coupling_factor 2 drop_on_overload step_thresh 1ms drop_dequeue split_gso classic_protection 10% 
 Sent 17491425 bytes 11571 pkt (dropped 0, overlimits 0 requeues 0) 
 backlog 6056b 4p requeues 0
prob 0.000000 delay_c 3336us delay_l 0us
pkts_in_c 11563 pkts_in_l 12 maxq 8
ecn_mark 0 step_marks 0
credit -120340 (L)
c_marks 0 l_marks 0
dq_count 11571 eq_count 11575
c_drops 0 l_drops 0

TICK_NS 2541330386774
TC_DUR_NS 1506965
NEXT 2541342329999
PLACEMENT i=800
qdisc dualpi2 2: parent 1:10 limit 250p target 15ms tupdate 16ms alpha 0.152344 beta 3.195312 l4s_ect coupling_factor 2 drop_on_overload step_thresh 1ms drop_dequeue split_gso classic_protection 10% 
 Sent 17515649 bytes 11587 pkt (dropped 0, overlimits 0 requeues 0) 
 backlog 7570b 5p requeues 0
prob 0.000000 delay_c 3034us delay_l 0us
pkts_in_c 11580 pkts_in_l 12 maxq 8
ecn_mark 0 step_marks 0
credit -120340 (L)
c_marks 0 l_marks 0
dq_count 11587 eq_count 11592
c_drops 0 l_drops 0

TICK_NS 2541346298661
TC_DUR_NS 1400276
NEXT 2541358329999
PLACEMENT i=801
qdisc dualpi2 2: parent 1:10 limit 250p target 15ms tupdate 16ms alpha 0.152344 beta 3.195312 l4s_ect coupling_factor 2 drop_on_overload step_thresh 1ms drop_dequeue split_gso classic_protection 10% 
 Sent 17538359 bytes 11602 pkt (dropped 0, overlimits 0 requeues 0) 
 backlog 6056b 4p requeues 0
prob 0.000000 delay_c 3761us delay_l 0us
pkts_in_c 11594 pkts_in_l 12 maxq 8
ecn_mark 0 step_marks 0
credit -120340 (L)
c_marks 0 l_marks 0
dq_count 11602 eq_count 11606
c_drops 0 l_drops 0

TICK_NS 2541362808689
TC_DUR_NS 1487509
NEXT 2541374329999
PLACEMENT i=802
qdisc dualpi2 2: parent 1:10 limit 250p target 15ms tupdate 16ms alpha 0.152344 beta 3.195312 l4s_ect coupling_factor 2 drop_on_overload step_thresh 1ms drop_dequeue split_gso classic_protection 10% 
 Sent 17564097 bytes 11619 pkt (dropped 0, overlimits 0 requeues 0) 
 backlog 7570b 5p requeues 0
prob 0.000000 delay_c 4123us delay_l 0us
pkts_in_c 11612 pkts_in_l 12 maxq 8
ecn_mark 0 step_marks 0
credit -120340 (L)
c_marks 0 l_marks 0
dq_count 11619 eq_count 11624
c_drops 0 l_drops 0

TICK_NS 2541378437004
TC_DUR_NS 1382102
NEXT 2541390329999
PLACEMENT i=803
qdisc dualpi2 2: parent 1:10 limit 250p target 15ms tupdate 16ms alpha 0.152344 beta 3.195312 l4s_ect coupling_factor 2 drop_on_overload step_thresh 1ms drop_dequeue split_gso classic_protection 10% 
 Sent 17586807 bytes 11634 pkt (dropped 0, overlimits 0 requeues 0) 
 backlog 7570b 5p requeues 0
prob 0.000000 delay_c 4730us delay_l 0us
pkts_in_c 11627 pkts_in_l 12 maxq 8
ecn_mark 0 step_marks 0
credit -120340 (L)
c_marks 0 l_marks 0
dq_count 11634 eq_count 11639
c_drops 0 l_drops 0

TICK_NS 2541394937875
TC_DUR_NS 1754240
NEXT 2541406329999
PLACEMENT i=804
qdisc dualpi2 2: parent 1:10 limit 250p target 15ms tupdate 16ms alpha 0.152344 beta 3.195312 l4s_ect coupling_factor 2 drop_on_overload step_thresh 1ms drop_dequeue split_gso classic_protection 10% 
 Sent 17611031 bytes 11650 pkt (dropped 0, overlimits 0 requeues 0) 
 backlog 7570b 5p requeues 0
prob 0.001153 delay_c 4806us delay_l 0us
pkts_in_c 11643 pkts_in_l 12 maxq 8
ecn_mark 0 step_marks 0
credit -120340 (L)
c_marks 0 l_marks 0
dq_count 11650 eq_count 11655
c_drops 0 l_drops 0

TICK_NS 2541410522679
TC_DUR_NS 1363096
NEXT 2541422329999
PLACEMENT i=805
qdisc dualpi2 2: parent 1:10 limit 250p target 15ms tupdate 16ms alpha 0.152344 beta 3.195312 l4s_ect coupling_factor 2 drop_on_overload step_thresh 1ms drop_dequeue split_gso classic_protection 10% 
 Sent 17635255 bytes 11666 pkt (dropped 0, overlimits 0 requeues 0) 
 backlog 7570b 5p requeues 0
prob 0.000000 delay_c 4443us delay_l 0us
pkts_in_c 11659 pkts_in_l 12 maxq 8
ecn_mark 0 step_marks 0
credit -120340 (L)
c_marks 0 l_marks 0
dq_count 11666 eq_count 11671
c_drops 0 l_drops 0

TICK_NS 2541426634801
TC_DUR_NS 1483983
NEXT 2541438329999
PLACEMENT i=806
qdisc dualpi2 2: parent 1:10 limit 250p target 15ms tupdate 16ms alpha 0.152344 beta 3.195312 l4s_ect coupling_factor 2 drop_on_overload step_thresh 1ms drop_dequeue split_gso classic_protection 10% 
 Sent 17659479 bytes 11682 pkt (dropped 0, overlimits 0 requeues 0) 
 backlog 6056b 4p requeues 0
prob 0.001267 delay_c 3287us delay_l 0us
pkts_in_c 11674 pkts_in_l 12 maxq 8
ecn_mark 0 step_marks 0
credit -120340 (L)
c_marks 0 l_marks 0
dq_count 11682 eq_count 11686
c_drops 0 l_drops 0

TICK_NS 2541442531369
TC_DUR_NS 1473202
NEXT 2541454329999
PLACEMENT i=807
qdisc dualpi2 2: parent 1:10 limit 250p target 15ms tupdate 16ms alpha 0.152344 beta 3.195312 l4s_ect coupling_factor 2 drop_on_overload step_thresh 1ms drop_dequeue split_gso classic_protection 10% 
 Sent 17683703 bytes 11698 pkt (dropped 0, overlimits 0 requeues 0) 
 backlog 6056b 4p requeues 0
prob 0.000000 delay_c 3091us delay_l 0us
pkts_in_c 11690 pkts_in_l 12 maxq 8
ecn_mark 0 step_marks 0
credit -120340 (L)
c_marks 0 l_marks 0
dq_count 11698 eq_count 11702
c_drops 0 l_drops 0

TICK_NS 2541458405715
TC_DUR_NS 1729353
NEXT 2541470329999
PLACEMENT i=808
qdisc dualpi2 2: parent 1:10 limit 250p target 15ms tupdate 16ms alpha 0.152344 beta 3.195312 l4s_ect coupling_factor 2 drop_on_overload step_thresh 1ms drop_dequeue split_gso classic_protection 10% 
 Sent 17706413 bytes 11713 pkt (dropped 0, overlimits 0 requeues 0) 
 backlog 7570b 5p requeues 0
prob 0.000000 delay_c 4716us delay_l 0us
pkts_in_c 11706 pkts_in_l 12 maxq 8
ecn_mark 0 step_marks 0
credit -120340 (L)
c_marks 0 l_marks 0
dq_count 11713 eq_count 11718
c_drops 0 l_drops 0

TICK_NS 2541474289669
TC_DUR_NS 1579061
NEXT 2541486329999
PLACEMENT i=809
qdisc dualpi2 2: parent 1:10 limit 250p target 15ms tupdate 16ms alpha 0.152344 beta 3.195312 l4s_ect coupling_factor 2 drop_on_overload step_thresh 1ms drop_dequeue split_gso classic_protection 10% 
 Sent 17730637 bytes 11729 pkt (dropped 0, overlimits 0 requeues 0) 
 backlog 6056b 4p requeues 0
prob 0.000000 delay_c 3440us delay_l 0us
pkts_in_c 11721 pkts_in_l 12 maxq 8
ecn_mark 0 step_marks 0
credit -120340 (L)
c_marks 0 l_marks 0
dq_count 11729 eq_count 11733
c_drops 0 l_drops 0

TICK_NS 2541490253974
TC_DUR_NS 1492489
NEXT 2541502329999
PLACEMENT i=810
qdisc dualpi2 2: parent 1:10 limit 250p target 15ms tupdate 16ms alpha 0.152344 beta 3.195312 l4s_ect coupling_factor 2 drop_on_overload step_thresh 1ms drop_dequeue split_gso classic_protection 10% 
 Sent 17754861 bytes 11745 pkt (dropped 0, overlimits 0 requeues 0) 
 backlog 6056b 4p requeues 0
prob 0.000000 delay_c 3299us delay_l 0us
pkts_in_c 11737 pkts_in_l 12 maxq 8
ecn_mark 0 step_marks 0
credit -120340 (L)
c_marks 0 l_marks 0
dq_count 11745 eq_count 11749
c_drops 0 l_drops 0

TICK_NS 2541506561884
TC_DUR_NS 1426164
NEXT 2541518329999
PLACEMENT i=811
qdisc dualpi2 2: parent 1:10 limit 250p target 15ms tupdate 16ms alpha 0.152344 beta 3.195312 l4s_ect coupling_factor 2 drop_on_overload step_thresh 1ms drop_dequeue split_gso classic_protection 10% 
 Sent 17779085 bytes 11761 pkt (dropped 0, overlimits 0 requeues 0) 
 backlog 6056b 4p requeues 0
prob 0.000000 delay_c 3461us delay_l 0us
pkts_in_c 11753 pkts_in_l 12 maxq 8
ecn_mark 0 step_marks 0
credit -120340 (L)
c_marks 0 l_marks 0
dq_count 11761 eq_count 11765
c_drops 0 l_drops 0

TICK_NS 2541522340611
TC_DUR_NS 1431895
NEXT 2541534329999
PLACEMENT i=812
qdisc dualpi2 2: parent 1:10 limit 250p target 15ms tupdate 16ms alpha 0.152344 beta 3.195312 l4s_ect coupling_factor 2 drop_on_overload step_thresh 1ms drop_dequeue split_gso classic_protection 10% 
 Sent 17803309 bytes 11777 pkt (dropped 0, overlimits 0 requeues 0) 
 backlog 7570b 5p requeues 0
prob 0.001104 delay_c 4106us delay_l 0us
pkts_in_c 11770 pkts_in_l 12 maxq 8
ecn_mark 0 step_marks 0
credit -120340 (L)
c_marks 0 l_marks 0
dq_count 11777 eq_count 11782
c_drops 0 l_drops 0

TICK_NS 2541538398291
TC_DUR_NS 1555337
NEXT 2541550329999
PLACEMENT i=813
qdisc dualpi2 2: parent 1:10 limit 250p target 15ms tupdate 16ms alpha 0.152344 beta 3.195312 l4s_ect coupling_factor 2 drop_on_overload step_thresh 1ms drop_dequeue split_gso classic_protection 10% 
 Sent 17826019 bytes 11792 pkt (dropped 0, overlimits 0 requeues 0) 
 backlog 6126b 5p requeues 0
prob 0.000000 delay_c 5177us delay_l 0us
pkts_in_c 11785 pkts_in_l 12 maxq 8
ecn_mark 0 step_marks 0
credit -120340 (L)
c_marks 0 l_marks 0
dq_count 11792 eq_count 11797
c_drops 0 l_drops 0

TICK_NS 2541554279069
TC_DUR_NS 1313303
NEXT 2541566329999
PLACEMENT i=814
qdisc dualpi2 2: parent 1:10 limit 250p target 15ms tupdate 16ms alpha 0.152344 beta 3.195312 l4s_ect coupling_factor 2 drop_on_overload step_thresh 1ms drop_dequeue split_gso classic_protection 10% 
 Sent 17850313 bytes 11809 pkt (dropped 0, overlimits 0 requeues 0) 
 backlog 3028b 2p requeues 0
prob 0.000000 delay_c 3780us delay_l 0us
pkts_in_c 11799 pkts_in_l 12 maxq 8
ecn_mark 0 step_marks 0
credit -120340 (L)
c_marks 0 l_marks 0
dq_count 11809 eq_count 11811
c_drops 0 l_drops 0

TICK_NS 2541570497070
TC_DUR_NS 1468644
NEXT 2541582329999
PLACEMENT i=815
qdisc dualpi2 2: parent 1:10 limit 250p target 15ms tupdate 16ms alpha 0.152344 beta 3.195312 l4s_ect coupling_factor 2 drop_on_overload step_thresh 1ms drop_dequeue split_gso classic_protection 10% 
 Sent 17874537 bytes 11825 pkt (dropped 0, overlimits 0 requeues 0) 
 backlog 7570b 5p requeues 0
prob 0.001199 delay_c 4785us delay_l 0us
pkts_in_c 11818 pkts_in_l 12 maxq 8
ecn_mark 0 step_marks 0
credit -120340 (L)
c_marks 0 l_marks 0
dq_count 11825 eq_count 11830
c_drops 0 l_drops 0

TICK_NS 2541586279303
TC_DUR_NS 1278838
NEXT 2541598329999
PLACEMENT i=816
qdisc dualpi2 2: parent 1:10 limit 250p target 15ms tupdate 16ms alpha 0.152344 beta 3.195312 l4s_ect coupling_factor 2 drop_on_overload step_thresh 1ms drop_dequeue split_gso classic_protection 10% 
 Sent 17898761 bytes 11841 pkt (dropped 0, overlimits 0 requeues 0) 
 backlog 7570b 5p requeues 0
prob 0.000000 delay_c 4505us delay_l 0us
pkts_in_c 11834 pkts_in_l 12 maxq 8
ecn_mark 0 step_marks 0
credit -120340 (L)
c_marks 0 l_marks 0
dq_count 11841 eq_count 11846
c_drops 0 l_drops 0

TICK_NS 2541602594266
TC_DUR_NS 1379898
NEXT 2541614329999
PLACEMENT i=817
qdisc dualpi2 2: parent 1:10 limit 250p target 15ms tupdate 16ms alpha 0.152344 beta 3.195312 l4s_ect coupling_factor 2 drop_on_overload step_thresh 1ms drop_dequeue split_gso classic_protection 10% 
 Sent 17922985 bytes 11857 pkt (dropped 0, overlimits 0 requeues 0) 
 backlog 6056b 4p requeues 0
prob 0.000000 delay_c 2626us delay_l 0us
pkts_in_c 11849 pkts_in_l 12 maxq 8
ecn_mark 0 step_marks 0
credit -120340 (L)
c_marks 0 l_marks 0
dq_count 11857 eq_count 11861
c_drops 0 l_drops 0

TICK_NS 2541618476327
TC_DUR_NS 1638863
NEXT 2541630329999
PLACEMENT i=818
qdisc dualpi2 2: parent 1:10 limit 250p target 15ms tupdate 16ms alpha 0.152344 beta 3.195312 l4s_ect coupling_factor 2 drop_on_overload step_thresh 1ms drop_dequeue split_gso classic_protection 10% 
 Sent 17947209 bytes 11873 pkt (dropped 0, overlimits 0 requeues 0) 
 backlog 6056b 4p requeues 0
prob 0.000000 delay_c 3239us delay_l 0us
pkts_in_c 11865 pkts_in_l 12 maxq 8
ecn_mark 0 step_marks 0
credit -120340 (L)
c_marks 0 l_marks 0
dq_count 11873 eq_count 11877
c_drops 0 l_drops 0

TICK_NS 2541634645756
TC_DUR_NS 1442726
NEXT 2541646329999
PLACEMENT i=819
qdisc dualpi2 2: parent 1:10 limit 250p target 15ms tupdate 16ms alpha 0.152344 beta 3.195312 l4s_ect coupling_factor 2 drop_on_overload step_thresh 1ms drop_dequeue split_gso classic_protection 10% 
 Sent 17971433 bytes 11889 pkt (dropped 0, overlimits 0 requeues 0) 
 backlog 6056b 4p requeues 0
prob 0.000000 delay_c 3341us delay_l 0us
pkts_in_c 11881 pkts_in_l 12 maxq 8
ecn_mark 0 step_marks 0
credit -120340 (L)
c_marks 0 l_marks 0
dq_count 11889 eq_count 11893
c_drops 0 l_drops 0

TICK_NS 2541650313475
TC_DUR_NS 1611562
NEXT 2541662329999
PLACEMENT i=820
qdisc dualpi2 2: parent 1:10 limit 250p target 15ms tupdate 16ms alpha 0.152344 beta 3.195312 l4s_ect coupling_factor 2 drop_on_overload step_thresh 1ms drop_dequeue split_gso classic_protection 10% 
 Sent 17994143 bytes 11904 pkt (dropped 0, overlimits 0 requeues 0) 
 backlog 6056b 4p requeues 0
prob 0.000000 delay_c 3886us delay_l 0us
pkts_in_c 11896 pkts_in_l 12 maxq 8
ecn_mark 0 step_marks 0
credit -120340 (L)
c_marks 0 l_marks 0
dq_count 11904 eq_count 11908
c_drops 0 l_drops 0

TICK_NS 2541666614301
TC_DUR_NS 1810976
NEXT 2541678329999
PLACEMENT i=821
qdisc dualpi2 2: parent 1:10 limit 250p target 15ms tupdate 16ms alpha 0.152344 beta 3.195312 l4s_ect coupling_factor 2 drop_on_overload step_thresh 1ms drop_dequeue split_gso classic_protection 10% 
 Sent 18018367 bytes 11920 pkt (dropped 0, overlimits 0 requeues 0) 
 backlog 6056b 4p requeues 0
prob 0.001107 delay_c 3873us delay_l 0us
pkts_in_c 11912 pkts_in_l 12 maxq 8
ecn_mark 0 step_marks 0
credit -120340 (L)
c_marks 0 l_marks 0
dq_count 11920 eq_count 11924
c_drops 0 l_drops 0

TICK_NS 2541682564069
TC_DUR_NS 1578991
NEXT 2541694329999
PLACEMENT i=822
qdisc dualpi2 2: parent 1:10 limit 250p target 15ms tupdate 16ms alpha 0.152344 beta 3.195312 l4s_ect coupling_factor 2 drop_on_overload step_thresh 1ms drop_dequeue split_gso classic_protection 10% 
 Sent 18042591 bytes 11936 pkt (dropped 0, overlimits 0 requeues 0) 
 backlog 6056b 4p requeues 0
prob 0.000000 delay_c 3749us delay_l 0us
pkts_in_c 11928 pkts_in_l 12 maxq 8
ecn_mark 0 step_marks 0
credit -120340 (L)
c_marks 0 l_marks 0
dq_count 11936 eq_count 11940
c_drops 0 l_drops 0

TICK_NS 2541698139104
TC_DUR_NS 1423198
NEXT 2541710329999
PLACEMENT i=823
qdisc dualpi2 2: parent 1:10 limit 250p target 15ms tupdate 16ms alpha 0.152344 beta 3.195312 l4s_ect coupling_factor 2 drop_on_overload step_thresh 1ms drop_dequeue split_gso classic_protection 10% 
 Sent 18066815 bytes 11952 pkt (dropped 0, overlimits 0 requeues 0) 
 backlog 7570b 5p requeues 0
prob 0.001214 delay_c 4343us delay_l 0us
pkts_in_c 11945 pkts_in_l 12 maxq 8
ecn_mark 0 step_marks 0
credit -120340 (L)
c_marks 0 l_marks 0
dq_count 11952 eq_count 11957
c_drops 0 l_drops 0

TICK_NS 2541714715877
TC_DUR_NS 1533656
NEXT 2541726329999
PLACEMENT i=824
qdisc dualpi2 2: parent 1:10 limit 250p target 15ms tupdate 16ms alpha 0.152344 beta 3.195312 l4s_ect coupling_factor 2 drop_on_overload step_thresh 1ms drop_dequeue split_gso classic_protection 10% 
 Sent 18091039 bytes 11968 pkt (dropped 0, overlimits 0 requeues 0) 
 backlog 7570b 5p requeues 0
prob 0.000000 delay_c 4643us delay_l 0us
pkts_in_c 11961 pkts_in_l 12 maxq 8
ecn_mark 0 step_marks 0
credit -120340 (L)
c_marks 0 l_marks 0
dq_count 11968 eq_count 11973
c_drops 0 l_drops 0

TICK_NS 2541730419774
TC_DUR_NS 1558683
NEXT 2541742329999
PLACEMENT i=825
qdisc dualpi2 2: parent 1:10 limit 250p target 15ms tupdate 16ms alpha 0.152344 beta 3.195312 l4s_ect coupling_factor 2 drop_on_overload step_thresh 1ms drop_dequeue split_gso classic_protection 10% 
 Sent 18115263 bytes 11984 pkt (dropped 0, overlimits 0 requeues 0) 
 backlog 7570b 5p requeues 0
prob 0.000000 delay_c 4256us delay_l 0us
pkts_in_c 11977 pkts_in_l 12 maxq 8
ecn_mark 0 step_marks 0
credit -120340 (L)
c_marks 0 l_marks 0
dq_count 11984 eq_count 11989
c_drops 0 l_drops 0

TICK_NS 2541746585006
TC_DUR_NS 1734242
NEXT 2541758329999
PLACEMENT i=826
qdisc dualpi2 2: parent 1:10 limit 250p target 15ms tupdate 16ms alpha 0.152344 beta 3.195312 l4s_ect coupling_factor 2 drop_on_overload step_thresh 1ms drop_dequeue split_gso classic_protection 10% 
 Sent 18139487 bytes 12000 pkt (dropped 0, overlimits 0 requeues 0) 
 backlog 6056b 4p requeues 0
prob 0.000000 delay_c 3157us delay_l 0us
pkts_in_c 11992 pkts_in_l 12 maxq 8
ecn_mark 0 step_marks 0
credit -120340 (L)
c_marks 0 l_marks 0
dq_count 12000 eq_count 12004
c_drops 0 l_drops 0

TICK_NS 2541762567184
TC_DUR_NS 1673969
NEXT 2541774329999
PLACEMENT i=827
qdisc dualpi2 2: parent 1:10 limit 250p target 15ms tupdate 16ms alpha 0.152344 beta 3.195312 l4s_ect coupling_factor 2 drop_on_overload step_thresh 1ms drop_dequeue split_gso classic_protection 10% 
 Sent 18163711 bytes 12016 pkt (dropped 0, overlimits 0 requeues 0) 
 backlog 6056b 4p requeues 0
prob 0.004532 delay_c 3065us delay_l 0us
pkts_in_c 12008 pkts_in_l 12 maxq 8
ecn_mark 0 step_marks 0
credit -120340 (L)
c_marks 0 l_marks 0
dq_count 12016 eq_count 12020
c_drops 0 l_drops 0

TICK_NS 2541778358044
TC_DUR_NS 1531291
NEXT 2541790329999
PLACEMENT i=828
qdisc dualpi2 2: parent 1:10 limit 250p target 15ms tupdate 16ms alpha 0.152344 beta 3.195312 l4s_ect coupling_factor 2 drop_on_overload step_thresh 1ms drop_dequeue split_gso classic_protection 10% 
 Sent 18186421 bytes 12031 pkt (dropped 0, overlimits 0 requeues 0) 
 backlog 7570b 5p requeues 0
prob 0.002537 delay_c 4674us delay_l 0us
pkts_in_c 12024 pkts_in_l 12 maxq 8
ecn_mark 0 step_marks 0
credit -120340 (L)
c_marks 0 l_marks 0
dq_count 12031 eq_count 12036
c_drops 0 l_drops 0

TICK_NS 2541794270622
TC_DUR_NS 1515782
NEXT 2541806329999
PLACEMENT i=829
qdisc dualpi2 2: parent 1:10 limit 250p target 15ms tupdate 16ms alpha 0.152344 beta 3.195312 l4s_ect coupling_factor 2 drop_on_overload step_thresh 1ms drop_dequeue split_gso classic_protection 10% 
 Sent 18210645 bytes 12047 pkt (dropped 0, overlimits 0 requeues 0) 
 backlog 6056b 4p requeues 0
prob 0.000000 delay_c 3453us delay_l 0us
pkts_in_c 12039 pkts_in_l 12 maxq 8
ecn_mark 0 step_marks 0
credit -120340 (L)
c_marks 0 l_marks 0
dq_count 12047 eq_count 12051
c_drops 0 l_drops 0

TICK_NS 2541810681174
TC_DUR_NS 1447254
NEXT 2541822329999
PLACEMENT i=830
qdisc dualpi2 2: parent 1:10 limit 250p target 15ms tupdate 16ms alpha 0.152344 beta 3.195312 l4s_ect coupling_factor 2 drop_on_overload step_thresh 1ms drop_dequeue split_gso classic_protection 10% 
 Sent 18234869 bytes 12063 pkt (dropped 0, overlimits 0 requeues 0) 
 backlog 6056b 4p requeues 0
prob 0.000000 delay_c 3747us delay_l 0us
pkts_in_c 12055 pkts_in_l 12 maxq 8
ecn_mark 0 step_marks 0
credit -120340 (L)
c_marks 0 l_marks 0
dq_count 12063 eq_count 12067
c_drops 0 l_drops 0

TICK_NS 2541826563245
TC_DUR_NS 1413791
NEXT 2541838329999
PLACEMENT i=831
qdisc dualpi2 2: parent 1:10 limit 250p target 15ms tupdate 16ms alpha 0.152344 beta 3.195312 l4s_ect coupling_factor 2 drop_on_overload step_thresh 1ms drop_dequeue split_gso classic_protection 10% 
 Sent 18259093 bytes 12079 pkt (dropped 0, overlimits 0 requeues 0) 
 backlog 3028b 2p requeues 0
prob 0.000000 delay_c 3493us delay_l 0us
pkts_in_c 12069 pkts_in_l 12 maxq 8
ecn_mark 0 step_marks 0
credit -120340 (L)
c_marks 0 l_marks 0
dq_count 12079 eq_count 12081
c_drops 0 l_drops 0

TICK_NS 2541842401393
TC_DUR_NS 1500483
NEXT 2541854329999
PLACEMENT i=832
qdisc dualpi2 2: parent 1:10 limit 250p target 15ms tupdate 16ms alpha 0.152344 beta 3.195312 l4s_ect coupling_factor 2 drop_on_overload step_thresh 1ms drop_dequeue split_gso classic_protection 10% 
 Sent 18283317 bytes 12095 pkt (dropped 0, overlimits 0 requeues 0) 
 backlog 7570b 5p requeues 0
prob 0.001191 delay_c 4243us delay_l 0us
pkts_in_c 12088 pkts_in_l 12 maxq 8
ecn_mark 0 step_marks 0
credit -120340 (L)
c_marks 0 l_marks 0
dq_count 12095 eq_count 12100
c_drops 0 l_drops 0

TICK_NS 2541858120218
TC_DUR_NS 1367645
NEXT 2541870329999
PLACEMENT i=833
qdisc dualpi2 2: parent 1:10 limit 250p target 15ms tupdate 16ms alpha 0.152344 beta 3.195312 l4s_ect coupling_factor 2 drop_on_overload step_thresh 1ms drop_dequeue split_gso classic_protection 10% 
 Sent 18306027 bytes 12110 pkt (dropped 0, overlimits 0 requeues 0) 
 backlog 6056b 4p requeues 0
prob 0.000000 delay_c 3743us delay_l 0us
pkts_in_c 12102 pkts_in_l 12 maxq 8
ecn_mark 0 step_marks 0
credit -120340 (L)
c_marks 0 l_marks 0
dq_count 12110 eq_count 12114
c_drops 0 l_drops 0

TICK_NS 2541874393973
TC_DUR_NS 1420283
NEXT 2541886329999
PLACEMENT i=834
qdisc dualpi2 2: parent 1:10 limit 250p target 15ms tupdate 16ms alpha 0.152344 beta 3.195312 l4s_ect coupling_factor 2 drop_on_overload step_thresh 1ms drop_dequeue split_gso classic_protection 10% 
 Sent 18330251 bytes 12126 pkt (dropped 0, overlimits 0 requeues 0) 
 backlog 7570b 5p requeues 0
prob 0.000000 delay_c 1955us delay_l 0us
pkts_in_c 12119 pkts_in_l 12 maxq 8
ecn_mark 0 step_marks 0
credit -120340 (L)
c_marks 0 l_marks 0
dq_count 12126 eq_count 12131
c_drops 0 l_drops 0

TICK_NS 2541890266366
TC_DUR_NS 1408862
NEXT 2541902329999
PLACEMENT i=835
qdisc dualpi2 2: parent 1:10 limit 250p target 15ms tupdate 16ms alpha 0.152344 beta 3.195312 l4s_ect coupling_factor 2 drop_on_overload step_thresh 1ms drop_dequeue split_gso classic_protection 10% 
 Sent 18354475 bytes 12142 pkt (dropped 0, overlimits 0 requeues 0) 
 backlog 7570b 5p requeues 0
prob 0.001257 delay_c 4624us delay_l 0us
pkts_in_c 12135 pkts_in_l 12 maxq 8
ecn_mark 0 step_marks 0
credit -120340 (L)
c_marks 0 l_marks 0
dq_count 12142 eq_count 12147
c_drops 0 l_drops 0

TICK_NS 2541906511387
TC_DUR_NS 1422448
NEXT 2541918329999
PLACEMENT i=836
qdisc dualpi2 2: parent 1:10 limit 250p target 15ms tupdate 16ms alpha 0.152344 beta 3.195312 l4s_ect coupling_factor 2 drop_on_overload step_thresh 1ms drop_dequeue split_gso classic_protection 10% 
 Sent 18378699 bytes 12158 pkt (dropped 0, overlimits 0 requeues 0) 
 backlog 7570b 5p requeues 0
prob 0.000000 delay_c 4804us delay_l 0us
pkts_in_c 12151 pkts_in_l 12 maxq 8
ecn_mark 0 step_marks 0
credit -120340 (L)
c_marks 0 l_marks 0
dq_count 12158 eq_count 12163
c_drops 0 l_drops 0

TICK_NS 2541922716233
TC_DUR_NS 1581646
NEXT 2541934329999
PLACEMENT i=837
qdisc dualpi2 2: parent 1:10 limit 250p target 15ms tupdate 16ms alpha 0.152344 beta 3.195312 l4s_ect coupling_factor 2 drop_on_overload step_thresh 1ms drop_dequeue split_gso classic_protection 10% 
 Sent 18402923 bytes 12174 pkt (dropped 0, overlimits 0 requeues 0) 
 backlog 6056b 4p requeues 0
prob 0.000000 delay_c 3816us delay_l 0us
pkts_in_c 12166 pkts_in_l 12 maxq 8
ecn_mark 0 step_marks 0
credit -120340 (L)
c_marks 0 l_marks 0
dq_count 12174 eq_count 12178
c_drops 0 l_drops 0

TICK_NS 2541938780135
TC_DUR_NS 1433207
NEXT 2541950329999
PLACEMENT i=838
qdisc dualpi2 2: parent 1:10 limit 250p target 15ms tupdate 16ms alpha 0.152344 beta 3.195312 l4s_ect coupling_factor 2 drop_on_overload step_thresh 1ms drop_dequeue split_gso classic_protection 10% 
 Sent 18427147 bytes 12190 pkt (dropped 0, overlimits 0 requeues 0) 
 backlog 6056b 4p requeues 0
prob 0.001005 delay_c 3565us delay_l 0us
pkts_in_c 12182 pkts_in_l 12 maxq 8
ecn_mark 0 step_marks 0
credit -120340 (L)
c_marks 0 l_marks 0
dq_count 12190 eq_count 12194
c_drops 0 l_drops 0

TICK_NS 2541954541700
TC_DUR_NS 1353889
NEXT 2541966329999
PLACEMENT i=839
qdisc dualpi2 2: parent 1:10 limit 250p target 15ms tupdate 16ms alpha 0.152344 beta 3.195312 l4s_ect coupling_factor 2 drop_on_overload step_thresh 1ms drop_dequeue split_gso classic_protection 10% 
 Sent 18451371 bytes 12206 pkt (dropped 0, overlimits 0 requeues 0) 
 backlog 6056b 4p requeues 0
prob 0.000000 delay_c 3395us delay_l 0us
pkts_in_c 12198 pkts_in_l 12 maxq 8
ecn_mark 0 step_marks 0
credit -120340 (L)
c_marks 0 l_marks 0
dq_count 12206 eq_count 12210
c_drops 0 l_drops 0

TICK_NS 2541970667868
TC_DUR_NS 1471299
NEXT 2541982329999
PLACEMENT i=840
qdisc dualpi2 2: parent 1:10 limit 250p target 15ms tupdate 16ms alpha 0.152344 beta 3.195312 l4s_ect coupling_factor 2 drop_on_overload step_thresh 1ms drop_dequeue split_gso classic_protection 10% 
 Sent 18475595 bytes 12222 pkt (dropped 0, overlimits 0 requeues 0) 
 backlog 7570b 5p requeues 0
prob 0.001184 delay_c 4273us delay_l 0us
pkts_in_c 12215 pkts_in_l 12 maxq 8
ecn_mark 0 step_marks 0
credit -120340 (L)
c_marks 0 l_marks 0
dq_count 12222 eq_count 12227
c_drops 0 l_drops 0

TICK_NS 2541986565729
TC_DUR_NS 1467091
NEXT 2541998329999
PLACEMENT i=841
qdisc dualpi2 2: parent 1:10 limit 250p target 15ms tupdate 16ms alpha 0.152344 beta 3.195312 l4s_ect coupling_factor 2 drop_on_overload step_thresh 1ms drop_dequeue split_gso classic_protection 10% 
 Sent 18498305 bytes 12237 pkt (dropped 0, overlimits 0 requeues 0) 
 backlog 6056b 4p requeues 0
prob 0.000000 delay_c 4019us delay_l 0us
pkts_in_c 12229 pkts_in_l 12 maxq 8
ecn_mark 0 step_marks 0
credit -120340 (L)
c_marks 0 l_marks 0
dq_count 12237 eq_count 12241
c_drops 0 l_drops 0

TICK_NS 2542002290825
TC_DUR_NS 1442525
NEXT 2542014329999
PLACEMENT i=842
qdisc dualpi2 2: parent 1:10 limit 250p target 15ms tupdate 16ms alpha 0.152344 beta 3.195312 l4s_ect coupling_factor 2 drop_on_overload step_thresh 1ms drop_dequeue split_gso classic_protection 10% 
 Sent 18522529 bytes 12253 pkt (dropped 0, overlimits 0 requeues 0) 
 backlog 6056b 4p requeues 0
prob 0.000000 delay_c 3608us delay_l 0us
pkts_in_c 12245 pkts_in_l 12 maxq 8
ecn_mark 0 step_marks 0
credit -120340 (L)
c_marks 0 l_marks 0
dq_count 12253 eq_count 12257
c_drops 0 l_drops 0

TICK_NS 2542018284876
TC_DUR_NS 1291702
NEXT 2542030329999
PLACEMENT i=843
qdisc dualpi2 2: parent 1:10 limit 250p target 15ms tupdate 16ms alpha 0.152344 beta 3.195312 l4s_ect coupling_factor 2 drop_on_overload step_thresh 1ms drop_dequeue split_gso classic_protection 10% 
 Sent 18546753 bytes 12269 pkt (dropped 0, overlimits 0 requeues 0) 
 backlog 7570b 5p requeues 0
prob 0.001237 delay_c 4455us delay_l 0us
pkts_in_c 12262 pkts_in_l 12 maxq 8
ecn_mark 0 step_marks 0
credit -120340 (L)
c_marks 0 l_marks 0
dq_count 12269 eq_count 12274
c_drops 0 l_drops 0

TICK_NS 2542034434819
TC_DUR_NS 1387292
NEXT 2542046329999
PLACEMENT i=844
qdisc dualpi2 2: parent 1:10 limit 250p target 15ms tupdate 16ms alpha 0.152344 beta 3.195312 l4s_ect coupling_factor 2 drop_on_overload step_thresh 1ms drop_dequeue split_gso classic_protection 10% 
 Sent 18570977 bytes 12285 pkt (dropped 0, overlimits 0 requeues 0) 
 backlog 7570b 5p requeues 0
prob 0.000000 delay_c 4482us delay_l 0us
pkts_in_c 12278 pkts_in_l 12 maxq 8
ecn_mark 0 step_marks 0
credit -120340 (L)
c_marks 0 l_marks 0
dq_count 12285 eq_count 12290
c_drops 0 l_drops 0

TICK_NS 2542050459457
TC_DUR_NS 1507266
NEXT 2542062329999
PLACEMENT i=845
qdisc dualpi2 2: parent 1:10 limit 250p target 15ms tupdate 16ms alpha 0.152344 beta 3.195312 l4s_ect coupling_factor 2 drop_on_overload step_thresh 1ms drop_dequeue split_gso classic_protection 10% 
 Sent 18595201 bytes 12301 pkt (dropped 0, overlimits 0 requeues 0) 
 backlog 7570b 5p requeues 0
prob 0.000000 delay_c 4237us delay_l 0us
pkts_in_c 12294 pkts_in_l 12 maxq 8
ecn_mark 0 step_marks 0
credit -120340 (L)
c_marks 0 l_marks 0
dq_count 12301 eq_count 12306
c_drops 0 l_drops 0

TICK_NS 2542066425335
TC_DUR_NS 1389976
NEXT 2542078329999
PLACEMENT i=846
qdisc dualpi2 2: parent 1:10 limit 250p target 15ms tupdate 16ms alpha 0.152344 beta 3.195312 l4s_ect coupling_factor 2 drop_on_overload step_thresh 1ms drop_dequeue split_gso classic_protection 10% 
 Sent 18619425 bytes 12317 pkt (dropped 0, overlimits 0 requeues 0) 
 backlog 6056b 4p requeues 0
prob 0.000000 delay_c 3133us delay_l 0us
pkts_in_c 12309 pkts_in_l 12 maxq 8
ecn_mark 0 step_marks 0
credit -120340 (L)
c_marks 0 l_marks 0
dq_count 12317 eq_count 12321
c_drops 0 l_drops 0

TICK_NS 2542082515786
TC_DUR_NS 1622132
NEXT 2542094329999
PLACEMENT i=847
qdisc dualpi2 2: parent 1:10 limit 250p target 15ms tupdate 16ms alpha 0.152344 beta 3.195312 l4s_ect coupling_factor 2 drop_on_overload step_thresh 1ms drop_dequeue split_gso classic_protection 10% 
 Sent 18642135 bytes 12332 pkt (dropped 0, overlimits 0 requeues 0) 
 backlog 7570b 5p requeues 0
prob 0.000000 delay_c 5012us delay_l 0us
pkts_in_c 12325 pkts_in_l 12 maxq 8
ecn_mark 0 step_marks 0
credit -120340 (L)
c_marks 0 l_marks 0
dq_count 12332 eq_count 12337
c_drops 0 l_drops 0

TICK_NS 2542098329439
TC_DUR_NS 1473452
NEXT 2542110329999
PLACEMENT i=848
qdisc dualpi2 2: parent 1:10 limit 250p target 15ms tupdate 16ms alpha 0.152344 beta 3.195312 l4s_ect coupling_factor 2 drop_on_overload step_thresh 1ms drop_dequeue split_gso classic_protection 10% 
 Sent 18666359 bytes 12348 pkt (dropped 0, overlimits 0 requeues 0) 
 backlog 4542b 3p requeues 0
prob 0.000000 delay_c 4725us delay_l 0us
pkts_in_c 12339 pkts_in_l 12 maxq 8
ecn_mark 0 step_marks 0
credit -120340 (L)
c_marks 0 l_marks 0
dq_count 12348 eq_count 12351
c_drops 0 l_drops 0

TICK_NS 2542114669799
TC_DUR_NS 1497788
NEXT 2542126329999
PLACEMENT i=849
qdisc dualpi2 2: parent 1:10 limit 250p target 15ms tupdate 16ms alpha 0.152344 beta 3.195312 l4s_ect coupling_factor 2 drop_on_overload step_thresh 1ms drop_dequeue split_gso classic_protection 10% 
 Sent 18690583 bytes 12364 pkt (dropped 0, overlimits 0 requeues 0) 
 backlog 6056b 4p requeues 0
prob 0.001124 delay_c 3696us delay_l 0us
pkts_in_c 12356 pkts_in_l 12 maxq 8
ecn_mark 0 step_marks 0
credit -120340 (L)
c_marks 0 l_marks 0
dq_count 12364 eq_count 12368
c_drops 0 l_drops 0

TICK_NS 2542130044569
TC_DUR_NS 1376891
NEXT 2542142329999
PLACEMENT i=850
qdisc dualpi2 2: parent 1:10 limit 250p target 15ms tupdate 16ms alpha 0.152344 beta 3.195312 l4s_ect coupling_factor 2 drop_on_overload step_thresh 1ms drop_dequeue split_gso classic_protection 10% 
 Sent 18714807 bytes 12380 pkt (dropped 0, overlimits 0 requeues 0) 
 backlog 6056b 4p requeues 0
prob 0.000000 delay_c 3196us delay_l 0us
pkts_in_c 12372 pkts_in_l 12 maxq 8
ecn_mark 0 step_marks 0
credit -120340 (L)
c_marks 0 l_marks 0
dq_count 12380 eq_count 12384
c_drops 0 l_drops 0

TICK_NS 2542146548435
TC_DUR_NS 1382102
NEXT 2542158329999
PLACEMENT i=851
qdisc dualpi2 2: parent 1:10 limit 250p target 15ms tupdate 16ms alpha 0.152344 beta 3.195312 l4s_ect coupling_factor 2 drop_on_overload step_thresh 1ms drop_dequeue split_gso classic_protection 10% 
 Sent 18739031 bytes 12396 pkt (dropped 0, overlimits 0 requeues 0) 
 backlog 7570b 5p requeues 0
prob 0.000000 delay_c 1469us delay_l 0us
pkts_in_c 12389 pkts_in_l 12 maxq 8
ecn_mark 0 step_marks 0
credit -120340 (L)
c_marks 0 l_marks 0
dq_count 12396 eq_count 12401
c_drops 0 l_drops 0

TICK_NS 2542162609893
TC_DUR_NS 1470508
NEXT 2542174329999
PLACEMENT i=852
qdisc dualpi2 2: parent 1:10 limit 250p target 15ms tupdate 16ms alpha 0.152344 beta 3.195312 l4s_ect coupling_factor 2 drop_on_overload step_thresh 1ms drop_dequeue split_gso classic_protection 10% 
 Sent 18763255 bytes 12412 pkt (dropped 0, overlimits 0 requeues 0) 
 backlog 7570b 5p requeues 0
prob 0.001249 delay_c 4470us delay_l 0us
pkts_in_c 12405 pkts_in_l 12 maxq 8
ecn_mark 0 step_marks 0
credit -120340 (L)
c_marks 0 l_marks 0
dq_count 12412 eq_count 12417
c_drops 0 l_drops 0

TICK_NS 2542178345569
TC_DUR_NS 1621511
NEXT 2542190329999
PLACEMENT i=853
qdisc dualpi2 2: parent 1:10 limit 250p target 15ms tupdate 16ms alpha 0.152344 beta 3.195312 l4s_ect coupling_factor 2 drop_on_overload step_thresh 1ms drop_dequeue split_gso classic_protection 10% 
 Sent 18785965 bytes 12427 pkt (dropped 0, overlimits 0 requeues 0) 
 backlog 6056b 4p requeues 0
prob 0.000000 delay_c 4025us delay_l 0us
pkts_in_c 12419 pkts_in_l 12 maxq 8
ecn_mark 0 step_marks 0
credit -120340 (L)
c_marks 0 l_marks 0
dq_count 12427 eq_count 12431
c_drops 0 l_drops 0

TICK_NS 2542194121972
TC_DUR_NS 1332409
NEXT 2542206329999
PLACEMENT i=854
qdisc dualpi2 2: parent 1:10 limit 250p target 15ms tupdate 16ms alpha 0.152344 beta 3.195312 l4s_ect coupling_factor 2 drop_on_overload step_thresh 1ms drop_dequeue split_gso classic_protection 10% 
 Sent 18810189 bytes 12443 pkt (dropped 0, overlimits 0 requeues 0) 
 backlog 7570b 5p requeues 0
prob 0.000000 delay_c 3740us delay_l 0us
pkts_in_c 12436 pkts_in_l 12 maxq 8
ecn_mark 0 step_marks 0
credit -120340 (L)
c_marks 0 l_marks 0
dq_count 12443 eq_count 12448
c_drops 0 l_drops 0

TICK_NS 2542210773856
TC_DUR_NS 1566417
NEXT 2542222329999
PLACEMENT i=855
qdisc dualpi2 2: parent 1:10 limit 250p target 15ms tupdate 16ms alpha 0.152344 beta 3.195312 l4s_ect coupling_factor 2 drop_on_overload step_thresh 1ms drop_dequeue split_gso classic_protection 10% 
 Sent 18835927 bytes 12460 pkt (dropped 0, overlimits 0 requeues 0) 
 backlog 6056b 4p requeues 0
prob 0.001001 delay_c 3081us delay_l 0us
pkts_in_c 12452 pkts_in_l 12 maxq 8
ecn_mark 0 step_marks 0
credit -120340 (L)
c_marks 0 l_marks 0
dq_count 12460 eq_count 12464
c_drops 0 l_drops 0

TICK_NS 2542226140911
TC_DUR_NS 1449869
NEXT 2542238329999
PLACEMENT i=856
qdisc dualpi2 2: parent 1:10 limit 250p target 15ms tupdate 16ms alpha 0.152344 beta 3.195312 l4s_ect coupling_factor 2 drop_on_overload step_thresh 1ms drop_dequeue split_gso classic_protection 10% 
 Sent 18858637 bytes 12475 pkt (dropped 0, overlimits 0 requeues 0) 
 backlog 7570b 5p requeues 0
prob 0.000000 delay_c 4409us delay_l 0us
pkts_in_c 12468 pkts_in_l 12 maxq 8
ecn_mark 0 step_marks 0
credit -120340 (L)
c_marks 0 l_marks 0
dq_count 12475 eq_count 12480
c_drops 0 l_drops 0

TICK_NS 2542242660076
TC_DUR_NS 1487810
NEXT 2542254329999
PLACEMENT i=857
qdisc dualpi2 2: parent 1:10 limit 250p target 15ms tupdate 16ms alpha 0.152344 beta 3.195312 l4s_ect coupling_factor 2 drop_on_overload step_thresh 1ms drop_dequeue split_gso classic_protection 10% 
 Sent 18882861 bytes 12491 pkt (dropped 0, overlimits 0 requeues 0) 
 backlog 6056b 4p requeues 0
prob 0.001137 delay_c 3729us delay_l 0us
pkts_in_c 12483 pkts_in_l 12 maxq 8
ecn_mark 0 step_marks 0
credit -120340 (L)
c_marks 0 l_marks 0
dq_count 12491 eq_count 12495
c_drops 0 l_drops 0

TICK_NS 2542258952667
TC_DUR_NS 1776652
NEXT 2542270329999
PLACEMENT i=858
qdisc dualpi2 2: parent 1:10 limit 250p target 15ms tupdate 16ms alpha 0.152344 beta 3.195312 l4s_ect coupling_factor 2 drop_on_overload step_thresh 1ms drop_dequeue split_gso classic_protection 10% 
 Sent 18907085 bytes 12507 pkt (dropped 0, overlimits 0 requeues 0) 
 backlog 6056b 4p requeues 0
prob 0.000000 delay_c 3711us delay_l 0us
pkts_in_c 12499 pkts_in_l 12 maxq 8
ecn_mark 0 step_marks 0
credit -120340 (L)
c_marks 0 l_marks 0
dq_count 12507 eq_count 12511
c_drops 0 l_drops 0

TICK_NS 2542274894780
TC_DUR_NS 1625118
NEXT 2542286329999
PLACEMENT i=859
qdisc dualpi2 2: parent 1:10 limit 250p target 15ms tupdate 16ms alpha 0.152344 beta 3.195312 l4s_ect coupling_factor 2 drop_on_overload step_thresh 1ms drop_dequeue split_gso classic_protection 10% 
 Sent 18931309 bytes 12523 pkt (dropped 0, overlimits 0 requeues 0) 
 backlog 6056b 4p requeues 0
prob 0.000000 delay_c 3603us delay_l 0us
pkts_in_c 12515 pkts_in_l 12 maxq 8
ecn_mark 0 step_marks 0
credit -120340 (L)
c_marks 0 l_marks 0
dq_count 12523 eq_count 12527
c_drops 0 l_drops 0

TICK_NS 2542290916974
TC_DUR_NS 1795346
NEXT 2542302329999
PLACEMENT i=860
qdisc dualpi2 2: parent 1:10 limit 250p target 15ms tupdate 16ms alpha 0.152344 beta 3.195312 l4s_ect coupling_factor 2 drop_on_overload step_thresh 1ms drop_dequeue split_gso classic_protection 10% 
 Sent 18955533 bytes 12539 pkt (dropped 0, overlimits 0 requeues 0) 
 backlog 7570b 5p requeues 0
prob 0.001247 delay_c 4475us delay_l 0us
pkts_in_c 12532 pkts_in_l 12 maxq 8
ecn_mark 0 step_marks 0
credit -120340 (L)
c_marks 0 l_marks 0
dq_count 12539 eq_count 12544
c_drops 0 l_drops 0

TICK_NS 2542306358468
TC_DUR_NS 1605751
NEXT 2542318329999
PLACEMENT i=861
qdisc dualpi2 2: parent 1:10 limit 250p target 15ms tupdate 16ms alpha 0.152344 beta 3.195312 l4s_ect coupling_factor 2 drop_on_overload step_thresh 1ms drop_dequeue split_gso classic_protection 10% 
 Sent 18978243 bytes 12554 pkt (dropped 0, overlimits 0 requeues 0) 
 backlog 6056b 4p requeues 0
prob 0.000000 delay_c 3839us delay_l 0us
pkts_in_c 12546 pkts_in_l 12 maxq 8
ecn_mark 0 step_marks 0
credit -120340 (L)
c_marks 0 l_marks 0
dq_count 12554 eq_count 12558
c_drops 0 l_drops 0

TICK_NS 2542322286195
TC_DUR_NS 1388704
NEXT 2542334329999
PLACEMENT i=862
qdisc dualpi2 2: parent 1:10 limit 250p target 15ms tupdate 16ms alpha 0.152344 beta 3.195312 l4s_ect coupling_factor 2 drop_on_overload step_thresh 1ms drop_dequeue split_gso classic_protection 10% 
 Sent 19002467 bytes 12570 pkt (dropped 0, overlimits 0 requeues 0) 
 backlog 6056b 4p requeues 0
prob 0.000000 delay_c 3654us delay_l 0us
pkts_in_c 12562 pkts_in_l 12 maxq 8
ecn_mark 0 step_marks 0
credit -120340 (L)
c_marks 0 l_marks 0
dq_count 12570 eq_count 12574
c_drops 0 l_drops 0

TICK_NS 2542338775404
TC_DUR_NS 1580153
NEXT 2542350329999
PLACEMENT i=863
qdisc dualpi2 2: parent 1:10 limit 250p target 15ms tupdate 16ms alpha 0.152344 beta 3.195312 l4s_ect coupling_factor 2 drop_on_overload step_thresh 1ms drop_dequeue split_gso classic_protection 10% 
 Sent 19026691 bytes 12586 pkt (dropped 0, overlimits 0 requeues 0) 
 backlog 7570b 5p requeues 0
prob 0.000000 delay_c 4861us delay_l 0us
pkts_in_c 12579 pkts_in_l 12 maxq 8
ecn_mark 0 step_marks 0
credit -120340 (L)
c_marks 0 l_marks 0
dq_count 12586 eq_count 12591
c_drops 0 l_drops 0

TICK_NS 2542354314782
TC_DUR_NS 1436744
NEXT 2542366329999
PLACEMENT i=864
qdisc dualpi2 2: parent 1:10 limit 250p target 15ms tupdate 16ms alpha 0.152344 beta 3.195312 l4s_ect coupling_factor 2 drop_on_overload step_thresh 1ms drop_dequeue split_gso classic_protection 10% 
 Sent 19050915 bytes 12602 pkt (dropped 0, overlimits 0 requeues 0) 
 backlog 7570b 5p requeues 0
prob 0.000000 delay_c 4392us delay_l 0us
pkts_in_c 12595 pkts_in_l 12 maxq 8
ecn_mark 0 step_marks 0
credit -120340 (L)
c_marks 0 l_marks 0
dq_count 12602 eq_count 12607
c_drops 0 l_drops 0

TICK_NS 2542370699786
TC_DUR_NS 1628604
NEXT 2542382329999
PLACEMENT i=865
qdisc dualpi2 2: parent 1:10 limit 250p target 15ms tupdate 16ms alpha 0.152344 beta 3.195312 l4s_ect coupling_factor 2 drop_on_overload step_thresh 1ms drop_dequeue split_gso classic_protection 10% 
 Sent 19075139 bytes 12618 pkt (dropped 0, overlimits 0 requeues 0) 
 backlog 4542b 3p requeues 0
prob 0.004509 delay_c 4592us delay_l 0us
pkts_in_c 12609 pkts_in_l 12 maxq 8
ecn_mark 0 step_marks 0
credit -120340 (L)
c_marks 0 l_marks 0
dq_count 12618 eq_count 12621
c_drops 0 l_drops 0

TICK_NS 2542386324234
TC_DUR_NS 1451532
NEXT 2542398329999
PLACEMENT i=866
qdisc dualpi2 2: parent 1:10 limit 250p target 15ms tupdate 16ms alpha 0.152344 beta 3.195312 l4s_ect coupling_factor 2 drop_on_overload step_thresh 1ms drop_dequeue split_gso classic_protection 10% 
 Sent 19097849 bytes 12633 pkt (dropped 0, overlimits 0 requeues 0) 
 backlog 7570b 5p requeues 0
prob 0.000000 delay_c 5022us delay_l 0us
pkts_in_c 12626 pkts_in_l 12 maxq 8
ecn_mark 0 step_marks 0
credit -120340 (L)
c_marks 0 l_marks 0
dq_count 12633 eq_count 12638
c_drops 0 l_drops 0

TICK_NS 2542402483615
TC_DUR_NS 1475257
NEXT 2542414329999
PLACEMENT i=867
qdisc dualpi2 2: parent 1:10 limit 250p target 15ms tupdate 16ms alpha 0.152344 beta 3.195312 l4s_ect coupling_factor 2 drop_on_overload step_thresh 1ms drop_dequeue split_gso classic_protection 10% 
 Sent 19123587 bytes 12650 pkt (dropped 0, overlimits 0 requeues 0) 
 backlog 6056b 4p requeues 0
prob 0.000000 delay_c 3139us delay_l 0us
pkts_in_c 12642 pkts_in_l 12 maxq 8
ecn_mark 0 step_marks 0
credit -120340 (L)
c_marks 0 l_marks 0
dq_count 12650 eq_count 12654
c_drops 0 l_drops 0

TICK_NS 2542418201618
TC_DUR_NS 1429621
NEXT 2542430329999
PLACEMENT i=868
qdisc dualpi2 2: parent 1:10 limit 250p target 15ms tupdate 16ms alpha 0.152344 beta 3.195312 l4s_ect coupling_factor 2 drop_on_overload step_thresh 1ms drop_dequeue split_gso classic_protection 10% 
 Sent 19146297 bytes 12665 pkt (dropped 0, overlimits 0 requeues 0) 
 backlog 6056b 4p requeues 0
prob 0.000000 delay_c 4625us delay_l 0us
pkts_in_c 12657 pkts_in_l 12 maxq 8
ecn_mark 0 step_marks 0
credit -120340 (L)
c_marks 0 l_marks 0
dq_count 12665 eq_count 12669
c_drops 0 l_drops 0

TICK_NS 2542434429086
TC_DUR_NS 1388313
NEXT 2542446329999
PLACEMENT i=869
qdisc dualpi2 2: parent 1:10 limit 250p target 15ms tupdate 16ms alpha 0.152344 beta 3.195312 l4s_ect coupling_factor 2 drop_on_overload step_thresh 1ms drop_dequeue split_gso classic_protection 10% 
 Sent 19170521 bytes 12681 pkt (dropped 0, overlimits 0 requeues 0) 
 backlog 6056b 4p requeues 0
prob 0.001170 delay_c 3826us delay_l 0us
pkts_in_c 12673 pkts_in_l 12 maxq 8
ecn_mark 0 step_marks 0
credit -120340 (L)
c_marks 0 l_marks 0
dq_count 12681 eq_count 12685
c_drops 0 l_drops 0

TICK_NS 2542450178258
TC_DUR_NS 1401939
NEXT 2542462329999
PLACEMENT i=870
qdisc dualpi2 2: parent 1:10 limit 250p target 15ms tupdate 16ms alpha 0.152344 beta 3.195312 l4s_ect coupling_factor 2 drop_on_overload step_thresh 1ms drop_dequeue split_gso classic_protection 10% 
 Sent 19194745 bytes 12697 pkt (dropped 0, overlimits 0 requeues 0) 
 backlog 6056b 4p requeues 0
prob 0.000000 delay_c 3332us delay_l 0us
pkts_in_c 12689 pkts_in_l 12 maxq 8
ecn_mark 0 step_marks 0
credit -120340 (L)
c_marks 0 l_marks 0
dq_count 12697 eq_count 12701
c_drops 0 l_drops 0

TICK_NS 2542466489634
TC_DUR_NS 1440050
NEXT 2542478329999
PLACEMENT i=871
qdisc dualpi2 2: parent 1:10 limit 250p target 15ms tupdate 16ms alpha 0.152344 beta 3.195312 l4s_ect coupling_factor 2 drop_on_overload step_thresh 1ms drop_dequeue split_gso classic_protection 10% 
 Sent 19218969 bytes 12713 pkt (dropped 0, overlimits 0 requeues 0) 
 backlog 7570b 5p requeues 0
prob 0.000000 delay_c 3546us delay_l 0us
pkts_in_c 12706 pkts_in_l 12 maxq 8
ecn_mark 0 step_marks 0
credit -120340 (L)
c_marks 0 l_marks 0
dq_count 12713 eq_count 12718
c_drops 0 l_drops 0

TICK_NS 2542482546873
TC_DUR_NS 1325436
NEXT 2542494329999
PLACEMENT i=872
qdisc dualpi2 2: parent 1:10 limit 250p target 15ms tupdate 16ms alpha 0.152344 beta 3.195312 l4s_ect coupling_factor 2 drop_on_overload step_thresh 1ms drop_dequeue split_gso classic_protection 10% 
 Sent 19243193 bytes 12729 pkt (dropped 0, overlimits 0 requeues 0) 
 backlog 7570b 5p requeues 0
prob 0.007731 delay_c 4490us delay_l 0us
pkts_in_c 12722 pkts_in_l 12 maxq 8
ecn_mark 0 step_marks 0
credit -120340 (L)
c_marks 0 l_marks 0
dq_count 12729 eq_count 12734
c_drops 0 l_drops 0

TICK_NS 2542498619110
TC_DUR_NS 1459667
NEXT 2542510329999
PLACEMENT i=873
qdisc dualpi2 2: parent 1:10 limit 250p target 15ms tupdate 16ms alpha 0.152344 beta 3.195312 l4s_ect coupling_factor 2 drop_on_overload step_thresh 1ms drop_dequeue split_gso classic_protection 10% 
 Sent 19267417 bytes 12745 pkt (dropped 0, overlimits 0 requeues 0) 
 backlog 7570b 5p requeues 0
prob 0.005757 delay_c 4354us delay_l 0us
pkts_in_c 12738 pkts_in_l 12 maxq 8
ecn_mark 0 step_marks 0
credit -120340 (L)
c_marks 0 l_marks 0
dq_count 12745 eq_count 12750
c_drops 0 l_drops 0

TICK_NS 2542514589627
TC_DUR_NS 1424852
NEXT 2542526329999
PLACEMENT i=874
qdisc dualpi2 2: parent 1:10 limit 250p target 15ms tupdate 16ms alpha 0.152344 beta 3.195312 l4s_ect coupling_factor 2 drop_on_overload step_thresh 1ms drop_dequeue split_gso classic_protection 10% 
 Sent 19291641 bytes 12761 pkt (dropped 0, overlimits 0 requeues 0) 
 backlog 6056b 4p requeues 0
prob 0.000349 delay_c 3162us delay_l 0us
pkts_in_c 12753 pkts_in_l 12 maxq 8
ecn_mark 0 step_marks 0
credit -120340 (L)
c_marks 0 l_marks 0
dq_count 12761 eq_count 12765
c_drops 0 l_drops 0

TICK_NS 2542530358716
TC_DUR_NS 1248481
NEXT 2542542329999
PLACEMENT i=875
qdisc dualpi2 2: parent 1:10 limit 250p target 15ms tupdate 16ms alpha 0.152344 beta 3.195312 l4s_ect coupling_factor 2 drop_on_overload step_thresh 1ms drop_dequeue split_gso classic_protection 10% 
 Sent 19314351 bytes 12776 pkt (dropped 0, overlimits 0 requeues 0) 
 backlog 7570b 5p requeues 0
prob 0.000000 delay_c 4867us delay_l 0us
pkts_in_c 12769 pkts_in_l 12 maxq 8
ecn_mark 0 step_marks 0
credit -120340 (L)
c_marks 0 l_marks 0
dq_count 12776 eq_count 12781
c_drops 0 l_drops 0

TICK_NS 2542546342558
TC_DUR_NS 1444458
NEXT 2542558329999
PLACEMENT i=876
qdisc dualpi2 2: parent 1:10 limit 250p target 15ms tupdate 16ms alpha 0.152344 beta 3.195312 l4s_ect coupling_factor 2 drop_on_overload step_thresh 1ms drop_dequeue split_gso classic_protection 10% 
 Sent 19338575 bytes 12792 pkt (dropped 0, overlimits 0 requeues 0) 
 backlog 7570b 5p requeues 0
prob 0.000000 delay_c 4656us delay_l 0us
pkts_in_c 12785 pkts_in_l 12 maxq 8
ecn_mark 0 step_marks 0
credit -120340 (L)
c_marks 0 l_marks 0
dq_count 12792 eq_count 12797
c_drops 0 l_drops 0

TICK_NS 2542562261487
TC_DUR_NS 1311790
NEXT 2542574329999
PLACEMENT i=877
qdisc dualpi2 2: parent 1:10 limit 250p target 15ms tupdate 16ms alpha 0.152344 beta 3.195312 l4s_ect coupling_factor 2 drop_on_overload step_thresh 1ms drop_dequeue split_gso classic_protection 10% 
 Sent 19362799 bytes 12808 pkt (dropped 0, overlimits 0 requeues 0) 
 backlog 6056b 4p requeues 0
prob 0.001136 delay_c 3391us delay_l 0us
pkts_in_c 12800 pkts_in_l 12 maxq 8
ecn_mark 0 step_marks 0
credit -120340 (L)
c_marks 0 l_marks 0
dq_count 12808 eq_count 12812
c_drops 0 l_drops 0

TICK_NS 2542578679804
TC_DUR_NS 1406387
NEXT 2542590329999
PLACEMENT i=878
qdisc dualpi2 2: parent 1:10 limit 250p target 15ms tupdate 16ms alpha 0.152344 beta 3.195312 l4s_ect coupling_factor 2 drop_on_overload step_thresh 1ms drop_dequeue split_gso classic_protection 10% 
 Sent 19387023 bytes 12824 pkt (dropped 0, overlimits 0 requeues 0) 
 backlog 6056b 4p requeues 0
prob 0.000000 delay_c 3624us delay_l 0us
pkts_in_c 12816 pkts_in_l 12 maxq 8
ecn_mark 0 step_marks 0
credit -120340 (L)
c_marks 0 l_marks 0
dq_count 12824 eq_count 12828
c_drops 0 l_drops 0

TICK_NS 2542594645792
TC_DUR_NS 1448907
NEXT 2542606329999
PLACEMENT i=879
qdisc dualpi2 2: parent 1:10 limit 250p target 15ms tupdate 16ms alpha 0.152344 beta 3.195312 l4s_ect coupling_factor 2 drop_on_overload step_thresh 1ms drop_dequeue split_gso classic_protection 10% 
 Sent 19411247 bytes 12840 pkt (dropped 0, overlimits 0 requeues 0) 
 backlog 6056b 4p requeues 0
prob 0.000000 delay_c 3548us delay_l 0us
pkts_in_c 12832 pkts_in_l 12 maxq 8
ecn_mark 0 step_marks 0
credit -120340 (L)
c_marks 0 l_marks 0
dq_count 12840 eq_count 12844
c_drops 0 l_drops 0

TICK_NS 2542610392589
TC_DUR_NS 1337928
NEXT 2542622329999
PLACEMENT i=880
qdisc dualpi2 2: parent 1:10 limit 250p target 15ms tupdate 16ms alpha 0.152344 beta 3.195312 l4s_ect coupling_factor 2 drop_on_overload step_thresh 1ms drop_dequeue split_gso classic_protection 10% 
 Sent 19433957 bytes 12855 pkt (dropped 0, overlimits 0 requeues 0) 
 backlog 6056b 4p requeues 0
prob 0.001238 delay_c 4007us delay_l 0us
pkts_in_c 12847 pkts_in_l 12 maxq 8
ecn_mark 0 step_marks 0
credit -120340 (L)
c_marks 0 l_marks 0
dq_count 12855 eq_count 12859
c_drops 0 l_drops 0

TICK_NS 2542626327258
TC_DUR_NS 1512095
NEXT 2542638329999
PLACEMENT i=881
qdisc dualpi2 2: parent 1:10 limit 250p target 15ms tupdate 16ms alpha 0.152344 beta 3.195312 l4s_ect coupling_factor 2 drop_on_overload step_thresh 1ms drop_dequeue split_gso classic_protection 10% 
 Sent 19458181 bytes 12871 pkt (dropped 0, overlimits 0 requeues 0) 
 backlog 6056b 4p requeues 0
prob 0.000000 delay_c 3812us delay_l 0us
pkts_in_c 12863 pkts_in_l 12 maxq 8
ecn_mark 0 step_marks 0
credit -120340 (L)
c_marks 0 l_marks 0
dq_count 12871 eq_count 12875
c_drops 0 l_drops 0

TICK_NS 2542642439691
TC_DUR_NS 1357656
NEXT 2542654329999
PLACEMENT i=882
qdisc dualpi2 2: parent 1:10 limit 250p target 15ms tupdate 16ms alpha 0.152344 beta 3.195312 l4s_ect coupling_factor 2 drop_on_overload step_thresh 1ms drop_dequeue split_gso classic_protection 10% 
 Sent 19482405 bytes 12887 pkt (dropped 0, overlimits 0 requeues 0) 
 backlog 6056b 4p requeues 0
prob 0.000000 delay_c 3811us delay_l 0us
pkts_in_c 12879 pkts_in_l 12 maxq 8
ecn_mark 0 step_marks 0
credit -120340 (L)
c_marks 0 l_marks 0
dq_count 12887 eq_count 12891
c_drops 0 l_drops 0

TICK_NS 2542658412672
TC_DUR_NS 1415233
NEXT 2542670329999
PLACEMENT i=883
qdisc dualpi2 2: parent 1:10 limit 250p target 15ms tupdate 16ms alpha 0.152344 beta 3.195312 l4s_ect coupling_factor 2 drop_on_overload step_thresh 1ms drop_dequeue split_gso classic_protection 10% 
 Sent 19506629 bytes 12903 pkt (dropped 0, overlimits 0 requeues 0) 
 backlog 4542b 3p requeues 0
prob 0.000000 delay_c 4678us delay_l 0us
pkts_in_c 12894 pkts_in_l 12 maxq 8
ecn_mark 0 step_marks 0
credit -120340 (L)
c_marks 0 l_marks 0
dq_count 12903 eq_count 12906
c_drops 0 l_drops 0

TICK_NS 2542674690095
TC_DUR_NS 1774608
NEXT 2542686329999
PLACEMENT i=884
qdisc dualpi2 2: parent 1:10 limit 250p target 15ms tupdate 16ms alpha 0.152344 beta 3.195312 l4s_ect coupling_factor 2 drop_on_overload step_thresh 1ms drop_dequeue split_gso classic_protection 10% 
 Sent 19530853 bytes 12919 pkt (dropped 0, overlimits 0 requeues 0) 
 backlog 7570b 5p requeues 0
prob 0.000000 delay_c 4688us delay_l 0us
pkts_in_c 12912 pkts_in_l 12 maxq 8
ecn_mark 0 step_marks 0
credit -120340 (L)
c_marks 0 l_marks 0
dq_count 12919 eq_count 12924
c_drops 0 l_drops 0

TICK_NS 2542690293763
TC_DUR_NS 1602856
NEXT 2542702329999
PLACEMENT i=885
qdisc dualpi2 2: parent 1:10 limit 250p target 15ms tupdate 16ms alpha 0.152344 beta 3.195312 l4s_ect coupling_factor 2 drop_on_overload step_thresh 1ms drop_dequeue split_gso classic_protection 10% 
 Sent 19555077 bytes 12935 pkt (dropped 0, overlimits 0 requeues 0) 
 backlog 6056b 4p requeues 0
prob 0.000000 delay_c 4229us delay_l 0us
pkts_in_c 12927 pkts_in_l 12 maxq 8
ecn_mark 0 step_marks 0
credit -120340 (L)
c_marks 0 l_marks 0
dq_count 12935 eq_count 12939
c_drops 0 l_drops 0

TICK_NS 2542706197825
TC_DUR_NS 1432867
NEXT 2542718329999
PLACEMENT i=886
qdisc dualpi2 2: parent 1:10 limit 250p target 15ms tupdate 16ms alpha 0.152344 beta 3.195312 l4s_ect coupling_factor 2 drop_on_overload step_thresh 1ms drop_dequeue split_gso classic_protection 10% 
 Sent 19577787 bytes 12950 pkt (dropped 0, overlimits 0 requeues 0) 
 backlog 7570b 5p requeues 0
prob 0.001121 delay_c 4928us delay_l 0us
pkts_in_c 12943 pkts_in_l 12 maxq 8
ecn_mark 0 step_marks 0
credit -120340 (L)
c_marks 0 l_marks 0
dq_count 12950 eq_count 12955
c_drops 0 l_drops 0

TICK_NS 2542722679000
TC_DUR_NS 1586885
NEXT 2542734329999
PLACEMENT i=887
qdisc dualpi2 2: parent 1:10 limit 250p target 15ms tupdate 16ms alpha 0.152344 beta 3.195312 l4s_ect coupling_factor 2 drop_on_overload step_thresh 1ms drop_dequeue split_gso classic_protection 10% 
 Sent 19603525 bytes 12967 pkt (dropped 0, overlimits 0 requeues 0) 
 backlog 6056b 4p requeues 0
prob 0.000000 delay_c 3222us delay_l 0us
pkts_in_c 12959 pkts_in_l 12 maxq 8
ecn_mark 0 step_marks 0
credit -120340 (L)
c_marks 0 l_marks 0
dq_count 12967 eq_count 12971
c_drops 0 l_drops 0

TICK_NS 2542738726270
TC_DUR_NS 1500393
NEXT 2542750329999
PLACEMENT i=888
qdisc dualpi2 2: parent 1:10 limit 250p target 15ms tupdate 16ms alpha 0.152344 beta 3.195312 l4s_ect coupling_factor 2 drop_on_overload step_thresh 1ms drop_dequeue split_gso classic_protection 10% 
 Sent 19627749 bytes 12983 pkt (dropped 0, overlimits 0 requeues 0) 
 backlog 7570b 5p requeues 0
prob 0.000000 delay_c 3053us delay_l 0us
pkts_in_c 12976 pkts_in_l 12 maxq 8
ecn_mark 0 step_marks 0
credit -120340 (L)
c_marks 0 l_marks 0
dq_count 12983 eq_count 12988
c_drops 0 l_drops 0

TICK_NS 2542754497643
TC_DUR_NS 1471239
NEXT 2542766329999
PLACEMENT i=889
qdisc dualpi2 2: parent 1:10 limit 250p target 15ms tupdate 16ms alpha 0.152344 beta 3.195312 l4s_ect coupling_factor 2 drop_on_overload step_thresh 1ms drop_dequeue split_gso classic_protection 10% 
 Sent 19650459 bytes 12998 pkt (dropped 0, overlimits 0 requeues 0) 
 backlog 6056b 4p requeues 0
prob 0.007659 delay_c 3835us delay_l 0us
pkts_in_c 12990 pkts_in_l 12 maxq 8
ecn_mark 0 step_marks 0
credit -120340 (L)
c_marks 0 l_marks 0
dq_count 12998 eq_count 13002
c_drops 0 l_drops 0

TICK_NS 2542770116000
TC_DUR_NS 1339682
NEXT 2542782329999
PLACEMENT i=890
qdisc dualpi2 2: parent 1:10 limit 250p target 15ms tupdate 16ms alpha 0.152344 beta 3.195312 l4s_ect coupling_factor 2 drop_on_overload step_thresh 1ms drop_dequeue split_gso classic_protection 10% 
 Sent 19674683 bytes 13014 pkt (dropped 0, overlimits 0 requeues 0) 
 backlog 6056b 4p requeues 0
prob 0.005643 delay_c 3426us delay_l 0us
pkts_in_c 13006 pkts_in_l 12 maxq 8
ecn_mark 0 step_marks 0
credit -120340 (L)
c_marks 0 l_marks 0
dq_count 13014 eq_count 13018
c_drops 0 l_drops 0

TICK_NS 2542786757044
TC_DUR_NS 1514439
NEXT 2542798329999
PLACEMENT i=891
qdisc dualpi2 2: parent 1:10 limit 250p target 15ms tupdate 16ms alpha 0.152344 beta 3.195312 l4s_ect coupling_factor 2 drop_on_overload step_thresh 1ms drop_dequeue split_gso classic_protection 10% 
 Sent 19698907 bytes 13030 pkt (dropped 0, overlimits 0 requeues 0) 
 backlog 7570b 5p requeues 0
prob 0.000229 delay_c 4787us delay_l 0us
pkts_in_c 13023 pkts_in_l 12 maxq 8
ecn_mark 0 step_marks 0
credit -120340 (L)
c_marks 0 l_marks 0
dq_count 13030 eq_count 13035
c_drops 0 l_drops 0

TICK_NS 2542802610140
TC_DUR_NS 1572799
NEXT 2542814329999
PLACEMENT i=892
qdisc dualpi2 2: parent 1:10 limit 250p target 15ms tupdate 16ms alpha 0.152344 beta 3.195312 l4s_ect coupling_factor 2 drop_on_overload step_thresh 1ms drop_dequeue split_gso classic_protection 10% 
 Sent 19723131 bytes 13046 pkt (dropped 0, overlimits 0 requeues 0) 
 backlog 7570b 5p requeues 0
prob 0.000000 delay_c 4418us delay_l 0us
pkts_in_c 13039 pkts_in_l 12 maxq 8
ecn_mark 0 step_marks 0
credit -120340 (L)
c_marks 0 l_marks 0
dq_count 13046 eq_count 13051
c_drops 0 l_drops 0

TICK_NS 2542818250688
TC_DUR_NS 1460659
NEXT 2542830329999
PLACEMENT i=893
qdisc dualpi2 2: parent 1:10 limit 250p target 15ms tupdate 16ms alpha 0.152344 beta 3.195312 l4s_ect coupling_factor 2 drop_on_overload step_thresh 1ms drop_dequeue split_gso classic_protection 10% 
 Sent 19747355 bytes 13062 pkt (dropped 0, overlimits 0 requeues 0) 
 backlog 7570b 5p requeues 0
prob 0.000000 delay_c 4110us delay_l 0us
pkts_in_c 13055 pkts_in_l 12 maxq 8
ecn_mark 0 step_marks 0
credit -120340 (L)
c_marks 0 l_marks 0
dq_count 13062 eq_count 13067
c_drops 0 l_drops 0

TICK_NS 2542834106990
TC_DUR_NS 1385819
NEXT 2542846329999
PLACEMENT i=894
qdisc dualpi2 2: parent 1:10 limit 250p target 15ms tupdate 16ms alpha 0.152344 beta 3.195312 l4s_ect coupling_factor 2 drop_on_overload step_thresh 1ms drop_dequeue split_gso classic_protection 10% 
 Sent 19770065 bytes 13077 pkt (dropped 0, overlimits 0 requeues 0) 
 backlog 7570b 5p requeues 0
prob 0.001110 delay_c 4754us delay_l 0us
pkts_in_c 13070 pkts_in_l 12 maxq 8
ecn_mark 0 step_marks 0
credit -120340 (L)
c_marks 0 l_marks 0
dq_count 13077 eq_count 13082
c_drops 0 l_drops 0

TICK_NS 2542850712468
TC_DUR_NS 1500473
NEXT 2542862329999
PLACEMENT i=895
qdisc dualpi2 2: parent 1:10 limit 250p target 15ms tupdate 16ms alpha 0.152344 beta 3.195312 l4s_ect coupling_factor 2 drop_on_overload step_thresh 1ms drop_dequeue split_gso classic_protection 10% 
 Sent 19795803 bytes 13094 pkt (dropped 0, overlimits 0 requeues 0) 
 backlog 6056b 4p requeues 0
prob 0.000000 delay_c 3107us delay_l 0us
pkts_in_c 13086 pkts_in_l 12 maxq 8
ecn_mark 0 step_marks 0
credit -120340 (L)
c_marks 0 l_marks 0
dq_count 13094 eq_count 13098
c_drops 0 l_drops 0

TICK_NS 2542866387771
TC_DUR_NS 1468183
NEXT 2542878329999
PLACEMENT i=896
qdisc dualpi2 2: parent 1:10 limit 250p target 15ms tupdate 16ms alpha 0.152344 beta 3.195312 l4s_ect coupling_factor 2 drop_on_overload step_thresh 1ms drop_dequeue split_gso classic_protection 10% 
 Sent 19818513 bytes 13109 pkt (dropped 0, overlimits 0 requeues 0) 
 backlog 7570b 5p requeues 0
prob 0.000000 delay_c 4728us delay_l 0us
pkts_in_c 13102 pkts_in_l 12 maxq 8
ecn_mark 0 step_marks 0
credit -120340 (L)
c_marks 0 l_marks 0
dq_count 13109 eq_count 13114
c_drops 0 l_drops 0

TICK_NS 2542882545108
TC_DUR_NS 1403161
NEXT 2542894329999
PLACEMENT i=897
qdisc dualpi2 2: parent 1:10 limit 250p target 15ms tupdate 16ms alpha 0.152344 beta 3.195312 l4s_ect coupling_factor 2 drop_on_overload step_thresh 1ms drop_dequeue split_gso classic_protection 10% 
 Sent 19842737 bytes 13125 pkt (dropped 0, overlimits 0 requeues 0) 
 backlog 6056b 4p requeues 0
prob 0.001211 delay_c 3714us delay_l 0us
pkts_in_c 13117 pkts_in_l 12 maxq 8
ecn_mark 0 step_marks 0
credit -120340 (L)
c_marks 0 l_marks 0
dq_count 13125 eq_count 13129
c_drops 0 l_drops 0

TICK_NS 2542898434302
TC_DUR_NS 1487198
NEXT 2542910329999
PLACEMENT i=898
qdisc dualpi2 2: parent 1:10 limit 250p target 15ms tupdate 16ms alpha 0.152344 beta 3.195312 l4s_ect coupling_factor 2 drop_on_overload step_thresh 1ms drop_dequeue split_gso classic_protection 10% 
 Sent 19866961 bytes 13141 pkt (dropped 0, overlimits 0 requeues 0) 
 backlog 6056b 4p requeues 0
prob 0.000000 delay_c 3481us delay_l 0us
pkts_in_c 13133 pkts_in_l 12 maxq 8
ecn_mark 0 step_marks 0
credit -120340 (L)
c_marks 0 l_marks 0
dq_count 13141 eq_count 13145
c_drops 0 l_drops 0

TICK_NS 2542914954970
TC_DUR_NS 1838127
NEXT 2542926329999
PLACEMENT i=899
qdisc dualpi2 2: parent 1:10 limit 250p target 15ms tupdate 16ms alpha 0.152344 beta 3.195312 l4s_ect coupling_factor 2 drop_on_overload step_thresh 1ms drop_dequeue split_gso classic_protection 10% 
 Sent 19891185 bytes 13157 pkt (dropped 0, overlimits 0 requeues 0) 
 backlog 6056b 4p requeues 0
prob 0.000000 delay_c 3784us delay_l 0us
pkts_in_c 13149 pkts_in_l 12 maxq 8
ecn_mark 0 step_marks 0
credit -120340 (L)
c_marks 0 l_marks 0
dq_count 13157 eq_count 13161
c_drops 0 l_drops 0

TICK_NS 2542930405872
TC_DUR_NS 1439930
NEXT 2542942329999
PLACEMENT i=900
qdisc dualpi2 2: parent 1:10 limit 250p target 15ms tupdate 16ms alpha 0.152344 beta 3.195312 l4s_ect coupling_factor 2 drop_on_overload step_thresh 1ms drop_dequeue split_gso classic_protection 10% 
 Sent 19915409 bytes 13173 pkt (dropped 0, overlimits 0 requeues 0) 
 backlog 7570b 5p requeues 0
prob 0.000000 delay_c 4273us delay_l 0us
pkts_in_c 13166 pkts_in_l 12 maxq 8
ecn_mark 0 step_marks 0
credit -120340 (L)
c_marks 0 l_marks 0
dq_count 13173 eq_count 13178
c_drops 0 l_drops 0

TICK_NS 2542946367703
TC_DUR_NS 1699286
NEXT 2542958329999
PLACEMENT i=901
qdisc dualpi2 2: parent 1:10 limit 250p target 15ms tupdate 16ms alpha 0.152344 beta 3.195312 l4s_ect coupling_factor 2 drop_on_overload step_thresh 1ms drop_dequeue split_gso classic_protection 10% 
 Sent 19938119 bytes 13188 pkt (dropped 0, overlimits 0 requeues 0) 
 backlog 6056b 4p requeues 0
prob 0.000000 delay_c 3946us delay_l 0us
pkts_in_c 13180 pkts_in_l 12 maxq 8
ecn_mark 0 step_marks 0
credit -120340 (L)
c_marks 0 l_marks 0
dq_count 13188 eq_count 13192
c_drops 0 l_drops 0

TICK_NS 2542962575424
TC_DUR_NS 1537634
NEXT 2542974329999
PLACEMENT i=902
qdisc dualpi2 2: parent 1:10 limit 250p target 15ms tupdate 16ms alpha 0.152344 beta 3.195312 l4s_ect coupling_factor 2 drop_on_overload step_thresh 1ms drop_dequeue split_gso classic_protection 10% 
 Sent 19962343 bytes 13204 pkt (dropped 0, overlimits 0 requeues 0) 
 backlog 3028b 2p requeues 0
prob 0.004500 delay_c 3992us delay_l 0us
pkts_in_c 13194 pkts_in_l 12 maxq 8
ecn_mark 0 step_marks 0
credit -120340 (L)
c_marks 0 l_marks 0
dq_count 13204 eq_count 13206
c_drops 0 l_drops 0

TICK_NS 2542978219669
TC_DUR_NS 1579612
NEXT 2542990329999
PLACEMENT i=903
qdisc dualpi2 2: parent 1:10 limit 250p target 15ms tupdate 16ms alpha 0.152344 beta 3.195312 l4s_ect coupling_factor 2 drop_on_overload step_thresh 1ms drop_dequeue split_gso classic_protection 10% 
 Sent 19986567 bytes 13220 pkt (dropped 0, overlimits 0 requeues 0) 
 backlog 7570b 5p requeues 0
prob 0.000000 delay_c 4427us delay_l 0us
pkts_in_c 13213 pkts_in_l 12 maxq 8
ecn_mark 0 step_marks 0
credit -120340 (L)
c_marks 0 l_marks 0
dq_count 13220 eq_count 13225
c_drops 0 l_drops 0

TICK_NS 2542994260718
TC_DUR_NS 1334802
NEXT 2543006329999
PLACEMENT i=904
qdisc dualpi2 2: parent 1:10 limit 250p target 15ms tupdate 16ms alpha 0.152344 beta 3.195312 l4s_ect coupling_factor 2 drop_on_overload step_thresh 1ms drop_dequeue split_gso classic_protection 10% 
 Sent 20010791 bytes 13236 pkt (dropped 0, overlimits 0 requeues 0) 
 backlog 7570b 5p requeues 0
prob 0.000000 delay_c 4401us delay_l 0us
pkts_in_c 13229 pkts_in_l 12 maxq 8
ecn_mark 0 step_marks 0
credit -120340 (L)
c_marks 0 l_marks 0
dq_count 13236 eq_count 13241
c_drops 0 l_drops 0

TICK_NS 2543010454784
TC_DUR_NS 1575484
NEXT 2543022329999
PLACEMENT i=905
qdisc dualpi2 2: parent 1:10 limit 250p target 15ms tupdate 16ms alpha 0.152344 beta 3.195312 l4s_ect coupling_factor 2 drop_on_overload step_thresh 1ms drop_dequeue split_gso classic_protection 10% 
 Sent 20035015 bytes 13252 pkt (dropped 0, overlimits 0 requeues 0) 
 backlog 6056b 4p requeues 0
prob 0.000000 delay_c 2313us delay_l 0us
pkts_in_c 13244 pkts_in_l 12 maxq 8
ecn_mark 0 step_marks 0
credit -120340 (L)
c_marks 0 l_marks 0
dq_count 13252 eq_count 13256
c_drops 0 l_drops 0

TICK_NS 2543026196531
TC_DUR_NS 1417128
NEXT 2543038329999
PLACEMENT i=906
qdisc dualpi2 2: parent 1:10 limit 250p target 15ms tupdate 16ms alpha 0.152344 beta 3.195312 l4s_ect coupling_factor 2 drop_on_overload step_thresh 1ms drop_dequeue split_gso classic_protection 10% 
 Sent 20057725 bytes 13267 pkt (dropped 0, overlimits 0 requeues 0) 
 backlog 7570b 5p requeues 0
prob 0.007605 delay_c 4999us delay_l 0us
pkts_in_c 13260 pkts_in_l 12 maxq 8
ecn_mark 0 step_marks 0
credit -120340 (L)
c_marks 0 l_marks 0
dq_count 13267 eq_count 13272
c_drops 0 l_drops 0

TICK_NS 2543042273257
TC_DUR_NS 1534498
NEXT 2543054329999
PLACEMENT i=907
qdisc dualpi2 2: parent 1:10 limit 250p target 15ms tupdate 16ms alpha 0.152344 beta 3.195312 l4s_ect coupling_factor 2 drop_on_overload step_thresh 1ms drop_dequeue split_gso classic_protection 10% 
 Sent 20081949 bytes 13283 pkt (dropped 0, overlimits 0 requeues 0) 
 backlog 7570b 5p requeues 0
prob 0.005568 delay_c 4875us delay_l 0us
pkts_in_c 13276 pkts_in_l 12 maxq 8
ecn_mark 0 step_marks 0
credit -120340 (L)
c_marks 0 l_marks 0
dq_count 13283 eq_count 13288
c_drops 0 l_drops 0

TICK_NS 2543058233284
TC_DUR_NS 1272807
NEXT 2543070329999
PLACEMENT i=908
qdisc dualpi2 2: parent 1:10 limit 250p target 15ms tupdate 16ms alpha 0.152344 beta 3.195312 l4s_ect coupling_factor 2 drop_on_overload step_thresh 1ms drop_dequeue split_gso classic_protection 10% 
 Sent 20106173 bytes 13299 pkt (dropped 0, overlimits 0 requeues 0) 
 backlog 6056b 4p requeues 0
prob 0.000115 delay_c 3834us delay_l 0us
pkts_in_c 13291 pkts_in_l 12 maxq 8
ecn_mark 0 step_marks 0
credit -120340 (L)
c_marks 0 l_marks 0
dq_count 13299 eq_count 13303
c_drops 0 l_drops 0

TICK_NS 2543074254045
TC_DUR_NS 1406438
NEXT 2543086329999
PLACEMENT i=909
qdisc dualpi2 2: parent 1:10 limit 250p target 15ms tupdate 16ms alpha 0.152344 beta 3.195312 l4s_ect coupling_factor 2 drop_on_overload step_thresh 1ms drop_dequeue split_gso classic_protection 10% 
 Sent 20130397 bytes 13315 pkt (dropped 0, overlimits 0 requeues 0) 
 backlog 6056b 4p requeues 0
prob 0.004602 delay_c 3621us delay_l 0us
pkts_in_c 13307 pkts_in_l 12 maxq 8
ecn_mark 0 step_marks 0
credit -120340 (L)
c_marks 0 l_marks 0
dq_count 13315 eq_count 13319
c_drops 0 l_drops 0

TICK_NS 2543090726743
TC_DUR_NS 1786430
NEXT 2543102329999
PLACEMENT i=910
qdisc dualpi2 2: parent 1:10 limit 250p target 15ms tupdate 16ms alpha 0.152344 beta 3.195312 l4s_ect coupling_factor 2 drop_on_overload step_thresh 1ms drop_dequeue split_gso classic_protection 10% 
 Sent 20154621 bytes 13331 pkt (dropped 0, overlimits 0 requeues 0) 
 backlog 6056b 4p requeues 0
prob 0.002628 delay_c 3859us delay_l 0us
pkts_in_c 13323 pkts_in_l 12 maxq 8
ecn_mark 0 step_marks 0
credit -120340 (L)
c_marks 0 l_marks 0
dq_count 13331 eq_count 13335
c_drops 0 l_drops 0

TICK_NS 2543106378602
TC_DUR_NS 1241618
NEXT 2543118329999
PLACEMENT i=911
qdisc dualpi2 2: parent 1:10 limit 250p target 15ms tupdate 16ms alpha 0.152344 beta 3.195312 l4s_ect coupling_factor 2 drop_on_overload step_thresh 1ms drop_dequeue split_gso classic_protection 10% 
 Sent 20178845 bytes 13347 pkt (dropped 0, overlimits 0 requeues 0) 
 backlog 7570b 5p requeues 0
prob 0.000000 delay_c 4576us delay_l 0us
pkts_in_c 13340 pkts_in_l 12 maxq 8
ecn_mark 0 step_marks 0
credit -120340 (L)
c_marks 0 l_marks 0
dq_count 13347 eq_count 13352
c_drops 0 l_drops 0

TICK_NS 2543122544766
TC_DUR_NS 1404644
NEXT 2543134329999
PLACEMENT i=912
qdisc dualpi2 2: parent 1:10 limit 250p target 15ms tupdate 16ms alpha 0.152344 beta 3.195312 l4s_ect coupling_factor 2 drop_on_overload step_thresh 1ms drop_dequeue split_gso classic_protection 10% 
 Sent 20203069 bytes 13363 pkt (dropped 0, overlimits 0 requeues 0) 
 backlog 7570b 5p requeues 0
prob 0.000000 delay_c 4538us delay_l 0us
pkts_in_c 13356 pkts_in_l 12 maxq 8
ecn_mark 0 step_marks 0
credit -120340 (L)
c_marks 0 l_marks 0
dq_count 13363 eq_count 13368
c_drops 0 l_drops 0

TICK_NS 2543138512217
TC_DUR_NS 1620017
NEXT 2543150329999
PLACEMENT i=913
qdisc dualpi2 2: parent 1:10 limit 250p target 15ms tupdate 16ms alpha 0.152344 beta 3.195312 l4s_ect coupling_factor 2 drop_on_overload step_thresh 1ms drop_dequeue split_gso classic_protection 10% 
 Sent 20227293 bytes 13379 pkt (dropped 0, overlimits 0 requeues 0) 
 backlog 7570b 5p requeues 0
prob 0.000000 delay_c 4242us delay_l 0us
pkts_in_c 13372 pkts_in_l 12 maxq 8
ecn_mark 0 step_marks 0
credit -120340 (L)
c_marks 0 l_marks 0
dq_count 13379 eq_count 13384
c_drops 0 l_drops 0

TICK_NS 2543154493083
TC_DUR_NS 1431915
NEXT 2543166329999
PLACEMENT i=914
qdisc dualpi2 2: parent 1:10 limit 250p target 15ms tupdate 16ms alpha 0.152344 beta 3.195312 l4s_ect coupling_factor 2 drop_on_overload step_thresh 1ms drop_dequeue split_gso classic_protection 10% 
 Sent 20251517 bytes 13395 pkt (dropped 0, overlimits 0 requeues 0) 
 backlog 6056b 4p requeues 0
prob 0.001187 delay_c 3150us delay_l 0us
pkts_in_c 13387 pkts_in_l 12 maxq 8
ecn_mark 0 step_marks 0
credit -120340 (L)
c_marks 0 l_marks 0
dq_count 13395 eq_count 13399
c_drops 0 l_drops 0

TICK_NS 2543170584025
TC_DUR_NS 1645987
NEXT 2543182329999
PLACEMENT i=915
qdisc dualpi2 2: parent 1:10 limit 250p target 15ms tupdate 16ms alpha 0.152344 beta 3.195312 l4s_ect coupling_factor 2 drop_on_overload step_thresh 1ms drop_dequeue split_gso classic_protection 10% 
 Sent 20274227 bytes 13410 pkt (dropped 0, overlimits 0 requeues 0) 
 backlog 7570b 5p requeues 0
prob 0.000000 delay_c 4977us delay_l 0us
pkts_in_c 13403 pkts_in_l 12 maxq 8
ecn_mark 0 step_marks 0
credit -120340 (L)
c_marks 0 l_marks 0
dq_count 13410 eq_count 13415
c_drops 0 l_drops 0

TICK_NS 2543186536368
TC_DUR_NS 1624375
NEXT 2543198329999
PLACEMENT i=916
qdisc dualpi2 2: parent 1:10 limit 250p target 15ms tupdate 16ms alpha 0.152344 beta 3.195312 l4s_ect coupling_factor 2 drop_on_overload step_thresh 1ms drop_dequeue split_gso classic_protection 10% 
 Sent 20298451 bytes 13426 pkt (dropped 0, overlimits 0 requeues 0) 
 backlog 7570b 5p requeues 0
prob 0.000000 delay_c 4851us delay_l 0us
pkts_in_c 13419 pkts_in_l 12 maxq 8
ecn_mark 0 step_marks 0
credit -120340 (L)
c_marks 0 l_marks 0
dq_count 13426 eq_count 13431
c_drops 0 l_drops 0

TICK_NS 2543202516913
TC_DUR_NS 1432867
NEXT 2543214329999
PLACEMENT i=917
qdisc dualpi2 2: parent 1:10 limit 250p target 15ms tupdate 16ms alpha 0.152344 beta 3.195312 l4s_ect coupling_factor 2 drop_on_overload step_thresh 1ms drop_dequeue split_gso classic_protection 10% 
 Sent 20322675 bytes 13442 pkt (dropped 0, overlimits 0 requeues 0) 
 backlog 6056b 4p requeues 0
prob 0.001260 delay_c 3732us delay_l 0us
pkts_in_c 13434 pkts_in_l 12 maxq 8
ecn_mark 0 step_marks 0
credit -120340 (L)
c_marks 0 l_marks 0
dq_count 13442 eq_count 13446
c_drops 0 l_drops 0

TICK_NS 2543218304657
TC_DUR_NS 1593498
NEXT 2543230329999
PLACEMENT i=918
qdisc dualpi2 2: parent 1:10 limit 250p target 15ms tupdate 16ms alpha 0.152344 beta 3.195312 l4s_ect coupling_factor 2 drop_on_overload step_thresh 1ms drop_dequeue split_gso classic_protection 10% 
 Sent 20346899 bytes 13458 pkt (dropped 0, overlimits 0 requeues 0) 
 backlog 6056b 4p requeues 0
prob 0.000000 delay_c 3371us delay_l 0us
pkts_in_c 13450 pkts_in_l 12 maxq 8
ecn_mark 0 step_marks 0
credit -120340 (L)
c_marks 0 l_marks 0
dq_count 13458 eq_count 13462
c_drops 0 l_drops 0

TICK_NS 2543234425536
TC_DUR_NS 1478653
NEXT 2543246329999
PLACEMENT i=919
qdisc dualpi2 2: parent 1:10 limit 250p target 15ms tupdate 16ms alpha 0.152344 beta 3.195312 l4s_ect coupling_factor 2 drop_on_overload step_thresh 1ms drop_dequeue split_gso classic_protection 10% 
 Sent 20371123 bytes 13474 pkt (dropped 0, overlimits 0 requeues 0) 
 backlog 3028b 2p requeues 0
prob 0.000000 delay_c 3282us delay_l 0us
pkts_in_c 13464 pkts_in_l 12 maxq 8
ecn_mark 0 step_marks 0
credit -120340 (L)
c_marks 0 l_marks 0
dq_count 13474 eq_count 13476
c_drops 0 l_drops 0

TICK_NS 2543250497122
TC_DUR_NS 1483081
NEXT 2543262329999
PLACEMENT i=920
qdisc dualpi2 2: parent 1:10 limit 250p target 15ms tupdate 16ms alpha 0.152344 beta 3.195312 l4s_ect coupling_factor 2 drop_on_overload step_thresh 1ms drop_dequeue split_gso classic_protection 10% 
 Sent 20395347 bytes 13490 pkt (dropped 0, overlimits 0 requeues 0) 
 backlog 7570b 5p requeues 0
prob 0.000000 delay_c 4224us delay_l 0us
pkts_in_c 13483 pkts_in_l 12 maxq 8
ecn_mark 0 step_marks 0
credit -120340 (L)
c_marks 0 l_marks 0
dq_count 13490 eq_count 13495
c_drops 0 l_drops 0

TICK_NS 2543266086143
TC_DUR_NS 1378775
NEXT 2543278329999
PLACEMENT i=921
qdisc dualpi2 2: parent 1:10 limit 250p target 15ms tupdate 16ms alpha 0.152344 beta 3.195312 l4s_ect coupling_factor 2 drop_on_overload step_thresh 1ms drop_dequeue split_gso classic_protection 10% 
 Sent 20418057 bytes 13505 pkt (dropped 0, overlimits 0 requeues 0) 
 backlog 6056b 4p requeues 0
prob 0.000000 delay_c 3758us delay_l 0us
pkts_in_c 13497 pkts_in_l 12 maxq 8
ecn_mark 0 step_marks 0
credit -120340 (L)
c_marks 0 l_marks 0
dq_count 13505 eq_count 13509
c_drops 0 l_drops 0

TICK_NS 2543282682093
TC_DUR_NS 1443998
NEXT 2543294329999
PLACEMENT i=922
qdisc dualpi2 2: parent 1:10 limit 250p target 15ms tupdate 16ms alpha 0.152344 beta 3.195312 l4s_ect coupling_factor 2 drop_on_overload step_thresh 1ms drop_dequeue split_gso classic_protection 10% 
 Sent 20443795 bytes 13522 pkt (dropped 0, overlimits 0 requeues 0) 
 backlog 6056b 4p requeues 0
prob 0.000000 delay_c 2055us delay_l 0us
pkts_in_c 13514 pkts_in_l 12 maxq 8
ecn_mark 0 step_marks 0
credit -120340 (L)
c_marks 0 l_marks 0
dq_count 13522 eq_count 13526
c_drops 0 l_drops 0

TICK_NS 2543298396179
TC_DUR_NS 1647609
NEXT 2543310329999
PLACEMENT i=923
qdisc dualpi2 2: parent 1:10 limit 250p target 15ms tupdate 16ms alpha 0.152344 beta 3.195312 l4s_ect coupling_factor 2 drop_on_overload step_thresh 1ms drop_dequeue split_gso classic_protection 10% 
 Sent 20466505 bytes 13537 pkt (dropped 0, overlimits 0 requeues 0) 
 backlog 7570b 5p requeues 0
prob 0.007604 delay_c 4768us delay_l 0us
pkts_in_c 13530 pkts_in_l 12 maxq 8
ecn_mark 0 step_marks 0
credit -120340 (L)
c_marks 0 l_marks 0
dq_count 13537 eq_count 13542
c_drops 0 l_drops 0

TICK_NS 2543314808694
TC_DUR_NS 1781881
NEXT 2543326329999
PLACEMENT i=924
qdisc dualpi2 2: parent 1:10 limit 250p target 15ms tupdate 16ms alpha 0.152344 beta 3.195312 l4s_ect coupling_factor 2 drop_on_overload step_thresh 1ms drop_dequeue split_gso classic_protection 10% 
 Sent 20490729 bytes 13553 pkt (dropped 0, overlimits 0 requeues 0) 
 backlog 7570b 5p requeues 0
prob 0.005469 delay_c 4882us delay_l 0us
pkts_in_c 13546 pkts_in_l 12 maxq 8
ecn_mark 0 step_marks 0
credit -120340 (L)
c_marks 0 l_marks 0
dq_count 13553 eq_count 13558
c_drops 0 l_drops 0

TICK_NS 2543330472946
TC_DUR_NS 1529768
NEXT 2543342329999
PLACEMENT i=925
qdisc dualpi2 2: parent 1:10 limit 250p target 15ms tupdate 16ms alpha 0.152344 beta 3.195312 l4s_ect coupling_factor 2 drop_on_overload step_thresh 1ms drop_dequeue split_gso classic_protection 10% 
 Sent 20514953 bytes 13569 pkt (dropped 0, overlimits 0 requeues 0) 
 backlog 6056b 4p requeues 0
prob 0.003322 delay_c 3471us delay_l 0us
pkts_in_c 13561 pkts_in_l 12 maxq 8
ecn_mark 0 step_marks 0
credit -120340 (L)
c_marks 0 l_marks 0
dq_count 13569 eq_count 13573
c_drops 0 l_drops 0

TICK_NS 2543346521870
TC_DUR_NS 1482741
NEXT 2543358329999
PLACEMENT i=926
qdisc dualpi2 2: parent 1:10 limit 250p target 15ms tupdate 16ms alpha 0.152344 beta 3.195312 l4s_ect coupling_factor 2 drop_on_overload step_thresh 1ms drop_dequeue split_gso classic_protection 10% 
 Sent 20539177 bytes 13585 pkt (dropped 0, overlimits 0 requeues 0) 
 backlog 6056b 4p requeues 0
prob 0.004548 delay_c 3363us delay_l 0us
pkts_in_c 13577 pkts_in_l 12 maxq 8
ecn_mark 0 step_marks 0
credit -120340 (L)
c_marks 0 l_marks 0
dq_count 13585 eq_count 13589
c_drops 0 l_drops 0

TICK_NS 2543362335362
TC_DUR_NS 1433298
NEXT 2543374329999
PLACEMENT i=927
qdisc dualpi2 2: parent 1:10 limit 250p target 15ms tupdate 16ms alpha 0.152344 beta 3.195312 l4s_ect coupling_factor 2 drop_on_overload step_thresh 1ms drop_dequeue split_gso classic_protection 10% 
 Sent 20563401 bytes 13601 pkt (dropped 0, overlimits 0 requeues 0) 
 backlog 6056b 4p requeues 0
prob 0.002564 delay_c 3182us delay_l 0us
pkts_in_c 13593 pkts_in_l 12 maxq 8
ecn_mark 0 step_marks 0
credit -120340 (L)
c_marks 0 l_marks 0
dq_count 13601 eq_count 13605
c_drops 0 l_drops 0

TICK_NS 2543378224065
TC_DUR_NS 1471269
NEXT 2543390329999
PLACEMENT i=928
qdisc dualpi2 2: parent 1:10 limit 250p target 15ms tupdate 16ms alpha 0.152344 beta 3.195312 l4s_ect coupling_factor 2 drop_on_overload step_thresh 1ms drop_dequeue split_gso classic_protection 10% 
 Sent 20586111 bytes 13616 pkt (dropped 0, overlimits 0 requeues 0) 
 backlog 6056b 4p requeues 0
prob 0.000000 delay_c 3789us delay_l 0us
pkts_in_c 13608 pkts_in_l 12 maxq 8
ecn_mark 0 step_marks 0
credit -120340 (L)
c_marks 0 l_marks 0
dq_count 13616 eq_count 13620
c_drops 0 l_drops 0

TICK_NS 2543394544919
TC_DUR_NS 1430041
NEXT 2543406329999
PLACEMENT i=929
qdisc dualpi2 2: parent 1:10 limit 250p target 15ms tupdate 16ms alpha 0.152344 beta 3.195312 l4s_ect coupling_factor 2 drop_on_overload step_thresh 1ms drop_dequeue split_gso classic_protection 10% 
 Sent 20611849 bytes 13633 pkt (dropped 0, overlimits 0 requeues 0) 
 backlog 7570b 5p requeues 0
prob 0.000000 delay_c 4095us delay_l 0us
pkts_in_c 13626 pkts_in_l 12 maxq 8
ecn_mark 0 step_marks 0
credit -120340 (L)
c_marks 0 l_marks 0
dq_count 13633 eq_count 13638
c_drops 0 l_drops 0

TICK_NS 2543410424716
TC_DUR_NS 1573069
NEXT 2543422329999
PLACEMENT i=930
qdisc dualpi2 2: parent 1:10 limit 250p target 15ms tupdate 16ms alpha 0.152344 beta 3.195312 l4s_ect coupling_factor 2 drop_on_overload step_thresh 1ms drop_dequeue split_gso classic_protection 10% 
 Sent 20634559 bytes 13648 pkt (dropped 0, overlimits 0 requeues 0) 
 backlog 6056b 4p requeues 0
prob 0.000000 delay_c 3725us delay_l 0us
pkts_in_c 13640 pkts_in_l 12 maxq 8
ecn_mark 0 step_marks 0
credit -120340 (L)
c_marks 0 l_marks 0
dq_count 13648 eq_count 13652
c_drops 0 l_drops 0

TICK_NS 2543426344146
TC_DUR_NS 1392682
NEXT 2543438329999
PLACEMENT i=931
qdisc dualpi2 2: parent 1:10 limit 250p target 15ms tupdate 16ms alpha 0.152344 beta 3.195312 l4s_ect coupling_factor 2 drop_on_overload step_thresh 1ms drop_dequeue split_gso classic_protection 10% 
 Sent 20658783 bytes 13664 pkt (dropped 0, overlimits 0 requeues 0) 
 backlog 7570b 5p requeues 0
prob 0.001149 delay_c 4581us delay_l 0us
pkts_in_c 13657 pkts_in_l 12 maxq 8
ecn_mark 0 step_marks 0
credit -120340 (L)
c_marks 0 l_marks 0
dq_count 13664 eq_count 13669
c_drops 0 l_drops 0

TICK_NS 2543442434217
TC_DUR_NS 1362335
NEXT 2543454329999
PLACEMENT i=932
qdisc dualpi2 2: parent 1:10 limit 250p target 15ms tupdate 16ms alpha 0.152344 beta 3.195312 l4s_ect coupling_factor 2 drop_on_overload step_thresh 1ms drop_dequeue split_gso classic_protection 10% 
 Sent 20683007 bytes 13680 pkt (dropped 0, overlimits 0 requeues 0) 
 backlog 7570b 5p requeues 0
prob 0.000000 delay_c 4493us delay_l 0us
pkts_in_c 13673 pkts_in_l 12 maxq 8
ecn_mark 0 step_marks 0
credit -120340 (L)
c_marks 0 l_marks 0
dq_count 13680 eq_count 13685
c_drops 0 l_drops 0

TICK_NS 2543458400306
TC_DUR_NS 1369969
NEXT 2543470329999
PLACEMENT i=933
qdisc dualpi2 2: parent 1:10 limit 250p target 15ms tupdate 16ms alpha 0.152344 beta 3.195312 l4s_ect coupling_factor 2 drop_on_overload step_thresh 1ms drop_dequeue split_gso classic_protection 10% 
 Sent 20707231 bytes 13696 pkt (dropped 0, overlimits 0 requeues 0) 
 backlog 7570b 5p requeues 0
prob 0.000000 delay_c 4322us delay_l 0us
pkts_in_c 13689 pkts_in_l 12 maxq 8
ecn_mark 0 step_marks 0
credit -120340 (L)
c_marks 0 l_marks 0
dq_count 13696 eq_count 13701
c_drops 0 l_drops 0

TICK_NS 2543474892641
TC_DUR_NS 1726497
NEXT 2543486329999
PLACEMENT i=934
qdisc dualpi2 2: parent 1:10 limit 250p target 15ms tupdate 16ms alpha 0.152344 beta 3.195312 l4s_ect coupling_factor 2 drop_on_overload step_thresh 1ms drop_dequeue split_gso classic_protection 10% 
 Sent 20731455 bytes 13712 pkt (dropped 0, overlimits 0 requeues 0) 
 backlog 6056b 4p requeues 0
prob 0.001226 delay_c 3514us delay_l 0us
pkts_in_c 13704 pkts_in_l 12 maxq 8
ecn_mark 0 step_marks 0
credit -120340 (L)
c_marks 0 l_marks 0
dq_count 13712 eq_count 13716
c_drops 0 l_drops 0

TICK_NS 2543490431919
TC_DUR_NS 1436664
NEXT 2543502329999
PLACEMENT i=935
qdisc dualpi2 2: parent 1:10 limit 250p target 15ms tupdate 16ms alpha 0.152344 beta 3.195312 l4s_ect coupling_factor 2 drop_on_overload step_thresh 1ms drop_dequeue split_gso classic_protection 10% 
 Sent 20755679 bytes 13728 pkt (dropped 0, overlimits 0 requeues 0) 
 backlog 6056b 4p requeues 0
prob 0.000000 delay_c 3041us delay_l 0us
pkts_in_c 13720 pkts_in_l 12 maxq 8
ecn_mark 0 step_marks 0
credit -120340 (L)
c_marks 0 l_marks 0
dq_count 13728 eq_count 13732
c_drops 0 l_drops 0

TICK_NS 2543506255941
TC_DUR_NS 1454978
NEXT 2543518329999
PLACEMENT i=936
qdisc dualpi2 2: parent 1:10 limit 250p target 15ms tupdate 16ms alpha 0.152344 beta 3.195312 l4s_ect coupling_factor 2 drop_on_overload step_thresh 1ms drop_dequeue split_gso classic_protection 10% 
 Sent 20778389 bytes 13743 pkt (dropped 0, overlimits 0 requeues 0) 
 backlog 4542b 3p requeues 0
prob 0.000000 delay_c 4620us delay_l 0us
pkts_in_c 13734 pkts_in_l 12 maxq 8
ecn_mark 0 step_marks 0
credit -120340 (L)
c_marks 0 l_marks 0
dq_count 13743 eq_count 13746
c_drops 0 l_drops 0

TICK_NS 2543522462851
TC_DUR_NS 1448135
NEXT 2543534329999
PLACEMENT i=937
qdisc dualpi2 2: parent 1:10 limit 250p target 15ms tupdate 16ms alpha 0.152344 beta 3.195312 l4s_ect coupling_factor 2 drop_on_overload step_thresh 1ms drop_dequeue split_gso classic_protection 10% 
 Sent 20802613 bytes 13759 pkt (dropped 0, overlimits 0 requeues 0) 
 backlog 6056b 4p requeues 0
prob 0.000000 delay_c 3760us delay_l 0us
pkts_in_c 13751 pkts_in_l 12 maxq 8
ecn_mark 0 step_marks 0
credit -120340 (L)
c_marks 0 l_marks 0
dq_count 13759 eq_count 13763
c_drops 0 l_drops 0

TICK_NS 2543538499421
TC_DUR_NS 1393573
NEXT 2543550329999
PLACEMENT i=938
qdisc dualpi2 2: parent 1:10 limit 250p target 15ms tupdate 16ms alpha 0.152344 beta 3.195312 l4s_ect coupling_factor 2 drop_on_overload step_thresh 1ms drop_dequeue split_gso classic_protection 10% 
 Sent 20826837 bytes 13775 pkt (dropped 0, overlimits 0 requeues 0) 
 backlog 6056b 4p requeues 0
prob 0.000000 delay_c 3593us delay_l 0us
pkts_in_c 13767 pkts_in_l 12 maxq 8
ecn_mark 0 step_marks 0
credit -120340 (L)
c_marks 0 l_marks 0
dq_count 13775 eq_count 13779
c_drops 0 l_drops 0

TICK_NS 2543554618687
TC_DUR_NS 1451682
NEXT 2543566329999
PLACEMENT i=939
qdisc dualpi2 2: parent 1:10 limit 250p target 15ms tupdate 16ms alpha 0.152344 beta 3.195312 l4s_ect coupling_factor 2 drop_on_overload step_thresh 1ms drop_dequeue split_gso classic_protection 10% 
 Sent 20851061 bytes 13791 pkt (dropped 0, overlimits 0 requeues 0) 
 backlog 7570b 5p requeues 0
prob 0.000000 delay_c 1553us delay_l 0us
pkts_in_c 13784 pkts_in_l 12 maxq 8
ecn_mark 0 step_marks 0
credit -120340 (L)
c_marks 0 l_marks 0
dq_count 13791 eq_count 13796
c_drops 0 l_drops 0

TICK_NS 2543570731540
TC_DUR_NS 1538905
NEXT 2543582329999
PLACEMENT i=940
qdisc dualpi2 2: parent 1:10 limit 250p target 15ms tupdate 16ms alpha 0.152344 beta 3.195312 l4s_ect coupling_factor 2 drop_on_overload step_thresh 1ms drop_dequeue split_gso classic_protection 10% 
 Sent 20875285 bytes 13807 pkt (dropped 0, overlimits 0 requeues 0) 
 backlog 7570b 5p requeues 0
prob 0.007559 delay_c 4322us delay_l 0us
pkts_in_c 13800 pkts_in_l 12 maxq 8
ecn_mark 0 step_marks 0
credit -120340 (L)
c_marks 0 l_marks 0
dq_count 13807 eq_count 13812
c_drops 0 l_drops 0

TICK_NS 2543586502062
TC_DUR_NS 1343840
NEXT 2543598329999
PLACEMENT i=941
qdisc dualpi2 2: parent 1:10 limit 250p target 15ms tupdate 16ms alpha 0.152344 beta 3.195312 l4s_ect coupling_factor 2 drop_on_overload step_thresh 1ms drop_dequeue split_gso classic_protection 10% 
 Sent 20899509 bytes 13823 pkt (dropped 0, overlimits 0 requeues 0) 
 backlog 7570b 5p requeues 0
prob 0.005442 delay_c 4168us delay_l 0us
pkts_in_c 13816 pkts_in_l 12 maxq 8
ecn_mark 0 step_marks 0
credit -120340 (L)
c_marks 0 l_marks 0
dq_count 13823 eq_count 13828
c_drops 0 l_drops 0

TICK_NS 2543602217250
TC_DUR_NS 1580904
NEXT 2543614329999
PLACEMENT i=942
qdisc dualpi2 2: parent 1:10 limit 250p target 15ms tupdate 16ms alpha 0.152344 beta 3.195312 l4s_ect coupling_factor 2 drop_on_overload step_thresh 1ms drop_dequeue split_gso classic_protection 10% 
 Sent 20922219 bytes 13838 pkt (dropped 0, overlimits 0 requeues 0) 
 backlog 7570b 5p requeues 0
prob 0.005442 delay_c 3597us delay_l 0us
pkts_in_c 13831 pkts_in_l 12 maxq 8
ecn_mark 0 step_marks 0
credit -120340 (L)
c_marks 0 l_marks 0
dq_count 13838 eq_count 13843
c_drops 0 l_drops 0

TICK_NS 2543618462331
TC_DUR_NS 1422348
NEXT 2543630329999
PLACEMENT i=943
qdisc dualpi2 2: parent 1:10 limit 250p target 15ms tupdate 16ms alpha 0.152344 beta 3.195312 l4s_ect coupling_factor 2 drop_on_overload step_thresh 1ms drop_dequeue split_gso classic_protection 10% 
 Sent 20946443 bytes 13854 pkt (dropped 0, overlimits 0 requeues 0) 
 backlog 7570b 5p requeues 0
prob 0.004463 delay_c 4804us delay_l 0us
pkts_in_c 13847 pkts_in_l 12 maxq 8
ecn_mark 0 step_marks 0
credit -120340 (L)
c_marks 0 l_marks 0
dq_count 13854 eq_count 13859
c_drops 0 l_drops 0

TICK_NS 2543634268480
TC_DUR_NS 1523557
NEXT 2543646329999
PLACEMENT i=944
qdisc dualpi2 2: parent 1:10 limit 250p target 15ms tupdate 16ms alpha 0.152344 beta 3.195312 l4s_ect coupling_factor 2 drop_on_overload step_thresh 1ms drop_dequeue split_gso classic_protection 10% 
 Sent 20970667 bytes 13870 pkt (dropped 0, overlimits 0 requeues 0) 
 backlog 7570b 5p requeues 0
prob 0.002410 delay_c 4476us delay_l 0us
pkts_in_c 13863 pkts_in_l 12 maxq 8
ecn_mark 0 step_marks 0
credit -120340 (L)
c_marks 0 l_marks 0
dq_count 13870 eq_count 13875
c_drops 0 l_drops 0

TICK_NS 2543650384289
TC_DUR_NS 1310037
NEXT 2543662329999
PLACEMENT i=945
qdisc dualpi2 2: parent 1:10 limit 250p target 15ms tupdate 16ms alpha 0.152344 beta 3.195312 l4s_ect coupling_factor 2 drop_on_overload step_thresh 1ms drop_dequeue split_gso classic_protection 10% 
 Sent 20994891 bytes 13886 pkt (dropped 0, overlimits 0 requeues 0) 
 backlog 6056b 4p requeues 0
prob 0.000000 delay_c 2590us delay_l 0us
pkts_in_c 13878 pkts_in_l 12 maxq 8
ecn_mark 0 step_marks 0
credit -120340 (L)
c_marks 0 l_marks 0
dq_count 13886 eq_count 13890
c_drops 0 l_drops 0

TICK_NS 2543666338114
TC_DUR_NS 1504501
NEXT 2543678329999
PLACEMENT i=946
qdisc dualpi2 2: parent 1:10 limit 250p target 15ms tupdate 16ms alpha 0.152344 beta 3.195312 l4s_ect coupling_factor 2 drop_on_overload step_thresh 1ms drop_dequeue split_gso classic_protection 10% 
 Sent 21019115 bytes 13902 pkt (dropped 0, overlimits 0 requeues 0) 
 backlog 6056b 4p requeues 0
prob 0.000473 delay_c 3209us delay_l 0us
pkts_in_c 13894 pkts_in_l 12 maxq 8
ecn_mark 0 step_marks 0
credit -120340 (L)
c_marks 0 l_marks 0
dq_count 13902 eq_count 13906
c_drops 0 l_drops 0

TICK_NS 2543682438725
TC_DUR_NS 1375700
NEXT 2543694329999
PLACEMENT i=947
qdisc dualpi2 2: parent 1:10 limit 250p target 15ms tupdate 16ms alpha 0.152344 beta 3.195312 l4s_ect coupling_factor 2 drop_on_overload step_thresh 1ms drop_dequeue split_gso classic_protection 10% 
 Sent 21043339 bytes 13918 pkt (dropped 0, overlimits 0 requeues 0) 
 backlog 6056b 4p requeues 0
prob 0.004937 delay_c 3167us delay_l 0us
pkts_in_c 13910 pkts_in_l 12 maxq 8
ecn_mark 0 step_marks 0
credit -120340 (L)
c_marks 0 l_marks 0
dq_count 13918 eq_count 13922
c_drops 0 l_drops 0

TICK_NS 2543698319753
TC_DUR_NS 1514059
NEXT 2543710329999
PLACEMENT i=948
qdisc dualpi2 2: parent 1:10 limit 250p target 15ms tupdate 16ms alpha 0.152344 beta 3.195312 l4s_ect coupling_factor 2 drop_on_overload step_thresh 1ms drop_dequeue split_gso classic_protection 10% 
 Sent 21066049 bytes 13933 pkt (dropped 0, overlimits 0 requeues 0) 
 backlog 6056b 4p requeues 0
prob 0.000000 delay_c 3837us delay_l 0us
pkts_in_c 13925 pkts_in_l 12 maxq 8
ecn_mark 0 step_marks 0
credit -120340 (L)
c_marks 0 l_marks 0
dq_count 13933 eq_count 13937
c_drops 0 l_drops 0

TICK_NS 2543714438648
TC_DUR_NS 1260574
NEXT 2543726329999
PLACEMENT i=949
qdisc dualpi2 2: parent 1:10 limit 250p target 15ms tupdate 16ms alpha 0.152344 beta 3.195312 l4s_ect coupling_factor 2 drop_on_overload step_thresh 1ms drop_dequeue split_gso classic_protection 10% 
 Sent 21090273 bytes 13949 pkt (dropped 0, overlimits 0 requeues 0) 
 backlog 6056b 4p requeues 0
prob 0.000000 delay_c 3973us delay_l 0us
pkts_in_c 13941 pkts_in_l 12 maxq 8
ecn_mark 0 step_marks 0
credit -120340 (L)
c_marks 0 l_marks 0
dq_count 13949 eq_count 13953
c_drops 0 l_drops 0

TICK_NS 2543730081801
TC_DUR_NS 1375719
NEXT 2543742329999
PLACEMENT i=950
qdisc dualpi2 2: parent 1:10 limit 250p target 15ms tupdate 16ms alpha 0.152344 beta 3.195312 l4s_ect coupling_factor 2 drop_on_overload step_thresh 1ms drop_dequeue split_gso classic_protection 10% 
 Sent 21114497 bytes 13965 pkt (dropped 0, overlimits 0 requeues 0) 
 backlog 6056b 4p requeues 0
prob 0.000000 delay_c 3492us delay_l 0us
pkts_in_c 13957 pkts_in_l 12 maxq 8
ecn_mark 0 step_marks 0
credit -120340 (L)
c_marks 0 l_marks 0
dq_count 13965 eq_count 13969
c_drops 0 l_drops 0

TICK_NS 2543746497723
TC_DUR_NS 1313733
NEXT 2543758329999
PLACEMENT i=951
qdisc dualpi2 2: parent 1:10 limit 250p target 15ms tupdate 16ms alpha 0.152344 beta 3.195312 l4s_ect coupling_factor 2 drop_on_overload step_thresh 1ms drop_dequeue split_gso classic_protection 10% 
 Sent 21138721 bytes 13981 pkt (dropped 0, overlimits 0 requeues 0) 
 backlog 7570b 5p requeues 0
prob 0.001183 delay_c 4687us delay_l 0us
pkts_in_c 13974 pkts_in_l 12 maxq 8
ecn_mark 0 step_marks 0
credit -120340 (L)
c_marks 0 l_marks 0
dq_count 13981 eq_count 13986
c_drops 0 l_drops 0

TICK_NS 2543762691238
TC_DUR_NS 1450690
NEXT 2543774329999
PLACEMENT i=952
qdisc dualpi2 2: parent 1:10 limit 250p target 15ms tupdate 16ms alpha 0.152344 beta 3.195312 l4s_ect coupling_factor 2 drop_on_overload step_thresh 1ms drop_dequeue split_gso classic_protection 10% 
 Sent 21162945 bytes 13997 pkt (dropped 0, overlimits 0 requeues 0) 
 backlog 7570b 5p requeues 0
prob 0.000000 delay_c 4687us delay_l 0us
pkts_in_c 13990 pkts_in_l 12 maxq 8
ecn_mark 0 step_marks 0
credit -120340 (L)
c_marks 0 l_marks 0
dq_count 13997 eq_count 14002
c_drops 0 l_drops 0

TICK_NS 2543778410844
TC_DUR_NS 1615900
NEXT 2543790329999
PLACEMENT i=953
qdisc dualpi2 2: parent 1:10 limit 250p target 15ms tupdate 16ms alpha 0.152344 beta 3.195312 l4s_ect coupling_factor 2 drop_on_overload step_thresh 1ms drop_dequeue split_gso classic_protection 10% 
 Sent 21187169 bytes 14013 pkt (dropped 0, overlimits 0 requeues 0) 
 backlog 4542b 3p requeues 0
prob 0.000000 delay_c 4306us delay_l 0us
pkts_in_c 14004 pkts_in_l 12 maxq 8
ecn_mark 0 step_marks 0
credit -120340 (L)
c_marks 0 l_marks 0
dq_count 14013 eq_count 14016
c_drops 0 l_drops 0

TICK_NS 2543794026715
TC_DUR_NS 1330685
NEXT 2543806329999
PLACEMENT i=954
qdisc dualpi2 2: parent 1:10 limit 250p target 15ms tupdate 16ms alpha 0.152344 beta 3.195312 l4s_ect coupling_factor 2 drop_on_overload step_thresh 1ms drop_dequeue split_gso classic_protection 10% 
 Sent 21209879 bytes 14028 pkt (dropped 0, overlimits 0 requeues 0) 
 backlog 7570b 5p requeues 0
prob 0.000000 delay_c 4822us delay_l 0us
pkts_in_c 14021 pkts_in_l 12 maxq 8
ecn_mark 0 step_marks 0
credit -120340 (L)
c_marks 0 l_marks 0
dq_count 14028 eq_count 14033
c_drops 0 l_drops 0

TICK_NS 2543810765503
TC_DUR_NS 1588208
NEXT 2543822329999
PLACEMENT i=955
qdisc dualpi2 2: parent 1:10 limit 250p target 15ms tupdate 16ms alpha 0.152344 beta 3.195312 l4s_ect coupling_factor 2 drop_on_overload step_thresh 1ms drop_dequeue split_gso classic_protection 10% 
 Sent 21235617 bytes 14045 pkt (dropped 0, overlimits 0 requeues 0) 
 backlog 6056b 4p requeues 0
prob 0.004475 delay_c 3242us delay_l 0us
pkts_in_c 14037 pkts_in_l 12 maxq 8
ecn_mark 0 step_marks 0
credit -120340 (L)
c_marks 0 l_marks 0
dq_count 14045 eq_count 14049
c_drops 0 l_drops 0

TICK_NS 2543826199754
TC_DUR_NS 1372904
NEXT 2543838329999
PLACEMENT i=956
qdisc dualpi2 2: parent 1:10 limit 250p target 15ms tupdate 16ms alpha 0.152344 beta 3.195312 l4s_ect coupling_factor 2 drop_on_overload step_thresh 1ms drop_dequeue split_gso classic_protection 10% 
 Sent 21258327 bytes 14060 pkt (dropped 0, overlimits 0 requeues 0) 
 backlog 6056b 4p requeues 0
prob 0.004475 delay_c 4721us delay_l 0us
pkts_in_c 14052 pkts_in_l 12 maxq 8
ecn_mark 0 step_marks 0
credit -120340 (L)
c_marks 0 l_marks 0
dq_count 14060 eq_count 14064
c_drops 0 l_drops 0

TICK_NS 2543842824016
TC_DUR_NS 1599850
NEXT 2543854329999
PLACEMENT i=957
qdisc dualpi2 2: parent 1:10 limit 250p target 15ms tupdate 16ms alpha 0.152344 beta 3.195312 l4s_ect coupling_factor 2 drop_on_overload step_thresh 1ms drop_dequeue split_gso classic_protection 10% 
 Sent 21282551 bytes 14076 pkt (dropped 0, overlimits 0 requeues 0) 
 backlog 6056b 4p requeues 0
prob 0.000000 delay_c 4012us delay_l 0us
pkts_in_c 14068 pkts_in_l 12 maxq 8
ecn_mark 0 step_marks 0
credit -120340 (L)
c_marks 0 l_marks 0
dq_count 14076 eq_count 14080
c_drops 0 l_drops 0

TICK_NS 2543858142300
TC_DUR_NS 1422788
NEXT 2543870329999
PLACEMENT i=958
qdisc dualpi2 2: parent 1:10 limit 250p target 15ms tupdate 16ms alpha 0.152344 beta 3.195312 l4s_ect coupling_factor 2 drop_on_overload step_thresh 1ms drop_dequeue split_gso classic_protection 10% 
 Sent 21306775 bytes 14092 pkt (dropped 0, overlimits 0 requeues 0) 
 backlog 6056b 4p requeues 0
prob 0.000000 delay_c 3313us delay_l 0us
pkts_in_c 14084 pkts_in_l 12 maxq 8
ecn_mark 0 step_marks 0
credit -120340 (L)
c_marks 0 l_marks 0
dq_count 14092 eq_count 14096
c_drops 0 l_drops 0

TICK_NS 2543874679619
TC_DUR_NS 1508489
NEXT 2543886329999
PLACEMENT i=959
qdisc dualpi2 2: parent 1:10 limit 250p target 15ms tupdate 16ms alpha 0.152344 beta 3.195312 l4s_ect coupling_factor 2 drop_on_overload step_thresh 1ms drop_dequeue split_gso classic_protection 10% 
 Sent 21330999 bytes 14108 pkt (dropped 0, overlimits 0 requeues 0) 
 backlog 7570b 5p requeues 0
prob 0.000000 delay_c 3606us delay_l 0us
pkts_in_c 14101 pkts_in_l 12 maxq 8
ecn_mark 0 step_marks 0
credit -120340 (L)
c_marks 0 l_marks 0
dq_count 14108 eq_count 14113
c_drops 0 l_drops 0

TICK_NS 2543890885738
TC_DUR_NS 1715998
NEXT 2543902329999
PLACEMENT i=960
qdisc dualpi2 2: parent 1:10 limit 250p target 15ms tupdate 16ms alpha 0.152344 beta 3.195312 l4s_ect coupling_factor 2 drop_on_overload step_thresh 1ms drop_dequeue split_gso classic_protection 10% 
 Sent 21355223 bytes 14124 pkt (dropped 0, overlimits 0 requeues 0) 
 backlog 7570b 5p requeues 0
prob 0.001167 delay_c 4753us delay_l 0us
pkts_in_c 14117 pkts_in_l 12 maxq 8
ecn_mark 0 step_marks 0
credit -120340 (L)
c_marks 0 l_marks 0
dq_count 14124 eq_count 14129
c_drops 0 l_drops 0

TICK_NS 2543906389589
TC_DUR_NS 1399344
NEXT 2543918329999
PLACEMENT i=961
qdisc dualpi2 2: parent 1:10 limit 250p target 15ms tupdate 16ms alpha 0.152344 beta 3.195312 l4s_ect coupling_factor 2 drop_on_overload step_thresh 1ms drop_dequeue split_gso classic_protection 10% 
 Sent 21379447 bytes 14140 pkt (dropped 0, overlimits 0 requeues 0) 
 backlog 7570b 5p requeues 0
prob 0.001167 delay_c 4081us delay_l 0us
pkts_in_c 14133 pkts_in_l 12 maxq 8
ecn_mark 0 step_marks 0
credit -120340 (L)
c_marks 0 l_marks 0
dq_count 14140 eq_count 14145
c_drops 0 l_drops 0

TICK_NS 2543922086383
TC_DUR_NS 1377794
NEXT 2543934329999
PLACEMENT i=962
qdisc dualpi2 2: parent 1:10 limit 250p target 15ms tupdate 16ms alpha 0.152344 beta 3.195312 l4s_ect coupling_factor 2 drop_on_overload step_thresh 1ms drop_dequeue split_gso classic_protection 10% 
 Sent 21402157 bytes 14155 pkt (dropped 0, overlimits 0 requeues 0) 
 backlog 7570b 5p requeues 0
prob 0.000000 delay_c 4711us delay_l 0us
pkts_in_c 14148 pkts_in_l 12 maxq 8
ecn_mark 0 step_marks 0
credit -120340 (L)
c_marks 0 l_marks 0
dq_count 14155 eq_count 14160
c_drops 0 l_drops 0

TICK_NS 2543938431752
TC_DUR_NS 1457483
NEXT 2543950329999
PLACEMENT i=963
qdisc dualpi2 2: parent 1:10 limit 250p target 15ms tupdate 16ms alpha 0.152344 beta 3.195312 l4s_ect coupling_factor 2 drop_on_overload step_thresh 1ms drop_dequeue split_gso classic_protection 10% 
 Sent 21426381 bytes 14171 pkt (dropped 0, overlimits 0 requeues 0) 
 backlog 7570b 5p requeues 0
prob 0.000000 delay_c 4935us delay_l 0us
pkts_in_c 14164 pkts_in_l 12 maxq 8
ecn_mark 0 step_marks 0
credit -120340 (L)
c_marks 0 l_marks 0
dq_count 14171 eq_count 14176
c_drops 0 l_drops 0

TICK_NS 2543954542602
TC_DUR_NS 1413731
NEXT 2543966329999
PLACEMENT i=964
qdisc dualpi2 2: parent 1:10 limit 250p target 15ms tupdate 16ms alpha 0.152344 beta 3.195312 l4s_ect coupling_factor 2 drop_on_overload step_thresh 1ms drop_dequeue split_gso classic_protection 10% 
 Sent 21450605 bytes 14187 pkt (dropped 0, overlimits 0 requeues 0) 
 backlog 7570b 5p requeues 0
prob 0.000000 delay_c 4870us delay_l 0us
pkts_in_c 14180 pkts_in_l 12 maxq 8
ecn_mark 0 step_marks 0
credit -120340 (L)
c_marks 0 l_marks 0
dq_count 14187 eq_count 14192
c_drops 0 l_drops 0

TICK_NS 2543970465880
TC_DUR_NS 1486618
NEXT 2543982329999
PLACEMENT i=965
qdisc dualpi2 2: parent 1:10 limit 250p target 15ms tupdate 16ms alpha 0.152344 beta 3.195312 l4s_ect coupling_factor 2 drop_on_overload step_thresh 1ms drop_dequeue split_gso classic_protection 10% 
 Sent 21474829 bytes 14203 pkt (dropped 0, overlimits 0 requeues 0) 
 backlog 6056b 4p requeues 0
prob 0.000000 delay_c 3564us delay_l 0us
pkts_in_c 14195 pkts_in_l 12 maxq 8
ecn_mark 0 step_marks 0
credit -120340 (L)
c_marks 0 l_marks 0
dq_count 14203 eq_count 14207
c_drops 0 l_drops 0

TICK_NS 2543987003620
TC_DUR_NS 1818580
NEXT 2543998329999
PLACEMENT i=966
qdisc dualpi2 2: parent 1:10 limit 250p target 15ms tupdate 16ms alpha 0.152344 beta 3.195312 l4s_ect coupling_factor 2 drop_on_overload step_thresh 1ms drop_dequeue split_gso classic_protection 10% 
 Sent 21499053 bytes 14219 pkt (dropped 0, overlimits 0 requeues 0) 
 backlog 6056b 4p requeues 0
prob 0.000000 delay_c 3809us delay_l 0us
pkts_in_c 14211 pkts_in_l 12 maxq 8
ecn_mark 0 step_marks 0
credit -120340 (L)
c_marks 0 l_marks 0
dq_count 14219 eq_count 14223
c_drops 0 l_drops 0

TICK_NS 2544002489819
TC_DUR_NS 1343920
NEXT 2544014329999
PLACEMENT i=967
qdisc dualpi2 2: parent 1:10 limit 250p target 15ms tupdate 16ms alpha 0.152344 beta 3.195312 l4s_ect coupling_factor 2 drop_on_overload step_thresh 1ms drop_dequeue split_gso classic_protection 10% 
 Sent 21523277 bytes 14235 pkt (dropped 0, overlimits 0 requeues 0) 
 backlog 6056b 4p requeues 0
prob 0.000000 delay_c 3400us delay_l 0us
pkts_in_c 14227 pkts_in_l 12 maxq 8
ecn_mark 0 step_marks 0
credit -120340 (L)
c_marks 0 l_marks 0
dq_count 14235 eq_count 14239
c_drops 0 l_drops 0

TICK_NS 2544018750970
TC_DUR_NS 1420073
NEXT 2544030329999
PLACEMENT i=968
qdisc dualpi2 2: parent 1:10 limit 250p target 15ms tupdate 16ms alpha 0.152344 beta 3.195312 l4s_ect coupling_factor 2 drop_on_overload step_thresh 1ms drop_dequeue split_gso classic_protection 10% 
 Sent 21547501 bytes 14251 pkt (dropped 0, overlimits 0 requeues 0) 
 backlog 7570b 5p requeues 0
prob 0.001162 delay_c 4325us delay_l 0us
pkts_in_c 14244 pkts_in_l 12 maxq 8
ecn_mark 0 step_marks 0
credit -120340 (L)
c_marks 0 l_marks 0
dq_count 14251 eq_count 14256
c_drops 0 l_drops 0

TICK_NS 2544034593407
TC_DUR_NS 1432316
NEXT 2544046329999
PLACEMENT i=969
qdisc dualpi2 2: parent 1:10 limit 250p target 15ms tupdate 16ms alpha 0.152344 beta 3.195312 l4s_ect coupling_factor 2 drop_on_overload step_thresh 1ms drop_dequeue split_gso classic_protection 10% 
 Sent 21571725 bytes 14267 pkt (dropped 0, overlimits 0 requeues 0) 
 backlog 7570b 5p requeues 0
prob 0.000000 delay_c 4147us delay_l 0us
pkts_in_c 14260 pkts_in_l 12 maxq 8
ecn_mark 0 step_marks 0
credit -120340 (L)
c_marks 0 l_marks 0
dq_count 14267 eq_count 14272
c_drops 0 l_drops 0

TICK_NS 2544050284119
TC_DUR_NS 1441773
NEXT 2544062329999
PLACEMENT i=970
qdisc dualpi2 2: parent 1:10 limit 250p target 15ms tupdate 16ms alpha 0.152344 beta 3.195312 l4s_ect coupling_factor 2 drop_on_overload step_thresh 1ms drop_dequeue split_gso classic_protection 10% 
 Sent 21594435 bytes 14282 pkt (dropped 0, overlimits 0 requeues 0) 
 backlog 6056b 4p requeues 0
prob 0.000000 delay_c 3654us delay_l 0us
pkts_in_c 14274 pkts_in_l 12 maxq 8
ecn_mark 0 step_marks 0
credit -120340 (L)
c_marks 0 l_marks 0
dq_count 14282 eq_count 14286
c_drops 0 l_drops 0

TICK_NS 2544066427390
TC_DUR_NS 1534407
NEXT 2544078329999
PLACEMENT i=971
qdisc dualpi2 2: parent 1:10 limit 250p target 15ms tupdate 16ms alpha 0.152344 beta 3.195312 l4s_ect coupling_factor 2 drop_on_overload step_thresh 1ms drop_dequeue split_gso classic_protection 10% 
 Sent 21618659 bytes 14298 pkt (dropped 0, overlimits 0 requeues 0) 
 backlog 7570b 5p requeues 0
prob 0.000000 delay_c 4619us delay_l 0us
pkts_in_c 14291 pkts_in_l 12 maxq 8
ecn_mark 0 step_marks 0
credit -120340 (L)
c_marks 0 l_marks 0
dq_count 14298 eq_count 14303
c_drops 0 l_drops 0

TICK_NS 2544082261480
TC_DUR_NS 1280731
NEXT 2544094329999
PLACEMENT i=972
qdisc dualpi2 2: parent 1:10 limit 250p target 15ms tupdate 16ms alpha 0.152344 beta 3.195312 l4s_ect coupling_factor 2 drop_on_overload step_thresh 1ms drop_dequeue split_gso classic_protection 10% 
 Sent 21642883 bytes 14314 pkt (dropped 0, overlimits 0 requeues 0) 
 backlog 7570b 5p requeues 0
prob 0.001259 delay_c 4421us delay_l 0us
pkts_in_c 14307 pkts_in_l 12 maxq 8
ecn_mark 0 step_marks 0
credit -120340 (L)
c_marks 0 l_marks 0
dq_count 14314 eq_count 14319
c_drops 0 l_drops 0

TICK_NS 2544098702339
TC_DUR_NS 1473724
NEXT 2544110329999
PLACEMENT i=973
qdisc dualpi2 2: parent 1:10 limit 250p target 15ms tupdate 16ms alpha 0.152344 beta 3.195312 l4s_ect coupling_factor 2 drop_on_overload step_thresh 1ms drop_dequeue split_gso classic_protection 10% 
 Sent 21667107 bytes 14330 pkt (dropped 0, overlimits 0 requeues 0) 
 backlog 6056b 4p requeues 0
prob 0.000000 delay_c 4590us delay_l 0us
pkts_in_c 14322 pkts_in_l 12 maxq 8
ecn_mark 0 step_marks 0
credit -120340 (L)
c_marks 0 l_marks 0
dq_count 14330 eq_count 14334
c_drops 0 l_drops 0

TICK_NS 2544114442173
TC_DUR_NS 1237821
NEXT 2544126329999
PLACEMENT i=974
qdisc dualpi2 2: parent 1:10 limit 250p target 15ms tupdate 16ms alpha 0.152344 beta 3.195312 l4s_ect coupling_factor 2 drop_on_overload step_thresh 1ms drop_dequeue split_gso classic_protection 10% 
 Sent 21691331 bytes 14346 pkt (dropped 0, overlimits 0 requeues 0) 
 backlog 6056b 4p requeues 0
prob 0.000000 delay_c 3289us delay_l 0us
pkts_in_c 14338 pkts_in_l 12 maxq 8
ecn_mark 0 step_marks 0
credit -120340 (L)
c_marks 0 l_marks 0
dq_count 14346 eq_count 14350
c_drops 0 l_drops 0

TICK_NS 2544130737799
TC_DUR_NS 1468724
NEXT 2544142329999
PLACEMENT i=975
qdisc dualpi2 2: parent 1:10 limit 250p target 15ms tupdate 16ms alpha 0.152344 beta 3.195312 l4s_ect coupling_factor 2 drop_on_overload step_thresh 1ms drop_dequeue split_gso classic_protection 10% 
 Sent 21715555 bytes 14362 pkt (dropped 0, overlimits 0 requeues 0) 
 backlog 6056b 4p requeues 0
prob 0.000000 delay_c 3332us delay_l 0us
pkts_in_c 14354 pkts_in_l 12 maxq 8
ecn_mark 0 step_marks 0
credit -120340 (L)
c_marks 0 l_marks 0
dq_count 14362 eq_count 14366
c_drops 0 l_drops 0

TICK_NS 2544146663712
TC_DUR_NS 1336546
NEXT 2544158329999
PLACEMENT i=976
qdisc dualpi2 2: parent 1:10 limit 250p target 15ms tupdate 16ms alpha 0.152344 beta 3.195312 l4s_ect coupling_factor 2 drop_on_overload step_thresh 1ms drop_dequeue split_gso classic_protection 10% 
 Sent 21739779 bytes 14378 pkt (dropped 0, overlimits 0 requeues 0) 
 backlog 7570b 5p requeues 0
prob 0.000000 delay_c 3133us delay_l 0us
pkts_in_c 14371 pkts_in_l 12 maxq 8
ecn_mark 0 step_marks 0
credit -120340 (L)
c_marks 0 l_marks 0
dq_count 14378 eq_count 14383
c_drops 0 l_drops 0

TICK_NS 2544162784751
TC_DUR_NS 1755341
NEXT 2544174329999
PLACEMENT i=977
qdisc dualpi2 2: parent 1:10 limit 250p target 15ms tupdate 16ms alpha 0.152344 beta 3.195312 l4s_ect coupling_factor 2 drop_on_overload step_thresh 1ms drop_dequeue split_gso classic_protection 10% 
 Sent 21762489 bytes 14393 pkt (dropped 0, overlimits 0 requeues 0) 
 backlog 6056b 4p requeues 0
prob 0.000000 delay_c 3920us delay_l 0us
pkts_in_c 14385 pkts_in_l 12 maxq 8
ecn_mark 0 step_marks 0
credit -120340 (L)
c_marks 0 l_marks 0
dq_count 14393 eq_count 14397
c_drops 0 l_drops 0

TICK_NS 2544178188766
TC_DUR_NS 1432196
NEXT 2544190329999
PLACEMENT i=978
qdisc dualpi2 2: parent 1:10 limit 250p target 15ms tupdate 16ms alpha 0.152344 beta 3.195312 l4s_ect coupling_factor 2 drop_on_overload step_thresh 1ms drop_dequeue split_gso classic_protection 10% 
 Sent 21786713 bytes 14409 pkt (dropped 0, overlimits 0 requeues 0) 
 backlog 6056b 4p requeues 0
prob 0.001102 delay_c 3338us delay_l 0us
pkts_in_c 14401 pkts_in_l 12 maxq 8
ecn_mark 0 step_marks 0
credit -120340 (L)
c_marks 0 l_marks 0
dq_count 14409 eq_count 14413
c_drops 0 l_drops 0

TICK_NS 2544194423377
TC_DUR_NS 1235226
NEXT 2544206329999
PLACEMENT i=979
qdisc dualpi2 2: parent 1:10 limit 250p target 15ms tupdate 16ms alpha 0.152344 beta 3.195312 l4s_ect coupling_factor 2 drop_on_overload step_thresh 1ms drop_dequeue split_gso classic_protection 10% 
 Sent 21810937 bytes 14425 pkt (dropped 0, overlimits 0 requeues 0) 
 backlog 7570b 5p requeues 0
prob 0.000000 delay_c 4549us delay_l 0us
pkts_in_c 14418 pkts_in_l 12 maxq 8
ecn_mark 0 step_marks 0
credit -120340 (L)
c_marks 0 l_marks 0
dq_count 14425 eq_count 14430
c_drops 0 l_drops 0

TICK_NS 2544210606923
TC_DUR_NS 1414062
NEXT 2544222329999
PLACEMENT i=980
qdisc dualpi2 2: parent 1:10 limit 250p target 15ms tupdate 16ms alpha 0.152344 beta 3.195312 l4s_ect coupling_factor 2 drop_on_overload step_thresh 1ms drop_dequeue split_gso classic_protection 10% 
 Sent 21835161 bytes 14441 pkt (dropped 0, overlimits 0 requeues 0) 
 backlog 7570b 5p requeues 0
prob 0.001223 delay_c 4524us delay_l 0us
pkts_in_c 14434 pkts_in_l 12 maxq 8
ecn_mark 0 step_marks 0
credit -120340 (L)
c_marks 0 l_marks 0
dq_count 14441 eq_count 14446
c_drops 0 l_drops 0

TICK_NS 2544226598690
TC_DUR_NS 1638843
NEXT 2544238329999
PLACEMENT i=981
qdisc dualpi2 2: parent 1:10 limit 250p target 15ms tupdate 16ms alpha 0.152344 beta 3.195312 l4s_ect coupling_factor 2 drop_on_overload step_thresh 1ms drop_dequeue split_gso classic_protection 10% 
 Sent 21859385 bytes 14457 pkt (dropped 0, overlimits 0 requeues 0) 
 backlog 7570b 5p requeues 0
prob 0.000000 delay_c 4251us delay_l 0us
pkts_in_c 14450 pkts_in_l 12 maxq 8
ecn_mark 0 step_marks 0
credit -120340 (L)
c_marks 0 l_marks 0
dq_count 14457 eq_count 14462
c_drops 0 l_drops 0

TICK_NS 2544242726441
TC_DUR_NS 1519850
NEXT 2544254329999
PLACEMENT i=982
qdisc dualpi2 2: parent 1:10 limit 250p target 15ms tupdate 16ms alpha 0.152344 beta 3.195312 l4s_ect coupling_factor 2 drop_on_overload step_thresh 1ms drop_dequeue split_gso classic_protection 10% 
 Sent 21883609 bytes 14473 pkt (dropped 0, overlimits 0 requeues 0) 
 backlog 6056b 4p requeues 0
prob 0.000000 delay_c 3258us delay_l 0us
pkts_in_c 14465 pkts_in_l 12 maxq 8
ecn_mark 0 step_marks 0
credit -120340 (L)
c_marks 0 l_marks 0
dq_count 14473 eq_count 14477
c_drops 0 l_drops 0

TICK_NS 2544258030879
TC_DUR_NS 1424041
NEXT 2544270329999
PLACEMENT i=983
qdisc dualpi2 2: parent 1:10 limit 250p target 15ms tupdate 16ms alpha 0.152344 beta 3.195312 l4s_ect coupling_factor 2 drop_on_overload step_thresh 1ms drop_dequeue split_gso classic_protection 10% 
 Sent 21906319 bytes 14488 pkt (dropped 0, overlimits 0 requeues 0) 
 backlog 7570b 5p requeues 0
prob 0.000000 delay_c 4510us delay_l 0us
pkts_in_c 14481 pkts_in_l 12 maxq 8
ecn_mark 0 step_marks 0
credit -120340 (L)
c_marks 0 l_marks 0
dq_count 14488 eq_count 14493
c_drops 0 l_drops 0

TICK_NS 2544274663748
TC_DUR_NS 1783274
NEXT 2544286329999
PLACEMENT i=984
qdisc dualpi2 2: parent 1:10 limit 250p target 15ms tupdate 16ms alpha 0.152344 beta 3.195312 l4s_ect coupling_factor 2 drop_on_overload step_thresh 1ms drop_dequeue split_gso classic_protection 10% 
 Sent 21930543 bytes 14504 pkt (dropped 0, overlimits 0 requeues 0) 
 backlog 7570b 5p requeues 0
prob 0.000000 delay_c 4807us delay_l 0us
pkts_in_c 14497 pkts_in_l 12 maxq 8
ecn_mark 0 step_marks 0
credit -120340 (L)
c_marks 0 l_marks 0
dq_count 14504 eq_count 14509
c_drops 0 l_drops 0

TICK_NS 2544290676123
TC_DUR_NS 1612373
NEXT 2544302329999
PLACEMENT i=985
qdisc dualpi2 2: parent 1:10 limit 250p target 15ms tupdate 16ms alpha 0.152344 beta 3.195312 l4s_ect coupling_factor 2 drop_on_overload step_thresh 1ms drop_dequeue split_gso classic_protection 10% 
 Sent 21954767 bytes 14520 pkt (dropped 0, overlimits 0 requeues 0) 
 backlog 6056b 4p requeues 0
prob 0.000000 delay_c 3705us delay_l 0us
pkts_in_c 14512 pkts_in_l 12 maxq 8
ecn_mark 0 step_marks 0
credit -120340 (L)
c_marks 0 l_marks 0
dq_count 14520 eq_count 14524
c_drops 0 l_drops 0

TICK_NS 2544306782063
TC_DUR_NS 1599910
NEXT 2544318329999
PLACEMENT i=986
qdisc dualpi2 2: parent 1:10 limit 250p target 15ms tupdate 16ms alpha 0.152344 beta 3.195312 l4s_ect coupling_factor 2 drop_on_overload step_thresh 1ms drop_dequeue split_gso classic_protection 10% 
 Sent 21978991 bytes 14536 pkt (dropped 0, overlimits 0 requeues 0) 
 backlog 6056b 4p requeues 0
prob 0.000000 delay_c 3807us delay_l 0us
pkts_in_c 14528 pkts_in_l 12 maxq 8
ecn_mark 0 step_marks 0
credit -120340 (L)
c_marks 0 l_marks 0
dq_count 14536 eq_count 14540
c_drops 0 l_drops 0

TICK_NS 2544322571491
TC_DUR_NS 1492318
NEXT 2544334329999
PLACEMENT i=987
qdisc dualpi2 2: parent 1:10 limit 250p target 15ms tupdate 16ms alpha 0.152344 beta 3.195312 l4s_ect coupling_factor 2 drop_on_overload step_thresh 1ms drop_dequeue split_gso classic_protection 10% 
 Sent 22003215 bytes 14552 pkt (dropped 0, overlimits 0 requeues 0) 
 backlog 6056b 4p requeues 0
prob 0.000000 delay_c 3356us delay_l 0us
pkts_in_c 14544 pkts_in_l 12 maxq 8
ecn_mark 0 step_marks 0
credit -120340 (L)
c_marks 0 l_marks 0
dq_count 14552 eq_count 14556
c_drops 0 l_drops 0

TICK_NS 2544338577514
TC_DUR_NS 1488471
NEXT 2544350329999
PLACEMENT i=988
qdisc dualpi2 2: parent 1:10 limit 250p target 15ms tupdate 16ms alpha 0.152344 beta 3.195312 l4s_ect coupling_factor 2 drop_on_overload step_thresh 1ms drop_dequeue split_gso classic_protection 10% 
 Sent 22027439 bytes 14568 pkt (dropped 0, overlimits 0 requeues 0) 
 backlog 7570b 5p requeues 0
prob 0.000000 delay_c 4303us delay_l 0us
pkts_in_c 14561 pkts_in_l 12 maxq 8
ecn_mark 0 step_marks 0
credit -120340 (L)
c_marks 0 l_marks 0
dq_count 14568 eq_count 14573
c_drops 0 l_drops 0

TICK_NS 2544354517112
TC_DUR_NS 1392702
NEXT 2544366329999
PLACEMENT i=989
qdisc dualpi2 2: parent 1:10 limit 250p target 15ms tupdate 16ms alpha 0.152344 beta 3.195312 l4s_ect coupling_factor 2 drop_on_overload step_thresh 1ms drop_dequeue split_gso classic_protection 10% 
 Sent 22051663 bytes 14584 pkt (dropped 0, overlimits 0 requeues 0) 
 backlog 7570b 5p requeues 0
prob 0.001201 delay_c 4134us delay_l 0us
pkts_in_c 14577 pkts_in_l 12 maxq 8
ecn_mark 0 step_marks 0
credit -120340 (L)
c_marks 0 l_marks 0
dq_count 14584 eq_count 14589
c_drops 0 l_drops 0

TICK_NS 2544370199389
TC_DUR_NS 1367554
NEXT 2544382329999
PLACEMENT i=990
qdisc dualpi2 2: parent 1:10 limit 250p target 15ms tupdate 16ms alpha 0.152344 beta 3.195312 l4s_ect coupling_factor 2 drop_on_overload step_thresh 1ms drop_dequeue split_gso classic_protection 10% 
 Sent 22074373 bytes 14599 pkt (dropped 0, overlimits 0 requeues 0) 
 backlog 3028b 2p requeues 0
prob 0.000000 delay_c 3718us delay_l 0us
pkts_in_c 14589 pkts_in_l 12 maxq 8
ecn_mark 0 step_marks 0
credit -120340 (L)
c_marks 0 l_marks 0
dq_count 14599 eq_count 14601
c_drops 0 l_drops 0

TICK_NS 2544386101146
TC_DUR_NS 1384736
NEXT 2544398329999
PLACEMENT i=991
qdisc dualpi2 2: parent 1:10 limit 250p target 15ms tupdate 16ms alpha 0.152344 beta 3.195312 l4s_ect coupling_factor 2 drop_on_overload step_thresh 1ms drop_dequeue split_gso classic_protection 10% 
 Sent 22098597 bytes 14615 pkt (dropped 0, overlimits 0 requeues 0) 
 backlog 7570b 5p requeues 0
prob 0.000000 delay_c 4393us delay_l 0us
pkts_in_c 14608 pkts_in_l 12 maxq 8
ecn_mark 0 step_marks 0
credit -120340 (L)
c_marks 0 l_marks 0
dq_count 14615 eq_count 14620
c_drops 0 l_drops 0

TICK_NS 2544402925935
TC_DUR_NS 1615218
NEXT 2544414329999
PLACEMENT i=992
qdisc dualpi2 2: parent 1:10 limit 250p target 15ms tupdate 16ms alpha 0.152344 beta 3.195312 l4s_ect coupling_factor 2 drop_on_overload step_thresh 1ms drop_dequeue split_gso classic_protection 10% 
 Sent 22122821 bytes 14631 pkt (dropped 0, overlimits 0 requeues 0) 
 backlog 7570b 5p requeues 0
prob 0.000000 delay_c 4932us delay_l 0us
pkts_in_c 14624 pkts_in_l 12 maxq 8
ecn_mark 0 step_marks 0
credit -120340 (L)
c_marks 0 l_marks 0
dq_count 14631 eq_count 14636
c_drops 0 l_drops 0

TICK_NS 2544418686107
TC_DUR_NS 1632992
NEXT 2544430329999
PLACEMENT i=993
qdisc dualpi2 2: parent 1:10 limit 250p target 15ms tupdate 16ms alpha 0.152344 beta 3.195312 l4s_ect coupling_factor 2 drop_on_overload step_thresh 1ms drop_dequeue split_gso classic_protection 10% 
 Sent 22147045 bytes 14647 pkt (dropped 0, overlimits 0 requeues 0) 
 backlog 6056b 4p requeues 0
prob 0.004516 delay_c 2556us delay_l 0us
pkts_in_c 14639 pkts_in_l 12 maxq 8
ecn_mark 0 step_marks 0
credit -120340 (L)
c_marks 0 l_marks 0
dq_count 14647 eq_count 14651
c_drops 0 l_drops 0

TICK_NS 2544434778552
TC_DUR_NS 1601362
NEXT 2544446329999
PLACEMENT i=994
qdisc dualpi2 2: parent 1:10 limit 250p target 15ms tupdate 16ms alpha 0.152344 beta 3.195312 l4s_ect coupling_factor 2 drop_on_overload step_thresh 1ms drop_dequeue split_gso classic_protection 10% 
 Sent 22171269 bytes 14663 pkt (dropped 0, overlimits 0 requeues 0) 
 backlog 6056b 4p requeues 0
prob 0.000000 delay_c 3492us delay_l 0us
pkts_in_c 14655 pkts_in_l 12 maxq 8
ecn_mark 0 step_marks 0
credit -120340 (L)
c_marks 0 l_marks 0
dq_count 14663 eq_count 14667
c_drops 0 l_drops 0

TICK_NS 2544450508297
TC_DUR_NS 1358477
NEXT 2544462329999
PLACEMENT i=995
qdisc dualpi2 2: parent 1:10 limit 250p target 15ms tupdate 16ms alpha 0.152344 beta 3.195312 l4s_ect coupling_factor 2 drop_on_overload step_thresh 1ms drop_dequeue split_gso classic_protection 10% 
 Sent 22195493 bytes 14679 pkt (dropped 0, overlimits 0 requeues 0) 
 backlog 6056b 4p requeues 0
prob 0.001052 delay_c 3188us delay_l 0us
pkts_in_c 14671 pkts_in_l 12 maxq 8
ecn_mark 0 step_marks 0
credit -120340 (L)
c_marks 0 l_marks 0
dq_count 14679 eq_count 14683
c_drops 0 l_drops 0

TICK_NS 2544466365592
TC_DUR_NS 1516063
NEXT 2544478329999
PLACEMENT i=996
qdisc dualpi2 2: parent 1:10 limit 250p target 15ms tupdate 16ms alpha 0.152344 beta 3.195312 l4s_ect coupling_factor 2 drop_on_overload step_thresh 1ms drop_dequeue split_gso classic_protection 10% 
 Sent 22218203 bytes 14694 pkt (dropped 0, overlimits 0 requeues 0) 
 backlog 6056b 4p requeues 0
prob 0.000000 delay_c 3883us delay_l 0us
pkts_in_c 14686 pkts_in_l 12 maxq 8
ecn_mark 0 step_marks 0
credit -120340 (L)
c_marks 0 l_marks 0
dq_count 14694 eq_count 14698
c_drops 0 l_drops 0

TICK_NS 2544482216705
TC_DUR_NS 1439249
NEXT 2544494329999
PLACEMENT i=997
qdisc dualpi2 2: parent 1:10 limit 250p target 15ms tupdate 16ms alpha 0.152344 beta 3.195312 l4s_ect coupling_factor 2 drop_on_overload step_thresh 1ms drop_dequeue split_gso classic_protection 10% 
 Sent 22242427 bytes 14710 pkt (dropped 0, overlimits 0 requeues 0) 
 backlog 6056b 4p requeues 0
prob 0.001146 delay_c 3599us delay_l 0us
pkts_in_c 14702 pkts_in_l 12 maxq 8
ecn_mark 0 step_marks 0
credit -120340 (L)
c_marks 0 l_marks 0
dq_count 14710 eq_count 14714
c_drops 0 l_drops 0

TICK_NS 2544498800702
TC_DUR_NS 1589901
NEXT 2544510329999
PLACEMENT i=998
qdisc dualpi2 2: parent 1:10 limit 250p target 15ms tupdate 16ms alpha 0.152344 beta 3.195312 l4s_ect coupling_factor 2 drop_on_overload step_thresh 1ms drop_dequeue split_gso classic_protection 10% 
 Sent 22266651 bytes 14726 pkt (dropped 0, overlimits 0 requeues 0) 
 backlog 6056b 4p requeues 0
prob 0.000000 delay_c 4011us delay_l 0us
pkts_in_c 14718 pkts_in_l 12 maxq 8
ecn_mark 0 step_marks 0
credit -120340 (L)
c_marks 0 l_marks 0
dq_count 14726 eq_count 14730
c_drops 0 l_drops 0

TICK_NS 2544514226126
TC_DUR_NS 1428839
NEXT 2544526329999
PLACEMENT i=999
qdisc dualpi2 2: parent 1:10 limit 250p target 15ms tupdate 16ms alpha 0.152344 beta 3.195312 l4s_ect coupling_factor 2 drop_on_overload step_thresh 1ms drop_dequeue split_gso classic_protection 10% 
 Sent 22290875 bytes 14742 pkt (dropped 0, overlimits 0 requeues 0) 
 backlog 7570b 5p requeues 0
prob 0.000000 delay_c 4341us delay_l 0us
pkts_in_c 14735 pkts_in_l 12 maxq 8
ecn_mark 0 step_marks 0
credit -120340 (L)
c_marks 0 l_marks 0
dq_count 14742 eq_count 14747
c_drops 0 l_drops 0

TICK_NS 2544530439909
TC_DUR_NS 1402399
NEXT 2544542329999
PLACEMENT i=1000
qdisc dualpi2 2: parent 1:10 limit 250p target 15ms tupdate 16ms alpha 0.152344 beta 3.195312 l4s_ect coupling_factor 2 drop_on_overload step_thresh 1ms drop_dequeue split_gso classic_protection 10% 
 Sent 22315099 bytes 14758 pkt (dropped 0, overlimits 0 requeues 0) 
 backlog 7570b 5p requeues 0
prob 0.000000 delay_c 4440us delay_l 0us
pkts_in_c 14751 pkts_in_l 12 maxq 8
ecn_mark 0 step_marks 0
credit -120340 (L)
c_marks 0 l_marks 0
dq_count 14758 eq_count 14763
c_drops 0 l_drops 0

TICK_NS 2544546482671
TC_DUR_NS 1356383
NEXT 2544558329999
PLACEMENT i=1001
qdisc dualpi2 2: parent 1:10 limit 250p target 15ms tupdate 16ms alpha 0.152344 beta 3.195312 l4s_ect coupling_factor 2 drop_on_overload step_thresh 1ms drop_dequeue split_gso classic_protection 10% 
 Sent 22339323 bytes 14774 pkt (dropped 0, overlimits 0 requeues 0) 
 backlog 7570b 5p requeues 0
prob 0.004496 delay_c 4350us delay_l 0us
pkts_in_c 14767 pkts_in_l 12 maxq 8
ecn_mark 0 step_marks 0
credit -120340 (L)
c_marks 0 l_marks 0
dq_count 14774 eq_count 14779
c_drops 0 l_drops 0

TICK_NS 2544562293618
TC_DUR_NS 1329182
NEXT 2544574329999
PLACEMENT i=1002
qdisc dualpi2 2: parent 1:10 limit 250p target 15ms tupdate 16ms alpha 0.152344 beta 3.195312 l4s_ect coupling_factor 2 drop_on_overload step_thresh 1ms drop_dequeue split_gso classic_protection 10% 
 Sent 22362033 bytes 14789 pkt (dropped 0, overlimits 0 requeues 0) 
 backlog 7570b 5p requeues 0
prob 0.002529 delay_c 5015us delay_l 0us
pkts_in_c 14782 pkts_in_l 12 maxq 8
ecn_mark 0 step_marks 0
credit -120340 (L)
c_marks 0 l_marks 0
dq_count 14789 eq_count 14794
c_drops 0 l_drops 0

TICK_NS 2544578228779
TC_DUR_NS 1288716
NEXT 2544590329999
PLACEMENT i=1003
qdisc dualpi2 2: parent 1:10 limit 250p target 15ms tupdate 16ms alpha 0.152344 beta 3.195312 l4s_ect coupling_factor 2 drop_on_overload step_thresh 1ms drop_dequeue split_gso classic_protection 10% 
 Sent 22386257 bytes 14805 pkt (dropped 0, overlimits 0 requeues 0) 
 backlog 7570b 5p requeues 0
prob 0.000000 delay_c 4803us delay_l 0us
pkts_in_c 14798 pkts_in_l 12 maxq 8
ecn_mark 0 step_marks 0
credit -120340 (L)
c_marks 0 l_marks 0
dq_count 14805 eq_count 14810
c_drops 0 l_drops 0

TICK_NS 2544594424878
TC_DUR_NS 1389325
NEXT 2544606329999
PLACEMENT i=1004
qdisc dualpi2 2: parent 1:10 limit 250p target 15ms tupdate 16ms alpha 0.152344 beta 3.195312 l4s_ect coupling_factor 2 drop_on_overload step_thresh 1ms drop_dequeue split_gso classic_protection 10% 
 Sent 22410481 bytes 14821 pkt (dropped 0, overlimits 0 requeues 0) 
 backlog 7570b 5p requeues 0
prob 0.000000 delay_c 4809us delay_l 0us
pkts_in_c 14814 pkts_in_l 12 maxq 8
ecn_mark 0 step_marks 0
credit -120340 (L)
c_marks 0 l_marks 0
dq_count 14821 eq_count 14826
c_drops 0 l_drops 0

TICK_NS 2544610349609
TC_DUR_NS 1276834
NEXT 2544622329999
PLACEMENT i=1005
qdisc dualpi2 2: parent 1:10 limit 250p target 15ms tupdate 16ms alpha 0.152344 beta 3.195312 l4s_ect coupling_factor 2 drop_on_overload step_thresh 1ms drop_dequeue split_gso classic_protection 10% 
 Sent 22434705 bytes 14837 pkt (dropped 0, overlimits 0 requeues 0) 
 backlog 6056b 4p requeues 0
prob 0.000000 delay_c 3572us delay_l 0us
pkts_in_c 14829 pkts_in_l 12 maxq 8
ecn_mark 0 step_marks 0
credit -120340 (L)
c_marks 0 l_marks 0
dq_count 14837 eq_count 14841
c_drops 0 l_drops 0

TICK_NS 2544626548624
TC_DUR_NS 1447564
NEXT 2544638329999
PLACEMENT i=1006
qdisc dualpi2 2: parent 1:10 limit 250p target 15ms tupdate 16ms alpha 0.152344 beta 3.195312 l4s_ect coupling_factor 2 drop_on_overload step_thresh 1ms drop_dequeue split_gso classic_protection 10% 
 Sent 22458929 bytes 14853 pkt (dropped 0, overlimits 0 requeues 0) 
 backlog 6056b 4p requeues 0
prob 0.001163 delay_c 3562us delay_l 0us
pkts_in_c 14845 pkts_in_l 12 maxq 8
ecn_mark 0 step_marks 0
credit -120340 (L)
c_marks 0 l_marks 0
dq_count 14853 eq_count 14857
c_drops 0 l_drops 0

TICK_NS 2544642984904
TC_DUR_NS 1720286
NEXT 2544654329999
PLACEMENT i=1007
qdisc dualpi2 2: parent 1:10 limit 250p target 15ms tupdate 16ms alpha 0.152344 beta 3.195312 l4s_ect coupling_factor 2 drop_on_overload step_thresh 1ms drop_dequeue split_gso classic_protection 10% 
 Sent 22483153 bytes 14869 pkt (dropped 0, overlimits 0 requeues 0) 
 backlog 3028b 2p requeues 0
prob 0.000000 delay_c 3810us delay_l 0us
pkts_in_c 14859 pkts_in_l 12 maxq 8
ecn_mark 0 step_marks 0
credit -120340 (L)
c_marks 0 l_marks 0
dq_count 14869 eq_count 14871
c_drops 0 l_drops 0

TICK_NS 2544658545282
TC_DUR_NS 1364999
NEXT 2544670329999
PLACEMENT i=1008
qdisc dualpi2 2: parent 1:10 limit 250p target 15ms tupdate 16ms alpha 0.152344 beta 3.195312 l4s_ect coupling_factor 2 drop_on_overload step_thresh 1ms drop_dequeue split_gso classic_protection 10% 
 Sent 22507377 bytes 14885 pkt (dropped 0, overlimits 0 requeues 0) 
 backlog 7570b 5p requeues 0
prob 0.000000 delay_c 4314us delay_l 0us
pkts_in_c 14878 pkts_in_l 12 maxq 8
ecn_mark 0 step_marks 0
credit -120340 (L)
c_marks 0 l_marks 0
dq_count 14885 eq_count 14890
c_drops 0 l_drops 0

TICK_NS 2544674968988
TC_DUR_NS 1746134
NEXT 2544686329999
PLACEMENT i=1009
qdisc dualpi2 2: parent 1:10 limit 250p target 15ms tupdate 16ms alpha 0.152344 beta 3.195312 l4s_ect coupling_factor 2 drop_on_overload step_thresh 1ms drop_dequeue split_gso classic_protection 10% 
 Sent 22531601 bytes 14901 pkt (dropped 0, overlimits 0 requeues 0) 
 backlog 7570b 5p requeues 0
prob 0.001254 delay_c 4502us delay_l 0us
pkts_in_c 14894 pkts_in_l 12 maxq 8
ecn_mark 0 step_marks 0
credit -120340 (L)
c_marks 0 l_marks 0
dq_count 14901 eq_count 14906
c_drops 0 l_drops 0

TICK_NS 2544690332877
TC_DUR_NS 1285891
NEXT 2544702329999
PLACEMENT i=1010
qdisc dualpi2 2: parent 1:10 limit 250p target 15ms tupdate 16ms alpha 0.152344 beta 3.195312 l4s_ect coupling_factor 2 drop_on_overload step_thresh 1ms drop_dequeue split_gso classic_protection 10% 
 Sent 22554311 bytes 14916 pkt (dropped 0, overlimits 0 requeues 0) 
 backlog 7570b 5p requeues 0
prob 0.000000 delay_c 1812us delay_l 0us
pkts_in_c 14909 pkts_in_l 12 maxq 8
ecn_mark 0 step_marks 0
credit -120340 (L)
c_marks 0 l_marks 0
dq_count 14916 eq_count 14921
c_drops 0 l_drops 0

TICK_NS 2544706326898
TC_DUR_NS 1399705
NEXT 2544718329999
PLACEMENT i=1011
qdisc dualpi2 2: parent 1:10 limit 250p target 15ms tupdate 16ms alpha 0.152344 beta 3.195312 l4s_ect coupling_factor 2 drop_on_overload step_thresh 1ms drop_dequeue split_gso classic_protection 10% 
 Sent 22578535 bytes 14932 pkt (dropped 0, overlimits 0 requeues 0) 
 backlog 4542b 3p requeues 0
prob 0.000000 delay_c 4661us delay_l 0us
pkts_in_c 14923 pkts_in_l 12 maxq 8
ecn_mark 0 step_marks 0
credit -120340 (L)
c_marks 0 l_marks 0
dq_count 14932 eq_count 14935
c_drops 0 l_drops 0

TICK_NS 2544722352989
TC_DUR_NS 1273678
NEXT 2544734329999
PLACEMENT i=1012
qdisc dualpi2 2: parent 1:10 limit 250p target 15ms tupdate 16ms alpha 0.152344 beta 3.195312 l4s_ect coupling_factor 2 drop_on_overload step_thresh 1ms drop_dequeue split_gso classic_protection 10% 
 Sent 22602759 bytes 14948 pkt (dropped 0, overlimits 0 requeues 0) 
 backlog 7570b 5p requeues 0
prob 0.001057 delay_c 4549us delay_l 0us
pkts_in_c 14941 pkts_in_l 12 maxq 8
ecn_mark 0 step_marks 0
credit -120340 (L)
c_marks 0 l_marks 0
dq_count 14948 eq_count 14953
c_drops 0 l_drops 0

TICK_NS 2544738764062
TC_DUR_NS 1521654
NEXT 2544750329999
PLACEMENT i=1013
qdisc dualpi2 2: parent 1:10 limit 250p target 15ms tupdate 16ms alpha 0.152344 beta 3.195312 l4s_ect coupling_factor 2 drop_on_overload step_thresh 1ms drop_dequeue split_gso classic_protection 10% 
 Sent 22626983 bytes 14964 pkt (dropped 0, overlimits 0 requeues 0) 
 backlog 6056b 4p requeues 0
prob 0.000000 delay_c 3651us delay_l 0us
pkts_in_c 14956 pkts_in_l 12 maxq 8
ecn_mark 0 step_marks 0
credit -120340 (L)
c_marks 0 l_marks 0
dq_count 14964 eq_count 14968
c_drops 0 l_drops 0

TICK_NS 2544754470894
TC_DUR_NS 1394865
NEXT 2544766329999
PLACEMENT i=1014
qdisc dualpi2 2: parent 1:10 limit 250p target 15ms tupdate 16ms alpha 0.152344 beta 3.195312 l4s_ect coupling_factor 2 drop_on_overload step_thresh 1ms drop_dequeue split_gso classic_protection 10% 
 Sent 22651207 bytes 14980 pkt (dropped 0, overlimits 0 requeues 0) 
 backlog 6056b 4p requeues 0
prob 0.001165 delay_c 3333us delay_l 0us
pkts_in_c 14972 pkts_in_l 12 maxq 8
ecn_mark 0 step_marks 0
credit -120340 (L)
c_marks 0 l_marks 0
dq_count 14980 eq_count 14984
c_drops 0 l_drops 0

TICK_NS 2544770537050
TC_DUR_NS 1477881
NEXT 2544782329999
PLACEMENT i=1015
qdisc dualpi2 2: parent 1:10 limit 250p target 15ms tupdate 16ms alpha 0.152344 beta 3.195312 l4s_ect coupling_factor 2 drop_on_overload step_thresh 1ms drop_dequeue split_gso classic_protection 10% 
 Sent 22675431 bytes 14996 pkt (dropped 0, overlimits 0 requeues 0) 
 backlog 6056b 4p requeues 0
prob 0.000000 delay_c 3090us delay_l 0us
pkts_in_c 14988 pkts_in_l 12 maxq 8
ecn_mark 0 step_marks 0
credit -120340 (L)
c_marks 0 l_marks 0
dq_count 14996 eq_count 15000
c_drops 0 l_drops 0

TICK_NS 2544786536310
TC_DUR_NS 1637000
NEXT 2544798329999
PLACEMENT i=1016
qdisc dualpi2 2: parent 1:10 limit 250p target 15ms tupdate 16ms alpha 0.152344 beta 3.195312 l4s_ect coupling_factor 2 drop_on_overload step_thresh 1ms drop_dequeue split_gso classic_protection 10% 
 Sent 22698141 bytes 15011 pkt (dropped 0, overlimits 0 requeues 0) 
 backlog 6056b 4p requeues 0
prob 0.000000 delay_c 3992us delay_l 0us
pkts_in_c 15003 pkts_in_l 12 maxq 8
ecn_mark 0 step_marks 0
credit -120340 (L)
c_marks 0 l_marks 0
dq_count 15011 eq_count 15015
c_drops 0 l_drops 0

TICK_NS 2544802314977
TC_DUR_NS 1432607
NEXT 2544814329999
PLACEMENT i=1017
qdisc dualpi2 2: parent 1:10 limit 250p target 15ms tupdate 16ms alpha 0.152344 beta 3.195312 l4s_ect coupling_factor 2 drop_on_overload step_thresh 1ms drop_dequeue split_gso classic_protection 10% 
 Sent 22722365 bytes 15027 pkt (dropped 0, overlimits 0 requeues 0) 
 backlog 6056b 4p requeues 0
prob 0.001204 delay_c 3731us delay_l 0us
pkts_in_c 15019 pkts_in_l 12 maxq 8
ecn_mark 0 step_marks 0
credit -120340 (L)
c_marks 0 l_marks 0
dq_count 15027 eq_count 15031
c_drops 0 l_drops 0

TICK_NS 2544818675415
TC_DUR_NS 1576797
NEXT 2544830329999
PLACEMENT i=1018
qdisc dualpi2 2: parent 1:10 limit 250p target 15ms tupdate 16ms alpha 0.152344 beta 3.195312 l4s_ect coupling_factor 2 drop_on_overload step_thresh 1ms drop_dequeue split_gso classic_protection 10% 
 Sent 22746589 bytes 15043 pkt (dropped 0, overlimits 0 requeues 0) 
 backlog 6056b 4p requeues 0
prob 0.000000 delay_c 3831us delay_l 0us
pkts_in_c 15035 pkts_in_l 12 maxq 8
ecn_mark 0 step_marks 0
credit -120340 (L)
c_marks 0 l_marks 0
dq_count 15043 eq_count 15047
c_drops 0 l_drops 0

TICK_NS 2544834105899
TC_DUR_NS 1391099
NEXT 2544846329999
PLACEMENT i=1019
qdisc dualpi2 2: parent 1:10 limit 250p target 15ms tupdate 16ms alpha 0.152344 beta 3.195312 l4s_ect coupling_factor 2 drop_on_overload step_thresh 1ms drop_dequeue split_gso classic_protection 10% 
 Sent 22770813 bytes 15059 pkt (dropped 0, overlimits 0 requeues 0) 
 backlog 7570b 5p requeues 0
prob 0.000000 delay_c 4311us delay_l 0us
pkts_in_c 15052 pkts_in_l 12 maxq 8
ecn_mark 0 step_marks 0
credit -120340 (L)
c_marks 0 l_marks 0
dq_count 15059 eq_count 15064
c_drops 0 l_drops 0

TICK_NS 2544850960724
TC_DUR_NS 1684930
NEXT 2544862329999
PLACEMENT i=1020
qdisc dualpi2 2: parent 1:10 limit 250p target 15ms tupdate 16ms alpha 0.152344 beta 3.195312 l4s_ect coupling_factor 2 drop_on_overload step_thresh 1ms drop_dequeue split_gso classic_protection 10% 
 Sent 22795037 bytes 15075 pkt (dropped 0, overlimits 0 requeues 0) 
 backlog 7570b 5p requeues 0
prob 0.000000 delay_c 4792us delay_l 0us
pkts_in_c 15068 pkts_in_l 12 maxq 8
ecn_mark 0 step_marks 0
credit -120340 (L)
c_marks 0 l_marks 0
dq_count 15075 eq_count 15080
c_drops 0 l_drops 0

TICK_NS 2544866304445
TC_DUR_NS 1388213
NEXT 2544878329999
PLACEMENT i=1021
qdisc dualpi2 2: parent 1:10 limit 250p target 15ms tupdate 16ms alpha 0.152344 beta 3.195312 l4s_ect coupling_factor 2 drop_on_overload step_thresh 1ms drop_dequeue split_gso classic_protection 10% 
 Sent 22819261 bytes 15091 pkt (dropped 0, overlimits 0 requeues 0) 
 backlog 7570b 5p requeues 0
prob 0.000000 delay_c 4174us delay_l 0us
pkts_in_c 15084 pkts_in_l 12 maxq 8
ecn_mark 0 step_marks 0
credit -120340 (L)
c_marks 0 l_marks 0
dq_count 15091 eq_count 15096
c_drops 0 l_drops 0

TICK_NS 2544882509141
TC_DUR_NS 1391158
NEXT 2544894329999
PLACEMENT i=1022
qdisc dualpi2 2: parent 1:10 limit 250p target 15ms tupdate 16ms alpha 0.152344 beta 3.195312 l4s_ect coupling_factor 2 drop_on_overload step_thresh 1ms drop_dequeue split_gso classic_protection 10% 
 Sent 22843485 bytes 15107 pkt (dropped 0, overlimits 0 requeues 0) 
 backlog 6056b 4p requeues 0
prob 0.000000 delay_c 3125us delay_l 0us
pkts_in_c 15099 pkts_in_l 12 maxq 8
ecn_mark 0 step_marks 0
credit -120340 (L)
c_marks 0 l_marks 0
dq_count 15107 eq_count 15111
c_drops 0 l_drops 0

TICK_NS 2544898352369
TC_DUR_NS 1560396
NEXT 2544910329999
PLACEMENT i=1023
qdisc dualpi2 2: parent 1:10 limit 250p target 15ms tupdate 16ms alpha 0.152344 beta 3.195312 l4s_ect coupling_factor 2 drop_on_overload step_thresh 1ms drop_dequeue split_gso classic_protection 10% 
 Sent 22866195 bytes 15122 pkt (dropped 0, overlimits 0 requeues 0) 
 backlog 7570b 5p requeues 0
prob 0.001136 delay_c 4900us delay_l 0us
pkts_in_c 15115 pkts_in_l 12 maxq 8
ecn_mark 0 step_marks 0
credit -120340 (L)
c_marks 0 l_marks 0
dq_count 15122 eq_count 15127
c_drops 0 l_drops 0

TICK_NS 2544914258665
TC_DUR_NS 1374728
NEXT 2544926329999
PLACEMENT i=1024
qdisc dualpi2 2: parent 1:10 limit 250p target 15ms tupdate 16ms alpha 0.152344 beta 3.195312 l4s_ect coupling_factor 2 drop_on_overload step_thresh 1ms drop_dequeue split_gso classic_protection 10% 
 Sent 22890419 bytes 15138 pkt (dropped 0, overlimits 0 requeues 0) 
 backlog 4542b 3p requeues 0
prob 0.000000 delay_c 4689us delay_l 0us
pkts_in_c 15129 pkts_in_l 12 maxq 8
ecn_mark 0 step_marks 0
credit -120340 (L)
c_marks 0 l_marks 0
dq_count 15138 eq_count 15141
c_drops 0 l_drops 0

TICK_NS 2544930745229
TC_DUR_NS 1553152
NEXT 2544942329999
PLACEMENT i=1025
qdisc dualpi2 2: parent 1:10 limit 250p target 15ms tupdate 16ms alpha 0.152344 beta 3.195312 l4s_ect coupling_factor 2 drop_on_overload step_thresh 1ms drop_dequeue split_gso classic_protection 10% 
 Sent 22914643 bytes 15154 pkt (dropped 0, overlimits 0 requeues 0) 
 backlog 6056b 4p requeues 0
prob 0.000000 delay_c 3871us delay_l 0us
pkts_in_c 15146 pkts_in_l 12 maxq 8
ecn_mark 0 step_marks 0
credit -120340 (L)
c_marks 0 l_marks 0
dq_count 15154 eq_count 15158
c_drops 0 l_drops 0

TICK_NS 2544946659020
TC_DUR_NS 1485716
NEXT 2544958329999
PLACEMENT i=1026
qdisc dualpi2 2: parent 1:10 limit 250p target 15ms tupdate 16ms alpha 0.152344 beta 3.195312 l4s_ect coupling_factor 2 drop_on_overload step_thresh 1ms drop_dequeue split_gso classic_protection 10% 
 Sent 22938867 bytes 15170 pkt (dropped 0, overlimits 0 requeues 0) 
 backlog 6056b 4p requeues 0
prob 0.001215 delay_c 3731us delay_l 0us
pkts_in_c 15162 pkts_in_l 12 maxq 8
ecn_mark 0 step_marks 0
credit -120340 (L)
c_marks 0 l_marks 0
dq_count 15170 eq_count 15174
c_drops 0 l_drops 0

TICK_NS 2544963028424
TC_DUR_NS 1610680
NEXT 2544974329999
PLACEMENT i=1027
qdisc dualpi2 2: parent 1:10 limit 250p target 15ms tupdate 16ms alpha 0.152344 beta 3.195312 l4s_ect coupling_factor 2 drop_on_overload step_thresh 1ms drop_dequeue split_gso classic_protection 10% 
 Sent 22963091 bytes 15186 pkt (dropped 0, overlimits 0 requeues 0) 
 backlog 7570b 5p requeues 0
prob 0.000000 delay_c 1867us delay_l 0us
pkts_in_c 15179 pkts_in_l 12 maxq 8
ecn_mark 0 step_marks 0
credit -120340 (L)
c_marks 0 l_marks 0
dq_count 15186 eq_count 15191
c_drops 0 l_drops 0

TICK_NS 2544978497270
TC_DUR_NS 1393553
NEXT 2544990329999
PLACEMENT i=1028
qdisc dualpi2 2: parent 1:10 limit 250p target 15ms tupdate 16ms alpha 0.152344 beta 3.195312 l4s_ect coupling_factor 2 drop_on_overload step_thresh 1ms drop_dequeue split_gso classic_protection 10% 
 Sent 22987315 bytes 15202 pkt (dropped 0, overlimits 0 requeues 0) 
 backlog 7570b 5p requeues 0
prob 0.000000 delay_c 4328us delay_l 0us
pkts_in_c 15195 pkts_in_l 12 maxq 8
ecn_mark 0 step_marks 0
credit -120340 (L)
c_marks 0 l_marks 0
dq_count 15202 eq_count 15207
c_drops 0 l_drops 0

TICK_NS 2544994191329
TC_DUR_NS 1276583
NEXT 2545006329999
PLACEMENT i=1029
qdisc dualpi2 2: parent 1:10 limit 250p target 15ms tupdate 16ms alpha 0.152344 beta 3.195312 l4s_ect coupling_factor 2 drop_on_overload step_thresh 1ms drop_dequeue split_gso classic_protection 10% 
 Sent 23011539 bytes 15218 pkt (dropped 0, overlimits 0 requeues 0) 
 backlog 7570b 5p requeues 0
prob 0.001040 delay_c 4054us delay_l 0us
pkts_in_c 15211 pkts_in_l 12 maxq 8
ecn_mark 0 step_marks 0
credit -120340 (L)
c_marks 0 l_marks 0
dq_count 15218 eq_count 15223
c_drops 0 l_drops 0

TICK_NS 2545010712828
TC_DUR_NS 1592196
NEXT 2545022329999
PLACEMENT i=1030
qdisc dualpi2 2: parent 1:10 limit 250p target 15ms tupdate 16ms alpha 0.152344 beta 3.195312 l4s_ect coupling_factor 2 drop_on_overload step_thresh 1ms drop_dequeue split_gso classic_protection 10% 
 Sent 23035763 bytes 15234 pkt (dropped 0, overlimits 0 requeues 0) 
 backlog 6056b 4p requeues 0
prob 0.000000 delay_c 3218us delay_l 0us
pkts_in_c 15226 pkts_in_l 12 maxq 8
ecn_mark 0 step_marks 0
credit -120340 (L)
c_marks 0 l_marks 0
dq_count 15234 eq_count 15238
c_drops 0 l_drops 0

TICK_NS 2545026064715
TC_DUR_NS 1431795
NEXT 2545038329999
PLACEMENT i=1031
qdisc dualpi2 2: parent 1:10 limit 250p target 15ms tupdate 16ms alpha 0.152344 beta 3.195312 l4s_ect coupling_factor 2 drop_on_overload step_thresh 1ms drop_dequeue split_gso classic_protection 10% 
 Sent 23058473 bytes 15249 pkt (dropped 0, overlimits 0 requeues 0) 
 backlog 7570b 5p requeues 0
prob 0.001133 delay_c 4424us delay_l 0us
pkts_in_c 15242 pkts_in_l 12 maxq 8
ecn_mark 0 step_marks 0
credit -120340 (L)
c_marks 0 l_marks 0
dq_count 15249 eq_count 15254
c_drops 0 l_drops 0

TICK_NS 2545042485446
TC_DUR_NS 1429350
NEXT 2545054329999
PLACEMENT i=1032
qdisc dualpi2 2: parent 1:10 limit 250p target 15ms tupdate 16ms alpha 0.152344 beta 3.195312 l4s_ect coupling_factor 2 drop_on_overload step_thresh 1ms drop_dequeue split_gso classic_protection 10% 
 Sent 23082697 bytes 15265 pkt (dropped 0, overlimits 0 requeues 0) 
 backlog 7570b 5p requeues 0
prob 0.000000 delay_c 4742us delay_l 0us
pkts_in_c 15258 pkts_in_l 12 maxq 8
ecn_mark 0 step_marks 0
credit -120340 (L)
c_marks 0 l_marks 0
dq_count 15265 eq_count 15270
c_drops 0 l_drops 0

TICK_NS 2545058574865
TC_DUR_NS 1305789
NEXT 2545070329999
PLACEMENT i=1033
qdisc dualpi2 2: parent 1:10 limit 250p target 15ms tupdate 16ms alpha 0.152344 beta 3.195312 l4s_ect coupling_factor 2 drop_on_overload step_thresh 1ms drop_dequeue split_gso classic_protection 10% 
 Sent 23106921 bytes 15281 pkt (dropped 0, overlimits 0 requeues 0) 
 backlog 6056b 4p requeues 0
prob 0.000000 delay_c 3695us delay_l 0us
pkts_in_c 15273 pkts_in_l 12 maxq 8
ecn_mark 0 step_marks 0
credit -120340 (L)
c_marks 0 l_marks 0
dq_count 15281 eq_count 15285
c_drops 0 l_drops 0

TICK_NS 2545074316182
TC_DUR_NS 1396459
NEXT 2545086329999
PLACEMENT i=1034
qdisc dualpi2 2: parent 1:10 limit 250p target 15ms tupdate 16ms alpha 0.152344 beta 3.195312 l4s_ect coupling_factor 2 drop_on_overload step_thresh 1ms drop_dequeue split_gso classic_protection 10% 
 Sent 23131145 bytes 15297 pkt (dropped 0, overlimits 0 requeues 0) 
 backlog 6056b 4p requeues 0
prob 0.001199 delay_c 3196us delay_l 0us
pkts_in_c 15289 pkts_in_l 12 maxq 8
ecn_mark 0 step_marks 0
credit -120340 (L)
c_marks 0 l_marks 0
dq_count 15297 eq_count 15301
c_drops 0 l_drops 0

TICK_NS 2545091047365
TC_DUR_NS 1622201
NEXT 2545102329999
PLACEMENT i=1035
qdisc dualpi2 2: parent 1:10 limit 250p target 15ms tupdate 16ms alpha 0.152344 beta 3.195312 l4s_ect coupling_factor 2 drop_on_overload step_thresh 1ms drop_dequeue split_gso classic_protection 10% 
 Sent 23155369 bytes 15313 pkt (dropped 0, overlimits 0 requeues 0) 
 backlog 6056b 4p requeues 0
prob 0.000000 delay_c 3727us delay_l 0us
pkts_in_c 15305 pkts_in_l 12 maxq 8
ecn_mark 0 step_marks 0
credit -120340 (L)
c_marks 0 l_marks 0
dq_count 15313 eq_count 15317
c_drops 0 l_drops 0

TICK_NS 2545106364086
TC_DUR_NS 1347517
NEXT 2545118329999
PLACEMENT i=1036
qdisc dualpi2 2: parent 1:10 limit 250p target 15ms tupdate 16ms alpha 0.152344 beta 3.195312 l4s_ect coupling_factor 2 drop_on_overload step_thresh 1ms drop_dequeue split_gso classic_protection 10% 
 Sent 23179593 bytes 15329 pkt (dropped 0, overlimits 0 requeues 0) 
 backlog 4542b 3p requeues 0
prob 0.000000 delay_c 4029us delay_l 0us
pkts_in_c 15320 pkts_in_l 12 maxq 8
ecn_mark 0 step_marks 0
credit -120340 (L)
c_marks 0 l_marks 0
dq_count 15329 eq_count 15332
c_drops 0 l_drops 0

TICK_NS 2545122281253
TC_DUR_NS 1268308
NEXT 2545134329999
PLACEMENT i=1037
qdisc dualpi2 2: parent 1:10 limit 250p target 15ms tupdate 16ms alpha 0.152344 beta 3.195312 l4s_ect coupling_factor 2 drop_on_overload step_thresh 1ms drop_dequeue split_gso classic_protection 10% 
 Sent 23202303 bytes 15344 pkt (dropped 0, overlimits 0 requeues 0) 
 backlog 6056b 4p requeues 0
prob 0.000000 delay_c 3796us delay_l 0us
pkts_in_c 15336 pkts_in_l 12 maxq 8
ecn_mark 0 step_marks 0
credit -120340 (L)
c_marks 0 l_marks 0
dq_count 15344 eq_count 15348
c_drops 0 l_drops 0

TICK_NS 2545138314817
TC_DUR_NS 1374808
NEXT 2545150329999
PLACEMENT i=1038
qdisc dualpi2 2: parent 1:10 limit 250p target 15ms tupdate 16ms alpha 0.152344 beta 3.195312 l4s_ect coupling_factor 2 drop_on_overload step_thresh 1ms drop_dequeue split_gso classic_protection 10% 
 Sent 23226527 bytes 15360 pkt (dropped 0, overlimits 0 requeues 0) 
 backlog 6056b 4p requeues 0
prob 0.000000 delay_c 3627us delay_l 0us
pkts_in_c 15352 pkts_in_l 12 maxq 8
ecn_mark 0 step_marks 0
credit -120340 (L)
c_marks 0 l_marks 0
dq_count 15360 eq_count 15364
c_drops 0 l_drops 0

TICK_NS 2545154273412
TC_DUR_NS 1240236
NEXT 2545166329999
PLACEMENT i=1039
qdisc dualpi2 2: parent 1:10 limit 250p target 15ms tupdate 16ms alpha 0.152344 beta 3.195312 l4s_ect coupling_factor 2 drop_on_overload step_thresh 1ms drop_dequeue split_gso classic_protection 10% 
 Sent 23250751 bytes 15376 pkt (dropped 0, overlimits 0 requeues 0) 
 backlog 7570b 5p requeues 0
prob 0.004470 delay_c 4492us delay_l 0us
pkts_in_c 15369 pkts_in_l 12 maxq 8
ecn_mark 0 step_marks 0
credit -120340 (L)
c_marks 0 l_marks 0
dq_count 15376 eq_count 15381
c_drops 0 l_drops 0

TICK_NS 2545170457799
TC_DUR_NS 1520040
NEXT 2545182329999
PLACEMENT i=1040
qdisc dualpi2 2: parent 1:10 limit 250p target 15ms tupdate 16ms alpha 0.152344 beta 3.195312 l4s_ect coupling_factor 2 drop_on_overload step_thresh 1ms drop_dequeue split_gso classic_protection 10% 
 Sent 23274975 bytes 15392 pkt (dropped 0, overlimits 0 requeues 0) 
 backlog 7570b 5p requeues 0
prob 0.000000 delay_c 4397us delay_l 0us
pkts_in_c 15385 pkts_in_l 12 maxq 8
ecn_mark 0 step_marks 0
credit -120340 (L)
c_marks 0 l_marks 0
dq_count 15392 eq_count 15397
c_drops 0 l_drops 0

TICK_NS 2545186158270
TC_DUR_NS 1418310
NEXT 2545198329999
PLACEMENT i=1041
qdisc dualpi2 2: parent 1:10 limit 250p target 15ms tupdate 16ms alpha 0.152344 beta 3.195312 l4s_ect coupling_factor 2 drop_on_overload step_thresh 1ms drop_dequeue split_gso classic_protection 10% 
 Sent 23297685 bytes 15407 pkt (dropped 0, overlimits 0 requeues 0) 
 backlog 6056b 4p requeues 0
prob 0.000000 delay_c 4012us delay_l 0us
pkts_in_c 15399 pkts_in_l 12 maxq 8
ecn_mark 0 step_marks 0
credit -120340 (L)
c_marks 0 l_marks 0
dq_count 15407 eq_count 15411
c_drops 0 l_drops 0

TICK_NS 2545202225197
TC_DUR_NS 1456942
NEXT 2545214329999
PLACEMENT i=1042
qdisc dualpi2 2: parent 1:10 limit 250p target 15ms tupdate 16ms alpha 0.152344 beta 3.195312 l4s_ect coupling_factor 2 drop_on_overload step_thresh 1ms drop_dequeue split_gso classic_protection 10% 
 Sent 23321909 bytes 15423 pkt (dropped 0, overlimits 0 requeues 0) 
 backlog 7570b 5p requeues 0
prob 0.000000 delay_c 4923us delay_l 0us
pkts_in_c 15416 pkts_in_l 12 maxq 8
ecn_mark 0 step_marks 0
credit -120340 (L)
c_marks 0 l_marks 0
dq_count 15423 eq_count 15428
c_drops 0 l_drops 0

TICK_NS 2545218261998
TC_DUR_NS 1245255
NEXT 2545230329999
PLACEMENT i=1043
qdisc dualpi2 2: parent 1:10 limit 250p target 15ms tupdate 16ms alpha 0.152344 beta 3.195312 l4s_ect coupling_factor 2 drop_on_overload step_thresh 1ms drop_dequeue split_gso classic_protection 10% 
 Sent 23346133 bytes 15439 pkt (dropped 0, overlimits 0 requeues 0) 
 backlog 7570b 5p requeues 0
prob 0.001195 delay_c 4918us delay_l 0us
pkts_in_c 15432 pkts_in_l 12 maxq 8
ecn_mark 0 step_marks 0
credit -120340 (L)
c_marks 0 l_marks 0
dq_count 15439 eq_count 15444
c_drops 0 l_drops 0

TICK_NS 2545234174486
TC_DUR_NS 1413601
NEXT 2545246329999
PLACEMENT i=1044
qdisc dualpi2 2: parent 1:10 limit 250p target 15ms tupdate 16ms alpha 0.152344 beta 3.195312 l4s_ect coupling_factor 2 drop_on_overload step_thresh 1ms drop_dequeue split_gso classic_protection 10% 
 Sent 23370357 bytes 15455 pkt (dropped 0, overlimits 0 requeues 0) 
 backlog 6056b 4p requeues 0
prob 0.000000 delay_c 4619us delay_l 0us
pkts_in_c 15447 pkts_in_l 12 maxq 8
ecn_mark 0 step_marks 0
credit -120340 (L)
c_marks 0 l_marks 0
dq_count 15455 eq_count 15459
c_drops 0 l_drops 0

TICK_NS 2545250485972
TC_DUR_NS 1468003
NEXT 2545262329999
PLACEMENT i=1045
qdisc dualpi2 2: parent 1:10 limit 250p target 15ms tupdate 16ms alpha 0.152344 beta 3.195312 l4s_ect coupling_factor 2 drop_on_overload step_thresh 1ms drop_dequeue split_gso classic_protection 10% 
 Sent 23394581 bytes 15471 pkt (dropped 0, overlimits 0 requeues 0) 
 backlog 6056b 4p requeues 0
prob 0.000000 delay_c 3746us delay_l 0us
pkts_in_c 15463 pkts_in_l 12 maxq 8
ecn_mark 0 step_marks 0
credit -120340 (L)
c_marks 0 l_marks 0
dq_count 15471 eq_count 15475
c_drops 0 l_drops 0

TICK_NS 2545266441530
TC_DUR_NS 1618034
NEXT 2545278329999
PLACEMENT i=1046
qdisc dualpi2 2: parent 1:10 limit 250p target 15ms tupdate 16ms alpha 0.152344 beta 3.195312 l4s_ect coupling_factor 2 drop_on_overload step_thresh 1ms drop_dequeue split_gso classic_protection 10% 
 Sent 23418805 bytes 15487 pkt (dropped 0, overlimits 0 requeues 0) 
 backlog 6056b 4p requeues 0
prob 0.007747 delay_c 3491us delay_l 0us
pkts_in_c 15479 pkts_in_l 12 maxq 8
ecn_mark 0 step_marks 0
credit -120340 (L)
c_marks 0 l_marks 0
dq_count 15487 eq_count 15491
c_drops 0 l_drops 0

TICK_NS 2545282803291
TC_DUR_NS 1493871
NEXT 2545294329999
PLACEMENT i=1047
qdisc dualpi2 2: parent 1:10 limit 250p target 15ms tupdate 16ms alpha 0.152344 beta 3.195312 l4s_ect coupling_factor 2 drop_on_overload step_thresh 1ms drop_dequeue split_gso classic_protection 10% 
 Sent 23443029 bytes 15503 pkt (dropped 0, overlimits 0 requeues 0) 
 backlog 7570b 5p requeues 0
prob 0.005777 delay_c 3796us delay_l 0us
pkts_in_c 15496 pkts_in_l 12 maxq 8
ecn_mark 0 step_marks 0
credit -120340 (L)
c_marks 0 l_marks 0
dq_count 15503 eq_count 15508
c_drops 0 l_drops 0

TICK_NS 2545298483192
TC_DUR_NS 1450329
NEXT 2545310329999
PLACEMENT i=1048
qdisc dualpi2 2: parent 1:10 limit 250p target 15ms tupdate 16ms alpha 0.152344 beta 3.195312 l4s_ect coupling_factor 2 drop_on_overload step_thresh 1ms drop_dequeue split_gso classic_protection 10% 
 Sent 23467253 bytes 15519 pkt (dropped 0, overlimits 0 requeues 0) 
 backlog 7570b 5p requeues 0
prob 0.000426 delay_c 4206us delay_l 0us
pkts_in_c 15512 pkts_in_l 12 maxq 8
ecn_mark 0 step_marks 0
credit -120340 (L)
c_marks 0 l_marks 0
dq_count 15519 eq_count 15524
c_drops 0 l_drops 0

TICK_NS 2545314586879
TC_DUR_NS 1654152
NEXT 2545326329999
PLACEMENT i=1049
qdisc dualpi2 2: parent 1:10 limit 250p target 15ms tupdate 16ms alpha 0.152344 beta 3.195312 l4s_ect coupling_factor 2 drop_on_overload step_thresh 1ms drop_dequeue split_gso classic_protection 10% 
 Sent 23491477 bytes 15535 pkt (dropped 0, overlimits 0 requeues 0) 
 backlog 7570b 5p requeues 0
prob 0.000000 delay_c 4186us delay_l 0us
pkts_in_c 15528 pkts_in_l 12 maxq 8
ecn_mark 0 step_marks 0
credit -120340 (L)
c_marks 0 l_marks 0
dq_count 15535 eq_count 15540
c_drops 0 l_drops 0

TICK_NS 2545330723968
TC_DUR_NS 1641098
NEXT 2545342329999
PLACEMENT i=1050
qdisc dualpi2 2: parent 1:10 limit 250p target 15ms tupdate 16ms alpha 0.152344 beta 3.195312 l4s_ect coupling_factor 2 drop_on_overload step_thresh 1ms drop_dequeue split_gso classic_protection 10% 
 Sent 23515701 bytes 15551 pkt (dropped 0, overlimits 0 requeues 0) 
 backlog 6056b 4p requeues 0
prob 0.000000 delay_c 3176us delay_l 0us
pkts_in_c 15543 pkts_in_l 12 maxq 8
ecn_mark 0 step_marks 0
credit -120340 (L)
c_marks 0 l_marks 0
dq_count 15551 eq_count 15555
c_drops 0 l_drops 0

TICK_NS 2545346226647
TC_DUR_NS 1641989
NEXT 2545358329999
PLACEMENT i=1051
qdisc dualpi2 2: parent 1:10 limit 250p target 15ms tupdate 16ms alpha 0.152344 beta 3.195312 l4s_ect coupling_factor 2 drop_on_overload step_thresh 1ms drop_dequeue split_gso classic_protection 10% 
 Sent 23538411 bytes 15566 pkt (dropped 0, overlimits 0 requeues 0) 
 backlog 7570b 5p requeues 0
prob 0.001175 delay_c 4602us delay_l 0us
pkts_in_c 15559 pkts_in_l 12 maxq 8
ecn_mark 0 step_marks 0
credit -120340 (L)
c_marks 0 l_marks 0
dq_count 15566 eq_count 15571
c_drops 0 l_drops 0

TICK_NS 2545362618935
TC_DUR_NS 1514450
NEXT 2545374329999
PLACEMENT i=1052
qdisc dualpi2 2: parent 1:10 limit 250p target 15ms tupdate 16ms alpha 0.152344 beta 3.195312 l4s_ect coupling_factor 2 drop_on_overload step_thresh 1ms drop_dequeue split_gso classic_protection 10% 
 Sent 23562635 bytes 15582 pkt (dropped 0, overlimits 0 requeues 0) 
 backlog 7570b 5p requeues 0
prob 0.000000 delay_c 4857us delay_l 0us
pkts_in_c 15575 pkts_in_l 12 maxq 8
ecn_mark 0 step_marks 0
credit -120340 (L)
c_marks 0 l_marks 0
dq_count 15582 eq_count 15587
c_drops 0 l_drops 0

TICK_NS 2545378515202
TC_DUR_NS 1396418
NEXT 2545390329999
PLACEMENT i=1053
qdisc dualpi2 2: parent 1:10 limit 250p target 15ms tupdate 16ms alpha 0.152344 beta 3.195312 l4s_ect coupling_factor 2 drop_on_overload step_thresh 1ms drop_dequeue split_gso classic_protection 10% 
 Sent 23586859 bytes 15598 pkt (dropped 0, overlimits 0 requeues 0) 
 backlog 6056b 4p requeues 0
prob 0.000000 delay_c 3598us delay_l 0us
pkts_in_c 15590 pkts_in_l 12 maxq 8
ecn_mark 0 step_marks 0
credit -120340 (L)
c_marks 0 l_marks 0
dq_count 15598 eq_count 15602
c_drops 0 l_drops 0

TICK_NS 2545394648674
TC_DUR_NS 1691963
NEXT 2545406329999
PLACEMENT i=1054
qdisc dualpi2 2: parent 1:10 limit 250p target 15ms tupdate 16ms alpha 0.152344 beta 3.195312 l4s_ect coupling_factor 2 drop_on_overload step_thresh 1ms drop_dequeue split_gso classic_protection 10% 
 Sent 23611083 bytes 15614 pkt (dropped 0, overlimits 0 requeues 0) 
 backlog 6056b 4p requeues 0
prob 0.001241 delay_c 3471us delay_l 0us
pkts_in_c 15606 pkts_in_l 12 maxq 8
ecn_mark 0 step_marks 0
credit -120340 (L)
c_marks 0 l_marks 0
dq_count 15614 eq_count 15618
c_drops 0 l_drops 0

TICK_NS 2545410581180
TC_DUR_NS 1423500
NEXT 2545422329999
PLACEMENT i=1055
qdisc dualpi2 2: parent 1:10 limit 250p target 15ms tupdate 16ms alpha 0.152344 beta 3.195312 l4s_ect coupling_factor 2 drop_on_overload step_thresh 1ms drop_dequeue split_gso classic_protection 10% 
 Sent 23635307 bytes 15630 pkt (dropped 0, overlimits 0 requeues 0) 
 backlog 6056b 4p requeues 0
prob 0.000000 delay_c 3388us delay_l 0us
pkts_in_c 15622 pkts_in_l 12 maxq 8
ecn_mark 0 step_marks 0
credit -120340 (L)
c_marks 0 l_marks 0
dq_count 15630 eq_count 15634
c_drops 0 l_drops 0

TICK_NS 2545426665109
TC_DUR_NS 1663640
NEXT 2545438329999
PLACEMENT i=1056
qdisc dualpi2 2: parent 1:10 limit 250p target 15ms tupdate 16ms alpha 0.152344 beta 3.195312 l4s_ect coupling_factor 2 drop_on_overload step_thresh 1ms drop_dequeue split_gso classic_protection 10% 
 Sent 23659531 bytes 15646 pkt (dropped 0, overlimits 0 requeues 0) 
 backlog 7570b 5p requeues 0
prob 0.000000 delay_c 4229us delay_l 0us
pkts_in_c 15639 pkts_in_l 12 maxq 8
ecn_mark 0 step_marks 0
credit -120340 (L)
c_marks 0 l_marks 0
dq_count 15646 eq_count 15651
c_drops 0 l_drops 0

TICK_NS 2545443082574
TC_DUR_NS 1828870
NEXT 2545454329999
PLACEMENT i=1057
qdisc dualpi2 2: parent 1:10 limit 250p target 15ms tupdate 16ms alpha 0.152344 beta 3.195312 l4s_ect coupling_factor 2 drop_on_overload step_thresh 1ms drop_dequeue split_gso classic_protection 10% 
 Sent 23683755 bytes 15662 pkt (dropped 0, overlimits 0 requeues 0) 
 backlog 7570b 5p requeues 0
prob 0.000000 delay_c 4510us delay_l 0us
pkts_in_c 15655 pkts_in_l 12 maxq 8
ecn_mark 0 step_marks 0
credit -120340 (L)
c_marks 0 l_marks 0
dq_count 15662 eq_count 15667
c_drops 0 l_drops 0

TICK_NS 2545458158212
TC_DUR_NS 1295038
NEXT 2545470329999
PLACEMENT i=1058
qdisc dualpi2 2: parent 1:10 limit 250p target 15ms tupdate 16ms alpha 0.152344 beta 3.195312 l4s_ect coupling_factor 2 drop_on_overload step_thresh 1ms drop_dequeue split_gso classic_protection 10% 
 Sent 23706465 bytes 15677 pkt (dropped 0, overlimits 0 requeues 0) 
 backlog 6056b 4p requeues 0
prob 0.000000 delay_c 3592us delay_l 0us
pkts_in_c 15669 pkts_in_l 12 maxq 8
ecn_mark 0 step_marks 0
credit -120340 (L)
c_marks 0 l_marks 0
dq_count 15677 eq_count 15681
c_drops 0 l_drops 0

TICK_NS 2545474763369
TC_DUR_NS 1536030
NEXT 2545486329999
PLACEMENT i=1059
qdisc dualpi2 2: parent 1:10 limit 250p target 15ms tupdate 16ms alpha 0.152344 beta 3.195312 l4s_ect coupling_factor 2 drop_on_overload step_thresh 1ms drop_dequeue split_gso classic_protection 10% 
 Sent 23730689 bytes 15693 pkt (dropped 0, overlimits 0 requeues 0) 
 backlog 7570b 5p requeues 0
prob 0.000000 delay_c 4878us delay_l 0us
pkts_in_c 15686 pkts_in_l 12 maxq 8
ecn_mark 0 step_marks 0
credit -120340 (L)
c_marks 0 l_marks 0
dq_count 15693 eq_count 15698
c_drops 0 l_drops 0

TICK_NS 2545490519163
TC_DUR_NS 1475387
NEXT 2545502329999
PLACEMENT i=1060
qdisc dualpi2 2: parent 1:10 limit 250p target 15ms tupdate 16ms alpha 0.152344 beta 3.195312 l4s_ect coupling_factor 2 drop_on_overload step_thresh 1ms drop_dequeue split_gso classic_protection 10% 
 Sent 23754913 bytes 15709 pkt (dropped 0, overlimits 0 requeues 0) 
 backlog 7570b 5p requeues 0
prob 0.001132 delay_c 4542us delay_l 0us
pkts_in_c 15702 pkts_in_l 12 maxq 8
ecn_mark 0 step_marks 0
credit -120340 (L)
c_marks 0 l_marks 0
dq_count 15709 eq_count 15714
c_drops 0 l_drops 0

TICK_NS 2545506321134
TC_DUR_NS 1520211
NEXT 2545518329999
PLACEMENT i=1061
qdisc dualpi2 2: parent 1:10 limit 250p target 15ms tupdate 16ms alpha 0.152344 beta 3.195312 l4s_ect coupling_factor 2 drop_on_overload step_thresh 1ms drop_dequeue split_gso classic_protection 10% 
 Sent 23779137 bytes 15725 pkt (dropped 0, overlimits 0 requeues 0) 
 backlog 6056b 4p requeues 0
prob 0.000000 delay_c 4257us delay_l 0us
pkts_in_c 15717 pkts_in_l 12 maxq 8
ecn_mark 0 step_marks 0
credit -120340 (L)
c_marks 0 l_marks 0
dq_count 15725 eq_count 15729
c_drops 0 l_drops 0

TICK_NS 2545522107194
TC_DUR_NS 1400546
NEXT 2545534329999
PLACEMENT i=1062
qdisc dualpi2 2: parent 1:10 limit 250p target 15ms tupdate 16ms alpha 0.152344 beta 3.195312 l4s_ect coupling_factor 2 drop_on_overload step_thresh 1ms drop_dequeue split_gso classic_protection 10% 
 Sent 23801847 bytes 15740 pkt (dropped 0, overlimits 0 requeues 0) 
 backlog 7570b 5p requeues 0
prob 0.000000 delay_c 4907us delay_l 0us
pkts_in_c 15733 pkts_in_l 12 maxq 8
ecn_mark 0 step_marks 0
credit -120340 (L)
c_marks 0 l_marks 0
dq_count 15740 eq_count 15745
c_drops 0 l_drops 0

TICK_NS 2545538452965
TC_DUR_NS 1521432
NEXT 2545550329999
PLACEMENT i=1063
qdisc dualpi2 2: parent 1:10 limit 250p target 15ms tupdate 16ms alpha 0.152344 beta 3.195312 l4s_ect coupling_factor 2 drop_on_overload step_thresh 1ms drop_dequeue split_gso classic_protection 10% 
 Sent 23827585 bytes 15757 pkt (dropped 0, overlimits 0 requeues 0) 
 backlog 6056b 4p requeues 0
prob 0.007683 delay_c 3138us delay_l 0us
pkts_in_c 15749 pkts_in_l 12 maxq 8
ecn_mark 0 step_marks 0
credit -120340 (L)
c_marks 0 l_marks 0
dq_count 15757 eq_count 15761
c_drops 0 l_drops 0

TICK_NS 2545554098281
TC_DUR_NS 1385348
NEXT 2545566329999
PLACEMENT i=1064
qdisc dualpi2 2: parent 1:10 limit 250p target 15ms tupdate 16ms alpha 0.152344 beta 3.195312 l4s_ect coupling_factor 2 drop_on_overload step_thresh 1ms drop_dequeue split_gso classic_protection 10% 
 Sent 23850295 bytes 15772 pkt (dropped 0, overlimits 0 requeues 0) 
 backlog 6056b 4p requeues 0
prob 0.005685 delay_c 2544us delay_l 0us
pkts_in_c 15764 pkts_in_l 12 maxq 8
ecn_mark 0 step_marks 0
credit -120340 (L)
c_marks 0 l_marks 0
dq_count 15772 eq_count 15776
c_drops 0 l_drops 0

TICK_NS 2545570339816
TC_DUR_NS 1393373
NEXT 2545582329999
PLACEMENT i=1065
qdisc dualpi2 2: parent 1:10 limit 250p target 15ms tupdate 16ms alpha 0.152344 beta 3.195312 l4s_ect coupling_factor 2 drop_on_overload step_thresh 1ms drop_dequeue split_gso classic_protection 10% 
 Sent 23874519 bytes 15788 pkt (dropped 0, overlimits 0 requeues 0) 
 backlog 6056b 4p requeues 0
prob 0.000261 delay_c 3644us delay_l 0us
pkts_in_c 15780 pkts_in_l 12 maxq 8
ecn_mark 0 step_marks 0
credit -120340 (L)
c_marks 0 l_marks 0
dq_count 15788 eq_count 15792
c_drops 0 l_drops 0

TICK_NS 2545586520347
TC_DUR_NS 1470067
NEXT 2545598329999
PLACEMENT i=1066
qdisc dualpi2 2: parent 1:10 limit 250p target 15ms tupdate 16ms alpha 0.152344 beta 3.195312 l4s_ect coupling_factor 2 drop_on_overload step_thresh 1ms drop_dequeue split_gso classic_protection 10% 
 Sent 23898743 bytes 15804 pkt (dropped 0, overlimits 0 requeues 0) 
 backlog 6056b 4p requeues 0
prob 0.000000 delay_c 3695us delay_l 0us
pkts_in_c 15796 pkts_in_l 12 maxq 8
ecn_mark 0 step_marks 0
credit -120340 (L)
c_marks 0 l_marks 0
dq_count 15804 eq_count 15808
c_drops 0 l_drops 0

TICK_NS 2545602483480
TC_DUR_NS 1317992
NEXT 2545614329999
PLACEMENT i=1067
qdisc dualpi2 2: parent 1:10 limit 250p target 15ms tupdate 16ms alpha 0.152344 beta 3.195312 l4s_ect coupling_factor 2 drop_on_overload step_thresh 1ms drop_dequeue split_gso classic_protection 10% 
 Sent 23922967 bytes 15820 pkt (dropped 0, overlimits 0 requeues 0) 
 backlog 7570b 5p requeues 0
prob 0.000000 delay_c 4571us delay_l 0us
pkts_in_c 15813 pkts_in_l 12 maxq 8
ecn_mark 0 step_marks 0
credit -120340 (L)
c_marks 0 l_marks 0
dq_count 15820 eq_count 15825
c_drops 0 l_drops 0

TICK_NS 2545618593538
TC_DUR_NS 1395938
NEXT 2545630329999
PLACEMENT i=1068
qdisc dualpi2 2: parent 1:10 limit 250p target 15ms tupdate 16ms alpha 0.152344 beta 3.195312 l4s_ect coupling_factor 2 drop_on_overload step_thresh 1ms drop_dequeue split_gso classic_protection 10% 
 Sent 23947191 bytes 15836 pkt (dropped 0, overlimits 0 requeues 0) 
 backlog 7570b 5p requeues 0
prob 0.001159 delay_c 4539us delay_l 0us
pkts_in_c 15829 pkts_in_l 12 maxq 8
ecn_mark 0 step_marks 0
credit -120340 (L)
c_marks 0 l_marks 0
dq_count 15836 eq_count 15841
c_drops 0 l_drops 0

TICK_NS 2545635083999
TC_DUR_NS 1774468
NEXT 2545646329999
PLACEMENT i=1069
qdisc dualpi2 2: parent 1:10 limit 250p target 15ms tupdate 16ms alpha 0.152344 beta 3.195312 l4s_ect coupling_factor 2 drop_on_overload step_thresh 1ms drop_dequeue split_gso classic_protection 10% 
 Sent 23971415 bytes 15852 pkt (dropped 0, overlimits 0 requeues 0) 
 backlog 7570b 5p requeues 0
prob 0.000000 delay_c 4631us delay_l 0us
pkts_in_c 15845 pkts_in_l 12 maxq 8
ecn_mark 0 step_marks 0
credit -120340 (L)
c_marks 0 l_marks 0
dq_count 15852 eq_count 15857
c_drops 0 l_drops 0

TICK_NS 2545650718105
TC_DUR_NS 1558743
NEXT 2545662329999
PLACEMENT i=1070
qdisc dualpi2 2: parent 1:10 limit 250p target 15ms tupdate 16ms alpha 0.152344 beta 3.195312 l4s_ect coupling_factor 2 drop_on_overload step_thresh 1ms drop_dequeue split_gso classic_protection 10% 
 Sent 23995639 bytes 15868 pkt (dropped 0, overlimits 0 requeues 0) 
 backlog 6056b 4p requeues 0
prob 0.000000 delay_c 3281us delay_l 0us
pkts_in_c 15860 pkts_in_l 12 maxq 8
ecn_mark 0 step_marks 0
credit -120340 (L)
c_marks 0 l_marks 0
dq_count 15868 eq_count 15872
c_drops 0 l_drops 0

TICK_NS 2545666132780
TC_DUR_NS 1391549
NEXT 2545678329999
PLACEMENT i=1071
qdisc dualpi2 2: parent 1:10 limit 250p target 15ms tupdate 16ms alpha 0.152344 beta 3.195312 l4s_ect coupling_factor 2 drop_on_overload step_thresh 1ms drop_dequeue split_gso classic_protection 10% 
 Sent 24018349 bytes 15883 pkt (dropped 0, overlimits 0 requeues 0) 
 backlog 7570b 5p requeues 0
prob 0.001214 delay_c 4561us delay_l 0us
pkts_in_c 15876 pkts_in_l 12 maxq 8
ecn_mark 0 step_marks 0
credit -120340 (L)
c_marks 0 l_marks 0
dq_count 15883 eq_count 15888
c_drops 0 l_drops 0

TICK_NS 2545682300426
TC_DUR_NS 1395427
NEXT 2545694329999
PLACEMENT i=1072
qdisc dualpi2 2: parent 1:10 limit 250p target 15ms tupdate 16ms alpha 0.152344 beta 3.195312 l4s_ect coupling_factor 2 drop_on_overload step_thresh 1ms drop_dequeue split_gso classic_protection 10% 
 Sent 24042573 bytes 15899 pkt (dropped 0, overlimits 0 requeues 0) 
 backlog 7570b 5p requeues 0
prob 0.000000 delay_c 4535us delay_l 0us
pkts_in_c 15892 pkts_in_l 12 maxq 8
ecn_mark 0 step_marks 0
credit -120340 (L)
c_marks 0 l_marks 0
dq_count 15899 eq_count 15904
c_drops 0 l_drops 0

TICK_NS 2545698269720
TC_DUR_NS 1274229
NEXT 2545710329999
PLACEMENT i=1073
qdisc dualpi2 2: parent 1:10 limit 250p target 15ms tupdate 16ms alpha 0.152344 beta 3.195312 l4s_ect coupling_factor 2 drop_on_overload step_thresh 1ms drop_dequeue split_gso classic_protection 10% 
 Sent 24066797 bytes 15915 pkt (dropped 0, overlimits 0 requeues 0) 
 backlog 6056b 4p requeues 0
prob 0.000000 delay_c 3413us delay_l 0us
pkts_in_c 15907 pkts_in_l 12 maxq 8
ecn_mark 0 step_marks 0
credit -120340 (L)
c_marks 0 l_marks 0
dq_count 15915 eq_count 15919
c_drops 0 l_drops 0

TICK_NS 2545714608718
TC_DUR_NS 1339381
NEXT 2545726329999
PLACEMENT i=1074
qdisc dualpi2 2: parent 1:10 limit 250p target 15ms tupdate 16ms alpha 0.152344 beta 3.195312 l4s_ect coupling_factor 2 drop_on_overload step_thresh 1ms drop_dequeue split_gso classic_protection 10% 
 Sent 24091021 bytes 15931 pkt (dropped 0, overlimits 0 requeues 0) 
 backlog 6056b 4p requeues 0
prob 0.000000 delay_c 3642us delay_l 0us
pkts_in_c 15923 pkts_in_l 12 maxq 8
ecn_mark 0 step_marks 0
credit -120340 (L)
c_marks 0 l_marks 0
dq_count 15931 eq_count 15935
c_drops 0 l_drops 0

TICK_NS 2545730661980
TC_DUR_NS 1430773
NEXT 2545742329999
PLACEMENT i=1075
qdisc dualpi2 2: parent 1:10 limit 250p target 15ms tupdate 16ms alpha 0.152344 beta 3.195312 l4s_ect coupling_factor 2 drop_on_overload step_thresh 1ms drop_dequeue split_gso classic_protection 10% 
 Sent 24115245 bytes 15947 pkt (dropped 0, overlimits 0 requeues 0) 
 backlog 6056b 4p requeues 0
prob 0.000000 delay_c 3541us delay_l 0us
pkts_in_c 15939 pkts_in_l 12 maxq 8
ecn_mark 0 step_marks 0
credit -120340 (L)
c_marks 0 l_marks 0
dq_count 15947 eq_count 15951
c_drops 0 l_drops 0

TICK_NS 2545746665308
TC_DUR_NS 1392952
NEXT 2545758329999
PLACEMENT i=1076
qdisc dualpi2 2: parent 1:10 limit 250p target 15ms tupdate 16ms alpha 0.152344 beta 3.195312 l4s_ect coupling_factor 2 drop_on_overload step_thresh 1ms drop_dequeue split_gso classic_protection 10% 
 Sent 24139469 bytes 15963 pkt (dropped 0, overlimits 0 requeues 0) 
 backlog 7570b 5p requeues 0
prob 0.004513 delay_c 4341us delay_l 0us
pkts_in_c 15956 pkts_in_l 12 maxq 8
ecn_mark 0 step_marks 0
credit -120340 (L)
c_marks 0 l_marks 0
dq_count 15963 eq_count 15968
c_drops 0 l_drops 0

TICK_NS 2545762412646
TC_DUR_NS 1365581
NEXT 2545774329999
PLACEMENT i=1077
qdisc dualpi2 2: parent 1:10 limit 250p target 15ms tupdate 16ms alpha 0.152344 beta 3.195312 l4s_ect coupling_factor 2 drop_on_overload step_thresh 1ms drop_dequeue split_gso classic_protection 10% 
 Sent 24162179 bytes 15978 pkt (dropped 0, overlimits 0 requeues 0) 
 backlog 6056b 4p requeues 0
prob 0.000000 delay_c 3919us delay_l 0us
pkts_in_c 15970 pkts_in_l 12 maxq 8
ecn_mark 0 step_marks 0
credit -120340 (L)
c_marks 0 l_marks 0
dq_count 15978 eq_count 15982
c_drops 0 l_drops 0

TICK_NS 2545778223864
TC_DUR_NS 1388433
NEXT 2545790329999
PLACEMENT i=1078
qdisc dualpi2 2: parent 1:10 limit 250p target 15ms tupdate 16ms alpha 0.152344 beta 3.195312 l4s_ect coupling_factor 2 drop_on_overload step_thresh 1ms drop_dequeue split_gso classic_protection 10% 
 Sent 24186403 bytes 15994 pkt (dropped 0, overlimits 0 requeues 0) 
 backlog 3028b 2p requeues 0
prob 0.000000 delay_c 3612us delay_l 0us
pkts_in_c 15984 pkts_in_l 12 maxq 8
ecn_mark 0 step_marks 0
credit -120340 (L)
c_marks 0 l_marks 0
dq_count 15994 eq_count 15996
c_drops 0 l_drops 0

TICK_NS 2545794423570
TC_DUR_NS 1363997
NEXT 2545806329999
PLACEMENT i=1079
qdisc dualpi2 2: parent 1:10 limit 250p target 15ms tupdate 16ms alpha 0.152344 beta 3.195312 l4s_ect coupling_factor 2 drop_on_overload step_thresh 1ms drop_dequeue split_gso classic_protection 10% 
 Sent 24210627 bytes 16010 pkt (dropped 0, overlimits 0 requeues 0) 
 backlog 7570b 5p requeues 0
prob 0.000000 delay_c 4645us delay_l 0us
pkts_in_c 16003 pkts_in_l 12 maxq 8
ecn_mark 0 step_marks 0
credit -120340 (L)
c_marks 0 l_marks 0
dq_count 16010 eq_count 16015
c_drops 0 l_drops 0

TICK_NS 2545810798465
TC_DUR_NS 1441883
NEXT 2545822329999
PLACEMENT i=1080
qdisc dualpi2 2: parent 1:10 limit 250p target 15ms tupdate 16ms alpha 0.152344 beta 3.195312 l4s_ect coupling_factor 2 drop_on_overload step_thresh 1ms drop_dequeue split_gso classic_protection 10% 
 Sent 24234851 bytes 16026 pkt (dropped 0, overlimits 0 requeues 0) 
 backlog 7570b 5p requeues 0
prob 0.007624 delay_c 4931us delay_l 0us
pkts_in_c 16019 pkts_in_l 12 maxq 8
ecn_mark 0 step_marks 0
credit -120340 (L)
c_marks 0 l_marks 0
dq_count 16026 eq_count 16031
c_drops 0 l_drops 0

TICK_NS 2545826650870
TC_DUR_NS 1404223
NEXT 2545838329999
PLACEMENT i=1081
qdisc dualpi2 2: parent 1:10 limit 250p target 15ms tupdate 16ms alpha 0.152344 beta 3.195312 l4s_ect coupling_factor 2 drop_on_overload step_thresh 1ms drop_dequeue split_gso classic_protection 10% 
 Sent 24259075 bytes 16042 pkt (dropped 0, overlimits 0 requeues 0) 
 backlog 6056b 4p requeues 0
prob 0.005532 delay_c 2514us delay_l 0us
pkts_in_c 16034 pkts_in_l 12 maxq 8
ecn_mark 0 step_marks 0
credit -120340 (L)
c_marks 0 l_marks 0
dq_count 16042 eq_count 16046
c_drops 0 l_drops 0

TICK_NS 2545842644130
TC_DUR_NS 1735174
NEXT 2545854329999
PLACEMENT i=1082
qdisc dualpi2 2: parent 1:10 limit 250p target 15ms tupdate 16ms alpha 0.152344 beta 3.195312 l4s_ect coupling_factor 2 drop_on_overload step_thresh 1ms drop_dequeue split_gso classic_protection 10% 
 Sent 24283299 bytes 16058 pkt (dropped 0, overlimits 0 requeues 0) 
 backlog 6056b 4p requeues 0
prob 0.000011 delay_c 3456us delay_l 0us
pkts_in_c 16050 pkts_in_l 12 maxq 8
ecn_mark 0 step_marks 0
credit -120340 (L)
c_marks 0 l_marks 0
dq_count 16058 eq_count 16062
c_drops 0 l_drops 0

TICK_NS 2545858387380
TC_DUR_NS 1590592
NEXT 2545870329999
PLACEMENT i=1083
qdisc dualpi2 2: parent 1:10 limit 250p target 15ms tupdate 16ms alpha 0.152344 beta 3.195312 l4s_ect coupling_factor 2 drop_on_overload step_thresh 1ms drop_dequeue split_gso classic_protection 10% 
 Sent 24307523 bytes 16074 pkt (dropped 0, overlimits 0 requeues 0) 
 backlog 6056b 4p requeues 0
prob 0.000000 delay_c 3024us delay_l 0us
pkts_in_c 16066 pkts_in_l 12 maxq 8
ecn_mark 0 step_marks 0
credit -120340 (L)
c_marks 0 l_marks 0
dq_count 16074 eq_count 16078
c_drops 0 l_drops 0

TICK_NS 2545874186285
TC_DUR_NS 1536120
NEXT 2545886329999
PLACEMENT i=1084
qdisc dualpi2 2: parent 1:10 limit 250p target 15ms tupdate 16ms alpha 0.152344 beta 3.195312 l4s_ect coupling_factor 2 drop_on_overload step_thresh 1ms drop_dequeue split_gso classic_protection 10% 
 Sent 24330233 bytes 16089 pkt (dropped 0, overlimits 0 requeues 0) 
 backlog 6056b 4p requeues 0
prob 0.004496 delay_c 3727us delay_l 0us
pkts_in_c 16081 pkts_in_l 12 maxq 8
ecn_mark 0 step_marks 0
credit -120340 (L)
c_marks 0 l_marks 0
dq_count 16089 eq_count 16093
c_drops 0 l_drops 0

TICK_NS 2545890164937
TC_DUR_NS 1335123
NEXT 2545902329999
PLACEMENT i=1085
qdisc dualpi2 2: parent 1:10 limit 250p target 15ms tupdate 16ms alpha 0.152344 beta 3.195312 l4s_ect coupling_factor 2 drop_on_overload step_thresh 1ms drop_dequeue split_gso classic_protection 10% 
 Sent 24354457 bytes 16105 pkt (dropped 0, overlimits 0 requeues 0) 
 backlog 6056b 4p requeues 0
prob 0.000000 delay_c 3538us delay_l 0us
pkts_in_c 16097 pkts_in_l 12 maxq 8
ecn_mark 0 step_marks 0
credit -120340 (L)
c_marks 0 l_marks 0
dq_count 16105 eq_count 16109
c_drops 0 l_drops 0

TICK_NS 2545906149841
TC_DUR_NS 1400777
NEXT 2545918329999
PLACEMENT i=1086
qdisc dualpi2 2: parent 1:10 limit 250p target 15ms tupdate 16ms alpha 0.152344 beta 3.195312 l4s_ect coupling_factor 2 drop_on_overload step_thresh 1ms drop_dequeue split_gso classic_protection 10% 
 Sent 24378681 bytes 16121 pkt (dropped 0, overlimits 0 requeues 0) 
 backlog 6056b 4p requeues 0
prob 0.000000 delay_c 3407us delay_l 0us
pkts_in_c 16113 pkts_in_l 12 maxq 8
ecn_mark 0 step_marks 0
credit -120340 (L)
c_marks 0 l_marks 0
dq_count 16121 eq_count 16125
c_drops 0 l_drops 0

TICK_NS 2545922644781
TC_DUR_NS 1478622
NEXT 2545934329999
PLACEMENT i=1087
qdisc dualpi2 2: parent 1:10 limit 250p target 15ms tupdate 16ms alpha 0.152344 beta 3.195312 l4s_ect coupling_factor 2 drop_on_overload step_thresh 1ms drop_dequeue split_gso classic_protection 10% 
 Sent 24402905 bytes 16137 pkt (dropped 0, overlimits 0 requeues 0) 
 backlog 7570b 5p requeues 0
prob 0.000000 delay_c 4742us delay_l 0us
pkts_in_c 16130 pkts_in_l 12 maxq 8
ecn_mark 0 step_marks 0
credit -120340 (L)
c_marks 0 l_marks 0
dq_count 16137 eq_count 16142
c_drops 0 l_drops 0

TICK_NS 2545938332787
TC_DUR_NS 1446773
NEXT 2545950329999
PLACEMENT i=1088
qdisc dualpi2 2: parent 1:10 limit 250p target 15ms tupdate 16ms alpha 0.152344 beta 3.195312 l4s_ect coupling_factor 2 drop_on_overload step_thresh 1ms drop_dequeue split_gso classic_protection 10% 
 Sent 24427129 bytes 16153 pkt (dropped 0, overlimits 0 requeues 0) 
 backlog 7570b 5p requeues 0
prob 0.001175 delay_c 4312us delay_l 0us
pkts_in_c 16146 pkts_in_l 12 maxq 8
ecn_mark 0 step_marks 0
credit -120340 (L)
c_marks 0 l_marks 0
dq_count 16153 eq_count 16158
c_drops 0 l_drops 0

TICK_NS 2545954760772
TC_DUR_NS 1553242
NEXT 2545966329999
PLACEMENT i=1089
qdisc dualpi2 2: parent 1:10 limit 250p target 15ms tupdate 16ms alpha 0.152344 beta 3.195312 l4s_ect coupling_factor 2 drop_on_overload step_thresh 1ms drop_dequeue split_gso classic_protection 10% 
 Sent 24451353 bytes 16169 pkt (dropped 0, overlimits 0 requeues 0) 
 backlog 7570b 5p requeues 0
prob 0.000000 delay_c 4407us delay_l 0us
pkts_in_c 16162 pkts_in_l 12 maxq 8
ecn_mark 0 step_marks 0
credit -120340 (L)
c_marks 0 l_marks 0
dq_count 16169 eq_count 16174
c_drops 0 l_drops 0

TICK_NS 2545970551411
TC_DUR_NS 1664060
NEXT 2545982329999
PLACEMENT i=1090
qdisc dualpi2 2: parent 1:10 limit 250p target 15ms tupdate 16ms alpha 0.152344 beta 3.195312 l4s_ect coupling_factor 2 drop_on_overload step_thresh 1ms drop_dequeue split_gso classic_protection 10% 
 Sent 24475577 bytes 16185 pkt (dropped 0, overlimits 0 requeues 0) 
 backlog 6056b 4p requeues 0
prob 0.000000 delay_c 3172us delay_l 0us
pkts_in_c 16177 pkts_in_l 12 maxq 8
ecn_mark 0 step_marks 0
credit -120340 (L)
c_marks 0 l_marks 0
dq_count 16185 eq_count 16189
c_drops 0 l_drops 0

TICK_NS 2545986189144
TC_DUR_NS 1404363
NEXT 2545998329999
PLACEMENT i=1091
qdisc dualpi2 2: parent 1:10 limit 250p target 15ms tupdate 16ms alpha 0.152344 beta 3.195312 l4s_ect coupling_factor 2 drop_on_overload step_thresh 1ms drop_dequeue split_gso classic_protection 10% 
 Sent 24498287 bytes 16200 pkt (dropped 0, overlimits 0 requeues 0) 
 backlog 7570b 5p requeues 0
prob 0.001242 delay_c 4686us delay_l 0us
pkts_in_c 16193 pkts_in_l 12 maxq 8
ecn_mark 0 step_marks 0
credit -120340 (L)
c_marks 0 l_marks 0
dq_count 16200 eq_count 16205
c_drops 0 l_drops 0

TICK_NS 2546002821251
TC_DUR_NS 1655324
NEXT 2546014329999
PLACEMENT i=1092
qdisc dualpi2 2: parent 1:10 limit 250p target 15ms tupdate 16ms alpha 0.152344 beta 3.195312 l4s_ect coupling_factor 2 drop_on_overload step_thresh 1ms drop_dequeue split_gso classic_protection 10% 
 Sent 24522511 bytes 16216 pkt (dropped 0, overlimits 0 requeues 0) 
 backlog 7570b 5p requeues 0
prob 0.000000 delay_c 4996us delay_l 0us
pkts_in_c 16209 pkts_in_l 12 maxq 8
ecn_mark 0 step_marks 0
credit -120340 (L)
c_marks 0 l_marks 0
dq_count 16216 eq_count 16221
c_drops 0 l_drops 0

TICK_NS 2546018294656
TC_DUR_NS 1325496
NEXT 2546030329999
PLACEMENT i=1093
qdisc dualpi2 2: parent 1:10 limit 250p target 15ms tupdate 16ms alpha 0.152344 beta 3.195312 l4s_ect coupling_factor 2 drop_on_overload step_thresh 1ms drop_dequeue split_gso classic_protection 10% 
 Sent 24546735 bytes 16232 pkt (dropped 0, overlimits 0 requeues 0) 
 backlog 6056b 4p requeues 0
prob 0.000000 delay_c 3540us delay_l 0us
pkts_in_c 16224 pkts_in_l 12 maxq 8
ecn_mark 0 step_marks 0
credit -120340 (L)
c_marks 0 l_marks 0
dq_count 16232 eq_count 16236
c_drops 0 l_drops 0

TICK_NS 2546034638923
TC_DUR_NS 1486066
NEXT 2546046329999
PLACEMENT i=1094
qdisc dualpi2 2: parent 1:10 limit 250p target 15ms tupdate 16ms alpha 0.152344 beta 3.195312 l4s_ect coupling_factor 2 drop_on_overload step_thresh 1ms drop_dequeue split_gso classic_protection 10% 
 Sent 24570959 bytes 16248 pkt (dropped 0, overlimits 0 requeues 0) 
 backlog 6056b 4p requeues 0
prob 0.000000 delay_c 3744us delay_l 0us
pkts_in_c 16240 pkts_in_l 12 maxq 8
ecn_mark 0 step_marks 0
credit -120340 (L)
c_marks 0 l_marks 0
dq_count 16248 eq_count 16252
c_drops 0 l_drops 0

TICK_NS 2546050687095
TC_DUR_NS 1436624
NEXT 2546062329999
PLACEMENT i=1095
qdisc dualpi2 2: parent 1:10 limit 250p target 15ms tupdate 16ms alpha 0.152344 beta 3.195312 l4s_ect coupling_factor 2 drop_on_overload step_thresh 1ms drop_dequeue split_gso classic_protection 10% 
 Sent 24595183 bytes 16264 pkt (dropped 0, overlimits 0 requeues 0) 
 backlog 3028b 2p requeues 0
prob 0.000000 delay_c 3552us delay_l 0us
pkts_in_c 16254 pkts_in_l 12 maxq 8
ecn_mark 0 step_marks 0
credit -120340 (L)
c_marks 0 l_marks 0
dq_count 16264 eq_count 16266
c_drops 0 l_drops 0

TICK_NS 2546066418914
TC_DUR_NS 1391440
NEXT 2546078329999
PLACEMENT i=1096
qdisc dualpi2 2: parent 1:10 limit 250p target 15ms tupdate 16ms alpha 0.152344 beta 3.195312 l4s_ect coupling_factor 2 drop_on_overload step_thresh 1ms drop_dequeue split_gso classic_protection 10% 
 Sent 24619407 bytes 16280 pkt (dropped 0, overlimits 0 requeues 0) 
 backlog 7570b 5p requeues 0
prob 0.000000 delay_c 4292us delay_l 0us
pkts_in_c 16273 pkts_in_l 12 maxq 8
ecn_mark 0 step_marks 0
credit -120340 (L)
c_marks 0 l_marks 0
dq_count 16280 eq_count 16285
c_drops 0 l_drops 0

TICK_NS 2546082428244
TC_DUR_NS 1399805
NEXT 2546094329999
PLACEMENT i=1097
qdisc dualpi2 2: parent 1:10 limit 250p target 15ms tupdate 16ms alpha 0.152344 beta 3.195312 l4s_ect coupling_factor 2 drop_on_overload step_thresh 1ms drop_dequeue split_gso classic_protection 10% 
 Sent 24642117 bytes 16295 pkt (dropped 0, overlimits 0 requeues 0) 
 backlog 6056b 4p requeues 0
prob 0.007570 delay_c 4023us delay_l 0us
pkts_in_c 16287 pkts_in_l 12 maxq 8
ecn_mark 0 step_marks 0
credit -120340 (L)
c_marks 0 l_marks 0
dq_count 16295 eq_count 16299
c_drops 0 l_drops 0

TICK_NS 2546098539625
TC_DUR_NS 1507787
NEXT 2546110329999
PLACEMENT i=1098
qdisc dualpi2 2: parent 1:10 limit 250p target 15ms tupdate 16ms alpha 0.152344 beta 3.195312 l4s_ect coupling_factor 2 drop_on_overload step_thresh 1ms drop_dequeue split_gso classic_protection 10% 
 Sent 24666341 bytes 16311 pkt (dropped 0, overlimits 0 requeues 0) 
 backlog 7570b 5p requeues 0
prob 0.005463 delay_c 1896us delay_l 0us
pkts_in_c 16304 pkts_in_l 12 maxq 8
ecn_mark 0 step_marks 0
credit -120340 (L)
c_marks 0 l_marks 0
dq_count 16311 eq_count 16316
c_drops 0 l_drops 0

TICK_NS 2546114221119
TC_DUR_NS 1412549
NEXT 2546126329999
PLACEMENT i=1099
qdisc dualpi2 2: parent 1:10 limit 250p target 15ms tupdate 16ms alpha 0.152344 beta 3.195312 l4s_ect coupling_factor 2 drop_on_overload step_thresh 1ms drop_dequeue split_gso classic_protection 10% 
 Sent 24690565 bytes 16327 pkt (dropped 0, overlimits 0 requeues 0) 
 backlog 7570b 5p requeues 0
prob 0.003334 delay_c 4516us delay_l 0us
pkts_in_c 16320 pkts_in_l 12 maxq 8
ecn_mark 0 step_marks 0
credit -120340 (L)
c_marks 0 l_marks 0
dq_count 16327 eq_count 16332
c_drops 0 l_drops 0

TICK_NS 2546130536703
TC_DUR_NS 1511344
NEXT 2546142329999
PLACEMENT i=1100
qdisc dualpi2 2: parent 1:10 limit 250p target 15ms tupdate 16ms alpha 0.152344 beta 3.195312 l4s_ect coupling_factor 2 drop_on_overload step_thresh 1ms drop_dequeue split_gso classic_protection 10% 
 Sent 24714789 bytes 16343 pkt (dropped 0, overlimits 0 requeues 0) 
 backlog 7570b 5p requeues 0
prob 0.004574 delay_c 4667us delay_l 0us
pkts_in_c 16336 pkts_in_l 12 maxq 8
ecn_mark 0 step_marks 0
credit -120340 (L)
c_marks 0 l_marks 0
dq_count 16343 eq_count 16348
c_drops 0 l_drops 0

TICK_NS 2546146655858
TC_DUR_NS 1454798
NEXT 2546158329999
PLACEMENT i=1101
qdisc dualpi2 2: parent 1:10 limit 250p target 15ms tupdate 16ms alpha 0.152344 beta 3.195312 l4s_ect coupling_factor 2 drop_on_overload step_thresh 1ms drop_dequeue split_gso classic_protection 10% 
 Sent 24739013 bytes 16359 pkt (dropped 0, overlimits 0 requeues 0) 
 backlog 6056b 4p requeues 0
prob 0.002567 delay_c 3730us delay_l 0us
pkts_in_c 16351 pkts_in_l 12 maxq 8
ecn_mark 0 step_marks 0
credit -120340 (L)
c_marks 0 l_marks 0
dq_count 16359 eq_count 16363
c_drops 0 l_drops 0

TICK_NS 2546162554670
TC_DUR_NS 1404403
NEXT 2546174329999
PLACEMENT i=1102
qdisc dualpi2 2: parent 1:10 limit 250p target 15ms tupdate 16ms alpha 0.152344 beta 3.195312 l4s_ect coupling_factor 2 drop_on_overload step_thresh 1ms drop_dequeue split_gso classic_protection 10% 
 Sent 24763237 bytes 16375 pkt (dropped 0, overlimits 0 requeues 0) 
 backlog 6056b 4p requeues 0
prob 0.000000 delay_c 3417us delay_l 0us
pkts_in_c 16367 pkts_in_l 12 maxq 8
ecn_mark 0 step_marks 0
credit -120340 (L)
c_marks 0 l_marks 0
dq_count 16375 eq_count 16379
c_drops 0 l_drops 0

TICK_NS 2546178603334
TC_DUR_NS 1404594
NEXT 2546190329999
PLACEMENT i=1103
qdisc dualpi2 2: parent 1:10 limit 250p target 15ms tupdate 16ms alpha 0.152344 beta 3.195312 l4s_ect coupling_factor 2 drop_on_overload step_thresh 1ms drop_dequeue split_gso classic_protection 10% 
 Sent 24787461 bytes 16391 pkt (dropped 0, overlimits 0 requeues 0) 
 backlog 6056b 4p requeues 0
prob 0.000000 delay_c 3379us delay_l 0us
pkts_in_c 16383 pkts_in_l 12 maxq 8
ecn_mark 0 step_marks 0
credit -120340 (L)
c_marks 0 l_marks 0
dq_count 16391 eq_count 16395
c_drops 0 l_drops 0

TICK_NS 2546194532813
TC_DUR_NS 1395116
NEXT 2546206329999
PLACEMENT i=1104
qdisc dualpi2 2: parent 1:10 limit 250p target 15ms tupdate 16ms alpha 0.152344 beta 3.195312 l4s_ect coupling_factor 2 drop_on_overload step_thresh 1ms drop_dequeue split_gso classic_protection 10% 
 Sent 24811685 bytes 16407 pkt (dropped 0, overlimits 0 requeues 0) 
 backlog 7570b 5p requeues 0
prob 0.000000 delay_c 4083us delay_l 0us
pkts_in_c 16400 pkts_in_l 12 maxq 8
ecn_mark 0 step_marks 0
credit -120340 (L)
c_marks 0 l_marks 0
dq_count 16407 eq_count 16412
c_drops 0 l_drops 0

TICK_NS 2546210439871
TC_DUR_NS 1399554
NEXT 2546222329999
PLACEMENT i=1105
qdisc dualpi2 2: parent 1:10 limit 250p target 15ms tupdate 16ms alpha 0.152344 beta 3.195312 l4s_ect coupling_factor 2 drop_on_overload step_thresh 1ms drop_dequeue split_gso classic_protection 10% 
 Sent 24834395 bytes 16422 pkt (dropped 0, overlimits 0 requeues 0) 
 backlog 6056b 4p requeues 0
prob 0.001117 delay_c 3825us delay_l 0us
pkts_in_c 16414 pkts_in_l 12 maxq 8
ecn_mark 0 step_marks 0
credit -120340 (L)
c_marks 0 l_marks 0
dq_count 16422 eq_count 16426
c_drops 0 l_drops 0

TICK_NS 2546226438130
TC_DUR_NS 1574994
NEXT 2546238329999
PLACEMENT i=1106
qdisc dualpi2 2: parent 1:10 limit 250p target 15ms tupdate 16ms alpha 0.152344 beta 3.195312 l4s_ect coupling_factor 2 drop_on_overload step_thresh 1ms drop_dequeue split_gso classic_protection 10% 
 Sent 24858619 bytes 16438 pkt (dropped 0, overlimits 0 requeues 0) 
 backlog 6056b 4p requeues 0
prob 0.000000 delay_c 3606us delay_l 0us
pkts_in_c 16430 pkts_in_l 12 maxq 8
ecn_mark 0 step_marks 0
credit -120340 (L)
c_marks 0 l_marks 0
dq_count 16438 eq_count 16442
c_drops 0 l_drops 0

TICK_NS 2546242145393
TC_DUR_NS 1374046
NEXT 2546254329999
PLACEMENT i=1107
qdisc dualpi2 2: parent 1:10 limit 250p target 15ms tupdate 16ms alpha 0.152344 beta 3.195312 l4s_ect coupling_factor 2 drop_on_overload step_thresh 1ms drop_dequeue split_gso classic_protection 10% 
 Sent 24882843 bytes 16454 pkt (dropped 0, overlimits 0 requeues 0) 
 backlog 7570b 5p requeues 0
prob 0.000000 delay_c 4289us delay_l 0us
pkts_in_c 16447 pkts_in_l 12 maxq 8
ecn_mark 0 step_marks 0
credit -120340 (L)
c_marks 0 l_marks 0
dq_count 16454 eq_count 16459
c_drops 0 l_drops 0

TICK_NS 2546258290036
TC_DUR_NS 1467722
NEXT 2546270329999
PLACEMENT i=1108
qdisc dualpi2 2: parent 1:10 limit 250p target 15ms tupdate 16ms alpha 0.152344 beta 3.195312 l4s_ect coupling_factor 2 drop_on_overload step_thresh 1ms drop_dequeue split_gso classic_protection 10% 
 Sent 24907067 bytes 16470 pkt (dropped 0, overlimits 0 requeues 0) 
 backlog 7570b 5p requeues 0
prob 0.001224 delay_c 4236us delay_l 0us
pkts_in_c 16463 pkts_in_l 12 maxq 8
ecn_mark 0 step_marks 0
credit -120340 (L)
c_marks 0 l_marks 0
dq_count 16470 eq_count 16475
c_drops 0 l_drops 0

TICK_NS 2546274232610
TC_DUR_NS 1219958
NEXT 2546286329999
PLACEMENT i=1109
qdisc dualpi2 2: parent 1:10 limit 250p target 15ms tupdate 16ms alpha 0.152344 beta 3.195312 l4s_ect coupling_factor 2 drop_on_overload step_thresh 1ms drop_dequeue split_gso classic_protection 10% 
 Sent 24931291 bytes 16486 pkt (dropped 0, overlimits 0 requeues 0) 
 backlog 7570b 5p requeues 0
prob 0.000000 delay_c 4151us delay_l 0us
pkts_in_c 16479 pkts_in_l 12 maxq 8
ecn_mark 0 step_marks 0
credit -120340 (L)
c_marks 0 l_marks 0
dq_count 16486 eq_count 16491
c_drops 0 l_drops 0

TICK_NS 2546290179102
TC_DUR_NS 1466109
NEXT 2546302329999
PLACEMENT i=1110
qdisc dualpi2 2: parent 1:10 limit 250p target 15ms tupdate 16ms alpha 0.152344 beta 3.195312 l4s_ect coupling_factor 2 drop_on_overload step_thresh 1ms drop_dequeue split_gso classic_protection 10% 
 Sent 24954001 bytes 16501 pkt (dropped 0, overlimits 0 requeues 0) 
 backlog 7570b 5p requeues 0
prob 0.000000 delay_c 4809us delay_l 0us
pkts_in_c 16494 pkts_in_l 12 maxq 8
ecn_mark 0 step_marks 0
credit -120340 (L)
c_marks 0 l_marks 0
dq_count 16501 eq_count 16506
c_drops 0 l_drops 0

TICK_NS 2546306492882
TC_DUR_NS 1323281
NEXT 2546318329999
PLACEMENT i=1111
qdisc dualpi2 2: parent 1:10 limit 250p target 15ms tupdate 16ms alpha 0.152344 beta 3.195312 l4s_ect coupling_factor 2 drop_on_overload step_thresh 1ms drop_dequeue split_gso classic_protection 10% 
 Sent 24978225 bytes 16517 pkt (dropped 0, overlimits 0 requeues 0) 
 backlog 7570b 5p requeues 0
prob 0.000000 delay_c 5002us delay_l 0us
pkts_in_c 16510 pkts_in_l 12 maxq 8
ecn_mark 0 step_marks 0
credit -120340 (L)
c_marks 0 l_marks 0
dq_count 16517 eq_count 16522
c_drops 0 l_drops 0

TICK_NS 2546322337302
TC_DUR_NS 1476539
NEXT 2546334329999
PLACEMENT i=1112
qdisc dualpi2 2: parent 1:10 limit 250p target 15ms tupdate 16ms alpha 0.152344 beta 3.195312 l4s_ect coupling_factor 2 drop_on_overload step_thresh 1ms drop_dequeue split_gso classic_protection 10% 
 Sent 25002449 bytes 16533 pkt (dropped 0, overlimits 0 requeues 0) 
 backlog 4542b 3p requeues 0
prob 0.000000 delay_c 4617us delay_l 0us
pkts_in_c 16524 pkts_in_l 12 maxq 8
ecn_mark 0 step_marks 0
credit -120340 (L)
c_marks 0 l_marks 0
dq_count 16533 eq_count 16536
c_drops 0 l_drops 0

TICK_NS 2546338511431
TC_DUR_NS 1491226
NEXT 2546350329999
PLACEMENT i=1113
qdisc dualpi2 2: parent 1:10 limit 250p target 15ms tupdate 16ms alpha 0.152344 beta 3.195312 l4s_ect coupling_factor 2 drop_on_overload step_thresh 1ms drop_dequeue split_gso classic_protection 10% 
 Sent 25026673 bytes 16549 pkt (dropped 0, overlimits 0 requeues 0) 
 backlog 6056b 4p requeues 0
prob 0.000000 delay_c 3692us delay_l 0us
pkts_in_c 16541 pkts_in_l 12 maxq 8
ecn_mark 0 step_marks 0
credit -120340 (L)
c_marks 0 l_marks 0
dq_count 16549 eq_count 16553
c_drops 0 l_drops 0

TICK_NS 2546354718871
TC_DUR_NS 1431164
NEXT 2546366329999
PLACEMENT i=1114
qdisc dualpi2 2: parent 1:10 limit 250p target 15ms tupdate 16ms alpha 0.152344 beta 3.195312 l4s_ect coupling_factor 2 drop_on_overload step_thresh 1ms drop_dequeue split_gso classic_protection 10% 
 Sent 25050897 bytes 16565 pkt (dropped 0, overlimits 0 requeues 0) 
 backlog 6056b 4p requeues 0
prob 0.007557 delay_c 3733us delay_l 0us
pkts_in_c 16557 pkts_in_l 12 maxq 8
ecn_mark 0 step_marks 0
credit -120340 (L)
c_marks 0 l_marks 0
dq_count 16565 eq_count 16569
c_drops 0 l_drops 0

TICK_NS 2546370536041
TC_DUR_NS 1490745
NEXT 2546382329999
PLACEMENT i=1115
qdisc dualpi2 2: parent 1:10 limit 250p target 15ms tupdate 16ms alpha 0.152344 beta 3.195312 l4s_ect coupling_factor 2 drop_on_overload step_thresh 1ms drop_dequeue split_gso classic_protection 10% 
 Sent 25075121 bytes 16581 pkt (dropped 0, overlimits 0 requeues 0) 
 backlog 7570b 5p requeues 0
prob 0.005381 delay_c 1409us delay_l 0us
pkts_in_c 16574 pkts_in_l 12 maxq 8
ecn_mark 0 step_marks 0
credit -120340 (L)
c_marks 0 l_marks 0
dq_count 16581 eq_count 16586
c_drops 0 l_drops 0

TICK_NS 2546386799196
TC_DUR_NS 1417137
NEXT 2546398329999
PLACEMENT i=1116
qdisc dualpi2 2: parent 1:10 limit 250p target 15ms tupdate 16ms alpha 0.152344 beta 3.195312 l4s_ect coupling_factor 2 drop_on_overload step_thresh 1ms drop_dequeue split_gso classic_protection 10% 
 Sent 25099345 bytes 16597 pkt (dropped 0, overlimits 0 requeues 0) 
 backlog 7570b 5p requeues 0
prob 0.003169 delay_c 4462us delay_l 0us
pkts_in_c 16590 pkts_in_l 12 maxq 8
ecn_mark 0 step_marks 0
credit -120340 (L)
c_marks 0 l_marks 0
dq_count 16597 eq_count 16602
c_drops 0 l_drops 0

TICK_NS 2546402580678
TC_DUR_NS 1601714
NEXT 2546414329999
PLACEMENT i=1117
qdisc dualpi2 2: parent 1:10 limit 250p target 15ms tupdate 16ms alpha 0.152344 beta 3.195312 l4s_ect coupling_factor 2 drop_on_overload step_thresh 1ms drop_dequeue split_gso classic_protection 10% 
 Sent 25123569 bytes 16613 pkt (dropped 0, overlimits 0 requeues 0) 
 backlog 7570b 5p requeues 0
prob 0.004383 delay_c 4082us delay_l 0us
pkts_in_c 16606 pkts_in_l 12 maxq 8
ecn_mark 0 step_marks 0
credit -120340 (L)
c_marks 0 l_marks 0
dq_count 16613 eq_count 16618
c_drops 0 l_drops 0

TICK_NS 2546418181642
TC_DUR_NS 1359509
NEXT 2546430329999
PLACEMENT i=1118
qdisc dualpi2 2: parent 1:10 limit 250p target 15ms tupdate 16ms alpha 0.152344 beta 3.195312 l4s_ect coupling_factor 2 drop_on_overload step_thresh 1ms drop_dequeue split_gso classic_protection 10% 
 Sent 25146279 bytes 16628 pkt (dropped 0, overlimits 0 requeues 0) 
 backlog 7570b 5p requeues 0
prob 0.002279 delay_c 3731us delay_l 0us
pkts_in_c 16621 pkts_in_l 12 maxq 8
ecn_mark 0 step_marks 0
credit -120340 (L)
c_marks 0 l_marks 0
dq_count 16628 eq_count 16633
c_drops 0 l_drops 0

TICK_NS 2546434763815
TC_DUR_NS 1619547
NEXT 2546446329999
PLACEMENT i=1119
qdisc dualpi2 2: parent 1:10 limit 250p target 15ms tupdate 16ms alpha 0.152344 beta 3.195312 l4s_ect coupling_factor 2 drop_on_overload step_thresh 1ms drop_dequeue split_gso classic_protection 10% 
 Sent 25170503 bytes 16644 pkt (dropped 0, overlimits 0 requeues 0) 
 backlog 7570b 5p requeues 0
prob 0.000000 delay_c 4982us delay_l 0us
pkts_in_c 16637 pkts_in_l 12 maxq 8
ecn_mark 0 step_marks 0
credit -120340 (L)
c_marks 0 l_marks 0
dq_count 16644 eq_count 16649
c_drops 0 l_drops 0

TICK_NS 2546450097558
TC_DUR_NS 1346335
NEXT 2546462329999
PLACEMENT i=1120
qdisc dualpi2 2: parent 1:10 limit 250p target 15ms tupdate 16ms alpha 0.152344 beta 3.195312 l4s_ect coupling_factor 2 drop_on_overload step_thresh 1ms drop_dequeue split_gso classic_protection 10% 
 Sent 25194727 bytes 16660 pkt (dropped 0, overlimits 0 requeues 0) 
 backlog 7570b 5p requeues 0
prob 0.000000 delay_c 4385us delay_l 0us
pkts_in_c 16653 pkts_in_l 12 maxq 8
ecn_mark 0 step_marks 0
credit -120340 (L)
c_marks 0 l_marks 0
dq_count 16660 eq_count 16665
c_drops 0 l_drops 0

TICK_NS 2546466739393
TC_DUR_NS 1510362
NEXT 2546478329999
PLACEMENT i=1121
qdisc dualpi2 2: parent 1:10 limit 250p target 15ms tupdate 16ms alpha 0.152344 beta 3.195312 l4s_ect coupling_factor 2 drop_on_overload step_thresh 1ms drop_dequeue split_gso classic_protection 10% 
 Sent 25218951 bytes 16676 pkt (dropped 0, overlimits 0 requeues 0) 
 backlog 6056b 4p requeues 0
prob 0.004462 delay_c 3739us delay_l 0us
pkts_in_c 16668 pkts_in_l 12 maxq 8
ecn_mark 0 step_marks 0
credit -120340 (L)
c_marks 0 l_marks 0
dq_count 16676 eq_count 16680
c_drops 0 l_drops 0

TICK_NS 2546482513161
TC_DUR_NS 1414873
NEXT 2546494329999
PLACEMENT i=1122
qdisc dualpi2 2: parent 1:10 limit 250p target 15ms tupdate 16ms alpha 0.152344 beta 3.195312 l4s_ect coupling_factor 2 drop_on_overload step_thresh 1ms drop_dequeue split_gso classic_protection 10% 
 Sent 25243175 bytes 16692 pkt (dropped 0, overlimits 0 requeues 0) 
 backlog 6056b 4p requeues 0
prob 0.000000 delay_c 3412us delay_l 0us
pkts_in_c 16684 pkts_in_l 12 maxq 8
ecn_mark 0 step_marks 0
credit -120340 (L)
c_marks 0 l_marks 0
dq_count 16692 eq_count 16696
c_drops 0 l_drops 0

TICK_NS 2546498301897
TC_DUR_NS 1473823
NEXT 2546510329999
PLACEMENT i=1123
qdisc dualpi2 2: parent 1:10 limit 250p target 15ms tupdate 16ms alpha 0.152344 beta 3.195312 l4s_ect coupling_factor 2 drop_on_overload step_thresh 1ms drop_dequeue split_gso classic_protection 10% 
 Sent 25267399 bytes 16708 pkt (dropped 0, overlimits 0 requeues 0) 
 backlog 6056b 4p requeues 0
prob 0.000000 delay_c 3098us delay_l 0us
pkts_in_c 16700 pkts_in_l 12 maxq 8
ecn_mark 0 step_marks 0
credit -120340 (L)
c_marks 0 l_marks 0
dq_count 16708 eq_count 16712
c_drops 0 l_drops 0

TICK_NS 2546514106272
TC_DUR_NS 1390006
NEXT 2546526329999
PLACEMENT i=1124
qdisc dualpi2 2: parent 1:10 limit 250p target 15ms tupdate 16ms alpha 0.152344 beta 3.195312 l4s_ect coupling_factor 2 drop_on_overload step_thresh 1ms drop_dequeue split_gso classic_protection 10% 
 Sent 25290109 bytes 16723 pkt (dropped 0, overlimits 0 requeues 0) 
 backlog 6056b 4p requeues 0
prob 0.000000 delay_c 3736us delay_l 0us
pkts_in_c 16715 pkts_in_l 12 maxq 8
ecn_mark 0 step_marks 0
credit -120340 (L)
c_marks 0 l_marks 0
dq_count 16723 eq_count 16727
c_drops 0 l_drops 0

TICK_NS 2546530579371
TC_DUR_NS 1452093
NEXT 2546542329999
PLACEMENT i=1125
qdisc dualpi2 2: parent 1:10 limit 250p target 15ms tupdate 16ms alpha 0.152344 beta 3.195312 l4s_ect coupling_factor 2 drop_on_overload step_thresh 1ms drop_dequeue split_gso classic_protection 10% 
 Sent 25315847 bytes 16740 pkt (dropped 0, overlimits 0 requeues 0) 
 backlog 7570b 5p requeues 0
prob 0.001111 delay_c 4086us delay_l 0us
pkts_in_c 16733 pkts_in_l 12 maxq 8
ecn_mark 0 step_marks 0
credit -120340 (L)
c_marks 0 l_marks 0
dq_count 16740 eq_count 16745
c_drops 0 l_drops 0

TICK_NS 2546546218005
TC_DUR_NS 1377353
NEXT 2546558329999
PLACEMENT i=1126
qdisc dualpi2 2: parent 1:10 limit 250p target 15ms tupdate 16ms alpha 0.152344 beta 3.195312 l4s_ect coupling_factor 2 drop_on_overload step_thresh 1ms drop_dequeue split_gso classic_protection 10% 
 Sent 25338557 bytes 16755 pkt (dropped 0, overlimits 0 requeues 0) 
 backlog 6056b 4p requeues 0
prob 0.000000 delay_c 3545us delay_l 0us
pkts_in_c 16747 pkts_in_l 12 maxq 8
ecn_mark 0 step_marks 0
credit -120340 (L)
c_marks 0 l_marks 0
dq_count 16755 eq_count 16759
c_drops 0 l_drops 0

TICK_NS 2546562643655
TC_DUR_NS 1498700
NEXT 2546574329999
PLACEMENT i=1127
qdisc dualpi2 2: parent 1:10 limit 250p target 15ms tupdate 16ms alpha 0.152344 beta 3.195312 l4s_ect coupling_factor 2 drop_on_overload step_thresh 1ms drop_dequeue split_gso classic_protection 10% 
 Sent 25362781 bytes 16771 pkt (dropped 0, overlimits 0 requeues 0) 
 backlog 7570b 5p requeues 0
prob 0.000000 delay_c 4855us delay_l 0us
pkts_in_c 16764 pkts_in_l 12 maxq 8
ecn_mark 0 step_marks 0
credit -120340 (L)
c_marks 0 l_marks 0
dq_count 16771 eq_count 16776
c_drops 0 l_drops 0

TICK_NS 2546578475352
TC_DUR_NS 1338239
NEXT 2546590329999
PLACEMENT i=1128
qdisc dualpi2 2: parent 1:10 limit 250p target 15ms tupdate 16ms alpha 0.152344 beta 3.195312 l4s_ect coupling_factor 2 drop_on_overload step_thresh 1ms drop_dequeue split_gso classic_protection 10% 
 Sent 25387005 bytes 16787 pkt (dropped 0, overlimits 0 requeues 0) 
 backlog 7570b 5p requeues 0
prob 0.001264 delay_c 4556us delay_l 0us
pkts_in_c 16780 pkts_in_l 12 maxq 8
ecn_mark 0 step_marks 0
credit -120340 (L)
c_marks 0 l_marks 0
dq_count 16787 eq_count 16792
c_drops 0 l_drops 0

TICK_NS 2546594406495
TC_DUR_NS 1409313
NEXT 2546606329999
PLACEMENT i=1129
qdisc dualpi2 2: parent 1:10 limit 250p target 15ms tupdate 16ms alpha 0.152344 beta 3.195312 l4s_ect coupling_factor 2 drop_on_overload step_thresh 1ms drop_dequeue split_gso classic_protection 10% 
 Sent 25411229 bytes 16803 pkt (dropped 0, overlimits 0 requeues 0) 
 backlog 4542b 3p requeues 0
prob 0.000000 delay_c 4329us delay_l 0us
pkts_in_c 16794 pkts_in_l 12 maxq 8
ecn_mark 0 step_marks 0
credit -120340 (L)
c_marks 0 l_marks 0
dq_count 16803 eq_count 16806
c_drops 0 l_drops 0

TICK_NS 2546610709855
TC_DUR_NS 1449177
NEXT 2546622329999
PLACEMENT i=1130
qdisc dualpi2 2: parent 1:10 limit 250p target 15ms tupdate 16ms alpha 0.152344 beta 3.195312 l4s_ect coupling_factor 2 drop_on_overload step_thresh 1ms drop_dequeue split_gso classic_protection 10% 
 Sent 25435453 bytes 16819 pkt (dropped 0, overlimits 0 requeues 0) 
 backlog 6056b 4p requeues 0
prob 0.000000 delay_c 3406us delay_l 0us
pkts_in_c 16811 pkts_in_l 12 maxq 8
ecn_mark 0 step_marks 0
credit -120340 (L)
c_marks 0 l_marks 0
dq_count 16819 eq_count 16823
c_drops 0 l_drops 0

TICK_NS 2546626161659
TC_DUR_NS 1333250
NEXT 2546638329999
PLACEMENT i=1131
qdisc dualpi2 2: parent 1:10 limit 250p target 15ms tupdate 16ms alpha 0.152344 beta 3.195312 l4s_ect coupling_factor 2 drop_on_overload step_thresh 1ms drop_dequeue split_gso classic_protection 10% 
 Sent 25458163 bytes 16834 pkt (dropped 0, overlimits 0 requeues 0) 
 backlog 7570b 5p requeues 0
prob 0.000000 delay_c 4796us delay_l 0us
pkts_in_c 16827 pkts_in_l 12 maxq 8
ecn_mark 0 step_marks 0
credit -120340 (L)
c_marks 0 l_marks 0
dq_count 16834 eq_count 16839
c_drops 0 l_drops 0

TICK_NS 2546641977696
TC_DUR_NS 1218665
NEXT 2546654329999
PLACEMENT i=1132
qdisc dualpi2 2: parent 1:10 limit 250p target 15ms tupdate 16ms alpha 0.152344 beta 3.195312 l4s_ect coupling_factor 2 drop_on_overload step_thresh 1ms drop_dequeue split_gso classic_protection 10% 
 Sent 25482387 bytes 16850 pkt (dropped 0, overlimits 0 requeues 0) 
 backlog 6056b 4p requeues 0
prob 0.000000 delay_c 4504us delay_l 0us
pkts_in_c 16842 pkts_in_l 12 maxq 8
ecn_mark 0 step_marks 0
credit -120340 (L)
c_marks 0 l_marks 0
dq_count 16850 eq_count 16854
c_drops 0 l_drops 0

TICK_NS 2546658419236
TC_DUR_NS 1385939
NEXT 2546670329999
PLACEMENT i=1133
qdisc dualpi2 2: parent 1:10 limit 250p target 15ms tupdate 16ms alpha 0.152344 beta 3.195312 l4s_ect coupling_factor 2 drop_on_overload step_thresh 1ms drop_dequeue split_gso classic_protection 10% 
 Sent 25506611 bytes 16866 pkt (dropped 0, overlimits 0 requeues 0) 
 backlog 6056b 4p requeues 0
prob 0.000000 delay_c 3539us delay_l 0us
pkts_in_c 16858 pkts_in_l 12 maxq 8
ecn_mark 0 step_marks 0
credit -120340 (L)
c_marks 0 l_marks 0
dq_count 16866 eq_count 16870
c_drops 0 l_drops 0

TICK_NS 2546674709953
TC_DUR_NS 1602044
NEXT 2546686329999
PLACEMENT i=1134
qdisc dualpi2 2: parent 1:10 limit 250p target 15ms tupdate 16ms alpha 0.152344 beta 3.195312 l4s_ect coupling_factor 2 drop_on_overload step_thresh 1ms drop_dequeue split_gso classic_protection 10% 
 Sent 25530835 bytes 16882 pkt (dropped 0, overlimits 0 requeues 0) 
 backlog 6056b 4p requeues 0
prob 0.001176 delay_c 3750us delay_l 0us
pkts_in_c 16874 pkts_in_l 12 maxq 8
ecn_mark 0 step_marks 0
credit -120340 (L)
c_marks 0 l_marks 0
dq_count 16882 eq_count 16886
c_drops 0 l_drops 0

TICK_NS 2546690610429
TC_DUR_NS 1434119
NEXT 2546702329999
PLACEMENT i=1135
qdisc dualpi2 2: parent 1:10 limit 250p target 15ms tupdate 16ms alpha 0.152344 beta 3.195312 l4s_ect coupling_factor 2 drop_on_overload step_thresh 1ms drop_dequeue split_gso classic_protection 10% 
 Sent 25555059 bytes 16898 pkt (dropped 0, overlimits 0 requeues 0) 
 backlog 7570b 5p requeues 0
prob 0.000000 delay_c 3608us delay_l 0us
pkts_in_c 16891 pkts_in_l 12 maxq 8
ecn_mark 0 step_marks 0
credit -120340 (L)
c_marks 0 l_marks 0
dq_count 16898 eq_count 16903
c_drops 0 l_drops 0

TICK_NS 2546706541591
TC_DUR_NS 1387762
NEXT 2546718329999
PLACEMENT i=1136
qdisc dualpi2 2: parent 1:10 limit 250p target 15ms tupdate 16ms alpha 0.152344 beta 3.195312 l4s_ect coupling_factor 2 drop_on_overload step_thresh 1ms drop_dequeue split_gso classic_protection 10% 
 Sent 25579283 bytes 16914 pkt (dropped 0, overlimits 0 requeues 0) 
 backlog 7570b 5p requeues 0
prob 0.001263 delay_c 4382us delay_l 0us
pkts_in_c 16907 pkts_in_l 12 maxq 8
ecn_mark 0 step_marks 0
credit -120340 (L)
c_marks 0 l_marks 0
dq_count 16914 eq_count 16919
c_drops 0 l_drops 0

TICK_NS 2546722686896
TC_DUR_NS 1328381
NEXT 2546734329999
PLACEMENT i=1137
qdisc dualpi2 2: parent 1:10 limit 250p target 15ms tupdate 16ms alpha 0.152344 beta 3.195312 l4s_ect coupling_factor 2 drop_on_overload step_thresh 1ms drop_dequeue split_gso classic_protection 10% 
 Sent 25603507 bytes 16930 pkt (dropped 0, overlimits 0 requeues 0) 
 backlog 7570b 5p requeues 0
prob 0.000000 delay_c 4343us delay_l 0us
pkts_in_c 16923 pkts_in_l 12 maxq 8
ecn_mark 0 step_marks 0
credit -120340 (L)
c_marks 0 l_marks 0
dq_count 16930 eq_count 16935
c_drops 0 l_drops 0

TICK_NS 2546738722525
TC_DUR_NS 1500244
NEXT 2546750329999
PLACEMENT i=1138
qdisc dualpi2 2: parent 1:10 limit 250p target 15ms tupdate 16ms alpha 0.152344 beta 3.195312 l4s_ect coupling_factor 2 drop_on_overload step_thresh 1ms drop_dequeue split_gso classic_protection 10% 
 Sent 25627731 bytes 16946 pkt (dropped 0, overlimits 0 requeues 0) 
 backlog 6056b 4p requeues 0
prob 0.000000 delay_c 3226us delay_l 0us
pkts_in_c 16938 pkts_in_l 12 maxq 8
ecn_mark 0 step_marks 0
credit -120340 (L)
c_marks 0 l_marks 0
dq_count 16946 eq_count 16950
c_drops 0 l_drops 0

TICK_NS 2546754547528
TC_DUR_NS 1408451
NEXT 2546766329999
PLACEMENT i=1139
qdisc dualpi2 2: parent 1:10 limit 250p target 15ms tupdate 16ms alpha 0.152344 beta 3.195312 l4s_ect coupling_factor 2 drop_on_overload step_thresh 1ms drop_dequeue split_gso classic_protection 10% 
 Sent 25650441 bytes 16961 pkt (dropped 0, overlimits 0 requeues 0) 
 backlog 7570b 5p requeues 0
prob 0.000000 delay_c 4835us delay_l 0us
pkts_in_c 16954 pkts_in_l 12 maxq 8
ecn_mark 0 step_marks 0
credit -120340 (L)
c_marks 0 l_marks 0
dq_count 16961 eq_count 16966
c_drops 0 l_drops 0

TICK_NS 2546770524477
TC_DUR_NS 1513198
NEXT 2546782329999
PLACEMENT i=1140
qdisc dualpi2 2: parent 1:10 limit 250p target 15ms tupdate 16ms alpha 0.152344 beta 3.195312 l4s_ect coupling_factor 2 drop_on_overload step_thresh 1ms drop_dequeue split_gso classic_protection 10% 
 Sent 25674665 bytes 16977 pkt (dropped 0, overlimits 0 requeues 0) 
 backlog 7570b 5p requeues 0
prob 0.000000 delay_c 4673us delay_l 0us
pkts_in_c 16970 pkts_in_l 12 maxq 8
ecn_mark 0 step_marks 0
credit -120340 (L)
c_marks 0 l_marks 0
dq_count 16977 eq_count 16982
c_drops 0 l_drops 0

TICK_NS 2546786175164
TC_DUR_NS 1622943
NEXT 2546798329999
PLACEMENT i=1141
qdisc dualpi2 2: parent 1:10 limit 250p target 15ms tupdate 16ms alpha 0.152344 beta 3.195312 l4s_ect coupling_factor 2 drop_on_overload step_thresh 1ms drop_dequeue split_gso classic_protection 10% 
 Sent 25698889 bytes 16993 pkt (dropped 0, overlimits 0 requeues 0) 
 backlog 6056b 4p requeues 0
prob 0.000000 delay_c 3228us delay_l 0us
pkts_in_c 16985 pkts_in_l 12 maxq 8
ecn_mark 0 step_marks 0
credit -120340 (L)
c_marks 0 l_marks 0
dq_count 16993 eq_count 16997
c_drops 0 l_drops 0

TICK_NS 2546802287737
TC_DUR_NS 1480736
NEXT 2546814329999
PLACEMENT i=1142
qdisc dualpi2 2: parent 1:10 limit 250p target 15ms tupdate 16ms alpha 0.152344 beta 3.195312 l4s_ect coupling_factor 2 drop_on_overload step_thresh 1ms drop_dequeue split_gso classic_protection 10% 
 Sent 25723113 bytes 17009 pkt (dropped 0, overlimits 0 requeues 0) 
 backlog 6056b 4p requeues 0
prob 0.001119 delay_c 3159us delay_l 0us
pkts_in_c 17001 pkts_in_l 12 maxq 8
ecn_mark 0 step_marks 0
credit -120340 (L)
c_marks 0 l_marks 0
dq_count 17009 eq_count 17013
c_drops 0 l_drops 0

TICK_NS 2546818417933
TC_DUR_NS 1520181
NEXT 2546830329999
PLACEMENT i=1143
qdisc dualpi2 2: parent 1:10 limit 250p target 15ms tupdate 16ms alpha 0.152344 beta 3.195312 l4s_ect coupling_factor 2 drop_on_overload step_thresh 1ms drop_dequeue split_gso classic_protection 10% 
 Sent 25745823 bytes 17024 pkt (dropped 0, overlimits 0 requeues 0) 
 backlog 7570b 5p requeues 0
prob 0.000000 delay_c 4977us delay_l 0us
pkts_in_c 17017 pkts_in_l 12 maxq 8
ecn_mark 0 step_marks 0
credit -120340 (L)
c_marks 0 l_marks 0
dq_count 17024 eq_count 17029
c_drops 0 l_drops 0

TICK_NS 2546834635463
TC_DUR_NS 1483592
NEXT 2546846329999
PLACEMENT i=1144
qdisc dualpi2 2: parent 1:10 limit 250p target 15ms tupdate 16ms alpha 0.152344 beta 3.195312 l4s_ect coupling_factor 2 drop_on_overload step_thresh 1ms drop_dequeue split_gso classic_protection 10% 
 Sent 25771561 bytes 17041 pkt (dropped 0, overlimits 0 requeues 0) 
 backlog 7570b 5p requeues 0
prob 0.000000 delay_c 4259us delay_l 0us
pkts_in_c 17034 pkts_in_l 12 maxq 8
ecn_mark 0 step_marks 0
credit -120340 (L)
c_marks 0 l_marks 0
dq_count 17041 eq_count 17046
c_drops 0 l_drops 0

TICK_NS 2546850219194
TC_DUR_NS 1425022
NEXT 2546862329999
PLACEMENT i=1145
qdisc dualpi2 2: parent 1:10 limit 250p target 15ms tupdate 16ms alpha 0.152344 beta 3.195312 l4s_ect coupling_factor 2 drop_on_overload step_thresh 1ms drop_dequeue split_gso classic_protection 10% 
 Sent 25794271 bytes 17056 pkt (dropped 0, overlimits 0 requeues 0) 
 backlog 6056b 4p requeues 0
prob 0.001198 delay_c 3702us delay_l 0us
pkts_in_c 17048 pkts_in_l 12 maxq 8
ecn_mark 0 step_marks 0
credit -120340 (L)
c_marks 0 l_marks 0
dq_count 17056 eq_count 17060
c_drops 0 l_drops 0

TICK_NS 2546866369668
TC_DUR_NS 1285911
NEXT 2546878329999
PLACEMENT i=1146
qdisc dualpi2 2: parent 1:10 limit 250p target 15ms tupdate 16ms alpha 0.152344 beta 3.195312 l4s_ect coupling_factor 2 drop_on_overload step_thresh 1ms drop_dequeue split_gso classic_protection 10% 
 Sent 25818495 bytes 17072 pkt (dropped 0, overlimits 0 requeues 0) 
 backlog 6056b 4p requeues 0
prob 0.000000 delay_c 3784us delay_l 0us
pkts_in_c 17064 pkts_in_l 12 maxq 8
ecn_mark 0 step_marks 0
credit -120340 (L)
c_marks 0 l_marks 0
dq_count 17072 eq_count 17076
c_drops 0 l_drops 0

TICK_NS 2546882602347
TC_DUR_NS 1405776
NEXT 2546894329999
PLACEMENT i=1147
qdisc dualpi2 2: parent 1:10 limit 250p target 15ms tupdate 16ms alpha 0.152344 beta 3.195312 l4s_ect coupling_factor 2 drop_on_overload step_thresh 1ms drop_dequeue split_gso classic_protection 10% 
 Sent 25842719 bytes 17088 pkt (dropped 0, overlimits 0 requeues 0) 
 backlog 7570b 5p requeues 0
prob 0.000000 delay_c 4798us delay_l 0us
pkts_in_c 17081 pkts_in_l 12 maxq 8
ecn_mark 0 step_marks 0
credit -120340 (L)
c_marks 0 l_marks 0
dq_count 17088 eq_count 17093
c_drops 0 l_drops 0

TICK_NS 2546898556282
TC_DUR_NS 1655293
NEXT 2546910329999
PLACEMENT i=1148
qdisc dualpi2 2: parent 1:10 limit 250p target 15ms tupdate 16ms alpha 0.152344 beta 3.195312 l4s_ect coupling_factor 2 drop_on_overload step_thresh 1ms drop_dequeue split_gso classic_protection 10% 
 Sent 25866943 bytes 17104 pkt (dropped 0, overlimits 0 requeues 0) 
 backlog 7570b 5p requeues 0
prob 0.000000 delay_c 4437us delay_l 0us
pkts_in_c 17097 pkts_in_l 12 maxq 8
ecn_mark 0 step_marks 0
credit -120340 (L)
c_marks 0 l_marks 0
dq_count 17104 eq_count 17109
c_drops 0 l_drops 0

TICK_NS 2546914498866
TC_DUR_NS 1427136
NEXT 2546926329999
PLACEMENT i=1149
qdisc dualpi2 2: parent 1:10 limit 250p target 15ms tupdate 16ms alpha 0.152344 beta 3.195312 l4s_ect coupling_factor 2 drop_on_overload step_thresh 1ms drop_dequeue split_gso classic_protection 10% 
 Sent 25891167 bytes 17120 pkt (dropped 0, overlimits 0 requeues 0) 
 backlog 6056b 4p requeues 0
prob 0.000000 delay_c 4431us delay_l 0us
pkts_in_c 17112 pkts_in_l 12 maxq 8
ecn_mark 0 step_marks 0
credit -120340 (L)
c_marks 0 l_marks 0
dq_count 17120 eq_count 17124
c_drops 0 l_drops 0

TICK_NS 2546930599828
TC_DUR_NS 1609668
NEXT 2546942329999
PLACEMENT i=1150
qdisc dualpi2 2: parent 1:10 limit 250p target 15ms tupdate 16ms alpha 0.152344 beta 3.195312 l4s_ect coupling_factor 2 drop_on_overload step_thresh 1ms drop_dequeue split_gso classic_protection 10% 
 Sent 25915391 bytes 17136 pkt (dropped 0, overlimits 0 requeues 0) 
 backlog 6056b 4p requeues 0
prob 0.000000 delay_c 3259us delay_l 0us
pkts_in_c 17128 pkts_in_l 12 maxq 8
ecn_mark 0 step_marks 0
credit -120340 (L)
c_marks 0 l_marks 0
dq_count 17136 eq_count 17140
c_drops 0 l_drops 0

TICK_NS 2546946717550
TC_DUR_NS 1506325
NEXT 2546958329999
PLACEMENT i=1151
qdisc dualpi2 2: parent 1:10 limit 250p target 15ms tupdate 16ms alpha 0.152344 beta 3.195312 l4s_ect coupling_factor 2 drop_on_overload step_thresh 1ms drop_dequeue split_gso classic_protection 10% 
 Sent 25939615 bytes 17152 pkt (dropped 0, overlimits 0 requeues 0) 
 backlog 6056b 4p requeues 0
prob 0.001050 delay_c 3262us delay_l 0us
pkts_in_c 17144 pkts_in_l 12 maxq 8
ecn_mark 0 step_marks 0
credit -120340 (L)
c_marks 0 l_marks 0
dq_count 17152 eq_count 17156
c_drops 0 l_drops 0

TICK_NS 2546962557993
TC_DUR_NS 1458655
NEXT 2546974329999
PLACEMENT i=1152
qdisc dualpi2 2: parent 1:10 limit 250p target 15ms tupdate 16ms alpha 0.152344 beta 3.195312 l4s_ect coupling_factor 2 drop_on_overload step_thresh 1ms drop_dequeue split_gso classic_protection 10% 
 Sent 25962325 bytes 17167 pkt (dropped 0, overlimits 0 requeues 0) 
 backlog 6056b 4p requeues 0
prob 0.000000 delay_c 2980us delay_l 0us
pkts_in_c 17159 pkts_in_l 12 maxq 8
ecn_mark 0 step_marks 0
credit -120340 (L)
c_marks 0 l_marks 0
dq_count 17167 eq_count 17171
c_drops 0 l_drops 0

TICK_NS 2546978317093
TC_DUR_NS 1655945
NEXT 2546990329999
PLACEMENT i=1153
qdisc dualpi2 2: parent 1:10 limit 250p target 15ms tupdate 16ms alpha 0.152344 beta 3.195312 l4s_ect coupling_factor 2 drop_on_overload step_thresh 1ms drop_dequeue split_gso classic_protection 10% 
 Sent 25986549 bytes 17183 pkt (dropped 0, overlimits 0 requeues 0) 
 backlog 6056b 4p requeues 0
prob 0.001236 delay_c 3667us delay_l 0us
pkts_in_c 17175 pkts_in_l 12 maxq 8
ecn_mark 0 step_marks 0
credit -120340 (L)
c_marks 0 l_marks 0
dq_count 17183 eq_count 17187
c_drops 0 l_drops 0

TICK_NS 2546994508063
TC_DUR_NS 1473553
NEXT 2547006329999
PLACEMENT i=1154
qdisc dualpi2 2: parent 1:10 limit 250p target 15ms tupdate 16ms alpha 0.152344 beta 3.195312 l4s_ect coupling_factor 2 drop_on_overload step_thresh 1ms drop_dequeue split_gso classic_protection 10% 
 Sent 26010773 bytes 17199 pkt (dropped 0, overlimits 0 requeues 0) 
 backlog 6056b 4p requeues 0
prob 0.000000 delay_c 3618us delay_l 0us
pkts_in_c 17191 pkts_in_l 12 maxq 8
ecn_mark 0 step_marks 0
credit -120340 (L)
c_marks 0 l_marks 0
dq_count 17199 eq_count 17203
c_drops 0 l_drops 0

TICK_NS 2547010393080
TC_DUR_NS 1498610
NEXT 2547022329999
PLACEMENT i=1155
qdisc dualpi2 2: parent 1:10 limit 250p target 15ms tupdate 16ms alpha 0.152344 beta 3.195312 l4s_ect coupling_factor 2 drop_on_overload step_thresh 1ms drop_dequeue split_gso classic_protection 10% 
 Sent 26034997 bytes 17215 pkt (dropped 0, overlimits 0 requeues 0) 
 backlog 7570b 5p requeues 0
prob 0.000000 delay_c 4412us delay_l 0us
pkts_in_c 17208 pkts_in_l 12 maxq 8
ecn_mark 0 step_marks 0
credit -120340 (L)
c_marks 0 l_marks 0
dq_count 17215 eq_count 17220
c_drops 0 l_drops 0

TICK_NS 2547026812889
TC_DUR_NS 1808781
NEXT 2547038329999
PLACEMENT i=1156
qdisc dualpi2 2: parent 1:10 limit 250p target 15ms tupdate 16ms alpha 0.152344 beta 3.195312 l4s_ect coupling_factor 2 drop_on_overload step_thresh 1ms drop_dequeue split_gso classic_protection 10% 
 Sent 26059221 bytes 17231 pkt (dropped 0, overlimits 0 requeues 0) 
 backlog 7570b 5p requeues 0
prob 0.000000 delay_c 4589us delay_l 0us
pkts_in_c 17224 pkts_in_l 12 maxq 8
ecn_mark 0 step_marks 0
credit -120340 (L)
c_marks 0 l_marks 0
dq_count 17231 eq_count 17236
c_drops 0 l_drops 0

TICK_NS 2547042311120
TC_DUR_NS 1312651
NEXT 2547054329999
PLACEMENT i=1157
qdisc dualpi2 2: parent 1:10 limit 250p target 15ms tupdate 16ms alpha 0.152344 beta 3.195312 l4s_ect coupling_factor 2 drop_on_overload step_thresh 1ms drop_dequeue split_gso classic_protection 10% 
 Sent 26083445 bytes 17247 pkt (dropped 0, overlimits 0 requeues 0) 
 backlog 7570b 5p requeues 0
prob 0.004483 delay_c 4180us delay_l 0us
pkts_in_c 17240 pkts_in_l 12 maxq 8
ecn_mark 0 step_marks 0
credit -120340 (L)
c_marks 0 l_marks 0
dq_count 17247 eq_count 17252
c_drops 0 l_drops 0

TICK_NS 2547058125804
TC_DUR_NS 1398572
NEXT 2547070329999
PLACEMENT i=1158
qdisc dualpi2 2: parent 1:10 limit 250p target 15ms tupdate 16ms alpha 0.152344 beta 3.195312 l4s_ect coupling_factor 2 drop_on_overload step_thresh 1ms drop_dequeue split_gso classic_protection 10% 
 Sent 26106155 bytes 17262 pkt (dropped 0, overlimits 0 requeues 0) 
 backlog 7570b 5p requeues 0
prob 0.002449 delay_c 4724us delay_l 0us
pkts_in_c 17255 pkts_in_l 12 maxq 8
ecn_mark 0 step_marks 0
credit -120340 (L)
c_marks 0 l_marks 0
dq_count 17262 eq_count 17267
c_drops 0 l_drops 0

TICK_NS 2547074431780
TC_DUR_NS 1449558
NEXT 2547086329999
PLACEMENT i=1159
qdisc dualpi2 2: parent 1:10 limit 250p target 15ms tupdate 16ms alpha 0.152344 beta 3.195312 l4s_ect coupling_factor 2 drop_on_overload step_thresh 1ms drop_dequeue split_gso classic_protection 10% 
 Sent 26130379 bytes 17278 pkt (dropped 0, overlimits 0 requeues 0) 
 backlog 7570b 5p requeues 0
prob 0.000000 delay_c 4862us delay_l 0us
pkts_in_c 17271 pkts_in_l 12 maxq 8
ecn_mark 0 step_marks 0
credit -120340 (L)
c_marks 0 l_marks 0
dq_count 17278 eq_count 17283
c_drops 0 l_drops 0

TICK_NS 2547090307839
TC_DUR_NS 1341415
NEXT 2547102329999
PLACEMENT i=1160
qdisc dualpi2 2: parent 1:10 limit 250p target 15ms tupdate 16ms alpha 0.152344 beta 3.195312 l4s_ect coupling_factor 2 drop_on_overload step_thresh 1ms drop_dequeue split_gso classic_protection 10% 
 Sent 26154603 bytes 17294 pkt (dropped 0, overlimits 0 requeues 0) 
 backlog 7570b 5p requeues 0
prob 0.000000 delay_c 4657us delay_l 0us
pkts_in_c 17287 pkts_in_l 12 maxq 8
ecn_mark 0 step_marks 0
credit -120340 (L)
c_marks 0 l_marks 0
dq_count 17294 eq_count 17299
c_drops 0 l_drops 0

TICK_NS 2547106495683
TC_DUR_NS 1435802
NEXT 2547118329999
PLACEMENT i=1161
qdisc dualpi2 2: parent 1:10 limit 250p target 15ms tupdate 16ms alpha 0.152344 beta 3.195312 l4s_ect coupling_factor 2 drop_on_overload step_thresh 1ms drop_dequeue split_gso classic_protection 10% 
 Sent 26178827 bytes 17310 pkt (dropped 0, overlimits 0 requeues 0) 
 backlog 6056b 4p requeues 0
prob 0.000000 delay_c 3686us delay_l 0us
pkts_in_c 17302 pkts_in_l 12 maxq 8
ecn_mark 0 step_marks 0
credit -120340 (L)
c_marks 0 l_marks 0
dq_count 17310 eq_count 17314
c_drops 0 l_drops 0

TICK_NS 2547122565817
TC_DUR_NS 1451682
NEXT 2547134329999
PLACEMENT i=1162
qdisc dualpi2 2: parent 1:10 limit 250p target 15ms tupdate 16ms alpha 0.152344 beta 3.195312 l4s_ect coupling_factor 2 drop_on_overload step_thresh 1ms drop_dequeue split_gso classic_protection 10% 
 Sent 26203051 bytes 17326 pkt (dropped 0, overlimits 0 requeues 0) 
 backlog 6056b 4p requeues 0
prob 0.001126 delay_c 3603us delay_l 0us
pkts_in_c 17318 pkts_in_l 12 maxq 8
ecn_mark 0 step_marks 0
credit -120340 (L)
c_marks 0 l_marks 0
dq_count 17326 eq_count 17330
c_drops 0 l_drops 0

TICK_NS 2547138411920
TC_DUR_NS 1356113
NEXT 2547150329999
PLACEMENT i=1163
qdisc dualpi2 2: parent 1:10 limit 250p target 15ms tupdate 16ms alpha 0.152344 beta 3.195312 l4s_ect coupling_factor 2 drop_on_overload step_thresh 1ms drop_dequeue split_gso classic_protection 10% 
 Sent 26227275 bytes 17342 pkt (dropped 0, overlimits 0 requeues 0) 
 backlog 6056b 4p requeues 0
prob 0.000000 delay_c 3321us delay_l 0us
pkts_in_c 17334 pkts_in_l 12 maxq 8
ecn_mark 0 step_marks 0
credit -120340 (L)
c_marks 0 l_marks 0
dq_count 17342 eq_count 17346
c_drops 0 l_drops 0

TICK_NS 2547154387116
TC_DUR_NS 1611983
NEXT 2547166329999
PLACEMENT i=1164
qdisc dualpi2 2: parent 1:10 limit 250p target 15ms tupdate 16ms alpha 0.152344 beta 3.195312 l4s_ect coupling_factor 2 drop_on_overload step_thresh 1ms drop_dequeue split_gso classic_protection 10% 
 Sent 26249985 bytes 17357 pkt (dropped 0, overlimits 0 requeues 0) 
 backlog 6056b 4p requeues 0
prob 0.000000 delay_c 3929us delay_l 0us
pkts_in_c 17349 pkts_in_l 12 maxq 8
ecn_mark 0 step_marks 0
credit -120340 (L)
c_marks 0 l_marks 0
dq_count 17357 eq_count 17361
c_drops 0 l_drops 0

TICK_NS 2547170482396
TC_DUR_NS 1360011
NEXT 2547182329999
PLACEMENT i=1165
qdisc dualpi2 2: parent 1:10 limit 250p target 15ms tupdate 16ms alpha 0.152344 beta 3.195312 l4s_ect coupling_factor 2 drop_on_overload step_thresh 1ms drop_dequeue split_gso classic_protection 10% 
 Sent 26275723 bytes 17374 pkt (dropped 0, overlimits 0 requeues 0) 
 backlog 7570b 5p requeues 0
prob 0.001271 delay_c 4086us delay_l 0us
pkts_in_c 17367 pkts_in_l 12 maxq 8
ecn_mark 0 step_marks 0
credit -120340 (L)
c_marks 0 l_marks 0
dq_count 17374 eq_count 17379
c_drops 0 l_drops 0

TICK_NS 2547186300557
TC_DUR_NS 1430983
NEXT 2547198329999
PLACEMENT i=1166
qdisc dualpi2 2: parent 1:10 limit 250p target 15ms tupdate 16ms alpha 0.152344 beta 3.195312 l4s_ect coupling_factor 2 drop_on_overload step_thresh 1ms drop_dequeue split_gso classic_protection 10% 
 Sent 26298433 bytes 17389 pkt (dropped 0, overlimits 0 requeues 0) 
 backlog 3028b 2p requeues 0
prob 0.000000 delay_c 3626us delay_l 0us
pkts_in_c 17379 pkts_in_l 12 maxq 8
ecn_mark 0 step_marks 0
credit -120340 (L)
c_marks 0 l_marks 0
dq_count 17389 eq_count 17391
c_drops 0 l_drops 0

TICK_NS 2547202501245
TC_DUR_NS 1442265
NEXT 2547214329999
PLACEMENT i=1167
qdisc dualpi2 2: parent 1:10 limit 250p target 15ms tupdate 16ms alpha 0.152344 beta 3.195312 l4s_ect coupling_factor 2 drop_on_overload step_thresh 1ms drop_dequeue split_gso classic_protection 10% 
 Sent 26322657 bytes 17405 pkt (dropped 0, overlimits 0 requeues 0) 
 backlog 7570b 5p requeues 0
prob 0.000000 delay_c 4813us delay_l 0us
pkts_in_c 17398 pkts_in_l 12 maxq 8
ecn_mark 0 step_marks 0
credit -120340 (L)
c_marks 0 l_marks 0
dq_count 17405 eq_count 17410
c_drops 0 l_drops 0

TICK_NS 2547218464078
TC_DUR_NS 1421926
NEXT 2547230329999
PLACEMENT i=1168
qdisc dualpi2 2: parent 1:10 limit 250p target 15ms tupdate 16ms alpha 0.152344 beta 3.195312 l4s_ect coupling_factor 2 drop_on_overload step_thresh 1ms drop_dequeue split_gso classic_protection 10% 
 Sent 26346881 bytes 17421 pkt (dropped 0, overlimits 0 requeues 0) 
 backlog 7570b 5p requeues 0
prob 0.001055 delay_c 4473us delay_l 0us
pkts_in_c 17414 pkts_in_l 12 maxq 8
ecn_mark 0 step_marks 0
credit -120340 (L)
c_marks 0 l_marks 0
dq_count 17421 eq_count 17426
c_drops 0 l_drops 0

TICK_NS 2547234496520
TC_DUR_NS 1276855
NEXT 2547246329999
PLACEMENT i=1169
qdisc dualpi2 2: parent 1:10 limit 250p target 15ms tupdate 16ms alpha 0.152344 beta 3.195312 l4s_ect coupling_factor 2 drop_on_overload step_thresh 1ms drop_dequeue split_gso classic_protection 10% 
 Sent 26371105 bytes 17437 pkt (dropped 0, overlimits 0 requeues 0) 
 backlog 6056b 4p requeues 0
prob 0.000000 delay_c 2440us delay_l 0us
pkts_in_c 17429 pkts_in_l 12 maxq 8
ecn_mark 0 step_marks 0
credit -120340 (L)
c_marks 0 l_marks 0
dq_count 17437 eq_count 17441
c_drops 0 l_drops 0

TICK_NS 2547250526829
TC_DUR_NS 1338079
NEXT 2547262329999
PLACEMENT i=1170
qdisc dualpi2 2: parent 1:10 limit 250p target 15ms tupdate 16ms alpha 0.152344 beta 3.195312 l4s_ect coupling_factor 2 drop_on_overload step_thresh 1ms drop_dequeue split_gso classic_protection 10% 
 Sent 26395329 bytes 17453 pkt (dropped 0, overlimits 0 requeues 0) 
 backlog 6056b 4p requeues 0
prob 0.001181 delay_c 3327us delay_l 0us
pkts_in_c 17445 pkts_in_l 12 maxq 8
ecn_mark 0 step_marks 0
credit -120340 (L)
c_marks 0 l_marks 0
dq_count 17453 eq_count 17457
c_drops 0 l_drops 0

TICK_NS 2547266425792
TC_DUR_NS 1410434
NEXT 2547278329999
PLACEMENT i=1171
qdisc dualpi2 2: parent 1:10 limit 250p target 15ms tupdate 16ms alpha 0.152344 beta 3.195312 l4s_ect coupling_factor 2 drop_on_overload step_thresh 1ms drop_dequeue split_gso classic_protection 10% 
 Sent 26418039 bytes 17468 pkt (dropped 0, overlimits 0 requeues 0) 
 backlog 7570b 5p requeues 0
prob 0.000000 delay_c 5008us delay_l 0us
pkts_in_c 17461 pkts_in_l 12 maxq 8
ecn_mark 0 step_marks 0
credit -120340 (L)
c_marks 0 l_marks 0
dq_count 17468 eq_count 17473
c_drops 0 l_drops 0

TICK_NS 2547282250866
TC_DUR_NS 1470087
NEXT 2547294329999
PLACEMENT i=1172
qdisc dualpi2 2: parent 1:10 limit 250p target 15ms tupdate 16ms alpha 0.152344 beta 3.195312 l4s_ect coupling_factor 2 drop_on_overload step_thresh 1ms drop_dequeue split_gso classic_protection 10% 
 Sent 26442263 bytes 17484 pkt (dropped 0, overlimits 0 requeues 0) 
 backlog 6056b 4p requeues 0
prob 0.000000 delay_c 3707us delay_l 0us
pkts_in_c 17476 pkts_in_l 12 maxq 8
ecn_mark 0 step_marks 0
credit -120340 (L)
c_marks 0 l_marks 0
dq_count 17484 eq_count 17488
c_drops 0 l_drops 0

TICK_NS 2547298398134
TC_DUR_NS 1494632
NEXT 2547310329999
PLACEMENT i=1173
qdisc dualpi2 2: parent 1:10 limit 250p target 15ms tupdate 16ms alpha 0.152344 beta 3.195312 l4s_ect coupling_factor 2 drop_on_overload step_thresh 1ms drop_dequeue split_gso classic_protection 10% 
 Sent 26466487 bytes 17500 pkt (dropped 0, overlimits 0 requeues 0) 
 backlog 6056b 4p requeues 0
prob 0.001282 delay_c 3748us delay_l 0us
pkts_in_c 17492 pkts_in_l 12 maxq 8
ecn_mark 0 step_marks 0
credit -120340 (L)
c_marks 0 l_marks 0
dq_count 17500 eq_count 17504
c_drops 0 l_drops 0

TICK_NS 2547314372237
TC_DUR_NS 1621541
NEXT 2547326329999
PLACEMENT i=1174
qdisc dualpi2 2: parent 1:10 limit 250p target 15ms tupdate 16ms alpha 0.152344 beta 3.195312 l4s_ect coupling_factor 2 drop_on_overload step_thresh 1ms drop_dequeue split_gso classic_protection 10% 
 Sent 26490711 bytes 17516 pkt (dropped 0, overlimits 0 requeues 0) 
 backlog 6056b 4p requeues 0
prob 0.000000 delay_c 3465us delay_l 0us
pkts_in_c 17508 pkts_in_l 12 maxq 8
ecn_mark 0 step_marks 0
credit -120340 (L)
c_marks 0 l_marks 0
dq_count 17516 eq_count 17520
c_drops 0 l_drops 0

TICK_NS 2547330439475
TC_DUR_NS 1244543
NEXT 2547342329999
PLACEMENT i=1175
qdisc dualpi2 2: parent 1:10 limit 250p target 15ms tupdate 16ms alpha 0.152344 beta 3.195312 l4s_ect coupling_factor 2 drop_on_overload step_thresh 1ms drop_dequeue split_gso classic_protection 10% 
 Sent 26514935 bytes 17532 pkt (dropped 0, overlimits 0 requeues 0) 
 backlog 7570b 5p requeues 0
prob 0.000000 delay_c 4577us delay_l 0us
pkts_in_c 17525 pkts_in_l 12 maxq 8
ecn_mark 0 step_marks 0
credit -120340 (L)
c_marks 0 l_marks 0
dq_count 17532 eq_count 17537
c_drops 0 l_drops 0

TICK_NS 2547346288163
TC_DUR_NS 1463063
NEXT 2547358329999
PLACEMENT i=1176
qdisc dualpi2 2: parent 1:10 limit 250p target 15ms tupdate 16ms alpha 0.152344 beta 3.195312 l4s_ect coupling_factor 2 drop_on_overload step_thresh 1ms drop_dequeue split_gso classic_protection 10% 
 Sent 26539159 bytes 17548 pkt (dropped 0, overlimits 0 requeues 0) 
 backlog 7570b 5p requeues 0
prob 0.000000 delay_c 4082us delay_l 0us
pkts_in_c 17541 pkts_in_l 12 maxq 8
ecn_mark 0 step_marks 0
credit -120340 (L)
c_marks 0 l_marks 0
dq_count 17548 eq_count 17553
c_drops 0 l_drops 0

TICK_NS 2547362468062
TC_DUR_NS 1439890
NEXT 2547374329999
PLACEMENT i=1177
qdisc dualpi2 2: parent 1:10 limit 250p target 15ms tupdate 16ms alpha 0.152344 beta 3.195312 l4s_ect coupling_factor 2 drop_on_overload step_thresh 1ms drop_dequeue split_gso classic_protection 10% 
 Sent 26563383 bytes 17564 pkt (dropped 0, overlimits 0 requeues 0) 
 backlog 7570b 5p requeues 0
prob 0.000000 delay_c 4163us delay_l 0us
pkts_in_c 17557 pkts_in_l 12 maxq 8
ecn_mark 0 step_marks 0
credit -120340 (L)
c_marks 0 l_marks 0
dq_count 17564 eq_count 17569
c_drops 0 l_drops 0

TICK_NS 2547378057685
TC_DUR_NS 1333821
NEXT 2547390329999
PLACEMENT i=1178
qdisc dualpi2 2: parent 1:10 limit 250p target 15ms tupdate 16ms alpha 0.152344 beta 3.195312 l4s_ect coupling_factor 2 drop_on_overload step_thresh 1ms drop_dequeue split_gso classic_protection 10% 
 Sent 26586093 bytes 17579 pkt (dropped 0, overlimits 0 requeues 0) 
 backlog 7570b 5p requeues 0
prob 0.000000 delay_c 4757us delay_l 0us
pkts_in_c 17572 pkts_in_l 12 maxq 8
ecn_mark 0 step_marks 0
credit -120340 (L)
c_marks 0 l_marks 0
dq_count 17579 eq_count 17584
c_drops 0 l_drops 0

TICK_NS 2547394529171
TC_DUR_NS 1363187
NEXT 2547406329999
PLACEMENT i=1179
qdisc dualpi2 2: parent 1:10 limit 250p target 15ms tupdate 16ms alpha 0.152344 beta 3.195312 l4s_ect coupling_factor 2 drop_on_overload step_thresh 1ms drop_dequeue split_gso classic_protection 10% 
 Sent 26610317 bytes 17595 pkt (dropped 0, overlimits 0 requeues 0) 
 backlog 7570b 5p requeues 0
prob 0.001125 delay_c 4972us delay_l 0us
pkts_in_c 17588 pkts_in_l 12 maxq 8
ecn_mark 0 step_marks 0
credit -120340 (L)
c_marks 0 l_marks 0
dq_count 17595 eq_count 17600
c_drops 0 l_drops 0

TICK_NS 2547410605406
TC_DUR_NS 1635717
NEXT 2547422329999
PLACEMENT i=1180
qdisc dualpi2 2: parent 1:10 limit 250p target 15ms tupdate 16ms alpha 0.152344 beta 3.195312 l4s_ect coupling_factor 2 drop_on_overload step_thresh 1ms drop_dequeue split_gso classic_protection 10% 
 Sent 26634541 bytes 17611 pkt (dropped 0, overlimits 0 requeues 0) 
 backlog 7570b 5p requeues 0
prob 0.000000 delay_c 4867us delay_l 0us
pkts_in_c 17604 pkts_in_l 12 maxq 8
ecn_mark 0 step_marks 0
credit -120340 (L)
c_marks 0 l_marks 0
dq_count 17611 eq_count 17616
c_drops 0 l_drops 0

TICK_NS 2547426347845
TC_DUR_NS 1392972
NEXT 2547438329999
PLACEMENT i=1181
qdisc dualpi2 2: parent 1:10 limit 250p target 15ms tupdate 16ms alpha 0.152344 beta 3.195312 l4s_ect coupling_factor 2 drop_on_overload step_thresh 1ms drop_dequeue split_gso classic_protection 10% 
 Sent 26658765 bytes 17627 pkt (dropped 0, overlimits 0 requeues 0) 
 backlog 6056b 4p requeues 0
prob 0.000000 delay_c 3503us delay_l 0us
pkts_in_c 17619 pkts_in_l 12 maxq 8
ecn_mark 0 step_marks 0
credit -120340 (L)
c_marks 0 l_marks 0
dq_count 17627 eq_count 17631
c_drops 0 l_drops 0

TICK_NS 2547442727168
TC_DUR_NS 1613937
NEXT 2547454329999
PLACEMENT i=1182
qdisc dualpi2 2: parent 1:10 limit 250p target 15ms tupdate 16ms alpha 0.152344 beta 3.195312 l4s_ect coupling_factor 2 drop_on_overload step_thresh 1ms drop_dequeue split_gso classic_protection 10% 
 Sent 26682989 bytes 17643 pkt (dropped 0, overlimits 0 requeues 0) 
 backlog 6056b 4p requeues 0
prob 0.001177 delay_c 3642us delay_l 0us
pkts_in_c 17635 pkts_in_l 12 maxq 8
ecn_mark 0 step_marks 0
credit -120340 (L)
c_marks 0 l_marks 0
dq_count 17643 eq_count 17647
c_drops 0 l_drops 0

TICK_NS 2547458365953
TC_DUR_NS 1471228
NEXT 2547470329999
PLACEMENT i=1183
qdisc dualpi2 2: parent 1:10 limit 250p target 15ms tupdate 16ms alpha 0.152344 beta 3.195312 l4s_ect coupling_factor 2 drop_on_overload step_thresh 1ms drop_dequeue split_gso classic_protection 10% 
 Sent 26707213 bytes 17659 pkt (dropped 0, overlimits 0 requeues 0) 
 backlog 3028b 2p requeues 0
prob 0.000000 delay_c 3209us delay_l 0us
pkts_in_c 17649 pkts_in_l 12 maxq 8
ecn_mark 0 step_marks 0
credit -120340 (L)
c_marks 0 l_marks 0
dq_count 17659 eq_count 17661
c_drops 0 l_drops 0

TICK_NS 2547474586698
TC_DUR_NS 1485155
NEXT 2547486329999
PLACEMENT i=1184
qdisc dualpi2 2: parent 1:10 limit 250p target 15ms tupdate 16ms alpha 0.152344 beta 3.195312 l4s_ect coupling_factor 2 drop_on_overload step_thresh 1ms drop_dequeue split_gso classic_protection 10% 
 Sent 26731437 bytes 17675 pkt (dropped 0, overlimits 0 requeues 0) 
 backlog 7570b 5p requeues 0
prob 0.000000 delay_c 4278us delay_l 0us
pkts_in_c 17668 pkts_in_l 12 maxq 8
ecn_mark 0 step_marks 0
credit -120340 (L)
c_marks 0 l_marks 0
dq_count 17675 eq_count 17680
c_drops 0 l_drops 0

TICK_NS 2547490582913
TC_DUR_NS 1403973
NEXT 2547502329999
PLACEMENT i=1185
qdisc dualpi2 2: parent 1:10 limit 250p target 15ms tupdate 16ms alpha 0.152344 beta 3.195312 l4s_ect coupling_factor 2 drop_on_overload step_thresh 1ms drop_dequeue split_gso classic_protection 10% 
 Sent 26755661 bytes 17691 pkt (dropped 0, overlimits 0 requeues 0) 
 backlog 7570b 5p requeues 0
prob 0.000997 delay_c 4162us delay_l 0us
pkts_in_c 17684 pkts_in_l 12 maxq 8
ecn_mark 0 step_marks 0
credit -120340 (L)
c_marks 0 l_marks 0
dq_count 17691 eq_count 17696
c_drops 0 l_drops 0

TICK_NS 2547506220956
TC_DUR_NS 1342117
NEXT 2547518329999
PLACEMENT i=1186
qdisc dualpi2 2: parent 1:10 limit 250p target 15ms tupdate 16ms alpha 0.152344 beta 3.195312 l4s_ect coupling_factor 2 drop_on_overload step_thresh 1ms drop_dequeue split_gso classic_protection 10% 
 Sent 26778371 bytes 17706 pkt (dropped 0, overlimits 0 requeues 0) 
 backlog 7570b 5p requeues 0
prob 0.000000 delay_c 1686us delay_l 0us
pkts_in_c 17699 pkts_in_l 12 maxq 8
ecn_mark 0 step_marks 0
credit -120340 (L)
c_marks 0 l_marks 0
dq_count 17706 eq_count 17711
c_drops 0 l_drops 0

TICK_NS 2547522667576
TC_DUR_NS 1652008
NEXT 2547534329999
PLACEMENT i=1187
qdisc dualpi2 2: parent 1:10 limit 250p target 15ms tupdate 16ms alpha 0.152344 beta 3.195312 l4s_ect coupling_factor 2 drop_on_overload step_thresh 1ms drop_dequeue split_gso classic_protection 10% 
 Sent 26802595 bytes 17722 pkt (dropped 0, overlimits 0 requeues 0) 
 backlog 7570b 5p requeues 0
prob 0.001139 delay_c 4869us delay_l 0us
pkts_in_c 17715 pkts_in_l 12 maxq 8
ecn_mark 0 step_marks 0
credit -120340 (L)
c_marks 0 l_marks 0
dq_count 17722 eq_count 17727
c_drops 0 l_drops 0

TICK_NS 2547538175225
TC_DUR_NS 1361082
NEXT 2547550329999
PLACEMENT i=1188
qdisc dualpi2 2: parent 1:10 limit 250p target 15ms tupdate 16ms alpha 0.152344 beta 3.195312 l4s_ect coupling_factor 2 drop_on_overload step_thresh 1ms drop_dequeue split_gso classic_protection 10% 
 Sent 26826819 bytes 17738 pkt (dropped 0, overlimits 0 requeues 0) 
 backlog 7570b 5p requeues 0
prob 0.000000 delay_c 4364us delay_l 0us
pkts_in_c 17731 pkts_in_l 12 maxq 8
ecn_mark 0 step_marks 0
credit -120340 (L)
c_marks 0 l_marks 0
dq_count 17738 eq_count 17743
c_drops 0 l_drops 0

TICK_NS 2547554595454
TC_DUR_NS 1551599
NEXT 2547566329999
PLACEMENT i=1189
qdisc dualpi2 2: parent 1:10 limit 250p target 15ms tupdate 16ms alpha 0.152344 beta 3.195312 l4s_ect coupling_factor 2 drop_on_overload step_thresh 1ms drop_dequeue split_gso classic_protection 10% 
 Sent 26851043 bytes 17754 pkt (dropped 0, overlimits 0 requeues 0) 
 backlog 6056b 4p requeues 0
prob 0.000000 delay_c 3560us delay_l 0us
pkts_in_c 17746 pkts_in_l 12 maxq 8
ecn_mark 0 step_marks 0
credit -120340 (L)
c_marks 0 l_marks 0
dq_count 17754 eq_count 17758
c_drops 0 l_drops 0

TICK_NS 2547570721643
TC_DUR_NS 1437876
NEXT 2547582329999
PLACEMENT i=1190
qdisc dualpi2 2: parent 1:10 limit 250p target 15ms tupdate 16ms alpha 0.152344 beta 3.195312 l4s_ect coupling_factor 2 drop_on_overload step_thresh 1ms drop_dequeue split_gso classic_protection 10% 
 Sent 26875267 bytes 17770 pkt (dropped 0, overlimits 0 requeues 0) 
 backlog 6056b 4p requeues 0
prob 0.001212 delay_c 3531us delay_l 0us
pkts_in_c 17762 pkts_in_l 12 maxq 8
ecn_mark 0 step_marks 0
credit -120340 (L)
c_marks 0 l_marks 0
dq_count 17770 eq_count 17774
c_drops 0 l_drops 0

TICK_NS 2547586607842
TC_DUR_NS 1557892
NEXT 2547598329999
PLACEMENT i=1191
qdisc dualpi2 2: parent 1:10 limit 250p target 15ms tupdate 16ms alpha 0.152344 beta 3.195312 l4s_ect coupling_factor 2 drop_on_overload step_thresh 1ms drop_dequeue split_gso classic_protection 10% 
 Sent 26899491 bytes 17786 pkt (dropped 0, overlimits 0 requeues 0) 
 backlog 6056b 4p requeues 0
prob 0.000000 delay_c 3328us delay_l 0us
pkts_in_c 17778 pkts_in_l 12 maxq 8
ecn_mark 0 step_marks 0
credit -120340 (L)
c_marks 0 l_marks 0
dq_count 17786 eq_count 17790
c_drops 0 l_drops 0

TICK_NS 2547602480895
TC_DUR_NS 1395336
NEXT 2547614329999
PLACEMENT i=1192
qdisc dualpi2 2: parent 1:10 limit 250p target 15ms tupdate 16ms alpha 0.152344 beta 3.195312 l4s_ect coupling_factor 2 drop_on_overload step_thresh 1ms drop_dequeue split_gso classic_protection 10% 
 Sent 26922201 bytes 17801 pkt (dropped 0, overlimits 0 requeues 0) 
 backlog 6056b 4p requeues 0
prob 0.000000 delay_c 4019us delay_l 0us
pkts_in_c 17793 pkts_in_l 12 maxq 8
ecn_mark 0 step_marks 0
credit -120340 (L)
c_marks 0 l_marks 0
dq_count 17801 eq_count 17805
c_drops 0 l_drops 0

TICK_NS 2547618346024
TC_DUR_NS 1370800
NEXT 2547630329999
PLACEMENT i=1193
qdisc dualpi2 2: parent 1:10 limit 250p target 15ms tupdate 16ms alpha 0.152344 beta 3.195312 l4s_ect coupling_factor 2 drop_on_overload step_thresh 1ms drop_dequeue split_gso classic_protection 10% 
 Sent 26946425 bytes 17817 pkt (dropped 0, overlimits 0 requeues 0) 
 backlog 6056b 4p requeues 0
prob 0.000000 delay_c 3810us delay_l 0us
pkts_in_c 17809 pkts_in_l 12 maxq 8
ecn_mark 0 step_marks 0
credit -120340 (L)
c_marks 0 l_marks 0
dq_count 17817 eq_count 17821
c_drops 0 l_drops 0

TICK_NS 2547634237373
TC_DUR_NS 1247319
NEXT 2547646329999
PLACEMENT i=1194
qdisc dualpi2 2: parent 1:10 limit 250p target 15ms tupdate 16ms alpha 0.152344 beta 3.195312 l4s_ect coupling_factor 2 drop_on_overload step_thresh 1ms drop_dequeue split_gso classic_protection 10% 
 Sent 26970649 bytes 17833 pkt (dropped 0, overlimits 0 requeues 0) 
 backlog 6056b 4p requeues 0
prob 0.000000 delay_c 3554us delay_l 0us
pkts_in_c 17825 pkts_in_l 12 maxq 8
ecn_mark 0 step_marks 0
credit -120340 (L)
c_marks 0 l_marks 0
dq_count 17833 eq_count 17837
c_drops 0 l_drops 0

TICK_NS 2547650783980
TC_DUR_NS 1616541
NEXT 2547662329999
PLACEMENT i=1195
qdisc dualpi2 2: parent 1:10 limit 250p target 15ms tupdate 16ms alpha 0.152344 beta 3.195312 l4s_ect coupling_factor 2 drop_on_overload step_thresh 1ms drop_dequeue split_gso classic_protection 10% 
 Sent 26994873 bytes 17849 pkt (dropped 0, overlimits 0 requeues 0) 
 backlog 7570b 5p requeues 0
prob 0.004475 delay_c 4860us delay_l 0us
pkts_in_c 17842 pkts_in_l 12 maxq 8
ecn_mark 0 step_marks 0
credit -120340 (L)
c_marks 0 l_marks 0
dq_count 17849 eq_count 17854
c_drops 0 l_drops 0

TICK_NS 2547666670869
TC_DUR_NS 1534888
NEXT 2547678329999
PLACEMENT i=1196
qdisc dualpi2 2: parent 1:10 limit 250p target 15ms tupdate 16ms alpha 0.152344 beta 3.195312 l4s_ect coupling_factor 2 drop_on_overload step_thresh 1ms drop_dequeue split_gso classic_protection 10% 
 Sent 27019097 bytes 17865 pkt (dropped 0, overlimits 0 requeues 0) 
 backlog 7570b 5p requeues 0
prob 0.000000 delay_c 4434us delay_l 0us
pkts_in_c 17858 pkts_in_l 12 maxq 8
ecn_mark 0 step_marks 0
credit -120340 (L)
c_marks 0 l_marks 0
dq_count 17865 eq_count 17870
c_drops 0 l_drops 0

TICK_NS 2547682564602
TC_DUR_NS 1436263
NEXT 2547694329999
PLACEMENT i=1197
qdisc dualpi2 2: parent 1:10 limit 250p target 15ms tupdate 16ms alpha 0.152344 beta 3.195312 l4s_ect coupling_factor 2 drop_on_overload step_thresh 1ms drop_dequeue split_gso classic_protection 10% 
 Sent 27043321 bytes 17881 pkt (dropped 0, overlimits 0 requeues 0) 
 backlog 7570b 5p requeues 0
prob 0.000000 delay_c 4408us delay_l 0us
pkts_in_c 17874 pkts_in_l 12 maxq 8
ecn_mark 0 step_marks 0
credit -120340 (L)
c_marks 0 l_marks 0
dq_count 17881 eq_count 17886
c_drops 0 l_drops 0

TICK_NS 2547698399585
TC_DUR_NS 1548874
NEXT 2547710329999
PLACEMENT i=1198
qdisc dualpi2 2: parent 1:10 limit 250p target 15ms tupdate 16ms alpha 0.152344 beta 3.195312 l4s_ect coupling_factor 2 drop_on_overload step_thresh 1ms drop_dequeue split_gso classic_protection 10% 
 Sent 27066031 bytes 17896 pkt (dropped 0, overlimits 0 requeues 0) 
 backlog 7570b 5p requeues 0
prob 0.000000 delay_c 4918us delay_l 0us
pkts_in_c 17889 pkts_in_l 12 maxq 8
ecn_mark 0 step_marks 0
credit -120340 (L)
c_marks 0 l_marks 0
dq_count 17896 eq_count 17901
c_drops 0 l_drops 0

TICK_NS 2547714623116
TC_DUR_NS 1449518
NEXT 2547726329999
PLACEMENT i=1199
qdisc dualpi2 2: parent 1:10 limit 250p target 15ms tupdate 16ms alpha 0.152344 beta 3.195312 l4s_ect coupling_factor 2 drop_on_overload step_thresh 1ms drop_dequeue split_gso classic_protection 10% 
 Sent 27091769 bytes 17913 pkt (dropped 0, overlimits 0 requeues 0) 
 backlog 6056b 4p requeues 0
prob 0.001164 delay_c 3096us delay_l 0us
pkts_in_c 17905 pkts_in_l 12 maxq 8
ecn_mark 0 step_marks 0
credit -120340 (L)
c_marks 0 l_marks 0
dq_count 17913 eq_count 17917
c_drops 0 l_drops 0

TICK_NS 2547730093024
TC_DUR_NS 1452954
NEXT 2547742329999
PLACEMENT i=1200
qdisc dualpi2 2: parent 1:10 limit 250p target 15ms tupdate 16ms alpha 0.152344 beta 3.195312 l4s_ect coupling_factor 2 drop_on_overload step_thresh 1ms drop_dequeue split_gso classic_protection 10% 
 Sent 27114479 bytes 17928 pkt (dropped 0, overlimits 0 requeues 0) 
 backlog 4542b 3p requeues 0
prob 0.000000 delay_c 4438us delay_l 0us
pkts_in_c 17919 pkts_in_l 12 maxq 8
ecn_mark 0 step_marks 0
credit -120340 (L)
c_marks 0 l_marks 0
dq_count 17928 eq_count 17931
c_drops 0 l_drops 0

TICK_NS 2547746584347
TC_DUR_NS 1495594
NEXT 2547758329999
PLACEMENT i=1201
qdisc dualpi2 2: parent 1:10 limit 250p target 15ms tupdate 16ms alpha 0.152344 beta 3.195312 l4s_ect coupling_factor 2 drop_on_overload step_thresh 1ms drop_dequeue split_gso classic_protection 10% 
 Sent 27138703 bytes 17944 pkt (dropped 0, overlimits 0 requeues 0) 
 backlog 6056b 4p requeues 0
prob 0.000000 delay_c 3786us delay_l 0us
pkts_in_c 17936 pkts_in_l 12 maxq 8
ecn_mark 0 step_marks 0
credit -120340 (L)
c_marks 0 l_marks 0
dq_count 17944 eq_count 17948
c_drops 0 l_drops 0

TICK_NS 2547762315655
TC_DUR_NS 1474425
NEXT 2547774329999
PLACEMENT i=1202
qdisc dualpi2 2: parent 1:10 limit 250p target 15ms tupdate 16ms alpha 0.152344 beta 3.195312 l4s_ect coupling_factor 2 drop_on_overload step_thresh 1ms drop_dequeue split_gso classic_protection 10% 
 Sent 27162927 bytes 17960 pkt (dropped 0, overlimits 0 requeues 0) 
 backlog 6056b 4p requeues 0
prob 0.007736 delay_c 3324us delay_l 0us
pkts_in_c 17952 pkts_in_l 12 maxq 8
ecn_mark 0 step_marks 0
credit -120340 (L)
c_marks 0 l_marks 0
dq_count 17960 eq_count 17964
c_drops 0 l_drops 0

TICK_NS 2547778254462
TC_DUR_NS 1305618
NEXT 2547790329999
PLACEMENT i=1203
qdisc dualpi2 2: parent 1:10 limit 250p target 15ms tupdate 16ms alpha 0.152344 beta 3.195312 l4s_ect coupling_factor 2 drop_on_overload step_thresh 1ms drop_dequeue split_gso classic_protection 10% 
 Sent 27187151 bytes 17976 pkt (dropped 0, overlimits 0 requeues 0) 
 backlog 7570b 5p requeues 0
prob 0.005781 delay_c 1165us delay_l 0us
pkts_in_c 17969 pkts_in_l 12 maxq 8
ecn_mark 0 step_marks 0
credit -120340 (L)
c_marks 0 l_marks 0
dq_count 17976 eq_count 17981
c_drops 0 l_drops 0

TICK_NS 2547794496658
TC_DUR_NS 1367364
NEXT 2547806329999
PLACEMENT i=1204
qdisc dualpi2 2: parent 1:10 limit 250p target 15ms tupdate 16ms alpha 0.152344 beta 3.195312 l4s_ect coupling_factor 2 drop_on_overload step_thresh 1ms drop_dequeue split_gso classic_protection 10% 
 Sent 27211375 bytes 17992 pkt (dropped 0, overlimits 0 requeues 0) 
 backlog 7570b 5p requeues 0
prob 0.000411 delay_c 4318us delay_l 0us
pkts_in_c 17985 pkts_in_l 12 maxq 8
ecn_mark 0 step_marks 0
credit -120340 (L)
c_marks 0 l_marks 0
dq_count 17992 eq_count 17997
c_drops 0 l_drops 0

TICK_NS 2547810471813
TC_DUR_NS 1625217
NEXT 2547822329999
PLACEMENT i=1205
qdisc dualpi2 2: parent 1:10 limit 250p target 15ms tupdate 16ms alpha 0.152344 beta 3.195312 l4s_ect coupling_factor 2 drop_on_overload step_thresh 1ms drop_dequeue split_gso classic_protection 10% 
 Sent 27235599 bytes 18008 pkt (dropped 0, overlimits 0 requeues 0) 
 backlog 7570b 5p requeues 0
prob 0.000000 delay_c 4082us delay_l 0us
pkts_in_c 18001 pkts_in_l 12 maxq 8
ecn_mark 0 step_marks 0
credit -120340 (L)
c_marks 0 l_marks 0
dq_count 18008 eq_count 18013
c_drops 0 l_drops 0

TICK_NS 2547826223289
TC_DUR_NS 1411727
NEXT 2547838329999
PLACEMENT i=1206
qdisc dualpi2 2: parent 1:10 limit 250p target 15ms tupdate 16ms alpha 0.152344 beta 3.195312 l4s_ect coupling_factor 2 drop_on_overload step_thresh 1ms drop_dequeue split_gso classic_protection 10% 
 Sent 27258309 bytes 18023 pkt (dropped 0, overlimits 0 requeues 0) 
 backlog 7570b 5p requeues 0
prob 0.000000 delay_c 3686us delay_l 0us
pkts_in_c 18016 pkts_in_l 12 maxq 8
ecn_mark 0 step_marks 0
credit -120340 (L)
c_marks 0 l_marks 0
dq_count 18023 eq_count 18028
c_drops 0 l_drops 0

TICK_NS 2547842385225
TC_DUR_NS 1457453
NEXT 2547854329999
PLACEMENT i=1207
qdisc dualpi2 2: parent 1:10 limit 250p target 15ms tupdate 16ms alpha 0.152344 beta 3.195312 l4s_ect coupling_factor 2 drop_on_overload step_thresh 1ms drop_dequeue split_gso classic_protection 10% 
 Sent 27282533 bytes 18039 pkt (dropped 0, overlimits 0 requeues 0) 
 backlog 7570b 5p requeues 0
prob 0.001198 delay_c 4749us delay_l 0us
pkts_in_c 18032 pkts_in_l 12 maxq 8
ecn_mark 0 step_marks 0
credit -120340 (L)
c_marks 0 l_marks 0
dq_count 18039 eq_count 18044
c_drops 0 l_drops 0

TICK_NS 2547858480405
TC_DUR_NS 1526913
NEXT 2547870329999
PLACEMENT i=1208
qdisc dualpi2 2: parent 1:10 limit 250p target 15ms tupdate 16ms alpha 0.152344 beta 3.195312 l4s_ect coupling_factor 2 drop_on_overload step_thresh 1ms drop_dequeue split_gso classic_protection 10% 
 Sent 27306757 bytes 18055 pkt (dropped 0, overlimits 0 requeues 0) 
 backlog 7570b 5p requeues 0
prob 0.000000 delay_c 4590us delay_l 0us
pkts_in_c 18048 pkts_in_l 12 maxq 8
ecn_mark 0 step_marks 0
credit -120340 (L)
c_marks 0 l_marks 0
dq_count 18055 eq_count 18060
c_drops 0 l_drops 0

TICK_NS 2547874612976
TC_DUR_NS 1357225
NEXT 2547886329999
PLACEMENT i=1209
qdisc dualpi2 2: parent 1:10 limit 250p target 15ms tupdate 16ms alpha 0.152344 beta 3.195312 l4s_ect coupling_factor 2 drop_on_overload step_thresh 1ms drop_dequeue split_gso classic_protection 10% 
 Sent 27330981 bytes 18071 pkt (dropped 0, overlimits 0 requeues 0) 
 backlog 6056b 4p requeues 0
prob 0.000000 delay_c 3654us delay_l 0us
pkts_in_c 18063 pkts_in_l 12 maxq 8
ecn_mark 0 step_marks 0
credit -120340 (L)
c_marks 0 l_marks 0
dq_count 18071 eq_count 18075
c_drops 0 l_drops 0

TICK_NS 2547890577161
TC_DUR_NS 1683797
NEXT 2547902329999
PLACEMENT i=1210
qdisc dualpi2 2: parent 1:10 limit 250p target 15ms tupdate 16ms alpha 0.152344 beta 3.195312 l4s_ect coupling_factor 2 drop_on_overload step_thresh 1ms drop_dequeue split_gso classic_protection 10% 
 Sent 27355205 bytes 18087 pkt (dropped 0, overlimits 0 requeues 0) 
 backlog 6056b 4p requeues 0
prob 0.001271 delay_c 3285us delay_l 0us
pkts_in_c 18079 pkts_in_l 12 maxq 8
ecn_mark 0 step_marks 0
credit -120340 (L)
c_marks 0 l_marks 0
dq_count 18087 eq_count 18091
c_drops 0 l_drops 0

TICK_NS 2547906484328
TC_DUR_NS 1404584
NEXT 2547918329999
PLACEMENT i=1211
qdisc dualpi2 2: parent 1:10 limit 250p target 15ms tupdate 16ms alpha 0.152344 beta 3.195312 l4s_ect coupling_factor 2 drop_on_overload step_thresh 1ms drop_dequeue split_gso classic_protection 10% 
 Sent 27379429 bytes 18103 pkt (dropped 0, overlimits 0 requeues 0) 
 backlog 6056b 4p requeues 0
prob 0.000000 delay_c 3229us delay_l 0us
pkts_in_c 18095 pkts_in_l 12 maxq 8
ecn_mark 0 step_marks 0
credit -120340 (L)
c_marks 0 l_marks 0
dq_count 18103 eq_count 18107
c_drops 0 l_drops 0

TICK_NS 2547922278324
TC_DUR_NS 1558953
NEXT 2547934329999
PLACEMENT i=1212
qdisc dualpi2 2: parent 1:10 limit 250p target 15ms tupdate 16ms alpha 0.152344 beta 3.195312 l4s_ect coupling_factor 2 drop_on_overload step_thresh 1ms drop_dequeue split_gso classic_protection 10% 
 Sent 27402139 bytes 18118 pkt (dropped 0, overlimits 0 requeues 0) 
 backlog 6056b 4p requeues 0
prob 0.000000 delay_c 3900us delay_l 0us
pkts_in_c 18110 pkts_in_l 12 maxq 8
ecn_mark 0 step_marks 0
credit -120340 (L)
c_marks 0 l_marks 0
dq_count 18118 eq_count 18122
c_drops 0 l_drops 0

TICK_NS 2547937954709
TC_DUR_NS 1355131
NEXT 2547950329999
PLACEMENT i=1213
qdisc dualpi2 2: parent 1:10 limit 250p target 15ms tupdate 16ms alpha 0.152344 beta 3.195312 l4s_ect coupling_factor 2 drop_on_overload step_thresh 1ms drop_dequeue split_gso classic_protection 10% 
 Sent 27426363 bytes 18134 pkt (dropped 0, overlimits 0 requeues 0) 
 backlog 6056b 4p requeues 0
prob 0.000000 delay_c 3473us delay_l 0us
pkts_in_c 18126 pkts_in_l 12 maxq 8
ecn_mark 0 step_marks 0
credit -120340 (L)
c_marks 0 l_marks 0
dq_count 18134 eq_count 18138
c_drops 0 l_drops 0

TICK_NS 2547954657489
TC_DUR_NS 1357786
NEXT 2547966329999
PLACEMENT i=1214
qdisc dualpi2 2: parent 1:10 limit 250p target 15ms tupdate 16ms alpha 0.152344 beta 3.195312 l4s_ect coupling_factor 2 drop_on_overload step_thresh 1ms drop_dequeue split_gso classic_protection 10% 
 Sent 27450587 bytes 18150 pkt (dropped 0, overlimits 0 requeues 0) 
 backlog 6056b 4p requeues 0
prob 0.000000 delay_c 3892us delay_l 0us
pkts_in_c 18142 pkts_in_l 12 maxq 8
ecn_mark 0 step_marks 0
credit -120340 (L)
c_marks 0 l_marks 0
dq_count 18150 eq_count 18154
c_drops 0 l_drops 0

TICK_NS 2547970380251
TC_DUR_NS 1456311
NEXT 2547982329999
PLACEMENT i=1215
qdisc dualpi2 2: parent 1:10 limit 250p target 15ms tupdate 16ms alpha 0.152344 beta 3.195312 l4s_ect coupling_factor 2 drop_on_overload step_thresh 1ms drop_dequeue split_gso classic_protection 10% 
 Sent 27474811 bytes 18166 pkt (dropped 0, overlimits 0 requeues 0) 
 backlog 7570b 5p requeues 0
prob 0.000000 delay_c 4483us delay_l 0us
pkts_in_c 18159 pkts_in_l 12 maxq 8
ecn_mark 0 step_marks 0
credit -120340 (L)
c_marks 0 l_marks 0
dq_count 18166 eq_count 18171
c_drops 0 l_drops 0

TICK_NS 2547986514034
TC_DUR_NS 1663258
NEXT 2547998329999
PLACEMENT i=1216
qdisc dualpi2 2: parent 1:10 limit 250p target 15ms tupdate 16ms alpha 0.152344 beta 3.195312 l4s_ect coupling_factor 2 drop_on_overload step_thresh 1ms drop_dequeue split_gso classic_protection 10% 
 Sent 27499035 bytes 18182 pkt (dropped 0, overlimits 0 requeues 0) 
 backlog 7570b 5p requeues 0
prob 0.001157 delay_c 4412us delay_l 0us
pkts_in_c 18175 pkts_in_l 12 maxq 8
ecn_mark 0 step_marks 0
credit -120340 (L)
c_marks 0 l_marks 0
dq_count 18182 eq_count 18187
c_drops 0 l_drops 0

TICK_NS 2548002198765
TC_DUR_NS 1460669
NEXT 2548014329999
PLACEMENT i=1217
qdisc dualpi2 2: parent 1:10 limit 250p target 15ms tupdate 16ms alpha 0.152344 beta 3.195312 l4s_ect coupling_factor 2 drop_on_overload step_thresh 1ms drop_dequeue split_gso classic_protection 10% 
 Sent 27523259 bytes 18198 pkt (dropped 0, overlimits 0 requeues 0) 
 backlog 4542b 3p requeues 0
prob 0.000000 delay_c 4062us delay_l 0us
pkts_in_c 18189 pkts_in_l 12 maxq 8
ecn_mark 0 step_marks 0
credit -120340 (L)
c_marks 0 l_marks 0
dq_count 18198 eq_count 18201
c_drops 0 l_drops 0

TICK_NS 2548018641316
TC_DUR_NS 1487189
NEXT 2548030329999
PLACEMENT i=1218
qdisc dualpi2 2: parent 1:10 limit 250p target 15ms tupdate 16ms alpha 0.152344 beta 3.195312 l4s_ect coupling_factor 2 drop_on_overload step_thresh 1ms drop_dequeue split_gso classic_protection 10% 
 Sent 27547483 bytes 18214 pkt (dropped 0, overlimits 0 requeues 0) 
 backlog 6056b 4p requeues 0
prob 0.000000 delay_c 3200us delay_l 0us
pkts_in_c 18206 pkts_in_l 12 maxq 8
ecn_mark 0 step_marks 0
credit -120340 (L)
c_marks 0 l_marks 0
dq_count 18214 eq_count 18218
c_drops 0 l_drops 0

TICK_NS 2548034658120
TC_DUR_NS 1547051
NEXT 2548046329999
PLACEMENT i=1219
qdisc dualpi2 2: parent 1:10 limit 250p target 15ms tupdate 16ms alpha 0.152344 beta 3.195312 l4s_ect coupling_factor 2 drop_on_overload step_thresh 1ms drop_dequeue split_gso classic_protection 10% 
 Sent 27571707 bytes 18230 pkt (dropped 0, overlimits 0 requeues 0) 
 backlog 6056b 4p requeues 0
prob 0.007704 delay_c 3078us delay_l 0us
pkts_in_c 18222 pkts_in_l 12 maxq 8
ecn_mark 0 step_marks 0
credit -120340 (L)
c_marks 0 l_marks 0
dq_count 18230 eq_count 18234
c_drops 0 l_drops 0

TICK_NS 2548050164456
TC_DUR_NS 1325836
NEXT 2548062329999
PLACEMENT i=1220
qdisc dualpi2 2: parent 1:10 limit 250p target 15ms tupdate 16ms alpha 0.152344 beta 3.195312 l4s_ect coupling_factor 2 drop_on_overload step_thresh 1ms drop_dequeue split_gso classic_protection 10% 
 Sent 27594417 bytes 18245 pkt (dropped 0, overlimits 0 requeues 0) 
 backlog 6056b 4p requeues 0
prob 0.005689 delay_c 4630us delay_l 0us
pkts_in_c 18237 pkts_in_l 12 maxq 8
ecn_mark 0 step_marks 0
credit -120340 (L)
c_marks 0 l_marks 0
dq_count 18245 eq_count 18249
c_drops 0 l_drops 0

TICK_NS 2548066727995
TC_DUR_NS 1534277
NEXT 2548078329999
PLACEMENT i=1221
qdisc dualpi2 2: parent 1:10 limit 250p target 15ms tupdate 16ms alpha 0.152344 beta 3.195312 l4s_ect coupling_factor 2 drop_on_overload step_thresh 1ms drop_dequeue split_gso classic_protection 10% 
 Sent 27618641 bytes 18261 pkt (dropped 0, overlimits 0 requeues 0) 
 backlog 6056b 4p requeues 0
prob 0.000276 delay_c 3902us delay_l 0us
pkts_in_c 18253 pkts_in_l 12 maxq 8
ecn_mark 0 step_marks 0
credit -120340 (L)
c_marks 0 l_marks 0
dq_count 18261 eq_count 18265
c_drops 0 l_drops 0

TICK_NS 2548082342063
TC_DUR_NS 1340644
NEXT 2548094329999
PLACEMENT i=1222
qdisc dualpi2 2: parent 1:10 limit 250p target 15ms tupdate 16ms alpha 0.152344 beta 3.195312 l4s_ect coupling_factor 2 drop_on_overload step_thresh 1ms drop_dequeue split_gso classic_protection 10% 
 Sent 27642865 bytes 18277 pkt (dropped 0, overlimits 0 requeues 0) 
 backlog 6056b 4p requeues 0
prob 0.000000 delay_c 3507us delay_l 0us
pkts_in_c 18269 pkts_in_l 12 maxq 8
ecn_mark 0 step_marks 0
credit -120340 (L)
c_marks 0 l_marks 0
dq_count 18277 eq_count 18281
c_drops 0 l_drops 0

TICK_NS 2548098649321
TC_DUR_NS 1572098
NEXT 2548110329999
PLACEMENT i=1223
qdisc dualpi2 2: parent 1:10 limit 250p target 15ms tupdate 16ms alpha 0.152344 beta 3.195312 l4s_ect coupling_factor 2 drop_on_overload step_thresh 1ms drop_dequeue split_gso classic_protection 10% 
 Sent 27667089 bytes 18293 pkt (dropped 0, overlimits 0 requeues 0) 
 backlog 7570b 5p requeues 0
prob 0.000000 delay_c 3589us delay_l 0us
pkts_in_c 18286 pkts_in_l 12 maxq 8
ecn_mark 0 step_marks 0
credit -120340 (L)
c_marks 0 l_marks 0
dq_count 18293 eq_count 18298
c_drops 0 l_drops 0

TICK_NS 2548114458695
TC_DUR_NS 1378064
NEXT 2548126329999
PLACEMENT i=1224
qdisc dualpi2 2: parent 1:10 limit 250p target 15ms tupdate 16ms alpha 0.152344 beta 3.195312 l4s_ect coupling_factor 2 drop_on_overload step_thresh 1ms drop_dequeue split_gso classic_protection 10% 
 Sent 27691313 bytes 18309 pkt (dropped 0, overlimits 0 requeues 0) 
 backlog 7570b 5p requeues 0
prob 0.001141 delay_c 4311us delay_l 0us
pkts_in_c 18302 pkts_in_l 12 maxq 8
ecn_mark 0 step_marks 0
credit -120340 (L)
c_marks 0 l_marks 0
dq_count 18309 eq_count 18314
c_drops 0 l_drops 0

TICK_NS 2548130402833
TC_DUR_NS 1412539
NEXT 2548142329999
PLACEMENT i=1225
qdisc dualpi2 2: parent 1:10 limit 250p target 15ms tupdate 16ms alpha 0.152344 beta 3.195312 l4s_ect coupling_factor 2 drop_on_overload step_thresh 1ms drop_dequeue split_gso classic_protection 10% 
 Sent 27715537 bytes 18325 pkt (dropped 0, overlimits 0 requeues 0) 
 backlog 7570b 5p requeues 0
prob 0.000000 delay_c 4106us delay_l 0us
pkts_in_c 18318 pkts_in_l 12 maxq 8
ecn_mark 0 step_marks 0
credit -120340 (L)
c_marks 0 l_marks 0
dq_count 18325 eq_count 18330
c_drops 0 l_drops 0

TICK_NS 2548146123942
TC_DUR_NS 1420313
NEXT 2548158329999
PLACEMENT i=1226
qdisc dualpi2 2: parent 1:10 limit 250p target 15ms tupdate 16ms alpha 0.152344 beta 3.195312 l4s_ect coupling_factor 2 drop_on_overload step_thresh 1ms drop_dequeue split_gso classic_protection 10% 
 Sent 27738247 bytes 18340 pkt (dropped 0, overlimits 0 requeues 0) 
 backlog 7570b 5p requeues 0
prob 0.000000 delay_c 4631us delay_l 0us
pkts_in_c 18333 pkts_in_l 12 maxq 8
ecn_mark 0 step_marks 0
credit -120340 (L)
c_marks 0 l_marks 0
dq_count 18340 eq_count 18345
c_drops 0 l_drops 0

TICK_NS 2548162577003
TC_DUR_NS 1492408
NEXT 2548174329999
PLACEMENT i=1227
qdisc dualpi2 2: parent 1:10 limit 250p target 15ms tupdate 16ms alpha 0.152344 beta 3.195312 l4s_ect coupling_factor 2 drop_on_overload step_thresh 1ms drop_dequeue split_gso classic_protection 10% 
 Sent 27762471 bytes 18356 pkt (dropped 0, overlimits 0 requeues 0) 
 backlog 7570b 5p requeues 0
prob 0.001237 delay_c 4952us delay_l 0us
pkts_in_c 18349 pkts_in_l 12 maxq 8
ecn_mark 0 step_marks 0
credit -120340 (L)
c_marks 0 l_marks 0
dq_count 18356 eq_count 18361
c_drops 0 l_drops 0

TICK_NS 2548178321305
TC_DUR_NS 1481979
NEXT 2548190329999
PLACEMENT i=1228
qdisc dualpi2 2: parent 1:10 limit 250p target 15ms tupdate 16ms alpha 0.152344 beta 3.195312 l4s_ect coupling_factor 2 drop_on_overload step_thresh 1ms drop_dequeue split_gso classic_protection 10% 
 Sent 27786695 bytes 18372 pkt (dropped 0, overlimits 0 requeues 0) 
 backlog 7570b 5p requeues 0
prob 0.000000 delay_c 4392us delay_l 0us
pkts_in_c 18365 pkts_in_l 12 maxq 8
ecn_mark 0 step_marks 0
credit -120340 (L)
c_marks 0 l_marks 0
dq_count 18372 eq_count 18377
c_drops 0 l_drops 0

TICK_NS 2548194586905
TC_DUR_NS 1450950
NEXT 2548206329999
PLACEMENT i=1229
qdisc dualpi2 2: parent 1:10 limit 250p target 15ms tupdate 16ms alpha 0.152344 beta 3.195312 l4s_ect coupling_factor 2 drop_on_overload step_thresh 1ms drop_dequeue split_gso classic_protection 10% 
 Sent 27810919 bytes 18388 pkt (dropped 0, overlimits 0 requeues 0) 
 backlog 6056b 4p requeues 0
prob 0.000000 delay_c 3723us delay_l 0us
pkts_in_c 18380 pkts_in_l 12 maxq 8
ecn_mark 0 step_marks 0
credit -120340 (L)
c_marks 0 l_marks 0
dq_count 18388 eq_count 18392
c_drops 0 l_drops 0

TICK_NS 2548210608027
TC_DUR_NS 1301150
NEXT 2548222329999
PLACEMENT i=1230
qdisc dualpi2 2: parent 1:10 limit 250p target 15ms tupdate 16ms alpha 0.152344 beta 3.195312 l4s_ect coupling_factor 2 drop_on_overload step_thresh 1ms drop_dequeue split_gso classic_protection 10% 
 Sent 27835143 bytes 18404 pkt (dropped 0, overlimits 0 requeues 0) 
 backlog 6056b 4p requeues 0
prob 0.000000 delay_c 3589us delay_l 0us
pkts_in_c 18396 pkts_in_l 12 maxq 8
ecn_mark 0 step_marks 0
credit -120340 (L)
c_marks 0 l_marks 0
dq_count 18404 eq_count 18408
c_drops 0 l_drops 0

TICK_NS 2548226608269
TC_DUR_NS 1503980
NEXT 2548238329999
PLACEMENT i=1231
qdisc dualpi2 2: parent 1:10 limit 250p target 15ms tupdate 16ms alpha 0.152344 beta 3.195312 l4s_ect coupling_factor 2 drop_on_overload step_thresh 1ms drop_dequeue split_gso classic_protection 10% 
 Sent 27859367 bytes 18420 pkt (dropped 0, overlimits 0 requeues 0) 
 backlog 6056b 4p requeues 0
prob 0.000000 delay_c 3368us delay_l 0us
pkts_in_c 18412 pkts_in_l 12 maxq 8
ecn_mark 0 step_marks 0
credit -120340 (L)
c_marks 0 l_marks 0
dq_count 18420 eq_count 18424
c_drops 0 l_drops 0

TICK_NS 2548243070097
TC_DUR_NS 1792040
NEXT 2548254329999
PLACEMENT i=1232
qdisc dualpi2 2: parent 1:10 limit 250p target 15ms tupdate 16ms alpha 0.152344 beta 3.195312 l4s_ect coupling_factor 2 drop_on_overload step_thresh 1ms drop_dequeue split_gso classic_protection 10% 
 Sent 27883591 bytes 18436 pkt (dropped 0, overlimits 0 requeues 0) 
 backlog 7570b 5p requeues 0
prob 0.000000 delay_c 4606us delay_l 0us
pkts_in_c 18429 pkts_in_l 12 maxq 8
ecn_mark 0 step_marks 0
credit -120340 (L)
c_marks 0 l_marks 0
dq_count 18436 eq_count 18441
c_drops 0 l_drops 0

TICK_NS 2548258372120
TC_DUR_NS 1319574
NEXT 2548270329999
PLACEMENT i=1233
qdisc dualpi2 2: parent 1:10 limit 250p target 15ms tupdate 16ms alpha 0.152344 beta 3.195312 l4s_ect coupling_factor 2 drop_on_overload step_thresh 1ms drop_dequeue split_gso classic_protection 10% 
 Sent 27906301 bytes 18451 pkt (dropped 0, overlimits 0 requeues 0) 
 backlog 6056b 4p requeues 0
prob 0.001079 delay_c 3861us delay_l 0us
pkts_in_c 18443 pkts_in_l 12 maxq 8
ecn_mark 0 step_marks 0
credit -120340 (L)
c_marks 0 l_marks 0
dq_count 18451 eq_count 18455
c_drops 0 l_drops 0

TICK_NS 2548274223413
TC_DUR_NS 1454698
NEXT 2548286329999
PLACEMENT i=1234
qdisc dualpi2 2: parent 1:10 limit 250p target 15ms tupdate 16ms alpha 0.152344 beta 3.195312 l4s_ect coupling_factor 2 drop_on_overload step_thresh 1ms drop_dequeue split_gso classic_protection 10% 
 Sent 27930525 bytes 18467 pkt (dropped 0, overlimits 0 requeues 0) 
 backlog 6056b 4p requeues 0
prob 0.000000 delay_c 3528us delay_l 0us
pkts_in_c 18459 pkts_in_l 12 maxq 8
ecn_mark 0 step_marks 0
credit -120340 (L)
c_marks 0 l_marks 0
dq_count 18467 eq_count 18471
c_drops 0 l_drops 0

TICK_NS 2548290294268
TC_DUR_NS 1209758
NEXT 2548302329999
PLACEMENT i=1235
qdisc dualpi2 2: parent 1:10 limit 250p target 15ms tupdate 16ms alpha 0.152344 beta 3.195312 l4s_ect coupling_factor 2 drop_on_overload step_thresh 1ms drop_dequeue split_gso classic_protection 10% 
 Sent 27954749 bytes 18483 pkt (dropped 0, overlimits 0 requeues 0) 
 backlog 7570b 5p requeues 0
prob 0.000000 delay_c 4522us delay_l 0us
pkts_in_c 18476 pkts_in_l 12 maxq 8
ecn_mark 0 step_marks 0
credit -120340 (L)
c_marks 0 l_marks 0
dq_count 18483 eq_count 18488
c_drops 0 l_drops 0

TICK_NS 2548306408885
TC_DUR_NS 1395156
NEXT 2548318329999
PLACEMENT i=1236
qdisc dualpi2 2: parent 1:10 limit 250p target 15ms tupdate 16ms alpha 0.152344 beta 3.195312 l4s_ect coupling_factor 2 drop_on_overload step_thresh 1ms drop_dequeue split_gso classic_protection 10% 
 Sent 27978973 bytes 18499 pkt (dropped 0, overlimits 0 requeues 0) 
 backlog 7570b 5p requeues 0
prob 0.007633 delay_c 4457us delay_l 0us
pkts_in_c 18492 pkts_in_l 12 maxq 8
ecn_mark 0 step_marks 0
credit -120340 (L)
c_marks 0 l_marks 0
dq_count 18499 eq_count 18504
c_drops 0 l_drops 0

TICK_NS 2548322326993
TC_DUR_NS 1339332
NEXT 2548334329999
PLACEMENT i=1237
qdisc dualpi2 2: parent 1:10 limit 250p target 15ms tupdate 16ms alpha 0.152344 beta 3.195312 l4s_ect coupling_factor 2 drop_on_overload step_thresh 1ms drop_dequeue split_gso classic_protection 10% 
 Sent 28003197 bytes 18515 pkt (dropped 0, overlimits 0 requeues 0) 
 backlog 6056b 4p requeues 0
prob 0.005623 delay_c 4197us delay_l 0us
pkts_in_c 18507 pkts_in_l 12 maxq 8
ecn_mark 0 step_marks 0
credit -120340 (L)
c_marks 0 l_marks 0
dq_count 18515 eq_count 18519
c_drops 0 l_drops 0

TICK_NS 2548338954953
TC_DUR_NS 1628744
NEXT 2548350329999
PLACEMENT i=1238
qdisc dualpi2 2: parent 1:10 limit 250p target 15ms tupdate 16ms alpha 0.152344 beta 3.195312 l4s_ect coupling_factor 2 drop_on_overload step_thresh 1ms drop_dequeue split_gso classic_protection 10% 
 Sent 28027421 bytes 18531 pkt (dropped 0, overlimits 0 requeues 0) 
 backlog 6056b 4p requeues 0
prob 0.000158 delay_c 3712us delay_l 0us
pkts_in_c 18523 pkts_in_l 12 maxq 8
ecn_mark 0 step_marks 0
credit -120340 (L)
c_marks 0 l_marks 0
dq_count 18531 eq_count 18535
c_drops 0 l_drops 0

TICK_NS 2548354585582
TC_DUR_NS 1432657
NEXT 2548366329999
PLACEMENT i=1239
qdisc dualpi2 2: parent 1:10 limit 250p target 15ms tupdate 16ms alpha 0.152344 beta 3.195312 l4s_ect coupling_factor 2 drop_on_overload step_thresh 1ms drop_dequeue split_gso classic_protection 10% 
 Sent 28051645 bytes 18547 pkt (dropped 0, overlimits 0 requeues 0) 
 backlog 6056b 4p requeues 0
prob 0.000000 delay_c 3161us delay_l 0us
pkts_in_c 18539 pkts_in_l 12 maxq 8
ecn_mark 0 step_marks 0
credit -120340 (L)
c_marks 0 l_marks 0
dq_count 18547 eq_count 18551
c_drops 0 l_drops 0

TICK_NS 2548370331047
TC_DUR_NS 1498179
NEXT 2548382329999
PLACEMENT i=1240
qdisc dualpi2 2: parent 1:10 limit 250p target 15ms tupdate 16ms alpha 0.152344 beta 3.195312 l4s_ect coupling_factor 2 drop_on_overload step_thresh 1ms drop_dequeue split_gso classic_protection 10% 
 Sent 28074355 bytes 18562 pkt (dropped 0, overlimits 0 requeues 0) 
 backlog 6056b 4p requeues 0
prob 0.004472 delay_c 2736us delay_l 0us
pkts_in_c 18554 pkts_in_l 12 maxq 8
ecn_mark 0 step_marks 0
credit -120340 (L)
c_marks 0 l_marks 0
dq_count 18562 eq_count 18566
c_drops 0 l_drops 0

TICK_NS 2548386366896
TC_DUR_NS 1479073
NEXT 2548398329999
PLACEMENT i=1241
qdisc dualpi2 2: parent 1:10 limit 250p target 15ms tupdate 16ms alpha 0.152344 beta 3.195312 l4s_ect coupling_factor 2 drop_on_overload step_thresh 1ms drop_dequeue split_gso classic_protection 10% 
 Sent 28098579 bytes 18578 pkt (dropped 0, overlimits 0 requeues 0) 
 backlog 6056b 4p requeues 0
prob 0.000000 delay_c 3538us delay_l 0us
pkts_in_c 18570 pkts_in_l 12 maxq 8
ecn_mark 0 step_marks 0
credit -120340 (L)
c_marks 0 l_marks 0
dq_count 18578 eq_count 18582
c_drops 0 l_drops 0

TICK_NS 2548402351219
TC_DUR_NS 1268889
NEXT 2548414329999
PLACEMENT i=1242
qdisc dualpi2 2: parent 1:10 limit 250p target 15ms tupdate 16ms alpha 0.152344 beta 3.195312 l4s_ect coupling_factor 2 drop_on_overload step_thresh 1ms drop_dequeue split_gso classic_protection 10% 
 Sent 28122803 bytes 18594 pkt (dropped 0, overlimits 0 requeues 0) 
 backlog 6056b 4p requeues 0
prob 0.000000 delay_c 3521us delay_l 0us
pkts_in_c 18586 pkts_in_l 12 maxq 8
ecn_mark 0 step_marks 0
credit -120340 (L)
c_marks 0 l_marks 0
dq_count 18594 eq_count 18598
c_drops 0 l_drops 0

TICK_NS 2548418659398
TC_DUR_NS 1435372
NEXT 2548430329999
PLACEMENT i=1243
qdisc dualpi2 2: parent 1:10 limit 250p target 15ms tupdate 16ms alpha 0.152344 beta 3.195312 l4s_ect coupling_factor 2 drop_on_overload step_thresh 1ms drop_dequeue split_gso classic_protection 10% 
 Sent 28147027 bytes 18610 pkt (dropped 0, overlimits 0 requeues 0) 
 backlog 7570b 5p requeues 0
prob 0.000000 delay_c 4631us delay_l 0us
pkts_in_c 18603 pkts_in_l 12 maxq 8
ecn_mark 0 step_marks 0
credit -120340 (L)
c_marks 0 l_marks 0
dq_count 18610 eq_count 18615
c_drops 0 l_drops 0

TICK_NS 2548434302621
TC_DUR_NS 1485195
NEXT 2548446329999
PLACEMENT i=1244
qdisc dualpi2 2: parent 1:10 limit 250p target 15ms tupdate 16ms alpha 0.152344 beta 3.195312 l4s_ect coupling_factor 2 drop_on_overload step_thresh 1ms drop_dequeue split_gso classic_protection 10% 
 Sent 28171251 bytes 18626 pkt (dropped 0, overlimits 0 requeues 0) 
 backlog 7570b 5p requeues 0
prob 0.001240 delay_c 4056us delay_l 0us
pkts_in_c 18619 pkts_in_l 12 maxq 8
ecn_mark 0 step_marks 0
credit -120340 (L)
c_marks 0 l_marks 0
dq_count 18626 eq_count 18631
c_drops 0 l_drops 0

TICK_NS 2548450504782
TC_DUR_NS 1352846
NEXT 2548462329999
PLACEMENT i=1245
qdisc dualpi2 2: parent 1:10 limit 250p target 15ms tupdate 16ms alpha 0.152344 beta 3.195312 l4s_ect coupling_factor 2 drop_on_overload step_thresh 1ms drop_dequeue split_gso classic_protection 10% 
 Sent 28195475 bytes 18642 pkt (dropped 0, overlimits 0 requeues 0) 
 backlog 7570b 5p requeues 0
prob 0.000000 delay_c 4216us delay_l 0us
pkts_in_c 18635 pkts_in_l 12 maxq 8
ecn_mark 0 step_marks 0
credit -120340 (L)
c_marks 0 l_marks 0
dq_count 18642 eq_count 18647
c_drops 0 l_drops 0

TICK_NS 2548466078034
TC_DUR_NS 1362144
NEXT 2548478329999
PLACEMENT i=1246
qdisc dualpi2 2: parent 1:10 limit 250p target 15ms tupdate 16ms alpha 0.152344 beta 3.195312 l4s_ect coupling_factor 2 drop_on_overload step_thresh 1ms drop_dequeue split_gso classic_protection 10% 
 Sent 28218185 bytes 18657 pkt (dropped 0, overlimits 0 requeues 0) 
 backlog 7570b 5p requeues 0
prob 0.000000 delay_c 4724us delay_l 0us
pkts_in_c 18650 pkts_in_l 12 maxq 8
ecn_mark 0 step_marks 0
credit -120340 (L)
c_marks 0 l_marks 0
dq_count 18657 eq_count 18662
c_drops 0 l_drops 0

TICK_NS 2548482770635
TC_DUR_NS 1496927
NEXT 2548494329999
PLACEMENT i=1247
qdisc dualpi2 2: parent 1:10 limit 250p target 15ms tupdate 16ms alpha 0.152344 beta 3.195312 l4s_ect coupling_factor 2 drop_on_overload step_thresh 1ms drop_dequeue split_gso classic_protection 10% 
 Sent 28243923 bytes 18674 pkt (dropped 0, overlimits 0 requeues 0) 
 backlog 6056b 4p requeues 0
prob 0.000000 delay_c 3089us delay_l 0us
pkts_in_c 18666 pkts_in_l 12 maxq 8
ecn_mark 0 step_marks 0
credit -120340 (L)
c_marks 0 l_marks 0
dq_count 18674 eq_count 18678
c_drops 0 l_drops 0

TICK_NS 2548498530526
TC_DUR_NS 1478152
NEXT 2548510329999
PLACEMENT i=1248
qdisc dualpi2 2: parent 1:10 limit 250p target 15ms tupdate 16ms alpha 0.152344 beta 3.195312 l4s_ect coupling_factor 2 drop_on_overload step_thresh 1ms drop_dequeue split_gso classic_protection 10% 
 Sent 28266633 bytes 18689 pkt (dropped 0, overlimits 0 requeues 0) 
 backlog 7570b 5p requeues 0
prob 0.004526 delay_c 4797us delay_l 0us
pkts_in_c 18682 pkts_in_l 12 maxq 8
ecn_mark 0 step_marks 0
credit -120340 (L)
c_marks 0 l_marks 0
dq_count 18689 eq_count 18694
c_drops 0 l_drops 0

TICK_NS 2548514575763
TC_DUR_NS 1386480
NEXT 2548526329999
PLACEMENT i=1249
qdisc dualpi2 2: parent 1:10 limit 250p target 15ms tupdate 16ms alpha 0.152344 beta 3.195312 l4s_ect coupling_factor 2 drop_on_overload step_thresh 1ms drop_dequeue split_gso classic_protection 10% 
 Sent 28290857 bytes 18705 pkt (dropped 0, overlimits 0 requeues 0) 
 backlog 6056b 4p requeues 0
prob 0.002539 delay_c 3529us delay_l 0us
pkts_in_c 18697 pkts_in_l 12 maxq 8
ecn_mark 0 step_marks 0
credit -120340 (L)
c_marks 0 l_marks 0
dq_count 18705 eq_count 18709
c_drops 0 l_drops 0

TICK_NS 2548530674711
TC_DUR_NS 1583599
NEXT 2548542329999
PLACEMENT i=1250
qdisc dualpi2 2: parent 1:10 limit 250p target 15ms tupdate 16ms alpha 0.152344 beta 3.195312 l4s_ect coupling_factor 2 drop_on_overload step_thresh 1ms drop_dequeue split_gso classic_protection 10% 
 Sent 28315081 bytes 18721 pkt (dropped 0, overlimits 0 requeues 0) 
 backlog 6056b 4p requeues 0
prob 0.000000 delay_c 3506us delay_l 0us
pkts_in_c 18713 pkts_in_l 12 maxq 8
ecn_mark 0 step_marks 0
credit -120340 (L)
c_marks 0 l_marks 0
dq_count 18721 eq_count 18725
c_drops 0 l_drops 0

TICK_NS 2548546723063
TC_DUR_NS 1429801
NEXT 2548558329999
PLACEMENT i=1251
qdisc dualpi2 2: parent 1:10 limit 250p target 15ms tupdate 16ms alpha 0.152344 beta 3.195312 l4s_ect coupling_factor 2 drop_on_overload step_thresh 1ms drop_dequeue split_gso classic_protection 10% 
 Sent 28339305 bytes 18737 pkt (dropped 0, overlimits 0 requeues 0) 
 backlog 6056b 4p requeues 0
prob 0.000000 delay_c 3415us delay_l 0us
pkts_in_c 18729 pkts_in_l 12 maxq 8
ecn_mark 0 step_marks 0
credit -120340 (L)
c_marks 0 l_marks 0
dq_count 18737 eq_count 18741
c_drops 0 l_drops 0

TICK_NS 2548562581970
TC_DUR_NS 1566768
NEXT 2548574329999
PLACEMENT i=1252
qdisc dualpi2 2: parent 1:10 limit 250p target 15ms tupdate 16ms alpha 0.152344 beta 3.195312 l4s_ect coupling_factor 2 drop_on_overload step_thresh 1ms drop_dequeue split_gso classic_protection 10% 
 Sent 28363529 bytes 18753 pkt (dropped 0, overlimits 0 requeues 0) 
 backlog 7570b 5p requeues 0
prob 0.000000 delay_c 4206us delay_l 0us
pkts_in_c 18746 pkts_in_l 12 maxq 8
ecn_mark 0 step_marks 0
credit -120340 (L)
c_marks 0 l_marks 0
dq_count 18753 eq_count 18758
c_drops 0 l_drops 0

TICK_NS 2548578655200
TC_DUR_NS 1492158
NEXT 2548590329999
PLACEMENT i=1253
qdisc dualpi2 2: parent 1:10 limit 250p target 15ms tupdate 16ms alpha 0.152344 beta 3.195312 l4s_ect coupling_factor 2 drop_on_overload step_thresh 1ms drop_dequeue split_gso classic_protection 10% 
 Sent 28387753 bytes 18769 pkt (dropped 0, overlimits 0 requeues 0) 
 backlog 7570b 5p requeues 0
prob 0.007593 delay_c 4116us delay_l 0us
pkts_in_c 18762 pkts_in_l 12 maxq 8
ecn_mark 0 step_marks 0
credit -120340 (L)
c_marks 0 l_marks 0
dq_count 18769 eq_count 18774
c_drops 0 l_drops 0

TICK_NS 2548594025331
TC_DUR_NS 1415554
NEXT 2548606329999
PLACEMENT i=1254
qdisc dualpi2 2: parent 1:10 limit 250p target 15ms tupdate 16ms alpha 0.152344 beta 3.195312 l4s_ect coupling_factor 2 drop_on_overload step_thresh 1ms drop_dequeue split_gso classic_protection 10% 
 Sent 28410463 bytes 18784 pkt (dropped 0, overlimits 0 requeues 0) 
 backlog 3028b 2p requeues 0
prob 0.005551 delay_c 3373us delay_l 0us
pkts_in_c 18774 pkts_in_l 12 maxq 8
ecn_mark 0 step_marks 0
credit -120340 (L)
c_marks 0 l_marks 0
dq_count 18784 eq_count 18786
c_drops 0 l_drops 0

TICK_NS 2548610335494
TC_DUR_NS 1408572
NEXT 2548622329999
PLACEMENT i=1255
qdisc dualpi2 2: parent 1:10 limit 250p target 15ms tupdate 16ms alpha 0.152344 beta 3.195312 l4s_ect coupling_factor 2 drop_on_overload step_thresh 1ms drop_dequeue split_gso classic_protection 10% 
 Sent 28434687 bytes 18800 pkt (dropped 0, overlimits 0 requeues 0) 
 backlog 7570b 5p requeues 0
prob 0.000057 delay_c 4656us delay_l 0us
pkts_in_c 18793 pkts_in_l 12 maxq 8
ecn_mark 0 step_marks 0
credit -120340 (L)
c_marks 0 l_marks 0
dq_count 18800 eq_count 18805
c_drops 0 l_drops 0

TICK_NS 2548626423361
TC_DUR_NS 1336707
NEXT 2548638329999
PLACEMENT i=1256
qdisc dualpi2 2: parent 1:10 limit 250p target 15ms tupdate 16ms alpha 0.152344 beta 3.195312 l4s_ect coupling_factor 2 drop_on_overload step_thresh 1ms drop_dequeue split_gso classic_protection 10% 
 Sent 28458911 bytes 18816 pkt (dropped 0, overlimits 0 requeues 0) 
 backlog 7570b 5p requeues 0
prob 0.004522 delay_c 4570us delay_l 0us
pkts_in_c 18809 pkts_in_l 12 maxq 8
ecn_mark 0 step_marks 0
credit -120340 (L)
c_marks 0 l_marks 0
dq_count 18816 eq_count 18821
c_drops 0 l_drops 0

TICK_NS 2548642374351
TC_DUR_NS 1388303
NEXT 2548654329999
PLACEMENT i=1257
qdisc dualpi2 2: parent 1:10 limit 250p target 15ms tupdate 16ms alpha 0.152344 beta 3.195312 l4s_ect coupling_factor 2 drop_on_overload step_thresh 1ms drop_dequeue split_gso classic_protection 10% 
 Sent 28483135 bytes 18832 pkt (dropped 0, overlimits 0 requeues 0) 
 backlog 6056b 4p requeues 0
prob 0.002577 delay_c 2342us delay_l 0us
pkts_in_c 18824 pkts_in_l 12 maxq 8
ecn_mark 0 step_marks 0
credit -120340 (L)
c_marks 0 l_marks 0
dq_count 18832 eq_count 18836
c_drops 0 l_drops 0

TICK_NS 2548658251212
TC_DUR_NS 1265012
NEXT 2548670329999
PLACEMENT i=1258
qdisc dualpi2 2: parent 1:10 limit 250p target 15ms tupdate 16ms alpha 0.152344 beta 3.195312 l4s_ect coupling_factor 2 drop_on_overload step_thresh 1ms drop_dequeue split_gso classic_protection 10% 
 Sent 28507359 bytes 18848 pkt (dropped 0, overlimits 0 requeues 0) 
 backlog 6056b 4p requeues 0
prob 0.000000 delay_c 3244us delay_l 0us
pkts_in_c 18840 pkts_in_l 12 maxq 8
ecn_mark 0 step_marks 0
credit -120340 (L)
c_marks 0 l_marks 0
dq_count 18848 eq_count 18852
c_drops 0 l_drops 0

TICK_NS 2548674940346
TC_DUR_NS 1760281
NEXT 2548686329999
PLACEMENT i=1259
qdisc dualpi2 2: parent 1:10 limit 250p target 15ms tupdate 16ms alpha 0.152344 beta 3.195312 l4s_ect coupling_factor 2 drop_on_overload step_thresh 1ms drop_dequeue split_gso classic_protection 10% 
 Sent 28531583 bytes 18864 pkt (dropped 0, overlimits 0 requeues 0) 
 backlog 6056b 4p requeues 0
prob 0.000000 delay_c 3374us delay_l 0us
pkts_in_c 18856 pkts_in_l 12 maxq 8
ecn_mark 0 step_marks 0
credit -120340 (L)
c_marks 0 l_marks 0
dq_count 18864 eq_count 18868
c_drops 0 l_drops 0

TICK_NS 2548690699486
TC_DUR_NS 1467813
NEXT 2548702329999
PLACEMENT i=1260
qdisc dualpi2 2: parent 1:10 limit 250p target 15ms tupdate 16ms alpha 0.152344 beta 3.195312 l4s_ect coupling_factor 2 drop_on_overload step_thresh 1ms drop_dequeue split_gso classic_protection 10% 
 Sent 28555807 bytes 18880 pkt (dropped 0, overlimits 0 requeues 0) 
 backlog 7570b 5p requeues 0
prob 0.000000 delay_c 4140us delay_l 0us
pkts_in_c 18873 pkts_in_l 12 maxq 8
ecn_mark 0 step_marks 0
credit -120340 (L)
c_marks 0 l_marks 0
dq_count 18880 eq_count 18885
c_drops 0 l_drops 0

TICK_NS 2548706365071
TC_DUR_NS 1599810
NEXT 2548718329999
PLACEMENT i=1261
qdisc dualpi2 2: parent 1:10 limit 250p target 15ms tupdate 16ms alpha 0.152344 beta 3.195312 l4s_ect coupling_factor 2 drop_on_overload step_thresh 1ms drop_dequeue split_gso classic_protection 10% 
 Sent 28578517 bytes 18895 pkt (dropped 0, overlimits 0 requeues 0) 
 backlog 6056b 4p requeues 0
prob 0.001171 delay_c 3755us delay_l 0us
pkts_in_c 18887 pkts_in_l 12 maxq 8
ecn_mark 0 step_marks 0
credit -120340 (L)
c_marks 0 l_marks 0
dq_count 18895 eq_count 18899
c_drops 0 l_drops 0

TICK_NS 2548722455232
TC_DUR_NS 1439480
NEXT 2548734329999
PLACEMENT i=1262
qdisc dualpi2 2: parent 1:10 limit 250p target 15ms tupdate 16ms alpha 0.152344 beta 3.195312 l4s_ect coupling_factor 2 drop_on_overload step_thresh 1ms drop_dequeue split_gso classic_protection 10% 
 Sent 28602741 bytes 18911 pkt (dropped 0, overlimits 0 requeues 0) 
 backlog 6056b 4p requeues 0
prob 0.000000 delay_c 3690us delay_l 0us
pkts_in_c 18903 pkts_in_l 12 maxq 8
ecn_mark 0 step_marks 0
credit -120340 (L)
c_marks 0 l_marks 0
dq_count 18911 eq_count 18915
c_drops 0 l_drops 0

TICK_NS 2548738611978
TC_DUR_NS 1455840
NEXT 2548750329999
PLACEMENT i=1263
qdisc dualpi2 2: parent 1:10 limit 250p target 15ms tupdate 16ms alpha 0.152344 beta 3.195312 l4s_ect coupling_factor 2 drop_on_overload step_thresh 1ms drop_dequeue split_gso classic_protection 10% 
 Sent 28626965 bytes 18927 pkt (dropped 0, overlimits 0 requeues 0) 
 backlog 7570b 5p requeues 0
prob 0.000000 delay_c 4727us delay_l 0us
pkts_in_c 18920 pkts_in_l 12 maxq 8
ecn_mark 0 step_marks 0
credit -120340 (L)
c_marks 0 l_marks 0
dq_count 18927 eq_count 18932
c_drops 0 l_drops 0

TICK_NS 2548754735071
TC_DUR_NS 1604379
NEXT 2548766329999
PLACEMENT i=1264
qdisc dualpi2 2: parent 1:10 limit 250p target 15ms tupdate 16ms alpha 0.152344 beta 3.195312 l4s_ect coupling_factor 2 drop_on_overload step_thresh 1ms drop_dequeue split_gso classic_protection 10% 
 Sent 28651189 bytes 18943 pkt (dropped 0, overlimits 0 requeues 0) 
 backlog 7570b 5p requeues 0
prob 0.001233 delay_c 4635us delay_l 0us
pkts_in_c 18936 pkts_in_l 12 maxq 8
ecn_mark 0 step_marks 0
credit -120340 (L)
c_marks 0 l_marks 0
dq_count 18943 eq_count 18948
c_drops 0 l_drops 0

TICK_NS 2548769969106
TC_DUR_NS 1391009
NEXT 2548782329999
PLACEMENT i=1265
qdisc dualpi2 2: parent 1:10 limit 250p target 15ms tupdate 16ms alpha 0.152344 beta 3.195312 l4s_ect coupling_factor 2 drop_on_overload step_thresh 1ms drop_dequeue split_gso classic_protection 10% 
 Sent 28673899 bytes 18958 pkt (dropped 0, overlimits 0 requeues 0) 
 backlog 6056b 4p requeues 0
prob 0.000000 delay_c 3723us delay_l 0us
pkts_in_c 18950 pkts_in_l 12 maxq 8
ecn_mark 0 step_marks 0
credit -120340 (L)
c_marks 0 l_marks 0
dq_count 18958 eq_count 18962
c_drops 0 l_drops 0

TICK_NS 2548786667718
TC_DUR_NS 1481719
NEXT 2548798329999
PLACEMENT i=1266
qdisc dualpi2 2: parent 1:10 limit 250p target 15ms tupdate 16ms alpha 0.152344 beta 3.195312 l4s_ect coupling_factor 2 drop_on_overload step_thresh 1ms drop_dequeue split_gso classic_protection 10% 
 Sent 28699637 bytes 18975 pkt (dropped 0, overlimits 0 requeues 0) 
 backlog 6056b 4p requeues 0
prob 0.000000 delay_c 3235us delay_l 0us
pkts_in_c 18967 pkts_in_l 12 maxq 8
ecn_mark 0 step_marks 0
credit -120340 (L)
c_marks 0 l_marks 0
dq_count 18975 eq_count 18979
c_drops 0 l_drops 0

TICK_NS 2548802188792
TC_DUR_NS 1406808
NEXT 2548814329999
PLACEMENT i=1267
qdisc dualpi2 2: parent 1:10 limit 250p target 15ms tupdate 16ms alpha 0.152344 beta 3.195312 l4s_ect coupling_factor 2 drop_on_overload step_thresh 1ms drop_dequeue split_gso classic_protection 10% 
 Sent 28722347 bytes 18990 pkt (dropped 0, overlimits 0 requeues 0) 
 backlog 7570b 5p requeues 0
prob 0.000000 delay_c 4604us delay_l 0us
pkts_in_c 18983 pkts_in_l 12 maxq 8
ecn_mark 0 step_marks 0
credit -120340 (L)
c_marks 0 l_marks 0
dq_count 18990 eq_count 18995
c_drops 0 l_drops 0

TICK_NS 2548818375695
TC_DUR_NS 1455780
NEXT 2548830329999
PLACEMENT i=1268
qdisc dualpi2 2: parent 1:10 limit 250p target 15ms tupdate 16ms alpha 0.152344 beta 3.195312 l4s_ect coupling_factor 2 drop_on_overload step_thresh 1ms drop_dequeue split_gso classic_protection 10% 
 Sent 28746571 bytes 19006 pkt (dropped 0, overlimits 0 requeues 0) 
 backlog 7570b 5p requeues 0
prob 0.000000 delay_c 4649us delay_l 0us
pkts_in_c 18999 pkts_in_l 12 maxq 8
ecn_mark 0 step_marks 0
credit -120340 (L)
c_marks 0 l_marks 0
dq_count 19006 eq_count 19011
c_drops 0 l_drops 0

TICK_NS 2548834240062
TC_DUR_NS 1256897
NEXT 2548846329999
PLACEMENT i=1269
qdisc dualpi2 2: parent 1:10 limit 250p target 15ms tupdate 16ms alpha 0.152344 beta 3.195312 l4s_ect coupling_factor 2 drop_on_overload step_thresh 1ms drop_dequeue split_gso classic_protection 10% 
 Sent 28770795 bytes 19022 pkt (dropped 0, overlimits 0 requeues 0) 
 backlog 6056b 4p requeues 0
prob 0.000000 delay_c 3434us delay_l 0us
pkts_in_c 19014 pkts_in_l 12 maxq 8
ecn_mark 0 step_marks 0
credit -120340 (L)
c_marks 0 l_marks 0
dq_count 19022 eq_count 19026
c_drops 0 l_drops 0

TICK_NS 2548850666474
TC_DUR_NS 1384226
NEXT 2548862329999
PLACEMENT i=1270
qdisc dualpi2 2: parent 1:10 limit 250p target 15ms tupdate 16ms alpha 0.152344 beta 3.195312 l4s_ect coupling_factor 2 drop_on_overload step_thresh 1ms drop_dequeue split_gso classic_protection 10% 
 Sent 28795019 bytes 19038 pkt (dropped 0, overlimits 0 requeues 0) 
 backlog 6056b 4p requeues 0
prob 0.007583 delay_c 3581us delay_l 0us
pkts_in_c 19030 pkts_in_l 12 maxq 8
ecn_mark 0 step_marks 0
credit -120340 (L)
c_marks 0 l_marks 0
dq_count 19038 eq_count 19042
c_drops 0 l_drops 0

TICK_NS 2548866671425
TC_DUR_NS 1453185
NEXT 2548878329999
PLACEMENT i=1271
qdisc dualpi2 2: parent 1:10 limit 250p target 15ms tupdate 16ms alpha 0.152344 beta 3.195312 l4s_ect coupling_factor 2 drop_on_overload step_thresh 1ms drop_dequeue split_gso classic_protection 10% 
 Sent 28819243 bytes 19054 pkt (dropped 0, overlimits 0 requeues 0) 
 backlog 3028b 2p requeues 0
prob 0.005481 delay_c 3534us delay_l 0us
pkts_in_c 19044 pkts_in_l 12 maxq 8
ecn_mark 0 step_marks 0
credit -120340 (L)
c_marks 0 l_marks 0
dq_count 19054 eq_count 19056
c_drops 0 l_drops 0

TICK_NS 2548882616374
TC_DUR_NS 1442825
NEXT 2548894329999
PLACEMENT i=1272
qdisc dualpi2 2: parent 1:10 limit 250p target 15ms tupdate 16ms alpha 0.152344 beta 3.195312 l4s_ect coupling_factor 2 drop_on_overload step_thresh 1ms drop_dequeue split_gso classic_protection 10% 
 Sent 28843467 bytes 19070 pkt (dropped 0, overlimits 0 requeues 0) 
 backlog 7570b 5p requeues 0
prob 0.003344 delay_c 4207us delay_l 0us
pkts_in_c 19063 pkts_in_l 12 maxq 8
ecn_mark 0 step_marks 0
credit -120340 (L)
c_marks 0 l_marks 0
dq_count 19070 eq_count 19075
c_drops 0 l_drops 0

TICK_NS 2548898759283
TC_DUR_NS 1469255
NEXT 2548910329999
PLACEMENT i=1273
qdisc dualpi2 2: parent 1:10 limit 250p target 15ms tupdate 16ms alpha 0.152344 beta 3.195312 l4s_ect coupling_factor 2 drop_on_overload step_thresh 1ms drop_dequeue split_gso classic_protection 10% 
 Sent 28867691 bytes 19086 pkt (dropped 0, overlimits 0 requeues 0) 
 backlog 7570b 5p requeues 0
prob 0.004594 delay_c 4209us delay_l 0us
pkts_in_c 19079 pkts_in_l 12 maxq 8
ecn_mark 0 step_marks 0
credit -120340 (L)
c_marks 0 l_marks 0
dq_count 19086 eq_count 19091
c_drops 0 l_drops 0

TICK_NS 2548914635283
TC_DUR_NS 1423940
NEXT 2548926329999
PLACEMENT i=1274
qdisc dualpi2 2: parent 1:10 limit 250p target 15ms tupdate 16ms alpha 0.152344 beta 3.195312 l4s_ect coupling_factor 2 drop_on_overload step_thresh 1ms drop_dequeue split_gso classic_protection 10% 
 Sent 28890401 bytes 19101 pkt (dropped 0, overlimits 0 requeues 0) 
 backlog 7570b 5p requeues 0
prob 0.002586 delay_c 1943us delay_l 0us
pkts_in_c 19094 pkts_in_l 12 maxq 8
ecn_mark 0 step_marks 0
credit -120340 (L)
c_marks 0 l_marks 0
dq_count 19101 eq_count 19106
c_drops 0 l_drops 0

TICK_NS 2548930327117
TC_DUR_NS 1461931
NEXT 2548942329999
PLACEMENT i=1275
qdisc dualpi2 2: parent 1:10 limit 250p target 15ms tupdate 16ms alpha 0.152344 beta 3.195312 l4s_ect coupling_factor 2 drop_on_overload step_thresh 1ms drop_dequeue split_gso classic_protection 10% 
 Sent 28914625 bytes 19117 pkt (dropped 0, overlimits 0 requeues 0) 
 backlog 7570b 5p requeues 0
prob 0.000000 delay_c 4545us delay_l 0us
pkts_in_c 19110 pkts_in_l 12 maxq 8
ecn_mark 0 step_marks 0
credit -120340 (L)
c_marks 0 l_marks 0
dq_count 19117 eq_count 19122
c_drops 0 l_drops 0

TICK_NS 2548946479755
TC_DUR_NS 1366162
NEXT 2548958329999
PLACEMENT i=1276
qdisc dualpi2 2: parent 1:10 limit 250p target 15ms tupdate 16ms alpha 0.152344 beta 3.195312 l4s_ect coupling_factor 2 drop_on_overload step_thresh 1ms drop_dequeue split_gso classic_protection 10% 
 Sent 28938849 bytes 19133 pkt (dropped 0, overlimits 0 requeues 0) 
 backlog 7570b 5p requeues 0
prob 0.000000 delay_c 4543us delay_l 0us
pkts_in_c 19126 pkts_in_l 12 maxq 8
ecn_mark 0 step_marks 0
credit -120340 (L)
c_marks 0 l_marks 0
dq_count 19133 eq_count 19138
c_drops 0 l_drops 0

TICK_NS 2548962707394
TC_DUR_NS 1387061
NEXT 2548974329999
PLACEMENT i=1277
qdisc dualpi2 2: parent 1:10 limit 250p target 15ms tupdate 16ms alpha 0.152344 beta 3.195312 l4s_ect coupling_factor 2 drop_on_overload step_thresh 1ms drop_dequeue split_gso classic_protection 10% 
 Sent 28963073 bytes 19149 pkt (dropped 0, overlimits 0 requeues 0) 
 backlog 6056b 4p requeues 0
prob 0.000000 delay_c 3675us delay_l 0us
pkts_in_c 19141 pkts_in_l 12 maxq 8
ecn_mark 0 step_marks 0
credit -120340 (L)
c_marks 0 l_marks 0
dq_count 19149 eq_count 19153
c_drops 0 l_drops 0

TICK_NS 2548978276768
TC_DUR_NS 1586425
NEXT 2548990329999
PLACEMENT i=1278
qdisc dualpi2 2: parent 1:10 limit 250p target 15ms tupdate 16ms alpha 0.152344 beta 3.195312 l4s_ect coupling_factor 2 drop_on_overload step_thresh 1ms drop_dequeue split_gso classic_protection 10% 
 Sent 28987297 bytes 19165 pkt (dropped 0, overlimits 0 requeues 0) 
 backlog 6056b 4p requeues 0
prob 0.001138 delay_c 3090us delay_l 0us
pkts_in_c 19157 pkts_in_l 12 maxq 8
ecn_mark 0 step_marks 0
credit -120340 (L)
c_marks 0 l_marks 0
dq_count 19165 eq_count 19169
c_drops 0 l_drops 0

TICK_NS 2548994529163
TC_DUR_NS 1784677
NEXT 2549006329999
PLACEMENT i=1279
qdisc dualpi2 2: parent 1:10 limit 250p target 15ms tupdate 16ms alpha 0.152344 beta 3.195312 l4s_ect coupling_factor 2 drop_on_overload step_thresh 1ms drop_dequeue split_gso classic_protection 10% 
 Sent 29011521 bytes 19181 pkt (dropped 0, overlimits 0 requeues 0) 
 backlog 6056b 4p requeues 0
prob 0.000000 delay_c 3069us delay_l 0us
pkts_in_c 19173 pkts_in_l 12 maxq 8
ecn_mark 0 step_marks 0
credit -120340 (L)
c_marks 0 l_marks 0
dq_count 19181 eq_count 19185
c_drops 0 l_drops 0

TICK_NS 2549010363645
TC_DUR_NS 1603557
NEXT 2549022329999
PLACEMENT i=1280
qdisc dualpi2 2: parent 1:10 limit 250p target 15ms tupdate 16ms alpha 0.152344 beta 3.195312 l4s_ect coupling_factor 2 drop_on_overload step_thresh 1ms drop_dequeue split_gso classic_protection 10% 
 Sent 29034231 bytes 19196 pkt (dropped 0, overlimits 0 requeues 0) 
 backlog 6056b 4p requeues 0
prob 0.000000 delay_c 3917us delay_l 0us
pkts_in_c 19188 pkts_in_l 12 maxq 8
ecn_mark 0 step_marks 0
credit -120340 (L)
c_marks 0 l_marks 0
dq_count 19196 eq_count 19200
c_drops 0 l_drops 0

TICK_NS 2549026115762
TC_DUR_NS 1350713
NEXT 2549038329999
PLACEMENT i=1281
qdisc dualpi2 2: parent 1:10 limit 250p target 15ms tupdate 16ms alpha 0.152344 beta 3.195312 l4s_ect coupling_factor 2 drop_on_overload step_thresh 1ms drop_dequeue split_gso classic_protection 10% 
 Sent 29058455 bytes 19212 pkt (dropped 0, overlimits 0 requeues 0) 
 backlog 6056b 4p requeues 0
prob 0.001220 delay_c 3559us delay_l 0us
pkts_in_c 19204 pkts_in_l 12 maxq 8
ecn_mark 0 step_marks 0
credit -120340 (L)
c_marks 0 l_marks 0
dq_count 19212 eq_count 19216
c_drops 0 l_drops 0

TICK_NS 2549042783436
TC_DUR_NS 1520110
NEXT 2549054329999
PLACEMENT i=1282
qdisc dualpi2 2: parent 1:10 limit 250p target 15ms tupdate 16ms alpha 0.152344 beta 3.195312 l4s_ect coupling_factor 2 drop_on_overload step_thresh 1ms drop_dequeue split_gso classic_protection 10% 
 Sent 29082679 bytes 19228 pkt (dropped 0, overlimits 0 requeues 0) 
 backlog 6056b 4p requeues 0
prob 0.000000 delay_c 3969us delay_l 0us
pkts_in_c 19220 pkts_in_l 12 maxq 8
ecn_mark 0 step_marks 0
credit -120340 (L)
c_marks 0 l_marks 0
dq_count 19228 eq_count 19232
c_drops 0 l_drops 0

TICK_NS 2549058151473
TC_DUR_NS 1387572
NEXT 2549070329999
PLACEMENT i=1283
qdisc dualpi2 2: parent 1:10 limit 250p target 15ms tupdate 16ms alpha 0.152344 beta 3.195312 l4s_ect coupling_factor 2 drop_on_overload step_thresh 1ms drop_dequeue split_gso classic_protection 10% 
 Sent 29106903 bytes 19244 pkt (dropped 0, overlimits 0 requeues 0) 
 backlog 7570b 5p requeues 0
prob 0.000000 delay_c 4278us delay_l 0us
pkts_in_c 19237 pkts_in_l 12 maxq 8
ecn_mark 0 step_marks 0
credit -120340 (L)
c_marks 0 l_marks 0
dq_count 19244 eq_count 19249
c_drops 0 l_drops 0

TICK_NS 2549074745038
TC_DUR_NS 1522826
NEXT 2549086329999
PLACEMENT i=1284
qdisc dualpi2 2: parent 1:10 limit 250p target 15ms tupdate 16ms alpha 0.152344 beta 3.195312 l4s_ect coupling_factor 2 drop_on_overload step_thresh 1ms drop_dequeue split_gso classic_protection 10% 
 Sent 29131127 bytes 19260 pkt (dropped 0, overlimits 0 requeues 0) 
 backlog 7570b 5p requeues 0
prob 0.000000 delay_c 4639us delay_l 0us
pkts_in_c 19253 pkts_in_l 12 maxq 8
ecn_mark 0 step_marks 0
credit -120340 (L)
c_marks 0 l_marks 0
dq_count 19260 eq_count 19265
c_drops 0 l_drops 0

TICK_NS 2549090636797
TC_DUR_NS 1440240
NEXT 2549102329999
PLACEMENT i=1285
qdisc dualpi2 2: parent 1:10 limit 250p target 15ms tupdate 16ms alpha 0.152344 beta 3.195312 l4s_ect coupling_factor 2 drop_on_overload step_thresh 1ms drop_dequeue split_gso classic_protection 10% 
 Sent 29155351 bytes 19276 pkt (dropped 0, overlimits 0 requeues 0) 
 backlog 7570b 5p requeues 0
prob 0.000000 delay_c 4397us delay_l 0us
pkts_in_c 19269 pkts_in_l 12 maxq 8
ecn_mark 0 step_marks 0
credit -120340 (L)
c_marks 0 l_marks 0
dq_count 19276 eq_count 19281
c_drops 0 l_drops 0

TICK_NS 2549106601152
TC_DUR_NS 1698004
NEXT 2549118329999
PLACEMENT i=1286
qdisc dualpi2 2: parent 1:10 limit 250p target 15ms tupdate 16ms alpha 0.152344 beta 3.195312 l4s_ect coupling_factor 2 drop_on_overload step_thresh 1ms drop_dequeue split_gso classic_protection 10% 
 Sent 29179575 bytes 19292 pkt (dropped 0, overlimits 0 requeues 0) 
 backlog 6056b 4p requeues 0
prob 0.004544 delay_c 3195us delay_l 0us
pkts_in_c 19284 pkts_in_l 12 maxq 8
ecn_mark 0 step_marks 0
credit -120340 (L)
c_marks 0 l_marks 0
dq_count 19292 eq_count 19296
c_drops 0 l_drops 0

TICK_NS 2549122248503
TC_DUR_NS 1382272
NEXT 2549134329999
PLACEMENT i=1287
qdisc dualpi2 2: parent 1:10 limit 250p target 15ms tupdate 16ms alpha 0.152344 beta 3.195312 l4s_ect coupling_factor 2 drop_on_overload step_thresh 1ms drop_dequeue split_gso classic_protection 10% 
 Sent 29202285 bytes 19307 pkt (dropped 0, overlimits 0 requeues 0) 
 backlog 7570b 5p requeues 0
prob 0.000000 delay_c 4766us delay_l 0us
pkts_in_c 19300 pkts_in_l 12 maxq 8
ecn_mark 0 step_marks 0
credit -120340 (L)
c_marks 0 l_marks 0
dq_count 19307 eq_count 19312
c_drops 0 l_drops 0

TICK_NS 2549138550290
TC_DUR_NS 1486077
NEXT 2549150329999
PLACEMENT i=1288
qdisc dualpi2 2: parent 1:10 limit 250p target 15ms tupdate 16ms alpha 0.152344 beta 3.195312 l4s_ect coupling_factor 2 drop_on_overload step_thresh 1ms drop_dequeue split_gso classic_protection 10% 
 Sent 29226509 bytes 19323 pkt (dropped 0, overlimits 0 requeues 0) 
 backlog 4542b 3p requeues 0
prob 0.000000 delay_c 4992us delay_l 0us
pkts_in_c 19314 pkts_in_l 12 maxq 8
ecn_mark 0 step_marks 0
credit -120340 (L)
c_marks 0 l_marks 0
dq_count 19323 eq_count 19326
c_drops 0 l_drops 0

TICK_NS 2549154266721
TC_DUR_NS 1314245
NEXT 2549166329999
PLACEMENT i=1289
qdisc dualpi2 2: parent 1:10 limit 250p target 15ms tupdate 16ms alpha 0.152344 beta 3.195312 l4s_ect coupling_factor 2 drop_on_overload step_thresh 1ms drop_dequeue split_gso classic_protection 10% 
 Sent 29250733 bytes 19339 pkt (dropped 0, overlimits 0 requeues 0) 
 backlog 6056b 4p requeues 0
prob 0.000000 delay_c 3508us delay_l 0us
pkts_in_c 19331 pkts_in_l 12 maxq 8
ecn_mark 0 step_marks 0
credit -120340 (L)
c_marks 0 l_marks 0
dq_count 19339 eq_count 19343
c_drops 0 l_drops 0

TICK_NS 2549170626688
TC_DUR_NS 1522075
NEXT 2549182329999
PLACEMENT i=1290
qdisc dualpi2 2: parent 1:10 limit 250p target 15ms tupdate 16ms alpha 0.152344 beta 3.195312 l4s_ect coupling_factor 2 drop_on_overload step_thresh 1ms drop_dequeue split_gso classic_protection 10% 
 Sent 29274957 bytes 19355 pkt (dropped 0, overlimits 0 requeues 0) 
 backlog 6056b 4p requeues 0
prob 0.001186 delay_c 3722us delay_l 0us
pkts_in_c 19347 pkts_in_l 12 maxq 8
ecn_mark 0 step_marks 0
credit -120340 (L)
c_marks 0 l_marks 0
dq_count 19355 eq_count 19359
c_drops 0 l_drops 0

TICK_NS 2549186512555
TC_DUR_NS 1349601
NEXT 2549198329999
PLACEMENT i=1291
qdisc dualpi2 2: parent 1:10 limit 250p target 15ms tupdate 16ms alpha 0.152344 beta 3.195312 l4s_ect coupling_factor 2 drop_on_overload step_thresh 1ms drop_dequeue split_gso classic_protection 10% 
 Sent 29299181 bytes 19371 pkt (dropped 0, overlimits 0 requeues 0) 
 backlog 7570b 5p requeues 0
prob 0.000000 delay_c 1466us delay_l 0us
pkts_in_c 19364 pkts_in_l 12 maxq 8
ecn_mark 0 step_marks 0
credit -120340 (L)
c_marks 0 l_marks 0
dq_count 19371 eq_count 19376
c_drops 0 l_drops 0

TICK_NS 2549202420334
TC_DUR_NS 1345973
NEXT 2549214329999
PLACEMENT i=1292
qdisc dualpi2 2: parent 1:10 limit 250p target 15ms tupdate 16ms alpha 0.152344 beta 3.195312 l4s_ect coupling_factor 2 drop_on_overload step_thresh 1ms drop_dequeue split_gso classic_protection 10% 
 Sent 29323405 bytes 19387 pkt (dropped 0, overlimits 0 requeues 0) 
 backlog 7570b 5p requeues 0
prob 0.000000 delay_c 4289us delay_l 0us
pkts_in_c 19380 pkts_in_l 12 maxq 8
ecn_mark 0 step_marks 0
credit -120340 (L)
c_marks 0 l_marks 0
dq_count 19387 eq_count 19392
c_drops 0 l_drops 0

TICK_NS 2549218135362
TC_DUR_NS 1418510
NEXT 2549230329999
PLACEMENT i=1293
qdisc dualpi2 2: parent 1:10 limit 250p target 15ms tupdate 16ms alpha 0.152344 beta 3.195312 l4s_ect coupling_factor 2 drop_on_overload step_thresh 1ms drop_dequeue split_gso classic_protection 10% 
 Sent 29346115 bytes 19402 pkt (dropped 0, overlimits 0 requeues 0) 
 backlog 6056b 4p requeues 0
prob 0.000000 delay_c 3754us delay_l 0us
pkts_in_c 19394 pkts_in_l 12 maxq 8
ecn_mark 0 step_marks 0
credit -120340 (L)
c_marks 0 l_marks 0
dq_count 19402 eq_count 19406
c_drops 0 l_drops 0

TICK_NS 2549234534703
TC_DUR_NS 1514399
NEXT 2549246329999
PLACEMENT i=1294
qdisc dualpi2 2: parent 1:10 limit 250p target 15ms tupdate 16ms alpha 0.152344 beta 3.195312 l4s_ect coupling_factor 2 drop_on_overload step_thresh 1ms drop_dequeue split_gso classic_protection 10% 
 Sent 29370339 bytes 19418 pkt (dropped 0, overlimits 0 requeues 0) 
 backlog 7570b 5p requeues 0
prob 0.004458 delay_c 3964us delay_l 0us
pkts_in_c 19411 pkts_in_l 12 maxq 8
ecn_mark 0 step_marks 0
credit -120340 (L)
c_marks 0 l_marks 0
dq_count 19418 eq_count 19423
c_drops 0 l_drops 0

TICK_NS 2549250236335
TC_DUR_NS 1376271
NEXT 2549262329999
PLACEMENT i=1295
qdisc dualpi2 2: parent 1:10 limit 250p target 15ms tupdate 16ms alpha 0.152344 beta 3.195312 l4s_ect coupling_factor 2 drop_on_overload step_thresh 1ms drop_dequeue split_gso classic_protection 10% 
 Sent 29394563 bytes 19434 pkt (dropped 0, overlimits 0 requeues 0) 
 backlog 7570b 5p requeues 0
prob 0.000000 delay_c 4565us delay_l 0us
pkts_in_c 19427 pkts_in_l 12 maxq 8
ecn_mark 0 step_marks 0
credit -120340 (L)
c_marks 0 l_marks 0
dq_count 19434 eq_count 19439
c_drops 0 l_drops 0

TICK_NS 2549266246005
TC_DUR_NS 1248110
NEXT 2549278329999
PLACEMENT i=1296
qdisc dualpi2 2: parent 1:10 limit 250p target 15ms tupdate 16ms alpha 0.152344 beta 3.195312 l4s_ect coupling_factor 2 drop_on_overload step_thresh 1ms drop_dequeue split_gso classic_protection 10% 
 Sent 29418787 bytes 19450 pkt (dropped 0, overlimits 0 requeues 0) 
 backlog 7570b 5p requeues 0
prob 0.000000 delay_c 4472us delay_l 0us
pkts_in_c 19443 pkts_in_l 12 maxq 8
ecn_mark 0 step_marks 0
credit -120340 (L)
c_marks 0 l_marks 0
dq_count 19450 eq_count 19455
c_drops 0 l_drops 0

TICK_NS 2549282913148
TC_DUR_NS 1617223
NEXT 2549294329999
PLACEMENT i=1297
qdisc dualpi2 2: parent 1:10 limit 250p target 15ms tupdate 16ms alpha 0.152344 beta 3.195312 l4s_ect coupling_factor 2 drop_on_overload step_thresh 1ms drop_dequeue split_gso classic_protection 10% 
 Sent 29443011 bytes 19466 pkt (dropped 0, overlimits 0 requeues 0) 
 backlog 6056b 4p requeues 0
prob 0.000000 delay_c 3736us delay_l 0us
pkts_in_c 19458 pkts_in_l 12 maxq 8
ecn_mark 0 step_marks 0
credit -120340 (L)
c_marks 0 l_marks 0
dq_count 19466 eq_count 19470
c_drops 0 l_drops 0

TICK_NS 2549298589263
TC_DUR_NS 1673708
NEXT 2549310329999
PLACEMENT i=1298
qdisc dualpi2 2: parent 1:10 limit 250p target 15ms tupdate 16ms alpha 0.152344 beta 3.195312 l4s_ect coupling_factor 2 drop_on_overload step_thresh 1ms drop_dequeue split_gso classic_protection 10% 
 Sent 29467235 bytes 19482 pkt (dropped 0, overlimits 0 requeues 0) 
 backlog 6056b 4p requeues 0
prob 0.001190 delay_c 3551us delay_l 0us
pkts_in_c 19474 pkts_in_l 12 maxq 8
ecn_mark 0 step_marks 0
credit -120340 (L)
c_marks 0 l_marks 0
dq_count 19482 eq_count 19486
c_drops 0 l_drops 0

TICK_NS 2549314348353
TC_DUR_NS 1370550
NEXT 2549326329999
PLACEMENT i=1299
qdisc dualpi2 2: parent 1:10 limit 250p target 15ms tupdate 16ms alpha 0.152344 beta 3.195312 l4s_ect coupling_factor 2 drop_on_overload step_thresh 1ms drop_dequeue split_gso classic_protection 10% 
 Sent 29489945 bytes 19497 pkt (dropped 0, overlimits 0 requeues 0) 
 backlog 7570b 5p requeues 0
prob 0.000000 delay_c 4990us delay_l 0us
pkts_in_c 19490 pkts_in_l 12 maxq 8
ecn_mark 0 step_marks 0
credit -120340 (L)
c_marks 0 l_marks 0
dq_count 19497 eq_count 19502
c_drops 0 l_drops 0

TICK_NS 2549330182484
TC_DUR_NS 1442915
NEXT 2549342329999
PLACEMENT i=1300
qdisc dualpi2 2: parent 1:10 limit 250p target 15ms tupdate 16ms alpha 0.152344 beta 3.195312 l4s_ect coupling_factor 2 drop_on_overload step_thresh 1ms drop_dequeue split_gso classic_protection 10% 
 Sent 29514169 bytes 19513 pkt (dropped 0, overlimits 0 requeues 0) 
 backlog 6056b 4p requeues 0
prob 0.000000 delay_c 3724us delay_l 0us
pkts_in_c 19505 pkts_in_l 12 maxq 8
ecn_mark 0 step_marks 0
credit -120340 (L)
c_marks 0 l_marks 0
dq_count 19513 eq_count 19517
c_drops 0 l_drops 0

TICK_NS 2549346332327
TC_DUR_NS 1247188
NEXT 2549358329999
PLACEMENT i=1301
qdisc dualpi2 2: parent 1:10 limit 250p target 15ms tupdate 16ms alpha 0.152344 beta 3.195312 l4s_ect coupling_factor 2 drop_on_overload step_thresh 1ms drop_dequeue split_gso classic_protection 10% 
 Sent 29538393 bytes 19529 pkt (dropped 0, overlimits 0 requeues 0) 
 backlog 6056b 4p requeues 0
prob 0.001270 delay_c 3780us delay_l 0us
pkts_in_c 19521 pkts_in_l 12 maxq 8
ecn_mark 0 step_marks 0
credit -120340 (L)
c_marks 0 l_marks 0
dq_count 19529 eq_count 19533
c_drops 0 l_drops 0

TICK_NS 2549362473123
TC_DUR_NS 1398573
NEXT 2549374329999
PLACEMENT i=1302
qdisc dualpi2 2: parent 1:10 limit 250p target 15ms tupdate 16ms alpha 0.152344 beta 3.195312 l4s_ect coupling_factor 2 drop_on_overload step_thresh 1ms drop_dequeue split_gso classic_protection 10% 
 Sent 29562617 bytes 19545 pkt (dropped 0, overlimits 0 requeues 0) 
 backlog 6056b 4p requeues 0
prob 0.000000 delay_c 3707us delay_l 0us
pkts_in_c 19537 pkts_in_l 12 maxq 8
ecn_mark 0 step_marks 0
credit -120340 (L)
c_marks 0 l_marks 0
dq_count 19545 eq_count 19549
c_drops 0 l_drops 0

TICK_NS 2549378381543
TC_DUR_NS 1291612
NEXT 2549390329999
PLACEMENT i=1303
qdisc dualpi2 2: parent 1:10 limit 250p target 15ms tupdate 16ms alpha 0.152344 beta 3.195312 l4s_ect coupling_factor 2 drop_on_overload step_thresh 1ms drop_dequeue split_gso classic_protection 10% 
 Sent 29586841 bytes 19561 pkt (dropped 0, overlimits 0 requeues 0) 
 backlog 7570b 5p requeues 0
prob 0.000000 delay_c 4493us delay_l 0us
pkts_in_c 19554 pkts_in_l 12 maxq 8
ecn_mark 0 step_marks 0
credit -120340 (L)
c_marks 0 l_marks 0
dq_count 19561 eq_count 19566
c_drops 0 l_drops 0

TICK_NS 2549395106935
TC_DUR_NS 1738250
NEXT 2549406329999
PLACEMENT i=1304
qdisc dualpi2 2: parent 1:10 limit 250p target 15ms tupdate 16ms alpha 0.152344 beta 3.195312 l4s_ect coupling_factor 2 drop_on_overload step_thresh 1ms drop_dequeue split_gso classic_protection 10% 
 Sent 29611065 bytes 19577 pkt (dropped 0, overlimits 0 requeues 0) 
 backlog 7570b 5p requeues 0
prob 0.000000 delay_c 4850us delay_l 0us
pkts_in_c 19570 pkts_in_l 12 maxq 8
ecn_mark 0 step_marks 0
credit -120340 (L)
c_marks 0 l_marks 0
dq_count 19577 eq_count 19582
c_drops 0 l_drops 0

TICK_NS 2549410397016
TC_DUR_NS 1235827
NEXT 2549422329999
PLACEMENT i=1305
qdisc dualpi2 2: parent 1:10 limit 250p target 15ms tupdate 16ms alpha 0.152344 beta 3.195312 l4s_ect coupling_factor 2 drop_on_overload step_thresh 1ms drop_dequeue split_gso classic_protection 10% 
 Sent 29635289 bytes 19593 pkt (dropped 0, overlimits 0 requeues 0) 
 backlog 4542b 3p requeues 0
prob 0.000000 delay_c 4317us delay_l 0us
pkts_in_c 19584 pkts_in_l 12 maxq 8
ecn_mark 0 step_marks 0
credit -120340 (L)
c_marks 0 l_marks 0
dq_count 19593 eq_count 19596
c_drops 0 l_drops 0

TICK_NS 2549426216910
TC_DUR_NS 1413631
NEXT 2549438329999
PLACEMENT i=1306
qdisc dualpi2 2: parent 1:10 limit 250p target 15ms tupdate 16ms alpha 0.152344 beta 3.195312 l4s_ect coupling_factor 2 drop_on_overload step_thresh 1ms drop_dequeue split_gso classic_protection 10% 
 Sent 29657999 bytes 19608 pkt (dropped 0, overlimits 0 requeues 0) 
 backlog 7570b 5p requeues 0
prob 0.000000 delay_c 4899us delay_l 0us
pkts_in_c 19601 pkts_in_l 12 maxq 8
ecn_mark 0 step_marks 0
credit -120340 (L)
c_marks 0 l_marks 0
dq_count 19608 eq_count 19613
c_drops 0 l_drops 0

TICK_NS 2549442650194
TC_DUR_NS 1444559
NEXT 2549454329999
PLACEMENT i=1307
qdisc dualpi2 2: parent 1:10 limit 250p target 15ms tupdate 16ms alpha 0.152344 beta 3.195312 l4s_ect coupling_factor 2 drop_on_overload step_thresh 1ms drop_dequeue split_gso classic_protection 10% 
 Sent 29682223 bytes 19624 pkt (dropped 0, overlimits 0 requeues 0) 
 backlog 7570b 5p requeues 0
prob 0.001150 delay_c 5019us delay_l 0us
pkts_in_c 19617 pkts_in_l 12 maxq 8
ecn_mark 0 step_marks 0
credit -120340 (L)
c_marks 0 l_marks 0
dq_count 19624 eq_count 19629
c_drops 0 l_drops 0

TICK_NS 2549458139579
TC_DUR_NS 1422938
NEXT 2549470329999
PLACEMENT i=1308
qdisc dualpi2 2: parent 1:10 limit 250p target 15ms tupdate 16ms alpha 0.152344 beta 3.195312 l4s_ect coupling_factor 2 drop_on_overload step_thresh 1ms drop_dequeue split_gso classic_protection 10% 
 Sent 29706447 bytes 19640 pkt (dropped 0, overlimits 0 requeues 0) 
 backlog 6056b 4p requeues 0
prob 0.000000 delay_c 4542us delay_l 0us
pkts_in_c 19632 pkts_in_l 12 maxq 8
ecn_mark 0 step_marks 0
credit -120340 (L)
c_marks 0 l_marks 0
dq_count 19640 eq_count 19644
c_drops 0 l_drops 0

TICK_NS 2549474573094
TC_DUR_NS 1474174
NEXT 2549486329999
PLACEMENT i=1309
qdisc dualpi2 2: parent 1:10 limit 250p target 15ms tupdate 16ms alpha 0.152344 beta 3.195312 l4s_ect coupling_factor 2 drop_on_overload step_thresh 1ms drop_dequeue split_gso classic_protection 10% 
 Sent 29730671 bytes 19656 pkt (dropped 0, overlimits 0 requeues 0) 
 backlog 6056b 4p requeues 0
prob 0.001240 delay_c 3771us delay_l 0us
pkts_in_c 19648 pkts_in_l 12 maxq 8
ecn_mark 0 step_marks 0
credit -120340 (L)
c_marks 0 l_marks 0
dq_count 19656 eq_count 19660
c_drops 0 l_drops 0

TICK_NS 2549490617489
TC_DUR_NS 1390698
NEXT 2549502329999
PLACEMENT i=1310
qdisc dualpi2 2: parent 1:10 limit 250p target 15ms tupdate 16ms alpha 0.152344 beta 3.195312 l4s_ect coupling_factor 2 drop_on_overload step_thresh 1ms drop_dequeue split_gso classic_protection 10% 
 Sent 29754895 bytes 19672 pkt (dropped 0, overlimits 0 requeues 0) 
 backlog 6056b 4p requeues 0
prob 0.000000 delay_c 3694us delay_l 0us
pkts_in_c 19664 pkts_in_l 12 maxq 8
ecn_mark 0 step_marks 0
credit -120340 (L)
c_marks 0 l_marks 0
dq_count 19672 eq_count 19676
c_drops 0 l_drops 0

TICK_NS 2549506334189
TC_DUR_NS 1539577
NEXT 2549518329999
PLACEMENT i=1311
qdisc dualpi2 2: parent 1:10 limit 250p target 15ms tupdate 16ms alpha 0.152344 beta 3.195312 l4s_ect coupling_factor 2 drop_on_overload step_thresh 1ms drop_dequeue split_gso classic_protection 10% 
 Sent 29779119 bytes 19688 pkt (dropped 0, overlimits 0 requeues 0) 
 backlog 7570b 5p requeues 0
prob 0.000000 delay_c 3237us delay_l 0us
pkts_in_c 19681 pkts_in_l 12 maxq 8
ecn_mark 0 step_marks 0
credit -120340 (L)
c_marks 0 l_marks 0
dq_count 19688 eq_count 19693
c_drops 0 l_drops 0

TICK_NS 2549522436032
TC_DUR_NS 1489273
NEXT 2549534329999
PLACEMENT i=1312
qdisc dualpi2 2: parent 1:10 limit 250p target 15ms tupdate 16ms alpha 0.152344 beta 3.195312 l4s_ect coupling_factor 2 drop_on_overload step_thresh 1ms drop_dequeue split_gso classic_protection 10% 
 Sent 29803343 bytes 19704 pkt (dropped 0, overlimits 0 requeues 0) 
 backlog 7570b 5p requeues 0
prob 0.000000 delay_c 4163us delay_l 0us
pkts_in_c 19697 pkts_in_l 12 maxq 8
ecn_mark 0 step_marks 0
credit -120340 (L)
c_marks 0 l_marks 0
dq_count 19704 eq_count 19709
c_drops 0 l_drops 0

TICK_NS 2549538011228
TC_DUR_NS 1342167
NEXT 2549550329999
PLACEMENT i=1313
qdisc dualpi2 2: parent 1:10 limit 250p target 15ms tupdate 16ms alpha 0.152344 beta 3.195312 l4s_ect coupling_factor 2 drop_on_overload step_thresh 1ms drop_dequeue split_gso classic_protection 10% 
 Sent 29826053 bytes 19719 pkt (dropped 0, overlimits 0 requeues 0) 
 backlog 6056b 4p requeues 0
prob 0.000000 delay_c 3682us delay_l 0us
pkts_in_c 19711 pkts_in_l 12 maxq 8
ecn_mark 0 step_marks 0
credit -120340 (L)
c_marks 0 l_marks 0
dq_count 19719 eq_count 19723
c_drops 0 l_drops 0

