[QUEUE_STATS] t_ms=33 q_pkts=0 q_bytes=0 qdelay_l_ms=0 qdelay_c_ms=0 ecn_mark=0 drop=0
[QUEUE_STATS] t_ms=84 q_pkts=0 q_bytes=0 qdelay_l_ms=0 qdelay_c_ms=0 ecn_mark=0 drop=0
[QUEUE_STATS] t_ms=107 q_pkts=0 q_bytes=0 qdelay_l_ms=0 qdelay_c_ms=0 ecn_mark=0 drop=0
[QUEUE_STATS] t_ms=130 q_pkts=0 q_bytes=0 qdelay_l_ms=0 qdelay_c_ms=0 ecn_mark=2 drop=0
[QUEUE_STATS] t_ms=153 q_pkts=0 q_bytes=0 qdelay_l_ms=0 qdelay_c_ms=0 ecn_mark=6 drop=0
[QUEUE_STATS] t_ms=175 q_pkts=0 q_bytes=0 qdelay_l_ms=0 qdelay_c_ms=0 ecn_mark=8 drop=0
[QUEUE_STATS] t_ms=176 q_pkts=4 q_bytes=346 qdelay_l_ms=1.09278 qdelay_c_ms=0 ecn_mark=8 drop=0
[QUEUE_STATS] t_ms=198 q_pkts=0 q_bytes=0 qdelay_l_ms=0 qdelay_c_ms=0 ecn_mark=10 drop=0
[QUEUE_STATS] t_ms=208 q_pkts=3 q_bytes=4512 qdelay_l_ms=9.65592 qdelay_c_ms=9.68778 ecn_mark=19 drop=0
[QUEUE_STATS] t_ms=229 q_pkts=0 q_bytes=0 qdelay_l_ms=0 qdelay_c_ms=0 ecn_mark=19 drop=0
[QUEUE_STATS] t_ms=240 q_pkts=0 q_bytes=0 qdelay_l_ms=0 qdelay_c_ms=0 ecn_mark=19 drop=0
[QUEUE_STATS] t_ms=256 q_pkts=1 q_bytes=1504 qdelay_l_ms=0 qdelay_c_ms=1.06143 ecn_mark=20 drop=0
[QUEUE_STATS] t_ms=276 q_pkts=0 q_bytes=0 qdelay_l_ms=0 qdelay_c_ms=0 ecn_mark=20 drop=0
[QUEUE_STATS] t_ms=292 q_pkts=0 q_bytes=0 qdelay_l_ms=0 qdelay_c_ms=0 ecn_mark=20 drop=0
[QUEUE_STATS] t_ms=304 q_pkts=1 q_bytes=1504 qdelay_l_ms=0 qdelay_c_ms=1.0579 ecn_mark=20 drop=0
[QUEUE_STATS] t_ms=320 q_pkts=0 q_bytes=0 qdelay_l_ms=0 qdelay_c_ms=0 ecn_mark=20 drop=0
[QUEUE_STATS] t_ms=337 q_pkts=0 q_bytes=0 qdelay_l_ms=0 qdelay_c_ms=0 ecn_mark=20 drop=0
[QUEUE_STATS] t_ms=352 q_pkts=3 q_bytes=4512 qdelay_l_ms=1.03845 qdelay_c_ms=3.23151 ecn_mark=20 drop=0
[QUEUE_STATS] t_ms=368 q_pkts=2 q_bytes=3008 qdelay_l_ms=0 qdelay_c_ms=1.09805 ecn_mark=20 drop=0
[QUEUE_STATS] t_ms=384 q_pkts=1 q_bytes=1504 qdelay_l_ms=1.07382 qdelay_c_ms=0 ecn_mark=20 drop=0
[QUEUE_STATS] t_ms=400 q_pkts=2 q_bytes=3008 qdelay_l_ms=0 qdelay_c_ms=1.06736 ecn_mark=20 drop=0
[QUEUE_STATS] t_ms=416 q_pkts=0 q_bytes=0 qdelay_l_ms=0 qdelay_c_ms=0 ecn_mark=20 drop=0
[QUEUE_STATS] t_ms=432 q_pkts=1 q_bytes=1504 qdelay_l_ms=1.06445 qdelay_c_ms=0 ecn_mark=20 drop=0
[QUEUE_STATS] t_ms=448 q_pkts=1 q_bytes=1504 qdelay_l_ms=0 qdelay_c_ms=2.13119 ecn_mark=20 drop=0
[QUEUE_STATS] t_ms=464 q_pkts=3 q_bytes=4512 qdelay_l_ms=1.06646 qdelay_c_ms=1.06125 ecn_mark=20 drop=0
[QUEUE_STATS] t_ms=480 q_pkts=2 q_bytes=3008 qdelay_l_ms=1.06025 qdelay_c_ms=2.12159 ecn_mark=20 drop=0
[QUEUE_STATS] t_ms=496 q_pkts=1 q_bytes=1504 qdelay_l_ms=0 qdelay_c_ms=3.18625 ecn_mark=20 drop=0
[QUEUE_STATS] t_ms=512 q_pkts=1 q_bytes=1504 qdelay_l_ms=1.1107 qdelay_c_ms=0 ecn_mark=20 drop=0
[QUEUE_STATS] t_ms=528 q_pkts=2 q_bytes=3008 qdelay_l_ms=0 qdelay_c_ms=4.2699 ecn_mark=20 drop=0
[QUEUE_STATS] t_ms=544 q_pkts=3 q_bytes=4512 qdelay_l_ms=1.1063 qdelay_c_ms=4.38902 ecn_mark=20 drop=0
[QUEUE_STATS] t_ms=560 q_pkts=4 q_bytes=6016 qdelay_l_ms=0 qdelay_c_ms=7.49095 ecn_mark=20 drop=0
[QUEUE_STATS] t_ms=576 q_pkts=6 q_bytes=9024 qdelay_l_ms=2.12356 qdelay_c_ms=4.28432 ecn_mark=20 drop=0
[QUEUE_STATS] t_ms=592 q_pkts=6 q_bytes=9024 qdelay_l_ms=1.07927 qdelay_c_ms=11.1004 ecn_mark=20 drop=0
[QUEUE_STATS] t_ms=608 q_pkts=5 q_bytes=7520 qdelay_l_ms=1.0564 qdelay_c_ms=8.25686 ecn_mark=20 drop=0
[QUEUE_STATS] t_ms=624 q_pkts=7 q_bytes=10528 qdelay_l_ms=0 qdelay_c_ms=10.331 ecn_mark=20 drop=0
[QUEUE_STATS] t_ms=640 q_pkts=9 q_bytes=13536 qdelay_l_ms=0 qdelay_c_ms=18.126 ecn_mark=20 drop=0
[QUEUE_STATS] t_ms=656 q_pkts=8 q_bytes=12032 qdelay_l_ms=0 qdelay_c_ms=18.8951 ecn_mark=20 drop=0
[QUEUE_STATS] t_ms=672 q_pkts=10 q_bytes=15040 qdelay_l_ms=1.05639 qdelay_c_ms=26.0418 ecn_mark=20 drop=0
[QUEUE_STATS] t_ms=688 q_pkts=9 q_bytes=13536 qdelay_l_ms=1.06661 qdelay_c_ms=23.5456 ecn_mark=20 drop=0
[QUEUE_STATS] t_ms=704 q_pkts=11 q_bytes=16544 qdelay_l_ms=0 qdelay_c_ms=33.4122 ecn_mark=20 drop=0
[QUEUE_STATS] t_ms=720 q_pkts=10 q_bytes=15040 qdelay_l_ms=1.06594 qdelay_c_ms=30.9755 ecn_mark=20 drop=0
[QUEUE_STATS] t_ms=736 q_pkts=13 q_bytes=19552 qdelay_l_ms=1.0627 qdelay_c_ms=34.5489 ecn_mark=20 drop=0
[QUEUE_STATS] t_ms=752 q_pkts=13 q_bytes=19552 qdelay_l_ms=1.07352 qdelay_c_ms=35.3276 ecn_mark=20 drop=0
[QUEUE_STATS] t_ms=768 q_pkts=14 q_bytes=21056 qdelay_l_ms=1.0715 qdelay_c_ms=42.5649 ecn_mark=20 drop=0
[QUEUE_STATS] t_ms=784 q_pkts=13 q_bytes=19552 qdelay_l_ms=1.04574 qdelay_c_ms=52.4944 ecn_mark=20 drop=0
[QUEUE_STATS] t_ms=800 q_pkts=15 q_bytes=22560 qdelay_l_ms=3.20112 qdelay_c_ms=66.8417 ecn_mark=21 drop=0
[QUEUE_STATS] t_ms=816 q_pkts=15 q_bytes=22560 qdelay_l_ms=2.75454 qdelay_c_ms=73.0118 ecn_mark=21 drop=0
[QUEUE_STATS] t_ms=832 q_pkts=13 q_bytes=19552 qdelay_l_ms=2.35249 qdelay_c_ms=60.0947 ecn_mark=23 drop=0
[QUEUE_STATS] t_ms=848 q_pkts=13 q_bytes=19552 qdelay_l_ms=0 qdelay_c_ms=60.0385 ecn_mark=25 drop=0
[QUEUE_STATS] t_ms=865 q_pkts=12 q_bytes=16624 qdelay_l_ms=1.0628 qdelay_c_ms=46.2434 ecn_mark=25 drop=0
[QUEUE_STATS] t_ms=880 q_pkts=15 q_bytes=21136 qdelay_l_ms=2.16687 qdelay_c_ms=37.5852 ecn_mark=25 drop=0
[QUEUE_STATS] t_ms=896 q_pkts=17 q_bytes=22720 qdelay_l_ms=1.071 qdelay_c_ms=50.0199 ecn_mark=25 drop=0
[QUEUE_STATS] t_ms=912 q_pkts=17 q_bytes=22720 qdelay_l_ms=1.06889 qdelay_c_ms=53.3048 ecn_mark=29 drop=0
[QUEUE_STATS] t_ms=928 q_pkts=15 q_bytes=21136 qdelay_l_ms=1.07728 qdelay_c_ms=55.2964 ecn_mark=29 drop=0
[QUEUE_STATS] t_ms=944 q_pkts=13 q_bytes=18128 qdelay_l_ms=1.06356 qdelay_c_ms=60.3154 ecn_mark=29 drop=0
[QUEUE_STATS] t_ms=960 q_pkts=13 q_bytes=19552 qdelay_l_ms=1.05865 qdelay_c_ms=60.3107 ecn_mark=29 drop=0
[QUEUE_STATS] t_ms=976 q_pkts=14 q_bytes=21056 qdelay_l_ms=1.05904 qdelay_c_ms=64.7745 ecn_mark=29 drop=0
[QUEUE_STATS] t_ms=992 q_pkts=14 q_bytes=21056 qdelay_l_ms=2.07878 qdelay_c_ms=68.6643 ecn_mark=29 drop=0
[QUEUE_STATS] t_ms=1008 q_pkts=16 q_bytes=24064 qdelay_l_ms=2.13004 qdelay_c_ms=63.66 ecn_mark=29 drop=0
[QUEUE_STATS] t_ms=1025 q_pkts=16 q_bytes=24064 qdelay_l_ms=2.12832 qdelay_c_ms=77.0999 ecn_mark=30 drop=0
[QUEUE_STATS] t_ms=1040 q_pkts=14 q_bytes=21056 qdelay_l_ms=0 qdelay_c_ms=70.7096 ecn_mark=30 drop=0
[QUEUE_STATS] t_ms=1056 q_pkts=15 q_bytes=22560 qdelay_l_ms=2.12107 qdelay_c_ms=85.9579 ecn_mark=30 drop=0
[QUEUE_STATS] t_ms=1072 q_pkts=17 q_bytes=25568 qdelay_l_ms=2.16068 qdelay_c_ms=83.7146 ecn_mark=31 drop=0
[QUEUE_STATS] t_ms=1088 q_pkts=17 q_bytes=25568 qdelay_l_ms=1.94809 qdelay_c_ms=96.4217 ecn_mark=33 drop=0
[QUEUE_STATS] t_ms=1104 q_pkts=16 q_bytes=24064 qdelay_l_ms=2.26873 qdelay_c_ms=91.4609 ecn_mark=33 drop=0
[QUEUE_STATS] t_ms=1120 q_pkts=16 q_bytes=24064 qdelay_l_ms=0 qdelay_c_ms=97.8436 ecn_mark=34 drop=0
[QUEUE_STATS] t_ms=1137 q_pkts=16 q_bytes=24064 qdelay_l_ms=2.19317 qdelay_c_ms=92.5127 ecn_mark=34 drop=0
[QUEUE_STATS] t_ms=1152 q_pkts=17 q_bytes=25568 qdelay_l_ms=3.20009 qdelay_c_ms=93.4415 ecn_mark=38 drop=0
[QUEUE_STATS] t_ms=1168 q_pkts=15 q_bytes=22560 qdelay_l_ms=1.0625 qdelay_c_ms=87.0941 ecn_mark=38 drop=0
[QUEUE_STATS] t_ms=1184 q_pkts=15 q_bytes=22560 qdelay_l_ms=3.22821 qdelay_c_ms=72.6182 ecn_mark=39 drop=0
[QUEUE_STATS] t_ms=1200 q_pkts=16 q_bytes=24064 qdelay_l_ms=2.16063 qdelay_c_ms=88.1383 ecn_mark=47 drop=0
[QUEUE_STATS] t_ms=1216 q_pkts=16 q_bytes=24064 qdelay_l_ms=1.06236 qdelay_c_ms=86.9382 ecn_mark=47 drop=0
[QUEUE_STATS] t_ms=1232 q_pkts=16 q_bytes=24064 qdelay_l_ms=1.06491 qdelay_c_ms=82.758 ecn_mark=47 drop=0
[QUEUE_STATS] t_ms=1249 q_pkts=18 q_bytes=27072 qdelay_l_ms=3.20018 qdelay_c_ms=87.7091 ecn_mark=52 drop=0
[QUEUE_STATS] t_ms=1264 q_pkts=17 q_bytes=25568 qdelay_l_ms=1.06237 qdelay_c_ms=82.463 ecn_mark=55 drop=0
[QUEUE_STATS] t_ms=1280 q_pkts=17 q_bytes=25568 qdelay_l_ms=1.05559 qdelay_c_ms=92.8082 ecn_mark=55 drop=0
[QUEUE_STATS] t_ms=1296 q_pkts=18 q_bytes=27072 qdelay_l_ms=2.03688 qdelay_c_ms=93.0118 ecn_mark=55 drop=0
[QUEUE_STATS] t_ms=1313 q_pkts=19 q_bytes=28576 qdelay_l_ms=3.23193 qdelay_c_ms=97.8276 ecn_mark=65 drop=0
[QUEUE_STATS] t_ms=1328 q_pkts=18 q_bytes=27072 qdelay_l_ms=2.12391 qdelay_c_ms=98.2765 ecn_mark=66 drop=0
[QUEUE_STATS] t_ms=1344 q_pkts=18 q_bytes=27072 qdelay_l_ms=2.12554 qdelay_c_ms=108.298 ecn_mark=67 drop=0
[QUEUE_STATS] t_ms=1360 q_pkts=16 q_bytes=24064 qdelay_l_ms=2.12666 qdelay_c_ms=113.882 ecn_mark=67 drop=0
[QUEUE_STATS] t_ms=1376 q_pkts=18 q_bytes=27072 qdelay_l_ms=2.12973 qdelay_c_ms=118.433 ecn_mark=67 drop=0
[QUEUE_STATS] t_ms=1392 q_pkts=17 q_bytes=25568 qdelay_l_ms=3.18643 qdelay_c_ms=113.64 ecn_mark=67 drop=0
[QUEUE_STATS] t_ms=1408 q_pkts=18 q_bytes=27072 qdelay_l_ms=1.06961 qdelay_c_ms=119.282 ecn_mark=70 drop=0
[QUEUE_STATS] t_ms=1424 q_pkts=20 q_bytes=30080 qdelay_l_ms=2.18529 qdelay_c_ms=116.032 ecn_mark=73 drop=0
[QUEUE_STATS] t_ms=1440 q_pkts=18 q_bytes=27072 qdelay_l_ms=2.12397 qdelay_c_ms=120.296 ecn_mark=74 drop=0
[QUEUE_STATS] t_ms=1456 q_pkts=19 q_bytes=28576 qdelay_l_ms=3.16721 qdelay_c_ms=116.293 ecn_mark=81 drop=0
[QUEUE_STATS] t_ms=1472 q_pkts=17 q_bytes=25568 qdelay_l_ms=2.12287 qdelay_c_ms=121.747 ecn_mark=85 drop=0
[QUEUE_STATS] t_ms=1488 q_pkts=18 q_bytes=27072 qdelay_l_ms=1.07565 qdelay_c_ms=117.241 ecn_mark=86 drop=0
[QUEUE_STATS] t_ms=1505 q_pkts=16 q_bytes=24064 qdelay_l_ms=1.07589 qdelay_c_ms=111.715 ecn_mark=86 drop=0
[QUEUE_STATS] t_ms=1520 q_pkts=19 q_bytes=28576 qdelay_l_ms=3.17801 qdelay_c_ms=107.575 ecn_mark=88 drop=0
[QUEUE_STATS] t_ms=1536 q_pkts=19 q_bytes=28576 qdelay_l_ms=1.07099 qdelay_c_ms=115.661 ecn_mark=92 drop=0
[QUEUE_STATS] t_ms=1552 q_pkts=18 q_bytes=27072 qdelay_l_ms=2.14668 qdelay_c_ms=98.1817 ecn_mark=92 drop=0
[QUEUE_STATS] t_ms=1569 q_pkts=19 q_bytes=28576 qdelay_l_ms=1.06399 qdelay_c_ms=107.462 ecn_mark=92 drop=0
[QUEUE_STATS] t_ms=1584 q_pkts=19 q_bytes=28576 qdelay_l_ms=2.10154 qdelay_c_ms=98.3388 ecn_mark=92 drop=0
[QUEUE_STATS] t_ms=1600 q_pkts=20 q_bytes=30080 qdelay_l_ms=2.14985 qdelay_c_ms=114.634 ecn_mark=92 drop=0
[QUEUE_STATS] t_ms=1616 q_pkts=20 q_bytes=30080 qdelay_l_ms=2.1257 qdelay_c_ms=110.2 ecn_mark=96 drop=0
[QUEUE_STATS] t_ms=1632 q_pkts=19 q_bytes=28576 qdelay_l_ms=3.17968 qdelay_c_ms=110.671 ecn_mark=99 drop=0
[QUEUE_STATS] t_ms=1648 q_pkts=19 q_bytes=28576 qdelay_l_ms=3.21634 qdelay_c_ms=120.8 ecn_mark=110 drop=0
[QUEUE_STATS] t_ms=1664 q_pkts=19 q_bytes=28576 qdelay_l_ms=2.10486 qdelay_c_ms=115.768 ecn_mark=115 drop=0
[QUEUE_STATS] t_ms=1680 q_pkts=19 q_bytes=28576 qdelay_l_ms=2.13671 qdelay_c_ms=121.266 ecn_mark=115 drop=0
[QUEUE_STATS] t_ms=1696 q_pkts=20 q_bytes=30080 qdelay_l_ms=3.21414 qdelay_c_ms=125.595 ecn_mark=117 drop=0
[QUEUE_STATS] t_ms=1712 q_pkts=19 q_bytes=28576 qdelay_l_ms=3.2125 qdelay_c_ms=131.51 ecn_mark=130 drop=0
[QUEUE_STATS] t_ms=1728 q_pkts=19 q_bytes=28576 qdelay_l_ms=1.06633 qdelay_c_ms=129.293 ecn_mark=131 drop=0
[QUEUE_STATS] t_ms=1744 q_pkts=18 q_bytes=27072 qdelay_l_ms=1.05918 qdelay_c_ms=132.56 ecn_mark=131 drop=0
[QUEUE_STATS] t_ms=1760 q_pkts=20 q_bytes=30080 qdelay_l_ms=3.29136 qdelay_c_ms=118.042 ecn_mark=138 drop=0
[QUEUE_STATS] t_ms=1776 q_pkts=18 q_bytes=27072 qdelay_l_ms=1.06928 qdelay_c_ms=113.031 ecn_mark=143 drop=0
[QUEUE_STATS] t_ms=1792 q_pkts=17 q_bytes=25568 qdelay_l_ms=1.0724 qdelay_c_ms=109.954 ecn_mark=143 drop=0
[QUEUE_STATS] t_ms=1808 q_pkts=20 q_bytes=30080 qdelay_l_ms=3.22913 qdelay_c_ms=103.359 ecn_mark=149 drop=0
[QUEUE_STATS] t_ms=1824 q_pkts=19 q_bytes=28576 qdelay_l_ms=4.36321 qdelay_c_ms=108.836 ecn_mark=160 drop=0
[QUEUE_STATS] t_ms=1840 q_pkts=16 q_bytes=24064 qdelay_l_ms=1.06637 qdelay_c_ms=84.0628 ecn_mark=160 drop=0
[QUEUE_STATS] t_ms=1856 q_pkts=17 q_bytes=25568 qdelay_l_ms=1.06539 qdelay_c_ms=88.1194 ecn_mark=160 drop=0
[QUEUE_STATS] t_ms=1872 q_pkts=19 q_bytes=28576 qdelay_l_ms=1.06263 qdelay_c_ms=84.2805 ecn_mark=160 drop=0
[QUEUE_STATS] t_ms=1888 q_pkts=20 q_bytes=30080 qdelay_l_ms=1.63684 qdelay_c_ms=89.6033 ecn_mark=161 drop=0
[QUEUE_STATS] t_ms=1904 q_pkts=18 q_bytes=27072 qdelay_l_ms=1.0628 qdelay_c_ms=83.3336 ecn_mark=163 drop=0
[QUEUE_STATS] t_ms=1920 q_pkts=17 q_bytes=25568 qdelay_l_ms=1.06119 qdelay_c_ms=86.4225 ecn_mark=163 drop=0
[QUEUE_STATS] t_ms=1936 q_pkts=18 q_bytes=27072 qdelay_l_ms=0 qdelay_c_ms=90.1657 ecn_mark=163 drop=0
[QUEUE_STATS] t_ms=1952 q_pkts=18 q_bytes=27072 qdelay_l_ms=2.11945 qdelay_c_ms=97.7884 ecn_mark=163 drop=0
[QUEUE_STATS] t_ms=1968 q_pkts=20 q_bytes=30080 qdelay_l_ms=2.06533 qdelay_c_ms=102.267 ecn_mark=164 drop=0
[QUEUE_STATS] t_ms=1984 q_pkts=20 q_bytes=30080 qdelay_l_ms=1.0656 qdelay_c_ms=116.327 ecn_mark=166 drop=0
[QUEUE_STATS] t_ms=2000 q_pkts=20 q_bytes=30080 qdelay_l_ms=2.16896 qdelay_c_ms=98.9692 ecn_mark=168 drop=0
[QUEUE_STATS] t_ms=2016 q_pkts=20 q_bytes=30080 qdelay_l_ms=2.07578 qdelay_c_ms=106.496 ecn_mark=168 drop=0
[QUEUE_STATS] t_ms=2032 q_pkts=22 q_bytes=33088 qdelay_l_ms=2.1425 qdelay_c_ms=111.685 ecn_mark=168 drop=0
[QUEUE_STATS] t_ms=2048 q_pkts=20 q_bytes=30080 qdelay_l_ms=2.99734 qdelay_c_ms=122.335 ecn_mark=172 drop=0
[QUEUE_STATS] t_ms=2065 q_pkts=21 q_bytes=31584 qdelay_l_ms=1.06323 qdelay_c_ms=136.721 ecn_mark=172 drop=0
[QUEUE_STATS] t_ms=2080 q_pkts=22 q_bytes=33088 qdelay_l_ms=2.13182 qdelay_c_ms=137.682 ecn_mark=172 drop=0
[QUEUE_STATS] t_ms=2096 q_pkts=21 q_bytes=31584 qdelay_l_ms=2.98081 qdelay_c_ms=142.284 ecn_mark=173 drop=0
[QUEUE_STATS] t_ms=2112 q_pkts=20 q_bytes=30080 qdelay_l_ms=0 qdelay_c_ms=153.834 ecn_mark=176 drop=0
[QUEUE_STATS] t_ms=2128 q_pkts=21 q_bytes=31584 qdelay_l_ms=3.202 qdelay_c_ms=132.306 ecn_mark=179 drop=0
[QUEUE_STATS] t_ms=2144 q_pkts=21 q_bytes=31584 qdelay_l_ms=1.06306 qdelay_c_ms=148.415 ecn_mark=184 drop=0
[QUEUE_STATS] t_ms=2161 q_pkts=20 q_bytes=30080 qdelay_l_ms=1.97437 qdelay_c_ms=150.059 ecn_mark=185 drop=0
[QUEUE_STATS] t_ms=2176 q_pkts=20 q_bytes=30080 qdelay_l_ms=2.1341 qdelay_c_ms=147.52 ecn_mark=186 drop=0
[QUEUE_STATS] t_ms=2193 q_pkts=21 q_bytes=31584 qdelay_l_ms=2.11696 qdelay_c_ms=144.103 ecn_mark=186 drop=0
[QUEUE_STATS] t_ms=2208 q_pkts=21 q_bytes=31584 qdelay_l_ms=2.68736 qdelay_c_ms=129.986 ecn_mark=192 drop=0
[QUEUE_STATS] t_ms=2224 q_pkts=22 q_bytes=33088 qdelay_l_ms=2.14861 qdelay_c_ms=136.857 ecn_mark=195 drop=0
[QUEUE_STATS] t_ms=2240 q_pkts=21 q_bytes=28664 qdelay_l_ms=1.06462 qdelay_c_ms=121.832 ecn_mark=195 drop=0
[QUEUE_STATS] t_ms=2257 q_pkts=23 q_bytes=31672 qdelay_l_ms=2.13776 qdelay_c_ms=121.451 ecn_mark=195 drop=0
[QUEUE_STATS] t_ms=2272 q_pkts=23 q_bytes=31672 qdelay_l_ms=1.06783 qdelay_c_ms=133.303 ecn_mark=195 drop=0
[QUEUE_STATS] t_ms=2288 q_pkts=23 q_bytes=31672 qdelay_l_ms=1.97646 qdelay_c_ms=129.732 ecn_mark=195 drop=0
[QUEUE_STATS] t_ms=2304 q_pkts=24 q_bytes=33176 qdelay_l_ms=2.1232 qdelay_c_ms=134.679 ecn_mark=195 drop=0
[QUEUE_STATS] t_ms=2320 q_pkts=26 q_bytes=36184 qdelay_l_ms=2.06821 qdelay_c_ms=139.309 ecn_mark=207 drop=0
[QUEUE_STATS] t_ms=2337 q_pkts=24 q_bytes=33176 qdelay_l_ms=3.20713 qdelay_c_ms=146.173 ecn_mark=218 drop=0
[QUEUE_STATS] t_ms=2352 q_pkts=23 q_bytes=31672 qdelay_l_ms=1.06669 qdelay_c_ms=160.829 ecn_mark=218 drop=0
[QUEUE_STATS] t_ms=2368 q_pkts=23 q_bytes=31672 qdelay_l_ms=1.06601 qdelay_c_ms=155.834 ecn_mark=218 drop=0
[QUEUE_STATS] t_ms=2384 q_pkts=24 q_bytes=33176 qdelay_l_ms=2.04989 qdelay_c_ms=160.954 ecn_mark=218 drop=0
[QUEUE_STATS] t_ms=2400 q_pkts=24 q_bytes=33176 qdelay_l_ms=3.23228 qdelay_c_ms=163.848 ecn_mark=228 drop=0
[QUEUE_STATS] t_ms=2416 q_pkts=22 q_bytes=33088 qdelay_l_ms=1.07439 qdelay_c_ms=166.683 ecn_mark=231 drop=0
[QUEUE_STATS] t_ms=2432 q_pkts=21 q_bytes=31584 qdelay_l_ms=2.10757 qdelay_c_ms=166.394 ecn_mark=231 drop=0
[QUEUE_STATS] t_ms=2448 q_pkts=21 q_bytes=31584 qdelay_l_ms=1.90067 qdelay_c_ms=152.719 ecn_mark=231 drop=0
[QUEUE_STATS] t_ms=2464 q_pkts=23 q_bytes=34592 qdelay_l_ms=2.15731 qdelay_c_ms=158.277 ecn_mark=243 drop=0
[QUEUE_STATS] t_ms=2480 q_pkts=20 q_bytes=30080 qdelay_l_ms=2.12681 qdelay_c_ms=154.416 ecn_mark=247 drop=0
[QUEUE_STATS] t_ms=2496 q_pkts=21 q_bytes=31584 qdelay_l_ms=2.09226 qdelay_c_ms=140.335 ecn_mark=247 drop=0
[QUEUE_STATS] t_ms=2512 q_pkts=21 q_bytes=31584 qdelay_l_ms=2.1863 qdelay_c_ms=131.436 ecn_mark=253 drop=0
[QUEUE_STATS] t_ms=2528 q_pkts=21 q_bytes=31584 qdelay_l_ms=1.06249 qdelay_c_ms=125.065 ecn_mark=254 drop=0
[QUEUE_STATS] t_ms=2544 q_pkts=20 q_bytes=30080 qdelay_l_ms=1.06537 qdelay_c_ms=136.842 ecn_mark=254 drop=0
[QUEUE_STATS] t_ms=2560 q_pkts=21 q_bytes=31584 qdelay_l_ms=2.1261 qdelay_c_ms=115.729 ecn_mark=254 drop=0
[QUEUE_STATS] t_ms=2576 q_pkts=22 q_bytes=33088 qdelay_l_ms=2.05717 qdelay_c_ms=127.498 ecn_mark=254 drop=0
[QUEUE_STATS] t_ms=2592 q_pkts=22 q_bytes=33088 qdelay_l_ms=3.20056 qdelay_c_ms=122.926 ecn_mark=259 drop=0
[QUEUE_STATS] t_ms=2608 q_pkts=23 q_bytes=34592 qdelay_l_ms=2.13217 qdelay_c_ms=118.743 ecn_mark=266 drop=0
[QUEUE_STATS] t_ms=2624 q_pkts=22 q_bytes=33088 qdelay_l_ms=2.16927 qdelay_c_ms=123.943 ecn_mark=267 drop=0
[QUEUE_STATS] t_ms=2640 q_pkts=23 q_bytes=34592 qdelay_l_ms=2.83153 qdelay_c_ms=129.739 ecn_mark=273 drop=0
[QUEUE_STATS] t_ms=2656 q_pkts=21 q_bytes=31584 qdelay_l_ms=2.23789 qdelay_c_ms=122.823 ecn_mark=274 drop=0
[QUEUE_STATS] t_ms=2672 q_pkts=21 q_bytes=31584 qdelay_l_ms=2.12749 qdelay_c_ms=120.146 ecn_mark=274 drop=0
[QUEUE_STATS] t_ms=2688 q_pkts=21 q_bytes=31584 qdelay_l_ms=3.19665 qdelay_c_ms=110.768 ecn_mark=276 drop=0
[QUEUE_STATS] t_ms=2704 q_pkts=23 q_bytes=34592 qdelay_l_ms=3.23372 qdelay_c_ms=117.477 ecn_mark=287 drop=0
[QUEUE_STATS] t_ms=2720 q_pkts=20 q_bytes=30080 qdelay_l_ms=0 qdelay_c_ms=102.848 ecn_mark=287 drop=0
[QUEUE_STATS] t_ms=2736 q_pkts=19 q_bytes=28576 qdelay_l_ms=0 qdelay_c_ms=98.2118 ecn_mark=287 drop=0
[QUEUE_STATS] t_ms=2752 q_pkts=22 q_bytes=33088 qdelay_l_ms=1.06489 qdelay_c_ms=102.946 ecn_mark=287 drop=0
[QUEUE_STATS] t_ms=2768 q_pkts=22 q_bytes=33088 qdelay_l_ms=2.13063 qdelay_c_ms=101.804 ecn_mark=287 drop=0
[QUEUE_STATS] t_ms=2784 q_pkts=23 q_bytes=34592 qdelay_l_ms=2.11022 qdelay_c_ms=113.508 ecn_mark=290 drop=0
[QUEUE_STATS] t_ms=2800 q_pkts=22 q_bytes=33088 qdelay_l_ms=2.12607 qdelay_c_ms=106.896 ecn_mark=292 drop=0
[QUEUE_STATS] t_ms=2816 q_pkts=22 q_bytes=33088 qdelay_l_ms=2.08951 qdelay_c_ms=113.084 ecn_mark=293 drop=0
[QUEUE_STATS] t_ms=2832 q_pkts=23 q_bytes=34592 qdelay_l_ms=1.06351 qdelay_c_ms=125.33 ecn_mark=295 drop=0
[QUEUE_STATS] t_ms=2848 q_pkts=21 q_bytes=31584 qdelay_l_ms=1.06351 qdelay_c_ms=117.132 ecn_mark=296 drop=0
[QUEUE_STATS] t_ms=2864 q_pkts=21 q_bytes=31584 qdelay_l_ms=0 qdelay_c_ms=125.01 ecn_mark=296 drop=0
[QUEUE_STATS] t_ms=2880 q_pkts=20 q_bytes=30080 qdelay_l_ms=1.69971 qdelay_c_ms=118.982 ecn_mark=296 drop=0
[QUEUE_STATS] t_ms=2896 q_pkts=22 q_bytes=33088 qdelay_l_ms=2.20927 qdelay_c_ms=115.823 ecn_mark=297 drop=0
[QUEUE_STATS] t_ms=2912 q_pkts=23 q_bytes=34592 qdelay_l_ms=2.25951 qdelay_c_ms=109.82 ecn_mark=297 drop=0
[QUEUE_STATS] t_ms=2928 q_pkts=20 q_bytes=30080 qdelay_l_ms=0.925551 qdelay_c_ms=102.621 ecn_mark=297 drop=0
[QUEUE_STATS] t_ms=2944 q_pkts=21 q_bytes=31584 qdelay_l_ms=0 qdelay_c_ms=108.196 ecn_mark=297 drop=0
[QUEUE_STATS] t_ms=2960 q_pkts=22 q_bytes=33088 qdelay_l_ms=1.05898 qdelay_c_ms=105.036 ecn_mark=298 drop=0
[QUEUE_STATS] t_ms=2976 q_pkts=22 q_bytes=33088 qdelay_l_ms=1.05845 qdelay_c_ms=108.399 ecn_mark=298 drop=0
[QUEUE_STATS] t_ms=2992 q_pkts=22 q_bytes=33088 qdelay_l_ms=1.0588 qdelay_c_ms=109.431 ecn_mark=298 drop=0
[QUEUE_STATS] t_ms=3009 q_pkts=23 q_bytes=34592 qdelay_l_ms=2.14217 qdelay_c_ms=117.923 ecn_mark=299 drop=0
[QUEUE_STATS] t_ms=3024 q_pkts=22 q_bytes=33088 qdelay_l_ms=0 qdelay_c_ms=116.321 ecn_mark=302 drop=0
[QUEUE_STATS] t_ms=3040 q_pkts=22 q_bytes=33088 qdelay_l_ms=1.07678 qdelay_c_ms=127.946 ecn_mark=302 drop=0
[QUEUE_STATS] t_ms=3056 q_pkts=23 q_bytes=34592 qdelay_l_ms=0.561336 qdelay_c_ms=121.635 ecn_mark=302 drop=0
[QUEUE_STATS] t_ms=3072 q_pkts=24 q_bytes=36096 qdelay_l_ms=2.13833 qdelay_c_ms=134.479 ecn_mark=303 drop=0
[QUEUE_STATS] t_ms=3088 q_pkts=24 q_bytes=36096 qdelay_l_ms=1.0759 qdelay_c_ms=142.655 ecn_mark=308 drop=0
[QUEUE_STATS] t_ms=3104 q_pkts=22 q_bytes=33088 qdelay_l_ms=1.04691 qdelay_c_ms=138.641 ecn_mark=308 drop=0
[QUEUE_STATS] t_ms=3120 q_pkts=23 q_bytes=34592 qdelay_l_ms=2.12589 qdelay_c_ms=140.954 ecn_mark=308 drop=0
[QUEUE_STATS] t_ms=3136 q_pkts=23 q_bytes=34592 qdelay_l_ms=2.84295 qdelay_c_ms=144.093 ecn_mark=311 drop=0
[QUEUE_STATS] t_ms=3152 q_pkts=24 q_bytes=36096 qdelay_l_ms=1.07858 qdelay_c_ms=152.478 ecn_mark=320 drop=0
[QUEUE_STATS] t_ms=3169 q_pkts=25 q_bytes=37600 qdelay_l_ms=3.18691 qdelay_c_ms=152.452 ecn_mark=322 drop=0
[QUEUE_STATS] t_ms=3184 q_pkts=24 q_bytes=36096 qdelay_l_ms=3.23697 qdelay_c_ms=163.947 ecn_mark=332 drop=0
[QUEUE_STATS] t_ms=3200 q_pkts=24 q_bytes=36096 qdelay_l_ms=1.79296 qdelay_c_ms=158.243 ecn_mark=336 drop=0
[QUEUE_STATS] t_ms=3216 q_pkts=24 q_bytes=36096 qdelay_l_ms=1.0692 qdelay_c_ms=166.491 ecn_mark=336 drop=0
[QUEUE_STATS] t_ms=3232 q_pkts=24 q_bytes=36096 qdelay_l_ms=2.13516 qdelay_c_ms=157.976 ecn_mark=339 drop=0
[QUEUE_STATS] t_ms=3248 q_pkts=25 q_bytes=37600 qdelay_l_ms=2.15048 qdelay_c_ms=162.972 ecn_mark=339 drop=0
[QUEUE_STATS] t_ms=3264 q_pkts=25 q_bytes=37600 qdelay_l_ms=2.09669 qdelay_c_ms=160.06 ecn_mark=339 drop=0
[QUEUE_STATS] t_ms=3280 q_pkts=24 q_bytes=36096 qdelay_l_ms=1.06168 qdelay_c_ms=165.352 ecn_mark=339 drop=0
[QUEUE_STATS] t_ms=3296 q_pkts=27 q_bytes=40608 qdelay_l_ms=2.52594 qdelay_c_ms=169.773 ecn_mark=345 drop=0
[QUEUE_STATS] t_ms=3312 q_pkts=26 q_bytes=39104 qdelay_l_ms=1.06922 qdelay_c_ms=175.806 ecn_mark=350 drop=0
[QUEUE_STATS] t_ms=3328 q_pkts=26 q_bytes=39104 qdelay_l_ms=1.06159 qdelay_c_ms=181.644 ecn_mark=351 drop=0
[QUEUE_STATS] t_ms=3344 q_pkts=24 q_bytes=36096 qdelay_l_ms=1.06028 qdelay_c_ms=178.046 ecn_mark=354 drop=0
[QUEUE_STATS] t_ms=3360 q_pkts=24 q_bytes=36096 qdelay_l_ms=1.07103 qdelay_c_ms=173.055 ecn_mark=354 drop=0
[QUEUE_STATS] t_ms=3376 q_pkts=25 q_bytes=37600 qdelay_l_ms=1.05859 qdelay_c_ms=178.11 ecn_mark=355 drop=0
[QUEUE_STATS] t_ms=3392 q_pkts=26 q_bytes=39104 qdelay_l_ms=3.21219 qdelay_c_ms=183.147 ecn_mark=356 drop=0
[QUEUE_STATS] t_ms=3408 q_pkts=25 q_bytes=37600 qdelay_l_ms=2.14348 qdelay_c_ms=179.263 ecn_mark=358 drop=0
[QUEUE_STATS] t_ms=3424 q_pkts=25 q_bytes=37600 qdelay_l_ms=2.13582 qdelay_c_ms=186.247 ecn_mark=358 drop=0
[QUEUE_STATS] t_ms=3440 q_pkts=26 q_bytes=39104 qdelay_l_ms=2.05096 qdelay_c_ms=192.489 ecn_mark=360 drop=0
[QUEUE_STATS] t_ms=3456 q_pkts=23 q_bytes=34592 qdelay_l_ms=0 qdelay_c_ms=195.426 ecn_mark=360 drop=0
[QUEUE_STATS] t_ms=3472 q_pkts=24 q_bytes=36096 qdelay_l_ms=1.0594 qdelay_c_ms=201.702 ecn_mark=360 drop=0
[QUEUE_STATS] t_ms=3488 q_pkts=26 q_bytes=39104 qdelay_l_ms=2.87693 qdelay_c_ms=206.295 ecn_mark=360 drop=0
[QUEUE_STATS] t_ms=3504 q_pkts=27 q_bytes=40608 qdelay_l_ms=3.66177 qdelay_c_ms=202.963 ecn_mark=370 drop=0
[QUEUE_STATS] t_ms=3520 q_pkts=24 q_bytes=36096 qdelay_l_ms=1.06724 qdelay_c_ms=208.76 ecn_mark=375 drop=0
[QUEUE_STATS] t_ms=3536 q_pkts=26 q_bytes=39104 qdelay_l_ms=2.14864 qdelay_c_ms=202.516 ecn_mark=376 drop=0
[QUEUE_STATS] t_ms=3552 q_pkts=25 q_bytes=37600 qdelay_l_ms=2.1253 qdelay_c_ms=200.097 ecn_mark=377 drop=0
[QUEUE_STATS] t_ms=3568 q_pkts=25 q_bytes=37600 qdelay_l_ms=1.07508 qdelay_c_ms=198.773 ecn_mark=377 drop=0
[QUEUE_STATS] t_ms=3584 q_pkts=24 q_bytes=36096 qdelay_l_ms=2.11534 qdelay_c_ms=211.18 ecn_mark=379 drop=0
[QUEUE_STATS] t_ms=3601 q_pkts=26 q_bytes=39104 qdelay_l_ms=1.06215 qdelay_c_ms=198.383 ecn_mark=382 drop=0
[QUEUE_STATS] t_ms=3616 q_pkts=25 q_bytes=37600 qdelay_l_ms=2.19267 qdelay_c_ms=193.908 ecn_mark=383 drop=0
[QUEUE_STATS] t_ms=3632 q_pkts=24 q_bytes=36096 qdelay_l_ms=1.07733 qdelay_c_ms=198.473 ecn_mark=384 drop=0
[QUEUE_STATS] t_ms=3648 q_pkts=26 q_bytes=39104 qdelay_l_ms=2.12579 qdelay_c_ms=194.864 ecn_mark=384 drop=0
[QUEUE_STATS] t_ms=3664 q_pkts=26 q_bytes=39104 qdelay_l_ms=2.12115 qdelay_c_ms=186.108 ecn_mark=384 drop=0
[QUEUE_STATS] t_ms=3680 q_pkts=27 q_bytes=40608 qdelay_l_ms=4.12089 qdelay_c_ms=195.243 ecn_mark=394 drop=0
[QUEUE_STATS] t_ms=3696 q_pkts=26 q_bytes=39104 qdelay_l_ms=1.14886 qdelay_c_ms=191.852 ecn_mark=395 drop=0
[QUEUE_STATS] t_ms=3712 q_pkts=26 q_bytes=39104 qdelay_l_ms=2.147 qdelay_c_ms=187.64 ecn_mark=396 drop=0
[QUEUE_STATS] t_ms=3728 q_pkts=24 q_bytes=36096 qdelay_l_ms=1.11603 qdelay_c_ms=172.573 ecn_mark=396 drop=0
[QUEUE_STATS] t_ms=3744 q_pkts=24 q_bytes=36096 qdelay_l_ms=3.22073 qdelay_c_ms=169.098 ecn_mark=402 drop=0
[QUEUE_STATS] t_ms=3761 q_pkts=24 q_bytes=36096 qdelay_l_ms=1.06808 qdelay_c_ms=165.455 ecn_mark=405 drop=0
[QUEUE_STATS] t_ms=3776 q_pkts=25 q_bytes=37600 qdelay_l_ms=1.06684 qdelay_c_ms=170.983 ecn_mark=405 drop=0
[QUEUE_STATS] t_ms=3792 q_pkts=26 q_bytes=39104 qdelay_l_ms=1.05483 qdelay_c_ms=175.968 ecn_mark=405 drop=0
[QUEUE_STATS] t_ms=3808 q_pkts=26 q_bytes=39104 qdelay_l_ms=2.15755 qdelay_c_ms=169.721 ecn_mark=407 drop=0
[QUEUE_STATS] t_ms=3824 q_pkts=27 q_bytes=40608 qdelay_l_ms=2.74048 qdelay_c_ms=173.908 ecn_mark=413 drop=0
[QUEUE_STATS] t_ms=3840 q_pkts=25 q_bytes=37600 qdelay_l_ms=3.29765 qdelay_c_ms=161.726 ecn_mark=418 drop=0
[QUEUE_STATS] t_ms=3856 q_pkts=26 q_bytes=39104 qdelay_l_ms=3.19923 qdelay_c_ms=166.196 ecn_mark=426 drop=0
[QUEUE_STATS] t_ms=3872 q_pkts=24 q_bytes=36096 qdelay_l_ms=0 qdelay_c_ms=164.288 ecn_mark=426 drop=0
[QUEUE_STATS] t_ms=3888 q_pkts=25 q_bytes=37600 qdelay_l_ms=2.13267 qdelay_c_ms=142.423 ecn_mark=426 drop=0
[QUEUE_STATS] t_ms=3904 q_pkts=26 q_bytes=39104 qdelay_l_ms=2.14532 qdelay_c_ms=153.171 ecn_mark=433 drop=0
[QUEUE_STATS] t_ms=3920 q_pkts=25 q_bytes=37600 qdelay_l_ms=2.23197 qdelay_c_ms=147.602 ecn_mark=433 drop=0
[QUEUE_STATS] t_ms=3936 q_pkts=25 q_bytes=37600 qdelay_l_ms=1.06827 qdelay_c_ms=151.76 ecn_mark=433 drop=0
[QUEUE_STATS] t_ms=3952 q_pkts=25 q_bytes=37600 qdelay_l_ms=1.06391 qdelay_c_ms=148.785 ecn_mark=433 drop=0
[QUEUE_STATS] t_ms=3969 q_pkts=28 q_bytes=42112 qdelay_l_ms=1.0932 qdelay_c_ms=151.172 ecn_mark=433 drop=0
[QUEUE_STATS] t_ms=3984 q_pkts=27 q_bytes=40608 qdelay_l_ms=2.13233 qdelay_c_ms=139.75 ecn_mark=434 drop=0
[QUEUE_STATS] t_ms=4000 q_pkts=27 q_bytes=40608 qdelay_l_ms=1.07066 qdelay_c_ms=146.19 ecn_mark=434 drop=0
[QUEUE_STATS] t_ms=4016 q_pkts=27 q_bytes=40608 qdelay_l_ms=2.10279 qdelay_c_ms=159.757 ecn_mark=435 drop=0
[QUEUE_STATS] t_ms=4032 q_pkts=27 q_bytes=40608 qdelay_l_ms=2.128 qdelay_c_ms=150.368 ecn_mark=436 drop=0
[QUEUE_STATS] t_ms=4048 q_pkts=27 q_bytes=40608 qdelay_l_ms=3.11946 qdelay_c_ms=150.635 ecn_mark=437 drop=0
[QUEUE_STATS] t_ms=4064 q_pkts=27 q_bytes=40608 qdelay_l_ms=2.12326 qdelay_c_ms=166.735 ecn_mark=442 drop=0
[QUEUE_STATS] t_ms=4080 q_pkts=26 q_bytes=39104 qdelay_l_ms=1.06162 qdelay_c_ms=169.31 ecn_mark=442 drop=0
[QUEUE_STATS] t_ms=4096 q_pkts=26 q_bytes=39104 qdelay_l_ms=1.03166 qdelay_c_ms=165.687 ecn_mark=443 drop=0
[QUEUE_STATS] t_ms=4112 q_pkts=28 q_bytes=42112 qdelay_l_ms=2.73198 qdelay_c_ms=180.213 ecn_mark=443 drop=0
[QUEUE_STATS] t_ms=4128 q_pkts=24 q_bytes=36096 qdelay_l_ms=2.12908 qdelay_c_ms=175.854 ecn_mark=443 drop=0
[QUEUE_STATS] t_ms=4144 q_pkts=27 q_bytes=40608 qdelay_l_ms=1.07785 qdelay_c_ms=179.481 ecn_mark=444 drop=0
[QUEUE_STATS] t_ms=4160 q_pkts=28 q_bytes=42112 qdelay_l_ms=2.1325 qdelay_c_ms=195.605 ecn_mark=444 drop=0
[QUEUE_STATS] t_ms=4176 q_pkts=27 q_bytes=40608 qdelay_l_ms=1.06336 qdelay_c_ms=191.37 ecn_mark=445 drop=0
[QUEUE_STATS] t_ms=4192 q_pkts=28 q_bytes=42112 qdelay_l_ms=3.05466 qdelay_c_ms=177.334 ecn_mark=445 drop=0
[QUEUE_STATS] t_ms=4208 q_pkts=28 q_bytes=42112 qdelay_l_ms=2.0052 qdelay_c_ms=182.523 ecn_mark=453 drop=0
[QUEUE_STATS] t_ms=4224 q_pkts=27 q_bytes=40608 qdelay_l_ms=2.13949 qdelay_c_ms=178.143 ecn_mark=457 drop=0
[QUEUE_STATS] t_ms=4240 q_pkts=27 q_bytes=40608 qdelay_l_ms=2.13925 qdelay_c_ms=187.185 ecn_mark=458 drop=0
[QUEUE_STATS] t_ms=4256 q_pkts=28 q_bytes=42112 qdelay_l_ms=1.64704 qdelay_c_ms=187.637 ecn_mark=461 drop=0
[QUEUE_STATS] t_ms=4272 q_pkts=26 q_bytes=39104 qdelay_l_ms=2.14195 qdelay_c_ms=179.567 ecn_mark=462 drop=0
[QUEUE_STATS] t_ms=4288 q_pkts=28 q_bytes=40660 qdelay_l_ms=3.23292 qdelay_c_ms=189.968 ecn_mark=469 drop=0
[QUEUE_STATS] t_ms=4304 q_pkts=27 q_bytes=39156 qdelay_l_ms=2.13702 qdelay_c_ms=195.023 ecn_mark=475 drop=0
[QUEUE_STATS] t_ms=4320 q_pkts=27 q_bytes=39156 qdelay_l_ms=1.064 qdelay_c_ms=190.881 ecn_mark=477 drop=0
[QUEUE_STATS] t_ms=4336 q_pkts=28 q_bytes=40660 qdelay_l_ms=1.07054 qdelay_c_ms=196.393 ecn_mark=478 drop=0
[QUEUE_STATS] t_ms=4352 q_pkts=27 q_bytes=39156 qdelay_l_ms=0.870067 qdelay_c_ms=180.713 ecn_mark=478 drop=0
[QUEUE_STATS] t_ms=4368 q_pkts=26 q_bytes=37652 qdelay_l_ms=0 qdelay_c_ms=176.445 ecn_mark=480 drop=0
[QUEUE_STATS] t_ms=4384 q_pkts=27 q_bytes=39156 qdelay_l_ms=1.07202 qdelay_c_ms=171.117 ecn_mark=480 drop=0
[QUEUE_STATS] t_ms=4400 q_pkts=25 q_bytes=36148 qdelay_l_ms=1.07395 qdelay_c_ms=156.343 ecn_mark=481 drop=0
[QUEUE_STATS] t_ms=4416 q_pkts=26 q_bytes=37652 qdelay_l_ms=2.3813 qdelay_c_ms=133.016 ecn_mark=482 drop=0
[QUEUE_STATS] t_ms=4432 q_pkts=25 q_bytes=37600 qdelay_l_ms=1.08 qdelay_c_ms=141.351 ecn_mark=482 drop=0
[QUEUE_STATS] t_ms=4448 q_pkts=26 q_bytes=39104 qdelay_l_ms=1.06471 qdelay_c_ms=132.456 ecn_mark=483 drop=0
[QUEUE_STATS] t_ms=4464 q_pkts=26 q_bytes=39104 qdelay_l_ms=1.06721 qdelay_c_ms=126.695 ecn_mark=484 drop=0
[QUEUE_STATS] t_ms=4480 q_pkts=25 q_bytes=37600 qdelay_l_ms=1.70407 qdelay_c_ms=122.29 ecn_mark=485 drop=0
[QUEUE_STATS] t_ms=4496 q_pkts=25 q_bytes=37600 qdelay_l_ms=2.14993 qdelay_c_ms=109.577 ecn_mark=485 drop=0
[QUEUE_STATS] t_ms=4512 q_pkts=26 q_bytes=39104 qdelay_l_ms=1.06945 qdelay_c_ms=111.947 ecn_mark=488 drop=0
[QUEUE_STATS] t_ms=4528 q_pkts=26 q_bytes=39104 qdelay_l_ms=2.265 qdelay_c_ms=110.226 ecn_mark=488 drop=0
[QUEUE_STATS] t_ms=4544 q_pkts=25 q_bytes=37600 qdelay_l_ms=0 qdelay_c_ms=110.459 ecn_mark=488 drop=0
[QUEUE_STATS] t_ms=4560 q_pkts=25 q_bytes=37600 qdelay_l_ms=1.068 qdelay_c_ms=112.48 ecn_mark=488 drop=0
[QUEUE_STATS] t_ms=4576 q_pkts=26 q_bytes=39104 qdelay_l_ms=2.06838 qdelay_c_ms=116.602 ecn_mark=488 drop=0
[QUEUE_STATS] t_ms=4592 q_pkts=27 q_bytes=40608 qdelay_l_ms=1.05341 qdelay_c_ms=120.683 ecn_mark=488 drop=0
[QUEUE_STATS] t_ms=4608 q_pkts=27 q_bytes=40608 qdelay_l_ms=0 qdelay_c_ms=126.853 ecn_mark=488 drop=0
[QUEUE_STATS] t_ms=4624 q_pkts=29 q_bytes=43616 qdelay_l_ms=2.13013 qdelay_c_ms=131.672 ecn_mark=492 drop=0
[QUEUE_STATS] t_ms=4640 q_pkts=28 q_bytes=42112 qdelay_l_ms=0 qdelay_c_ms=135.307 ecn_mark=498 drop=0
[QUEUE_STATS] t_ms=4656 q_pkts=28 q_bytes=42112 qdelay_l_ms=2.13887 qdelay_c_ms=145.905 ecn_mark=498 drop=0
[QUEUE_STATS] t_ms=4672 q_pkts=29 q_bytes=43616 qdelay_l_ms=3.21734 qdelay_c_ms=154.163 ecn_mark=506 drop=0
[QUEUE_STATS] t_ms=4688 q_pkts=28 q_bytes=42112 qdelay_l_ms=1.0723 qdelay_c_ms=159.673 ecn_mark=508 drop=0
[QUEUE_STATS] t_ms=4704 q_pkts=29 q_bytes=43616 qdelay_l_ms=2.16519 qdelay_c_ms=164.277 ecn_mark=508 drop=0
[QUEUE_STATS] t_ms=4720 q_pkts=29 q_bytes=43616 qdelay_l_ms=3.11479 qdelay_c_ms=171.508 ecn_mark=510 drop=0
[QUEUE_STATS] t_ms=4737 q_pkts=27 q_bytes=40608 qdelay_l_ms=1.05232 qdelay_c_ms=171.425 ecn_mark=514 drop=0
[QUEUE_STATS] t_ms=4752 q_pkts=29 q_bytes=43616 qdelay_l_ms=3.24777 qdelay_c_ms=179.84 ecn_mark=515 drop=0
[QUEUE_STATS] t_ms=4768 q_pkts=29 q_bytes=43616 qdelay_l_ms=2.13165 qdelay_c_ms=192.234 ecn_mark=523 drop=0
[QUEUE_STATS] t_ms=4784 q_pkts=28 q_bytes=42112 qdelay_l_ms=1.05833 qdelay_c_ms=187.213 ecn_mark=526 drop=0
[QUEUE_STATS] t_ms=4800 q_pkts=29 q_bytes=43616 qdelay_l_ms=1.07191 qdelay_c_ms=193.924 ecn_mark=527 drop=0
[QUEUE_STATS] t_ms=4817 q_pkts=29 q_bytes=43616 qdelay_l_ms=4.33399 qdelay_c_ms=200.417 ecn_mark=538 drop=0
[QUEUE_STATS] t_ms=4832 q_pkts=26 q_bytes=39104 qdelay_l_ms=0 qdelay_c_ms=199.866 ecn_mark=540 drop=0
[QUEUE_STATS] t_ms=4848 q_pkts=28 q_bytes=42112 qdelay_l_ms=1.05676 qdelay_c_ms=200.429 ecn_mark=540 drop=0
[QUEUE_STATS] t_ms=4864 q_pkts=27 q_bytes=40608 qdelay_l_ms=2.13371 qdelay_c_ms=188.266 ecn_mark=541 drop=0
[QUEUE_STATS] t_ms=4880 q_pkts=28 q_bytes=42112 qdelay_l_ms=3.23024 qdelay_c_ms=179.482 ecn_mark=545 drop=0
[QUEUE_STATS] t_ms=4896 q_pkts=25 q_bytes=37600 qdelay_l_ms=1.07196 qdelay_c_ms=174.444 ecn_mark=547 drop=0
[QUEUE_STATS] t_ms=4912 q_pkts=28 q_bytes=42112 qdelay_l_ms=2.14174 qdelay_c_ms=161.67 ecn_mark=547 drop=0
[QUEUE_STATS] t_ms=4928 q_pkts=27 q_bytes=40608 qdelay_l_ms=1.08211 qdelay_c_ms=164.9 ecn_mark=547 drop=0
[QUEUE_STATS] t_ms=4944 q_pkts=28 q_bytes=42112 qdelay_l_ms=1.06668 qdelay_c_ms=153.717 ecn_mark=548 drop=0
[QUEUE_STATS] t_ms=4960 q_pkts=28 q_bytes=42112 qdelay_l_ms=2.73911 qdelay_c_ms=146.501 ecn_mark=549 drop=0
[QUEUE_STATS] t_ms=4976 q_pkts=26 q_bytes=39104 qdelay_l_ms=1.07466 qdelay_c_ms=141.349 ecn_mark=549 drop=0
[QUEUE_STATS] t_ms=4992 q_pkts=29 q_bytes=43616 qdelay_l_ms=2.0341 qdelay_c_ms=136.771 ecn_mark=549 drop=0
[QUEUE_STATS] t_ms=5008 q_pkts=29 q_bytes=43616 qdelay_l_ms=1.06667 qdelay_c_ms=136.04 ecn_mark=549 drop=0
[QUEUE_STATS] t_ms=5024 q_pkts=30 q_bytes=45120 qdelay_l_ms=3.14039 qdelay_c_ms=127.182 ecn_mark=550 drop=0
[QUEUE_STATS] t_ms=5040 q_pkts=29 q_bytes=43616 qdelay_l_ms=1.0733 qdelay_c_ms=143.35 ecn_mark=555 drop=0
[QUEUE_STATS] t_ms=5056 q_pkts=28 q_bytes=42112 qdelay_l_ms=0 qdelay_c_ms=144.727 ecn_mark=556 drop=0
[QUEUE_STATS] t_ms=5072 q_pkts=29 q_bytes=43616 qdelay_l_ms=2.13621 qdelay_c_ms=150.313 ecn_mark=556 drop=0
[QUEUE_STATS] t_ms=5088 q_pkts=31 q_bytes=46624 qdelay_l_ms=3.20542 qdelay_c_ms=152.982 ecn_mark=560 drop=0
[QUEUE_STATS] t_ms=5104 q_pkts=28 q_bytes=42112 qdelay_l_ms=2.13223 qdelay_c_ms=159.188 ecn_mark=565 drop=0
[QUEUE_STATS] t_ms=5120 q_pkts=30 q_bytes=45120 qdelay_l_ms=2.12989 qdelay_c_ms=163.904 ecn_mark=566 drop=0
[QUEUE_STATS] t_ms=5136 q_pkts=30 q_bytes=45120 qdelay_l_ms=2.00734 qdelay_c_ms=157.676 ecn_mark=568 drop=0
[QUEUE_STATS] t_ms=5152 q_pkts=29 q_bytes=43616 qdelay_l_ms=0 qdelay_c_ms=172.45 ecn_mark=575 drop=0
[QUEUE_STATS] t_ms=5168 q_pkts=29 q_bytes=43616 qdelay_l_ms=1.06023 qdelay_c_ms=179.963 ecn_mark=575 drop=0
[QUEUE_STATS] t_ms=5184 q_pkts=29 q_bytes=43616 qdelay_l_ms=1.923 qdelay_c_ms=180.577 ecn_mark=577 drop=0
[QUEUE_STATS] t_ms=5200 q_pkts=29 q_bytes=43616 qdelay_l_ms=1.06362 qdelay_c_ms=189.295 ecn_mark=585 drop=0
[QUEUE_STATS] t_ms=5216 q_pkts=27 q_bytes=40608 qdelay_l_ms=0 qdelay_c_ms=186.178 ecn_mark=585 drop=0
[QUEUE_STATS] t_ms=5232 q_pkts=29 q_bytes=43616 qdelay_l_ms=1.02098 qdelay_c_ms=192.22 ecn_mark=586 drop=0
[QUEUE_STATS] t_ms=5248 q_pkts=29 q_bytes=43616 qdelay_l_ms=1.06983 qdelay_c_ms=182.058 ecn_mark=587 drop=0
[QUEUE_STATS] t_ms=5264 q_pkts=28 q_bytes=42112 qdelay_l_ms=1.0666 qdelay_c_ms=189.445 ecn_mark=589 drop=0
[QUEUE_STATS] t_ms=5280 q_pkts=27 q_bytes=40608 qdelay_l_ms=1.06397 qdelay_c_ms=172.926 ecn_mark=589 drop=0
[QUEUE_STATS] t_ms=5296 q_pkts=27 q_bytes=40608 qdelay_l_ms=1.06636 qdelay_c_ms=179.341 ecn_mark=589 drop=0
[QUEUE_STATS] t_ms=5312 q_pkts=28 q_bytes=42112 qdelay_l_ms=0 qdelay_c_ms=183.792 ecn_mark=590 drop=0
[QUEUE_STATS] t_ms=5328 q_pkts=29 q_bytes=43616 qdelay_l_ms=2.0909 qdelay_c_ms=179.051 ecn_mark=591 drop=0
[QUEUE_STATS] t_ms=5344 q_pkts=29 q_bytes=43616 qdelay_l_ms=1.08752 qdelay_c_ms=169.837 ecn_mark=591 drop=0
[QUEUE_STATS] t_ms=5360 q_pkts=29 q_bytes=43616 qdelay_l_ms=1.06499 qdelay_c_ms=180.303 ecn_mark=592 drop=0
[QUEUE_STATS] t_ms=5376 q_pkts=29 q_bytes=43616 qdelay_l_ms=2.12704 qdelay_c_ms=178.26 ecn_mark=592 drop=0
[QUEUE_STATS] t_ms=5392 q_pkts=29 q_bytes=43616 qdelay_l_ms=2.14542 qdelay_c_ms=170.445 ecn_mark=592 drop=0
[QUEUE_STATS] t_ms=5408 q_pkts=31 q_bytes=46624 qdelay_l_ms=2.09299 qdelay_c_ms=183.367 ecn_mark=593 drop=0
[QUEUE_STATS] t_ms=5424 q_pkts=32 q_bytes=48128 qdelay_l_ms=4.27308 qdelay_c_ms=178.818 ecn_mark=601 drop=0
[QUEUE_STATS] t_ms=5440 q_pkts=30 q_bytes=45120 qdelay_l_ms=1.06587 qdelay_c_ms=175.794 ecn_mark=603 drop=0
[QUEUE_STATS] t_ms=5456 q_pkts=29 q_bytes=43616 qdelay_l_ms=2.15089 qdelay_c_ms=170.146 ecn_mark=604 drop=0
[QUEUE_STATS] t_ms=5473 q_pkts=30 q_bytes=45120 qdelay_l_ms=1.06584 qdelay_c_ms=176.512 ecn_mark=604 drop=0
[QUEUE_STATS] t_ms=5488 q_pkts=30 q_bytes=45120 qdelay_l_ms=1.06523 qdelay_c_ms=189.147 ecn_mark=604 drop=0
[QUEUE_STATS] t_ms=5504 q_pkts=31 q_bytes=46624 qdelay_l_ms=1.06699 qdelay_c_ms=196.037 ecn_mark=604 drop=0
[QUEUE_STATS] t_ms=5520 q_pkts=32 q_bytes=48128 qdelay_l_ms=1.9726 qdelay_c_ms=202.222 ecn_mark=605 drop=0
[QUEUE_STATS] t_ms=5536 q_pkts=32 q_bytes=48128 qdelay_l_ms=2.13353 qdelay_c_ms=207.031 ecn_mark=605 drop=0
[QUEUE_STATS] t_ms=5552 q_pkts=31 q_bytes=46624 qdelay_l_ms=2.15809 qdelay_c_ms=209.306 ecn_mark=610 drop=0
[QUEUE_STATS] t_ms=5568 q_pkts=31 q_bytes=46624 qdelay_l_ms=3.23164 qdelay_c_ms=208.193 ecn_mark=615 drop=0
[QUEUE_STATS] t_ms=5584 q_pkts=31 q_bytes=46624 qdelay_l_ms=3.22377 qdelay_c_ms=199.476 ecn_mark=621 drop=0
[QUEUE_STATS] t_ms=5600 q_pkts=31 q_bytes=46624 qdelay_l_ms=2.14344 qdelay_c_ms=208.586 ecn_mark=631 drop=0
[QUEUE_STATS] t_ms=5616 q_pkts=31 q_bytes=46624 qdelay_l_ms=2.20318 qdelay_c_ms=212.501 ecn_mark=631 drop=0
[QUEUE_STATS] t_ms=5632 q_pkts=33 q_bytes=49632 qdelay_l_ms=2.46191 qdelay_c_ms=219.483 ecn_mark=635 drop=0
[QUEUE_STATS] t_ms=5648 q_pkts=31 q_bytes=46624 qdelay_l_ms=1.05775 qdelay_c_ms=226.98 ecn_mark=644 drop=0
[QUEUE_STATS] t_ms=5664 q_pkts=30 q_bytes=45120 qdelay_l_ms=1.05252 qdelay_c_ms=226.662 ecn_mark=644 drop=0
[QUEUE_STATS] t_ms=5680 q_pkts=30 q_bytes=45120 qdelay_l_ms=1.06718 qdelay_c_ms=235.589 ecn_mark=647 drop=0
[QUEUE_STATS] t_ms=5696 q_pkts=31 q_bytes=46624 qdelay_l_ms=2.08753 qdelay_c_ms=229.57 ecn_mark=648 drop=0
[QUEUE_STATS] t_ms=5712 q_pkts=30 q_bytes=45120 qdelay_l_ms=2.68993 qdelay_c_ms=233.805 ecn_mark=648 drop=0
[QUEUE_STATS] t_ms=5728 q_pkts=30 q_bytes=45120 qdelay_l_ms=3.15224 qdelay_c_ms=230.181 ecn_mark=655 drop=0
[QUEUE_STATS] t_ms=5744 q_pkts=29 q_bytes=43616 qdelay_l_ms=2.1349 qdelay_c_ms=216.951 ecn_mark=657 drop=0
[QUEUE_STATS] t_ms=5760 q_pkts=29 q_bytes=43616 qdelay_l_ms=2.16733 qdelay_c_ms=201.872 ecn_mark=657 drop=0
[QUEUE_STATS] t_ms=5776 q_pkts=31 q_bytes=46624 qdelay_l_ms=2.6153 qdelay_c_ms=199.295 ecn_mark=663 drop=0
[QUEUE_STATS] t_ms=5792 q_pkts=29 q_bytes=43616 qdelay_l_ms=1.06652 qdelay_c_ms=196.781 ecn_mark=665 drop=0
[QUEUE_STATS] t_ms=5808 q_pkts=29 q_bytes=43616 qdelay_l_ms=1.06713 qdelay_c_ms=208.495 ecn_mark=665 drop=0
[QUEUE_STATS] t_ms=5824 q_pkts=31 q_bytes=46624 qdelay_l_ms=2.1362 qdelay_c_ms=200.475 ecn_mark=666 drop=0
[QUEUE_STATS] t_ms=5840 q_pkts=32 q_bytes=48128 qdelay_l_ms=2.14743 qdelay_c_ms=198.932 ecn_mark=669 drop=0
[QUEUE_STATS] t_ms=5856 q_pkts=31 q_bytes=46624 qdelay_l_ms=2.13264 qdelay_c_ms=184.706 ecn_mark=669 drop=0
[QUEUE_STATS] t_ms=5872 q_pkts=31 q_bytes=46624 qdelay_l_ms=2.16248 qdelay_c_ms=180.643 ecn_mark=669 drop=0
[QUEUE_STATS] t_ms=5888 q_pkts=31 q_bytes=46624 qdelay_l_ms=0.994551 qdelay_c_ms=176.669 ecn_mark=670 drop=0
[QUEUE_STATS] t_ms=5904 q_pkts=31 q_bytes=46624 qdelay_l_ms=1.73002 qdelay_c_ms=181.527 ecn_mark=673 drop=0
[QUEUE_STATS] t_ms=5920 q_pkts=31 q_bytes=46624 qdelay_l_ms=2.19375 qdelay_c_ms=179.295 ecn_mark=674 drop=0
[QUEUE_STATS] t_ms=5936 q_pkts=32 q_bytes=48128 qdelay_l_ms=2.22532 qdelay_c_ms=176.257 ecn_mark=676 drop=0
[QUEUE_STATS] t_ms=5952 q_pkts=31 q_bytes=46624 qdelay_l_ms=1.9855 qdelay_c_ms=177.924 ecn_mark=678 drop=0
[QUEUE_STATS] t_ms=5968 q_pkts=31 q_bytes=46624 qdelay_l_ms=1.061 qdelay_c_ms=182.909 ecn_mark=680 drop=0
[QUEUE_STATS] t_ms=5984 q_pkts=29 q_bytes=43616 qdelay_l_ms=1.08263 qdelay_c_ms=176.718 ecn_mark=682 drop=0
[QUEUE_STATS] t_ms=6001 q_pkts=30 q_bytes=45120 qdelay_l_ms=1.0666 qdelay_c_ms=181.511 ecn_mark=683 drop=0
[QUEUE_STATS] t_ms=6016 q_pkts=30 q_bytes=45120 qdelay_l_ms=1.07044 qdelay_c_ms=174.993 ecn_mark=685 drop=0
[QUEUE_STATS] t_ms=6032 q_pkts=30 q_bytes=45120 qdelay_l_ms=1.07886 qdelay_c_ms=171.183 ecn_mark=688 drop=0
[QUEUE_STATS] t_ms=6048 q_pkts=29 q_bytes=43616 qdelay_l_ms=2.1442 qdelay_c_ms=154.923 ecn_mark=688 drop=0
[QUEUE_STATS] t_ms=6064 q_pkts=30 q_bytes=45120 qdelay_l_ms=1.06352 qdelay_c_ms=154.462 ecn_mark=688 drop=0
[QUEUE_STATS] t_ms=6080 q_pkts=30 q_bytes=45120 qdelay_l_ms=2.1877 qdelay_c_ms=147.15 ecn_mark=690 drop=0
[QUEUE_STATS] t_ms=6096 q_pkts=31 q_bytes=46624 qdelay_l_ms=1.06781 qdelay_c_ms=149.439 ecn_mark=693 drop=0
[QUEUE_STATS] t_ms=6112 q_pkts=30 q_bytes=45120 qdelay_l_ms=1.08245 qdelay_c_ms=143.398 ecn_mark=694 drop=0
[QUEUE_STATS] t_ms=6128 q_pkts=30 q_bytes=45120 qdelay_l_ms=0 qdelay_c_ms=138.403 ecn_mark=695 drop=0
[QUEUE_STATS] t_ms=6144 q_pkts=29 q_bytes=43616 qdelay_l_ms=1.06046 qdelay_c_ms=139.907 ecn_mark=695 drop=0
[QUEUE_STATS] t_ms=6160 q_pkts=31 q_bytes=46624 qdelay_l_ms=1.03169 qdelay_c_ms=137.641 ecn_mark=696 drop=0
[QUEUE_STATS] t_ms=6176 q_pkts=31 q_bytes=46624 qdelay_l_ms=2.12393 qdelay_c_ms=134.217 ecn_mark=697 drop=0
[QUEUE_STATS] t_ms=6192 q_pkts=31 q_bytes=46624 qdelay_l_ms=2.05573 qdelay_c_ms=134.47 ecn_mark=698 drop=0
[QUEUE_STATS] t_ms=6208 q_pkts=32 q_bytes=48128 qdelay_l_ms=2.15425 qdelay_c_ms=128.758 ecn_mark=698 drop=0
[QUEUE_STATS] t_ms=6224 q_pkts=32 q_bytes=48128 qdelay_l_ms=1.06158 qdelay_c_ms=144.348 ecn_mark=698 drop=0
[QUEUE_STATS] t_ms=6240 q_pkts=31 q_bytes=46624 qdelay_l_ms=1.06787 qdelay_c_ms=148.647 ecn_mark=700 drop=0
[QUEUE_STATS] t_ms=6256 q_pkts=32 q_bytes=48128 qdelay_l_ms=1.18819 qdelay_c_ms=141.517 ecn_mark=701 drop=0
[QUEUE_STATS] t_ms=6273 q_pkts=33 q_bytes=49632 qdelay_l_ms=2.16213 qdelay_c_ms=149.32 ecn_mark=703 drop=0
[QUEUE_STATS] t_ms=6288 q_pkts=32 q_bytes=48128 qdelay_l_ms=1.06785 qdelay_c_ms=141.032 ecn_mark=704 drop=0
[QUEUE_STATS] t_ms=6304 q_pkts=33 q_bytes=49632 qdelay_l_ms=1.0662 qdelay_c_ms=154.896 ecn_mark=704 drop=0
[QUEUE_STATS] t_ms=6320 q_pkts=34 q_bytes=51136 qdelay_l_ms=2.13644 qdelay_c_ms=149.015 ecn_mark=705 drop=0
[QUEUE_STATS] t_ms=6336 q_pkts=34 q_bytes=51136 qdelay_l_ms=1.0659 qdelay_c_ms=160.166 ecn_mark=705 drop=0
[QUEUE_STATS] t_ms=6352 q_pkts=33 q_bytes=49632 qdelay_l_ms=2.26417 qdelay_c_ms=150.57 ecn_mark=705 drop=0
[QUEUE_STATS] t_ms=6368 q_pkts=34 q_bytes=51136 qdelay_l_ms=1.07494 qdelay_c_ms=157.036 ecn_mark=707 drop=0
[QUEUE_STATS] t_ms=6384 q_pkts=35 q_bytes=52640 qdelay_l_ms=3.21317 qdelay_c_ms=162.27 ecn_mark=711 drop=0
[QUEUE_STATS] t_ms=6400 q_pkts=34 q_bytes=51136 qdelay_l_ms=0.973231 qdelay_c_ms=165.913 ecn_mark=712 drop=0
[QUEUE_STATS] t_ms=6416 q_pkts=35 q_bytes=52640 qdelay_l_ms=0 qdelay_c_ms=167.911 ecn_mark=713 drop=0
[QUEUE_STATS] t_ms=6433 q_pkts=36 q_bytes=54144 qdelay_l_ms=1.061 qdelay_c_ms=171.737 ecn_mark=713 drop=0
[QUEUE_STATS] t_ms=6448 q_pkts=37 q_bytes=55648 qdelay_l_ms=2.12537 qdelay_c_ms=175.523 ecn_mark=713 drop=0
[QUEUE_STATS] t_ms=6464 q_pkts=37 q_bytes=55648 qdelay_l_ms=2.10899 qdelay_c_ms=191.444 ecn_mark=716 drop=0
[QUEUE_STATS] t_ms=6480 q_pkts=37 q_bytes=55648 qdelay_l_ms=2.16766 qdelay_c_ms=187.181 ecn_mark=717 drop=0
[QUEUE_STATS] t_ms=6496 q_pkts=37 q_bytes=55648 qdelay_l_ms=1.04373 qdelay_c_ms=192.203 ecn_mark=718 drop=0
[QUEUE_STATS] t_ms=6512 q_pkts=38 q_bytes=57152 qdelay_l_ms=3.2071 qdelay_c_ms=195.666 ecn_mark=723 drop=0
[QUEUE_STATS] t_ms=6528 q_pkts=39 q_bytes=58656 qdelay_l_ms=2.14493 qdelay_c_ms=201.749 ecn_mark=724 drop=0
[QUEUE_STATS] t_ms=6544 q_pkts=37 q_bytes=55648 qdelay_l_ms=1.06409 qdelay_c_ms=207.984 ecn_mark=726 drop=0
[QUEUE_STATS] t_ms=6560 q_pkts=38 q_bytes=57152 qdelay_l_ms=2.14798 qdelay_c_ms=201.51 ecn_mark=729 drop=0
[QUEUE_STATS] t_ms=6576 q_pkts=38 q_bytes=57152 qdelay_l_ms=2.20759 qdelay_c_ms=207.155 ecn_mark=730 drop=0
[QUEUE_STATS] t_ms=6592 q_pkts=37 q_bytes=55648 qdelay_l_ms=3.20696 qdelay_c_ms=212.864 ecn_mark=735 drop=0
[QUEUE_STATS] t_ms=6608 q_pkts=38 q_bytes=57152 qdelay_l_ms=0 qdelay_c_ms=203.813 ecn_mark=735 drop=0
[QUEUE_STATS] t_ms=6624 q_pkts=38 q_bytes=57152 qdelay_l_ms=2.1397 qdelay_c_ms=214.306 ecn_mark=735 drop=0
[QUEUE_STATS] t_ms=6640 q_pkts=39 q_bytes=58656 qdelay_l_ms=2.09883 qdelay_c_ms=215.305 ecn_mark=738 drop=0
[QUEUE_STATS] t_ms=6656 q_pkts=40 q_bytes=60160 qdelay_l_ms=1.0674 qdelay_c_ms=216.045 ecn_mark=738 drop=0
[QUEUE_STATS] t_ms=6672 q_pkts=40 q_bytes=60160 qdelay_l_ms=2.10667 qdelay_c_ms=225.01 ecn_mark=738 drop=0
[QUEUE_STATS] t_ms=6689 q_pkts=41 q_bytes=61664 qdelay_l_ms=2.1722 qdelay_c_ms=224.337 ecn_mark=739 drop=0
[QUEUE_STATS] t_ms=6704 q_pkts=41 q_bytes=61664 qdelay_l_ms=3.17303 qdelay_c_ms=225.515 ecn_mark=744 drop=0
[QUEUE_STATS] t_ms=6720 q_pkts=40 q_bytes=60160 qdelay_l_ms=2.14124 qdelay_c_ms=227.419 ecn_mark=745 drop=0
[QUEUE_STATS] t_ms=6736 q_pkts=42 q_bytes=63168 qdelay_l_ms=2.13605 qdelay_c_ms=227.588 ecn_mark=748 drop=0
[QUEUE_STATS] t_ms=6752 q_pkts=42 q_bytes=63168 qdelay_l_ms=2.12097 qdelay_c_ms=233.511 ecn_mark=748 drop=0
[QUEUE_STATS] t_ms=6768 q_pkts=43 q_bytes=64672 qdelay_l_ms=2.13833 qdelay_c_ms=237.021 ecn_mark=750 drop=0
[QUEUE_STATS] t_ms=6784 q_pkts=41 q_bytes=61664 qdelay_l_ms=2.08217 qdelay_c_ms=232.117 ecn_mark=756 drop=0
[QUEUE_STATS] t_ms=6800 q_pkts=42 q_bytes=63168 qdelay_l_ms=1.07662 qdelay_c_ms=226.656 ecn_mark=756 drop=0
[QUEUE_STATS] t_ms=6816 q_pkts=42 q_bytes=63168 qdelay_l_ms=2.13692 qdelay_c_ms=233.248 ecn_mark=757 drop=0
[QUEUE_STATS] t_ms=6832 q_pkts=41 q_bytes=61664 qdelay_l_ms=0 qdelay_c_ms=235.854 ecn_mark=760 drop=0
[QUEUE_STATS] t_ms=6848 q_pkts=42 q_bytes=63168 qdelay_l_ms=1.06856 qdelay_c_ms=241.875 ecn_mark=760 drop=0
[QUEUE_STATS] t_ms=6864 q_pkts=45 q_bytes=67680 qdelay_l_ms=1.0711 qdelay_c_ms=247.555 ecn_mark=760 drop=0
[QUEUE_STATS] t_ms=6880 q_pkts=45 q_bytes=67680 qdelay_l_ms=3.15329 qdelay_c_ms=252.255 ecn_mark=765 drop=0
[QUEUE_STATS] t_ms=6896 q_pkts=46 q_bytes=69184 qdelay_l_ms=1.06962 qdelay_c_ms=252.512 ecn_mark=772 drop=0
[QUEUE_STATS] t_ms=6912 q_pkts=44 q_bytes=66176 qdelay_l_ms=3.34726 qdelay_c_ms=252.547 ecn_mark=780 drop=0
[QUEUE_STATS] t_ms=6928 q_pkts=45 q_bytes=67680 qdelay_l_ms=1.06872 qdelay_c_ms=246.863 ecn_mark=786 drop=0
[QUEUE_STATS] t_ms=6944 q_pkts=45 q_bytes=67680 qdelay_l_ms=1.08157 qdelay_c_ms=248.969 ecn_mark=786 drop=0
[QUEUE_STATS] t_ms=6960 q_pkts=47 q_bytes=70688 qdelay_l_ms=2.1431 qdelay_c_ms=237.983 ecn_mark=787 drop=0
[QUEUE_STATS] t_ms=6976 q_pkts=45 q_bytes=67680 qdelay_l_ms=1.0658 qdelay_c_ms=242.755 ecn_mark=787 drop=0
[QUEUE_STATS] t_ms=6992 q_pkts=46 q_bytes=69184 qdelay_l_ms=3.18132 qdelay_c_ms=232.434 ecn_mark=788 drop=0
[QUEUE_STATS] t_ms=7008 q_pkts=48 q_bytes=72192 qdelay_l_ms=2.14777 qdelay_c_ms=243.011 ecn_mark=792 drop=0
[QUEUE_STATS] t_ms=7024 q_pkts=43 q_bytes=64672 qdelay_l_ms=1.39331 qdelay_c_ms=228.146 ecn_mark=793 drop=0
[QUEUE_STATS] t_ms=7040 q_pkts=48 q_bytes=72192 qdelay_l_ms=2.11368 qdelay_c_ms=233.362 ecn_mark=797 drop=0
[QUEUE_STATS] t_ms=7056 q_pkts=46 q_bytes=69184 qdelay_l_ms=1.07093 qdelay_c_ms=238.721 ecn_mark=797 drop=0
[QUEUE_STATS] t_ms=7072 q_pkts=46 q_bytes=69184 qdelay_l_ms=1.04403 qdelay_c_ms=232.96 ecn_mark=797 drop=0
[QUEUE_STATS] t_ms=7088 q_pkts=49 q_bytes=73696 qdelay_l_ms=1.07266 qdelay_c_ms=238.825 ecn_mark=799 drop=0
[QUEUE_STATS] t_ms=7104 q_pkts=48 q_bytes=72192 qdelay_l_ms=2.13266 qdelay_c_ms=242.973 ecn_mark=800 drop=0
[QUEUE_STATS] t_ms=7120 q_pkts=49 q_bytes=73696 qdelay_l_ms=1.06522 qdelay_c_ms=229.507 ecn_mark=800 drop=0
[QUEUE_STATS] t_ms=7136 q_pkts=50 q_bytes=75200 qdelay_l_ms=1.06793 qdelay_c_ms=241.884 ecn_mark=800 drop=0
[QUEUE_STATS] t_ms=7152 q_pkts=49 q_bytes=73696 qdelay_l_ms=3.19125 qdelay_c_ms=235.25 ecn_mark=806 drop=0
[QUEUE_STATS] t_ms=7168 q_pkts=51 q_bytes=76704 qdelay_l_ms=3.2078 qdelay_c_ms=243.115 ecn_mark=812 drop=0
[QUEUE_STATS] t_ms=7184 q_pkts=50 q_bytes=75200 qdelay_l_ms=1.06916 qdelay_c_ms=248.948 ecn_mark=814 drop=0
[QUEUE_STATS] t_ms=7200 q_pkts=53 q_bytes=79712 qdelay_l_ms=2.22723 qdelay_c_ms=247.984 ecn_mark=816 drop=0
[QUEUE_STATS] t_ms=7216 q_pkts=49 q_bytes=73696 qdelay_l_ms=0 qdelay_c_ms=237.441 ecn_mark=817 drop=0
[QUEUE_STATS] t_ms=7232 q_pkts=50 q_bytes=75200 qdelay_l_ms=0 qdelay_c_ms=237.08 ecn_mark=819 drop=0
[QUEUE_STATS] t_ms=7248 q_pkts=50 q_bytes=75200 qdelay_l_ms=1.06897 qdelay_c_ms=235.714 ecn_mark=820 drop=0
[QUEUE_STATS] t_ms=7264 q_pkts=51 q_bytes=76704 qdelay_l_ms=1.06156 qdelay_c_ms=226.211 ecn_mark=822 drop=0
[QUEUE_STATS] t_ms=7280 q_pkts=50 q_bytes=75200 qdelay_l_ms=0 qdelay_c_ms=234.27 ecn_mark=823 drop=0
[QUEUE_STATS] t_ms=7296 q_pkts=50 q_bytes=75200 qdelay_l_ms=2.13318 qdelay_c_ms=223.963 ecn_mark=824 drop=0
[QUEUE_STATS] t_ms=7312 q_pkts=51 q_bytes=76704 qdelay_l_ms=2.13229 qdelay_c_ms=228.683 ecn_mark=824 drop=0
[QUEUE_STATS] t_ms=7328 q_pkts=55 q_bytes=82720 qdelay_l_ms=1.06172 qdelay_c_ms=221.333 ecn_mark=824 drop=0
[QUEUE_STATS] t_ms=7344 q_pkts=55 q_bytes=82720 qdelay_l_ms=1.00539 qdelay_c_ms=211.932 ecn_mark=825 drop=0
[QUEUE_STATS] t_ms=7360 q_pkts=55 q_bytes=82720 qdelay_l_ms=0 qdelay_c_ms=226.164 ecn_mark=827 drop=0
[QUEUE_STATS] t_ms=7376 q_pkts=55 q_bytes=82720 qdelay_l_ms=2.19499 qdelay_c_ms=215.253 ecn_mark=828 drop=0
[QUEUE_STATS] t_ms=7392 q_pkts=55 q_bytes=82720 qdelay_l_ms=1.06775 qdelay_c_ms=215.593 ecn_mark=829 drop=0
[QUEUE_STATS] t_ms=7408 q_pkts=56 q_bytes=84224 qdelay_l_ms=1.08263 qdelay_c_ms=213.55 ecn_mark=831 drop=0
[QUEUE_STATS] t_ms=7424 q_pkts=57 q_bytes=85728 qdelay_l_ms=1.06633 qdelay_c_ms=200.341 ecn_mark=832 drop=0
[QUEUE_STATS] t_ms=7440 q_pkts=56 q_bytes=84224 qdelay_l_ms=1.06935 qdelay_c_ms=208.396 ecn_mark=833 drop=0
[QUEUE_STATS] t_ms=7456 q_pkts=58 q_bytes=87232 qdelay_l_ms=1.06261 qdelay_c_ms=205.169 ecn_mark=834 drop=0
[QUEUE_STATS] t_ms=7472 q_pkts=57 q_bytes=85728 qdelay_l_ms=1.06396 qdelay_c_ms=215.202 ecn_mark=837 drop=0
[QUEUE_STATS] t_ms=7488 q_pkts=58 q_bytes=87232 qdelay_l_ms=1.06323 qdelay_c_ms=208.554 ecn_mark=837 drop=0
[QUEUE_STATS] t_ms=7504 q_pkts=59 q_bytes=88736 qdelay_l_ms=1.06635 qdelay_c_ms=213.076 ecn_mark=838 drop=0
[QUEUE_STATS] t_ms=7520 q_pkts=58 q_bytes=87232 qdelay_l_ms=2.1642 qdelay_c_ms=205.706 ecn_mark=839 drop=0
[QUEUE_STATS] t_ms=7536 q_pkts=58 q_bytes=87232 qdelay_l_ms=0.848987 qdelay_c_ms=219.27 ecn_mark=840 drop=0
[QUEUE_STATS] t_ms=7552 q_pkts=61 q_bytes=91744 qdelay_l_ms=1.06612 qdelay_c_ms=225.08 ecn_mark=842 drop=0
[QUEUE_STATS] t_ms=7568 q_pkts=60 q_bytes=90240 qdelay_l_ms=2.14363 qdelay_c_ms=208.901 ecn_mark=844 drop=0
[QUEUE_STATS] t_ms=7584 q_pkts=61 q_bytes=91744 qdelay_l_ms=1.05241 qdelay_c_ms=225.166 ecn_mark=844 drop=0
[QUEUE_STATS] t_ms=7600 q_pkts=62 q_bytes=93248 qdelay_l_ms=3.23969 qdelay_c_ms=218.966 ecn_mark=844 drop=0
[QUEUE_STATS] t_ms=7616 q_pkts=63 q_bytes=94752 qdelay_l_ms=2.13536 qdelay_c_ms=231.2 ecn_mark=846 drop=0
[QUEUE_STATS] t_ms=7632 q_pkts=63 q_bytes=94752 qdelay_l_ms=0.725545 qdelay_c_ms=234.277 ecn_mark=847 drop=0
[QUEUE_STATS] t_ms=7648 q_pkts=65 q_bytes=97760 qdelay_l_ms=2.16415 qdelay_c_ms=233.738 ecn_mark=848 drop=0
[QUEUE_STATS] t_ms=7664 q_pkts=65 q_bytes=97760 qdelay_l_ms=1.07177 qdelay_c_ms=245.045 ecn_mark=849 drop=0
[QUEUE_STATS] t_ms=7680 q_pkts=64 q_bytes=96256 qdelay_l_ms=1.06179 qdelay_c_ms=248.934 ecn_mark=849 drop=0
[QUEUE_STATS] t_ms=7696 q_pkts=66 q_bytes=99264 qdelay_l_ms=1.03633 qdelay_c_ms=256.405 ecn_mark=849 drop=0
[QUEUE_STATS] t_ms=7712 q_pkts=68 q_bytes=102272 qdelay_l_ms=2.16013 qdelay_c_ms=262.733 ecn_mark=851 drop=0
[QUEUE_STATS] t_ms=7728 q_pkts=66 q_bytes=99264 qdelay_l_ms=1.06182 qdelay_c_ms=271.879 ecn_mark=851 drop=0
[QUEUE_STATS] t_ms=7744 q_pkts=68 q_bytes=102272 qdelay_l_ms=2.15645 qdelay_c_ms=277.027 ecn_mark=852 drop=0
[QUEUE_STATS] t_ms=7760 q_pkts=67 q_bytes=100768 qdelay_l_ms=1.07143 qdelay_c_ms=280.598 ecn_mark=854 drop=0
[QUEUE_STATS] t_ms=7776 q_pkts=67 q_bytes=100768 qdelay_l_ms=2.08793 qdelay_c_ms=287.234 ecn_mark=854 drop=0
[QUEUE_STATS] t_ms=7792 q_pkts=69 q_bytes=103776 qdelay_l_ms=2.06222 qdelay_c_ms=291.99 ecn_mark=860 drop=0
[QUEUE_STATS] t_ms=7808 q_pkts=71 q_bytes=106784 qdelay_l_ms=3.26276 qdelay_c_ms=304.083 ecn_mark=868 drop=0
[QUEUE_STATS] t_ms=7824 q_pkts=70 q_bytes=105280 qdelay_l_ms=0.993118 qdelay_c_ms=308.962 ecn_mark=869 drop=0
[QUEUE_STATS] t_ms=7840 q_pkts=70 q_bytes=105280 qdelay_l_ms=0 qdelay_c_ms=316.7 ecn_mark=871 drop=0
[QUEUE_STATS] t_ms=7856 q_pkts=69 q_bytes=103776 qdelay_l_ms=1.08107 qdelay_c_ms=327.895 ecn_mark=871 drop=0
[QUEUE_STATS] t_ms=7872 q_pkts=71 q_bytes=106784 qdelay_l_ms=3.21015 qdelay_c_ms=332.574 ecn_mark=873 drop=0
[QUEUE_STATS] t_ms=7888 q_pkts=71 q_bytes=106784 qdelay_l_ms=1.06137 qdelay_c_ms=336.556 ecn_mark=874 drop=0
[QUEUE_STATS] t_ms=7904 q_pkts=71 q_bytes=106784 qdelay_l_ms=1.06119 qdelay_c_ms=351.972 ecn_mark=875 drop=0
[QUEUE_STATS] t_ms=7920 q_pkts=73 q_bytes=109792 qdelay_l_ms=1.80614 qdelay_c_ms=358.95 ecn_mark=878 drop=0
[QUEUE_STATS] t_ms=7936 q_pkts=72 q_bytes=108288 qdelay_l_ms=1.07381 qdelay_c_ms=364.699 ecn_mark=880 drop=0
[QUEUE_STATS] t_ms=7952 q_pkts=73 q_bytes=109792 qdelay_l_ms=2.06385 qdelay_c_ms=368.877 ecn_mark=882 drop=0
[QUEUE_STATS] t_ms=7968 q_pkts=72 q_bytes=108288 qdelay_l_ms=1.07089 qdelay_c_ms=381.968 ecn_mark=882 drop=0
[QUEUE_STATS] t_ms=7984 q_pkts=75 q_bytes=112800 qdelay_l_ms=3.24879 qdelay_c_ms=386.649 ecn_mark=887 drop=0
[QUEUE_STATS] t_ms=8000 q_pkts=74 q_bytes=111296 qdelay_l_ms=1.07631 qdelay_c_ms=391.101 ecn_mark=891 drop=0
[QUEUE_STATS] t_ms=8017 q_pkts=76 q_bytes=114304 qdelay_l_ms=3.22592 qdelay_c_ms=397.39 ecn_mark=893 drop=0
[QUEUE_STATS] t_ms=8033 q_pkts=73 q_bytes=109792 qdelay_l_ms=1.06227 qdelay_c_ms=411.159 ecn_mark=900 drop=0
[QUEUE_STATS] t_ms=8048 q_pkts=75 q_bytes=112800 qdelay_l_ms=1.06681 qdelay_c_ms=403.254 ecn_mark=901 drop=0
[QUEUE_STATS] t_ms=8064 q_pkts=73 q_bytes=109792 qdelay_l_ms=2.24648 qdelay_c_ms=398.915 ecn_mark=902 drop=0
[QUEUE_STATS] t_ms=8080 q_pkts=71 q_bytes=106784 qdelay_l_ms=0 qdelay_c_ms=403.508 ecn_mark=904 drop=0
[QUEUE_STATS] t_ms=8096 q_pkts=71 q_bytes=106784 qdelay_l_ms=1.06359 qdelay_c_ms=397.542 ecn_mark=904 drop=0
[QUEUE_STATS] t_ms=8112 q_pkts=70 q_bytes=105280 qdelay_l_ms=1.06845 qdelay_c_ms=392.629 ecn_mark=905 drop=0
[QUEUE_STATS] t_ms=8128 q_pkts=69 q_bytes=103776 qdelay_l_ms=1.12765 qdelay_c_ms=397.293 ecn_mark=905 drop=0
[QUEUE_STATS] t_ms=8144 q_pkts=69 q_bytes=103776 qdelay_l_ms=1.18405 qdelay_c_ms=392.287 ecn_mark=905 drop=0
[QUEUE_STATS] t_ms=8160 q_pkts=68 q_bytes=102272 qdelay_l_ms=3.00002 qdelay_c_ms=387.771 ecn_mark=906 drop=0
[QUEUE_STATS] t_ms=8177 q_pkts=67 q_bytes=100768 qdelay_l_ms=3.23965 qdelay_c_ms=394.495 ecn_mark=909 drop=0
[QUEUE_STATS] t_ms=8193 q_pkts=65 q_bytes=97760 qdelay_l_ms=1.06614 qdelay_c_ms=386.866 ecn_mark=911 drop=0
[QUEUE_STATS] t_ms=8208 q_pkts=66 q_bytes=99264 qdelay_l_ms=0 qdelay_c_ms=401.665 ecn_mark=912 drop=0
[QUEUE_STATS] t_ms=8224 q_pkts=63 q_bytes=94752 qdelay_l_ms=2.12558 qdelay_c_ms=390.836 ecn_mark=913 drop=0
[QUEUE_STATS] t_ms=8240 q_pkts=63 q_bytes=94752 qdelay_l_ms=1.0775 qdelay_c_ms=392.841 ecn_mark=915 drop=0
[QUEUE_STATS] t_ms=8256 q_pkts=62 q_bytes=93248 qdelay_l_ms=1.07158 qdelay_c_ms=387.086 ecn_mark=917 drop=0
[QUEUE_STATS] t_ms=8272 q_pkts=60 q_bytes=90240 qdelay_l_ms=1.91203 qdelay_c_ms=371.61 ecn_mark=920 drop=0
[QUEUE_STATS] t_ms=8288 q_pkts=60 q_bytes=90240 qdelay_l_ms=0 qdelay_c_ms=383.929 ecn_mark=923 drop=0
[QUEUE_STATS] t_ms=8304 q_pkts=57 q_bytes=85728 qdelay_l_ms=1.89667 qdelay_c_ms=366.972 ecn_mark=924 drop=0
[QUEUE_STATS] t_ms=8320 q_pkts=59 q_bytes=88736 qdelay_l_ms=2.09207 qdelay_c_ms=367.135 ecn_mark=927 drop=0
[QUEUE_STATS] t_ms=8336 q_pkts=57 q_bytes=85728 qdelay_l_ms=1.07979 qdelay_c_ms=352.327 ecn_mark=929 drop=0
[QUEUE_STATS] t_ms=8352 q_pkts=55 q_bytes=82720 qdelay_l_ms=2.12397 qdelay_c_ms=357.714 ecn_mark=932 drop=0
[QUEUE_STATS] t_ms=8368 q_pkts=54 q_bytes=81216 qdelay_l_ms=1.23601 qdelay_c_ms=334.996 ecn_mark=933 drop=0
[QUEUE_STATS] t_ms=8384 q_pkts=53 q_bytes=79712 qdelay_l_ms=1.06252 qdelay_c_ms=345.681 ecn_mark=935 drop=0
[QUEUE_STATS] t_ms=8400 q_pkts=50 q_bytes=75200 qdelay_l_ms=1.07226 qdelay_c_ms=341.528 ecn_mark=936 drop=0
[QUEUE_STATS] t_ms=8416 q_pkts=51 q_bytes=76704 qdelay_l_ms=1.06049 qdelay_c_ms=331.929 ecn_mark=936 drop=0
[QUEUE_STATS] t_ms=8432 q_pkts=49 q_bytes=73696 qdelay_l_ms=0 qdelay_c_ms=324.67 ecn_mark=936 drop=0
[QUEUE_STATS] t_ms=8448 q_pkts=52 q_bytes=78208 qdelay_l_ms=2.18126 qdelay_c_ms=320.852 ecn_mark=940 drop=0
[QUEUE_STATS] t_ms=8464 q_pkts=50 q_bytes=75200 qdelay_l_ms=1.06226 qdelay_c_ms=314.522 ecn_mark=941 drop=0
[QUEUE_STATS] t_ms=8480 q_pkts=50 q_bytes=75200 qdelay_l_ms=1.06822 qdelay_c_ms=301.168 ecn_mark=941 drop=0
[QUEUE_STATS] t_ms=8496 q_pkts=51 q_bytes=76704 qdelay_l_ms=2.08757 qdelay_c_ms=302.281 ecn_mark=942 drop=0
[QUEUE_STATS] t_ms=8512 q_pkts=51 q_bytes=76704 qdelay_l_ms=0.661394 qdelay_c_ms=306.466 ecn_mark=942 drop=0
[QUEUE_STATS] t_ms=8529 q_pkts=52 q_bytes=78208 qdelay_l_ms=0 qdelay_c_ms=298.257 ecn_mark=947 drop=0
[QUEUE_STATS] t_ms=8544 q_pkts=52 q_bytes=78208 qdelay_l_ms=1.05805 qdelay_c_ms=293.466 ecn_mark=949 drop=0
[QUEUE_STATS] t_ms=8560 q_pkts=53 q_bytes=79712 qdelay_l_ms=2.08002 qdelay_c_ms=284.438 ecn_mark=950 drop=0
[QUEUE_STATS] t_ms=8576 q_pkts=52 q_bytes=78208 qdelay_l_ms=1.05262 qdelay_c_ms=268.276 ecn_mark=952 drop=0
[QUEUE_STATS] t_ms=8592 q_pkts=52 q_bytes=78208 qdelay_l_ms=1.07621 qdelay_c_ms=280.753 ecn_mark=955 drop=0
[QUEUE_STATS] t_ms=8608 q_pkts=53 q_bytes=79712 qdelay_l_ms=1.07135 qdelay_c_ms=273.151 ecn_mark=958 drop=0
[QUEUE_STATS] t_ms=8624 q_pkts=52 q_bytes=78208 qdelay_l_ms=1.06463 qdelay_c_ms=266.077 ecn_mark=958 drop=0
[QUEUE_STATS] t_ms=8640 q_pkts=54 q_bytes=81216 qdelay_l_ms=2.13408 qdelay_c_ms=261.521 ecn_mark=961 drop=0
[QUEUE_STATS] t_ms=8656 q_pkts=54 q_bytes=81216 qdelay_l_ms=1.0637 qdelay_c_ms=256.589 ecn_mark=963 drop=0
[QUEUE_STATS] t_ms=8672 q_pkts=52 q_bytes=78208 qdelay_l_ms=2.13487 qdelay_c_ms=257.392 ecn_mark=963 drop=0
[QUEUE_STATS] t_ms=8688 q_pkts=54 q_bytes=81216 qdelay_l_ms=1.06982 qdelay_c_ms=265.595 ecn_mark=964 drop=0
[QUEUE_STATS] t_ms=8704 q_pkts=54 q_bytes=81216 qdelay_l_ms=2.16213 qdelay_c_ms=264.013 ecn_mark=966 drop=0
[QUEUE_STATS] t_ms=8721 q_pkts=53 q_bytes=79712 qdelay_l_ms=1.07795 qdelay_c_ms=261.765 ecn_mark=968 drop=0
[QUEUE_STATS] t_ms=8736 q_pkts=53 q_bytes=79712 qdelay_l_ms=0 qdelay_c_ms=265.184 ecn_mark=972 drop=0
[QUEUE_STATS] t_ms=8752 q_pkts=53 q_bytes=79712 qdelay_l_ms=1.07745 qdelay_c_ms=259.701 ecn_mark=973 drop=0
[QUEUE_STATS] t_ms=8768 q_pkts=54 q_bytes=81216 qdelay_l_ms=2.12456 qdelay_c_ms=264.476 ecn_mark=976 drop=0
[QUEUE_STATS] t_ms=8784 q_pkts=55 q_bytes=82720 qdelay_l_ms=1.06277 qdelay_c_ms=261.493 ecn_mark=977 drop=0
[QUEUE_STATS] t_ms=8800 q_pkts=55 q_bytes=82720 qdelay_l_ms=2.17255 qdelay_c_ms=258.231 ecn_mark=979 drop=0
[QUEUE_STATS] t_ms=8816 q_pkts=55 q_bytes=82720 qdelay_l_ms=2.13677 qdelay_c_ms=254.339 ecn_mark=979 drop=0
[QUEUE_STATS] t_ms=8832 q_pkts=55 q_bytes=82720 qdelay_l_ms=1.06899 qdelay_c_ms=262.906 ecn_mark=981 drop=0
[QUEUE_STATS] t_ms=8848 q_pkts=56 q_bytes=84224 qdelay_l_ms=1.18015 qdelay_c_ms=257.611 ecn_mark=985 drop=0
[QUEUE_STATS] t_ms=8864 q_pkts=55 q_bytes=82720 qdelay_l_ms=0 qdelay_c_ms=261.076 ecn_mark=986 drop=0
[QUEUE_STATS] t_ms=8880 q_pkts=54 q_bytes=81216 qdelay_l_ms=1.05972 qdelay_c_ms=256.905 ecn_mark=986 drop=0
[QUEUE_STATS] t_ms=8896 q_pkts=57 q_bytes=85728 qdelay_l_ms=2.13408 qdelay_c_ms=263.699 ecn_mark=987 drop=0
[QUEUE_STATS] t_ms=8912 q_pkts=56 q_bytes=84224 qdelay_l_ms=1.06576 qdelay_c_ms=264.594 ecn_mark=987 drop=0
[QUEUE_STATS] t_ms=8928 q_pkts=57 q_bytes=85728 qdelay_l_ms=1.06696 qdelay_c_ms=253.131 ecn_mark=988 drop=0
[QUEUE_STATS] t_ms=8944 q_pkts=57 q_bytes=85728 qdelay_l_ms=1.06948 qdelay_c_ms=257.921 ecn_mark=990 drop=0
[QUEUE_STATS] t_ms=8960 q_pkts=56 q_bytes=84224 qdelay_l_ms=0.878162 qdelay_c_ms=267.323 ecn_mark=995 drop=0
[QUEUE_STATS] t_ms=8976 q_pkts=58 q_bytes=87232 qdelay_l_ms=1.06343 qdelay_c_ms=265.469 ecn_mark=997 drop=0
[QUEUE_STATS] t_ms=8992 q_pkts=57 q_bytes=85728 qdelay_l_ms=1.06951 qdelay_c_ms=265.882 ecn_mark=998 drop=0
[QUEUE_STATS] t_ms=9008 q_pkts=56 q_bytes=84224 qdelay_l_ms=1.07569 qdelay_c_ms=271.122 ecn_mark=998 drop=0
[QUEUE_STATS] t_ms=9024 q_pkts=56 q_bytes=84224 qdelay_l_ms=1.06912 qdelay_c_ms=271.831 ecn_mark=1000 drop=0
[QUEUE_STATS] t_ms=9040 q_pkts=54 q_bytes=81216 qdelay_l_ms=1.08346 qdelay_c_ms=271.779 ecn_mark=1000 drop=0
[QUEUE_STATS] t_ms=9056 q_pkts=54 q_bytes=81216 qdelay_l_ms=1.06424 qdelay_c_ms=285.643 ecn_mark=1001 drop=0
[QUEUE_STATS] t_ms=9072 q_pkts=53 q_bytes=79712 qdelay_l_ms=1.06864 qdelay_c_ms=281.108 ecn_mark=1002 drop=0
[QUEUE_STATS] t_ms=9088 q_pkts=53 q_bytes=79712 qdelay_l_ms=2.13254 qdelay_c_ms=284.674 ecn_mark=1003 drop=0
[QUEUE_STATS] t_ms=9104 q_pkts=51 q_bytes=76704 qdelay_l_ms=1.91671 qdelay_c_ms=288.425 ecn_mark=1007 drop=0
[QUEUE_STATS] t_ms=9120 q_pkts=50 q_bytes=75200 qdelay_l_ms=1.06604 qdelay_c_ms=284.148 ecn_mark=1008 drop=0
[QUEUE_STATS] t_ms=9137 q_pkts=50 q_bytes=75200 qdelay_l_ms=1.64647 qdelay_c_ms=289.375 ecn_mark=1010 drop=0
[QUEUE_STATS] t_ms=9152 q_pkts=50 q_bytes=75200 qdelay_l_ms=2.16118 qdelay_c_ms=292.91 ecn_mark=1014 drop=0
[QUEUE_STATS] t_ms=9168 q_pkts=49 q_bytes=73696 qdelay_l_ms=1.0805 qdelay_c_ms=306.929 ecn_mark=1015 drop=0
[QUEUE_STATS] t_ms=9184 q_pkts=47 q_bytes=70688 qdelay_l_ms=1.07712 qdelay_c_ms=297.282 ecn_mark=1015 drop=0
[QUEUE_STATS] t_ms=9200 q_pkts=45 q_bytes=67680 qdelay_l_ms=3.21153 qdelay_c_ms=304.871 ecn_mark=1022 drop=0
[QUEUE_STATS] t_ms=9216 q_pkts=45 q_bytes=67680 qdelay_l_ms=0 qdelay_c_ms=299.066 ecn_mark=1031 drop=0
[QUEUE_STATS] t_ms=9232 q_pkts=44 q_bytes=66176 qdelay_l_ms=1.07187 qdelay_c_ms=313.02 ecn_mark=1032 drop=0
[QUEUE_STATS] t_ms=9248 q_pkts=43 q_bytes=64672 qdelay_l_ms=1.06176 qdelay_c_ms=313.22 ecn_mark=1034 drop=0
[QUEUE_STATS] t_ms=9265 q_pkts=42 q_bytes=63168 qdelay_l_ms=2.13395 qdelay_c_ms=315.075 ecn_mark=1039 drop=0
[QUEUE_STATS] t_ms=9280 q_pkts=40 q_bytes=60160 qdelay_l_ms=0 qdelay_c_ms=310.601 ecn_mark=1041 drop=0
[QUEUE_STATS] t_ms=9296 q_pkts=39 q_bytes=58656 qdelay_l_ms=2.15222 qdelay_c_ms=302.065 ecn_mark=1042 drop=0
[QUEUE_STATS] t_ms=9312 q_pkts=37 q_bytes=55648 qdelay_l_ms=1.07683 qdelay_c_ms=274.879 ecn_mark=1043 drop=0
[QUEUE_STATS] t_ms=9328 q_pkts=38 q_bytes=57152 qdelay_l_ms=1.06093 qdelay_c_ms=268.59 ecn_mark=1046 drop=0
[QUEUE_STATS] t_ms=9344 q_pkts=37 q_bytes=55648 qdelay_l_ms=2.13429 qdelay_c_ms=239.958 ecn_mark=1047 drop=0
[QUEUE_STATS] t_ms=9360 q_pkts=38 q_bytes=57152 qdelay_l_ms=1.06527 qdelay_c_ms=235.794 ecn_mark=1047 drop=0
[QUEUE_STATS] t_ms=9377 q_pkts=37 q_bytes=55648 qdelay_l_ms=1.07855 qdelay_c_ms=199.332 ecn_mark=1049 drop=0
[QUEUE_STATS] t_ms=9392 q_pkts=38 q_bytes=57152 qdelay_l_ms=2.14701 qdelay_c_ms=179.088 ecn_mark=1051 drop=0
[QUEUE_STATS] t_ms=9408 q_pkts=36 q_bytes=54144 qdelay_l_ms=2.13541 qdelay_c_ms=152.359 ecn_mark=1052 drop=0
[QUEUE_STATS] t_ms=9424 q_pkts=37 q_bytes=55648 qdelay_l_ms=0 qdelay_c_ms=135.992 ecn_mark=1055 drop=0
[QUEUE_STATS] t_ms=9440 q_pkts=37 q_bytes=55648 qdelay_l_ms=1.07088 qdelay_c_ms=126.41 ecn_mark=1058 drop=0
[QUEUE_STATS] t_ms=9456 q_pkts=37 q_bytes=55648 qdelay_l_ms=1.06348 qdelay_c_ms=125.503 ecn_mark=1059 drop=0
[QUEUE_STATS] t_ms=9472 q_pkts=36 q_bytes=54144 qdelay_l_ms=1.06757 qdelay_c_ms=120.802 ecn_mark=1060 drop=0
[QUEUE_STATS] t_ms=9488 q_pkts=37 q_bytes=55648 qdelay_l_ms=1.07333 qdelay_c_ms=115.818 ecn_mark=1062 drop=0
[QUEUE_STATS] t_ms=9504 q_pkts=38 q_bytes=57152 qdelay_l_ms=1.0617 qdelay_c_ms=118.717 ecn_mark=1063 drop=0
[QUEUE_STATS] t_ms=9520 q_pkts=37 q_bytes=55648 qdelay_l_ms=1.08692 qdelay_c_ms=111.505 ecn_mark=1063 drop=0
[QUEUE_STATS] t_ms=9536 q_pkts=38 q_bytes=57152 qdelay_l_ms=2.15735 qdelay_c_ms=113.097 ecn_mark=1063 drop=0
[QUEUE_STATS] t_ms=9552 q_pkts=37 q_bytes=55648 qdelay_l_ms=1.0715 qdelay_c_ms=115.151 ecn_mark=1064 drop=0
[QUEUE_STATS] t_ms=9568 q_pkts=39 q_bytes=58656 qdelay_l_ms=1.07244 qdelay_c_ms=120.366 ecn_mark=1065 drop=0
[QUEUE_STATS] t_ms=9584 q_pkts=37 q_bytes=55648 qdelay_l_ms=2.01748 qdelay_c_ms=115.555 ecn_mark=1068 drop=0
[QUEUE_STATS] t_ms=9600 q_pkts=39 q_bytes=58656 qdelay_l_ms=2.18018 qdelay_c_ms=118.214 ecn_mark=1068 drop=0
[QUEUE_STATS] t_ms=9616 q_pkts=38 q_bytes=57152 qdelay_l_ms=1.06832 qdelay_c_ms=126.154 ecn_mark=1068 drop=0
[QUEUE_STATS] t_ms=9632 q_pkts=39 q_bytes=58656 qdelay_l_ms=1.06692 qdelay_c_ms=122.898 ecn_mark=1071 drop=0
[QUEUE_STATS] t_ms=9648 q_pkts=39 q_bytes=58656 qdelay_l_ms=1.06509 qdelay_c_ms=125.855 ecn_mark=1073 drop=0
[QUEUE_STATS] t_ms=9664 q_pkts=39 q_bytes=58656 qdelay_l_ms=0 qdelay_c_ms=133.884 ecn_mark=1074 drop=0
[QUEUE_STATS] t_ms=9680 q_pkts=38 q_bytes=57152 qdelay_l_ms=1.06066 qdelay_c_ms=125.63 ecn_mark=1074 drop=0
[QUEUE_STATS] t_ms=9696 q_pkts=39 q_bytes=58656 qdelay_l_ms=0 qdelay_c_ms=128.68 ecn_mark=1074 drop=0
[QUEUE_STATS] t_ms=9712 q_pkts=41 q_bytes=61664 qdelay_l_ms=2.13609 qdelay_c_ms=125.318 ecn_mark=1075 drop=0
[QUEUE_STATS] t_ms=9728 q_pkts=40 q_bytes=60160 qdelay_l_ms=1.23473 qdelay_c_ms=128.983 ecn_mark=1077 drop=0
[QUEUE_STATS] t_ms=9744 q_pkts=40 q_bytes=60160 qdelay_l_ms=1.06791 qdelay_c_ms=130.972 ecn_mark=1079 drop=0
[QUEUE_STATS] t_ms=9761 q_pkts=39 q_bytes=58656 qdelay_l_ms=2.15219 qdelay_c_ms=131.768 ecn_mark=1081 drop=0
[QUEUE_STATS] t_ms=9777 q_pkts=42 q_bytes=63168 qdelay_l_ms=3.23448 qdelay_c_ms=135.233 ecn_mark=1087 drop=0
[QUEUE_STATS] t_ms=9792 q_pkts=40 q_bytes=60160 qdelay_l_ms=1.06583 qdelay_c_ms=139.537 ecn_mark=1089 drop=0
[QUEUE_STATS] t_ms=9808 q_pkts=41 q_bytes=61664 qdelay_l_ms=1.07682 qdelay_c_ms=142.361 ecn_mark=1090 drop=0
[QUEUE_STATS] t_ms=9824 q_pkts=40 q_bytes=60160 qdelay_l_ms=1.07026 qdelay_c_ms=138.908 ecn_mark=1092 drop=0
[QUEUE_STATS] t_ms=9840 q_pkts=42 q_bytes=63168 qdelay_l_ms=1.06899 qdelay_c_ms=148.004 ecn_mark=1096 drop=0
[QUEUE_STATS] t_ms=9857 q_pkts=41 q_bytes=61664 qdelay_l_ms=1.07109 qdelay_c_ms=148.97 ecn_mark=1100 drop=0
[QUEUE_STATS] t_ms=9872 q_pkts=40 q_bytes=60160 qdelay_l_ms=2.13459 qdelay_c_ms=131.279 ecn_mark=1101 drop=0
[QUEUE_STATS] t_ms=9888 q_pkts=39 q_bytes=58656 qdelay_l_ms=1.06353 qdelay_c_ms=142.888 ecn_mark=1103 drop=0
[QUEUE_STATS] t_ms=9905 q_pkts=39 q_bytes=58656 qdelay_l_ms=1.07891 qdelay_c_ms=135.546 ecn_mark=1104 drop=0
[QUEUE_STATS] t_ms=9920 q_pkts=39 q_bytes=58656 qdelay_l_ms=0 qdelay_c_ms=127.553 ecn_mark=1105 drop=0
[QUEUE_STATS] t_ms=9936 q_pkts=40 q_bytes=60160 qdelay_l_ms=1.04377 qdelay_c_ms=133.226 ecn_mark=1106 drop=0
[QUEUE_STATS] t_ms=9952 q_pkts=40 q_bytes=60160 qdelay_l_ms=1.07693 qdelay_c_ms=134.487 ecn_mark=1106 drop=0
[QUEUE_STATS] t_ms=9968 q_pkts=41 q_bytes=61664 qdelay_l_ms=1.07106 qdelay_c_ms=128.783 ecn_mark=1107 drop=0
[QUEUE_STATS] t_ms=9984 q_pkts=42 q_bytes=63168 qdelay_l_ms=1.06212 qdelay_c_ms=130.442 ecn_mark=1108 drop=0
[QUEUE_STATS] t_ms=10000 q_pkts=41 q_bytes=61664 qdelay_l_ms=1.07158 qdelay_c_ms=122.086 ecn_mark=1110 drop=0
[QUEUE_STATS] t_ms=10016 q_pkts=41 q_bytes=61664 qdelay_l_ms=2.12878 qdelay_c_ms=124.683 ecn_mark=1110 drop=0
[QUEUE_STATS] t_ms=10032 q_pkts=39 q_bytes=58656 qdelay_l_ms=1.06683 qdelay_c_ms=126.021 ecn_mark=1112 drop=0
[QUEUE_STATS] t_ms=10048 q_pkts=40 q_bytes=60160 qdelay_l_ms=1.06804 qdelay_c_ms=119.082 ecn_mark=1112 drop=0
[QUEUE_STATS] t_ms=10064 q_pkts=41 q_bytes=61664 qdelay_l_ms=1.08264 qdelay_c_ms=122.469 ecn_mark=1113 drop=0
[QUEUE_STATS] t_ms=10080 q_pkts=40 q_bytes=60160 qdelay_l_ms=2.12719 qdelay_c_ms=128.079 ecn_mark=1113 drop=0
[QUEUE_STATS] t_ms=10096 q_pkts=40 q_bytes=60160 qdelay_l_ms=2.14473 qdelay_c_ms=126.27 ecn_mark=1114 drop=0
[QUEUE_STATS] t_ms=10112 q_pkts=42 q_bytes=63168 qdelay_l_ms=0 qdelay_c_ms=128.33 ecn_mark=1116 drop=0
[QUEUE_STATS] t_ms=10128 q_pkts=41 q_bytes=61664 qdelay_l_ms=1.07645 qdelay_c_ms=126.394 ecn_mark=1116 drop=0
[QUEUE_STATS] t_ms=10144 q_pkts=42 q_bytes=63168 qdelay_l_ms=1.07836 qdelay_c_ms=125.132 ecn_mark=1118 drop=0
[QUEUE_STATS] t_ms=10160 q_pkts=41 q_bytes=61664 qdelay_l_ms=3.25348 qdelay_c_ms=123.339 ecn_mark=1118 drop=0
[QUEUE_STATS] t_ms=10176 q_pkts=42 q_bytes=63168 qdelay_l_ms=1.07011 qdelay_c_ms=123.454 ecn_mark=1119 drop=0
[QUEUE_STATS] t_ms=10192 q_pkts=42 q_bytes=63168 qdelay_l_ms=1.03717 qdelay_c_ms=122.6 ecn_mark=1122 drop=0
[QUEUE_STATS] t_ms=10208 q_pkts=41 q_bytes=61664 qdelay_l_ms=1.0688 qdelay_c_ms=124.423 ecn_mark=1122 drop=0
[QUEUE_STATS] t_ms=10224 q_pkts=42 q_bytes=63168 qdelay_l_ms=0 qdelay_c_ms=122.908 ecn_mark=1124 drop=0
[QUEUE_STATS] t_ms=10240 q_pkts=42 q_bytes=63168 qdelay_l_ms=2.17273 qdelay_c_ms=125.791 ecn_mark=1124 drop=0
[QUEUE_STATS] t_ms=10256 q_pkts=40 q_bytes=60160 qdelay_l_ms=1.0647 qdelay_c_ms=125.236 ecn_mark=1125 drop=0
[QUEUE_STATS] t_ms=10272 q_pkts=44 q_bytes=66176 qdelay_l_ms=1.08194 qdelay_c_ms=130.968 ecn_mark=1125 drop=0
[QUEUE_STATS] t_ms=10288 q_pkts=44 q_bytes=66176 qdelay_l_ms=1.06556 qdelay_c_ms=133.765 ecn_mark=1128 drop=0
[QUEUE_STATS] t_ms=10304 q_pkts=42 q_bytes=63168 qdelay_l_ms=2.09799 qdelay_c_ms=128.823 ecn_mark=1132 drop=0
[QUEUE_STATS] t_ms=10320 q_pkts=41 q_bytes=61664 qdelay_l_ms=1.06226 qdelay_c_ms=140.619 ecn_mark=1133 drop=0
[QUEUE_STATS] t_ms=10336 q_pkts=39 q_bytes=58656 qdelay_l_ms=1.0691 qdelay_c_ms=137.196 ecn_mark=1135 drop=0
[QUEUE_STATS] t_ms=10352 q_pkts=37 q_bytes=55648 qdelay_l_ms=0 qdelay_c_ms=136.674 ecn_mark=1135 drop=0
[QUEUE_STATS] t_ms=10368 q_pkts=35 q_bytes=52640 qdelay_l_ms=1.056 qdelay_c_ms=138.19 ecn_mark=1136 drop=0
[QUEUE_STATS] t_ms=10384 q_pkts=35 q_bytes=52640 qdelay_l_ms=1.0692 qdelay_c_ms=141.175 ecn_mark=1136 drop=0
[QUEUE_STATS] t_ms=10400 q_pkts=33 q_bytes=49632 qdelay_l_ms=1.07699 qdelay_c_ms=141.142 ecn_mark=1142 drop=0
[QUEUE_STATS] t_ms=10416 q_pkts=32 q_bytes=48128 qdelay_l_ms=1.07719 qdelay_c_ms=147.478 ecn_mark=1144 drop=0
[QUEUE_STATS] t_ms=10432 q_pkts=30 q_bytes=45120 qdelay_l_ms=2.1371 qdelay_c_ms=145.473 ecn_mark=1145 drop=0
[QUEUE_STATS] t_ms=10448 q_pkts=29 q_bytes=43616 qdelay_l_ms=1.08231 qdelay_c_ms=138.285 ecn_mark=1146 drop=0
[QUEUE_STATS] t_ms=10464 q_pkts=29 q_bytes=43616 qdelay_l_ms=0 qdelay_c_ms=129.005 ecn_mark=1147 drop=0
[QUEUE_STATS] t_ms=10480 q_pkts=28 q_bytes=42112 qdelay_l_ms=1.06163 qdelay_c_ms=118.696 ecn_mark=1150 drop=0
[QUEUE_STATS] t_ms=10496 q_pkts=28 q_bytes=42112 qdelay_l_ms=1.06842 qdelay_c_ms=119.581 ecn_mark=1153 drop=0
[QUEUE_STATS] t_ms=10512 q_pkts=28 q_bytes=42112 qdelay_l_ms=0 qdelay_c_ms=111.176 ecn_mark=1157 drop=0
[QUEUE_STATS] t_ms=10528 q_pkts=27 q_bytes=40608 qdelay_l_ms=0 qdelay_c_ms=102.319 ecn_mark=1159 drop=0
[QUEUE_STATS] t_ms=10544 q_pkts=28 q_bytes=42112 qdelay_l_ms=2.11427 qdelay_c_ms=93.5488 ecn_mark=1159 drop=0
[QUEUE_STATS] t_ms=10560 q_pkts=27 q_bytes=40608 qdelay_l_ms=0.869155 qdelay_c_ms=98.0672 ecn_mark=1160 drop=0
[QUEUE_STATS] t_ms=10576 q_pkts=24 q_bytes=36096 qdelay_l_ms=0 qdelay_c_ms=92.8578 ecn_mark=1162 drop=0
[QUEUE_STATS] t_ms=10592 q_pkts=24 q_bytes=36096 qdelay_l_ms=2.12226 qdelay_c_ms=93.8156 ecn_mark=1162 drop=0
[QUEUE_STATS] t_ms=10608 q_pkts=24 q_bytes=36096 qdelay_l_ms=3.23455 qdelay_c_ms=98.1882 ecn_mark=1165 drop=0
[QUEUE_STATS] t_ms=10624 q_pkts=22 q_bytes=33088 qdelay_l_ms=1.07042 qdelay_c_ms=103.42 ecn_mark=1170 drop=0
[QUEUE_STATS] t_ms=10640 q_pkts=19 q_bytes=28576 qdelay_l_ms=0 qdelay_c_ms=101.214 ecn_mark=1172 drop=0
[QUEUE_STATS] t_ms=10656 q_pkts=18 q_bytes=27072 qdelay_l_ms=1.0712 qdelay_c_ms=93.8227 ecn_mark=1175 drop=0
[QUEUE_STATS] t_ms=10672 q_pkts=17 q_bytes=25568 qdelay_l_ms=0 qdelay_c_ms=82.6948 ecn_mark=1177 drop=0
[QUEUE_STATS] t_ms=10688 q_pkts=16 q_bytes=24064 qdelay_l_ms=1.07697 qdelay_c_ms=64.2819 ecn_mark=1177 drop=0
[QUEUE_STATS] t_ms=10704 q_pkts=17 q_bytes=25568 qdelay_l_ms=0 qdelay_c_ms=66.6123 ecn_mark=1179 drop=0
[QUEUE_STATS] t_ms=10720 q_pkts=16 q_bytes=24064 qdelay_l_ms=2.16397 qdelay_c_ms=49.3066 ecn_mark=1181 drop=0
[QUEUE_STATS] t_ms=10736 q_pkts=17 q_bytes=25568 qdelay_l_ms=1.04954 qdelay_c_ms=47.0004 ecn_mark=1183 drop=0
[QUEUE_STATS] t_ms=10752 q_pkts=18 q_bytes=27072 qdelay_l_ms=0 qdelay_c_ms=51.4588 ecn_mark=1183 drop=0
[QUEUE_STATS] t_ms=10769 q_pkts=18 q_bytes=27072 qdelay_l_ms=1.08239 qdelay_c_ms=47.1002 ecn_mark=1185 drop=0
[QUEUE_STATS] t_ms=10784 q_pkts=18 q_bytes=27072 qdelay_l_ms=1.08858 qdelay_c_ms=51.9261 ecn_mark=1186 drop=0
[QUEUE_STATS] t_ms=10800 q_pkts=17 q_bytes=25568 qdelay_l_ms=2.15031 qdelay_c_ms=49.5207 ecn_mark=1186 drop=0
[QUEUE_STATS] t_ms=10816 q_pkts=19 q_bytes=28576 qdelay_l_ms=1.06535 qdelay_c_ms=55.4977 ecn_mark=1188 drop=0
[QUEUE_STATS] t_ms=10832 q_pkts=20 q_bytes=30080 qdelay_l_ms=1.07729 qdelay_c_ms=54.5455 ecn_mark=1189 drop=0
[QUEUE_STATS] t_ms=10848 q_pkts=20 q_bytes=30080 qdelay_l_ms=1.06496 qdelay_c_ms=55.767 ecn_mark=1191 drop=0
[QUEUE_STATS] t_ms=10864 q_pkts=20 q_bytes=30080 qdelay_l_ms=0 qdelay_c_ms=60.1028 ecn_mark=1191 drop=0
[QUEUE_STATS] t_ms=10880 q_pkts=17 q_bytes=25568 qdelay_l_ms=0.012954 qdelay_c_ms=55.0666 ecn_mark=1191 drop=0
[QUEUE_STATS] t_ms=10896 q_pkts=20 q_bytes=30080 qdelay_l_ms=1.07171 qdelay_c_ms=57.2588 ecn_mark=1193 drop=0
[QUEUE_STATS] t_ms=10912 q_pkts=18 q_bytes=27072 qdelay_l_ms=1.07119 qdelay_c_ms=60.1902 ecn_mark=1194 drop=0
[QUEUE_STATS] t_ms=10928 q_pkts=20 q_bytes=30080 qdelay_l_ms=1.014 qdelay_c_ms=55.9817 ecn_mark=1194 drop=0
[QUEUE_STATS] t_ms=10944 q_pkts=19 q_bytes=28576 qdelay_l_ms=0 qdelay_c_ms=61.7096 ecn_mark=1195 drop=0
[QUEUE_STATS] t_ms=10960 q_pkts=21 q_bytes=31584 qdelay_l_ms=2.13061 qdelay_c_ms=66.1388 ecn_mark=1195 drop=0
[QUEUE_STATS] t_ms=10976 q_pkts=20 q_bytes=30080 qdelay_l_ms=1.06697 qdelay_c_ms=61.8223 ecn_mark=1196 drop=0
[QUEUE_STATS] t_ms=10992 q_pkts=20 q_bytes=30080 qdelay_l_ms=0 qdelay_c_ms=70.7107 ecn_mark=1197 drop=0
[QUEUE_STATS] t_ms=11008 q_pkts=17 q_bytes=25568 qdelay_l_ms=0 qdelay_c_ms=65.8241 ecn_mark=1197 drop=0
[QUEUE_STATS] t_ms=11024 q_pkts=21 q_bytes=31584 qdelay_l_ms=0 qdelay_c_ms=66.8035 ecn_mark=1198 drop=0
[QUEUE_STATS] t_ms=11041 q_pkts=20 q_bytes=30080 qdelay_l_ms=2.1578 qdelay_c_ms=66.6348 ecn_mark=1201 drop=0
[QUEUE_STATS] t_ms=11056 q_pkts=22 q_bytes=33088 qdelay_l_ms=1.07196 qdelay_c_ms=67.4571 ecn_mark=1202 drop=0
[QUEUE_STATS] t_ms=11072 q_pkts=20 q_bytes=30080 qdelay_l_ms=0 qdelay_c_ms=75.0093 ecn_mark=1205 drop=0
[QUEUE_STATS] t_ms=11088 q_pkts=22 q_bytes=33088 qdelay_l_ms=2.16631 qdelay_c_ms=71.993 ecn_mark=1207 drop=0
[QUEUE_STATS] t_ms=11104 q_pkts=21 q_bytes=31584 qdelay_l_ms=1.0678 qdelay_c_ms=81.765 ecn_mark=1207 drop=0
[QUEUE_STATS] t_ms=11120 q_pkts=23 q_bytes=34592 qdelay_l_ms=2.1397 qdelay_c_ms=75.5894 ecn_mark=1210 drop=0
[QUEUE_STATS] t_ms=11136 q_pkts=22 q_bytes=33088 qdelay_l_ms=2.13468 qdelay_c_ms=87.439 ecn_mark=1210 drop=0
[QUEUE_STATS] t_ms=11152 q_pkts=21 q_bytes=31584 qdelay_l_ms=1.06765 qdelay_c_ms=81.8398 ecn_mark=1211 drop=0
[QUEUE_STATS] t_ms=11168 q_pkts=22 q_bytes=33088 qdelay_l_ms=0 qdelay_c_ms=87.9149 ecn_mark=1212 drop=0
[QUEUE_STATS] t_ms=11184 q_pkts=22 q_bytes=33088 qdelay_l_ms=2.13867 qdelay_c_ms=88.3702 ecn_mark=1215 drop=0
[QUEUE_STATS] t_ms=11200 q_pkts=20 q_bytes=30080 qdelay_l_ms=0 qdelay_c_ms=82.3238 ecn_mark=1215 drop=0
[QUEUE_STATS] t_ms=11216 q_pkts=23 q_bytes=34592 qdelay_l_ms=2.16404 qdelay_c_ms=85.1931 ecn_mark=1218 drop=0
[QUEUE_STATS] t_ms=11232 q_pkts=22 q_bytes=33088 qdelay_l_ms=1.06646 qdelay_c_ms=77.8772 ecn_mark=1218 drop=0
[QUEUE_STATS] t_ms=11248 q_pkts=22 q_bytes=33088 qdelay_l_ms=1.08283 qdelay_c_ms=84.475 ecn_mark=1219 drop=0
[QUEUE_STATS] t_ms=11264 q_pkts=24 q_bytes=36096 qdelay_l_ms=1.06694 qdelay_c_ms=85.6008 ecn_mark=1219 drop=0
[QUEUE_STATS] t_ms=11280 q_pkts=21 q_bytes=31584 qdelay_l_ms=1.06961 qdelay_c_ms=89.176 ecn_mark=1221 drop=0
[QUEUE_STATS] t_ms=11297 q_pkts=22 q_bytes=33088 qdelay_l_ms=0 qdelay_c_ms=86.798 ecn_mark=1223 drop=0
[QUEUE_STATS] t_ms=11312 q_pkts=23 q_bytes=34592 qdelay_l_ms=2.12618 qdelay_c_ms=87.4825 ecn_mark=1226 drop=0
[QUEUE_STATS] t_ms=11328 q_pkts=23 q_bytes=34592 qdelay_l_ms=1.06601 qdelay_c_ms=90.5127 ecn_mark=1226 drop=0
[QUEUE_STATS] t_ms=11344 q_pkts=21 q_bytes=31584 qdelay_l_ms=0 qdelay_c_ms=86.9796 ecn_mark=1226 drop=0
[QUEUE_STATS] t_ms=11360 q_pkts=24 q_bytes=36096 qdelay_l_ms=0.728771 qdelay_c_ms=97.7703 ecn_mark=1227 drop=0
[QUEUE_STATS] t_ms=11376 q_pkts=23 q_bytes=34592 qdelay_l_ms=1.06763 qdelay_c_ms=92.7967 ecn_mark=1228 drop=0
[QUEUE_STATS] t_ms=11392 q_pkts=23 q_bytes=34592 qdelay_l_ms=2.12505 qdelay_c_ms=94.6875 ecn_mark=1228 drop=0
[QUEUE_STATS] t_ms=11408 q_pkts=24 q_bytes=36096 qdelay_l_ms=1.06511 qdelay_c_ms=103.999 ecn_mark=1230 drop=0
[QUEUE_STATS] t_ms=11424 q_pkts=23 q_bytes=34592 qdelay_l_ms=3.24021 qdelay_c_ms=104.025 ecn_mark=1232 drop=0
[QUEUE_STATS] t_ms=11440 q_pkts=24 q_bytes=36096 qdelay_l_ms=3.19796 qdelay_c_ms=108.143 ecn_mark=1242 drop=0
[QUEUE_STATS] t_ms=11456 q_pkts=22 q_bytes=33088 qdelay_l_ms=0 qdelay_c_ms=104.591 ecn_mark=1243 drop=0
[QUEUE_STATS] t_ms=11472 q_pkts=23 q_bytes=34592 qdelay_l_ms=2.34587 qdelay_c_ms=105.164 ecn_mark=1244 drop=0
[QUEUE_STATS] t_ms=11488 q_pkts=24 q_bytes=36096 qdelay_l_ms=0 qdelay_c_ms=109.794 ecn_mark=1246 drop=0
[QUEUE_STATS] t_ms=11504 q_pkts=23 q_bytes=34592 qdelay_l_ms=1.0617 qdelay_c_ms=100.347 ecn_mark=1247 drop=0
[QUEUE_STATS] t_ms=11520 q_pkts=24 q_bytes=36096 qdelay_l_ms=0 qdelay_c_ms=108.36 ecn_mark=1248 drop=0
[QUEUE_STATS] t_ms=11536 q_pkts=23 q_bytes=34592 qdelay_l_ms=1.07256 qdelay_c_ms=102.361 ecn_mark=1250 drop=0
[QUEUE_STATS] t_ms=11552 q_pkts=24 q_bytes=36096 qdelay_l_ms=0 qdelay_c_ms=109.364 ecn_mark=1250 drop=0
[QUEUE_STATS] t_ms=11568 q_pkts=21 q_bytes=31584 qdelay_l_ms=1.08548 qdelay_c_ms=100.065 ecn_mark=1254 drop=0
[QUEUE_STATS] t_ms=11584 q_pkts=23 q_bytes=34592 qdelay_l_ms=1.06618 qdelay_c_ms=98.0534 ecn_mark=1255 drop=0
[QUEUE_STATS] t_ms=11600 q_pkts=23 q_bytes=34592 qdelay_l_ms=2.14636 qdelay_c_ms=90.3158 ecn_mark=1257 drop=0
[QUEUE_STATS] t_ms=11616 q_pkts=23 q_bytes=34592 qdelay_l_ms=1.08379 qdelay_c_ms=96.7492 ecn_mark=1258 drop=0
[QUEUE_STATS] t_ms=11632 q_pkts=24 q_bytes=36096 qdelay_l_ms=2.0876 qdelay_c_ms=89.4302 ecn_mark=1260 drop=0
[QUEUE_STATS] t_ms=11648 q_pkts=24 q_bytes=36096 qdelay_l_ms=1.0832 qdelay_c_ms=89.8009 ecn_mark=1261 drop=0
[QUEUE_STATS] t_ms=11664 q_pkts=23 q_bytes=34592 qdelay_l_ms=1.07593 qdelay_c_ms=88.0647 ecn_mark=1261 drop=0
[QUEUE_STATS] t_ms=11680 q_pkts=25 q_bytes=37600 qdelay_l_ms=1.06862 qdelay_c_ms=81.6419 ecn_mark=1261 drop=0
[QUEUE_STATS] t_ms=11696 q_pkts=24 q_bytes=36096 qdelay_l_ms=2.12908 qdelay_c_ms=92.2372 ecn_mark=1262 drop=0
[QUEUE_STATS] t_ms=11713 q_pkts=24 q_bytes=36096 qdelay_l_ms=2.15667 qdelay_c_ms=104.968 ecn_mark=1263 drop=0
[QUEUE_STATS] t_ms=11728 q_pkts=24 q_bytes=36096 qdelay_l_ms=1.06534 qdelay_c_ms=101.389 ecn_mark=1266 drop=0
[QUEUE_STATS] t_ms=11744 q_pkts=25 q_bytes=37600 qdelay_l_ms=1.06235 qdelay_c_ms=107.115 ecn_mark=1270 drop=0
[QUEUE_STATS] t_ms=11760 q_pkts=25 q_bytes=37600 qdelay_l_ms=2.21434 qdelay_c_ms=105.156 ecn_mark=1270 drop=0
[QUEUE_STATS] t_ms=11776 q_pkts=24 q_bytes=36096 qdelay_l_ms=1.06823 qdelay_c_ms=120.987 ecn_mark=1271 drop=0
[QUEUE_STATS] t_ms=11792 q_pkts=25 q_bytes=37600 qdelay_l_ms=1.06688 qdelay_c_ms=115.946 ecn_mark=1272 drop=0
[QUEUE_STATS] t_ms=11808 q_pkts=25 q_bytes=37600 qdelay_l_ms=0 qdelay_c_ms=129.065 ecn_mark=1274 drop=0
[QUEUE_STATS] t_ms=11824 q_pkts=24 q_bytes=36096 qdelay_l_ms=1.18929 qdelay_c_ms=115.32 ecn_mark=1275 drop=0
[QUEUE_STATS] t_ms=11840 q_pkts=25 q_bytes=37600 qdelay_l_ms=1.06953 qdelay_c_ms=124.371 ecn_mark=1275 drop=0
[QUEUE_STATS] t_ms=11856 q_pkts=25 q_bytes=37600 qdelay_l_ms=1.06625 qdelay_c_ms=123.904 ecn_mark=1278 drop=0
[QUEUE_STATS] t_ms=11872 q_pkts=26 q_bytes=39104 qdelay_l_ms=0 qdelay_c_ms=127.915 ecn_mark=1281 drop=0
[QUEUE_STATS] t_ms=11888 q_pkts=26 q_bytes=39104 qdelay_l_ms=1.06224 qdelay_c_ms=133.521 ecn_mark=1281 drop=0
[QUEUE_STATS] t_ms=11904 q_pkts=27 q_bytes=40608 qdelay_l_ms=1.06194 qdelay_c_ms=128.862 ecn_mark=1282 drop=0
[QUEUE_STATS] t_ms=11920 q_pkts=27 q_bytes=40608 qdelay_l_ms=2.12503 qdelay_c_ms=141.226 ecn_mark=1284 drop=0
[QUEUE_STATS] t_ms=11937 q_pkts=26 q_bytes=39104 qdelay_l_ms=1.8419 qdelay_c_ms=133.159 ecn_mark=1288 drop=0
[QUEUE_STATS] t_ms=11952 q_pkts=27 q_bytes=40608 qdelay_l_ms=1.06329 qdelay_c_ms=146.595 ecn_mark=1289 drop=0
[QUEUE_STATS] t_ms=11968 q_pkts=26 q_bytes=39104 qdelay_l_ms=1.06275 qdelay_c_ms=145.472 ecn_mark=1290 drop=0
[QUEUE_STATS] t_ms=11984 q_pkts=27 q_bytes=40608 qdelay_l_ms=1.08755 qdelay_c_ms=144.003 ecn_mark=1291 drop=0
[QUEUE_STATS] t_ms=12000 q_pkts=27 q_bytes=40608 qdelay_l_ms=1.06445 qdelay_c_ms=154.721 ecn_mark=1292 drop=0
[QUEUE_STATS] t_ms=12016 q_pkts=25 q_bytes=37600 qdelay_l_ms=1.06108 qdelay_c_ms=160.023 ecn_mark=1293 drop=0
[QUEUE_STATS] t_ms=12032 q_pkts=26 q_bytes=39104 qdelay_l_ms=1.06424 qdelay_c_ms=154.46 ecn_mark=1293 drop=0
[QUEUE_STATS] t_ms=12048 q_pkts=27 q_bytes=40608 qdelay_l_ms=1.05944 qdelay_c_ms=153.115 ecn_mark=1296 drop=0
[QUEUE_STATS] t_ms=12064 q_pkts=27 q_bytes=40608 qdelay_l_ms=2.08906 qdelay_c_ms=153.863 ecn_mark=1298 drop=0
[QUEUE_STATS] t_ms=12080 q_pkts=25 q_bytes=37600 qdelay_l_ms=0 qdelay_c_ms=159.297 ecn_mark=1299 drop=0
[QUEUE_STATS] t_ms=12096 q_pkts=28 q_bytes=42112 qdelay_l_ms=3.20667 qdelay_c_ms=150.026 ecn_mark=1301 drop=0
[QUEUE_STATS] t_ms=12112 q_pkts=27 q_bytes=40608 qdelay_l_ms=1.96288 qdelay_c_ms=157.97 ecn_mark=1305 drop=0
[QUEUE_STATS] t_ms=12128 q_pkts=27 q_bytes=40608 qdelay_l_ms=2.42404 qdelay_c_ms=148.175 ecn_mark=1306 drop=0
[QUEUE_STATS] t_ms=12144 q_pkts=28 q_bytes=42112 qdelay_l_ms=1.05881 qdelay_c_ms=159.141 ecn_mark=1307 drop=0
[QUEUE_STATS] t_ms=12160 q_pkts=28 q_bytes=42112 qdelay_l_ms=2.14229 qdelay_c_ms=143.736 ecn_mark=1309 drop=0
[QUEUE_STATS] t_ms=12176 q_pkts=28 q_bytes=42112 qdelay_l_ms=1.64734 qdelay_c_ms=160.327 ecn_mark=1314 drop=0
[QUEUE_STATS] t_ms=12192 q_pkts=27 q_bytes=40608 qdelay_l_ms=1.0667 qdelay_c_ms=148.057 ecn_mark=1316 drop=0
[QUEUE_STATS] t_ms=12209 q_pkts=27 q_bytes=40608 qdelay_l_ms=1.07385 qdelay_c_ms=162.764 ecn_mark=1318 drop=0
[QUEUE_STATS] t_ms=12224 q_pkts=28 q_bytes=40660 qdelay_l_ms=1.06228 qdelay_c_ms=155.432 ecn_mark=1320 drop=0
[QUEUE_STATS] t_ms=12240 q_pkts=27 q_bytes=39156 qdelay_l_ms=0 qdelay_c_ms=158.081 ecn_mark=1322 drop=0
[QUEUE_STATS] t_ms=12256 q_pkts=30 q_bytes=43668 qdelay_l_ms=2.10747 qdelay_c_ms=160.984 ecn_mark=1324 drop=0
[QUEUE_STATS] t_ms=12272 q_pkts=28 q_bytes=40660 qdelay_l_ms=2.10674 qdelay_c_ms=162.081 ecn_mark=1325 drop=0
[QUEUE_STATS] t_ms=12288 q_pkts=29 q_bytes=42164 qdelay_l_ms=3.21009 qdelay_c_ms=162.892 ecn_mark=1334 drop=0
[QUEUE_STATS] t_ms=12304 q_pkts=28 q_bytes=40660 qdelay_l_ms=1.06668 qdelay_c_ms=171.282 ecn_mark=1337 drop=0
[QUEUE_STATS] t_ms=12320 q_pkts=27 q_bytes=39156 qdelay_l_ms=1.06129 qdelay_c_ms=178.428 ecn_mark=1343 drop=0
[QUEUE_STATS] t_ms=12336 q_pkts=25 q_bytes=36148 qdelay_l_ms=1.07089 qdelay_c_ms=164.806 ecn_mark=1345 drop=0
[QUEUE_STATS] t_ms=12352 q_pkts=24 q_bytes=34644 qdelay_l_ms=1.06944 qdelay_c_ms=166.073 ecn_mark=1346 drop=0
[QUEUE_STATS] t_ms=12368 q_pkts=22 q_bytes=31636 qdelay_l_ms=1.063 qdelay_c_ms=159.439 ecn_mark=1348 drop=0
[QUEUE_STATS] t_ms=12384 q_pkts=22 q_bytes=33088 qdelay_l_ms=2.12683 qdelay_c_ms=154.008 ecn_mark=1351 drop=0
[QUEUE_STATS] t_ms=12400 q_pkts=19 q_bytes=28576 qdelay_l_ms=0.880597 qdelay_c_ms=152.255 ecn_mark=1354 drop=0
[QUEUE_STATS] t_ms=12416 q_pkts=17 q_bytes=25568 qdelay_l_ms=2.41767 qdelay_c_ms=132.293 ecn_mark=1354 drop=0
[QUEUE_STATS] t_ms=12432 q_pkts=16 q_bytes=24064 qdelay_l_ms=1.06718 qdelay_c_ms=137.022 ecn_mark=1356 drop=0
[QUEUE_STATS] t_ms=12448 q_pkts=17 q_bytes=25568 qdelay_l_ms=1.0665 qdelay_c_ms=91.8185 ecn_mark=1358 drop=0
[QUEUE_STATS] t_ms=12464 q_pkts=18 q_bytes=27072 qdelay_l_ms=0 qdelay_c_ms=95.3148 ecn_mark=1359 drop=0
[QUEUE_STATS] t_ms=12480 q_pkts=16 q_bytes=24064 qdelay_l_ms=0 qdelay_c_ms=88.5841 ecn_mark=1361 drop=0
[QUEUE_STATS] t_ms=12496 q_pkts=17 q_bytes=25568 qdelay_l_ms=2.12807 qdelay_c_ms=63.4783 ecn_mark=1363 drop=0
[QUEUE_STATS] t_ms=12512 q_pkts=16 q_bytes=24064 qdelay_l_ms=1.27738 qdelay_c_ms=68.0718 ecn_mark=1364 drop=0
[QUEUE_STATS] t_ms=12528 q_pkts=17 q_bytes=25568 qdelay_l_ms=1.07132 qdelay_c_ms=66.5673 ecn_mark=1365 drop=0
[QUEUE_STATS] t_ms=12544 q_pkts=19 q_bytes=28576 qdelay_l_ms=1.07672 qdelay_c_ms=71.5692 ecn_mark=1368 drop=0
[QUEUE_STATS] t_ms=12560 q_pkts=18 q_bytes=27072 qdelay_l_ms=3.19027 qdelay_c_ms=55.5186 ecn_mark=1373 drop=0
[QUEUE_STATS] t_ms=12576 q_pkts=15 q_bytes=22560 qdelay_l_ms=0 qdelay_c_ms=57.8187 ecn_mark=1376 drop=0
[QUEUE_STATS] t_ms=12592 q_pkts=14 q_bytes=21056 qdelay_l_ms=0.929709 qdelay_c_ms=55.7268 ecn_mark=1377 drop=0
[QUEUE_STATS] t_ms=12608 q_pkts=13 q_bytes=19552 qdelay_l_ms=1.07818 qdelay_c_ms=54.0087 ecn_mark=1379 drop=0
[QUEUE_STATS] t_ms=12624 q_pkts=12 q_bytes=18048 qdelay_l_ms=1.0597 qdelay_c_ms=46.4153 ecn_mark=1380 drop=0
[QUEUE_STATS] t_ms=12640 q_pkts=9 q_bytes=13536 qdelay_l_ms=1.05921 qdelay_c_ms=38.6759 ecn_mark=1382 drop=0
[QUEUE_STATS] t_ms=12656 q_pkts=10 q_bytes=15040 qdelay_l_ms=1.05819 qdelay_c_ms=34.9918 ecn_mark=1383 drop=0
[QUEUE_STATS] t_ms=12672 q_pkts=10 q_bytes=15040 qdelay_l_ms=1.06416 qdelay_c_ms=29.3855 ecn_mark=1385 drop=0
[QUEUE_STATS] t_ms=12688 q_pkts=9 q_bytes=13536 qdelay_l_ms=2.0975 qdelay_c_ms=24.0424 ecn_mark=1385 drop=0
[QUEUE_STATS] t_ms=12704 q_pkts=10 q_bytes=15040 qdelay_l_ms=1.05853 qdelay_c_ms=27.6227 ecn_mark=1386 drop=0
[QUEUE_STATS] t_ms=12720 q_pkts=11 q_bytes=16544 qdelay_l_ms=1.06268 qdelay_c_ms=25.7516 ecn_mark=1387 drop=0
[QUEUE_STATS] t_ms=12736 q_pkts=10 q_bytes=15040 qdelay_l_ms=1.07558 qdelay_c_ms=31.0533 ecn_mark=1389 drop=0
[QUEUE_STATS] t_ms=12752 q_pkts=11 q_bytes=16544 qdelay_l_ms=1.06428 qdelay_c_ms=31.1181 ecn_mark=1390 drop=0
[QUEUE_STATS] t_ms=12768 q_pkts=11 q_bytes=16544 qdelay_l_ms=2.28648 qdelay_c_ms=26.3288 ecn_mark=1390 drop=0
[QUEUE_STATS] t_ms=12784 q_pkts=12 q_bytes=18048 qdelay_l_ms=0 qdelay_c_ms=34.4809 ecn_mark=1392 drop=0
[QUEUE_STATS] t_ms=12800 q_pkts=12 q_bytes=18048 qdelay_l_ms=2.13743 qdelay_c_ms=33.7682 ecn_mark=1393 drop=0
[QUEUE_STATS] t_ms=12816 q_pkts=11 q_bytes=16544 qdelay_l_ms=2.33759 qdelay_c_ms=33.705 ecn_mark=1394 drop=0
[QUEUE_STATS] t_ms=12832 q_pkts=12 q_bytes=18048 qdelay_l_ms=1.06723 qdelay_c_ms=37.0814 ecn_mark=1395 drop=0
[QUEUE_STATS] t_ms=12848 q_pkts=11 q_bytes=16544 qdelay_l_ms=0 qdelay_c_ms=39.7646 ecn_mark=1398 drop=0
[QUEUE_STATS] t_ms=12864 q_pkts=13 q_bytes=19552 qdelay_l_ms=2.28355 qdelay_c_ms=33.7788 ecn_mark=1398 drop=0
[QUEUE_STATS] t_ms=12880 q_pkts=13 q_bytes=19552 qdelay_l_ms=1.06242 qdelay_c_ms=47.5707 ecn_mark=1400 drop=0
[QUEUE_STATS] t_ms=12897 q_pkts=13 q_bytes=19552 qdelay_l_ms=2.11952 qdelay_c_ms=39.0067 ecn_mark=1401 drop=0
[QUEUE_STATS] t_ms=12912 q_pkts=13 q_bytes=19552 qdelay_l_ms=1.07078 qdelay_c_ms=53.2463 ecn_mark=1403 drop=0
[QUEUE_STATS] t_ms=12928 q_pkts=12 q_bytes=18048 qdelay_l_ms=1.06311 qdelay_c_ms=35.6801 ecn_mark=1403 drop=0
[QUEUE_STATS] t_ms=12945 q_pkts=12 q_bytes=18048 qdelay_l_ms=1.07326 qdelay_c_ms=39.2331 ecn_mark=1404 drop=0
[QUEUE_STATS] t_ms=12960 q_pkts=10 q_bytes=15040 qdelay_l_ms=2.12556 qdelay_c_ms=41.5103 ecn_mark=1404 drop=0
[QUEUE_STATS] t_ms=12976 q_pkts=13 q_bytes=19552 qdelay_l_ms=1.06597 qdelay_c_ms=39.9612 ecn_mark=1404 drop=0
[QUEUE_STATS] t_ms=12993 q_pkts=13 q_bytes=19552 qdelay_l_ms=2.14139 qdelay_c_ms=42.3153 ecn_mark=1406 drop=0
[QUEUE_STATS] t_ms=13008 q_pkts=14 q_bytes=21056 qdelay_l_ms=2.11929 qdelay_c_ms=41.8569 ecn_mark=1407 drop=0
[QUEUE_STATS] t_ms=13024 q_pkts=14 q_bytes=21056 qdelay_l_ms=1.06634 qdelay_c_ms=50.3391 ecn_mark=1407 drop=0
[QUEUE_STATS] t_ms=13040 q_pkts=14 q_bytes=21056 qdelay_l_ms=2.13518 qdelay_c_ms=38.8724 ecn_mark=1407 drop=0
[QUEUE_STATS] t_ms=13056 q_pkts=14 q_bytes=21056 qdelay_l_ms=1.07168 qdelay_c_ms=54.5294 ecn_mark=1410 drop=0
[QUEUE_STATS] t_ms=13073 q_pkts=13 q_bytes=19552 qdelay_l_ms=0 qdelay_c_ms=58.4644 ecn_mark=1411 drop=0
[QUEUE_STATS] t_ms=13088 q_pkts=14 q_bytes=21056 qdelay_l_ms=2.13198 qdelay_c_ms=51.3419 ecn_mark=1412 drop=0
[QUEUE_STATS] t_ms=13104 q_pkts=14 q_bytes=21056 qdelay_l_ms=1.07072 qdelay_c_ms=55.1075 ecn_mark=1415 drop=0
[QUEUE_STATS] t_ms=13120 q_pkts=13 q_bytes=19552 qdelay_l_ms=1.0708 qdelay_c_ms=61.6892 ecn_mark=1415 drop=0
[QUEUE_STATS] t_ms=13136 q_pkts=15 q_bytes=22560 qdelay_l_ms=1.28721 qdelay_c_ms=52.1359 ecn_mark=1415 drop=0
[QUEUE_STATS] t_ms=13153 q_pkts=15 q_bytes=22560 qdelay_l_ms=1.08142 qdelay_c_ms=56.4233 ecn_mark=1417 drop=0
[QUEUE_STATS] t_ms=13168 q_pkts=16 q_bytes=24064 qdelay_l_ms=3.07257 qdelay_c_ms=59.9171 ecn_mark=1420 drop=0
[QUEUE_STATS] t_ms=13184 q_pkts=17 q_bytes=25568 qdelay_l_ms=2.01041 qdelay_c_ms=59.7147 ecn_mark=1423 drop=0
[QUEUE_STATS] t_ms=13200 q_pkts=17 q_bytes=25568 qdelay_l_ms=2.17243 qdelay_c_ms=69.2794 ecn_mark=1427 drop=0
[QUEUE_STATS] t_ms=13216 q_pkts=17 q_bytes=25568 qdelay_l_ms=1.8972 qdelay_c_ms=69.3686 ecn_mark=1430 drop=0
[QUEUE_STATS] t_ms=13232 q_pkts=16 q_bytes=24064 qdelay_l_ms=1.0183 qdelay_c_ms=74.6787 ecn_mark=1430 drop=0
[QUEUE_STATS] t_ms=13248 q_pkts=16 q_bytes=24064 qdelay_l_ms=0.991576 qdelay_c_ms=82.1736 ecn_mark=1433 drop=0
[QUEUE_STATS] t_ms=13264 q_pkts=15 q_bytes=22560 qdelay_l_ms=1.06626 qdelay_c_ms=81.1014 ecn_mark=1434 drop=0
[QUEUE_STATS] t_ms=13280 q_pkts=16 q_bytes=24064 qdelay_l_ms=2.12593 qdelay_c_ms=80.8295 ecn_mark=1435 drop=0
[QUEUE_STATS] t_ms=13296 q_pkts=16 q_bytes=24064 qdelay_l_ms=1.06813 qdelay_c_ms=85.0899 ecn_mark=1436 drop=0
[QUEUE_STATS] t_ms=13312 q_pkts=16 q_bytes=24064 qdelay_l_ms=2.11101 qdelay_c_ms=76.4774 ecn_mark=1438 drop=0
[QUEUE_STATS] t_ms=13328 q_pkts=17 q_bytes=25568 qdelay_l_ms=1.07634 qdelay_c_ms=77.8563 ecn_mark=1440 drop=0
[QUEUE_STATS] t_ms=13344 q_pkts=17 q_bytes=25568 qdelay_l_ms=1.94634 qdelay_c_ms=67.9612 ecn_mark=1443 drop=0
[QUEUE_STATS] t_ms=13360 q_pkts=17 q_bytes=25568 qdelay_l_ms=1.06543 qdelay_c_ms=76.7754 ecn_mark=1445 drop=0
[QUEUE_STATS] t_ms=13376 q_pkts=16 q_bytes=24064 qdelay_l_ms=1.06235 qdelay_c_ms=78.0976 ecn_mark=1446 drop=0
[QUEUE_STATS] t_ms=13392 q_pkts=18 q_bytes=27072 qdelay_l_ms=1.70008 qdelay_c_ms=73.2684 ecn_mark=1446 drop=0
[QUEUE_STATS] t_ms=13408 q_pkts=18 q_bytes=27072 qdelay_l_ms=1.07544 qdelay_c_ms=88.0661 ecn_mark=1447 drop=0
[QUEUE_STATS] t_ms=13424 q_pkts=18 q_bytes=27072 qdelay_l_ms=2.13761 qdelay_c_ms=92.927 ecn_mark=1447 drop=0
[QUEUE_STATS] t_ms=13440 q_pkts=16 q_bytes=24064 qdelay_l_ms=1.03556 qdelay_c_ms=87.9597 ecn_mark=1449 drop=0
[QUEUE_STATS] t_ms=13456 q_pkts=18 q_bytes=27072 qdelay_l_ms=3.23173 qdelay_c_ms=79.491 ecn_mark=1454 drop=0
[QUEUE_STATS] t_ms=13472 q_pkts=18 q_bytes=27072 qdelay_l_ms=3.20732 qdelay_c_ms=94.5545 ecn_mark=1468 drop=0
[QUEUE_STATS] t_ms=13488 q_pkts=17 q_bytes=25568 qdelay_l_ms=1.06594 qdelay_c_ms=90.0543 ecn_mark=1470 drop=0
[QUEUE_STATS] t_ms=13504 q_pkts=17 q_bytes=25568 qdelay_l_ms=1.0625 qdelay_c_ms=95.6228 ecn_mark=1471 drop=0
[QUEUE_STATS] t_ms=13520 q_pkts=17 q_bytes=25568 qdelay_l_ms=2.06984 qdelay_c_ms=78.3309 ecn_mark=1474 drop=0
[QUEUE_STATS] t_ms=13536 q_pkts=17 q_bytes=25568 qdelay_l_ms=1.05629 qdelay_c_ms=73.7077 ecn_mark=1474 drop=0
[QUEUE_STATS] t_ms=13552 q_pkts=15 q_bytes=22560 qdelay_l_ms=1.06813 qdelay_c_ms=76.4072 ecn_mark=1477 drop=0
[QUEUE_STATS] t_ms=13568 q_pkts=15 q_bytes=22560 qdelay_l_ms=2.12931 qdelay_c_ms=60.5748 ecn_mark=1478 drop=0
[QUEUE_STATS] t_ms=13584 q_pkts=13 q_bytes=19552 qdelay_l_ms=1.06411 qdelay_c_ms=65.9728 ecn_mark=1479 drop=0
[QUEUE_STATS] t_ms=13600 q_pkts=11 q_bytes=16544 qdelay_l_ms=0 qdelay_c_ms=61.1275 ecn_mark=1483 drop=0
[QUEUE_STATS] t_ms=13616 q_pkts=9 q_bytes=13536 qdelay_l_ms=3.24121 qdelay_c_ms=51.1454 ecn_mark=1484 drop=0
[QUEUE_STATS] t_ms=13632 q_pkts=7 q_bytes=10528 qdelay_l_ms=0 qdelay_c_ms=32.7764 ecn_mark=1484 drop=0
[QUEUE_STATS] t_ms=13648 q_pkts=9 q_bytes=13536 qdelay_l_ms=1.06874 qdelay_c_ms=24.4636 ecn_mark=1486 drop=0
[QUEUE_STATS] t_ms=13664 q_pkts=10 q_bytes=15040 qdelay_l_ms=1.0829 qdelay_c_ms=20.6027 ecn_mark=1487 drop=0
[QUEUE_STATS] t_ms=13680 q_pkts=9 q_bytes=13536 qdelay_l_ms=2.13995 qdelay_c_ms=22.7625 ecn_mark=1491 drop=0
[QUEUE_STATS] t_ms=13696 q_pkts=11 q_bytes=16544 qdelay_l_ms=1.08388 qdelay_c_ms=33.8793 ecn_mark=1493 drop=0
[QUEUE_STATS] t_ms=13712 q_pkts=10 q_bytes=15040 qdelay_l_ms=1.06641 qdelay_c_ms=31.1927 ecn_mark=1496 drop=0
[QUEUE_STATS] t_ms=13729 q_pkts=10 q_bytes=15040 qdelay_l_ms=2.13745 qdelay_c_ms=31.0408 ecn_mark=1496 drop=0
[QUEUE_STATS] t_ms=13744 q_pkts=10 q_bytes=15040 qdelay_l_ms=2.13184 qdelay_c_ms=31.9785 ecn_mark=1497 drop=0
[QUEUE_STATS] t_ms=13760 q_pkts=10 q_bytes=15040 qdelay_l_ms=0 qdelay_c_ms=35.9459 ecn_mark=1499 drop=0
[QUEUE_STATS] t_ms=13776 q_pkts=11 q_bytes=16544 qdelay_l_ms=1.06725 qdelay_c_ms=29.6566 ecn_mark=1502 drop=0
[QUEUE_STATS] t_ms=13792 q_pkts=8 q_bytes=12032 qdelay_l_ms=0 qdelay_c_ms=31.5474 ecn_mark=1503 drop=0
[QUEUE_STATS] t_ms=13808 q_pkts=10 q_bytes=15040 qdelay_l_ms=1.07959 qdelay_c_ms=29.3857 ecn_mark=1504 drop=0
[QUEUE_STATS] t_ms=13824 q_pkts=10 q_bytes=15040 qdelay_l_ms=0 qdelay_c_ms=27.2583 ecn_mark=1506 drop=0
[QUEUE_STATS] t_ms=13841 q_pkts=9 q_bytes=13536 qdelay_l_ms=1.06497 qdelay_c_ms=30.8765 ecn_mark=1508 drop=0
[QUEUE_STATS] t_ms=13856 q_pkts=10 q_bytes=15040 qdelay_l_ms=2.14347 qdelay_c_ms=22.7986 ecn_mark=1509 drop=0
[QUEUE_STATS] t_ms=13872 q_pkts=10 q_bytes=15040 qdelay_l_ms=1.09053 qdelay_c_ms=27.5488 ecn_mark=1510 drop=0
[QUEUE_STATS] t_ms=13888 q_pkts=11 q_bytes=16544 qdelay_l_ms=0.640485 qdelay_c_ms=30.7198 ecn_mark=1512 drop=0
[QUEUE_STATS] t_ms=13904 q_pkts=11 q_bytes=16544 qdelay_l_ms=1.08757 qdelay_c_ms=28.7779 ecn_mark=1514 drop=0
[QUEUE_STATS] t_ms=13920 q_pkts=11 q_bytes=16544 qdelay_l_ms=2.13135 qdelay_c_ms=30.8958 ecn_mark=1518 drop=0
[QUEUE_STATS] t_ms=13936 q_pkts=10 q_bytes=15040 qdelay_l_ms=1.08676 qdelay_c_ms=25.1649 ecn_mark=1520 drop=0
[QUEUE_STATS] t_ms=13952 q_pkts=11 q_bytes=16544 qdelay_l_ms=1.06792 qdelay_c_ms=24.146 ecn_mark=1522 drop=0
[QUEUE_STATS] t_ms=13968 q_pkts=10 q_bytes=15040 qdelay_l_ms=1.0838 qdelay_c_ms=26.9503 ecn_mark=1524 drop=0
[QUEUE_STATS] t_ms=13984 q_pkts=11 q_bytes=16544 qdelay_l_ms=1.07169 qdelay_c_ms=31.4732 ecn_mark=1528 drop=0
[QUEUE_STATS] t_ms=14000 q_pkts=8 q_bytes=12032 qdelay_l_ms=0 qdelay_c_ms=23.4084 ecn_mark=1531 drop=0
[QUEUE_STATS] t_ms=14016 q_pkts=8 q_bytes=12032 qdelay_l_ms=1.06366 qdelay_c_ms=21.9596 ecn_mark=1531 drop=0
[QUEUE_STATS] t_ms=14032 q_pkts=9 q_bytes=13536 qdelay_l_ms=1.07321 qdelay_c_ms=22.8255 ecn_mark=1531 drop=0
[QUEUE_STATS] t_ms=14048 q_pkts=10 q_bytes=15040 qdelay_l_ms=0 qdelay_c_ms=23.5095 ecn_mark=1531 drop=0
[QUEUE_STATS] t_ms=14065 q_pkts=9 q_bytes=13536 qdelay_l_ms=2.15702 qdelay_c_ms=19.8673 ecn_mark=1533 drop=0
[QUEUE_STATS] t_ms=14080 q_pkts=11 q_bytes=16544 qdelay_l_ms=0 qdelay_c_ms=25.6004 ecn_mark=1533 drop=0
[QUEUE_STATS] t_ms=14096 q_pkts=10 q_bytes=15040 qdelay_l_ms=1.06976 qdelay_c_ms=25.596 ecn_mark=1534 drop=0
[QUEUE_STATS] t_ms=14112 q_pkts=12 q_bytes=18048 qdelay_l_ms=1.07577 qdelay_c_ms=30.6383 ecn_mark=1535 drop=0
[QUEUE_STATS] t_ms=14128 q_pkts=10 q_bytes=15040 qdelay_l_ms=1.07071 qdelay_c_ms=23.4975 ecn_mark=1536 drop=0
[QUEUE_STATS] t_ms=14144 q_pkts=11 q_bytes=16544 qdelay_l_ms=2.13536 qdelay_c_ms=26.8754 ecn_mark=1536 drop=0
[QUEUE_STATS] t_ms=14160 q_pkts=11 q_bytes=16544 qdelay_l_ms=1.07093 qdelay_c_ms=27.3315 ecn_mark=1538 drop=0
[QUEUE_STATS] t_ms=14176 q_pkts=11 q_bytes=16544 qdelay_l_ms=0 qdelay_c_ms=29.3214 ecn_mark=1539 drop=0
[QUEUE_STATS] t_ms=14192 q_pkts=10 q_bytes=15040 qdelay_l_ms=0 qdelay_c_ms=29.7557 ecn_mark=1539 drop=0
[QUEUE_STATS] t_ms=14208 q_pkts=13 q_bytes=19552 qdelay_l_ms=0 qdelay_c_ms=33.6014 ecn_mark=1540 drop=0
[QUEUE_STATS] t_ms=14224 q_pkts=13 q_bytes=19552 qdelay_l_ms=1.06537 qdelay_c_ms=32.1511 ecn_mark=1542 drop=0
[QUEUE_STATS] t_ms=14240 q_pkts=13 q_bytes=19552 qdelay_l_ms=0 qdelay_c_ms=33.8199 ecn_mark=1544 drop=0
[QUEUE_STATS] t_ms=14256 q_pkts=13 q_bytes=19552 qdelay_l_ms=0 qdelay_c_ms=35.9583 ecn_mark=1547 drop=0
[QUEUE_STATS] t_ms=14272 q_pkts=13 q_bytes=19552 qdelay_l_ms=1.08077 qdelay_c_ms=39.708 ecn_mark=1547 drop=0
[QUEUE_STATS] t_ms=14288 q_pkts=14 q_bytes=21056 qdelay_l_ms=0 qdelay_c_ms=37.0647 ecn_mark=1548 drop=0
[QUEUE_STATS] t_ms=14304 q_pkts=13 q_bytes=19552 qdelay_l_ms=1.07154 qdelay_c_ms=41.6842 ecn_mark=1549 drop=0
[QUEUE_STATS] t_ms=14320 q_pkts=14 q_bytes=21056 qdelay_l_ms=1.8927 qdelay_c_ms=33.117 ecn_mark=1551 drop=0
[QUEUE_STATS] t_ms=14336 q_pkts=14 q_bytes=21056 qdelay_l_ms=0 qdelay_c_ms=41.1404 ecn_mark=1552 drop=0
[QUEUE_STATS] t_ms=14352 q_pkts=14 q_bytes=21056 qdelay_l_ms=1.0608 qdelay_c_ms=40.4044 ecn_mark=1553 drop=0
[QUEUE_STATS] t_ms=14368 q_pkts=15 q_bytes=22560 qdelay_l_ms=1.06757 qdelay_c_ms=38.1045 ecn_mark=1555 drop=0
[QUEUE_STATS] t_ms=14384 q_pkts=15 q_bytes=22560 qdelay_l_ms=1.08666 qdelay_c_ms=45.7465 ecn_mark=1556 drop=0
[QUEUE_STATS] t_ms=14400 q_pkts=14 q_bytes=21056 qdelay_l_ms=2.08371 qdelay_c_ms=39.3829 ecn_mark=1557 drop=0
[QUEUE_STATS] t_ms=14416 q_pkts=14 q_bytes=21056 qdelay_l_ms=0 qdelay_c_ms=40.4709 ecn_mark=1558 drop=0
[QUEUE_STATS] t_ms=14432 q_pkts=14 q_bytes=21056 qdelay_l_ms=1.07655 qdelay_c_ms=41.5831 ecn_mark=1558 drop=0
[QUEUE_STATS] t_ms=14448 q_pkts=15 q_bytes=22560 qdelay_l_ms=1.07727 qdelay_c_ms=39.7139 ecn_mark=1560 drop=0
[QUEUE_STATS] t_ms=14464 q_pkts=14 q_bytes=21056 qdelay_l_ms=1.07075 qdelay_c_ms=36.8634 ecn_mark=1561 drop=0
[QUEUE_STATS] t_ms=14480 q_pkts=16 q_bytes=24064 qdelay_l_ms=2.17983 qdelay_c_ms=37.3874 ecn_mark=1563 drop=0
[QUEUE_STATS] t_ms=14496 q_pkts=15 q_bytes=22560 qdelay_l_ms=2.44741 qdelay_c_ms=34.9139 ecn_mark=1565 drop=0
[QUEUE_STATS] t_ms=14512 q_pkts=16 q_bytes=24064 qdelay_l_ms=0 qdelay_c_ms=42.4591 ecn_mark=1568 drop=0
[QUEUE_STATS] t_ms=14528 q_pkts=15 q_bytes=22560 qdelay_l_ms=1.08639 qdelay_c_ms=40.8723 ecn_mark=1568 drop=0
[QUEUE_STATS] t_ms=14544 q_pkts=17 q_bytes=25568 qdelay_l_ms=0 qdelay_c_ms=43.9835 ecn_mark=1571 drop=0
[QUEUE_STATS] t_ms=14560 q_pkts=14 q_bytes=21056 qdelay_l_ms=0 qdelay_c_ms=44.4474 ecn_mark=1573 drop=0
[QUEUE_STATS] t_ms=14576 q_pkts=15 q_bytes=22560 qdelay_l_ms=1.05277 qdelay_c_ms=41.1523 ecn_mark=1575 drop=0
[QUEUE_STATS] t_ms=14592 q_pkts=16 q_bytes=24064 qdelay_l_ms=1.07123 qdelay_c_ms=48.8809 ecn_mark=1575 drop=0
[QUEUE_STATS] t_ms=14608 q_pkts=17 q_bytes=25568 qdelay_l_ms=2.08129 qdelay_c_ms=44.0969 ecn_mark=1575 drop=0
[QUEUE_STATS] t_ms=14624 q_pkts=18 q_bytes=27072 qdelay_l_ms=0.718201 qdelay_c_ms=47.7874 ecn_mark=1576 drop=0
[QUEUE_STATS] t_ms=14640 q_pkts=18 q_bytes=27072 qdelay_l_ms=2.13682 qdelay_c_ms=51.6399 ecn_mark=1577 drop=0
[QUEUE_STATS] t_ms=14656 q_pkts=18 q_bytes=27072 qdelay_l_ms=1.07325 qdelay_c_ms=51.3299 ecn_mark=1578 drop=0
[QUEUE_STATS] t_ms=14672 q_pkts=17 q_bytes=25568 qdelay_l_ms=1.04833 qdelay_c_ms=54.5521 ecn_mark=1580 drop=0
[QUEUE_STATS] t_ms=14688 q_pkts=18 q_bytes=27072 qdelay_l_ms=1.03272 qdelay_c_ms=58.9669 ecn_mark=1581 drop=0
[QUEUE_STATS] t_ms=14704 q_pkts=18 q_bytes=27072 qdelay_l_ms=2.3142 qdelay_c_ms=52.2066 ecn_mark=1583 drop=0
[QUEUE_STATS] t_ms=14720 q_pkts=18 q_bytes=27072 qdelay_l_ms=0 qdelay_c_ms=60.0657 ecn_mark=1584 drop=0
[QUEUE_STATS] t_ms=14736 q_pkts=18 q_bytes=27072 qdelay_l_ms=1.07046 qdelay_c_ms=63.6257 ecn_mark=1586 drop=0
[QUEUE_STATS] t_ms=14752 q_pkts=19 q_bytes=28576 qdelay_l_ms=2.12151 qdelay_c_ms=54.1192 ecn_mark=1587 drop=0
[QUEUE_STATS] t_ms=14768 q_pkts=18 q_bytes=27072 qdelay_l_ms=1.07771 qdelay_c_ms=60.3003 ecn_mark=1588 drop=0
[QUEUE_STATS] t_ms=14784 q_pkts=19 q_bytes=28576 qdelay_l_ms=0 qdelay_c_ms=66.7702 ecn_mark=1592 drop=0
[QUEUE_STATS] t_ms=14800 q_pkts=17 q_bytes=25568 qdelay_l_ms=1.57048 qdelay_c_ms=57.943 ecn_mark=1593 drop=0
[QUEUE_STATS] t_ms=14816 q_pkts=18 q_bytes=27072 qdelay_l_ms=2.08637 qdelay_c_ms=68.5551 ecn_mark=1596 drop=0
[QUEUE_STATS] t_ms=14832 q_pkts=18 q_bytes=27072 qdelay_l_ms=2.1266 qdelay_c_ms=60.9385 ecn_mark=1598 drop=0
[QUEUE_STATS] t_ms=14848 q_pkts=19 q_bytes=28576 qdelay_l_ms=2.1483 qdelay_c_ms=63.4091 ecn_mark=1602 drop=0
[QUEUE_STATS] t_ms=14864 q_pkts=17 q_bytes=25568 qdelay_l_ms=1.32253 qdelay_c_ms=56.757 ecn_mark=1605 drop=0
[QUEUE_STATS] t_ms=14880 q_pkts=19 q_bytes=28576 qdelay_l_ms=1.0574 qdelay_c_ms=63.2526 ecn_mark=1606 drop=0
[QUEUE_STATS] t_ms=14896 q_pkts=17 q_bytes=25568 qdelay_l_ms=1.12371 qdelay_c_ms=51.6503 ecn_mark=1607 drop=0
[QUEUE_STATS] t_ms=14912 q_pkts=20 q_bytes=30080 qdelay_l_ms=1.07102 qdelay_c_ms=55.7369 ecn_mark=1609 drop=0
[QUEUE_STATS] t_ms=14928 q_pkts=18 q_bytes=27072 qdelay_l_ms=2.14647 qdelay_c_ms=49.235 ecn_mark=1610 drop=0
[QUEUE_STATS] t_ms=14944 q_pkts=20 q_bytes=30080 qdelay_l_ms=1.07008 qdelay_c_ms=53.0858 ecn_mark=1611 drop=0
[QUEUE_STATS] t_ms=14960 q_pkts=18 q_bytes=27072 qdelay_l_ms=2.13228 qdelay_c_ms=53.3105 ecn_mark=1611 drop=0
[QUEUE_STATS] t_ms=14976 q_pkts=20 q_bytes=30080 qdelay_l_ms=0 qdelay_c_ms=62.3976 ecn_mark=1614 drop=0
[QUEUE_STATS] t_ms=14992 q_pkts=19 q_bytes=28576 qdelay_l_ms=1.07239 qdelay_c_ms=56.0618 ecn_mark=1617 drop=0
[QUEUE_STATS] t_ms=15009 q_pkts=18 q_bytes=27072 qdelay_l_ms=1.07964 qdelay_c_ms=50.3985 ecn_mark=1618 drop=0
[QUEUE_STATS] t_ms=15024 q_pkts=18 q_bytes=27072 qdelay_l_ms=1.06548 qdelay_c_ms=53.4896 ecn_mark=1619 drop=0
[QUEUE_STATS] t_ms=15040 q_pkts=19 q_bytes=28576 qdelay_l_ms=1.05467 qdelay_c_ms=55.3784 ecn_mark=1620 drop=0
[QUEUE_STATS] t_ms=15056 q_pkts=20 q_bytes=30080 qdelay_l_ms=0 qdelay_c_ms=55.1371 ecn_mark=1623 drop=0
[QUEUE_STATS] t_ms=15073 q_pkts=19 q_bytes=28576 qdelay_l_ms=1.06812 qdelay_c_ms=50.5321 ecn_mark=1624 drop=0
[QUEUE_STATS] t_ms=15088 q_pkts=20 q_bytes=30080 qdelay_l_ms=1.30614 qdelay_c_ms=49.1623 ecn_mark=1626 drop=0
[QUEUE_STATS] t_ms=15104 q_pkts=18 q_bytes=27072 qdelay_l_ms=1.06404 qdelay_c_ms=60.9214 ecn_mark=1631 drop=0
[QUEUE_STATS] t_ms=15120 q_pkts=16 q_bytes=24064 qdelay_l_ms=0 qdelay_c_ms=56.2784 ecn_mark=1632 drop=0
[QUEUE_STATS] t_ms=15136 q_pkts=16 q_bytes=24064 qdelay_l_ms=1.30572 qdelay_c_ms=57.2349 ecn_mark=1632 drop=0
[QUEUE_STATS] t_ms=15152 q_pkts=13 q_bytes=19552 qdelay_l_ms=1.07331 qdelay_c_ms=59.7788 ecn_mark=1634 drop=0
[QUEUE_STATS] t_ms=15168 q_pkts=11 q_bytes=16544 qdelay_l_ms=1.07544 qdelay_c_ms=46.2477 ecn_mark=1635 drop=0
[QUEUE_STATS] t_ms=15184 q_pkts=13 q_bytes=19552 qdelay_l_ms=1.06333 qdelay_c_ms=50.284 ecn_mark=1638 drop=0
[QUEUE_STATS] t_ms=15200 q_pkts=13 q_bytes=19552 qdelay_l_ms=1.06731 qdelay_c_ms=39.3138 ecn_mark=1638 drop=0
[QUEUE_STATS] t_ms=15216 q_pkts=12 q_bytes=18048 qdelay_l_ms=1.08476 qdelay_c_ms=32.5388 ecn_mark=1642 drop=0
[QUEUE_STATS] t_ms=15232 q_pkts=13 q_bytes=19552 qdelay_l_ms=1.06262 qdelay_c_ms=38.0137 ecn_mark=1645 drop=0
[QUEUE_STATS] t_ms=15248 q_pkts=13 q_bytes=19552 qdelay_l_ms=1.09141 qdelay_c_ms=37.5567 ecn_mark=1651 drop=0
[QUEUE_STATS] t_ms=15264 q_pkts=13 q_bytes=19552 qdelay_l_ms=1.0719 qdelay_c_ms=36.9823 ecn_mark=1655 drop=0
[QUEUE_STATS] t_ms=15280 q_pkts=9 q_bytes=13536 qdelay_l_ms=0 qdelay_c_ms=34.4536 ecn_mark=1659 drop=0
[QUEUE_STATS] t_ms=15296 q_pkts=8 q_bytes=12032 qdelay_l_ms=0 qdelay_c_ms=35.2075 ecn_mark=1661 drop=0
[QUEUE_STATS] t_ms=15312 q_pkts=3 q_bytes=4512 qdelay_l_ms=1.38315 qdelay_c_ms=12.8149 ecn_mark=1661 drop=0
[QUEUE_STATS] t_ms=15328 q_pkts=6 q_bytes=9024 qdelay_l_ms=1.06926 qdelay_c_ms=13.5248 ecn_mark=1665 drop=0
[QUEUE_STATS] t_ms=15344 q_pkts=6 q_bytes=9024 qdelay_l_ms=1.07905 qdelay_c_ms=11.877 ecn_mark=1666 drop=0
[QUEUE_STATS] t_ms=15360 q_pkts=7 q_bytes=10528 qdelay_l_ms=1.07581 qdelay_c_ms=8.63354 ecn_mark=1666 drop=0
[QUEUE_STATS] t_ms=15377 q_pkts=8 q_bytes=12032 qdelay_l_ms=1.07673 qdelay_c_ms=17.253 ecn_mark=1668 drop=0
[QUEUE_STATS] t_ms=15392 q_pkts=6 q_bytes=9024 qdelay_l_ms=0 qdelay_c_ms=17.2544 ecn_mark=1670 drop=0
[QUEUE_STATS] t_ms=15409 q_pkts=6 q_bytes=9024 qdelay_l_ms=1.06642 qdelay_c_ms=14.7558 ecn_mark=1673 drop=0
[QUEUE_STATS] t_ms=15424 q_pkts=7 q_bytes=10528 qdelay_l_ms=2.10909 qdelay_c_ms=11.7086 ecn_mark=1674 drop=0
[QUEUE_STATS] t_ms=15440 q_pkts=7 q_bytes=10528 qdelay_l_ms=1.06196 qdelay_c_ms=17.8175 ecn_mark=1677 drop=0
[QUEUE_STATS] t_ms=15456 q_pkts=7 q_bytes=10528 qdelay_l_ms=1.06584 qdelay_c_ms=15.6179 ecn_mark=1677 drop=0
[QUEUE_STATS] t_ms=15472 q_pkts=5 q_bytes=7520 qdelay_l_ms=1.06453 qdelay_c_ms=13.7633 ecn_mark=1679 drop=0
[QUEUE_STATS] t_ms=15488 q_pkts=2 q_bytes=3008 qdelay_l_ms=0 qdelay_c_ms=6.20611 ecn_mark=1681 drop=0
[QUEUE_STATS] t_ms=15504 q_pkts=3 q_bytes=4512 qdelay_l_ms=0 qdelay_c_ms=4.77262 ecn_mark=1683 drop=0
[QUEUE_STATS] t_ms=15520 q_pkts=1 q_bytes=1504 qdelay_l_ms=0 qdelay_c_ms=7.51339 ecn_mark=1683 drop=0
[QUEUE_STATS] t_ms=15536 q_pkts=5 q_bytes=7520 qdelay_l_ms=1.05252 qdelay_c_ms=8.21999 ecn_mark=1685 drop=0
[QUEUE_STATS] t_ms=15552 q_pkts=3 q_bytes=4512 qdelay_l_ms=1.073 qdelay_c_ms=8.20123 ecn_mark=1686 drop=0
[QUEUE_STATS] t_ms=15568 q_pkts=4 q_bytes=6016 qdelay_l_ms=0 qdelay_c_ms=9.73687 ecn_mark=1686 drop=0
[QUEUE_STATS] t_ms=15584 q_pkts=4 q_bytes=6016 qdelay_l_ms=1.08391 qdelay_c_ms=5.38975 ecn_mark=1687 drop=0
[QUEUE_STATS] t_ms=15600 q_pkts=3 q_bytes=4512 qdelay_l_ms=1.06897 qdelay_c_ms=7.21048 ecn_mark=1688 drop=0
[QUEUE_STATS] t_ms=15616 q_pkts=4 q_bytes=6016 qdelay_l_ms=2.13135 qdelay_c_ms=2.15282 ecn_mark=1690 drop=0
[QUEUE_STATS] t_ms=15632 q_pkts=6 q_bytes=9024 qdelay_l_ms=2.18549 qdelay_c_ms=11.835 ecn_mark=1691 drop=0
[QUEUE_STATS] t_ms=15648 q_pkts=3 q_bytes=4512 qdelay_l_ms=1.06889 qdelay_c_ms=6.17517 ecn_mark=1692 drop=0
[QUEUE_STATS] t_ms=15664 q_pkts=5 q_bytes=7520 qdelay_l_ms=1.08171 qdelay_c_ms=7.21995 ecn_mark=1696 drop=0
[QUEUE_STATS] t_ms=15680 q_pkts=5 q_bytes=7520 qdelay_l_ms=1.07171 qdelay_c_ms=12.4263 ecn_mark=1697 drop=0
[QUEUE_STATS] t_ms=15696 q_pkts=5 q_bytes=7520 qdelay_l_ms=0 qdelay_c_ms=13.9707 ecn_mark=1698 drop=0
[QUEUE_STATS] t_ms=15712 q_pkts=5 q_bytes=7520 qdelay_l_ms=1.07075 qdelay_c_ms=15.0783 ecn_mark=1698 drop=0
[QUEUE_STATS] t_ms=15728 q_pkts=5 q_bytes=7520 qdelay_l_ms=1.07627 qdelay_c_ms=10.7025 ecn_mark=1700 drop=0
[QUEUE_STATS] t_ms=15744 q_pkts=5 q_bytes=7520 qdelay_l_ms=1.06333 qdelay_c_ms=12.0088 ecn_mark=1702 drop=0
[QUEUE_STATS] t_ms=15760 q_pkts=6 q_bytes=9024 qdelay_l_ms=0 qdelay_c_ms=6.43074 ecn_mark=1702 drop=0
[QUEUE_STATS] t_ms=15776 q_pkts=6 q_bytes=9024 qdelay_l_ms=1.08553 qdelay_c_ms=8.81806 ecn_mark=1705 drop=0
[QUEUE_STATS] t_ms=15792 q_pkts=8 q_bytes=12032 qdelay_l_ms=0 qdelay_c_ms=17.1916 ecn_mark=1709 drop=0
[QUEUE_STATS] t_ms=15808 q_pkts=6 q_bytes=9024 qdelay_l_ms=0 qdelay_c_ms=16.3663 ecn_mark=1709 drop=0
[QUEUE_STATS] t_ms=15825 q_pkts=8 q_bytes=12032 qdelay_l_ms=2.13363 qdelay_c_ms=13.7479 ecn_mark=1714 drop=0
[QUEUE_STATS] t_ms=15840 q_pkts=8 q_bytes=12032 qdelay_l_ms=1.07081 qdelay_c_ms=21.9007 ecn_mark=1716 drop=0
[QUEUE_STATS] t_ms=15857 q_pkts=8 q_bytes=12032 qdelay_l_ms=0 qdelay_c_ms=21.1681 ecn_mark=1720 drop=0
[QUEUE_STATS] t_ms=15872 q_pkts=6 q_bytes=9024 qdelay_l_ms=1.06704 qdelay_c_ms=16.1921 ecn_mark=1721 drop=0
[QUEUE_STATS] t_ms=15888 q_pkts=9 q_bytes=13536 qdelay_l_ms=1.06079 qdelay_c_ms=14.682 ecn_mark=1722 drop=0
[QUEUE_STATS] t_ms=15904 q_pkts=8 q_bytes=12032 qdelay_l_ms=1.07363 qdelay_c_ms=18.2749 ecn_mark=1726 drop=0
[QUEUE_STATS] t_ms=15920 q_pkts=7 q_bytes=10528 qdelay_l_ms=1.07089 qdelay_c_ms=19.8853 ecn_mark=1727 drop=0
[QUEUE_STATS] t_ms=15937 q_pkts=9 q_bytes=13536 qdelay_l_ms=1.0772 qdelay_c_ms=16.4893 ecn_mark=1729 drop=0
[QUEUE_STATS] t_ms=15952 q_pkts=8 q_bytes=12032 qdelay_l_ms=1.06791 qdelay_c_ms=18.0604 ecn_mark=1729 drop=0
[QUEUE_STATS] t_ms=15968 q_pkts=9 q_bytes=13536 qdelay_l_ms=1.05567 qdelay_c_ms=16.3831 ecn_mark=1733 drop=0
[QUEUE_STATS] t_ms=15984 q_pkts=9 q_bytes=13536 qdelay_l_ms=0 qdelay_c_ms=21.8919 ecn_mark=1735 drop=0
[QUEUE_STATS] t_ms=16000 q_pkts=9 q_bytes=13536 qdelay_l_ms=1.07216 qdelay_c_ms=20.3933 ecn_mark=1738 drop=0
[QUEUE_STATS] t_ms=16016 q_pkts=7 q_bytes=10528 qdelay_l_ms=1.07173 qdelay_c_ms=18.751 ecn_mark=1740 drop=0
[QUEUE_STATS] t_ms=16032 q_pkts=9 q_bytes=13536 qdelay_l_ms=0 qdelay_c_ms=19.3335 ecn_mark=1743 drop=0
[QUEUE_STATS] t_ms=16048 q_pkts=10 q_bytes=15040 qdelay_l_ms=1.07743 qdelay_c_ms=21.5517 ecn_mark=1747 drop=0
[QUEUE_STATS] t_ms=16064 q_pkts=8 q_bytes=12032 qdelay_l_ms=1.08009 qdelay_c_ms=18.7585 ecn_mark=1749 drop=0
[QUEUE_STATS] t_ms=16080 q_pkts=9 q_bytes=13536 qdelay_l_ms=0 qdelay_c_ms=16.9911 ecn_mark=1749 drop=0
[QUEUE_STATS] t_ms=16096 q_pkts=8 q_bytes=12032 qdelay_l_ms=1.07175 qdelay_c_ms=16.2509 ecn_mark=1750 drop=0
[QUEUE_STATS] t_ms=16112 q_pkts=8 q_bytes=12032 qdelay_l_ms=0 qdelay_c_ms=15.0516 ecn_mark=1750 drop=0
[QUEUE_STATS] t_ms=16128 q_pkts=8 q_bytes=12032 qdelay_l_ms=1.06161 qdelay_c_ms=12.7138 ecn_mark=1751 drop=0
[QUEUE_STATS] t_ms=16144 q_pkts=9 q_bytes=13536 qdelay_l_ms=0 qdelay_c_ms=15.9106 ecn_mark=1751 drop=0
[QUEUE_STATS] t_ms=16160 q_pkts=9 q_bytes=13536 qdelay_l_ms=1.06679 qdelay_c_ms=16.5067 ecn_mark=1751 drop=0
[QUEUE_STATS] t_ms=16176 q_pkts=10 q_bytes=15040 qdelay_l_ms=1.01582 qdelay_c_ms=17.1407 ecn_mark=1754 drop=0
[QUEUE_STATS] t_ms=16193 q_pkts=8 q_bytes=12032 qdelay_l_ms=0 qdelay_c_ms=18.8203 ecn_mark=1759 drop=0
[QUEUE_STATS] t_ms=16208 q_pkts=10 q_bytes=15040 qdelay_l_ms=1.06312 qdelay_c_ms=15.0348 ecn_mark=1759 drop=0
[QUEUE_STATS] t_ms=16224 q_pkts=10 q_bytes=15040 qdelay_l_ms=0 qdelay_c_ms=21.9641 ecn_mark=1760 drop=0
[QUEUE_STATS] t_ms=16240 q_pkts=12 q_bytes=18048 qdelay_l_ms=1.07304 qdelay_c_ms=21.4485 ecn_mark=1761 drop=0
[QUEUE_STATS] t_ms=16256 q_pkts=10 q_bytes=15040 qdelay_l_ms=1.07976 qdelay_c_ms=20.8643 ecn_mark=1761 drop=0
[QUEUE_STATS] t_ms=16272 q_pkts=11 q_bytes=16544 qdelay_l_ms=0 qdelay_c_ms=25.6255 ecn_mark=1761 drop=0
[QUEUE_STATS] t_ms=16288 q_pkts=11 q_bytes=16544 qdelay_l_ms=1.05495 qdelay_c_ms=22.5776 ecn_mark=1763 drop=0
[QUEUE_STATS] t_ms=16304 q_pkts=11 q_bytes=16544 qdelay_l_ms=1.06614 qdelay_c_ms=29.045 ecn_mark=1764 drop=0
[QUEUE_STATS] t_ms=16320 q_pkts=13 q_bytes=19552 qdelay_l_ms=1.06643 qdelay_c_ms=29.8461 ecn_mark=1765 drop=0
[QUEUE_STATS] t_ms=16336 q_pkts=12 q_bytes=18048 qdelay_l_ms=0 qdelay_c_ms=29.884 ecn_mark=1767 drop=0
[QUEUE_STATS] t_ms=16352 q_pkts=12 q_bytes=18048 qdelay_l_ms=2.13435 qdelay_c_ms=26.8955 ecn_mark=1768 drop=0
[QUEUE_STATS] t_ms=16368 q_pkts=14 q_bytes=21056 qdelay_l_ms=1.06106 qdelay_c_ms=25.6204 ecn_mark=1770 drop=0
[QUEUE_STATS] t_ms=16384 q_pkts=12 q_bytes=18048 qdelay_l_ms=0 qdelay_c_ms=27.4944 ecn_mark=1770 drop=0
[QUEUE_STATS] t_ms=16400 q_pkts=14 q_bytes=21056 qdelay_l_ms=2.13379 qdelay_c_ms=32.8312 ecn_mark=1772 drop=0
[QUEUE_STATS] t_ms=16416 q_pkts=14 q_bytes=21056 qdelay_l_ms=1.06378 qdelay_c_ms=34.8398 ecn_mark=1774 drop=0
[QUEUE_STATS] t_ms=16432 q_pkts=12 q_bytes=18048 qdelay_l_ms=0 qdelay_c_ms=36.2597 ecn_mark=1775 drop=0
[QUEUE_STATS] t_ms=16448 q_pkts=8 q_bytes=12032 qdelay_l_ms=0 qdelay_c_ms=30.185 ecn_mark=1775 drop=0
[QUEUE_STATS] t_ms=16464 q_pkts=7 q_bytes=10528 qdelay_l_ms=1.06718 qdelay_c_ms=25.3282 ecn_mark=1777 drop=0
[QUEUE_STATS] t_ms=16480 q_pkts=4 q_bytes=6016 qdelay_l_ms=0 qdelay_c_ms=11.6228 ecn_mark=1779 drop=0
[QUEUE_STATS] t_ms=16496 q_pkts=8 q_bytes=12032 qdelay_l_ms=1.0787 qdelay_c_ms=9.70343 ecn_mark=1781 drop=0
[QUEUE_STATS] t_ms=16512 q_pkts=6 q_bytes=9024 qdelay_l_ms=1.05772 qdelay_c_ms=15.6602 ecn_mark=1782 drop=0
[QUEUE_STATS] t_ms=16528 q_pkts=8 q_bytes=12032 qdelay_l_ms=1.06949 qdelay_c_ms=15.6836 ecn_mark=1782 drop=0
[QUEUE_STATS] t_ms=16544 q_pkts=5 q_bytes=7520 qdelay_l_ms=1.06684 qdelay_c_ms=14.4811 ecn_mark=1783 drop=0
[QUEUE_STATS] t_ms=16560 q_pkts=7 q_bytes=10528 qdelay_l_ms=0 qdelay_c_ms=15.9209 ecn_mark=1784 drop=0
[QUEUE_STATS] t_ms=16576 q_pkts=6 q_bytes=9024 qdelay_l_ms=1.09543 qdelay_c_ms=14.3953 ecn_mark=1785 drop=0
[QUEUE_STATS] t_ms=16592 q_pkts=7 q_bytes=10528 qdelay_l_ms=0 qdelay_c_ms=9.41525 ecn_mark=1788 drop=0
[QUEUE_STATS] t_ms=16608 q_pkts=6 q_bytes=9024 qdelay_l_ms=1.07012 qdelay_c_ms=14.0366 ecn_mark=1790 drop=0
[QUEUE_STATS] t_ms=16624 q_pkts=9 q_bytes=13536 qdelay_l_ms=1.34665 qdelay_c_ms=12.8936 ecn_mark=1790 drop=0
[QUEUE_STATS] t_ms=16640 q_pkts=7 q_bytes=10528 qdelay_l_ms=1.09749 qdelay_c_ms=11.7319 ecn_mark=1792 drop=0
[QUEUE_STATS] t_ms=16656 q_pkts=9 q_bytes=13536 qdelay_l_ms=1.06733 qdelay_c_ms=16.7953 ecn_mark=1793 drop=0
[QUEUE_STATS] t_ms=16672 q_pkts=8 q_bytes=12032 qdelay_l_ms=2.13288 qdelay_c_ms=16.7559 ecn_mark=1794 drop=0
[QUEUE_STATS] t_ms=16688 q_pkts=9 q_bytes=13536 qdelay_l_ms=2.71352 qdelay_c_ms=17.4437 ecn_mark=1795 drop=0
[QUEUE_STATS] t_ms=16704 q_pkts=6 q_bytes=9024 qdelay_l_ms=0 qdelay_c_ms=20.5118 ecn_mark=1795 drop=0
[QUEUE_STATS] t_ms=16721 q_pkts=11 q_bytes=16544 qdelay_l_ms=1.0704 qdelay_c_ms=16.4605 ecn_mark=1795 drop=0
[QUEUE_STATS] t_ms=16736 q_pkts=11 q_bytes=16544 qdelay_l_ms=1.06753 qdelay_c_ms=24.0576 ecn_mark=1799 drop=0
[QUEUE_STATS] t_ms=16752 q_pkts=11 q_bytes=16544 qdelay_l_ms=1.07618 qdelay_c_ms=24.0544 ecn_mark=1799 drop=0
[QUEUE_STATS] t_ms=16769 q_pkts=11 q_bytes=16544 qdelay_l_ms=2.42148 qdelay_c_ms=25.9704 ecn_mark=1799 drop=0
[QUEUE_STATS] t_ms=16784 q_pkts=12 q_bytes=18048 qdelay_l_ms=1.08103 qdelay_c_ms=28.7518 ecn_mark=1799 drop=0
[QUEUE_STATS] t_ms=16800 q_pkts=11 q_bytes=16544 qdelay_l_ms=0 qdelay_c_ms=28.0979 ecn_mark=1800 drop=0
[QUEUE_STATS] t_ms=16816 q_pkts=13 q_bytes=19552 qdelay_l_ms=1.06899 qdelay_c_ms=34.653 ecn_mark=1800 drop=0
[QUEUE_STATS] t_ms=16832 q_pkts=13 q_bytes=19552 qdelay_l_ms=1.06619 qdelay_c_ms=37.7008 ecn_mark=1800 drop=0
[QUEUE_STATS] t_ms=16848 q_pkts=13 q_bytes=19552 qdelay_l_ms=2.1683 qdelay_c_ms=39.5557 ecn_mark=1802 drop=0
[QUEUE_STATS] t_ms=16864 q_pkts=11 q_bytes=16544 qdelay_l_ms=0 qdelay_c_ms=38.3259 ecn_mark=1803 drop=0
[QUEUE_STATS] t_ms=16880 q_pkts=11 q_bytes=16544 qdelay_l_ms=0 qdelay_c_ms=42.2688 ecn_mark=1806 drop=0
[QUEUE_STATS] t_ms=16896 q_pkts=8 q_bytes=12032 qdelay_l_ms=1.26462 qdelay_c_ms=36.4296 ecn_mark=1807 drop=0
[QUEUE_STATS] t_ms=16912 q_pkts=7 q_bytes=10528 qdelay_l_ms=1.0795 qdelay_c_ms=36.7545 ecn_mark=1808 drop=0
[QUEUE_STATS] t_ms=16928 q_pkts=7 q_bytes=10528 qdelay_l_ms=0 qdelay_c_ms=28.0559 ecn_mark=1809 drop=0
[QUEUE_STATS] t_ms=16944 q_pkts=7 q_bytes=10528 qdelay_l_ms=0 qdelay_c_ms=27.0769 ecn_mark=1811 drop=0
[QUEUE_STATS] t_ms=16960 q_pkts=8 q_bytes=12032 qdelay_l_ms=0 qdelay_c_ms=22.2223 ecn_mark=1814 drop=0
[QUEUE_STATS] t_ms=16976 q_pkts=7 q_bytes=10528 qdelay_l_ms=0 qdelay_c_ms=24.4725 ecn_mark=1815 drop=0
[QUEUE_STATS] t_ms=16992 q_pkts=8 q_bytes=12032 qdelay_l_ms=1.06635 qdelay_c_ms=19.1112 ecn_mark=1819 drop=0
[QUEUE_STATS] t_ms=17008 q_pkts=9 q_bytes=13536 qdelay_l_ms=2.14528 qdelay_c_ms=24.1863 ecn_mark=1820 drop=0
[QUEUE_STATS] t_ms=17024 q_pkts=9 q_bytes=13536 qdelay_l_ms=1.06321 qdelay_c_ms=25.8452 ecn_mark=1823 drop=0
[QUEUE_STATS] t_ms=17040 q_pkts=8 q_bytes=12032 qdelay_l_ms=1.07197 qdelay_c_ms=24.9477 ecn_mark=1825 drop=0
[QUEUE_STATS] t_ms=17056 q_pkts=9 q_bytes=13536 qdelay_l_ms=1.07218 qdelay_c_ms=22.8497 ecn_mark=1827 drop=0
[QUEUE_STATS] t_ms=17072 q_pkts=7 q_bytes=10528 qdelay_l_ms=1.95789 qdelay_c_ms=18.4845 ecn_mark=1827 drop=0
[QUEUE_STATS] t_ms=17088 q_pkts=9 q_bytes=13536 qdelay_l_ms=1.06341 qdelay_c_ms=22.6847 ecn_mark=1828 drop=0
[QUEUE_STATS] t_ms=17104 q_pkts=8 q_bytes=12032 qdelay_l_ms=1.08252 qdelay_c_ms=18.6592 ecn_mark=1829 drop=0
[QUEUE_STATS] t_ms=17120 q_pkts=9 q_bytes=13536 qdelay_l_ms=1.08127 qdelay_c_ms=28.1652 ecn_mark=1831 drop=0
[QUEUE_STATS] t_ms=17136 q_pkts=9 q_bytes=13536 qdelay_l_ms=1.06052 qdelay_c_ms=21.5863 ecn_mark=1834 drop=0
[QUEUE_STATS] t_ms=17152 q_pkts=9 q_bytes=13536 qdelay_l_ms=1.06243 qdelay_c_ms=27.4628 ecn_mark=1835 drop=0
[QUEUE_STATS] t_ms=17168 q_pkts=9 q_bytes=13536 qdelay_l_ms=0 qdelay_c_ms=29.6922 ecn_mark=1835 drop=0
[QUEUE_STATS] t_ms=17184 q_pkts=9 q_bytes=13536 qdelay_l_ms=2.14857 qdelay_c_ms=29.8141 ecn_mark=1838 drop=0
[QUEUE_STATS] t_ms=17200 q_pkts=11 q_bytes=16544 qdelay_l_ms=1.06348 qdelay_c_ms=35.0745 ecn_mark=1842 drop=0
[QUEUE_STATS] t_ms=17216 q_pkts=10 q_bytes=15040 qdelay_l_ms=0 qdelay_c_ms=31.1369 ecn_mark=1844 drop=0
[QUEUE_STATS] t_ms=17232 q_pkts=12 q_bytes=18048 qdelay_l_ms=2.16165 qdelay_c_ms=41.3636 ecn_mark=1847 drop=0
[QUEUE_STATS] t_ms=17248 q_pkts=11 q_bytes=16544 qdelay_l_ms=1.06631 qdelay_c_ms=45.3075 ecn_mark=1851 drop=0
[QUEUE_STATS] t_ms=17264 q_pkts=11 q_bytes=16544 qdelay_l_ms=2.16247 qdelay_c_ms=40.2721 ecn_mark=1851 drop=0
[QUEUE_STATS] t_ms=17280 q_pkts=10 q_bytes=15040 qdelay_l_ms=1.06499 qdelay_c_ms=41.7668 ecn_mark=1854 drop=0
[QUEUE_STATS] t_ms=17296 q_pkts=10 q_bytes=15040 qdelay_l_ms=1.07328 qdelay_c_ms=36.2773 ecn_mark=1855 drop=0
[QUEUE_STATS] t_ms=17312 q_pkts=11 q_bytes=16544 qdelay_l_ms=2.09849 qdelay_c_ms=40.7969 ecn_mark=1856 drop=0
[QUEUE_STATS] t_ms=17328 q_pkts=11 q_bytes=16544 qdelay_l_ms=2.3383 qdelay_c_ms=32.1191 ecn_mark=1857 drop=0
[QUEUE_STATS] t_ms=17344 q_pkts=10 q_bytes=15040 qdelay_l_ms=0 qdelay_c_ms=36.5939 ecn_mark=1857 drop=0
[QUEUE_STATS] t_ms=17360 q_pkts=12 q_bytes=18048 qdelay_l_ms=1.08229 qdelay_c_ms=39.1421 ecn_mark=1859 drop=0
[QUEUE_STATS] t_ms=17376 q_pkts=11 q_bytes=16544 qdelay_l_ms=0 qdelay_c_ms=35.1251 ecn_mark=1863 drop=0
[QUEUE_STATS] t_ms=17392 q_pkts=12 q_bytes=18048 qdelay_l_ms=0 qdelay_c_ms=46.0735 ecn_mark=1865 drop=0
[QUEUE_STATS] t_ms=17408 q_pkts=10 q_bytes=15040 qdelay_l_ms=1.08115 qdelay_c_ms=38.509 ecn_mark=1868 drop=0
[QUEUE_STATS] t_ms=17424 q_pkts=9 q_bytes=13536 qdelay_l_ms=2.13766 qdelay_c_ms=32.5131 ecn_mark=1869 drop=0
[QUEUE_STATS] t_ms=17440 q_pkts=11 q_bytes=16544 qdelay_l_ms=1.06533 qdelay_c_ms=35.2784 ecn_mark=1869 drop=0
[QUEUE_STATS] t_ms=17456 q_pkts=11 q_bytes=16544 qdelay_l_ms=2.0954 qdelay_c_ms=32.0758 ecn_mark=1872 drop=0
[QUEUE_STATS] t_ms=17472 q_pkts=12 q_bytes=18048 qdelay_l_ms=1.07628 qdelay_c_ms=28.4904 ecn_mark=1873 drop=0
[QUEUE_STATS] t_ms=17488 q_pkts=11 q_bytes=16544 qdelay_l_ms=2.12463 qdelay_c_ms=32.1037 ecn_mark=1873 drop=0
[QUEUE_STATS] t_ms=17504 q_pkts=13 q_bytes=19552 qdelay_l_ms=1.07447 qdelay_c_ms=36.7277 ecn_mark=1874 drop=0
[QUEUE_STATS] t_ms=17520 q_pkts=10 q_bytes=15040 qdelay_l_ms=0 qdelay_c_ms=31.9705 ecn_mark=1876 drop=0
[QUEUE_STATS] t_ms=17536 q_pkts=13 q_bytes=19552 qdelay_l_ms=1.06685 qdelay_c_ms=43.264 ecn_mark=1878 drop=0
[QUEUE_STATS] t_ms=17552 q_pkts=13 q_bytes=19552 qdelay_l_ms=1.08362 qdelay_c_ms=37.0419 ecn_mark=1878 drop=0
[QUEUE_STATS] t_ms=17568 q_pkts=14 q_bytes=21056 qdelay_l_ms=1.05656 qdelay_c_ms=37.6066 ecn_mark=1879 drop=0
[QUEUE_STATS] t_ms=17584 q_pkts=12 q_bytes=18048 qdelay_l_ms=0 qdelay_c_ms=39.2147 ecn_mark=1880 drop=0
[QUEUE_STATS] t_ms=17600 q_pkts=13 q_bytes=19552 qdelay_l_ms=1.06554 qdelay_c_ms=42.9571 ecn_mark=1881 drop=0
[QUEUE_STATS] t_ms=17616 q_pkts=13 q_bytes=19552 qdelay_l_ms=1.06361 qdelay_c_ms=43.1337 ecn_mark=1882 drop=0
[QUEUE_STATS] t_ms=17632 q_pkts=14 q_bytes=21056 qdelay_l_ms=0 qdelay_c_ms=49.3817 ecn_mark=1882 drop=0
[QUEUE_STATS] t_ms=17648 q_pkts=13 q_bytes=19552 qdelay_l_ms=1.71561 qdelay_c_ms=46.4621 ecn_mark=1882 drop=0
[QUEUE_STATS] t_ms=17664 q_pkts=15 q_bytes=22560 qdelay_l_ms=2.12413 qdelay_c_ms=56.7182 ecn_mark=1886 drop=0
[QUEUE_STATS] t_ms=17681 q_pkts=16 q_bytes=24064 qdelay_l_ms=1.06549 qdelay_c_ms=54.0353 ecn_mark=1888 drop=0
[QUEUE_STATS] t_ms=17696 q_pkts=12 q_bytes=18048 qdelay_l_ms=2.11243 qdelay_c_ms=43.1569 ecn_mark=1890 drop=0
[QUEUE_STATS] t_ms=17712 q_pkts=16 q_bytes=24064 qdelay_l_ms=1.08544 qdelay_c_ms=58.1937 ecn_mark=1891 drop=0
[QUEUE_STATS] t_ms=17728 q_pkts=14 q_bytes=21056 qdelay_l_ms=0 qdelay_c_ms=52.3559 ecn_mark=1892 drop=0
[QUEUE_STATS] t_ms=17744 q_pkts=16 q_bytes=24064 qdelay_l_ms=2.13288 qdelay_c_ms=46.2339 ecn_mark=1897 drop=0
[QUEUE_STATS] t_ms=17760 q_pkts=14 q_bytes=21056 qdelay_l_ms=1.06594 qdelay_c_ms=56.904 ecn_mark=1900 drop=0
[QUEUE_STATS] t_ms=17776 q_pkts=15 q_bytes=22560 qdelay_l_ms=0 qdelay_c_ms=51.374 ecn_mark=1900 drop=0
[QUEUE_STATS] t_ms=17792 q_pkts=16 q_bytes=24064 qdelay_l_ms=2.12618 qdelay_c_ms=53.0927 ecn_mark=1900 drop=0
[QUEUE_STATS] t_ms=17808 q_pkts=16 q_bytes=24064 qdelay_l_ms=0 qdelay_c_ms=57.9534 ecn_mark=1901 drop=0
[QUEUE_STATS] t_ms=17824 q_pkts=18 q_bytes=27072 qdelay_l_ms=1.07497 qdelay_c_ms=56.9345 ecn_mark=1905 drop=0
[QUEUE_STATS] t_ms=17840 q_pkts=15 q_bytes=22560 qdelay_l_ms=1.22796 qdelay_c_ms=57.7095 ecn_mark=1909 drop=0
[QUEUE_STATS] t_ms=17856 q_pkts=16 q_bytes=24064 qdelay_l_ms=1.06656 qdelay_c_ms=59.8638 ecn_mark=1910 drop=0
[QUEUE_STATS] t_ms=17872 q_pkts=16 q_bytes=24064 qdelay_l_ms=1.68534 qdelay_c_ms=67.2635 ecn_mark=1911 drop=0
[QUEUE_STATS] t_ms=17888 q_pkts=16 q_bytes=24064 qdelay_l_ms=2.08661 qdelay_c_ms=66.9017 ecn_mark=1912 drop=0
[QUEUE_STATS] t_ms=17904 q_pkts=17 q_bytes=25568 qdelay_l_ms=0 qdelay_c_ms=72.1865 ecn_mark=1914 drop=0
[QUEUE_STATS] t_ms=17920 q_pkts=15 q_bytes=22560 qdelay_l_ms=1.08033 qdelay_c_ms=67.1864 ecn_mark=1915 drop=0
[QUEUE_STATS] t_ms=17936 q_pkts=17 q_bytes=25568 qdelay_l_ms=1.06633 qdelay_c_ms=79.1192 ecn_mark=1915 drop=0
[QUEUE_STATS] t_ms=17952 q_pkts=16 q_bytes=24064 qdelay_l_ms=2.08204 qdelay_c_ms=71.9862 ecn_mark=1917 drop=0
[QUEUE_STATS] t_ms=17968 q_pkts=17 q_bytes=25568 qdelay_l_ms=1.07049 qdelay_c_ms=71.5496 ecn_mark=1921 drop=0
[QUEUE_STATS] t_ms=17984 q_pkts=15 q_bytes=22560 qdelay_l_ms=1.07271 qdelay_c_ms=60.6533 ecn_mark=1922 drop=0
[QUEUE_STATS] t_ms=18000 q_pkts=18 q_bytes=27072 qdelay_l_ms=2.16633 qdelay_c_ms=63.8762 ecn_mark=1923 drop=0
[QUEUE_STATS] t_ms=18016 q_pkts=15 q_bytes=22560 qdelay_l_ms=1.07071 qdelay_c_ms=57.6476 ecn_mark=1924 drop=0
[QUEUE_STATS] t_ms=18032 q_pkts=14 q_bytes=21056 qdelay_l_ms=2.12505 qdelay_c_ms=62.3127 ecn_mark=1927 drop=0
[QUEUE_STATS] t_ms=18048 q_pkts=12 q_bytes=18048 qdelay_l_ms=0 qdelay_c_ms=56.6233 ecn_mark=1929 drop=0
[QUEUE_STATS] t_ms=18064 q_pkts=13 q_bytes=19552 qdelay_l_ms=2.26494 qdelay_c_ms=69.7835 ecn_mark=1929 drop=0
[QUEUE_STATS] t_ms=18080 q_pkts=11 q_bytes=16544 qdelay_l_ms=1.1596 qdelay_c_ms=52.5709 ecn_mark=1930 drop=0
[QUEUE_STATS] t_ms=18096 q_pkts=11 q_bytes=16544 qdelay_l_ms=2.12789 qdelay_c_ms=54.7469 ecn_mark=1933 drop=0
[QUEUE_STATS] t_ms=18112 q_pkts=11 q_bytes=16544 qdelay_l_ms=0 qdelay_c_ms=52.7693 ecn_mark=1936 drop=0
[QUEUE_STATS] t_ms=18128 q_pkts=9 q_bytes=13536 qdelay_l_ms=2.24784 qdelay_c_ms=27.7306 ecn_mark=1936 drop=0
[QUEUE_STATS] t_ms=18144 q_pkts=11 q_bytes=16544 qdelay_l_ms=1.09584 qdelay_c_ms=33.6757 ecn_mark=1936 drop=0
[QUEUE_STATS] t_ms=18160 q_pkts=11 q_bytes=16544 qdelay_l_ms=1.07074 qdelay_c_ms=37.1513 ecn_mark=1937 drop=0
[QUEUE_STATS] t_ms=18176 q_pkts=12 q_bytes=18048 qdelay_l_ms=2.13129 qdelay_c_ms=32.5536 ecn_mark=1939 drop=0
[QUEUE_STATS] t_ms=18192 q_pkts=12 q_bytes=18048 qdelay_l_ms=1.07322 qdelay_c_ms=47.8267 ecn_mark=1940 drop=0
[QUEUE_STATS] t_ms=18209 q_pkts=12 q_bytes=18048 qdelay_l_ms=2.14238 qdelay_c_ms=43.9352 ecn_mark=1943 drop=0
[QUEUE_STATS] t_ms=18224 q_pkts=13 q_bytes=19552 qdelay_l_ms=2.27219 qdelay_c_ms=43.4416 ecn_mark=1943 drop=0
[QUEUE_STATS] t_ms=18240 q_pkts=14 q_bytes=21056 qdelay_l_ms=1.03541 qdelay_c_ms=49.0719 ecn_mark=1945 drop=0
[QUEUE_STATS] t_ms=18256 q_pkts=13 q_bytes=19552 qdelay_l_ms=1.06633 qdelay_c_ms=51.9202 ecn_mark=1947 drop=0
[QUEUE_STATS] t_ms=18272 q_pkts=13 q_bytes=19552 qdelay_l_ms=1.05615 qdelay_c_ms=57.5678 ecn_mark=1948 drop=0
[QUEUE_STATS] t_ms=18288 q_pkts=14 q_bytes=21056 qdelay_l_ms=1.08662 qdelay_c_ms=51.9879 ecn_mark=1950 drop=0
[QUEUE_STATS] t_ms=18304 q_pkts=12 q_bytes=18048 qdelay_l_ms=1.06843 qdelay_c_ms=55.2674 ecn_mark=1953 drop=0
[QUEUE_STATS] t_ms=18320 q_pkts=13 q_bytes=19552 qdelay_l_ms=1.0611 qdelay_c_ms=49.5601 ecn_mark=1955 drop=0
[QUEUE_STATS] t_ms=18337 q_pkts=14 q_bytes=21056 qdelay_l_ms=2.17114 qdelay_c_ms=58.7001 ecn_mark=1958 drop=0
[QUEUE_STATS] t_ms=18352 q_pkts=12 q_bytes=18048 qdelay_l_ms=1.07257 qdelay_c_ms=57.1794 ecn_mark=1960 drop=0
[QUEUE_STATS] t_ms=18368 q_pkts=15 q_bytes=22560 qdelay_l_ms=1.06557 qdelay_c_ms=62.6473 ecn_mark=1962 drop=0
[QUEUE_STATS] t_ms=18384 q_pkts=13 q_bytes=19552 qdelay_l_ms=2.14736 qdelay_c_ms=55.3414 ecn_mark=1963 drop=0
[QUEUE_STATS] t_ms=18400 q_pkts=14 q_bytes=21056 qdelay_l_ms=0 qdelay_c_ms=51.2407 ecn_mark=1966 drop=0
[QUEUE_STATS] t_ms=18416 q_pkts=11 q_bytes=16544 qdelay_l_ms=2.16629 qdelay_c_ms=50.7571 ecn_mark=1966 drop=0
[QUEUE_STATS] t_ms=18432 q_pkts=12 q_bytes=18048 qdelay_l_ms=2.13367 qdelay_c_ms=39.4328 ecn_mark=1970 drop=0
[QUEUE_STATS] t_ms=18448 q_pkts=14 q_bytes=21056 qdelay_l_ms=2.20232 qdelay_c_ms=52.1245 ecn_mark=1970 drop=0
[QUEUE_STATS] t_ms=18464 q_pkts=13 q_bytes=19552 qdelay_l_ms=2.13293 qdelay_c_ms=45.1569 ecn_mark=1972 drop=0
[QUEUE_STATS] t_ms=18480 q_pkts=13 q_bytes=19552 qdelay_l_ms=1.07143 qdelay_c_ms=47.7222 ecn_mark=1973 drop=0
[QUEUE_STATS] t_ms=18496 q_pkts=12 q_bytes=18048 qdelay_l_ms=1.06707 qdelay_c_ms=52.713 ecn_mark=1973 drop=0
[QUEUE_STATS] t_ms=18512 q_pkts=11 q_bytes=16544 qdelay_l_ms=1.06085 qdelay_c_ms=45.8888 ecn_mark=1973 drop=0
[QUEUE_STATS] t_ms=18528 q_pkts=13 q_bytes=19552 qdelay_l_ms=0 qdelay_c_ms=53.0305 ecn_mark=1976 drop=0
[QUEUE_STATS] t_ms=18544 q_pkts=14 q_bytes=21056 qdelay_l_ms=2.31747 qdelay_c_ms=44.654 ecn_mark=1977 drop=0
[QUEUE_STATS] t_ms=18560 q_pkts=14 q_bytes=21056 qdelay_l_ms=2.13198 qdelay_c_ms=46.8102 ecn_mark=1977 drop=0
[QUEUE_STATS] t_ms=18576 q_pkts=14 q_bytes=21056 qdelay_l_ms=0 qdelay_c_ms=51.2108 ecn_mark=1979 drop=0
[QUEUE_STATS] t_ms=18592 q_pkts=15 q_bytes=22560 qdelay_l_ms=1.07672 qdelay_c_ms=55.6645 ecn_mark=1982 drop=0
[QUEUE_STATS] t_ms=18608 q_pkts=14 q_bytes=21056 qdelay_l_ms=1.06545 qdelay_c_ms=53.1813 ecn_mark=1984 drop=0
[QUEUE_STATS] t_ms=18625 q_pkts=14 q_bytes=21056 qdelay_l_ms=2.26145 qdelay_c_ms=51.0525 ecn_mark=1985 drop=0
[QUEUE_STATS] t_ms=18640 q_pkts=14 q_bytes=21056 qdelay_l_ms=1.07133 qdelay_c_ms=54.4309 ecn_mark=1987 drop=0
[QUEUE_STATS] t_ms=18656 q_pkts=14 q_bytes=21056 qdelay_l_ms=0.949736 qdelay_c_ms=47.8812 ecn_mark=1988 drop=0
[QUEUE_STATS] t_ms=18673 q_pkts=15 q_bytes=22560 qdelay_l_ms=2.33921 qdelay_c_ms=51.6684 ecn_mark=1990 drop=0
[QUEUE_STATS] t_ms=18688 q_pkts=13 q_bytes=19552 qdelay_l_ms=2.12026 qdelay_c_ms=46.9897 ecn_mark=1992 drop=0
[QUEUE_STATS] t_ms=18704 q_pkts=15 q_bytes=22560 qdelay_l_ms=1.07143 qdelay_c_ms=48.895 ecn_mark=1993 drop=0
[QUEUE_STATS] t_ms=18720 q_pkts=15 q_bytes=22560 qdelay_l_ms=2.13199 qdelay_c_ms=50.6634 ecn_mark=1995 drop=0
[QUEUE_STATS] t_ms=18736 q_pkts=15 q_bytes=22560 qdelay_l_ms=1.19488 qdelay_c_ms=45.7531 ecn_mark=1996 drop=0
[QUEUE_STATS] t_ms=18752 q_pkts=16 q_bytes=24064 qdelay_l_ms=0 qdelay_c_ms=55.0373 ecn_mark=1996 drop=0
[QUEUE_STATS] t_ms=18768 q_pkts=12 q_bytes=18048 qdelay_l_ms=2.09451 qdelay_c_ms=51.9137 ecn_mark=1997 drop=0
[QUEUE_STATS] t_ms=18784 q_pkts=15 q_bytes=22560 qdelay_l_ms=2.10913 qdelay_c_ms=48.6531 ecn_mark=1999 drop=0
[QUEUE_STATS] t_ms=18800 q_pkts=14 q_bytes=21056 qdelay_l_ms=0 qdelay_c_ms=52.3648 ecn_mark=2005 drop=0
[QUEUE_STATS] t_ms=18816 q_pkts=15 q_bytes=22560 qdelay_l_ms=1.05216 qdelay_c_ms=45.7903 ecn_mark=2007 drop=0
[QUEUE_STATS] t_ms=18832 q_pkts=13 q_bytes=19552 qdelay_l_ms=0 qdelay_c_ms=55.3565 ecn_mark=2010 drop=0
[QUEUE_STATS] t_ms=18848 q_pkts=14 q_bytes=21056 qdelay_l_ms=1.07659 qdelay_c_ms=47.6339 ecn_mark=2010 drop=0
[QUEUE_STATS] t_ms=18864 q_pkts=15 q_bytes=22560 qdelay_l_ms=1.06516 qdelay_c_ms=51.4489 ecn_mark=2012 drop=0
[QUEUE_STATS] t_ms=18880 q_pkts=15 q_bytes=22560 qdelay_l_ms=1.07344 qdelay_c_ms=48.0829 ecn_mark=2013 drop=0
[QUEUE_STATS] t_ms=18896 q_pkts=15 q_bytes=22560 qdelay_l_ms=2.16892 qdelay_c_ms=49.1824 ecn_mark=2015 drop=0
[QUEUE_STATS] t_ms=18912 q_pkts=15 q_bytes=22560 qdelay_l_ms=0 qdelay_c_ms=51.7275 ecn_mark=2017 drop=0
[QUEUE_STATS] t_ms=18928 q_pkts=13 q_bytes=19552 qdelay_l_ms=1.06091 qdelay_c_ms=48.9728 ecn_mark=2018 drop=0
[QUEUE_STATS] t_ms=18944 q_pkts=15 q_bytes=22560 qdelay_l_ms=0 qdelay_c_ms=49.9989 ecn_mark=2018 drop=0
[QUEUE_STATS] t_ms=18960 q_pkts=16 q_bytes=24064 qdelay_l_ms=0.989802 qdelay_c_ms=49.9697 ecn_mark=2019 drop=0
[QUEUE_STATS] t_ms=18976 q_pkts=16 q_bytes=24064 qdelay_l_ms=2.13807 qdelay_c_ms=45.8921 ecn_mark=2021 drop=0
[QUEUE_STATS] t_ms=18992 q_pkts=14 q_bytes=21056 qdelay_l_ms=0 qdelay_c_ms=57.7627 ecn_mark=2023 drop=0
[QUEUE_STATS] t_ms=19008 q_pkts=16 q_bytes=24064 qdelay_l_ms=0.844228 qdelay_c_ms=54.9681 ecn_mark=2024 drop=0
[QUEUE_STATS] t_ms=19024 q_pkts=16 q_bytes=24064 qdelay_l_ms=1.87566 qdelay_c_ms=57.5645 ecn_mark=2025 drop=0
[QUEUE_STATS] t_ms=19040 q_pkts=16 q_bytes=24064 qdelay_l_ms=1.06529 qdelay_c_ms=59.9698 ecn_mark=2026 drop=0
[QUEUE_STATS] t_ms=19056 q_pkts=16 q_bytes=24064 qdelay_l_ms=2.18024 qdelay_c_ms=62.5627 ecn_mark=2027 drop=0
[QUEUE_STATS] t_ms=19072 q_pkts=16 q_bytes=24064 qdelay_l_ms=1.06727 qdelay_c_ms=73.5011 ecn_mark=2030 drop=0
[QUEUE_STATS] t_ms=19089 q_pkts=16 q_bytes=24064 qdelay_l_ms=2.13215 qdelay_c_ms=64.9248 ecn_mark=2034 drop=0
[QUEUE_STATS] t_ms=19104 q_pkts=15 q_bytes=22560 qdelay_l_ms=1.29909 qdelay_c_ms=50.7037 ecn_mark=2034 drop=0
[QUEUE_STATS] t_ms=19120 q_pkts=16 q_bytes=24064 qdelay_l_ms=1.06324 qdelay_c_ms=56.0436 ecn_mark=2036 drop=0
[QUEUE_STATS] t_ms=19136 q_pkts=17 q_bytes=25568 qdelay_l_ms=1.06593 qdelay_c_ms=61.1004 ecn_mark=2037 drop=0
[QUEUE_STATS] t_ms=19152 q_pkts=17 q_bytes=25568 qdelay_l_ms=2.20783 qdelay_c_ms=54.0338 ecn_mark=2038 drop=0
[QUEUE_STATS] t_ms=19168 q_pkts=17 q_bytes=25568 qdelay_l_ms=1.06039 qdelay_c_ms=68.2654 ecn_mark=2039 drop=0
[QUEUE_STATS] t_ms=19184 q_pkts=17 q_bytes=25568 qdelay_l_ms=1.08313 qdelay_c_ms=62.4026 ecn_mark=2041 drop=0
[QUEUE_STATS] t_ms=19200 q_pkts=17 q_bytes=25568 qdelay_l_ms=1.08154 qdelay_c_ms=75.3064 ecn_mark=2042 drop=0
[QUEUE_STATS] t_ms=19216 q_pkts=18 q_bytes=27072 qdelay_l_ms=1.06879 qdelay_c_ms=69.8176 ecn_mark=2043 drop=0
[QUEUE_STATS] t_ms=19232 q_pkts=19 q_bytes=28576 qdelay_l_ms=1.06508 qdelay_c_ms=76.2705 ecn_mark=2043 drop=0
[QUEUE_STATS] t_ms=19248 q_pkts=18 q_bytes=27072 qdelay_l_ms=1.62813 qdelay_c_ms=78.4487 ecn_mark=2044 drop=0
[QUEUE_STATS] t_ms=19264 q_pkts=19 q_bytes=28576 qdelay_l_ms=1.06998 qdelay_c_ms=85.9433 ecn_mark=2045 drop=0
[QUEUE_STATS] t_ms=19280 q_pkts=20 q_bytes=30080 qdelay_l_ms=1.07107 qdelay_c_ms=89.4018 ecn_mark=2047 drop=0
[QUEUE_STATS] t_ms=19296 q_pkts=20 q_bytes=30080 qdelay_l_ms=2.13391 qdelay_c_ms=90.5997 ecn_mark=2048 drop=0
[QUEUE_STATS] t_ms=19312 q_pkts=19 q_bytes=28576 qdelay_l_ms=1.06309 qdelay_c_ms=95.852 ecn_mark=2053 drop=0
[QUEUE_STATS] t_ms=19328 q_pkts=19 q_bytes=28576 qdelay_l_ms=2.18165 qdelay_c_ms=88.6619 ecn_mark=2055 drop=0
[QUEUE_STATS] t_ms=19344 q_pkts=20 q_bytes=30080 qdelay_l_ms=1.08204 qdelay_c_ms=93.8505 ecn_mark=2061 drop=0
[QUEUE_STATS] t_ms=19360 q_pkts=20 q_bytes=30080 qdelay_l_ms=1.07119 qdelay_c_ms=101.816 ecn_mark=2062 drop=0
[QUEUE_STATS] t_ms=19376 q_pkts=20 q_bytes=30080 qdelay_l_ms=2.09654 qdelay_c_ms=96.4065 ecn_mark=2066 drop=0
[QUEUE_STATS] t_ms=19392 q_pkts=19 q_bytes=28576 qdelay_l_ms=1.05861 qdelay_c_ms=105.174 ecn_mark=2067 drop=0
[QUEUE_STATS] t_ms=19408 q_pkts=20 q_bytes=30080 qdelay_l_ms=1.69454 qdelay_c_ms=103.343 ecn_mark=2067 drop=0
[QUEUE_STATS] t_ms=19424 q_pkts=20 q_bytes=30080 qdelay_l_ms=2.13648 qdelay_c_ms=98.5522 ecn_mark=2068 drop=0
[QUEUE_STATS] t_ms=19440 q_pkts=20 q_bytes=30080 qdelay_l_ms=2.16411 qdelay_c_ms=107.15 ecn_mark=2069 drop=0
[QUEUE_STATS] t_ms=19456 q_pkts=18 q_bytes=27072 qdelay_l_ms=1.06001 qdelay_c_ms=107.805 ecn_mark=2072 drop=0
[QUEUE_STATS] t_ms=19472 q_pkts=21 q_bytes=31584 qdelay_l_ms=3.21221 qdelay_c_ms=101.344 ecn_mark=2075 drop=0
[QUEUE_STATS] t_ms=19488 q_pkts=21 q_bytes=31584 qdelay_l_ms=1.07504 qdelay_c_ms=117.425 ecn_mark=2080 drop=0
[QUEUE_STATS] t_ms=19504 q_pkts=19 q_bytes=28576 qdelay_l_ms=2.0761 qdelay_c_ms=101.491 ecn_mark=2081 drop=0
[QUEUE_STATS] t_ms=19520 q_pkts=21 q_bytes=31584 qdelay_l_ms=1.06641 qdelay_c_ms=109.685 ecn_mark=2085 drop=0
[QUEUE_STATS] t_ms=19536 q_pkts=20 q_bytes=30080 qdelay_l_ms=3.22553 qdelay_c_ms=94.4254 ecn_mark=2088 drop=0
[QUEUE_STATS] t_ms=19552 q_pkts=20 q_bytes=30080 qdelay_l_ms=0 qdelay_c_ms=110.298 ecn_mark=2090 drop=0
[QUEUE_STATS] t_ms=19568 q_pkts=19 q_bytes=28576 qdelay_l_ms=1.05886 qdelay_c_ms=99.2801 ecn_mark=2092 drop=0
[QUEUE_STATS] t_ms=19584 q_pkts=19 q_bytes=28576 qdelay_l_ms=1.05891 qdelay_c_ms=84.572 ecn_mark=2096 drop=0
[QUEUE_STATS] t_ms=19600 q_pkts=17 q_bytes=25568 qdelay_l_ms=0 qdelay_c_ms=88.7728 ecn_mark=2099 drop=0
[QUEUE_STATS] t_ms=19616 q_pkts=19 q_bytes=28576 qdelay_l_ms=1.68234 qdelay_c_ms=72.7676 ecn_mark=2102 drop=0
[QUEUE_STATS] t_ms=19632 q_pkts=18 q_bytes=27072 qdelay_l_ms=1.06092 qdelay_c_ms=87.9813 ecn_mark=2105 drop=0
[QUEUE_STATS] t_ms=19648 q_pkts=15 q_bytes=22560 qdelay_l_ms=1.07446 qdelay_c_ms=72.7229 ecn_mark=2106 drop=0
[QUEUE_STATS] t_ms=19665 q_pkts=16 q_bytes=24064 qdelay_l_ms=2.13209 qdelay_c_ms=75.5177 ecn_mark=2107 drop=0
[QUEUE_STATS] t_ms=19680 q_pkts=12 q_bytes=18048 qdelay_l_ms=1.0702 qdelay_c_ms=76.0122 ecn_mark=2108 drop=0
[QUEUE_STATS] t_ms=19697 q_pkts=13 q_bytes=19552 qdelay_l_ms=1.07484 qdelay_c_ms=65.7335 ecn_mark=2110 drop=0
[QUEUE_STATS] t_ms=19712 q_pkts=12 q_bytes=18048 qdelay_l_ms=1.06326 qdelay_c_ms=54.1502 ecn_mark=2110 drop=0
[QUEUE_STATS] t_ms=19728 q_pkts=12 q_bytes=18048 qdelay_l_ms=1.06055 qdelay_c_ms=37.541 ecn_mark=2111 drop=0
[QUEUE_STATS] t_ms=19744 q_pkts=11 q_bytes=16544 qdelay_l_ms=0 qdelay_c_ms=39.5678 ecn_mark=2112 drop=0
[QUEUE_STATS] t_ms=19760 q_pkts=12 q_bytes=18048 qdelay_l_ms=2.11507 qdelay_c_ms=37.9178 ecn_mark=2115 drop=0
[QUEUE_STATS] t_ms=19777 q_pkts=13 q_bytes=19552 qdelay_l_ms=1.06243 qdelay_c_ms=36.4055 ecn_mark=2118 drop=0
[QUEUE_STATS] t_ms=19792 q_pkts=14 q_bytes=21056 qdelay_l_ms=1.05831 qdelay_c_ms=42.1865 ecn_mark=2120 drop=0
[QUEUE_STATS] t_ms=19808 q_pkts=12 q_bytes=18048 qdelay_l_ms=2.11903 qdelay_c_ms=44.9392 ecn_mark=2122 drop=0
[QUEUE_STATS] t_ms=19824 q_pkts=11 q_bytes=16544 qdelay_l_ms=1.07949 qdelay_c_ms=44.5219 ecn_mark=2123 drop=0
[QUEUE_STATS] t_ms=19840 q_pkts=14 q_bytes=21056 qdelay_l_ms=0 qdelay_c_ms=48.2983 ecn_mark=2126 drop=0
[QUEUE_STATS] t_ms=19856 q_pkts=13 q_bytes=19552 qdelay_l_ms=2.13731 qdelay_c_ms=31.6475 ecn_mark=2129 drop=0
[QUEUE_STATS] t_ms=19872 q_pkts=12 q_bytes=18048 qdelay_l_ms=0 qdelay_c_ms=37.7619 ecn_mark=2129 drop=0
[QUEUE_STATS] t_ms=19888 q_pkts=12 q_bytes=18048 qdelay_l_ms=0 qdelay_c_ms=48.2143 ecn_mark=2130 drop=0
[QUEUE_STATS] t_ms=19904 q_pkts=12 q_bytes=18048 qdelay_l_ms=0 qdelay_c_ms=39.9753 ecn_mark=2131 drop=0
[QUEUE_STATS] t_ms=19920 q_pkts=12 q_bytes=18048 qdelay_l_ms=2.12514 qdelay_c_ms=38.0027 ecn_mark=2131 drop=0
[QUEUE_STATS] t_ms=19936 q_pkts=14 q_bytes=21056 qdelay_l_ms=1.06248 qdelay_c_ms=47.4656 ecn_mark=2133 drop=0
[QUEUE_STATS] t_ms=19952 q_pkts=13 q_bytes=19552 qdelay_l_ms=1.06151 qdelay_c_ms=39.545 ecn_mark=2134 drop=0
[QUEUE_STATS] t_ms=19968 q_pkts=13 q_bytes=19552 qdelay_l_ms=1.0095 qdelay_c_ms=44.7697 ecn_mark=2134 drop=0
[QUEUE_STATS] t_ms=19984 q_pkts=13 q_bytes=19552 qdelay_l_ms=2.32251 qdelay_c_ms=35.9199 ecn_mark=2135 drop=0
[QUEUE_STATS] t_ms=20000 q_pkts=15 q_bytes=22560 qdelay_l_ms=1.07316 qdelay_c_ms=39.6372 ecn_mark=2139 drop=0
[QUEUE_STATS] t_ms=20016 q_pkts=13 q_bytes=19552 qdelay_l_ms=1.06666 qdelay_c_ms=41.0093 ecn_mark=2140 drop=0
[QUEUE_STATS] t_ms=20032 q_pkts=13 q_bytes=19552 qdelay_l_ms=1.06587 qdelay_c_ms=38.5549 ecn_mark=2142 drop=0
[QUEUE_STATS] t_ms=20048 q_pkts=14 q_bytes=21056 qdelay_l_ms=1.06456 qdelay_c_ms=38.5404 ecn_mark=2143 drop=0
[QUEUE_STATS] t_ms=20064 q_pkts=13 q_bytes=19552 qdelay_l_ms=0 qdelay_c_ms=39.653 ecn_mark=2143 drop=0
[QUEUE_STATS] t_ms=20080 q_pkts=15 q_bytes=22560 qdelay_l_ms=1.06578 qdelay_c_ms=45.7307 ecn_mark=2145 drop=0
[QUEUE_STATS] t_ms=20096 q_pkts=14 q_bytes=21056 qdelay_l_ms=3.25407 qdelay_c_ms=42.7982 ecn_mark=2146 drop=0
[QUEUE_STATS] t_ms=20112 q_pkts=15 q_bytes=22560 qdelay_l_ms=1.07247 qdelay_c_ms=49.6346 ecn_mark=2148 drop=0
[QUEUE_STATS] t_ms=20128 q_pkts=14 q_bytes=21056 qdelay_l_ms=1.06162 qdelay_c_ms=43.6429 ecn_mark=2148 drop=0
[QUEUE_STATS] t_ms=20144 q_pkts=15 q_bytes=22560 qdelay_l_ms=1.06199 qdelay_c_ms=34.5938 ecn_mark=2150 drop=0
[QUEUE_STATS] t_ms=20161 q_pkts=14 q_bytes=21056 qdelay_l_ms=2.1465 qdelay_c_ms=45.8393 ecn_mark=2152 drop=0
[QUEUE_STATS] t_ms=20176 q_pkts=13 q_bytes=19552 qdelay_l_ms=1.06547 qdelay_c_ms=40.975 ecn_mark=2152 drop=0
[QUEUE_STATS] t_ms=20192 q_pkts=15 q_bytes=22560 qdelay_l_ms=1.06182 qdelay_c_ms=49.4537 ecn_mark=2155 drop=0
[QUEUE_STATS] t_ms=20208 q_pkts=15 q_bytes=22560 qdelay_l_ms=1.06341 qdelay_c_ms=46.7773 ecn_mark=2156 drop=0
[QUEUE_STATS] t_ms=20224 q_pkts=16 q_bytes=24064 qdelay_l_ms=1.06231 qdelay_c_ms=47.979 ecn_mark=2159 drop=0
[QUEUE_STATS] t_ms=20240 q_pkts=15 q_bytes=22560 qdelay_l_ms=1.07647 qdelay_c_ms=53.7205 ecn_mark=2159 drop=0
[QUEUE_STATS] t_ms=20256 q_pkts=16 q_bytes=24064 qdelay_l_ms=0 qdelay_c_ms=52.055 ecn_mark=2161 drop=0
[QUEUE_STATS] t_ms=20272 q_pkts=13 q_bytes=19552 qdelay_l_ms=2.12573 qdelay_c_ms=47.1388 ecn_mark=2162 drop=0
[QUEUE_STATS] t_ms=20288 q_pkts=16 q_bytes=24064 qdelay_l_ms=1.06571 qdelay_c_ms=49.5586 ecn_mark=2165 drop=0
[QUEUE_STATS] t_ms=20304 q_pkts=15 q_bytes=22560 qdelay_l_ms=2.1357 qdelay_c_ms=49.9332 ecn_mark=2168 drop=0
[QUEUE_STATS] t_ms=20320 q_pkts=16 q_bytes=24064 qdelay_l_ms=0 qdelay_c_ms=46.3465 ecn_mark=2169 drop=0
[QUEUE_STATS] t_ms=20336 q_pkts=15 q_bytes=22560 qdelay_l_ms=1.06286 qdelay_c_ms=43.6191 ecn_mark=2170 drop=0
[QUEUE_STATS] t_ms=20352 q_pkts=16 q_bytes=24064 qdelay_l_ms=0 qdelay_c_ms=48.4536 ecn_mark=2171 drop=0
[QUEUE_STATS] t_ms=20368 q_pkts=13 q_bytes=19552 qdelay_l_ms=1.05317 qdelay_c_ms=44.3764 ecn_mark=2172 drop=0
[QUEUE_STATS] t_ms=20384 q_pkts=16 q_bytes=24064 qdelay_l_ms=1.06234 qdelay_c_ms=46.117 ecn_mark=2172 drop=0
[QUEUE_STATS] t_ms=20400 q_pkts=14 q_bytes=21056 qdelay_l_ms=0.745803 qdelay_c_ms=40.2114 ecn_mark=2172 drop=0
[QUEUE_STATS] t_ms=20416 q_pkts=16 q_bytes=24064 qdelay_l_ms=1.06289 qdelay_c_ms=43.4318 ecn_mark=2174 drop=0
[QUEUE_STATS] t_ms=20432 q_pkts=15 q_bytes=22560 qdelay_l_ms=1.07127 qdelay_c_ms=44.555 ecn_mark=2178 drop=0
[QUEUE_STATS] t_ms=20448 q_pkts=14 q_bytes=21056 qdelay_l_ms=0 qdelay_c_ms=42.058 ecn_mark=2180 drop=0
[QUEUE_STATS] t_ms=20464 q_pkts=14 q_bytes=21056 qdelay_l_ms=1.07846 qdelay_c_ms=46.575 ecn_mark=2183 drop=0
[QUEUE_STATS] t_ms=20480 q_pkts=14 q_bytes=21056 qdelay_l_ms=2.11851 qdelay_c_ms=40.9224 ecn_mark=2184 drop=0
[QUEUE_STATS] t_ms=20496 q_pkts=15 q_bytes=22560 qdelay_l_ms=1.05926 qdelay_c_ms=37.2189 ecn_mark=2185 drop=0
[QUEUE_STATS] t_ms=20512 q_pkts=15 q_bytes=22560 qdelay_l_ms=0 qdelay_c_ms=42.705 ecn_mark=2185 drop=0
[QUEUE_STATS] t_ms=20528 q_pkts=16 q_bytes=24064 qdelay_l_ms=1.07401 qdelay_c_ms=41.3449 ecn_mark=2186 drop=0
[QUEUE_STATS] t_ms=20544 q_pkts=16 q_bytes=24064 qdelay_l_ms=1.06819 qdelay_c_ms=36.4658 ecn_mark=2188 drop=0
[QUEUE_STATS] t_ms=20560 q_pkts=16 q_bytes=24064 qdelay_l_ms=1.06608 qdelay_c_ms=40.8373 ecn_mark=2189 drop=0
[QUEUE_STATS] t_ms=20576 q_pkts=16 q_bytes=24064 qdelay_l_ms=2.13733 qdelay_c_ms=39.7568 ecn_mark=2190 drop=0
[QUEUE_STATS] t_ms=20592 q_pkts=16 q_bytes=24064 qdelay_l_ms=1.05997 qdelay_c_ms=35.0702 ecn_mark=2191 drop=0
[QUEUE_STATS] t_ms=20608 q_pkts=15 q_bytes=22560 qdelay_l_ms=1.06233 qdelay_c_ms=44.337 ecn_mark=2193 drop=0
[QUEUE_STATS] t_ms=20624 q_pkts=17 q_bytes=25568 qdelay_l_ms=1.05362 qdelay_c_ms=38.1406 ecn_mark=2196 drop=0
[QUEUE_STATS] t_ms=20640 q_pkts=17 q_bytes=25568 qdelay_l_ms=1.06636 qdelay_c_ms=46.1774 ecn_mark=2198 drop=0
[QUEUE_STATS] t_ms=20656 q_pkts=16 q_bytes=24064 qdelay_l_ms=1.06663 qdelay_c_ms=45.6269 ecn_mark=2198 drop=0
[QUEUE_STATS] t_ms=20672 q_pkts=17 q_bytes=25568 qdelay_l_ms=1.05963 qdelay_c_ms=48.3882 ecn_mark=2199 drop=0
[QUEUE_STATS] t_ms=20688 q_pkts=17 q_bytes=25568 qdelay_l_ms=1.06271 qdelay_c_ms=45.7455 ecn_mark=2200 drop=0
[QUEUE_STATS] t_ms=20704 q_pkts=16 q_bytes=24064 qdelay_l_ms=0 qdelay_c_ms=48.062 ecn_mark=2203 drop=0
[QUEUE_STATS] t_ms=20720 q_pkts=18 q_bytes=27072 qdelay_l_ms=1.07183 qdelay_c_ms=45.2511 ecn_mark=2203 drop=0
[QUEUE_STATS] t_ms=20737 q_pkts=17 q_bytes=25568 qdelay_l_ms=0 qdelay_c_ms=46.6974 ecn_mark=2205 drop=0
[QUEUE_STATS] t_ms=20752 q_pkts=17 q_bytes=25568 qdelay_l_ms=0 qdelay_c_ms=46.9159 ecn_mark=2210 drop=0
[QUEUE_STATS] t_ms=20768 q_pkts=16 q_bytes=24064 qdelay_l_ms=2.12691 qdelay_c_ms=48.383 ecn_mark=2214 drop=0
[QUEUE_STATS] t_ms=20784 q_pkts=17 q_bytes=25568 qdelay_l_ms=2.15392 qdelay_c_ms=46.8661 ecn_mark=2216 drop=0
[QUEUE_STATS] t_ms=20800 q_pkts=19 q_bytes=28576 qdelay_l_ms=0 qdelay_c_ms=50.7503 ecn_mark=2218 drop=0
[QUEUE_STATS] t_ms=20816 q_pkts=16 q_bytes=24064 qdelay_l_ms=0 qdelay_c_ms=48.6039 ecn_mark=2221 drop=0
[QUEUE_STATS] t_ms=20832 q_pkts=17 q_bytes=25568 qdelay_l_ms=0 qdelay_c_ms=47.145 ecn_mark=2224 drop=0
[QUEUE_STATS] t_ms=20848 q_pkts=18 q_bytes=27072 qdelay_l_ms=1.05876 qdelay_c_ms=48.9065 ecn_mark=2225 drop=0
[QUEUE_STATS] t_ms=20864 q_pkts=17 q_bytes=25568 qdelay_l_ms=1.0598 qdelay_c_ms=42.1348 ecn_mark=2225 drop=0
[QUEUE_STATS] t_ms=20880 q_pkts=19 q_bytes=28576 qdelay_l_ms=0 qdelay_c_ms=46.8517 ecn_mark=2225 drop=0
[QUEUE_STATS] t_ms=20896 q_pkts=17 q_bytes=25568 qdelay_l_ms=0 qdelay_c_ms=48.6622 ecn_mark=2225 drop=0
[QUEUE_STATS] t_ms=20912 q_pkts=20 q_bytes=30080 qdelay_l_ms=1.0687 qdelay_c_ms=47.7048 ecn_mark=2226 drop=0
[QUEUE_STATS] t_ms=20928 q_pkts=20 q_bytes=30080 qdelay_l_ms=1.06886 qdelay_c_ms=51.5639 ecn_mark=2228 drop=0
[QUEUE_STATS] t_ms=20944 q_pkts=18 q_bytes=27072 qdelay_l_ms=2.10513 qdelay_c_ms=47.691 ecn_mark=2229 drop=0
[QUEUE_STATS] t_ms=20960 q_pkts=19 q_bytes=28576 qdelay_l_ms=1.08491 qdelay_c_ms=51.0635 ecn_mark=2231 drop=0
[QUEUE_STATS] t_ms=20976 q_pkts=19 q_bytes=28576 qdelay_l_ms=1.05795 qdelay_c_ms=52.9609 ecn_mark=2233 drop=0
[QUEUE_STATS] t_ms=20992 q_pkts=20 q_bytes=30080 qdelay_l_ms=0 qdelay_c_ms=56.5416 ecn_mark=2237 drop=0
[QUEUE_STATS] t_ms=21008 q_pkts=19 q_bytes=28576 qdelay_l_ms=1.06324 qdelay_c_ms=58.1307 ecn_mark=2237 drop=0
[QUEUE_STATS] t_ms=21024 q_pkts=19 q_bytes=28576 qdelay_l_ms=1.07314 qdelay_c_ms=55.0703 ecn_mark=2238 drop=0
[QUEUE_STATS] t_ms=21040 q_pkts=20 q_bytes=30080 qdelay_l_ms=1.06485 qdelay_c_ms=53.8303 ecn_mark=2239 drop=0
[QUEUE_STATS] t_ms=21056 q_pkts=19 q_bytes=28576 qdelay_l_ms=0 qdelay_c_ms=62.0793 ecn_mark=2239 drop=0
[QUEUE_STATS] t_ms=21072 q_pkts=21 q_bytes=31584 qdelay_l_ms=1.0778 qdelay_c_ms=58.0864 ecn_mark=2240 drop=0
[QUEUE_STATS] t_ms=21088 q_pkts=21 q_bytes=31584 qdelay_l_ms=2.41291 qdelay_c_ms=58.146 ecn_mark=2241 drop=0
[QUEUE_STATS] t_ms=21104 q_pkts=20 q_bytes=30080 qdelay_l_ms=1.06557 qdelay_c_ms=63.9728 ecn_mark=2242 drop=0
[QUEUE_STATS] t_ms=21121 q_pkts=21 q_bytes=31584 qdelay_l_ms=1.07769 qdelay_c_ms=62.1202 ecn_mark=2244 drop=0
[QUEUE_STATS] t_ms=21136 q_pkts=21 q_bytes=31584 qdelay_l_ms=1.05877 qdelay_c_ms=66.4506 ecn_mark=2245 drop=0
[QUEUE_STATS] t_ms=21152 q_pkts=21 q_bytes=31584 qdelay_l_ms=2.12505 qdelay_c_ms=61.9966 ecn_mark=2247 drop=0
[QUEUE_STATS] t_ms=21168 q_pkts=22 q_bytes=33088 qdelay_l_ms=1.06391 qdelay_c_ms=67.9934 ecn_mark=2250 drop=0
[QUEUE_STATS] t_ms=21184 q_pkts=22 q_bytes=33088 qdelay_l_ms=2.08128 qdelay_c_ms=65.7764 ecn_mark=2252 drop=0
[QUEUE_STATS] t_ms=21200 q_pkts=21 q_bytes=31584 qdelay_l_ms=0 qdelay_c_ms=69.9845 ecn_mark=2253 drop=0
[QUEUE_STATS] t_ms=21216 q_pkts=21 q_bytes=31584 qdelay_l_ms=1.06173 qdelay_c_ms=70.5273 ecn_mark=2256 drop=0
[QUEUE_STATS] t_ms=21232 q_pkts=20 q_bytes=30080 qdelay_l_ms=0.907968 qdelay_c_ms=64.5572 ecn_mark=2257 drop=0
[QUEUE_STATS] t_ms=21248 q_pkts=21 q_bytes=31584 qdelay_l_ms=1.06149 qdelay_c_ms=64.1902 ecn_mark=2261 drop=0
[QUEUE_STATS] t_ms=21264 q_pkts=20 q_bytes=30080 qdelay_l_ms=1.06661 qdelay_c_ms=61.0538 ecn_mark=2264 drop=0
[QUEUE_STATS] t_ms=21281 q_pkts=20 q_bytes=30080 qdelay_l_ms=1.07485 qdelay_c_ms=58.3509 ecn_mark=2267 drop=0
[QUEUE_STATS] t_ms=21296 q_pkts=20 q_bytes=30080 qdelay_l_ms=2.18369 qdelay_c_ms=54.0973 ecn_mark=2268 drop=0
[QUEUE_STATS] t_ms=21312 q_pkts=22 q_bytes=33088 qdelay_l_ms=1.06172 qdelay_c_ms=56.2858 ecn_mark=2268 drop=0
[QUEUE_STATS] t_ms=21328 q_pkts=21 q_bytes=31584 qdelay_l_ms=0 qdelay_c_ms=56.0553 ecn_mark=2268 drop=0
[QUEUE_STATS] t_ms=21344 q_pkts=23 q_bytes=34592 qdelay_l_ms=0 qdelay_c_ms=62.2065 ecn_mark=2270 drop=0
[QUEUE_STATS] t_ms=21360 q_pkts=20 q_bytes=30080 qdelay_l_ms=0 qdelay_c_ms=63.2044 ecn_mark=2273 drop=0
[QUEUE_STATS] t_ms=21376 q_pkts=20 q_bytes=30080 qdelay_l_ms=0 qdelay_c_ms=69.1179 ecn_mark=2273 drop=0
[QUEUE_STATS] t_ms=21392 q_pkts=20 q_bytes=30080 qdelay_l_ms=1.32302 qdelay_c_ms=55.3499 ecn_mark=2274 drop=0
[QUEUE_STATS] t_ms=21408 q_pkts=22 q_bytes=33088 qdelay_l_ms=0 qdelay_c_ms=57.0912 ecn_mark=2276 drop=0
[QUEUE_STATS] t_ms=21424 q_pkts=20 q_bytes=30080 qdelay_l_ms=0 qdelay_c_ms=58.7184 ecn_mark=2280 drop=0
[QUEUE_STATS] t_ms=21440 q_pkts=20 q_bytes=30080 qdelay_l_ms=0 qdelay_c_ms=57.9658 ecn_mark=2280 drop=0
[QUEUE_STATS] t_ms=21456 q_pkts=21 q_bytes=31584 qdelay_l_ms=1.07127 qdelay_c_ms=55.9703 ecn_mark=2282 drop=0
[QUEUE_STATS] t_ms=21473 q_pkts=22 q_bytes=33088 qdelay_l_ms=0 qdelay_c_ms=59.6175 ecn_mark=2284 drop=0
[QUEUE_STATS] t_ms=21488 q_pkts=21 q_bytes=31584 qdelay_l_ms=2.12597 qdelay_c_ms=53.6309 ecn_mark=2288 drop=0
[QUEUE_STATS] t_ms=21504 q_pkts=21 q_bytes=31584 qdelay_l_ms=1.05832 qdelay_c_ms=53.8427 ecn_mark=2289 drop=0
[QUEUE_STATS] t_ms=21520 q_pkts=22 q_bytes=33088 qdelay_l_ms=1.06247 qdelay_c_ms=54.3685 ecn_mark=2292 drop=0
[QUEUE_STATS] t_ms=21536 q_pkts=21 q_bytes=31584 qdelay_l_ms=0 qdelay_c_ms=56.1588 ecn_mark=2293 drop=0
[QUEUE_STATS] t_ms=21552 q_pkts=22 q_bytes=33088 qdelay_l_ms=1.06199 qdelay_c_ms=57.6392 ecn_mark=2294 drop=0
[QUEUE_STATS] t_ms=21568 q_pkts=22 q_bytes=33088 qdelay_l_ms=1.05876 qdelay_c_ms=56.1717 ecn_mark=2296 drop=0
[QUEUE_STATS] t_ms=21584 q_pkts=21 q_bytes=31584 qdelay_l_ms=0 qdelay_c_ms=59.271 ecn_mark=2296 drop=0
[QUEUE_STATS] t_ms=21600 q_pkts=20 q_bytes=30080 qdelay_l_ms=1.06382 qdelay_c_ms=56.2484 ecn_mark=2296 drop=0
[QUEUE_STATS] t_ms=21616 q_pkts=24 q_bytes=36096 qdelay_l_ms=1.06007 qdelay_c_ms=59.4578 ecn_mark=2297 drop=0
[QUEUE_STATS] t_ms=21632 q_pkts=21 q_bytes=31584 qdelay_l_ms=1.06514 qdelay_c_ms=57.824 ecn_mark=2300 drop=0
[QUEUE_STATS] t_ms=21648 q_pkts=21 q_bytes=31584 qdelay_l_ms=0 qdelay_c_ms=61.0837 ecn_mark=2300 drop=0
[QUEUE_STATS] t_ms=21664 q_pkts=24 q_bytes=36096 qdelay_l_ms=0 qdelay_c_ms=62.6627 ecn_mark=2302 drop=0
[QUEUE_STATS] t_ms=21680 q_pkts=23 q_bytes=34592 qdelay_l_ms=1.07001 qdelay_c_ms=60.1759 ecn_mark=2303 drop=0
[QUEUE_STATS] t_ms=21696 q_pkts=22 q_bytes=33088 qdelay_l_ms=1.06346 qdelay_c_ms=63.9114 ecn_mark=2306 drop=0
[QUEUE_STATS] t_ms=21712 q_pkts=24 q_bytes=36096 qdelay_l_ms=2.16 qdelay_c_ms=62.4275 ecn_mark=2308 drop=0
[QUEUE_STATS] t_ms=21728 q_pkts=23 q_bytes=34592 qdelay_l_ms=1.06133 qdelay_c_ms=64.2168 ecn_mark=2309 drop=0
[QUEUE_STATS] t_ms=21744 q_pkts=23 q_bytes=34592 qdelay_l_ms=1.07611 qdelay_c_ms=61.0709 ecn_mark=2310 drop=0
[QUEUE_STATS] t_ms=21760 q_pkts=22 q_bytes=33088 qdelay_l_ms=1.06684 qdelay_c_ms=61.4308 ecn_mark=2314 drop=0
[QUEUE_STATS] t_ms=21776 q_pkts=23 q_bytes=34592 qdelay_l_ms=0 qdelay_c_ms=54.4298 ecn_mark=2317 drop=0
[QUEUE_STATS] t_ms=21792 q_pkts=23 q_bytes=34592 qdelay_l_ms=0 qdelay_c_ms=53.6248 ecn_mark=2318 drop=0
[QUEUE_STATS] t_ms=21808 q_pkts=23 q_bytes=34592 qdelay_l_ms=2.12096 qdelay_c_ms=54.9629 ecn_mark=2319 drop=0
[QUEUE_STATS] t_ms=21824 q_pkts=23 q_bytes=34592 qdelay_l_ms=1.06457 qdelay_c_ms=55.8436 ecn_mark=2320 drop=0
[QUEUE_STATS] t_ms=21840 q_pkts=22 q_bytes=33088 qdelay_l_ms=0 qdelay_c_ms=57.739 ecn_mark=2323 drop=0
[QUEUE_STATS] t_ms=21856 q_pkts=22 q_bytes=33088 qdelay_l_ms=1.0662 qdelay_c_ms=51.6331 ecn_mark=2325 drop=0
[QUEUE_STATS] t_ms=21872 q_pkts=22 q_bytes=33088 qdelay_l_ms=0 qdelay_c_ms=56.2444 ecn_mark=2326 drop=0
[QUEUE_STATS] t_ms=21889 q_pkts=24 q_bytes=36096 qdelay_l_ms=2.15301 qdelay_c_ms=52.1233 ecn_mark=2327 drop=0
[QUEUE_STATS] t_ms=21904 q_pkts=22 q_bytes=33088 qdelay_l_ms=0 qdelay_c_ms=54.2875 ecn_mark=2328 drop=0
[QUEUE_STATS] t_ms=21920 q_pkts=24 q_bytes=36096 qdelay_l_ms=1.91041 qdelay_c_ms=50.626 ecn_mark=2329 drop=0
[QUEUE_STATS] t_ms=21936 q_pkts=21 q_bytes=31584 qdelay_l_ms=0.843437 qdelay_c_ms=50.9332 ecn_mark=2329 drop=0
[QUEUE_STATS] t_ms=21952 q_pkts=25 q_bytes=37600 qdelay_l_ms=2.13703 qdelay_c_ms=45.1663 ecn_mark=2331 drop=0
[QUEUE_STATS] t_ms=21968 q_pkts=24 q_bytes=36096 qdelay_l_ms=1.64844 qdelay_c_ms=51.4228 ecn_mark=2333 drop=0
[QUEUE_STATS] t_ms=21984 q_pkts=21 q_bytes=31584 qdelay_l_ms=0 qdelay_c_ms=53.4133 ecn_mark=2336 drop=0
[QUEUE_STATS] t_ms=22000 q_pkts=25 q_bytes=37600 qdelay_l_ms=2.20739 qdelay_c_ms=53.6762 ecn_mark=2340 drop=0
[QUEUE_STATS] t_ms=22016 q_pkts=23 q_bytes=34592 qdelay_l_ms=3.08069 qdelay_c_ms=51.9777 ecn_mark=2340 drop=0
[QUEUE_STATS] t_ms=22032 q_pkts=24 q_bytes=36096 qdelay_l_ms=0 qdelay_c_ms=53.4577 ecn_mark=2343 drop=0
[QUEUE_STATS] t_ms=22048 q_pkts=25 q_bytes=37600 qdelay_l_ms=0 qdelay_c_ms=53.6632 ecn_mark=2344 drop=0
[QUEUE_STATS] t_ms=22064 q_pkts=26 q_bytes=39104 qdelay_l_ms=1.06608 qdelay_c_ms=54.2628 ecn_mark=2346 drop=0
[QUEUE_STATS] t_ms=22080 q_pkts=25 q_bytes=37600 qdelay_l_ms=0 qdelay_c_ms=55.7032 ecn_mark=2347 drop=0
[QUEUE_STATS] t_ms=22096 q_pkts=24 q_bytes=36096 qdelay_l_ms=0 qdelay_c_ms=60.5435 ecn_mark=2348 drop=0
[QUEUE_STATS] t_ms=22112 q_pkts=26 q_bytes=39104 qdelay_l_ms=0 qdelay_c_ms=57.5174 ecn_mark=2349 drop=0
[QUEUE_STATS] t_ms=22128 q_pkts=25 q_bytes=37600 qdelay_l_ms=1.05898 qdelay_c_ms=57.6419 ecn_mark=2349 drop=0
[QUEUE_STATS] t_ms=22144 q_pkts=26 q_bytes=39104 qdelay_l_ms=0 qdelay_c_ms=57.0753 ecn_mark=2353 drop=0
[QUEUE_STATS] t_ms=22160 q_pkts=23 q_bytes=34592 qdelay_l_ms=0 qdelay_c_ms=57.247 ecn_mark=2354 drop=0
[QUEUE_STATS] t_ms=22176 q_pkts=25 q_bytes=37600 qdelay_l_ms=0 qdelay_c_ms=56.7115 ecn_mark=2357 drop=0
[QUEUE_STATS] t_ms=22192 q_pkts=24 q_bytes=36096 qdelay_l_ms=2.14073 qdelay_c_ms=58.507 ecn_mark=2358 drop=0
[QUEUE_STATS] t_ms=22208 q_pkts=23 q_bytes=34592 qdelay_l_ms=0 qdelay_c_ms=56.2259 ecn_mark=2359 drop=0
[QUEUE_STATS] t_ms=22224 q_pkts=26 q_bytes=39104 qdelay_l_ms=1.06529 qdelay_c_ms=55.8792 ecn_mark=2361 drop=0
[QUEUE_STATS] t_ms=22240 q_pkts=26 q_bytes=39104 qdelay_l_ms=1.06122 qdelay_c_ms=61.1846 ecn_mark=2362 drop=0
[QUEUE_STATS] t_ms=22256 q_pkts=26 q_bytes=39104 qdelay_l_ms=1.0618 qdelay_c_ms=59.1726 ecn_mark=2363 drop=0
[QUEUE_STATS] t_ms=22272 q_pkts=25 q_bytes=37600 qdelay_l_ms=0 qdelay_c_ms=61.4996 ecn_mark=2365 drop=0
[QUEUE_STATS] t_ms=22288 q_pkts=24 q_bytes=36096 qdelay_l_ms=0 qdelay_c_ms=62.2531 ecn_mark=2366 drop=0
[QUEUE_STATS] t_ms=22304 q_pkts=26 q_bytes=39104 qdelay_l_ms=0 qdelay_c_ms=55.6451 ecn_mark=2369 drop=0
[QUEUE_STATS] t_ms=22320 q_pkts=25 q_bytes=37600 qdelay_l_ms=0 qdelay_c_ms=59.8165 ecn_mark=2371 drop=0
[QUEUE_STATS] t_ms=22336 q_pkts=27 q_bytes=40608 qdelay_l_ms=1.06794 qdelay_c_ms=58.0865 ecn_mark=2373 drop=0
[QUEUE_STATS] t_ms=22352 q_pkts=27 q_bytes=40608 qdelay_l_ms=1.05855 qdelay_c_ms=57.1918 ecn_mark=2373 drop=0
[QUEUE_STATS] t_ms=22368 q_pkts=25 q_bytes=37600 qdelay_l_ms=2.11987 qdelay_c_ms=58.9176 ecn_mark=2374 drop=0
[QUEUE_STATS] t_ms=22385 q_pkts=27 q_bytes=40608 qdelay_l_ms=2.13936 qdelay_c_ms=58.5369 ecn_mark=2375 drop=0
[QUEUE_STATS] t_ms=22400 q_pkts=26 q_bytes=39104 qdelay_l_ms=2.0892 qdelay_c_ms=58.3423 ecn_mark=2375 drop=0
[QUEUE_STATS] t_ms=22416 q_pkts=26 q_bytes=39104 qdelay_l_ms=0 qdelay_c_ms=58.8402 ecn_mark=2378 drop=0
[QUEUE_STATS] t_ms=22433 q_pkts=24 q_bytes=36096 qdelay_l_ms=1.06837 qdelay_c_ms=61.268 ecn_mark=2380 drop=0
[QUEUE_STATS] t_ms=22448 q_pkts=27 q_bytes=40608 qdelay_l_ms=2.14745 qdelay_c_ms=54.4703 ecn_mark=2382 drop=0
[QUEUE_STATS] t_ms=22464 q_pkts=26 q_bytes=39104 qdelay_l_ms=1.06553 qdelay_c_ms=57.6557 ecn_mark=2383 drop=0
[QUEUE_STATS] t_ms=22480 q_pkts=26 q_bytes=39104 qdelay_l_ms=2.16612 qdelay_c_ms=53.7614 ecn_mark=2383 drop=0
[QUEUE_STATS] t_ms=22496 q_pkts=27 q_bytes=40608 qdelay_l_ms=1.06783 qdelay_c_ms=54.9979 ecn_mark=2383 drop=0
[QUEUE_STATS] t_ms=22512 q_pkts=26 q_bytes=39104 qdelay_l_ms=2.13192 qdelay_c_ms=60.0613 ecn_mark=2384 drop=0
[QUEUE_STATS] t_ms=22528 q_pkts=28 q_bytes=42112 qdelay_l_ms=1.05536 qdelay_c_ms=60.6206 ecn_mark=2386 drop=0
[QUEUE_STATS] t_ms=22544 q_pkts=25 q_bytes=37600 qdelay_l_ms=2.11648 qdelay_c_ms=59.9723 ecn_mark=2388 drop=0
[QUEUE_STATS] t_ms=22560 q_pkts=27 q_bytes=40608 qdelay_l_ms=0 qdelay_c_ms=62.3072 ecn_mark=2389 drop=0
[QUEUE_STATS] t_ms=22576 q_pkts=28 q_bytes=42112 qdelay_l_ms=1.05745 qdelay_c_ms=64.3018 ecn_mark=2393 drop=0
[QUEUE_STATS] t_ms=22592 q_pkts=29 q_bytes=43616 qdelay_l_ms=2.16286 qdelay_c_ms=65.1289 ecn_mark=2396 drop=0
[QUEUE_STATS] t_ms=22608 q_pkts=28 q_bytes=42112 qdelay_l_ms=1.08712 qdelay_c_ms=63.5376 ecn_mark=2397 drop=0
[QUEUE_STATS] t_ms=22624 q_pkts=26 q_bytes=39104 qdelay_l_ms=1.07274 qdelay_c_ms=65.3438 ecn_mark=2398 drop=0
[QUEUE_STATS] t_ms=22641 q_pkts=22 q_bytes=33088 qdelay_l_ms=1.06115 qdelay_c_ms=65.1454 ecn_mark=2400 drop=0
[QUEUE_STATS] t_ms=22656 q_pkts=20 q_bytes=30080 qdelay_l_ms=1.06799 qdelay_c_ms=66.0416 ecn_mark=2401 drop=0
[QUEUE_STATS] t_ms=22672 q_pkts=18 q_bytes=27072 qdelay_l_ms=1.08339 qdelay_c_ms=56.6546 ecn_mark=2401 drop=0
[QUEUE_STATS] t_ms=22688 q_pkts=16 q_bytes=24064 qdelay_l_ms=1.05729 qdelay_c_ms=56.0082 ecn_mark=2402 drop=0
[QUEUE_STATS] t_ms=22704 q_pkts=16 q_bytes=24064 qdelay_l_ms=1.0665 qdelay_c_ms=44.3685 ecn_mark=2403 drop=0
[QUEUE_STATS] t_ms=22720 q_pkts=17 q_bytes=25568 qdelay_l_ms=1.07564 qdelay_c_ms=36.5154 ecn_mark=2403 drop=0
[QUEUE_STATS] t_ms=22736 q_pkts=17 q_bytes=25568 qdelay_l_ms=1.05779 qdelay_c_ms=40.4623 ecn_mark=2405 drop=0
[QUEUE_STATS] t_ms=22753 q_pkts=18 q_bytes=27072 qdelay_l_ms=1.06553 qdelay_c_ms=38.8797 ecn_mark=2405 drop=0
[QUEUE_STATS] t_ms=22768 q_pkts=18 q_bytes=27072 qdelay_l_ms=1.07074 qdelay_c_ms=39.0636 ecn_mark=2406 drop=0
[QUEUE_STATS] t_ms=22784 q_pkts=18 q_bytes=27072 qdelay_l_ms=1.0676 qdelay_c_ms=39.6992 ecn_mark=2410 drop=0
[QUEUE_STATS] t_ms=22800 q_pkts=18 q_bytes=27072 qdelay_l_ms=1.06207 qdelay_c_ms=42.7633 ecn_mark=2411 drop=0
[QUEUE_STATS] t_ms=22816 q_pkts=19 q_bytes=28576 qdelay_l_ms=2.14261 qdelay_c_ms=43.4924 ecn_mark=2413 drop=0
[QUEUE_STATS] t_ms=22832 q_pkts=18 q_bytes=27072 qdelay_l_ms=1.05859 qdelay_c_ms=44.4472 ecn_mark=2418 drop=0
[QUEUE_STATS] t_ms=22848 q_pkts=20 q_bytes=30080 qdelay_l_ms=1.02625 qdelay_c_ms=45.1074 ecn_mark=2421 drop=0
[QUEUE_STATS] t_ms=22864 q_pkts=18 q_bytes=27072 qdelay_l_ms=0 qdelay_c_ms=45.4188 ecn_mark=2422 drop=0
[QUEUE_STATS] t_ms=22880 q_pkts=20 q_bytes=30080 qdelay_l_ms=1.07187 qdelay_c_ms=44.876 ecn_mark=2423 drop=0
[QUEUE_STATS] t_ms=22896 q_pkts=20 q_bytes=30080 qdelay_l_ms=0 qdelay_c_ms=46.0287 ecn_mark=2425 drop=0
[QUEUE_STATS] t_ms=22912 q_pkts=20 q_bytes=30080 qdelay_l_ms=0 qdelay_c_ms=45.4255 ecn_mark=2427 drop=0
[QUEUE_STATS] t_ms=22928 q_pkts=20 q_bytes=30080 qdelay_l_ms=1.07837 qdelay_c_ms=42.9001 ecn_mark=2430 drop=0
[QUEUE_STATS] t_ms=22944 q_pkts=19 q_bytes=28576 qdelay_l_ms=0 qdelay_c_ms=43.2964 ecn_mark=2431 drop=0
[QUEUE_STATS] t_ms=22960 q_pkts=18 q_bytes=27072 qdelay_l_ms=1.0601 qdelay_c_ms=38.9002 ecn_mark=2432 drop=0
[QUEUE_STATS] t_ms=22977 q_pkts=15 q_bytes=22560 qdelay_l_ms=0 qdelay_c_ms=37.4471 ecn_mark=2435 drop=0
[QUEUE_STATS] t_ms=22992 q_pkts=13 q_bytes=19552 qdelay_l_ms=1.02946 qdelay_c_ms=39.0528 ecn_mark=2436 drop=0
[QUEUE_STATS] t_ms=23008 q_pkts=10 q_bytes=15040 qdelay_l_ms=0 qdelay_c_ms=36.8178 ecn_mark=2438 drop=0
[QUEUE_STATS] t_ms=23024 q_pkts=10 q_bytes=15040 qdelay_l_ms=0 qdelay_c_ms=27.3472 ecn_mark=2439 drop=0
[QUEUE_STATS] t_ms=23040 q_pkts=10 q_bytes=15040 qdelay_l_ms=0 qdelay_c_ms=23.5081 ecn_mark=2440 drop=0
[QUEUE_STATS] t_ms=23056 q_pkts=11 q_bytes=16544 qdelay_l_ms=0 qdelay_c_ms=24.5376 ecn_mark=2443 drop=0
[QUEUE_STATS] t_ms=23072 q_pkts=11 q_bytes=16544 qdelay_l_ms=1.05919 qdelay_c_ms=22.1969 ecn_mark=2446 drop=0
[QUEUE_STATS] t_ms=23088 q_pkts=10 q_bytes=15040 qdelay_l_ms=0 qdelay_c_ms=22.5689 ecn_mark=2448 drop=0
[QUEUE_STATS] t_ms=23104 q_pkts=11 q_bytes=16544 qdelay_l_ms=1.07014 qdelay_c_ms=24.6189 ecn_mark=2450 drop=0
[QUEUE_STATS] t_ms=23121 q_pkts=11 q_bytes=16544 qdelay_l_ms=1.0689 qdelay_c_ms=21.973 ecn_mark=2451 drop=0
[QUEUE_STATS] t_ms=23137 q_pkts=12 q_bytes=18048 qdelay_l_ms=1.04355 qdelay_c_ms=19.1728 ecn_mark=2452 drop=0
[QUEUE_STATS] t_ms=23152 q_pkts=12 q_bytes=18048 qdelay_l_ms=0 qdelay_c_ms=23.5456 ecn_mark=2457 drop=0
[QUEUE_STATS] t_ms=23168 q_pkts=12 q_bytes=18048 qdelay_l_ms=0 qdelay_c_ms=23.5269 ecn_mark=2458 drop=0
[QUEUE_STATS] t_ms=23184 q_pkts=11 q_bytes=16544 qdelay_l_ms=1.05946 qdelay_c_ms=20.8384 ecn_mark=2458 drop=0
[QUEUE_STATS] t_ms=23200 q_pkts=13 q_bytes=19552 qdelay_l_ms=1.067 qdelay_c_ms=22.7346 ecn_mark=2462 drop=0
[QUEUE_STATS] t_ms=23216 q_pkts=13 q_bytes=19552 qdelay_l_ms=1.06181 qdelay_c_ms=27.2393 ecn_mark=2464 drop=0
[QUEUE_STATS] t_ms=23232 q_pkts=12 q_bytes=18048 qdelay_l_ms=1.06687 qdelay_c_ms=27.4878 ecn_mark=2466 drop=0
[QUEUE_STATS] t_ms=23248 q_pkts=13 q_bytes=19552 qdelay_l_ms=0 qdelay_c_ms=30.4867 ecn_mark=2467 drop=0
[QUEUE_STATS] t_ms=23264 q_pkts=13 q_bytes=19552 qdelay_l_ms=1.07826 qdelay_c_ms=29.3607 ecn_mark=2468 drop=0
[QUEUE_STATS] t_ms=23280 q_pkts=13 q_bytes=19552 qdelay_l_ms=0 qdelay_c_ms=28.085 ecn_mark=2470 drop=0
[QUEUE_STATS] t_ms=23296 q_pkts=13 q_bytes=19552 qdelay_l_ms=1.04441 qdelay_c_ms=24.6489 ecn_mark=2471 drop=0
[QUEUE_STATS] t_ms=23313 q_pkts=13 q_bytes=19552 qdelay_l_ms=1.04897 qdelay_c_ms=23.4085 ecn_mark=2474 drop=0
[QUEUE_STATS] t_ms=23328 q_pkts=13 q_bytes=19552 qdelay_l_ms=0 qdelay_c_ms=25.713 ecn_mark=2477 drop=0
[QUEUE_STATS] t_ms=23344 q_pkts=14 q_bytes=21056 qdelay_l_ms=1.06666 qdelay_c_ms=28.3098 ecn_mark=2479 drop=0
[QUEUE_STATS] t_ms=23360 q_pkts=13 q_bytes=19552 qdelay_l_ms=1.0633 qdelay_c_ms=27.4379 ecn_mark=2480 drop=0
[QUEUE_STATS] t_ms=23376 q_pkts=11 q_bytes=16544 qdelay_l_ms=0 qdelay_c_ms=27.4131 ecn_mark=2483 drop=0
[QUEUE_STATS] t_ms=23392 q_pkts=14 q_bytes=21056 qdelay_l_ms=0 qdelay_c_ms=29.2224 ecn_mark=2484 drop=0
[QUEUE_STATS] t_ms=23408 q_pkts=13 q_bytes=19552 qdelay_l_ms=0 qdelay_c_ms=23.4454 ecn_mark=2485 drop=0
[QUEUE_STATS] t_ms=23424 q_pkts=13 q_bytes=19552 qdelay_l_ms=0 qdelay_c_ms=25.2421 ecn_mark=2488 drop=0
[QUEUE_STATS] t_ms=23440 q_pkts=11 q_bytes=16544 qdelay_l_ms=2.11181 qdelay_c_ms=21.7433 ecn_mark=2491 drop=0
[QUEUE_STATS] t_ms=23456 q_pkts=12 q_bytes=18048 qdelay_l_ms=0.557949 qdelay_c_ms=17.7944 ecn_mark=2491 drop=0
[QUEUE_STATS] t_ms=23472 q_pkts=14 q_bytes=21056 qdelay_l_ms=0 qdelay_c_ms=26.276 ecn_mark=2491 drop=0
[QUEUE_STATS] t_ms=23488 q_pkts=14 q_bytes=21056 qdelay_l_ms=0 qdelay_c_ms=24.7583 ecn_mark=2493 drop=0
[QUEUE_STATS] t_ms=23504 q_pkts=14 q_bytes=21056 qdelay_l_ms=1.06561 qdelay_c_ms=25.5003 ecn_mark=2496 drop=0
[QUEUE_STATS] t_ms=23521 q_pkts=13 q_bytes=19552 qdelay_l_ms=1.0767 qdelay_c_ms=25.5571 ecn_mark=2497 drop=0
[QUEUE_STATS] t_ms=23536 q_pkts=15 q_bytes=22560 qdelay_l_ms=1.06119 qdelay_c_ms=24.2906 ecn_mark=2500 drop=0
[QUEUE_STATS] t_ms=23552 q_pkts=14 q_bytes=21056 qdelay_l_ms=0 qdelay_c_ms=26.9732 ecn_mark=2502 drop=0
[QUEUE_STATS] t_ms=23568 q_pkts=11 q_bytes=16544 qdelay_l_ms=2.10346 qdelay_c_ms=24.9071 ecn_mark=2506 drop=0
[QUEUE_STATS] t_ms=23584 q_pkts=8 q_bytes=12032 qdelay_l_ms=0 qdelay_c_ms=24.7242 ecn_mark=2507 drop=0
[QUEUE_STATS] t_ms=23600 q_pkts=6 q_bytes=9024 qdelay_l_ms=1.06357 qdelay_c_ms=13.5991 ecn_mark=2509 drop=0
[QUEUE_STATS] t_ms=23616 q_pkts=6 q_bytes=9024 qdelay_l_ms=0 qdelay_c_ms=9.38457 ecn_mark=2510 drop=0
[QUEUE_STATS] t_ms=23632 q_pkts=7 q_bytes=10528 qdelay_l_ms=0 qdelay_c_ms=9.64849 ecn_mark=2513 drop=0
[QUEUE_STATS] t_ms=23648 q_pkts=6 q_bytes=9024 qdelay_l_ms=0 qdelay_c_ms=11.1207 ecn_mark=2513 drop=0
[QUEUE_STATS] t_ms=23664 q_pkts=7 q_bytes=10528 qdelay_l_ms=0 qdelay_c_ms=10.75 ecn_mark=2515 drop=0
[QUEUE_STATS] t_ms=23680 q_pkts=6 q_bytes=9024 qdelay_l_ms=0 qdelay_c_ms=10.2725 ecn_mark=2517 drop=0
[QUEUE_STATS] t_ms=23696 q_pkts=6 q_bytes=9024 qdelay_l_ms=0 qdelay_c_ms=9.68845 ecn_mark=2518 drop=0
[QUEUE_STATS] t_ms=23712 q_pkts=7 q_bytes=10528 qdelay_l_ms=1.07741 qdelay_c_ms=11.1361 ecn_mark=2518 drop=0
[QUEUE_STATS] t_ms=23728 q_pkts=7 q_bytes=10528 qdelay_l_ms=1.07143 qdelay_c_ms=11.2936 ecn_mark=2519 drop=0
[QUEUE_STATS] t_ms=23744 q_pkts=8 q_bytes=12032 qdelay_l_ms=1.07567 qdelay_c_ms=13.7037 ecn_mark=2520 drop=0
[QUEUE_STATS] t_ms=23760 q_pkts=6 q_bytes=9024 qdelay_l_ms=0 qdelay_c_ms=14.8176 ecn_mark=2522 drop=0
[QUEUE_STATS] t_ms=23776 q_pkts=8 q_bytes=12032 qdelay_l_ms=0 qdelay_c_ms=11.3916 ecn_mark=2522 drop=0
[QUEUE_STATS] t_ms=23792 q_pkts=8 q_bytes=12032 qdelay_l_ms=1.08309 qdelay_c_ms=12.2923 ecn_mark=2523 drop=0
[QUEUE_STATS] t_ms=23808 q_pkts=9 q_bytes=13536 qdelay_l_ms=0 qdelay_c_ms=15.6355 ecn_mark=2526 drop=0
[QUEUE_STATS] t_ms=23824 q_pkts=8 q_bytes=12032 qdelay_l_ms=0 qdelay_c_ms=18.1887 ecn_mark=2526 drop=0
[QUEUE_STATS] t_ms=23840 q_pkts=5 q_bytes=7520 qdelay_l_ms=0 qdelay_c_ms=14.7551 ecn_mark=2527 drop=0
[QUEUE_STATS] t_ms=23856 q_pkts=3 q_bytes=4512 qdelay_l_ms=0 qdelay_c_ms=4.30888 ecn_mark=2527 drop=0
[QUEUE_STATS] t_ms=23872 q_pkts=2 q_bytes=3008 qdelay_l_ms=1.06017 qdelay_c_ms=2.07138 ecn_mark=2528 drop=0
[QUEUE_STATS] t_ms=23888 q_pkts=3 q_bytes=4512 qdelay_l_ms=1.04054 qdelay_c_ms=4.29425 ecn_mark=2530 drop=0
[QUEUE_STATS] t_ms=23904 q_pkts=4 q_bytes=6016 qdelay_l_ms=2.13659 qdelay_c_ms=3.24833 ecn_mark=2532 drop=0
[QUEUE_STATS] t_ms=23920 q_pkts=4 q_bytes=6016 qdelay_l_ms=2.09986 qdelay_c_ms=5.88878 ecn_mark=2533 drop=0
[QUEUE_STATS] t_ms=23936 q_pkts=4 q_bytes=6016 qdelay_l_ms=1.07719 qdelay_c_ms=5.27055 ecn_mark=2533 drop=0
[QUEUE_STATS] t_ms=23952 q_pkts=3 q_bytes=4512 qdelay_l_ms=0 qdelay_c_ms=6.60188 ecn_mark=2535 drop=0
[QUEUE_STATS] t_ms=23968 q_pkts=4 q_bytes=6016 qdelay_l_ms=0 qdelay_c_ms=9.96444 ecn_mark=2536 drop=0
[QUEUE_STATS] t_ms=23984 q_pkts=6 q_bytes=9024 qdelay_l_ms=0 qdelay_c_ms=9.51212 ecn_mark=2539 drop=0
[QUEUE_STATS] t_ms=24000 q_pkts=5 q_bytes=7520 qdelay_l_ms=1.06559 qdelay_c_ms=11.0755 ecn_mark=2540 drop=0
[QUEUE_STATS] t_ms=24016 q_pkts=7 q_bytes=10528 qdelay_l_ms=1.06842 qdelay_c_ms=6.46879 ecn_mark=2544 drop=0
[QUEUE_STATS] t_ms=24032 q_pkts=5 q_bytes=7520 qdelay_l_ms=0 qdelay_c_ms=12.9207 ecn_mark=2546 drop=0
[QUEUE_STATS] t_ms=24048 q_pkts=5 q_bytes=7520 qdelay_l_ms=0 qdelay_c_ms=7.56268 ecn_mark=2547 drop=0
[QUEUE_STATS] t_ms=24064 q_pkts=6 q_bytes=9024 qdelay_l_ms=0 qdelay_c_ms=13.7438 ecn_mark=2549 drop=0
[QUEUE_STATS] t_ms=24080 q_pkts=7 q_bytes=10528 qdelay_l_ms=1.07404 qdelay_c_ms=13.5625 ecn_mark=2549 drop=0
[QUEUE_STATS] t_ms=24096 q_pkts=8 q_bytes=12032 qdelay_l_ms=1.06566 qdelay_c_ms=14.5588 ecn_mark=2550 drop=0
[QUEUE_STATS] t_ms=24112 q_pkts=6 q_bytes=9024 qdelay_l_ms=2.13504 qdelay_c_ms=10.3176 ecn_mark=2551 drop=0
[QUEUE_STATS] t_ms=24128 q_pkts=8 q_bytes=12032 qdelay_l_ms=1.08252 qdelay_c_ms=13.0645 ecn_mark=2551 drop=0
[QUEUE_STATS] t_ms=24144 q_pkts=8 q_bytes=12032 qdelay_l_ms=1.06558 qdelay_c_ms=12.6818 ecn_mark=2553 drop=0
[QUEUE_STATS] t_ms=24160 q_pkts=6 q_bytes=9024 qdelay_l_ms=1.0819 qdelay_c_ms=13.662 ecn_mark=2553 drop=0
[QUEUE_STATS] t_ms=24176 q_pkts=7 q_bytes=10528 qdelay_l_ms=1.06537 qdelay_c_ms=12.8997 ecn_mark=2555 drop=0
[QUEUE_STATS] t_ms=24192 q_pkts=9 q_bytes=13536 qdelay_l_ms=1.07511 qdelay_c_ms=15.472 ecn_mark=2557 drop=0
[QUEUE_STATS] t_ms=24208 q_pkts=8 q_bytes=12032 qdelay_l_ms=0 qdelay_c_ms=17.9993 ecn_mark=2558 drop=0
[QUEUE_STATS] t_ms=24224 q_pkts=9 q_bytes=13536 qdelay_l_ms=1.05404 qdelay_c_ms=14.8135 ecn_mark=2559 drop=0
[QUEUE_STATS] t_ms=24240 q_pkts=8 q_bytes=12032 qdelay_l_ms=2.11952 qdelay_c_ms=18.6004 ecn_mark=2559 drop=0
[QUEUE_STATS] t_ms=24256 q_pkts=11 q_bytes=16544 qdelay_l_ms=1.06563 qdelay_c_ms=20.1311 ecn_mark=2561 drop=0
[QUEUE_STATS] t_ms=24272 q_pkts=11 q_bytes=16544 qdelay_l_ms=1.077 qdelay_c_ms=21.5162 ecn_mark=2564 drop=0
[QUEUE_STATS] t_ms=24288 q_pkts=11 q_bytes=16544 qdelay_l_ms=1.06719 qdelay_c_ms=23.3812 ecn_mark=2566 drop=0
[QUEUE_STATS] t_ms=24304 q_pkts=9 q_bytes=13536 qdelay_l_ms=0 qdelay_c_ms=20.247 ecn_mark=2566 drop=0
[QUEUE_STATS] t_ms=24320 q_pkts=12 q_bytes=18048 qdelay_l_ms=0 qdelay_c_ms=24.8126 ecn_mark=2567 drop=0
[QUEUE_STATS] t_ms=24336 q_pkts=12 q_bytes=18048 qdelay_l_ms=0.86639 qdelay_c_ms=23.5864 ecn_mark=2570 drop=0
[QUEUE_STATS] t_ms=24352 q_pkts=13 q_bytes=19552 qdelay_l_ms=0 qdelay_c_ms=28.4451 ecn_mark=2570 drop=0
[QUEUE_STATS] t_ms=24368 q_pkts=13 q_bytes=19552 qdelay_l_ms=1.08118 qdelay_c_ms=27.9312 ecn_mark=2571 drop=0
[QUEUE_STATS] t_ms=24385 q_pkts=13 q_bytes=19552 qdelay_l_ms=1.073 qdelay_c_ms=33.4451 ecn_mark=2574 drop=0
[QUEUE_STATS] t_ms=24400 q_pkts=10 q_bytes=15040 qdelay_l_ms=0 qdelay_c_ms=28.9888 ecn_mark=2575 drop=0
[QUEUE_STATS] t_ms=24416 q_pkts=12 q_bytes=18048 qdelay_l_ms=1.06772 qdelay_c_ms=30.0469 ecn_mark=2577 drop=0
[QUEUE_STATS] t_ms=24432 q_pkts=14 q_bytes=21056 qdelay_l_ms=0 qdelay_c_ms=29.6696 ecn_mark=2580 drop=0
[QUEUE_STATS] t_ms=24448 q_pkts=14 q_bytes=21056 qdelay_l_ms=1.08133 qdelay_c_ms=31.6524 ecn_mark=2581 drop=0
[QUEUE_STATS] t_ms=24464 q_pkts=12 q_bytes=18048 qdelay_l_ms=2.12012 qdelay_c_ms=32.369 ecn_mark=2582 drop=0
[QUEUE_STATS] t_ms=24480 q_pkts=14 q_bytes=21056 qdelay_l_ms=1.0928 qdelay_c_ms=30.1332 ecn_mark=2583 drop=0
[QUEUE_STATS] t_ms=24496 q_pkts=11 q_bytes=16544 qdelay_l_ms=1.08124 qdelay_c_ms=29.5766 ecn_mark=2584 drop=0
[QUEUE_STATS] t_ms=24512 q_pkts=13 q_bytes=19552 qdelay_l_ms=1.07461 qdelay_c_ms=30.0457 ecn_mark=2587 drop=0
[QUEUE_STATS] t_ms=24528 q_pkts=13 q_bytes=19552 qdelay_l_ms=1.06485 qdelay_c_ms=30.3019 ecn_mark=2590 drop=0
[QUEUE_STATS] t_ms=24544 q_pkts=14 q_bytes=21056 qdelay_l_ms=0 qdelay_c_ms=25.7838 ecn_mark=2591 drop=0
[QUEUE_STATS] t_ms=24560 q_pkts=13 q_bytes=19552 qdelay_l_ms=1.08237 qdelay_c_ms=27.925 ecn_mark=2594 drop=0
[QUEUE_STATS] t_ms=24576 q_pkts=15 q_bytes=22560 qdelay_l_ms=0 qdelay_c_ms=33.3142 ecn_mark=2597 drop=0
[QUEUE_STATS] t_ms=24593 q_pkts=14 q_bytes=21056 qdelay_l_ms=1.07308 qdelay_c_ms=31.1286 ecn_mark=2599 drop=0
[QUEUE_STATS] t_ms=24608 q_pkts=11 q_bytes=16544 qdelay_l_ms=0 qdelay_c_ms=32.1483 ecn_mark=2600 drop=0
[QUEUE_STATS] t_ms=24624 q_pkts=15 q_bytes=22560 qdelay_l_ms=1.08128 qdelay_c_ms=34.6806 ecn_mark=2600 drop=0
[QUEUE_STATS] t_ms=24640 q_pkts=12 q_bytes=18048 qdelay_l_ms=0 qdelay_c_ms=32.9114 ecn_mark=2602 drop=0
[QUEUE_STATS] t_ms=24656 q_pkts=11 q_bytes=16544 qdelay_l_ms=1.07113 qdelay_c_ms=38.4633 ecn_mark=2604 drop=0
[QUEUE_STATS] t_ms=24672 q_pkts=7 q_bytes=10528 qdelay_l_ms=1.06851 qdelay_c_ms=29.158 ecn_mark=2606 drop=0
[QUEUE_STATS] t_ms=24688 q_pkts=9 q_bytes=13536 qdelay_l_ms=1.06594 qdelay_c_ms=16.2907 ecn_mark=2607 drop=0
[QUEUE_STATS] t_ms=24705 q_pkts=8 q_bytes=12032 qdelay_l_ms=0 qdelay_c_ms=21.2326 ecn_mark=2609 drop=0
[QUEUE_STATS] t_ms=24720 q_pkts=7 q_bytes=10528 qdelay_l_ms=0 qdelay_c_ms=17.2775 ecn_mark=2611 drop=0
[QUEUE_STATS] t_ms=24736 q_pkts=8 q_bytes=12032 qdelay_l_ms=0 qdelay_c_ms=12.5126 ecn_mark=2613 drop=0
[QUEUE_STATS] t_ms=24752 q_pkts=8 q_bytes=12032 qdelay_l_ms=0 qdelay_c_ms=19.8361 ecn_mark=2616 drop=0
[QUEUE_STATS] t_ms=24768 q_pkts=8 q_bytes=12032 qdelay_l_ms=0 qdelay_c_ms=18.2751 ecn_mark=2619 drop=0
[QUEUE_STATS] t_ms=24784 q_pkts=7 q_bytes=10528 qdelay_l_ms=1.07448 qdelay_c_ms=16.7414 ecn_mark=2620 drop=0
[QUEUE_STATS] t_ms=24800 q_pkts=8 q_bytes=12032 qdelay_l_ms=1.07038 qdelay_c_ms=16.0694 ecn_mark=2621 drop=0
[QUEUE_STATS] t_ms=24817 q_pkts=9 q_bytes=13536 qdelay_l_ms=1.08015 qdelay_c_ms=18.4463 ecn_mark=2623 drop=0
[QUEUE_STATS] t_ms=24832 q_pkts=9 q_bytes=13536 qdelay_l_ms=1.04092 qdelay_c_ms=21.1598 ecn_mark=2626 drop=0
[QUEUE_STATS] t_ms=24848 q_pkts=8 q_bytes=12032 qdelay_l_ms=1.08438 qdelay_c_ms=21.4938 ecn_mark=2627 drop=0
[QUEUE_STATS] t_ms=24864 q_pkts=8 q_bytes=12032 qdelay_l_ms=1.0805 qdelay_c_ms=13.2316 ecn_mark=2628 drop=0
[QUEUE_STATS] t_ms=24880 q_pkts=8 q_bytes=12032 qdelay_l_ms=0 qdelay_c_ms=18.7482 ecn_mark=2629 drop=0
[QUEUE_STATS] t_ms=24896 q_pkts=9 q_bytes=13536 qdelay_l_ms=1.05653 qdelay_c_ms=17.4579 ecn_mark=2631 drop=0
[QUEUE_STATS] t_ms=24912 q_pkts=8 q_bytes=12032 qdelay_l_ms=0 qdelay_c_ms=16.5727 ecn_mark=2633 drop=0
[QUEUE_STATS] t_ms=24929 q_pkts=9 q_bytes=13536 qdelay_l_ms=1.08082 qdelay_c_ms=17.1854 ecn_mark=2634 drop=0
[QUEUE_STATS] t_ms=24945 q_pkts=10 q_bytes=15040 qdelay_l_ms=1.08002 qdelay_c_ms=20.341 ecn_mark=2634 drop=0
[QUEUE_STATS] t_ms=24960 q_pkts=11 q_bytes=16544 qdelay_l_ms=1.08272 qdelay_c_ms=22.8104 ecn_mark=2635 drop=0
[QUEUE_STATS] t_ms=24976 q_pkts=9 q_bytes=13536 qdelay_l_ms=1.07527 qdelay_c_ms=23.6295 ecn_mark=2638 drop=0
[QUEUE_STATS] t_ms=24992 q_pkts=12 q_bytes=18048 qdelay_l_ms=1.08036 qdelay_c_ms=25.1733 ecn_mark=2640 drop=0
[QUEUE_STATS] t_ms=25008 q_pkts=11 q_bytes=16544 qdelay_l_ms=1.03007 qdelay_c_ms=25.7842 ecn_mark=2642 drop=0
[QUEUE_STATS] t_ms=25024 q_pkts=10 q_bytes=15040 qdelay_l_ms=2.5759 qdelay_c_ms=21.8343 ecn_mark=2642 drop=0
[QUEUE_STATS] t_ms=25040 q_pkts=12 q_bytes=18048 qdelay_l_ms=1.06115 qdelay_c_ms=22.0003 ecn_mark=2643 drop=0
[QUEUE_STATS] t_ms=25056 q_pkts=10 q_bytes=15040 qdelay_l_ms=1.07634 qdelay_c_ms=23.1511 ecn_mark=2644 drop=0
[QUEUE_STATS] t_ms=25072 q_pkts=11 q_bytes=16544 qdelay_l_ms=0 qdelay_c_ms=29.1722 ecn_mark=2648 drop=0
[QUEUE_STATS] t_ms=25088 q_pkts=12 q_bytes=18048 qdelay_l_ms=0 qdelay_c_ms=25.5908 ecn_mark=2649 drop=0
[QUEUE_STATS] t_ms=25104 q_pkts=12 q_bytes=18048 qdelay_l_ms=0 qdelay_c_ms=28.1193 ecn_mark=2650 drop=0
[QUEUE_STATS] t_ms=25120 q_pkts=13 q_bytes=19552 qdelay_l_ms=1.08345 qdelay_c_ms=27.62 ecn_mark=2652 drop=0
[QUEUE_STATS] t_ms=25136 q_pkts=12 q_bytes=18048 qdelay_l_ms=1.06528 qdelay_c_ms=28.0714 ecn_mark=2655 drop=0
[QUEUE_STATS] t_ms=25152 q_pkts=13 q_bytes=19552 qdelay_l_ms=1.08314 qdelay_c_ms=21.3474 ecn_mark=2659 drop=0
[QUEUE_STATS] t_ms=25168 q_pkts=11 q_bytes=16544 qdelay_l_ms=1.06099 qdelay_c_ms=24.5557 ecn_mark=2661 drop=0
[QUEUE_STATS] t_ms=25184 q_pkts=11 q_bytes=16544 qdelay_l_ms=1.05142 qdelay_c_ms=25.3069 ecn_mark=2664 drop=0
[QUEUE_STATS] t_ms=25201 q_pkts=13 q_bytes=19552 qdelay_l_ms=1.09214 qdelay_c_ms=26.0043 ecn_mark=2665 drop=0
[QUEUE_STATS] t_ms=25216 q_pkts=12 q_bytes=18048 qdelay_l_ms=1.05994 qdelay_c_ms=24.7474 ecn_mark=2669 drop=0
[QUEUE_STATS] t_ms=25233 q_pkts=11 q_bytes=16544 qdelay_l_ms=0 qdelay_c_ms=23.5115 ecn_mark=2672 drop=0
[QUEUE_STATS] t_ms=25248 q_pkts=11 q_bytes=16544 qdelay_l_ms=1.07054 qdelay_c_ms=22.6824 ecn_mark=2673 drop=0
[QUEUE_STATS] t_ms=25264 q_pkts=14 q_bytes=21056 qdelay_l_ms=1.08729 qdelay_c_ms=20.3878 ecn_mark=2676 drop=0
[QUEUE_STATS] t_ms=25280 q_pkts=13 q_bytes=19552 qdelay_l_ms=0 qdelay_c_ms=27.2611 ecn_mark=2677 drop=0
[QUEUE_STATS] t_ms=25296 q_pkts=12 q_bytes=18048 qdelay_l_ms=0 qdelay_c_ms=28.3837 ecn_mark=2677 drop=0
[QUEUE_STATS] t_ms=25312 q_pkts=12 q_bytes=18048 qdelay_l_ms=0 qdelay_c_ms=27.9373 ecn_mark=2678 drop=0
[QUEUE_STATS] t_ms=25328 q_pkts=12 q_bytes=18048 qdelay_l_ms=0.684788 qdelay_c_ms=23.5419 ecn_mark=2679 drop=0
[QUEUE_STATS] t_ms=25344 q_pkts=13 q_bytes=19552 qdelay_l_ms=2.1243 qdelay_c_ms=26.1501 ecn_mark=2679 drop=0
[QUEUE_STATS] t_ms=25360 q_pkts=15 q_bytes=22560 qdelay_l_ms=0 qdelay_c_ms=24.5635 ecn_mark=2681 drop=0
[QUEUE_STATS] t_ms=25377 q_pkts=14 q_bytes=21056 qdelay_l_ms=1.0812 qdelay_c_ms=28.0147 ecn_mark=2682 drop=0
[QUEUE_STATS] t_ms=25393 q_pkts=14 q_bytes=21056 qdelay_l_ms=1.08078 qdelay_c_ms=33.4096 ecn_mark=2683 drop=0
[QUEUE_STATS] t_ms=25409 q_pkts=14 q_bytes=21056 qdelay_l_ms=0 qdelay_c_ms=29.8608 ecn_mark=2683 drop=0
[QUEUE_STATS] t_ms=25424 q_pkts=13 q_bytes=19552 qdelay_l_ms=0 qdelay_c_ms=30.5054 ecn_mark=2685 drop=0
[QUEUE_STATS] t_ms=25440 q_pkts=14 q_bytes=21056 qdelay_l_ms=1.04649 qdelay_c_ms=28.4072 ecn_mark=2686 drop=0
[QUEUE_STATS] t_ms=25456 q_pkts=13 q_bytes=19552 qdelay_l_ms=1.05798 qdelay_c_ms=28.3672 ecn_mark=2688 drop=0
[QUEUE_STATS] t_ms=25472 q_pkts=15 q_bytes=22560 qdelay_l_ms=1.06637 qdelay_c_ms=30.1323 ecn_mark=2690 drop=0
[QUEUE_STATS] t_ms=25488 q_pkts=16 q_bytes=24064 qdelay_l_ms=2.18864 qdelay_c_ms=30.6761 ecn_mark=2691 drop=0
[QUEUE_STATS] t_ms=25504 q_pkts=16 q_bytes=24064 qdelay_l_ms=1.07142 qdelay_c_ms=36.402 ecn_mark=2692 drop=0
[QUEUE_STATS] t_ms=25520 q_pkts=15 q_bytes=22560 qdelay_l_ms=0 qdelay_c_ms=33.2593 ecn_mark=2692 drop=0
[QUEUE_STATS] t_ms=25536 q_pkts=16 q_bytes=24064 qdelay_l_ms=1.0678 qdelay_c_ms=30.7073 ecn_mark=2694 drop=0
[QUEUE_STATS] t_ms=25552 q_pkts=15 q_bytes=22560 qdelay_l_ms=1.068 qdelay_c_ms=32.732 ecn_mark=2696 drop=0
[QUEUE_STATS] t_ms=25568 q_pkts=16 q_bytes=24064 qdelay_l_ms=1.07197 qdelay_c_ms=34.968 ecn_mark=2697 drop=0
[QUEUE_STATS] t_ms=25584 q_pkts=15 q_bytes=22560 qdelay_l_ms=0 qdelay_c_ms=30.1492 ecn_mark=2698 drop=0
[QUEUE_STATS] t_ms=25600 q_pkts=16 q_bytes=24064 qdelay_l_ms=0 qdelay_c_ms=30.0559 ecn_mark=2698 drop=0
[QUEUE_STATS] t_ms=25616 q_pkts=16 q_bytes=24064 qdelay_l_ms=0 qdelay_c_ms=34.8773 ecn_mark=2699 drop=0
[QUEUE_STATS] t_ms=25632 q_pkts=16 q_bytes=24064 qdelay_l_ms=2.27543 qdelay_c_ms=30.0619 ecn_mark=2700 drop=0
[QUEUE_STATS] t_ms=25648 q_pkts=16 q_bytes=24064 qdelay_l_ms=1.07866 qdelay_c_ms=32.8682 ecn_mark=2702 drop=0
[QUEUE_STATS] t_ms=25664 q_pkts=17 q_bytes=25568 qdelay_l_ms=1.08071 qdelay_c_ms=30.1034 ecn_mark=2704 drop=0
[QUEUE_STATS] t_ms=25680 q_pkts=15 q_bytes=22560 qdelay_l_ms=0 qdelay_c_ms=31.8076 ecn_mark=2705 drop=0
[QUEUE_STATS] t_ms=25696 q_pkts=18 q_bytes=27072 qdelay_l_ms=2.15341 qdelay_c_ms=33.4935 ecn_mark=2705 drop=0
[QUEUE_STATS] t_ms=25712 q_pkts=16 q_bytes=24064 qdelay_l_ms=1.04889 qdelay_c_ms=37.5916 ecn_mark=2707 drop=0
[QUEUE_STATS] t_ms=25729 q_pkts=12 q_bytes=18048 qdelay_l_ms=1.0716 qdelay_c_ms=35.9325 ecn_mark=2707 drop=0
[QUEUE_STATS] t_ms=25744 q_pkts=12 q_bytes=18048 qdelay_l_ms=0 qdelay_c_ms=32.7589 ecn_mark=2708 drop=0
[QUEUE_STATS] t_ms=25760 q_pkts=10 q_bytes=15040 qdelay_l_ms=2.13504 qdelay_c_ms=22.7263 ecn_mark=2711 drop=0
[QUEUE_STATS] t_ms=25776 q_pkts=9 q_bytes=13536 qdelay_l_ms=1.84719 qdelay_c_ms=20.2957 ecn_mark=2711 drop=0
[QUEUE_STATS] t_ms=25792 q_pkts=11 q_bytes=16544 qdelay_l_ms=1.06181 qdelay_c_ms=23.6872 ecn_mark=2712 drop=0
[QUEUE_STATS] t_ms=25808 q_pkts=11 q_bytes=16544 qdelay_l_ms=1.06805 qdelay_c_ms=21.5253 ecn_mark=2716 drop=0
[QUEUE_STATS] t_ms=25824 q_pkts=10 q_bytes=15040 qdelay_l_ms=1.06535 qdelay_c_ms=25.1339 ecn_mark=2719 drop=0
[QUEUE_STATS] t_ms=25840 q_pkts=11 q_bytes=16544 qdelay_l_ms=1.07169 qdelay_c_ms=24.9652 ecn_mark=2719 drop=0
[QUEUE_STATS] t_ms=25856 q_pkts=9 q_bytes=13536 qdelay_l_ms=1.06257 qdelay_c_ms=26.2425 ecn_mark=2720 drop=0
[QUEUE_STATS] t_ms=25872 q_pkts=7 q_bytes=10528 qdelay_l_ms=0 qdelay_c_ms=26.8741 ecn_mark=2721 drop=0
[QUEUE_STATS] t_ms=25889 q_pkts=5 q_bytes=7520 qdelay_l_ms=1.07628 qdelay_c_ms=14.0238 ecn_mark=2721 drop=0
[QUEUE_STATS] t_ms=25904 q_pkts=7 q_bytes=10528 qdelay_l_ms=1.03553 qdelay_c_ms=12.9138 ecn_mark=2722 drop=0
[QUEUE_STATS] t_ms=25920 q_pkts=7 q_bytes=10528 qdelay_l_ms=2.13748 qdelay_c_ms=15.0129 ecn_mark=2723 drop=0
[QUEUE_STATS] t_ms=25936 q_pkts=8 q_bytes=12032 qdelay_l_ms=1.04818 qdelay_c_ms=18.39 ecn_mark=2727 drop=0
[QUEUE_STATS] t_ms=25952 q_pkts=6 q_bytes=9024 qdelay_l_ms=1.07406 qdelay_c_ms=14.1624 ecn_mark=2727 drop=0
[QUEUE_STATS] t_ms=25968 q_pkts=5 q_bytes=7520 qdelay_l_ms=1.08086 qdelay_c_ms=8.61098 ecn_mark=2729 drop=0
[QUEUE_STATS] t_ms=25984 q_pkts=2 q_bytes=3008 qdelay_l_ms=0 qdelay_c_ms=2.52351 ecn_mark=2730 drop=0
[QUEUE_STATS] t_ms=26000 q_pkts=3 q_bytes=4512 qdelay_l_ms=2.14209 qdelay_c_ms=3.19276 ecn_mark=2733 drop=0
[QUEUE_STATS] t_ms=26016 q_pkts=2 q_bytes=3008 qdelay_l_ms=0 qdelay_c_ms=4.90622 ecn_mark=2734 drop=0
[QUEUE_STATS] t_ms=26032 q_pkts=3 q_bytes=4512 qdelay_l_ms=1.0616 qdelay_c_ms=5.35171 ecn_mark=2737 drop=0
[QUEUE_STATS] t_ms=26048 q_pkts=3 q_bytes=4512 qdelay_l_ms=1.08107 qdelay_c_ms=4.08141 ecn_mark=2737 drop=0
[QUEUE_STATS] t_ms=26064 q_pkts=4 q_bytes=6016 qdelay_l_ms=0 qdelay_c_ms=5.67739 ecn_mark=2739 drop=0
[QUEUE_STATS] t_ms=26080 q_pkts=3 q_bytes=4512 qdelay_l_ms=1.05021 qdelay_c_ms=4.57903 ecn_mark=2740 drop=0
[QUEUE_STATS] t_ms=26096 q_pkts=1 q_bytes=1504 qdelay_l_ms=0 qdelay_c_ms=2.85596 ecn_mark=2740 drop=0
[QUEUE_STATS] t_ms=26113 q_pkts=4 q_bytes=6016 qdelay_l_ms=0 qdelay_c_ms=8.52601 ecn_mark=2743 drop=0
[QUEUE_STATS] t_ms=26128 q_pkts=4 q_bytes=6016 qdelay_l_ms=1.06298 qdelay_c_ms=5.70346 ecn_mark=2745 drop=0
[QUEUE_STATS] t_ms=26144 q_pkts=4 q_bytes=6016 qdelay_l_ms=0 qdelay_c_ms=10.393 ecn_mark=2747 drop=0
[QUEUE_STATS] t_ms=26160 q_pkts=3 q_bytes=4512 qdelay_l_ms=1.07072 qdelay_c_ms=10.1441 ecn_mark=2749 drop=0
[QUEUE_STATS] t_ms=26176 q_pkts=7 q_bytes=10528 qdelay_l_ms=2.10905 qdelay_c_ms=8.53873 ecn_mark=2751 drop=0
[QUEUE_STATS] t_ms=26192 q_pkts=6 q_bytes=9024 qdelay_l_ms=1.07796 qdelay_c_ms=16.0871 ecn_mark=2754 drop=0
[QUEUE_STATS] t_ms=26208 q_pkts=6 q_bytes=9024 qdelay_l_ms=1.06092 qdelay_c_ms=13.7173 ecn_mark=2756 drop=0
[QUEUE_STATS] t_ms=26224 q_pkts=6 q_bytes=9024 qdelay_l_ms=1.07522 qdelay_c_ms=8.97352 ecn_mark=2757 drop=0
[QUEUE_STATS] t_ms=26240 q_pkts=6 q_bytes=9024 qdelay_l_ms=1.06631 qdelay_c_ms=14.4271 ecn_mark=2759 drop=0
[QUEUE_STATS] t_ms=26257 q_pkts=5 q_bytes=7520 qdelay_l_ms=1.08528 qdelay_c_ms=12.8427 ecn_mark=2761 drop=0
[QUEUE_STATS] t_ms=26272 q_pkts=6 q_bytes=9024 qdelay_l_ms=2.08085 qdelay_c_ms=13.8903 ecn_mark=2765 drop=0
[QUEUE_STATS] t_ms=26288 q_pkts=6 q_bytes=9024 qdelay_l_ms=1.07913 qdelay_c_ms=12.9201 ecn_mark=2765 drop=0
[QUEUE_STATS] t_ms=26304 q_pkts=6 q_bytes=9024 qdelay_l_ms=0 qdelay_c_ms=17.9715 ecn_mark=2767 drop=0
[QUEUE_STATS] t_ms=26320 q_pkts=7 q_bytes=10528 qdelay_l_ms=1.07275 qdelay_c_ms=13.3121 ecn_mark=2769 drop=0
[QUEUE_STATS] t_ms=26337 q_pkts=7 q_bytes=10528 qdelay_l_ms=1.08108 qdelay_c_ms=17.3457 ecn_mark=2771 drop=0
[QUEUE_STATS] t_ms=26352 q_pkts=5 q_bytes=7520 qdelay_l_ms=1.07112 qdelay_c_ms=12.1194 ecn_mark=2772 drop=0
[QUEUE_STATS] t_ms=26368 q_pkts=7 q_bytes=10528 qdelay_l_ms=1.06883 qdelay_c_ms=11.3393 ecn_mark=2772 drop=0
[QUEUE_STATS] t_ms=26384 q_pkts=7 q_bytes=10528 qdelay_l_ms=1.06879 qdelay_c_ms=13.4597 ecn_mark=2774 drop=0
[QUEUE_STATS] t_ms=26400 q_pkts=6 q_bytes=9024 qdelay_l_ms=0 qdelay_c_ms=16.9858 ecn_mark=2776 drop=0
[QUEUE_STATS] t_ms=26416 q_pkts=8 q_bytes=12032 qdelay_l_ms=1.07475 qdelay_c_ms=15.6933 ecn_mark=2777 drop=0
[QUEUE_STATS] t_ms=26432 q_pkts=9 q_bytes=13536 qdelay_l_ms=1.08271 qdelay_c_ms=16.8585 ecn_mark=2777 drop=0
[QUEUE_STATS] t_ms=26448 q_pkts=8 q_bytes=12032 qdelay_l_ms=0 qdelay_c_ms=24.0961 ecn_mark=2777 drop=0
[QUEUE_STATS] t_ms=26464 q_pkts=10 q_bytes=15040 qdelay_l_ms=1.04738 qdelay_c_ms=18.4877 ecn_mark=2779 drop=0
[QUEUE_STATS] t_ms=26480 q_pkts=10 q_bytes=15040 qdelay_l_ms=1.06551 qdelay_c_ms=24.6111 ecn_mark=2783 drop=0
[QUEUE_STATS] t_ms=26496 q_pkts=9 q_bytes=13536 qdelay_l_ms=1.07228 qdelay_c_ms=22.6868 ecn_mark=2783 drop=0
[QUEUE_STATS] t_ms=26512 q_pkts=10 q_bytes=15040 qdelay_l_ms=0 qdelay_c_ms=24.3863 ecn_mark=2786 drop=0
[QUEUE_STATS] t_ms=26528 q_pkts=7 q_bytes=10528 qdelay_l_ms=2.14233 qdelay_c_ms=21.1167 ecn_mark=2787 drop=0
[QUEUE_STATS] t_ms=26544 q_pkts=10 q_bytes=15040 qdelay_l_ms=1.08157 qdelay_c_ms=23.9294 ecn_mark=2789 drop=0
[QUEUE_STATS] t_ms=26560 q_pkts=10 q_bytes=15040 qdelay_l_ms=1.06055 qdelay_c_ms=26.9562 ecn_mark=2790 drop=0
[QUEUE_STATS] t_ms=26576 q_pkts=9 q_bytes=13536 qdelay_l_ms=0 qdelay_c_ms=28.9147 ecn_mark=2791 drop=0
[QUEUE_STATS] t_ms=26592 q_pkts=11 q_bytes=16544 qdelay_l_ms=1.06034 qdelay_c_ms=23.9401 ecn_mark=2791 drop=0
[QUEUE_STATS] t_ms=26608 q_pkts=11 q_bytes=16544 qdelay_l_ms=0 qdelay_c_ms=25.7326 ecn_mark=2793 drop=0
[QUEUE_STATS] t_ms=26625 q_pkts=11 q_bytes=16544 qdelay_l_ms=2.15662 qdelay_c_ms=23.9484 ecn_mark=2794 drop=0
[QUEUE_STATS] t_ms=26640 q_pkts=11 q_bytes=16544 qdelay_l_ms=2.48408 qdelay_c_ms=23.7205 ecn_mark=2798 drop=0
[QUEUE_STATS] t_ms=26656 q_pkts=10 q_bytes=15040 qdelay_l_ms=0 qdelay_c_ms=25.6096 ecn_mark=2800 drop=0
[QUEUE_STATS] t_ms=26672 q_pkts=9 q_bytes=13536 qdelay_l_ms=1.0719 qdelay_c_ms=27.1097 ecn_mark=2801 drop=0
[QUEUE_STATS] t_ms=26688 q_pkts=11 q_bytes=16544 qdelay_l_ms=1.05576 qdelay_c_ms=27.3202 ecn_mark=2805 drop=0
[QUEUE_STATS] t_ms=26704 q_pkts=11 q_bytes=16544 qdelay_l_ms=0 qdelay_c_ms=24.5745 ecn_mark=2807 drop=0
[QUEUE_STATS] t_ms=26721 q_pkts=13 q_bytes=19552 qdelay_l_ms=1.08239 qdelay_c_ms=27.0299 ecn_mark=2807 drop=0
[QUEUE_STATS] t_ms=26736 q_pkts=13 q_bytes=19552 qdelay_l_ms=2.17656 qdelay_c_ms=29.5723 ecn_mark=2810 drop=0
[QUEUE_STATS] t_ms=26752 q_pkts=12 q_bytes=18048 qdelay_l_ms=1.0662 qdelay_c_ms=33.3351 ecn_mark=2811 drop=0
[QUEUE_STATS] t_ms=26768 q_pkts=11 q_bytes=16544 qdelay_l_ms=1.10933 qdelay_c_ms=27.9798 ecn_mark=2813 drop=0
[QUEUE_STATS] t_ms=26784 q_pkts=13 q_bytes=19552 qdelay_l_ms=0 qdelay_c_ms=28.8508 ecn_mark=2816 drop=0
[QUEUE_STATS] t_ms=26800 q_pkts=13 q_bytes=19552 qdelay_l_ms=0 qdelay_c_ms=31.3587 ecn_mark=2817 drop=0
[QUEUE_STATS] t_ms=26816 q_pkts=13 q_bytes=19552 qdelay_l_ms=1.07305 qdelay_c_ms=32.9442 ecn_mark=2820 drop=0
[QUEUE_STATS] t_ms=26832 q_pkts=13 q_bytes=19552 qdelay_l_ms=0 qdelay_c_ms=31.1164 ecn_mark=2821 drop=0
[QUEUE_STATS] t_ms=26848 q_pkts=14 q_bytes=21056 qdelay_l_ms=1.06623 qdelay_c_ms=32.2625 ecn_mark=2823 drop=0
[QUEUE_STATS] t_ms=26864 q_pkts=13 q_bytes=19552 qdelay_l_ms=1.06705 qdelay_c_ms=33.2147 ecn_mark=2823 drop=0
[QUEUE_STATS] t_ms=26880 q_pkts=13 q_bytes=19552 qdelay_l_ms=0.033984 qdelay_c_ms=32.2058 ecn_mark=2823 drop=0
[QUEUE_STATS] t_ms=26896 q_pkts=15 q_bytes=22560 qdelay_l_ms=1.06299 qdelay_c_ms=34.8157 ecn_mark=2825 drop=0
[QUEUE_STATS] t_ms=26912 q_pkts=13 q_bytes=19552 qdelay_l_ms=2.10731 qdelay_c_ms=32.0286 ecn_mark=2826 drop=0
[QUEUE_STATS] t_ms=26928 q_pkts=15 q_bytes=22560 qdelay_l_ms=1.06759 qdelay_c_ms=39.5901 ecn_mark=2828 drop=0
[QUEUE_STATS] t_ms=26944 q_pkts=14 q_bytes=21056 qdelay_l_ms=0 qdelay_c_ms=41.3419 ecn_mark=2830 drop=0
[QUEUE_STATS] t_ms=26960 q_pkts=14 q_bytes=21056 qdelay_l_ms=1.08683 qdelay_c_ms=35.6577 ecn_mark=2832 drop=0
[QUEUE_STATS] t_ms=26976 q_pkts=14 q_bytes=21056 qdelay_l_ms=1.07146 qdelay_c_ms=36.404 ecn_mark=2834 drop=0
[QUEUE_STATS] t_ms=26992 q_pkts=13 q_bytes=19552 qdelay_l_ms=1.06656 qdelay_c_ms=34.7869 ecn_mark=2836 drop=0
[QUEUE_STATS] t_ms=27008 q_pkts=15 q_bytes=22560 qdelay_l_ms=1.07547 qdelay_c_ms=35.8019 ecn_mark=2836 drop=0
[QUEUE_STATS] t_ms=27024 q_pkts=14 q_bytes=21056 qdelay_l_ms=2.13555 qdelay_c_ms=31.5057 ecn_mark=2837 drop=0
[QUEUE_STATS] t_ms=27040 q_pkts=15 q_bytes=22560 qdelay_l_ms=1.06888 qdelay_c_ms=38.5286 ecn_mark=2839 drop=0
[QUEUE_STATS] t_ms=27056 q_pkts=14 q_bytes=21056 qdelay_l_ms=1.07043 qdelay_c_ms=39.7545 ecn_mark=2839 drop=0
[QUEUE_STATS] t_ms=27072 q_pkts=14 q_bytes=21056 qdelay_l_ms=1.06621 qdelay_c_ms=38.2584 ecn_mark=2839 drop=0
[QUEUE_STATS] t_ms=27088 q_pkts=16 q_bytes=24064 qdelay_l_ms=1.0787 qdelay_c_ms=36.4621 ecn_mark=2840 drop=0
[QUEUE_STATS] t_ms=27104 q_pkts=15 q_bytes=22560 qdelay_l_ms=1.08191 qdelay_c_ms=40.457 ecn_mark=2841 drop=0
[QUEUE_STATS] t_ms=27120 q_pkts=16 q_bytes=24064 qdelay_l_ms=1.0657 qdelay_c_ms=37.6778 ecn_mark=2842 drop=0
[QUEUE_STATS] t_ms=27136 q_pkts=15 q_bytes=22560 qdelay_l_ms=1.06672 qdelay_c_ms=38.3656 ecn_mark=2844 drop=0
[QUEUE_STATS] t_ms=27152 q_pkts=16 q_bytes=24064 qdelay_l_ms=2.08579 qdelay_c_ms=39.2963 ecn_mark=2846 drop=0
[QUEUE_STATS] t_ms=27168 q_pkts=15 q_bytes=22560 qdelay_l_ms=1.07903 qdelay_c_ms=41.3688 ecn_mark=2848 drop=0
[QUEUE_STATS] t_ms=27184 q_pkts=17 q_bytes=25568 qdelay_l_ms=0 qdelay_c_ms=48.0156 ecn_mark=2848 drop=0
[QUEUE_STATS] t_ms=27200 q_pkts=16 q_bytes=24064 qdelay_l_ms=1.0713 qdelay_c_ms=44.2681 ecn_mark=2850 drop=0
[QUEUE_STATS] t_ms=27216 q_pkts=18 q_bytes=27072 qdelay_l_ms=1.07671 qdelay_c_ms=45.967 ecn_mark=2853 drop=0
[QUEUE_STATS] t_ms=27232 q_pkts=18 q_bytes=27072 qdelay_l_ms=1.08284 qdelay_c_ms=49.3876 ecn_mark=2855 drop=0
[QUEUE_STATS] t_ms=27248 q_pkts=19 q_bytes=28576 qdelay_l_ms=1.07327 qdelay_c_ms=45.8655 ecn_mark=2857 drop=0
[QUEUE_STATS] t_ms=27264 q_pkts=19 q_bytes=28576 qdelay_l_ms=0 qdelay_c_ms=52.8709 ecn_mark=2861 drop=0
[QUEUE_STATS] t_ms=27280 q_pkts=18 q_bytes=27072 qdelay_l_ms=1.07819 qdelay_c_ms=56.9492 ecn_mark=2864 drop=0
[QUEUE_STATS] t_ms=27296 q_pkts=18 q_bytes=27072 qdelay_l_ms=1.08715 qdelay_c_ms=51.3761 ecn_mark=2864 drop=0
[QUEUE_STATS] t_ms=27312 q_pkts=16 q_bytes=24064 qdelay_l_ms=1.06716 qdelay_c_ms=51.7388 ecn_mark=2865 drop=0
[QUEUE_STATS] t_ms=27328 q_pkts=17 q_bytes=25568 qdelay_l_ms=0 qdelay_c_ms=44.6656 ecn_mark=2866 drop=0
[QUEUE_STATS] t_ms=27344 q_pkts=18 q_bytes=27072 qdelay_l_ms=1.05966 qdelay_c_ms=43.2328 ecn_mark=2868 drop=0
[QUEUE_STATS] t_ms=27360 q_pkts=16 q_bytes=24064 qdelay_l_ms=0 qdelay_c_ms=44.8301 ecn_mark=2871 drop=0
[QUEUE_STATS] t_ms=27376 q_pkts=20 q_bytes=30080 qdelay_l_ms=1.07387 qdelay_c_ms=50.936 ecn_mark=2875 drop=0
[QUEUE_STATS] t_ms=27392 q_pkts=18 q_bytes=27072 qdelay_l_ms=1.82502 qdelay_c_ms=48.1841 ecn_mark=2876 drop=0
[QUEUE_STATS] t_ms=27408 q_pkts=19 q_bytes=28576 qdelay_l_ms=1.07547 qdelay_c_ms=45.6956 ecn_mark=2877 drop=0
[QUEUE_STATS] t_ms=27424 q_pkts=18 q_bytes=27072 qdelay_l_ms=0 qdelay_c_ms=51.7136 ecn_mark=2880 drop=0
[QUEUE_STATS] t_ms=27440 q_pkts=19 q_bytes=28576 qdelay_l_ms=1.05027 qdelay_c_ms=54.2231 ecn_mark=2883 drop=0
[QUEUE_STATS] t_ms=27456 q_pkts=18 q_bytes=27072 qdelay_l_ms=1.06861 qdelay_c_ms=48.3525 ecn_mark=2883 drop=0
[QUEUE_STATS] t_ms=27472 q_pkts=19 q_bytes=28576 qdelay_l_ms=1.0749 qdelay_c_ms=45.1104 ecn_mark=2884 drop=0
[QUEUE_STATS] t_ms=27488 q_pkts=19 q_bytes=28576 qdelay_l_ms=2.29366 qdelay_c_ms=48.4222 ecn_mark=2885 drop=0
[QUEUE_STATS] t_ms=27505 q_pkts=19 q_bytes=28576 qdelay_l_ms=2.15587 qdelay_c_ms=41.7988 ecn_mark=2885 drop=0
[QUEUE_STATS] t_ms=27520 q_pkts=17 q_bytes=25568 qdelay_l_ms=1.07242 qdelay_c_ms=49.1382 ecn_mark=2886 drop=0
[QUEUE_STATS] t_ms=27536 q_pkts=15 q_bytes=22560 qdelay_l_ms=1.07838 qdelay_c_ms=46.6419 ecn_mark=2890 drop=0
[QUEUE_STATS] t_ms=27552 q_pkts=13 q_bytes=19552 qdelay_l_ms=1.06748 qdelay_c_ms=49.5132 ecn_mark=2892 drop=0
[QUEUE_STATS] t_ms=27568 q_pkts=12 q_bytes=18048 qdelay_l_ms=1.07184 qdelay_c_ms=48.0572 ecn_mark=2893 drop=0
[QUEUE_STATS] t_ms=27584 q_pkts=12 q_bytes=18048 qdelay_l_ms=1.06512 qdelay_c_ms=38.6618 ecn_mark=2896 drop=0
[QUEUE_STATS] t_ms=27600 q_pkts=11 q_bytes=16544 qdelay_l_ms=1.06859 qdelay_c_ms=26.6799 ecn_mark=2896 drop=0
[QUEUE_STATS] t_ms=27616 q_pkts=12 q_bytes=18048 qdelay_l_ms=1.04809 qdelay_c_ms=31.5569 ecn_mark=2898 drop=0
[QUEUE_STATS] t_ms=27632 q_pkts=12 q_bytes=18048 qdelay_l_ms=1.06042 qdelay_c_ms=30.0509 ecn_mark=2899 drop=0
[QUEUE_STATS] t_ms=27648 q_pkts=13 q_bytes=19552 qdelay_l_ms=1.06611 qdelay_c_ms=28.2496 ecn_mark=2900 drop=0
[QUEUE_STATS] t_ms=27664 q_pkts=13 q_bytes=19552 qdelay_l_ms=1.07049 qdelay_c_ms=35.4866 ecn_mark=2903 drop=0
[QUEUE_STATS] t_ms=27680 q_pkts=12 q_bytes=18048 qdelay_l_ms=1.0828 qdelay_c_ms=32.2119 ecn_mark=2905 drop=0
[QUEUE_STATS] t_ms=27696 q_pkts=13 q_bytes=19552 qdelay_l_ms=2.1865 qdelay_c_ms=30.9227 ecn_mark=2905 drop=0
[QUEUE_STATS] t_ms=27712 q_pkts=15 q_bytes=22560 qdelay_l_ms=1.08736 qdelay_c_ms=36.2542 ecn_mark=2908 drop=0
[QUEUE_STATS] t_ms=27728 q_pkts=14 q_bytes=21056 qdelay_l_ms=1.06345 qdelay_c_ms=38.9124 ecn_mark=2911 drop=0
[QUEUE_STATS] t_ms=27744 q_pkts=15 q_bytes=22560 qdelay_l_ms=0 qdelay_c_ms=43.9731 ecn_mark=2912 drop=0
[QUEUE_STATS] t_ms=27760 q_pkts=12 q_bytes=18048 qdelay_l_ms=0 qdelay_c_ms=44.1094 ecn_mark=2913 drop=0
[QUEUE_STATS] t_ms=27776 q_pkts=11 q_bytes=16544 qdelay_l_ms=1.10785 qdelay_c_ms=35.7016 ecn_mark=2915 drop=0
[QUEUE_STATS] t_ms=27792 q_pkts=8 q_bytes=12032 qdelay_l_ms=0 qdelay_c_ms=28.6608 ecn_mark=2917 drop=0
[QUEUE_STATS] t_ms=27808 q_pkts=7 q_bytes=10528 qdelay_l_ms=1.06649 qdelay_c_ms=27.1619 ecn_mark=2918 drop=0
[QUEUE_STATS] t_ms=27824 q_pkts=7 q_bytes=10528 qdelay_l_ms=1.06581 qdelay_c_ms=16.2972 ecn_mark=2919 drop=0
[QUEUE_STATS] t_ms=27840 q_pkts=10 q_bytes=13588 qdelay_l_ms=1.07001 qdelay_c_ms=11.748 ecn_mark=2920 drop=0
[QUEUE_STATS] t_ms=27856 q_pkts=8 q_bytes=12032 qdelay_l_ms=1.06977 qdelay_c_ms=20.0434 ecn_mark=2921 drop=0
[QUEUE_STATS] t_ms=27872 q_pkts=9 q_bytes=13536 qdelay_l_ms=2.62793 qdelay_c_ms=21.3484 ecn_mark=2922 drop=0
[QUEUE_STATS] t_ms=27888 q_pkts=5 q_bytes=7520 qdelay_l_ms=1.03663 qdelay_c_ms=14.924 ecn_mark=2923 drop=0
[QUEUE_STATS] t_ms=27904 q_pkts=7 q_bytes=10528 qdelay_l_ms=2.1502 qdelay_c_ms=9.68399 ecn_mark=2925 drop=0
[QUEUE_STATS] t_ms=27920 q_pkts=5 q_bytes=7520 qdelay_l_ms=0 qdelay_c_ms=10.8958 ecn_mark=2925 drop=0
[QUEUE_STATS] t_ms=27936 q_pkts=8 q_bytes=12032 qdelay_l_ms=1.08118 qdelay_c_ms=12.7994 ecn_mark=2927 drop=0
[QUEUE_STATS] t_ms=27952 q_pkts=6 q_bytes=9024 qdelay_l_ms=0 qdelay_c_ms=14.5741 ecn_mark=2928 drop=0
[QUEUE_STATS] t_ms=27968 q_pkts=8 q_bytes=12032 qdelay_l_ms=1.06635 qdelay_c_ms=15.618 ecn_mark=2930 drop=0
[QUEUE_STATS] t_ms=27984 q_pkts=8 q_bytes=12032 qdelay_l_ms=1.08699 qdelay_c_ms=14.5748 ecn_mark=2931 drop=0
[QUEUE_STATS] t_ms=28000 q_pkts=8 q_bytes=12032 qdelay_l_ms=0 qdelay_c_ms=21.4768 ecn_mark=2932 drop=0
[QUEUE_STATS] t_ms=28016 q_pkts=8 q_bytes=12032 qdelay_l_ms=0 qdelay_c_ms=16.8677 ecn_mark=2933 drop=0
[QUEUE_STATS] t_ms=28032 q_pkts=9 q_bytes=13536 qdelay_l_ms=0 qdelay_c_ms=19.4392 ecn_mark=2934 drop=0
[QUEUE_STATS] t_ms=28048 q_pkts=8 q_bytes=12032 qdelay_l_ms=2.05571 qdelay_c_ms=17.1839 ecn_mark=2936 drop=0
[QUEUE_STATS] t_ms=28065 q_pkts=8 q_bytes=12032 qdelay_l_ms=0 qdelay_c_ms=19.5487 ecn_mark=2939 drop=0
[QUEUE_STATS] t_ms=28080 q_pkts=9 q_bytes=13536 qdelay_l_ms=0 qdelay_c_ms=17.9695 ecn_mark=2942 drop=0
[QUEUE_STATS] t_ms=28097 q_pkts=8 q_bytes=12032 qdelay_l_ms=0 qdelay_c_ms=18.2685 ecn_mark=2943 drop=0
[QUEUE_STATS] t_ms=28112 q_pkts=8 q_bytes=12032 qdelay_l_ms=1.06165 qdelay_c_ms=17.7624 ecn_mark=2944 drop=0
[QUEUE_STATS] t_ms=28128 q_pkts=9 q_bytes=13536 qdelay_l_ms=0 qdelay_c_ms=16.4307 ecn_mark=2945 drop=0
[QUEUE_STATS] t_ms=28144 q_pkts=9 q_bytes=13536 qdelay_l_ms=1.07964 qdelay_c_ms=22.5322 ecn_mark=2949 drop=0
[QUEUE_STATS] t_ms=28161 q_pkts=8 q_bytes=12032 qdelay_l_ms=0 qdelay_c_ms=16.8594 ecn_mark=2949 drop=0
[QUEUE_STATS] t_ms=28176 q_pkts=10 q_bytes=15040 qdelay_l_ms=1.06917 qdelay_c_ms=19.5064 ecn_mark=2952 drop=0
[QUEUE_STATS] t_ms=28192 q_pkts=9 q_bytes=13536 qdelay_l_ms=0 qdelay_c_ms=18.6567 ecn_mark=2952 drop=0
[QUEUE_STATS] t_ms=28208 q_pkts=9 q_bytes=13536 qdelay_l_ms=1.05734 qdelay_c_ms=19.6533 ecn_mark=2953 drop=0
[QUEUE_STATS] t_ms=28224 q_pkts=10 q_bytes=15040 qdelay_l_ms=0 qdelay_c_ms=15.6896 ecn_mark=2954 drop=0
[QUEUE_STATS] t_ms=28240 q_pkts=9 q_bytes=13536 qdelay_l_ms=0 qdelay_c_ms=21.039 ecn_mark=2956 drop=0
[QUEUE_STATS] t_ms=28256 q_pkts=10 q_bytes=15040 qdelay_l_ms=1.08991 qdelay_c_ms=13.4943 ecn_mark=2959 drop=0
[QUEUE_STATS] t_ms=28272 q_pkts=10 q_bytes=15040 qdelay_l_ms=0 qdelay_c_ms=20.6651 ecn_mark=2960 drop=0
[QUEUE_STATS] t_ms=28288 q_pkts=10 q_bytes=15040 qdelay_l_ms=1.08576 qdelay_c_ms=16.7771 ecn_mark=2962 drop=0
[QUEUE_STATS] t_ms=28304 q_pkts=10 q_bytes=15040 qdelay_l_ms=0 qdelay_c_ms=24.2829 ecn_mark=2963 drop=0
[QUEUE_STATS] t_ms=28320 q_pkts=8 q_bytes=12032 qdelay_l_ms=1.07675 qdelay_c_ms=19.7068 ecn_mark=2963 drop=0
[QUEUE_STATS] t_ms=28336 q_pkts=6 q_bytes=9024 qdelay_l_ms=1.07464 qdelay_c_ms=17.4349 ecn_mark=2964 drop=0
[QUEUE_STATS] t_ms=28352 q_pkts=3 q_bytes=4512 qdelay_l_ms=0 qdelay_c_ms=8.01192 ecn_mark=2965 drop=0
[QUEUE_STATS] t_ms=28368 q_pkts=5 q_bytes=7520 qdelay_l_ms=1.08457 qdelay_c_ms=8.51125 ecn_mark=2965 drop=0
[QUEUE_STATS] t_ms=28384 q_pkts=7 q_bytes=10528 qdelay_l_ms=0 qdelay_c_ms=13.9774 ecn_mark=2966 drop=0
[QUEUE_STATS] t_ms=28400 q_pkts=7 q_bytes=10528 qdelay_l_ms=1.06631 qdelay_c_ms=11.6039 ecn_mark=2968 drop=0
[QUEUE_STATS] t_ms=28416 q_pkts=6 q_bytes=9024 qdelay_l_ms=2.12842 qdelay_c_ms=10.6927 ecn_mark=2969 drop=0
[QUEUE_STATS] t_ms=28432 q_pkts=7 q_bytes=10528 qdelay_l_ms=1.07321 qdelay_c_ms=15.4092 ecn_mark=2969 drop=0
[QUEUE_STATS] t_ms=28448 q_pkts=6 q_bytes=9024 qdelay_l_ms=0 qdelay_c_ms=14.0133 ecn_mark=2972 drop=0
[QUEUE_STATS] t_ms=28464 q_pkts=6 q_bytes=9024 qdelay_l_ms=1.05923 qdelay_c_ms=14.2467 ecn_mark=2974 drop=0
[QUEUE_STATS] t_ms=28480 q_pkts=7 q_bytes=10528 qdelay_l_ms=0 qdelay_c_ms=15.3587 ecn_mark=2975 drop=0
[QUEUE_STATS] t_ms=28496 q_pkts=9 q_bytes=13536 qdelay_l_ms=1.06164 qdelay_c_ms=18.5954 ecn_mark=2979 drop=0
[QUEUE_STATS] t_ms=28512 q_pkts=8 q_bytes=12032 qdelay_l_ms=1.06415 qdelay_c_ms=18.974 ecn_mark=2981 drop=0
[QUEUE_STATS] t_ms=28528 q_pkts=7 q_bytes=10528 qdelay_l_ms=1.07094 qdelay_c_ms=18.8056 ecn_mark=2983 drop=0
[QUEUE_STATS] t_ms=28544 q_pkts=3 q_bytes=4512 qdelay_l_ms=1.04661 qdelay_c_ms=8.56202 ecn_mark=2986 drop=0
[QUEUE_STATS] t_ms=28560 q_pkts=1 q_bytes=1504 qdelay_l_ms=1.0821 qdelay_c_ms=0 ecn_mark=2986 drop=0
[QUEUE_STATS] t_ms=28576 q_pkts=4 q_bytes=6016 qdelay_l_ms=1.07933 qdelay_c_ms=5.32548 ecn_mark=2988 drop=0
[QUEUE_STATS] t_ms=28592 q_pkts=2 q_bytes=3008 qdelay_l_ms=0 qdelay_c_ms=10.6319 ecn_mark=2990 drop=0
[QUEUE_STATS] t_ms=28608 q_pkts=5 q_bytes=7520 qdelay_l_ms=2.12653 qdelay_c_ms=5.36341 ecn_mark=2992 drop=0
[QUEUE_STATS] t_ms=28624 q_pkts=4 q_bytes=6016 qdelay_l_ms=1.07864 qdelay_c_ms=7.28931 ecn_mark=2994 drop=0
[QUEUE_STATS] t_ms=28640 q_pkts=3 q_bytes=4512 qdelay_l_ms=0 qdelay_c_ms=6.42551 ecn_mark=2996 drop=0
[QUEUE_STATS] t_ms=28657 q_pkts=3 q_bytes=4512 qdelay_l_ms=1.07442 qdelay_c_ms=8.10682 ecn_mark=2997 drop=0
[QUEUE_STATS] t_ms=28672 q_pkts=4 q_bytes=6016 qdelay_l_ms=0 qdelay_c_ms=5.35776 ecn_mark=2999 drop=0
[QUEUE_STATS] t_ms=28688 q_pkts=3 q_bytes=4512 qdelay_l_ms=1.08256 qdelay_c_ms=6.43962 ecn_mark=3000 drop=0
[QUEUE_STATS] t_ms=28704 q_pkts=4 q_bytes=6016 qdelay_l_ms=1.07191 qdelay_c_ms=9.54139 ecn_mark=3006 drop=0
[QUEUE_STATS] t_ms=28720 q_pkts=5 q_bytes=7520 qdelay_l_ms=1.06249 qdelay_c_ms=8.12142 ecn_mark=3008 drop=0
[QUEUE_STATS] t_ms=28736 q_pkts=1 q_bytes=1504 qdelay_l_ms=1.07872 qdelay_c_ms=0 ecn_mark=3008 drop=0
[QUEUE_STATS] t_ms=28752 q_pkts=0 q_bytes=0 qdelay_l_ms=0 qdelay_c_ms=0 ecn_mark=3010 drop=0
[QUEUE_STATS] t_ms=28769 q_pkts=2 q_bytes=3008 qdelay_l_ms=0 qdelay_c_ms=2.99778 ecn_mark=3011 drop=0
[QUEUE_STATS] t_ms=28784 q_pkts=4 q_bytes=6016 qdelay_l_ms=1.6608 qdelay_c_ms=3.41191 ecn_mark=3011 drop=0
[QUEUE_STATS] t_ms=28800 q_pkts=4 q_bytes=6016 qdelay_l_ms=1.06138 qdelay_c_ms=8.69518 ecn_mark=3013 drop=0
[QUEUE_STATS] t_ms=28816 q_pkts=3 q_bytes=4512 qdelay_l_ms=0 qdelay_c_ms=4.90129 ecn_mark=3015 drop=0
[QUEUE_STATS] t_ms=28832 q_pkts=1 q_bytes=1504 qdelay_l_ms=0 qdelay_c_ms=5.10124 ecn_mark=3019 drop=0
[QUEUE_STATS] t_ms=28848 q_pkts=2 q_bytes=3008 qdelay_l_ms=1.07185 qdelay_c_ms=1.06529 ecn_mark=3019 drop=0
[QUEUE_STATS] t_ms=28864 q_pkts=2 q_bytes=3008 qdelay_l_ms=1.07047 qdelay_c_ms=2.12828 ecn_mark=3020 drop=0
[QUEUE_STATS] t_ms=28880 q_pkts=2 q_bytes=3008 qdelay_l_ms=1.06537 qdelay_c_ms=2.14607 ecn_mark=3020 drop=0
[QUEUE_STATS] t_ms=28896 q_pkts=3 q_bytes=4512 qdelay_l_ms=0.575613 qdelay_c_ms=3.25461 ecn_mark=3022 drop=0
[QUEUE_STATS] t_ms=28912 q_pkts=3 q_bytes=4512 qdelay_l_ms=1.07181 qdelay_c_ms=4.25489 ecn_mark=3025 drop=0
[QUEUE_STATS] t_ms=28928 q_pkts=1 q_bytes=1504 qdelay_l_ms=0 qdelay_c_ms=4.01146 ecn_mark=3026 drop=0
[QUEUE_STATS] t_ms=28944 q_pkts=2 q_bytes=3008 qdelay_l_ms=1.06432 qdelay_c_ms=4.32416 ecn_mark=3027 drop=0
[QUEUE_STATS] t_ms=28960 q_pkts=2 q_bytes=3008 qdelay_l_ms=0 qdelay_c_ms=4.31318 ecn_mark=3028 drop=0
[QUEUE_STATS] t_ms=28976 q_pkts=4 q_bytes=6016 qdelay_l_ms=1.08495 qdelay_c_ms=3.19453 ecn_mark=3028 drop=0
[QUEUE_STATS] t_ms=28993 q_pkts=3 q_bytes=4512 qdelay_l_ms=1.07879 qdelay_c_ms=4.47651 ecn_mark=3030 drop=0
[QUEUE_STATS] t_ms=29008 q_pkts=4 q_bytes=6016 qdelay_l_ms=1.06738 qdelay_c_ms=5.34894 ecn_mark=3031 drop=0
[QUEUE_STATS] t_ms=29024 q_pkts=5 q_bytes=7520 qdelay_l_ms=0 qdelay_c_ms=9.64748 ecn_mark=3034 drop=0
[QUEUE_STATS] t_ms=29040 q_pkts=5 q_bytes=7520 qdelay_l_ms=2.12746 qdelay_c_ms=5.34961 ecn_mark=3034 drop=0
[QUEUE_STATS] t_ms=29056 q_pkts=6 q_bytes=9024 qdelay_l_ms=2.13408 qdelay_c_ms=9.66481 ecn_mark=3035 drop=0
[QUEUE_STATS] t_ms=29072 q_pkts=6 q_bytes=9024 qdelay_l_ms=1.08341 qdelay_c_ms=8.52573 ecn_mark=3036 drop=0
[QUEUE_STATS] t_ms=29088 q_pkts=5 q_bytes=7520 qdelay_l_ms=0 qdelay_c_ms=12.9011 ecn_mark=3037 drop=0
[QUEUE_STATS] t_ms=29105 q_pkts=6 q_bytes=9024 qdelay_l_ms=1.08062 qdelay_c_ms=7.86666 ecn_mark=3037 drop=0
[QUEUE_STATS] t_ms=29120 q_pkts=7 q_bytes=10528 qdelay_l_ms=1.06793 qdelay_c_ms=8.59377 ecn_mark=3038 drop=0
[QUEUE_STATS] t_ms=29137 q_pkts=5 q_bytes=7520 qdelay_l_ms=0 qdelay_c_ms=12.8148 ecn_mark=3038 drop=0
[QUEUE_STATS] t_ms=29152 q_pkts=7 q_bytes=10528 qdelay_l_ms=1.07436 qdelay_c_ms=10.7448 ecn_mark=3038 drop=0
[QUEUE_STATS] t_ms=29168 q_pkts=8 q_bytes=12032 qdelay_l_ms=0 qdelay_c_ms=15.512 ecn_mark=3040 drop=0
[QUEUE_STATS] t_ms=29185 q_pkts=7 q_bytes=10528 qdelay_l_ms=0 qdelay_c_ms=13.0987 ecn_mark=3040 drop=0
[QUEUE_STATS] t_ms=29200 q_pkts=9 q_bytes=13536 qdelay_l_ms=1.06121 qdelay_c_ms=18.3845 ecn_mark=3041 drop=0
[QUEUE_STATS] t_ms=29216 q_pkts=7 q_bytes=10528 qdelay_l_ms=0 qdelay_c_ms=16.8395 ecn_mark=3045 drop=0
[QUEUE_STATS] t_ms=29232 q_pkts=6 q_bytes=9024 qdelay_l_ms=0 qdelay_c_ms=21.2881 ecn_mark=3048 drop=0
[QUEUE_STATS] t_ms=29248 q_pkts=2 q_bytes=3008 qdelay_l_ms=1.08471 qdelay_c_ms=1.07632 ecn_mark=3049 drop=0
[QUEUE_STATS] t_ms=29264 q_pkts=3 q_bytes=4512 qdelay_l_ms=1.04317 qdelay_c_ms=3.22719 ecn_mark=3051 drop=0
[QUEUE_STATS] t_ms=29280 q_pkts=2 q_bytes=3008 qdelay_l_ms=0.562408 qdelay_c_ms=3.29839 ecn_mark=3053 drop=0
[QUEUE_STATS] t_ms=29296 q_pkts=4 q_bytes=6016 qdelay_l_ms=0 qdelay_c_ms=3.6678 ecn_mark=3054 drop=0
[QUEUE_STATS] t_ms=29312 q_pkts=3 q_bytes=4512 qdelay_l_ms=1.06529 qdelay_c_ms=7.50578 ecn_mark=3057 drop=0
[QUEUE_STATS] t_ms=29328 q_pkts=3 q_bytes=4512 qdelay_l_ms=0 qdelay_c_ms=5.38042 ecn_mark=3060 drop=0
[QUEUE_STATS] t_ms=29344 q_pkts=3 q_bytes=4512 qdelay_l_ms=1.0711 qdelay_c_ms=2.13312 ecn_mark=3062 drop=0
[QUEUE_STATS] t_ms=29360 q_pkts=2 q_bytes=3008 qdelay_l_ms=1.04287 qdelay_c_ms=5.3469 ecn_mark=3062 drop=0
[QUEUE_STATS] t_ms=29376 q_pkts=3 q_bytes=4512 qdelay_l_ms=2.09231 qdelay_c_ms=4.25249 ecn_mark=3065 drop=0
[QUEUE_STATS] t_ms=29392 q_pkts=3 q_bytes=4512 qdelay_l_ms=1.75064 qdelay_c_ms=2.86594 ecn_mark=3068 drop=0
[QUEUE_STATS] t_ms=29408 q_pkts=5 q_bytes=7520 qdelay_l_ms=0 qdelay_c_ms=5.35387 ecn_mark=3069 drop=0
[QUEUE_STATS] t_ms=29424 q_pkts=3 q_bytes=4512 qdelay_l_ms=1.07271 qdelay_c_ms=3.75134 ecn_mark=3069 drop=0
[QUEUE_STATS] t_ms=29440 q_pkts=2 q_bytes=3008 qdelay_l_ms=1.0673 qdelay_c_ms=1.63478 ecn_mark=3071 drop=0
[QUEUE_STATS] t_ms=29456 q_pkts=1 q_bytes=1504 qdelay_l_ms=0.687433 qdelay_c_ms=0 ecn_mark=3074 drop=0
[QUEUE_STATS] t_ms=29472 q_pkts=1 q_bytes=1504 qdelay_l_ms=0 qdelay_c_ms=3.01313 ecn_mark=3075 drop=0
[QUEUE_STATS] t_ms=29488 q_pkts=1 q_bytes=1504 qdelay_l_ms=1.05919 qdelay_c_ms=0 ecn_mark=3076 drop=0
[QUEUE_STATS] t_ms=29504 q_pkts=2 q_bytes=3008 qdelay_l_ms=0 qdelay_c_ms=3.18794 ecn_mark=3077 drop=0
[QUEUE_STATS] t_ms=29521 q_pkts=2 q_bytes=3008 qdelay_l_ms=0 qdelay_c_ms=2.15158 ecn_mark=3077 drop=0
[QUEUE_STATS] t_ms=29536 q_pkts=2 q_bytes=3008 qdelay_l_ms=1.07038 qdelay_c_ms=4.93817 ecn_mark=3077 drop=0
[QUEUE_STATS] t_ms=29552 q_pkts=2 q_bytes=3008 qdelay_l_ms=0 qdelay_c_ms=4.2746 ecn_mark=3079 drop=0
[QUEUE_STATS] t_ms=29568 q_pkts=2 q_bytes=3008 qdelay_l_ms=2.14585 qdelay_c_ms=3.19163 ecn_mark=3081 drop=0
[QUEUE_STATS] t_ms=29584 q_pkts=3 q_bytes=4512 qdelay_l_ms=0 qdelay_c_ms=2.70803 ecn_mark=3082 drop=0
[QUEUE_STATS] t_ms=29600 q_pkts=1 q_bytes=1504 qdelay_l_ms=0 qdelay_c_ms=1.05827 ecn_mark=3084 drop=0
[QUEUE_STATS] t_ms=29616 q_pkts=2 q_bytes=3008 qdelay_l_ms=1.06689 qdelay_c_ms=2.12516 ecn_mark=3087 drop=0
[QUEUE_STATS] t_ms=29632 q_pkts=1 q_bytes=1504 qdelay_l_ms=1.07186 qdelay_c_ms=0 ecn_mark=3088 drop=0
[QUEUE_STATS] t_ms=29648 q_pkts=2 q_bytes=3008 qdelay_l_ms=1.0849 qdelay_c_ms=2.15236 ecn_mark=3090 drop=0
[QUEUE_STATS] t_ms=29664 q_pkts=2 q_bytes=3008 qdelay_l_ms=1.07572 qdelay_c_ms=1.08169 ecn_mark=3091 drop=0
[QUEUE_STATS] t_ms=29680 q_pkts=1 q_bytes=1504 qdelay_l_ms=1.06809 qdelay_c_ms=0 ecn_mark=3092 drop=0
[QUEUE_STATS] t_ms=29696 q_pkts=1 q_bytes=1504 qdelay_l_ms=0 qdelay_c_ms=3.17647 ecn_mark=3093 drop=0
[QUEUE_STATS] t_ms=29712 q_pkts=1 q_bytes=1504 qdelay_l_ms=1.06855 qdelay_c_ms=0 ecn_mark=3093 drop=0
[QUEUE_STATS] t_ms=29728 q_pkts=2 q_bytes=3008 qdelay_l_ms=0 qdelay_c_ms=5.3847 ecn_mark=3094 drop=0
[QUEUE_STATS] t_ms=29744 q_pkts=3 q_bytes=4512 qdelay_l_ms=1.07912 qdelay_c_ms=1.07116 ecn_mark=3094 drop=0
[QUEUE_STATS] t_ms=29760 q_pkts=1 q_bytes=1504 qdelay_l_ms=1.07177 qdelay_c_ms=0 ecn_mark=3094 drop=0
[QUEUE_STATS] t_ms=29776 q_pkts=3 q_bytes=4512 qdelay_l_ms=0 qdelay_c_ms=6.34804 ecn_mark=3095 drop=0
[QUEUE_STATS] t_ms=29792 q_pkts=4 q_bytes=6016 qdelay_l_ms=1.06615 qdelay_c_ms=2.15746 ecn_mark=3097 drop=0
[QUEUE_STATS] t_ms=29808 q_pkts=3 q_bytes=4512 qdelay_l_ms=1.08775 qdelay_c_ms=7.12099 ecn_mark=3097 drop=0
[QUEUE_STATS] t_ms=29824 q_pkts=5 q_bytes=7520 qdelay_l_ms=2.13597 qdelay_c_ms=5.35939 ecn_mark=3097 drop=0
[QUEUE_STATS] t_ms=29841 q_pkts=4 q_bytes=6016 qdelay_l_ms=0 qdelay_c_ms=11.7035 ecn_mark=3098 drop=0
[QUEUE_STATS] t_ms=29856 q_pkts=5 q_bytes=7520 qdelay_l_ms=0 qdelay_c_ms=12.6408 ecn_mark=3101 drop=0
[QUEUE_STATS] t_ms=29872 q_pkts=5 q_bytes=7520 qdelay_l_ms=0 qdelay_c_ms=8.00535 ecn_mark=3102 drop=0
[QUEUE_STATS] t_ms=29888 q_pkts=6 q_bytes=9024 qdelay_l_ms=1.06951 qdelay_c_ms=17.9196 ecn_mark=3107 drop=0
[QUEUE_STATS] t_ms=29904 q_pkts=5 q_bytes=7520 qdelay_l_ms=1.07263 qdelay_c_ms=16.0357 ecn_mark=3108 drop=0
[QUEUE_STATS] t_ms=29920 q_pkts=6 q_bytes=9024 qdelay_l_ms=1.06299 qdelay_c_ms=12.9058 ecn_mark=3111 drop=0
[QUEUE_STATS] t_ms=29936 q_pkts=5 q_bytes=7520 qdelay_l_ms=0 qdelay_c_ms=15.4279 ecn_mark=3112 drop=0
[QUEUE_STATS] t_ms=29952 q_pkts=7 q_bytes=10528 qdelay_l_ms=1.05928 qdelay_c_ms=15.5068 ecn_mark=3114 drop=0
[QUEUE_STATS] t_ms=29969 