[QUEUE_STATS] t_ms=32 q_pkts=0 q_bytes=0 qdelay_l_ms=0 qdelay_c_ms=0 ecn_mark=0 drop=0
[QUEUE_STATS] t_ms=83 q_pkts=0 q_bytes=0 qdelay_l_ms=0 qdelay_c_ms=0 ecn_mark=0 drop=0
[QUEUE_STATS] t_ms=106 q_pkts=0 q_bytes=0 qdelay_l_ms=0 qdelay_c_ms=0 ecn_mark=0 drop=0
[QUEUE_STATS] t_ms=128 q_pkts=0 q_bytes=0 qdelay_l_ms=0 qdelay_c_ms=0 ecn_mark=2 drop=0
[QUEUE_STATS] t_ms=151 q_pkts=0 q_bytes=0 qdelay_l_ms=0 qdelay_c_ms=0 ecn_mark=6 drop=0
[QUEUE_STATS] t_ms=174 q_pkts=0 q_bytes=0 qdelay_l_ms=0 qdelay_c_ms=0 ecn_mark=8 drop=0
[QUEUE_STATS] t_ms=197 q_pkts=0 q_bytes=0 qdelay_l_ms=0 qdelay_c_ms=0 ecn_mark=10 drop=0
[QUEUE_STATS] t_ms=208 q_pkts=1 q_bytes=1504 qdelay_l_ms=0 qdelay_c_ms=10.8348 ecn_mark=19 drop=0
[QUEUE_STATS] t_ms=226 q_pkts=0 q_bytes=0 qdelay_l_ms=0 qdelay_c_ms=0 ecn_mark=19 drop=0
[QUEUE_STATS] t_ms=243 q_pkts=0 q_bytes=0 qdelay_l_ms=0 qdelay_c_ms=0 ecn_mark=19 drop=0
[QUEUE_STATS] t_ms=256 q_pkts=4 q_bytes=6016 qdelay_l_ms=1.07213 qdelay_c_ms=1.06934 ecn_mark=19 drop=0
[QUEUE_STATS] t_ms=272 q_pkts=1 q_bytes=1504 qdelay_l_ms=1.06764 qdelay_c_ms=0 ecn_mark=19 drop=0
[QUEUE_STATS] t_ms=288 q_pkts=1 q_bytes=1504 qdelay_l_ms=1.06279 qdelay_c_ms=0 ecn_mark=19 drop=0
[QUEUE_STATS] t_ms=305 q_pkts=2 q_bytes=3008 qdelay_l_ms=1.06622 qdelay_c_ms=1.07123 ecn_mark=19 drop=0
[QUEUE_STATS] t_ms=321 q_pkts=1 q_bytes=1504 qdelay_l_ms=1.05885 qdelay_c_ms=0 ecn_mark=19 drop=0
[QUEUE_STATS] t_ms=336 q_pkts=0 q_bytes=0 qdelay_l_ms=0 qdelay_c_ms=0 ecn_mark=19 drop=0
[QUEUE_STATS] t_ms=352 q_pkts=2 q_bytes=3008 qdelay_l_ms=0 qdelay_c_ms=1.05692 ecn_mark=19 drop=0
[QUEUE_STATS] t_ms=368 q_pkts=0 q_bytes=0 qdelay_l_ms=0 qdelay_c_ms=0 ecn_mark=19 drop=0
[QUEUE_STATS] t_ms=384 q_pkts=2 q_bytes=3008 qdelay_l_ms=1.07596 qdelay_c_ms=2.04031 ecn_mark=19 drop=0
[QUEUE_STATS] t_ms=400 q_pkts=2 q_bytes=3008 qdelay_l_ms=2.04546 qdelay_c_ms=1.06372 ecn_mark=19 drop=0
[QUEUE_STATS] t_ms=416 q_pkts=1 q_bytes=1504 qdelay_l_ms=0 qdelay_c_ms=2.12649 ecn_mark=19 drop=0
[QUEUE_STATS] t_ms=432 q_pkts=3 q_bytes=4512 qdelay_l_ms=1.06472 qdelay_c_ms=1.06147 ecn_mark=19 drop=0
[QUEUE_STATS] t_ms=448 q_pkts=1 q_bytes=1504 qdelay_l_ms=0 qdelay_c_ms=1.07481 ecn_mark=19 drop=0
[QUEUE_STATS] t_ms=464 q_pkts=3 q_bytes=4512 qdelay_l_ms=0.780738 qdelay_c_ms=0.777362 ecn_mark=19 drop=0
[QUEUE_STATS] t_ms=480 q_pkts=1 q_bytes=1504 qdelay_l_ms=0 qdelay_c_ms=3.89934 ecn_mark=19 drop=0
[QUEUE_STATS] t_ms=496 q_pkts=2 q_bytes=3008 qdelay_l_ms=1.06885 qdelay_c_ms=5.3758 ecn_mark=19 drop=0
[QUEUE_STATS] t_ms=512 q_pkts=3 q_bytes=4512 qdelay_l_ms=0 qdelay_c_ms=5.90473 ecn_mark=19 drop=0
[QUEUE_STATS] t_ms=528 q_pkts=4 q_bytes=6016 qdelay_l_ms=0 qdelay_c_ms=5.18867 ecn_mark=19 drop=0
[QUEUE_STATS] t_ms=544 q_pkts=5 q_bytes=7520 qdelay_l_ms=0 qdelay_c_ms=7.33189 ecn_mark=19 drop=0
[QUEUE_STATS] t_ms=560 q_pkts=6 q_bytes=9024 qdelay_l_ms=0 qdelay_c_ms=7.39105 ecn_mark=19 drop=0
[QUEUE_STATS] t_ms=576 q_pkts=7 q_bytes=10528 qdelay_l_ms=1.06166 qdelay_c_ms=11.714 ecn_mark=19 drop=0
[QUEUE_STATS] t_ms=592 q_pkts=6 q_bytes=9024 qdelay_l_ms=2.12559 qdelay_c_ms=14.5086 ecn_mark=19 drop=0
[QUEUE_STATS] t_ms=608 q_pkts=9 q_bytes=13536 qdelay_l_ms=1.06537 qdelay_c_ms=21.4099 ecn_mark=19 drop=0
[QUEUE_STATS] t_ms=624 q_pkts=8 q_bytes=12032 qdelay_l_ms=0 qdelay_c_ms=24.4968 ecn_mark=19 drop=0
[QUEUE_STATS] t_ms=640 q_pkts=9 q_bytes=13536 qdelay_l_ms=1.06327 qdelay_c_ms=30.7423 ecn_mark=19 drop=0
[QUEUE_STATS] t_ms=656 q_pkts=11 q_bytes=16544 qdelay_l_ms=2.1228 qdelay_c_ms=28.8641 ecn_mark=20 drop=0
[QUEUE_STATS] t_ms=672 q_pkts=8 q_bytes=12032 qdelay_l_ms=2.12458 qdelay_c_ms=27.2452 ecn_mark=20 drop=0
[QUEUE_STATS] t_ms=688 q_pkts=8 q_bytes=12032 qdelay_l_ms=1.06982 qdelay_c_ms=25.8486 ecn_mark=20 drop=0
[QUEUE_STATS] t_ms=704 q_pkts=10 q_bytes=15040 qdelay_l_ms=0 qdelay_c_ms=27.3107 ecn_mark=20 drop=0
[QUEUE_STATS] t_ms=720 q_pkts=11 q_bytes=16544 qdelay_l_ms=1.06614 qdelay_c_ms=28.6983 ecn_mark=20 drop=0
[QUEUE_STATS] t_ms=736 q_pkts=11 q_bytes=16544 qdelay_l_ms=0 qdelay_c_ms=35.701 ecn_mark=20 drop=0
[QUEUE_STATS] t_ms=752 q_pkts=10 q_bytes=15040 qdelay_l_ms=1.06691 qdelay_c_ms=38.7653 ecn_mark=20 drop=0
[QUEUE_STATS] t_ms=768 q_pkts=13 q_bytes=19552 qdelay_l_ms=2.19523 qdelay_c_ms=33.7175 ecn_mark=20 drop=0
[QUEUE_STATS] t_ms=784 q_pkts=14 q_bytes=21056 qdelay_l_ms=1.08053 qdelay_c_ms=49.8247 ecn_mark=20 drop=0
[QUEUE_STATS] t_ms=800 q_pkts=14 q_bytes=21056 qdelay_l_ms=2.1237 qdelay_c_ms=47.7869 ecn_mark=20 drop=0
[QUEUE_STATS] t_ms=816 q_pkts=15 q_bytes=22560 qdelay_l_ms=2.16026 qdelay_c_ms=59.1104 ecn_mark=20 drop=0
[QUEUE_STATS] t_ms=832 q_pkts=14 q_bytes=21056 qdelay_l_ms=2.13462 qdelay_c_ms=71.9797 ecn_mark=20 drop=0
[QUEUE_STATS] t_ms=848 q_pkts=16 q_bytes=24064 qdelay_l_ms=2.1123 qdelay_c_ms=83.6326 ecn_mark=21 drop=0
[QUEUE_STATS] t_ms=864 q_pkts=14 q_bytes=21056 qdelay_l_ms=0 qdelay_c_ms=81.5754 ecn_mark=22 drop=0
[QUEUE_STATS] t_ms=880 q_pkts=14 q_bytes=19632 qdelay_l_ms=1.07683 qdelay_c_ms=92.8757 ecn_mark=22 drop=0
[QUEUE_STATS] t_ms=896 q_pkts=16 q_bytes=22640 qdelay_l_ms=2.12414 qdelay_c_ms=87.1518 ecn_mark=22 drop=0
[QUEUE_STATS] t_ms=913 q_pkts=16 q_bytes=22640 qdelay_l_ms=2.11967 qdelay_c_ms=96.132 ecn_mark=29 drop=0
[QUEUE_STATS] t_ms=928 q_pkts=15 q_bytes=21136 qdelay_l_ms=1.06323 qdelay_c_ms=88.9173 ecn_mark=29 drop=0
[QUEUE_STATS] t_ms=944 q_pkts=15 q_bytes=21136 qdelay_l_ms=1.06158 qdelay_c_ms=102.457 ecn_mark=29 drop=0
[QUEUE_STATS] t_ms=960 q_pkts=16 q_bytes=22640 qdelay_l_ms=1.07539 qdelay_c_ms=98.6661 ecn_mark=29 drop=0
[QUEUE_STATS] t_ms=976 q_pkts=17 q_bytes=25568 qdelay_l_ms=2.63469 qdelay_c_ms=95.4838 ecn_mark=38 drop=0
[QUEUE_STATS] t_ms=993 q_pkts=16 q_bytes=24064 qdelay_l_ms=1.07233 qdelay_c_ms=99.7912 ecn_mark=44 drop=0
[QUEUE_STATS] t_ms=1008 q_pkts=13 q_bytes=19552 qdelay_l_ms=0 qdelay_c_ms=95.0033 ecn_mark=45 drop=0
[QUEUE_STATS] t_ms=1024 q_pkts=13 q_bytes=19552 qdelay_l_ms=1.07652 qdelay_c_ms=79.7039 ecn_mark=47 drop=0
[QUEUE_STATS] t_ms=1040 q_pkts=12 q_bytes=18048 qdelay_l_ms=1.05862 qdelay_c_ms=75.2734 ecn_mark=47 drop=0
[QUEUE_STATS] t_ms=1056 q_pkts=14 q_bytes=21056 qdelay_l_ms=2.02409 qdelay_c_ms=58.0138 ecn_mark=47 drop=0
[QUEUE_STATS] t_ms=1072 q_pkts=14 q_bytes=21056 qdelay_l_ms=1.06636 qdelay_c_ms=57.1493 ecn_mark=47 drop=0
[QUEUE_STATS] t_ms=1088 q_pkts=15 q_bytes=22560 qdelay_l_ms=2.08677 qdelay_c_ms=58.0484 ecn_mark=47 drop=0
[QUEUE_STATS] t_ms=1104 q_pkts=16 q_bytes=24064 qdelay_l_ms=1.53524 qdelay_c_ms=62.3922 ecn_mark=48 drop=0
[QUEUE_STATS] t_ms=1121 q_pkts=17 q_bytes=25568 qdelay_l_ms=1.0971 qdelay_c_ms=74.0471 ecn_mark=48 drop=0
[QUEUE_STATS] t_ms=1136 q_pkts=15 q_bytes=22560 qdelay_l_ms=1.05875 qdelay_c_ms=83.2383 ecn_mark=48 drop=0
[QUEUE_STATS] t_ms=1152 q_pkts=17 q_bytes=25568 qdelay_l_ms=3.09356 qdelay_c_ms=85.4409 ecn_mark=49 drop=0
[QUEUE_STATS] t_ms=1168 q_pkts=18 q_bytes=27072 qdelay_l_ms=2.1288 qdelay_c_ms=93.9703 ecn_mark=53 drop=0
[QUEUE_STATS] t_ms=1184 q_pkts=16 q_bytes=24064 qdelay_l_ms=0.619766 qdelay_c_ms=95.9229 ecn_mark=55 drop=0
[QUEUE_STATS] t_ms=1201 q_pkts=15 q_bytes=22560 qdelay_l_ms=0 qdelay_c_ms=101.763 ecn_mark=55 drop=0
[QUEUE_STATS] t_ms=1216 q_pkts=18 q_bytes=27072 qdelay_l_ms=3.23148 qdelay_c_ms=96.5384 ecn_mark=64 drop=0
[QUEUE_STATS] t_ms=1232 q_pkts=16 q_bytes=24064 qdelay_l_ms=1.19698 qdelay_c_ms=91.4313 ecn_mark=71 drop=0
[QUEUE_STATS] t_ms=1248 q_pkts=15 q_bytes=22560 qdelay_l_ms=3.28381 qdelay_c_ms=86.7712 ecn_mark=71 drop=0
[QUEUE_STATS] t_ms=1264 q_pkts=16 q_bytes=24064 qdelay_l_ms=3.18844 qdelay_c_ms=92.5697 ecn_mark=77 drop=0
[QUEUE_STATS] t_ms=1280 q_pkts=18 q_bytes=27072 qdelay_l_ms=3.23612 qdelay_c_ms=87.8778 ecn_mark=82 drop=0
[QUEUE_STATS] t_ms=1296 q_pkts=15 q_bytes=22560 qdelay_l_ms=1.06614 qdelay_c_ms=85.0136 ecn_mark=82 drop=0
[QUEUE_STATS] t_ms=1312 q_pkts=16 q_bytes=24064 qdelay_l_ms=2.15866 qdelay_c_ms=87.4682 ecn_mark=82 drop=0
[QUEUE_STATS] t_ms=1328 q_pkts=16 q_bytes=24064 qdelay_l_ms=1.06126 qdelay_c_ms=83.3055 ecn_mark=82 drop=0
[QUEUE_STATS] t_ms=1344 q_pkts=17 q_bytes=25568 qdelay_l_ms=2.17371 qdelay_c_ms=90.3687 ecn_mark=83 drop=0
[QUEUE_STATS] t_ms=1360 q_pkts=17 q_bytes=25568 qdelay_l_ms=1.0611 qdelay_c_ms=93.5448 ecn_mark=84 drop=0
[QUEUE_STATS] t_ms=1376 q_pkts=17 q_bytes=25568 qdelay_l_ms=2.08134 qdelay_c_ms=97.4301 ecn_mark=86 drop=0
[QUEUE_STATS] t_ms=1392 q_pkts=17 q_bytes=25568 qdelay_l_ms=0 qdelay_c_ms=103.417 ecn_mark=86 drop=0
[QUEUE_STATS] t_ms=1408 q_pkts=17 q_bytes=25568 qdelay_l_ms=2.15841 qdelay_c_ms=97.3599 ecn_mark=88 drop=0
[QUEUE_STATS] t_ms=1424 q_pkts=18 q_bytes=27072 qdelay_l_ms=1.06571 qdelay_c_ms=103.881 ecn_mark=88 drop=0
[QUEUE_STATS] t_ms=1441 q_pkts=18 q_bytes=27072 qdelay_l_ms=1.08776 qdelay_c_ms=99.0821 ecn_mark=89 drop=0
[QUEUE_STATS] t_ms=1456 q_pkts=19 q_bytes=28576 qdelay_l_ms=2.13298 qdelay_c_ms=108.317 ecn_mark=94 drop=0
[QUEUE_STATS] t_ms=1472 q_pkts=17 q_bytes=25568 qdelay_l_ms=1.06157 qdelay_c_ms=109.17 ecn_mark=96 drop=0
[QUEUE_STATS] t_ms=1488 q_pkts=18 q_bytes=27072 qdelay_l_ms=2.09922 qdelay_c_ms=108.854 ecn_mark=96 drop=0
[QUEUE_STATS] t_ms=1504 q_pkts=19 q_bytes=28576 qdelay_l_ms=3.57458 qdelay_c_ms=119.374 ecn_mark=100 drop=0
[QUEUE_STATS] t_ms=1520 q_pkts=19 q_bytes=28576 qdelay_l_ms=2.12015 qdelay_c_ms=114.361 ecn_mark=108 drop=0
[QUEUE_STATS] t_ms=1537 q_pkts=17 q_bytes=25568 qdelay_l_ms=1.16673 qdelay_c_ms=120.116 ecn_mark=109 drop=0
[QUEUE_STATS] t_ms=1552 q_pkts=18 q_bytes=27072 qdelay_l_ms=2.08863 qdelay_c_ms=124.714 ecn_mark=109 drop=0
[QUEUE_STATS] t_ms=1568 q_pkts=19 q_bytes=28576 qdelay_l_ms=3.20521 qdelay_c_ms=121.156 ecn_mark=116 drop=0
[QUEUE_STATS] t_ms=1584 q_pkts=19 q_bytes=28576 qdelay_l_ms=2.17423 qdelay_c_ms=125.248 ecn_mark=127 drop=0
[QUEUE_STATS] t_ms=1600 q_pkts=17 q_bytes=25568 qdelay_l_ms=0.947673 qdelay_c_ms=121.372 ecn_mark=127 drop=0
[QUEUE_STATS] t_ms=1616 q_pkts=19 q_bytes=28576 qdelay_l_ms=2.0936 qdelay_c_ms=115.232 ecn_mark=127 drop=0
[QUEUE_STATS] t_ms=1632 q_pkts=19 q_bytes=28576 qdelay_l_ms=2.11092 qdelay_c_ms=123.356 ecn_mark=127 drop=0
[QUEUE_STATS] t_ms=1648 q_pkts=19 q_bytes=28576 qdelay_l_ms=1.05199 qdelay_c_ms=107.695 ecn_mark=132 drop=0
[QUEUE_STATS] t_ms=1664 q_pkts=19 q_bytes=28576 qdelay_l_ms=2.74198 qdelay_c_ms=113.823 ecn_mark=140 drop=0
[QUEUE_STATS] t_ms=1680 q_pkts=19 q_bytes=28576 qdelay_l_ms=2.1433 qdelay_c_ms=119.749 ecn_mark=141 drop=0
[QUEUE_STATS] t_ms=1696 q_pkts=17 q_bytes=25568 qdelay_l_ms=0.933466 qdelay_c_ms=114.467 ecn_mark=141 drop=0
[QUEUE_STATS] t_ms=1712 q_pkts=18 q_bytes=27072 qdelay_l_ms=1.06674 qdelay_c_ms=108.859 ecn_mark=141 drop=0
[QUEUE_STATS] t_ms=1729 q_pkts=19 q_bytes=28576 qdelay_l_ms=2.14065 qdelay_c_ms=116.064 ecn_mark=141 drop=0
[QUEUE_STATS] t_ms=1744 q_pkts=18 q_bytes=27072 qdelay_l_ms=2.13085 qdelay_c_ms=111.629 ecn_mark=141 drop=0
[QUEUE_STATS] t_ms=1760 q_pkts=20 q_bytes=30080 qdelay_l_ms=3.21252 qdelay_c_ms=106.43 ecn_mark=142 drop=0
[QUEUE_STATS] t_ms=1777 q_pkts=20 q_bytes=30080 qdelay_l_ms=2.14425 qdelay_c_ms=122.542 ecn_mark=147 drop=0
[QUEUE_STATS] t_ms=1792 q_pkts=19 q_bytes=28576 qdelay_l_ms=2.11626 qdelay_c_ms=116.94 ecn_mark=149 drop=0
[QUEUE_STATS] t_ms=1809 q_pkts=18 q_bytes=27072 qdelay_l_ms=2.13726 qdelay_c_ms=115.762 ecn_mark=156 drop=0
[QUEUE_STATS] t_ms=1824 q_pkts=19 q_bytes=28576 qdelay_l_ms=3.35455 qdelay_c_ms=118.906 ecn_mark=165 drop=0
[QUEUE_STATS] t_ms=1840 q_pkts=16 q_bytes=24064 qdelay_l_ms=1.02291 qdelay_c_ms=112.025 ecn_mark=165 drop=0
[QUEUE_STATS] t_ms=1856 q_pkts=20 q_bytes=30080 qdelay_l_ms=1.06171 qdelay_c_ms=106.421 ecn_mark=165 drop=0
[QUEUE_STATS] t_ms=1872 q_pkts=20 q_bytes=30080 qdelay_l_ms=1.07262 qdelay_c_ms=123.225 ecn_mark=165 drop=0
[QUEUE_STATS] t_ms=1888 q_pkts=21 q_bytes=31584 qdelay_l_ms=1.96201 qdelay_c_ms=123.766 ecn_mark=167 drop=0
[QUEUE_STATS] t_ms=1904 q_pkts=20 q_bytes=30080 qdelay_l_ms=3.24557 qdelay_c_ms=124.853 ecn_mark=167 drop=0
[QUEUE_STATS] t_ms=1920 q_pkts=20 q_bytes=30080 qdelay_l_ms=2.07457 qdelay_c_ms=111.444 ecn_mark=171 drop=0
[QUEUE_STATS] t_ms=1936 q_pkts=21 q_bytes=31584 qdelay_l_ms=2.25121 qdelay_c_ms=124.986 ecn_mark=172 drop=0
[QUEUE_STATS] t_ms=1952 q_pkts=18 q_bytes=27072 qdelay_l_ms=1.07058 qdelay_c_ms=109.718 ecn_mark=173 drop=0
[QUEUE_STATS] t_ms=1968 q_pkts=19 q_bytes=28576 qdelay_l_ms=1.05078 qdelay_c_ms=121.365 ecn_mark=173 drop=0
[QUEUE_STATS] t_ms=1984 q_pkts=20 q_bytes=30080 qdelay_l_ms=1.05353 qdelay_c_ms=134.169 ecn_mark=173 drop=0
[QUEUE_STATS] t_ms=2001 q_pkts=21 q_bytes=31584 qdelay_l_ms=2.02761 qdelay_c_ms=146.048 ecn_mark=174 drop=0
[QUEUE_STATS] t_ms=2016 q_pkts=22 q_bytes=33088 qdelay_l_ms=3.1939 qdelay_c_ms=161.57 ecn_mark=179 drop=0
[QUEUE_STATS] t_ms=2033 q_pkts=20 q_bytes=30080 qdelay_l_ms=1.08549 qdelay_c_ms=156.92 ecn_mark=184 drop=0
[QUEUE_STATS] t_ms=2048 q_pkts=19 q_bytes=28576 qdelay_l_ms=3.21411 qdelay_c_ms=142.869 ecn_mark=189 drop=0
[QUEUE_STATS] t_ms=2064 q_pkts=19 q_bytes=28576 qdelay_l_ms=2.13285 qdelay_c_ms=130.592 ecn_mark=191 drop=0
[QUEUE_STATS] t_ms=2080 q_pkts=18 q_bytes=27072 qdelay_l_ms=1.69342 qdelay_c_ms=133.907 ecn_mark=193 drop=0
[QUEUE_STATS] t_ms=2096 q_pkts=19 q_bytes=28576 qdelay_l_ms=1.0623 qdelay_c_ms=135.417 ecn_mark=195 drop=0
[QUEUE_STATS] t_ms=2112 q_pkts=19 q_bytes=28576 qdelay_l_ms=2.15223 qdelay_c_ms=133.939 ecn_mark=195 drop=0
[QUEUE_STATS] t_ms=2128 q_pkts=19 q_bytes=28576 qdelay_l_ms=2.12814 qdelay_c_ms=130.248 ecn_mark=196 drop=0
[QUEUE_STATS] t_ms=2144 q_pkts=20 q_bytes=30080 qdelay_l_ms=1.68638 qdelay_c_ms=125.771 ecn_mark=198 drop=0
[QUEUE_STATS] t_ms=2160 q_pkts=17 q_bytes=25568 qdelay_l_ms=1.06139 qdelay_c_ms=111.7 ecn_mark=198 drop=0
[QUEUE_STATS] t_ms=2176 q_pkts=18 q_bytes=27072 qdelay_l_ms=1.05871 qdelay_c_ms=117.036 ecn_mark=199 drop=0
[QUEUE_STATS] t_ms=2192 q_pkts=21 q_bytes=28664 qdelay_l_ms=2.11479 qdelay_c_ms=111.852 ecn_mark=200 drop=0
[QUEUE_STATS] t_ms=2208 q_pkts=21 q_bytes=28664 qdelay_l_ms=3.19001 qdelay_c_ms=106.81 ecn_mark=201 drop=0
[QUEUE_STATS] t_ms=2224 q_pkts=21 q_bytes=28664 qdelay_l_ms=0 qdelay_c_ms=114.713 ecn_mark=201 drop=0
[QUEUE_STATS] t_ms=2240 q_pkts=20 q_bytes=27160 qdelay_l_ms=0 qdelay_c_ms=105.963 ecn_mark=201 drop=0
[QUEUE_STATS] t_ms=2256 q_pkts=21 q_bytes=28664 qdelay_l_ms=1.0761 qdelay_c_ms=91.9017 ecn_mark=201 drop=0
[QUEUE_STATS] t_ms=2272 q_pkts=23 q_bytes=31672 qdelay_l_ms=1.62155 qdelay_c_ms=103.183 ecn_mark=202 drop=0
[QUEUE_STATS] t_ms=2288 q_pkts=21 q_bytes=28664 qdelay_l_ms=1.06631 qdelay_c_ms=100.369 ecn_mark=205 drop=0
[QUEUE_STATS] t_ms=2304 q_pkts=20 q_bytes=30080 qdelay_l_ms=2.09449 qdelay_c_ms=102.042 ecn_mark=205 drop=0
[QUEUE_STATS] t_ms=2321 q_pkts=20 q_bytes=30080 qdelay_l_ms=0 qdelay_c_ms=112.774 ecn_mark=206 drop=0
[QUEUE_STATS] t_ms=2336 q_pkts=21 q_bytes=31584 qdelay_l_ms=3.225 qdelay_c_ms=107.28 ecn_mark=210 drop=0
[QUEUE_STATS] t_ms=2353 q_pkts=21 q_bytes=31584 qdelay_l_ms=1.07536 qdelay_c_ms=113.911 ecn_mark=213 drop=0
[QUEUE_STATS] t_ms=2368 q_pkts=21 q_bytes=31584 qdelay_l_ms=1.09676 qdelay_c_ms=120.837 ecn_mark=213 drop=0
[QUEUE_STATS] t_ms=2384 q_pkts=22 q_bytes=33088 qdelay_l_ms=2.08323 qdelay_c_ms=135.206 ecn_mark=213 drop=0
[QUEUE_STATS] t_ms=2400 q_pkts=22 q_bytes=33088 qdelay_l_ms=2.17728 qdelay_c_ms=137.592 ecn_mark=213 drop=0
[QUEUE_STATS] t_ms=2416 q_pkts=23 q_bytes=34592 qdelay_l_ms=2.9746 qdelay_c_ms=152.824 ecn_mark=221 drop=0
[QUEUE_STATS] t_ms=2432 q_pkts=20 q_bytes=30080 qdelay_l_ms=4.29494 qdelay_c_ms=151.198 ecn_mark=233 drop=0
[QUEUE_STATS] t_ms=2448 q_pkts=21 q_bytes=31584 qdelay_l_ms=1.99606 qdelay_c_ms=154.41 ecn_mark=235 drop=0
[QUEUE_STATS] t_ms=2464 q_pkts=22 q_bytes=33088 qdelay_l_ms=1.07026 qdelay_c_ms=161.044 ecn_mark=235 drop=0
[QUEUE_STATS] t_ms=2480 q_pkts=20 q_bytes=30080 qdelay_l_ms=2.07548 qdelay_c_ms=153.224 ecn_mark=235 drop=0
[QUEUE_STATS] t_ms=2496 q_pkts=22 q_bytes=33088 qdelay_l_ms=2.15831 qdelay_c_ms=153.467 ecn_mark=240 drop=0
[QUEUE_STATS] t_ms=2512 q_pkts=22 q_bytes=33088 qdelay_l_ms=1.06505 qdelay_c_ms=164.925 ecn_mark=248 drop=0
[QUEUE_STATS] t_ms=2529 q_pkts=21 q_bytes=31584 qdelay_l_ms=1.07297 qdelay_c_ms=162.029 ecn_mark=248 drop=0
[QUEUE_STATS] t_ms=2545 q_pkts=23 q_bytes=34592 qdelay_l_ms=3.73446 qdelay_c_ms=156.801 ecn_mark=259 drop=0
[QUEUE_STATS] t_ms=2560 q_pkts=21 q_bytes=31584 qdelay_l_ms=1.06632 qdelay_c_ms=151.87 ecn_mark=265 drop=0
[QUEUE_STATS] t_ms=2576 q_pkts=20 q_bytes=30080 qdelay_l_ms=2.36382 qdelay_c_ms=127.154 ecn_mark=265 drop=0
[QUEUE_STATS] t_ms=2592 q_pkts=22 q_bytes=33088 qdelay_l_ms=1.05899 qdelay_c_ms=142.855 ecn_mark=266 drop=0
[QUEUE_STATS] t_ms=2608 q_pkts=21 q_bytes=31584 qdelay_l_ms=1.06608 qdelay_c_ms=120.049 ecn_mark=266 drop=0
[QUEUE_STATS] t_ms=2624 q_pkts=21 q_bytes=31584 qdelay_l_ms=1.06687 qdelay_c_ms=133.361 ecn_mark=266 drop=0
[QUEUE_STATS] t_ms=2640 q_pkts=21 q_bytes=31584 qdelay_l_ms=0.605719 qdelay_c_ms=140.382 ecn_mark=266 drop=0
[QUEUE_STATS] t_ms=2657 q_pkts=22 q_bytes=33088 qdelay_l_ms=3.09069 qdelay_c_ms=116.308 ecn_mark=267 drop=0
[QUEUE_STATS] t_ms=2672 q_pkts=22 q_bytes=33088 qdelay_l_ms=3.22184 qdelay_c_ms=131.741 ecn_mark=277 drop=0
[QUEUE_STATS] t_ms=2688 q_pkts=21 q_bytes=31584 qdelay_l_ms=2.19258 qdelay_c_ms=136.19 ecn_mark=279 drop=0
[QUEUE_STATS] t_ms=2704 q_pkts=22 q_bytes=33088 qdelay_l_ms=2.13305 qdelay_c_ms=132.364 ecn_mark=283 drop=0
[QUEUE_STATS] t_ms=2720 q_pkts=19 q_bytes=28576 qdelay_l_ms=1.06639 qdelay_c_ms=129.297 ecn_mark=286 drop=0
[QUEUE_STATS] t_ms=2736 q_pkts=21 q_bytes=31584 qdelay_l_ms=1.07989 qdelay_c_ms=131.812 ecn_mark=286 drop=0
[QUEUE_STATS] t_ms=2752 q_pkts=21 q_bytes=31584 qdelay_l_ms=1.08702 qdelay_c_ms=126.918 ecn_mark=286 drop=0
[QUEUE_STATS] t_ms=2768 q_pkts=23 q_bytes=34592 qdelay_l_ms=2.14184 qdelay_c_ms=121.946 ecn_mark=287 drop=0
[QUEUE_STATS] t_ms=2784 q_pkts=23 q_bytes=34592 qdelay_l_ms=1.0417 qdelay_c_ms=126.957 ecn_mark=287 drop=0
[QUEUE_STATS] t_ms=2800 q_pkts=21 q_bytes=31584 qdelay_l_ms=1.06597 qdelay_c_ms=122.248 ecn_mark=289 drop=0
[QUEUE_STATS] t_ms=2816 q_pkts=22 q_bytes=33088 qdelay_l_ms=2.13308 qdelay_c_ms=117.54 ecn_mark=294 drop=0
[QUEUE_STATS] t_ms=2832 q_pkts=22 q_bytes=33088 qdelay_l_ms=1.07648 qdelay_c_ms=122.402 ecn_mark=294 drop=0
[QUEUE_STATS] t_ms=2848 q_pkts=20 q_bytes=30080 qdelay_l_ms=1.07165 qdelay_c_ms=116.831 ecn_mark=295 drop=0
[QUEUE_STATS] t_ms=2864 q_pkts=22 q_bytes=33088 qdelay_l_ms=3.20685 qdelay_c_ms=121.512 ecn_mark=298 drop=0
[QUEUE_STATS] t_ms=2880 q_pkts=21 q_bytes=31584 qdelay_l_ms=0.92498 qdelay_c_ms=115.091 ecn_mark=298 drop=0
[QUEUE_STATS] t_ms=2896 q_pkts=21 q_bytes=31584 qdelay_l_ms=2.08812 qdelay_c_ms=119.684 ecn_mark=298 drop=0
[QUEUE_STATS] t_ms=2912 q_pkts=22 q_bytes=33088 qdelay_l_ms=2.11011 qdelay_c_ms=116.617 ecn_mark=299 drop=0
[QUEUE_STATS] t_ms=2929 q_pkts=21 q_bytes=31584 qdelay_l_ms=1.0761 qdelay_c_ms=103.516 ecn_mark=300 drop=0
[QUEUE_STATS] t_ms=2944 q_pkts=21 q_bytes=31584 qdelay_l_ms=1.08276 qdelay_c_ms=119.422 ecn_mark=300 drop=0
[QUEUE_STATS] t_ms=2960 q_pkts=22 q_bytes=33088 qdelay_l_ms=3.24945 qdelay_c_ms=107.937 ecn_mark=300 drop=0
[QUEUE_STATS] t_ms=2977 q_pkts=23 q_bytes=34592 qdelay_l_ms=2.12533 qdelay_c_ms=119.787 ecn_mark=300 drop=0
[QUEUE_STATS] t_ms=2992 q_pkts=22 q_bytes=33088 qdelay_l_ms=2.19892 qdelay_c_ms=116.513 ecn_mark=301 drop=0
[QUEUE_STATS] t_ms=3008 q_pkts=22 q_bytes=33088 qdelay_l_ms=2.13396 qdelay_c_ms=125.965 ecn_mark=302 drop=0
[QUEUE_STATS] t_ms=3024 q_pkts=23 q_bytes=34592 qdelay_l_ms=3.22537 qdelay_c_ms=125.002 ecn_mark=304 drop=0
[QUEUE_STATS] t_ms=3040 q_pkts=23 q_bytes=34592 qdelay_l_ms=1.66768 qdelay_c_ms=135.774 ecn_mark=312 drop=0
[QUEUE_STATS] t_ms=3056 q_pkts=22 q_bytes=33088 qdelay_l_ms=1.02948 qdelay_c_ms=130.09 ecn_mark=314 drop=0
[QUEUE_STATS] t_ms=3072 q_pkts=24 q_bytes=36096 qdelay_l_ms=1.02897 qdelay_c_ms=140.3 ecn_mark=314 drop=0
[QUEUE_STATS] t_ms=3088 q_pkts=25 q_bytes=37600 qdelay_l_ms=2.16328 qdelay_c_ms=143.388 ecn_mark=315 drop=0
[QUEUE_STATS] t_ms=3104 q_pkts=24 q_bytes=36096 qdelay_l_ms=2.13643 qdelay_c_ms=154.938 ecn_mark=318 drop=0
[QUEUE_STATS] t_ms=3120 q_pkts=24 q_bytes=36096 qdelay_l_ms=1.04719 qdelay_c_ms=151.331 ecn_mark=319 drop=0
[QUEUE_STATS] t_ms=3136 q_pkts=25 q_bytes=37600 qdelay_l_ms=3.18579 qdelay_c_ms=159.174 ecn_mark=321 drop=0
[QUEUE_STATS] t_ms=3152 q_pkts=24 q_bytes=36096 qdelay_l_ms=1.09255 qdelay_c_ms=151.967 ecn_mark=322 drop=0
[QUEUE_STATS] t_ms=3168 q_pkts=25 q_bytes=37600 qdelay_l_ms=2.13758 qdelay_c_ms=164.204 ecn_mark=322 drop=0
[QUEUE_STATS] t_ms=3184 q_pkts=24 q_bytes=36096 qdelay_l_ms=2.1508 qdelay_c_ms=163.775 ecn_mark=323 drop=0
[QUEUE_STATS] t_ms=3200 q_pkts=23 q_bytes=34592 qdelay_l_ms=0 qdelay_c_ms=168.098 ecn_mark=324 drop=0
[QUEUE_STATS] t_ms=3216 q_pkts=24 q_bytes=36096 qdelay_l_ms=2.13888 qdelay_c_ms=174.953 ecn_mark=324 drop=0
[QUEUE_STATS] t_ms=3232 q_pkts=23 q_bytes=34592 qdelay_l_ms=1.07157 qdelay_c_ms=168.609 ecn_mark=326 drop=0
[QUEUE_STATS] t_ms=3248 q_pkts=24 q_bytes=36096 qdelay_l_ms=2.07059 qdelay_c_ms=163.949 ecn_mark=326 drop=0
[QUEUE_STATS] t_ms=3264 q_pkts=24 q_bytes=36096 qdelay_l_ms=2.01433 qdelay_c_ms=180.172 ecn_mark=326 drop=0
[QUEUE_STATS] t_ms=3280 q_pkts=24 q_bytes=36096 qdelay_l_ms=1.08875 qdelay_c_ms=175.016 ecn_mark=329 drop=0
[QUEUE_STATS] t_ms=3296 q_pkts=24 q_bytes=36096 qdelay_l_ms=3.22731 qdelay_c_ms=181.466 ecn_mark=343 drop=0
[QUEUE_STATS] t_ms=3312 q_pkts=24 q_bytes=36096 qdelay_l_ms=3.25189 qdelay_c_ms=177.746 ecn_mark=348 drop=0
[QUEUE_STATS] t_ms=3328 q_pkts=23 q_bytes=34592 qdelay_l_ms=2.16346 qdelay_c_ms=163.003 ecn_mark=352 drop=0
[QUEUE_STATS] t_ms=3344 q_pkts=23 q_bytes=34592 qdelay_l_ms=2.16635 qdelay_c_ms=178.085 ecn_mark=352 drop=0
[QUEUE_STATS] t_ms=3360 q_pkts=22 q_bytes=33088 qdelay_l_ms=1.08349 qdelay_c_ms=164.187 ecn_mark=353 drop=0
[QUEUE_STATS] t_ms=3376 q_pkts=24 q_bytes=36096 qdelay_l_ms=3.22063 qdelay_c_ms=159.582 ecn_mark=356 drop=0
[QUEUE_STATS] t_ms=3393 q_pkts=24 q_bytes=36096 qdelay_l_ms=1.09459 qdelay_c_ms=154.591 ecn_mark=359 drop=0
[QUEUE_STATS] t_ms=3408 q_pkts=24 q_bytes=36096 qdelay_l_ms=2.15192 qdelay_c_ms=159.631 ecn_mark=360 drop=0
[QUEUE_STATS] t_ms=3424 q_pkts=24 q_bytes=36096 qdelay_l_ms=2.1555 qdelay_c_ms=154.754 ecn_mark=366 drop=0
[QUEUE_STATS] t_ms=3441 q_pkts=24 q_bytes=36096 qdelay_l_ms=1.09604 qdelay_c_ms=131.459 ecn_mark=367 drop=0
[QUEUE_STATS] t_ms=3456 q_pkts=21 q_bytes=31584 qdelay_l_ms=0 qdelay_c_ms=137.179 ecn_mark=367 drop=0
[QUEUE_STATS] t_ms=3472 q_pkts=25 q_bytes=37600 qdelay_l_ms=3.16441 qdelay_c_ms=124.77 ecn_mark=370 drop=0
[QUEUE_STATS] t_ms=3488 q_pkts=22 q_bytes=33088 qdelay_l_ms=0 qdelay_c_ms=116.788 ecn_mark=374 drop=0
[QUEUE_STATS] t_ms=3504 q_pkts=22 q_bytes=33088 qdelay_l_ms=3.23494 qdelay_c_ms=113.41 ecn_mark=375 drop=0
[QUEUE_STATS] t_ms=3520 q_pkts=23 q_bytes=34592 qdelay_l_ms=1.05229 qdelay_c_ms=125.982 ecn_mark=376 drop=0
[QUEUE_STATS] t_ms=3536 q_pkts=23 q_bytes=34592 qdelay_l_ms=1.95324 qdelay_c_ms=121.268 ecn_mark=378 drop=0
[QUEUE_STATS] t_ms=3552 q_pkts=23 q_bytes=34592 qdelay_l_ms=0 qdelay_c_ms=126.538 ecn_mark=378 drop=0
[QUEUE_STATS] t_ms=3568 q_pkts=23 q_bytes=34592 qdelay_l_ms=1.07758 qdelay_c_ms=111.556 ecn_mark=378 drop=0
[QUEUE_STATS] t_ms=3584 q_pkts=24 q_bytes=36096 qdelay_l_ms=2.12913 qdelay_c_ms=115.458 ecn_mark=378 drop=0
[QUEUE_STATS] t_ms=3600 q_pkts=23 q_bytes=34592 qdelay_l_ms=1.08328 qdelay_c_ms=122.075 ecn_mark=378 drop=0
[QUEUE_STATS] t_ms=3616 q_pkts=24 q_bytes=36096 qdelay_l_ms=3.25515 qdelay_c_ms=125.259 ecn_mark=382 drop=0
[QUEUE_STATS] t_ms=3632 q_pkts=25 q_bytes=37600 qdelay_l_ms=2.15428 qdelay_c_ms=125.022 ecn_mark=383 drop=0
[QUEUE_STATS] t_ms=3648 q_pkts=23 q_bytes=34592 qdelay_l_ms=2.14698 qdelay_c_ms=126.141 ecn_mark=384 drop=0
[QUEUE_STATS] t_ms=3664 q_pkts=25 q_bytes=37600 qdelay_l_ms=2.11063 qdelay_c_ms=129.904 ecn_mark=386 drop=0
[QUEUE_STATS] t_ms=3680 q_pkts=25 q_bytes=37600 qdelay_l_ms=0 qdelay_c_ms=135.144 ecn_mark=388 drop=0
[QUEUE_STATS] t_ms=3696 q_pkts=23 q_bytes=34592 qdelay_l_ms=0 qdelay_c_ms=139.71 ecn_mark=388 drop=0
[QUEUE_STATS] t_ms=3712 q_pkts=25 q_bytes=37600 qdelay_l_ms=3.17503 qdelay_c_ms=132.395 ecn_mark=398 drop=0
[QUEUE_STATS] t_ms=3728 q_pkts=25 q_bytes=37600 qdelay_l_ms=2.26049 qdelay_c_ms=123.512 ecn_mark=404 drop=0
[QUEUE_STATS] t_ms=3744 q_pkts=23 q_bytes=34592 qdelay_l_ms=1.09267 qdelay_c_ms=121.423 ecn_mark=404 drop=0
[QUEUE_STATS] t_ms=3760 q_pkts=25 q_bytes=37600 qdelay_l_ms=2.17114 qdelay_c_ms=132.422 ecn_mark=404 drop=0
[QUEUE_STATS] t_ms=3776 q_pkts=25 q_bytes=37600 qdelay_l_ms=1.05604 qdelay_c_ms=133.054 ecn_mark=406 drop=0
[QUEUE_STATS] t_ms=3792 q_pkts=24 q_bytes=36096 qdelay_l_ms=2.15641 qdelay_c_ms=131.968 ecn_mark=408 drop=0
[QUEUE_STATS] t_ms=3808 q_pkts=26 q_bytes=39104 qdelay_l_ms=3.22351 qdelay_c_ms=130.129 ecn_mark=410 drop=0
[QUEUE_STATS] t_ms=3824 q_pkts=26 q_bytes=39104 qdelay_l_ms=1.83531 qdelay_c_ms=138.171 ecn_mark=413 drop=0
[QUEUE_STATS] t_ms=3840 q_pkts=24 q_bytes=36096 qdelay_l_ms=2.13797 qdelay_c_ms=131.159 ecn_mark=413 drop=0
[QUEUE_STATS] t_ms=3856 q_pkts=26 q_bytes=39104 qdelay_l_ms=2.14978 qdelay_c_ms=136.833 ecn_mark=414 drop=0
[QUEUE_STATS] t_ms=3872 q_pkts=23 q_bytes=34592 qdelay_l_ms=0 qdelay_c_ms=151.897 ecn_mark=414 drop=0
[QUEUE_STATS] t_ms=3888 q_pkts=22 q_bytes=33088 qdelay_l_ms=0 qdelay_c_ms=141.682 ecn_mark=414 drop=0
[QUEUE_STATS] t_ms=3904 q_pkts=25 q_bytes=37600 qdelay_l_ms=2.14114 qdelay_c_ms=138.866 ecn_mark=415 drop=0
[QUEUE_STATS] t_ms=3920 q_pkts=25 q_bytes=37600 qdelay_l_ms=1.09411 qdelay_c_ms=146.108 ecn_mark=416 drop=0
[QUEUE_STATS] t_ms=3936 q_pkts=24 q_bytes=36096 qdelay_l_ms=2.16656 qdelay_c_ms=142.392 ecn_mark=417 drop=0
[QUEUE_STATS] t_ms=3952 q_pkts=26 q_bytes=39104 qdelay_l_ms=2.1293 qdelay_c_ms=146.573 ecn_mark=419 drop=0
[QUEUE_STATS] t_ms=3968 q_pkts=26 q_bytes=39104 qdelay_l_ms=4.28565 qdelay_c_ms=146.11 ecn_mark=423 drop=0
[QUEUE_STATS] t_ms=3984 q_pkts=26 q_bytes=37652 qdelay_l_ms=1.07805 qdelay_c_ms=146.515 ecn_mark=424 drop=0
[QUEUE_STATS] t_ms=4000 q_pkts=28 q_bytes=40660 qdelay_l_ms=2.12615 qdelay_c_ms=145.767 ecn_mark=426 drop=0
[QUEUE_STATS] t_ms=4016 q_pkts=26 q_bytes=37652 qdelay_l_ms=2.15776 qdelay_c_ms=143.434 ecn_mark=427 drop=0
[QUEUE_STATS] t_ms=4032 q_pkts=26 q_bytes=37652 qdelay_l_ms=1.18417 qdelay_c_ms=137.606 ecn_mark=433 drop=0
[QUEUE_STATS] t_ms=4048 q_pkts=25 q_bytes=36148 qdelay_l_ms=0.085631 qdelay_c_ms=143.316 ecn_mark=433 drop=0
[QUEUE_STATS] t_ms=4064 q_pkts=26 q_bytes=37652 qdelay_l_ms=2.14339 qdelay_c_ms=140.772 ecn_mark=433 drop=0
[QUEUE_STATS] t_ms=4080 q_pkts=27 q_bytes=39156 qdelay_l_ms=1.06645 qdelay_c_ms=149.202 ecn_mark=433 drop=0
[QUEUE_STATS] t_ms=4096 q_pkts=29 q_bytes=42164 qdelay_l_ms=3.16566 qdelay_c_ms=145.27 ecn_mark=436 drop=0
[QUEUE_STATS] t_ms=4113 q_pkts=28 q_bytes=40660 qdelay_l_ms=1.08324 qdelay_c_ms=153.986 ecn_mark=441 drop=0
[QUEUE_STATS] t_ms=4129 q_pkts=28 q_bytes=40660 qdelay_l_ms=4.94479 qdelay_c_ms=152.615 ecn_mark=445 drop=0
[QUEUE_STATS] t_ms=4144 q_pkts=24 q_bytes=36096 qdelay_l_ms=1.06695 qdelay_c_ms=157.368 ecn_mark=449 drop=0
[QUEUE_STATS] t_ms=4160 q_pkts=24 q_bytes=36096 qdelay_l_ms=2.14386 qdelay_c_ms=142.197 ecn_mark=449 drop=0
[QUEUE_STATS] t_ms=4176 q_pkts=26 q_bytes=39104 qdelay_l_ms=1.5967 qdelay_c_ms=146.463 ecn_mark=453 drop=0
[QUEUE_STATS] t_ms=4192 q_pkts=28 q_bytes=42112 qdelay_l_ms=3.29325 qdelay_c_ms=151.873 ecn_mark=456 drop=0
[QUEUE_STATS] t_ms=4208 q_pkts=24 q_bytes=36096 qdelay_l_ms=2.15403 qdelay_c_ms=139.328 ecn_mark=461 drop=0
[QUEUE_STATS] t_ms=4224 q_pkts=24 q_bytes=36096 qdelay_l_ms=0.973361 qdelay_c_ms=143.746 ecn_mark=464 drop=0
[QUEUE_STATS] t_ms=4240 q_pkts=24 q_bytes=36096 qdelay_l_ms=0.115828 qdelay_c_ms=134.545 ecn_mark=464 drop=0
[QUEUE_STATS] t_ms=4256 q_pkts=26 q_bytes=39104 qdelay_l_ms=1.08041 qdelay_c_ms=131.167 ecn_mark=464 drop=0
[QUEUE_STATS] t_ms=4272 q_pkts=25 q_bytes=37600 qdelay_l_ms=0 qdelay_c_ms=126.084 ecn_mark=464 drop=0
[QUEUE_STATS] t_ms=4288 q_pkts=27 q_bytes=40608 qdelay_l_ms=2.10652 qdelay_c_ms=141.406 ecn_mark=464 drop=0
[QUEUE_STATS] t_ms=4304 q_pkts=28 q_bytes=42112 qdelay_l_ms=3.24199 qdelay_c_ms=142.719 ecn_mark=471 drop=0
[QUEUE_STATS] t_ms=4320 q_pkts=26 q_bytes=39104 qdelay_l_ms=2.17124 qdelay_c_ms=139.699 ecn_mark=476 drop=0
[QUEUE_STATS] t_ms=4336 q_pkts=26 q_bytes=39104 qdelay_l_ms=2.12205 qdelay_c_ms=150.175 ecn_mark=476 drop=0
[QUEUE_STATS] t_ms=4352 q_pkts=29 q_bytes=43616 qdelay_l_ms=3.15308 qdelay_c_ms=140.816 ecn_mark=479 drop=0
[QUEUE_STATS] t_ms=4368 q_pkts=28 q_bytes=42112 qdelay_l_ms=2.14895 qdelay_c_ms=157.443 ecn_mark=490 drop=0
[QUEUE_STATS] t_ms=4384 q_pkts=28 q_bytes=42112 qdelay_l_ms=1.08386 qdelay_c_ms=167.12 ecn_mark=490 drop=0
[QUEUE_STATS] t_ms=4400 q_pkts=26 q_bytes=39104 qdelay_l_ms=1.0474 qdelay_c_ms=175.798 ecn_mark=490 drop=0
[QUEUE_STATS] t_ms=4416 q_pkts=29 q_bytes=43616 qdelay_l_ms=3.20137 qdelay_c_ms=173.425 ecn_mark=493 drop=0
[QUEUE_STATS] t_ms=4432 q_pkts=27 q_bytes=40608 qdelay_l_ms=2.80726 qdelay_c_ms=185.338 ecn_mark=504 drop=0
[QUEUE_STATS] t_ms=4448 q_pkts=27 q_bytes=40608 qdelay_l_ms=2.19358 qdelay_c_ms=183.261 ecn_mark=507 drop=0
[QUEUE_STATS] t_ms=4464 q_pkts=28 q_bytes=42112 qdelay_l_ms=2.13667 qdelay_c_ms=185.141 ecn_mark=507 drop=0
[QUEUE_STATS] t_ms=4480 q_pkts=26 q_bytes=39104 qdelay_l_ms=2.08457 qdelay_c_ms=190.742 ecn_mark=507 drop=0
[QUEUE_STATS] t_ms=4496 q_pkts=29 q_bytes=43616 qdelay_l_ms=2.93716 qdelay_c_ms=180.596 ecn_mark=508 drop=0
[QUEUE_STATS] t_ms=4512 q_pkts=28 q_bytes=42112 qdelay_l_ms=2.16615 qdelay_c_ms=196.983 ecn_mark=513 drop=0
[QUEUE_STATS] t_ms=4528 q_pkts=28 q_bytes=42112 qdelay_l_ms=3.23783 qdelay_c_ms=189.118 ecn_mark=517 drop=0
[QUEUE_STATS] t_ms=4544 q_pkts=26 q_bytes=39104 qdelay_l_ms=1.08447 qdelay_c_ms=205.388 ecn_mark=517 drop=0
[QUEUE_STATS] t_ms=4560 q_pkts=27 q_bytes=40608 qdelay_l_ms=2.69606 qdelay_c_ms=188.715 ecn_mark=518 drop=0
[QUEUE_STATS] t_ms=4576 q_pkts=27 q_bytes=40608 qdelay_l_ms=1.06879 qdelay_c_ms=204.468 ecn_mark=519 drop=0
[QUEUE_STATS] t_ms=4593 q_pkts=27 q_bytes=40608 qdelay_l_ms=1.06196 qdelay_c_ms=190.653 ecn_mark=519 drop=0
[QUEUE_STATS] t_ms=4608 q_pkts=27 q_bytes=40608 qdelay_l_ms=2.91728 qdelay_c_ms=175.681 ecn_mark=521 drop=0
[QUEUE_STATS] t_ms=4624 q_pkts=26 q_bytes=39104 qdelay_l_ms=2.1605 qdelay_c_ms=190.319 ecn_mark=521 drop=0
[QUEUE_STATS] t_ms=4640 q_pkts=26 q_bytes=39104 qdelay_l_ms=0.073989 qdelay_c_ms=178.109 ecn_mark=521 drop=0
[QUEUE_STATS] t_ms=4656 q_pkts=29 q_bytes=43616 qdelay_l_ms=3.2265 qdelay_c_ms=170.769 ecn_mark=532 drop=0
[QUEUE_STATS] t_ms=4672 q_pkts=27 q_bytes=40608 qdelay_l_ms=1.09063 qdelay_c_ms=179.581 ecn_mark=536 drop=0
[QUEUE_STATS] t_ms=4688 q_pkts=27 q_bytes=40608 qdelay_l_ms=1.02518 qdelay_c_ms=171.769 ecn_mark=536 drop=0
[QUEUE_STATS] t_ms=4704 q_pkts=29 q_bytes=43616 qdelay_l_ms=1.02537 qdelay_c_ms=178.222 ecn_mark=536 drop=0
[QUEUE_STATS] t_ms=4720 q_pkts=28 q_bytes=42112 qdelay_l_ms=3.08866 qdelay_c_ms=162.544 ecn_mark=539 drop=0
[QUEUE_STATS] t_ms=4736 q_pkts=28 q_bytes=42112 qdelay_l_ms=2.14936 qdelay_c_ms=168.234 ecn_mark=548 drop=0
[QUEUE_STATS] t_ms=4752 q_pkts=29 q_bytes=43616 qdelay_l_ms=1.05589 qdelay_c_ms=172.789 ecn_mark=550 drop=0
[QUEUE_STATS] t_ms=4768 q_pkts=28 q_bytes=42112 qdelay_l_ms=2.05745 qdelay_c_ms=163.434 ecn_mark=551 drop=0
[QUEUE_STATS] t_ms=4784 q_pkts=26 q_bytes=39104 qdelay_l_ms=0.953033 qdelay_c_ms=159.679 ecn_mark=553 drop=0
[QUEUE_STATS] t_ms=4800 q_pkts=28 q_bytes=42112 qdelay_l_ms=1.11394 qdelay_c_ms=168.224 ecn_mark=553 drop=0
[QUEUE_STATS] t_ms=4816 q_pkts=26 q_bytes=39104 qdelay_l_ms=1.0651 qdelay_c_ms=152.024 ecn_mark=554 drop=0
[QUEUE_STATS] t_ms=4832 q_pkts=27 q_bytes=40608 qdelay_l_ms=2.12703 qdelay_c_ms=147.896 ecn_mark=554 drop=0
[QUEUE_STATS] t_ms=4848 q_pkts=28 q_bytes=42112 qdelay_l_ms=0 qdelay_c_ms=153.203 ecn_mark=554 drop=0
[QUEUE_STATS] t_ms=4864 q_pkts=27 q_bytes=40608 qdelay_l_ms=2.05739 qdelay_c_ms=156.949 ecn_mark=555 drop=0
[QUEUE_STATS] t_ms=4880 q_pkts=29 q_bytes=43616 qdelay_l_ms=2.18978 qdelay_c_ms=149.272 ecn_mark=555 drop=0
[QUEUE_STATS] t_ms=4896 q_pkts=27 q_bytes=40608 qdelay_l_ms=1.07157 qdelay_c_ms=157.738 ecn_mark=557 drop=0
[QUEUE_STATS] t_ms=4912 q_pkts=27 q_bytes=40608 qdelay_l_ms=3.96092 qdelay_c_ms=143.096 ecn_mark=565 drop=0
[QUEUE_STATS] t_ms=4928 q_pkts=27 q_bytes=40608 qdelay_l_ms=1.32956 qdelay_c_ms=137.295 ecn_mark=569 drop=0
[QUEUE_STATS] t_ms=4944 q_pkts=28 q_bytes=42112 qdelay_l_ms=2.16926 qdelay_c_ms=149.066 ecn_mark=569 drop=0
[QUEUE_STATS] t_ms=4960 q_pkts=27 q_bytes=40608 qdelay_l_ms=3.20022 qdelay_c_ms=137.197 ecn_mark=571 drop=0
[QUEUE_STATS] t_ms=4976 q_pkts=29 q_bytes=43616 qdelay_l_ms=1.04316 qdelay_c_ms=149.055 ecn_mark=572 drop=0
[QUEUE_STATS] t_ms=4992 q_pkts=26 q_bytes=39104 qdelay_l_ms=1.07 qdelay_c_ms=144.922 ecn_mark=572 drop=0
[QUEUE_STATS] t_ms=5008 q_pkts=27 q_bytes=40608 qdelay_l_ms=1.07265 qdelay_c_ms=151.438 ecn_mark=573 drop=0
[QUEUE_STATS] t_ms=5025 q_pkts=26 q_bytes=39104 qdelay_l_ms=1.13206 qdelay_c_ms=136.056 ecn_mark=573 drop=0
[QUEUE_STATS] t_ms=5040 q_pkts=28 q_bytes=42112 qdelay_l_ms=1.07215 qdelay_c_ms=140.377 ecn_mark=575 drop=0
[QUEUE_STATS] t_ms=5056 q_pkts=28 q_bytes=42112 qdelay_l_ms=2.52217 qdelay_c_ms=133.663 ecn_mark=576 drop=0
[QUEUE_STATS] t_ms=5072 q_pkts=28 q_bytes=42112 qdelay_l_ms=1.07147 qdelay_c_ms=139.304 ecn_mark=577 drop=0
[QUEUE_STATS] t_ms=5088 q_pkts=27 q_bytes=40608 qdelay_l_ms=1.07524 qdelay_c_ms=132.617 ecn_mark=578 drop=0
[QUEUE_STATS] t_ms=5104 q_pkts=27 q_bytes=40608 qdelay_l_ms=1.06939 qdelay_c_ms=132.665 ecn_mark=579 drop=0
[QUEUE_STATS] t_ms=5120 q_pkts=28 q_bytes=42112 qdelay_l_ms=1.06611 qdelay_c_ms=122.019 ecn_mark=579 drop=0
[QUEUE_STATS] t_ms=5136 q_pkts=27 q_bytes=40608 qdelay_l_ms=0.035918 qdelay_c_ms=125.181 ecn_mark=581 drop=0
[QUEUE_STATS] t_ms=5152 q_pkts=27 q_bytes=40608 qdelay_l_ms=2.33397 qdelay_c_ms=117.289 ecn_mark=582 drop=0
[QUEUE_STATS] t_ms=5168 q_pkts=26 q_bytes=39104 qdelay_l_ms=0.138059 qdelay_c_ms=122.29 ecn_mark=584 drop=0
[QUEUE_STATS] t_ms=5184 q_pkts=27 q_bytes=40608 qdelay_l_ms=2.14417 qdelay_c_ms=115.078 ecn_mark=585 drop=0
[QUEUE_STATS] t_ms=5200 q_pkts=27 q_bytes=40608 qdelay_l_ms=0.163909 qdelay_c_ms=112.655 ecn_mark=586 drop=0
[QUEUE_STATS] t_ms=5217 q_pkts=27 q_bytes=40608 qdelay_l_ms=2.31938 qdelay_c_ms=111.283 ecn_mark=586 drop=0
[QUEUE_STATS] t_ms=5232 q_pkts=27 q_bytes=40608 qdelay_l_ms=2.25951 qdelay_c_ms=109.395 ecn_mark=587 drop=0
[QUEUE_STATS] t_ms=5248 q_pkts=26 q_bytes=39104 qdelay_l_ms=0 qdelay_c_ms=114.789 ecn_mark=590 drop=0
[QUEUE_STATS] t_ms=5264 q_pkts=27 q_bytes=40608 qdelay_l_ms=1.06844 qdelay_c_ms=107.117 ecn_mark=590 drop=0
[QUEUE_STATS] t_ms=5280 q_pkts=28 q_bytes=42112 qdelay_l_ms=2.12627 qdelay_c_ms=111.642 ecn_mark=590 drop=0
[QUEUE_STATS] t_ms=5296 q_pkts=27 q_bytes=40608 qdelay_l_ms=1.06607 qdelay_c_ms=116.267 ecn_mark=592 drop=0
[QUEUE_STATS] t_ms=5312 q_pkts=29 q_bytes=43616 qdelay_l_ms=1.0786 qdelay_c_ms=114.049 ecn_mark=592 drop=0
[QUEUE_STATS] t_ms=5328 q_pkts=27 q_bytes=40608 qdelay_l_ms=0 qdelay_c_ms=115.243 ecn_mark=592 drop=0
[QUEUE_STATS] t_ms=5344 q_pkts=29 q_bytes=43616 qdelay_l_ms=2.13336 qdelay_c_ms=118.379 ecn_mark=594 drop=0
[QUEUE_STATS] t_ms=5360 q_pkts=30 q_bytes=45120 qdelay_l_ms=2.13297 qdelay_c_ms=121.901 ecn_mark=594 drop=0
[QUEUE_STATS] t_ms=5376 q_pkts=30 q_bytes=45120 qdelay_l_ms=2.2031 qdelay_c_ms=125.924 ecn_mark=594 drop=0
[QUEUE_STATS] t_ms=5393 q_pkts=29 q_bytes=43616 qdelay_l_ms=0 qdelay_c_ms=131.712 ecn_mark=594 drop=0
[QUEUE_STATS] t_ms=5408 q_pkts=29 q_bytes=43616 qdelay_l_ms=2.15397 qdelay_c_ms=135.058 ecn_mark=594 drop=0
[QUEUE_STATS] t_ms=5424 q_pkts=31 q_bytes=46624 qdelay_l_ms=1.07705 qdelay_c_ms=149.137 ecn_mark=594 drop=0
[QUEUE_STATS] t_ms=5440 q_pkts=32 q_bytes=48128 qdelay_l_ms=1.59281 qdelay_c_ms=154.073 ecn_mark=594 drop=0
[QUEUE_STATS] t_ms=5456 q_pkts=32 q_bytes=48128 qdelay_l_ms=2.1568 qdelay_c_ms=170.531 ecn_mark=594 drop=0
[QUEUE_STATS] t_ms=5472 q_pkts=33 q_bytes=49632 qdelay_l_ms=2.18869 qdelay_c_ms=164.807 ecn_mark=606 drop=0
[QUEUE_STATS] t_ms=5488 q_pkts=32 q_bytes=48128 qdelay_l_ms=4.2971 qdelay_c_ms=179.307 ecn_mark=619 drop=0
[QUEUE_STATS] t_ms=5504 q_pkts=33 q_bytes=49632 qdelay_l_ms=2.1545 qdelay_c_ms=194.907 ecn_mark=631 drop=0
[QUEUE_STATS] t_ms=5520 q_pkts=31 q_bytes=46624 qdelay_l_ms=2.02482 qdelay_c_ms=196.902 ecn_mark=633 drop=0
[QUEUE_STATS] t_ms=5536 q_pkts=31 q_bytes=46624 qdelay_l_ms=1.06375 qdelay_c_ms=194.356 ecn_mark=635 drop=0
[QUEUE_STATS] t_ms=5552 q_pkts=32 q_bytes=48128 qdelay_l_ms=3.20201 qdelay_c_ms=209.04 ecn_mark=642 drop=0
[QUEUE_STATS] t_ms=5568 q_pkts=30 q_bytes=45120 qdelay_l_ms=0.969534 qdelay_c_ms=217.614 ecn_mark=642 drop=0
[QUEUE_STATS] t_ms=5584 q_pkts=31 q_bytes=46624 qdelay_l_ms=1.05972 qdelay_c_ms=220.001 ecn_mark=645 drop=0
[QUEUE_STATS] t_ms=5600 q_pkts=30 q_bytes=45120 qdelay_l_ms=1.07677 qdelay_c_ms=222.461 ecn_mark=648 drop=0
[QUEUE_STATS] t_ms=5616 q_pkts=30 q_bytes=45120 qdelay_l_ms=1.10086 qdelay_c_ms=224.932 ecn_mark=649 drop=0
[QUEUE_STATS] t_ms=5632 q_pkts=30 q_bytes=45120 qdelay_l_ms=2.14008 qdelay_c_ms=223.939 ecn_mark=649 drop=0
[QUEUE_STATS] t_ms=5648 q_pkts=29 q_bytes=43616 qdelay_l_ms=3.23146 qdelay_c_ms=208.903 ecn_mark=649 drop=0
[QUEUE_STATS] t_ms=5664 q_pkts=28 q_bytes=42112 qdelay_l_ms=2.18095 qdelay_c_ms=194.243 ecn_mark=652 drop=0
[QUEUE_STATS] t_ms=5680 q_pkts=29 q_bytes=43616 qdelay_l_ms=1.07065 qdelay_c_ms=191.588 ecn_mark=655 drop=0
[QUEUE_STATS] t_ms=5696 q_pkts=28 q_bytes=42112 qdelay_l_ms=0.335381 qdelay_c_ms=166.477 ecn_mark=655 drop=0
[QUEUE_STATS] t_ms=5712 q_pkts=30 q_bytes=45120 qdelay_l_ms=0.552369 qdelay_c_ms=166.17 ecn_mark=655 drop=0
[QUEUE_STATS] t_ms=5728 q_pkts=32 q_bytes=48128 qdelay_l_ms=2.67474 qdelay_c_ms=166.713 ecn_mark=656 drop=0
[QUEUE_STATS] t_ms=5744 q_pkts=30 q_bytes=45120 qdelay_l_ms=1.06542 qdelay_c_ms=166.1 ecn_mark=657 drop=0
[QUEUE_STATS] t_ms=5760 q_pkts=30 q_bytes=45120 qdelay_l_ms=1.93477 qdelay_c_ms=147.711 ecn_mark=657 drop=0
[QUEUE_STATS] t_ms=5777 q_pkts=31 q_bytes=46624 qdelay_l_ms=1.0867 qdelay_c_ms=153.075 ecn_mark=657 drop=0
[QUEUE_STATS] t_ms=5792 q_pkts=32 q_bytes=48128 qdelay_l_ms=2.14486 qdelay_c_ms=158.301 ecn_mark=659 drop=0
[QUEUE_STATS] t_ms=5808 q_pkts=30 q_bytes=45120 qdelay_l_ms=1.06296 qdelay_c_ms=152.572 ecn_mark=662 drop=0
[QUEUE_STATS] t_ms=5824 q_pkts=31 q_bytes=46624 qdelay_l_ms=3.19047 qdelay_c_ms=156.888 ecn_mark=666 drop=0
[QUEUE_STATS] t_ms=5840 q_pkts=30 q_bytes=45120 qdelay_l_ms=1.05012 qdelay_c_ms=161.728 ecn_mark=670 drop=0
[QUEUE_STATS] t_ms=5856 q_pkts=29 q_bytes=43616 qdelay_l_ms=2.14259 qdelay_c_ms=166.513 ecn_mark=671 drop=0
[QUEUE_STATS] t_ms=5872 q_pkts=30 q_bytes=45120 qdelay_l_ms=1.06584 qdelay_c_ms=167.132 ecn_mark=672 drop=0
[QUEUE_STATS] t_ms=5888 q_pkts=30 q_bytes=45120 qdelay_l_ms=1.06853 qdelay_c_ms=168.399 ecn_mark=673 drop=0
[QUEUE_STATS] t_ms=5905 q_pkts=29 q_bytes=43616 qdelay_l_ms=1.08181 qdelay_c_ms=158.108 ecn_mark=674 drop=0
[QUEUE_STATS] t_ms=5920 q_pkts=31 q_bytes=46624 qdelay_l_ms=2.21936 qdelay_c_ms=155.635 ecn_mark=674 drop=0
[QUEUE_STATS] t_ms=5936 q_pkts=30 q_bytes=45120 qdelay_l_ms=1.10241 qdelay_c_ms=158.258 ecn_mark=674 drop=0
[QUEUE_STATS] t_ms=5952 q_pkts=32 q_bytes=48128 qdelay_l_ms=2.1439 qdelay_c_ms=164.283 ecn_mark=674 drop=0
[QUEUE_STATS] t_ms=5969 q_pkts=31 q_bytes=46624 qdelay_l_ms=1.07998 qdelay_c_ms=169.791 ecn_mark=678 drop=0
[QUEUE_STATS] t_ms=5984 q_pkts=30 q_bytes=45120 qdelay_l_ms=1.00585 qdelay_c_ms=160.188 ecn_mark=682 drop=0
[QUEUE_STATS] t_ms=6000 q_pkts=31 q_bytes=46624 qdelay_l_ms=0.711388 qdelay_c_ms=168.533 ecn_mark=682 drop=0
[QUEUE_STATS] t_ms=6016 q_pkts=30 q_bytes=45120 qdelay_l_ms=1.06557 qdelay_c_ms=157.447 ecn_mark=683 drop=0
[QUEUE_STATS] t_ms=6032 q_pkts=33 q_bytes=49632 qdelay_l_ms=2.6859 qdelay_c_ms=162.778 ecn_mark=683 drop=0
[QUEUE_STATS] t_ms=6048 q_pkts=31 q_bytes=46624 qdelay_l_ms=1.07022 qdelay_c_ms=167.284 ecn_mark=685 drop=0
[QUEUE_STATS] t_ms=6064 q_pkts=32 q_bytes=48128 qdelay_l_ms=1.08252 qdelay_c_ms=168.86 ecn_mark=685 drop=0
[QUEUE_STATS] t_ms=6080 q_pkts=31 q_bytes=46624 qdelay_l_ms=1.08626 qdelay_c_ms=168.577 ecn_mark=687 drop=0
[QUEUE_STATS] t_ms=6096 q_pkts=31 q_bytes=46624 qdelay_l_ms=0 qdelay_c_ms=176.535 ecn_mark=687 drop=0
[QUEUE_STATS] t_ms=6112 q_pkts=31 q_bytes=46624 qdelay_l_ms=1.10404 qdelay_c_ms=170.564 ecn_mark=688 drop=0
[QUEUE_STATS] t_ms=6128 q_pkts=32 q_bytes=48128 qdelay_l_ms=1.09805 qdelay_c_ms=164.655 ecn_mark=689 drop=0
[QUEUE_STATS] t_ms=6144 q_pkts=29 q_bytes=43616 qdelay_l_ms=2.1382 qdelay_c_ms=168.777 ecn_mark=692 drop=0
[QUEUE_STATS] t_ms=6160 q_pkts=31 q_bytes=46624 qdelay_l_ms=0 qdelay_c_ms=166.298 ecn_mark=692 drop=0
[QUEUE_STATS] t_ms=6176 q_pkts=30 q_bytes=45120 qdelay_l_ms=1.99426 qdelay_c_ms=147.653 ecn_mark=694 drop=0
[QUEUE_STATS] t_ms=6192 q_pkts=31 q_bytes=46624 qdelay_l_ms=0 qdelay_c_ms=162.86 ecn_mark=698 drop=0
[QUEUE_STATS] t_ms=6208 q_pkts=31 q_bytes=46624 qdelay_l_ms=2.13299 qdelay_c_ms=155.927 ecn_mark=700 drop=0
[QUEUE_STATS] t_ms=6224 q_pkts=32 q_bytes=48128 qdelay_l_ms=1.06563 qdelay_c_ms=153.678 ecn_mark=700 drop=0
[QUEUE_STATS] t_ms=6240 q_pkts=33 q_bytes=49632 qdelay_l_ms=2.19618 qdelay_c_ms=148.845 ecn_mark=701 drop=0
[QUEUE_STATS] t_ms=6256 q_pkts=33 q_bytes=49632 qdelay_l_ms=2.17609 qdelay_c_ms=154.637 ecn_mark=705 drop=0
[QUEUE_STATS] t_ms=6272 q_pkts=33 q_bytes=49632 qdelay_l_ms=1.06632 qdelay_c_ms=147.481 ecn_mark=707 drop=0
[QUEUE_STATS] t_ms=6288 q_pkts=33 q_bytes=49632 qdelay_l_ms=1.06166 qdelay_c_ms=162.256 ecn_mark=710 drop=0
[QUEUE_STATS] t_ms=6304 q_pkts=34 q_bytes=51136 qdelay_l_ms=2.12741 qdelay_c_ms=155.124 ecn_mark=712 drop=0
[QUEUE_STATS] t_ms=6320 q_pkts=33 q_bytes=49632 qdelay_l_ms=0.771611 qdelay_c_ms=151.648 ecn_mark=712 drop=0
[QUEUE_STATS] t_ms=6336 q_pkts=34 q_bytes=51136 qdelay_l_ms=0.995744 qdelay_c_ms=156.641 ecn_mark=712 drop=0
[QUEUE_STATS] t_ms=6352 q_pkts=33 q_bytes=49632 qdelay_l_ms=0 qdelay_c_ms=169.728 ecn_mark=712 drop=0
[QUEUE_STATS] t_ms=6368 q_pkts=34 q_bytes=51136 qdelay_l_ms=2.17651 qdelay_c_ms=164.331 ecn_mark=713 drop=0
[QUEUE_STATS] t_ms=6384 q_pkts=34 q_bytes=51136 qdelay_l_ms=1.0709 qdelay_c_ms=169.374 ecn_mark=719 drop=0
[QUEUE_STATS] t_ms=6400 q_pkts=34 q_bytes=51136 qdelay_l_ms=1.07203 qdelay_c_ms=174.554 ecn_mark=720 drop=0
[QUEUE_STATS] t_ms=6416 q_pkts=36 q_bytes=54144 qdelay_l_ms=1.08295 qdelay_c_ms=177.067 ecn_mark=721 drop=0
[QUEUE_STATS] t_ms=6432 q_pkts=36 q_bytes=54144 qdelay_l_ms=2.13654 qdelay_c_ms=174.688 ecn_mark=721 drop=0
[QUEUE_STATS] t_ms=6448 q_pkts=36 q_bytes=54144 qdelay_l_ms=3.2376 qdelay_c_ms=167.649 ecn_mark=726 drop=0
[QUEUE_STATS] t_ms=6464 q_pkts=35 q_bytes=52640 qdelay_l_ms=1.03838 qdelay_c_ms=179.512 ecn_mark=729 drop=0
[QUEUE_STATS] t_ms=6480 q_pkts=33 q_bytes=49632 qdelay_l_ms=2.13808 qdelay_c_ms=176.401 ecn_mark=732 drop=0
[QUEUE_STATS] t_ms=6496 q_pkts=33 q_bytes=49632 qdelay_l_ms=1.13857 qdelay_c_ms=181.488 ecn_mark=732 drop=0
[QUEUE_STATS] t_ms=6512 q_pkts=32 q_bytes=48128 qdelay_l_ms=1.08204 qdelay_c_ms=181.723 ecn_mark=732 drop=0
[QUEUE_STATS] t_ms=6528 q_pkts=33 q_bytes=49632 qdelay_l_ms=3.19546 qdelay_c_ms=187.664 ecn_mark=738 drop=0
[QUEUE_STATS] t_ms=6544 q_pkts=31 q_bytes=46624 qdelay_l_ms=2.17911 qdelay_c_ms=189.383 ecn_mark=745 drop=0
[QUEUE_STATS] t_ms=6560 q_pkts=28 q_bytes=42112 qdelay_l_ms=0 qdelay_c_ms=192.029 ecn_mark=747 drop=0
[QUEUE_STATS] t_ms=6576 q_pkts=28 q_bytes=42112 qdelay_l_ms=1.07865 qdelay_c_ms=184.443 ecn_mark=748 drop=0
[QUEUE_STATS] t_ms=6592 q_pkts=27 q_bytes=40608 qdelay_l_ms=2.13165 qdelay_c_ms=190.865 ecn_mark=749 drop=0
[QUEUE_STATS] t_ms=6608 q_pkts=26 q_bytes=39104 qdelay_l_ms=1.87339 qdelay_c_ms=199.076 ecn_mark=749 drop=0
[QUEUE_STATS] t_ms=6624 q_pkts=25 q_bytes=37600 qdelay_l_ms=1.06856 qdelay_c_ms=197.7 ecn_mark=749 drop=0
[QUEUE_STATS] t_ms=6640 q_pkts=25 q_bytes=37600 qdelay_l_ms=2.16575 qdelay_c_ms=189.423 ecn_mark=749 drop=0
[QUEUE_STATS] t_ms=6656 q_pkts=25 q_bytes=37600 qdelay_l_ms=3.2592 qdelay_c_ms=188.926 ecn_mark=752 drop=0
[QUEUE_STATS] t_ms=6672 q_pkts=23 q_bytes=34592 qdelay_l_ms=0.141857 qdelay_c_ms=182.227 ecn_mark=759 drop=0
[QUEUE_STATS] t_ms=6688 q_pkts=23 q_bytes=34592 qdelay_l_ms=2.13916 qdelay_c_ms=170.382 ecn_mark=761 drop=0
[QUEUE_STATS] t_ms=6704 q_pkts=24 q_bytes=36096 qdelay_l_ms=1.08953 qdelay_c_ms=163.34 ecn_mark=761 drop=0
[QUEUE_STATS] t_ms=6720 q_pkts=23 q_bytes=34592 qdelay_l_ms=2.07217 qdelay_c_ms=145.267 ecn_mark=762 drop=0
[QUEUE_STATS] t_ms=6736 q_pkts=22 q_bytes=33088 qdelay_l_ms=1.08068 qdelay_c_ms=154.617 ecn_mark=763 drop=0
[QUEUE_STATS] t_ms=6752 q_pkts=24 q_bytes=36096 qdelay_l_ms=2.13214 qdelay_c_ms=134.629 ecn_mark=764 drop=0
[QUEUE_STATS] t_ms=6768 q_pkts=24 q_bytes=36096 qdelay_l_ms=1.06821 qdelay_c_ms=119.678 ecn_mark=766 drop=0
[QUEUE_STATS] t_ms=6784 q_pkts=21 q_bytes=31584 qdelay_l_ms=0 qdelay_c_ms=120.463 ecn_mark=768 drop=0
[QUEUE_STATS] t_ms=6800 q_pkts=23 q_bytes=34592 qdelay_l_ms=1.06988 qdelay_c_ms=106.114 ecn_mark=769 drop=0
[QUEUE_STATS] t_ms=6816 q_pkts=24 q_bytes=36096 qdelay_l_ms=1.08135 qdelay_c_ms=114.048 ecn_mark=770 drop=0
[QUEUE_STATS] t_ms=6832 q_pkts=23 q_bytes=34592 qdelay_l_ms=0 qdelay_c_ms=104.582 ecn_mark=770 drop=0
[QUEUE_STATS] t_ms=6848 q_pkts=23 q_bytes=34592 qdelay_l_ms=1.07153 qdelay_c_ms=108.7 ecn_mark=771 drop=0
[QUEUE_STATS] t_ms=6864 q_pkts=23 q_bytes=34592 qdelay_l_ms=0 qdelay_c_ms=105.16 ecn_mark=772 drop=0
[QUEUE_STATS] t_ms=6880 q_pkts=24 q_bytes=36096 qdelay_l_ms=1.07336 qdelay_c_ms=108.588 ecn_mark=774 drop=0
[QUEUE_STATS] t_ms=6896 q_pkts=23 q_bytes=34592 qdelay_l_ms=1.39924 qdelay_c_ms=97.9798 ecn_mark=774 drop=0
[QUEUE_STATS] t_ms=6912 q_pkts=22 q_bytes=33088 qdelay_l_ms=2.16212 qdelay_c_ms=105.733 ecn_mark=774 drop=0
[QUEUE_STATS] t_ms=6928 q_pkts=25 q_bytes=37600 qdelay_l_ms=1.06946 qdelay_c_ms=98.8988 ecn_mark=775 drop=0
[QUEUE_STATS] t_ms=6945 q_pkts=25 q_bytes=37600 qdelay_l_ms=1.08173 qdelay_c_ms=94.3486 ecn_mark=777 drop=0
[QUEUE_STATS] t_ms=6960 q_pkts=26 q_bytes=39104 qdelay_l_ms=1.09904 qdelay_c_ms=106.922 ecn_mark=779 drop=0
[QUEUE_STATS] t_ms=6976 q_pkts=25 q_bytes=37600 qdelay_l_ms=0.822999 qdelay_c_ms=103.202 ecn_mark=779 drop=0
[QUEUE_STATS] t_ms=6992 q_pkts=27 q_bytes=40608 qdelay_l_ms=1.078 qdelay_c_ms=109.748 ecn_mark=780 drop=0
[QUEUE_STATS] t_ms=7008 q_pkts=25 q_bytes=37600 qdelay_l_ms=0.986335 qdelay_c_ms=121.559 ecn_mark=782 drop=0
[QUEUE_STATS] t_ms=7024 q_pkts=26 q_bytes=39104 qdelay_l_ms=1.08478 qdelay_c_ms=111.043 ecn_mark=783 drop=0
[QUEUE_STATS] t_ms=7040 q_pkts=24 q_bytes=36096 qdelay_l_ms=1.06707 qdelay_c_ms=124.837 ecn_mark=783 drop=0
[QUEUE_STATS] t_ms=7056 q_pkts=26 q_bytes=39104 qdelay_l_ms=3.18966 qdelay_c_ms=124.653 ecn_mark=784 drop=0
[QUEUE_STATS] t_ms=7072 q_pkts=25 q_bytes=37600 qdelay_l_ms=2.13788 qdelay_c_ms=117.4 ecn_mark=785 drop=0
[QUEUE_STATS] t_ms=7088 q_pkts=27 q_bytes=40608 qdelay_l_ms=2.21816 qdelay_c_ms=130.745 ecn_mark=787 drop=0
[QUEUE_STATS] t_ms=7104 q_pkts=27 q_bytes=40608 qdelay_l_ms=2.10345 qdelay_c_ms=126.458 ecn_mark=787 drop=0
[QUEUE_STATS] t_ms=7120 q_pkts=28 q_bytes=42112 qdelay_l_ms=1.04034 qdelay_c_ms=135.738 ecn_mark=787 drop=0
[QUEUE_STATS] t_ms=7136 q_pkts=28 q_bytes=42112 qdelay_l_ms=2.15555 qdelay_c_ms=126.012 ecn_mark=787 drop=0
[QUEUE_STATS] t_ms=7152 q_pkts=27 q_bytes=40608 qdelay_l_ms=0 qdelay_c_ms=138.437 ecn_mark=789 drop=0
[QUEUE_STATS] t_ms=7168 q_pkts=29 q_bytes=43616 qdelay_l_ms=3.23335 qdelay_c_ms=128.019 ecn_mark=799 drop=0
[QUEUE_STATS] t_ms=7184 q_pkts=28 q_bytes=42112 qdelay_l_ms=2.15689 qdelay_c_ms=140.448 ecn_mark=801 drop=0
[QUEUE_STATS] t_ms=7200 q_pkts=28 q_bytes=42112 qdelay_l_ms=1.07437 qdelay_c_ms=142.359 ecn_mark=803 drop=0
[QUEUE_STATS] t_ms=7216 q_pkts=30 q_bytes=45120 qdelay_l_ms=2.17418 qdelay_c_ms=150.189 ecn_mark=805 drop=0
[QUEUE_STATS] t_ms=7232 q_pkts=29 q_bytes=43616 qdelay_l_ms=1.06753 qdelay_c_ms=151.213 ecn_mark=805 drop=0
[QUEUE_STATS] t_ms=7248 q_pkts=28 q_bytes=42112 qdelay_l_ms=3.21451 qdelay_c_ms=157.82 ecn_mark=812 drop=0
[QUEUE_STATS] t_ms=7265 q_pkts=29 q_bytes=43616 qdelay_l_ms=1.07911 qdelay_c_ms=150.069 ecn_mark=820 drop=0
[QUEUE_STATS] t_ms=7280 q_pkts=27 q_bytes=40608 qdelay_l_ms=1.09134 qdelay_c_ms=157.919 ecn_mark=820 drop=0
[QUEUE_STATS] t_ms=7296 q_pkts=30 q_bytes=45120 qdelay_l_ms=2.14384 qdelay_c_ms=154.087 ecn_mark=822 drop=0
[QUEUE_STATS] t_ms=7312 q_pkts=29 q_bytes=43616 qdelay_l_ms=0 qdelay_c_ms=164.813 ecn_mark=822 drop=0
[QUEUE_STATS] t_ms=7328 q_pkts=30 q_bytes=45120 qdelay_l_ms=2.13243 qdelay_c_ms=154.107 ecn_mark=823 drop=0
[QUEUE_STATS] t_ms=7344 q_pkts=29 q_bytes=43616 qdelay_l_ms=0.110138 qdelay_c_ms=157.582 ecn_mark=823 drop=0
[QUEUE_STATS] t_ms=7360 q_pkts=28 q_bytes=42112 qdelay_l_ms=2.16662 qdelay_c_ms=152.212 ecn_mark=824 drop=0
[QUEUE_STATS] t_ms=7376 q_pkts=29 q_bytes=43616 qdelay_l_ms=1.07731 qdelay_c_ms=164.19 ecn_mark=824 drop=0
[QUEUE_STATS] t_ms=7393 q_pkts=29 q_bytes=43616 qdelay_l_ms=1.08054 qdelay_c_ms=163.788 ecn_mark=825 drop=0
[QUEUE_STATS] t_ms=7408 q_pkts=29 q_bytes=43616 qdelay_l_ms=1.06608 qdelay_c_ms=149.034 ecn_mark=825 drop=0
[QUEUE_STATS] t_ms=7424 q_pkts=29 q_bytes=43616 qdelay_l_ms=0.981156 qdelay_c_ms=161.778 ecn_mark=827 drop=0
[QUEUE_STATS] t_ms=7440 q_pkts=29 q_bytes=43616 qdelay_l_ms=0.137649 qdelay_c_ms=157.531 ecn_mark=829 drop=0
[QUEUE_STATS] t_ms=7457 q_pkts=28 q_bytes=42112 qdelay_l_ms=1.08626 qdelay_c_ms=152.163 ecn_mark=830 drop=0
[QUEUE_STATS] t_ms=7472 q_pkts=30 q_bytes=45120 qdelay_l_ms=1.0735 qdelay_c_ms=147.514 ecn_mark=830 drop=0
[QUEUE_STATS] t_ms=7488 q_pkts=30 q_bytes=45120 qdelay_l_ms=2.16601 qdelay_c_ms=154.263 ecn_mark=831 drop=0
[QUEUE_STATS] t_ms=7505 q_pkts=32 q_bytes=48128 qdelay_l_ms=1.09059 qdelay_c_ms=147.131 ecn_mark=832 drop=0
[QUEUE_STATS] t_ms=7520 q_pkts=30 q_bytes=45120 qdelay_l_ms=1.07354 qdelay_c_ms=155.892 ecn_mark=832 drop=0
[QUEUE_STATS] t_ms=7536 q_pkts=32 q_bytes=48128 qdelay_l_ms=2.73189 qdelay_c_ms=155.151 ecn_mark=836 drop=0
[QUEUE_STATS] t_ms=7552 q_pkts=31 q_bytes=46624 qdelay_l_ms=1.07185 qdelay_c_ms=152.717 ecn_mark=836 drop=0
[QUEUE_STATS] t_ms=7568 q_pkts=30 q_bytes=45120 qdelay_l_ms=2.18129 qdelay_c_ms=155.205 ecn_mark=836 drop=0
[QUEUE_STATS] t_ms=7584 q_pkts=31 q_bytes=46624 qdelay_l_ms=1.0656 qdelay_c_ms=161.214 ecn_mark=836 drop=0
[QUEUE_STATS] t_ms=7600 q_pkts=33 q_bytes=49632 qdelay_l_ms=4.33358 qdelay_c_ms=165.541 ecn_mark=847 drop=0
[QUEUE_STATS] t_ms=7616 q_pkts=31 q_bytes=46624 qdelay_l_ms=1.07072 qdelay_c_ms=175.156 ecn_mark=851 drop=0
[QUEUE_STATS] t_ms=7632 q_pkts=32 q_bytes=48128 qdelay_l_ms=2.11559 qdelay_c_ms=176.775 ecn_mark=851 drop=0
[QUEUE_STATS] t_ms=7648 q_pkts=33 q_bytes=49632 qdelay_l_ms=3.17614 qdelay_c_ms=181.099 ecn_mark=859 drop=0
[QUEUE_STATS] t_ms=7664 q_pkts=33 q_bytes=49632 qdelay_l_ms=1.0775 qdelay_c_ms=195.731 ecn_mark=867 drop=0
[QUEUE_STATS] t_ms=7680 q_pkts=31 q_bytes=46624 qdelay_l_ms=3.18553 qdelay_c_ms=200.322 ecn_mark=869 drop=0
[QUEUE_STATS] t_ms=7696 q_pkts=32 q_bytes=48128 qdelay_l_ms=2.21757 qdelay_c_ms=201.189 ecn_mark=869 drop=0
[QUEUE_STATS] t_ms=7712 q_pkts=32 q_bytes=48128 qdelay_l_ms=2.19092 qdelay_c_ms=199.957 ecn_mark=872 drop=0
[QUEUE_STATS] t_ms=7729 q_pkts=31 q_bytes=46624 qdelay_l_ms=1.06956 qdelay_c_ms=195.605 ecn_mark=872 drop=0
[QUEUE_STATS] t_ms=7744 q_pkts=31 q_bytes=46624 qdelay_l_ms=1.07788 qdelay_c_ms=194.162 ecn_mark=872 drop=0
[QUEUE_STATS] t_ms=7760 q_pkts=32 q_bytes=48128 qdelay_l_ms=1.07956 qdelay_c_ms=191.314 ecn_mark=876 drop=0
[QUEUE_STATS] t_ms=7776 q_pkts=29 q_bytes=43616 qdelay_l_ms=1.06742 qdelay_c_ms=189.292 ecn_mark=877 drop=0
[QUEUE_STATS] t_ms=7792 q_pkts=32 q_bytes=48128 qdelay_l_ms=1.05865 qdelay_c_ms=173.564 ecn_mark=878 drop=0
[QUEUE_STATS] t_ms=7808 q_pkts=30 q_bytes=45120 qdelay_l_ms=0.156364 qdelay_c_ms=179.535 ecn_mark=880 drop=0
[QUEUE_STATS] t_ms=7824 q_pkts=31 q_bytes=46624 qdelay_l_ms=2.13407 qdelay_c_ms=175.625 ecn_mark=880 drop=0
[QUEUE_STATS] t_ms=7840 q_pkts=30 q_bytes=45120 qdelay_l_ms=2.13222 qdelay_c_ms=149.512 ecn_mark=880 drop=0
[QUEUE_STATS] t_ms=7856 q_pkts=32 q_bytes=48128 qdelay_l_ms=1.06735 qdelay_c_ms=161.069 ecn_mark=884 drop=0
[QUEUE_STATS] t_ms=7872 q_pkts=31 q_bytes=46624 qdelay_l_ms=2.2345 qdelay_c_ms=148.975 ecn_mark=886 drop=0
[QUEUE_STATS] t_ms=7888 q_pkts=31 q_bytes=46624 qdelay_l_ms=1.0708 qdelay_c_ms=145.484 ecn_mark=886 drop=0
[QUEUE_STATS] t_ms=7904 q_pkts=31 q_bytes=46624 qdelay_l_ms=1.0661 qdelay_c_ms=148.108 ecn_mark=886 drop=0
[QUEUE_STATS] t_ms=7920 q_pkts=32 q_bytes=48128 qdelay_l_ms=1.061 qdelay_c_ms=142.836 ecn_mark=888 drop=0
[QUEUE_STATS] t_ms=7936 q_pkts=33 q_bytes=49632 qdelay_l_ms=2.29942 qdelay_c_ms=145.36 ecn_mark=889 drop=0
[QUEUE_STATS] t_ms=7952 q_pkts=30 q_bytes=45120 qdelay_l_ms=2.21188 qdelay_c_ms=138.723 ecn_mark=890 drop=0
[QUEUE_STATS] t_ms=7968 q_pkts=32 q_bytes=48128 qdelay_l_ms=0 qdelay_c_ms=146.417 ecn_mark=890 drop=0
[QUEUE_STATS] t_ms=7984 q_pkts=31 q_bytes=46624 qdelay_l_ms=2.1335 qdelay_c_ms=143.653 ecn_mark=891 drop=0
[QUEUE_STATS] t_ms=8000 q_pkts=33 q_bytes=49632 qdelay_l_ms=1.05915 qdelay_c_ms=156.504 ecn_mark=891 drop=0
[QUEUE_STATS] t_ms=8016 q_pkts=33 q_bytes=49632 qdelay_l_ms=2.25236 qdelay_c_ms=149.117 ecn_mark=893 drop=0
[QUEUE_STATS] t_ms=8032 q_pkts=33 q_bytes=49632 qdelay_l_ms=1.08351 qdelay_c_ms=150.885 ecn_mark=896 drop=0
[QUEUE_STATS] t_ms=8048 q_pkts=33 q_bytes=49632 qdelay_l_ms=2.24294 qdelay_c_ms=146.212 ecn_mark=896 drop=0
[QUEUE_STATS] t_ms=8064 q_pkts=33 q_bytes=49632 qdelay_l_ms=2.08654 qdelay_c_ms=147.271 ecn_mark=897 drop=0
[QUEUE_STATS] t_ms=8080 q_pkts=32 q_bytes=48128 qdelay_l_ms=0 qdelay_c_ms=156.234 ecn_mark=902 drop=0
[QUEUE_STATS] t_ms=8096 q_pkts=33 q_bytes=49632 qdelay_l_ms=1.06248 qdelay_c_ms=142.509 ecn_mark=903 drop=0
[QUEUE_STATS] t_ms=8112 q_pkts=33 q_bytes=49632 qdelay_l_ms=1.07554 qdelay_c_ms=157.968 ecn_mark=906 drop=0
[QUEUE_STATS] t_ms=8128 q_pkts=32 q_bytes=48128 qdelay_l_ms=1.06686 qdelay_c_ms=148.265 ecn_mark=906 drop=0
[QUEUE_STATS] t_ms=8144 q_pkts=32 q_bytes=48128 qdelay_l_ms=2.13306 qdelay_c_ms=151.147 ecn_mark=907 drop=0
[QUEUE_STATS] t_ms=8160 q_pkts=32 q_bytes=48128 qdelay_l_ms=2.12918 qdelay_c_ms=159.798 ecn_mark=909 drop=0
[QUEUE_STATS] t_ms=8176 q_pkts=32 q_bytes=48128 qdelay_l_ms=2.19272 qdelay_c_ms=152.334 ecn_mark=910 drop=0
[QUEUE_STATS] t_ms=8192 q_pkts=34 q_bytes=51136 qdelay_l_ms=1.0775 qdelay_c_ms=156.611 ecn_mark=914 drop=0
[QUEUE_STATS] t_ms=8208 q_pkts=33 q_bytes=49632 qdelay_l_ms=0 qdelay_c_ms=151.3 ecn_mark=914 drop=0
[QUEUE_STATS] t_ms=8224 q_pkts=34 q_bytes=51136 qdelay_l_ms=0.93029 qdelay_c_ms=150.006 ecn_mark=914 drop=0
[QUEUE_STATS] t_ms=8240 q_pkts=35 q_bytes=52640 qdelay_l_ms=1.07142 qdelay_c_ms=159.175 ecn_mark=914 drop=0
[QUEUE_STATS] t_ms=8256 q_pkts=34 q_bytes=51136 qdelay_l_ms=2.17309 qdelay_c_ms=161.999 ecn_mark=917 drop=0
[QUEUE_STATS] t_ms=8272 q_pkts=35 q_bytes=52640 qdelay_l_ms=1.07991 qdelay_c_ms=167.835 ecn_mark=919 drop=0
[QUEUE_STATS] t_ms=8288 q_pkts=34 q_bytes=51136 qdelay_l_ms=3.27078 qdelay_c_ms=151.799 ecn_mark=923 drop=0
[QUEUE_STATS] t_ms=8304 q_pkts=34 q_bytes=51136 qdelay_l_ms=2.12169 qdelay_c_ms=156.189 ecn_mark=934 drop=0
[QUEUE_STATS] t_ms=8320 q_pkts=33 q_bytes=49632 qdelay_l_ms=3.31258 qdelay_c_ms=157.391 ecn_mark=936 drop=0
[QUEUE_STATS] t_ms=8336 q_pkts=35 q_bytes=52640 qdelay_l_ms=2.0195 qdelay_c_ms=155.018 ecn_mark=936 drop=0
[QUEUE_STATS] t_ms=8352 q_pkts=33 q_bytes=49632 qdelay_l_ms=2.14052 qdelay_c_ms=163.611 ecn_mark=938 drop=0
[QUEUE_STATS] t_ms=8368 q_pkts=35 q_bytes=52640 qdelay_l_ms=3.21523 qdelay_c_ms=165.083 ecn_mark=943 drop=0
[QUEUE_STATS] t_ms=8384 q_pkts=34 q_bytes=51136 qdelay_l_ms=1.0552 qdelay_c_ms=167.443 ecn_mark=944 drop=0
[QUEUE_STATS] t_ms=8400 q_pkts=33 q_bytes=49632 qdelay_l_ms=1.06695 qdelay_c_ms=168.731 ecn_mark=944 drop=0
[QUEUE_STATS] t_ms=8416 q_pkts=35 q_bytes=52640 qdelay_l_ms=1.06457 qdelay_c_ms=177.952 ecn_mark=944 drop=0
[QUEUE_STATS] t_ms=8432 q_pkts=37 q_bytes=55648 qdelay_l_ms=2.19148 qdelay_c_ms=172.161 ecn_mark=944 drop=0
[QUEUE_STATS] t_ms=8448 q_pkts=35 q_bytes=52640 qdelay_l_ms=1.68331 qdelay_c_ms=177.259 ecn_mark=951 drop=0
[QUEUE_STATS] t_ms=8464 q_pkts=36 q_bytes=54144 qdelay_l_ms=1.06648 qdelay_c_ms=171.613 ecn_mark=954 drop=0
[QUEUE_STATS] t_ms=8480 q_pkts=35 q_bytes=52640 qdelay_l_ms=0 qdelay_c_ms=184.611 ecn_mark=955 drop=0
[QUEUE_STATS] t_ms=8496 q_pkts=36 q_bytes=54144 qdelay_l_ms=2.16375 qdelay_c_ms=190.318 ecn_mark=957 drop=0
[QUEUE_STATS] t_ms=8512 q_pkts=35 q_bytes=52640 qdelay_l_ms=1.07059 qdelay_c_ms=182.829 ecn_mark=957 drop=0
[QUEUE_STATS] t_ms=8528 q_pkts=36 q_bytes=54144 qdelay_l_ms=2.09044 qdelay_c_ms=189.183 ecn_mark=958 drop=0
[QUEUE_STATS] t_ms=8544 q_pkts=34 q_bytes=51136 qdelay_l_ms=0 qdelay_c_ms=187.715 ecn_mark=958 drop=0
[QUEUE_STATS] t_ms=8560 q_pkts=33 q_bytes=49632 qdelay_l_ms=2.16317 qdelay_c_ms=187.373 ecn_mark=963 drop=0
[QUEUE_STATS] t_ms=8576 q_pkts=35 q_bytes=52640 qdelay_l_ms=1.08993 qdelay_c_ms=193.678 ecn_mark=965 drop=0
[QUEUE_STATS] t_ms=8592 q_pkts=36 q_bytes=54144 qdelay_l_ms=2.11452 qdelay_c_ms=187.34 ecn_mark=966 drop=0
[QUEUE_STATS] t_ms=8608 q_pkts=34 q_bytes=51136 qdelay_l_ms=2.13256 qdelay_c_ms=181.943 ecn_mark=966 drop=0
[QUEUE_STATS] t_ms=8624 q_pkts=35 q_bytes=52640 qdelay_l_ms=1.07909 qdelay_c_ms=196.335 ecn_mark=969 drop=0
[QUEUE_STATS] t_ms=8640 q_pkts=33 q_bytes=49632 qdelay_l_ms=1.81517 qdelay_c_ms=161.751 ecn_mark=969 drop=0
[QUEUE_STATS] t_ms=8656 q_pkts=33 q_bytes=49632 qdelay_l_ms=1.0638 qdelay_c_ms=165.261 ecn_mark=970 drop=0
[QUEUE_STATS] t_ms=8672 q_pkts=34 q_bytes=51136 qdelay_l_ms=1.07053 qdelay_c_ms=158.842 ecn_mark=970 drop=0
[QUEUE_STATS] t_ms=8688 q_pkts=35 q_bytes=52640 qdelay_l_ms=2.16976 qdelay_c_ms=153.166 ecn_mark=970 drop=0
[QUEUE_STATS] t_ms=8704 q_pkts=34 q_bytes=51136 qdelay_l_ms=1.07719 qdelay_c_ms=144.612 ecn_mark=970 drop=0
[QUEUE_STATS] t_ms=8720 q_pkts=36 q_bytes=54144 qdelay_l_ms=2.12955 qdelay_c_ms=152.476 ecn_mark=970 drop=0
[QUEUE_STATS] t_ms=8736 q_pkts=35 q_bytes=52640 qdelay_l_ms=2.16018 qdelay_c_ms=147.486 ecn_mark=970 drop=0
[QUEUE_STATS] t_ms=8752 q_pkts=37 q_bytes=55648 qdelay_l_ms=2.17207 qdelay_c_ms=161.081 ecn_mark=974 drop=0
[QUEUE_STATS] t_ms=8768 q_pkts=34 q_bytes=51136 qdelay_l_ms=1.06822 qdelay_c_ms=155.787 ecn_mark=974 drop=0
[QUEUE_STATS] t_ms=8784 q_pkts=34 q_bytes=51136 qdelay_l_ms=2.67959 qdelay_c_ms=158.412 ecn_mark=982 drop=0
[QUEUE_STATS] t_ms=8800 q_pkts=36 q_bytes=54144 qdelay_l_ms=1.06656 qdelay_c_ms=153.742 ecn_mark=991 drop=0
[QUEUE_STATS] t_ms=8816 q_pkts=35 q_bytes=52640 qdelay_l_ms=1.07125 qdelay_c_ms=166.984 ecn_mark=992 drop=0
[QUEUE_STATS] t_ms=8832 q_pkts=34 q_bytes=51136 qdelay_l_ms=1.04866 qdelay_c_ms=170.739 ecn_mark=993 drop=0
[QUEUE_STATS] t_ms=8848 q_pkts=35 q_bytes=52640 qdelay_l_ms=1.08436 qdelay_c_ms=177.303 ecn_mark=995 drop=0
[QUEUE_STATS] t_ms=8864 q_pkts=34 q_bytes=51136 qdelay_l_ms=0.044193 qdelay_c_ms=178.528 ecn_mark=995 drop=0
[QUEUE_STATS] t_ms=8880 q_pkts=35 q_bytes=52640 qdelay_l_ms=1.06685 qdelay_c_ms=185.146 ecn_mark=995 drop=0
[QUEUE_STATS] t_ms=8896 q_pkts=35 q_bytes=52640 qdelay_l_ms=1.06774 qdelay_c_ms=182.207 ecn_mark=995 drop=0
[QUEUE_STATS] t_ms=8912 q_pkts=35 q_bytes=52640 qdelay_l_ms=1.05607 qdelay_c_ms=174.242 ecn_mark=996 drop=0
[QUEUE_STATS] t_ms=8928 q_pkts=32 q_bytes=48128 qdelay_l_ms=0 qdelay_c_ms=187.459 ecn_mark=1002 drop=0
[QUEUE_STATS] t_ms=8944 q_pkts=35 q_bytes=52640 qdelay_l_ms=1.06684 qdelay_c_ms=183.243 ecn_mark=1003 drop=0
[QUEUE_STATS] t_ms=8960 q_pkts=35 q_bytes=52640 qdelay_l_ms=1.06513 qdelay_c_ms=173.055 ecn_mark=1004 drop=0
[QUEUE_STATS] t_ms=8976 q_pkts=34 q_bytes=51136 qdelay_l_ms=0 qdelay_c_ms=182.666 ecn_mark=1007 drop=0
[QUEUE_STATS] t_ms=8992 q_pkts=32 q_bytes=48128 qdelay_l_ms=1.06592 qdelay_c_ms=171.992 ecn_mark=1007 drop=0
[QUEUE_STATS] t_ms=9009 q_pkts=35 q_bytes=52640 qdelay_l_ms=1.10485 qdelay_c_ms=170.476 ecn_mark=1008 drop=0
[QUEUE_STATS] t_ms=9024 q_pkts=34 q_bytes=51136 qdelay_l_ms=2.14324 qdelay_c_ms=172.396 ecn_mark=1011 drop=0
[QUEUE_STATS] t_ms=9040 q_pkts=34 q_bytes=51136 qdelay_l_ms=1.08602 qdelay_c_ms=169.047 ecn_mark=1011 drop=0
[QUEUE_STATS] t_ms=9056 q_pkts=35 q_bytes=52640 qdelay_l_ms=1.07564 qdelay_c_ms=164.064 ecn_mark=1011 drop=0
[QUEUE_STATS] t_ms=9072 q_pkts=34 q_bytes=51136 qdelay_l_ms=1.06393 qdelay_c_ms=178.822 ecn_mark=1011 drop=0
[QUEUE_STATS] t_ms=9088 q_pkts=35 q_bytes=52640 qdelay_l_ms=2.16352 qdelay_c_ms=181.835 ecn_mark=1014 drop=0
[QUEUE_STATS] t_ms=9104 q_pkts=34 q_bytes=51136 qdelay_l_ms=1.03966 qdelay_c_ms=170.45 ecn_mark=1015 drop=0
[QUEUE_STATS] t_ms=9120 q_pkts=35 q_bytes=52640 qdelay_l_ms=2.12181 qdelay_c_ms=169.968 ecn_mark=1015 drop=0
[QUEUE_STATS] t_ms=9136 q_pkts=36 q_bytes=54144 qdelay_l_ms=2.1066 qdelay_c_ms=177.28 ecn_mark=1017 drop=0
[QUEUE_STATS] t_ms=9152 q_pkts=35 q_bytes=52640 qdelay_l_ms=1.06671 qdelay_c_ms=181.235 ecn_mark=1019 drop=0
[QUEUE_STATS] t_ms=9168 q_pkts=35 q_bytes=52640 qdelay_l_ms=1.06483 qdelay_c_ms=174.225 ecn_mark=1024 drop=0
[QUEUE_STATS] t_ms=9184 q_pkts=36 q_bytes=54144 qdelay_l_ms=0 qdelay_c_ms=185.9 ecn_mark=1033 drop=0
[QUEUE_STATS] t_ms=9200 q_pkts=35 q_bytes=52640 qdelay_l_ms=1.06693 qdelay_c_ms=192.759 ecn_mark=1033 drop=0
[QUEUE_STATS] t_ms=9217 q_pkts=36 q_bytes=54144 qdelay_l_ms=1.12183 qdelay_c_ms=187.255 ecn_mark=1035 drop=0
[QUEUE_STATS] t_ms=9232 q_pkts=35 q_bytes=52640 qdelay_l_ms=1.06668 qdelay_c_ms=191.459 ecn_mark=1036 drop=0
[QUEUE_STATS] t_ms=9249 q_pkts=34 q_bytes=51136 qdelay_l_ms=1.08075 qdelay_c_ms=195.39 ecn_mark=1039 drop=0
[QUEUE_STATS] t_ms=9264 q_pkts=34 q_bytes=51136 qdelay_l_ms=1.0378 qdelay_c_ms=190.106 ecn_mark=1040 drop=0
[QUEUE_STATS] t_ms=9280 q_pkts=35 q_bytes=52640 qdelay_l_ms=2.1953 qdelay_c_ms=185.419 ecn_mark=1042 drop=0
[QUEUE_STATS] t_ms=9296 q_pkts=35 q_bytes=52640 qdelay_l_ms=1.0717 qdelay_c_ms=191.563 ecn_mark=1043 drop=0
[QUEUE_STATS] t_ms=9312 q_pkts=33 q_bytes=49632 qdelay_l_ms=0 qdelay_c_ms=186.419 ecn_mark=1045 drop=0
[QUEUE_STATS] t_ms=9328 q_pkts=34 q_bytes=51136 qdelay_l_ms=1.76052 qdelay_c_ms=169.343 ecn_mark=1047 drop=0
[QUEUE_STATS] t_ms=9344 q_pkts=35 q_bytes=52640 qdelay_l_ms=1.07099 qdelay_c_ms=175.451 ecn_mark=1047 drop=0
[QUEUE_STATS] t_ms=9360 q_pkts=33 q_bytes=49632 qdelay_l_ms=0 qdelay_c_ms=178.424 ecn_mark=1049 drop=0
[QUEUE_STATS] t_ms=9376 q_pkts=35 q_bytes=52640 qdelay_l_ms=1.07176 qdelay_c_ms=162.922 ecn_mark=1050 drop=0
[QUEUE_STATS] t_ms=9392 q_pkts=33 q_bytes=49632 qdelay_l_ms=1.07231 qdelay_c_ms=143.265 ecn_mark=1051 drop=0
[QUEUE_STATS] t_ms=9408 q_pkts=33 q_bytes=49632 qdelay_l_ms=0.920783 qdelay_c_ms=149.72 ecn_mark=1052 drop=0
[QUEUE_STATS] t_ms=9424 q_pkts=32 q_bytes=48128 qdelay_l_ms=2.12761 qdelay_c_ms=142.769 ecn_mark=1053 drop=0
[QUEUE_STATS] t_ms=9440 q_pkts=33 q_bytes=49632 qdelay_l_ms=1.07102 qdelay_c_ms=142.833 ecn_mark=1055 drop=0
[QUEUE_STATS] t_ms=9456 q_pkts=34 q_bytes=51136 qdelay_l_ms=2.16879 qdelay_c_ms=131.896 ecn_mark=1056 drop=0
[QUEUE_STATS] t_ms=9472 q_pkts=33 q_bytes=49632 qdelay_l_ms=1.07841 qdelay_c_ms=130.096 ecn_mark=1056 drop=0
[QUEUE_STATS] t_ms=9488 q_pkts=32 q_bytes=48128 qdelay_l_ms=1.07142 qdelay_c_ms=120.638 ecn_mark=1057 drop=0
[QUEUE_STATS] t_ms=9504 q_pkts=34 q_bytes=51136 qdelay_l_ms=1.06693 qdelay_c_ms=132.232 ecn_mark=1058 drop=0
[QUEUE_STATS] t_ms=9520 q_pkts=31 q_bytes=46624 qdelay_l_ms=1.06951 qdelay_c_ms=121.173 ecn_mark=1058 drop=0
[QUEUE_STATS] t_ms=9536 q_pkts=33 q_bytes=49632 qdelay_l_ms=1.44113 qdelay_c_ms=122.266 ecn_mark=1058 drop=0
[QUEUE_STATS] t_ms=9552 q_pkts=34 q_bytes=51136 qdelay_l_ms=0 qdelay_c_ms=124.119 ecn_mark=1059 drop=0
[QUEUE_STATS] t_ms=9568 q_pkts=35 q_bytes=52640 qdelay_l_ms=1.12034 qdelay_c_ms=126.411 ecn_mark=1061 drop=0
[QUEUE_STATS] t_ms=9584 q_pkts=34 q_bytes=51136 qdelay_l_ms=2.25928 qdelay_c_ms=119.503 ecn_mark=1061 drop=0
[QUEUE_STATS] t_ms=9600 q_pkts=35 q_bytes=52640 qdelay_l_ms=2.05633 qdelay_c_ms=133.736 ecn_mark=1064 drop=0
[QUEUE_STATS] t_ms=9616 q_pkts=33 q_bytes=49632 qdelay_l_ms=3.1965 qdelay_c_ms=126.211 ecn_mark=1066 drop=0
[QUEUE_STATS] t_ms=9632 q_pkts=35 q_bytes=52640 qdelay_l_ms=1.06633 qdelay_c_ms=141.184 ecn_mark=1067 drop=0
[QUEUE_STATS] t_ms=9648 q_pkts=33 q_bytes=49632 qdelay_l_ms=1.0679 qdelay_c_ms=126.665 ecn_mark=1068 drop=0
[QUEUE_STATS] t_ms=9664 q_pkts=35 q_bytes=52640 qdelay_l_ms=1.07384 qdelay_c_ms=135.914 ecn_mark=1069 drop=0
[QUEUE_STATS] t_ms=9680 q_pkts=33 q_bytes=49632 qdelay_l_ms=1.06513 qdelay_c_ms=139.831 ecn_mark=1071 drop=0
[QUEUE_STATS] t_ms=9696 q_pkts=34 q_bytes=51136 qdelay_l_ms=0 qdelay_c_ms=132.782 ecn_mark=1072 drop=0
[QUEUE_STATS] t_ms=9712 q_pkts=33 q_bytes=49632 qdelay_l_ms=0.58482 qdelay_c_ms=134.84 ecn_mark=1072 drop=0
[QUEUE_STATS] t_ms=9728 q_pkts=33 q_bytes=49632 qdelay_l_ms=2.24091 qdelay_c_ms=139.227 ecn_mark=1072 drop=0
[QUEUE_STATS] t_ms=9744 q_pkts=33 q_bytes=49632 qdelay_l_ms=0.891437 qdelay_c_ms=143.24 ecn_mark=1072 drop=0
[QUEUE_STATS] t_ms=9760 q_pkts=35 q_bytes=52640 qdelay_l_ms=0.70665 qdelay_c_ms=137.612 ecn_mark=1072 drop=0
[QUEUE_STATS] t_ms=9776 q_pkts=37 q_bytes=55648 qdelay_l_ms=3.25371 qdelay_c_ms=152.147 ecn_mark=1073 drop=0
[QUEUE_STATS] t_ms=9792 q_pkts=36 q_bytes=54144 qdelay_l_ms=1.08467 qdelay_c_ms=158.547 ecn_mark=1074 drop=0
[QUEUE_STATS] t_ms=9808 q_pkts=36 q_bytes=54144 qdelay_l_ms=1.08873 qdelay_c_ms=163.895 ecn_mark=1077 drop=0
[QUEUE_STATS] t_ms=9824 q_pkts=36 q_bytes=54144 qdelay_l_ms=2.14842 qdelay_c_ms=167.267 ecn_mark=1079 drop=0
[QUEUE_STATS] t_ms=9840 q_pkts=37 q_bytes=55648 qdelay_l_ms=2.11319 qdelay_c_ms=180.394 ecn_mark=1080 drop=0
[QUEUE_STATS] t_ms=9856 q_pkts=37 q_bytes=55648 qdelay_l_ms=1.0718 qdelay_c_ms=195.022 ecn_mark=1083 drop=0
[QUEUE_STATS] t_ms=9872 q_pkts=37 q_bytes=55648 qdelay_l_ms=3.25003 qdelay_c_ms=187.612 ecn_mark=1087 drop=0
[QUEUE_STATS] t_ms=9888 q_pkts=36 q_bytes=54144 qdelay_l_ms=2.14221 qdelay_c_ms=199.756 ecn_mark=1097 drop=0
[QUEUE_STATS] t_ms=9904 q_pkts=35 q_bytes=52640 qdelay_l_ms=2.09621 qdelay_c_ms=196.191 ecn_mark=1097 drop=0
[QUEUE_STATS] t_ms=9920 q_pkts=36 q_bytes=54144 qdelay_l_ms=1.09216 qdelay_c_ms=202.694 ecn_mark=1097 drop=0
[QUEUE_STATS] t_ms=9936 q_pkts=37 q_bytes=55648 qdelay_l_ms=1.00596 qdelay_c_ms=206.666 ecn_mark=1098 drop=0
[QUEUE_STATS] t_ms=9952 q_pkts=36 q_bytes=54144 qdelay_l_ms=2.16592 qdelay_c_ms=223.354 ecn_mark=1100 drop=0
[QUEUE_STATS] t_ms=9968 q_pkts=37 q_bytes=55648 qdelay_l_ms=1.70191 qdelay_c_ms=223.837 ecn_mark=1105 drop=0
[QUEUE_STATS] t_ms=9984 q_pkts=35 q_bytes=52640 qdelay_l_ms=1.0658 qdelay_c_ms=219.614 ecn_mark=1107 drop=0
[QUEUE_STATS] t_ms=10000 q_pkts=36 q_bytes=54144 qdelay_l_ms=2.16003 qdelay_c_ms=228.887 ecn_mark=1110 drop=0
[QUEUE_STATS] t_ms=10016 q_pkts=36 q_bytes=54144 qdelay_l_ms=2.12146 qdelay_c_ms=220.911 ecn_mark=1111 drop=0
[QUEUE_STATS] t_ms=10032 q_pkts=36 q_bytes=54144 qdelay_l_ms=1.66243 qdelay_c_ms=216.211 ecn_mark=1111 drop=0
[QUEUE_STATS] t_ms=10048 q_pkts=35 q_bytes=52640 qdelay_l_ms=1.06927 qdelay_c_ms=222.135 ecn_mark=1112 drop=0
[QUEUE_STATS] t_ms=10064 q_pkts=38 q_bytes=57152 qdelay_l_ms=3.2487 qdelay_c_ms=217.558 ecn_mark=1116 drop=0
[QUEUE_STATS] t_ms=10080 q_pkts=36 q_bytes=54144 qdelay_l_ms=2.18315 qdelay_c_ms=212.116 ecn_mark=1120 drop=0
[QUEUE_STATS] t_ms=10096 q_pkts=36 q_bytes=54144 qdelay_l_ms=2.11955 qdelay_c_ms=213.157 ecn_mark=1126 drop=0
[QUEUE_STATS] t_ms=10112 q_pkts=34 q_bytes=51136 qdelay_l_ms=2.13769 qdelay_c_ms=210.939 ecn_mark=1127 drop=0
[QUEUE_STATS] t_ms=10128 q_pkts=36 q_bytes=54144 qdelay_l_ms=1.0746 qdelay_c_ms=214.194 ecn_mark=1131 drop=0
[QUEUE_STATS] t_ms=10144 q_pkts=33 q_bytes=49632 qdelay_l_ms=1.06648 qdelay_c_ms=210.373 ecn_mark=1131 drop=0
[QUEUE_STATS] t_ms=10160 q_pkts=36 q_bytes=54144 qdelay_l_ms=1.08469 qdelay_c_ms=202.822 ecn_mark=1132 drop=0
[QUEUE_STATS] t_ms=10176 q_pkts=34 q_bytes=51136 qdelay_l_ms=0.119425 qdelay_c_ms=197.378 ecn_mark=1133 drop=0
[QUEUE_STATS] t_ms=10192 q_pkts=34 q_bytes=51136 qdelay_l_ms=2.12765 qdelay_c_ms=192.451 ecn_mark=1135 drop=0
[QUEUE_STATS] t_ms=10208 q_pkts=34 q_bytes=51136 qdelay_l_ms=1.06669 qdelay_c_ms=182.442 ecn_mark=1138 drop=0
[QUEUE_STATS] t_ms=10224 q_pkts=35 q_bytes=52640 qdelay_l_ms=1.08207 qdelay_c_ms=187.999 ecn_mark=1138 drop=0
[QUEUE_STATS] t_ms=10240 q_pkts=33 q_bytes=49632 qdelay_l_ms=2.14371 qdelay_c_ms=160.942 ecn_mark=1138 drop=0
[QUEUE_STATS] t_ms=10257 q_pkts=34 q_bytes=51136 qdelay_l_ms=1.07571 qdelay_c_ms=174.469 ecn_mark=1141 drop=0
[QUEUE_STATS] t_ms=10272 q_pkts=34 q_bytes=51136 qdelay_l_ms=1.01812 qdelay_c_ms=157.45 ecn_mark=1142 drop=0
[QUEUE_STATS] t_ms=10288 q_pkts=34 q_bytes=51136 qdelay_l_ms=0.902117 qdelay_c_ms=156.571 ecn_mark=1143 drop=0
[QUEUE_STATS] t_ms=10304 q_pkts=35 q_bytes=52640 qdelay_l_ms=1.06243 qdelay_c_ms=151.89 ecn_mark=1144 drop=0
[QUEUE_STATS] t_ms=10320 q_pkts=34 q_bytes=51136 qdelay_l_ms=1.07812 qdelay_c_ms=151.96 ecn_mark=1146 drop=0
[QUEUE_STATS] t_ms=10336 q_pkts=34 q_bytes=51136 qdelay_l_ms=1.03895 qdelay_c_ms=143.769 ecn_mark=1146 drop=0
[QUEUE_STATS] t_ms=10352 q_pkts=33 q_bytes=49632 qdelay_l_ms=1.06282 qdelay_c_ms=142.619 ecn_mark=1147 drop=0
[QUEUE_STATS] t_ms=10368 q_pkts=35 q_bytes=52640 qdelay_l_ms=3.2763 qdelay_c_ms=138.383 ecn_mark=1148 drop=0
[QUEUE_STATS] t_ms=10384 q_pkts=34 q_bytes=51136 qdelay_l_ms=1.07436 qdelay_c_ms=137.168 ecn_mark=1150 drop=0
[QUEUE_STATS] t_ms=10400 q_pkts=34 q_bytes=51136 qdelay_l_ms=1.06536 qdelay_c_ms=139.827 ecn_mark=1152 drop=0
[QUEUE_STATS] t_ms=10417 q_pkts=34 q_bytes=51136 qdelay_l_ms=1.06916 qdelay_c_ms=137.886 ecn_mark=1153 drop=0
[QUEUE_STATS] t_ms=10432 q_pkts=32 q_bytes=48128 qdelay_l_ms=2.12959 qdelay_c_ms=143.34 ecn_mark=1154 drop=0
[QUEUE_STATS] t_ms=10448 q_pkts=35 q_bytes=52640 qdelay_l_ms=1.09314 qdelay_c_ms=145.063 ecn_mark=1155 drop=0
[QUEUE_STATS] t_ms=10464 q_pkts=34 q_bytes=51136 qdelay_l_ms=1.07687 qdelay_c_ms=136.361 ecn_mark=1158 drop=0
[QUEUE_STATS] t_ms=10480 q_pkts=34 q_bytes=51136 qdelay_l_ms=1.08071 qdelay_c_ms=139.582 ecn_mark=1160 drop=0
[QUEUE_STATS] t_ms=10496 q_pkts=34 q_bytes=51136 qdelay_l_ms=2.24625 qdelay_c_ms=143.409 ecn_mark=1160 drop=0
[QUEUE_STATS] t_ms=10512 q_pkts=34 q_bytes=51136 qdelay_l_ms=1.07967 qdelay_c_ms=148.015 ecn_mark=1162 drop=0
[QUEUE_STATS] t_ms=10528 q_pkts=35 q_bytes=52640 qdelay_l_ms=2.12428 qdelay_c_ms=150.245 ecn_mark=1164 drop=0
[QUEUE_STATS] t_ms=10544 q_pkts=33 q_bytes=49632 qdelay_l_ms=1.06199 qdelay_c_ms=155.286 ecn_mark=1166 drop=0
[QUEUE_STATS] t_ms=10560 q_pkts=34 q_bytes=51136 qdelay_l_ms=0 qdelay_c_ms=149.925 ecn_mark=1168 drop=0
[QUEUE_STATS] t_ms=10576 q_pkts=33 q_bytes=49632 qdelay_l_ms=1.07192 qdelay_c_ms=163.323 ecn_mark=1169 drop=0
[QUEUE_STATS] t_ms=10592 q_pkts=33 q_bytes=49632 qdelay_l_ms=1.06714 qdelay_c_ms=155.876 ecn_mark=1173 drop=0
[QUEUE_STATS] t_ms=10608 q_pkts=34 q_bytes=51136 qdelay_l_ms=0 qdelay_c_ms=163.805 ecn_mark=1174 drop=0
[QUEUE_STATS] t_ms=10624 q_pkts=34 q_bytes=51136 qdelay_l_ms=2.25204 qdelay_c_ms=157.535 ecn_mark=1174 drop=0
[QUEUE_STATS] t_ms=10641 q_pkts=35 q_bytes=52640 qdelay_l_ms=1.08197 qdelay_c_ms=159.333 ecn_mark=1175 drop=0
[QUEUE_STATS] t_ms=10656 q_pkts=34 q_bytes=51136 qdelay_l_ms=1.90874 qdelay_c_ms=151.716 ecn_mark=1176 drop=0
[QUEUE_STATS] t_ms=10672 q_pkts=34 q_bytes=51136 qdelay_l_ms=1.08292 qdelay_c_ms=157.637 ecn_mark=1178 drop=0
[QUEUE_STATS] t_ms=10688 q_pkts=34 q_bytes=51136 qdelay_l_ms=0 qdelay_c_ms=154.947 ecn_mark=1178 drop=0
[QUEUE_STATS] t_ms=10704 q_pkts=33 q_bytes=49632 qdelay_l_ms=1.07153 qdelay_c_ms=146.834 ecn_mark=1178 drop=0
[QUEUE_STATS] t_ms=10720 q_pkts=34 q_bytes=51136 qdelay_l_ms=0 qdelay_c_ms=158.676 ecn_mark=1179 drop=0
[QUEUE_STATS] t_ms=10736 q_pkts=35 q_bytes=52640 qdelay_l_ms=1.07878 qdelay_c_ms=153.153 ecn_mark=1180 drop=0
[QUEUE_STATS] t_ms=10752 q_pkts=34 q_bytes=51136 qdelay_l_ms=1.06623 qdelay_c_ms=148.501 ecn_mark=1184 drop=0
[QUEUE_STATS] t_ms=10768 q_pkts=35 q_bytes=52640 qdelay_l_ms=1.01142 qdelay_c_ms=150.595 ecn_mark=1185 drop=0
[QUEUE_STATS] t_ms=10784 q_pkts=36 q_bytes=54144 qdelay_l_ms=2.19006 qdelay_c_ms=156.084 ecn_mark=1186 drop=0
[QUEUE_STATS] t_ms=10800 q_pkts=34 q_bytes=51136 qdelay_l_ms=3.21137 qdelay_c_ms=160.224 ecn_mark=1189 drop=0
[QUEUE_STATS] t_ms=10816 q_pkts=34 q_bytes=51136 qdelay_l_ms=2.13105 qdelay_c_ms=152.832 ecn_mark=1190 drop=0
[QUEUE_STATS] t_ms=10832 q_pkts=35 q_bytes=52640 qdelay_l_ms=2.18094 qdelay_c_ms=156.923 ecn_mark=1190 drop=0
[QUEUE_STATS] t_ms=10848 q_pkts=35 q_bytes=52640 qdelay_l_ms=2.15331 qdelay_c_ms=161.723 ecn_mark=1191 drop=0
[QUEUE_STATS] t_ms=10864 q_pkts=36 q_bytes=54144 qdelay_l_ms=1.036 qdelay_c_ms=165.102 ecn_mark=1193 drop=0
[QUEUE_STATS] t_ms=10880 q_pkts=36 q_bytes=54144 qdelay_l_ms=2.13933 qdelay_c_ms=168.187 ecn_mark=1193 drop=0
[QUEUE_STATS] t_ms=10896 q_pkts=33 q_bytes=49632 qdelay_l_ms=0 qdelay_c_ms=173.381 ecn_mark=1194 drop=0
[QUEUE_STATS] t_ms=10912 q_pkts=35 q_bytes=52640 qdelay_l_ms=2.13494 qdelay_c_ms=169.213 ecn_mark=1195 drop=0
[QUEUE_STATS] t_ms=10928 q_pkts=34 q_bytes=51136 qdelay_l_ms=0 qdelay_c_ms=172.388 ecn_mark=1196 drop=0
[QUEUE_STATS] t_ms=10944 q_pkts=34 q_bytes=51136 qdelay_l_ms=1.06304 qdelay_c_ms=177.744 ecn_mark=1198 drop=0
[QUEUE_STATS] t_ms=10960 q_pkts=34 q_bytes=51136 qdelay_l_ms=1.07607 qdelay_c_ms=171.454 ecn_mark=1199 drop=0
[QUEUE_STATS] t_ms=10976 q_pkts=35 q_bytes=52640 qdelay_l_ms=0.11158 qdelay_c_ms=174.613 ecn_mark=1201 drop=0
[QUEUE_STATS] t_ms=10992 q_pkts=36 q_bytes=54144 qdelay_l_ms=2.11388 qdelay_c_ms=176.979 ecn_mark=1206 drop=0
[QUEUE_STATS] t_ms=11008 q_pkts=36 q_bytes=54144 qdelay_l_ms=1.08934 qdelay_c_ms=184.798 ecn_mark=1206 drop=0
[QUEUE_STATS] t_ms=11024 q_pkts=37 q_bytes=55648 qdelay_l_ms=2.20543 qdelay_c_ms=198.39 ecn_mark=1210 drop=0
[QUEUE_STATS] t_ms=11040 q_pkts=34 q_bytes=51136 qdelay_l_ms=1.06648 qdelay_c_ms=192.009 ecn_mark=1210 drop=0
[QUEUE_STATS] t_ms=11056 q_pkts=36 q_bytes=54144 qdelay_l_ms=1.07289 qdelay_c_ms=204.012 ecn_mark=1211 drop=0
[QUEUE_STATS] t_ms=11072 q_pkts=36 q_bytes=54144 qdelay_l_ms=2.13592 qdelay_c_ms=204.808 ecn_mark=1212 drop=0
[QUEUE_STATS] t_ms=11088 q_pkts=36 q_bytes=54144 qdelay_l_ms=2.14632 qdelay_c_ms=209.091 ecn_mark=1215 drop=0
[QUEUE_STATS] t_ms=11104 q_pkts=36 q_bytes=54144 qdelay_l_ms=2.19862 qdelay_c_ms=203.53 ecn_mark=1217 drop=0
[QUEUE_STATS] t_ms=11120 q_pkts=35 q_bytes=52640 qdelay_l_ms=2.15827 qdelay_c_ms=202.636 ecn_mark=1217 drop=0
[QUEUE_STATS] t_ms=11136 q_pkts=37 q_bytes=55648 qdelay_l_ms=2.1643 qdelay_c_ms=213.515 ecn_mark=1219 drop=0
[QUEUE_STATS] t_ms=11153 q_pkts=37 q_bytes=55648 qdelay_l_ms=1.07055 qdelay_c_ms=216.635 ecn_mark=1219 drop=0
[QUEUE_STATS] t_ms=11168 q_pkts=36 q_bytes=54144 qdelay_l_ms=2.15563 qdelay_c_ms=218.408 ecn_mark=1223 drop=0
[QUEUE_STATS] t_ms=11184 q_pkts=37 q_bytes=55648 qdelay_l_ms=0.674008 qdelay_c_ms=214.341 ecn_mark=1226 drop=0
[QUEUE_STATS] t_ms=11200 q_pkts=36 q_bytes=54144 qdelay_l_ms=1.62821 qdelay_c_ms=218.705 ecn_mark=1232 drop=0
[QUEUE_STATS] t_ms=11216 q_pkts=36 q_bytes=54144 qdelay_l_ms=2.1395 qdelay_c_ms=225.254 ecn_mark=1233 drop=0
[QUEUE_STATS] t_ms=11233 q_pkts=34 q_bytes=51136 qdelay_l_ms=1.08646 qdelay_c_ms=221.049 ecn_mark=1237 drop=0
[QUEUE_STATS] t_ms=11248 q_pkts=34 q_bytes=51136 qdelay_l_ms=3.2729 qdelay_c_ms=218.001 ecn_mark=1240 drop=0
[QUEUE_STATS] t_ms=11265 q_pkts=34 q_bytes=51136 qdelay_l_ms=2.16303 qdelay_c_ms=223.542 ecn_mark=1247 drop=0
[QUEUE_STATS] t_ms=11281 q_pkts=33 q_bytes=49632 qdelay_l_ms=1.1021 qdelay_c_ms=219.327 ecn_mark=1249 drop=0
[QUEUE_STATS] t_ms=11296 q_pkts=33 q_bytes=49632 qdelay_l_ms=3.31935 qdelay_c_ms=212.897 ecn_mark=1254 drop=0
[QUEUE_STATS] t_ms=11312 q_pkts=31 q_bytes=46624 qdelay_l_ms=1.06377 qdelay_c_ms=217.724 ecn_mark=1258 drop=0
[QUEUE_STATS] t_ms=11328 q_pkts=29 q_bytes=43616 qdelay_l_ms=0 qdelay_c_ms=212.52 ecn_mark=1258 drop=0
[QUEUE_STATS] t_ms=11344 q_pkts=30 q_bytes=45120 qdelay_l_ms=2.18399 qdelay_c_ms=217.542 ecn_mark=1259 drop=0
[QUEUE_STATS] t_ms=11360 q_pkts=27 q_bytes=40608 qdelay_l_ms=1.06823 qdelay_c_ms=223.058 ecn_mark=1260 drop=0
[QUEUE_STATS] t_ms=11376 q_pkts=24 q_bytes=36096 qdelay_l_ms=0 qdelay_c_ms=207.299 ecn_mark=1260 drop=0
[QUEUE_STATS] t_ms=11392 q_pkts=26 q_bytes=39104 qdelay_l_ms=0 qdelay_c_ms=213.156 ecn_mark=1261 drop=0
[QUEUE_STATS] t_ms=11408 q_pkts=24 q_bytes=36096 qdelay_l_ms=1.05264 qdelay_c_ms=208.882 ecn_mark=1264 drop=0
[QUEUE_STATS] t_ms=11424 q_pkts=23 q_bytes=34592 qdelay_l_ms=1.07715 qdelay_c_ms=190.12 ecn_mark=1264 drop=0
[QUEUE_STATS] t_ms=11440 q_pkts=25 q_bytes=37600 qdelay_l_ms=3.24921 qdelay_c_ms=175.614 ecn_mark=1264 drop=0
[QUEUE_STATS] t_ms=11456 q_pkts=25 q_bytes=37600 qdelay_l_ms=1.06237 qdelay_c_ms=171.319 ecn_mark=1265 drop=0
[QUEUE_STATS] t_ms=11472 q_pkts=25 q_bytes=37600 qdelay_l_ms=2.17282 qdelay_c_ms=154.992 ecn_mark=1274 drop=0
[QUEUE_STATS] t_ms=11488 q_pkts=25 q_bytes=37600 qdelay_l_ms=0.152787 qdelay_c_ms=147.871 ecn_mark=1276 drop=0
[QUEUE_STATS] t_ms=11504 q_pkts=24 q_bytes=36096 qdelay_l_ms=2.17945 qdelay_c_ms=143.143 ecn_mark=1278 drop=0
[QUEUE_STATS] t_ms=11520 q_pkts=25 q_bytes=37600 qdelay_l_ms=1.0674 qdelay_c_ms=130.035 ecn_mark=1281 drop=0
[QUEUE_STATS] t_ms=11536 q_pkts=23 q_bytes=34592 qdelay_l_ms=1.07614 qdelay_c_ms=122.22 ecn_mark=1281 drop=0
[QUEUE_STATS] t_ms=11552 q_pkts=23 q_bytes=34592 qdelay_l_ms=0 qdelay_c_ms=114.053 ecn_mark=1281 drop=0
[QUEUE_STATS] t_ms=11568 q_pkts=25 q_bytes=37600 qdelay_l_ms=2.17132 qdelay_c_ms=114.008 ecn_mark=1282 drop=0
[QUEUE_STATS] t_ms=11584 q_pkts=26 q_bytes=39104 qdelay_l_ms=1.14892 qdelay_c_ms=112.118 ecn_mark=1284 drop=0
[QUEUE_STATS] t_ms=11600 q_pkts=24 q_bytes=36096 qdelay_l_ms=1.00371 qdelay_c_ms=117.016 ecn_mark=1286 drop=0
[QUEUE_STATS] t_ms=11616 q_pkts=27 q_bytes=40608 qdelay_l_ms=1.08019 qdelay_c_ms=121.785 ecn_mark=1288 drop=0
[QUEUE_STATS] t_ms=11632 q_pkts=26 q_bytes=39104 qdelay_l_ms=1.19261 qdelay_c_ms=115.08 ecn_mark=1291 drop=0
[QUEUE_STATS] t_ms=11648 q_pkts=24 q_bytes=36096 qdelay_l_ms=2.14238 qdelay_c_ms=110.811 ecn_mark=1295 drop=0
[QUEUE_STATS] t_ms=11664 q_pkts=26 q_bytes=37652 qdelay_l_ms=1.07117 qdelay_c_ms=111.576 ecn_mark=1298 drop=0
[QUEUE_STATS] t_ms=11680 q_pkts=28 q_bytes=40660 qdelay_l_ms=1.2637 qdelay_c_ms=107.319 ecn_mark=1299 drop=0
[QUEUE_STATS] t_ms=11696 q_pkts=26 q_bytes=37652 qdelay_l_ms=1.08655 qdelay_c_ms=101.473 ecn_mark=1300 drop=0
[QUEUE_STATS] t_ms=11712 q_pkts=27 q_bytes=39156 qdelay_l_ms=0 qdelay_c_ms=100.559 ecn_mark=1300 drop=0
[QUEUE_STATS] t_ms=11728 q_pkts=24 q_bytes=34644 qdelay_l_ms=2.18051 qdelay_c_ms=79.8949 ecn_mark=1301 drop=0
[QUEUE_STATS] t_ms=11744 q_pkts=27 q_bytes=39156 qdelay_l_ms=1.07699 qdelay_c_ms=93.151 ecn_mark=1301 drop=0
[QUEUE_STATS] t_ms=11760 q_pkts=25 q_bytes=37600 qdelay_l_ms=0 qdelay_c_ms=87.5401 ecn_mark=1302 drop=0
[QUEUE_STATS] t_ms=11776 q_pkts=26 q_bytes=39104 qdelay_l_ms=2.10653 qdelay_c_ms=90.2148 ecn_mark=1303 drop=0
[QUEUE_STATS] t_ms=11792 q_pkts=25 q_bytes=37600 qdelay_l_ms=1.07242 qdelay_c_ms=96.1859 ecn_mark=1303 drop=0
[QUEUE_STATS] t_ms=11808 q_pkts=28 q_bytes=42112 qdelay_l_ms=2.19344 qdelay_c_ms=98.6665 ecn_mark=1303 drop=0
[QUEUE_STATS] t_ms=11824 q_pkts=28 q_bytes=42112 qdelay_l_ms=2.77987 qdelay_c_ms=91.9517 ecn_mark=1306 drop=0
[QUEUE_STATS] t_ms=11840 q_pkts=28 q_bytes=42112 qdelay_l_ms=1.06603 qdelay_c_ms=105.358 ecn_mark=1307 drop=0
[QUEUE_STATS] t_ms=11856 q_pkts=27 q_bytes=40608 qdelay_l_ms=0.780579 qdelay_c_ms=112.811 ecn_mark=1310 drop=0
[QUEUE_STATS] t_ms=11872 q_pkts=27 q_bytes=40608 qdelay_l_ms=2.15828 qdelay_c_ms=111.964 ecn_mark=1312 drop=0
[QUEUE_STATS] t_ms=11889 q_pkts=27 q_bytes=40608 qdelay_l_ms=1.0698 qdelay_c_ms=116.881 ecn_mark=1315 drop=0
[QUEUE_STATS] t_ms=11904 q_pkts=26 q_bytes=39104 qdelay_l_ms=2.16437 qdelay_c_ms=109.897 ecn_mark=1316 drop=0
[QUEUE_STATS] t_ms=11920 q_pkts=29 q_bytes=43616 qdelay_l_ms=2.15022 qdelay_c_ms=124.188 ecn_mark=1318 drop=0
[QUEUE_STATS] t_ms=11936 q_pkts=27 q_bytes=40608 qdelay_l_ms=1.86285 qdelay_c_ms=108.841 ecn_mark=1318 drop=0
[QUEUE_STATS] t_ms=11952 q_pkts=27 q_bytes=40608 qdelay_l_ms=1.07903 qdelay_c_ms=112.119 ecn_mark=1320 drop=0
[QUEUE_STATS] t_ms=11968 q_pkts=28 q_bytes=42112 qdelay_l_ms=1.07588 qdelay_c_ms=105.303 ecn_mark=1321 drop=0
[QUEUE_STATS] t_ms=11984 q_pkts=28 q_bytes=42112 qdelay_l_ms=2.10429 qdelay_c_ms=102.936 ecn_mark=1324 drop=0
[QUEUE_STATS] t_ms=12000 q_pkts=27 q_bytes=40608 qdelay_l_ms=1.48664 qdelay_c_ms=90.3628 ecn_mark=1325 drop=0
[QUEUE_STATS] t_ms=12016 q_pkts=27 q_bytes=40608 qdelay_l_ms=0.248988 qdelay_c_ms=101.291 ecn_mark=1327 drop=0
[QUEUE_STATS] t_ms=12032 q_pkts=26 q_bytes=39104 qdelay_l_ms=0.990403 qdelay_c_ms=98.5451 ecn_mark=1327 drop=0
[QUEUE_STATS] t_ms=12048 q_pkts=28 q_bytes=42112 qdelay_l_ms=2.12424 qdelay_c_ms=98.7829 ecn_mark=1328 drop=0
[QUEUE_STATS] t_ms=12065 q_pkts=30 q_bytes=45120 qdelay_l_ms=1.08319 qdelay_c_ms=104.762 ecn_mark=1330 drop=0
[QUEUE_STATS] t_ms=12080 q_pkts=28 q_bytes=42112 qdelay_l_ms=1.07245 qdelay_c_ms=100.174 ecn_mark=1332 drop=0
[QUEUE_STATS] t_ms=12097 q_pkts=28 q_bytes=42112 qdelay_l_ms=1.0693 qdelay_c_ms=103.499 ecn_mark=1334 drop=0
[QUEUE_STATS] t_ms=12112 q_pkts=27 q_bytes=40608 qdelay_l_ms=0 qdelay_c_ms=96.1423 ecn_mark=1334 drop=0
[QUEUE_STATS] t_ms=12128 q_pkts=29 q_bytes=43616 qdelay_l_ms=0 qdelay_c_ms=101.167 ecn_mark=1334 drop=0
[QUEUE_STATS] t_ms=12144 q_pkts=29 q_bytes=43616 qdelay_l_ms=1.07396 qdelay_c_ms=103.61 ecn_mark=1335 drop=0
[QUEUE_STATS] t_ms=12160 q_pkts=28 q_bytes=42112 qdelay_l_ms=0.432914 qdelay_c_ms=107.989 ecn_mark=1335 drop=0
[QUEUE_STATS] t_ms=12176 q_pkts=31 q_bytes=46624 qdelay_l_ms=2.13718 qdelay_c_ms=112.962 ecn_mark=1337 drop=0
[QUEUE_STATS] t_ms=12192 q_pkts=30 q_bytes=45120 qdelay_l_ms=1.06621 qdelay_c_ms=115.091 ecn_mark=1338 drop=0
[QUEUE_STATS] t_ms=12208 q_pkts=29 q_bytes=43616 qdelay_l_ms=1.06391 qdelay_c_ms=112.111 ecn_mark=1338 drop=0
[QUEUE_STATS] t_ms=12224 q_pkts=31 q_bytes=46624 qdelay_l_ms=1.06489 qdelay_c_ms=112.666 ecn_mark=1338 drop=0
[QUEUE_STATS] t_ms=12240 q_pkts=30 q_bytes=45120 qdelay_l_ms=1.05197 qdelay_c_ms=122.28 ecn_mark=1338 drop=0
[QUEUE_STATS] t_ms=12256 q_pkts=32 q_bytes=48128 qdelay_l_ms=1.06571 qdelay_c_ms=130.978 ecn_mark=1341 drop=0
[QUEUE_STATS] t_ms=12273 q_pkts=31 q_bytes=46624 qdelay_l_ms=1.09754 qdelay_c_ms=134.946 ecn_mark=1342 drop=0
[QUEUE_STATS] t_ms=12288 q_pkts=32 q_bytes=48128 qdelay_l_ms=2.13415 qdelay_c_ms=137.846 ecn_mark=1345 drop=0
[QUEUE_STATS] t_ms=12305 q_pkts=31 q_bytes=46624 qdelay_l_ms=1.15311 qdelay_c_ms=135.264 ecn_mark=1349 drop=0
[QUEUE_STATS] t_ms=12320 q_pkts=31 q_bytes=46624 qdelay_l_ms=2.18512 qdelay_c_ms=147.852 ecn_mark=1351 drop=0
[QUEUE_STATS] t_ms=12336 q_pkts=30 q_bytes=45120 qdelay_l_ms=1.06975 qdelay_c_ms=151.125 ecn_mark=1353 drop=0
[QUEUE_STATS] t_ms=12352 q_pkts=33 q_bytes=49632 qdelay_l_ms=2.19143 qdelay_c_ms=154.814 ecn_mark=1353 drop=0
[QUEUE_STATS] t_ms=12368 q_pkts=31 q_bytes=46624 qdelay_l_ms=1.06787 qdelay_c_ms=159.401 ecn_mark=1356 drop=0
[QUEUE_STATS] t_ms=12384 q_pkts=32 q_bytes=48128 qdelay_l_ms=1.06314 qdelay_c_ms=162.777 ecn_mark=1357 drop=0
[QUEUE_STATS] t_ms=12400 q_pkts=32 q_bytes=48128 qdelay_l_ms=1.08204 qdelay_c_ms=160.111 ecn_mark=1364 drop=0
[QUEUE_STATS] t_ms=12416 q_pkts=30 q_bytes=45120 qdelay_l_ms=1.05849 qdelay_c_ms=162.023 ecn_mark=1366 drop=0
[QUEUE_STATS] t_ms=12432 q_pkts=32 q_bytes=48128 qdelay_l_ms=1.04901 qdelay_c_ms=148.381 ecn_mark=1367 drop=0
[QUEUE_STATS] t_ms=12448 q_pkts=30 q_bytes=45120 qdelay_l_ms=2.46114 qdelay_c_ms=139.622 ecn_mark=1369 drop=0
[QUEUE_STATS] t_ms=12464 q_pkts=32 q_bytes=48128 qdelay_l_ms=1.09061 qdelay_c_ms=140.424 ecn_mark=1370 drop=0
[QUEUE_STATS] t_ms=12480 q_pkts=30 q_bytes=45120 qdelay_l_ms=1.07288 qdelay_c_ms=140.557 ecn_mark=1370 drop=0
[QUEUE_STATS] t_ms=12496 q_pkts=31 q_bytes=46624 qdelay_l_ms=2.1231 qdelay_c_ms=133.161 ecn_mark=1371 drop=0
[QUEUE_STATS] t_ms=12512 q_pkts=33 q_bytes=49632 qdelay_l_ms=1.09465 qdelay_c_ms=140.7 ecn_mark=1374 drop=0
[QUEUE_STATS] t_ms=12528 q_pkts=33 q_bytes=49632 qdelay_l_ms=2.13447 qdelay_c_ms=131.744 ecn_mark=1377 drop=0
[QUEUE_STATS] t_ms=12544 q_pkts=33 q_bytes=49632 qdelay_l_ms=1.08946 qdelay_c_ms=138.596 ecn_mark=1380 drop=0
[QUEUE_STATS] t_ms=12560 q_pkts=31 q_bytes=46624 qdelay_l_ms=0 qdelay_c_ms=134.794 ecn_mark=1384 drop=0
[QUEUE_STATS] t_ms=12576 q_pkts=31 q_bytes=46624 qdelay_l_ms=0 qdelay_c_ms=134.403 ecn_mark=1385 drop=0
[QUEUE_STATS] t_ms=12592 q_pkts=33 q_bytes=49632 qdelay_l_ms=1.059 qdelay_c_ms=132.033 ecn_mark=1385 drop=0
[QUEUE_STATS] t_ms=12608 q_pkts=33 q_bytes=49632 qdelay_l_ms=2.13226 qdelay_c_ms=141.618 ecn_mark=1386 drop=0
[QUEUE_STATS] t_ms=12624 q_pkts=32 q_bytes=48128 qdelay_l_ms=2.26611 qdelay_c_ms=131.736 ecn_mark=1386 drop=0
[QUEUE_STATS] t_ms=12640 q_pkts=33 q_bytes=49632 qdelay_l_ms=1.20576 qdelay_c_ms=133.604 ecn_mark=1387 drop=0
[QUEUE_STATS] t_ms=12656 q_pkts=32 q_bytes=48128 qdelay_l_ms=2.16862 qdelay_c_ms=143.276 ecn_mark=1390 drop=0
[QUEUE_STATS] t_ms=12672 q_pkts=32 q_bytes=48128 qdelay_l_ms=2.13015 qdelay_c_ms=148.344 ecn_mark=1390 drop=0
[QUEUE_STATS] t_ms=12688 q_pkts=34 q_bytes=51136 qdelay_l_ms=1.06751 qdelay_c_ms=149.67 ecn_mark=1393 drop=0
[QUEUE_STATS] t_ms=12704 q_pkts=34 q_bytes=51136 qdelay_l_ms=1.05086 qdelay_c_ms=147.404 ecn_mark=1397 drop=0
[QUEUE_STATS] t_ms=12720 q_pkts=34 q_bytes=51136 qdelay_l_ms=2.05562 qdelay_c_ms=148.255 ecn_mark=1398 drop=0
[QUEUE_STATS] t_ms=12736 q_pkts=34 q_bytes=51136 qdelay_l_ms=1.06544 qdelay_c_ms=147.28 ecn_mark=1399 drop=0
[QUEUE_STATS] t_ms=12752 q_pkts=34 q_bytes=51136 qdelay_l_ms=1.07059 qdelay_c_ms=153.592 ecn_mark=1401 drop=0
[QUEUE_STATS] t_ms=12768 q_pkts=33 q_bytes=49632 qdelay_l_ms=1.06587 qdelay_c_ms=153.295 ecn_mark=1403 drop=0
[QUEUE_STATS] t_ms=12784 q_pkts=33 q_bytes=49632 qdelay_l_ms=0.397779 qdelay_c_ms=145.111 ecn_mark=1405 drop=0
[QUEUE_STATS] t_ms=12800 q_pkts=33 q_bytes=49632 qdelay_l_ms=2.12452 qdelay_c_ms=150.603 ecn_mark=1407 drop=0
[QUEUE_STATS] t_ms=12816 q_pkts=33 q_bytes=49632 qdelay_l_ms=2.29352 qdelay_c_ms=140.7 ecn_mark=1410 drop=0
[QUEUE_STATS] t_ms=12832 q_pkts=33 q_bytes=49632 qdelay_l_ms=1.06852 qdelay_c_ms=143.852 ecn_mark=1413 drop=0
[QUEUE_STATS] t_ms=12848 q_pkts=30 q_bytes=45120 qdelay_l_ms=2.13257 qdelay_c_ms=131.684 ecn_mark=1414 drop=0
[QUEUE_STATS] t_ms=12864 q_pkts=32 q_bytes=48128 qdelay_l_ms=0 qdelay_c_ms=129.676 ecn_mark=1415 drop=0
[QUEUE_STATS] t_ms=12880 q_pkts=32 q_bytes=48128 qdelay_l_ms=2.16643 qdelay_c_ms=130.768 ecn_mark=1419 drop=0
[QUEUE_STATS] t_ms=12896 q_pkts=33 q_bytes=49632 qdelay_l_ms=1.06288 qdelay_c_ms=119.161 ecn_mark=1422 drop=0
[QUEUE_STATS] t_ms=12912 q_pkts=31 q_bytes=46624 qdelay_l_ms=2.16289 qdelay_c_ms=116.394 ecn_mark=1422 drop=0
[QUEUE_STATS] t_ms=12928 q_pkts=34 q_bytes=51136 qdelay_l_ms=2.11266 qdelay_c_ms=112.846 ecn_mark=1422 drop=0
[QUEUE_STATS] t_ms=12944 q_pkts=33 q_bytes=49632 qdelay_l_ms=1.04102 qdelay_c_ms=114.857 ecn_mark=1423 drop=0
[QUEUE_STATS] t_ms=12960 q_pkts=33 q_bytes=49632 qdelay_l_ms=0 qdelay_c_ms=127.028 ecn_mark=1424 drop=0
[QUEUE_STATS] t_ms=12976 q_pkts=32 q_bytes=48128 qdelay_l_ms=0 qdelay_c_ms=121.359 ecn_mark=1426 drop=0
[QUEUE_STATS] t_ms=12992 q_pkts=34 q_bytes=51136 qdelay_l_ms=0 qdelay_c_ms=123.405 ecn_mark=1428 drop=0
[QUEUE_STATS] t_ms=13008 q_pkts=34 q_bytes=51136 qdelay_l_ms=2.13046 qdelay_c_ms=121.378 ecn_mark=1429 drop=0
[QUEUE_STATS] t_ms=13024 q_pkts=33 q_bytes=49632 qdelay_l_ms=1.06793 qdelay_c_ms=120.088 ecn_mark=1431 drop=0
[QUEUE_STATS] t_ms=13040 q_pkts=34 q_bytes=51136 qdelay_l_ms=1.08541 qdelay_c_ms=124.882 ecn_mark=1434 drop=0
[QUEUE_STATS] t_ms=13056 q_pkts=34 q_bytes=51136 qdelay_l_ms=2.12971 qdelay_c_ms=124.54 ecn_mark=1435 drop=0
[QUEUE_STATS] t_ms=13072 q_pkts=32 q_bytes=48128 qdelay_l_ms=0 qdelay_c_ms=124.32 ecn_mark=1436 drop=0
[QUEUE_STATS] t_ms=13088 q_pkts=34 q_bytes=51136 qdelay_l_ms=1.07317 qdelay_c_ms=122.648 ecn_mark=1438 drop=0
[QUEUE_STATS] t_ms=13104 q_pkts=33 q_bytes=49632 qdelay_l_ms=2.25856 qdelay_c_ms=114.552 ecn_mark=1439 drop=0
[QUEUE_STATS] t_ms=13120 q_pkts=33 q_bytes=49632 qdelay_l_ms=0 qdelay_c_ms=129.692 ecn_mark=1441 drop=0
[QUEUE_STATS] t_ms=13137 q_pkts=32 q_bytes=48128 qdelay_l_ms=1.07283 qdelay_c_ms=121.271 ecn_mark=1441 drop=0
[QUEUE_STATS] t_ms=13152 q_pkts=33 q_bytes=49632 qdelay_l_ms=2.1796 qdelay_c_ms=114.296 ecn_mark=1442 drop=0
[QUEUE_STATS] t_ms=13168 q_pkts=35 q_bytes=52640 qdelay_l_ms=1.03205 qdelay_c_ms=123.562 ecn_mark=1443 drop=0
[QUEUE_STATS] t_ms=13184 q_pkts=32 q_bytes=48128 qdelay_l_ms=1.0729 qdelay_c_ms=120.529 ecn_mark=1446 drop=0
[QUEUE_STATS] t_ms=13200 q_pkts=35 q_bytes=52640 qdelay_l_ms=1.0713 qdelay_c_ms=123.298 ecn_mark=1449 drop=0
[QUEUE_STATS] t_ms=13216 q_pkts=34 q_bytes=51136 qdelay_l_ms=2.15716 qdelay_c_ms=121.428 ecn_mark=1451 drop=0
[QUEUE_STATS] t_ms=13232 q_pkts=32 q_bytes=48128 qdelay_l_ms=1.07378 qdelay_c_ms=122.343 ecn_mark=1452 drop=0
[QUEUE_STATS] t_ms=13248 q_pkts=31 q_bytes=46624 qdelay_l_ms=1.02401 qdelay_c_ms=122.58 ecn_mark=1454 drop=0
[QUEUE_STATS] t_ms=13264 q_pkts=28 q_bytes=42112 qdelay_l_ms=2.17878 qdelay_c_ms=116.791 ecn_mark=1454 drop=0
[QUEUE_STATS] t_ms=13281 q_pkts=29 q_bytes=43616 qdelay_l_ms=1.07821 qdelay_c_ms=125.54 ecn_mark=1454 drop=0
[QUEUE_STATS] t_ms=13296 q_pkts=27 q_bytes=40608 qdelay_l_ms=2.08885 qdelay_c_ms=124.958 ecn_mark=1455 drop=0
[QUEUE_STATS] t_ms=13312 q_pkts=27 q_bytes=40608 qdelay_l_ms=1.08526 qdelay_c_ms=128.256 ecn_mark=1456 drop=0
[QUEUE_STATS] t_ms=13328 q_pkts=25 q_bytes=37600 qdelay_l_ms=1.07119 qdelay_c_ms=135.508 ecn_mark=1458 drop=0
[QUEUE_STATS] t_ms=13344 q_pkts=23 q_bytes=34592 qdelay_l_ms=0 qdelay_c_ms=128.061 ecn_mark=1458 drop=0
[QUEUE_STATS] t_ms=13360 q_pkts=22 q_bytes=33088 qdelay_l_ms=2.12229 qdelay_c_ms=117.779 ecn_mark=1459 drop=0
[QUEUE_STATS] t_ms=13376 q_pkts=23 q_bytes=34592 qdelay_l_ms=1.06649 qdelay_c_ms=108.533 ecn_mark=1461 drop=0
[QUEUE_STATS] t_ms=13392 q_pkts=24 q_bytes=36096 qdelay_l_ms=2.1391 qdelay_c_ms=110.949 ecn_mark=1462 drop=0
[QUEUE_STATS] t_ms=13408 q_pkts=23 q_bytes=34592 qdelay_l_ms=1.0805 qdelay_c_ms=114.388 ecn_mark=1464 drop=0
[QUEUE_STATS] t_ms=13424 q_pkts=25 q_bytes=37600 qdelay_l_ms=1.08532 qdelay_c_ms=117.31 ecn_mark=1466 drop=0
[QUEUE_STATS] t_ms=13440 q_pkts=24 q_bytes=36096 qdelay_l_ms=0 qdelay_c_ms=110.546 ecn_mark=1468 drop=0
[QUEUE_STATS] t_ms=13456 q_pkts=25 q_bytes=37600 qdelay_l_ms=1.06253 qdelay_c_ms=104.27 ecn_mark=1469 drop=0
[QUEUE_STATS] t_ms=13472 q_pkts=26 q_bytes=39104 qdelay_l_ms=1.08228 qdelay_c_ms=106.968 ecn_mark=1470 drop=0
[QUEUE_STATS] t_ms=13488 q_pkts=24 q_bytes=36096 qdelay_l_ms=1.07197 qdelay_c_ms=109.038 ecn_mark=1472 drop=0
[QUEUE_STATS] t_ms=13504 q_pkts=25 q_bytes=37600 qdelay_l_ms=1.07183 qdelay_c_ms=113.53 ecn_mark=1475 drop=0
[QUEUE_STATS] t_ms=13520 q_pkts=24 q_bytes=36096 qdelay_l_ms=2.25235 qdelay_c_ms=107.332 ecn_mark=1477 drop=0
[QUEUE_STATS] t_ms=13536 q_pkts=26 q_bytes=39104 qdelay_l_ms=2.18361 qdelay_c_ms=113.2 ecn_mark=1480 drop=0
[QUEUE_STATS] t_ms=13552 q_pkts=23 q_bytes=34592 qdelay_l_ms=1.08683 qdelay_c_ms=105.512 ecn_mark=1481 drop=0
[QUEUE_STATS] t_ms=13568 q_pkts=26 q_bytes=39104 qdelay_l_ms=0 qdelay_c_ms=122.221 ecn_mark=1485 drop=0
[QUEUE_STATS] t_ms=13584 q_pkts=26 q_bytes=39104 qdelay_l_ms=2.13163 qdelay_c_ms=115.249 ecn_mark=1486 drop=0
[QUEUE_STATS] t_ms=13600 q_pkts=26 q_bytes=39104 qdelay_l_ms=1.09084 qdelay_c_ms=114.748 ecn_mark=1487 drop=0
[QUEUE_STATS] t_ms=13616 q_pkts=26 q_bytes=39104 qdelay_l_ms=1.06762 qdelay_c_ms=106.631 ecn_mark=1488 drop=0
[QUEUE_STATS] t_ms=13632 q_pkts=26 q_bytes=39104 qdelay_l_ms=1.06651 qdelay_c_ms=103.915 ecn_mark=1488 drop=0
[QUEUE_STATS] t_ms=13648 q_pkts=26 q_bytes=39104 qdelay_l_ms=1.06958 qdelay_c_ms=112.825 ecn_mark=1490 drop=0
[QUEUE_STATS] t_ms=13664 q_pkts=26 q_bytes=39104 qdelay_l_ms=1.06631 qdelay_c_ms=112.619 ecn_mark=1492 drop=0
[QUEUE_STATS] t_ms=13680 q_pkts=25 q_bytes=37600 qdelay_l_ms=0 qdelay_c_ms=112.327 ecn_mark=1494 drop=0
[QUEUE_STATS] t_ms=13696 q_pkts=28 q_bytes=42112 qdelay_l_ms=3.24968 qdelay_c_ms=122.892 ecn_mark=1494 drop=0
[QUEUE_STATS] t_ms=13712 q_pkts=28 q_bytes=42112 qdelay_l_ms=2.16601 qdelay_c_ms=119.572 ecn_mark=1497 drop=0
[QUEUE_STATS] t_ms=13728 q_pkts=28 q_bytes=42112 qdelay_l_ms=1.08459 qdelay_c_ms=124.029 ecn_mark=1499 drop=0
[QUEUE_STATS] t_ms=13745 q_pkts=27 q_bytes=40608 qdelay_l_ms=1.07946 qdelay_c_ms=129.83 ecn_mark=1500 drop=0
[QUEUE_STATS] t_ms=13760 q_pkts=27 q_bytes=40608 qdelay_l_ms=1.20838 qdelay_c_ms=132.935 ecn_mark=1505 drop=0
[QUEUE_STATS] t_ms=13776 q_pkts=29 q_bytes=43616 qdelay_l_ms=2.16072 qdelay_c_ms=137.976 ecn_mark=1507 drop=0
[QUEUE_STATS] t_ms=13792 q_pkts=26 q_bytes=39104 qdelay_l_ms=0 qdelay_c_ms=142.68 ecn_mark=1508 drop=0
[QUEUE_STATS] t_ms=13808 q_pkts=28 q_bytes=42112 qdelay_l_ms=2.14534 qdelay_c_ms=137.575 ecn_mark=1511 drop=0
[QUEUE_STATS] t_ms=13825 q_pkts=28 q_bytes=42112 qdelay_l_ms=1.0744 qdelay_c_ms=145.002 ecn_mark=1512 drop=0
[QUEUE_STATS] t_ms=13840 q_pkts=28 q_bytes=42112 qdelay_l_ms=3.26884 qdelay_c_ms=145.66 ecn_mark=1516 drop=0
[QUEUE_STATS] t_ms=13856 q_pkts=28 q_bytes=42112 qdelay_l_ms=2.04759 qdelay_c_ms=139.296 ecn_mark=1518 drop=0
[QUEUE_STATS] t_ms=13872 q_pkts=29 q_bytes=43616 qdelay_l_ms=1.06688 qdelay_c_ms=145.169 ecn_mark=1519 drop=0
[QUEUE_STATS] t_ms=13888 q_pkts=29 q_bytes=43616 qdelay_l_ms=2.12745 qdelay_c_ms=139.099 ecn_mark=1525 drop=0
[QUEUE_STATS] t_ms=13904 q_pkts=30 q_bytes=45120 qdelay_l_ms=0.102192 qdelay_c_ms=137.28 ecn_mark=1527 drop=0
[QUEUE_STATS] t_ms=13920 q_pkts=30 q_bytes=45120 qdelay_l_ms=2.12738 qdelay_c_ms=140.892 ecn_mark=1531 drop=0
[QUEUE_STATS] t_ms=13936 q_pkts=30 q_bytes=45120 qdelay_l_ms=2.20252 qdelay_c_ms=144.058 ecn_mark=1532 drop=0
[QUEUE_STATS] t_ms=13952 q_pkts=31 q_bytes=46624 qdelay_l_ms=1.1047 qdelay_c_ms=150.668 ecn_mark=1534 drop=0
[QUEUE_STATS] t_ms=13968 q_pkts=30 q_bytes=45120 qdelay_l_ms=1.60688 qdelay_c_ms=153.267 ecn_mark=1536 drop=0
[QUEUE_STATS] t_ms=13984 q_pkts=28 q_bytes=42112 qdelay_l_ms=0 qdelay_c_ms=148.659 ecn_mark=1539 drop=0
[QUEUE_STATS] t_ms=14000 q_pkts=30 q_bytes=45120 qdelay_l_ms=1.0451 qdelay_c_ms=153.138 ecn_mark=1543 drop=0
[QUEUE_STATS] t_ms=14017 q_pkts=28 q_bytes=42112 qdelay_l_ms=1.07927 qdelay_c_ms=147.79 ecn_mark=1545 drop=0
[QUEUE_STATS] t_ms=14032 q_pkts=28 q_bytes=42112 qdelay_l_ms=2.1599 qdelay_c_ms=140.308 ecn_mark=1548 drop=0
[QUEUE_STATS] t_ms=14048 q_pkts=29 q_bytes=43616 qdelay_l_ms=1.07044 qdelay_c_ms=131.053 ecn_mark=1549 drop=0
[QUEUE_STATS] t_ms=14064 q_pkts=27 q_bytes=40608 qdelay_l_ms=0 qdelay_c_ms=141.154 ecn_mark=1549 drop=0
[QUEUE_STATS] t_ms=14081 q_pkts=28 q_bytes=42112 qdelay_l_ms=1.07462 qdelay_c_ms=130.254 ecn_mark=1550 drop=0
[QUEUE_STATS] t_ms=14096 q_pkts=30 q_bytes=45120 qdelay_l_ms=3.16881 qdelay_c_ms=117.648 ecn_mark=1552 drop=0
[QUEUE_STATS] t_ms=14112 q_pkts=28 q_bytes=42112 qdelay_l_ms=1.06867 qdelay_c_ms=112.281 ecn_mark=1554 drop=0
[QUEUE_STATS] t_ms=14128 q_pkts=31 q_bytes=46624 qdelay_l_ms=1.06621 qdelay_c_ms=117.692 ecn_mark=1555 drop=0
[QUEUE_STATS] t_ms=14144 q_pkts=31 q_bytes=46624 qdelay_l_ms=2.1155 qdelay_c_ms=107.23 ecn_mark=1555 drop=0
[QUEUE_STATS] t_ms=14160 q_pkts=30 q_bytes=45120 qdelay_l_ms=0.054653 qdelay_c_ms=121.941 ecn_mark=1555 drop=0
[QUEUE_STATS] t_ms=14176 q_pkts=32 q_bytes=48128 qdelay_l_ms=2.13752 qdelay_c_ms=128.953 ecn_mark=1555 drop=0
[QUEUE_STATS] t_ms=14192 q_pkts=33 q_bytes=49632 qdelay_l_ms=3.20467 qdelay_c_ms=124.526 ecn_mark=1562 drop=0
[QUEUE_STATS] t_ms=14208 q_pkts=33 q_bytes=49632 qdelay_l_ms=2.24489 qdelay_c_ms=140.77 ecn_mark=1566 drop=0
[QUEUE_STATS] t_ms=14224 q_pkts=30 q_bytes=45120 qdelay_l_ms=0 qdelay_c_ms=137.634 ecn_mark=1567 drop=0
[QUEUE_STATS] t_ms=14240 q_pkts=31 q_bytes=46624 qdelay_l_ms=1.03589 qdelay_c_ms=147.031 ecn_mark=1569 drop=0
[QUEUE_STATS] t_ms=14256 q_pkts=31 q_bytes=46624 qdelay_l_ms=3.20991 qdelay_c_ms=144.19 ecn_mark=1573 drop=0
[QUEUE_STATS] t_ms=14272 q_pkts=31 q_bytes=46624 qdelay_l_ms=1.07113 qdelay_c_ms=155.073 ecn_mark=1576 drop=0
[QUEUE_STATS] t_ms=14288 q_pkts=30 q_bytes=45120 qdelay_l_ms=2.14195 qdelay_c_ms=151.851 ecn_mark=1578 drop=0
[QUEUE_STATS] t_ms=14304 q_pkts=31 q_bytes=46624 qdelay_l_ms=0.208222 qdelay_c_ms=163.126 ecn_mark=1582 drop=0
[QUEUE_STATS] t_ms=14320 q_pkts=32 q_bytes=48128 qdelay_l_ms=3.206 qdelay_c_ms=156.008 ecn_mark=1584 drop=0
[QUEUE_STATS] t_ms=14336 q_pkts=31 q_bytes=46624 qdelay_l_ms=0 qdelay_c_ms=151.253 ecn_mark=1585 drop=0
[QUEUE_STATS] t_ms=14352 q_pkts=30 q_bytes=45120 qdelay_l_ms=1.06619 qdelay_c_ms=146.091 ecn_mark=1586 drop=0
[QUEUE_STATS] t_ms=14368 q_pkts=32 q_bytes=48128 qdelay_l_ms=2.18309 qdelay_c_ms=129.282 ecn_mark=1588 drop=0
[QUEUE_STATS] t_ms=14384 q_pkts=32 q_bytes=48128 qdelay_l_ms=1.06615 qdelay_c_ms=137.679 ecn_mark=1590 drop=0
[QUEUE_STATS] t_ms=14400 q_pkts=30 q_bytes=45120 qdelay_l_ms=0 qdelay_c_ms=128.619 ecn_mark=1591 drop=0
[QUEUE_STATS] t_ms=14416 q_pkts=32 q_bytes=48128 qdelay_l_ms=1.07265 qdelay_c_ms=124.216 ecn_mark=1592 drop=0
[QUEUE_STATS] t_ms=14432 q_pkts=29 q_bytes=43616 qdelay_l_ms=1.06644 qdelay_c_ms=115.431 ecn_mark=1593 drop=0
[QUEUE_STATS] t_ms=14448 q_pkts=30 q_bytes=45120 qdelay_l_ms=0 qdelay_c_ms=117.076 ecn_mark=1596 drop=0
[QUEUE_STATS] t_ms=14464 q_pkts=31 q_bytes=46624 qdelay_l_ms=2.13403 qdelay_c_ms=108.181 ecn_mark=1596 drop=0
[QUEUE_STATS] t_ms=14480 q_pkts=29 q_bytes=43616 qdelay_l_ms=0 qdelay_c_ms=116.511 ecn_mark=1599 drop=0
[QUEUE_STATS] t_ms=14496 q_pkts=30 q_bytes=45120 qdelay_l_ms=1.0611 qdelay_c_ms=113.906 ecn_mark=1601 drop=0
[QUEUE_STATS] t_ms=14512 q_pkts=31 q_bytes=46624 qdelay_l_ms=2.1554 qdelay_c_ms=104.762 ecn_mark=1604 drop=0
[QUEUE_STATS] t_ms=14528 q_pkts=29 q_bytes=43616 qdelay_l_ms=1.07139 qdelay_c_ms=106.153 ecn_mark=1607 drop=0
[QUEUE_STATS] t_ms=14544 q_pkts=27 q_bytes=40608 qdelay_l_ms=0.341422 qdelay_c_ms=100.501 ecn_mark=1609 drop=0
[QUEUE_STATS] t_ms=14560 q_pkts=26 q_bytes=39104 qdelay_l_ms=1.069 qdelay_c_ms=101.709 ecn_mark=1611 drop=0
[QUEUE_STATS] t_ms=14576 q_pkts=24 q_bytes=36096 qdelay_l_ms=1.06643 qdelay_c_ms=104.282 ecn_mark=1611 drop=0
[QUEUE_STATS] t_ms=14592 q_pkts=24 q_bytes=36096 qdelay_l_ms=1.0731 qdelay_c_ms=102.184 ecn_mark=1612 drop=0
[QUEUE_STATS] t_ms=14608 q_pkts=21 q_bytes=31584 qdelay_l_ms=1.07694 qdelay_c_ms=95.3925 ecn_mark=1613 drop=0
[QUEUE_STATS] t_ms=14625 q_pkts=20 q_bytes=30080 qdelay_l_ms=0 qdelay_c_ms=91.6002 ecn_mark=1617 drop=0
[QUEUE_STATS] t_ms=14640 q_pkts=19 q_bytes=28576 qdelay_l_ms=1.08101 qdelay_c_ms=81.4744 ecn_mark=1618 drop=0
[QUEUE_STATS] t_ms=14656 q_pkts=19 q_bytes=28576 qdelay_l_ms=2.17313 qdelay_c_ms=73.131 ecn_mark=1620 drop=0
[QUEUE_STATS] t_ms=14672 q_pkts=19 q_bytes=28576 qdelay_l_ms=1.06911 qdelay_c_ms=65.5705 ecn_mark=1622 drop=0
[QUEUE_STATS] t_ms=14688 q_pkts=16 q_bytes=24064 qdelay_l_ms=0 qdelay_c_ms=51.7815 ecn_mark=1623 drop=0
[QUEUE_STATS] t_ms=14704 q_pkts=18 q_bytes=27072 qdelay_l_ms=1.07163 qdelay_c_ms=55.1834 ecn_mark=1624 drop=0
[QUEUE_STATS] t_ms=14720 q_pkts=19 q_bytes=28576 qdelay_l_ms=0 qdelay_c_ms=49.6977 ecn_mark=1624 drop=0
[QUEUE_STATS] t_ms=14736 q_pkts=18 q_bytes=27072 qdelay_l_ms=2.14848 qdelay_c_ms=48.6369 ecn_mark=1625 drop=0
[QUEUE_STATS] t_ms=14752 q_pkts=20 q_bytes=30080 qdelay_l_ms=2.19297 qdelay_c_ms=43.2363 ecn_mark=1629 drop=0
[QUEUE_STATS] t_ms=14768 q_pkts=19 q_bytes=28576 qdelay_l_ms=1.06611 qdelay_c_ms=52.184 ecn_mark=1630 drop=0
[QUEUE_STATS] t_ms=14784 q_pkts=19 q_bytes=28576 qdelay_l_ms=1.06606 qdelay_c_ms=51.3988 ecn_mark=1630 drop=0
[QUEUE_STATS] t_ms=14800 q_pkts=19 q_bytes=28576 qdelay_l_ms=0 qdelay_c_ms=51.84 ecn_mark=1631 drop=0
[QUEUE_STATS] t_ms=14817 q_pkts=20 q_bytes=30080 qdelay_l_ms=1.0688 qdelay_c_ms=47.0184 ecn_mark=1631 drop=0
[QUEUE_STATS] t_ms=14832 q_pkts=19 q_bytes=28576 qdelay_l_ms=2.10733 qdelay_c_ms=51.6042 ecn_mark=1632 drop=0
[QUEUE_STATS] t_ms=14849 q_pkts=18 q_bytes=27072 qdelay_l_ms=0 qdelay_c_ms=62.2318 ecn_mark=1632 drop=0
[QUEUE_STATS] t_ms=14864 q_pkts=16 q_bytes=24064 qdelay_l_ms=2.1383 qdelay_c_ms=57.2507 ecn_mark=1633 drop=0
[QUEUE_STATS] t_ms=14880 q_pkts=16 q_bytes=24064 qdelay_l_ms=1.04569 qdelay_c_ms=65.4111 ecn_mark=1636 drop=0
[QUEUE_STATS] t_ms=14896 q_pkts=11 q_bytes=16544 qdelay_l_ms=0 qdelay_c_ms=59.2288 ecn_mark=1638 drop=0
[QUEUE_STATS] t_ms=14912 q_pkts=13 q_bytes=19552 qdelay_l_ms=2.15882 qdelay_c_ms=50.8486 ecn_mark=1639 drop=0
[QUEUE_STATS] t_ms=14928 q_pkts=11 q_bytes=16544 qdelay_l_ms=1.06897 qdelay_c_ms=28.4173 ecn_mark=1640 drop=0
[QUEUE_STATS] t_ms=14944 q_pkts=12 q_bytes=18048 qdelay_l_ms=1.06633 qdelay_c_ms=32.8895 ecn_mark=1642 drop=0
[QUEUE_STATS] t_ms=14960 q_pkts=12 q_bytes=18048 qdelay_l_ms=1.06954 qdelay_c_ms=31.3283 ecn_mark=1644 drop=0
[QUEUE_STATS] t_ms=14976 q_pkts=13 q_bytes=19552 qdelay_l_ms=1.0614 qdelay_c_ms=33.9431 ecn_mark=1646 drop=0
[QUEUE_STATS] t_ms=14992 q_pkts=11 q_bytes=16544 qdelay_l_ms=2.16898 qdelay_c_ms=29.8605 ecn_mark=1647 drop=0
[QUEUE_STATS] t_ms=15008 q_pkts=12 q_bytes=18048 qdelay_l_ms=0.316085 qdelay_c_ms=38.606 ecn_mark=1648 drop=0
[QUEUE_STATS] t_ms=15024 q_pkts=11 q_bytes=16544 qdelay_l_ms=1.07767 qdelay_c_ms=28.5256 ecn_mark=1649 drop=0
[QUEUE_STATS] t_ms=15040 q_pkts=13 q_bytes=19552 qdelay_l_ms=0 qdelay_c_ms=32.3695 ecn_mark=1650 drop=0
[QUEUE_STATS] t_ms=15056 q_pkts=13 q_bytes=19552 qdelay_l_ms=1.0781 qdelay_c_ms=32.5309 ecn_mark=1651 drop=0
[QUEUE_STATS] t_ms=15072 q_pkts=12 q_bytes=18048 qdelay_l_ms=0.236745 qdelay_c_ms=35.8107 ecn_mark=1653 drop=0
[QUEUE_STATS] t_ms=15088 q_pkts=13 q_bytes=19552 qdelay_l_ms=1.06703 qdelay_c_ms=36.9568 ecn_mark=1655 drop=0
[QUEUE_STATS] t_ms=15104 q_pkts=13 q_bytes=19552 qdelay_l_ms=1.06893 qdelay_c_ms=35.2481 ecn_mark=1657 drop=0
[QUEUE_STATS] t_ms=15120 q_pkts=14 q_bytes=21056 qdelay_l_ms=0 qdelay_c_ms=36.8387 ecn_mark=1659 drop=0
[QUEUE_STATS] t_ms=15136 q_pkts=14 q_bytes=21056 qdelay_l_ms=1.07866 qdelay_c_ms=40.5362 ecn_mark=1660 drop=0
[QUEUE_STATS] t_ms=15152 q_pkts=14 q_bytes=21056 qdelay_l_ms=1.69093 qdelay_c_ms=37.2041 ecn_mark=1662 drop=0
[QUEUE_STATS] t_ms=15169 q_pkts=13 q_bytes=19552 qdelay_l_ms=1.07384 qdelay_c_ms=33.3663 ecn_mark=1662 drop=0
[QUEUE_STATS] t_ms=15184 q_pkts=14 q_bytes=21056 qdelay_l_ms=0.062327 qdelay_c_ms=40.8226 ecn_mark=1664 drop=0
[QUEUE_STATS] t_ms=15200 q_pkts=14 q_bytes=21056 qdelay_l_ms=1.06916 qdelay_c_ms=39.642 ecn_mark=1664 drop=0
[QUEUE_STATS] t_ms=15217 q_pkts=13 q_bytes=19552 qdelay_l_ms=1.08374 qdelay_c_ms=36.3134 ecn_mark=1666 drop=0
[QUEUE_STATS] t_ms=15232 q_pkts=14 q_bytes=21056 qdelay_l_ms=2.12677 qdelay_c_ms=37.4729 ecn_mark=1667 drop=0
[QUEUE_STATS] t_ms=15248 q_pkts=14 q_bytes=21056 qdelay_l_ms=0.280829 qdelay_c_ms=41.9718 ecn_mark=1667 drop=0
[QUEUE_STATS] t_ms=15264 q_pkts=15 q_bytes=22560 qdelay_l_ms=0.673086 qdelay_c_ms=42.8584 ecn_mark=1668 drop=0
[QUEUE_STATS] t_ms=15281 q_pkts=15 q_bytes=22560 qdelay_l_ms=1.07245 qdelay_c_ms=36.8215 ecn_mark=1671 drop=0
[QUEUE_STATS] t_ms=15296 q_pkts=13 q_bytes=19552 qdelay_l_ms=0 qdelay_c_ms=37.7193 ecn_mark=1675 drop=0
[QUEUE_STATS] t_ms=15312 q_pkts=15 q_bytes=22560 qdelay_l_ms=1.03357 qdelay_c_ms=40.034 ecn_mark=1678 drop=0
[QUEUE_STATS] t_ms=15328 q_pkts=15 q_bytes=22560 qdelay_l_ms=1.07009 qdelay_c_ms=43.8576 ecn_mark=1678 drop=0
[QUEUE_STATS] t_ms=15344 q_pkts=16 q_bytes=24064 qdelay_l_ms=1.0715 qdelay_c_ms=45.9627 ecn_mark=1680 drop=0
[QUEUE_STATS] t_ms=15360 q_pkts=15 q_bytes=22560 qdelay_l_ms=2.14638 qdelay_c_ms=48.1185 ecn_mark=1684 drop=0
[QUEUE_STATS] t_ms=15376 q_pkts=16 q_bytes=24064 qdelay_l_ms=1.06283 qdelay_c_ms=49.8637 ecn_mark=1685 drop=0
[QUEUE_STATS] t_ms=15392 q_pkts=14 q_bytes=21056 qdelay_l_ms=0.69626 qdelay_c_ms=52.8794 ecn_mark=1687 drop=0
[QUEUE_STATS] t_ms=15408 q_pkts=12 q_bytes=18048 qdelay_l_ms=2.10528 qdelay_c_ms=48.025 ecn_mark=1689 drop=0
[QUEUE_STATS] t_ms=15424 q_pkts=11 q_bytes=16544 qdelay_l_ms=0 qdelay_c_ms=57.7931 ecn_mark=1690 drop=0
[QUEUE_STATS] t_ms=15440 q_pkts=6 q_bytes=9024 qdelay_l_ms=0.269306 qdelay_c_ms=30.374 ecn_mark=1693 drop=0
[QUEUE_STATS] t_ms=15456 q_pkts=9 q_bytes=13536 qdelay_l_ms=1.02512 qdelay_c_ms=23.7756 ecn_mark=1697 drop=0
[QUEUE_STATS] t_ms=15472 q_pkts=9 q_bytes=13536 qdelay_l_ms=1.07241 qdelay_c_ms=21.9094 ecn_mark=1699 drop=0
[QUEUE_STATS] t_ms=15488 q_pkts=7 q_bytes=10528 qdelay_l_ms=1.05819 qdelay_c_ms=24.0089 ecn_mark=1700 drop=0
[QUEUE_STATS] t_ms=15504 q_pkts=9 q_bytes=13536 qdelay_l_ms=0 qdelay_c_ms=24.0864 ecn_mark=1701 drop=0
[QUEUE_STATS] t_ms=15520 q_pkts=8 q_bytes=12032 qdelay_l_ms=1.0752 qdelay_c_ms=25.7234 ecn_mark=1703 drop=0
[QUEUE_STATS] t_ms=15536 q_pkts=9 q_bytes=13536 qdelay_l_ms=0 qdelay_c_ms=23.2959 ecn_mark=1703 drop=0
[QUEUE_STATS] t_ms=15552 q_pkts=9 q_bytes=13536 qdelay_l_ms=1.78399 qdelay_c_ms=23.6589 ecn_mark=1705 drop=0
[QUEUE_STATS] t_ms=15568 q_pkts=8 q_bytes=12032 qdelay_l_ms=2.45176 qdelay_c_ms=17.1174 ecn_mark=1707 drop=0
[QUEUE_STATS] t_ms=15584 q_pkts=8 q_bytes=12032 qdelay_l_ms=1.05945 qdelay_c_ms=25.1094 ecn_mark=1708 drop=0
[QUEUE_STATS] t_ms=15600 q_pkts=9 q_bytes=13536 qdelay_l_ms=1.06909 qdelay_c_ms=18.4177 ecn_mark=1708 drop=0
[QUEUE_STATS] t_ms=15616 q_pkts=8 q_bytes=12032 qdelay_l_ms=1.07802 qdelay_c_ms=21.6113 ecn_mark=1710 drop=0
[QUEUE_STATS] t_ms=15632 q_pkts=9 q_bytes=13536 qdelay_l_ms=1.07143 qdelay_c_ms=21.8118 ecn_mark=1713 drop=0
[QUEUE_STATS] t_ms=15648 q_pkts=10 q_bytes=15040 qdelay_l_ms=1.08149 qdelay_c_ms=24.194 ecn_mark=1714 drop=0
[QUEUE_STATS] t_ms=15664 q_pkts=11 q_bytes=16544 qdelay_l_ms=2.22177 qdelay_c_ms=26.9857 ecn_mark=1717 drop=0
[QUEUE_STATS] t_ms=15680 q_pkts=11 q_bytes=16544 qdelay_l_ms=1.07797 qdelay_c_ms=30.4883 ecn_mark=1718 drop=0
[QUEUE_STATS] t_ms=15696 q_pkts=10 q_bytes=15040 qdelay_l_ms=0 qdelay_c_ms=23.2472 ecn_mark=1723 drop=0
[QUEUE_STATS] t_ms=15712 q_pkts=9 q_bytes=13536 qdelay_l_ms=2.88116 qdelay_c_ms=21.3657 ecn_mark=1726 drop=0
[QUEUE_STATS] t_ms=15728 q_pkts=6 q_bytes=9024 qdelay_l_ms=0 qdelay_c_ms=22.827 ecn_mark=1727 drop=0
[QUEUE_STATS] t_ms=15744 q_pkts=11 q_bytes=16544 qdelay_l_ms=0.822107 qdelay_c_ms=25.8202 ecn_mark=1727 drop=0
[QUEUE_STATS] t_ms=15760 q_pkts=11 q_bytes=16544 qdelay_l_ms=1.07417 qdelay_c_ms=30.3647 ecn_mark=1728 drop=0
[QUEUE_STATS] t_ms=15776 q_pkts=9 q_bytes=13536 qdelay_l_ms=0 qdelay_c_ms=22.8149 ecn_mark=1728 drop=0
[QUEUE_STATS] t_ms=15792 q_pkts=9 q_bytes=13536 qdelay_l_ms=1.06373 qdelay_c_ms=24.4261 ecn_mark=1730 drop=0
[QUEUE_STATS] t_ms=15808 q_pkts=9 q_bytes=13536 qdelay_l_ms=1.0413 qdelay_c_ms=19.6742 ecn_mark=1732 drop=0
[QUEUE_STATS] t_ms=15824 q_pkts=10 q_bytes=15040 qdelay_l_ms=0 qdelay_c_ms=29.9608 ecn_mark=1734 drop=0
[QUEUE_STATS] t_ms=15840 q_pkts=11 q_bytes=16544 qdelay_l_ms=1.0705 qdelay_c_ms=26.4772 ecn_mark=1735 drop=0
[QUEUE_STATS] t_ms=15856 q_pkts=12 q_bytes=18048 qdelay_l_ms=1.0661 qdelay_c_ms=28.2103 ecn_mark=1737 drop=0
[QUEUE_STATS] t_ms=15872 q_pkts=11 q_bytes=16544 qdelay_l_ms=0.314251 qdelay_c_ms=23.2781 ecn_mark=1738 drop=0
[QUEUE_STATS] t_ms=15888 q_pkts=11 q_bytes=16544 qdelay_l_ms=1.08973 qdelay_c_ms=26.8568 ecn_mark=1739 drop=0
[QUEUE_STATS] t_ms=15904 q_pkts=10 q_bytes=15040 qdelay_l_ms=1.04612 qdelay_c_ms=30.7392 ecn_mark=1742 drop=0
[QUEUE_STATS] t_ms=15920 q_pkts=11 q_bytes=16544 qdelay_l_ms=0 qdelay_c_ms=30.1888 ecn_mark=1743 drop=0
[QUEUE_STATS] t_ms=15936 q_pkts=10 q_bytes=15040 qdelay_l_ms=1.07304 qdelay_c_ms=30.2157 ecn_mark=1745 drop=0
[QUEUE_STATS] t_ms=15952 q_pkts=13 q_bytes=19552 qdelay_l_ms=0 qdelay_c_ms=29.6984 ecn_mark=1746 drop=0
[QUEUE_STATS] t_ms=15968 q_pkts=12 q_bytes=18048 qdelay_l_ms=1.05509 qdelay_c_ms=31.2944 ecn_mark=1747 drop=0
[QUEUE_STATS] t_ms=15984 q_pkts=12 q_bytes=18048 qdelay_l_ms=2.09266 qdelay_c_ms=32.5203 ecn_mark=1750 drop=0
[QUEUE_STATS] t_ms=16000 q_pkts=12 q_bytes=18048 qdelay_l_ms=1.06953 qdelay_c_ms=30.681 ecn_mark=1751 drop=0
[QUEUE_STATS] t_ms=16016 q_pkts=13 q_bytes=19552 qdelay_l_ms=1.04395 qdelay_c_ms=32.0919 ecn_mark=1751 drop=0
[QUEUE_STATS] t_ms=16032 q_pkts=13 q_bytes=19552 qdelay_l_ms=1.06588 qdelay_c_ms=32.7296 ecn_mark=1752 drop=0
[QUEUE_STATS] t_ms=16048 q_pkts=12 q_bytes=18048 qdelay_l_ms=0 qdelay_c_ms=34.2251 ecn_mark=1755 drop=0
[QUEUE_STATS] t_ms=16064 q_pkts=14 q_bytes=21056 qdelay_l_ms=1.0612 qdelay_c_ms=38.1505 ecn_mark=1756 drop=0
[QUEUE_STATS] t_ms=16080 q_pkts=13 q_bytes=19552 qdelay_l_ms=1.07261 qdelay_c_ms=38.2966 ecn_mark=1757 drop=0
[QUEUE_STATS] t_ms=16096 q_pkts=13 q_bytes=19552 qdelay_l_ms=0.330913 qdelay_c_ms=39.8132 ecn_mark=1758 drop=0
[QUEUE_STATS] t_ms=16112 q_pkts=14 q_bytes=21056 qdelay_l_ms=1.06587 qdelay_c_ms=40.615 ecn_mark=1760 drop=0
[QUEUE_STATS] t_ms=16128 q_pkts=15 q_bytes=22560 qdelay_l_ms=1.04403 qdelay_c_ms=42.0921 ecn_mark=1761 drop=0
[QUEUE_STATS] t_ms=16144 q_pkts=14 q_bytes=21056 qdelay_l_ms=1.55386 qdelay_c_ms=37.8863 ecn_mark=1764 drop=0
[QUEUE_STATS] t_ms=16160 q_pkts=16 q_bytes=24064 qdelay_l_ms=1.0663 qdelay_c_ms=44.1116 ecn_mark=1766 drop=0
[QUEUE_STATS] t_ms=16176 q_pkts=15 q_bytes=22560 qdelay_l_ms=1.07088 qdelay_c_ms=40.7532 ecn_mark=1768 drop=0
[QUEUE_STATS] t_ms=16192 q_pkts=15 q_bytes=22560 qdelay_l_ms=0 qdelay_c_ms=40.7115 ecn_mark=1770 drop=0
[QUEUE_STATS] t_ms=16208 q_pkts=15 q_bytes=22560 qdelay_l_ms=2.11244 qdelay_c_ms=44.1426 ecn_mark=1772 drop=0
[QUEUE_STATS] t_ms=16224 q_pkts=13 q_bytes=19552 qdelay_l_ms=1.03795 qdelay_c_ms=36.9306 ecn_mark=1774 drop=0
[QUEUE_STATS] t_ms=16240 q_pkts=12 q_bytes=18048 qdelay_l_ms=0.97274 qdelay_c_ms=49.2797 ecn_mark=1776 drop=0
[QUEUE_STATS] t_ms=16256 q_pkts=8 q_bytes=12032 qdelay_l_ms=1.0718 qdelay_c_ms=39.2287 ecn_mark=1776 drop=0
[QUEUE_STATS] t_ms=16272 q_pkts=8 q_bytes=12032 qdelay_l_ms=1.08256 qdelay_c_ms=23.9543 ecn_mark=1777 drop=0
[QUEUE_STATS] t_ms=16288 q_pkts=8 q_bytes=12032 qdelay_l_ms=2.17282 qdelay_c_ms=22.8365 ecn_mark=1779 drop=0
[QUEUE_STATS] t_ms=16304 q_pkts=7 q_bytes=10528 qdelay_l_ms=2.14286 qdelay_c_ms=14.3158 ecn_mark=1781 drop=0
[QUEUE_STATS] t_ms=16320 q_pkts=9 q_bytes=13536 qdelay_l_ms=1.0811 qdelay_c_ms=22.4267 ecn_mark=1781 drop=0
[QUEUE_STATS] t_ms=16337 q_pkts=6 q_bytes=9024 qdelay_l_ms=1.06945 qdelay_c_ms=19.0473 ecn_mark=1782 drop=0
[QUEUE_STATS] t_ms=16352 q_pkts=5 q_bytes=7520 qdelay_l_ms=0 qdelay_c_ms=18.4516 ecn_mark=1783 drop=0
[QUEUE_STATS] t_ms=16368 q_pkts=2 q_bytes=3008 qdelay_l_ms=1.09124 qdelay_c_ms=8.25963 ecn_mark=1785 drop=0
[QUEUE_STATS] t_ms=16384 q_pkts=1 q_bytes=1504 qdelay_l_ms=0 qdelay_c_ms=6.51254 ecn_mark=1787 drop=0
[QUEUE_STATS] t_ms=16400 q_pkts=4 q_bytes=6016 qdelay_l_ms=1.08695 qdelay_c_ms=9.70294 ecn_mark=1788 drop=0
[QUEUE_STATS] t_ms=16416 q_pkts=4 q_bytes=6016 qdelay_l_ms=1.06842 qdelay_c_ms=5.02676 ecn_mark=1791 drop=0
[QUEUE_STATS] t_ms=16432 q_pkts=6 q_bytes=9024 qdelay_l_ms=1.08496 qdelay_c_ms=15.2737 ecn_mark=1791 drop=0
[QUEUE_STATS] t_ms=16448 q_pkts=3 q_bytes=4512 qdelay_l_ms=1.06378 qdelay_c_ms=11.2612 ecn_mark=1794 drop=0
[QUEUE_STATS] t_ms=16464 q_pkts=4 q_bytes=6016 qdelay_l_ms=1.07817 qdelay_c_ms=10.9545 ecn_mark=1795 drop=0
[QUEUE_STATS] t_ms=16480 q_pkts=5 q_bytes=7520 qdelay_l_ms=0.662907 qdelay_c_ms=10.5524 ecn_mark=1798 drop=0
[QUEUE_STATS] t_ms=16496 q_pkts=5 q_bytes=7520 qdelay_l_ms=1.0726 qdelay_c_ms=7.3662 ecn_mark=1800 drop=0
[QUEUE_STATS] t_ms=16512 q_pkts=4 q_bytes=6016 qdelay_l_ms=1.07779 qdelay_c_ms=4.26447 ecn_mark=1800 drop=0
[QUEUE_STATS] t_ms=16528 q_pkts=1 q_bytes=1504 qdelay_l_ms=1.01993 qdelay_c_ms=0 ecn_mark=1801 drop=0
[QUEUE_STATS] t_ms=16544 q_pkts=3 q_bytes=4512 qdelay_l_ms=1.8479 qdelay_c_ms=1.84246 ecn_mark=1801 drop=0
[QUEUE_STATS] t_ms=16560 q_pkts=3 q_bytes=4512 qdelay_l_ms=1.06955 qdelay_c_ms=4.39731 ecn_mark=1802 drop=0
[QUEUE_STATS] t_ms=16576 q_pkts=4 q_bytes=6016 qdelay_l_ms=1.08988 qdelay_c_ms=11.7953 ecn_mark=1806 drop=0
[QUEUE_STATS] t_ms=16592 q_pkts=2 q_bytes=3008 qdelay_l_ms=0 qdelay_c_ms=5.72996 ecn_mark=1809 drop=0
[QUEUE_STATS] t_ms=16608 q_pkts=3 q_bytes=4512 qdelay_l_ms=1.0317 qdelay_c_ms=5.267 ecn_mark=1811 drop=0
[QUEUE_STATS] t_ms=16624 q_pkts=1 q_bytes=1504 qdelay_l_ms=0 qdelay_c_ms=4.32293 ecn_mark=1815 drop=0
[QUEUE_STATS] t_ms=16640 q_pkts=1 q_bytes=1504 qdelay_l_ms=0.921915 qdelay_c_ms=0 ecn_mark=1817 drop=0
[QUEUE_STATS] t_ms=16656 q_pkts=5 q_bytes=7520 qdelay_l_ms=2.40608 qdelay_c_ms=5.79488 ecn_mark=1818 drop=0
[QUEUE_STATS] t_ms=16672 q_pkts=2 q_bytes=3008 qdelay_l_ms=1.08308 qdelay_c_ms=7.68677 ecn_mark=1821 drop=0
[QUEUE_STATS] t_ms=16688 q_pkts=5 q_bytes=7520 qdelay_l_ms=1.06636 qdelay_c_ms=12.9462 ecn_mark=1823 drop=0
[QUEUE_STATS] t_ms=16704 q_pkts=4 q_bytes=6016 qdelay_l_ms=1.06912 qdelay_c_ms=15.2542 ecn_mark=1825 drop=0
[QUEUE_STATS] t_ms=16720 q_pkts=3 q_bytes=4512 qdelay_l_ms=0.918498 qdelay_c_ms=9.34142 ecn_mark=1827 drop=0
[QUEUE_STATS] t_ms=16736 q_pkts=3 q_bytes=4512 qdelay_l_ms=0 qdelay_c_ms=10.8519 ecn_mark=1829 drop=0
[QUEUE_STATS] t_ms=16752 q_pkts=5 q_bytes=7520 qdelay_l_ms=1.08414 qdelay_c_ms=8.29731 ecn_mark=1831 drop=0
[QUEUE_STATS] t_ms=16768 q_pkts=5 q_bytes=7520 qdelay_l_ms=0.819972 qdelay_c_ms=10.7227 ecn_mark=1832 drop=0
[QUEUE_STATS] t_ms=16784 q_pkts=6 q_bytes=9024 qdelay_l_ms=2.40609 qdelay_c_ms=9.00464 ecn_mark=1833 drop=0
[QUEUE_STATS] t_ms=16800 q_pkts=5 q_bytes=7520 qdelay_l_ms=1.06657 qdelay_c_ms=9.10651 ecn_mark=1837 drop=0
[QUEUE_STATS] t_ms=16816 q_pkts=4 q_bytes=6016 qdelay_l_ms=1.08653 qdelay_c_ms=12.4156 ecn_mark=1840 drop=0
[QUEUE_STATS] t_ms=16832 q_pkts=4 q_bytes=6016 qdelay_l_ms=0 qdelay_c_ms=9.45503 ecn_mark=1843 drop=0
[QUEUE_STATS] t_ms=16848 q_pkts=5 q_bytes=7520 qdelay_l_ms=0 qdelay_c_ms=15.176 ecn_mark=1846 drop=0
[QUEUE_STATS] t_ms=16864 q_pkts=5 q_bytes=7520 qdelay_l_ms=1.06624 qdelay_c_ms=10.1693 ecn_mark=1846 drop=0
[QUEUE_STATS] t_ms=16880 q_pkts=5 q_bytes=7520 qdelay_l_ms=2.12225 qdelay_c_ms=8.76633 ecn_mark=1846 drop=0
[QUEUE_STATS] t_ms=16896 q_pkts=4 q_bytes=6016 qdelay_l_ms=2.1255 qdelay_c_ms=8.94859 ecn_mark=1847 drop=0
[QUEUE_STATS] t_ms=16912 q_pkts=6 q_bytes=9024 qdelay_l_ms=0 qdelay_c_ms=11.8253 ecn_mark=1848 drop=0
[QUEUE_STATS] t_ms=16928 q_pkts=6 q_bytes=9024 qdelay_l_ms=1.06486 qdelay_c_ms=15.8437 ecn_mark=1849 drop=0
[QUEUE_STATS] t_ms=16944 q_pkts=6 q_bytes=9024 qdelay_l_ms=0 qdelay_c_ms=10.6785 ecn_mark=1851 drop=0
[QUEUE_STATS] t_ms=16960 q_pkts=7 q_bytes=10528 qdelay_l_ms=0 qdelay_c_ms=11.9713 ecn_mark=1852 drop=0
[QUEUE_STATS] t_ms=16976 q_pkts=6 q_bytes=9024 qdelay_l_ms=0 qdelay_c_ms=18.4229 ecn_mark=1854 drop=0
[QUEUE_STATS] t_ms=16992 q_pkts=6 q_bytes=9024 qdelay_l_ms=1.06183 qdelay_c_ms=11.008 ecn_mark=1857 drop=0
[QUEUE_STATS] t_ms=17008 q_pkts=7 q_bytes=10528 qdelay_l_ms=0 qdelay_c_ms=14.2716 ecn_mark=1859 drop=0
[QUEUE_STATS] t_ms=17024 q_pkts=7 q_bytes=10528 qdelay_l_ms=1.0832 qdelay_c_ms=15.0175 ecn_mark=1860 drop=0
[QUEUE_STATS] t_ms=17040 q_pkts=6 q_bytes=9024 qdelay_l_ms=1.06834 qdelay_c_ms=11.805 ecn_mark=1862 drop=0
[QUEUE_STATS] t_ms=17056 q_pkts=7 q_bytes=10528 qdelay_l_ms=2.14412 qdelay_c_ms=10.8244 ecn_mark=1863 drop=0
[QUEUE_STATS] t_ms=17072 q_pkts=7 q_bytes=10528 qdelay_l_ms=1.88382 qdelay_c_ms=14.1147 ecn_mark=1864 drop=0
[QUEUE_STATS] t_ms=17088 q_pkts=8 q_bytes=12032 qdelay_l_ms=2.15051 qdelay_c_ms=13.0879 ecn_mark=1865 drop=0
[QUEUE_STATS] t_ms=17104 q_pkts=7 q_bytes=10528 qdelay_l_ms=2.09865 qdelay_c_ms=12.2819 ecn_mark=1868 drop=0
[QUEUE_STATS] t_ms=17120 q_pkts=7 q_bytes=10528 qdelay_l_ms=0 qdelay_c_ms=14.7051 ecn_mark=1870 drop=0
[QUEUE_STATS] t_ms=17136 q_pkts=8 q_bytes=12032 qdelay_l_ms=1.94839 qdelay_c_ms=13.8902 ecn_mark=1873 drop=0
[QUEUE_STATS] t_ms=17152 q_pkts=7 q_bytes=10528 qdelay_l_ms=0 qdelay_c_ms=17.3534 ecn_mark=1874 drop=0
[QUEUE_STATS] t_ms=17168 q_pkts=9 q_bytes=13536 qdelay_l_ms=1.06767 qdelay_c_ms=16.0412 ecn_mark=1875 drop=0
[QUEUE_STATS] t_ms=17184 q_pkts=9 q_bytes=13536 qdelay_l_ms=1.06963 qdelay_c_ms=16.9059 ecn_mark=1875 drop=0
[QUEUE_STATS] t_ms=17200 q_pkts=9 q_bytes=13536 qdelay_l_ms=0 qdelay_c_ms=22.2231 ecn_mark=1876 drop=0
[QUEUE_STATS] t_ms=17216 q_pkts=9 q_bytes=13536 qdelay_l_ms=0 qdelay_c_ms=19.0626 ecn_mark=1876 drop=0
[QUEUE_STATS] t_ms=17232 q_pkts=9 q_bytes=13536 qdelay_l_ms=1.06739 qdelay_c_ms=17.9426 ecn_mark=1877 drop=0
[QUEUE_STATS] t_ms=17248 q_pkts=10 q_bytes=15040 qdelay_l_ms=1.06521 qdelay_c_ms=19.6715 ecn_mark=1878 drop=0
[QUEUE_STATS] t_ms=17264 q_pkts=10 q_bytes=15040 qdelay_l_ms=1.0686 qdelay_c_ms=21.8079 ecn_mark=1878 drop=0
[QUEUE_STATS] t_ms=17280 q_pkts=11 q_bytes=16544 qdelay_l_ms=1.07549 qdelay_c_ms=20.716 ecn_mark=1879 drop=0
[QUEUE_STATS] t_ms=17296 q_pkts=10 q_bytes=15040 qdelay_l_ms=0.481826 qdelay_c_ms=22.2423 ecn_mark=1880 drop=0
[QUEUE_STATS] t_ms=17312 q_pkts=10 q_bytes=15040 qdelay_l_ms=0 qdelay_c_ms=26.0629 ecn_mark=1881 drop=0
[QUEUE_STATS] t_ms=17328 q_pkts=10 q_bytes=15040 qdelay_l_ms=0 qdelay_c_ms=23.3321 ecn_mark=1884 drop=0
[QUEUE_STATS] t_ms=17344 q_pkts=10 q_bytes=15040 qdelay_l_ms=0.01556 qdelay_c_ms=17.7463 ecn_mark=1886 drop=0
[QUEUE_STATS] t_ms=17360 q_pkts=9 q_bytes=13536 qdelay_l_ms=0 qdelay_c_ms=24.0196 ecn_mark=1886 drop=0
[QUEUE_STATS] t_ms=17376 q_pkts=12 q_bytes=18048 qdelay_l_ms=2.16449 qdelay_c_ms=22.3913 ecn_mark=1888 drop=0
[QUEUE_STATS] t_ms=17392 q_pkts=11 q_bytes=16544 qdelay_l_ms=1.55863 qdelay_c_ms=19.4702 ecn_mark=1890 drop=0
[QUEUE_STATS] t_ms=17408 q_pkts=11 q_bytes=16544 qdelay_l_ms=1.0743 qdelay_c_ms=26.8471 ecn_mark=1890 drop=0
[QUEUE_STATS] t_ms=17424 q_pkts=13 q_bytes=19552 qdelay_l_ms=1.08117 qdelay_c_ms=22.7461 ecn_mark=1891 drop=0
[QUEUE_STATS] t_ms=17440 q_pkts=13 q_bytes=19552 qdelay_l_ms=1.06359 qdelay_c_ms=31.8678 ecn_mark=1893 drop=0
[QUEUE_STATS] t_ms=17456 q_pkts=12 q_bytes=18048 qdelay_l_ms=1.0674 qdelay_c_ms=29.7092 ecn_mark=1893 drop=0
[QUEUE_STATS] t_ms=17472 q_pkts=14 q_bytes=21056 qdelay_l_ms=1.08547 qdelay_c_ms=32.0022 ecn_mark=1893 drop=0
[QUEUE_STATS] t_ms=17488 q_pkts=13 q_bytes=19552 qdelay_l_ms=1.0884 qdelay_c_ms=29.8514 ecn_mark=1893 drop=0
[QUEUE_STATS] t_ms=17504 q_pkts=15 q_bytes=22560 qdelay_l_ms=2.16852 qdelay_c_ms=36.5483 ecn_mark=1895 drop=0
[QUEUE_STATS] t_ms=17520 q_pkts=14 q_bytes=21056 qdelay_l_ms=2.13024 qdelay_c_ms=33.3062 ecn_mark=1896 drop=0
[QUEUE_STATS] t_ms=17536 q_pkts=16 q_bytes=24064 qdelay_l_ms=1.06515 qdelay_c_ms=38.06 ecn_mark=1897 drop=0
[QUEUE_STATS] t_ms=17552 q_pkts=16 q_bytes=24064 qdelay_l_ms=1.08237 qdelay_c_ms=43.9207 ecn_mark=1900 drop=0
[QUEUE_STATS] t_ms=17568 q_pkts=16 q_bytes=24064 qdelay_l_ms=2.34314 qdelay_c_ms=45.1613 ecn_mark=1901 drop=0
[QUEUE_STATS] t_ms=17584 q_pkts=16 q_bytes=24064 qdelay_l_ms=1.06539 qdelay_c_ms=50.662 ecn_mark=1903 drop=0
[QUEUE_STATS] t_ms=17600 q_pkts=16 q_bytes=24064 qdelay_l_ms=1.06608 qdelay_c_ms=50.2347 ecn_mark=1905 drop=0
[QUEUE_STATS] t_ms=17616 q_pkts=15 q_bytes=22560 qdelay_l_ms=1.07296 qdelay_c_ms=53.157 ecn_mark=1906 drop=0
[QUEUE_STATS] t_ms=17632 q_pkts=16 q_bytes=24064 qdelay_l_ms=1.08538 qdelay_c_ms=50.5953 ecn_mark=1908 drop=0
[QUEUE_STATS] t_ms=17648 q_pkts=16 q_bytes=24064 qdelay_l_ms=2.12728 qdelay_c_ms=47.334 ecn_mark=1908 drop=0
[QUEUE_STATS] t_ms=17664 q_pkts=18 q_bytes=27072 qdelay_l_ms=2.03768 qdelay_c_ms=45.5204 ecn_mark=1911 drop=0
[QUEUE_STATS] t_ms=17680 q_pkts=17 q_bytes=25568 qdelay_l_ms=1.0673 qdelay_c_ms=54.3703 ecn_mark=1913 drop=0
[QUEUE_STATS] t_ms=17696 q_pkts=17 q_bytes=25568 qdelay_l_ms=1.06301 qdelay_c_ms=57.3947 ecn_mark=1914 drop=0
[QUEUE_STATS] t_ms=17712 q_pkts=17 q_bytes=25568 qdelay_l_ms=1.07035 qdelay_c_ms=52.5324 ecn_mark=1914 drop=0
[QUEUE_STATS] t_ms=17728 q_pkts=17 q_bytes=25568 qdelay_l_ms=0 qdelay_c_ms=54.3779 ecn_mark=1915 drop=0
[QUEUE_STATS] t_ms=17744 q_pkts=17 q_bytes=25568 qdelay_l_ms=2.13328 qdelay_c_ms=48.5195 ecn_mark=1916 drop=0
[QUEUE_STATS] t_ms=17760 q_pkts=16 q_bytes=24064 qdelay_l_ms=2.13226 qdelay_c_ms=54.9258 ecn_mark=1918 drop=0
[QUEUE_STATS] t_ms=17776 q_pkts=18 q_bytes=27072 qdelay_l_ms=0 qdelay_c_ms=57.217 ecn_mark=1918 drop=0
[QUEUE_STATS] t_ms=17792 q_pkts=19 q_bytes=28576 qdelay_l_ms=0.856631 qdelay_c_ms=52.5025 ecn_mark=1919 drop=0
[QUEUE_STATS] t_ms=17808 q_pkts=20 q_bytes=30080 qdelay_l_ms=2.11024 qdelay_c_ms=57.2464 ecn_mark=1922 drop=0
[QUEUE_STATS] t_ms=17824 q_pkts=17 q_bytes=25568 qdelay_l_ms=0 qdelay_c_ms=62.6152 ecn_mark=1922 drop=0
[QUEUE_STATS] t_ms=17840 q_pkts=20 q_bytes=30080 qdelay_l_ms=1.06936 qdelay_c_ms=67.6525 ecn_mark=1926 drop=0
[QUEUE_STATS] t_ms=17856 q_pkts=16 q_bytes=24064 qdelay_l_ms=1.02822 qdelay_c_ms=66.8815 ecn_mark=1929 drop=0
[QUEUE_STATS] t_ms=17872 q_pkts=18 q_bytes=27072 qdelay_l_ms=0.61172 qdelay_c_ms=72.5656 ecn_mark=1932 drop=0
[QUEUE_STATS] t_ms=17888 q_pkts=19 q_bytes=28576 qdelay_l_ms=0.978941 qdelay_c_ms=74.34 ecn_mark=1935 drop=0
[QUEUE_STATS] t_ms=17904 q_pkts=19 q_bytes=28576 qdelay_l_ms=2.24777 qdelay_c_ms=66.03 ecn_mark=1936 drop=0
[QUEUE_STATS] t_ms=17920 q_pkts=18 q_bytes=27072 qdelay_l_ms=0 qdelay_c_ms=74.1576 ecn_mark=1939 drop=0
[QUEUE_STATS] t_ms=17936 q_pkts=18 q_bytes=27072 qdelay_l_ms=1.08208 qdelay_c_ms=69.6048 ecn_mark=1940 drop=0
[QUEUE_STATS] t_ms=17952 q_pkts=18 q_bytes=27072 qdelay_l_ms=2.14686 qdelay_c_ms=67.3807 ecn_mark=1941 drop=0
[QUEUE_STATS] t_ms=17968 q_pkts=20 q_bytes=30080 qdelay_l_ms=1.07365 qdelay_c_ms=69.447 ecn_mark=1943 drop=0
[QUEUE_STATS] t_ms=17984 q_pkts=20 q_bytes=30080 qdelay_l_ms=1.06554 qdelay_c_ms=67.3334 ecn_mark=1944 drop=0
[QUEUE_STATS] t_ms=18000 q_pkts=20 q_bytes=30080 qdelay_l_ms=1.07026 qdelay_c_ms=69.2005 ecn_mark=1946 drop=0
[QUEUE_STATS] t_ms=18016 q_pkts=20 q_bytes=30080 qdelay_l_ms=1.08146 qdelay_c_ms=74.3437 ecn_mark=1949 drop=0
[QUEUE_STATS] t_ms=18032 q_pkts=17 q_bytes=25568 qdelay_l_ms=0 qdelay_c_ms=70.6241 ecn_mark=1950 drop=0
[QUEUE_STATS] t_ms=18048 q_pkts=20 q_bytes=30080 qdelay_l_ms=2.12553 qdelay_c_ms=66.7719 ecn_mark=1953 drop=0
[QUEUE_STATS] t_ms=18064 q_pkts=19 q_bytes=28576 qdelay_l_ms=1.0722 qdelay_c_ms=70.2566 ecn_mark=1953 drop=0
[QUEUE_STATS] t_ms=18080 q_pkts=20 q_bytes=30080 qdelay_l_ms=1.01812 qdelay_c_ms=62.5578 ecn_mark=1957 drop=0
[QUEUE_STATS] t_ms=18096 q_pkts=19 q_bytes=28576 qdelay_l_ms=1.066 qdelay_c_ms=58.006 ecn_mark=1957 drop=0
[QUEUE_STATS] t_ms=18112 q_pkts=18 q_bytes=27072 qdelay_l_ms=1.06525 qdelay_c_ms=61.2249 ecn_mark=1958 drop=0
[QUEUE_STATS] t_ms=18128 q_pkts=21 q_bytes=31584 qdelay_l_ms=2.2665 qdelay_c_ms=61.2572 ecn_mark=1960 drop=0
[QUEUE_STATS] t_ms=18144 q_pkts=20 q_bytes=30080 qdelay_l_ms=1.07554 qdelay_c_ms=58.3975 ecn_mark=1961 drop=0
[QUEUE_STATS] t_ms=18160 q_pkts=19 q_bytes=28576 qdelay_l_ms=1.07352 qdelay_c_ms=63.3598 ecn_mark=1962 drop=0
[QUEUE_STATS] t_ms=18176 q_pkts=17 q_bytes=25568 qdelay_l_ms=2.01749 qdelay_c_ms=62.6454 ecn_mark=1964 drop=0
[QUEUE_STATS] t_ms=18192 q_pkts=17 q_bytes=25568 qdelay_l_ms=1.07401 qdelay_c_ms=67.1072 ecn_mark=1965 drop=0
[QUEUE_STATS] t_ms=18209 q_pkts=15 q_bytes=22560 qdelay_l_ms=2.18949 qdelay_c_ms=68.9024 ecn_mark=1965 drop=0
[QUEUE_STATS] t_ms=18224 q_pkts=12 q_bytes=18048 qdelay_l_ms=1.82855 qdelay_c_ms=59.8059 ecn_mark=1967 drop=0
[QUEUE_STATS] t_ms=18240 q_pkts=12 q_bytes=18048 qdelay_l_ms=0 qdelay_c_ms=64.8946 ecn_mark=1970 drop=0
[QUEUE_STATS] t_ms=18256 q_pkts=11 q_bytes=16544 qdelay_l_ms=0.681863 qdelay_c_ms=53.5719 ecn_mark=1971 drop=0
[QUEUE_STATS] t_ms=18272 q_pkts=12 q_bytes=18048 qdelay_l_ms=1.07314 qdelay_c_ms=38.9945 ecn_mark=1973 drop=0
[QUEUE_STATS] t_ms=18288 q_pkts=13 q_bytes=19552 qdelay_l_ms=1.07287 qdelay_c_ms=36.1017 ecn_mark=1975 drop=0
[QUEUE_STATS] t_ms=18304 q_pkts=12 q_bytes=18048 qdelay_l_ms=0 qdelay_c_ms=42.0906 ecn_mark=1976 drop=0
[QUEUE_STATS] t_ms=18320 q_pkts=12 q_bytes=18048 qdelay_l_ms=2.15545 qdelay_c_ms=34.3028 ecn_mark=1976 drop=0
[QUEUE_STATS] t_ms=18336 q_pkts=12 q_bytes=18048 qdelay_l_ms=0 qdelay_c_ms=46.5341 ecn_mark=1978 drop=0
[QUEUE_STATS] t_ms=18352 q_pkts=12 q_bytes=18048 qdelay_l_ms=1.07816 qdelay_c_ms=40.5584 ecn_mark=1978 drop=0
[QUEUE_STATS] t_ms=18368 q_pkts=14 q_bytes=21056 qdelay_l_ms=1.08669 qdelay_c_ms=41.0008 ecn_mark=1981 drop=0
[QUEUE_STATS] t_ms=18385 q_pkts=14 q_bytes=21056 qdelay_l_ms=1.09124 qdelay_c_ms=45.034 ecn_mark=1984 drop=0
[QUEUE_STATS] t_ms=18400 q_pkts=13 q_bytes=19552 qdelay_l_ms=1.06926 qdelay_c_ms=43.3198 ecn_mark=1988 drop=0
[QUEUE_STATS] t_ms=18416 q_pkts=13 q_bytes=19552 qdelay_l_ms=1.01239 qdelay_c_ms=41.7794 ecn_mark=1990 drop=0
[QUEUE_STATS] t_ms=18432 q_pkts=14 q_bytes=21056 qdelay_l_ms=1.07793 qdelay_c_ms=44.1316 ecn_mark=1992 drop=0
[QUEUE_STATS] t_ms=18448 q_pkts=13 q_bytes=19552 qdelay_l_ms=0 qdelay_c_ms=37.6995 ecn_mark=1993 drop=0
[QUEUE_STATS] t_ms=18464 q_pkts=13 q_bytes=19552 qdelay_l_ms=2.14352 qdelay_c_ms=35.7661 ecn_mark=1996 drop=0
[QUEUE_STATS] t_ms=18480 q_pkts=13 q_bytes=19552 qdelay_l_ms=0.395905 qdelay_c_ms=32.6866 ecn_mark=1998 drop=0
[QUEUE_STATS] t_ms=18496 q_pkts=15 q_bytes=22560 qdelay_l_ms=1.06738 qdelay_c_ms=34.3625 ecn_mark=2001 drop=0
[QUEUE_STATS] t_ms=18512 q_pkts=14 q_bytes=21056 qdelay_l_ms=1.0613 qdelay_c_ms=39.2573 ecn_mark=2002 drop=0
[QUEUE_STATS] t_ms=18528 q_pkts=13 q_bytes=19552 qdelay_l_ms=1.0795 qdelay_c_ms=32.9431 ecn_mark=2007 drop=0
[QUEUE_STATS] t_ms=18544 q_pkts=13 q_bytes=19552 qdelay_l_ms=1.07306 qdelay_c_ms=34.4825 ecn_mark=2008 drop=0
[QUEUE_STATS] t_ms=18560 q_pkts=13 q_bytes=19552 qdelay_l_ms=1.57593 qdelay_c_ms=31.9084 ecn_mark=2010 drop=0
[QUEUE_STATS] t_ms=18576 q_pkts=12 q_bytes=18048 qdelay_l_ms=0.352994 qdelay_c_ms=30.7905 ecn_mark=2010 drop=0
[QUEUE_STATS] t_ms=18592 q_pkts=13 q_bytes=19552 qdelay_l_ms=0 qdelay_c_ms=33.5063 ecn_mark=2012 drop=0
[QUEUE_STATS] t_ms=18608 q_pkts=12 q_bytes=18048 qdelay_l_ms=1.07205 qdelay_c_ms=30.1187 ecn_mark=2014 drop=0
[QUEUE_STATS] t_ms=18624 q_pkts=13 q_bytes=19552 qdelay_l_ms=0 qdelay_c_ms=36.4871 ecn_mark=2017 drop=0
[QUEUE_STATS] t_ms=18640 q_pkts=13 q_bytes=19552 qdelay_l_ms=0 qdelay_c_ms=26.435 ecn_mark=2019 drop=0
[QUEUE_STATS] t_ms=18656 q_pkts=12 q_bytes=18048 qdelay_l_ms=0 qdelay_c_ms=26.8336 ecn_mark=2019 drop=0
[QUEUE_STATS] t_ms=18672 q_pkts=12 q_bytes=18048 qdelay_l_ms=2.13634 qdelay_c_ms=26.3241 ecn_mark=2023 drop=0
[QUEUE_STATS] t_ms=18688 q_pkts=13 q_bytes=19552 qdelay_l_ms=0 qdelay_c_ms=29.0639 ecn_mark=2024 drop=0
[QUEUE_STATS] t_ms=18704 q_pkts=13 q_bytes=19552 qdelay_l_ms=1.07719 qdelay_c_ms=29.0345 ecn_mark=2025 drop=0
[QUEUE_STATS] t_ms=18720 q_pkts=13 q_bytes=19552 qdelay_l_ms=0 qdelay_c_ms=28.154 ecn_mark=2026 drop=0
[QUEUE_STATS] t_ms=18736 q_pkts=12 q_bytes=18048 qdelay_l_ms=2.17614 qdelay_c_ms=26.948 ecn_mark=2027 drop=0
[QUEUE_STATS] t_ms=18752 q_pkts=11 q_bytes=16544 qdelay_l_ms=0.900534 qdelay_c_ms=24.6813 ecn_mark=2027 drop=0
[QUEUE_STATS] t_ms=18768 q_pkts=12 q_bytes=18048 qdelay_l_ms=1.08702 qdelay_c_ms=22.6036 ecn_mark=2029 drop=0
[QUEUE_STATS] t_ms=18784 q_pkts=13 q_bytes=19552 qdelay_l_ms=0 qdelay_c_ms=29.3353 ecn_mark=2031 drop=0
[QUEUE_STATS] t_ms=18800 q_pkts=13 q_bytes=19552 qdelay_l_ms=1.05602 qdelay_c_ms=26.6018 ecn_mark=2033 drop=0
[QUEUE_STATS] t_ms=18816 q_pkts=13 q_bytes=19552 qdelay_l_ms=0 qdelay_c_ms=27.6583 ecn_mark=2036 drop=0
[QUEUE_STATS] t_ms=18832 q_pkts=13 q_bytes=19552 qdelay_l_ms=1.08077 qdelay_c_ms=26.2077 ecn_mark=2036 drop=0
[QUEUE_STATS] t_ms=18848 q_pkts=13 q_bytes=19552 qdelay_l_ms=0 qdelay_c_ms=27.601 ecn_mark=2037 drop=0
[QUEUE_STATS] t_ms=18864 q_pkts=14 q_bytes=21056 qdelay_l_ms=1.0759 qdelay_c_ms=31.1302 ecn_mark=2037 drop=0
[QUEUE_STATS] t_ms=18880 q_pkts=15 q_bytes=22560 qdelay_l_ms=1.08479 qdelay_c_ms=32.3402 ecn_mark=2037 drop=0
[QUEUE_STATS] t_ms=18896 q_pkts=15 q_bytes=22560 qdelay_l_ms=2.07767 qdelay_c_ms=30.0997 ecn_mark=2037 drop=0
[QUEUE_STATS] t_ms=18912 q_pkts=16 q_bytes=24064 qdelay_l_ms=1.04472 qdelay_c_ms=35.8608 ecn_mark=2038 drop=0
[QUEUE_STATS] t_ms=18928 q_pkts=16 q_bytes=24064 qdelay_l_ms=0 qdelay_c_ms=40.6385 ecn_mark=2042 drop=0
[QUEUE_STATS] t_ms=18944 q_pkts=14 q_bytes=21056 qdelay_l_ms=1.07269 qdelay_c_ms=36.9505 ecn_mark=2043 drop=0
[QUEUE_STATS] t_ms=18960 q_pkts=12 q_bytes=18048 qdelay_l_ms=1.07604 qdelay_c_ms=38.4603 ecn_mark=2043 drop=0
[QUEUE_STATS] t_ms=18976 q_pkts=12 q_bytes=18048 qdelay_l_ms=1.07382 qdelay_c_ms=37.3509 ecn_mark=2043 drop=0
[QUEUE_STATS] t_ms=18992 q_pkts=9 q_bytes=13536 qdelay_l_ms=1.07692 qdelay_c_ms=35.2487 ecn_mark=2045 drop=0
[QUEUE_STATS] t_ms=19008 q_pkts=10 q_bytes=15040 qdelay_l_ms=1.09259 qdelay_c_ms=34.1281 ecn_mark=2047 drop=0
[QUEUE_STATS] t_ms=19024 q_pkts=10 q_bytes=15040 qdelay_l_ms=0.81343 qdelay_c_ms=28.4844 ecn_mark=2049 drop=0
[QUEUE_STATS] t_ms=19040 q_pkts=11 q_bytes=16544 qdelay_l_ms=1.07546 qdelay_c_ms=26.3649 ecn_mark=2052 drop=0
[QUEUE_STATS] t_ms=19056 q_pkts=11 q_bytes=16544 qdelay_l_ms=1.07362 qdelay_c_ms=24.4015 ecn_mark=2053 drop=0
[QUEUE_STATS] t_ms=19072 q_pkts=10 q_bytes=15040 qdelay_l_ms=0 qdelay_c_ms=31.0723 ecn_mark=2056 drop=0
[QUEUE_STATS] t_ms=19088 q_pkts=9 q_bytes=13536 qdelay_l_ms=1.07262 qdelay_c_ms=23.9366 ecn_mark=2057 drop=0
[QUEUE_STATS] t_ms=19104 q_pkts=11 q_bytes=16544 qdelay_l_ms=2.15512 qdelay_c_ms=29.2408 ecn_mark=2058 drop=0
[QUEUE_STATS] t_ms=19120 q_pkts=11 q_bytes=16544 qdelay_l_ms=1.07352 qdelay_c_ms=26.7493 ecn_mark=2058 drop=0
[QUEUE_STATS] t_ms=19136 q_pkts=11 q_bytes=16544 qdelay_l_ms=1.07096 qdelay_c_ms=29.3997 ecn_mark=2059 drop=0
[QUEUE_STATS] t_ms=19152 q_pkts=11 q_bytes=16544 qdelay_l_ms=0.872952 qdelay_c_ms=23.1797 ecn_mark=2060 drop=0
[QUEUE_STATS] t_ms=19168 q_pkts=10 q_bytes=15040 qdelay_l_ms=1.08241 qdelay_c_ms=25.6143 ecn_mark=2062 drop=0
[QUEUE_STATS] t_ms=19184 q_pkts=11 q_bytes=16544 qdelay_l_ms=1.45731 qdelay_c_ms=27.9133 ecn_mark=2065 drop=0
[QUEUE_STATS] t_ms=19200 q_pkts=11 q_bytes=16544 qdelay_l_ms=1.07395 qdelay_c_ms=29.0307 ecn_mark=2066 drop=0
[QUEUE_STATS] t_ms=19216 q_pkts=12 q_bytes=18048 qdelay_l_ms=0 qdelay_c_ms=28.3651 ecn_mark=2066 drop=0
[QUEUE_STATS] t_ms=19232 q_pkts=10 q_bytes=15040 qdelay_l_ms=0 qdelay_c_ms=29.1142 ecn_mark=2066 drop=0
[QUEUE_STATS] t_ms=19248 q_pkts=10 q_bytes=15040 qdelay_l_ms=0 qdelay_c_ms=33.2748 ecn_mark=2068 drop=0
[QUEUE_STATS] t_ms=19264 q_pkts=12 q_bytes=18048 qdelay_l_ms=1.06545 qdelay_c_ms=31.9874 ecn_mark=2070 drop=0
[QUEUE_STATS] t_ms=19280 q_pkts=11 q_bytes=16544 qdelay_l_ms=1.07741 qdelay_c_ms=32.4428 ecn_mark=2071 drop=0
[QUEUE_STATS] t_ms=19296 q_pkts=13 q_bytes=19552 qdelay_l_ms=1.0417 qdelay_c_ms=36.8072 ecn_mark=2071 drop=0
[QUEUE_STATS] t_ms=19312 q_pkts=13 q_bytes=19552 qdelay_l_ms=1.07692 qdelay_c_ms=30.391 ecn_mark=2071 drop=0
[QUEUE_STATS] t_ms=19328 q_pkts=14 q_bytes=21056 qdelay_l_ms=1.07115 qdelay_c_ms=35.3306 ecn_mark=2073 drop=0
[QUEUE_STATS] t_ms=19344 q_pkts=14 q_bytes=21056 qdelay_l_ms=2.13033 qdelay_c_ms=37.572 ecn_mark=2077 drop=0
[QUEUE_STATS] t_ms=19360 q_pkts=14 q_bytes=21056 qdelay_l_ms=1.08386 qdelay_c_ms=40.7561 ecn_mark=2078 drop=0
[QUEUE_STATS] t_ms=19376 q_pkts=13 q_bytes=19552 qdelay_l_ms=1.07517 qdelay_c_ms=35.7567 ecn_mark=2081 drop=0
[QUEUE_STATS] t_ms=19392 q_pkts=13 q_bytes=19552 qdelay_l_ms=1.07868 qdelay_c_ms=34.9727 ecn_mark=2081 drop=0
[QUEUE_STATS] t_ms=19408 q_pkts=13 q_bytes=19552 qdelay_l_ms=1.08728 qdelay_c_ms=37.9204 ecn_mark=2082 drop=0
[QUEUE_STATS] t_ms=19424 q_pkts=14 q_bytes=21056 qdelay_l_ms=1.08593 qdelay_c_ms=34.8669 ecn_mark=2082 drop=0
[QUEUE_STATS] t_ms=19440 q_pkts=13 q_bytes=19552 qdelay_l_ms=2.14641 qdelay_c_ms=33.1661 ecn_mark=2085 drop=0
[QUEUE_STATS] t_ms=19456 q_pkts=13 q_bytes=19552 qdelay_l_ms=0 qdelay_c_ms=34.7294 ecn_mark=2088 drop=0
[QUEUE_STATS] t_ms=19472 q_pkts=13 q_bytes=19552 qdelay_l_ms=0 qdelay_c_ms=34.1269 ecn_mark=2090 drop=0
[QUEUE_STATS] t_ms=19488 q_pkts=13 q_bytes=19552 qdelay_l_ms=1.07814 qdelay_c_ms=36.4498 ecn_mark=2093 drop=0
[QUEUE_STATS] t_ms=19504 q_pkts=13 q_bytes=19552 qdelay_l_ms=2.14278 qdelay_c_ms=35.6643 ecn_mark=2094 drop=0
[QUEUE_STATS] t_ms=19520 q_pkts=15 q_bytes=22560 qdelay_l_ms=2.0837 qdelay_c_ms=36.8013 ecn_mark=2095 drop=0
[QUEUE_STATS] t_ms=19536 q_pkts=14 q_bytes=21056 qdelay_l_ms=0 qdelay_c_ms=39.0921 ecn_mark=2096 drop=0
[QUEUE_STATS] t_ms=19552 q_pkts=16 q_bytes=24064 qdelay_l_ms=1.05471 qdelay_c_ms=45.2267 ecn_mark=2097 drop=0
[QUEUE_STATS] t_ms=19568 q_pkts=14 q_bytes=21056 qdelay_l_ms=0 qdelay_c_ms=41.4647 ecn_mark=2098 drop=0
[QUEUE_STATS] t_ms=19584 q_pkts=14 q_bytes=21056 qdelay_l_ms=1.05982 qdelay_c_ms=37.3318 ecn_mark=2098 drop=0
[QUEUE_STATS] t_ms=19600 q_pkts=15 q_bytes=22560 qdelay_l_ms=1.07843 qdelay_c_ms=41.7912 ecn_mark=2099 drop=0
[QUEUE_STATS] t_ms=19616 q_pkts=14 q_bytes=21056 qdelay_l_ms=0 qdelay_c_ms=41.887 ecn_mark=2101 drop=0
[QUEUE_STATS] t_ms=19632 q_pkts=16 q_bytes=24064 qdelay_l_ms=0 qdelay_c_ms=44.6164 ecn_mark=2102 drop=0
[QUEUE_STATS] t_ms=19648 q_pkts=15 q_bytes=22560 qdelay_l_ms=1.06139 qdelay_c_ms=43.0717 ecn_mark=2103 drop=0
[QUEUE_STATS] t_ms=19664 q_pkts=16 q_bytes=24064 qdelay_l_ms=2.19021 qdelay_c_ms=39.4368 ecn_mark=2104 drop=0
[QUEUE_STATS] t_ms=19680 q_pkts=16 q_bytes=24064 qdelay_l_ms=1.07172 qdelay_c_ms=43.2064 ecn_mark=2105 drop=0
[QUEUE_STATS] t_ms=19696 q_pkts=17 q_bytes=25568 qdelay_l_ms=1.0652 qdelay_c_ms=45.447 ecn_mark=2106 drop=0
[QUEUE_STATS] t_ms=19712 q_pkts=17 q_bytes=25568 qdelay_l_ms=1.08003 qdelay_c_ms=53.4981 ecn_mark=2110 drop=0
[QUEUE_STATS] t_ms=19728 q_pkts=17 q_bytes=25568 qdelay_l_ms=1.07545 qdelay_c_ms=52.0741 ecn_mark=2112 drop=0
[QUEUE_STATS] t_ms=19744 q_pkts=15 q_bytes=22560 qdelay_l_ms=2.13461 qdelay_c_ms=50.5332 ecn_mark=2113 drop=0
[QUEUE_STATS] t_ms=19760 q_pkts=19 q_bytes=28576 qdelay_l_ms=1.04717 qdelay_c_ms=50.6691 ecn_mark=2113 drop=0
[QUEUE_STATS] t_ms=19776 q_pkts=18 q_bytes=27072 qdelay_l_ms=1.08166 qdelay_c_ms=55.1336 ecn_mark=2116 drop=0
[QUEUE_STATS] t_ms=19792 q_pkts=18 q_bytes=27072 qdelay_l_ms=1.30588 qdelay_c_ms=47.5212 ecn_mark=2117 drop=0
[QUEUE_STATS] t_ms=19808 q_pkts=18 q_bytes=27072 qdelay_l_ms=1.07794 qdelay_c_ms=61.1792 ecn_mark=2117 drop=0
[QUEUE_STATS] t_ms=19824 q_pkts=19 q_bytes=28576 qdelay_l_ms=1.08589 qdelay_c_ms=55.1508 ecn_mark=2118 drop=0
[QUEUE_STATS] t_ms=19840 q_pkts=19 q_bytes=28576 qdelay_l_ms=1.72128 qdelay_c_ms=56.5202 ecn_mark=2119 drop=0
[QUEUE_STATS] t_ms=19856 q_pkts=19 q_bytes=28576 qdelay_l_ms=1.0669 qdelay_c_ms=62.0607 ecn_mark=2122 drop=0
[QUEUE_STATS] t_ms=19872 q_pkts=18 q_bytes=27072 qdelay_l_ms=1.07584 qdelay_c_ms=63.508 ecn_mark=2124 drop=0
[QUEUE_STATS] t_ms=19888 q_pkts=17 q_bytes=25568 qdelay_l_ms=0 qdelay_c_ms=64.8553 ecn_mark=2125 drop=0
[QUEUE_STATS] t_ms=19904 q_pkts=17 q_bytes=25568 qdelay_l_ms=2.13213 qdelay_c_ms=57.6381 ecn_mark=2127 drop=0
[QUEUE_STATS] t_ms=19920 q_pkts=17 q_bytes=25568 qdelay_l_ms=1.07406 qdelay_c_ms=60.1186 ecn_mark=2128 drop=0
[QUEUE_STATS] t_ms=19936 q_pkts=17 q_bytes=25568 qdelay_l_ms=0 qdelay_c_ms=58.0384 ecn_mark=2129 drop=0
[QUEUE_STATS] t_ms=19952 q_pkts=19 q_bytes=28576 qdelay_l_ms=2.15612 qdelay_c_ms=58.9654 ecn_mark=2132 drop=0
[QUEUE_STATS] t_ms=19968 q_pkts=20 q_bytes=30080 qdelay_l_ms=2.34009 qdelay_c_ms=58.7459 ecn_mark=2135 drop=0
[QUEUE_STATS] t_ms=19984 q_pkts=19 q_bytes=28576 qdelay_l_ms=0 qdelay_c_ms=63.8883 ecn_mark=2137 drop=0
[QUEUE_STATS] t_ms=20000 q_pkts=20 q_bytes=30080 qdelay_l_ms=1.07119 qdelay_c_ms=60.2122 ecn_mark=2139 drop=0
[QUEUE_STATS] t_ms=20016 q_pkts=19 q_bytes=28576 qdelay_l_ms=1.07899 qdelay_c_ms=61.6541 ecn_mark=2141 drop=0
[QUEUE_STATS] t_ms=20032 q_pkts=19 q_bytes=28576 qdelay_l_ms=1.06827 qdelay_c_ms=67.2871 ecn_mark=2142 drop=0
[QUEUE_STATS] t_ms=20048 q_pkts=19 q_bytes=28576 qdelay_l_ms=0 qdelay_c_ms=65.9956 ecn_mark=2144 drop=0
[QUEUE_STATS] t_ms=20064 q_pkts=18 q_bytes=27072 qdelay_l_ms=1.06742 qdelay_c_ms=59.4657 ecn_mark=2144 drop=0
[QUEUE_STATS] t_ms=20080 q_pkts=21 q_bytes=31584 qdelay_l_ms=1.07439 qdelay_c_ms=60.9977 ecn_mark=2146 drop=0
[QUEUE_STATS] t_ms=20096 q_pkts=20 q_bytes=30080 qdelay_l_ms=1.06845 qdelay_c_ms=63.6113 ecn_mark=2147 drop=0
[QUEUE_STATS] t_ms=20112 q_pkts=20 q_bytes=30080 qdelay_l_ms=1.07186 qdelay_c_ms=58.4018 ecn_mark=2149 drop=0
[QUEUE_STATS] t_ms=20128 q_pkts=20 q_bytes=30080 qdelay_l_ms=2.03738 qdelay_c_ms=60.3343 ecn_mark=2152 drop=0
[QUEUE_STATS] t_ms=20144 q_pkts=20 q_bytes=30080 qdelay_l_ms=1.06645 qdelay_c_ms=67.4687 ecn_mark=2156 drop=0
[QUEUE_STATS] t_ms=20160 q_pkts=20 q_bytes=30080 qdelay_l_ms=0.058901 qdelay_c_ms=66.9789 ecn_mark=2159 drop=0
[QUEUE_STATS] t_ms=20176 q_pkts=19 q_bytes=28576 qdelay_l_ms=2.12724 qdelay_c_ms=69.6476 ecn_mark=2160 drop=0
[QUEUE_STATS] t_ms=20192 q_pkts=20 q_bytes=30080 qdelay_l_ms=0 qdelay_c_ms=71.9069 ecn_mark=2160 drop=0
[QUEUE_STATS] t_ms=20208 q_pkts=21 q_bytes=31584 qdelay_l_ms=1.0812 qdelay_c_ms=74.1507 ecn_mark=2160 drop=0
[QUEUE_STATS] t_ms=20224 q_pkts=21 q_bytes=31584 qdelay_l_ms=2.86003 qdelay_c_ms=65.2838 ecn_mark=2161 drop=0
[QUEUE_STATS] t_ms=20240 q_pkts=21 q_bytes=31584 qdelay_l_ms=2.34563 qdelay_c_ms=74.8175 ecn_mark=2161 drop=0
[QUEUE_STATS] t_ms=20256 q_pkts=20 q_bytes=30080 qdelay_l_ms=1.06679 qdelay_c_ms=72.7648 ecn_mark=2163 drop=0
[QUEUE_STATS] t_ms=20272 q_pkts=22 q_bytes=33088 qdelay_l_ms=1.08954 qdelay_c_ms=70.5763 ecn_mark=2164 drop=0
[QUEUE_STATS] t_ms=20288 q_pkts=22 q_bytes=33088 qdelay_l_ms=1.08677 qdelay_c_ms=74.7139 ecn_mark=2165 drop=0
[QUEUE_STATS] t_ms=20304 q_pkts=22 q_bytes=33088 qdelay_l_ms=0.216287 qdelay_c_ms=76.7365 ecn_mark=2167 drop=0
[QUEUE_STATS] t_ms=20320 q_pkts=21 q_bytes=31584 qdelay_l_ms=2.13195 qdelay_c_ms=76.0458 ecn_mark=2170 drop=0
[QUEUE_STATS] t_ms=20336 q_pkts=21 q_bytes=31584 qdelay_l_ms=2.32575 qdelay_c_ms=74.1605 ecn_mark=2173 drop=0
[QUEUE_STATS] t_ms=20352 q_pkts=21 q_bytes=31584 qdelay_l_ms=0 qdelay_c_ms=75.5061 ecn_mark=2174 drop=0
[QUEUE_STATS] t_ms=20368 q_pkts=20 q_bytes=30080 qdelay_l_ms=1.07244 qdelay_c_ms=67.5192 ecn_mark=2174 drop=0
[QUEUE_STATS] t_ms=20384 q_pkts=20 q_bytes=30080 qdelay_l_ms=2.09857 qdelay_c_ms=69.1212 ecn_mark=2175 drop=0
[QUEUE_STATS] t_ms=20400 q_pkts=20 q_bytes=30080 qdelay_l_ms=1.05977 qdelay_c_ms=72.4221 ecn_mark=2178 drop=0
[QUEUE_STATS] t_ms=20416 q_pkts=21 q_bytes=31584 qdelay_l_ms=1.07454 qdelay_c_ms=67.4096 ecn_mark=2180 drop=0
[QUEUE_STATS] t_ms=20432 q_pkts=22 q_bytes=33088 qdelay_l_ms=2.15481 qdelay_c_ms=70.6176 ecn_mark=2182 drop=0
[QUEUE_STATS] t_ms=20449 q_pkts=23 q_bytes=34592 qdelay_l_ms=1.08159 qdelay_c_ms=75.0196 ecn_mark=2186 drop=0
[QUEUE_STATS] t_ms=20464 q_pkts=23 q_bytes=34592 qdelay_l_ms=2.08397 qdelay_c_ms=76.1639 ecn_mark=2188 drop=0
[QUEUE_STATS] t_ms=20480 q_pkts=23 q_bytes=34592 qdelay_l_ms=2.4144 qdelay_c_ms=77.6125 ecn_mark=2190 drop=0
[QUEUE_STATS] t_ms=20496 q_pkts=23 q_bytes=34592 qdelay_l_ms=1.07265 qdelay_c_ms=79.8419 ecn_mark=2192 drop=0
[QUEUE_STATS] t_ms=20512 q_pkts=23 q_bytes=34592 qdelay_l_ms=1.06678 qdelay_c_ms=84.3775 ecn_mark=2195 drop=0
[QUEUE_STATS] t_ms=20528 q_pkts=22 q_bytes=33088 qdelay_l_ms=1.08413 qdelay_c_ms=78.3332 ecn_mark=2197 drop=0
[QUEUE_STATS] t_ms=20544 q_pkts=20 q_bytes=30080 qdelay_l_ms=2.11893 qdelay_c_ms=80.6004 ecn_mark=2199 drop=0
[QUEUE_STATS] t_ms=20560 q_pkts=22 q_bytes=33088 qdelay_l_ms=1.09097 qdelay_c_ms=80.2001 ecn_mark=2200 drop=0
[QUEUE_STATS] t_ms=20576 q_pkts=21 q_bytes=31584 qdelay_l_ms=0 qdelay_c_ms=72.225 ecn_mark=2204 drop=0
[QUEUE_STATS] t_ms=20592 q_pkts=20 q_bytes=30080 qdelay_l_ms=1.0677 qdelay_c_ms=68.5893 ecn_mark=2206 drop=0
[QUEUE_STATS] t_ms=20608 q_pkts=22 q_bytes=33088 qdelay_l_ms=1.06526 qdelay_c_ms=72.5565 ecn_mark=2209 drop=0
[QUEUE_STATS] t_ms=20624 q_pkts=21 q_bytes=31584 qdelay_l_ms=1.07119 qdelay_c_ms=65.7158 ecn_mark=2210 drop=0
[QUEUE_STATS] t_ms=20640 q_pkts=20 q_bytes=30080 qdelay_l_ms=1.06128 qdelay_c_ms=66.0708 ecn_mark=2211 drop=0
[QUEUE_STATS] t_ms=20656 q_pkts=18 q_bytes=27072 qdelay_l_ms=0 qdelay_c_ms=64.272 ecn_mark=2212 drop=0
[QUEUE_STATS] t_ms=20672 q_pkts=15 q_bytes=22560 qdelay_l_ms=2.13936 qdelay_c_ms=62.5928 ecn_mark=2213 drop=0
[QUEUE_STATS] t_ms=20688 q_pkts=13 q_bytes=19552 qdelay_l_ms=1.06662 qdelay_c_ms=50.77 ecn_mark=2213 drop=0
[QUEUE_STATS] t_ms=20704 q_pkts=12 q_bytes=18048 qdelay_l_ms=0.252505 qdelay_c_ms=39.9722 ecn_mark=2215 drop=0
[QUEUE_STATS] t_ms=20720 q_pkts=12 q_bytes=18048 qdelay_l_ms=1.05219 qdelay_c_ms=42.6943 ecn_mark=2218 drop=0
[QUEUE_STATS] t_ms=20736 q_pkts=13 q_bytes=19552 qdelay_l_ms=1.06399 qdelay_c_ms=36.5908 ecn_mark=2222 drop=0
[QUEUE_STATS] t_ms=20752 q_pkts=13 q_bytes=19552 qdelay_l_ms=2.56527 qdelay_c_ms=30.5156 ecn_mark=2222 drop=0
[QUEUE_STATS] t_ms=20768 q_pkts=14 q_bytes=21056 qdelay_l_ms=1.06901 qdelay_c_ms=33.683 ecn_mark=2223 drop=0
[QUEUE_STATS] t_ms=20784 q_pkts=13 q_bytes=19552 qdelay_l_ms=1.03059 qdelay_c_ms=34.0374 ecn_mark=2224 drop=0
[QUEUE_STATS] t_ms=20800 q_pkts=13 q_bytes=19552 qdelay_l_ms=1.06892 qdelay_c_ms=34.222 ecn_mark=2224 drop=0
[QUEUE_STATS] t_ms=20816 q_pkts=14 q_bytes=21056 qdelay_l_ms=0 qdelay_c_ms=34.2216 ecn_mark=2226 drop=0
[QUEUE_STATS] t_ms=20832 q_pkts=15 q_bytes=22560 qdelay_l_ms=0 qdelay_c_ms=39.0719 ecn_mark=2226 drop=0
[QUEUE_STATS] t_ms=20848 q_pkts=14 q_bytes=21056 qdelay_l_ms=0 qdelay_c_ms=38.0805 ecn_mark=2226 drop=0
[QUEUE_STATS] t_ms=20864 q_pkts=15 q_bytes=22560 qdelay_l_ms=1.07604 qdelay_c_ms=40.9354 ecn_mark=2227 drop=0
[QUEUE_STATS] t_ms=20880 q_pkts=15 q_bytes=22560 qdelay_l_ms=1.08599 qdelay_c_ms=35.0607 ecn_mark=2229 drop=0
[QUEUE_STATS] t_ms=20897 q_pkts=15 q_bytes=22560 qdelay_l_ms=0 qdelay_c_ms=39.7131 ecn_mark=2231 drop=0
[QUEUE_STATS] t_ms=20912 q_pkts=13 q_bytes=19552 qdelay_l_ms=1.06753 qdelay_c_ms=40.6498 ecn_mark=2233 drop=0
[QUEUE_STATS] t_ms=20928 q_pkts=16 q_bytes=24064 qdelay_l_ms=0 qdelay_c_ms=37.8951 ecn_mark=2235 drop=0
[QUEUE_STATS] t_ms=20944 q_pkts=15 q_bytes=22560 qdelay_l_ms=0 qdelay_c_ms=43.3465 ecn_mark=2236 drop=0
[QUEUE_STATS] t_ms=20960 q_pkts=15 q_bytes=22560 qdelay_l_ms=1.07134 qdelay_c_ms=42.1254 ecn_mark=2239 drop=0
[QUEUE_STATS] t_ms=20976 q_pkts=15 q_bytes=22560 qdelay_l_ms=1.09177 qdelay_c_ms=41.1586 ecn_mark=2239 drop=0
[QUEUE_STATS] t_ms=20992 q_pkts=17 q_bytes=25568 qdelay_l_ms=1.06783 qdelay_c_ms=43.4103 ecn_mark=2239 drop=0
[QUEUE_STATS] t_ms=21008 q_pkts=18 q_bytes=27072 qdelay_l_ms=1.06307 qdelay_c_ms=47.2149 ecn_mark=2242 drop=0
[QUEUE_STATS] t_ms=21024 q_pkts=17 q_bytes=25568 qdelay_l_ms=1.07678 qdelay_c_ms=48.037 ecn_mark=2242 drop=0
[QUEUE_STATS] t_ms=21041 q_pkts=17 q_bytes=25568 qdelay_l_ms=1.10487 qdelay_c_ms=50.8736 ecn_mark=2242 drop=0
[QUEUE_STATS] t_ms=21056 q_pkts=18 q_bytes=27072 qdelay_l_ms=1.06632 qdelay_c_ms=55.477 ecn_mark=2243 drop=0
[QUEUE_STATS] t_ms=21073 q_pkts=18 q_bytes=27072 qdelay_l_ms=1.07966 qdelay_c_ms=56.2388 ecn_mark=2245 drop=0
[QUEUE_STATS] t_ms=21088 q_pkts=18 q_bytes=27072 qdelay_l_ms=2.14649 qdelay_c_ms=58.0035 ecn_mark=2249 drop=0
[QUEUE_STATS] t_ms=21104 q_pkts=17 q_bytes=25568 qdelay_l_ms=0 qdelay_c_ms=63.2631 ecn_mark=2249 drop=0
[QUEUE_STATS] t_ms=21120 q_pkts=16 q_bytes=24064 qdelay_l_ms=1.04502 qdelay_c_ms=63.1348 ecn_mark=2250 drop=0
[QUEUE_STATS] t_ms=21136 q_pkts=14 q_bytes=21056 qdelay_l_ms=2.3287 qdelay_c_ms=57.1152 ecn_mark=2250 drop=0
[QUEUE_STATS] t_ms=21152 q_pkts=13 q_bytes=19552 qdelay_l_ms=1.06724 qdelay_c_ms=60.3541 ecn_mark=2250 drop=0
[QUEUE_STATS] t_ms=21168 q_pkts=11 q_bytes=16544 qdelay_l_ms=0 qdelay_c_ms=56.1658 ecn_mark=2252 drop=0
[QUEUE_STATS] t_ms=21184 q_pkts=12 q_bytes=18048 qdelay_l_ms=1.06393 qdelay_c_ms=42.4982 ecn_mark=2253 drop=0
[QUEUE_STATS] t_ms=21200 q_pkts=11 q_bytes=16544 qdelay_l_ms=1.04776 qdelay_c_ms=38.2175 ecn_mark=2256 drop=0
[QUEUE_STATS] t_ms=21217 q_pkts=12 q_bytes=18048 qdelay_l_ms=1.10543 qdelay_c_ms=37.8113 ecn_mark=2257 drop=0
[QUEUE_STATS] t_ms=21232 q_pkts=12 q_bytes=18048 qdelay_l_ms=2.1345 qdelay_c_ms=40.2323 ecn_mark=2259 drop=0
[QUEUE_STATS] t_ms=21248 q_pkts=13 q_bytes=19552 qdelay_l_ms=1.06998 qdelay_c_ms=43.0167 ecn_mark=2259 drop=0
[QUEUE_STATS] t_ms=21264 q_pkts=13 q_bytes=19552 qdelay_l_ms=1.06448 qdelay_c_ms=40.8452 ecn_mark=2261 drop=0
[QUEUE_STATS] t_ms=21280 q_pkts=13 q_bytes=19552 qdelay_l_ms=1.06645 qdelay_c_ms=40.4646 ecn_mark=2261 drop=0
[QUEUE_STATS] t_ms=21296 q_pkts=12 q_bytes=18048 qdelay_l_ms=1.07281 qdelay_c_ms=45.3891 ecn_mark=2264 drop=0
[QUEUE_STATS] t_ms=21312 q_pkts=12 q_bytes=18048 qdelay_l_ms=1.0913 qdelay_c_ms=48.023 ecn_mark=2264 drop=0
[QUEUE_STATS] t_ms=21328 q_pkts=12 q_bytes=18048 qdelay_l_ms=1.06618 qdelay_c_ms=40.0328 ecn_mark=2267 drop=0
[QUEUE_STATS] t_ms=21344 q_pkts=12 q_bytes=18048 qdelay_l_ms=1.09846 qdelay_c_ms=45.0222 ecn_mark=2268 drop=0
[QUEUE_STATS] t_ms=21360 q_pkts=13 q_bytes=19552 qdelay_l_ms=1.06741 qdelay_c_ms=41.9483 ecn_mark=2270 drop=0
[QUEUE_STATS] t_ms=21376 q_pkts=13 q_bytes=19552 qdelay_l_ms=1.03516 qdelay_c_ms=41.67 ecn_mark=2272 drop=0
[QUEUE_STATS] t_ms=21392 q_pkts=12 q_bytes=18048 qdelay_l_ms=2.15254 qdelay_c_ms=44.6837 ecn_mark=2275 drop=0
[QUEUE_STATS] t_ms=21408 q_pkts=12 q_bytes=18048 qdelay_l_ms=1.09097 qdelay_c_ms=40.9007 ecn_mark=2276 drop=0
[QUEUE_STATS] t_ms=21425 q_pkts=14 q_bytes=21056 qdelay_l_ms=1.07835 qdelay_c_ms=41.3094 ecn_mark=2277 drop=0
[QUEUE_STATS] t_ms=21440 q_pkts=13 q_bytes=19552 qdelay_l_ms=3.23679 qdelay_c_ms=41.0659 ecn_mark=2280 drop=0
[QUEUE_STATS] t_ms=21456 q_pkts=14 q_bytes=21056 qdelay_l_ms=0 qdelay_c_ms=46.7978 ecn_mark=2283 drop=0
[QUEUE_STATS] t_ms=21472 q_pkts=13 q_bytes=19552 qdelay_l_ms=0 qdelay_c_ms=49.6915 ecn_mark=2284 drop=0
[QUEUE_STATS] t_ms=21488 q_pkts=14 q_bytes=21056 qdelay_l_ms=2.15085 qdelay_c_ms=43.8505 ecn_mark=2284 drop=0
[QUEUE_STATS] t_ms=21504 q_pkts=13 q_bytes=19552 qdelay_l_ms=1.05658 qdelay_c_ms=47.7271 ecn_mark=2286 drop=0
[QUEUE_STATS] t_ms=21520 q_pkts=13 q_bytes=19552 qdelay_l_ms=0 qdelay_c_ms=49.187 ecn_mark=2288 drop=0
[QUEUE_STATS] t_ms=21536 q_pkts=13 q_bytes=19552 qdelay_l_ms=2.15173 qdelay_c_ms=43.6756 ecn_mark=2289 drop=0
[QUEUE_STATS] t_ms=21552 q_pkts=12 q_bytes=18048 qdelay_l_ms=1.07987 qdelay_c_ms=45.0038 ecn_mark=2290 drop=0
[QUEUE_STATS] t_ms=21568 q_pkts=15 q_bytes=22560 qdelay_l_ms=1.08135 qdelay_c_ms=45.2706 ecn_mark=2292 drop=0
[QUEUE_STATS] t_ms=21584 q_pkts=14 q_bytes=21056 qdelay_l_ms=1.04057 qdelay_c_ms=43.3275 ecn_mark=2293 drop=0
[QUEUE_STATS] t_ms=21600 q_pkts=14 q_bytes=21056 qdelay_l_ms=1.07334 qdelay_c_ms=38.5422 ecn_mark=2294 drop=0
[QUEUE_STATS] t_ms=21616 q_pkts=12 q_bytes=18048 qdelay_l_ms=0 qdelay_c_ms=45.1777 ecn_mark=2296 drop=0
[QUEUE_STATS] t_ms=21632 q_pkts=14 q_bytes=21056 qdelay_l_ms=1.08515 qdelay_c_ms=39.8119 ecn_mark=2298 drop=0
[QUEUE_STATS] t_ms=21648 q_pkts=14 q_bytes=21056 qdelay_l_ms=2.11345 qdelay_c_ms=42.3837 ecn_mark=2299 drop=0
[QUEUE_STATS] t_ms=21664 q_pkts=13 q_bytes=19552 qdelay_l_ms=1.08326 qdelay_c_ms=46.4926 ecn_mark=2303 drop=0
[QUEUE_STATS] t_ms=21680 q_pkts=14 q_bytes=21056 qdelay_l_ms=1.07561 qdelay_c_ms=36.0995 ecn_mark=2303 drop=0
[QUEUE_STATS] t_ms=21696 q_pkts=13 q_bytes=19552 qdelay_l_ms=1.08253 qdelay_c_ms=44.2489 ecn_mark=2304 drop=0
[QUEUE_STATS] t_ms=21712 q_pkts=16 q_bytes=24064 qdelay_l_ms=2.15216 qdelay_c_ms=40.558 ecn_mark=2304 drop=0
[QUEUE_STATS] t_ms=21728 q_pkts=15 q_bytes=22560 qdelay_l_ms=2.29835 qdelay_c_ms=41.5204 ecn_mark=2308 drop=0
[QUEUE_STATS] t_ms=21744 q_pkts=14 q_bytes=21056 qdelay_l_ms=2.16617 qdelay_c_ms=47.816 ecn_mark=2310 drop=0
[QUEUE_STATS] t_ms=21760 q_pkts=14 q_bytes=21056 qdelay_l_ms=0 qdelay_c_ms=51.9145 ecn_mark=2313 drop=0
[QUEUE_STATS] t_ms=21776 q_pkts=16 q_bytes=24064 qdelay_l_ms=2.30714 qdelay_c_ms=43.8961 ecn_mark=2313 drop=0
[QUEUE_STATS] t_ms=21792 q_pkts=14 q_bytes=21056 qdelay_l_ms=0 qdelay_c_ms=47.8828 ecn_mark=2314 drop=0
[QUEUE_STATS] t_ms=21808 q_pkts=16 q_bytes=24064 qdelay_l_ms=0 qdelay_c_ms=50.7505 ecn_mark=2315 drop=0
[QUEUE_STATS] t_ms=21824 q_pkts=16 q_bytes=24064 qdelay_l_ms=0 qdelay_c_ms=53.0433 ecn_mark=2315 drop=0
[QUEUE_STATS] t_ms=21840 q_pkts=16 q_bytes=24064 qdelay_l_ms=1.04473 qdelay_c_ms=46.5368 ecn_mark=2317 drop=0
[QUEUE_STATS] t_ms=21856 q_pkts=15 q_bytes=22560 qdelay_l_ms=0 qdelay_c_ms=48.5298 ecn_mark=2319 drop=0
[QUEUE_STATS] t_ms=21872 q_pkts=16 q_bytes=24064 qdelay_l_ms=1.0574 qdelay_c_ms=53.3952 ecn_mark=2320 drop=0
[QUEUE_STATS] t_ms=21888 q_pkts=16 q_bytes=24064 qdelay_l_ms=2.11868 qdelay_c_ms=49.0747 ecn_mark=2321 drop=0
[QUEUE_STATS] t_ms=21904 q_pkts=15 q_bytes=22560 qdelay_l_ms=1.70654 qdelay_c_ms=51.2904 ecn_mark=2323 drop=0
[QUEUE_STATS] t_ms=21920 q_pkts=15 q_bytes=22560 qdelay_l_ms=0 qdelay_c_ms=51.4183 ecn_mark=2326 drop=0
[QUEUE_STATS] t_ms=21936 q_pkts=16 q_bytes=24064 qdelay_l_ms=2.12518 qdelay_c_ms=53.9555 ecn_mark=2330 drop=0
[QUEUE_STATS] t_ms=21952 q_pkts=16 q_bytes=24064 qdelay_l_ms=1.0679 qdelay_c_ms=57.2686 ecn_mark=2331 drop=0
[QUEUE_STATS] t_ms=21968 q_pkts=16 q_bytes=24064 qdelay_l_ms=0 qdelay_c_ms=53.1317 ecn_mark=2331 drop=0
[QUEUE_STATS] t_ms=21984 q_pkts=16 q_bytes=24064 qdelay_l_ms=1.08001 qdelay_c_ms=50.5182 ecn_mark=2331 drop=0
[QUEUE_STATS] t_ms=22000 q_pkts=17 q_bytes=25568 qdelay_l_ms=2.15572 qdelay_c_ms=55.6815 ecn_mark=2335 drop=0
[QUEUE_STATS] t_ms=22016 q_pkts=16 q_bytes=24064 qdelay_l_ms=1.06701 qdelay_c_ms=51.2263 ecn_mark=2335 drop=0
[QUEUE_STATS] t_ms=22033 q_pkts=18 q_bytes=27072 qdelay_l_ms=1.07696 qdelay_c_ms=53.8953 ecn_mark=2336 drop=0
[QUEUE_STATS] t_ms=22048 q_pkts=17 q_bytes=25568 qdelay_l_ms=1.08815 qdelay_c_ms=58.7197 ecn_mark=2338 drop=0
[QUEUE_STATS] t_ms=22064 q_pkts=17 q_bytes=25568 qdelay_l_ms=0 qdelay_c_ms=59.8004 ecn_mark=2339 drop=0
[QUEUE_STATS] t_ms=22080 q_pkts=16 q_bytes=24064 qdelay_l_ms=1.99569 qdelay_c_ms=53.0654 ecn_mark=2340 drop=0
[QUEUE_STATS] t_ms=22096 q_pkts=17 q_bytes=25568 qdelay_l_ms=1.06891 qdelay_c_ms=56.395 ecn_mark=2342 drop=0
[QUEUE_STATS] t_ms=22112 q_pkts=18 q_bytes=27072 qdelay_l_ms=2.19048 qdelay_c_ms=55.705 ecn_mark=2343 drop=0
[QUEUE_STATS] t_ms=22128 q_pkts=15 q_bytes=22560 qdelay_l_ms=2.16782 qdelay_c_ms=53.0268 ecn_mark=2346 drop=0
[QUEUE_STATS] t_ms=22144 q_pkts=19 q_bytes=28576 qdelay_l_ms=1.06555 qdelay_c_ms=54.9321 ecn_mark=2346 drop=0
[QUEUE_STATS] t_ms=22160 q_pkts=18 q_bytes=27072 qdelay_l_ms=1.9161 qdelay_c_ms=60.4441 ecn_mark=2347 drop=0
[QUEUE_STATS] t_ms=22176 q_pkts=20 q_bytes=30080 qdelay_l_ms=1.08736 qdelay_c_ms=65.3477 ecn_mark=2349 drop=0
[QUEUE_STATS] t_ms=22192 q_pkts=18 q_bytes=27072 qdelay_l_ms=2.23611 qdelay_c_ms=61.4019 ecn_mark=2351 drop=0
[QUEUE_STATS] t_ms=22208 q_pkts=20 q_bytes=30080 qdelay_l_ms=0 qdelay_c_ms=66.38 ecn_mark=2353 drop=0
[QUEUE_STATS] t_ms=22224 q_pkts=18 q_bytes=27072 qdelay_l_ms=2.75807 qdelay_c_ms=60.331 ecn_mark=2353 drop=0
[QUEUE_STATS] t_ms=22240 q_pkts=18 q_bytes=27072 qdelay_l_ms=2.16849 qdelay_c_ms=66.4819 ecn_mark=2354 drop=0
[QUEUE_STATS] t_ms=22256 q_pkts=20 q_bytes=30080 qdelay_l_ms=0 qdelay_c_ms=66.1105 ecn_mark=2355 drop=0
[QUEUE_STATS] t_ms=22272 q_pkts=19 q_bytes=28576 qdelay_l_ms=1.08308 qdelay_c_ms=69.2907 ecn_mark=2356 drop=0
[QUEUE_STATS] t_ms=22288 q_pkts=20 q_bytes=30080 qdelay_l_ms=1.06787 qdelay_c_ms=71.5675 ecn_mark=2357 drop=0
[QUEUE_STATS] t_ms=22304 q_pkts=20 q_bytes=30080 qdelay_l_ms=1.06699 qdelay_c_ms=74.089 ecn_mark=2360 drop=0
[QUEUE_STATS] t_ms=22320 q_pkts=20 q_bytes=30080 qdelay_l_ms=1.06989 qdelay_c_ms=78.8382 ecn_mark=2366 drop=0
[QUEUE_STATS] t_ms=22336 q_pkts=20 q_bytes=30080 qdelay_l_ms=1.08712 qdelay_c_ms=80.9971 ecn_mark=2368 drop=0
[QUEUE_STATS] t_ms=22352 q_pkts=21 q_bytes=31584 qdelay_l_ms=2.11403 qdelay_c_ms=74.4883 ecn_mark=2369 drop=0
[QUEUE_STATS] t_ms=22368 q_pkts=20 q_bytes=30080 qdelay_l_ms=1.07353 qdelay_c_ms=89.567 ecn_mark=2373 drop=0
[QUEUE_STATS] t_ms=22384 q_pkts=18 q_bytes=27072 qdelay_l_ms=0 qdelay_c_ms=82.5833 ecn_mark=2377 drop=0
[QUEUE_STATS] t_ms=22400 q_pkts=20 q_bytes=30080 qdelay_l_ms=2.12586 qdelay_c_ms=70.083 ecn_mark=2380 drop=0
[QUEUE_STATS] t_ms=22416 q_pkts=18 q_bytes=27072 qdelay_l_ms=0 qdelay_c_ms=80.2617 ecn_mark=2383 drop=0
[QUEUE_STATS] t_ms=22432 q_pkts=19 q_bytes=28576 qdelay_l_ms=0 qdelay_c_ms=73.5292 ecn_mark=2384 drop=0
[QUEUE_STATS] t_ms=22448 q_pkts=21 q_bytes=31584 qdelay_l_ms=2.16833 qdelay_c_ms=71.0295 ecn_mark=2389 drop=0
[QUEUE_STATS] t_ms=22464 q_pkts=21 q_bytes=31584 qdelay_l_ms=1.06829 qdelay_c_ms=72.882 ecn_mark=2389 drop=0
[QUEUE_STATS] t_ms=22480 q_pkts=20 q_bytes=30080 qdelay_l_ms=0 qdelay_c_ms=74.4033 ecn_mark=2391 drop=0
[QUEUE_STATS] t_ms=22496 q_pkts=20 q_bytes=30080 qdelay_l_ms=2.16876 qdelay_c_ms=75.7519 ecn_mark=2392 drop=0
[QUEUE_STATS] t_ms=22512 q_pkts=18 q_bytes=27072 qdelay_l_ms=0.931743 qdelay_c_ms=74.543 ecn_mark=2392 drop=0
[QUEUE_STATS] t_ms=22528 q_pkts=17 q_bytes=25568 qdelay_l_ms=2.13317 qdelay_c_ms=74.2039 ecn_mark=2393 drop=0
[QUEUE_STATS] t_ms=22544 q_pkts=16 q_bytes=24064 qdelay_l_ms=2.15742 qdelay_c_ms=78.1029 ecn_mark=2395 drop=0
[QUEUE_STATS] t_ms=22560 q_pkts=14 q_bytes=21056 qdelay_l_ms=1.08367 qdelay_c_ms=84.2353 ecn_mark=2397 drop=0
[QUEUE_STATS] t_ms=22576 q_pkts=14 q_bytes=21056 qdelay_l_ms=1.05485 qdelay_c_ms=75.2664 ecn_mark=2400 drop=0
[QUEUE_STATS] t_ms=22592 q_pkts=13 q_bytes=19552 qdelay_l_ms=1.55077 qdelay_c_ms=53.0975 ecn_mark=2400 drop=0
[QUEUE_STATS] t_ms=22608 q_pkts=12 q_bytes=18048 qdelay_l_ms=1.06907 qdelay_c_ms=45.2044 ecn_mark=2402 drop=0
[QUEUE_STATS] t_ms=22624 q_pkts=13 q_bytes=19552 qdelay_l_ms=1.0874 qdelay_c_ms=41.2649 ecn_mark=2404 drop=0
[QUEUE_STATS] t_ms=22640 q_pkts=14 q_bytes=21056 qdelay_l_ms=3.62078 qdelay_c_ms=35.0665 ecn_mark=2406 drop=0
[QUEUE_STATS] t_ms=22656 q_pkts=11 q_bytes=16544 qdelay_l_ms=0 qdelay_c_ms=45.0374 ecn_mark=2409 drop=0
[QUEUE_STATS] t_ms=22672 q_pkts=14 q_bytes=21056 qdelay_l_ms=2.12899 qdelay_c_ms=38.2542 ecn_mark=2412 drop=0
[QUEUE_STATS] t_ms=22688 q_pkts=13 q_bytes=19552 qdelay_l_ms=1.07557 qdelay_c_ms=45.5288 ecn_mark=2413 drop=0
[QUEUE_STATS] t_ms=22704 q_pkts=12 q_bytes=18048 qdelay_l_ms=1.06736 qdelay_c_ms=45.0017 ecn_mark=2416 drop=0
[QUEUE_STATS] t_ms=22720 q_pkts=14 q_bytes=21056 qdelay_l_ms=2.15542 qdelay_c_ms=43.6773 ecn_mark=2420 drop=0
[QUEUE_STATS] t_ms=22736 q_pkts=14 q_bytes=21056 qdelay_l_ms=1.07049 qdelay_c_ms=36.8195 ecn_mark=2422 drop=0
[QUEUE_STATS] t_ms=22752 q_pkts=12 q_bytes=18048 qdelay_l_ms=2.16552 qdelay_c_ms=40.7562 ecn_mark=2423 drop=0
[QUEUE_STATS] t_ms=22768 q_pkts=15 q_bytes=22560 qdelay_l_ms=1.06888 qdelay_c_ms=45.9427 ecn_mark=2425 drop=0
[QUEUE_STATS] t_ms=22784 q_pkts=14 q_bytes=21056 qdelay_l_ms=0 qdelay_c_ms=49.1685 ecn_mark=2425 drop=0
[QUEUE_STATS] t_ms=22800 q_pkts=12 q_bytes=18048 qdelay_l_ms=0 qdelay_c_ms=45.2734 ecn_mark=2425 drop=0
[QUEUE_STATS] t_ms=22816 q_pkts=15 q_bytes=22560 qdelay_l_ms=1.75127 qdelay_c_ms=45.6259 ecn_mark=2425 drop=0
[QUEUE_STATS] t_ms=22832 q_pkts=15 q_bytes=22560 qdelay_l_ms=1.08686 qdelay_c_ms=38.8475 ecn_mark=2426 drop=0
[QUEUE_STATS] t_ms=22848 q_pkts=17 q_bytes=25568 qdelay_l_ms=0 qdelay_c_ms=46.1286 ecn_mark=2427 drop=0
[QUEUE_STATS] t_ms=22864 q_pkts=14 q_bytes=21056 qdelay_l_ms=1.06807 qdelay_c_ms=54.4721 ecn_mark=2427 drop=0
[QUEUE_STATS] t_ms=22880 q_pkts=17 q_bytes=25568 qdelay_l_ms=1.07543 qdelay_c_ms=57.4568 ecn_mark=2430 drop=0
[QUEUE_STATS] t_ms=22896 q_pkts=16 q_bytes=24064 qdelay_l_ms=1.06944 qdelay_c_ms=52.0669 ecn_mark=2432 drop=0
[QUEUE_STATS] t_ms=22912 q_pkts=15 q_bytes=22560 qdelay_l_ms=1.06702 qdelay_c_ms=57.6489 ecn_mark=2434 drop=0
[QUEUE_STATS] t_ms=22928 q_pkts=16 q_bytes=24064 qdelay_l_ms=1.0696 qdelay_c_ms=62.9532 ecn_mark=2436 drop=0
[QUEUE_STATS] t_ms=22944 q_pkts=16 q_bytes=24064 qdelay_l_ms=1.08952 qdelay_c_ms=57.6341 ecn_mark=2437 drop=0
[QUEUE_STATS] t_ms=22960 q_pkts=17 q_bytes=25568 qdelay_l_ms=1.08569 qdelay_c_ms=65.5677 ecn_mark=2440 drop=0
[QUEUE_STATS] t_ms=22976 q_pkts=16 q_bytes=24064 qdelay_l_ms=1.06801 qdelay_c_ms=61.5954 ecn_mark=2443 drop=0
[QUEUE_STATS] t_ms=22992 q_pkts=16 q_bytes=24064 qdelay_l_ms=1.08196 qdelay_c_ms=62.046 ecn_mark=2444 drop=0
[QUEUE_STATS] t_ms=23008 q_pkts=17 q_bytes=25568 qdelay_l_ms=2.85938 qdelay_c_ms=56.9079 ecn_mark=2447 drop=0
[QUEUE_STATS] t_ms=23024 q_pkts=18 q_bytes=27072 qdelay_l_ms=0.899643 qdelay_c_ms=71.2236 ecn_mark=2449 drop=0
[QUEUE_STATS] t_ms=23040 q_pkts=17 q_bytes=25568 qdelay_l_ms=2.14872 qdelay_c_ms=56.998 ecn_mark=2451 drop=0
[QUEUE_STATS] t_ms=23056 q_pkts=16 q_bytes=24064 qdelay_l_ms=1.07186 qdelay_c_ms=63.8976 ecn_mark=2454 drop=0
[QUEUE_STATS] t_ms=23073 q_pkts=18 q_bytes=27072 qdelay_l_ms=1.07019 qdelay_c_ms=64.0134 ecn_mark=2457 drop=0
[QUEUE_STATS] t_ms=23088 q_pkts=17 q_bytes=25568 qdelay_l_ms=2.13736 qdelay_c_ms=63.9154 ecn_mark=2458 drop=0
[QUEUE_STATS] t_ms=23105 q_pkts=18 q_bytes=27072 qdelay_l_ms=1.07132 qdelay_c_ms=68.6975 ecn_mark=2460 drop=0
[QUEUE_STATS] t_ms=23120 q_pkts=16 q_bytes=24064 qdelay_l_ms=0 qdelay_c_ms=62.5742 ecn_mark=2460 drop=0
[QUEUE_STATS] t_ms=23136 q_pkts=18 q_bytes=27072 qdelay_l_ms=2.15123 qdelay_c_ms=64.5073 ecn_mark=2462 drop=0
[QUEUE_STATS] t_ms=23152 q_pkts=17 q_bytes=25568 qdelay_l_ms=1.08716 qdelay_c_ms=69.4497 ecn_mark=2465 drop=0
[QUEUE_STATS] t_ms=23168 q_pkts=17 q_bytes=25568 qdelay_l_ms=0 qdelay_c_ms=60.1388 ecn_mark=2466 drop=0
[QUEUE_STATS] t_ms=23184 q_pkts=17 q_bytes=25568 qdelay_l_ms=2.1563 qdelay_c_ms=58.798 ecn_mark=2466 drop=0
[QUEUE_STATS] t_ms=23200 q_pkts=19 q_bytes=28576 qdelay_l_ms=1.07495 qdelay_c_ms=64.7122 ecn_mark=2470 drop=0
[QUEUE_STATS] t_ms=23216 q_pkts=17 q_bytes=25568 qdelay_l_ms=1.06955 qdelay_c_ms=63.6076 ecn_mark=2472 drop=0
[QUEUE_STATS] t_ms=23232 q_pkts=18 q_bytes=27072 qdelay_l_ms=1.09872 qdelay_c_ms=67.2407 ecn_mark=2474 drop=0
[QUEUE_STATS] t_ms=23248 q_pkts=17 q_bytes=25568 qdelay_l_ms=2.1546 qdelay_c_ms=63.3345 ecn_mark=2477 drop=0
[QUEUE_STATS] t_ms=23264 q_pkts=17 q_bytes=25568 qdelay_l_ms=0 qdelay_c_ms=68.412 ecn_mark=2479 drop=0
[QUEUE_STATS] t_ms=23280 q_pkts=15 q_bytes=22560 qdelay_l_ms=2.14779 qdelay_c_ms=55.2902 ecn_mark=2481 drop=0
[QUEUE_STATS] t_ms=23296 q_pkts=18 q_bytes=27072 qdelay_l_ms=2.33147 qdelay_c_ms=58.9543 ecn_mark=2483 drop=0
[QUEUE_STATS] t_ms=23312 q_pkts=17 q_bytes=25568 qdelay_l_ms=0 qdelay_c_ms=53.6603 ecn_mark=2486 drop=0
[QUEUE_STATS] t_ms=23328 q_pkts=18 q_bytes=27072 qdelay_l_ms=1.07889 qdelay_c_ms=50.4236 ecn_mark=2490 drop=0
[QUEUE_STATS] t_ms=23344 q_pkts=16 q_bytes=24064 qdelay_l_ms=0 qdelay_c_ms=51.0437 ecn_mark=2493 drop=0
[QUEUE_STATS] t_ms=23360 q_pkts=17 q_bytes=25568 qdelay_l_ms=1.03739 qdelay_c_ms=48.3864 ecn_mark=2495 drop=0
[QUEUE_STATS] t_ms=23376 q_pkts=17 q_bytes=25568 qdelay_l_ms=0.927705 qdelay_c_ms=50.6899 ecn_mark=2498 drop=0
[QUEUE_STATS] t_ms=23392 q_pkts=17 q_bytes=25568 qdelay_l_ms=0 qdelay_c_ms=52.6231 ecn_mark=2500 drop=0
[QUEUE_STATS] t_ms=23408 q_pkts=16 q_bytes=24064 qdelay_l_ms=1.09209 qdelay_c_ms=49.6591 ecn_mark=2502 drop=0
[QUEUE_STATS] t_ms=23424 q_pkts=16 q_bytes=24064 qdelay_l_ms=0 qdelay_c_ms=44.2004 ecn_mark=2505 drop=0
[QUEUE_STATS] t_ms=23440 q_pkts=16 q_bytes=24064 qdelay_l_ms=2.07028 qdelay_c_ms=48.4494 ecn_mark=2507 drop=0
[QUEUE_STATS] t_ms=23456 q_pkts=15 q_bytes=22560 qdelay_l_ms=0 qdelay_c_ms=42.1146 ecn_mark=2508 drop=0
[QUEUE_STATS] t_ms=23472 q_pkts=17 q_bytes=25568 qdelay_l_ms=0.363754 qdelay_c_ms=42.004 ecn_mark=2508 drop=0
[QUEUE_STATS] t_ms=23488 q_pkts=17 q_bytes=25568 qdelay_l_ms=0 qdelay_c_ms=46.4965 ecn_mark=2509 drop=0
[QUEUE_STATS] t_ms=23504 q_pkts=15 q_bytes=22560 qdelay_l_ms=1.08577 qdelay_c_ms=40.4829 ecn_mark=2513 drop=0
[QUEUE_STATS] t_ms=23520 q_pkts=15 q_bytes=22560 qdelay_l_ms=0 qdelay_c_ms=46.181 ecn_mark=2519 drop=0
[QUEUE_STATS] t_ms=23536 q_pkts=14 q_bytes=21056 qdelay_l_ms=1.08671 qdelay_c_ms=36.8504 ecn_mark=2520 drop=0
[QUEUE_STATS] t_ms=23552 q_pkts=13 q_bytes=19552 qdelay_l_ms=1.08131 qdelay_c_ms=38.121 ecn_mark=2521 drop=0
[QUEUE_STATS] t_ms=23568 q_pkts=10 q_bytes=15040 qdelay_l_ms=1.05087 qdelay_c_ms=30.6228 ecn_mark=2521 drop=0
[QUEUE_STATS] t_ms=23584 q_pkts=9 q_bytes=13536 qdelay_l_ms=0.944437 qdelay_c_ms=25.7466 ecn_mark=2521 drop=0
[QUEUE_STATS] t_ms=23600 q_pkts=9 q_bytes=13536 qdelay_l_ms=0.325222 qdelay_c_ms=18.3275 ecn_mark=2521 drop=0
[QUEUE_STATS] t_ms=23616 q_pkts=10 q_bytes=15040 qdelay_l_ms=1.079 qdelay_c_ms=22.0713 ecn_mark=2522 drop=0
[QUEUE_STATS] t_ms=23632 q_pkts=10 q_bytes=15040 qdelay_l_ms=1.05579 qdelay_c_ms=22.5411 ecn_mark=2523 drop=0
[QUEUE_STATS] t_ms=23648 q_pkts=10 q_bytes=15040 qdelay_l_ms=0 qdelay_c_ms=20.0925 ecn_mark=2524 drop=0
[QUEUE_STATS] t_ms=23664 q_pkts=11 q_bytes=16544 qdelay_l_ms=2.14675 qdelay_c_ms=24.3743 ecn_mark=2525 drop=0
[QUEUE_STATS] t_ms=23680 q_pkts=9 q_bytes=13536 qdelay_l_ms=0 qdelay_c_ms=24.9559 ecn_mark=2527 drop=0
[QUEUE_STATS] t_ms=23696 q_pkts=11 q_bytes=16544 qdelay_l_ms=2.11791 qdelay_c_ms=18.307 ecn_mark=2528 drop=0
[QUEUE_STATS] t_ms=23712 q_pkts=11 q_bytes=16544 qdelay_l_ms=1.07416 qdelay_c_ms=24.4431 ecn_mark=2530 drop=0
[QUEUE_STATS] t_ms=23728 q_pkts=11 q_bytes=16544 qdelay_l_ms=1.07744 qdelay_c_ms=26.9492 ecn_mark=2532 drop=0
[QUEUE_STATS] t_ms=23744 q_pkts=9 q_bytes=13536 qdelay_l_ms=0 qdelay_c_ms=27.8233 ecn_mark=2535 drop=0
[QUEUE_STATS] t_ms=23760 q_pkts=10 q_bytes=15040 qdelay_l_ms=1.0656 qdelay_c_ms=24.6661 ecn_mark=2538 drop=0
[QUEUE_STATS] t_ms=23776 q_pkts=9 q_bytes=13536 qdelay_l_ms=0 qdelay_c_ms=18.6935 ecn_mark=2540 drop=0
[QUEUE_STATS] t_ms=23792 q_pkts=9 q_bytes=13536 qdelay_l_ms=1.05004 qdelay_c_ms=19.0132 ecn_mark=2543 drop=0
[QUEUE_STATS] t_ms=23808 q_pkts=10 q_bytes=15040 qdelay_l_ms=1.07698 qdelay_c_ms=20.1734 ecn_mark=2543 drop=0
[QUEUE_STATS] t_ms=23824 q_pkts=10 q_bytes=15040 qdelay_l_ms=1.0843 qdelay_c_ms=21.9455 ecn_mark=2545 drop=0
[QUEUE_STATS] t_ms=23840 q_pkts=11 q_bytes=16544 qdelay_l_ms=1.08582 qdelay_c_ms=21.6643 ecn_mark=2548 drop=0
[QUEUE_STATS] t_ms=23856 q_pkts=11 q_bytes=16544 qdelay_l_ms=0 qdelay_c_ms=24.8165 ecn_mark=2548 drop=0
[QUEUE_STATS] t_ms=23872 q_pkts=12 q_bytes=18048 qdelay_l_ms=2.23445 qdelay_c_ms=24.1043 ecn_mark=2549 drop=0
[QUEUE_STATS] t_ms=23888 q_pkts=13 q_bytes=19552 qdelay_l_ms=0 qdelay_c_ms=31.8429 ecn_mark=2552 drop=0
[QUEUE_STATS] t_ms=23904 q_pkts=11 q_bytes=16544 qdelay_l_ms=1.0361 qdelay_c_ms=29.7084 ecn_mark=2552 drop=0
[QUEUE_STATS] t_ms=23920 q_pkts=11 q_bytes=16544 qdelay_l_ms=0 qdelay_c_ms=28.6771 ecn_mark=2554 drop=0
[QUEUE_STATS] t_ms=23936 q_pkts=11 q_bytes=16544 qdelay_l_ms=0 qdelay_c_ms=27.3178 ecn_mark=2556 drop=0
[QUEUE_STATS] t_ms=23952 q_pkts=12 q_bytes=18048 qdelay_l_ms=1.07197 qdelay_c_ms=23.7305 ecn_mark=2556 drop=0
[QUEUE_STATS] t_ms=23968 q_pkts=11 q_bytes=16544 qdelay_l_ms=0 qdelay_c_ms=26.9935 ecn_mark=2557 drop=0
[QUEUE_STATS] t_ms=23984 q_pkts=13 q_bytes=19552 qdelay_l_ms=1.05774 qdelay_c_ms=26.3175 ecn_mark=2559 drop=0
[QUEUE_STATS] t_ms=24000 q_pkts=10 q_bytes=15040 qdelay_l_ms=0 qdelay_c_ms=24.8558 ecn_mark=2559 drop=0
[QUEUE_STATS] t_ms=24016 q_pkts=12 q_bytes=18048 qdelay_l_ms=1.0888 qdelay_c_ms=30.0905 ecn_mark=2560 drop=0
[QUEUE_STATS] t_ms=24032 q_pkts=13 q_bytes=19552 qdelay_l_ms=1.08043 qdelay_c_ms=28.1145 ecn_mark=2562 drop=0
[QUEUE_STATS] t_ms=24048 q_pkts=14 q_bytes=21056 qdelay_l_ms=1.09632 qdelay_c_ms=31.4017 ecn_mark=2563 drop=0
[QUEUE_STATS] t_ms=24064 q_pkts=14 q_bytes=21056 qdelay_l_ms=1.75192 qdelay_c_ms=25.318 ecn_mark=2566 drop=0
[QUEUE_STATS] t_ms=24080 q_pkts=13 q_bytes=19552 qdelay_l_ms=0 qdelay_c_ms=32.537 ecn_mark=2566 drop=0
[QUEUE_STATS] t_ms=24096 q_pkts=11 q_bytes=16544 qdelay_l_ms=1.08567 qdelay_c_ms=33.9687 ecn_mark=2570 drop=0
[QUEUE_STATS] t_ms=24112 q_pkts=10 q_bytes=15040 qdelay_l_ms=1.07048 qdelay_c_ms=35.0651 ecn_mark=2573 drop=0
[QUEUE_STATS] t_ms=24128 q_pkts=5 q_bytes=7520 qdelay_l_ms=0 qdelay_c_ms=23.277 ecn_mark=2574 drop=0
[QUEUE_STATS] t_ms=24144 q_pkts=6 q_bytes=9024 qdelay_l_ms=0 qdelay_c_ms=16.4441 ecn_mark=2576 drop=0
[QUEUE_STATS] t_ms=24160 q_pkts=7 q_bytes=10528 qdelay_l_ms=0 qdelay_c_ms=15.0965 ecn_mark=2577 drop=0
[QUEUE_STATS] t_ms=24176 q_pkts=7 q_bytes=10528 qdelay_l_ms=0 qdelay_c_ms=20.4498 ecn_mark=2580 drop=0
[QUEUE_STATS] t_ms=24192 q_pkts=7 q_bytes=10528 qdelay_l_ms=0 qdelay_c_ms=14.2199 ecn_mark=2580 drop=0
[QUEUE_STATS] t_ms=24208 q_pkts=7 q_bytes=10528 qdelay_l_ms=2.1625 qdelay_c_ms=17.0815 ecn_mark=2583 drop=0
[QUEUE_STATS] t_ms=24224 q_pkts=7 q_bytes=10528 qdelay_l_ms=1.08352 qdelay_c_ms=11.3826 ecn_mark=2583 drop=0
[QUEUE_STATS] t_ms=24240 q_pkts=9 q_bytes=13536 qdelay_l_ms=1.07794 qdelay_c_ms=14.229 ecn_mark=2586 drop=0
[QUEUE_STATS] t_ms=24256 q_pkts=7 q_bytes=10528 qdelay_l_ms=1.07829 qdelay_c_ms=12.251 ecn_mark=2587 drop=0
[QUEUE_STATS] t_ms=24272 q_pkts=7 q_bytes=10528 qdelay_l_ms=0 qdelay_c_ms=19.442 ecn_mark=2587 drop=0
[QUEUE_STATS] t_ms=24288 q_pkts=9 q_bytes=13536 qdelay_l_ms=1.08064 qdelay_c_ms=18.3027 ecn_mark=2588 drop=0
[QUEUE_STATS] t_ms=24304 q_pkts=8 q_bytes=12032 qdelay_l_ms=0 qdelay_c_ms=17.4045 ecn_mark=2591 drop=0
[QUEUE_STATS] t_ms=24320 q_pkts=8 q_bytes=12032 qdelay_l_ms=0 qdelay_c_ms=18.2343 ecn_mark=2591 drop=0
[QUEUE_STATS] t_ms=24336 q_pkts=6 q_bytes=9024 qdelay_l_ms=0.625888 qdelay_c_ms=12.5453 ecn_mark=2592 drop=0
[QUEUE_STATS] t_ms=24352 q_pkts=6 q_bytes=9024 qdelay_l_ms=0.607433 qdelay_c_ms=15.9876 ecn_mark=2592 drop=0
[QUEUE_STATS] t_ms=24368 q_pkts=7 q_bytes=10528 qdelay_l_ms=0 qdelay_c_ms=13.1407 ecn_mark=2594 drop=0
[QUEUE_STATS] t_ms=24384 q_pkts=9 q_bytes=13536 qdelay_l_ms=0 qdelay_c_ms=19.5035 ecn_mark=2596 drop=0
[QUEUE_STATS] t_ms=24400 q_pkts=9 q_bytes=13536 qdelay_l_ms=1.08391 qdelay_c_ms=13.568 ecn_mark=2596 drop=0
[QUEUE_STATS] t_ms=24416 q_pkts=9 q_bytes=13536 qdelay_l_ms=1.07962 qdelay_c_ms=19.259 ecn_mark=2596 drop=0
[QUEUE_STATS] t_ms=24432 q_pkts=9 q_bytes=13536 qdelay_l_ms=2.48638 qdelay_c_ms=19.9898 ecn_mark=2596 drop=0
[QUEUE_STATS] t_ms=24448 q_pkts=11 q_bytes=16544 qdelay_l_ms=0 qdelay_c_ms=28.5288 ecn_mark=2597 drop=0
[QUEUE_STATS] t_ms=24464 q_pkts=11 q_bytes=16544 qdelay_l_ms=1.08881 qdelay_c_ms=26.999 ecn_mark=2601 drop=0
[QUEUE_STATS] t_ms=24480 q_pkts=10 q_bytes=15040 qdelay_l_ms=0 qdelay_c_ms=30.0796 ecn_mark=2604 drop=0
[QUEUE_STATS] t_ms=24496 q_pkts=11 q_bytes=16544 qdelay_l_ms=1.08374 qdelay_c_ms=31.2149 ecn_mark=2604 drop=0
[QUEUE_STATS] t_ms=24512 q_pkts=12 q_bytes=18048 qdelay_l_ms=1.06904 qdelay_c_ms=26.2464 ecn_mark=2606 drop=0
[QUEUE_STATS] t_ms=24528 q_pkts=12 q_bytes=18048 qdelay_l_ms=1.06692 qdelay_c_ms=30.0784 ecn_mark=2609 drop=0
[QUEUE_STATS] t_ms=24544 q_pkts=11 q_bytes=16544 qdelay_l_ms=0 qdelay_c_ms=33.2009 ecn_mark=2611 drop=0
[QUEUE_STATS] t_ms=24560 q_pkts=13 q_bytes=19552 qdelay_l_ms=1.08627 qdelay_c_ms=34.264 ecn_mark=2611 drop=0
[QUEUE_STATS] t_ms=24576 q_pkts=10 q_bytes=15040 qdelay_l_ms=0 qdelay_c_ms=30.457 ecn_mark=2612 drop=0
[QUEUE_STATS] t_ms=24592 q_pkts=12 q_bytes=18048 qdelay_l_ms=0 qdelay_c_ms=38.9623 ecn_mark=2613 drop=0
[QUEUE_STATS] t_ms=24608 q_pkts=13 q_bytes=19552 qdelay_l_ms=1.07879 qdelay_c_ms=31.3463 ecn_mark=2616 drop=0
[QUEUE_STATS] t_ms=24624 q_pkts=12 q_bytes=18048 qdelay_l_ms=1.07474 qdelay_c_ms=31.9809 ecn_mark=2618 drop=0
[QUEUE_STATS] t_ms=24640 q_pkts=13 q_bytes=19552 qdelay_l_ms=0 qdelay_c_ms=33.9007 ecn_mark=2619 drop=0
[QUEUE_STATS] t_ms=24656 q_pkts=12 q_bytes=18048 qdelay_l_ms=1.07851 qdelay_c_ms=28.7314 ecn_mark=2621 drop=0
[QUEUE_STATS] t_ms=24672 q_pkts=13 q_bytes=19552 qdelay_l_ms=2.14051 qdelay_c_ms=30.8095 ecn_mark=2622 drop=0
[QUEUE_STATS] t_ms=24688 q_pkts=13 q_bytes=19552 qdelay_l_ms=1.03968 qdelay_c_ms=31.175 ecn_mark=2623 drop=0
[QUEUE_STATS] t_ms=24704 q_pkts=11 q_bytes=16544 qdelay_l_ms=0 qdelay_c_ms=34.0114 ecn_mark=2625 drop=0
[QUEUE_STATS] t_ms=24720 q_pkts=14 q_bytes=21056 qdelay_l_ms=1.06271 qdelay_c_ms=36.4584 ecn_mark=2627 drop=0
[QUEUE_STATS] t_ms=24736 q_pkts=12 q_bytes=18048 qdelay_l_ms=0 qdelay_c_ms=31.7566 ecn_mark=2628 drop=0
[QUEUE_STATS] t_ms=24752 q_pkts=15 q_bytes=22560 qdelay_l_ms=1.08401 qdelay_c_ms=38.438 ecn_mark=2630 drop=0
[QUEUE_STATS] t_ms=24769 q_pkts=14 q_bytes=21056 qdelay_l_ms=1.07924 qdelay_c_ms=28.9354 ecn_mark=2630 drop=0
[QUEUE_STATS] t_ms=24784 q_pkts=14 q_bytes=21056 qdelay_l_ms=1.08564 qdelay_c_ms=35.1542 ecn_mark=2632 drop=0
[QUEUE_STATS] t_ms=24801 q_pkts=14 q_bytes=21056 qdelay_l_ms=1.07648 qdelay_c_ms=33.4396 ecn_mark=2635 drop=0
[QUEUE_STATS] t_ms=24816 q_pkts=14 q_bytes=21056 qdelay_l_ms=1.0811 qdelay_c_ms=37.5885 ecn_mark=2637 drop=0
[QUEUE_STATS] t_ms=24832 q_pkts=10 q_bytes=15040 qdelay_l_ms=1.06839 qdelay_c_ms=34.9811 ecn_mark=2637 drop=0
[QUEUE_STATS] t_ms=24848 q_pkts=10 q_bytes=15040 qdelay_l_ms=1.05035 qdelay_c_ms=33.8159 ecn_mark=2638 drop=0
[QUEUE_STATS] t_ms=24864 q_pkts=8 q_bytes=12032 qdelay_l_ms=1.08552 qdelay_c_ms=24.3863 ecn_mark=2641 drop=0
[QUEUE_STATS] t_ms=24880 q_pkts=6 q_bytes=9024 qdelay_l_ms=1.06158 qdelay_c_ms=16.9885 ecn_mark=2643 drop=0
[QUEUE_STATS] t_ms=24896 q_pkts=8 q_bytes=12032 qdelay_l_ms=1.04754 qdelay_c_ms=16.228 ecn_mark=2648 drop=0
[QUEUE_STATS] t_ms=24912 q_pkts=8 q_bytes=12032 qdelay_l_ms=1.08662 qdelay_c_ms=17.3493 ecn_mark=2648 drop=0
[QUEUE_STATS] t_ms=24928 q_pkts=6 q_bytes=9024 qdelay_l_ms=0 qdelay_c_ms=27.7982 ecn_mark=2650 drop=0
[QUEUE_STATS] t_ms=24944 q_pkts=3 q_bytes=4512 qdelay_l_ms=1.08005 qdelay_c_ms=14.7211 ecn_mark=2651 drop=0
[QUEUE_STATS] t_ms=24960 q_pkts=3 q_bytes=4512 qdelay_l_ms=0 qdelay_c_ms=8.15908 ecn_mark=2651 drop=0
[QUEUE_STATS] t_ms=24976 q_pkts=5 q_bytes=7520 qdelay_l_ms=3.25536 qdelay_c_ms=6.50693 ecn_mark=2653 drop=0
[QUEUE_STATS] t_ms=24992 q_pkts=4 q_bytes=6016 qdelay_l_ms=2.16804 qdelay_c_ms=9.41141 ecn_mark=2657 drop=0
[QUEUE_STATS] t_ms=25008 q_pkts=6 q_bytes=9024 qdelay_l_ms=1.04154 qdelay_c_ms=14.7716 ecn_mark=2659 drop=0
[QUEUE_STATS] t_ms=25024 q_pkts=4 q_bytes=6016 qdelay_l_ms=0 qdelay_c_ms=17.3807 ecn_mark=2661 drop=0
[QUEUE_STATS] t_ms=25040 q_pkts=5 q_bytes=7520 qdelay_l_ms=1.97454 qdelay_c_ms=9.95407 ecn_mark=2661 drop=0
[QUEUE_STATS] t_ms=25056 q_pkts=6 q_bytes=9024 qdelay_l_ms=0.282381 qdelay_c_ms=11.22 ecn_mark=2662 drop=0
[QUEUE_STATS] t_ms=25073 q_pkts=5 q_bytes=7520 qdelay_l_ms=0 qdelay_c_ms=13.2088 ecn_mark=2663 drop=0
[QUEUE_STATS] t_ms=25088 q_pkts=4 q_bytes=6016 qdelay_l_ms=1.06504 qdelay_c_ms=15.2808 ecn_mark=2665 drop=0
[QUEUE_STATS] t_ms=25104 q_pkts=5 q_bytes=7520 qdelay_l_ms=0 qdelay_c_ms=10.3749 ecn_mark=2665 drop=0
[QUEUE_STATS] t_ms=25120 q_pkts=6 q_bytes=9024 qdelay_l_ms=1.08211 qdelay_c_ms=13.7128 ecn_mark=2670 drop=0
[QUEUE_STATS] t_ms=25136 q_pkts=5 q_bytes=7520 qdelay_l_ms=2.14004 qdelay_c_ms=14.0383 ecn_mark=2672 drop=0
[QUEUE_STATS] t_ms=25152 q_pkts=5 q_bytes=7520 qdelay_l_ms=1.06165 qdelay_c_ms=12.9313 ecn_mark=2673 drop=0
[QUEUE_STATS] t_ms=25168 q_pkts=5 q_bytes=7520 qdelay_l_ms=0 qdelay_c_ms=14.6902 ecn_mark=2674 drop=0
[QUEUE_STATS] t_ms=25184 q_pkts=2 q_bytes=3008 qdelay_l_ms=1.08946 qdelay_c_ms=4.35523 ecn_mark=2677 drop=0
[QUEUE_STATS] t_ms=25200 q_pkts=2 q_bytes=3008 qdelay_l_ms=1.07129 qdelay_c_ms=1.0643 ecn_mark=2677 drop=0
[QUEUE_STATS] t_ms=25216 q_pkts=3 q_bytes=4512 qdelay_l_ms=0 qdelay_c_ms=4.67362 ecn_mark=2677 drop=0
[QUEUE_STATS] t_ms=25232 q_pkts=3 q_bytes=4512 qdelay_l_ms=1.08992 qdelay_c_ms=4.28434 ecn_mark=2680 drop=0
[QUEUE_STATS] t_ms=25248 q_pkts=3 q_bytes=4512 qdelay_l_ms=1.07044 qdelay_c_ms=4.39713 ecn_mark=2682 drop=0
[QUEUE_STATS] t_ms=25264 q_pkts=3 q_bytes=4512 qdelay_l_ms=1.06708 qdelay_c_ms=7.65935 ecn_mark=2684 drop=0
[QUEUE_STATS] t_ms=25280 q_pkts=4 q_bytes=6016 qdelay_l_ms=1.06867 qdelay_c_ms=8.55674 ecn_mark=2685 drop=0
[QUEUE_STATS] t_ms=25296 q_pkts=3 q_bytes=4512 qdelay_l_ms=1.07182 qdelay_c_ms=7.96161 ecn_mark=2687 drop=0
[QUEUE_STATS] t_ms=25312 q_pkts=5 q_bytes=7520 qdelay_l_ms=1.0913 qdelay_c_ms=6.91012 ecn_mark=2688 drop=0
[QUEUE_STATS] t_ms=25328 q_pkts=4 q_bytes=6016 qdelay_l_ms=1.09123 qdelay_c_ms=8.64821 ecn_mark=2689 drop=0
[QUEUE_STATS] t_ms=25344 q_pkts=2 q_bytes=3008 qdelay_l_ms=1.0857 qdelay_c_ms=7.29747 ecn_mark=2690 drop=0
[QUEUE_STATS] t_ms=25360 q_pkts=6 q_bytes=9024 qdelay_l_ms=1.42897 qdelay_c_ms=9.50559 ecn_mark=2691 drop=0
[QUEUE_STATS] t_ms=25376 q_pkts=3 q_bytes=4512 qdelay_l_ms=2.15347 qdelay_c_ms=4.84745 ecn_mark=2695 drop=0
[QUEUE_STATS] t_ms=25392 q_pkts=6 q_bytes=9024 qdelay_l_ms=0 qdelay_c_ms=11.8437 ecn_mark=2697 drop=0
[QUEUE_STATS] t_ms=25408 q_pkts=6 q_bytes=9024 qdelay_l_ms=2.11099 qdelay_c_ms=17.0384 ecn_mark=2700 drop=0
[QUEUE_STATS] t_ms=25424 q_pkts=4 q_bytes=6016 qdelay_l_ms=1.07477 qdelay_c_ms=10.7101 ecn_mark=2701 drop=0
[QUEUE_STATS] t_ms=25440 q_pkts=7 q_bytes=10528 qdelay_l_ms=0 qdelay_c_ms=14.3505 ecn_mark=2702 drop=0
[QUEUE_STATS] t_ms=25456 q_pkts=6 q_bytes=9024 qdelay_l_ms=2.11136 qdelay_c_ms=16.2015 ecn_mark=2704 drop=0
[QUEUE_STATS] t_ms=25472 q_pkts=6 q_bytes=9024 qdelay_l_ms=0.057358 qdelay_c_ms=9.75156 ecn_mark=2706 drop=0
[QUEUE_STATS] t_ms=25488 q_pkts=5 q_bytes=7520 qdelay_l_ms=0 qdelay_c_ms=13.0008 ecn_mark=2707 drop=0
[QUEUE_STATS] t_ms=25504 q_pkts=7 q_bytes=10528 qdelay_l_ms=1.08746 qdelay_c_ms=10.7197 ecn_mark=2709 drop=0
[QUEUE_STATS] t_ms=25520 q_pkts=7 q_bytes=10528 qdelay_l_ms=3.20891 qdelay_c_ms=14.0441 ecn_mark=2712 drop=0
[QUEUE_STATS] t_ms=25536 q_pkts=6 q_bytes=9024 qdelay_l_ms=1.08192 qdelay_c_ms=15.4975 ecn_mark=2715 drop=0
[QUEUE_STATS] t_ms=25552 q_pkts=4 q_bytes=6016 qdelay_l_ms=1.0804 qdelay_c_ms=12.2606 ecn_mark=2716 drop=0
[QUEUE_STATS] t_ms=25568 q_pkts=3 q_bytes=4512 qdelay_l_ms=2.12762 qdelay_c_ms=2.16035 ecn_mark=2719 drop=0
[QUEUE_STATS] t_ms=25584 q_pkts=2 q_bytes=3008 qdelay_l_ms=1.07679 qdelay_c_ms=3.18403 ecn_mark=2720 drop=0
[QUEUE_STATS] t_ms=25600 q_pkts=4 q_bytes=6016 qdelay_l_ms=2.16744 qdelay_c_ms=5.41614 ecn_mark=2721 drop=0
[QUEUE_STATS] t_ms=25616 q_pkts=3 q_bytes=4512 qdelay_l_ms=1.08413 qdelay_c_ms=7.51772 ecn_mark=2725 drop=0
[QUEUE_STATS] t_ms=25632 q_pkts=3 q_bytes=4512 qdelay_l_ms=1.0782 qdelay_c_ms=4.3315 ecn_mark=2725 drop=0
[QUEUE_STATS] t_ms=25648 q_pkts=2 q_bytes=3008 qdelay_l_ms=0 qdelay_c_ms=9.67548 ecn_mark=2726 drop=0
[QUEUE_STATS] t_ms=25664 q_pkts=3 q_bytes=4512 qdelay_l_ms=1.85522 qdelay_c_ms=1.07749 ecn_mark=2727 drop=0
[QUEUE_STATS] t_ms=25680 q_pkts=1 q_bytes=1504 qdelay_l_ms=1.09309 qdelay_c_ms=0 ecn_mark=2728 drop=0
[QUEUE_STATS] t_ms=25696 q_pkts=4 q_bytes=6016 qdelay_l_ms=0.473561 qdelay_c_ms=6.48583 ecn_mark=2731 drop=0
[QUEUE_STATS] t_ms=25712 q_pkts=4 q_bytes=6016 qdelay_l_ms=0 qdelay_c_ms=7.67837 ecn_mark=2733 drop=0
[QUEUE_STATS] t_ms=25728 q_pkts=4 q_bytes=6016 qdelay_l_ms=1.0722 qdelay_c_ms=5.19897 ecn_mark=2736 drop=0
[QUEUE_STATS] t_ms=25744 q_pkts=5 q_bytes=7520 qdelay_l_ms=1.07971 qdelay_c_ms=10.9359 ecn_mark=2740 drop=0
[QUEUE_STATS] t_ms=25760 q_pkts=5 q_bytes=7520 qdelay_l_ms=1.08979 qdelay_c_ms=11.394 ecn_mark=2742 drop=0
[QUEUE_STATS] t_ms=25776 q_pkts=6 q_bytes=9024 qdelay_l_ms=0 qdelay_c_ms=9.22074 ecn_mark=2743 drop=0
[QUEUE_STATS] t_ms=25792 q_pkts=4 q_bytes=6016 qdelay_l_ms=1.06101 qdelay_c_ms=10.8554 ecn_mark=2744 drop=0
[QUEUE_STATS] t_ms=25808 q_pkts=5 q_bytes=7520 qdelay_l_ms=1.07308 qdelay_c_ms=10.8213 ecn_mark=2747 drop=0
[QUEUE_STATS] t_ms=25824 q_pkts=7 q_bytes=10528 qdelay_l_ms=0 qdelay_c_ms=14.3883 ecn_mark=2748 drop=0
[QUEUE_STATS] t_ms=25840 q_pkts=7 q_bytes=10528 qdelay_l_ms=1.08511 qdelay_c_ms=17.9667 ecn_mark=2748 drop=0
[QUEUE_STATS] t_ms=25856 q_pkts=8 q_bytes=12032 qdelay_l_ms=2.15124 qdelay_c_ms=20.1698 ecn_mark=2751 drop=0
[QUEUE_STATS] t_ms=25872 q_pkts=7 q_bytes=10528 qdelay_l_ms=0 qdelay_c_ms=17.2015 ecn_mark=2752 drop=0
[QUEUE_STATS] t_ms=25888 q_pkts=9 q_bytes=13536 qdelay_l_ms=1.08569 qdelay_c_ms=18.0483 ecn_mark=2754 drop=0
[QUEUE_STATS] t_ms=25904 q_pkts=8 q_bytes=12032 qdelay_l_ms=1.08079 qdelay_c_ms=19.3738 ecn_mark=2756 drop=0
[QUEUE_STATS] t_ms=25920 q_pkts=7 q_bytes=10528 qdelay_l_ms=0 qdelay_c_ms=17.8147 ecn_mark=2760 drop=0
[QUEUE_STATS] t_ms=25936 q_pkts=6 q_bytes=9024 qdelay_l_ms=1.06897 qdelay_c_ms=19.6112 ecn_mark=2761 drop=0
[QUEUE_STATS] t_ms=25952 q_pkts=8 q_bytes=12032 qdelay_l_ms=1.70776 qdelay_c_ms=14.2692 ecn_mark=2762 drop=0
[QUEUE_STATS] t_ms=25968 q_pkts=8 q_bytes=12032 qdelay_l_ms=2.13881 qdelay_c_ms=17.7057 ecn_mark=2764 drop=0
[QUEUE_STATS] t_ms=25984 q_pkts=8 q_bytes=12032 qdelay_l_ms=1.06846 qdelay_c_ms=18.6601 ecn_mark=2766 drop=0
[QUEUE_STATS] t_ms=26000 q_pkts=6 q_bytes=9024 qdelay_l_ms=2.16047 qdelay_c_ms=13.1604 ecn_mark=2767 drop=0
[QUEUE_STATS] t_ms=26016 q_pkts=2 q_bytes=3008 qdelay_l_ms=0 qdelay_c_ms=14.7856 ecn_mark=2771 drop=0
[QUEUE_STATS] t_ms=26032 q_pkts=3 q_bytes=4512 qdelay_l_ms=0 qdelay_c_ms=3.25163 ecn_mark=2771 drop=0
[QUEUE_STATS] t_ms=26048 q_pkts=2 q_bytes=3008 qdelay_l_ms=0 qdelay_c_ms=8.66129 ecn_mark=2772 drop=0
[QUEUE_STATS] t_ms=26064 q_pkts=5 q_bytes=7520 qdelay_l_ms=1.09644 qdelay_c_ms=8.64063 ecn_mark=2775 drop=0
[QUEUE_STATS] t_ms=26080 q_pkts=4 q_bytes=6016 qdelay_l_ms=0 qdelay_c_ms=10.4088 ecn_mark=2775 drop=0
[QUEUE_STATS] t_ms=26096 q_pkts=4 q_bytes=6016 qdelay_l_ms=1.05675 qdelay_c_ms=5.32048 ecn_mark=2776 drop=0
[QUEUE_STATS] t_ms=26112 q_pkts=3 q_bytes=4512 qdelay_l_ms=0 qdelay_c_ms=10.8487 ecn_mark=2778 drop=0
[QUEUE_STATS] t_ms=26128 q_pkts=2 q_bytes=3008 qdelay_l_ms=1.08156 qdelay_c_ms=5.32358 ecn_mark=2779 drop=0
[QUEUE_STATS] t_ms=26144 q_pkts=3 q_bytes=4512 qdelay_l_ms=1.07847 qdelay_c_ms=7.57252 ecn_mark=2780 drop=0
[QUEUE_STATS] t_ms=26160 q_pkts=3 q_bytes=4512 qdelay_l_ms=1.06396 qdelay_c_ms=9.35198 ecn_mark=2781 drop=0
[QUEUE_STATS] t_ms=26177 q_pkts=6 q_bytes=9024 qdelay_l_ms=1.06305 qdelay_c_ms=11.9367 ecn_mark=2783 drop=0
[QUEUE_STATS] t_ms=26193 q_pkts=4 q_bytes=6016 qdelay_l_ms=1.07894 qdelay_c_ms=5.45305 ecn_mark=2784 drop=0
[QUEUE_STATS] t_ms=26208 q_pkts=5 q_bytes=7520 qdelay_l_ms=0 qdelay_c_ms=7.46241 ecn_mark=2784 drop=0
[QUEUE_STATS] t_ms=26224 q_pkts=6 q_bytes=9024 qdelay_l_ms=0 qdelay_c_ms=15.3663 ecn_mark=2784 drop=0
[QUEUE_STATS] t_ms=26240 q_pkts=7 q_bytes=10528 qdelay_l_ms=1.06663 qdelay_c_ms=14.793 ecn_mark=2786 drop=0
[QUEUE_STATS] t_ms=26256 q_pkts=7 q_bytes=10528 qdelay_l_ms=1.08748 qdelay_c_ms=13.991 ecn_mark=2786 drop=0
[QUEUE_STATS] t_ms=26272 q_pkts=6 q_bytes=9024 qdelay_l_ms=1.82933 qdelay_c_ms=14.4631 ecn_mark=2789 drop=0
[QUEUE_STATS] t_ms=26288 q_pkts=7 q_bytes=10528 qdelay_l_ms=1.07407 qdelay_c_ms=15.6875 ecn_mark=2791 drop=0
[QUEUE_STATS] t_ms=26304 q_pkts=7 q_bytes=10528 qdelay_l_ms=0 qdelay_c_ms=18.3277 ecn_mark=2793 drop=0
[QUEUE_STATS] t_ms=26320 q_pkts=7 q_bytes=10528 qdelay_l_ms=1.0632 qdelay_c_ms=14.4051 ecn_mark=2794 drop=0
[QUEUE_STATS] t_ms=26336 q_pkts=8 q_bytes=12032 qdelay_l_ms=0 qdelay_c_ms=16.8743 ecn_mark=2796 drop=0
[QUEUE_STATS] t_ms=26352 q_pkts=7 q_bytes=10528 qdelay_l_ms=1.08299 qdelay_c_ms=17.9426 ecn_mark=2798 drop=0
[QUEUE_STATS] t_ms=26368 q_pkts=8 q_bytes=12032 qdelay_l_ms=0.071484 qdelay_c_ms=11.8609 ecn_mark=2799 drop=0
[QUEUE_STATS] t_ms=26385 q_pkts=6 q_bytes=9024 qdelay_l_ms=1.46474 qdelay_c_ms=20.3378 ecn_mark=2803 drop=0
[QUEUE_STATS] t_ms=26400 q_pkts=4 q_bytes=6016 qdelay_l_ms=1.08332 qdelay_c_ms=15.4529 ecn_mark=2804 drop=0
[QUEUE_STATS] t_ms=26416 q_pkts=4 q_bytes=6016 qdelay_l_ms=0 qdelay_c_ms=7.61943 ecn_mark=2805 drop=0
[QUEUE_STATS] t_ms=26432 q_pkts=4 q_bytes=6016 qdelay_l_ms=1.07196 qdelay_c_ms=4.3322 ecn_mark=2806 drop=0
[QUEUE_STATS] t_ms=26448 q_pkts=5 q_bytes=7520 qdelay_l_ms=1.0667 qdelay_c_ms=10.6955 ecn_mark=2806 drop=0
[QUEUE_STATS] t_ms=26464 q_pkts=4 q_bytes=6016 qdelay_l_ms=1.07252 qdelay_c_ms=8.17555 ecn_mark=2808 drop=0
[QUEUE_STATS] t_ms=26480 q_pkts=4 q_bytes=6016 qdelay_l_ms=0 qdelay_c_ms=8.78969 ecn_mark=2809 drop=0
[QUEUE_STATS] t_ms=26496 q_pkts=1 q_bytes=1504 qdelay_l_ms=1.07572 qdelay_c_ms=0 ecn_mark=2810 drop=0
[QUEUE_STATS] t_ms=26512 q_pkts=2 q_bytes=3008 qdelay_l_ms=0 qdelay_c_ms=3.19088 ecn_mark=2810 drop=0
[QUEUE_STATS] t_ms=26528 q_pkts=3 q_bytes=4512 qdelay_l_ms=1.08369 qdelay_c_ms=6.44037 ecn_mark=2811 drop=0
[QUEUE_STATS] t_ms=26544 q_pkts=1 q_bytes=1504 qdelay_l_ms=1.07442 qdelay_c_ms=0 ecn_mark=2811 drop=0
[QUEUE_STATS] t_ms=26560 q_pkts=1 q_bytes=1504 qdelay_l_ms=1.07034 qdelay_c_ms=0 ecn_mark=2812 drop=0
[QUEUE_STATS] t_ms=26576 q_pkts=2 q_bytes=3008 qdelay_l_ms=1.09549 qdelay_c_ms=3.28932 ecn_mark=2815 drop=0
[QUEUE_STATS] t_ms=26592 q_pkts=2 q_bytes=3008 qdelay_l_ms=1.07986 qdelay_c_ms=4.2451 ecn_mark=2816 drop=0
[QUEUE_STATS] t_ms=26608 q_pkts=3 q_bytes=4512 qdelay_l_ms=1.0826 qdelay_c_ms=3.23815 ecn_mark=2820 drop=0
[QUEUE_STATS] t_ms=26624 q_pkts=2 q_bytes=3008 qdelay_l_ms=0 qdelay_c_ms=1.7407 ecn_mark=2820 drop=0
[QUEUE_STATS] t_ms=26640 q_pkts=3 q_bytes=4512 qdelay_l_ms=1.08278 qdelay_c_ms=5.3842 ecn_mark=2823 drop=0
[QUEUE_STATS] t_ms=26656 q_pkts=2 q_bytes=3008 qdelay_l_ms=0.757475 qdelay_c_ms=0 ecn_mark=2823 drop=0
[QUEUE_STATS] t_ms=26672 q_pkts=4 q_bytes=6016 qdelay_l_ms=2.20376 qdelay_c_ms=4.31767 ecn_mark=2825 drop=0
[QUEUE_STATS] t_ms=26688 q_pkts=1 q_bytes=1504 qdelay_l_ms=1.47199 qdelay_c_ms=0 ecn_mark=2828 drop=0
[QUEUE_STATS] t_ms=26704 q_pkts=4 q_bytes=6016 qdelay_l_ms=1.09384 qdelay_c_ms=5.38732 ecn_mark=2829 drop=0
[QUEUE_STATS] t_ms=26720 q_pkts=3 q_bytes=4512 qdelay_l_ms=0 qdelay_c_ms=8.03722 ecn_mark=2829 drop=0
[QUEUE_STATS] t_ms=26736 q_pkts=3 q_bytes=4512 qdelay_l_ms=2.15023 qdelay_c_ms=6.43418 ecn_mark=2832 drop=0
[QUEUE_STATS] t_ms=26752 q_pkts=2 q_bytes=3008 qdelay_l_ms=0 qdelay_c_ms=10.4268 ecn_mark=2834 drop=0
[QUEUE_STATS] t_ms=26768 q_pkts=5 q_bytes=6068 qdelay_l_ms=1.09129 qdelay_c_ms=7.3063 ecn_mark=2835 drop=0
[QUEUE_STATS] t_ms=26784 q_pkts=4 q_bytes=6016 qdelay_l_ms=1.0744 qdelay_c_ms=8.66145 ecn_mark=2836 drop=0
[QUEUE_STATS] t_ms=26800 q_pkts=4 q_bytes=6016 qdelay_l_ms=1.06923 qdelay_c_ms=8.68922 ecn_mark=2838 drop=0
[QUEUE_STATS] t_ms=26816 q_pkts=4 q_bytes=6016 qdelay_l_ms=0.814492 qdelay_c_ms=5.1081 ecn_mark=2840 drop=0
[QUEUE_STATS] t_ms=26832 q_pkts=3 q_bytes=4512 qdelay_l_ms=0 qdelay_c_ms=6.26019 ecn_mark=2843 drop=0
[QUEUE_STATS] t_ms=26848 q_pkts=4 q_bytes=6016 qdelay_l_ms=0 qdelay_c_ms=7.80354 ecn_mark=2845 drop=0
[QUEUE_STATS] t_ms=26864 q_pkts=5 q_bytes=7520 qdelay_l_ms=0 qdelay_c_ms=8.80243 ecn_mark=2846 drop=0
[QUEUE_STATS] t_ms=26880 q_pkts=2 q_bytes=3008 qdelay_l_ms=0 qdelay_c_ms=7.4882 ecn_mark=2848 drop=0
[QUEUE_STATS] t_ms=26896 q_pkts=5 q_bytes=7520 qdelay_l_ms=0 qdelay_c_ms=9.7002 ecn_mark=2849 drop=0
[QUEUE_STATS] t_ms=26912 q_pkts=4 q_bytes=6016 qdelay_l_ms=0 qdelay_c_ms=10.7594 ecn_mark=2849 drop=0
[QUEUE_STATS] t_ms=26928 q_pkts=5 q_bytes=7520 qdelay_l_ms=2.14183 qdelay_c_ms=10.1721 ecn_mark=2850 drop=0
[QUEUE_STATS] t_ms=26944 q_pkts=6 q_bytes=9024 qdelay_l_ms=1.87805 qdelay_c_ms=10.135 ecn_mark=2851 drop=0
[QUEUE_STATS] t_ms=26960 q_pkts=6 q_bytes=9024 qdelay_l_ms=1.01324 qdelay_c_ms=11.9968 ecn_mark=2854 drop=0
[QUEUE_STATS] t_ms=26976 q_pkts=7 q_bytes=10528 qdelay_l_ms=1.07647 qdelay_c_ms=12.127 ecn_mark=2854 drop=0
[QUEUE_STATS] t_ms=26992 q_pkts=7 q_bytes=10528 qdelay_l_ms=1.06988 qdelay_c_ms=15.0436 ecn_mark=2857 drop=0
[QUEUE_STATS] t_ms=27008 q_pkts=7 q_bytes=10528 qdelay_l_ms=1.06319 qdelay_c_ms=14.6316 ecn_mark=2857 drop=0
[QUEUE_STATS] t_ms=27024 q_pkts=7 q_bytes=10528 qdelay_l_ms=1.02773 qdelay_c_ms=18.5976 ecn_mark=2860 drop=0
[QUEUE_STATS] t_ms=27040 q_pkts=8 q_bytes=12032 qdelay_l_ms=1.07392 qdelay_c_ms=16.2029 ecn_mark=2862 drop=0
[QUEUE_STATS] t_ms=27056 q_pkts=6 q_bytes=9024 qdelay_l_ms=0 qdelay_c_ms=20.5104 ecn_mark=2863 drop=0
[QUEUE_STATS] t_ms=27072 q_pkts=1 q_bytes=1504 qdelay_l_ms=0 qdelay_c_ms=10.3853 ecn_mark=2864 drop=0
[QUEUE_STATS] t_ms=27088 q_pkts=2 q_bytes=3008 qdelay_l_ms=1.06784 qdelay_c_ms=6.39383 ecn_mark=2867 drop=0
[QUEUE_STATS] t_ms=27104 q_pkts=3 q_bytes=4512 qdelay_l_ms=1.0622 qdelay_c_ms=3.23029 ecn_mark=2867 drop=0
[QUEUE_STATS] t_ms=27120 q_pkts=5 q_bytes=7520 qdelay_l_ms=0 qdelay_c_ms=7.6225 ecn_mark=2870 drop=0
[QUEUE_STATS] t_ms=27136 q_pkts=4 q_bytes=6016 qdelay_l_ms=1.06223 qdelay_c_ms=3.25184 ecn_mark=2870 drop=0
[QUEUE_STATS] t_ms=27152 q_pkts=2 q_bytes=3008 qdelay_l_ms=0 qdelay_c_ms=7.48198 ecn_mark=2873 drop=0
[QUEUE_STATS] t_ms=27168 q_pkts=2 q_bytes=3008 qdelay_l_ms=0 qdelay_c_ms=8.94331 ecn_mark=2873 drop=0
[QUEUE_STATS] t_ms=27184 q_pkts=5 q_bytes=7520 qdelay_l_ms=1.07703 qdelay_c_ms=7.52449 ecn_mark=2875 drop=0
[QUEUE_STATS] t_ms=27200 q_pkts=2 q_bytes=3008 qdelay_l_ms=0 qdelay_c_ms=7.59739 ecn_mark=2878 drop=0
[QUEUE_STATS] t_ms=27217 q_pkts=5 q_bytes=7520 qdelay_l_ms=1.07346 qdelay_c_ms=8.59281 ecn_mark=2878 drop=0
[QUEUE_STATS] t_ms=27232 q_pkts=4 q_bytes=6016 qdelay_l_ms=1.06301 qdelay_c_ms=10.4864 ecn_mark=2881 drop=0
[QUEUE_STATS] t_ms=27248 q_pkts=4 q_bytes=6016 qdelay_l_ms=2.1194 qdelay_c_ms=5.89411 ecn_mark=2883 drop=0
[QUEUE_STATS] t_ms=27264 q_pkts=6 q_bytes=9024 qdelay_l_ms=1.06712 qdelay_c_ms=11.7661 ecn_mark=2883 drop=0
[QUEUE_STATS] t_ms=27280 q_pkts=6 q_bytes=9024 qdelay_l_ms=2.13531 qdelay_c_ms=10.4311 ecn_mark=2883 drop=0
[QUEUE_STATS] t_ms=27296 q_pkts=7 q_bytes=10528 qdelay_l_ms=1.07821 qdelay_c_ms=13.8362 ecn_mark=2883 drop=0
[QUEUE_STATS] t_ms=27312 q_pkts=6 q_bytes=9024 qdelay_l_ms=2.13971 qdelay_c_ms=11.9475 ecn_mark=2888 drop=0
[QUEUE_STATS] t_ms=27328 q_pkts=7 q_bytes=10528 qdelay_l_ms=0 qdelay_c_ms=15.0058 ecn_mark=2888 drop=0
[QUEUE_STATS] t_ms=27344 q_pkts=5 q_bytes=7520 qdelay_l_ms=0 qdelay_c_ms=13.4773 ecn_mark=2889 drop=0
[QUEUE_STATS] t_ms=27361 q_pkts=8 q_bytes=12032 qdelay_l_ms=1.07062 qdelay_c_ms=12.4943 ecn_mark=2891 drop=0
[QUEUE_STATS] t_ms=27377 q_pkts=7 q_bytes=10528 qdelay_l_ms=1.08133 qdelay_c_ms=17.0312 ecn_mark=2891 drop=0
[QUEUE_STATS] t_ms=27392 q_pkts=6 q_bytes=9024 qdelay_l_ms=0 qdelay_c_ms=18.0525 ecn_mark=2892 drop=0
[QUEUE_STATS] t_ms=27408 q_pkts=7 q_bytes=10528 qdelay_l_ms=0 qdelay_c_ms=15.2864 ecn_mark=2892 drop=0
[QUEUE_STATS] t_ms=27424 q_pkts=8 q_bytes=12032 qdelay_l_ms=1.07224 qdelay_c_ms=16.5097 ecn_mark=2893 drop=0
[QUEUE_STATS] t_ms=27440 q_pkts=8 q_bytes=12032 qdelay_l_ms=1.07197 qdelay_c_ms=14.6661 ecn_mark=2894 drop=0
[QUEUE_STATS] t_ms=27456 q_pkts=8 q_bytes=12032 qdelay_l_ms=1.0925 qdelay_c_ms=17.705 ecn_mark=2896 drop=0
[QUEUE_STATS] t_ms=27472 q_pkts=8 q_bytes=12032 qdelay_l_ms=1.07287 qdelay_c_ms=15.7545 ecn_mark=2897 drop=0
[QUEUE_STATS] t_ms=27488 q_pkts=9 q_bytes=13536 qdelay_l_ms=2.06788 qdelay_c_ms=17.1989 ecn_mark=2900 drop=0
[QUEUE_STATS] t_ms=27504 q_pkts=7 q_bytes=10528 qdelay_l_ms=0 qdelay_c_ms=17.955 ecn_mark=2901 drop=0
[QUEUE_STATS] t_ms=27520 q_pkts=8 q_bytes=12032 qdelay_l_ms=1.08705 qdelay_c_ms=15.6191 ecn_mark=2902 drop=0
[QUEUE_STATS] t_ms=27536 q_pkts=9 q_bytes=13536 qdelay_l_ms=0 qdelay_c_ms=17.4868 ecn_mark=2904 drop=0
[QUEUE_STATS] t_ms=27552 q_pkts=9 q_bytes=13536 qdelay_l_ms=1.06394 qdelay_c_ms=21.8263 ecn_mark=2905 drop=0
[QUEUE_STATS] t_ms=27568 q_pkts=10 q_bytes=15040 qdelay_l_ms=1.07069 qdelay_c_ms=16.8291 ecn_mark=2906 drop=0
[QUEUE_STATS] t_ms=27584 q_pkts=9 q_bytes=13536 qdelay_l_ms=1.01149 qdelay_c_ms=22.5253 ecn_mark=2907 drop=0
[QUEUE_STATS] t_ms=27600 q_pkts=9 q_bytes=13536 qdelay_l_ms=0.798582 qdelay_c_ms=18.1408 ecn_mark=2908 drop=0
[QUEUE_STATS] t_ms=27616 q_pkts=11 q_bytes=16544 qdelay_l_ms=0 qdelay_c_ms=25.5331 ecn_mark=2912 drop=0
[QUEUE_STATS] t_ms=27632 q_pkts=10 q_bytes=15040 qdelay_l_ms=1.06583 qdelay_c_ms=20.5825 ecn_mark=2912 drop=0
[QUEUE_STATS] t_ms=27648 q_pkts=11 q_bytes=16544 qdelay_l_ms=1.07146 qdelay_c_ms=22.8883 ecn_mark=2914 drop=0
[QUEUE_STATS] t_ms=27664 q_pkts=10 q_bytes=15040 qdelay_l_ms=2.12485 qdelay_c_ms=24.5113 ecn_mark=2916 drop=0
[QUEUE_STATS] t_ms=27680 q_pkts=10 q_bytes=15040 qdelay_l_ms=2.12249 qdelay_c_ms=24.3207 ecn_mark=2918 drop=0
[QUEUE_STATS] t_ms=27697 q_pkts=11 q_bytes=16544 qdelay_l_ms=1.07642 qdelay_c_ms=21.5954 ecn_mark=2920 drop=0
[QUEUE_STATS] t_ms=27712 q_pkts=11 q_bytes=16544 qdelay_l_ms=1.07327 qdelay_c_ms=24.775 ecn_mark=2921 drop=0
[QUEUE_STATS] t_ms=27728 q_pkts=10 q_bytes=15040 qdelay_l_ms=2.12166 qdelay_c_ms=21.6048 ecn_mark=2922 drop=0
[QUEUE_STATS] t_ms=27744 q_pkts=11 q_bytes=16544 qdelay_l_ms=0 qdelay_c_ms=21.5726 ecn_mark=2922 drop=0
[QUEUE_STATS] t_ms=27760 q_pkts=11 q_bytes=16544 qdelay_l_ms=0 qdelay_c_ms=25.0416 ecn_mark=2926 drop=0
[QUEUE_STATS] t_ms=27776 q_pkts=12 q_bytes=18048 qdelay_l_ms=1.07669 qdelay_c_ms=22.9935 ecn_mark=2929 drop=0
[QUEUE_STATS] t_ms=27792 q_pkts=11 q_bytes=16544 qdelay_l_ms=0 qdelay_c_ms=27.0827 ecn_mark=2931 drop=0
[QUEUE_STATS] t_ms=27808 q_pkts=11 q_bytes=16544 qdelay_l_ms=0 qdelay_c_ms=20.39 ecn_mark=2932 drop=0
[QUEUE_STATS] t_ms=27824 q_pkts=11 q_bytes=16544 qdelay_l_ms=0 qdelay_c_ms=19.6964 ecn_mark=2932 drop=0
[QUEUE_STATS] t_ms=27840 q_pkts=12 q_bytes=18048 qdelay_l_ms=0 qdelay_c_ms=23.1083 ecn_mark=2933 drop=0
[QUEUE_STATS] t_ms=27856 q_pkts=14 q_bytes=21056 qdelay_l_ms=0 qdelay_c_ms=26.3823 ecn_mark=2934 drop=0
[QUEUE_STATS] t_ms=27872 q_pkts=12 q_bytes=18048 qdelay_l_ms=0 qdelay_c_ms=28.765 ecn_mark=2934 drop=0
[QUEUE_STATS] t_ms=27888 q_pkts=11 q_bytes=16544 qdelay_l_ms=1.06283 qdelay_c_ms=29.8503 ecn_mark=2935 drop=0
[QUEUE_STATS] t_ms=27904 q_pkts=13 q_bytes=19552 qdelay_l_ms=1.07341 qdelay_c_ms=22.6182 ecn_mark=2938 drop=0
[QUEUE_STATS] t_ms=27920 q_pkts=13 q_bytes=19552 qdelay_l_ms=1.06847 qdelay_c_ms=29.1803 ecn_mark=2939 drop=0
[QUEUE_STATS] t_ms=27936 q_pkts=11 q_bytes=16544 qdelay_l_ms=0 qdelay_c_ms=29.5321 ecn_mark=2941 drop=0
[QUEUE_STATS] t_ms=27952 q_pkts=8 q_bytes=12032 qdelay_l_ms=1.06686 qdelay_c_ms=28.5392 ecn_mark=2942 drop=0
[QUEUE_STATS] t_ms=27968 q_pkts=8 q_bytes=12032 qdelay_l_ms=1.92428 qdelay_c_ms=22.9712 ecn_mark=2946 drop=0
[QUEUE_STATS] t_ms=27984 q_pkts=6 q_bytes=9024 qdelay_l_ms=1.06958 qdelay_c_ms=14.0844 ecn_mark=2947 drop=0
[QUEUE_STATS] t_ms=28000 q_pkts=7 q_bytes=10528 qdelay_l_ms=2.15751 qdelay_c_ms=9.69714 ecn_mark=2949 drop=0
[QUEUE_STATS] t_ms=28016 q_pkts=7 q_bytes=10528 qdelay_l_ms=1.06241 qdelay_c_ms=14.3015 ecn_mark=2953 drop=0
[QUEUE_STATS] t_ms=28032 q_pkts=8 q_bytes=12032 qdelay_l_ms=0 qdelay_c_ms=16.252 ecn_mark=2954 drop=0
[QUEUE_STATS] t_ms=28048 q_pkts=8 q_bytes=12032 qdelay_l_ms=1.07404 qdelay_c_ms=18.3447 ecn_mark=2954 drop=0
[QUEUE_STATS] t_ms=28064 q_pkts=9 q_bytes=13536 qdelay_l_ms=1.08073 qdelay_c_ms=17.1062 ecn_mark=2956 drop=0
[QUEUE_STATS] t_ms=28081 q_pkts=8 q_bytes=12032 qdelay_l_ms=1.07258 qdelay_c_ms=14.8385 ecn_mark=2959 drop=0
[QUEUE_STATS] t_ms=28096 q_pkts=9 q_bytes=13536 qdelay_l_ms=0 qdelay_c_ms=18.808 ecn_mark=2961 drop=0
[QUEUE_STATS] t_ms=28112 q_pkts=7 q_bytes=10528 qdelay_l_ms=1.06539 qdelay_c_ms=17.4009 ecn_mark=2961 drop=0
[QUEUE_STATS] t_ms=28128 q_pkts=9 q_bytes=13536 qdelay_l_ms=1.06748 qdelay_c_ms=12.5686 ecn_mark=2963 drop=0
[QUEUE_STATS] t_ms=28144 q_pkts=8 q_bytes=12032 qdelay_l_ms=0.53143 qdelay_c_ms=18.1357 ecn_mark=2964 drop=0
[QUEUE_STATS] t_ms=28160 q_pkts=9 q_bytes=13536 qdelay_l_ms=0 qdelay_c_ms=19.3128 ecn_mark=2966 drop=0
[QUEUE_STATS] t_ms=28176 q_pkts=7 q_bytes=10528 qdelay_l_ms=1.06523 qdelay_c_ms=15.2398 ecn_mark=2969 drop=0
[QUEUE_STATS] t_ms=28192 q_pkts=9 q_bytes=13536 qdelay_l_ms=1.07155 qdelay_c_ms=16.2106 ecn_mark=2970 drop=0
[QUEUE_STATS] t_ms=28209 q_pkts=9 q_bytes=13536 qdelay_l_ms=1.07208 qdelay_c_ms=18.739 ecn_mark=2971 drop=0
[QUEUE_STATS] t_ms=28224 q_pkts=10 q_bytes=15040 qdelay_l_ms=0 qdelay_c_ms=21.3378 ecn_mark=2973 drop=0
[QUEUE_STATS] t_ms=28240 q_pkts=10 q_bytes=15040 qdelay_l_ms=1.07294 qdelay_c_ms=19.2332 ecn_mark=2973 drop=0
[QUEUE_STATS] t_ms=28256 q_pkts=11 q_bytes=16544 qdelay_l_ms=1.06303 qdelay_c_ms=21.1765 ecn_mark=2973 drop=0
[QUEUE_STATS] t_ms=28272 q_pkts=10 q_bytes=15040 qdelay_l_ms=0 qdelay_c_ms=23.5964 ecn_mark=2974 drop=0
[QUEUE_STATS] t_ms=28288 q_pkts=11 q_bytes=16544 qdelay_l_ms=1.06918 qdelay_c_ms=25.6961 ecn_mark=2974 drop=0
[QUEUE_STATS] t_ms=28305 q_pkts=12 q_bytes=18048 qdelay_l_ms=1.08563 qdelay_c_ms=24.594 ecn_mark=2976 drop=0
[QUEUE_STATS] t_ms=28320 q_pkts=11 q_bytes=16544 qdelay_l_ms=2.5346 qdelay_c_ms=24.1889 ecn_mark=2977 drop=0
[QUEUE_STATS] t_ms=28336 q_pkts=11 q_bytes=16544 qdelay_l_ms=0 qdelay_c_ms=28.7494 ecn_mark=2979 drop=0
[QUEUE_STATS] t_ms=28352 q_pkts=8 q_bytes=12032 qdelay_l_ms=1.07008 qdelay_c_ms=27.1541 ecn_mark=2981 drop=0
[QUEUE_STATS] t_ms=28368 q_pkts=6 q_bytes=9024 qdelay_l_ms=1.07245 qdelay_c_ms=27.3219 ecn_mark=2982 drop=0
[QUEUE_STATS] t_ms=28384 q_pkts=5 q_bytes=7520 qdelay_l_ms=0 qdelay_c_ms=12.5251 ecn_mark=2984 drop=0
[QUEUE_STATS] t_ms=28400 q_pkts=6 q_bytes=9024 qdelay_l_ms=1.07212 qdelay_c_ms=8.66076 ecn_mark=2986 drop=0
[QUEUE_STATS] t_ms=28416 q_pkts=4 q_bytes=6016 qdelay_l_ms=0 qdelay_c_ms=12.3806 ecn_mark=2987 drop=0
[QUEUE_STATS] t_ms=28432 q_pkts=7 q_bytes=10528 qdelay_l_ms=1.07209 qdelay_c_ms=10.8233 ecn_mark=2987 drop=0
[QUEUE_STATS] t_ms=28448 q_pkts=3 q_bytes=4512 qdelay_l_ms=0 qdelay_c_ms=5.99238 ecn_mark=2988 drop=0
[QUEUE_STATS] t_ms=28464 q_pkts=6 q_bytes=9024 qdelay_l_ms=1.06668 qdelay_c_ms=8.27777 ecn_mark=2989 drop=0
[QUEUE_STATS] t_ms=28480 q_pkts=6 q_bytes=9024 qdelay_l_ms=1.07795 qdelay_c_ms=13.1616 ecn_mark=2990 drop=0
[QUEUE_STATS] t_ms=28496 q_pkts=7 q_bytes=10528 qdelay_l_ms=1.0308 qdelay_c_ms=10.7064 ecn_mark=2993 drop=0
[QUEUE_STATS] t_ms=28512 q_pkts=6 q_bytes=9024 qdelay_l_ms=1.49383 qdelay_c_ms=8.82054 ecn_mark=2995 drop=0
[QUEUE_STATS] t_ms=28528 q_pkts=8 q_bytes=12032 qdelay_l_ms=1.03621 qdelay_c_ms=10.7963 ecn_mark=2996 drop=0
[QUEUE_STATS] t_ms=28544 q_pkts=7 q_bytes=10528 qdelay_l_ms=1.07381 qdelay_c_ms=17.6907 ecn_mark=2997 drop=0
[QUEUE_STATS] t_ms=28560 q_pkts=8 q_bytes=12032 qdelay_l_ms=1.0624 qdelay_c_ms=15.5273 ecn_mark=2997 drop=0
[QUEUE_STATS] t_ms=28576 q_pkts=8 q_bytes=12032 qdelay_l_ms=1.07322 qdelay_c_ms=16.9479 ecn_mark=2997 drop=0
[QUEUE_STATS] t_ms=28592 q_pkts=9 q_bytes=13536 qdelay_l_ms=0 qdelay_c_ms=23.2248 ecn_mark=3000 drop=0
[QUEUE_STATS] t_ms=28608 q_pkts=9 q_bytes=13536 qdelay_l_ms=1.06177 qdelay_c_ms=17.1069 ecn_mark=3001 drop=0
[QUEUE_STATS] t_ms=28625 q_pkts=10 q_bytes=15040 qdelay_l_ms=1.06782 qdelay_c_ms=23.3211 ecn_mark=3002 drop=0
[QUEUE_STATS] t_ms=28640 q_pkts=8 q_bytes=12032 qdelay_l_ms=2.13554 qdelay_c_ms=18.9334 ecn_mark=3004 drop=0
[QUEUE_STATS] t_ms=28657 q_pkts=10 q_bytes=15040 qdelay_l_ms=1.07152 qdelay_c_ms=23.8573 ecn_mark=3005 drop=0
[QUEUE_STATS] t_ms=28672 q_pkts=9 q_bytes=13536 qdelay_l_ms=0.450307 qdelay_c_ms=19.3989 ecn_mark=3005 drop=0
[QUEUE_STATS] t_ms=28688 q_pkts=10 q_bytes=15040 qdelay_l_ms=1.07136 qdelay_c_ms=21.4183 ecn_mark=3007 drop=0
[QUEUE_STATS] t_ms=28704 q_pkts=10 q_bytes=15040 qdelay_l_ms=0 qdelay_c_ms=21.3814 ecn_mark=3010 drop=0
[QUEUE_STATS] t_ms=28720 q_pkts=10 q_bytes=15040 qdelay_l_ms=1.06584 qdelay_c_ms=26.9574 ecn_mark=3012 drop=0
[QUEUE_STATS] t_ms=28736 q_pkts=8 q_bytes=12032 qdelay_l_ms=0 qdelay_c_ms=25.4477 ecn_mark=3013 drop=0
[QUEUE_STATS] t_ms=28752 q_pkts=9 q_bytes=13536 qdelay_l_ms=2.42536 qdelay_c_ms=22.0772 ecn_mark=3015 drop=0
[QUEUE_STATS] t_ms=28768 q_pkts=11 q_bytes=16544 qdelay_l_ms=0 qdelay_c_ms=25.3881 ecn_mark=3016 drop=0
[QUEUE_STATS] t_ms=28784 q_pkts=10 q_bytes=15040 qdelay_l_ms=1.09515 qdelay_c_ms=23.2037 ecn_mark=3016 drop=0
[QUEUE_STATS] t_ms=28800 q_pkts=11 q_bytes=16544 qdelay_l_ms=1.06621 qdelay_c_ms=25.7224 ecn_mark=3017 drop=0
[QUEUE_STATS] t_ms=28816 q_pkts=11 q_bytes=16544 qdelay_l_ms=1.07226 qdelay_c_ms=25.7905 ecn_mark=3019 drop=0
[QUEUE_STATS] t_ms=28832 q_pkts=12 q_bytes=18048 qdelay_l_ms=1.0704 qdelay_c_ms=29.9418 ecn_mark=3021 drop=0
[QUEUE_STATS] t_ms=28848 q_pkts=11 q_bytes=16544 qdelay_l_ms=2.13707 qdelay_c_ms=28.4151 ecn_mark=3023 drop=0
[QUEUE_STATS] t_ms=28864 q_pkts=10 q_bytes=15040 qdelay_l_ms=2.13666 qdelay_c_ms=25.1316 ecn_mark=3025 drop=0
[QUEUE_STATS] t_ms=28880 q_pkts=8 q_bytes=12032 qdelay_l_ms=1.06209 qdelay_c_ms=28.1147 ecn_mark=3025 drop=0
[QUEUE_STATS] t_ms=28896 q_pkts=3 q_bytes=4512 qdelay_l_ms=1.06835 qdelay_c_ms=18.3883 ecn_mark=3026 drop=0
[QUEUE_STATS] t_ms=28912 q_pkts=6 q_bytes=9024 qdelay_l_ms=1.06734 qdelay_c_ms=10.7665 ecn_mark=3026 drop=0
[QUEUE_STATS] t_ms=28928 q_pkts=5 q_bytes=7520 qdelay_l_ms=1.07073 qdelay_c_ms=15.4508 ecn_mark=3028 drop=0
[QUEUE_STATS] t_ms=28944 q_pkts=6 q_bytes=9024 qdelay_l_ms=1.06751 qdelay_c_ms=10.9331 ecn_mark=3032 drop=0
[QUEUE_STATS] t_ms=28960 q_pkts=7 q_bytes=10528 qdelay_l_ms=1.06513 qdelay_c_ms=15.5858 ecn_mark=3035 drop=0
[QUEUE_STATS] t_ms=28976 q_pkts=7 q_bytes=10528 qdelay_l_ms=1.06794 qdelay_c_ms=13.4017 ecn_mark=3036 drop=0
[QUEUE_STATS] t_ms=28992 q_pkts=6 q_bytes=9024 qdelay_l_ms=1.06504 qdelay_c_ms=17.531 ecn_mark=3038 drop=0
[QUEUE_STATS] t_ms=29008 q_pkts=7 q_bytes=10528 qdelay_l_ms=1.07869 qdelay_c_ms=15.5218 ecn_mark=3038 drop=0
[QUEUE_STATS] t_ms=29024 q_pkts=6 q_bytes=9024 qdelay_l_ms=1.66241 qdelay_c_ms=11.8268 ecn_mark=3038 drop=0
[QUEUE_STATS] t_ms=29040 q_pkts=7 q_bytes=10528 qdelay_l_ms=1.07103 qdelay_c_ms=21.133 ecn_mark=3041 drop=0
[QUEUE_STATS] t_ms=29056 q_pkts=8 q_bytes=12032 qdelay_l_ms=0 qdelay_c_ms=18.1514 ecn_mark=3043 drop=0
[QUEUE_STATS] t_ms=29072 q_pkts=9 q_bytes=13536 qdelay_l_ms=0 qdelay_c_ms=26.5084 ecn_mark=3044 drop=0
[QUEUE_STATS] t_ms=29088 q_pkts=7 q_bytes=10528 qdelay_l_ms=0 qdelay_c_ms=19.0956 ecn_mark=3044 drop=0
[QUEUE_STATS] t_ms=29104 q_pkts=9 q_bytes=13536 qdelay_l_ms=1.08062 qdelay_c_ms=23.6353 ecn_mark=3046 drop=0
[QUEUE_STATS] t_ms=29120 q_pkts=8 q_bytes=12032 qdelay_l_ms=1.07269 qdelay_c_ms=20.6258 ecn_mark=3049 drop=0
[QUEUE_STATS] t_ms=29136 q_pkts=9 q_bytes=13536 qdelay_l_ms=2.21036 qdelay_c_ms=18.3408 ecn_mark=3051 drop=0
[QUEUE_STATS] t_ms=29152 q_pkts=8 q_bytes=12032 qdelay_l_ms=1.07134 qdelay_c_ms=19.4427 ecn_mark=3054 drop=0
[QUEUE_STATS] t_ms=29168 q_pkts=7 q_bytes=10528 qdelay_l_ms=1.06345 qdelay_c_ms=12.7964 ecn_mark=3057 drop=0
[QUEUE_STATS] t_ms=29184 q_pkts=7 q_bytes=10528 qdelay_l_ms=2.13635 qdelay_c_ms=21.4613 ecn_mark=3060 drop=0
[QUEUE_STATS] t_ms=29200 q_pkts=6 q_bytes=9024 qdelay_l_ms=1.50132 qdelay_c_ms=14.7652 ecn_mark=3063 drop=0
[QUEUE_STATS] t_ms=29216 q_pkts=8 q_bytes=12032 qdelay_l_ms=0 qdelay_c_ms=16.0633 ecn_mark=3064 drop=0
[QUEUE_STATS] t_ms=29232 q_pkts=7 q_bytes=10528 qdelay_l_ms=1.06397 qdelay_c_ms=17.8336 ecn_mark=3064 drop=0
[QUEUE_STATS] t_ms=29248 q_pkts=10 q_bytes=15040 qdelay_l_ms=0 qdelay_c_ms=21.2212 ecn_mark=3066 drop=0
[QUEUE_STATS] t_ms=29264 q_pkts=10 q_bytes=15040 qdelay_l_ms=1.08193 qdelay_c_ms=22.8373 ecn_mark=3067 drop=0
[QUEUE_STATS] t_ms=29280 q_pkts=10 q_bytes=15040 qdelay_l_ms=1.10455 qdelay_c_ms=23.8254 ecn_mark=3068 drop=0
[QUEUE_STATS] t_ms=29296 q_pkts=8 q_bytes=12032 qdelay_l_ms=0.351171 qdelay_c_ms=22.6749 ecn_mark=3070 drop=0
[QUEUE_STATS] t_ms=29312 q_pkts=7 q_bytes=10528 qdelay_l_ms=1.10374 qdelay_c_ms=19.0128 ecn_mark=3073 drop=0
[QUEUE_STATS] t_ms=29328 q_pkts=5 q_bytes=7520 qdelay_l_ms=1.08545 qdelay_c_ms=17.4515 ecn_mark=3075 drop=0
[QUEUE_STATS] t_ms=29344 q_pkts=3 q_bytes=4512 qdelay_l_ms=1.06324 qdelay_c_ms=5.52654 ecn_mark=3076 drop=0
[QUEUE_STATS] t_ms=29360 q_pkts=4 q_bytes=6016 qdelay_l_ms=1.08074 qdelay_c_ms=5.3453 ecn_mark=3078 drop=0
[QUEUE_STATS] t_ms=29376 q_pkts=2 q_bytes=3008 qdelay_l_ms=1.08646 qdelay_c_ms=4.02198 ecn_mark=3079 drop=0
[QUEUE_STATS] t_ms=29392 q_pkts=4 q_bytes=6016 qdelay_l_ms=0.93023 qdelay_c_ms=7.6287 ecn_mark=3080 drop=0
[QUEUE_STATS] t_ms=29408 q_pkts=3 q_bytes=4512 qdelay_l_ms=1.07569 qdelay_c_ms=2.19397 ecn_mark=3080 drop=0
[QUEUE_STATS] t_ms=29424 q_pkts=4 q_bytes=6016 qdelay_l_ms=1.09251 qdelay_c_ms=7.13037 ecn_mark=3081 drop=0
[QUEUE_STATS] t_ms=29440 q_pkts=5 q_bytes=7520 qdelay_l_ms=1.06855 qdelay_c_ms=12.0595 ecn_mark=3082 drop=0
[QUEUE_STATS] t_ms=29456 q_pkts=5 q_bytes=7520 qdelay_l_ms=1.0812 qdelay_c_ms=7.54527 ecn_mark=3084 drop=0
[QUEUE_STATS] t_ms=29472 q_pkts=4 q_bytes=6016 qdelay_l_ms=0 qdelay_c_ms=9.41883 ecn_mark=3085 drop=0
[QUEUE_STATS] t_ms=29488 q_pkts=5 q_bytes=7520 qdelay_l_ms=0 qdelay_c_ms=11.7022 ecn_mark=3087 drop=0
[QUEUE_STATS] t_ms=29504 q_pkts=5 q_bytes=7520 qdelay_l_ms=1.5094 qdelay_c_ms=8.68179 ecn_mark=3089 drop=0
[QUEUE_STATS] t_ms=29520 q_pkts=6 q_bytes=9024 qdelay_l_ms=1.06947 qdelay_c_ms=9.73024 ecn_mark=3091 drop=0
[QUEUE_STATS] t_ms=29536 q_pkts=7 q_bytes=10528 qdelay_l_ms=1.07197 qdelay_c_ms=13.3271 ecn_mark=3095 drop=0
[QUEUE_STATS] t_ms=29552 q_pkts=5 q_bytes=7520 qdelay_l_ms=1.06396 qdelay_c_ms=6.91606 ecn_mark=3097 drop=0
[QUEUE_STATS] t_ms=29568 q_pkts=5 q_bytes=7520 qdelay_l_ms=0 qdelay_c_ms=10.4556 ecn_mark=3098 drop=0
[QUEUE_STATS] t_ms=29584 q_pkts=6 q_bytes=9024 qdelay_l_ms=1.06042 qdelay_c_ms=12.8997 ecn_mark=3101 drop=0
[QUEUE_STATS] t_ms=29600 q_pkts=7 q_bytes=10528 qdelay_l_ms=1.06299 qdelay_c_ms=8.12904 ecn_mark=3103 drop=0
[QUEUE_STATS] t_ms=29616 q_pkts=8 q_bytes=12032 qdelay_l_ms=1.06166 qdelay_c_ms=18.3466 ecn_mark=3104 drop=0
[QUEUE_STATS] t_ms=29632 q_pkts=7 q_bytes=10528 qdelay_l_ms=1.06712 qdelay_c_ms=14.9279 ecn_mark=3105 drop=0
[QUEUE_STATS] t_ms=29648 q_pkts=7 q_bytes=10528 qdelay_l_ms=0 qdelay_c_ms=16.304 ecn_mark=3107 drop=0
[QUEUE_STATS] t_ms=29664 q_pkts=7 q_bytes=10528 qdelay_l_ms=1.07328 qdelay_c_ms=13.5242 ecn_mark=3110 drop=0
[QUEUE_STATS] t_ms=29680 q_pkts=9 q_bytes=13536 qdelay_l_ms=1.08027 qdelay_c_ms=13.8035 ecn_mark=3113 drop=0
[QUEUE_STATS] t_ms=29696 q_pkts=8 q_bytes=12032 qdelay_l_ms=0.636748 qdelay_c_ms=17.2124 ecn_mark=3115 drop=0
[QUEUE_STATS] t_ms=29712 q_pkts=8 q_bytes=12032 qdelay_l_ms=1.07959 qdelay_c_ms=11.8305 ecn_mark=3116 drop=0
[QUEUE_STATS] t_ms=29728 q_pkts=8 q_bytes=12032 qdelay_l_ms=1.07204 qdelay_c_ms=18.2671 ecn_mark=3116 drop=0
[QUEUE_STATS] t_ms=29744 q_pkts=9 q_bytes=13536 qdelay_l_ms=1.0807 qdelay_c_ms=15.8046 ecn_mark=3117 drop=0
[QUEUE_STATS] t_ms=29760 q_pkts=8 q_bytes=12032 qdelay_l_ms=0 qdelay_c_ms=17.7482 ecn_mark=3119 drop=0
[QUEUE_STATS] t_ms=29776 q_pkts=9 q_bytes=13536 qdelay_l_ms=1.08082 qdelay_c_ms=16.7896 ecn_mark=3121 drop=0
[QUEUE_STATS] t_ms=29792 q_pkts=7 q_bytes=10528 qdelay_l_ms=1.08071 qdelay_c_ms=12.8572 ecn_mark=3122 drop=0
[QUEUE_STATS] t_ms=29808 q_pkts=10 q_bytes=15040 qdelay_l_ms=0 qdelay_c_ms=16.3241 ecn_mark=3124 drop=0
[QUEUE_STATS] t_ms=29824 q_pkts=10 q_bytes=15040 qdelay_l_ms=1.08856 qdelay_c_ms=19.0244 ecn_mark=3126 drop=0
[QUEUE_STATS] t_ms=29840 q_pkts=10 q_bytes=15040 qdelay_l_ms=0 qdelay_c_ms=20.3695 ecn_mark=3129 drop=0
[QUEUE_STATS] t_ms=29856 q_pkts=9 q_bytes=13536 qdelay_l_ms=0 qdelay_c_ms=22.3299 ecn_mark=3131 drop=0
[QUEUE_STATS] t_ms=29872 q_pkts=7 q_bytes=10528 qdelay_l_ms=0 qdelay_c_ms=18.5118 ecn_mark=3132 drop=0
[QUEUE_STATS] t_ms=29888 q_pkts=10 q_bytes=15040 qdelay_l_ms=1.08298 qdelay_c_ms=20.7741 ecn_mark=3133 drop=0
[QUEUE_STATS] t_ms=29904 q_pkts=10 q_bytes=15040 qdelay_l_ms=1.08326 qdelay_c_ms=20.7533 ecn_mark=3134 drop=0
[QUEUE_STATS] t_ms=29920 q_pkts=11 q_bytes=16544 qdelay_l_ms=1.06675 qdelay_c_