[QUEUE_STATS] t_ms=33 q_pkts=0 q_bytes=0 qdelay_l_ms=0 qdelay_c_ms=0 ecn_mark=0 drop=0
[QUEUE_STATS] t_ms=94 q_pkts=0 q_bytes=0 qdelay_l_ms=0 qdelay_c_ms=0 ecn_mark=0 drop=0
[QUEUE_STATS] t_ms=136 q_pkts=0 q_bytes=0 qdelay_l_ms=0 qdelay_c_ms=0 ecn_mark=0 drop=0
[QUEUE_STATS] t_ms=179 q_pkts=0 q_bytes=0 qdelay_l_ms=0 qdelay_c_ms=0 ecn_mark=2 drop=0
[QUEUE_STATS] t_ms=222 q_pkts=0 q_bytes=0 qdelay_l_ms=0 qdelay_c_ms=0 ecn_mark=6 drop=0
[QUEUE_STATS] t_ms=264 q_pkts=0 q_bytes=0 qdelay_l_ms=0 qdelay_c_ms=0 ecn_mark=6 drop=0
[QUEUE_STATS] t_ms=307 q_pkts=0 q_bytes=0 qdelay_l_ms=0 qdelay_c_ms=0 ecn_mark=6 drop=0
[QUEUE_STATS] t_ms=323 q_pkts=0 q_bytes=0 qdelay_l_ms=0 qdelay_c_ms=0 ecn_mark=16 drop=0
[QUEUE_STATS] t_ms=350 q_pkts=0 q_bytes=0 qdelay_l_ms=0 qdelay_c_ms=0 ecn_mark=16 drop=0
[QUEUE_STATS] t_ms=353 q_pkts=4 q_bytes=6016 qdelay_l_ms=0 qdelay_c_ms=1.08506 ecn_mark=17 drop=0
[QUEUE_STATS] t_ms=369 q_pkts=0 q_bytes=0 qdelay_l_ms=0 qdelay_c_ms=0 ecn_mark=17 drop=0
[QUEUE_STATS] t_ms=394 q_pkts=0 q_bytes=0 qdelay_l_ms=0 qdelay_c_ms=0 ecn_mark=17 drop=0
[QUEUE_STATS] t_ms=400 q_pkts=15 q_bytes=22560 qdelay_l_ms=0 qdelay_c_ms=4.28025 ecn_mark=17 drop=0
[QUEUE_STATS] t_ms=419 q_pkts=0 q_bytes=0 qdelay_l_ms=0 qdelay_c_ms=0 ecn_mark=17 drop=0
[QUEUE_STATS] t_ms=432 q_pkts=1 q_bytes=1504 qdelay_l_ms=1.06628 qdelay_c_ms=0 ecn_mark=17 drop=0
[QUEUE_STATS] t_ms=448 q_pkts=39 q_bytes=58656 qdelay_l_ms=1.08031 qdelay_c_ms=7.85146 ecn_mark=17 drop=0
[QUEUE_STATS] t_ms=472 q_pkts=0 q_bytes=0 qdelay_l_ms=0 qdelay_c_ms=0 ecn_mark=17 drop=0
[QUEUE_STATS] t_ms=480 q_pkts=3 q_bytes=4512 qdelay_l_ms=0.028864 qdelay_c_ms=0.02129 ecn_mark=17 drop=0
[QUEUE_STATS] t_ms=496 q_pkts=67 q_bytes=100768 qdelay_l_ms=0 qdelay_c_ms=8.83091 ecn_mark=17 drop=0
[QUEUE_STATS] t_ms=513 q_pkts=21 q_bytes=31584 qdelay_l_ms=0 qdelay_c_ms=16.5365 ecn_mark=17 drop=0
[QUEUE_STATS] t_ms=528 q_pkts=0 q_bytes=0 qdelay_l_ms=0 qdelay_c_ms=0 ecn_mark=17 drop=0
[QUEUE_STATS] t_ms=544 q_pkts=15 q_bytes=22560 qdelay_l_ms=0 qdelay_c_ms=3.12365 ecn_mark=17 drop=0
[QUEUE_STATS] t_ms=560 q_pkts=15 q_bytes=22560 qdelay_l_ms=0 qdelay_c_ms=5.39943 ecn_mark=17 drop=0
[QUEUE_STATS] t_ms=576 q_pkts=6 q_bytes=9024 qdelay_l_ms=0 qdelay_c_ms=1.15537 ecn_mark=17 drop=0
[QUEUE_STATS] t_ms=593 q_pkts=11 q_bytes=16544 qdelay_l_ms=0 qdelay_c_ms=3.23596 ecn_mark=17 drop=0
[QUEUE_STATS] t_ms=608 q_pkts=3 q_bytes=4512 qdelay_l_ms=0 qdelay_c_ms=3.19462 ecn_mark=17 drop=0
[QUEUE_STATS] t_ms=624 q_pkts=12 q_bytes=18048 qdelay_l_ms=0 qdelay_c_ms=3.74902 ecn_mark=17 drop=0
[QUEUE_STATS] t_ms=640 q_pkts=17 q_bytes=25568 qdelay_l_ms=0 qdelay_c_ms=4.35234 ecn_mark=17 drop=0
[QUEUE_STATS] t_ms=656 q_pkts=10 q_bytes=15040 qdelay_l_ms=0 qdelay_c_ms=4.32711 ecn_mark=17 drop=0
[QUEUE_STATS] t_ms=672 q_pkts=7 q_bytes=10528 qdelay_l_ms=0 qdelay_c_ms=4.18548 ecn_mark=17 drop=0
[QUEUE_STATS] t_ms=688 q_pkts=18 q_bytes=27072 qdelay_l_ms=0 qdelay_c_ms=4.10801 ecn_mark=17 drop=0
[QUEUE_STATS] t_ms=704 q_pkts=22 q_bytes=33088 qdelay_l_ms=0 qdelay_c_ms=4.35577 ecn_mark=17 drop=0
[QUEUE_STATS] t_ms=720 q_pkts=18 q_bytes=27072 qdelay_l_ms=0 qdelay_c_ms=5.37389 ecn_mark=17 drop=0
[QUEUE_STATS] t_ms=736 q_pkts=26 q_bytes=39104 qdelay_l_ms=0 qdelay_c_ms=6.87887 ecn_mark=17 drop=0
[QUEUE_STATS] t_ms=752 q_pkts=32 q_bytes=48128 qdelay_l_ms=0 qdelay_c_ms=7.57976 ecn_mark=17 drop=0
[QUEUE_STATS] t_ms=768 q_pkts=33 q_bytes=49632 qdelay_l_ms=1.10324 qdelay_c_ms=8.53513 ecn_mark=17 drop=0
[QUEUE_STATS] t_ms=784 q_pkts=37 q_bytes=55648 qdelay_l_ms=0 qdelay_c_ms=8.98106 ecn_mark=17 drop=0
[QUEUE_STATS] t_ms=800 q_pkts=40 q_bytes=60160 qdelay_l_ms=0 qdelay_c_ms=10.8712 ecn_mark=17 drop=0
[QUEUE_STATS] t_ms=816 q_pkts=44 q_bytes=66176 qdelay_l_ms=0 qdelay_c_ms=11.0812 ecn_mark=17 drop=0
[QUEUE_STATS] t_ms=832 q_pkts=50 q_bytes=75200 qdelay_l_ms=1.08392 qdelay_c_ms=11.9132 ecn_mark=17 drop=0
[QUEUE_STATS] t_ms=848 q_pkts=50 q_bytes=75200 qdelay_l_ms=0 qdelay_c_ms=13.0362 ecn_mark=17 drop=0
[QUEUE_STATS] t_ms=865 q_pkts=53 q_bytes=79712 qdelay_l_ms=0 qdelay_c_ms=13.4069 ecn_mark=17 drop=0
[QUEUE_STATS] t_ms=880 q_pkts=57 q_bytes=85728 qdelay_l_ms=0 qdelay_c_ms=13.0628 ecn_mark=17 drop=0
[QUEUE_STATS] t_ms=896 q_pkts=57 q_bytes=85728 qdelay_l_ms=0 qdelay_c_ms=15.8784 ecn_mark=17 drop=0
[QUEUE_STATS] t_ms=913 q_pkts=67 q_bytes=100768 qdelay_l_ms=0 qdelay_c_ms=16.0404 ecn_mark=17 drop=0
[QUEUE_STATS] t_ms=928 q_pkts=67 q_bytes=100768 qdelay_l_ms=1.08287 qdelay_c_ms=17.5541 ecn_mark=17 drop=0
[QUEUE_STATS] t_ms=944 q_pkts=75 q_bytes=112800 qdelay_l_ms=0 qdelay_c_ms=17.6058 ecn_mark=17 drop=0
[QUEUE_STATS] t_ms=960 q_pkts=74 q_bytes=111296 qdelay_l_ms=1.07048 qdelay_c_ms=18.9678 ecn_mark=17 drop=0
[QUEUE_STATS] t_ms=976 q_pkts=80 q_bytes=120320 qdelay_l_ms=0 qdelay_c_ms=20.6072 ecn_mark=17 drop=0
[QUEUE_STATS] t_ms=992 q_pkts=81 q_bytes=121824 qdelay_l_ms=0 qdelay_c_ms=21.2302 ecn_mark=17 drop=0
[QUEUE_STATS] t_ms=1009 q_pkts=85 q_bytes=127840 qdelay_l_ms=1.05541 qdelay_c_ms=21.1118 ecn_mark=17 drop=0
[QUEUE_STATS] t_ms=1024 q_pkts=88 q_bytes=132352 qdelay_l_ms=0 qdelay_c_ms=22.3571 ecn_mark=17 drop=0
[QUEUE_STATS] t_ms=1040 q_pkts=91 q_bytes=136864 qdelay_l_ms=0 qdelay_c_ms=24.9385 ecn_mark=17 drop=0
[QUEUE_STATS] t_ms=1056 q_pkts=94 q_bytes=141376 qdelay_l_ms=0 qdelay_c_ms=24.4704 ecn_mark=17 drop=0
[QUEUE_STATS] t_ms=1072 q_pkts=98 q_bytes=147392 qdelay_l_ms=1.05361 qdelay_c_ms=24.5393 ecn_mark=17 drop=0
[QUEUE_STATS] t_ms=1088 q_pkts=105 q_bytes=157920 qdelay_l_ms=0 qdelay_c_ms=26.0112 ecn_mark=17 drop=0
[QUEUE_STATS] t_ms=1104 q_pkts=105 q_bytes=157920 qdelay_l_ms=0 qdelay_c_ms=27.0159 ecn_mark=17 drop=0
[QUEUE_STATS] t_ms=1120 q_pkts=109 q_bytes=163936 qdelay_l_ms=1.10411 qdelay_c_ms=27.6008 ecn_mark=17 drop=0
[QUEUE_STATS] t_ms=1137 q_pkts=110 q_bytes=165440 qdelay_l_ms=1.07826 qdelay_c_ms=28.4312 ecn_mark=17 drop=0
[QUEUE_STATS] t_ms=1152 q_pkts=115 q_bytes=172960 qdelay_l_ms=0 qdelay_c_ms=30.3191 ecn_mark=17 drop=0
[QUEUE_STATS] t_ms=1168 q_pkts=119 q_bytes=178976 qdelay_l_ms=1.08607 qdelay_c_ms=30.2747 ecn_mark=17 drop=0
[QUEUE_STATS] t_ms=1184 q_pkts=118 q_bytes=177472 qdelay_l_ms=0 qdelay_c_ms=31.3207 ecn_mark=17 drop=0
[QUEUE_STATS] t_ms=1200 q_pkts=128 q_bytes=192512 qdelay_l_ms=1.11394 qdelay_c_ms=32.8763 ecn_mark=17 drop=0
[QUEUE_STATS] t_ms=1217 q_pkts=131 q_bytes=197024 qdelay_l_ms=1.08882 qdelay_c_ms=32.3173 ecn_mark=17 drop=0
[QUEUE_STATS] t_ms=1232 q_pkts=131 q_bytes=197024 qdelay_l_ms=1.08215 qdelay_c_ms=34.3544 ecn_mark=17 drop=0
[QUEUE_STATS] t_ms=1248 q_pkts=138 q_bytes=207552 qdelay_l_ms=0 qdelay_c_ms=33.997 ecn_mark=17 drop=0
[QUEUE_STATS] t_ms=1264 q_pkts=137 q_bytes=206048 qdelay_l_ms=0 qdelay_c_ms=36.1311 ecn_mark=17 drop=0
[QUEUE_STATS] t_ms=1280 q_pkts=140 q_bytes=210560 qdelay_l_ms=0 qdelay_c_ms=37.0205 ecn_mark=17 drop=0
[QUEUE_STATS] t_ms=1296 q_pkts=147 q_bytes=221088 qdelay_l_ms=1.05987 qdelay_c_ms=37.911 ecn_mark=17 drop=0
[QUEUE_STATS] t_ms=1312 q_pkts=148 q_bytes=222592 qdelay_l_ms=1.0746 qdelay_c_ms=39.0736 ecn_mark=17 drop=0
[QUEUE_STATS] t_ms=1328 q_pkts=151 q_bytes=227104 qdelay_l_ms=1.06556 qdelay_c_ms=40.7437 ecn_mark=17 drop=0
[QUEUE_STATS] t_ms=1344 q_pkts=154 q_bytes=231616 qdelay_l_ms=0 qdelay_c_ms=40.96 ecn_mark=17 drop=0
[QUEUE_STATS] t_ms=1360 q_pkts=156 q_bytes=234624 qdelay_l_ms=0.018134 qdelay_c_ms=40.9577 ecn_mark=17 drop=0
[QUEUE_STATS] t_ms=1376 q_pkts=161 q_bytes=242144 qdelay_l_ms=0 qdelay_c_ms=43.2719 ecn_mark=17 drop=0
[QUEUE_STATS] t_ms=1392 q_pkts=164 q_bytes=246656 qdelay_l_ms=0 qdelay_c_ms=43.6137 ecn_mark=17 drop=0
[QUEUE_STATS] t_ms=1408 q_pkts=167 q_bytes=251168 qdelay_l_ms=1.04241 qdelay_c_ms=45.236 ecn_mark=17 drop=0
[QUEUE_STATS] t_ms=1424 q_pkts=170 q_bytes=255680 qdelay_l_ms=0 qdelay_c_ms=46.4124 ecn_mark=17 drop=0
[QUEUE_STATS] t_ms=1440 q_pkts=172 q_bytes=258688 qdelay_l_ms=0 qdelay_c_ms=45.8271 ecn_mark=17 drop=0
[QUEUE_STATS] t_ms=1456 q_pkts=175 q_bytes=263200 qdelay_l_ms=0 qdelay_c_ms=46.8219 ecn_mark=17 drop=0
[QUEUE_STATS] t_ms=1472 q_pkts=182 q_bytes=273728 qdelay_l_ms=1.07199 qdelay_c_ms=48.8204 ecn_mark=17 drop=0
[QUEUE_STATS] t_ms=1488 q_pkts=179 q_bytes=269216 qdelay_l_ms=0 qdelay_c_ms=48.2766 ecn_mark=17 drop=0
[QUEUE_STATS] t_ms=1504 q_pkts=187 q_bytes=281248 qdelay_l_ms=1.10971 qdelay_c_ms=50.0765 ecn_mark=17 drop=0
[QUEUE_STATS] t_ms=1520 q_pkts=193 q_bytes=290272 qdelay_l_ms=0 qdelay_c_ms=51.9169 ecn_mark=18 drop=0
[QUEUE_STATS] t_ms=1536 q_pkts=192 q_bytes=288768 qdelay_l_ms=0 qdelay_c_ms=53.5692 ecn_mark=18 drop=0
[QUEUE_STATS] t_ms=1552 q_pkts=196 q_bytes=294784 qdelay_l_ms=1.06804 qdelay_c_ms=53.9613 ecn_mark=18 drop=0
[QUEUE_STATS] t_ms=1568 q_pkts=198 q_bytes=297792 qdelay_l_ms=1.08129 qdelay_c_ms=54.1928 ecn_mark=18 drop=0
[QUEUE_STATS] t_ms=1584 q_pkts=199 q_bytes=299296 qdelay_l_ms=0 qdelay_c_ms=54.2085 ecn_mark=18 drop=0
[QUEUE_STATS] t_ms=1600 q_pkts=203 q_bytes=305312 qdelay_l_ms=1.09032 qdelay_c_ms=55.4269 ecn_mark=18 drop=0
[QUEUE_STATS] t_ms=1617 q_pkts=208 q_bytes=312832 qdelay_l_ms=1.06097 qdelay_c_ms=56.0367 ecn_mark=18 drop=0
[QUEUE_STATS] t_ms=1632 q_pkts=208 q_bytes=312832 qdelay_l_ms=1.06737 qdelay_c_ms=57.9308 ecn_mark=18 drop=0
[QUEUE_STATS] t_ms=1648 q_pkts=214 q_bytes=321856 qdelay_l_ms=1.08139 qdelay_c_ms=57.289 ecn_mark=18 drop=0
[QUEUE_STATS] t_ms=1665 q_pkts=217 q_bytes=326368 qdelay_l_ms=1.07783 qdelay_c_ms=58.9582 ecn_mark=18 drop=0
[QUEUE_STATS] t_ms=1680 q_pkts=219 q_bytes=329376 qdelay_l_ms=1.06134 qdelay_c_ms=58.812 ecn_mark=18 drop=0
[QUEUE_STATS] t_ms=1696 q_pkts=223 q_bytes=335392 qdelay_l_ms=1.10744 qdelay_c_ms=61.058 ecn_mark=18 drop=0
[QUEUE_STATS] t_ms=1712 q_pkts=225 q_bytes=338400 qdelay_l_ms=1.06984 qdelay_c_ms=62.1486 ecn_mark=18 drop=0
[QUEUE_STATS] t_ms=1728 q_pkts=225 q_bytes=338400 qdelay_l_ms=0 qdelay_c_ms=62.8432 ecn_mark=18 drop=0
[QUEUE_STATS] t_ms=1744 q_pkts=233 q_bytes=350432 qdelay_l_ms=1.05438 qdelay_c_ms=64.0789 ecn_mark=18 drop=0
[QUEUE_STATS] t_ms=1760 q_pkts=230 q_bytes=345920 qdelay_l_ms=0 qdelay_c_ms=64.1273 ecn_mark=18 drop=0
[QUEUE_STATS] t_ms=1776 q_pkts=237 q_bytes=356448 qdelay_l_ms=0 qdelay_c_ms=65.5877 ecn_mark=18 drop=0
[QUEUE_STATS] t_ms=1792 q_pkts=241 q_bytes=362464 qdelay_l_ms=0 qdelay_c_ms=67.3371 ecn_mark=18 drop=0
[QUEUE_STATS] t_ms=1808 q_pkts=249 q_bytes=374496 qdelay_l_ms=1.02533 qdelay_c_ms=67.813 ecn_mark=18 drop=0
[QUEUE_STATS] t_ms=1824 q_pkts=248 q_bytes=372992 qdelay_l_ms=1.06681 qdelay_c_ms=69.7312 ecn_mark=18 drop=0
[QUEUE_STATS] t_ms=1840 q_pkts=248 q_bytes=372992 qdelay_l_ms=0.019486 qdelay_c_ms=67.8041 ecn_mark=18 drop=0
[QUEUE_STATS] t_ms=1856 q_pkts=254 q_bytes=382016 qdelay_l_ms=1.06089 qdelay_c_ms=72.6743 ecn_mark=18 drop=0
[QUEUE_STATS] t_ms=1872 q_pkts=256 q_bytes=385024 qdelay_l_ms=1.0619 qdelay_c_ms=72.2118 ecn_mark=18 drop=0
[QUEUE_STATS] t_ms=1888 q_pkts=261 q_bytes=392544 qdelay_l_ms=1.10669 qdelay_c_ms=72.7468 ecn_mark=18 drop=0
[QUEUE_STATS] t_ms=1904 q_pkts=265 q_bytes=398560 qdelay_l_ms=1.08297 qdelay_c_ms=74.229 ecn_mark=18 drop=0
[QUEUE_STATS] t_ms=1921 q_pkts=269 q_bytes=404576 qdelay_l_ms=0 qdelay_c_ms=76.1985 ecn_mark=19 drop=0
[QUEUE_STATS] t_ms=1937 q_pkts=266 q_bytes=400064 qdelay_l_ms=0 qdelay_c_ms=77.4541 ecn_mark=19 drop=0
[QUEUE_STATS] t_ms=1952 q_pkts=273 q_bytes=410592 qdelay_l_ms=1.08261 qdelay_c_ms=76.9324 ecn_mark=19 drop=0
[QUEUE_STATS] t_ms=1968 q_pkts=275 q_bytes=413600 qdelay_l_ms=1.07509 qdelay_c_ms=77.8184 ecn_mark=19 drop=0
[QUEUE_STATS] t_ms=1984 q_pkts=277 q_bytes=416608 qdelay_l_ms=1.04083 qdelay_c_ms=79.3602 ecn_mark=20 drop=0
[QUEUE_STATS] t_ms=2000 q_pkts=276 q_bytes=415104 qdelay_l_ms=0 qdelay_c_ms=80.6132 ecn_mark=20 drop=0
[QUEUE_STATS] t_ms=2016 q_pkts=282 q_bytes=424128 qdelay_l_ms=1.08276 qdelay_c_ms=81.3861 ecn_mark=20 drop=0
[QUEUE_STATS] t_ms=2032 q_pkts=280 q_bytes=421120 qdelay_l_ms=1.0779 qdelay_c_ms=81.6379 ecn_mark=20 drop=0
[QUEUE_STATS] t_ms=2048 q_pkts=286 q_bytes=430144 qdelay_l_ms=1.08205 qdelay_c_ms=81.5882 ecn_mark=20 drop=0
[QUEUE_STATS] t_ms=2064 q_pkts=292 q_bytes=439168 qdelay_l_ms=1.10691 qdelay_c_ms=82.8177 ecn_mark=20 drop=0
[QUEUE_STATS] t_ms=2080 q_pkts=290 q_bytes=436160 qdelay_l_ms=1.06259 qdelay_c_ms=82.4258 ecn_mark=20 drop=0
[QUEUE_STATS] t_ms=2096 q_pkts=297 q_bytes=446688 qdelay_l_ms=1.0318 qdelay_c_ms=84.1666 ecn_mark=20 drop=0
[QUEUE_STATS] t_ms=2112 q_pkts=302 q_bytes=454208 qdelay_l_ms=1.09085 qdelay_c_ms=85.67 ecn_mark=20 drop=0
[QUEUE_STATS] t_ms=2128 q_pkts=302 q_bytes=454208 qdelay_l_ms=1.05618 qdelay_c_ms=86.411 ecn_mark=20 drop=0
[QUEUE_STATS] t_ms=2144 q_pkts=306 q_bytes=460224 qdelay_l_ms=0.950874 qdelay_c_ms=86.6931 ecn_mark=20 drop=0
[QUEUE_STATS] t_ms=2160 q_pkts=309 q_bytes=464736 qdelay_l_ms=1.10151 qdelay_c_ms=88.8179 ecn_mark=21 drop=0
[QUEUE_STATS] t_ms=2176 q_pkts=309 q_bytes=464736 qdelay_l_ms=1.03282 qdelay_c_ms=89.4164 ecn_mark=21 drop=0
[QUEUE_STATS] t_ms=2192 q_pkts=316 q_bytes=475264 qdelay_l_ms=1.09058 qdelay_c_ms=90.8596 ecn_mark=21 drop=0
[QUEUE_STATS] t_ms=2208 q_pkts=318 q_bytes=478272 qdelay_l_ms=1.03571 qdelay_c_ms=91.9701 ecn_mark=21 drop=0
[QUEUE_STATS] t_ms=2224 q_pkts=319 q_bytes=479776 qdelay_l_ms=1.08938 qdelay_c_ms=92.0984 ecn_mark=21 drop=0
[QUEUE_STATS] t_ms=2240 q_pkts=322 q_bytes=484288 qdelay_l_ms=1.07861 qdelay_c_ms=93.7187 ecn_mark=21 drop=0
[QUEUE_STATS] t_ms=2256 q_pkts=326 q_bytes=490304 qdelay_l_ms=1.04523 qdelay_c_ms=95.6158 ecn_mark=21 drop=0
[QUEUE_STATS] t_ms=2272 q_pkts=327 q_bytes=491808 qdelay_l_ms=0.968808 qdelay_c_ms=94.2413 ecn_mark=21 drop=0
[QUEUE_STATS] t_ms=2288 q_pkts=330 q_bytes=496320 qdelay_l_ms=1.09992 qdelay_c_ms=95.9996 ecn_mark=21 drop=0
[QUEUE_STATS] t_ms=2304 q_pkts=331 q_bytes=497824 qdelay_l_ms=0.025167 qdelay_c_ms=96.3376 ecn_mark=21 drop=0
[QUEUE_STATS] t_ms=2320 q_pkts=337 q_bytes=506848 qdelay_l_ms=0 qdelay_c_ms=96.7946 ecn_mark=22 drop=0
[QUEUE_STATS] t_ms=2336 q_pkts=342 q_bytes=514368 qdelay_l_ms=0.969549 qdelay_c_ms=100.156 ecn_mark=24 drop=0
[QUEUE_STATS] t_ms=2352 q_pkts=344 q_bytes=517376 qdelay_l_ms=0.986671 qdelay_c_ms=99.6516 ecn_mark=24 drop=0
[QUEUE_STATS] t_ms=2368 q_pkts=345 q_bytes=518880 qdelay_l_ms=0.977774 qdelay_c_ms=101.008 ecn_mark=24 drop=0
[QUEUE_STATS] t_ms=2384 q_pkts=348 q_bytes=523392 qdelay_l_ms=1.09839 qdelay_c_ms=102.52 ecn_mark=24 drop=0
[QUEUE_STATS] t_ms=2400 q_pkts=352 q_bytes=529408 qdelay_l_ms=1.06536 qdelay_c_ms=103.268 ecn_mark=24 drop=0
[QUEUE_STATS] t_ms=2416 q_pkts=354 q_bytes=532416 qdelay_l_ms=1.08301 qdelay_c_ms=105.628 ecn_mark=24 drop=0
[QUEUE_STATS] t_ms=2432 q_pkts=357 q_bytes=536928 qdelay_l_ms=1.07355 qdelay_c_ms=107.147 ecn_mark=24 drop=0
[QUEUE_STATS] t_ms=2448 q_pkts=360 q_bytes=541440 qdelay_l_ms=1.09196 qdelay_c_ms=106.197 ecn_mark=24 drop=0
[QUEUE_STATS] t_ms=2464 q_pkts=363 q_bytes=545952 qdelay_l_ms=1.06579 qdelay_c_ms=108.367 ecn_mark=24 drop=0
[QUEUE_STATS] t_ms=2481 q_pkts=369 q_bytes=554976 qdelay_l_ms=1.0619 qdelay_c_ms=109.093 ecn_mark=24 drop=0
[QUEUE_STATS] t_ms=2496 q_pkts=368 q_bytes=553472 qdelay_l_ms=0.933712 qdelay_c_ms=109.349 ecn_mark=24 drop=0
[QUEUE_STATS] t_ms=2512 q_pkts=374 q_bytes=562496 qdelay_l_ms=0.982914 qdelay_c_ms=110.861 ecn_mark=25 drop=0
[QUEUE_STATS] t_ms=2529 q_pkts=378 q_bytes=568512 qdelay_l_ms=1.07733 qdelay_c_ms=112.703 ecn_mark=25 drop=0
[QUEUE_STATS] t_ms=2544 q_pkts=376 q_bytes=565504 qdelay_l_ms=1.10389 qdelay_c_ms=113.528 ecn_mark=25 drop=0
[QUEUE_STATS] t_ms=2560 q_pkts=381 q_bytes=573024 qdelay_l_ms=1.03007 qdelay_c_ms=114.99 ecn_mark=25 drop=0
[QUEUE_STATS] t_ms=2576 q_pkts=384 q_bytes=577536 qdelay_l_ms=1.10327 qdelay_c_ms=115.796 ecn_mark=25 drop=0
[QUEUE_STATS] t_ms=2592 q_pkts=385 q_bytes=579040 qdelay_l_ms=1.06179 qdelay_c_ms=117.452 ecn_mark=25 drop=0
[QUEUE_STATS] t_ms=2609 q_pkts=389 q_bytes=585056 qdelay_l_ms=1.02933 qdelay_c_ms=118.058 ecn_mark=25 drop=0
[QUEUE_STATS] t_ms=2624 q_pkts=391 q_bytes=588064 qdelay_l_ms=0.876534 qdelay_c_ms=118.458 ecn_mark=25 drop=0
[QUEUE_STATS] t_ms=2640 q_pkts=396 q_bytes=595584 qdelay_l_ms=0.835318 qdelay_c_ms=118.637 ecn_mark=25 drop=0
[QUEUE_STATS] t_ms=2656 q_pkts=398 q_bytes=598592 qdelay_l_ms=1.07132 qdelay_c_ms=121.212 ecn_mark=26 drop=0
[QUEUE_STATS] t_ms=2673 q_pkts=402 q_bytes=604608 qdelay_l_ms=1.09678 qdelay_c_ms=121.838 ecn_mark=26 drop=0
[QUEUE_STATS] t_ms=2688 q_pkts=403 q_bytes=606112 qdelay_l_ms=0.828615 qdelay_c_ms=122.75 ecn_mark=28 drop=0
[QUEUE_STATS] t_ms=2704 q_pkts=403 q_bytes=606112 qdelay_l_ms=0.028463 qdelay_c_ms=122.848 ecn_mark=28 drop=0
[QUEUE_STATS] t_ms=2720 q_pkts=406 q_bytes=610624 qdelay_l_ms=1.0958 qdelay_c_ms=124.741 ecn_mark=28 drop=0
[QUEUE_STATS] t_ms=2736 q_pkts=410 q_bytes=616640 qdelay_l_ms=1.06366 qdelay_c_ms=126.81 ecn_mark=28 drop=0
[QUEUE_STATS] t_ms=2752 q_pkts=413 q_bytes=621152 qdelay_l_ms=1.06966 qdelay_c_ms=127.272 ecn_mark=28 drop=0
[QUEUE_STATS] t_ms=2768 q_pkts=416 q_bytes=625664 qdelay_l_ms=1.0414 qdelay_c_ms=129.182 ecn_mark=28 drop=0
[QUEUE_STATS] t_ms=2784 q_pkts=420 q_bytes=631680 qdelay_l_ms=0 qdelay_c_ms=130.336 ecn_mark=29 drop=0
[QUEUE_STATS] t_ms=2801 q_pkts=420 q_bytes=631680 qdelay_l_ms=1.07777 qdelay_c_ms=130.948 ecn_mark=29 drop=0
[QUEUE_STATS] t_ms=2816 q_pkts=424 q_bytes=637696 qdelay_l_ms=1.07552 qdelay_c_ms=132.397 ecn_mark=29 drop=0
[QUEUE_STATS] t_ms=2832 q_pkts=428 q_bytes=640792 qdelay_l_ms=1.06908 qdelay_c_ms=133.193 ecn_mark=29 drop=0
[QUEUE_STATS] t_ms=2848 q_pkts=431 q_bytes=645304 qdelay_l_ms=0.779152 qdelay_c_ms=134.881 ecn_mark=29 drop=0
[QUEUE_STATS] t_ms=2865 q_pkts=436 q_bytes=652824 qdelay_l_ms=1.10863 qdelay_c_ms=135.249 ecn_mark=29 drop=0
[QUEUE_STATS] t_ms=2880 q_pkts=436 q_bytes=652824 qdelay_l_ms=0 qdelay_c_ms=136.883 ecn_mark=29 drop=0
[QUEUE_STATS] t_ms=2896 q_pkts=440 q_bytes=658840 qdelay_l_ms=1.09505 qdelay_c_ms=137.742 ecn_mark=29 drop=0
[QUEUE_STATS] t_ms=2912 q_pkts=444 q_bytes=664856 qdelay_l_ms=1.03057 qdelay_c_ms=138.894 ecn_mark=31 drop=0
[QUEUE_STATS] t_ms=2928 q_pkts=444 q_bytes=664856 qdelay_l_ms=1.0306 qdelay_c_ms=139.882 ecn_mark=31 drop=0
[QUEUE_STATS] t_ms=2944 q_pkts=447 q_bytes=669368 qdelay_l_ms=0.928011 qdelay_c_ms=140.861 ecn_mark=31 drop=0
[QUEUE_STATS] t_ms=2960 q_pkts=449 q_bytes=672376 qdelay_l_ms=1.04283 qdelay_c_ms=142.136 ecn_mark=32 drop=0
[QUEUE_STATS] t_ms=2976 q_pkts=451 q_bytes=678304 qdelay_l_ms=1.03488 qdelay_c_ms=142.464 ecn_mark=32 drop=0
[QUEUE_STATS] t_ms=2992 q_pkts=453 q_bytes=681312 qdelay_l_ms=1.0237 qdelay_c_ms=144.066 ecn_mark=33 drop=0
[QUEUE_STATS] t_ms=3008 q_pkts=454 q_bytes=682816 qdelay_l_ms=1.06333 qdelay_c_ms=145.274 ecn_mark=33 drop=0
[QUEUE_STATS] t_ms=3025 q_pkts=457 q_bytes=687328 qdelay_l_ms=1.05537 qdelay_c_ms=147.649 ecn_mark=33 drop=0
[QUEUE_STATS] t_ms=3040 q_pkts=462 q_bytes=694848 qdelay_l_ms=0.830278 qdelay_c_ms=146.775 ecn_mark=33 drop=0
[QUEUE_STATS] t_ms=3056 q_pkts=462 q_bytes=694848 qdelay_l_ms=0.807114 qdelay_c_ms=148.212 ecn_mark=33 drop=0
[QUEUE_STATS] t_ms=3072 q_pkts=466 q_bytes=700864 qdelay_l_ms=1.06016 qdelay_c_ms=149.887 ecn_mark=33 drop=0
[QUEUE_STATS] t_ms=3088 q_pkts=468 q_bytes=703872 qdelay_l_ms=1.08033 qdelay_c_ms=151 ecn_mark=33 drop=0
[QUEUE_STATS] t_ms=3104 q_pkts=470 q_bytes=706880 qdelay_l_ms=1.06616 qdelay_c_ms=153.226 ecn_mark=34 drop=0
[QUEUE_STATS] t_ms=3120 q_pkts=474 q_bytes=712896 qdelay_l_ms=1.06208 qdelay_c_ms=152.487 ecn_mark=34 drop=0
[QUEUE_STATS] t_ms=3136 q_pkts=473 q_bytes=711392 qdelay_l_ms=0 qdelay_c_ms=153.294 ecn_mark=34 drop=0
[QUEUE_STATS] t_ms=3152 q_pkts=478 q_bytes=718912 qdelay_l_ms=1.08319 qdelay_c_ms=155.154 ecn_mark=34 drop=0
[QUEUE_STATS] t_ms=3168 q_pkts=480 q_bytes=721920 qdelay_l_ms=1.04451 qdelay_c_ms=157.02 ecn_mark=35 drop=0
[QUEUE_STATS] t_ms=3185 q_pkts=484 q_bytes=727936 qdelay_l_ms=1.08093 qdelay_c_ms=157.364 ecn_mark=35 drop=0
[QUEUE_STATS] t_ms=3200 q_pkts=486 q_bytes=730944 qdelay_l_ms=1.05766 qdelay_c_ms=160.15 ecn_mark=35 drop=0
[QUEUE_STATS] t_ms=3216 q_pkts=490 q_bytes=736960 qdelay_l_ms=0.736252 qdelay_c_ms=159.461 ecn_mark=35 drop=0
[QUEUE_STATS] t_ms=3232 q_pkts=490 q_bytes=736960 qdelay_l_ms=1.05802 qdelay_c_ms=161.192 ecn_mark=35 drop=0
[QUEUE_STATS] t_ms=3248 q_pkts=496 q_bytes=745984 qdelay_l_ms=0.990668 qdelay_c_ms=163.122 ecn_mark=35 drop=0
[QUEUE_STATS] t_ms=3264 q_pkts=496 q_bytes=745984 qdelay_l_ms=1.06059 qdelay_c_ms=163.944 ecn_mark=36 drop=0
[QUEUE_STATS] t_ms=3280 q_pkts=500 q_bytes=752000 qdelay_l_ms=1.06959 qdelay_c_ms=165.221 ecn_mark=36 drop=0
[QUEUE_STATS] t_ms=3296 q_pkts=501 q_bytes=753504 qdelay_l_ms=1.03802 qdelay_c_ms=166.271 ecn_mark=36 drop=0
[QUEUE_STATS] t_ms=3312 q_pkts=504 q_bytes=758016 qdelay_l_ms=0.96515 qdelay_c_ms=167.018 ecn_mark=36 drop=0
[QUEUE_STATS] t_ms=3328 q_pkts=508 q_bytes=764032 qdelay_l_ms=0.626335 qdelay_c_ms=167.402 ecn_mark=36 drop=0
[QUEUE_STATS] t_ms=3344 q_pkts=508 q_bytes=764032 qdelay_l_ms=1.05846 qdelay_c_ms=170.448 ecn_mark=36 drop=0
[QUEUE_STATS] t_ms=3360 q_pkts=511 q_bytes=768544 qdelay_l_ms=1.05949 qdelay_c_ms=171.383 ecn_mark=37 drop=0
[QUEUE_STATS] t_ms=3376 q_pkts=514 q_bytes=773056 qdelay_l_ms=1.05735 qdelay_c_ms=172 ecn_mark=37 drop=0
[QUEUE_STATS] t_ms=3393 q_pkts=517 q_bytes=777568 qdelay_l_ms=1.06711 qdelay_c_ms=173.384 ecn_mark=37 drop=0
[QUEUE_STATS] t_ms=3408 q_pkts=519 q_bytes=780576 qdelay_l_ms=1.06032 qdelay_c_ms=173.695 ecn_mark=39 drop=0
[QUEUE_STATS] t_ms=3424 q_pkts=522 q_bytes=785088 qdelay_l_ms=1.0632 qdelay_c_ms=175.792 ecn_mark=40 drop=0
[QUEUE_STATS] t_ms=3440 q_pkts=525 q_bytes=789600 qdelay_l_ms=1.06924 qdelay_c_ms=176.35 ecn_mark=40 drop=0
[QUEUE_STATS] t_ms=3456 q_pkts=526 q_bytes=791104 qdelay_l_ms=1.07186 qdelay_c_ms=177.724 ecn_mark=42 drop=0
[QUEUE_STATS] t_ms=3472 q_pkts=529 q_bytes=795616 qdelay_l_ms=0.869131 qdelay_c_ms=178.846 ecn_mark=42 drop=0
[QUEUE_STATS] t_ms=3488 q_pkts=531 q_bytes=798624 qdelay_l_ms=1.04057 qdelay_c_ms=179.753 ecn_mark=42 drop=0
[QUEUE_STATS] t_ms=3504 q_pkts=534 q_bytes=803136 qdelay_l_ms=0.832451 qdelay_c_ms=181.424 ecn_mark=42 drop=0
[QUEUE_STATS] t_ms=3520 q_pkts=535 q_bytes=804640 qdelay_l_ms=0.839715 qdelay_c_ms=181.759 ecn_mark=42 drop=0
[QUEUE_STATS] t_ms=3536 q_pkts=539 q_bytes=810656 qdelay_l_ms=1.06982 qdelay_c_ms=184.173 ecn_mark=42 drop=0
[QUEUE_STATS] t_ms=3552 q_pkts=543 q_bytes=816672 qdelay_l_ms=0.857148 qdelay_c_ms=184.93 ecn_mark=43 drop=0
[QUEUE_STATS] t_ms=3568 q_pkts=545 q_bytes=819680 qdelay_l_ms=1.04736 qdelay_c_ms=185.148 ecn_mark=43 drop=0
[QUEUE_STATS] t_ms=3584 q_pkts=549 q_bytes=825696 qdelay_l_ms=1.08802 qdelay_c_ms=188.281 ecn_mark=43 drop=0
[QUEUE_STATS] t_ms=3600 q_pkts=551 q_bytes=828704 qdelay_l_ms=1.0834 qdelay_c_ms=189.172 ecn_mark=43 drop=0
[QUEUE_STATS] t_ms=3616 q_pkts=552 q_bytes=830208 qdelay_l_ms=1.07124 qdelay_c_ms=190.164 ecn_mark=43 drop=0
[QUEUE_STATS] t_ms=3632 q_pkts=549 q_bytes=825696 qdelay_l_ms=0 qdelay_c_ms=190.149 ecn_mark=44 drop=0
[QUEUE_STATS] t_ms=3648 q_pkts=557 q_bytes=837728 qdelay_l_ms=1.1142 qdelay_c_ms=192.673 ecn_mark=44 drop=0
[QUEUE_STATS] t_ms=3664 q_pkts=558 q_bytes=839232 qdelay_l_ms=1.08501 qdelay_c_ms=194.161 ecn_mark=45 drop=0
[QUEUE_STATS] t_ms=3680 q_pkts=562 q_bytes=845248 qdelay_l_ms=1.10083 qdelay_c_ms=194.919 ecn_mark=45 drop=0
[QUEUE_STATS] t_ms=3696 q_pkts=563 q_bytes=846752 qdelay_l_ms=0.786004 qdelay_c_ms=196.12 ecn_mark=46 drop=0
[QUEUE_STATS] t_ms=3713 q_pkts=565 q_bytes=849760 qdelay_l_ms=1.09532 qdelay_c_ms=197.215 ecn_mark=46 drop=0
[QUEUE_STATS] t_ms=3728 q_pkts=568 q_bytes=854272 qdelay_l_ms=1.06604 qdelay_c_ms=198.451 ecn_mark=47 drop=0
[QUEUE_STATS] t_ms=3744 q_pkts=571 q_bytes=858784 qdelay_l_ms=1.10014 qdelay_c_ms=201.057 ecn_mark=47 drop=0
[QUEUE_STATS] t_ms=3760 q_pkts=573 q_bytes=861792 qdelay_l_ms=1.08308 qdelay_c_ms=201.566 ecn_mark=48 drop=0
[QUEUE_STATS] t_ms=3776 q_pkts=576 q_bytes=866304 qdelay_l_ms=1.09337 qdelay_c_ms=203.119 ecn_mark=48 drop=0
[QUEUE_STATS] t_ms=3792 q_pkts=577 q_bytes=867808 qdelay_l_ms=0 qdelay_c_ms=203.897 ecn_mark=48 drop=0
[QUEUE_STATS] t_ms=3808 q_pkts=578 q_bytes=869312 qdelay_l_ms=1.06598 qdelay_c_ms=204.862 ecn_mark=48 drop=0
[QUEUE_STATS] t_ms=3824 q_pkts=583 q_bytes=876832 qdelay_l_ms=1.06098 qdelay_c_ms=206.943 ecn_mark=49 drop=0
[QUEUE_STATS] t_ms=3840 q_pkts=584 q_bytes=878336 qdelay_l_ms=1.0758 qdelay_c_ms=206.668 ecn_mark=49 drop=0
[QUEUE_STATS] t_ms=3856 q_pkts=587 q_bytes=881396 qdelay_l_ms=1.06066 qdelay_c_ms=207.878 ecn_mark=50 drop=0
[QUEUE_STATS] t_ms=3872 q_pkts=589 q_bytes=884404 qdelay_l_ms=1.05561 qdelay_c_ms=210.194 ecn_mark=50 drop=0
[QUEUE_STATS] t_ms=3888 q_pkts=593 q_bytes=890420 qdelay_l_ms=1.06587 qdelay_c_ms=210.681 ecn_mark=53 drop=0
[QUEUE_STATS] t_ms=3904 q_pkts=595 q_bytes=893428 qdelay_l_ms=1.07504 qdelay_c_ms=213.287 ecn_mark=54 drop=0
[QUEUE_STATS] t_ms=3920 q_pkts=597 q_bytes=896436 qdelay_l_ms=1.02832 qdelay_c_ms=214.566 ecn_mark=56 drop=0
[QUEUE_STATS] t_ms=3936 q_pkts=600 q_bytes=900948 qdelay_l_ms=1.06637 qdelay_c_ms=213.68 ecn_mark=56 drop=0
[QUEUE_STATS] t_ms=3952 q_pkts=601 q_bytes=902452 qdelay_l_ms=1.06378 qdelay_c_ms=215.333 ecn_mark=57 drop=0
[QUEUE_STATS] t_ms=3968 q_pkts=607 q_bytes=911476 qdelay_l_ms=1.04846 qdelay_c_ms=218.165 ecn_mark=58 drop=0
[QUEUE_STATS] t_ms=3984 q_pkts=607 q_bytes=911476 qdelay_l_ms=1.07812 qdelay_c_ms=217.904 ecn_mark=60 drop=0
[QUEUE_STATS] t_ms=4000 q_pkts=610 q_bytes=915988 qdelay_l_ms=1.04892 qdelay_c_ms=218.453 ecn_mark=61 drop=0
[QUEUE_STATS] t_ms=4016 q_pkts=612 q_bytes=918996 qdelay_l_ms=1.11074 qdelay_c_ms=221.136 ecn_mark=61 drop=0
[QUEUE_STATS] t_ms=4032 q_pkts=613 q_bytes=920500 qdelay_l_ms=1.07682 qdelay_c_ms=221.152 ecn_mark=62 drop=0
[QUEUE_STATS] t_ms=4048 q_pkts=614 q_bytes=922004 qdelay_l_ms=1.08061 qdelay_c_ms=222.907 ecn_mark=62 drop=0
[QUEUE_STATS] t_ms=4064 q_pkts=619 q_bytes=929524 qdelay_l_ms=0.909096 qdelay_c_ms=224.282 ecn_mark=64 drop=0
[QUEUE_STATS] t_ms=4080 q_pkts=618 q_bytes=929472 qdelay_l_ms=0.806954 qdelay_c_ms=224.92 ecn_mark=64 drop=0
[QUEUE_STATS] t_ms=4097 q_pkts=620 q_bytes=932480 qdelay_l_ms=1.06396 qdelay_c_ms=226.065 ecn_mark=64 drop=0
[QUEUE_STATS] t_ms=4112 q_pkts=622 q_bytes=935488 qdelay_l_ms=1.07137 qdelay_c_ms=228.147 ecn_mark=64 drop=0
[QUEUE_STATS] t_ms=4128 q_pkts=626 q_bytes=941504 qdelay_l_ms=0.773441 qdelay_c_ms=228.491 ecn_mark=64 drop=0
[QUEUE_STATS] t_ms=4144 q_pkts=627 q_bytes=943008 qdelay_l_ms=0.908535 qdelay_c_ms=229.19 ecn_mark=66 drop=0
[QUEUE_STATS] t_ms=4160 q_pkts=633 q_bytes=952032 qdelay_l_ms=1.07148 qdelay_c_ms=230.989 ecn_mark=68 drop=0
[QUEUE_STATS] t_ms=4177 q_pkts=631 q_bytes=949024 qdelay_l_ms=1.09675 qdelay_c_ms=232.927 ecn_mark=69 drop=0
[QUEUE_STATS] t_ms=4192 q_pkts=628 q_bytes=944512 qdelay_l_ms=1.07973 qdelay_c_ms=233.223 ecn_mark=69 drop=0
[QUEUE_STATS] t_ms=4208 q_pkts=617 q_bytes=927968 qdelay_l_ms=1.06477 qdelay_c_ms=234.078 ecn_mark=70 drop=0
[QUEUE_STATS] t_ms=4224 q_pkts=603 q_bytes=906912 qdelay_l_ms=1.09673 qdelay_c_ms=236.065 ecn_mark=71 drop=0
[QUEUE_STATS] t_ms=4240 q_pkts=592 q_bytes=890368 qdelay_l_ms=0.717917 qdelay_c_ms=236.618 ecn_mark=71 drop=0
[QUEUE_STATS] t_ms=4256 q_pkts=580 q_bytes=872320 qdelay_l_ms=1.06208 qdelay_c_ms=237.861 ecn_mark=71 drop=0
[QUEUE_STATS] t_ms=4272 q_pkts=567 q_bytes=852768 qdelay_l_ms=1.08834 qdelay_c_ms=239.163 ecn_mark=71 drop=0
[QUEUE_STATS] t_ms=4288 q_pkts=557 q_bytes=837728 qdelay_l_ms=0.654037 qdelay_c_ms=239.673 ecn_mark=72 drop=0
[QUEUE_STATS] t_ms=4304 q_pkts=541 q_bytes=813664 qdelay_l_ms=0 qdelay_c_ms=240.912 ecn_mark=72 drop=0
[QUEUE_STATS] t_ms=4320 q_pkts=533 q_bytes=801632 qdelay_l_ms=0.915157 qdelay_c_ms=243.474 ecn_mark=73 drop=0
[QUEUE_STATS] t_ms=4336 q_pkts=520 q_bytes=782080 qdelay_l_ms=1.06581 qdelay_c_ms=243.21 ecn_mark=73 drop=0
[QUEUE_STATS] t_ms=4352 q_pkts=509 q_bytes=765536 qdelay_l_ms=1.08348 qdelay_c_ms=244.994 ecn_mark=74 drop=0
[QUEUE_STATS] t_ms=4368 q_pkts=496 q_bytes=745984 qdelay_l_ms=1.07782 qdelay_c_ms=247.836 ecn_mark=74 drop=0
[QUEUE_STATS] t_ms=4384 q_pkts=482 q_bytes=724928 qdelay_l_ms=1.08268 qdelay_c_ms=246.866 ecn_mark=75 drop=0
[QUEUE_STATS] t_ms=4400 q_pkts=472 q_bytes=709888 qdelay_l_ms=0.844524 qdelay_c_ms=248.317 ecn_mark=75 drop=0
[QUEUE_STATS] t_ms=4417 q_pkts=462 q_bytes=694848 qdelay_l_ms=1.05949 qdelay_c_ms=251.392 ecn_mark=76 drop=0
[QUEUE_STATS] t_ms=4432 q_pkts=449 q_bytes=675296 qdelay_l_ms=0.634701 qdelay_c_ms=250.453 ecn_mark=77 drop=0
[QUEUE_STATS] t_ms=4448 q_pkts=436 q_bytes=655744 qdelay_l_ms=1.10092 qdelay_c_ms=247.111 ecn_mark=78 drop=0
[QUEUE_STATS] t_ms=4464 q_pkts=427 q_bytes=642208 qdelay_l_ms=0.892094 qdelay_c_ms=242.317 ecn_mark=79 drop=0
[QUEUE_STATS] t_ms=4480 q_pkts=415 q_bytes=624160 qdelay_l_ms=1.07685 qdelay_c_ms=234.071 ecn_mark=80 drop=0
[QUEUE_STATS] t_ms=4496 q_pkts=417 q_bytes=627168 qdelay_l_ms=1.09225 qdelay_c_ms=228.417 ecn_mark=80 drop=0
[QUEUE_STATS] t_ms=4512 q_pkts=416 q_bytes=625664 qdelay_l_ms=1.08323 qdelay_c_ms=222.984 ecn_mark=82 drop=0
[QUEUE_STATS] t_ms=4529 q_pkts=416 q_bytes=625664 qdelay_l_ms=1.10153 qdelay_c_ms=215.349 ecn_mark=83 drop=0
[QUEUE_STATS] t_ms=4544 q_pkts=420 q_bytes=631680 qdelay_l_ms=1.07769 qdelay_c_ms=211.076 ecn_mark=83 drop=0
[QUEUE_STATS] t_ms=4560 q_pkts=417 q_bytes=627168 qdelay_l_ms=0 qdelay_c_ms=202.082 ecn_mark=83 drop=0
[QUEUE_STATS] t_ms=4576 q_pkts=417 q_bytes=627168 qdelay_l_ms=1.08537 qdelay_c_ms=196.108 ecn_mark=84 drop=0
[QUEUE_STATS] t_ms=4592 q_pkts=422 q_bytes=634688 qdelay_l_ms=1.07189 qdelay_c_ms=190.928 ecn_mark=84 drop=0
[QUEUE_STATS] t_ms=4608 q_pkts=420 q_bytes=631680 qdelay_l_ms=1.09103 qdelay_c_ms=184.86 ecn_mark=85 drop=0
[QUEUE_STATS] t_ms=4624 q_pkts=422 q_bytes=634688 qdelay_l_ms=1.08891 qdelay_c_ms=178.159 ecn_mark=85 drop=0
[QUEUE_STATS] t_ms=4640 q_pkts=423 q_bytes=636192 qdelay_l_ms=1.07618 qdelay_c_ms=173.145 ecn_mark=86 drop=0
[QUEUE_STATS] t_ms=4656 q_pkts=423 q_bytes=636192 qdelay_l_ms=1.09556 qdelay_c_ms=168.917 ecn_mark=87 drop=0
[QUEUE_STATS] t_ms=4672 q_pkts=423 q_bytes=636192 qdelay_l_ms=1.07753 qdelay_c_ms=170.952 ecn_mark=88 drop=0
[QUEUE_STATS] t_ms=4688 q_pkts=425 q_bytes=639200 qdelay_l_ms=1.06608 qdelay_c_ms=170.38 ecn_mark=89 drop=0
[QUEUE_STATS] t_ms=4704 q_pkts=426 q_bytes=640704 qdelay_l_ms=1.09702 qdelay_c_ms=169.958 ecn_mark=92 drop=0
[QUEUE_STATS] t_ms=4720 q_pkts=425 q_bytes=639200 qdelay_l_ms=1.09188 qdelay_c_ms=170.502 ecn_mark=92 drop=0
[QUEUE_STATS] t_ms=4736 q_pkts=426 q_bytes=640704 qdelay_l_ms=0 qdelay_c_ms=169.946 ecn_mark=93 drop=0
[QUEUE_STATS] t_ms=4752 q_pkts=428 q_bytes=643712 qdelay_l_ms=1.00619 qdelay_c_ms=170.774 ecn_mark=93 drop=0
[QUEUE_STATS] t_ms=4768 q_pkts=430 q_bytes=646720 qdelay_l_ms=1.08825 qdelay_c_ms=171.178 ecn_mark=96 drop=0
[QUEUE_STATS] t_ms=4784 q_pkts=431 q_bytes=648224 qdelay_l_ms=1.07177 qdelay_c_ms=171.98 ecn_mark=97 drop=0
[QUEUE_STATS] t_ms=4800 q_pkts=433 q_bytes=651232 qdelay_l_ms=1.07971 qdelay_c_ms=172.414 ecn_mark=100 drop=0
[QUEUE_STATS] t_ms=4816 q_pkts=431 q_bytes=648224 qdelay_l_ms=0.03193 qdelay_c_ms=173.242 ecn_mark=103 drop=0
[QUEUE_STATS] t_ms=4832 q_pkts=437 q_bytes=657248 qdelay_l_ms=1.08573 qdelay_c_ms=173.84 ecn_mark=105 drop=0
[QUEUE_STATS] t_ms=4849 q_pkts=437 q_bytes=657248 qdelay_l_ms=1.08063 qdelay_c_ms=174.179 ecn_mark=106 drop=0
[QUEUE_STATS] t_ms=4864 q_pkts=436 q_bytes=655744 qdelay_l_ms=1.0507 qdelay_c_ms=175.319 ecn_mark=108 drop=0
[QUEUE_STATS] t_ms=4880 q_pkts=437 q_bytes=657248 qdelay_l_ms=1.09032 qdelay_c_ms=176.475 ecn_mark=109 drop=0
[QUEUE_STATS] t_ms=4896 q_pkts=439 q_bytes=660256 qdelay_l_ms=1.08881 qdelay_c_ms=175.891 ecn_mark=109 drop=0
[QUEUE_STATS] t_ms=4912 q_pkts=438 q_bytes=658752 qdelay_l_ms=0.814298 qdelay_c_ms=177.167 ecn_mark=110 drop=0
[QUEUE_STATS] t_ms=4928 q_pkts=443 q_bytes=666272 qdelay_l_ms=1.07785 qdelay_c_ms=176.942 ecn_mark=112 drop=0
[QUEUE_STATS] t_ms=4944 q_pkts=443 q_bytes=666272 qdelay_l_ms=1.09042 qdelay_c_ms=176.907 ecn_mark=112 drop=0
[QUEUE_STATS] t_ms=4960 q_pkts=443 q_bytes=666272 qdelay_l_ms=1.08302 qdelay_c_ms=176.671 ecn_mark=113 drop=0
[QUEUE_STATS] t_ms=4976 q_pkts=447 q_bytes=672288 qdelay_l_ms=1.07696 qdelay_c_ms=178.646 ecn_mark=113 drop=0
[QUEUE_STATS] t_ms=4992 q_pkts=447 q_bytes=672288 qdelay_l_ms=1.07906 qdelay_c_ms=178.778 ecn_mark=114 drop=0
[QUEUE_STATS] t_ms=5008 q_pkts=448 q_bytes=673792 qdelay_l_ms=1.05913 qdelay_c_ms=179.169 ecn_mark=114 drop=0
[QUEUE_STATS] t_ms=5024 q_pkts=445 q_bytes=669280 qdelay_l_ms=0.019497 qdelay_c_ms=180.323 ecn_mark=116 drop=0
[QUEUE_STATS] t_ms=5040 q_pkts=448 q_bytes=673792 qdelay_l_ms=1.09922 qdelay_c_ms=180.149 ecn_mark=121 drop=0
[QUEUE_STATS] t_ms=5056 q_pkts=449 q_bytes=675296 qdelay_l_ms=1.07747 qdelay_c_ms=179.644 ecn_mark=123 drop=0
[QUEUE_STATS] t_ms=5072 q_pkts=452 q_bytes=679808 qdelay_l_ms=0.826791 qdelay_c_ms=180.819 ecn_mark=126 drop=0
[QUEUE_STATS] t_ms=5088 q_pkts=452 q_bytes=679808 qdelay_l_ms=1.09187 qdelay_c_ms=181.019 ecn_mark=126 drop=0
[QUEUE_STATS] t_ms=5104 q_pkts=454 q_bytes=682816 qdelay_l_ms=1.08616 qdelay_c_ms=182.456 ecn_mark=127 drop=0
[QUEUE_STATS] t_ms=5120 q_pkts=453 q_bytes=681312 qdelay_l_ms=1.08273 qdelay_c_ms=182.311 ecn_mark=127 drop=0
[QUEUE_STATS] t_ms=5136 q_pkts=455 q_bytes=684320 qdelay_l_ms=1.07029 qdelay_c_ms=183.305 ecn_mark=127 drop=0
[QUEUE_STATS] t_ms=5152 q_pkts=457 q_bytes=687328 qdelay_l_ms=1.08155 qdelay_c_ms=182.878 ecn_mark=129 drop=0
[QUEUE_STATS] t_ms=5168 q_pkts=460 q_bytes=691840 qdelay_l_ms=1.09821 qdelay_c_ms=184.615 ecn_mark=130 drop=0
[QUEUE_STATS] t_ms=5184 q_pkts=457 q_bytes=687328 qdelay_l_ms=1.07799 qdelay_c_ms=184.242 ecn_mark=130 drop=0
[QUEUE_STATS] t_ms=5200 q_pkts=459 q_bytes=690336 qdelay_l_ms=1.08334 qdelay_c_ms=184.028 ecn_mark=131 drop=0
[QUEUE_STATS] t_ms=5216 q_pkts=462 q_bytes=694848 qdelay_l_ms=1.09258 qdelay_c_ms=184.908 ecn_mark=132 drop=0
[QUEUE_STATS] t_ms=5232 q_pkts=461 q_bytes=693344 qdelay_l_ms=1.08414 qdelay_c_ms=185.947 ecn_mark=132 drop=0
[QUEUE_STATS] t_ms=5248 q_pkts=458 q_bytes=688832 qdelay_l_ms=0 qdelay_c_ms=183.088 ecn_mark=134 drop=0
[QUEUE_STATS] t_ms=5264 q_pkts=461 q_bytes=693344 qdelay_l_ms=1.08641 qdelay_c_ms=186.373 ecn_mark=134 drop=0
[QUEUE_STATS] t_ms=5281 q_pkts=464 q_bytes=697856 qdelay_l_ms=1.07637 qdelay_c_ms=185.986 ecn_mark=134 drop=0
[QUEUE_STATS] t_ms=5296 q_pkts=463 q_bytes=696352 qdelay_l_ms=1.082 qdelay_c_ms=184.847 ecn_mark=134 drop=0
[QUEUE_STATS] t_ms=5312 q_pkts=467 q_bytes=702368 qdelay_l_ms=1.08875 qdelay_c_ms=187.554 ecn_mark=135 drop=0
[QUEUE_STATS] t_ms=5328 q_pkts=469 q_bytes=705376 qdelay_l_ms=1.09556 qdelay_c_ms=187.38 ecn_mark=135 drop=0
[QUEUE_STATS] t_ms=5345 q_pkts=469 q_bytes=705376 qdelay_l_ms=1.09741 qdelay_c_ms=188.093 ecn_mark=138 drop=0
[QUEUE_STATS] t_ms=5360 q_pkts=465 q_bytes=699360 qdelay_l_ms=0.015279 qdelay_c_ms=186.863 ecn_mark=140 drop=0
[QUEUE_STATS] t_ms=5376 q_pkts=468 q_bytes=703872 qdelay_l_ms=0.031059 qdelay_c_ms=186.282 ecn_mark=140 drop=0
[QUEUE_STATS] t_ms=5392 q_pkts=472 q_bytes=709888 qdelay_l_ms=1.08091 qdelay_c_ms=189.458 ecn_mark=140 drop=0
[QUEUE_STATS] t_ms=5408 q_pkts=474 q_bytes=712896 qdelay_l_ms=1.10006 qdelay_c_ms=188.668 ecn_mark=142 drop=0
[QUEUE_STATS] t_ms=5425 q_pkts=473 q_bytes=711392 qdelay_l_ms=1.07225 qdelay_c_ms=189.45 ecn_mark=143 drop=0
[QUEUE_STATS] t_ms=5440 q_pkts=474 q_bytes=712896 qdelay_l_ms=1.06436 qdelay_c_ms=190.347 ecn_mark=146 drop=0
[QUEUE_STATS] t_ms=5456 q_pkts=476 q_bytes=715904 qdelay_l_ms=1.09221 qdelay_c_ms=189.381 ecn_mark=148 drop=0
[QUEUE_STATS] t_ms=5472 q_pkts=475 q_bytes=714400 qdelay_l_ms=1.08256 qdelay_c_ms=190.22 ecn_mark=149 drop=0
[QUEUE_STATS] t_ms=5488 q_pkts=472 q_bytes=709888 qdelay_l_ms=1.09304 qdelay_c_ms=191.437 ecn_mark=149 drop=0
[QUEUE_STATS] t_ms=5504 q_pkts=461 q_bytes=693344 qdelay_l_ms=1.10039 qdelay_c_ms=191.247 ecn_mark=152 drop=0
[QUEUE_STATS] t_ms=5520 q_pkts=448 q_bytes=673792 qdelay_l_ms=1.07303 qdelay_c_ms=191.89 ecn_mark=153 drop=0
[QUEUE_STATS] t_ms=5536 q_pkts=436 q_bytes=655744 qdelay_l_ms=1.07618 qdelay_c_ms=191.726 ecn_mark=156 drop=0
[QUEUE_STATS] t_ms=5552 q_pkts=425 q_bytes=639200 qdelay_l_ms=1.06808 qdelay_c_ms=191.02 ecn_mark=157 drop=0
[QUEUE_STATS] t_ms=5569 q_pkts=413 q_bytes=621152 qdelay_l_ms=1.08626 qdelay_c_ms=192.997 ecn_mark=158 drop=0
[QUEUE_STATS] t_ms=5584 q_pkts=398 q_bytes=598592 qdelay_l_ms=0 qdelay_c_ms=191.435 ecn_mark=159 drop=0
[QUEUE_STATS] t_ms=5600 q_pkts=390 q_bytes=586560 qdelay_l_ms=1.09704 qdelay_c_ms=193.121 ecn_mark=162 drop=0
[QUEUE_STATS] t_ms=5616 q_pkts=378 q_bytes=568512 qdelay_l_ms=1.08218 qdelay_c_ms=192.992 ecn_mark=165 drop=0
[QUEUE_STATS] t_ms=5632 q_pkts=364 q_bytes=547456 qdelay_l_ms=1.05966 qdelay_c_ms=192.627 ecn_mark=166 drop=0
[QUEUE_STATS] t_ms=5649 q_pkts=355 q_bytes=533920 qdelay_l_ms=1.0869 qdelay_c_ms=193.375 ecn_mark=169 drop=0
[QUEUE_STATS] t_ms=5665 q_pkts=341 q_bytes=512864 qdelay_l_ms=1.10084 qdelay_c_ms=193.195 ecn_mark=171 drop=0
[QUEUE_STATS] t_ms=5680 q_pkts=331 q_bytes=497824 qdelay_l_ms=1.07517 qdelay_c_ms=191.712 ecn_mark=172 drop=0
[QUEUE_STATS] t_ms=5696 q_pkts=318 q_bytes=478272 qdelay_l_ms=1.07897 qdelay_c_ms=185.108 ecn_mark=174 drop=0
[QUEUE_STATS] t_ms=5712 q_pkts=305 q_bytes=458720 qdelay_l_ms=1.07658 qdelay_c_ms=176.157 ecn_mark=176 drop=0
[QUEUE_STATS] t_ms=5728 q_pkts=301 q_bytes=452704 qdelay_l_ms=1.07069 qdelay_c_ms=167.951 ecn_mark=177 drop=0
[QUEUE_STATS] t_ms=5744 q_pkts=301 q_bytes=452704 qdelay_l_ms=1.08681 qdelay_c_ms=161.996 ecn_mark=179 drop=0
[QUEUE_STATS] t_ms=5760 q_pkts=304 q_bytes=457216 qdelay_l_ms=1.06869 qdelay_c_ms=155.094 ecn_mark=179 drop=0
[QUEUE_STATS] t_ms=5776 q_pkts=302 q_bytes=454208 qdelay_l_ms=1.06939 qdelay_c_ms=146.923 ecn_mark=182 drop=0
[QUEUE_STATS] t_ms=5792 q_pkts=305 q_bytes=458720 qdelay_l_ms=1.11001 qdelay_c_ms=140.132 ecn_mark=183 drop=0
[QUEUE_STATS] t_ms=5808 q_pkts=303 q_bytes=455712 qdelay_l_ms=0.627327 qdelay_c_ms=133.563 ecn_mark=184 drop=0
[QUEUE_STATS] t_ms=5824 q_pkts=303 q_bytes=455712 qdelay_l_ms=1.08095 qdelay_c_ms=124.197 ecn_mark=185 drop=0
[QUEUE_STATS] t_ms=5840 q_pkts=304 q_bytes=457216 qdelay_l_ms=1.0819 qdelay_c_ms=119.999 ecn_mark=187 drop=0
[QUEUE_STATS] t_ms=5856 q_pkts=304 q_bytes=457216 qdelay_l_ms=1.10393 qdelay_c_ms=119.062 ecn_mark=188 drop=0
[QUEUE_STATS] t_ms=5872 q_pkts=303 q_bytes=455712 qdelay_l_ms=0.720742 qdelay_c_ms=117.943 ecn_mark=192 drop=0
[QUEUE_STATS] t_ms=5888 q_pkts=303 q_bytes=455712 qdelay_l_ms=0.860885 qdelay_c_ms=119.982 ecn_mark=195 drop=0
[QUEUE_STATS] t_ms=5904 q_pkts=304 q_bytes=457216 qdelay_l_ms=1.07916 qdelay_c_ms=119.161 ecn_mark=195 drop=0
[QUEUE_STATS] t_ms=5920 q_pkts=304 q_bytes=457216 qdelay_l_ms=1.07104 qdelay_c_ms=117.917 ecn_mark=197 drop=0
[QUEUE_STATS] t_ms=5936 q_pkts=305 q_bytes=458720 qdelay_l_ms=0.990899 qdelay_c_ms=118.992 ecn_mark=199 drop=0
[QUEUE_STATS] t_ms=5952 q_pkts=304 q_bytes=457216 qdelay_l_ms=0.730952 qdelay_c_ms=117.576 ecn_mark=201 drop=0
[QUEUE_STATS] t_ms=5968 q_pkts=304 q_bytes=457216 qdelay_l_ms=1.06552 qdelay_c_ms=116.99 ecn_mark=201 drop=0
[QUEUE_STATS] t_ms=5984 q_pkts=297 q_bytes=446688 qdelay_l_ms=0 qdelay_c_ms=117.229 ecn_mark=202 drop=0
[QUEUE_STATS] t_ms=6000 q_pkts=307 q_bytes=461728 qdelay_l_ms=0.749015 qdelay_c_ms=116.382 ecn_mark=203 drop=0
[QUEUE_STATS] t_ms=6016 q_pkts=308 q_bytes=463232 qdelay_l_ms=1.06131 qdelay_c_ms=118.176 ecn_mark=205 drop=0
[QUEUE_STATS] t_ms=6032 q_pkts=307 q_bytes=461728 qdelay_l_ms=0.877236 qdelay_c_ms=119.012 ecn_mark=206 drop=0
[QUEUE_STATS] t_ms=6048 q_pkts=308 q_bytes=463232 qdelay_l_ms=1.08238 qdelay_c_ms=116.804 ecn_mark=207 drop=0
[QUEUE_STATS] t_ms=6064 q_pkts=308 q_bytes=463232 qdelay_l_ms=1.04941 qdelay_c_ms=117.427 ecn_mark=208 drop=0
[QUEUE_STATS] t_ms=6080 q_pkts=308 q_bytes=463232 qdelay_l_ms=0 qdelay_c_ms=118.904 ecn_mark=211 drop=0
[QUEUE_STATS] t_ms=6096 q_pkts=309 q_bytes=464736 qdelay_l_ms=1.10037 qdelay_c_ms=116.889 ecn_mark=214 drop=0
[QUEUE_STATS] t_ms=6112 q_pkts=309 q_bytes=464736 qdelay_l_ms=0.892084 qdelay_c_ms=117.967 ecn_mark=215 drop=0
[QUEUE_STATS] t_ms=6128 q_pkts=310 q_bytes=466240 qdelay_l_ms=0.791265 qdelay_c_ms=118.034 ecn_mark=215 drop=0
[QUEUE_STATS] t_ms=6144 q_pkts=310 q_bytes=466240 qdelay_l_ms=1.06788 qdelay_c_ms=117.994 ecn_mark=216 drop=0
[QUEUE_STATS] t_ms=6160 q_pkts=310 q_bytes=466240 qdelay_l_ms=1.07606 qdelay_c_ms=118.417 ecn_mark=218 drop=0
[QUEUE_STATS] t_ms=6176 q_pkts=312 q_bytes=469248 qdelay_l_ms=1.08707 qdelay_c_ms=117.952 ecn_mark=218 drop=0
[QUEUE_STATS] t_ms=6192 q_pkts=309 q_bytes=464736 qdelay_l_ms=0.815831 qdelay_c_ms=117.747 ecn_mark=218 drop=0
[QUEUE_STATS] t_ms=6208 q_pkts=312 q_bytes=469248 qdelay_l_ms=1.06562 qdelay_c_ms=118.067 ecn_mark=220 drop=0
[QUEUE_STATS] t_ms=6224 q_pkts=314 q_bytes=472256 qdelay_l_ms=1.07489 qdelay_c_ms=119.557 ecn_mark=222 drop=0
[QUEUE_STATS] t_ms=6240 q_pkts=313 q_bytes=470752 qdelay_l_ms=1.06875 qdelay_c_ms=118.872 ecn_mark=224 drop=0
[QUEUE_STATS] t_ms=6256 q_pkts=312 q_bytes=469248 qdelay_l_ms=0.793028 qdelay_c_ms=117.562 ecn_mark=225 drop=0
[QUEUE_STATS] t_ms=6272 q_pkts=314 q_bytes=472256 qdelay_l_ms=1.08068 qdelay_c_ms=118.04 ecn_mark=226 drop=0
[QUEUE_STATS] t_ms=6288 q_pkts=316 q_bytes=475264 qdelay_l_ms=0.865574 qdelay_c_ms=119.001 ecn_mark=227 drop=0
[QUEUE_STATS] t_ms=6304 q_pkts=313 q_bytes=470752 qdelay_l_ms=0.702869 qdelay_c_ms=117.498 ecn_mark=228 drop=0
[QUEUE_STATS] t_ms=6320 q_pkts=317 q_bytes=476768 qdelay_l_ms=1.10099 qdelay_c_ms=118.989 ecn_mark=228 drop=0
[QUEUE_STATS] t_ms=6336 q_pkts=315 q_bytes=473760 qdelay_l_ms=0 qdelay_c_ms=118.826 ecn_mark=230 drop=0
[QUEUE_STATS] t_ms=6352 q_pkts=316 q_bytes=475264 qdelay_l_ms=0.881153 qdelay_c_ms=117.953 ecn_mark=231 drop=0
[QUEUE_STATS] t_ms=6368 q_pkts=315 q_bytes=473760 qdelay_l_ms=1.05586 qdelay_c_ms=119.089 ecn_mark=231 drop=0
[QUEUE_STATS] t_ms=6384 q_pkts=319 q_bytes=479776 qdelay_l_ms=1.07384 qdelay_c_ms=119.216 ecn_mark=233 drop=0
[QUEUE_STATS] t_ms=6400 q_pkts=316 q_bytes=475264 qdelay_l_ms=0.695795 qdelay_c_ms=117.907 ecn_mark=234 drop=0
[QUEUE_STATS] t_ms=6416 q_pkts=317 q_bytes=476768 qdelay_l_ms=1.04568 qdelay_c_ms=119.584 ecn_mark=235 drop=0
[QUEUE_STATS] t_ms=6432 q_pkts=318 q_bytes=478272 qdelay_l_ms=1.06087 qdelay_c_ms=118.781 ecn_mark=237 drop=0
[QUEUE_STATS] t_ms=6448 q_pkts=319 q_bytes=479776 qdelay_l_ms=1.07745 qdelay_c_ms=117.903 ecn_mark=237 drop=0
[QUEUE_STATS] t_ms=6464 q_pkts=318 q_bytes=478272 qdelay_l_ms=1.0688 qdelay_c_ms=119.641 ecn_mark=240 drop=0
[QUEUE_STATS] t_ms=6480 q_pkts=320 q_bytes=481280 qdelay_l_ms=1.06299 qdelay_c_ms=118.286 ecn_mark=242 drop=0
[QUEUE_STATS] t_ms=6496 q_pkts=318 q_bytes=478272 qdelay_l_ms=1.09524 qdelay_c_ms=118.14 ecn_mark=243 drop=0
[QUEUE_STATS] t_ms=6512 q_pkts=315 q_bytes=473760 qdelay_l_ms=0 qdelay_c_ms=118.229 ecn_mark=243 drop=0
[QUEUE_STATS] t_ms=6528 q_pkts=306 q_bytes=460224 qdelay_l_ms=1.06464 qdelay_c_ms=118.38 ecn_mark=245 drop=0
[QUEUE_STATS] t_ms=6544 q_pkts=292 q_bytes=439168 qdelay_l_ms=1.06591 qdelay_c_ms=118.057 ecn_mark=247 drop=0
[QUEUE_STATS] t_ms=6560 q_pkts=280 q_bytes=421120 qdelay_l_ms=1.02548 qdelay_c_ms=120.27 ecn_mark=249 drop=0
[QUEUE_STATS] t_ms=6576 q_pkts=267 q_bytes=401568 qdelay_l_ms=1.0918 qdelay_c_ms=118.883 ecn_mark=250 drop=0
[QUEUE_STATS] t_ms=6592 q_pkts=255 q_bytes=383520 qdelay_l_ms=1.08879 qdelay_c_ms=118.479 ecn_mark=251 drop=0
[QUEUE_STATS] t_ms=6608 q_pkts=241 q_bytes=362464 qdelay_l_ms=1.08462 qdelay_c_ms=120.048 ecn_mark=253 drop=0
[QUEUE_STATS] t_ms=6624 q_pkts=228 q_bytes=342912 qdelay_l_ms=0.984948 qdelay_c_ms=119.098 ecn_mark=254 drop=0
[QUEUE_STATS] t_ms=6640 q_pkts=214 q_bytes=321856 qdelay_l_ms=1.05875 qdelay_c_ms=115.008 ecn_mark=256 drop=0
[QUEUE_STATS] t_ms=6656 q_pkts=203 q_bytes=305312 qdelay_l_ms=1.07686 qdelay_c_ms=106.932 ecn_mark=257 drop=0
[QUEUE_STATS] t_ms=6672 q_pkts=190 q_bytes=285760 qdelay_l_ms=0.775505 qdelay_c_ms=98.9808 ecn_mark=257 drop=0
[QUEUE_STATS] t_ms=6688 q_pkts=190 q_bytes=285760 qdelay_l_ms=1.05964 qdelay_c_ms=93.2367 ecn_mark=260 drop=0
[QUEUE_STATS] t_ms=6705 q_pkts=192 q_bytes=288768 qdelay_l_ms=1.07136 qdelay_c_ms=85.9195 ecn_mark=261 drop=0
[QUEUE_STATS] t_ms=6720 q_pkts=192 q_bytes=288768 qdelay_l_ms=1.09571 qdelay_c_ms=78.6948 ecn_mark=261 drop=0
[QUEUE_STATS] t_ms=6736 q_pkts=180 q_bytes=270720 qdelay_l_ms=1.06426 qdelay_c_ms=72.2706 ecn_mark=266 drop=0
[QUEUE_STATS] t_ms=6752 q_pkts=168 q_bytes=252672 qdelay_l_ms=0.992653 qdelay_c_ms=70.7444 ecn_mark=268 drop=0
[QUEUE_STATS] t_ms=6768 q_pkts=154 q_bytes=231616 qdelay_l_ms=1.09011 qdelay_c_ms=70.9614 ecn_mark=268 drop=0
[QUEUE_STATS] t_ms=6784 q_pkts=140 q_bytes=210560 qdelay_l_ms=0.816612 qdelay_c_ms=69.616 ecn_mark=270 drop=0
[QUEUE_STATS] t_ms=6800 q_pkts=128 q_bytes=192512 qdelay_l_ms=1.0639 qdelay_c_ms=66.8745 ecn_mark=270 drop=0
[QUEUE_STATS] t_ms=6816 q_pkts=114 q_bytes=171456 qdelay_l_ms=1.0967 qdelay_c_ms=58.8058 ecn_mark=272 drop=0
[QUEUE_STATS] t_ms=6832 q_pkts=99 q_bytes=148896 qdelay_l_ms=0.82066 qdelay_c_ms=52.8645 ecn_mark=274 drop=0
[QUEUE_STATS] t_ms=6848 q_pkts=98 q_bytes=147392 qdelay_l_ms=1.04241 qdelay_c_ms=46.1754 ecn_mark=274 drop=0
[QUEUE_STATS] t_ms=6864 q_pkts=98 q_bytes=147392 qdelay_l_ms=0.836881 qdelay_c_ms=37.9257 ecn_mark=276 drop=0
[QUEUE_STATS] t_ms=6881 q_pkts=98 q_bytes=147392 qdelay_l_ms=1.06222 qdelay_c_ms=35.1307 ecn_mark=277 drop=0
[QUEUE_STATS] t_ms=6896 q_pkts=98 q_bytes=147392 qdelay_l_ms=1.03395 qdelay_c_ms=36.1648 ecn_mark=277 drop=0
[QUEUE_STATS] t_ms=6912 q_pkts=99 q_bytes=148896 qdelay_l_ms=1.0662 qdelay_c_ms=36.0951 ecn_mark=277 drop=0
[QUEUE_STATS] t_ms=6928 q_pkts=98 q_bytes=147392 qdelay_l_ms=1.06551 qdelay_c_ms=34.9875 ecn_mark=278 drop=0
[QUEUE_STATS] t_ms=6944 q_pkts=102 q_bytes=153408 qdelay_l_ms=1.11387 qdelay_c_ms=35.8321 ecn_mark=280 drop=0
[QUEUE_STATS] t_ms=6960 q_pkts=101 q_bytes=151904 qdelay_l_ms=1.06856 qdelay_c_ms=35.8204 ecn_mark=283 drop=0
[QUEUE_STATS] t_ms=6976 q_pkts=97 q_bytes=145888 qdelay_l_ms=1.08051 qdelay_c_ms=34.84 ecn_mark=287 drop=0
[QUEUE_STATS] t_ms=6992 q_pkts=99 q_bytes=148896 qdelay_l_ms=1.06682 qdelay_c_ms=37.3744 ecn_mark=287 drop=0
[QUEUE_STATS] t_ms=7008 q_pkts=103 q_bytes=154912 qdelay_l_ms=0 qdelay_c_ms=36.0169 ecn_mark=287 drop=0
[QUEUE_STATS] t_ms=7024 q_pkts=100 q_bytes=150400 qdelay_l_ms=0.647665 qdelay_c_ms=34.608 ecn_mark=287 drop=0
[QUEUE_STATS] t_ms=7040 q_pkts=100 q_bytes=150400 qdelay_l_ms=0.886373 qdelay_c_ms=35.9434 ecn_mark=288 drop=0
[QUEUE_STATS] t_ms=7056 q_pkts=103 q_bytes=154912 qdelay_l_ms=1.07778 qdelay_c_ms=36.8928 ecn_mark=288 drop=0
[QUEUE_STATS] t_ms=7072 q_pkts=103 q_bytes=154912 qdelay_l_ms=0.933241 qdelay_c_ms=35.6217 ecn_mark=290 drop=0
[QUEUE_STATS] t_ms=7088 q_pkts=101 q_bytes=151904 qdelay_l_ms=1.06535 qdelay_c_ms=35.5033 ecn_mark=293 drop=0
[QUEUE_STATS] t_ms=7104 q_pkts=103 q_bytes=154912 qdelay_l_ms=1.10296 qdelay_c_ms=37.1788 ecn_mark=293 drop=0
[QUEUE_STATS] t_ms=7120 q_pkts=98 q_bytes=147392 qdelay_l_ms=1.07666 qdelay_c_ms=36.5979 ecn_mark=296 drop=0
[QUEUE_STATS] t_ms=7136 q_pkts=84 q_bytes=126336 qdelay_l_ms=1.10219 qdelay_c_ms=36.0999 ecn_mark=296 drop=0
[QUEUE_STATS] t_ms=7152 q_pkts=70 q_bytes=105280 qdelay_l_ms=1.08003 qdelay_c_ms=35.9194 ecn_mark=298 drop=0
[QUEUE_STATS] t_ms=7169 q_pkts=56 q_bytes=84224 qdelay_l_ms=1.06276 qdelay_c_ms=28.2075 ecn_mark=300 drop=0
[QUEUE_STATS] t_ms=7184 q_pkts=43 q_bytes=64672 qdelay_l_ms=1.07601 qdelay_c_ms=21.1459 ecn_mark=301 drop=0
[QUEUE_STATS] t_ms=7201 q_pkts=37 q_bytes=55648 qdelay_l_ms=1.09274 qdelay_c_ms=15.1055 ecn_mark=303 drop=0
[QUEUE_STATS] t_ms=7216 q_pkts=38 q_bytes=57152 qdelay_l_ms=1.10485 qdelay_c_ms=12.2798 ecn_mark=305 drop=0
[QUEUE_STATS] t_ms=7232 q_pkts=37 q_bytes=55648 qdelay_l_ms=1.06568 qdelay_c_ms=13.3853 ecn_mark=306 drop=0
[QUEUE_STATS] t_ms=7248 q_pkts=38 q_bytes=57152 qdelay_l_ms=0.958168 qdelay_c_ms=12.7917 ecn_mark=307 drop=0
[QUEUE_STATS] t_ms=7264 q_pkts=37 q_bytes=55648 qdelay_l_ms=1.06178 qdelay_c_ms=13.3755 ecn_mark=308 drop=0
[QUEUE_STATS] t_ms=7280 q_pkts=37 q_bytes=55648 qdelay_l_ms=1.10374 qdelay_c_ms=12.7821 ecn_mark=308 drop=0
[QUEUE_STATS] t_ms=7296 q_pkts=38 q_bytes=57152 qdelay_l_ms=0.946646 qdelay_c_ms=12.5144 ecn_mark=310 drop=0
[QUEUE_STATS] t_ms=7312 q_pkts=39 q_bytes=58656 qdelay_l_ms=0.98611 qdelay_c_ms=13.9337 ecn_mark=314 drop=0
[QUEUE_STATS] t_ms=7329 q_pkts=39 q_bytes=58656 qdelay_l_ms=1.06195 qdelay_c_ms=13.3808 ecn_mark=314 drop=0
[QUEUE_STATS] t_ms=7344 q_pkts=38 q_bytes=57152 qdelay_l_ms=1.07568 qdelay_c_ms=13.0527 ecn_mark=316 drop=0
[QUEUE_STATS] t_ms=7360 q_pkts=37 q_bytes=55648 qdelay_l_ms=0 qdelay_c_ms=14.1375 ecn_mark=317 drop=0
[QUEUE_STATS] t_ms=7376 q_pkts=37 q_bytes=55648 qdelay_l_ms=1.08617 qdelay_c_ms=13.1112 ecn_mark=318 drop=0
[QUEUE_STATS] t_ms=7392 q_pkts=40 q_bytes=60160 qdelay_l_ms=1.06522 qdelay_c_ms=13.1662 ecn_mark=319 drop=0
[QUEUE_STATS] t_ms=7408 q_pkts=39 q_bytes=58656 qdelay_l_ms=1.09294 qdelay_c_ms=13.6727 ecn_mark=320 drop=0
[QUEUE_STATS] t_ms=7424 q_pkts=40 q_bytes=60160 qdelay_l_ms=1.05995 qdelay_c_ms=13.7935 ecn_mark=322 drop=0
[QUEUE_STATS] t_ms=7440 q_pkts=34 q_bytes=51136 qdelay_l_ms=0 qdelay_c_ms=12.9732 ecn_mark=322 drop=0
[QUEUE_STATS] t_ms=7456 q_pkts=40 q_bytes=60160 qdelay_l_ms=1.06323 qdelay_c_ms=14.8005 ecn_mark=322 drop=0
[QUEUE_STATS] t_ms=7472 q_pkts=40 q_bytes=60160 qdelay_l_ms=1.0966 qdelay_c_ms=14.5035 ecn_mark=322 drop=0
[QUEUE_STATS] t_ms=7488 q_pkts=42 q_bytes=63168 qdelay_l_ms=1.07527 qdelay_c_ms=13.7852 ecn_mark=322 drop=0
[QUEUE_STATS] t_ms=7504 q_pkts=41 q_bytes=61664 qdelay_l_ms=0.716294 qdelay_c_ms=13.4949 ecn_mark=323 drop=0
[QUEUE_STATS] t_ms=7520 q_pkts=41 q_bytes=61664 qdelay_l_ms=1.07656 qdelay_c_ms=14.3196 ecn_mark=323 drop=0
[QUEUE_STATS] t_ms=7536 q_pkts=42 q_bytes=63168 qdelay_l_ms=1.05417 qdelay_c_ms=15.9934 ecn_mark=323 drop=0
[QUEUE_STATS] t_ms=7552 q_pkts=42 q_bytes=63168 qdelay_l_ms=1.0591 qdelay_c_ms=15.2334 ecn_mark=324 drop=0
[QUEUE_STATS] t_ms=7568 q_pkts=45 q_bytes=67680 qdelay_l_ms=1.05413 qdelay_c_ms=15.8721 ecn_mark=326 drop=0
[QUEUE_STATS] t_ms=7584 q_pkts=42 q_bytes=63168 qdelay_l_ms=1.06541 qdelay_c_ms=14.807 ecn_mark=328 drop=0
[QUEUE_STATS] t_ms=7600 q_pkts=41 q_bytes=61664 qdelay_l_ms=0.973336 qdelay_c_ms=14.8582 ecn_mark=329 drop=0
[QUEUE_STATS] t_ms=7616 q_pkts=43 q_bytes=64672 qdelay_l_ms=1.09925 qdelay_c_ms=14.7862 ecn_mark=329 drop=0
[QUEUE_STATS] t_ms=7632 q_pkts=43 q_bytes=64672 qdelay_l_ms=1.07608 qdelay_c_ms=15.053 ecn_mark=331 drop=0
[QUEUE_STATS] t_ms=7648 q_pkts=44 q_bytes=66176 qdelay_l_ms=1.10184 qdelay_c_ms=14.1432 ecn_mark=331 drop=0
[QUEUE_STATS] t_ms=7664 q_pkts=43 q_bytes=64672 qdelay_l_ms=1.08531 qdelay_c_ms=16.0649 ecn_mark=333 drop=0
[QUEUE_STATS] t_ms=7680 q_pkts=43 q_bytes=64672 qdelay_l_ms=0.949922 qdelay_c_ms=15.5277 ecn_mark=336 drop=0
[QUEUE_STATS] t_ms=7696 q_pkts=45 q_bytes=67680 qdelay_l_ms=0.711595 qdelay_c_ms=14.6726 ecn_mark=338 drop=0
[QUEUE_STATS] t_ms=7712 q_pkts=45 q_bytes=67680 qdelay_l_ms=1.07151 qdelay_c_ms=16.2275 ecn_mark=338 drop=0
[QUEUE_STATS] t_ms=7728 q_pkts=45 q_bytes=67680 qdelay_l_ms=1.07308 qdelay_c_ms=15.2514 ecn_mark=339 drop=0
[QUEUE_STATS] t_ms=7744 q_pkts=44 q_bytes=66176 qdelay_l_ms=1.08662 qdelay_c_ms=16.0827 ecn_mark=340 drop=0
[QUEUE_STATS] t_ms=7760 q_pkts=48 q_bytes=72192 qdelay_l_ms=0.717686 qdelay_c_ms=15.6094 ecn_mark=340 drop=0
[QUEUE_STATS] t_ms=7776 q_pkts=46 q_bytes=69184 qdelay_l_ms=1.11151 qdelay_c_ms=15.0921 ecn_mark=341 drop=0
[QUEUE_STATS] t_ms=7792 q_pkts=45 q_bytes=67680 qdelay_l_ms=1.05611 qdelay_c_ms=16.055 ecn_mark=342 drop=0
[QUEUE_STATS] t_ms=7808 q_pkts=45 q_bytes=67680 qdelay_l_ms=1.1032 qdelay_c_ms=15.9944 ecn_mark=344 drop=0
[QUEUE_STATS] t_ms=7824 q_pkts=44 q_bytes=66176 qdelay_l_ms=1.06332 qdelay_c_ms=15.7477 ecn_mark=345 drop=0
[QUEUE_STATS] t_ms=7840 q_pkts=47 q_bytes=70688 qdelay_l_ms=1.09518 qdelay_c_ms=15.5494 ecn_mark=345 drop=0
[QUEUE_STATS] t_ms=7856 q_pkts=48 q_bytes=72192 qdelay_l_ms=1.08417 qdelay_c_ms=15.4353 ecn_mark=347 drop=0
[QUEUE_STATS] t_ms=7872 q_pkts=45 q_bytes=67680 qdelay_l_ms=1.06246 qdelay_c_ms=15.3161 ecn_mark=349 drop=0
[QUEUE_STATS] t_ms=7888 q_pkts=45 q_bytes=67680 qdelay_l_ms=1.05769 qdelay_c_ms=15.9445 ecn_mark=349 drop=0
[QUEUE_STATS] t_ms=7904 q_pkts=48 q_bytes=72192 qdelay_l_ms=0 qdelay_c_ms=15.0324 ecn_mark=352 drop=0
[QUEUE_STATS] t_ms=7920 q_pkts=45 q_bytes=67680 qdelay_l_ms=1.08829 qdelay_c_ms=17.1702 ecn_mark=352 drop=0
[QUEUE_STATS] t_ms=7936 q_pkts=45 q_bytes=67680 qdelay_l_ms=1.06239 qdelay_c_ms=16.4411 ecn_mark=353 drop=0
[QUEUE_STATS] t_ms=7952 q_pkts=36 q_bytes=54144 qdelay_l_ms=1.06068 qdelay_c_ms=14.859 ecn_mark=353 drop=0
[QUEUE_STATS] t_ms=7968 q_pkts=23 q_bytes=34592 qdelay_l_ms=1.07358 qdelay_c_ms=11.2441 ecn_mark=353 drop=0
[QUEUE_STATS] t_ms=7984 q_pkts=9 q_bytes=13536 qdelay_l_ms=1.0832 qdelay_c_ms=3.99099 ecn_mark=353 drop=0
[QUEUE_STATS] t_ms=8000 q_pkts=5 q_bytes=7520 qdelay_l_ms=1.09984 qdelay_c_ms=1.81104 ecn_mark=354 drop=0
[QUEUE_STATS] t_ms=8016 q_pkts=6 q_bytes=9024 qdelay_l_ms=1.09831 qdelay_c_ms=2.16204 ecn_mark=355 drop=0
[QUEUE_STATS] t_ms=8032 q_pkts=7 q_bytes=10528 qdelay_l_ms=1.06054 qdelay_c_ms=2.88058 ecn_mark=356 drop=0
[QUEUE_STATS] t_ms=8048 q_pkts=8 q_bytes=12032 qdelay_l_ms=1.0511 qdelay_c_ms=1.04547 ecn_mark=356 drop=0
[QUEUE_STATS] t_ms=8064 q_pkts=6 q_bytes=9024 qdelay_l_ms=1.02091 qdelay_c_ms=2.14082 ecn_mark=357 drop=0
[QUEUE_STATS] t_ms=8080 q_pkts=2 q_bytes=3008 qdelay_l_ms=0 qdelay_c_ms=2.19744 ecn_mark=358 drop=0
[QUEUE_STATS] t_ms=8096 q_pkts=6 q_bytes=9024 qdelay_l_ms=0.748675 qdelay_c_ms=1.82128 ecn_mark=359 drop=0
[QUEUE_STATS] t_ms=8112 q_pkts=6 q_bytes=9024 qdelay_l_ms=0.691878 qdelay_c_ms=2.85758 ecn_mark=360 drop=0
[QUEUE_STATS] t_ms=8128 q_pkts=5 q_bytes=7520 qdelay_l_ms=1.08641 qdelay_c_ms=1.07957 ecn_mark=362 drop=0
[QUEUE_STATS] t_ms=8144 q_pkts=5 q_bytes=7520 qdelay_l_ms=1.09193 qdelay_c_ms=1.07746 ecn_mark=363 drop=0
[QUEUE_STATS] t_ms=8160 q_pkts=7 q_bytes=10528 qdelay_l_ms=1.09421 qdelay_c_ms=2.16404 ecn_mark=365 drop=0
[QUEUE_STATS] t_ms=8176 q_pkts=4 q_bytes=6016 qdelay_l_ms=1.09004 qdelay_c_ms=1.08316 ecn_mark=367 drop=0
[QUEUE_STATS] t_ms=8192 q_pkts=6 q_bytes=9024 qdelay_l_ms=1.06642 qdelay_c_ms=2.17198 ecn_mark=370 drop=0
[QUEUE_STATS] t_ms=8208 q_pkts=7 q_bytes=10528 qdelay_l_ms=0.723678 qdelay_c_ms=2.93342 ecn_mark=371 drop=0
[QUEUE_STATS] t_ms=8224 q_pkts=8 q_bytes=12032 qdelay_l_ms=1.06137 qdelay_c_ms=2.63812 ecn_mark=373 drop=0
[QUEUE_STATS] t_ms=8240 q_pkts=12 q_bytes=18048 qdelay_l_ms=1.0711 qdelay_c_ms=3.32008 ecn_mark=374 drop=0
[QUEUE_STATS] t_ms=8256 q_pkts=7 q_bytes=10528 qdelay_l_ms=1.08359 qdelay_c_ms=2.8811 ecn_mark=374 drop=0
[QUEUE_STATS] t_ms=8272 q_pkts=6 q_bytes=9024 qdelay_l_ms=0.721644 qdelay_c_ms=1.79543 ecn_mark=377 drop=0
[QUEUE_STATS] t_ms=8288 q_pkts=6 q_bytes=9024 qdelay_l_ms=1.0659 qdelay_c_ms=1.8563 ecn_mark=378 drop=0
[QUEUE_STATS] t_ms=8304 q_pkts=5 q_bytes=7520 qdelay_l_ms=1.08723 qdelay_c_ms=1.08153 ecn_mark=380 drop=0
[QUEUE_STATS] t_ms=8320 q_pkts=4 q_bytes=6016 qdelay_l_ms=0.711174 qdelay_c_ms=0.734268 ecn_mark=380 drop=0
[QUEUE_STATS] t_ms=8336 q_pkts=7 q_bytes=10528 qdelay_l_ms=1.06293 qdelay_c_ms=2.145 ecn_mark=382 drop=0
[QUEUE_STATS] t_ms=8352 q_pkts=5 q_bytes=7520 qdelay_l_ms=1.06482 qdelay_c_ms=1.84873 ecn_mark=382 drop=0
[QUEUE_STATS] t_ms=8368 q_pkts=4 q_bytes=6016 qdelay_l_ms=1.08137 qdelay_c_ms=1.45429 ecn_mark=384 drop=0
[QUEUE_STATS] t_ms=8385 q_pkts=8 q_bytes=12032 qdelay_l_ms=1.10232 qdelay_c_ms=2.20111 ecn_mark=385 drop=0
[QUEUE_STATS] t_ms=8400 q_pkts=7 q_bytes=10528 qdelay_l_ms=1.07079 qdelay_c_ms=1.807 ecn_mark=388 drop=0
[QUEUE_STATS] t_ms=8416 q_pkts=6 q_bytes=9024 qdelay_l_ms=0.78874 qdelay_c_ms=1.87079 ecn_mark=390 drop=0
[QUEUE_STATS] t_ms=8432 q_pkts=5 q_bytes=7520 qdelay_l_ms=1.08583 qdelay_c_ms=2.19096 ecn_mark=391 drop=0
[QUEUE_STATS] t_ms=8448 q_pkts=5 q_bytes=7520 qdelay_l_ms=0.823956 qdelay_c_ms=0.807546 ecn_mark=391 drop=0
[QUEUE_STATS] t_ms=8464 q_pkts=6 q_bytes=9024 qdelay_l_ms=1.09453 qdelay_c_ms=2.1596 ecn_mark=393 drop=0
[QUEUE_STATS] t_ms=8480 q_pkts=9 q_bytes=13536 qdelay_l_ms=1.10326 qdelay_c_ms=2.57587 ecn_mark=394 drop=0
[QUEUE_STATS] t_ms=8496 q_pkts=8 q_bytes=12032 qdelay_l_ms=1.09413 qdelay_c_ms=2.17081 ecn_mark=395 drop=0
[QUEUE_STATS] t_ms=8512 q_pkts=8 q_bytes=12032 qdelay_l_ms=0.73027 qdelay_c_ms=1.8222 ecn_mark=396 drop=0
[QUEUE_STATS] t_ms=8528 q_pkts=7 q_bytes=10528 qdelay_l_ms=1.06393 qdelay_c_ms=2.20482 ecn_mark=397 drop=0
[QUEUE_STATS] t_ms=8544 q_pkts=7 q_bytes=10528 qdelay_l_ms=1.08797 qdelay_c_ms=1.49681 ecn_mark=398 drop=0
[QUEUE_STATS] t_ms=8561 q_pkts=6 q_bytes=9024 qdelay_l_ms=1.09501 qdelay_c_ms=2.21031 ecn_mark=400 drop=0
[QUEUE_STATS] t_ms=8576 q_pkts=6 q_bytes=9024 qdelay_l_ms=1.06553 qdelay_c_ms=2.14227 ecn_mark=402 drop=0
[QUEUE_STATS] t_ms=8592 q_pkts=7 q_bytes=10528 qdelay_l_ms=1.06436 qdelay_c_ms=2.20339 ecn_mark=403 drop=0
[QUEUE_STATS] t_ms=8608 q_pkts=7 q_bytes=10528 qdelay_l_ms=1.06556 qdelay_c_ms=1.91877 ecn_mark=404 drop=0
[QUEUE_STATS] t_ms=8624 q_pkts=7 q_bytes=10528 qdelay_l_ms=1.06292 qdelay_c_ms=2.92042 ecn_mark=406 drop=0
[QUEUE_STATS] t_ms=8640 q_pkts=8 q_bytes=12032 qdelay_l_ms=1.09725 qdelay_c_ms=2.56213 ecn_mark=406 drop=0
[QUEUE_STATS] t_ms=8656 q_pkts=8 q_bytes=12032 qdelay_l_ms=0.839545 qdelay_c_ms=3.02646 ecn_mark=407 drop=0
[QUEUE_STATS] t_ms=8672 q_pkts=8 q_bytes=12032 qdelay_l_ms=1.08417 qdelay_c_ms=2.13843 ecn_mark=409 drop=0
[QUEUE_STATS] t_ms=8688 q_pkts=7 q_bytes=10528 qdelay_l_ms=1.0406 qdelay_c_ms=3.28472 ecn_mark=410 drop=0
[QUEUE_STATS] t_ms=8704 q_pkts=9 q_bytes=13536 qdelay_l_ms=0 qdelay_c_ms=1.87555 ecn_mark=410 drop=0
[QUEUE_STATS] t_ms=8720 q_pkts=8 q_bytes=12032 qdelay_l_ms=1.0982 qdelay_c_ms=1.91633 ecn_mark=411 drop=0
[QUEUE_STATS] t_ms=8736 q_pkts=7 q_bytes=10528 qdelay_l_ms=0.763894 qdelay_c_ms=1.9056 ecn_mark=413 drop=0
[QUEUE_STATS] t_ms=8752 q_pkts=10 q_bytes=15040 qdelay_l_ms=1.09806 qdelay_c_ms=2.76015 ecn_mark=413 drop=0
[QUEUE_STATS] t_ms=8768 q_pkts=11 q_bytes=16544 qdelay_l_ms=1.12959 qdelay_c_ms=3.09183 ecn_mark=413 drop=0
[QUEUE_STATS] t_ms=8784 q_pkts=3 q_bytes=4512 qdelay_l_ms=0 qdelay_c_ms=2.19299 ecn_mark=414 drop=0
[QUEUE_STATS] t_ms=8800 q_pkts=2 q_bytes=3008 qdelay_l_ms=0 qdelay_c_ms=1.11575 ecn_mark=414 drop=0
[QUEUE_STATS] t_ms=8816 q_pkts=9 q_bytes=13536 qdelay_l_ms=1.07246 qdelay_c_ms=3.22776 ecn_mark=418 drop=0
[QUEUE_STATS] t_ms=8832 q_pkts=11 q_bytes=16544 qdelay_l_ms=1.1127 qdelay_c_ms=1.88441 ecn_mark=419 drop=0
[QUEUE_STATS] t_ms=8848 q_pkts=7 q_bytes=10528 qdelay_l_ms=0.04217 qdelay_c_ms=1.11685 ecn_mark=419 drop=0
[QUEUE_STATS] t_ms=8864 q_pkts=8 q_bytes=12032 qdelay_l_ms=1.06398 qdelay_c_ms=4.31042 ecn_mark=421 drop=0
[QUEUE_STATS] t_ms=8880 q_pkts=9 q_bytes=13536 qdelay_l_ms=1.08834 qdelay_c_ms=3.01951 ecn_mark=421 drop=0
[QUEUE_STATS] t_ms=8896 q_pkts=8 q_bytes=12032 qdelay_l_ms=1.09501 qdelay_c_ms=1.67094 ecn_mark=421 drop=0
[QUEUE_STATS] t_ms=8912 q_pkts=9 q_bytes=13536 qdelay_l_ms=0.79447 qdelay_c_ms=2.7461 ecn_mark=421 drop=0
[QUEUE_STATS] t_ms=8928 q_pkts=8 q_bytes=12032 qdelay_l_ms=0.736292 qdelay_c_ms=2.66771 ecn_mark=422 drop=0
[QUEUE_STATS] t_ms=8944 q_pkts=8 q_bytes=12032 qdelay_l_ms=0 qdelay_c_ms=2.16663 ecn_mark=423 drop=0
[QUEUE_STATS] t_ms=8960 q_pkts=13 q_bytes=19552 qdelay_l_ms=1.05872 qdelay_c_ms=4.15103 ecn_mark=424 drop=0
[QUEUE_STATS] t_ms=8976 q_pkts=10 q_bytes=15040 qdelay_l_ms=0.795682 qdelay_c_ms=2.74697 ecn_mark=425 drop=0
[QUEUE_STATS] t_ms=8992 q_pkts=8 q_bytes=12032 qdelay_l_ms=1.06545 qdelay_c_ms=2.55363 ecn_mark=429 drop=0
[QUEUE_STATS] t_ms=9008 q_pkts=13 q_bytes=19552 qdelay_l_ms=1.0613 qdelay_c_ms=2.79047 ecn_mark=429 drop=0
[QUEUE_STATS] t_ms=9024 q_pkts=11 q_bytes=16544 qdelay_l_ms=1.08445 qdelay_c_ms=4.13515 ecn_mark=429 drop=0
[QUEUE_STATS] t_ms=9040 q_pkts=11 q_bytes=16544 qdelay_l_ms=1.06436 qdelay_c_ms=3.2934 ecn_mark=429 drop=0
[QUEUE_STATS] t_ms=9056 q_pkts=11 q_bytes=16544 qdelay_l_ms=1.0837 qdelay_c_ms=4.1117 ecn_mark=429 drop=0
[QUEUE_STATS] t_ms=9072 q_pkts=8 q_bytes=12032 qdelay_l_ms=0 qdelay_c_ms=3.06159 ecn_mark=430 drop=0
[QUEUE_STATS] t_ms=9088 q_pkts=12 q_bytes=18048 qdelay_l_ms=1.08681 qdelay_c_ms=3.83409 ecn_mark=432 drop=0
[QUEUE_STATS] t_ms=9104 q_pkts=12 q_bytes=18048 qdelay_l_ms=0.822433 qdelay_c_ms=4.04584 ecn_mark=433 drop=0
[QUEUE_STATS] t_ms=9120 q_pkts=6 q_bytes=9024 qdelay_l_ms=0 qdelay_c_ms=3.03869 ecn_mark=435 drop=0
[QUEUE_STATS] t_ms=9136 q_pkts=11 q_bytes=16544 qdelay_l_ms=1.07751 qdelay_c_ms=3.86426 ecn_mark=436 drop=0
[QUEUE_STATS] t_ms=9152 q_pkts=15 q_bytes=22560 qdelay_l_ms=1.06674 qdelay_c_ms=3.87308 ecn_mark=436 drop=0
[QUEUE_STATS] t_ms=9169 q_pkts=12 q_bytes=18048 qdelay_l_ms=1.07537 qdelay_c_ms=4.09362 ecn_mark=438 drop=0
[QUEUE_STATS] t_ms=9184 q_pkts=11 q_bytes=16544 qdelay_l_ms=1.06637 qdelay_c_ms=4.28116 ecn_mark=439 drop=0
[QUEUE_STATS] t_ms=9200 q_pkts=13 q_bytes=19552 qdelay_l_ms=1.06571 qdelay_c_ms=4.93801 ecn_mark=442 drop=0
[QUEUE_STATS] t_ms=9216 q_pkts=12 q_bytes=18048 qdelay_l_ms=1.06303 qdelay_c_ms=3.80898 ecn_mark=442 drop=0
[QUEUE_STATS] t_ms=9232 q_pkts=15 q_bytes=22560 qdelay_l_ms=0.818546 qdelay_c_ms=3.41174 ecn_mark=443 drop=0
[QUEUE_STATS] t_ms=9248 q_pkts=15 q_bytes=22560 qdelay_l_ms=0.053851 qdelay_c_ms=3.13815 ecn_mark=443 drop=0
[QUEUE_STATS] t_ms=9264 q_pkts=14 q_bytes=21056 qdelay_l_ms=1.07291 qdelay_c_ms=5.21778 ecn_mark=443 drop=0
[QUEUE_STATS] t_ms=9280 q_pkts=5 q_bytes=7520 qdelay_l_ms=1.06673 qdelay_c_ms=2.20419 ecn_mark=444 drop=0
[QUEUE_STATS] t_ms=9296 q_pkts=4 q_bytes=6016 qdelay_l_ms=1.07679 qdelay_c_ms=1.07104 ecn_mark=446 drop=0
[QUEUE_STATS] t_ms=9312 q_pkts=0 q_bytes=0 qdelay_l_ms=0 qdelay_c_ms=0 ecn_mark=447 drop=0
[QUEUE_STATS] t_ms=9328 q_pkts=4 q_bytes=6016 qdelay_l_ms=1.09977 qdelay_c_ms=1.09288 ecn_mark=449 drop=0
[QUEUE_STATS] t_ms=9344 q_pkts=3 q_bytes=4512 qdelay_l_ms=0.774042 qdelay_c_ms=0.79413 ecn_mark=450 drop=0
[QUEUE_STATS] t_ms=9360 q_pkts=5 q_bytes=7520 qdelay_l_ms=1.06653 qdelay_c_ms=1.48989 ecn_mark=453 drop=0
[QUEUE_STATS] t_ms=9376 q_pkts=4 q_bytes=6016 qdelay_l_ms=1.0923 qdelay_c_ms=1.08701 ecn_mark=455 drop=0
[QUEUE_STATS] t_ms=9392 q_pkts=5 q_bytes=7520 qdelay_l_ms=1.0592 qdelay_c_ms=2.20172 ecn_mark=455 drop=0
[QUEUE_STATS] t_ms=9408 q_pkts=5 q_bytes=7520 qdelay_l_ms=1.06456 qdelay_c_ms=1.08643 ecn_mark=456 drop=0
[QUEUE_STATS] t_ms=9424 q_pkts=4 q_bytes=6016 qdelay_l_ms=1.08858 qdelay_c_ms=1.08102 ecn_mark=456 drop=0
[QUEUE_STATS] t_ms=9440 q_pkts=3 q_bytes=4512 qdelay_l_ms=1.06614 qdelay_c_ms=1.08669 ecn_mark=458 drop=0
[QUEUE_STATS] t_ms=9456 q_pkts=3 q_bytes=4512 qdelay_l_ms=1.0554 qdelay_c_ms=1.0781 ecn_mark=460 drop=0
[QUEUE_STATS] t_ms=9472 q_pkts=4 q_bytes=6016 qdelay_l_ms=1.05177 qdelay_c_ms=1.07174 ecn_mark=462 drop=0
[QUEUE_STATS] t_ms=9488 q_pkts=4 q_bytes=6016 qdelay_l_ms=0 qdelay_c_ms=1.09509 ecn_mark=463 drop=0
[QUEUE_STATS] t_ms=9504 q_pkts=3 q_bytes=4512 qdelay_l_ms=1.08432 qdelay_c_ms=1.07794 ecn_mark=464 drop=0
[QUEUE_STATS] t_ms=9520 q_pkts=3 q_bytes=4512 qdelay_l_ms=0.744847 qdelay_c_ms=0.781446 ecn_mark=464 drop=0
[QUEUE_STATS] t_ms=9536 q_pkts=3 q_bytes=4512 qdelay_l_ms=0.933611 qdelay_c_ms=0.928552 ecn_mark=464 drop=0
[QUEUE_STATS] t_ms=9553 q_pkts=3 q_bytes=4512 qdelay_l_ms=1.07223 qdelay_c_ms=1.08312 ecn_mark=466 drop=0
[QUEUE_STATS] t_ms=9568 q_pkts=3 q_bytes=4512 qdelay_l_ms=1.0555 qdelay_c_ms=1.06619 ecn_mark=466 drop=0
[QUEUE_STATS] t_ms=9584 q_pkts=5 q_bytes=7520 qdelay_l_ms=1.06668 qdelay_c_ms=1.0768 ecn_mark=467 drop=0
[QUEUE_STATS] t_ms=9601 q_pkts=3 q_bytes=4512 qdelay_l_ms=1.06065 qdelay_c_ms=2.18339 ecn_mark=468 drop=0
[QUEUE_STATS] t_ms=9616 q_pkts=3 q_bytes=4512 qdelay_l_ms=1.05687 qdelay_c_ms=1.07909 ecn_mark=469 drop=0
[QUEUE_STATS] t_ms=9632 q_pkts=0 q_bytes=0 qdelay_l_ms=0 qdelay_c_ms=0 ecn_mark=471 drop=0
[QUEUE_STATS] t_ms=9648 q_pkts=5 q_bytes=7520 qdelay_l_ms=0.765356 qdelay_c_ms=1.61872 ecn_mark=472 drop=0
[QUEUE_STATS] t_ms=9664 q_pkts=5 q_bytes=7520 qdelay_l_ms=1.01213 qdelay_c_ms=1.04289 ecn_mark=472 drop=0
[QUEUE_STATS] t_ms=9680 q_pkts=3 q_bytes=4512 qdelay_l_ms=1.04217 qdelay_c_ms=1.03693 ecn_mark=472 drop=0
[QUEUE_STATS] t_ms=9696 q_pkts=4 q_bytes=6016 qdelay_l_ms=1.07244 qdelay_c_ms=2.17354 ecn_mark=472 drop=0
[QUEUE_STATS] t_ms=9712 q_pkts=5 q_bytes=7520 qdelay_l_ms=1.07869 qdelay_c_ms=2.15199 ecn_mark=473 drop=0
[QUEUE_STATS] t_ms=9728 q_pkts=4 q_bytes=6016 qdelay_l_ms=1.03959 qdelay_c_ms=1.0337 ecn_mark=474 drop=0
[QUEUE_STATS] t_ms=9744 q_pkts=0 q_bytes=0 qdelay_l_ms=0 qdelay_c_ms=0 ecn_mark=474 drop=0
[QUEUE_STATS] t_ms=9760 q_pkts=3 q_bytes=4512 qdelay_l_ms=1.06592 qdelay_c_ms=1.09001 ecn_mark=476 drop=0
[QUEUE_STATS] t_ms=9776 q_pkts=3 q_bytes=4512 qdelay_l_ms=1.07512 qdelay_c_ms=1.0693 ecn_mark=476 drop=0
[QUEUE_STATS] t_ms=9792 q_pkts=4 q_bytes=6016 qdelay_l_ms=1.0643 qdelay_c_ms=1.08085 ecn_mark=476 drop=0
[QUEUE_STATS] t_ms=9808 q_pkts=3 q_bytes=4512 qdelay_l_ms=1.08201 qdelay_c_ms=1.59393 ecn_mark=477 drop=0
[QUEUE_STATS] t_ms=9824 q_pkts=6 q_bytes=9024 qdelay_l_ms=1.08458 qdelay_c_ms=1.07832 ecn_mark=477 drop=0
[QUEUE_STATS] t_ms=9840 q_pkts=3 q_bytes=4512 qdelay_l_ms=1.06592 qdelay_c_ms=1.08639 ecn_mark=478 drop=0
[QUEUE_STATS] t_ms=9856 q_pkts=3 q_bytes=4512 qdelay_l_ms=1.0865 qdelay_c_ms=1.08004 ecn_mark=479 drop=0
[QUEUE_STATS] t_ms=9872 q_pkts=6 q_bytes=9024 qdelay_l_ms=1.0639 qdelay_c_ms=1.07489 ecn_mark=479 drop=0
[QUEUE_STATS] t_ms=9888 q_pkts=2 q_bytes=3008 qdelay_l_ms=1.07947 qdelay_c_ms=0 ecn_mark=480 drop=0
[QUEUE_STATS] t_ms=9904 q_pkts=2 q_bytes=3008 qdelay_l_ms=0 qdelay_c_ms=1.08499 ecn_mark=481 drop=0
[QUEUE_STATS] t_ms=9920 q_pkts=6 q_bytes=9024 qdelay_l_ms=1.10314 qdelay_c_ms=1.09665 ecn_mark=482 drop=0
[QUEUE_STATS] t_ms=9936 q_pkts=4 q_bytes=6016 qdelay_l_ms=1.03481 qdelay_c_ms=2.15283 ecn_mark=483 drop=0
[QUEUE_STATS] t_ms=9952 q_pkts=3 q_bytes=4512 qdelay_l_ms=1.08008 qdelay_c_ms=1.07094 ecn_mark=486 drop=0
[QUEUE_STATS] t_ms=9968 q_pkts=0 q_bytes=0 qdelay_l_ms=0 qdelay_c_ms=0 ecn_mark=487 drop=0
[QUEUE_STATS] t_ms=9984 q_pkts=4 q_bytes=6016 qdelay_l_ms=1.06474 qdelay_c_ms=1.05929 ecn_mark=488 drop=0
[QUEUE_STATS] t_ms=10000 q_pkts=5 q_bytes=7520 qdelay_l_ms=0.883648 qdelay_c_ms=1.95358 ecn_mark=492 drop=0
[QUEUE_STATS] t_ms=10016 q_pkts=0 q_bytes=0 qdelay_l_ms=0 qdelay_c_ms=0 ecn_mark=493 drop=0
[QUEUE_STATS] t_ms=10032 q_pkts=4 q_bytes=6016 qdelay_l_ms=1.06643 qdelay_c_ms=1.05956 ecn_mark=493 drop=0
[QUEUE_STATS] t_ms=10048 q_pkts=6 q_bytes=9024 qdelay_l_ms=1.08821 qdelay_c_ms=1.0829 ecn_mark=494 drop=0
[QUEUE_STATS] t_ms=10064 q_pkts=7 q_bytes=10528 qdelay_l_ms=0.750037 qdelay_c_ms=1.66229 ecn_mark=495 drop=0
[QUEUE_STATS] t_ms=10080 q_pkts=3 q_bytes=4512 qdelay_l_ms=1.08904 qdelay_c_ms=1.08169 ecn_mark=496 drop=0
[QUEUE_STATS] t_ms=10096 q_pkts=6 q_bytes=9024 qdelay_l_ms=1.08031 qdelay_c_ms=2.18242 ecn_mark=496 drop=0
[QUEUE_STATS] t_ms=10112 q_pkts=4 q_bytes=6016 qdelay_l_ms=1.07825 qdelay_c_ms=1.07176 ecn_mark=497 drop=0
[QUEUE_STATS] t_ms=10128 q_pkts=6 q_bytes=9024 qdelay_l_ms=0.786586 qdelay_c_ms=1.84511 ecn_mark=498 drop=0
[QUEUE_STATS] t_ms=10145 q_pkts=3 q_bytes=4512 qdelay_l_ms=1.06586 qdelay_c_ms=1.08159 ecn_mark=500 drop=0
[QUEUE_STATS] t_ms=10160 q_pkts=4 q_bytes=6016 qdelay_l_ms=1.07398 qdelay_c_ms=1.06872 ecn_mark=500 drop=0
[QUEUE_STATS] t_ms=10176 q_pkts=6 q_bytes=9024 qdelay_l_ms=1.08749 qdelay_c_ms=1.08228 ecn_mark=500 drop=0
[QUEUE_STATS] t_ms=10193 q_pkts=4 q_bytes=6016 qdelay_l_ms=1.0593 qdelay_c_ms=2.19231 ecn_mark=500 drop=0
[QUEUE_STATS] t_ms=10208 q_pkts=8 q_bytes=12032 qdelay_l_ms=1.08376 qdelay_c_ms=1.07706 ecn_mark=501 drop=0
[QUEUE_STATS] t_ms=10224 q_pkts=4 q_bytes=6016 qdelay_l_ms=1.06588 qdelay_c_ms=1.8471 ecn_mark=501 drop=0
[QUEUE_STATS] t_ms=10241 q_pkts=5 q_bytes=7520 qdelay_l_ms=1.07786 qdelay_c_ms=1.09742 ecn_mark=501 drop=0
[QUEUE_STATS] t_ms=10256 q_pkts=3 q_bytes=4512 qdelay_l_ms=1.08365 qdelay_c_ms=1.46726 ecn_mark=501 drop=0
[QUEUE_STATS] t_ms=10273 q_pkts=3 q_bytes=4512 qdelay_l_ms=1.08614 qdelay_c_ms=1.07971 ecn_mark=501 drop=0
[QUEUE_STATS] t_ms=10288 q_pkts=3 q_bytes=4512 qdelay_l_ms=1.07691 qdelay_c_ms=1.07076 ecn_mark=501 drop=0
[QUEUE_STATS] t_ms=10304 q_pkts=6 q_bytes=9024 qdelay_l_ms=0.761339 qdelay_c_ms=1.84866 ecn_mark=501 drop=0
[QUEUE_STATS] t_ms=10320 q_pkts=7 q_bytes=10528 qdelay_l_ms=1.06567 qdelay_c_ms=1.87304 ecn_mark=501 drop=0
[QUEUE_STATS] t_ms=10336 q_pkts=5 q_bytes=7520 qdelay_l_ms=1.04548 qdelay_c_ms=1.06743 ecn_mark=502 drop=0
[QUEUE_STATS] t_ms=10352 q_pkts=6 q_bytes=9024 qdelay_l_ms=1.06046 qdelay_c_ms=2.1863 ecn_mark=503 drop=0
[QUEUE_STATS] t_ms=10368 q_pkts=5 q_bytes=7520 qdelay_l_ms=1.08108 qdelay_c_ms=2.17459 ecn_mark=504 drop=0
[QUEUE_STATS] t_ms=10384 q_pkts=4 q_bytes=6016 qdelay_l_ms=1.07281 qdelay_c_ms=2.0741 ecn_mark=505 drop=0
[QUEUE_STATS] t_ms=10400 q_pkts=9 q_bytes=13536 qdelay_l_ms=1.04933 qdelay_c_ms=2.18164 ecn_mark=506 drop=0
[QUEUE_STATS] t_ms=10416 q_pkts=4 q_bytes=6016 qdelay_l_ms=0.803167 qdelay_c_ms=0.797166 ecn_mark=507 drop=0
[QUEUE_STATS] t_ms=10432 q_pkts=5 q_bytes=7520 qdelay_l_ms=1.09807 qdelay_c_ms=1.09136 ecn_mark=509 drop=0
[QUEUE_STATS] t_ms=10448 q_pkts=6 q_bytes=9024 qdelay_l_ms=1.04464 qdelay_c_ms=2.17733 ecn_mark=509 drop=0
[QUEUE_STATS] t_ms=10464 q_pkts=3 q_bytes=4512 qdelay_l_ms=0.796233 qdelay_c_ms=1.84528 ecn_mark=511 drop=0
[QUEUE_STATS] t_ms=10480 q_pkts=4 q_bytes=6016 qdelay_l_ms=1.06559 qdelay_c_ms=1.47411 ecn_mark=511 drop=0
[QUEUE_STATS] t_ms=10496 q_pkts=6 q_bytes=9024 qdelay_l_ms=1.07355 qdelay_c_ms=2.20297 ecn_mark=514 drop=0
[QUEUE_STATS] t_ms=10513 q_pkts=5 q_bytes=7520 qdelay_l_ms=1.0916 qdelay_c_ms=1.08588 ecn_mark=514 drop=0
[QUEUE_STATS] t_ms=10528 q_pkts=5 q_bytes=7520 qdelay_l_ms=0 qdelay_c_ms=1.84554 ecn_mark=516 drop=0
[QUEUE_STATS] t_ms=10544 q_pkts=6 q_bytes=9024 qdelay_l_ms=1.05453 qdelay_c_ms=1.06546 ecn_mark=518 drop=0
[QUEUE_STATS] t_ms=10560 q_pkts=4 q_bytes=6016 qdelay_l_ms=1.05493 qdelay_c_ms=1.07117 ecn_mark=518 drop=0
[QUEUE_STATS] t_ms=10576 q_pkts=5 q_bytes=7520 qdelay_l_ms=1.09858 qdelay_c_ms=1.0919 ecn_mark=518 drop=0
[QUEUE_STATS] t_ms=10592 q_pkts=5 q_bytes=7520 qdelay_l_ms=1.05918 qdelay_c_ms=1.07994 ecn_mark=518 drop=0
[QUEUE_STATS] t_ms=10609 q_pkts=7 q_bytes=10528 qdelay_l_ms=1.10092 qdelay_c_ms=2.16205 ecn_mark=519 drop=0
[QUEUE_STATS] t_ms=10624 q_pkts=4 q_bytes=6016 qdelay_l_ms=1.0661 qdelay_c_ms=1.09431 ecn_mark=519 drop=0
[QUEUE_STATS] t_ms=10640 q_pkts=4 q_bytes=6016 qdelay_l_ms=1.0669 qdelay_c_ms=1.08288 ecn_mark=520 drop=0
[QUEUE_STATS] t_ms=10656 q_pkts=6 q_bytes=9024 qdelay_l_ms=1.10306 qdelay_c_ms=2.16379 ecn_mark=522 drop=0
[QUEUE_STATS] t_ms=10672 q_pkts=4 q_bytes=6016 qdelay_l_ms=1.06687 qdelay_c_ms=1.08172 ecn_mark=523 drop=0
[QUEUE_STATS] t_ms=10688 q_pkts=8 q_bytes=12032 qdelay_l_ms=1.10627 qdelay_c_ms=1.09956 ecn_mark=523 drop=0
[QUEUE_STATS] t_ms=10704 q_pkts=6 q_bytes=9024 qdelay_l_ms=1.08645 qdelay_c_ms=1.81838 ecn_mark=525 drop=0
[QUEUE_STATS] t_ms=10720 q_pkts=4 q_bytes=6016 qdelay_l_ms=1.03745 qdelay_c_ms=1.06239 ecn_mark=525 drop=0
[QUEUE_STATS] t_ms=10736 q_pkts=5 q_bytes=7520 qdelay_l_ms=1.06292 qdelay_c_ms=1.83474 ecn_mark=525 drop=0
[QUEUE_STATS] t_ms=10752 q_pkts=4 q_bytes=6016 qdelay_l_ms=0.792106 qdelay_c_ms=1.88015 ecn_mark=526 drop=0
[QUEUE_STATS] t_ms=10768 q_pkts=4 q_bytes=6016 qdelay_l_ms=1.06209 qdelay_c_ms=2.17309 ecn_mark=526 drop=0
[QUEUE_STATS] t_ms=10785 q_pkts=5 q_bytes=7520 qdelay_l_ms=1.10516 qdelay_c_ms=1.08829 ecn_mark=527 drop=0
[QUEUE_STATS] t_ms=10800 q_pkts=5 q_bytes=7520 qdelay_l_ms=1.07602 qdelay_c_ms=2.18631 ecn_mark=529 drop=0
[QUEUE_STATS] t_ms=10816 q_pkts=5 q_bytes=7520 qdelay_l_ms=0.754646 qdelay_c_ms=0.747403 ecn_mark=530 drop=0
[QUEUE_STATS] t_ms=10832 q_pkts=5 q_bytes=7520 qdelay_l_ms=1.04629 qdelay_c_ms=1.03958 ecn_mark=532 drop=0
[QUEUE_STATS] t_ms=10849 q_pkts=5 q_bytes=7520 qdelay_l_ms=1.06802 qdelay_c_ms=1.06259 ecn_mark=532 drop=0
[QUEUE_STATS] t_ms=10864 q_pkts=5 q_bytes=7520 qdelay_l_ms=1.06561 qdelay_c_ms=1.8041 ecn_mark=533 drop=0
[QUEUE_STATS] t_ms=10880 q_pkts=6 q_bytes=9024 qdelay_l_ms=1.06599 qdelay_c_ms=2.15366 ecn_mark=535 drop=0
[QUEUE_STATS] t_ms=10896 q_pkts=1 q_bytes=1504 qdelay_l_ms=1.0657 qdelay_c_ms=0 ecn_mark=537 drop=0
[QUEUE_STATS] t_ms=10912 q_pkts=8 q_bytes=12032 qdelay_l_ms=1.08896 qdelay_c_ms=2.15805 ecn_mark=537 drop=0
[QUEUE_STATS] t_ms=10928 q_pkts=8 q_bytes=12032 qdelay_l_ms=1.06447 qdelay_c_ms=1.49636 ecn_mark=537 drop=0
[QUEUE_STATS] t_ms=10944 q_pkts=4 q_bytes=6016 qdelay_l_ms=1.07494 qdelay_c_ms=1.08998 ecn_mark=538 drop=0
[QUEUE_STATS] t_ms=10960 q_pkts=5 q_bytes=7520 qdelay_l_ms=1.08239 qdelay_c_ms=1.07684 ecn_mark=540 drop=0
[QUEUE_STATS] t_ms=10976 q_pkts=5 q_bytes=7520 qdelay_l_ms=1.09898 qdelay_c_ms=1.09227 ecn_mark=541 drop=0
[QUEUE_STATS] t_ms=10992 q_pkts=4 q_bytes=6016 qdelay_l_ms=1.06653 qdelay_c_ms=1.09398 ecn_mark=541 drop=0
[QUEUE_STATS] t_ms=11008 q_pkts=5 q_bytes=7520 qdelay_l_ms=1.07428 qdelay_c_ms=2.14888 ecn_mark=543 drop=0
[QUEUE_STATS] t_ms=11024 q_pkts=5 q_bytes=7520 qdelay_l_ms=0.830529 qdelay_c_ms=0.825419 ecn_mark=543 drop=0
[QUEUE_STATS] t_ms=11040 q_pkts=4 q_bytes=6016 qdelay_l_ms=0 qdelay_c_ms=2.17462 ecn_mark=543 drop=0
[QUEUE_STATS] t_ms=11056 q_pkts=4 q_bytes=6016 qdelay_l_ms=1.06562 qdelay_c_ms=1.09624 ecn_mark=543 drop=0
[QUEUE_STATS] t_ms=11072 q_pkts=5 q_bytes=7520 qdelay_l_ms=1.09799 qdelay_c_ms=1.09135 ecn_mark=543 drop=0
[QUEUE_STATS] t_ms=11088 q_pkts=5 q_bytes=7520 qdelay_l_ms=1.09186 qdelay_c_ms=1.79155 ecn_mark=544 drop=0
[QUEUE_STATS] t_ms=11104 q_pkts=5 q_bytes=7520 qdelay_l_ms=1.09415 qdelay_c_ms=1.83739 ecn_mark=547 drop=0
[QUEUE_STATS] t_ms=11120 q_pkts=2 q_bytes=3008 qdelay_l_ms=0.739047 qdelay_c_ms=0.731713 ecn_mark=547 drop=0
[QUEUE_STATS] t_ms=11136 q_pkts=5 q_bytes=7520 qdelay_l_ms=1.09801 qdelay_c_ms=1.09178 ecn_mark=549 drop=0
[QUEUE_STATS] t_ms=11152 q_pkts=6 q_bytes=9024 qdelay_l_ms=0.718759 qdelay_c_ms=1.79879 ecn_mark=551 drop=0
[QUEUE_STATS] t_ms=11168 q_pkts=4 q_bytes=6016 qdelay_l_ms=1.0776 qdelay_c_ms=1.07027 ecn_mark=551 drop=0
[QUEUE_STATS] t_ms=11184 q_pkts=8 q_bytes=12032 qdelay_l_ms=1.10615 qdelay_c_ms=3.2487 ecn_mark=552 drop=0
[QUEUE_STATS] t_ms=11200 q_pkts=3 q_bytes=4512 qdelay_l_ms=1.06556 qdelay_c_ms=1.10231 ecn_mark=553 drop=0
[QUEUE_STATS] t_ms=11216 q_pkts=4 q_bytes=6016 qdelay_l_ms=0.729378 qdelay_c_ms=0.75694 ecn_mark=554 drop=0
[QUEUE_STATS] t_ms=11232 q_pkts=1 q_bytes=1504 qdelay_l_ms=0 qdelay_c_ms=1.77747 ecn_mark=555 drop=0
[QUEUE_STATS] t_ms=11248 q_pkts=3 q_bytes=4512 qdelay_l_ms=1.06639 qdelay_c_ms=1.08641 ecn_mark=557 drop=0
[QUEUE_STATS] t_ms=11265 q_pkts=3 q_bytes=4512 qdelay_l_ms=1.07886 qdelay_c_ms=1.11321 ecn_mark=557 drop=0
[QUEUE_STATS] t_ms=11280 q_pkts=5 q_bytes=7520 qdelay_l_ms=1.09481 qdelay_c_ms=1.0885 ecn_mark=558 drop=0
[QUEUE_STATS] t_ms=11296 q_pkts=3 q_bytes=4512 qdelay_l_ms=1.07754 qdelay_c_ms=1.78463 ecn_mark=558 drop=0
[QUEUE_STATS] t_ms=11313 q_pkts=3 q_bytes=4512 qdelay_l_ms=1.07611 qdelay_c_ms=1.09624 ecn_mark=558 drop=0
[QUEUE_STATS] t_ms=11328 q_pkts=4 q_bytes=6016 qdelay_l_ms=0.730381 qdelay_c_ms=0.723838 ecn_mark=558 drop=0
[QUEUE_STATS] t_ms=11344 q_pkts=3 q_bytes=4512 qdelay_l_ms=1.07398 qdelay_c_ms=1.06866 ecn_mark=560 drop=0
[QUEUE_STATS] t_ms=11360 q_pkts=6 q_bytes=9024 qdelay_l_ms=1.10522 qdelay_c_ms=1.09784 ecn_mark=560 drop=0
[QUEUE_STATS] t_ms=11376 q_pkts=2 q_bytes=3008 qdelay_l_ms=0 qdelay_c_ms=1.08383 ecn_mark=563 drop=0
[QUEUE_STATS] t_ms=11392 q_pkts=3 q_bytes=4512 qdelay_l_ms=1.06646 qdelay_c_ms=1.0901 ecn_mark=566 drop=0
[QUEUE_STATS] t_ms=11408 q_pkts=3 q_bytes=4512 qdelay_l_ms=1.06633 qdelay_c_ms=1.08696 ecn_mark=566 drop=0
[QUEUE_STATS] t_ms=11424 q_pkts=4 q_bytes=6016 qdelay_l_ms=1.00335 qdelay_c_ms=0.998403 ecn_mark=567 drop=0
[QUEUE_STATS] t_ms=11440 q_pkts=3 q_bytes=4512 qdelay_l_ms=1.09156 qdelay_c_ms=1.08511 ecn_mark=570 drop=0
[QUEUE_STATS] t_ms=11456 q_pkts=3 q_bytes=4512 qdelay_l_ms=1.06673 qdelay_c_ms=1.078 ecn_mark=571 drop=0
[QUEUE_STATS] t_ms=11473 q_pkts=0 q_bytes=0 qdelay_l_ms=0 qdelay_c_ms=0 ecn_mark=571 drop=0
[QUEUE_STATS] t_ms=11488 q_pkts=4 q_bytes=6016 qdelay_l_ms=0.728537 qdelay_c_ms=1.72388 ecn_mark=573 drop=0
[QUEUE_STATS] t_ms=11504 q_pkts=2 q_bytes=3008 qdelay_l_ms=1.08038 qdelay_c_ms=0 ecn_mark=574 drop=0
[QUEUE_STATS] t_ms=11520 q_pkts=2 q_bytes=3008 qdelay_l_ms=1.0781 qdelay_c_ms=1.07234 ecn_mark=576 drop=0
[QUEUE_STATS] t_ms=11536 q_pkts=2 q_bytes=3008 qdelay_l_ms=0 qdelay_c_ms=1.08295 ecn_mark=578 drop=0
[QUEUE_STATS] t_ms=11552 q_pkts=1 q_bytes=1504 qdelay_l_ms=1.04514 qdelay_c_ms=0 ecn_mark=579 drop=0
[QUEUE_STATS] t_ms=11568 q_pkts=0 q_bytes=0 qdelay_l_ms=0 qdelay_c_ms=0 ecn_mark=579 drop=0
[QUEUE_STATS] t_ms=11584 q_pkts=3 q_bytes=4512 qdelay_l_ms=1.03714 qdelay_c_ms=1.04844 ecn_mark=579 drop=0
[QUEUE_STATS] t_ms=11600 q_pkts=2 q_bytes=3008 qdelay_l_ms=1.03076 qdelay_c_ms=1.02499 ecn_mark=579 drop=0
[QUEUE_STATS] t_ms=11616 q_pkts=6 q_bytes=9024 qdelay_l_ms=0.732605 qdelay_c_ms=1.66913 ecn_mark=581 drop=0
[QUEUE_STATS] t_ms=11632 q_pkts=3 q_bytes=4512 qdelay_l_ms=1.05619 qdelay_c_ms=1.0507 ecn_mark=582 drop=0
[QUEUE_STATS] t_ms=11648 q_pkts=5 q_bytes=7520 qdelay_l_ms=1.04556 qdelay_c_ms=1.06742 ecn_mark=585 drop=0
[QUEUE_STATS] t_ms=11664 q_pkts=3 q_bytes=4512 qdelay_l_ms=1.06454 qdelay_c_ms=1.08813 ecn_mark=587 drop=0
[QUEUE_STATS] t_ms=11680 q_pkts=3 q_bytes=4512 qdelay_l_ms=1.06635 qdelay_c_ms=1.09176 ecn_mark=590 drop=0
[QUEUE_STATS] t_ms=11696 q_pkts=1 q_bytes=1504 qdelay_l_ms=1.06806 qdelay_c_ms=0 ecn_mark=592 drop=0
[QUEUE_STATS] t_ms=11712 q_pkts=4 q_bytes=6016 qdelay_l_ms=1.08946 qdelay_c_ms=1.08272 ecn_mark=594 drop=0
[QUEUE_STATS] t_ms=11728 q_pkts=2 q_bytes=3008 qdelay_l_ms=1.07133 qdelay_c_ms=1.06557 ecn_mark=597 drop=0
[QUEUE_STATS] t_ms=11744 q_pkts=6 q_bytes=9024 qdelay_l_ms=1.11468 qdelay_c_ms=1.1003 ecn_mark=597 drop=0
[QUEUE_STATS] t_ms=11760 q_pkts=4 q_bytes=6016 qdelay_l_ms=1.06717 qdelay_c_ms=1.08048 ecn_mark=598 drop=0
[QUEUE_STATS] t_ms=11776 q_pkts=5 q_bytes=7520 qdelay_l_ms=1.0781 qdelay_c_ms=1.09779 ecn_mark=599 drop=0
[QUEUE_STATS] t_ms=11792 q_pkts=1 q_bytes=1504 qdelay_l_ms=1.07754 qdelay_c_ms=0 ecn_mark=599 drop=0
[QUEUE_STATS] t_ms=11808 q_pkts=3 q_bytes=4512 qdelay_l_ms=0.752792 qdelay_c_ms=0.775224 ecn_mark=600 drop=0
[QUEUE_STATS] t_ms=11824 q_pkts=5 q_bytes=7520 qdelay_l_ms=0.740128 qdelay_c_ms=1.815 ecn_mark=600 drop=0
[QUEUE_STATS] t_ms=11840 q_pkts=2 q_bytes=3008 qdelay_l_ms=1.07137 qdelay_c_ms=1.06624 ecn_mark=600 drop=0
[QUEUE_STATS] t_ms=11856 q_pkts=4 q_bytes=6016 qdelay_l_ms=1.0682 qdelay_c_ms=1.08935 ecn_mark=601 drop=0
[QUEUE_STATS] t_ms=11872 q_pkts=5 q_bytes=7520 qdelay_l_ms=1.08883 qdelay_c_ms=1.08204 ecn_mark=601 drop=0
[QUEUE_STATS] t_ms=11888 q_pkts=3 q_bytes=4512 qdelay_l_ms=1.07584 qdelay_c_ms=1.09268 ecn_mark=601 drop=0
[QUEUE_STATS] t_ms=11904 q_pkts=3 q_bytes=4512 qdelay_l_ms=0 qdelay_c_ms=1.83814 ecn_mark=602 drop=0
[QUEUE_STATS] t_ms=11920 q_pkts=3 q_bytes=4512 qdelay_l_ms=1.0682 qdelay_c_ms=1.08819 ecn_mark=604 drop=0
[QUEUE_STATS] t_ms=11936 q_pkts=3 q_bytes=4512 qdelay_l_ms=1.0678 qdelay_c_ms=1.08886 ecn_mark=605 drop=0
[QUEUE_STATS] t_ms=11952 q_pkts=4 q_bytes=6016 qdelay_l_ms=1.08751 qdelay_c_ms=1.78723 ecn_mark=605 drop=0
[QUEUE_STATS] t_ms=11968 q_pkts=1 q_bytes=1504 qdelay_l_ms=0 qdelay_c_ms=1.46643 ecn_mark=607 drop=0
[QUEUE_STATS] t_ms=11984 q_pkts=1 q_bytes=1504 qdelay_l_ms=1.06718 qdelay_c_ms=0 ecn_mark=610 drop=0
[QUEUE_STATS] t_ms=12000 q_pkts=5 q_bytes=7520 qdelay_l_ms=1.11183 qdelay_c_ms=1.10511 ecn_mark=611 drop=0
[QUEUE_STATS] t_ms=12016 q_pkts=3 q_bytes=4512 qdelay_l_ms=1.07354 qdelay_c_ms=1.08472 ecn_mark=615 drop=0
[QUEUE_STATS] t_ms=12032 q_pkts=3 q_bytes=4512 qdelay_l_ms=1.04387 qdelay_c_ms=1.06551 ecn_mark=616 drop=0
[QUEUE_STATS] t_ms=12049 q_pkts=2 q_bytes=3008 qdelay_l_ms=1.08048 qdelay_c_ms=0 ecn_mark=617 drop=0
[QUEUE_STATS] t_ms=12064 q_pkts=4 q_bytes=6016 qdelay_l_ms=1.06283 qdelay_c_ms=1.05761 ecn_mark=621 drop=0
[QUEUE_STATS] t_ms=12080 q_pkts=6 q_bytes=9024 qdelay_l_ms=0.792807 qdelay_c_ms=0.786425 ecn_mark=622 drop=0
[QUEUE_STATS] t_ms=12096 q_pkts=4 q_bytes=6016 qdelay_l_ms=0.821191 qdelay_c_ms=0.813977 ecn_mark=623 drop=0
[QUEUE_STATS] t_ms=12112 q_pkts=0 q_bytes=0 qdelay_l_ms=0 qdelay_c_ms=0 ecn_mark=625 drop=0
[QUEUE_STATS] t_ms=12129 q_pkts=6 q_bytes=9024 qdelay_l_ms=1.08492 qdelay_c_ms=1.08009 ecn_mark=625 drop=0
[QUEUE_STATS] t_ms=12144 q_pkts=4 q_bytes=6016 qdelay_l_ms=0.796705 qdelay_c_ms=0.789912 ecn_mark=628 drop=0
[QUEUE_STATS] t_ms=12161 q_pkts=3 q_bytes=4512 qdelay_l_ms=1.06769 qdelay_c_ms=1.09194 ecn_mark=628 drop=0
[QUEUE_STATS] t_ms=12176 q_pkts=2 q_bytes=3008 qdelay_l_ms=1.03107 qdelay_c_ms=1.03605 ecn_mark=628 drop=0
[QUEUE_STATS] t_ms=12192 q_pkts=2 q_bytes=3008 qdelay_l_ms=1.08191 qdelay_c_ms=0 ecn_mark=628 drop=0
[QUEUE_STATS] t_ms=12209 q_pkts=4 q_bytes=6016 qdelay_l_ms=1.1004 qdelay_c_ms=1.08701 ecn_mark=628 drop=0
[QUEUE_STATS] t_ms=12224 q_pkts=5 q_bytes=7520 qdelay_l_ms=0.719289 qdelay_c_ms=0.712757 ecn_mark=629 drop=0
[QUEUE_STATS] t_ms=12240 q_pkts=4 q_bytes=6016 qdelay_l_ms=1.08307 qdelay_c_ms=1.07723 ecn_mark=632 drop=0
[QUEUE_STATS] t_ms=12257 q_pkts=7 q_bytes=10528 qdelay_l_ms=1.06402 qdelay_c_ms=3.27915 ecn_mark=634 drop=0
[QUEUE_STATS] t_ms=12272 q_pkts=4 q_bytes=6016 qdelay_l_ms=1.06683 qdelay_c_ms=1.09093 ecn_mark=637 drop=0
[QUEUE_STATS] t_ms=12288 q_pkts=2 q_bytes=3008 qdelay_l_ms=0 qdelay_c_ms=0.030647 ecn_mark=638 drop=0
[QUEUE_STATS] t_ms=12304 q_pkts=1 q_bytes=1504 qdelay_l_ms=0.78382 qdelay_c_ms=0 ecn_mark=640 drop=0
[QUEUE_STATS] t_ms=12320 q_pkts=1 q_bytes=1504 qdelay_l_ms=0 qdelay_c_ms=0.015219 ecn_mark=640 drop=0
[QUEUE_STATS] t_ms=12336 q_pkts=3 q_bytes=4512 qdelay_l_ms=1.07809 qdelay_c_ms=1.07178 ecn_mark=642 drop=0
[QUEUE_STATS] t_ms=12352 q_pkts=3 q_bytes=4512 qdelay_l_ms=1.08284 qdelay_c_ms=1.07654 ecn_mark=643 drop=0
[QUEUE_STATS] t_ms=12368 q_pkts=3 q_bytes=4512 qdelay_l_ms=0.025127 qdelay_c_ms=0.019316 ecn_mark=644 drop=0
[QUEUE_STATS] t_ms=12384 q_pkts=4 q_bytes=6016 qdelay_l_ms=1.0944 qdelay_c_ms=1.08759 ecn_mark=648 drop=0
[QUEUE_STATS] t_ms=12400 q_pkts=4 q_bytes=6016 qdelay_l_ms=1.07988 qdelay_c_ms=2.1924 ecn_mark=650 drop=0
[QUEUE_STATS] t_ms=12416 q_pkts=5 q_bytes=7520 qdelay_l_ms=0.768813 qdelay_c_ms=0.763904 ecn_mark=650 drop=0
[QUEUE_STATS] t_ms=12432 q_pkts=1 q_bytes=1504 qdelay_l_ms=0.748815 qdelay_c_ms=0 ecn_mark=650 drop=0
[QUEUE_STATS] t_ms=12448 q_pkts=6 q_bytes=9024 qdelay_l_ms=1.06584 qdelay_c_ms=1.06015 ecn_mark=651 drop=0
[QUEUE_STATS] t_ms=12464 q_pkts=4 q_bytes=6016 qdelay_l_ms=1.09314 qdelay_c_ms=1.08644 ecn_mark=651 drop=0
[QUEUE_STATS] t_ms=12480 q_pkts=3 q_bytes=4512 qdelay_l_ms=1.09722 qdelay_c_ms=1.09072 ecn_mark=652 drop=0
[QUEUE_STATS] t_ms=12496 q_pkts=3 q_bytes=4512 qdelay_l_ms=1.08694 qdelay_c_ms=1.08035 ecn_mark=652 drop=0
[QUEUE_STATS] t_ms=12512 q_pkts=1 q_bytes=1504 qdelay_l_ms=0 qdelay_c_ms=1.15478 ecn_mark=654 drop=0
[QUEUE_STATS] t_ms=12528 q_pkts=4 q_bytes=6016 qdelay_l_ms=1.0659 qdelay_c_ms=2.15747 ecn_mark=655 drop=0
[QUEUE_STATS] t_ms=12544 q_pkts=2 q_bytes=3008 qdelay_l_ms=0 qdelay_c_ms=0.863811 ecn_mark=656 drop=0
[QUEUE_STATS] t_ms=12560 q_pkts=3 q_bytes=4512 qdelay_l_ms=0.778371 qdelay_c_ms=0.796454 ecn_mark=657 drop=0
[QUEUE_STATS] t_ms=12576 q_pkts=5 q_bytes=7520 qdelay_l_ms=1.04845 qdelay_c_ms=1.0693 ecn_mark=657 drop=0
[QUEUE_STATS] t_ms=12592 q_pkts=1 q_bytes=1504 qdelay_l_ms=0.012894 qdelay_c_ms=0 ecn_mark=658 drop=0
[QUEUE_STATS] t_ms=12608 q_pkts=1 q_bytes=1504 qdelay_l_ms=0.845636 qdelay_c_ms=0 ecn_mark=661 drop=0
[QUEUE_STATS] t_ms=12625 q_pkts=1 q_bytes=1504 qdelay_l_ms=1.07692 qdelay_c_ms=0 ecn_mark=661 drop=0
[QUEUE_STATS] t_ms=12640 q_pkts=4 q_bytes=6016 qdelay_l_ms=1.06606 qdelay_c_ms=2.19582 ecn_mark=661 drop=0
[QUEUE_STATS] t_ms=12656 q_pkts=3 q_bytes=4512 qdelay_l_ms=1.06881 qdelay_c_ms=1.06347 ecn_mark=662 drop=0
[QUEUE_STATS] t_ms=12672 q_pkts=0 q_bytes=0 qdelay_l_ms=0 qdelay_c_ms=0 ecn_mark=663 drop=0
[QUEUE_STATS] t_ms=12688 q_pkts=4 q_bytes=6016 qdelay_l_ms=0.6661 qdelay_c_ms=0.66116 ecn_mark=664 drop=0
[QUEUE_STATS] t_ms=12705 q_pkts=3 q_bytes=4512 qdelay_l_ms=1.07446 qdelay_c_ms=2.13301 ecn_mark=665 drop=0
[QUEUE_STATS] t_ms=12720 q_pkts=3 q_bytes=4512 qdelay_l_ms=0.818045 qdelay_c_ms=0.836058 ecn_mark=666 drop=0
[QUEUE_STATS] t_ms=12736 q_pkts=3 q_bytes=4512 qdelay_l_ms=0.771788 qdelay_c_ms=0.795773 ecn_mark=666 drop=0
[QUEUE_STATS] t_ms=12753 q_pkts=1 q_bytes=1504 qdelay_l_ms=1.0666 qdelay_c_ms=0 ecn_mark=666 drop=0
[QUEUE_STATS] t_ms=12769 q_pkts=1 q_bytes=1504 qdelay_l_ms=1.07367 qdelay_c_ms=0 ecn_mark=668 drop=0
[QUEUE_STATS] t_ms=12784 q_pkts=1 q_bytes=1504 qdelay_l_ms=1.019 qdelay_c_ms=0 ecn_mark=668 drop=0
[QUEUE_STATS] t_ms=12800 q_pkts=1 q_bytes=1504 qdelay_l_ms=1.06811 qdelay_c_ms=0 ecn_mark=671 drop=0
[QUEUE_STATS] t_ms=12816 q_pkts=4 q_bytes=6016 qdelay_l_ms=1.0575 qdelay_c_ms=1.07229 ecn_mark=672 drop=0
[QUEUE_STATS] t_ms=12832 q_pkts=3 q_bytes=4512 qdelay_l_ms=0.775254 qdelay_c_ms=0.786485 ecn_mark=673 drop=0
[QUEUE_STATS] t_ms=12848 q_pkts=3 q_bytes=4512 qdelay_l_ms=0.769855 qdelay_c_ms=0.792758 ecn_mark=674 drop=0
[QUEUE_STATS] t_ms=12864 q_pkts=0 q_bytes=0 qdelay_l_ms=0 qdelay_c_ms=0 ecn_mark=675 drop=0
[QUEUE_STATS] t_ms=12880 q_pkts=2 q_bytes=3008 qdelay_l_ms=1.07916 qdelay_c_ms=1.08572 ecn_mark=675 drop=0
[QUEUE_STATS] t_ms=12896 q_pkts=2 q_bytes=3008 qdelay_l_ms=1.0623 qdelay_c_ms=1.0688 ecn_mark=677 drop=0
[QUEUE_STATS] t_ms=12912 q_pkts=3 q_bytes=4512 qdelay_l_ms=0.904787 qdelay_c_ms=0.929734 ecn_mark=678 drop=0
[QUEUE_STATS] t_ms=12928 q_pkts=1 q_bytes=1504 qdelay_l_ms=1.08309 qdelay_c_ms=0 ecn_mark=679 drop=0
[QUEUE_STATS] t_ms=12944 q_pkts=0 q_bytes=0 qdelay_l_ms=0 qdelay_c_ms=0 ecn_mark=680 drop=0
[QUEUE_STATS] t_ms=12960 q_pkts=2 q_bytes=3008 qdelay_l_ms=0.803197 qdelay_c_ms=0.809469 ecn_mark=681 drop=0
[QUEUE_STATS] t_ms=12976 q_pkts=3 q_bytes=4512 qdelay_l_ms=0.763623 qdelay_c_ms=0.784342 ecn_mark=683 drop=0
[QUEUE_STATS] t_ms=12992 q_pkts=2 q_bytes=3008 qdelay_l_ms=1.07606 qdelay_c_ms=1.06985 ecn_mark=683 drop=0
[QUEUE_STATS] t_ms=13008 q_pkts=0 q_bytes=0 qdelay_l_ms=0 qdelay_c_ms=0 ecn_mark=683 drop=0
[QUEUE_STATS] t_ms=13024 q_pkts=1 q_bytes=1504 qdelay_l_ms=1.08055 qdelay_c_ms=0 ecn_mark=683 drop=0
[QUEUE_STATS] t_ms=13040 q_pkts=4 q_bytes=6016 qdelay_l_ms=0 qdelay_c_ms=1.08206 ecn_mark=683 drop=0
[QUEUE_STATS] t_ms=13056 q_pkts=2 q_bytes=3008 qdelay_l_ms=0.925786 qdelay_c_ms=0.931958 ecn_mark=685 drop=0
[QUEUE_STATS] t_ms=13072 q_pkts=3 q_bytes=4512 qdelay_l_ms=1.06536 qdelay_c_ms=1.0762 ecn_mark=686 drop=0
[QUEUE_STATS] t_ms=13088 q_pkts=2 q_bytes=3008 qdelay_l_ms=0.807665 qdelay_c_ms=0.814588 ecn_mark=687 drop=0
[QUEUE_STATS] t_ms=13104 q_pkts=3 q_bytes=4512 qdelay_l_ms=1.06858 qdelay_c_ms=1.09147 ecn_mark=688 drop=0
[QUEUE_STATS] t_ms=13120 q_pkts=4 q_bytes=6016 qdelay_l_ms=1.08649 qdelay_c_ms=1.08067 ecn_mark=690 drop=0
[QUEUE_STATS] t_ms=13136 q_pkts=3 q_bytes=4512 qdelay_l_ms=0.999034 qdelay_c_ms=0.992502 ecn_mark=692 drop=0
[QUEUE_STATS] t_ms=13152 q_pkts=3 q_bytes=4512 qdelay_l_ms=0.852489 qdelay_c_ms=0.86347 ecn_mark=694 drop=0
[QUEUE_STATS] t_ms=13168 q_pkts=1 q_bytes=1504 qdelay_l_ms=1.07742 qdelay_c_ms=0 ecn_mark=695 drop=0
[QUEUE_STATS] t_ms=13184 q_pkts=3 q_bytes=4512 qdelay_l_ms=0.904908 qdelay_c_ms=0.920627 ecn_mark=696 drop=0
[QUEUE_STATS] t_ms=13200 q_pkts=3 q_bytes=4512 qdelay_l_ms=1.06736 qdelay_c_ms=1.07841 ecn_mark=699 drop=0
[QUEUE_STATS] t_ms=13216 q_pkts=1 q_bytes=1504 qdelay_l_ms=0.790794 qdelay_c_ms=0 ecn_mark=700 drop=0
[QUEUE_STATS] t_ms=13232 q_pkts=3 q_bytes=4512 qdelay_l_ms=0.80519 qdelay_c_ms=0.799409 ecn_mark=702 drop=0
[QUEUE_STATS] t_ms=13248 q_pkts=1 q_bytes=1504 qdelay_l_ms=1.07694 qdelay_c_ms=0 ecn_mark=702 drop=0
[QUEUE_STATS] t_ms=13265 q_pkts=2 q_bytes=3008 qdelay_l_ms=1.07676 qdelay_c_ms=0 ecn_mark=704 drop=0
[QUEUE_STATS] t_ms=13280 q_pkts=1 q_bytes=1504 qdelay_l_ms=1.06164 qdelay_c_ms=0 ecn_mark=705 drop=0
[QUEUE_STATS] t_ms=13296 q_pkts=0 q_bytes=0 qdelay_l_ms=0 qdelay_c_ms=0 ecn_mark=705 drop=0
[QUEUE_STATS] t_ms=13312 q_pkts=0 q_bytes=0 qdelay_l_ms=0 qdelay_c_ms=0 ecn_mark=707 drop=0
[QUEUE_STATS] t_ms=13328 q_pkts=5 q_bytes=7520 qdelay_l_ms=1.06606 qdelay_c_ms=1.09519 ecn_mark=709 drop=0
[QUEUE_STATS] t_ms=13344 q_pkts=3 q_bytes=4512 qdelay_l_ms=1.08466 qdelay_c_ms=1.07776 ecn_mark=710 drop=0
[QUEUE_STATS] t_ms=13360 q_pkts=2 q_bytes=3008 qdelay_l_ms=1.06835 qdelay_c_ms=1.84302 ecn_mark=713 drop=0
[QUEUE_STATS] t_ms=13377 q_pkts=4 q_bytes=6016 qdelay_l_ms=1.07638 qdelay_c_ms=1.07166 ecn_mark=713 drop=0
[QUEUE_STATS] t_ms=13392 q_pkts=2 q_bytes=3008 qdelay_l_ms=1.07697 qdelay_c_ms=0 ecn_mark=713 drop=0
[QUEUE_STATS] t_ms=13408 q_pkts=3 q_bytes=4512 qdelay_l_ms=1.06785 qdelay_c_ms=1.06249 ecn_mark=713 drop=0
[QUEUE_STATS] t_ms=13424 q_pkts=3 q_bytes=4512 qdelay_l_ms=1.06242 qdelay_c_ms=1.05645 ecn_mark=714 drop=0
[QUEUE_STATS] t_ms=13440 q_pkts=3 q_bytes=4512 qdelay_l_ms=1.09494 qdelay_c_ms=2.13254 ecn_mark=714 drop=0
[QUEUE_STATS] t_ms=13456 q_pkts=1 q_bytes=1504 qdelay_l_ms=0 qdelay_c_ms=0.010349 ecn_mark=715 drop=0
[QUEUE_STATS] t_ms=13472 q_pkts=1 q_bytes=1504 qdelay_l_ms=1.08202 qdelay_c_ms=0 ecn_mark=716 drop=0
[QUEUE_STATS] t_ms=13488 q_pkts=2 q_bytes=3008 qdelay_l_ms=0 qdelay_c_ms=1.06416 ecn_mark=716 drop=0
[QUEUE_STATS] t_ms=13504 q_pkts=2 q_bytes=3008 qdelay_l_ms=1.08129 qdelay_c_ms=1.07422 ecn_mark=717 drop=0
[QUEUE_STATS] t_ms=13520 q_pkts=3 q_bytes=4512 qdelay_l_ms=0.743335 qdelay_c_ms=0.753775 ecn_mark=717 drop=0
[QUEUE_STATS] t_ms=13536 q_pkts=3 q_bytes=4512 qdelay_l_ms=1.08103 qdelay_c_ms=1.07497 ecn_mark=718 drop=0
[QUEUE_STATS] t_ms=13552 q_pkts=4 q_bytes=6016 qdelay_l_ms=1.07037 qdelay_c_ms=1.06551 ecn_mark=720 drop=0
[QUEUE_STATS] t_ms=13568 q_pkts=2 q_bytes=3008 qdelay_l_ms=1.07642 qdelay_c_ms=0 ecn_mark=721 drop=0
[QUEUE_STATS] t_ms=13584 q_pkts=1 q_bytes=1504 qdelay_l_ms=1.06374 qdelay_c_ms=0 ecn_mark=722 drop=0
[QUEUE_STATS] t_ms=13600 q_pkts=4 q_bytes=6016 qdelay_l_ms=0.809879 qdelay_c_ms=1.2644 ecn_mark=723 drop=0
[QUEUE_STATS] t_ms=13616 q_pkts=4 q_bytes=6016 qdelay_l_ms=1.07874 qdelay_c_ms=2.11166 ecn_mark=725 drop=0
[QUEUE_STATS] t_ms=13632 q_pkts=0 q_bytes=0 qdelay_l_ms=0 qdelay_c_ms=0 ecn_mark=726 drop=0
[QUEUE_STATS] t_ms=13648 q_pkts=4 q_bytes=6016 qdelay_l_ms=1.08105 qdelay_c_ms=1.0752 ecn_mark=727 drop=0
[QUEUE_STATS] t_ms=13664 q_pkts=4 q_bytes=6016 qdelay_l_ms=1.08784 qdelay_c_ms=1.07376 ecn_mark=727 drop=0
[QUEUE_STATS] t_ms=13680 q_pkts=2 q_bytes=3008 qdelay_l_ms=0.832562 qdelay_c_ms=0.825649 ecn_mark=728 drop=0
[QUEUE_STATS] t_ms=13696 q_pkts=0 q_bytes=0 qdelay_l_ms=0 qdelay_c_ms=0 ecn_mark=730 drop=0
[QUEUE_STATS] t_ms=13712 q_pkts=2 q_bytes=3008 qdelay_l_ms=1.06253 qdelay_c_ms=1.06999 ecn_mark=731 drop=0
[QUEUE_STATS] t_ms=13728 q_pkts=0 q_bytes=0 qdelay_l_ms=0 qdelay_c_ms=0 ecn_mark=732 drop=0
[QUEUE_STATS] t_ms=13745 q_pkts=2 q_bytes=3008 qdelay_l_ms=1.06367 qdelay_c_ms=1.06941 ecn_mark=732 drop=0
[QUEUE_STATS] t_ms=13760 q_pkts=3 q_bytes=4512 qdelay_l_ms=1.05887 qdelay_c_ms=1.06974 ecn_mark=732 drop=0
[QUEUE_STATS] t_ms=13776 q_pkts=2 q_bytes=3008 qdelay_l_ms=0.567746 qdelay_c_ms=0.573416 ecn_mark=732 drop=0
[QUEUE_STATS] t_ms=13792 q_pkts=4 q_bytes=6016 qdelay_l_ms=1.08708 qdelay_c_ms=1.0807 ecn_mark=732 drop=0
[QUEUE_STATS] t_ms=13809 q_pkts=3 q_bytes=4512 qdelay_l_ms=1.04854 qdelay_c_ms=1.07236 ecn_mark=733 drop=0
[QUEUE_STATS] t_ms=13824 q_pkts=0 q_bytes=0 qdelay_l_ms=0 qdelay_c_ms=0 ecn_mark=734 drop=0
[QUEUE_STATS] t_ms=13840 q_pkts=0 q_bytes=0 qdelay_l_ms=0 qdelay_c_ms=0 ecn_mark=735 drop=0
[QUEUE_STATS] t_ms=13856 q_pkts=3 q_bytes=4512 qdelay_l_ms=0.950092 qdelay_c_ms=0.945403 ecn_mark=737 drop=0
[QUEUE_STATS] t_ms=13872 q_pkts=2 q_bytes=3008 qdelay_l_ms=0 qdelay_c_ms=0.016862 ecn_mark=737 drop=0
[QUEUE_STATS] t_ms=13888 q_pkts=4 q_bytes=6016 qdelay_l_ms=1.07114 qdelay_c_ms=1.08648 ecn_mark=738 drop=0
[QUEUE_STATS] t_ms=13904 q_pkts=2 q_bytes=3008 qdelay_l_ms=1.07617 qdelay_c_ms=0 ecn_mark=738 drop=0
[QUEUE_STATS] t_ms=13921 q_pkts=4 q_bytes=6016 qdelay_l_ms=1.09025 qdelay_c_ms=1.08359 ecn_mark=740 drop=0
[QUEUE_STATS] t_ms=13936 q_pkts=3 q_bytes=4512 qdelay_l_ms=1.06865 qdelay_c_ms=1.06353 ecn_mark=742 drop=0
[QUEUE_STATS] t_ms=13952 q_pkts=2 q_bytes=3008 qdelay_l_ms=0.814007 qdelay_c_ms=0 ecn_mark=743 drop=0
[QUEUE_STATS] t_ms=13968 q_pkts=1 q_bytes=1504 qdelay_l_ms=1.06413 qdelay_c_ms=0 ecn_mark=744 drop=0
[QUEUE_STATS] t_ms=13985 q_pkts=4 q_bytes=6016 qdelay_l_ms=1.0857 qdelay_c_ms=1.08027 ecn_mark=745 drop=0
[QUEUE_STATS] t_ms=14000 q_pkts=2 q_bytes=3008 qdelay_l_ms=0.785674 qdelay_c_ms=0 ecn_mark=746 drop=0
[QUEUE_STATS] t_ms=14016 q_pkts=3 q_bytes=4512 qdelay_l_ms=1.08337 qdelay_c_ms=1.07666 ecn_mark=747 drop=0
[QUEUE_STATS] t_ms=14032 q_pkts=5 q_bytes=7520 qdelay_l_ms=1.08722 qdelay_c_ms=1.08163 ecn_mark=751 drop=0
[QUEUE_STATS] t_ms=14048 q_pkts=1 q_bytes=1504 qdelay_l_ms=1.0073 qdelay_c_ms=0 ecn_mark=753 drop=0
[QUEUE_STATS] t_ms=14064 q_pkts=1 q_bytes=1504 qdelay_l_ms=1.06961 qdelay_c_ms=0 ecn_mark=754 drop=0
[QUEUE_STATS] t_ms=14080 q_pkts=0 q_bytes=0 qdelay_l_ms=0 qdelay_c_ms=0 ecn_mark=756 drop=0
[QUEUE_STATS] t_ms=14096 q_pkts=2 q_bytes=3008 qdelay_l_ms=0 qdelay_c_ms=0.831129 ecn_mark=756 drop=0
[QUEUE_STATS] t_ms=14112 q_pkts=0 q_bytes=0 qdelay_l_ms=0 qdelay_c_ms=0 ecn_mark=756 drop=0
[QUEUE_STATS] t_ms=14128 q_pkts=3 q_bytes=4512 qdelay_l_ms=1.06546 qdelay_c_ms=1.08462 ecn_mark=756 drop=0
[QUEUE_STATS] t_ms=14144 q_pkts=0 q_bytes=0 qdelay_l_ms=0 qdelay_c_ms=0 ecn_mark=758 drop=0
[QUEUE_STATS] t_ms=14160 q_pkts=1 q_bytes=1504 qdelay_l_ms=1.07377 qdelay_c_ms=0 ecn_mark=758 drop=0
[QUEUE_STATS] t_ms=14176 q_pkts=0 q_bytes=0 qdelay_l_ms=0 qdelay_c_ms=0 ecn_mark=759 drop=0
[QUEUE_STATS] t_ms=14192 q_pkts=5 q_bytes=7520 qdelay_l_ms=1.08169 qdelay_c_ms=1.07584 ecn_mark=759 drop=0
[QUEUE_STATS] t_ms=14208 q_pkts=3 q_bytes=4512 qdelay_l_ms=1.0629 qdelay_c_ms=1.07341 ecn_mark=759 drop=0
[QUEUE_STATS] t_ms=14224 q_pkts=1 q_bytes=1504 qdelay_l_ms=1.01083 qdelay_c_ms=0 ecn_mark=762 drop=0
[QUEUE_STATS] t_ms=14240 q_pkts=3 q_bytes=4512 qdelay_l_ms=0.983004 qdelay_c_ms=0.994626 ecn_mark=763 drop=0
[QUEUE_STATS] t_ms=14257 q_pkts=2 q_bytes=3008 qdelay_l_ms=1.08294 qdelay_c_ms=0 ecn_mark=765 drop=0
[QUEUE_STATS] t_ms=14272 q_pkts=3 q_bytes=4512 qdelay_l_ms=0.798418 qdelay_c_ms=0.792937 ecn_mark=766 drop=0
[QUEUE_STATS] t_ms=14288 q_pkts=1 q_bytes=1504 qdelay_l_ms=0.813616 qdelay_c_ms=0 ecn_mark=769 drop=0
[QUEUE_STATS] t_ms=14304 q_pkts=0 q_bytes=0 qdelay_l_ms=0 qdelay_c_ms=0 ecn_mark=770 drop=0
[QUEUE_STATS] t_ms=14320 q_pkts=3 q_bytes=4512 qdelay_l_ms=1.05855 qdelay_c_ms=1.07046 ecn_mark=770 drop=0
[QUEUE_STATS] t_ms=14336 q_pkts=1 q_bytes=1504 qdelay_l_ms=0.834015 qdelay_c_ms=0 ecn_mark=772 drop=0
[QUEUE_STATS] t_ms=14352 q_pkts=3 q_bytes=4512 qdelay_l_ms=1.06603 qdelay_c_ms=1.08017 ecn_mark=772 drop=0
[QUEUE_STATS] t_ms=14368 q_pkts=3 q_bytes=4512 qdelay_l_ms=1.07944 qdelay_c_ms=1.07344 ecn_mark=773 drop=0
[QUEUE_STATS] t_ms=14384 q_pkts=1 q_bytes=1504 qdelay_l_ms=1.07073 qdelay_c_ms=0 ecn_mark=774 drop=0
[QUEUE_STATS] t_ms=14400 q_pkts=4 q_bytes=6016 qdelay_l_ms=0.829096 qdelay_c_ms=0.823616 ecn_mark=776 drop=0
[QUEUE_STATS] t_ms=14416 q_pkts=3 q_bytes=4512 qdelay_l_ms=0.936347 qdelay_c_ms=0.951365 ecn_mark=777 drop=0
[QUEUE_STATS] t_ms=14433 q_pkts=2 q_bytes=3008 qdelay_l_ms=1.07889 qdelay_c_ms=0 ecn_mark=778 drop=0
[QUEUE_STATS] t_ms=14448 q_pkts=1 q_bytes=1504 qdelay_l_ms=1.07353 qdelay_c_ms=0 ecn_mark=779 drop=0
[QUEUE_STATS] t_ms=14464 q_pkts=5 q_bytes=7520 qdelay_l_ms=1.06334 qdelay_c_ms=1.89141 ecn_mark=780 drop=0
[QUEUE_STATS] t_ms=14480 q_pkts=3 q_bytes=4512 qdelay_l_ms=0.771588 qdelay_c_ms=0.766448 ecn_mark=781 drop=0
[QUEUE_STATS] t_ms=14496 q_pkts=3 q_bytes=4512 qdelay_l_ms=1.06533 qdelay_c_ms=1.05854 ecn_mark=781 drop=0
[QUEUE_STATS] t_ms=14512 q_pkts=1 q_bytes=1504 qdelay_l_ms=1.04766 qdelay_c_ms=0 ecn_mark=782 drop=0
[QUEUE_STATS] t_ms=14528 q_pkts=4 q_bytes=6016 qdelay_l_ms=1.0747 qdelay_c_ms=1.06883 ecn_mark=783 drop=0
[QUEUE_STATS] t_ms=14544 q_pkts=5 q_bytes=7520 qdelay_l_ms=1.07132 qdelay_c_ms=1.0975 ecn_mark=783 drop=0
[QUEUE_STATS] t_ms=14561 q_pkts=5 q_bytes=7520 qdelay_l_ms=1.05832 qdelay_c_ms=1.07882 ecn_mark=783 drop=0
[QUEUE_STATS] t_ms=14576 q_pkts=0 q_bytes=0 qdelay_l_ms=0 qdelay_c_ms=0 ecn_mark=784 drop=0
[QUEUE_STATS] t_ms=14592 q_pkts=6 q_bytes=9024 qdelay_l_ms=1.08926 qdelay_c_ms=1.08375 ecn_mark=785 drop=0
[QUEUE_STATS] t_ms=14608 q_pkts=1 q_bytes=1504 qdelay_l_ms=1.07881 qdelay_c_ms=0 ecn_mark=787 drop=0
[QUEUE_STATS] t_ms=14624 q_pkts=1 q_bytes=1504 qdelay_l_ms=0.835888 qdelay_c_ms=0 ecn_mark=789 drop=0
[QUEUE_STATS] t_ms=14640 q_pkts=3 q_bytes=4512 qdelay_l_ms=1.0877 qdelay_c_ms=1.08015 ecn_mark=789 drop=0
[QUEUE_STATS] t_ms=14656 q_pkts=3 q_bytes=4512 qdelay_l_ms=1.06583 qdelay_c_ms=1.09057 ecn_mark=789 drop=0
[QUEUE_STATS] t_ms=14672 q_pkts=0 q_bytes=0 qdelay_l_ms=0 qdelay_c_ms=0 ecn_mark=789 drop=0
[QUEUE_STATS] t_ms=14688 q_pkts=3 q_bytes=4512 qdelay_l_ms=0.807596 qdelay_c_ms=0.827563 ecn_mark=790 drop=0
[QUEUE_STATS] t_ms=14704 q_pkts=4 q_bytes=6016 qdelay_l_ms=1.08726 qdelay_c_ms=1.08096 ecn_mark=791 drop=0
[QUEUE_STATS] t_ms=14720 q_pkts=4 q_bytes=6016 qdelay_l_ms=1.07182 qdelay_c_ms=1.06625 ecn_mark=791 drop=0
[QUEUE_STATS] t_ms=14737 q_pkts=5 q_bytes=7520 qdelay_l_ms=1.03803 qdelay_c_ms=1.07266 ecn_mark=792 drop=0
[QUEUE_STATS] t_ms=14752 q_pkts=3 q_bytes=4512 qdelay_l_ms=1.06943 qdelay_c_ms=1.06459 ecn_mark=793 drop=0
[QUEUE_STATS] t_ms=14768 q_pkts=1 q_bytes=1504 qdelay_l_ms=1.06708 qdelay_c_ms=0 ecn_mark=793 drop=0
[QUEUE_STATS] t_ms=14785 q_pkts=1 q_bytes=1504 qdelay_l_ms=1.07785 qdelay_c_ms=0 ecn_mark=793 drop=0
[QUEUE_STATS] t_ms=14800 q_pkts=2 q_bytes=3008 qdelay_l_ms=1.07996 qdelay_c_ms=0 ecn_mark=793 drop=0
[QUEUE_STATS] t_ms=14816 q_pkts=4 q_bytes=6016 qdelay_l_ms=1.02222 qdelay_c_ms=1.01553 ecn_mark=793 drop=0
[QUEUE_STATS] t_ms=14832 q_pkts=0 q_bytes=0 qdelay_l_ms=0 qdelay_c_ms=0 ecn_mark=795 drop=0
[QUEUE_STATS] t_ms=14848 q_pkts=0 q_bytes=0 qdelay_l_ms=0 qdelay_c_ms=0 ecn_mark=797 drop=0
[QUEUE_STATS] t_ms=14864 q_pkts=5 q_bytes=7520 qdelay_l_ms=1.09629 qdelay_c_ms=1.08938 ecn_mark=798 drop=0
[QUEUE_STATS] t_ms=14880 q_pkts=6 q_bytes=9024 qdelay_l_ms=1.10792 qdelay_c_ms=1.0982 ecn_mark=798 drop=0
[QUEUE_STATS] t_ms=14896 q_pkts=0 q_bytes=0 qdelay_l_ms=0 qdelay_c_ms=0 ecn_mark=801 drop=0
[QUEUE_STATS] t_ms=14912 q_pkts=0 q_bytes=0 qdelay_l_ms=0 qdelay_c_ms=0 ecn_mark=802 drop=0
[QUEUE_STATS] t_ms=14928 q_pkts=3 q_bytes=4512 qdelay_l_ms=0.805792 qdelay_c_ms=0.800031 ecn_mark=803 drop=0
[QUEUE_STATS] t_ms=14944 q_pkts=1 q_bytes=1504 qdelay_l_ms=0.808857 qdelay_c_ms=0 ecn_mark=804 drop=0
[QUEUE_STATS] t_ms=14960 q_pkts=3 q_bytes=4512 qdelay_l_ms=1.05636 qdelay_c_ms=1.07016 ecn_mark=806 drop=0
[QUEUE_STATS] t_ms=14976 q_pkts=3 q_bytes=4512 qdelay_l_ms=1.0672 qdelay_c_ms=1.08351 ecn_mark=806 drop=0
[QUEUE_STATS] t_ms=14992 q_pkts=5 q_bytes=7520 qdelay_l_ms=1.09767 qdelay_c_ms=1.09226 ecn_mark=807 drop=0
[QUEUE_STATS] t_ms=15008 q_pkts=2 q_bytes=3008 qdelay_l_ms=0 qdelay_c_ms=0.026259 ecn_mark=807 drop=0
[QUEUE_STATS] t_ms=15024 q_pkts=3 q_bytes=4512 qdelay_l_ms=1.06931 qdelay_c_ms=1.06312 ecn_mark=808 drop=0
[QUEUE_STATS] t_ms=15040 q_pkts=0 q_bytes=0 qdelay_l_ms=0 qdelay_c_ms=0 ecn_mark=809 drop=0
[QUEUE_STATS] t_ms=15056 q_pkts=4 q_bytes=6016 qdelay_l_ms=1.08149 qdelay_c_ms=1.07562 ecn_mark=809 drop=0
[QUEUE_STATS] t_ms=15072 q_pkts=3 q_bytes=4512 qdelay_l_ms=1.05357 qdelay_c_ms=1.06397 ecn_mark=809 drop=0
[QUEUE_STATS] t_ms=15088 q_pkts=0 q_bytes=0 qdelay_l_ms=0 qdelay_c_ms=0 ecn_mark=809 drop=0
[QUEUE_STATS] t_ms=15104 q_pkts=6 q_bytes=9024 qdelay_l_ms=1.08836 qdelay_c_ms=1.08312 ecn_mark=810 drop=0
[QUEUE_STATS] t_ms=15120 q_pkts=2 q_bytes=3008 qdelay_l_ms=1.07866 qdelay_c_ms=2.13401 ecn_mark=810 drop=0
[QUEUE_STATS] t_ms=15136 q_pkts=0 q_bytes=0 qdelay_l_ms=0 qdelay_c_ms=0 ecn_mark=811 drop=0
[QUEUE_STATS] t_ms=15152 q_pkts=0 q_bytes=0 qdelay_l_ms=0 qdelay_c_ms=0 ecn_mark=811 drop=0
[QUEUE_STATS] t_ms=15168 q_pkts=3 q_bytes=4512 qdelay_l_ms=1.04507 qdelay_c_ms=1.03896 ecn_mark=814 drop=0
[QUEUE_STATS] t_ms=15184 q_pkts=1 q_bytes=1504 qdelay_l_ms=1.06401 qdelay_c_ms=0 ecn_mark=816 drop=0
[QUEUE_STATS] t_ms=15200 q_pkts=5 q_bytes=7520 qdelay_l_ms=0.774012 qdelay_c_ms=0.79443 ecn_mark=816 drop=0
[QUEUE_STATS] t_ms=15216 q_pkts=3 q_bytes=4512 qdelay_l_ms=1.06521 qdelay_c_ms=1.07828 ecn_mark=816 drop=0
[QUEUE_STATS] t_ms=15232 q_pkts=0 q_bytes=0 qdelay_l_ms=0 qdelay_c_ms=0 ecn_mark=816 drop=0
[QUEUE_STATS] t_ms=15248 q_pkts=5 q_bytes=7520 qdelay_l_ms=1.05391 qdelay_c_ms=1.07506 ecn_mark=817 drop=0
[QUEUE_STATS] t_ms=15264 q_pkts=3 q_bytes=4512 qdelay_l_ms=1.09654 qdelay_c_ms=1.08807 ecn_mark=818 drop=0
[QUEUE_STATS] t_ms=15280 q_pkts=1 q_bytes=1504 qdelay_l_ms=1.0706 qdelay_c_ms=0 ecn_mark=820 drop=0
[QUEUE_STATS] t_ms=15296 q_pkts=2 q_bytes=3008 qdelay_l_ms=0.925888 qdelay_c_ms=0 ecn_mark=821 drop=0
[QUEUE_STATS] t_ms=15312 q_pkts=4 q_bytes=6016 qdelay_l_ms=1.07144 qdelay_c_ms=1.0649 ecn_mark=824 drop=0
[QUEUE_STATS] t_ms=15328 q_pkts=5 q_bytes=7520 qdelay_l_ms=0.707176 qdelay_c_ms=0.701415 ecn_mark=826 drop=0
[QUEUE_STATS] t_ms=15344 q_pkts=0 q_bytes=0 qdelay_l_ms=0 qdelay_c_ms=0 ecn_mark=826 drop=0
[QUEUE_STATS] t_ms=15360 q_pkts=4 q_bytes=6016 qdelay_l_ms=0.779493 qdelay_c_ms=0.774253 ecn_mark=827 drop=0
[QUEUE_STATS] t_ms=15376 q_pkts=3 q_bytes=4512 qdelay_l_ms=1.07049 qdelay_c_ms=2.1211 ecn_mark=827 drop=0
[QUEUE_STATS] t_ms=15392 q_pkts=2 q_bytes=3008 qdelay_l_ms=1.07434 qdelay_c_ms=1.06876 ecn_mark=829 drop=0
[QUEUE_STATS] t_ms=15408 q_pkts=1 q_bytes=1504 qdelay_l_ms=1.07445 qdelay_c_ms=0 ecn_mark=829 drop=0
[QUEUE_STATS] t_ms=15424 q_pkts=1 q_bytes=1504 qdelay_l_ms=1.07151 qdelay_c_ms=0 ecn_mark=829 drop=0
[QUEUE_STATS] t_ms=15440 q_pkts=3 q_bytes=4512 qdelay_l_ms=1.08771 qdelay_c_ms=1.08074 ecn_mark=829 drop=0
[QUEUE_STATS] t_ms=15456 q_pkts=2 q_bytes=3008 qdelay_l_ms=0 qdelay_c_ms=1.07226 ecn_mark=829 drop=0
[QUEUE_STATS] t_ms=15472 q_pkts=1 q_bytes=1504 qdelay_l_ms=1.05753 qdelay_c_ms=0 ecn_mark=832 drop=0
[QUEUE_STATS] t_ms=15488 q_pkts=1 q_bytes=1504 qdelay_l_ms=1.07453 qdelay_c_ms=0 ecn_mark=832 drop=0
[QUEUE_STATS] t_ms=15504 q_pkts=3 q_bytes=4512 qdelay_l_ms=0.889248 qdelay_c_ms=2.04481 ecn_mark=834 drop=0
[QUEUE_STATS] t_ms=15520 q_pkts=0 q_bytes=0 qdelay_l_ms=0 qdelay_c_ms=0 ecn_mark=836 drop=0
[QUEUE_STATS] t_ms=15536 q_pkts=6 q_bytes=9024 qdelay_l_ms=1.11597 qdelay_c_ms=1.10948 ecn_mark=836 drop=0
[QUEUE_STATS] t_ms=15552 q_pkts=0 q_bytes=0 qdelay_l_ms=0 qdelay_c_ms=0 ecn_mark=836 drop=0
[QUEUE_STATS] t_ms=15568 q_pkts=4 q_bytes=6016 qdelay_l_ms=0.907293 qdelay_c_ms=0.901442 ecn_mark=836 drop=0
[QUEUE_STATS] t_ms=15584 q_pkts=0 q_bytes=0 qdelay_l_ms=0 qdelay_c_ms=0 ecn_mark=836 drop=0
[QUEUE_STATS] t_ms=15600 q_pkts=4 q_bytes=6016 qdelay_l_ms=1.09206 qdelay_c_ms=1.08523 ecn_mark=837 drop=0
[QUEUE_STATS] t_ms=15617 q_pkts=1 q_bytes=1504 qdelay_l_ms=1.07136 qdelay_c_ms=0 ecn_mark=837 drop=0
[QUEUE_STATS] t_ms=15632 q_pkts=5 q_bytes=7520 qdelay_l_ms=1.0671 qdelay_c_ms=1.08856 ecn_mark=837 drop=0
[QUEUE_STATS] t_ms=15648 q_pkts=3 q_bytes=4512 qdelay_l_ms=1.0457 qdelay_c_ms=1.04004 ecn_mark=837 drop=0
[QUEUE_STATS] t_ms=15664 q_pkts=4 q_bytes=6016 qdelay_l_ms=1.0883 qdelay_c_ms=1.08184 ecn_mark=837 drop=0
[QUEUE_STATS] t_ms=15680 q_pkts=1 q_bytes=1504 qdelay_l_ms=0.766077 qdelay_c_ms=0 ecn_mark=840 drop=0
[QUEUE_STATS] t_ms=15696 q_pkts=3 q_bytes=4512 qdelay_l_ms=0.885151 qdelay_c_ms=0.880112 ecn_mark=840 drop=0
[QUEUE_STATS] t_ms=15712 q_pkts=3 q_bytes=4512 qdelay_l_ms=0.748073 qdelay_c_ms=0.758222 ecn_mark=840 drop=0
[QUEUE_STATS] t_ms=15728 q_pkts=2 q_bytes=3008 qdelay_l_ms=1.06701 qdelay_c_ms=0 ecn_mark=841 drop=0
[QUEUE_STATS] t_ms=15744 q_pkts=2 q_bytes=3008 qdelay_l_ms=1.05435 qdelay_c_ms=1.06039 ecn_mark=843 drop=0
[QUEUE_STATS] t_ms=15760 q_pkts=3 q_bytes=4512 qdelay_l_ms=0.844465 qdelay_c_ms=0.838483 ecn_mark=844 drop=0
[QUEUE_STATS] t_ms=15776 q_pkts=2 q_bytes=3008 qdelay_l_ms=0 qdelay_c_ms=0.024646 ecn_mark=846 drop=0
[QUEUE_STATS] t_ms=15792 q_pkts=3 q_bytes=4512 qdelay_l_ms=1.07512 qdelay_c_ms=1.09017 ecn_mark=846 drop=0
[QUEUE_STATS] t_ms=15808 q_pkts=2 q_bytes=3008 qdelay_l_ms=0.772749 qdelay_c_ms=0.766658 ecn_mark=848 drop=0
[QUEUE_STATS] t_ms=15824 q_pkts=1 q_bytes=1504 qdelay_l_ms=0.682701 qdelay_c_ms=0 ecn_mark=850 drop=0
[QUEUE_STATS] t_ms=15840 q_pkts=3 q_bytes=4512 qdelay_l_ms=1.04522 qdelay_c_ms=1.06825 ecn_mark=851 drop=0
[QUEUE_STATS] t_ms=15856 q_pkts=1 q_bytes=1504 qdelay_l_ms=1.06336 qdelay_c_ms=0 ecn_mark=852 drop=0
[QUEUE_STATS] t_ms=15872 q_pkts=6 q_bytes=9024 qdelay_l_ms=1.10763 qdelay_c_ms=1.10124 ecn_mark=852 drop=0
[QUEUE_STATS] t_ms=15888 q_pkts=0 q_bytes=0 qdelay_l_ms=0 qdelay_c_ms=0 ecn_mark=854 drop=0
[QUEUE_STATS] t_ms=15904 q_pkts=0 q_bytes=0 qdelay_l_ms=0 qdelay_c_ms=0 ecn_mark=855 drop=0
[QUEUE_STATS] t_ms=15920 q_pkts=1 q_bytes=1504 qdelay_l_ms=0.773331 qdelay_c_ms=0 ecn_mark=855 drop=0
[QUEUE_STATS] t_ms=15936 q_pkts=3 q_bytes=4512 qdelay_l_ms=1.06627 qdelay_c_ms=1.08361 ecn_mark=857 drop=0
[QUEUE_STATS] t_ms=15952 q_pkts=1 q_bytes=1504 qdelay_l_ms=1.06558 qdelay_c_ms=0 ecn_mark=858 drop=0
[QUEUE_STATS] t_ms=15968 q_pkts=5 q_bytes=7520 qdelay_l_ms=0.858651 qdelay_c_ms=0.852489 ecn_mark=860 drop=0
[QUEUE_STATS] t_ms=15984 q_pkts=1 q_bytes=1504 qdelay_l_ms=0.760497 qdelay_c_ms=0 ecn_mark=860 drop=0
[QUEUE_STATS] t_ms=16000 q_pkts=3 q_bytes=4512 qdelay_l_ms=1.06599 qdelay_c_ms=1.08981 ecn_mark=860 drop=0
[QUEUE_STATS] t_ms=16016 q_pkts=6 q_bytes=9024 qdelay_l_ms=1.10428 qdelay_c_ms=1.09678 ecn_mark=861 drop=0
[QUEUE_STATS] t_ms=16032 q_pkts=3 q_bytes=4512 qdelay_l_ms=1.06917 qdelay_c_ms=1.06371 ecn_mark=863 drop=0
[QUEUE_STATS] t_ms=16048 q_pkts=3 q_bytes=4512 qdelay_l_ms=1.05858 qdelay_c_ms=1.06958 ecn_mark=863 drop=0
[QUEUE_STATS] t_ms=16064 q_pkts=3 q_bytes=4512 qdelay_l_ms=1.06091 qdelay_c_ms=1.07173 ecn_mark=865 drop=0
[QUEUE_STATS] t_ms=16080 q_pkts=3 q_bytes=4512 qdelay_l_ms=1.08 qdelay_c_ms=1.07462 ecn_mark=866 drop=0
[QUEUE_STATS] t_ms=16096 q_pkts=3 q_bytes=4512 qdelay_l_ms=1.06598 qdelay_c_ms=1.08709 ecn_mark=866 drop=0
[QUEUE_STATS] t_ms=16112 q_pkts=5 q_bytes=7520 qdelay_l_ms=1.09641 qdelay_c_ms=1.08934 ecn_mark=868 drop=0
[QUEUE_STATS] t_ms=16128 q_pkts=2 q_bytes=3008 qdelay_l_ms=1.07079 qdelay_c_ms=2.10512 ecn_mark=869 drop=0
[QUEUE_STATS] t_ms=16144 q_pkts=3 q_bytes=4512 qdelay_l_ms=0.771858 qdelay_c_ms=0.782939 ecn_mark=869 drop=0
[QUEUE_STATS] t_ms=16160 q_pkts=3 q_bytes=4512 qdelay_l_ms=0.723879 qdelay_c_ms=0.758604 ecn_mark=870 drop=0
[QUEUE_STATS] t_ms=16176 q_pkts=3 q_bytes=4512 qdelay_l_ms=1.06309 qdelay_c_ms=2.11699 ecn_mark=872 drop=0
[QUEUE_STATS] t_ms=16192 q_pkts=1 q_bytes=1504 qdelay_l_ms=0.849374 qdelay_c_ms=0 ecn_mark=872 drop=0
[QUEUE_STATS] t_ms=16208 q_pkts=1 q_bytes=1504 qdelay_l_ms=0.850175 qdelay_c_ms=0 ecn_mark=874 drop=0
[QUEUE_STATS] t_ms=16224 q_pkts=3 q_bytes=4512 qdelay_l_ms=1.0652 qdelay_c_ms=1.08931 ecn_mark=877 drop=0
[QUEUE_STATS] t_ms=16240 q_pkts=6 q_bytes=9024 qdelay_l_ms=0.872907 qdelay_c_ms=0.867087 ecn_mark=879 drop=0
[QUEUE_STATS] t_ms=16256 q_pkts=3 q_bytes=4512 qdelay_l_ms=0.782308 qdelay_c_ms=0.777128 ecn_mark=880 drop=0
[QUEUE_STATS] t_ms=16272 q_pkts=2 q_bytes=3008 qdelay_l_ms=0 qdelay_c_ms=2.68168 ecn_mark=881 drop=0
[QUEUE_STATS] t_ms=16288 q_pkts=1 q_bytes=1504 qdelay_l_ms=1.07563 qdelay_c_ms=0 ecn_mark=883 drop=0
[QUEUE_STATS] t_ms=16304 q_pkts=3 q_bytes=4512 qdelay_l_ms=0.829346 qdelay_c_ms=0.850867 ecn_mark=885 drop=0
[QUEUE_STATS] t_ms=16320 q_pkts=0 q_bytes=0 qdelay_l_ms=0 qdelay_c_ms=0 ecn_mark=887 drop=0
[QUEUE_STATS] t_ms=16336 q_pkts=3 q_bytes=4512 qdelay_l_ms=1.06594 qdelay_c_ms=1.08827 ecn_mark=887 drop=0
[QUEUE_STATS] t_ms=16353 q_pkts=2 q_bytes=3008 qdelay_l_ms=1.08097 qdelay_c_ms=0 ecn_mark=888 drop=0
[QUEUE_STATS] t_ms=16368 q_pkts=5 q_bytes=7520 qdelay_l_ms=1.06613 qdelay_c_ms=1.09682 ecn_mark=888 drop=0
[QUEUE_STATS] t_ms=16384 q_pkts=2 q_bytes=3008 qdelay_l_ms=1.07604 qdelay_c_ms=1.50303 ecn_mark=888 drop=0
[QUEUE_STATS] t_ms=16400 q_pkts=2 q_bytes=3008 qdelay_l_ms=1.07605 qdelay_c_ms=2.1082 ecn_mark=888 drop=0
[QUEUE_STATS] t_ms=16416 q_pkts=3 q_bytes=4512 qdelay_l_ms=1.07631 qdelay_c_ms=1.09105 ecn_mark=888 drop=0
[QUEUE_STATS] t_ms=16432 q_pkts=1 q_bytes=1504 qdelay_l_ms=1.05871 qdelay_c_ms=0 ecn_mark=889 drop=0
[QUEUE_STATS] t_ms=16448 q_pkts=4 q_bytes=6016 qdelay_l_ms=1.06678 qdelay_c_ms=1.06143 ecn_mark=891 drop=0
[QUEUE_STATS] t_ms=16464 q_pkts=2 q_bytes=3008 qdelay_l_ms=0 qdelay_c_ms=1.08755 ecn_mark=892 drop=0
[QUEUE_STATS] t_ms=16480 q_pkts=1 q_bytes=1504 qdelay_l_ms=1.06565 qdelay_c_ms=0 ecn_mark=892 drop=0
[QUEUE_STATS] t_ms=16496 q_pkts=5 q_bytes=7520 qdelay_l_ms=0.753163 qdelay_c_ms=1.52323 ecn_mark=894 drop=0
[QUEUE_STATS] t_ms=16512 q_pkts=4 q_bytes=6016 qdelay_l_ms=1.09327 qdelay_c_ms=1.08627 ecn_mark=895 drop=0
[QUEUE_STATS] t_ms=16528 q_pkts=1 q_bytes=1504 qdelay_l_ms=1.05984 qdelay_c_ms=0 ecn_mark=896 drop=0
[QUEUE_STATS] t_ms=16544 q_pkts=0 q_bytes=0 qdelay_l_ms=0 qdelay_c_ms=0 ecn_mark=897 drop=0
[QUEUE_STATS] t_ms=16560 q_pkts=3 q_bytes=4512 qdelay_l_ms=1.06977 qdelay_c_ms=1.06428 ecn_mark=899 drop=0
[QUEUE_STATS] t_ms=16576 q_pkts=4 q_bytes=6016 qdelay_l_ms=0.887905 qdelay_c_ms=0.883197 ecn_mark=901 drop=0
[QUEUE_STATS] t_ms=16593 q_pkts=0 q_bytes=0 qdelay_l_ms=0 qdelay_c_ms=0 ecn_mark=902 drop=0
[QUEUE_STATS] t_ms=16608 q_pkts=3 q_bytes=4512 qdelay_l_ms=0.743736 qdelay_c_ms=0.767159 ecn_mark=902 drop=0
[QUEUE_STATS] t_ms=16624 q_pkts=1 q_bytes=1504 qdelay_l_ms=1.06067 qdelay_c_ms=0 ecn_mark=903 drop=0
[QUEUE_STATS] t_ms=16640 q_pkts=5 q_bytes=7520 qdelay_l_ms=1.06284 qdelay_c_ms=1.09116 ecn_mark=903 drop=0
[QUEUE_STATS] t_ms=16656 q_pkts=0 q_bytes=0 qdelay_l_ms=0 qdelay_c_ms=0 ecn_mark=903 drop=0
[QUEUE_STATS] t_ms=16672 q_pkts=3 q_bytes=4512 qdelay_l_ms=1.0655 qdelay_c_ms=1.08877 ecn_mark=904 drop=0
[QUEUE_STATS] t_ms=16688 q_pkts=2 q_bytes=3008 qdelay_l_ms=1.07272 qdelay_c_ms=0 ecn_mark=904 drop=0
[QUEUE_STATS] t_ms=16704 q_pkts=3 q_bytes=4512 qdelay_l_ms=1.06682 qdelay_c_ms=1.06033 ecn_mark=905 drop=0
[QUEUE_STATS] t_ms=16720 q_pkts=3 q_bytes=4512 qdelay_l_ms=0.781536 qdelay_c_ms=1.65592 ecn_mark=906 drop=0
[QUEUE_STATS] t_ms=16736 q_pkts=3 q_bytes=4512 qdelay_l_ms=0.745269 qdelay_c_ms=0.765116 ecn_mark=907 drop=0
[QUEUE_STATS] t_ms=16752 q_pkts=3 q_bytes=4512 qdelay_l_ms=1.06555 qdelay_c_ms=1.08034 ecn_mark=907 drop=0
[QUEUE_STATS] t_ms=16768 q_pkts=1 q_bytes=1504 qdelay_l_ms=0.908835 qdelay_c_ms=0 ecn_mark=907 drop=0
[QUEUE_STATS] t_ms=16784 q_pkts=3 q_bytes=4512 qdelay_l_ms=1.06195 qdelay_c_ms=1.07211 ecn_mark=909 drop=0
[QUEUE_STATS] t_ms=16800 q_pkts=4 q_bytes=6016 qdelay_l_ms=0.833343 qdelay_c_ms=0.828324 ecn_mark=910 drop=0
[QUEUE_STATS] t_ms=16816 q_pkts=3 q_bytes=4512 qdelay_l_ms=1.06513 qdelay_c_ms=1.08563 ecn_mark=910 drop=0
[QUEUE_STATS] t_ms=16832 q_pkts=1 q_bytes=1504 qdelay_l_ms=0.910558 qdelay_c_ms=0 ecn_mark=912 drop=0
[QUEUE_STATS] t_ms=16848 q_pkts=1 q_bytes=1504 qdelay_l_ms=0 qdelay_c_ms=1.11152 ecn_mark=913 drop=0
[QUEUE_STATS] t_ms=16864 q_pkts=1 q_bytes=1504 qdelay_l_ms=0.886754 qdelay_c_ms=0 ecn_mark=914 drop=0
[QUEUE_STATS] t_ms=16880 q_pkts=3 q_bytes=4512 qdelay_l_ms=1.05318 qdelay_c_ms=1.07826 ecn_mark=914 drop=0
[QUEUE_STATS] t_ms=16897 q_pkts=2 q_bytes=3008 qdelay_l_ms=1.08828 qdelay_c_ms=2.07187 ecn_mark=914 drop=0
[QUEUE_STATS] t_ms=16912 q_pkts=3 q_bytes=4512 qdelay_l_ms=0.81015 qdelay_c_ms=0.820149 ecn_mark=915 drop=0
[QUEUE_STATS] t_ms=16928 q_pkts=1 q_bytes=1504 qdelay_l_ms=0.771107 qdelay_c_ms=0 ecn_mark=916 drop=0
[QUEUE_STATS] t_ms=16944 q_pkts=0 q_bytes=0 qdelay_l_ms=0 qdelay_c_ms=0 ecn_mark=916 drop=0
[QUEUE_STATS] t_ms=16960 q_pkts=0 q_bytes=0 qdelay_l_ms=0 qdelay_c_ms=0 ecn_mark=917 drop=0
[QUEUE_STATS] t_ms=16976 q_pkts=2 q_bytes=3008 qdelay_l_ms=1.06511 qdelay_c_ms=2.12195 ecn_mark=918 drop=0
[QUEUE_STATS] t_ms=16992 q_pkts=0 q_bytes=0 qdelay_l_ms=0 qdelay_c_ms=0 ecn_mark=918 drop=0
[QUEUE_STATS] t_ms=17008 q_pkts=4 q_bytes=6016 qdelay_l_ms=1.09066 qdelay_c_ms=1.08404 ecn_mark=921 drop=0
[QUEUE_STATS] t_ms=17025 q_pkts=2 q_bytes=3008 qdelay_l_ms=1.0756 qdelay_c_ms=0 ecn_mark=923 drop=0
[QUEUE_STATS] t_ms=17040 q_pkts=5 q_bytes=7520 qdelay_l_ms=1.02261 qdelay_c_ms=1.01667 ecn_mark=923 drop=0
[QUEUE_STATS] t_ms=17056 q_pkts=1 q_bytes=1504 qdelay_l_ms=0 qdelay_c_ms=1.27953 ecn_mark=926 drop=0
[QUEUE_STATS] t_ms=17072 q_pkts=3 q_bytes=4512 qdelay_l_ms=1.05354 qdelay_c_ms=1.04683 ecn_mark=927 drop=0
[QUEUE_STATS] t_ms=17088 q_pkts=1 q_bytes=1504 qdelay_l_ms=0 qdelay_c_ms=1.97016 ecn_mark=929 drop=0
[QUEUE_STATS] t_ms=17104 q_pkts=3 q_bytes=4512 qdelay_l_ms=1.06225 qdelay_c_ms=1.0854 ecn_mark=929 drop=0
[QUEUE_STATS] t_ms=17120 q_pkts=3 q_bytes=4512 qdelay_l_ms=1.06598 qdelay_c_ms=1.08831 ecn_mark=930 drop=0
[QUEUE_STATS] t_ms=17136 q_pkts=1 q_bytes=1504 qdelay_l_ms=1.05975 qdelay_c_ms=0 ecn_mark=931 drop=0
[QUEUE_STATS] t_ms=17152 q_pkts=5 q_bytes=7520 qdelay_l_ms=0.755728 qdelay_c_ms=1.52394 ecn_mark=932 drop=0
[QUEUE_STATS] t_ms=17168 q_pkts=0 q_bytes=0 qdelay_l_ms=0 qdelay_c_ms=0 ecn_mark=935 drop=0
[QUEUE_STATS] t_ms=17184 q_pkts=4 q_bytes=6016 qdelay_l_ms=1.09392 qdelay_c_ms=1.0876 ecn_mark=935 drop=0
[QUEUE_STATS] t_ms=17200 q_pkts=4 q_bytes=6016 qdelay_l_ms=0 qdelay_c_ms=1.10024 ecn_mark=936 drop=0
[QUEUE_STATS] t_ms=17216 q_pkts=3 q_bytes=4512 qdelay_l_ms=1.03529 qdelay_c_ms=1.02934 ecn_mark=936 drop=0
[QUEUE_STATS] t_ms=17232 q_pkts=0 q_bytes=0 qdelay_l_ms=0 qdelay_c_ms=0 ecn_mark=936 drop=0
[QUEUE_STATS] t_ms=17248 q_pkts=3 q_bytes=4512 qdelay_l_ms=1.07965 qdelay_c_ms=1.07355 ecn_mark=936 drop=0
[QUEUE_STATS] t_ms=17264 q_pkts=1 q_bytes=1504 qdelay_l_ms=0.988004 qdelay_c_ms=0 ecn_mark=938 drop=0
[QUEUE_STATS] t_ms=17280 q_pkts=3 q_bytes=4512 qdelay_l_ms=1.06724 qdelay_c_ms=1.08468 ecn_mark=938 drop=0
[QUEUE_STATS] t_ms=17297 q_pkts=6 q_bytes=9024 qdelay_l_ms=1.06644 qdelay_c_ms=1.06146 ecn_mark=938 drop=0
[QUEUE_STATS] t_ms=17312 q_pkts=5 q_bytes=7520 qdelay_l_ms=1.06709 qdelay_c_ms=1.09361 ecn_mark=940 drop=0
[QUEUE_STATS] t_ms=17328 q_pkts=5 q_bytes=7520 qdelay_l_ms=1.06714 qdelay_c_ms=1.09562 ecn_mark=942 drop=0
[QUEUE_STATS] t_ms=17344 q_pkts=2 q_bytes=3008 qdelay_l_ms=1.07646 qdelay_c_ms=1.07079 ecn_mark=943 drop=0
[QUEUE_STATS] t_ms=17360 q_pkts=1 q_bytes=1504 qdelay_l_ms=1.084 qdelay_c_ms=0 ecn_mark=943 drop=0
[QUEUE_STATS] t_ms=17376 q_pkts=2 q_bytes=3008 qdelay_l_ms=1.07423 qdelay_c_ms=1.08112 ecn_mark=943 drop=0
[QUEUE_STATS] t_ms=17392 q_pkts=3 q_bytes=4512 qdelay_l_ms=0.807054 qdelay_c_ms=0.801443 ecn_mark=943 drop=0
[QUEUE_STATS] t_ms=17408 q_pkts=4 q_bytes=6016 qdelay_l_ms=1.09669 qdelay_c_ms=1.0905 ecn_mark=944 drop=0
[QUEUE_STATS] t_ms=17424 q_pkts=2 q_bytes=3008 qdelay_l_ms=1.06536 qdelay_c_ms=1.06019 ecn_mark=945 drop=0
[QUEUE_STATS] t_ms=17440 q_pkts=4 q_bytes=6016 qdelay_l_ms=0.776207 qdelay_c_ms=1.8449 ecn_mark=947 drop=0
[QUEUE_STATS] t_ms=17456 q_pkts=3 q_bytes=4512 qdelay_l_ms=1.04855 qdelay_c_ms=1.07387 ecn_mark=950 drop=0
[QUEUE_STATS] t_ms=17472 q_pkts=5 q_bytes=7520 qdelay_l_ms=1.06571 qdelay_c_ms=1.08647 ecn_mark=950 drop=0
[QUEUE_STATS] t_ms=17488 q_pkts=4 q_bytes=6016 qdelay_l_ms=1.07911 qdelay_c_ms=1.07327 ecn_mark=950 drop=0
[QUEUE_STATS] t_ms=17504 q_pkts=1 q_bytes=1504 qdelay_l_ms=1.07293 qdelay_c_ms=0 ecn_mark=951 drop=0
[QUEUE_STATS] t_ms=17520 q_pkts=2 q_bytes=3008 qdelay_l_ms=1.07228 qdelay_c_ms=0 ecn_mark=952 drop=0
[QUEUE_STATS] t_ms=17536 q_pkts=3 q_bytes=4512 qdelay_l_ms=0.838803 qdelay_c_ms=0.832321 ecn_mark=952 drop=0
[QUEUE_STATS] t_ms=17552 q_pkts=1 q_bytes=1504 qdelay_l_ms=1.07233 qdelay_c_ms=0 ecn_mark=953 drop=0
[QUEUE_STATS] t_ms=17568 q_pkts=1 q_bytes=1504 qdelay_l_ms=1.07599 qdelay_c_ms=0 ecn_mark=954 drop=0
[QUEUE_STATS] t_ms=17584 q_pkts=2 q_bytes=3008 qdelay_l_ms=0.769534 qdelay_c_ms=0.763022 ecn_mark=954 drop=0
[QUEUE_STATS] t_ms=17600 q_pkts=3 q_bytes=4512 qdelay_l_ms=0.035537 qdelay_c_ms=0.028834 ecn_mark=956 drop=0
[QUEUE_STATS] t_ms=17616 q_pkts=0 q_bytes=0 qdelay_l_ms=0 qdelay_c_ms=0 ecn_mark=957 drop=0
[QUEUE_STATS] t_ms=17632 q_pkts=3 q_bytes=4512 qdelay_l_ms=1.06975 qdelay_c_ms=1.0641 ecn_mark=959 drop=0
[QUEUE_STATS] t_ms=17648 q_pkts=3 q_bytes=4512 qdelay_l_ms=1.06093 qdelay_c_ms=1.05519 ecn_mark=959 drop=0
[QUEUE_STATS] t_ms=17664 q_pkts=3 q_bytes=4512 qdelay_l_ms=1.03338 qdelay_c_ms=1.0282 ecn_mark=959 drop=0
[QUEUE_STATS] t_ms=17680 q_pkts=1 q_bytes=1504 qdelay_l_ms=1.07534 qdelay_c_ms=0 ecn_mark=962 drop=0
[QUEUE_STATS] t_ms=17696 q_pkts=5 q_bytes=7520 qdelay_l_ms=0.821752 qdelay_c_ms=1.51192 ecn_mark=964 drop=0
[QUEUE_STATS] t_ms=17712 q_pkts=1 q_bytes=1504 qdelay_l_ms=0 qdelay_c_ms=0.011852 ecn_mark=964 drop=0
[QUEUE_STATS] t_ms=17728 q_pkts=4 q_bytes=6016 qdelay_l_ms=1.06683 qdelay_c_ms=1.06077 ecn_mark=965 drop=0
[QUEUE_STATS] t_ms=17744 q_pkts=1 q_bytes=1504 qdelay_l_ms=0 qdelay_c_ms=1.43353 ecn_mark=966 drop=0
[QUEUE_STATS] t_ms=17761 q_pkts=3 q_bytes=4512 qdelay_l_ms=1.0741 qdelay_c_ms=1.08437 ecn_mark=967 drop=0
[QUEUE_STATS] t_ms=17776 q_pkts=3 q_bytes=4512 qdelay_l_ms=1.08905 qdelay_c_ms=1.08354 ecn_mark=969 drop=0
[QUEUE_STATS] t_ms=17792 q_pkts=3 q_bytes=4512 qdelay_l_ms=1.06794 qdelay_c_ms=1.08382 ecn_mark=969 drop=0
[QUEUE_STATS] t_ms=17808 q_pkts=3 q_bytes=4512 qdelay_l_ms=1.08231 qdelay_c_ms=1.07659 ecn_mark=969 drop=0
[QUEUE_STATS] t_ms=17824 q_pkts=2 q_bytes=3008 qdelay_l_ms=1.09074 qdelay_c_ms=2.13213 ecn_mark=970 drop=0
[QUEUE_STATS] t_ms=17840 q_pkts=1 q_bytes=1504 qdelay_l_ms=1.0782 qdelay_c_ms=0 ecn_mark=970 drop=0
[QUEUE_STATS] t_ms=17856 q_pkts=2 q_bytes=3008 qdelay_l_ms=0.824557 qdelay_c_ms=0 ecn_mark=971 drop=0
[QUEUE_STATS] t_ms=17872 q_pkts=3 q_bytes=4512 qdelay_l_ms=0.810029 qdelay_c_ms=0.827622 ecn_mark=971 drop=0
[QUEUE_STATS] t_ms=17888 q_pkts=1 q_bytes=1504 qdelay_l_ms=1.06775 qdelay_c_ms=0 ecn_mark=971 drop=0
[QUEUE_STATS] t_ms=17904 q_pkts=4 q_bytes=6016 qdelay_l_ms=1.08392 qdelay_c_ms=1.07824 ecn_mark=973 drop=0
[QUEUE_STATS] t_ms=17921 q_pkts=3 q_bytes=4512 qdelay_l_ms=1.07246 qdelay_c_ms=1.06574 ecn_mark=973 drop=0
[QUEUE_STATS] t_ms=17936 q_pkts=1 q_bytes=1504 qdelay_l_ms=1.00261 qdelay_c_ms=0 ecn_mark=974 drop=0
[QUEUE_STATS] t_ms=17952 q_pkts=1 q_bytes=1504 qdelay_l_ms=1.02415 qdelay_c_ms=0 ecn_mark=975 drop=0
[QUEUE_STATS] t_ms=17968 q_pkts=1 q_bytes=1504 qdelay_l_ms=1.06138 qdelay_c_ms=0 ecn_mark=975 drop=0
[QUEUE_STATS] t_ms=17984 q_pkts=4 q_bytes=6016 qdelay_l_ms=1.08703 qdelay_c_ms=1.08051 ecn_mark=976 drop=0
[QUEUE_STATS] t_ms=18000 q_pkts=1 q_bytes=1504 qdelay_l_ms=0.016 qdelay_c_ms=0 ecn_mark=977 drop=0
[QUEUE_STATS] t_ms=18016 q_pkts=6 q_bytes=9024 qdelay_l_ms=0.950924 qdelay_c_ms=0.944011 ecn_mark=978 drop=0
[QUEUE_STATS] t_ms=18032 q_pkts=3 q_bytes=4512 qdelay_l_ms=0.762831 qdelay_c_ms=0.78348 ecn_mark=979 drop=0
[QUEUE_STATS] t_ms=18048 q_pkts=3 q_bytes=4512 qdelay_l_ms=1.06551 qdelay_c_ms=1.08018 ecn_mark=979 drop=0
[QUEUE_STATS] t_ms=18064 q_pkts=2 q_bytes=3008 qdelay_l_ms=1.06501 qdelay_c_ms=1.07587 ecn_mark=979 drop=0
[QUEUE_STATS] t_ms=18080 q_pkts=4 q_bytes=6016 qdelay_l_ms=1.09287 qdelay_c_ms=1.0854 ecn_mark=979 drop=0
[QUEUE_STATS] t_ms=18096 q_pkts=1 q_bytes=1504 qdelay_l_ms=0.723628 qdelay_c_ms=0 ecn_mark=979 drop=0
[QUEUE_STATS] t_ms=18112 q_pkts=3 q_bytes=4512 qdelay_l_ms=1.05373 qdelay_c_ms=1.0642 ecn_mark=981 drop=0
[QUEUE_STATS] t_ms=18128 q_pkts=2 q_bytes=3008 qdelay_l_ms=1.07654 qdelay_c_ms=1.0835 ecn_mark=981 drop=0
[QUEUE_STATS] t_ms=18144 q_pkts=1 q_bytes=1504 qdelay_l_ms=1.06538 qdelay_c_ms=0 ecn_mark=982 drop=0
[QUEUE_STATS] t_ms=18160 q_pkts=3 q_bytes=4512 qdelay_l_ms=1.00894 qdelay_c_ms=1.03332 ecn_mark=983 drop=0
[QUEUE_STATS] t_ms=18176 q_pkts=1 q_bytes=1504 qdelay_l_ms=1.07848 qdelay_c_ms=0 ecn_mark=984 drop=0
[QUEUE_STATS] t_ms=18192 q_pkts=3 q_bytes=4512 qdelay_l_ms=1.06603 qdelay_c_ms=1.08403 ecn_mark=984 drop=0
[QUEUE_STATS] t_ms=18208 q_pkts=2 q_bytes=3008 qdelay_l_ms=0 qdelay_c_ms=0.782508 ecn_mark=984 drop=0
[QUEUE_STATS] t_ms=18224 q_pkts=2 q_bytes=3008 qdelay_l_ms=0.742403 qdelay_c_ms=0 ecn_mark=985 drop=0
[QUEUE_STATS] t_ms=18240 q_pkts=4 q_bytes=6016 qdelay_l_ms=1.08578 qdelay_c_ms=1.0799 ecn_mark=986 drop=0
[QUEUE_STATS] t_ms=18256 q_pkts=3 q_bytes=4512 qdelay_l_ms=1.07858 qdelay_c_ms=1.80095 ecn_mark=986 drop=0
[QUEUE_STATS] t_ms=18272 q_pkts=1 q_bytes=1504 qdelay_l_ms=1.08475 qdelay_c_ms=0 ecn_mark=988 drop=0
[QUEUE_STATS] t_ms=18288 q_pkts=2 q_bytes=3008 qdelay_l_ms=1.06953 qdelay_c_ms=0 ecn_mark=989 drop=0
[QUEUE_STATS] t_ms=18304 q_pkts=4 q_bytes=6016 qdelay_l_ms=1.07105 qdelay_c_ms=1.08325 ecn_mark=990 drop=0
[QUEUE_STATS] t_ms=18320 q_pkts=3 q_bytes=4512 qdelay_l_ms=1.07593 qdelay_c_ms=1.07075 ecn_mark=990 drop=0
[QUEUE_STATS] t_ms=18336 q_pkts=0 q_bytes=0 qdelay_l_ms=0 qdelay_c_ms=0 ecn_mark=990 drop=0
[QUEUE_STATS] t_ms=18352 q_pkts=2 q_bytes=3008 qdelay_l_ms=1.03046 qdelay_c_ms=1.02517 ecn_mark=992 drop=0
[QUEUE_STATS] t_ms=18368 q_pkts=2 q_bytes=3008 qdelay_l_ms=1.07097 qdelay_c_ms=1.06555 ecn_mark=994 drop=0
[QUEUE_STATS] t_ms=18384 q_pkts=3 q_bytes=4512 qdelay_l_ms=1.01973 qdelay_c_ms=1.03081 ecn_mark=994 drop=0
[QUEUE_STATS] t_ms=18400 q_pkts=4 q_bytes=6016 qdelay_l_ms=0.737474 qdelay_c_ms=0.730631 ecn_mark=994 drop=0
[QUEUE_STATS] t_ms=18417 q_pkts=1 q_bytes=1504 qdelay_l_ms=1.0874 qdelay_c_ms=0 ecn_mark=995 drop=0
[QUEUE_STATS] t_ms=18432 q_pkts=3 q_bytes=4512 qdelay_l_ms=1.08165 qdelay_c_ms=1.07552 ecn_mark=997 drop=0
[QUEUE_STATS] t_ms=18449 q_pkts=3 q_bytes=4512 qdelay_l_ms=1.08475 qdelay_c_ms=1.07793 ecn_mark=998 drop=0
[QUEUE_STATS] t_ms=18464 q_pkts=3 q_bytes=4512 qdelay_l_ms=1.04555 qdelay_c_ms=2.09759 ecn_mark=1000 drop=0
[QUEUE_STATS] t_ms=18480 q_pkts=0 q_bytes=0 qdelay_l_ms=0 qdelay_c_ms=0 ecn_mark=1002 drop=0
[QUEUE_STATS] t_ms=18496 q_pkts=0 q_bytes=0 qdelay_l_ms=0 qdelay_c_ms=0 ecn_mark=1002 drop=0
[QUEUE_STATS] t_ms=18512 q_pkts=2 q_bytes=3008 qdelay_l_ms=1.04741 qdelay_c_ms=1.0332 ecn_mark=1004 drop=0
[QUEUE_STATS] t_ms=18528 q_pkts=2 q_bytes=3008 qdelay_l_ms=1.05824 qdelay_c_ms=1.06427 ecn_mark=1004 drop=0
[QUEUE_STATS] t_ms=18544 q_pkts=5 q_bytes=7520 qdelay_l_ms=1.09803 qdelay_c_ms=1.0916 ecn_mark=1005 drop=0
[QUEUE_STATS] t_ms=18560 q_pkts=2 q_bytes=3008 qdelay_l_ms=1.08768 qdelay_c_ms=0 ecn_mark=1008 drop=0
[QUEUE_STATS] t_ms=18576 q_pkts=4 q_bytes=6016 qdelay_l_ms=1.02471 qdelay_c_ms=1.01812 ecn_mark=1008 drop=0
[QUEUE_STATS] t_ms=18592 q_pkts=0 q_bytes=0 qdelay_l_ms=0 qdelay_c_ms=0 ecn_mark=1008 drop=0
[QUEUE_STATS] t_ms=18608 q_pkts=2 q_bytes=3008 qdelay_l_ms=1.02926 qdelay_c_ms=0 ecn_mark=1008 drop=0
[QUEUE_STATS] t_ms=18624 q_pkts=0 q_bytes=0 qdelay_l_ms=0 qdelay_c_ms=0 ecn_mark=1010 drop=0
[QUEUE_STATS] t_ms=18640 q_pkts=3 q_bytes=4512 qdelay_l_ms=1.08498 qdelay_c_ms=1.07851 ecn_mark=1011 drop=0
[QUEUE_STATS] t_ms=18656 q_pkts=2 q_bytes=3008 qdelay_l_ms=1.06334 qdelay_c_ms=1.0702 ecn_mark=1012 drop=0
[QUEUE_STATS] t_ms=18672 q_pkts=4 q_bytes=6016 qdelay_l_ms=1.06639 qdelay_c_ms=1.09525 ecn_mark=1013 drop=0
[QUEUE_STATS] t_ms=18688 q_pkts=4 q_bytes=6016 qdelay_l_ms=1.05139 qdelay_c_ms=1.04552 ecn_mark=1014 drop=0
[QUEUE_STATS] t_ms=18704 q_pkts=2 q_bytes=3008 qdelay_l_ms=1.08285 qdelay_c_ms=0 ecn_mark=1015 drop=0
[QUEUE_STATS] t_ms=18720 q_pkts=9 q_bytes=13536 qdelay_l_ms=1.06326 qdelay_c_ms=2.43931 ecn_mark=1015 drop=0
[QUEUE_STATS] t_ms=18736 q_pkts=3 q_bytes=4512 qdelay_l_ms=1.08127 qdelay_c_ms=1.0749 ecn_mark=1016 drop=0
[QUEUE_STATS] t_ms=18752 q_pkts=0 q_bytes=0 qdelay_l_ms=0 qdelay_c_ms=0 ecn_mark=1016 drop=0
[QUEUE_STATS] t_ms=18768 q_pkts=3 q_bytes=4512 qdelay_l_ms=1.07689 qdelay_c_ms=2.14349 ecn_mark=1019 drop=0
[QUEUE_STATS] t_ms=18784 q_pkts=4 q_bytes=6016 qdelay_l_ms=1.08509 qdelay_c_ms=1.07969 ecn_mark=1019 drop=0
[QUEUE_STATS] t_ms=18800 q_pkts=4 q_bytes=6016 qdelay_l_ms=1.09394 qdelay_c_ms=1.08657 ecn_mark=1021 drop=0
[QUEUE_STATS] t_ms=18816 q_pkts=0 q_bytes=0 qdelay_l_ms=0 qdelay_c_ms=0 ecn_mark=1023 drop=0
[QUEUE_STATS] t_ms=18832 q_pkts=3 q_bytes=4512 qdelay_l_ms=1.08335 qdelay_c_ms=1.07733 ecn_mark=1023 drop=0
[QUEUE_STATS] t_ms=18848 q_pkts=5 q_bytes=7520 qdelay_l_ms=0.939362 qdelay_c_ms=2.18883 ecn_mark=1025 drop=0
[QUEUE_STATS] t_ms=18865 q_pkts=4 q_bytes=6016 qdelay_l_ms=1.08831 qdelay_c_ms=1.08183 ecn_mark=1026 drop=0
[QUEUE_STATS] t_ms=18880 q_pkts=3 q_bytes=4512 qdelay_l_ms=1.06886 qdelay_c_ms=1.06341 ecn_mark=1027 drop=0
[QUEUE_STATS] t_ms=18896 q_pkts=3 q_bytes=4512 qdelay_l_ms=1.08349 qdelay_c_ms=1.07735 ecn_mark=1028 drop=0
[QUEUE_STATS] t_ms=18912 q_pkts=3 q_bytes=4512 qdelay_l_ms=1.07278 qdelay_c_ms=1.78328 ecn_mark=1028 drop=0
[QUEUE_STATS] t_ms=18928 q_pkts=3 q_bytes=4512 qdelay_l_ms=1.08175 qdelay_c_ms=1.07585 ecn_mark=1028 drop=0
[QUEUE_STATS] t_ms=18944 q_pkts=1 q_bytes=1504 qdelay_l_ms=0.988275 qdelay_c_ms=0 ecn_mark=1029 drop=0
[QUEUE_STATS] t_ms=18961 q_pkts=3 q_bytes=4512 qdelay_l_ms=1.08576 qdelay_c_ms=1.07897 ecn_mark=1031 drop=0
[QUEUE_STATS] t_ms=18976 q_pkts=4 q_bytes=6016 qdelay_l_ms=0 qdelay_c_ms=0.729649 ecn_mark=1031 drop=0
[QUEUE_STATS] t_ms=18992 q_pkts=3 q_bytes=4512 qdelay_l_ms=1.07536 qdelay_c_ms=1.06989 ecn_mark=1033 drop=0
[QUEUE_STATS] t_ms=19008 q_pkts=2 q_bytes=3008 qdelay_l_ms=0 qdelay_c_ms=0.0268 ecn_mark=1033 drop=0
[QUEUE_STATS] t_ms=19024 q_pkts=3 q_bytes=4512 qdelay_l_ms=1.08495 qdelay_c_ms=1.07788 ecn_mark=1036 drop=0
[QUEUE_STATS] t_ms=19041 q_pkts=3 q_bytes=4512 qdelay_l_ms=1.09859 qdelay_c_ms=1.09206 ecn_mark=1038 drop=0
[QUEUE_STATS] t_ms=19057 q_pkts=3 q_bytes=4512 qdelay_l_ms=1.08829 qdelay_c_ms=1.08249 ecn_mark=1038 drop=0
[QUEUE_STATS] t_ms=19072 q_pkts=3 q_bytes=4512 qdelay_l_ms=0.699843 qdelay_c_ms=0.724158 ecn_mark=1039 drop=0
[QUEUE_STATS] t_ms=19088 q_pkts=1 q_bytes=1504 qdelay_l_ms=1.07705 qdelay_c_ms=0 ecn_mark=1039 drop=0
[QUEUE_STATS] t_ms=19104 q_pkts=5 q_bytes=7520 qdelay_l_ms=1.07194 qdelay_c_ms=1.09296 ecn_mark=1041 drop=0
[QUEUE_STATS] t_ms=19120 q_pkts=0 q_bytes=0 qdelay_l_ms=0 qdelay_c_ms=0 ecn_mark=1043 drop=0
[QUEUE_STATS] t_ms=19136 q_pkts=7 q_bytes=10528 qdelay_l_ms=1.06845 qdelay_c_ms=1.06244 ecn_mark=1045 drop=0
[QUEUE_STATS] t_ms=19152 q_pkts=0 q_bytes=0 qdelay_l_ms=0 qdelay_c_ms=0 ecn_mark=1045 drop=0
[QUEUE_STATS] t_ms=19168 q_pkts=3 q_bytes=4512 qdelay_l_ms=1.07803 qdelay_c_ms=1.07231 ecn_mark=1045 drop=0
[QUEUE_STATS] t_ms=19184 q_pkts=3 q_bytes=4512 qdelay_l_ms=1.07233 qdelay_c_ms=2.11848 ecn_mark=1045 drop=0
[QUEUE_STATS] t_ms=19200 q_pkts=3 q_bytes=4512 qdelay_l_ms=1.08131 qdelay_c_ms=1.07533 ecn_mark=1045 drop=0
[QUEUE_STATS] t_ms=19216 q_pkts=3 q_bytes=4512 qdelay_l_ms=0.951465 qdelay_c_ms=0.962246 ecn_mark=1046 drop=0
[QUEUE_STATS] t_ms=19232 q_pkts=4 q_bytes=6016 qdelay_l_ms=1.09048 qdelay_c_ms=1.08116 ecn_mark=1047 drop=0
[QUEUE_STATS] t_ms=19248 q_pkts=3 q_bytes=4512 qdelay_l_ms=1.06808 qdelay_c_ms=1.06258 ecn_mark=1047 drop=0
[QUEUE_STATS] t_ms=19264 q_pkts=4 q_bytes=6016 qdelay_l_ms=0.714691 qdelay_c_ms=0.708128 ecn_mark=1048 drop=0
[QUEUE_STATS] t_ms=19280 q_pkts=1 q_bytes=1504 qdelay_l_ms=1.07597 qdelay_c_ms=0 ecn_mark=1048 drop=0
[QUEUE_STATS] t_ms=19296 q_pkts=4 q_bytes=6016 qdelay_l_ms=1.07771 qdelay_c_ms=1.07214 ecn_mark=1049 drop=0
[QUEUE_STATS] t_ms=19312 q_pkts=3 q_bytes=4512 qdelay_l_ms=1.07451 qdelay_c_ms=1.06883 ecn_mark=1050 drop=0
[QUEUE_STATS] t_ms=19328 q_pkts=4 q_bytes=6016 qdelay_l_ms=1.07654 qdelay_c_ms=1.07148 ecn_mark=1050 drop=0
[QUEUE_STATS] t_ms=19344 q_pkts=3 q_bytes=4512 qdelay_l_ms=1.08171 qdelay_c_ms=1.77366 ecn_mark=1050 drop=0
[QUEUE_STATS] t_ms=19360 q_pkts=5 q_bytes=7520 qdelay_l_ms=1.04619 qdelay_c_ms=1.08034 ecn_mark=1052 drop=0
[QUEUE_STATS] t_ms=19376 q_pkts=3 q_bytes=4512 qdelay_l_ms=1.08052 qdelay_c_ms=1.47731 ecn_mark=1052 drop=0
[QUEUE_STATS] t_ms=19392 q_pkts=4 q_bytes=6016 qdelay_l_ms=1.08133 qdelay_c_ms=1.77088 ecn_mark=1054 drop=0
[QUEUE_STATS] t_ms=19408 q_pkts=3 q_bytes=4512 qdelay_l_ms=1.05824 qdelay_c_ms=1.0692 ecn_mark=1055 drop=0
[QUEUE_STATS] t_ms=19424 q_pkts=3 q_bytes=4512 qdelay_l_ms=1.08445 qdelay_c_ms=1.07763 ecn_mark=1056 drop=0
[QUEUE_STATS] t_ms=19440 q_pkts=5 q_bytes=7520 qdelay_l_ms=0.983255 qdelay_c_ms=0.977855 ecn_mark=1057 drop=0
[QUEUE_STATS] t_ms=19456 q_pkts=1 q_bytes=1504 qdelay_l_ms=1.06207 qdelay_c_ms=0 ecn_mark=1058 drop=0
[QUEUE_STATS] t_ms=19472 q_pkts=2 q_bytes=3008 qdelay_l_ms=0 qdelay_c_ms=0.017143 ecn_mark=1058 drop=0
[QUEUE_STATS] t_ms=19488 q_pkts=4 q_bytes=6016 qdelay_l_ms=1.10068 qdelay_c_ms=1.094 ecn_mark=1059 drop=0
[QUEUE_STATS] t_ms=19504 q_pkts=3 q_bytes=4512 qdelay_l_ms=0.967395 qdelay_c_ms=0.978586 ecn_mark=1060 drop=0
[QUEUE_STATS] t_ms=19520 q_pkts=3 q_bytes=4512 qdelay_l_ms=1.05928 qdelay_c_ms=1.06881 ecn_mark=1060 drop=0
[QUEUE_STATS] t_ms=19536 q_pkts=2 q_bytes=3008 qdelay_l_ms=1.04248 qdelay_c_ms=1.03706 ecn_mark=1061 drop=0
[QUEUE_STATS] t_ms=19552 q_pkts=2 q_bytes=3008 qdelay_l_ms=1.08081 qdelay_c_ms=0 ecn_mark=1062 drop=0
[QUEUE_STATS] t_ms=19568 q_pkts=6 q_bytes=9024 qdelay_l_ms=1.09177 qdelay_c_ms=1.08389 ecn_mark=1063 drop=0
[QUEUE_STATS] t_ms=19584 q_pkts=3 q_bytes=4512 qdelay_l_ms=1.0681 qdelay_c_ms=1.08688 ecn_mark=1064 drop=0
[QUEUE_STATS] t_ms=19600 q_pkts=3 q_bytes=4512 qdelay_l_ms=1.06743 qdelay_c_ms=1.09038 ecn_mark=1064 drop=0
[QUEUE_STATS] t_ms=19616 q_pkts=4 q_bytes=6016 qdelay_l_ms=1.07169 qdelay_c_ms=1.0651 ecn_mark=1065 drop=0
[QUEUE_STATS] t_ms=19632 q_pkts=3 q_bytes=4512 qdelay_l_ms=1.07143 qdelay_c_ms=2.06364 ecn_mark=1066 drop=0
[QUEUE_STATS] t_ms=19648 q_pkts=1 q_bytes=1504 qdelay_l_ms=0 qdelay_c_ms=0.013175 ecn_mark=1068 drop=0
[QUEUE_STATS] t_ms=19664 q_pkts=2 q_bytes=3008 qdelay_l_ms=1.07042 qdelay_c_ms=1.07662 ecn_mark=1068 drop=0
[QUEUE_STATS] t_ms=19680 q_pkts=3 q_bytes=4512 qdelay_l_ms=1.03988 qdelay_c_ms=1.05065 ecn_mark=1069 drop=0
[QUEUE_STATS] t_ms=19696 q_pkts=2 q_bytes=3008 qdelay_l_ms=0.713379 qdelay_c_ms=0 ecn_mark=1070 drop=0
[QUEUE_STATS] t_ms=19712 q_pkts=3 q_bytes=4512 qdelay_l_ms=1.06916 qdelay_c_ms=1.06364 ecn_mark=1070 drop=0
[QUEUE_STATS] t_ms=19728 q_pkts=2 q_bytes=3008 qdelay_l_ms=1.03576 qdelay_c_ms=0 ecn_mark=1072 drop=0
[QUEUE_STATS] t_ms=19744 q_pkts=5 q_bytes=7520 qdelay_l_ms=0.988034 qdelay_c_ms=0.982053 ecn_mark=1072 drop=0
[QUEUE_STATS] t_ms=19760 q_pkts=3 q_bytes=4512 qdelay_l_ms=1.03854 qdelay_c_ms=2.10642 ecn_mark=1072 drop=0
[QUEUE_STATS] t_ms=19776 q_pkts=3 q_bytes=4512 qdelay_l_ms=0.965381 qdelay_c_ms=0.976241 ecn_mark=1073 drop=0
[QUEUE_STATS] t_ms=19792 q_pkts=2 q_bytes=3008 qdelay_l_ms=1.07137 qdelay_c_ms=1.06603 ecn_mark=1073 drop=0
[QUEUE_STATS] t_ms=19809 q_pkts=2 q_bytes=3008 qdelay_l_ms=0 qdelay_c_ms=1.07488 ecn_mark=1074 drop=0
[QUEUE_STATS] t_ms=19824 q_pkts=2 q_bytes=3008 qdelay_l_ms=1.08006 qdelay_c_ms=0 ecn_mark=1074 drop=0
[QUEUE_STATS] t_ms=19840 q_pkts=4 q_bytes=6016 qdelay_l_ms=1.07664 qdelay_c_ms=1.10071 ecn_mark=1075 drop=0
[QUEUE_STATS] t_ms=19856 q_pkts=4 q_bytes=6016 qdelay_l_ms=1.09262 qdelay_c_ms=1.07226 ecn_mark=1075 drop=0
[QUEUE_STATS] t_ms=19872 q_pkts=3 q_bytes=4512 qdelay_l_ms=1.07638 qdelay_c_ms=1.07011 ecn_mark=1075 drop=0
[QUEUE_STATS] t_ms=19888 q_pkts=4 q_bytes=6016 qdelay_l_ms=0.718938 qdelay_c_ms=0.712015 ecn_mark=1076 drop=0
[QUEUE_STATS] t_ms=19904 q_pkts=3 q_bytes=4512 qdelay_l_ms=1.06858 qdelay_c_ms=1.06104 ecn_mark=1076 drop=0
[QUEUE_STATS] t_ms=19920 q_pkts=3 q_bytes=4512 qdelay_l_ms=1.06581 qdelay_c_ms=1.08382 ecn_mark=1077 drop=0
[QUEUE_STATS] t_ms=19936 q_pkts=2 q_bytes=3008 qdelay_l_ms=0.919665 qdelay_c_ms=0.925255 ecn_mark=1077 drop=0
[QUEUE_STATS] t_ms=19952 q_pkts=3 q_bytes=4512 qdelay_l_ms=1.08628 qdelay_c_ms=1.07953 ecn_mark=1077 drop=0
[QUEUE_STATS] t_ms=19968 q_pkts=2 q_bytes=3008 qdelay_l_ms=1.08317 qdelay_c_ms=1.07604 ecn_mark=1078 drop=0
[QUEUE_STATS] t_ms=19984 q_pkts=1 q_bytes=1504 qdelay_l_ms=0 qdelay_c_ms=1.22619 ecn_mark=1078 drop=0
[QUEUE_STATS] t_ms=20000 q_pkts=4 q_bytes=6016 qdelay_l_ms=1.07682 qdelay_c_ms=1.071 ecn_mark=1080 drop=0
[QUEUE_STATS] t_ms=20016 q_pkts=6 q_bytes=9024 qdelay_l_ms=1.06573 qdelay_c_ms=1.06087 ecn_mark=1080 drop=0
[QUEUE_STATS] t_ms=20032 q_pkts=4 q_bytes=6016 qdelay_l_ms=0.951405 qdelay_c_ms=0.945975 ecn_mark=1082 drop=0
[QUEUE_STATS] t_ms=20048 q_pkts=0 q_bytes=0 qdelay_l_ms=0 qdelay_c_ms=0 ecn_mark=1082 drop=0
[QUEUE_STATS] t_ms=20064 q_pkts=4 q_bytes=6016 qdelay_l_ms=1.07767 qdelay_c_ms=1.07217 ecn_mark=1082 drop=0
[QUEUE_STATS] t_ms=20080 q_pkts=3 q_bytes=4512 qdelay_l_ms=1.06336 qdelay_c_ms=1.08609 ecn_mark=1082 drop=0
[QUEUE_STATS] t_ms=20096 q_pkts=5 q_bytes=7520 qdelay_l_ms=1.07856 qdelay_c_ms=1.09888 ecn_mark=1085 drop=0
[QUEUE_STATS] t_ms=20112 q_pkts=2 q_bytes=3008 qdelay_l_ms=0.95984 qdelay_c_ms=0.95431 ecn_mark=1086 drop=0
[QUEUE_STATS] t_ms=20128 q_pkts=3 q_bytes=4512 qdelay_l_ms=1.06529 qdelay_c_ms=1.08622 ecn_mark=1086 drop=0
[QUEUE_STATS] t_ms=20144 q_pkts=1 q_bytes=1504 qdelay_l_ms=0 qdelay_c_ms=1.15205 ecn_mark=1088 drop=0
[QUEUE_STATS] t_ms=20160 q_pkts=4 q_bytes=6016 qdelay_l_ms=1.06517 qdelay_c_ms=1.42589 ecn_mark=1088 drop=0
[QUEUE_STATS] t_ms=20176 q_pkts=1 q_bytes=1504 qdelay_l_ms=0.93791 qdelay_c_ms=0 ecn_mark=1089 drop=0
[QUEUE_STATS] t_ms=20192 q_pkts=5 q_bytes=7520 qdelay_l_ms=1.10026 qdelay_c_ms=1.09324 ecn_mark=1090 drop=0
[QUEUE_STATS] t_ms=20208 q_pkts=4 q_bytes=6016 qdelay_l_ms=0.716514 qdelay_c_ms=0.710183 ecn_mark=1090 drop=0
[QUEUE_STATS] t_ms=20224 q_pkts=3 q_bytes=4512 qdelay_l_ms=1.08952 qdelay_c_ms=1.08331 ecn_mark=1092 drop=0
[QUEUE_STATS] t_ms=20240 q_pkts=0 q_bytes=0 qdelay_l_ms=0 qdelay_c_ms=0 ecn_mark=1094 drop=0
[QUEUE_STATS] t_ms=20256 q_pkts=3 q_bytes=4512 qdelay_l_ms=0.932049 qdelay_c_ms=0.94355 ecn_mark=1095 drop=0
[QUEUE_STATS] t_ms=20272 q_pkts=2 q_bytes=3008 qdelay_l_ms=1.07853 qdelay_c_ms=1.07188 ecn_mark=1096 drop=0
[QUEUE_STATS] t_ms=20289 q_pkts=5 q_bytes=7520 qdelay_l_ms=1.08088 qdelay_c_ms=2.20488 ecn_mark=1097 drop=0
[QUEUE_STATS] t_ms=20304 q_pkts=5 q_bytes=7520 qdelay_l_ms=0.886423 qdelay_c_ms=0.908314 ecn_mark=1099 drop=0
[QUEUE_STATS] t_ms=20320 q_pkts=4 q_bytes=6016 qdelay_l_ms=0.898897 qdelay_c_ms=2.03831 ecn_mark=1099 drop=0
[QUEUE_STATS] t_ms=20336 q_pkts=0 q_bytes=0 qdelay_l_ms=0 qdelay_c_ms=0 ecn_mark=1101 drop=0
[QUEUE_STATS] t_ms=20352 q_pkts=2 q_bytes=3008 qdelay_l_ms=1.0947 qdelay_c_ms=0 ecn_mark=1101 drop=0
[QUEUE_STATS] t_ms=20368 q_pkts=2 q_bytes=3008 qdelay_l_ms=0.901962 qdelay_c_ms=2.03413 ecn_mark=1101 drop=0
[QUEUE_STATS] t_ms=20384 q_pkts=4 q_bytes=6016 qdelay_l_ms=1.0663 qdelay_c_ms=1.47642 ecn_mark=1101 drop=0
[QUEUE_STATS] t_ms=20400 q_pkts=3 q_bytes=4512 qdelay_l_ms=0.792928 qdelay_c_ms=0.803207 ecn_mark=1102 drop=0
[QUEUE_STATS] t_ms=20416 q_pkts=0 q_bytes=0 qdelay_l_ms=0 qdelay_c_ms=0 ecn_mark=1102 drop=0
[QUEUE_STATS] t_ms=20433 q_pkts=5 q_bytes=7520 qdelay_l_ms=1.05807 qdelay_c_ms=1.07785 ecn_mark=1103 drop=0
[QUEUE_STATS] t_ms=20448 q_pkts=4 q_bytes=6016 qdelay_l_ms=1.09047 qdelay_c_ms=2.1348 ecn_mark=1104 drop=0
[QUEUE_STATS] t_ms=20465 q_pkts=3 q_bytes=4512 qdelay_l_ms=1.0702 qdelay_c_ms=1.06415 ecn_mark=1106 drop=0
[QUEUE_STATS] t_ms=20480 q_pkts=5 q_bytes=7520 qdelay_l_ms=1.09553 qdelay_c_ms=2.15803 ecn_mark=1109 drop=0
[QUEUE_STATS] t_ms=20496 q_pkts=8 q_bytes=12032 qdelay_l_ms=0 qdelay_c_ms=3.09403 ecn_mark=1113 drop=0
[QUEUE_STATS] t_ms=20512 q_pkts=3 q_bytes=4512 qdelay_l_ms=1.08106 qdelay_c_ms=1.07583 ecn_mark=1114 drop=0
[QUEUE_STATS] t_ms=20528 q_pkts=4 q_bytes=6016 qdelay_l_ms=1.06105 qdelay_c_ms=2.21608 ecn_mark=1115 drop=0
[QUEUE_STATS] t_ms=20544 q_pkts=5 q_bytes=7520 qdelay_l_ms=1.07528 qdelay_c_ms=2.14311 ecn_mark=1116 drop=0
[QUEUE_STATS] t_ms=20560 q_pkts=4 q_bytes=6016 qdelay_l_ms=1.09319 qdelay_c_ms=1.08619 ecn_mark=1116 drop=0
[QUEUE_STATS] t_ms=20576 q_pkts=1 q_bytes=1504 qdelay_l_ms=0.010069 qdelay_c_ms=0 ecn_mark=1116 drop=0
[QUEUE_STATS] t_ms=20592 q_pkts=3 q_bytes=4512 qdelay_l_ms=1.06671 qdelay_c_ms=1.08352 ecn_mark=1116 drop=0
[QUEUE_STATS] t_ms=20608 q_pkts=2 q_bytes=3008 qdelay_l_ms=1.08071 qdelay_c_ms=1.07412 ecn_mark=1116 drop=0
[QUEUE_STATS] t_ms=20624 q_pkts=4 q_bytes=6016 qdelay_l_ms=1.03017 qdelay_c_ms=1.05859 ecn_mark=1116 drop=0
[QUEUE_STATS] t_ms=20640 q_pkts=2 q_bytes=3008 qdelay_l_ms=1.07265 qdelay_c_ms=1.07943 ecn_mark=1117 drop=0
[QUEUE_STATS] t_ms=20656 q_pkts=3 q_bytes=4512 qdelay_l_ms=0.844925 qdelay_c_ms=0.838954 ecn_mark=1118 drop=0
[QUEUE_STATS] t_ms=20672 q_pkts=3 q_bytes=4512 qdelay_l_ms=0.857169 qdelay_c_ms=0.851668 ecn_mark=1118 drop=0
[QUEUE_STATS] t_ms=20689 q_pkts=3 q_bytes=4512 qdelay_l_ms=1.07469 qdelay_c_ms=1.06907 ecn_mark=1121 drop=0
[QUEUE_STATS] t_ms=20704 q_pkts=4 q_bytes=6016 qdelay_l_ms=0.872216 qdelay_c_ms=0.866656 ecn_mark=1121 drop=0
[QUEUE_STATS] t_ms=20720 q_pkts=3 q_bytes=4512 qdelay_l_ms=0.876855 qdelay_c_ms=0.871294 ecn_mark=1122 drop=0
[QUEUE_STATS] t_ms=20736 q_pkts=4 q_bytes=6016 qdelay_l_ms=1.08736 qdelay_c_ms=1.08084 ecn_mark=1122 drop=0
[QUEUE_STATS] t_ms=20752 q_pkts=4 q_bytes=6016 qdelay_l_ms=0.810922 qdelay_c_ms=0.805502 ecn_mark=1124 drop=0
[QUEUE_STATS] t_ms=20768 q_pkts=3 q_bytes=4512 qdelay_l_ms=0.827993 qdelay_c_ms=0.838583 ecn_mark=1124 drop=0
[QUEUE_STATS] t_ms=20784 q_pkts=3 q_bytes=4512 qdelay_l_ms=1.00343 qdelay_c_ms=0.997041 ecn_mark=1125 drop=0
[QUEUE_STATS] t_ms=20800 q_pkts=3 q_bytes=4512 qdelay_l_ms=1.09428 qdelay_c_ms=2.15888 ecn_mark=1125 drop=0
[QUEUE_STATS] t_ms=20816 q_pkts=5 q_bytes=7520 qdelay_l_ms=1.07775 qdelay_c_ms=1.11183 ecn_mark=1126 drop=0
[QUEUE_STATS] t_ms=20832 q_pkts=3 q_bytes=4512 qdelay_l_ms=1.07663 qdelay_c_ms=1.08298 ecn_mark=1127 drop=0
[QUEUE_STATS] t_ms=20848 q_pkts=3 q_bytes=4512 qdelay_l_ms=1.06521 qdelay_c_ms=2.18991 ecn_mark=1128 drop=0
[QUEUE_STATS] t_ms=20864 q_pkts=4 q_bytes=6016 qdelay_l_ms=0.806713 qdelay_c_ms=1.96511 ecn_mark=1128 drop=0
[QUEUE_STATS] t_ms=20880 q_pkts=1 q_bytes=1504 qdelay_l_ms=1.09223 qdelay_c_ms=0 ecn_mark=1128 drop=0
[QUEUE_STATS] t_ms=20896 q_pkts=3 q_bytes=4512 qdelay_l_ms=0.808678 qdelay_c_ms=0.797407 ecn_mark=1130 drop=0
[QUEUE_STATS] t_ms=20912 q_pkts=2 q_bytes=3008 qdelay_l_ms=1.03141 qdelay_c_ms=0 ecn_mark=1133 drop=0
[QUEUE_STATS] t_ms=20928 q_pkts=4 q_bytes=6016 qdelay_l_ms=0.844545 qdelay_c_ms=0.839094 ecn_mark=1133 drop=0
[QUEUE_STATS] t_ms=20944 q_pkts=4 q_bytes=6016 qdelay_l_ms=1.08429 qdelay_c_ms=1.0784 ecn_mark=1134 drop=0
[QUEUE_STATS] t_ms=20960 q_pkts=6 q_bytes=9024 qdelay_l_ms=1.04919 qdelay_c_ms=1.06961 ecn_mark=1136 drop=0
[QUEUE_STATS] t_ms=20976 q_pkts=3 q_bytes=4512 qdelay_l_ms=1.06706 qdelay_c_ms=1.08534 ecn_mark=1138 drop=0
[QUEUE_STATS] t_ms=20992 q_pkts=1 q_bytes=1504 qdelay_l_ms=1.07763 qdelay_c_ms=0 ecn_mark=1139 drop=0
[QUEUE_STATS] t_ms=21008 q_pkts=4 q_bytes=6016 qdelay_l_ms=1.07681 qdelay_c_ms=1.0707 ecn_mark=1140 drop=0
[QUEUE_STATS] t_ms=21024 q_pkts=4 q_bytes=6016 qdelay_l_ms=0.837 qdelay_c_ms=0.83146 ecn_mark=1140 drop=0
[QUEUE_STATS] t_ms=21040 q_pkts=0 q_bytes=0 qdelay_l_ms=0 qdelay_c_ms=0 ecn_mark=1140 drop=0
[QUEUE_STATS] t_ms=21056 q_pkts=4 q_bytes=6016 qdelay_l_ms=1.06614 qdelay_c_ms=1.05605 ecn_mark=1141 drop=0
[QUEUE_STATS] t_ms=21072 q_pkts=3 q_bytes=4512 qdelay_l_ms=1.065 qdelay_c_ms=1.05882 ecn_mark=1142 drop=0
[QUEUE_STATS] t_ms=21088 q_pkts=2 q_bytes=3008 qdelay_l_ms=1.06691 qdelay_c_ms=0 ecn_mark=1142 drop=0
[QUEUE_STATS] t_ms=21104 q_pkts=4 q_bytes=6016 qdelay_l_ms=1.07353 qdelay_c_ms=1.06771 ecn_mark=1144 drop=0
[QUEUE_STATS] t_ms=21120 q_pkts=4 q_bytes=6016 qdelay_l_ms=0.823715 qdelay_c_ms=0.817413 ecn_mark=1144 drop=0
[QUEUE_STATS] t_ms=21136 q_pkts=5 q_bytes=7520 qdelay_l_ms=1.07605 qdelay_c_ms=2.1885 ecn_mark=1145 drop=0
[QUEUE_STATS] t_ms=21152 q_pkts=3 q_bytes=4512 qdelay_l_ms=0.654938 qdelay_c_ms=0.665989 ecn_mark=1145 drop=0
[QUEUE_STATS] t_ms=21168 q_pkts=4 q_bytes=6016 qdelay_l_ms=1.08556 qdelay_c_ms=1.07943 ecn_mark=1149 drop=0
[QUEUE_STATS] t_ms=21184 q_pkts=4 q_bytes=6016 qdelay_l_ms=1.07734 qdelay_c_ms=1.88482 ecn_mark=1150 drop=0
[QUEUE_STATS] t_ms=21201 q_pkts=6 q_bytes=9024 qdelay_l_ms=1.10185 qdelay_c_ms=1.09566 ecn_mark=1150 drop=0
[QUEUE_STATS] t_ms=21216 q_pkts=2 q_bytes=3008 qdelay_l_ms=1.08123 qdelay_c_ms=0 ecn_mark=1151 drop=0
[QUEUE_STATS] t_ms=21232 q_pkts=1 q_bytes=1504 qdelay_l_ms=1.05111 qdelay_c_ms=0 ecn_mark=1151 drop=0
[QUEUE_STATS] t_ms=21248 q_pkts=4 q_bytes=6016 qdelay_l_ms=1.0882 qdelay_c_ms=1.89577 ecn_mark=1153 drop=0
[QUEUE_STATS] t_ms=21265 q_pkts=3 q_bytes=4512 qdelay_l_ms=1.09231 qdelay_c_ms=2.14805 ecn_mark=1153 drop=0
[QUEUE_STATS] t_ms=21280 q_pkts=3 q_bytes=4512 qdelay_l_ms=1.0545 qdelay_c_ms=1.04764 ecn_mark=1153 drop=0
[QUEUE_STATS] t_ms=21296 q_pkts=2 q_bytes=3008 qdelay_l_ms=0.920898 qdelay_c_ms=0 ecn_mark=1155 drop=0
[QUEUE_STATS] t_ms=21312 q_pkts=3 q_bytes=4512 qdelay_l_ms=1.01479 qdelay_c_ms=1.03751 ecn_mark=1157 drop=0
[QUEUE_STATS] t_ms=21328 q_pkts=4 q_bytes=6016 qdelay_l_ms=0.843903 qdelay_c_ms=0.838252 ecn_mark=1158 drop=0
[QUEUE_STATS] t_ms=21344 q_pkts=1 q_bytes=1504 qdelay_l_ms=1.08049 qdelay_c_ms=0 ecn_mark=1159 drop=0
[QUEUE_STATS] t_ms=21360 q_pkts=1 q_bytes=1504 qdelay_l_ms=1.0672 qdelay_c_ms=0 ecn_mark=1160 drop=0
[QUEUE_STATS] t_ms=21376 q_pkts=4 q_bytes=6016 qdelay_l_ms=0.861496 qdelay_c_ms=0.855806 ecn_mark=1160 drop=0
[QUEUE_STATS] t_ms=21392 q_pkts=3 q_bytes=4512 qdelay_l_ms=1.06584 qdelay_c_ms=1.09187 ecn_mark=1161 drop=0
[QUEUE_STATS] t_ms=21408 q_pkts=6 q_bytes=9024 qdelay_l_ms=1.09959 qdelay_c_ms=1.09244 ecn_mark=1162 drop=0
[QUEUE_STATS] t_ms=21424 q_pkts=3 q_bytes=4512 qdelay_l_ms=0.870433 qdelay_c_ms=0.881514 ecn_mark=1162 drop=0
[QUEUE_STATS] t_ms=21440 q_pkts=5 q_bytes=7520 qdelay_l_ms=0.816642 qdelay_c_ms=0.838043 ecn_mark=1163 drop=0
[QUEUE_STATS] t_ms=21456 q_pkts=4 q_bytes=6016 qdelay_l_ms=1.07849 qdelay_c_ms=1.71164 ecn_mark=1163 drop=0
[QUEUE_STATS] t_ms=21472 q_pkts=2 q_bytes=3008 qdelay_l_ms=1.01596 qdelay_c_ms=1.02094 ecn_mark=1163 drop=0
[QUEUE_STATS] t_ms=21488 q_pkts=3 q_bytes=4512 qdelay_l_ms=1.08768 qdelay_c_ms=1.08063 ecn_mark=1166 drop=0
[QUEUE_STATS] t_ms=21504 q_pkts=4 q_bytes=6016 qdelay_l_ms=1.08698 qdelay_c_ms=1.08066 ecn_mark=1167 drop=0
[QUEUE_STATS] t_ms=21520 q_pkts=5 q_bytes=7520 qdelay_l_ms=1.10597 qdelay_c_ms=2.15101 ecn_mark=1168 drop=0
[QUEUE_STATS] t_ms=21536 q_pkts=3 q_bytes=4512 qdelay_l_ms=0.680887 qdelay_c_ms=0.675687 ecn_mark=1169 drop=0
[QUEUE_STATS] t_ms=21553 q_pkts=1 q_bytes=1504 qdelay_l_ms=1.06114 qdelay_c_ms=0 ecn_mark=1170 drop=0
[QUEUE_STATS] t_ms=21568 q_pkts=4 q_bytes=6016 qdelay_l_ms=1.09668 qdelay_c_ms=1.09134 ecn_mark=1171 drop=0
[QUEUE_STATS] t_ms=21584 q_pkts=5 q_bytes=7520 qdelay_l_ms=1.07689 qdelay_c_ms=2.19507 ecn_mark=1173 drop=0
[QUEUE_STATS] t_ms=21600 q_pkts=2 q_bytes=3008 qdelay_l_ms=1.07888 qdelay_c_ms=1.08514 ecn_mark=1177 drop=0
[QUEUE_STATS] t_ms=21616 q_pkts=3 q_bytes=4512 qdelay_l_ms=1.07454 qdelay_c_ms=1.09131 ecn_mark=1177 drop=0
[QUEUE_STATS] t_ms=21632 q_pkts=0 q_bytes=0 qdelay_l_ms=0 qdelay_c_ms=0 ecn_mark=1177 drop=0
[QUEUE_STATS] t_ms=21648 q_pkts=5 q_bytes=7520 qdelay_l_ms=1.05739 qdelay_c_ms=1.07819 ecn_mark=1177 drop=0
[QUEUE_STATS] t_ms=21664 q_pkts=2 q_bytes=3008 qdelay_l_ms=1.08444 qdelay_c_ms=1.0779 ecn_mark=1178 drop=0
[QUEUE_STATS] t_ms=21680 q_pkts=2 q_bytes=3008 qdelay_l_ms=0.803738 qdelay_c_ms=0.809699 ecn_mark=1180 drop=0
[QUEUE_STATS] t_ms=21696 q_pkts=2 q_bytes=3008 qdelay_l_ms=1.06792 qdelay_c_ms=0 ecn_mark=1180 drop=0
[QUEUE_STATS] t_ms=21712 q_pkts=6 q_bytes=9024 qdelay_l_ms=1.08066 qdelay_c_ms=1.09946 ecn_mark=1182 drop=0
[QUEUE_STATS] t_ms=21728 q_pkts=3 q_bytes=4512 qdelay_l_ms=0.815991 qdelay_c_ms=0.810992 ecn_mark=1182 drop=0
[QUEUE_STATS] t_ms=21744 q_pkts=3 q_bytes=4512 qdelay_l_ms=0.806733 qdelay_c_ms=0.817724 ecn_mark=1182 drop=0
[QUEUE_STATS] t_ms=21761 q_pkts=4 q_bytes=6016 qdelay_l_ms=1.07658 qdelay_c_ms=1.0711 ecn_mark=1182 drop=0
[QUEUE_STATS] t_ms=21776 q_pkts=5 q_bytes=7520 qdelay_l_ms=1.09462 qdelay_c_ms=1.72254 ecn_mark=1182 drop=0
[QUEUE_STATS] t_ms=21792 q_pkts=8 q_bytes=12032 qdelay_l_ms=1.06819 qdelay_c_ms=3.02034 ecn_mark=1182 drop=0
[QUEUE_STATS] t_ms=21808 q_pkts=2 q_bytes=3008 qdelay_l_ms=1.08211 qdelay_c_ms=0 ecn_mark=1183 drop=0
[QUEUE_STATS] t_ms=21824 q_pkts=4 q_bytes=6016 qdelay_l_ms=1.08923 qdelay_c_ms=2.13911 ecn_mark=1184 drop=0
[QUEUE_STATS] t_ms=21840 q_pkts=4 q_bytes=6016 qdelay_l_ms=1.07192 qdelay_c_ms=2.16218 ecn_mark=1188 drop=0
[QUEUE_STATS] t_ms=21856 q_pkts=3 q_bytes=4512 qdelay_l_ms=0.79447 qdelay_c_ms=0.78889 ecn_mark=1190 drop=0
[QUEUE_STATS] t_ms=21872 q_pkts=1 q_bytes=1504 qdelay_l_ms=1.09356 qdelay_c_ms=0 ecn_mark=1190 drop=0
[QUEUE_STATS] t_ms=21888 q_pkts=1 q_bytes=1504 qdelay_l_ms=1.0795 qdelay_c_ms=0 ecn_mark=1190 drop=0
[QUEUE_STATS] t_ms=21904 q_pkts=3 q_bytes=4512 qdelay_l_ms=1.06655 qdelay_c_ms=1.06162 ecn_mark=1192 drop=0
[QUEUE_STATS] t_ms=21920 q_pkts=4 q_bytes=6016 qdelay_l_ms=1.06463 qdelay_c_ms=2.18232 ecn_mark=1193 drop=0
[QUEUE_STATS] t_ms=21936 q_pkts=5 q_bytes=7520 qdelay_l_ms=0.907783 qdelay_c_ms=0.928652 ecn_mark=1193 drop=0
[QUEUE_STATS] t_ms=21952 q_pkts=6 q_bytes=9024 qdelay_l_ms=0.796755 qdelay_c_ms=1.91345 ecn_mark=1195 drop=0
[QUEUE_STATS] t_ms=21968 q_pkts=6 q_bytes=9024 qdelay_l_ms=1.08873 qdelay_c_ms=2.12616 ecn_mark=1197 drop=0
[QUEUE_STATS] t_ms=21984 q_pkts=4 q_bytes=6016 qdelay_l_ms=1.07523 qdelay_c_ms=1.71959 ecn_mark=1197 drop=0
[QUEUE_STATS] t_ms=22000 q_pkts=4 q_bytes=6016 qdelay_l_ms=1.00991 qdelay_c_ms=1.00326 ecn_mark=1198 drop=0
[QUEUE_STATS] t_ms=22016 q_pkts=4 q_bytes=6016 qdelay_l_ms=1.09166 qdelay_c_ms=1.08553 ecn_mark=1199 drop=0
[QUEUE_STATS] t_ms=22032 q_pkts=4 q_bytes=6016 qdelay_l_ms=1.08857 qdelay_c_ms=1.08221 ecn_mark=1201 drop=0
[QUEUE_STATS] t_ms=22048 q_pkts=3 q_bytes=4512 qdelay_l_ms=1.07957 qdelay_c_ms=1.86776 ecn_mark=1202 drop=0
[QUEUE_STATS] t_ms=22064 q_pkts=5 q_bytes=7520 qdelay_l_ms=0.035556 qdelay_c_ms=0.030096 ecn_mark=1203 drop=0
[QUEUE_STATS] t_ms=22080 q_pkts=3 q_bytes=4512 qdelay_l_ms=1.07606 qdelay_c_ms=1.06917 ecn_mark=1205 drop=0
[QUEUE_STATS] t_ms=22096 q_pkts=4 q_bytes=6016 qdelay_l_ms=1.09191 qdelay_c_ms=1.08544 ecn_mark=1206 drop=0
[QUEUE_STATS] t_ms=22112 q_pkts=3 q_bytes=4512 qdelay_l_ms=1.09932 qdelay_c_ms=1.0926 ecn_mark=1209 drop=0
[QUEUE_STATS] t_ms=22128 q_pkts=3 q_bytes=4512 qdelay_l_ms=1.085 qdelay_c_ms=1.07862 ecn_mark=1209 drop=0
[QUEUE_STATS] t_ms=22144 q_pkts=1 q_bytes=1504 qdelay_l_ms=1.05878 qdelay_c_ms=0 ecn_mark=1209 drop=0
[QUEUE_STATS] t_ms=22160 q_pkts=5 q_bytes=7520 qdelay_l_ms=1.09604 qdelay_c_ms=1.86761 ecn_mark=1210 drop=0
[QUEUE_STATS] t_ms=22176 q_pkts=5 q_bytes=7520 qdelay_l_ms=1.08129 qdelay_c_ms=1.0753 ecn_mark=1210 drop=0
[QUEUE_STATS] t_ms=22192 q_pkts=3 q_bytes=4512 qdelay_l_ms=1.06353 qdelay_c_ms=1.08433 ecn_mark=1212 drop=0
[QUEUE_STATS] t_ms=22208 q_pkts=5 q_bytes=7520 qdelay_l_ms=1.0931 qdelay_c_ms=2.36521 ecn_mark=1212 drop=0
[QUEUE_STATS] t_ms=22224 q_pkts=4 q_bytes=6016 qdelay_l_ms=1.05598 qdelay_c_ms=2.23082 ecn_mark=1212 drop=0
[QUEUE_STATS] t_ms=22240 q_pkts=2 q_bytes=3008 qdelay_l_ms=1.08241 qdelay_c_ms=0 ecn_mark=1213 drop=0
[QUEUE_STATS] t_ms=22256 q_pkts=3 q_bytes=4512 qdelay_l_ms=1.08023 qdelay_c_ms=1.69845 ecn_mark=1213 drop=0
[QUEUE_STATS] t_ms=22272 q_pkts=4 q_bytes=6016 qdelay_l_ms=1.07047 qdelay_c_ms=1.08766 ecn_mark=1213 drop=0
[QUEUE_STATS] t_ms=22288 q_pkts=3 q_bytes=4512 qdelay_l_ms=0.768913 qdelay_c_ms=1.93389 ecn_mark=1214 drop=0
[QUEUE_STATS] t_ms=22304 q_pkts=5 q_bytes=7520 qdelay_l_ms=0.763091 qdelay_c_ms=0.784181 ecn_mark=1215 drop=0
[QUEUE_STATS] t_ms=22320 q_pkts=1 q_bytes=1504 qdelay_l_ms=1.08052 qdelay_c_ms=0 ecn_mark=1215 drop=0
[QUEUE_STATS] t_ms=22336 q_pkts=3 q_bytes=4512 qdelay_l_ms=1.08712 qdelay_c_ms=1.08046 ecn_mark=1215 drop=0
[QUEUE_STATS] t_ms=22352 q_pkts=6 q_bytes=9024 qdelay_l_ms=0.754385 qdelay_c_ms=0.748854 ecn_mark=1216 drop=0
[QUEUE_STATS] t_ms=22368 q_pkts=0 q_bytes=0 qdelay_l_ms=0 qdelay_c_ms=0 ecn_mark=1217 drop=0
[QUEUE_STATS] t_ms=22384 q_pkts=1 q_bytes=1504 qdelay_l_ms=1.0738 qdelay_c_ms=0 ecn_mark=1218 drop=0
[QUEUE_STATS] t_ms=22400 q_pkts=3 q_bytes=4512 qdelay_l_ms=1.08279 qdelay_c_ms=1.07656 ecn_mark=1218 drop=0
[QUEUE_STATS] t_ms=22416 q_pkts=5 q_bytes=7520 qdelay_l_ms=1.0576 qdelay_c_ms=1.08008 ecn_mark=1218 drop=0
[QUEUE_STATS] t_ms=22432 q_pkts=4 q_bytes=6016 qdelay_l_ms=1.06796 qdelay_c_ms=1.06247 ecn_mark=1220 drop=0
[QUEUE_STATS] t_ms=22448 q_pkts=4 q_bytes=6016 qdelay_l_ms=1.07127 qdelay_c_ms=2.21702 ecn_mark=1222 drop=0
[QUEUE_STATS] t_ms=22464 q_pkts=3 q_bytes=4512 qdelay_l_ms=1.0722 qdelay_c_ms=1.06667 ecn_mark=1222 drop=0
[QUEUE_STATS] t_ms=22480 q_pkts=6 q_bytes=9024 qdelay_l_ms=1.10225 qdelay_c_ms=1.09502 ecn_mark=1222 drop=0
[QUEUE_STATS] t_ms=22496 q_pkts=5 q_bytes=7520 qdelay_l_ms=1.09892 qdelay_c_ms=1.09209 ecn_mark=1222 drop=0
[QUEUE_STATS] t_ms=22512 q_pkts=4 q_bytes=6016 qdelay_l_ms=1.07147 qdelay_c_ms=1.0893 ecn_mark=1222 drop=0
[QUEUE_STATS] t_ms=22528 q_pkts=4 q_bytes=6016 qdelay_l_ms=0.737654 qdelay_c_ms=0.731913 ecn_mark=1222 drop=0
[QUEUE_STATS] t_ms=22544 q_pkts=7 q_bytes=10528 qdelay_l_ms=1.10024 qdelay_c_ms=1.96012 ecn_mark=1222 drop=0
[QUEUE_STATS] t_ms=22560 q_pkts=3 q_bytes=4512 qdelay_l_ms=1.06135 qdelay_c_ms=1.07191 ecn_mark=1224 drop=0
[QUEUE_STATS] t_ms=22576 q_pkts=6 q_bytes=9024 qdelay_l_ms=1.11318 qdelay_c_ms=1.10675 ecn_mark=1224 drop=0
[QUEUE_STATS] t_ms=22592 q_pkts=6 q_bytes=9024 qdelay_l_ms=0.69323 qdelay_c_ms=0.686808 ecn_mark=1225 drop=0
[QUEUE_STATS] t_ms=22608 q_pkts=4 q_bytes=6016 qdelay_l_ms=1.06674 qdelay_c_ms=1.06126 ecn_mark=1226 drop=0
[QUEUE_STATS] t_ms=22624 q_pkts=4 q_bytes=6016 qdelay_l_ms=1.08518 qdelay_c_ms=1.08011 ecn_mark=1226 drop=0
[QUEUE_STATS] t_ms=22640 q_pkts=4 q_bytes=6016 qdelay_l_ms=1.09054 qdelay_c_ms=1.08411 ecn_mark=1228 drop=0
[QUEUE_STATS] t_ms=22656 q_pkts=1 q_bytes=1504 qdelay_l_ms=1.09199 qdelay_c_ms=0 ecn_mark=1228 drop=0
[QUEUE_STATS] t_ms=22672 q_pkts=5 q_bytes=7520 qdelay_l_ms=1.02523 qdelay_c_ms=1.04518 ecn_mark=1229 drop=0
[QUEUE_STATS] t_ms=22688 q_pkts=5 q_bytes=7520 qdelay_l_ms=1.07454 qdelay_c_ms=1.06828 ecn_mark=1230 drop=0
[QUEUE_STATS] t_ms=22704 q_pkts=3 q_bytes=4512 qdelay_l_ms=1.06308 qdelay_c_ms=1.07414 ecn_mark=1230 drop=0
[QUEUE_STATS] t_ms=22720 q_pkts=1 q_bytes=1504 qdelay_l_ms=0 qdelay_c_ms=1.24835 ecn_mark=1230 drop=0
[QUEUE_STATS] t_ms=22736 q_pkts=5 q_bytes=7520 qdelay_l_ms=1.06198 qdelay_c_ms=2.21426 ecn_mark=1230 drop=0
[QUEUE_STATS] t_ms=22753 q_pkts=6 q_bytes=9024 qdelay_l_ms=1.08511 qdelay_c_ms=2.15541 ecn_mark=1232 drop=0
[QUEUE_STATS] t_ms=22768 q_pkts=3 q_bytes=4512 qdelay_l_ms=0.680206 qdelay_c_ms=0.675126 ecn_mark=1232 drop=0
[QUEUE_STATS] t_ms=22784 q_pkts=3 q_bytes=4512 qdelay_l_ms=1.06432 qdelay_c_ms=1.07613 ecn_mark=1233 drop=0
[QUEUE_STATS] t_ms=22800 q_pkts=5 q_bytes=7520 qdelay_l_ms=1.09439 qdelay_c_ms=1.45406 ecn_mark=1234 drop=0
[QUEUE_STATS] t_ms=22817 q_pkts=3 q_bytes=4512 qdelay_l_ms=1.04225 qdelay_c_ms=1.06572 ecn_mark=1234 drop=0
[QUEUE_STATS] t_ms=22832 q_pkts=5 q_bytes=7520 qdelay_l_ms=1.05206 qdelay_c_ms=1.04668 ecn_mark=1234 drop=0
[QUEUE_STATS] t_ms=22848 q_pkts=4 q_bytes=6016 qdelay_l_ms=0.658305 qdelay_c_ms=0.653116 ecn_mark=1235 drop=0
[QUEUE_STATS] t_ms=22864 q_pkts=2 q_bytes=3008 qdelay_l_ms=1.05496 qdelay_c_ms=1.04958 ecn_mark=1235 drop=0
[QUEUE_STATS] t_ms=22880 q_pkts=3 q_bytes=4512 qdelay_l_ms=1.06309 qdelay_c_ms=1.08752 ecn_mark=1235 drop=0
[QUEUE_STATS] t_ms=22896 q_pkts=4 q_bytes=6016 qdelay_l_ms=1.07572 qdelay_c_ms=1.91106 ecn_mark=1235 drop=0
[QUEUE_STATS] t_ms=22912 q_pkts=1 q_bytes=1504 qdelay_l_ms=0.811603 qdelay_c_ms=0 ecn_mark=1236 drop=0
[QUEUE_STATS] t_ms=22928 q_pkts=6 q_bytes=9024 qdelay_l_ms=1.06741 qdelay_c_ms=1.10123 ecn_mark=1237 drop=0
[QUEUE_STATS] t_ms=22944 q_pkts=1 q_bytes=1504 qdelay_l_ms=0 qdelay_c_ms=2.11196 ecn_mark=1238 drop=0
[QUEUE_STATS] t_ms=22960 q_pkts=5 q_bytes=7520 qdelay_l_ms=1.0915 qdelay_c_ms=1.84951 ecn_mark=1238 drop=0
[QUEUE_STATS] t_ms=22976 q_pkts=5 q_bytes=7520 qdelay_l_ms=1.0665 qdelay_c_ms=1.10146 ecn_mark=1238 drop=0
[QUEUE_STATS] t_ms=22992 q_pkts=0 q_bytes=0 qdelay_l_ms=0 qdelay_c_ms=0 ecn_mark=1241 drop=0
[QUEUE_STATS] t_ms=23008 q_pkts=6 q_bytes=9024 qdelay_l_ms=1.0661 qdelay_c_ms=1.09873 ecn_mark=1241 drop=0
[QUEUE_STATS] t_ms=23024 q_pkts=5 q_bytes=7520 qdelay_l_ms=1.07118 qdelay_c_ms=2.21943 ecn_mark=1244 drop=0
[QUEUE_STATS] t_ms=23040 q_pkts=5 q_bytes=7520 qdelay_l_ms=0.765105 qdelay_c_ms=0.801193 ecn_mark=1244 drop=0
[QUEUE_STATS] t_ms=23056 q_pkts=4 q_bytes=6016 qdelay_l_ms=0.962296 qdelay_c_ms=0.957086 ecn_mark=1244 drop=0
[QUEUE_STATS] t_ms=23072 q_pkts=8 q_bytes=12032 qdelay_l_ms=1.07026 qdelay_c_ms=2.21398 ecn_mark=1245 drop=0
[QUEUE_STATS] t_ms=23088 q_pkts=1 q_bytes=1504 qdelay_l_ms=0 qdelay_c_ms=1.16379 ecn_mark=1245 drop=0
[QUEUE_STATS] t_ms=23104 q_pkts=4 q_bytes=6016 qdelay_l_ms=1.06731 qdelay_c_ms=1.92867 ecn_mark=1245 drop=0
[QUEUE_STATS] t_ms=23120 q_pkts=4 q_bytes=6016 qdelay_l_ms=0.891042 qdelay_c_ms=0.88479 ecn_mark=1248 drop=0
[QUEUE_STATS] t_ms=23136 q_pkts=0 q_bytes=0 qdelay_l_ms=0 qdelay_c_ms=0 ecn_mark=1249 drop=0
[QUEUE_STATS] t_ms=23152 q_pkts=5 q_bytes=7520 qdelay_l_ms=1.07586 qdelay_c_ms=2.1924 ecn_mark=1249 drop=0
[QUEUE_STATS] t_ms=23168 q_pkts=5 q_bytes=7520 qdelay_l_ms=1.09334 qdelay_c_ms=1.08701 ecn_mark=1252 drop=0
[QUEUE_STATS] t_ms=23184 q_pkts=2 q_bytes=3008 qdelay_l_ms=0.706135 qdelay_c_ms=0.700314 ecn_mark=1254 drop=0
[QUEUE_STATS] t_ms=23200 q_pkts=6 q_bytes=9024 qdelay_l_ms=0.856046 qdelay_c_ms=1.96422 ecn_mark=1257 drop=0
[QUEUE_STATS] t_ms=23216 q_pkts=4 q_bytes=6016 qdelay_l_ms=1.04614 qdelay_c_ms=2.19295 ecn_mark=1257 drop=0
[QUEUE_STATS] t_ms=23232 q_pkts=3 q_bytes=4512 qdelay_l_ms=1.08964 qdelay_c_ms=1.08264 ecn_mark=1258 drop=0
[QUEUE_STATS] t_ms=23248 q_pkts=2 q_bytes=3008 qdelay_l_ms=1.07882 qdelay_c_ms=0 ecn_mark=1261 drop=0
[QUEUE_STATS] t_ms=23265 q_pkts=6 q_bytes=9024 qdelay_l_ms=1.09815 qdelay_c_ms=1.09092 ecn_mark=1262 drop=0
[QUEUE_STATS] t_ms=23280 q_pkts=5 q_bytes=7520 qdelay_l_ms=1.02792 qdelay_c_ms=1.0442 ecn_mark=1263 drop=0
[QUEUE_STATS] t_ms=23296 q_pkts=5 q_bytes=7520 qdelay_l_ms=0.884971 qdelay_c_ms=0.920257 ecn_mark=1264 drop=0
[QUEUE_STATS] t_ms=23312 q_pkts=4 q_bytes=6016 qdelay_l_ms=1.05228 qdelay_c_ms=1.07849 ecn_mark=1266 drop=0
[QUEUE_STATS] t_ms=23328 q_pkts=4 q_bytes=6016 qdelay_l_ms=1.08794 qdelay_c_ms=1.08252 ecn_mark=1267 drop=0
[QUEUE_STATS] t_ms=23344 q_pkts=4 q_bytes=6016 qdelay_l_ms=1.06759 qdelay_c_ms=1.06192 ecn_mark=1270 drop=0
[QUEUE_STATS] t_ms=23360 q_pkts=5 q_bytes=7520 qdelay_l_ms=0.707668 qdelay_c_ms=0.728497 ecn_mark=1271 drop=0
[QUEUE_STATS] t_ms=23376 q_pkts=3 q_bytes=4512 qdelay_l_ms=1.08335 qdelay_c_ms=1.07724 ecn_mark=1272 drop=0
[QUEUE_STATS] t_ms=23392 q_pkts=5 q_bytes=7520 qdelay_l_ms=0.703661 qdelay_c_ms=1.78072 ecn_mark=1272 drop=0
[QUEUE_STATS] t_ms=23408 q_pkts=3 q_bytes=4512 qdelay_l_ms=1.08841 qdelay_c_ms=1.08151 ecn_mark=1274 drop=0
[QUEUE_STATS] t_ms=23424 q_pkts=3 q_bytes=4512 qdelay_l_ms=1.08799 qdelay_c_ms=1.08082 ecn_mark=1274 drop=0
[QUEUE_STATS] t_ms=23440 q_pkts=0 q_bytes=0 qdelay_l_ms=0 qdelay_c_ms=0 ecn_mark=1275 drop=0
[QUEUE_STATS] t_ms=23456 q_pkts=6 q_bytes=9024 qdelay_l_ms=1.07635 qdelay_c_ms=1.07018 ecn_mark=1277 drop=0
[QUEUE_STATS] t_ms=23472 q_pkts=3 q_bytes=4512 qdelay_l_ms=0.738265 qdelay_c_ms=0.76211 ecn_mark=1279 drop=0
[QUEUE_STATS] t_ms=23488 q_pkts=4 q_bytes=6016 qdelay_l_ms=1.05499 qdelay_c_ms=1.06584 ecn_mark=1279 drop=0
[QUEUE_STATS] t_ms=23504 q_pkts=5 q_bytes=7520 qdelay_l_ms=0.013616 qdelay_c_ms=0.036018 ecn_mark=1279 drop=0
[QUEUE_STATS] t_ms=23520 q_pkts=4 q_bytes=6016 qdelay_l_ms=1.08531 qdelay_c_ms=1.09563 ecn_mark=1280 drop=0
[QUEUE_STATS] t_ms=23536 q_pkts=5 q_bytes=7520 qdelay_l_ms=1.07195 qdelay_c_ms=1.44836 ecn_mark=1281 drop=0
[QUEUE_STATS] t_ms=23552 q_pkts=4 q_bytes=6016 qdelay_l_ms=1.09092 qdelay_c_ms=1.08421 ecn_mark=1282 drop=0
[QUEUE_STATS] t_ms=23568 q_pkts=2 q_bytes=3008 qdelay_l_ms=1.07761 qdelay_c_ms=1.07111 ecn_mark=1282 drop=0
[QUEUE_STATS] t_ms=23584 q_pkts=6 q_bytes=9024 qdelay_l_ms=1.06613 qdelay_c_ms=2.19536 ecn_mark=1282 drop=0
[QUEUE_STATS] t_ms=23600 q_pkts=8 q_bytes=12032 qdelay_l_ms=1.0543 qdelay_c_ms=1.04868 ecn_mark=1282 drop=0
[QUEUE_STATS] t_ms=23616 q_pkts=4 q_bytes=6016 qdelay_l_ms=0.735059 qdelay_c_ms=0.727926 ecn_mark=1282 drop=0
[QUEUE_STATS] t_ms=23632 q_pkts=3 q_bytes=4512 qdelay_l_ms=1.074 qdelay_c_ms=2.21834 ecn_mark=1283 drop=0
[QUEUE_STATS] t_ms=23648 q_pkts=5 q_bytes=7520 qdelay_l_ms=1.048 qdelay_c_ms=1.04242 ecn_mark=1283 drop=0
[QUEUE_STATS] t_ms=23664 q_pkts=6 q_bytes=9024 qdelay_l_ms=0.690415 qdelay_c_ms=0.684864 ecn_mark=1284 drop=0
[QUEUE_STATS] t_ms=23681 q_pkts=4 q_bytes=6016 qdelay_l_ms=1.07081 qdelay_c_ms=1.09401 ecn_mark=1284 drop=0
[QUEUE_STATS] t_ms=23696 q_pkts=2 q_bytes=3008 qdelay_l_ms=1.07757 qdelay_c_ms=1.78698 ecn_mark=1285 drop=0
[QUEUE_STATS] t_ms=23713 q_pkts=6 q_bytes=9024 qdelay_l_ms=1.08353 qdelay_c_ms=1.07825 ecn_mark=1285 drop=0
[QUEUE_STATS] t_ms=23728 q_pkts=6 q_bytes=9024 qdelay_l_ms=1.0714 qdelay_c_ms=2.21043 ecn_mark=1287 drop=0
[QUEUE_STATS] t_ms=23744 q_pkts=6 q_bytes=9024 qdelay_l_ms=1.07632 qdelay_c_ms=1.09673 ecn_mark=1287 drop=0
[QUEUE_STATS] t_ms=23760 q_pkts=5 q_bytes=7520 qdelay_l_ms=1.06659 qdelay_c_ms=2.20901 ecn_mark=1290 drop=0
[QUEUE_STATS] t_ms=23776 q_pkts=5 q_bytes=7520 qdelay_l_ms=1.04032 qdelay_c_ms=1.87682 ecn_mark=1290 drop=0
[QUEUE_STATS] t_ms=23792 q_pkts=5 q_bytes=7520 qdelay_l_ms=0.040115 qdelay_c_ms=0.895851 ecn_mark=1291 drop=0
[QUEUE_STATS] t_ms=23809 q_pkts=4 q_bytes=6016 qdelay_l_ms=1.0728 qdelay_c_ms=1.06618 ecn_mark=1291 drop=0
[QUEUE_STATS] t_ms=23824 q_pkts=3 q_bytes=4512 qdelay_l_ms=1.0851 qdelay_c_ms=1.74413 ecn_mark=1291 drop=0
[QUEUE_STATS] t_ms=23841 q_pkts=7 q_bytes=10528 qdelay_l_ms=1.0988 qdelay_c_ms=3.02807 ecn_mark=1292 drop=0
[QUEUE_STATS] t_ms=23856 q_pkts=6 q_bytes=9024 qdelay_l_ms=1.09633 qdelay_c_ms=1.08925 ecn_mark=1293 drop=0
[QUEUE_STATS] t_ms=23872 q_pkts=4 q_bytes=6016 qdelay_l_ms=1.09015 qdelay_c_ms=1.08334 ecn_mark=1293 drop=0
[QUEUE_STATS] t_ms=23889 q_pkts=7 q_bytes=10528 qdelay_l_ms=1.11083 qdelay_c_ms=2.17596 ecn_mark=1293 drop=0
[QUEUE_STATS] t_ms=23904 q_pkts=6 q_bytes=9024 qdelay_l_ms=1.07631 qdelay_c_ms=1.95179 ecn_mark=1294 drop=0
[QUEUE_STATS] t_ms=23920 q_pkts=4 q_bytes=6016 qdelay_l_ms=1.08874 qdelay_c_ms=1.93996 ecn_mark=1296 drop=0
[QUEUE_STATS] t_ms=23936 q_pkts=6 q_bytes=9024 qdelay_l_ms=1.07214 qdelay_c_ms=1.95685 ecn_mark=1297 drop=0
[QUEUE_STATS] t_ms=23952 q_pkts=4 q_bytes=6016 qdelay_l_ms=0 qdelay_c_ms=0.887845 ecn_mark=1299 drop=0
[QUEUE_STATS] t_ms=23968 q_pkts=5 q_bytes=7520 qdelay_l_ms=0.613281 qdelay_c_ms=0.607791 ecn_mark=1300 drop=0
[QUEUE_STATS] t_ms=23985 q_pkts=7 q_bytes=10528 qdelay_l_ms=1.07375 qdelay_c_ms=2.16321 ecn_mark=1300 drop=0
[QUEUE_STATS] t_ms=24000 q_pkts=8 q_bytes=12032 qdelay_l_ms=1.08087 qdelay_c_ms=2.86551 ecn_mark=1300 drop=0
[QUEUE_STATS] t_ms=24016 q_pkts=4 q_bytes=6016 qdelay_l_ms=1.07772 qdelay_c_ms=1.07247 ecn_mark=1302 drop=0
[QUEUE_STATS] t_ms=24032 q_pkts=5 q_bytes=7520 qdelay_l_ms=1.07192 qdelay_c_ms=2.18121 ecn_mark=1302 drop=0
[QUEUE_STATS] t_ms=24048 q_pkts=8 q_bytes=12032 qdelay_l_ms=1.0953 qdelay_c_ms=2.82603 ecn_mark=1303 drop=0
[QUEUE_STATS] t_ms=24064 q_pkts=2 q_bytes=3008 qdelay_l_ms=1.0641 qdelay_c_ms=0 ecn_mark=1305 drop=0
[QUEUE_STATS] t_ms=24080 q_pkts=4 q_bytes=6016 qdelay_l_ms=1.05978 qdelay_c_ms=1.05297 ecn_mark=1305 drop=0
[QUEUE_STATS] t_ms=24096 q_pkts=3 q_bytes=4512 qdelay_l_ms=0 qdelay_c_ms=2.17315 ecn_mark=1306 drop=0
[QUEUE_STATS] t_ms=24112 q_pkts=4 q_bytes=6016 qdelay_l_ms=1.09212 qdelay_c_ms=1.08519 ecn_mark=1306 drop=0
[QUEUE_STATS] t_ms=24128 q_pkts=6 q_bytes=9024 qdelay_l_ms=1.10305 qdelay_c_ms=1.09602 ecn_mark=1306 drop=0
[QUEUE_STATS] t_ms=24145 q_pkts=8 q_bytes=12032 qdelay_l_ms=1.08699 qdelay_c_ms=2.18647 ecn_mark=1306 drop=0
[QUEUE_STATS] t_ms=24160 q_pkts=3 q_bytes=4512 qdelay_l_ms=0 qdelay_c_ms=1.10394 ecn_mark=1308 drop=0
[QUEUE_STATS] t_ms=24176 q_pkts=1 q_bytes=1504 qdelay_l_ms=0 qdelay_c_ms=1.13901 ecn_mark=1309 drop=0
[QUEUE_STATS] t_ms=24192 q_pkts=7 q_bytes=10528 qdelay_l_ms=1.09505 qdelay_c_ms=2.18334 ecn_mark=1312 drop=0
[QUEUE_STATS] t_ms=24208 q_pkts=6 q_bytes=9024 qdelay_l_ms=1.06649 qdelay_c_ms=2.17106 ecn_mark=1314 drop=0
[QUEUE_STATS] t_ms=24224 q_pkts=5 q_bytes=7520 qdelay_l_ms=1.09613 qdelay_c_ms=2.2059 ecn_mark=1315 drop=0
[QUEUE_STATS] t_ms=24240 q_pkts=3 q_bytes=4512 qdelay_l_ms=0 qdelay_c_ms=1.10425 ecn_mark=1317 drop=0
[QUEUE_STATS] t_ms=24256 q_pkts=4 q_bytes=6016 qdelay_l_ms=1.09208 qdelay_c_ms=1.08426 ecn_mark=1318 drop=0
[QUEUE_STATS] t_ms=24273 q_pkts=8 q_bytes=12032 qdelay_l_ms=1.11178 qdelay_c_ms=1.10643 ecn_mark=1319 drop=0
[QUEUE_STATS] t_ms=24288 q_pkts=4 q_bytes=6016 qdelay_l_ms=1.06041 qdelay_c_ms=2.16379 ecn_mark=1319 drop=0
[QUEUE_STATS] t_ms=24304 q_pkts=5 q_bytes=7520 qdelay_l_ms=1.07114 qdelay_c_ms=1.36824 ecn_mark=1320 drop=0
[QUEUE_STATS] t_ms=24320 q_pkts=8 q_bytes=12032 qdelay_l_ms=1.07217 qdelay_c_ms=2.20298 ecn_mark=1320 drop=0
[QUEUE_STATS] t_ms=24337 q_pkts=5 q_bytes=7520 qdelay_l_ms=1.06369 qdelay_c_ms=2.16183 ecn_mark=1320 drop=0
[QUEUE_STATS] t_ms=24352 q_pkts=4 q_bytes=6016 qdelay_l_ms=1.06203 qdelay_c_ms=2.1859 ecn_mark=1320 drop=0
[QUEUE_STATS] t_ms=24368 q_pkts=7 q_bytes=10528 qdelay_l_ms=1.0763 qdelay_c_ms=2.75991 ecn_mark=1323 drop=0
[QUEUE_STATS] t_ms=24384 q_pkts=4 q_bytes=6016 qdelay_l_ms=1.04249 qdelay_c_ms=1.0374 ecn_mark=1323 drop=0
[QUEUE_STATS] t_ms=24400 q_pkts=5 q_bytes=7520 qdelay_l_ms=1.09304 qdelay_c_ms=1.68746 ecn_mark=1324 drop=0
[QUEUE_STATS] t_ms=24416 q_pkts=7 q_bytes=10528 qdelay_l_ms=0.042139 qdelay_c_ms=1.12137 ecn_mark=1324 drop=0
[QUEUE_STATS] t_ms=24432 q_pkts=5 q_bytes=7520 qdelay_l_ms=1.07596 qdelay_c_ms=2.1699 ecn_mark=1324 drop=0
[QUEUE_STATS] t_ms=24448 q_pkts=6 q_bytes=9024 qdelay_l_ms=1.02006 qdelay_c_ms=2.11555 ecn_mark=1324 drop=0
[QUEUE_STATS] t_ms=24464 q_pkts=7 q_bytes=10528 qdelay_l_ms=1.07536 qdelay_c_ms=1.88972 ecn_mark=1324 drop=0
[QUEUE_STATS] t_ms=24480 q_pkts=7 q_bytes=10528 qdelay_l_ms=1.0627 qdelay_c_ms=2.14226 ecn_mark=1325 drop=0
[QUEUE_STATS] t_ms=24496 q_pkts=8 q_bytes=12032 qdelay_l_ms=1.08258 qdelay_c_ms=2.16152 ecn_mark=1327 drop=0
[QUEUE_STATS] t_ms=24512 q_pkts=10 q_bytes=15040 qdelay_l_ms=1.0993 qdelay_c_ms=2.51783 ecn_mark=1327 drop=0
[QUEUE_STATS] t_ms=24528 q_pkts=6 q_bytes=9024 qdelay_l_ms=0 qdelay_c_ms=3.13898 ecn_mark=1328 drop=0
[QUEUE_STATS] t_ms=24544 q_pkts=10 q_bytes=15040 qdelay_l_ms=1.09357 qdelay_c_ms=2.44015 ecn_mark=1330 drop=0
[QUEUE_STATS] t_ms=24560 q_pkts=9 q_bytes=13536 qdelay_l_ms=1.07713 qdelay_c_ms=3.2789 ecn_mark=1332 drop=0
[QUEUE_STATS] t_ms=24576 q_pkts=11 q_bytes=16544 qdelay_l_ms=1.108 qdelay_c_ms=3.79879 ecn_mark=1334 drop=0
[QUEUE_STATS] t_ms=24592 q_pkts=9 q_bytes=13536 qdelay_l_ms=1.11163 qdelay_c_ms=4.34838 ecn_mark=1335 drop=0
[QUEUE_STATS] t_ms=24608 q_pkts=9 q_bytes=13536 qdelay_l_ms=1.09225 qdelay_c_ms=3.5846 ecn_mark=1336 drop=0
[QUEUE_STATS] t_ms=24624 q_pkts=12 q_bytes=18048 qdelay_l_ms=1.08398 qdelay_c_ms=4.12602 ecn_mark=1337 drop=0
[QUEUE_STATS] t_ms=24641 q_pkts=9 q_bytes=13536 qdelay_l_ms=1.09092 qdelay_c_ms=4.11292 ecn_mark=1337 drop=0
[QUEUE_STATS] t_ms=24656 q_pkts=10 q_bytes=15040 qdelay_l_ms=1.10086 qdelay_c_ms=4.34264 ecn_mark=1341 drop=0
[QUEUE_STATS] t_ms=24672 q_pkts=8 q_bytes=12032 qdelay_l_ms=0.033223 qdelay_c_ms=3.33372 ecn_mark=1344 drop=0
[QUEUE_STATS] t_ms=24688 q_pkts=10 q_bytes=15040 qdelay_l_ms=1.0944 qdelay_c_ms=3.02952 ecn_mark=1344 drop=0
[QUEUE_STATS] t_ms=24704 q_pkts=11 q_bytes=16544 qdelay_l_ms=1.09217 qdelay_c_ms=3.60508 ecn_mark=1346 drop=0
[QUEUE_STATS] t_ms=24720 q_pkts=11 q_bytes=16544 qdelay_l_ms=1.09421 qdelay_c_ms=4.12777 ecn_mark=1347 drop=0
[QUEUE_STATS] t_ms=24736 q_pkts=10 q_bytes=15040 qdelay_l_ms=1.07732 qdelay_c_ms=3.28169 ecn_mark=1348 drop=0
[QUEUE_STATS] t_ms=24752 q_pkts=13 q_bytes=19552 qdelay_l_ms=1.07187 qdelay_c_ms=4.84941 ecn_mark=1350 drop=0
[QUEUE_STATS] t_ms=24768 q_pkts=11 q_bytes=16544 qdelay_l_ms=1.07676 qdelay_c_ms=4.91535 ecn_mark=1351 drop=0
[QUEUE_STATS] t_ms=24784 q_pkts=10 q_bytes=15040 qdelay_l_ms=1.092 qdelay_c_ms=2.76305 ecn_mark=1351 drop=0
[QUEUE_STATS] t_ms=24801 q_pkts=12 q_bytes=18048 qdelay_l_ms=1.07093 qdelay_c_ms=4.90136 ecn_mark=1352 drop=0
[QUEUE_STATS] t_ms=24816 q_pkts=12 q_bytes=18048 qdelay_l_ms=1.06144 qdelay_c_ms=4.96243 ecn_mark=1353 drop=0
[QUEUE_STATS] t_ms=24832 q_pkts=10 q_bytes=15040 qdelay_l_ms=1.07501 qdelay_c_ms=4.31579 ecn_mark=1353 drop=0
[QUEUE_STATS] t_ms=24848 q_pkts=10 q_bytes=15040 qdelay_l_ms=1.06162 qdelay_c_ms=4.36852 ecn_mark=1355 drop=0
[QUEUE_STATS] t_ms=24864 q_pkts=12 q_bytes=18048 qdelay_l_ms=1.07684 qdelay_c_ms=3.87851 ecn_mark=1357 drop=0
[QUEUE_STATS] t_ms=24880 q_pkts=11 q_bytes=16544 qdelay_l_ms=1.06395 qdelay_c_ms=4.95682 ecn_mark=1357 drop=0
[QUEUE_STATS] t_ms=24896 q_pkts=11 q_bytes=16544 qdelay_l_ms=1.07516 qdelay_c_ms=4.36834 ecn_mark=1358 drop=0
[QUEUE_STATS] t_ms=24912 q_pkts=15 q_bytes=22560 qdelay_l_ms=1.1031 qdelay_c_ms=3.88785 ecn_mark=1359 drop=0
[QUEUE_STATS] t_ms=24928 q_pkts=12 q_bytes=18048 qdelay_l_ms=1.05226 qdelay_c_ms=4.98933 ecn_mark=1360 drop=0
[QUEUE_STATS] t_ms=24944 q_pkts=13 q_bytes=19552 qdelay_l_ms=1.1018 qdelay_c_ms=4.74264 ecn_mark=1361 drop=0
[QUEUE_STATS] t_ms=24961 q_pkts=12 q_bytes=18048 qdelay_l_ms=1.08218 qdelay_c_ms=4.37729 ecn_mark=1362 drop=0
[QUEUE_STATS] t_ms=24976 q_pkts=13 q_bytes=19552 qdelay_l_ms=1.06019 qdelay_c_ms=4.96131 ecn_mark=1363 drop=0
[QUEUE_STATS] t_ms=24992 q_pkts=14 q_bytes=21056 qdelay_l_ms=1.09929 qdelay_c_ms=4.99592 ecn_mark=1363 drop=0
[QUEUE_STATS] t_ms=25008 q_pkts=13 q_bytes=19552 qdelay_l_ms=1.08474 qdelay_c_ms=4.93144 ecn_mark=1364 drop=0
[QUEUE_STATS] t_ms=25024 q_pkts=13 q_bytes=19552 qdelay_l_ms=1.08856 qdelay_c_ms=4.98455 ecn_mark=1365 drop=0
[QUEUE_STATS] t_ms=25040 q_pkts=11 q_bytes=16544 qdelay_l_ms=0.025147 qdelay_c_ms=4.41677 ecn_mark=1366 drop=0
[QUEUE_STATS] t_ms=25056 q_pkts=12 q_bytes=18048 qdelay_l_ms=1.09078 qdelay_c_ms=4.98374 ecn_mark=1369 drop=0
[QUEUE_STATS] t_ms=25073 q_pkts=12 q_bytes=18048 qdelay_l_ms=1.05663 qdelay_c_ms=5.23204 ecn_mark=1370 drop=0
[QUEUE_STATS] t_ms=25088 q_pkts=15 q_bytes=22560 qdelay_l_ms=1.06988 qdelay_c_ms=6.11709 ecn_mark=1371 drop=0
[QUEUE_STATS] t_ms=25104 q_pkts=10 q_bytes=15040 qdelay_l_ms=0 qdelay_c_ms=4.4423 ecn_mark=1371 drop=0
[QUEUE_STATS] t_ms=25120 q_pkts=12 q_bytes=18048 qdelay_l_ms=0.817234 qdelay_c_ms=5.20531 ecn_mark=1371 drop=0
[QUEUE_STATS] t_ms=25136 q_pkts=16 q_bytes=24064 qdelay_l_ms=1.09436 qdelay_c_ms=6.03355 ecn_mark=1372 drop=0
[QUEUE_STATS] t_ms=25152 q_pkts=15 q_bytes=22560 qdelay_l_ms=0.844424 qdelay_c_ms=4.75409 ecn_mark=1372 drop=0
[QUEUE_STATS] t_ms=25168 q_pkts=14 q_bytes=21056 qdelay_l_ms=0.859743 qdelay_c_ms=5.22858 ecn_mark=1374 drop=0
[QUEUE_STATS] t_ms=25184 q_pkts=17 q_bytes=25568 qdelay_l_ms=1.06692 qdelay_c_ms=4.95105 ecn_mark=1374 drop=0
[QUEUE_STATS] t_ms=25200 q_pkts=15 q_bytes=22560 qdelay_l_ms=1.07484 qdelay_c_ms=5.45993 ecn_mark=1374 drop=0
[QUEUE_STATS] t_ms=25216 q_pkts=16 q_bytes=24064 qdelay_l_ms=1.08739 qdelay_c_ms=6.00594 ecn_mark=1377 drop=0
[QUEUE_STATS] t_ms=25232 q_pkts=18 q_bytes=27072 qdelay_l_ms=1.07989 qdelay_c_ms=5.32892 ecn_mark=1378 drop=0
[QUEUE_STATS] t_ms=25248 q_pkts=15 q_bytes=22560 qdelay_l_ms=1.08246 qdelay_c_ms=5.45952 ecn_mark=1378 drop=0
[QUEUE_STATS] t_ms=25264 q_pkts=15 q_bytes=22560 qdelay_l_ms=1.10321 qdelay_c_ms=4.94279 ecn_mark=1380 drop=0
[QUEUE_STATS] t_ms=25280 q_pkts=17 q_bytes=25568 qdelay_l_ms=1.08506 qdelay_c_ms=6.02578 ecn_mark=1381 drop=0
[QUEUE_STATS] t_ms=25296 q_pkts=17 q_bytes=25568 qdelay_l_ms=1.06154 qdelay_c_ms=6.94321 ecn_mark=1382 drop=0
[QUEUE_STATS] t_ms=25312 q_pkts=15 q_bytes=22560 qdelay_l_ms=0.028884 qdelay_c_ms=4.96033 ecn_mark=1382 drop=0
[QUEUE_STATS] t_ms=25328 q_pkts=16 q_bytes=24064 qdelay_l_ms=1.09717 qdelay_c_ms=6.05358 ecn_mark=1383 drop=0
[QUEUE_STATS] t_ms=25344 q_pkts=17 q_bytes=25568 qdelay_l_ms=1.09252 qdelay_c_ms=6.86132 ecn_mark=1383 drop=0
[QUEUE_STATS] t_ms=25361 q_pkts=18 q_bytes=27072 qdelay_l_ms=1.06573 qdelay_c_ms=8.00591 ecn_mark=1383 drop=0
[QUEUE_STATS] t_ms=25376 q_pkts=20 q_bytes=30080 qdelay_l_ms=1.07826 qdelay_c_ms=6.87064 ecn_mark=1385 drop=0
[QUEUE_STATS] t_ms=25392 q_pkts=19 q_bytes=28576 qdelay_l_ms=1.06125 qdelay_c_ms=6.6667 ecn_mark=1386 drop=0
[QUEUE_STATS] t_ms=25408 q_pkts=18 q_bytes=27072 qdelay_l_ms=1.07159 qdelay_c_ms=6.92829 ecn_mark=1386 drop=0
[QUEUE_STATS] t_ms=25424 q_pkts=19 q_bytes=28576 qdelay_l_ms=1.08219 qdelay_c_ms=7.1338 ecn_mark=1387 drop=0
[QUEUE_STATS] t_ms=25440 q_pkts=17 q_bytes=25568 qdelay_l_ms=1.0327 qdelay_c_ms=5.99376 ecn_mark=1387 drop=0
[QUEUE_STATS] t_ms=25456 q_pkts=20 q_bytes=30080 qdelay_l_ms=1.10407 qdelay_c_ms=6.46686 ecn_mark=1390 drop=0
[QUEUE_STATS] t_ms=25472 q_pkts=18 q_bytes=27072 qdelay_l_ms=1.0949 qdelay_c_ms=7.15941 ecn_mark=1391 drop=0
[QUEUE_STATS] t_ms=25488 q_pkts=19 q_bytes=28576 qdelay_l_ms=1.07784 qdelay_c_ms=7.16793 ecn_mark=1391 drop=0
[QUEUE_STATS] t_ms=25504 q_pkts=20 q_bytes=30080 qdelay_l_ms=1.07286 qdelay_c_ms=8.22884 ecn_mark=1393 drop=0
[QUEUE_STATS] t_ms=25520 q_pkts=20 q_bytes=30080 qdelay_l_ms=1.04815 qdelay_c_ms=8.1311 ecn_mark=1393 drop=0
[QUEUE_STATS] t_ms=25536 q_pkts=19 q_bytes=28576 qdelay_l_ms=1.04614 qdelay_c_ms=8.22881 ecn_mark=1393 drop=0
[QUEUE_STATS] t_ms=25552 q_pkts=19 q_bytes=28576 qdelay_l_ms=1.07696 qdelay_c_ms=7.12999 ecn_mark=1393 drop=0
[QUEUE_STATS] t_ms=25568 q_pkts=19 q_bytes=28576 qdelay_l_ms=1.08342 qdelay_c_ms=8.21717 ecn_mark=1393 drop=0
[QUEUE_STATS] t_ms=25584 q_pkts=22 q_bytes=33088 qdelay_l_ms=1.10159 qdelay_c_ms=8.25599 ecn_mark=1393 drop=0
[QUEUE_STATS] t_ms=25600 q_pkts=19 q_bytes=28576 qdelay_l_ms=0.016461 qdelay_c_ms=7.06515 ecn_mark=1394 drop=0
[QUEUE_STATS] t_ms=25616 q_pkts=22 q_bytes=33088 qdelay_l_ms=1.07439 qdelay_c_ms=7.69478 ecn_mark=1395 drop=0
[QUEUE_STATS] t_ms=25632 q_pkts=24 q_bytes=36096 qdelay_l_ms=1.09131 qdelay_c_ms=7.46304 ecn_mark=1398 drop=0
[QUEUE_STATS] t_ms=25648 q_pkts=22 q_bytes=33088 qdelay_l_ms=1.07953 qdelay_c_ms=8.12839 ecn_mark=1399 drop=0
[QUEUE_STATS] t_ms=25664 q_pkts=24 q_bytes=36096 qdelay_l_ms=1.07951 qdelay_c_ms=8.98007 ecn_mark=1400 drop=0
[QUEUE_STATS] t_ms=25681 q_pkts=22 q_bytes=33088 qdelay_l_ms=1.10896 qdelay_c_ms=9.24559 ecn_mark=1401 drop=0
[QUEUE_STATS] t_ms=25696 q_pkts=21 q_bytes=31584 qdelay_l_ms=1.11024 qdelay_c_ms=9.26102 ecn_mark=1401 drop=0
[QUEUE_STATS] t_ms=25712 q_pkts=24 q_bytes=36096 qdelay_l_ms=1.08701 qdelay_c_ms=10.1089 ecn_mark=1401 drop=0
[QUEUE_STATS] t_ms=25728 q_pkts=23 q_bytes=34592 qdelay_l_ms=0 qdelay_c_ms=9.63222 ecn_mark=1403 drop=0
[QUEUE_STATS] t_ms=25745 q_pkts=25 q_bytes=37600 qdelay_l_ms=1.09919 qdelay_c_ms=9.37724 ecn_mark=1404 drop=0
[QUEUE_STATS] t_ms=25760 q_pkts=24 q_bytes=36096 qdelay_l_ms=1.07175 qdelay_c_ms=8.90568 ecn_mark=1405 drop=0
[QUEUE_STATS] t_ms=25776 q_pkts=24 q_bytes=36096 qdelay_l_ms=1.07845 qdelay_c_ms=8.0378 ecn_mark=1405 drop=0
[QUEUE_STATS] t_ms=25792 q_pkts=23 q_bytes=34592 qdelay_l_ms=1.07596 qdelay_c_ms=8.42422 ecn_mark=1405 drop=0
[QUEUE_STATS] t_ms=25808 q_pkts=25 q_bytes=37600 qdelay_l_ms=1.08466 qdelay_c_ms=10.1905 ecn_mark=1406 drop=0
[QUEUE_STATS] t_ms=25824 q_pkts=25 q_bytes=37600 qdelay_l_ms=1.05115 qdelay_c_ms=10.0314 ecn_mark=1407 drop=0
[QUEUE_STATS] t_ms=25840 q_pkts=24 q_bytes=36096 qdelay_l_ms=1.05346 qdelay_c_ms=9.01182 ecn_mark=1407 drop=0
[QUEUE_STATS] t_ms=25856 q_pkts=28 q_bytes=42112 qdelay_l_ms=1.07244 qdelay_c_ms=9.96007 ecn_mark=1407 drop=0
[QUEUE_STATS] t_ms=25872 q_pkts=26 q_bytes=39104 qdelay_l_ms=1.05975 qdelay_c_ms=9.48343 ecn_mark=1407 drop=0
[QUEUE_STATS] t_ms=25888 q_pkts=22 q_bytes=33088 qdelay_l_ms=0.015469 qdelay_c_ms=8.91587 ecn_mark=1408 drop=0
[QUEUE_STATS] t_ms=25905 q_pkts=25 q_bytes=37600 qdelay_l_ms=1.08621 qdelay_c_ms=10.1265 ecn_mark=1408 drop=0
[QUEUE_STATS] t_ms=25920 q_pkts=25 q_bytes=37600 qdelay_l_ms=1.06628 qdelay_c_ms=10.0492 ecn_mark=1408 drop=0
[QUEUE_STATS] t_ms=25936 q_pkts=22 q_bytes=33088 qdelay_l_ms=0 qdelay_c_ms=10.4979 ecn_mark=1409 drop=0
[QUEUE_STATS] t_ms=25952 q_pkts=26 q_bytes=39104 qdelay_l_ms=0.823656 qdelay_c_ms=11.4077 ecn_mark=1410 drop=0
[QUEUE_STATS] t_ms=25968 q_pkts=28 q_bytes=42112 qdelay_l_ms=1.07608 qdelay_c_ms=11.0238 ecn_mark=1410 drop=0
[QUEUE_STATS] t_ms=25985 q_pkts=25 q_bytes=37600 qdelay_l_ms=1.07202 qdelay_c_ms=10.1906 ecn_mark=1410 drop=0
[QUEUE_STATS] t_ms=26000 q_pkts=27 q_bytes=40608 qdelay_l_ms=1.11806 qdelay_c_ms=10.7931 ecn_mark=1413 drop=0
[QUEUE_STATS] t_ms=26016 q_pkts=27 q_bytes=40608 qdelay_l_ms=1.0693 qdelay_c_ms=9.8924 ecn_mark=1413 drop=0
[QUEUE_STATS] t_ms=26032 q_pkts=27 q_bytes=40608 qdelay_l_ms=0.032311 qdelay_c_ms=11.1229 ecn_mark=1414 drop=0
[QUEUE_STATS] t_ms=26048 q_pkts=28 q_bytes=42112 qdelay_l_ms=0.942679 qdelay_c_ms=12.0596 ecn_mark=1414 drop=0
[QUEUE_STATS] t_ms=26064 q_pkts=28 q_bytes=42112 qdelay_l_ms=1.05253 qdelay_c_ms=10.9554 ecn_mark=1414 drop=0
[QUEUE_STATS] t_ms=26081 q_pkts=28 q_bytes=42112 qdelay_l_ms=1.08341 qdelay_c_ms=12.0563 ecn_mark=1415 drop=0
[QUEUE_STATS] t_ms=26096 q_pkts=29 q_bytes=43616 qdelay_l_ms=0.945494 qdelay_c_ms=11.9589 ecn_mark=1417 drop=0
[QUEUE_STATS] t_ms=26112 q_pkts=28 q_bytes=42112 qdelay_l_ms=1.04191 qdelay_c_ms=11.9943 ecn_mark=1419 drop=0
[QUEUE_STATS] t_ms=26128 q_pkts=28 q_bytes=42112 qdelay_l_ms=1.08468 qdelay_c_ms=11.8237 ecn_mark=1421 drop=0
[QUEUE_STATS] t_ms=26144 q_pkts=31 q_bytes=46624 qdelay_l_ms=0 qdelay_c_ms=11.848 ecn_mark=1421 drop=0
[QUEUE_STATS] t_ms=26160 q_pkts=29 q_bytes=43616 qdelay_l_ms=1.03548 qdelay_c_ms=13.0515 ecn_mark=1421 drop=0
[QUEUE_STATS] t_ms=26176 q_pkts=29 q_bytes=43616 qdelay_l_ms=1.05227 qdelay_c_ms=12.0562 ecn_mark=1421 drop=0
[QUEUE_STATS] t_ms=26192 q_pkts=31 q_bytes=46624 qdelay_l_ms=0.94351 qdelay_c_ms=11.8856 ecn_mark=1423 drop=0
[QUEUE_STATS] t_ms=26208 q_pkts=29 q_bytes=43616 qdelay_l_ms=1.07143 qdelay_c_ms=12.0757 ecn_mark=1424 drop=0
[QUEUE_STATS] t_ms=26224 q_pkts=31 q_bytes=46624 qdelay_l_ms=1.09614 qdelay_c_ms=12.6913 ecn_mark=1426 drop=0
[QUEUE_STATS] t_ms=26240 q_pkts=33 q_bytes=49632 qdelay_l_ms=1.0648 qdelay_c_ms=12.9059 ecn_mark=1427 drop=0
[QUEUE_STATS] t_ms=26256 q_pkts=28 q_bytes=42112 qdelay_l_ms=0.017743 qdelay_c_ms=11.9842 ecn_mark=1427 drop=0
[QUEUE_STATS] t_ms=26272 q_pkts=33 q_bytes=49632 qdelay_l_ms=1.11451 qdelay_c_ms=12.8387 ecn_mark=1430 drop=0
[QUEUE_STATS] t_ms=26288 q_pkts=32 q_bytes=48128 qdelay_l_ms=1.04979 qdelay_c_ms=12.94 ecn_mark=1431 drop=0
[QUEUE_STATS] t_ms=26304 q_pkts=30 q_bytes=45120 qdelay_l_ms=1.09986 qdelay_c_ms=11.9528 ecn_mark=1433 drop=0
[QUEUE_STATS] t_ms=26320 q_pkts=32 q_bytes=48128 qdelay_l_ms=1.08205 qdelay_c_ms=13.6239 ecn_mark=1434 drop=0
[QUEUE_STATS] t_ms=26336 q_pkts=34 q_bytes=51136 qdelay_l_ms=1.06453 qdelay_c_ms=14.1168 ecn_mark=1435 drop=0
[QUEUE_STATS] t_ms=26352 q_pkts=31 q_bytes=46624 qdelay_l_ms=1.06747 qdelay_c_ms=13.003 ecn_mark=1435 drop=0
[QUEUE_STATS] t_ms=26368 q_pkts=33 q_bytes=49632 qdelay_l_ms=1.0463 qdelay_c_ms=13.7307 ecn_mark=1436 drop=0
[QUEUE_STATS] t_ms=26385 q_pkts=34 q_bytes=51136 qdelay_l_ms=1.07304 qdelay_c_ms=12.9943 ecn_mark=1436 drop=0
[QUEUE_STATS] t_ms=26400 q_pkts=31 q_bytes=46624 qdelay_l_ms=1.04149 qdelay_c_ms=12.9852 ecn_mark=1438 drop=0
[QUEUE_STATS] t_ms=26416 q_pkts=32 q_bytes=48128 qdelay_l_ms=1.06258 qdelay_c_ms=14.2105 ecn_mark=1438 drop=0
[QUEUE_STATS] t_ms=26432 q_pkts=28 q_bytes=42112 qdelay_l_ms=0 qdelay_c_ms=12.0187 ecn_mark=1440 drop=0
[QUEUE_STATS] t_ms=26448 q_pkts=31 q_bytes=46624 qdelay_l_ms=1.09164 qdelay_c_ms=13.0653 ecn_mark=1441 drop=0
[QUEUE_STATS] t_ms=26464 q_pkts=32 q_bytes=48128 qdelay_l_ms=1.0637 qdelay_c_ms=14.1809 ecn_mark=1441 drop=0
[QUEUE_STATS] t_ms=26480 q_pkts=35 q_bytes=52640 qdelay_l_ms=1.1079 qdelay_c_ms=13.0851 ecn_mark=1441 drop=0
[QUEUE_STATS] t_ms=26496 q_pkts=32 q_bytes=48128 qdelay_l_ms=1.07302 qdelay_c_ms=12.9591 ecn_mark=1442 drop=0
[QUEUE_STATS] t_ms=26512 q_pkts=33 q_bytes=49632 qdelay_l_ms=0 qdelay_c_ms=14.115 ecn_mark=1443 drop=0
[QUEUE_STATS] t_ms=26528 q_pkts=34 q_bytes=51136 qdelay_l_ms=1.07519 qdelay_c_ms=13.4796 ecn_mark=1444 drop=0
[QUEUE_STATS] t_ms=26544 q_pkts=33 q_bytes=49632 qdelay_l_ms=1.08292 qdelay_c_ms=13.482 ecn_mark=1444 drop=0
[QUEUE_STATS] t_ms=26560 q_pkts=34 q_bytes=51136 qdelay_l_ms=1.02089 qdelay_c_ms=13.1502 ecn_mark=1446 drop=0
[QUEUE_STATS] t_ms=26576 q_pkts=33 q_bytes=49632 qdelay_l_ms=1.07321 qdelay_c_ms=14.2375 ecn_mark=1447 drop=0
[QUEUE_STATS] t_ms=26592 q_pkts=33 q_bytes=49632 qdelay_l_ms=1.09604 qdelay_c_ms=14.2872 ecn_mark=1448 drop=0
[QUEUE_STATS] t_ms=26608 q_pkts=33 q_bytes=49632 qdelay_l_ms=1.06546 qdelay_c_ms=11.8902 ecn_mark=1449 drop=0
[QUEUE_STATS] t_ms=26624 q_pkts=33 q_bytes=49632 qdelay_l_ms=1.07766 qdelay_c_ms=13.9707 ecn_mark=1449 drop=0
[QUEUE_STATS] t_ms=26640 q_pkts=36 q_bytes=54144 qdelay_l_ms=1.04202 qdelay_c_ms=15.0907 ecn_mark=1450 drop=0
[QUEUE_STATS] t_ms=26656 q_pkts=34 q_bytes=51136 qdelay_l_ms=0.936197 qdelay_c_ms=12.9495 ecn_mark=1450 drop=0
[QUEUE_STATS] t_ms=26672 q_pkts=34 q_bytes=51136 qdelay_l_ms=1.08364 qdelay_c_ms=15.2262 ecn_mark=1453 drop=0
[QUEUE_STATS] t_ms=26688 q_pkts=36 q_bytes=54144 qdelay_l_ms=1.10321 qdelay_c_ms=14.9657 ecn_mark=1454 drop=0
[QUEUE_STATS] t_ms=26704 q_pkts=33 q_bytes=49632 qdelay_l_ms=0.030457 qdelay_c_ms=14.1034 ecn_mark=1455 drop=0
[QUEUE_STATS] t_ms=26720 q_pkts=37 q_bytes=55648 qdelay_l_ms=1.00202 qdelay_c_ms=14.5765 ecn_mark=1456 drop=0
[QUEUE_STATS] t_ms=26736 q_pkts=36 q_bytes=54144 qdelay_l_ms=1.01462 qdelay_c_ms=14.3464 ecn_mark=1456 drop=0
[QUEUE_STATS] t_ms=26752 q_pkts=34 q_bytes=51136 qdelay_l_ms=0.976232 qdelay_c_ms=15.037 ecn_mark=1457 drop=0
[QUEUE_STATS] t_ms=26768 q_pkts=35 q_bytes=52640 qdelay_l_ms=1.04966 qdelay_c_ms=15.2466 ecn_mark=1459 drop=0
[QUEUE_STATS] t_ms=26784 q_pkts=34 q_bytes=51136 qdelay_l_ms=1.04115 qdelay_c_ms=13.3468 ecn_mark=1460 drop=0
[QUEUE_STATS] t_ms=26800 q_pkts=34 q_bytes=51136 qdelay_l_ms=1.06176 qdelay_c_ms=15.2041 ecn_mark=1460 drop=0
[QUEUE_STATS] t_ms=26817 q_pkts=36 q_bytes=54144 qdelay_l_ms=1.10547 qdelay_c_ms=15.1013 ecn_mark=1460 drop=0
[QUEUE_STATS] t_ms=26832 q_pkts=35 q_bytes=52640 qdelay_l_ms=1.07189 qdelay_c_ms=14.0344 ecn_mark=1460 drop=0
[QUEUE_STATS] t_ms=26848 q_pkts=38 q_bytes=57152 qdelay_l_ms=1.04191 qdelay_c_ms=15.5167 ecn_mark=1461 drop=0
[QUEUE_STATS] t_ms=26864 q_pkts=39 q_bytes=58656 qdelay_l_ms=1.01893 qdelay_c_ms=16.002 ecn_mark=1461 drop=0
[QUEUE_STATS] t_ms=26880 q_pkts=36 q_bytes=54144 qdelay_l_ms=0 qdelay_c_ms=16.0959 ecn_mark=1463 drop=0
[QUEUE_STATS] t_ms=26896 q_pkts=35 q_bytes=52640 qdelay_l_ms=1.09359 qdelay_c_ms=14.965 ecn_mark=1463 drop=0
[QUEUE_STATS] t_ms=26912 q_pkts=39 q_bytes=58656 qdelay_l_ms=1.03766 qdelay_c_ms=15.009 ecn_mark=1463 drop=0
[QUEUE_STATS] t_ms=26928 q_pkts=37 q_bytes=55648 qdelay_l_ms=1.01562 qdelay_c_ms=14.8333 ecn_mark=1463 drop=0
[QUEUE_STATS] t_ms=26944 q_pkts=38 q_bytes=57152 qdelay_l_ms=1.07123 qdelay_c_ms=16.3313 ecn_mark=1463 drop=0
[QUEUE_STATS] t_ms=26960 q_pkts=39 q_bytes=58656 qdelay_l_ms=0.999005 qdelay_c_ms=15.6527 ecn_mark=1463 drop=0
[QUEUE_STATS] t_ms=26976 q_pkts=40 q_bytes=60160 qdelay_l_ms=1.01202 qdelay_c_ms=15.0352 ecn_mark=1463 drop=0
[QUEUE_STATS] t_ms=26993 q_pkts=38 q_bytes=57152 qdelay_l_ms=1.078 qdelay_c_ms=17.3407 ecn_mark=1464 drop=0
[QUEUE_STATS] t_ms=27008 q_pkts=41 q_bytes=61664 qdelay_l_ms=0.882065 qdelay_c_ms=17.673 ecn_mark=1466 drop=0
[QUEUE_STATS] t_ms=27024 q_pkts=41 q_bytes=61664 qdelay_l_ms=1.01276 qdelay_c_ms=16.1135 ecn_mark=1468 drop=0
[QUEUE_STATS] t_ms=27040 q_pkts=39 q_bytes=58656 qdelay_l_ms=1.0747 qdelay_c_ms=18.6804 ecn_mark=1468 drop=0
[QUEUE_STATS] t_ms=27056 q_pkts=44 q_bytes=66176 qdelay_l_ms=1.01125 qdelay_c_ms=16.3515 ecn_mark=1469 drop=0
[QUEUE_STATS] t_ms=27072 q_pkts=41 q_bytes=61664 qdelay_l_ms=1.00129 qdelay_c_ms=16.9238 ecn_mark=1470 drop=0
[QUEUE_STATS] t_ms=27088 q_pkts=41 q_bytes=61664 qdelay_l_ms=1.10485 qdelay_c_ms=18.2149 ecn_mark=1470 drop=0
[QUEUE_STATS] t_ms=27104 q_pkts=43 q_bytes=64672 qdelay_l_ms=1.01772 qdelay_c_ms=17.0514 ecn_mark=1470 drop=0
[QUEUE_STATS] t_ms=27120 q_pkts=41 q_bytes=61664 qdelay_l_ms=1.08173 qdelay_c_ms=18.0448 ecn_mark=1472 drop=0
[QUEUE_STATS] t_ms=27136 q_pkts=40 q_bytes=60160 qdelay_l_ms=0.03218 qdelay_c_ms=17.1896 ecn_mark=1475 drop=0
[QUEUE_STATS] t_ms=27152 q_pkts=44 q_bytes=66176 qdelay_l_ms=0.993995 qdelay_c_ms=17.3209 ecn_mark=1475 drop=0
[QUEUE_STATS] t_ms=27168 q_pkts=40 q_bytes=60160 qdelay_l_ms=1.02581 qdelay_c_ms=18.4289 ecn_mark=1477 drop=0
[QUEUE_STATS] t_ms=27184 q_pkts=42 q_bytes=63168 qdelay_l_ms=1.00785 qdelay_c_ms=18.6022 ecn_mark=1480 drop=0
[QUEUE_STATS] t_ms=27200 q_pkts=44 q_bytes=66176 qdelay_l_ms=0 qdelay_c_ms=18.9988 ecn_mark=1481 drop=0
[QUEUE_STATS] t_ms=27216 q_pkts=42 q_bytes=63168 qdelay_l_ms=1.08814 qdelay_c_ms=18.569 ecn_mark=1483 drop=0
[QUEUE_STATS] t_ms=27232 q_pkts=36 q_bytes=54144 qdelay_l_ms=0.753173 qdelay_c_ms=18.6623 ecn_mark=1483 drop=0
[QUEUE_STATS] t_ms=27248 q_pkts=24 q_bytes=36096 qdelay_l_ms=0.869992 qdelay_c_ms=12.9769 ecn_mark=1483 drop=0
[QUEUE_STATS] t_ms=27264 q_pkts=12 q_bytes=18048 qdelay_l_ms=0.99158 qdelay_c_ms=6.92001 ecn_mark=1484 drop=0
[QUEUE_STATS] t_ms=27280 q_pkts=6 q_bytes=9024 qdelay_l_ms=1.10321 qdelay_c_ms=1.94129 ecn_mark=1484 drop=0
[QUEUE_STATS] t_ms=27296 q_pkts=7 q_bytes=10528 qdelay_l_ms=1.07116 qdelay_c_ms=1.96334 ecn_mark=1486 drop=0
[QUEUE_STATS] t_ms=27312 q_pkts=7 q_bytes=10528 qdelay_l_ms=1.09251 qdelay_c_ms=2.92456 ecn_mark=1488 drop=0
[QUEUE_STATS] t_ms=27328 q_pkts=5 q_bytes=7520 qdelay_l_ms=1.0916 qdelay_c_ms=1.08472 ecn_mark=1490 drop=0
[QUEUE_STATS] t_ms=27344 q_pkts=2 q_bytes=3008 qdelay_l_ms=0 qdelay_c_ms=1.12643 ecn_mark=1492 drop=0
[QUEUE_STATS] t_ms=27361 q_pkts=6 q_bytes=9024 qdelay_l_ms=1.05763 qdelay_c_ms=2.19423 ecn_mark=1493 drop=0
[QUEUE_STATS] t_ms=27376 q_pkts=8 q_bytes=12032 qdelay_l_ms=0.992062 qdelay_c_ms=2.91495 ecn_mark=1495 drop=0
[QUEUE_STATS] t_ms=27392 q_pkts=3 q_bytes=4512 qdelay_l_ms=0.033242 qdelay_c_ms=0.860014 ecn_mark=1497 drop=0
[QUEUE_STATS] t_ms=27408 q_pkts=7 q_bytes=10528 qdelay_l_ms=1.06365 qdelay_c_ms=3.16431 ecn_mark=1497 drop=0
[QUEUE_STATS] t_ms=27424 q_pkts=7 q_bytes=10528 qdelay_l_ms=1.09229 qdelay_c_ms=3.07241 ecn_mark=1501 drop=0
[QUEUE_STATS] t_ms=27440 q_pkts=7 q_bytes=10528 qdelay_l_ms=1.02174 qdelay_c_ms=3.19192 ecn_mark=1502 drop=0
[QUEUE_STATS] t_ms=27456 q_pkts=6 q_bytes=9024 qdelay_l_ms=1.08543 qdelay_c_ms=2.89194 ecn_mark=1502 drop=0
[QUEUE_STATS] t_ms=27472 q_pkts=9 q_bytes=13536 qdelay_l_ms=1.09272 qdelay_c_ms=3.07744 ecn_mark=1503 drop=0
[QUEUE_STATS] t_ms=27488 q_pkts=9 q_bytes=13536 qdelay_l_ms=0.992602 qdelay_c_ms=2.96166 ecn_mark=1503 drop=0
[QUEUE_STATS] t_ms=27504 q_pkts=3 q_bytes=4512 qdelay_l_ms=0 qdelay_c_ms=1.99308 ecn_mark=1503 drop=0
[QUEUE_STATS] t_ms=27520 q_pkts=11 q_bytes=16544 qdelay_l_ms=1.06783 qdelay_c_ms=3.95482 ecn_mark=1504 drop=0
[QUEUE_STATS] t_ms=27536 q_pkts=9 q_bytes=13536 qdelay_l_ms=1.06673 qdelay_c_ms=4.19968 ecn_mark=1505 drop=0
[QUEUE_STATS] t_ms=27552 q_pkts=8 q_bytes=12032 qdelay_l_ms=0.990348 qdelay_c_ms=2.95993 ecn_mark=1508 drop=0
[QUEUE_STATS] t_ms=27568 q_pkts=11 q_bytes=16544 qdelay_l_ms=0.99113 qdelay_c_ms=3.93031 ecn_mark=1508 drop=0
[QUEUE_STATS] t_ms=27584 q_pkts=12 q_bytes=18048 qdelay_l_ms=1.12162 qdelay_c_ms=5.09991 ecn_mark=1508 drop=0
[QUEUE_STATS] t_ms=27600 q_pkts=12 q_bytes=18048 qdelay_l_ms=0 qdelay_c_ms=4.88332 ecn_mark=1510 drop=0
[QUEUE_STATS] t_ms=27616 q_pkts=9 q_bytes=13536 qdelay_l_ms=0.015329 qdelay_c_ms=4.1757 ecn_mark=1512 drop=0
[QUEUE_STATS] t_ms=27632 q_pkts=9 q_bytes=13536 qdelay_l_ms=0 qdelay_c_ms=5.08239 ecn_mark=1513 drop=0
[QUEUE_STATS] t_ms=27648 q_pkts=12 q_bytes=18048 qdelay_l_ms=1.0114 qdelay_c_ms=4.96277 ecn_mark=1516 drop=0
[QUEUE_STATS] t_ms=27664 q_pkts=10 q_bytes=15040 qdelay_l_ms=0.012924 qdelay_c_ms=4.99431 ecn_mark=1516 drop=0
[QUEUE_STATS] t_ms=27680 q_pkts=13 q_bytes=19552 qdelay_l_ms=0.034435 qdelay_c_ms=3.3071 ecn_mark=1516 drop=0
[QUEUE_STATS] t_ms=27697 q_pkts=13 q_bytes=19552 qdelay_l_ms=1.09948 qdelay_c_ms=5.06322 ecn_mark=1517 drop=0
[QUEUE_STATS] t_ms=27712 q_pkts=13 q_bytes=19552 qdelay_l_ms=1.05704 qdelay_c_ms=6.5015 ecn_mark=1519 drop=0
[QUEUE_STATS] t_ms=27728 q_pkts=15 q_bytes=22560 qdelay_l_ms=1.00274 qdelay_c_ms=5.97133 ecn_mark=1520 drop=0
[QUEUE_STATS] t_ms=27744 q_pkts=11 q_bytes=16544 qdelay_l_ms=0.992842 qdelay_c_ms=5.22179 ecn_mark=1521 drop=0
[QUEUE_STATS] t_ms=27760 q_pkts=13 q_bytes=19552 qdelay_l_ms=0.988805 qdelay_c_ms=5.33736 ecn_mark=1523 drop=0
[QUEUE_STATS] t_ms=27776 q_pkts=14 q_bytes=21056 qdelay_l_ms=0.920507 qdelay_c_ms=6.03963 ecn_mark=1526 drop=0
[QUEUE_STATS] t_ms=27792 q_pkts=16 q_bytes=24064 qdelay_l_ms=1.02159 qdelay_c_ms=6.00721 ecn_mark=1527 drop=0
[QUEUE_STATS] t_ms=27808 q_pkts=14 q_bytes=21056 qdelay_l_ms=0.99654 qdelay_c_ms=5.93464 ecn_mark=1530 drop=0
[QUEUE_STATS] t_ms=27824 q_pkts=15 q_bytes=22560 qdelay_l_ms=1.09577 qdelay_c_ms=7.06811 ecn_mark=1530 drop=0
[QUEUE_STATS] t_ms=27840 q_pkts=16 q_bytes=24064 qdelay_l_ms=1.07162 qdelay_c_ms=6.21066 ecn_mark=1531 drop=0
[QUEUE_STATS] t_ms=27856 q_pkts=17 q_bytes=25568 qdelay_l_ms=1.09222 qdelay_c_ms=7.11715 ecn_mark=1532 drop=0
[QUEUE_STATS] t_ms=27872 q_pkts=17 q_bytes=25568 qdelay_l_ms=0.925466 qdelay_c_ms=7.01979 ecn_mark=1532 drop=0
[QUEUE_STATS] t_ms=27888 q_pkts=17 q_bytes=25568 qdelay_l_ms=1.01562 qdelay_c_ms=6.86042 ecn_mark=1532 drop=0
[QUEUE_STATS] t_ms=27904 q_pkts=16 q_bytes=24064 qdelay_l_ms=1.01451 qdelay_c_ms=6.05795 ecn_mark=1533 drop=0
[QUEUE_STATS] t_ms=27920 q_pkts=18 q_bytes=27072 qdelay_l_ms=1.02046 qdelay_c_ms=6.97574 ecn_mark=1534 drop=0
[QUEUE_STATS] t_ms=27936 q_pkts=18 q_bytes=27072 qdelay_l_ms=1.01802 qdelay_c_ms=6.39295 ecn_mark=1534 drop=0
[QUEUE_STATS] t_ms=27952 q_pkts=16 q_bytes=24064 qdelay_l_ms=1.0143 qdelay_c_ms=7.0803 ecn_mark=1535 drop=0
[QUEUE_STATS] t_ms=27969 q_pkts=17 q_bytes=25568 qdelay_l_ms=1.10482 qdelay_c_ms=7.15514 ecn_mark=1535 drop=0
[QUEUE_STATS] t_ms=27984 q_pkts=18 q_bytes=27072 qdelay_l_ms=1.10684 qdelay_c_ms=7.43505 ecn_mark=1536 drop=0
[QUEUE_STATS] t_ms=28000 q_pkts=17 q_bytes=25568 qdelay_l_ms=1.04077 qdelay_c_ms=7.14416 ecn_mark=1537 drop=0
[QUEUE_STATS] t_ms=28016 q_pkts=15 q_bytes=22560 qdelay_l_ms=1.07221 qdelay_c_ms=6.74248 ecn_mark=1538 drop=0
[QUEUE_STATS] t_ms=28032 q_pkts=21 q_bytes=31584 qdelay_l_ms=1.02717 qdelay_c_ms=6.66409 ecn_mark=1540 drop=0
[QUEUE_STATS] t_ms=28048 q_pkts=18 q_bytes=27072 qdelay_l_ms=0 qdelay_c_ms=8.14269 ecn_mark=1542 drop=0
[QUEUE_STATS] t_ms=28064 q_pkts=17 q_bytes=25568 qdelay_l_ms=1.0967 qdelay_c_ms=7.15988 ecn_mark=1542 drop=0
[QUEUE_STATS] t_ms=28080 q_pkts=20 q_bytes=30080 qdelay_l_ms=1.00576 qdelay_c_ms=8.03025 ecn_mark=1543 drop=0
[QUEUE_STATS] t_ms=28096 q_pkts=19 q_bytes=28576 qdelay_l_ms=1.00406 qdelay_c_ms=7.96198 ecn_mark=1544 drop=0
[QUEUE_STATS] t_ms=28112 q_pkts=21 q_bytes=31584 qdelay_l_ms=1.02367 qdelay_c_ms=7.84368 ecn_mark=1544 drop=0
[QUEUE_STATS] t_ms=28128 q_pkts=20 q_bytes=30080 qdelay_l_ms=1.09564 qdelay_c_ms=8.3584 ecn_mark=1545 drop=0
[QUEUE_STATS] t_ms=28144 q_pkts=20 q_bytes=30080 qdelay_l_ms=1.02742 qdelay_c_ms=8.98119 ecn_mark=1546 drop=0
[QUEUE_STATS] t_ms=28161 q_pkts=23 q_bytes=34592 qdelay_l_ms=1.10274 qdelay_c_ms=9.16221 ecn_mark=1547 drop=0
[QUEUE_STATS] t_ms=28177 q_pkts=24 q_bytes=36096 qdelay_l_ms=1.11594 qdelay_c_ms=10.2822 ecn_mark=1548 drop=0
[QUEUE_STATS] t_ms=28192 q_pkts=22 q_bytes=33088 qdelay_l_ms=1.0246 qdelay_c_ms=9.15359 ecn_mark=1550 drop=0
[QUEUE_STATS] t_ms=28208 q_pkts=22 q_bytes=33088 qdelay_l_ms=1.07613 qdelay_c_ms=9.66803 ecn_mark=1550 drop=0
[QUEUE_STATS] t_ms=28224 q_pkts=24 q_bytes=36096 qdelay_l_ms=1.01871 qdelay_c_ms=10.0984 ecn_mark=1554 drop=0
[QUEUE_STATS] t_ms=28240 q_pkts=21 q_bytes=31584 qdelay_l_ms=0.03738 qdelay_c_ms=8.20145 ecn_mark=1557 drop=0
[QUEUE_STATS] t_ms=28256 q_pkts=21 q_bytes=31584 qdelay_l_ms=1.07149 qdelay_c_ms=9.61084 ecn_mark=1557 drop=0
[QUEUE_STATS] t_ms=28272 q_pkts=24 q_bytes=36096 qdelay_l_ms=0 qdelay_c_ms=9.28679 ecn_mark=1558 drop=0
[QUEUE_STATS] t_ms=28288 q_pkts=22 q_bytes=33088 qdelay_l_ms=1.09441 qdelay_c_ms=9.17179 ecn_mark=1558 drop=0
[QUEUE_STATS] t_ms=28304 q_pkts=24 q_bytes=36096 qdelay_l_ms=1.03019 qdelay_c_ms=9.59596 ecn_mark=1560 drop=0
[QUEUE_STATS] t_ms=28320 q_pkts=26 q_bytes=39104 qdelay_l_ms=1.10196 qdelay_c_ms=10.1686 ecn_mark=1561 drop=0
[QUEUE_STATS] t_ms=28336 q_pkts=24 q_bytes=36096 qdelay_l_ms=1.00034 qdelay_c_ms=9.76495 ecn_mark=1563 drop=0
[QUEUE_STATS] t_ms=28352 q_pkts=24 q_bytes=36096 qdelay_l_ms=1.02715 qdelay_c_ms=9.60715 ecn_mark=1568 drop=0
[QUEUE_STATS] t_ms=28368 q_pkts=23 q_bytes=34592 qdelay_l_ms=1.01686 qdelay_c_ms=9.08972 ecn_mark=1568 drop=0
[QUEUE_STATS] t_ms=28384 q_pkts=24 q_bytes=36096 qdelay_l_ms=1.03703 qdelay_c_ms=9.80778 ecn_mark=1569 drop=0
[QUEUE_STATS] t_ms=28400 q_pkts=22 q_bytes=33088 qdelay_l_ms=1.10356 qdelay_c_ms=8.80667 ecn_mark=1570 drop=0
[QUEUE_STATS] t_ms=28416 q_pkts=23 q_bytes=34592 qdelay_l_ms=0.990128 qdelay_c_ms=10.1092 ecn_mark=1571 drop=0
[QUEUE_STATS] t_ms=28432 q_pkts=26 q_bytes=39104 qdelay_l_ms=1.07357 qdelay_c_ms=10.3999 ecn_mark=1571 drop=0
[QUEUE_STATS] t_ms=28449 q_pkts=24 q_bytes=36096 qdelay_l_ms=1.10474 qdelay_c_ms=10.3041 ecn_mark=1573 drop=0
[QUEUE_STATS] t_ms=28464 q_pkts=25 q_bytes=37600 qdelay_l_ms=1.09358 qdelay_c_ms=10.7059 ecn_mark=1573 drop=0
[QUEUE_STATS] t_ms=28480 q_pkts=24 q_bytes=36096 qdelay_l_ms=0.822994 qdelay_c_ms=9.62699 ecn_mark=1573 drop=0
[QUEUE_STATS] t_ms=28496 q_pkts=25 q_bytes=37600 qdelay_l_ms=1.0322 qdelay_c_ms=9.82928 ecn_mark=1573 drop=0
[QUEUE_STATS] t_ms=28512 q_pkts=24 q_bytes=36096 qdelay_l_ms=1.03628 qdelay_c_ms=10.9646 ecn_mark=1573 drop=0
[QUEUE_STATS] t_ms=28528 q_pkts=27 q_bytes=40608 qdelay_l_ms=1.102 qdelay_c_ms=10.0362 ecn_mark=1574 drop=0
[QUEUE_STATS] t_ms=28544 q_pkts=28 q_bytes=42112 qdelay_l_ms=1.07211 qdelay_c_ms=9.605 ecn_mark=1575 drop=0
[QUEUE_STATS] t_ms=28560 q_pkts=26 q_bytes=39104 qdelay_l_ms=1.07854 qdelay_c_ms=11.1778 ecn_mark=1576 drop=0
[QUEUE_STATS] t_ms=28576 q_pkts=27 q_bytes=40608 qdelay_l_ms=1.11249 qdelay_c_ms=9.89879 ecn_mark=1578 drop=0
[QUEUE_STATS] t_ms=28592 q_pkts=26 q_bytes=39104 qdelay_l_ms=1.09503 qdelay_c_ms=11.2148 ecn_mark=1578 drop=0
[QUEUE_STATS] t_ms=28609 q_pkts=27 q_bytes=40608 qdelay_l_ms=1.0763 qdelay_c_ms=11.393 ecn_mark=1579 drop=0
[QUEUE_STATS] t_ms=28624 q_pkts=27 q_bytes=40608 qdelay_l_ms=1.04043 qdelay_c_ms=9.85479 ecn_mark=1581 drop=0
[QUEUE_STATS] t_ms=28640 q_pkts=27 q_bytes=40608 qdelay_l_ms=1.03631 qdelay_c_ms=10.8457 ecn_mark=1584 drop=0
[QUEUE_STATS] t_ms=28656 q_pkts=30 q_bytes=45120 qdelay_l_ms=1.06512 qdelay_c_ms=11.3873 ecn_mark=1585 drop=0
[QUEUE_STATS] t_ms=28672 q_pkts=27 q_bytes=40608 qdelay_l_ms=1.05195 qdelay_c_ms=10.9606 ecn_mark=1587 drop=0
[QUEUE_STATS] t_ms=28688 q_pkts=29 q_bytes=43616 qdelay_l_ms=1.10158 qdelay_c_ms=11.937 ecn_mark=1587 drop=0
[QUEUE_STATS] t_ms=28705 q_pkts=29 q_bytes=43616 qdelay_l_ms=1.09319 qdelay_c_ms=11.0631 ecn_mark=1588 drop=0
[QUEUE_STATS] t_ms=28720 q_pkts=28 q_bytes=42112 qdelay_l_ms=1.05099 qdelay_c_ms=10.9667 ecn_mark=1588 drop=0
[QUEUE_STATS] t_ms=28737 q_pkts=29 q_bytes=43616 qdelay_l_ms=1.07404 qdelay_c_ms=12.1531 ecn_mark=1590 drop=0
[QUEUE_STATS] t_ms=28752 q_pkts=29 q_bytes=43616 qdelay_l_ms=1.09448 qdelay_c_ms=10.8329 ecn_mark=1591 drop=0
[QUEUE_STATS] t_ms=28768 q_pkts=28 q_bytes=42112 qdelay_l_ms=1.06467 qdelay_c_ms=10.8968 ecn_mark=1592 drop=0
[QUEUE_STATS] t_ms=28784 q_pkts=26 q_bytes=39104 qdelay_l_ms=1.07084 qdelay_c_ms=11.574 ecn_mark=1592 drop=0
[QUEUE_STATS] t_ms=28800 q_pkts=28 q_bytes=42112 qdelay_l_ms=1.08148 qdelay_c_ms=11.199 ecn_mark=1595 drop=0
[QUEUE_STATS] t_ms=28816 q_pkts=29 q_bytes=43616 qdelay_l_ms=0.988635 qdelay_c_ms=10.6733 ecn_mark=1595 drop=0
[QUEUE_STATS] t_ms=28832 q_pkts=28 q_bytes=42112 qdelay_l_ms=1.05076 qdelay_c_ms=12.047 ecn_mark=1596 drop=0
[QUEUE_STATS] t_ms=28848 q_pkts=30 q_bytes=45120 qdelay_l_ms=1.0949 qdelay_c_ms=11.8901 ecn_mark=1597 drop=0
[QUEUE_STATS] t_ms=28864 q_pkts=29 q_bytes=43616 qdelay_l_ms=1.09542 qdelay_c_ms=12.2414 ecn_mark=1597 drop=0
[QUEUE_STATS] t_ms=28881 q_pkts=31 q_bytes=46624 qdelay_l_ms=1.06457 qdelay_c_ms=13.1817 ecn_mark=1599 drop=0
[QUEUE_STATS] t_ms=28896 q_pkts=27 q_bytes=40608 qdelay_l_ms=1.05596 qdelay_c_ms=10.9214 ecn_mark=1602 drop=0
[QUEUE_STATS] t_ms=28912 q_pkts=30 q_bytes=45120 qdelay_l_ms=1.10193 qdelay_c_ms=9.86681 ecn_mark=1605 drop=0
[QUEUE_STATS] t_ms=28928 q_pkts=30 q_bytes=45120 qdelay_l_ms=1.06631 qdelay_c_ms=12.1547 ecn_mark=1606 drop=0
[QUEUE_STATS] t_ms=28945 q_pkts=27 q_bytes=40608 qdelay_l_ms=1.06614 qdelay_c_ms=11.9595 ecn_mark=1608 drop=0
[QUEUE_STATS] t_ms=28960 q_pkts=29 q_bytes=43616 qdelay_l_ms=1.09601 qdelay_c_ms=10.7585 ecn_mark=1610 drop=0
[QUEUE_STATS] t_ms=28977 q_pkts=29 q_bytes=43616 qdelay_l_ms=1.05232 qdelay_c_ms=12.2913 ecn_mark=1616 drop=0
[QUEUE_STATS] t_ms=28992 q_pkts=27 q_bytes=40608 qdelay_l_ms=1.0982 qdelay_c_ms=11.1273 ecn_mark=1616 drop=0
[QUEUE_STATS] t_ms=29008 q_pkts=28 q_bytes=42112 qdelay_l_ms=1.08364 qdelay_c_ms=10.6084 ecn_mark=1616 drop=0
[QUEUE_STATS] t_ms=29024 q_pkts=29 q_bytes=43616 qdelay_l_ms=1.0752 qdelay_c_ms=10.711 ecn_mark=1616 drop=0
[QUEUE_STATS] t_ms=29040 q_pkts=27 q_bytes=40608 qdelay_l_ms=1.08291 qdelay_c_ms=10.7133 ecn_mark=1616 drop=0
[QUEUE_STATS] t_ms=29056 q_pkts=30 q_bytes=45120 qdelay_l_ms=1.06334 qdelay_c_ms=10.3608 ecn_mark=1617 drop=0
[QUEUE_STATS] t_ms=29072 q_pkts=29 q_bytes=43616 qdelay_l_ms=1.08778 qdelay_c_ms=10.9931 ecn_mark=1618 drop=0
[QUEUE_STATS] t_ms=29088 q_pkts=28 q_bytes=42112 qdelay_l_ms=1.07605 qdelay_c_ms=12.1378 ecn_mark=1619 drop=0
[QUEUE_STATS] t_ms=29104 q_pkts=29 q_bytes=43616 qdelay_l_ms=0 qdelay_c_ms=11.7285 ecn_mark=1620 drop=0
[QUEUE_STATS] t_ms=29120 q_pkts=32 q_bytes=48128 qdelay_l_ms=1.08349 qdelay_c_ms=11.7594 ecn_mark=1623 drop=0
[QUEUE_STATS] t_ms=29136 q_pkts=30 q_bytes=45120 qdelay_l_ms=1.10469 qdelay_c_ms=12.0092 ecn_mark=1623 drop=0
[QUEUE_STATS] t_ms=29152 q_pkts=30 q_bytes=45120 qdelay_l_ms=1.08057 qdelay_c_ms=9.63496 ecn_mark=1624 drop=0
[QUEUE_STATS] t_ms=29168 q_pkts=31 q_bytes=46624 qdelay_l_ms=1.10405 qdelay_c_ms=11.6403 ecn_mark=1624 drop=0
[QUEUE_STATS] t_ms=29185 q_pkts=29 q_bytes=43616 qdelay_l_ms=0 qdelay_c_ms=12.0043 ecn_mark=1626 drop=0
[QUEUE_STATS] t_ms=29200 q_pkts=27 q_bytes=40608 qdelay_l_ms=1.07933 qdelay_c_ms=10.8122 ecn_mark=1629 drop=0
[QUEUE_STATS] t_ms=29216 q_pkts=30 q_bytes=45120 qdelay_l_ms=1.07316 qdelay_c_ms=12.7752 ecn_mark=1630 drop=0
[QUEUE_STATS] t_ms=29233 q_pkts=30 q_bytes=45120 qdelay_l_ms=0 qdelay_c_ms=12.2644 ecn_mark=1632 drop=0
[QUEUE_STATS] t_ms=29248 q_pkts=28 q_bytes=42112 qdelay_l_ms=1.09332 qdelay_c_ms=10.851 ecn_mark=1632 drop=0
[QUEUE_STATS] t_ms=29264 q_pkts=29 q_bytes=43616 qdelay_l_ms=1.09717 qdelay_c_ms=12.8113 ecn_mark=1635 drop=0
[QUEUE_STATS] t_ms=29281 q_pkts=32 q_bytes=48128 qdelay_l_ms=1.08673 qdelay_c_ms=10.9247 ecn_mark=1635 drop=0
[QUEUE_STATS] t_ms=29296 q_pkts=31 q_bytes=46624 qdelay_l_ms=1.09615 qdelay_c_ms=12.0697 ecn_mark=1638 drop=0
[QUEUE_STATS] t_ms=29312 q_pkts=28 q_bytes=42112 qdelay_l_ms=1.06448 qdelay_c_ms=11.6978 ecn_mark=1638 drop=0
[QUEUE_STATS] t_ms=29328 q_pkts=31 q_bytes=46624 qdelay_l_ms=1.09165 qdelay_c_ms=10.8729 ecn_mark=1639 drop=0
[QUEUE_STATS] t_ms=29344 q_pkts=30 q_bytes=45120 qdelay_l_ms=1.09117 qdelay_c_ms=13.3179 ecn_mark=1641 drop=0
[QUEUE_STATS] t_ms=29361 q_pkts=32 q_bytes=48128 qdelay_l_ms=1.07025 qdelay_c_ms=13.1799 ecn_mark=1641 drop=0
[QUEUE_STATS] t_ms=29376 q_pkts=31 q_bytes=46624 qdelay_l_ms=1.10404 qdelay_c_ms=12.2797 ecn_mark=1642 drop=0
[QUEUE_STATS] t_ms=29392 q_pkts=30 q_bytes=45120 qdelay_l_ms=1.10112 qdelay_c_ms=12.2419 ecn_mark=1642 drop=0
[QUEUE_STATS] t_ms=29408 q_pkts=32 q_bytes=48128 qdelay_l_ms=1.10194 qdelay_c_ms=11.8512 ecn_mark=1643 drop=0
[QUEUE_STATS] t_ms=29424 q_pkts=29 q_bytes=43616 qdelay_l_ms=1.06626 qdelay_c_ms=12.0389 ecn_mark=1643 drop=0
[QUEUE_STATS] t_ms=29440 q_pkts=29 q_bytes=43616 qdelay_l_ms=0.840817 qdelay_c_ms=11.9819 ecn_mark=1644 drop=0
[QUEUE_STATS] t_ms=29456 q_pkts=32 q_bytes=48128 qdelay_l_ms=1.10632 qdelay_c_ms=10.6796 ecn_mark=1645 drop=0
[QUEUE_STATS] t_ms=29472 q_pkts=30 q_bytes=45120 qdelay_l_ms=1.06583 qdelay_c_ms=12.7888 ecn_mark=1648 drop=0
[QUEUE_STATS] t_ms=29488 q_pkts=29 q_bytes=43616 qdelay_l_ms=1.07909 qdelay_c_ms=12.0197 ecn_mark=1648 drop=0
[QUEUE_STATS] t_ms=29504 q_pkts=32 q_bytes=48128 qdelay_l_ms=1.05891 qdelay_c_ms=12.2813 ecn_mark=1648 drop=0
[QUEUE_STATS] t_ms=29520 q_pkts=31 q_bytes=46624 qdelay_l_ms=1.09538 qdelay_c_ms=11.9085 ecn_mark=1653 drop=0
[QUEUE_STATS] t_ms=29537 q_pkts=31 q_bytes=46624 qdelay_l_ms=1.09008 qdelay_c_ms=13.0878 ecn_mark=1654 drop=0
[QUEUE_STATS] t_ms=29552 q_pkts=33 q_bytes=49632 qdelay_l_ms=1.04842 qdelay_c_ms=12.0373 ecn_mark=1654 drop=0
[QUEUE_STATS] t_ms=29568 q_pkts=31 q_bytes=46624 qdelay_l_ms=1.09511 qdelay_c_ms=12.0847 ecn_mark=1655 drop=0
[QUEUE_STATS] t_ms=29585 q_pkts=31 q_bytes=46624 qdelay_l_ms=1.08381 qdelay_c_ms=12.8405 ecn_mark=1655 drop=0
[QUEUE_STATS] t_ms=29600 q_pkts=32 q_bytes=48128 qdelay_l_ms=1.06639 qdelay_c_ms=12.9208 ecn_mark=1655 drop=0
[QUEUE_STATS] t_ms=29616 q_pkts=30 q_bytes=45120 qdelay_l_ms=1.06178 qdelay_c_ms=11.8321 ecn_mark=1655 drop=0
[QUEUE_STATS] t_ms=29633 q_pkts=32 q_bytes=48128 qdelay_l_ms=1.09656 qdelay_c_ms=12.0656 ecn_mark=1655 drop=0
[QUEUE_STATS] t_ms=29648 q_pkts=33 q_bytes=49632 qdelay_l_ms=1.09035 qdelay_c_ms=12.3626 ecn_mark=1655 drop=0
[QUEUE_STATS] t_ms=29664 q_pkts=30 q_bytes=45120 qdelay_l_ms=1.07384 qdelay_c_ms=12.2325 ecn_mark=1656 drop=0
[QUEUE_STATS] t_ms=29680 q_pkts=34 q_bytes=51136 qdelay_l_ms=1.07932 qdelay_c_ms=13.5396 ecn_mark=1656 drop=0
[QUEUE_STATS] t_ms=29696 q_pkts=35 q_bytes=52640 qdelay_l_ms=1.11681 qdelay_c_ms=14.243 ecn_mark=1656 drop=0
[QUEUE_STATS] t_ms=29712 q_pkts=32 q_bytes=48128 qdelay_l_ms=1.06609 qdelay_c_ms=14.1492 ecn_mark=1656 drop=0
[QUEUE_STATS] t_ms=29728 q_pkts=32 q_bytes=48128 qdelay_l_ms=1.10907 qdelay_c_ms=13.3553 ecn_mark=1656 drop=0
[QUEUE_STATS] t_ms=29744 q_pkts=34 q_bytes=51136 qdelay_l_ms=1.08241 qdelay_c_ms=13.014 ecn_mark=1657 drop=0
[QUEUE_STATS] t_ms=29760 q_pkts=31 q_bytes=46624 qdelay_l_ms=0.023835 qdelay_c_ms=12.0309 ecn_mark=1658 drop=0
[QUEUE_STATS] t_ms=29776 q_pkts=34 q_bytes=51136 qdelay_l_ms=1.09078 qdelay_c_ms=13.3557 ecn_mark=1659 drop=0
[QUEUE_STATS] t_ms=29792 q_pkts=35 q_bytes=52640 qdelay_l_ms=1.10635 qdelay_c_ms=11.9756 ecn_mark=1661 drop=0
[QUEUE_STATS] t_ms=29808 q_pkts=34 q_bytes=51136 qdelay_l_ms=1.0458 qdelay_c_ms=13.9792 ecn_mark=1661 drop=0
[QUEUE_STATS] t_ms=29824 q_pkts=34 q_bytes=51136 qdelay_l_ms=1.05086 qdelay_c_ms=13.3877 ecn_mark=1662 drop=0
[QUEUE_STATS] t_ms=29841 q_pkts=32 q_bytes=48128 qdelay_l_ms=1.09073 qdelay_c_ms=12.9993 ecn_mark=1662 drop=0
[QUEUE_STATS] t_ms=29856 q_pkts=31 q_bytes=46624 qdelay_l_ms=1.06568 qdelay_c_ms=14.3887 ecn_mark=1665 drop=0
[QUEUE_STATS] t_ms=29872 q_pkts=34 q_bytes=51136 qdelay_l_ms=1.08492 qdelay_c_ms=12.3677 ecn_mark=1666 drop=0
[QUEUE_STATS] t_ms=29888 q_pkts=32 q_bytes=48128 qdelay_l_ms=1.09445 qdelay_c_ms=13.0393 ecn_mark=1666 drop=0
[QUEUE_STATS] t_ms=29904 q_pkts=33 q_bytes=49632 qdelay_l_ms=1.09447 qdelay_c_ms=13.3735 ecn_mark=1668 drop=0
[QUEUE_STATS] t_ms=29920 q_pkts=35 q_bytes=52640 qdelay_l_ms=1.03201 qdelay_c_ms=11.9846 ecn_mark=1668 drop=0
[QUEUE_STATS] t_ms=29936 q_pkts=35 q_bytes=52640 qdelay_l_ms=1.08928 qdelay_c_ms=13.9551 ecn_mark=1668 drop=0
[QUEUE_STATS] t_ms=29952 q_pkts=33 q_bytes=49632 qdelay_l_ms=0.829537 qdelay_c_ms=13.7088 ecn_mark=1669 drop=0
[QUEUE_STATS] t_ms=29968 q_pkts=35 q_bytes=52640 qdelay_l_ms=1.08489 qdelay_c_ms=12.9162 ecn_mark=1671 drop=0
[QUEUE_STATS] t_ms=29984 q_pkts=35 q_bytes=52640 qdelay_l_ms=1.085 qdelay_c_ms=14.8361 ecn_mark=1671 drop=0
[QUEUE_STATS] t_ms=30000 q_pkts=34 q_bytes=51136 qdelay_l_ms=1.0899 qdelay_c_ms=13.8659 ecn_mark=1672 drop=0
[QUEUE_STATS] t_ms=30016 q_pkts=36 q_bytes=54144 qdelay_l_ms=1.08227 qdelay_c_ms=13.8968 ecn_mark=1673 drop=0
[QUEUE_STATS] t_ms=30032 q_pkts=36 q_bytes=54144 qdelay_l_ms=1.09518 qdelay_c_ms=14.2224 ecn_mark=1673 drop=0
[QUEUE_STATS] t_ms=30048 q_pkts=34 q_bytes=51136 qdelay_l_ms=1.10508 qdelay_c_ms=15.0345 ecn_mark=1675 drop=0
[QUEUE_STATS] t_ms=30065 q_pkts=34 q_bytes=51136 qdelay_l_ms=1.06062 qdelay_c_ms=13.8482 ecn_mark=1675 drop=0
[QUEUE_STATS] t_ms=30080 q_pkts=34 q_bytes=51136 qdelay_l_ms=0.798618 qdelay_c_ms=13.8736 ecn_mark=1676 drop=0
[QUEUE_STATS] t_ms=30096 q_pkts=35 q_bytes=52640 qdelay_l_ms=1.10701 qdelay_c_ms=14.0441 ecn_mark=1677 drop=0
[QUEUE_STATS] t_ms=30112 q_pkts=35 q_bytes=52640 qdelay_l_ms=0.856046 qdelay_c_ms=14.5884 ecn_mark=1678 drop=0
[QUEUE_STATS] t_ms=30129 q_pkts=36 q_bytes=54144 qdelay_l_ms=1.09637 qdelay_c_ms=15.1935 ecn_mark=1680 drop=0
[QUEUE_STATS] t_ms=30145 q_pkts=33 q_bytes=49632 qdelay_l_ms=1.08008 qdelay_c_ms=13.2796 ecn_mark=1680 drop=0
[QUEUE_STATS] t_ms=30160 q_pkts=35 q_bytes=52640 qdelay_l_ms=1.07645 qdelay_c_ms=14.3945 ecn_mark=1682 drop=0
[QUEUE_STATS] t_ms=30176 q_pkts=35 q_bytes=52640 qdelay_l_ms=1.08745 qdelay_c_ms=14.3996 ecn_mark=1682 drop=0
[QUEUE_STATS] t_ms=30192 q_pkts=35 q_bytes=52640 qdelay_l_ms=1.08838 qdelay_c_ms=12.7864 ecn_mark=1683 drop=0
[QUEUE_STATS] t_ms=30208 q_pkts=36 q_bytes=54144 qdelay_l_ms=1.09613 qdelay_c_ms=14.2177 ecn_mark=1686 drop=0
[QUEUE_STATS] t_ms=30224 q_pkts=35 q_bytes=52640 qdelay_l_ms=1.05774 qdelay_c_ms=13.8777 ecn_mark=1688 drop=0
[QUEUE_STATS] t_ms=30240 q_pkts=37 q_bytes=55648 qdelay_l_ms=1.11319 qdelay_c_ms=13.8366 ecn_mark=1689 drop=0
[QUEUE_STATS] t_ms=30256 q_pkts=36 q_bytes=54144 qdelay_l_ms=1.08915 qdelay_c_ms=14.997 ecn_mark=1690 drop=0
[QUEUE_STATS] t_ms=30272 q_pkts=36 q_bytes=54144 qdelay_l_ms=1.08176 qdelay_c_ms=15.2795 ecn_mark=1691 drop=0
[QUEUE_STATS] t_ms=30289 q_pkts=34 q_bytes=51136 qdelay_l_ms=1.05106 qdelay_c_ms=14.9247 ecn_mark=1694 drop=0
[QUEUE_STATS] t_ms=303