[QUEUE_STATS] t_ms=32 q_pkts=0 q_bytes=0 qdelay_l_ms=0 qdelay_c_ms=0 ecn_mark=0 drop=0
[QUEUE_STATS] t_ms=94 q_pkts=0 q_bytes=0 qdelay_l_ms=0 qdelay_c_ms=0 ecn_mark=0 drop=0
[QUEUE_STATS] t_ms=136 q_pkts=0 q_bytes=0 qdelay_l_ms=0 qdelay_c_ms=0 ecn_mark=0 drop=0
[QUEUE_STATS] t_ms=178 q_pkts=0 q_bytes=0 qdelay_l_ms=0 qdelay_c_ms=0 ecn_mark=2 drop=0
[QUEUE_STATS] t_ms=222 q_pkts=0 q_bytes=0 qdelay_l_ms=0 qdelay_c_ms=0 ecn_mark=4 drop=0
[QUEUE_STATS] t_ms=265 q_pkts=0 q_bytes=0 qdelay_l_ms=0 qdelay_c_ms=0 ecn_mark=6 drop=0
[QUEUE_STATS] t_ms=308 q_pkts=0 q_bytes=0 qdelay_l_ms=0 qdelay_c_ms=0 ecn_mark=8 drop=0
[QUEUE_STATS] t_ms=350 q_pkts=0 q_bytes=0 qdelay_l_ms=0 qdelay_c_ms=0 ecn_mark=17 drop=0
[QUEUE_STATS] t_ms=352 q_pkts=0 q_bytes=0 qdelay_l_ms=0 qdelay_c_ms=0 ecn_mark=17 drop=0
[QUEUE_STATS] t_ms=369 q_pkts=0 q_bytes=0 qdelay_l_ms=0 qdelay_c_ms=0 ecn_mark=17 drop=0
[QUEUE_STATS] t_ms=394 q_pkts=0 q_bytes=0 qdelay_l_ms=0 qdelay_c_ms=0 ecn_mark=17 drop=0
[QUEUE_STATS] t_ms=400 q_pkts=0 q_bytes=0 qdelay_l_ms=0 qdelay_c_ms=0 ecn_mark=17 drop=0
[QUEUE_STATS] t_ms=418 q_pkts=0 q_bytes=0 qdelay_l_ms=0 qdelay_c_ms=0 ecn_mark=17 drop=0
[QUEUE_STATS] t_ms=436 q_pkts=0 q_bytes=0 qdelay_l_ms=0 qdelay_c_ms=0 ecn_mark=17 drop=0
[QUEUE_STATS] t_ms=451 q_pkts=0 q_bytes=0 qdelay_l_ms=0 qdelay_c_ms=0 ecn_mark=17 drop=0
[QUEUE_STATS] t_ms=465 q_pkts=0 q_bytes=0 qdelay_l_ms=0 qdelay_c_ms=0 ecn_mark=17 drop=0
[QUEUE_STATS] t_ms=481 q_pkts=0 q_bytes=0 qdelay_l_ms=0 qdelay_c_ms=0 ecn_mark=17 drop=0
[QUEUE_STATS] t_ms=500 q_pkts=0 q_bytes=0 qdelay_l_ms=0 qdelay_c_ms=0 ecn_mark=17 drop=0
[QUEUE_STATS] t_ms=512 q_pkts=1 q_bytes=1504 qdelay_l_ms=1.06483 qdelay_c_ms=0 ecn_mark=17 drop=0
[QUEUE_STATS] t_ms=528 q_pkts=0 q_bytes=0 qdelay_l_ms=0 qdelay_c_ms=0 ecn_mark=17 drop=0
[QUEUE_STATS] t_ms=544 q_pkts=1 q_bytes=1504 qdelay_l_ms=1.06434 qdelay_c_ms=0 ecn_mark=17 drop=0
[QUEUE_STATS] t_ms=561 q_pkts=0 q_bytes=0 qdelay_l_ms=0 qdelay_c_ms=0 ecn_mark=17 drop=0
[QUEUE_STATS] t_ms=577 q_pkts=0 q_bytes=0 qdelay_l_ms=0 qdelay_c_ms=0 ecn_mark=17 drop=0
[QUEUE_STATS] t_ms=593 q_pkts=0 q_bytes=0 qdelay_l_ms=0 qdelay_c_ms=0 ecn_mark=17 drop=0
[QUEUE_STATS] t_ms=608 q_pkts=1 q_bytes=1504 qdelay_l_ms=1.08391 qdelay_c_ms=0 ecn_mark=17 drop=0
[QUEUE_STATS] t_ms=628 q_pkts=0 q_bytes=0 qdelay_l_ms=0 qdelay_c_ms=0 ecn_mark=17 drop=0
[QUEUE_STATS] t_ms=640 q_pkts=0 q_bytes=0 qdelay_l_ms=0 qdelay_c_ms=0 ecn_mark=17 drop=0
[QUEUE_STATS] t_ms=656 q_pkts=1 q_bytes=1504 qdelay_l_ms=1.01981 qdelay_c_ms=0 ecn_mark=17 drop=0
[QUEUE_STATS] t_ms=675 q_pkts=0 q_bytes=0 qdelay_l_ms=0 qdelay_c_ms=0 ecn_mark=17 drop=0
[QUEUE_STATS] t_ms=689 q_pkts=0 q_bytes=0 qdelay_l_ms=0 qdelay_c_ms=0 ecn_mark=17 drop=0
[QUEUE_STATS] t_ms=704 q_pkts=0 q_bytes=0 qdelay_l_ms=0 qdelay_c_ms=0 ecn_mark=17 drop=0
[QUEUE_STATS] t_ms=720 q_pkts=0 q_bytes=0 qdelay_l_ms=0 qdelay_c_ms=0 ecn_mark=17 drop=0
[QUEUE_STATS] t_ms=736 q_pkts=1 q_bytes=1504 qdelay_l_ms=0 qdelay_c_ms=1.09029 ecn_mark=17 drop=0
[QUEUE_STATS] t_ms=752 q_pkts=1 q_bytes=1504 qdelay_l_ms=1.06798 qdelay_c_ms=0 ecn_mark=17 drop=0
[QUEUE_STATS] t_ms=769 q_pkts=0 q_bytes=0 qdelay_l_ms=0 qdelay_c_ms=0 ecn_mark=17 drop=0
[QUEUE_STATS] t_ms=785 q_pkts=0 q_bytes=0 qdelay_l_ms=0 qdelay_c_ms=0 ecn_mark=17 drop=0
[QUEUE_STATS] t_ms=804 q_pkts=0 q_bytes=0 qdelay_l_ms=0 qdelay_c_ms=0 ecn_mark=17 drop=0
[QUEUE_STATS] t_ms=816 q_pkts=0 q_bytes=0 qdelay_l_ms=0 qdelay_c_ms=0 ecn_mark=17 drop=0
[QUEUE_STATS] t_ms=833 q_pkts=0 q_bytes=0 qdelay_l_ms=0 qdelay_c_ms=0 ecn_mark=17 drop=0
[QUEUE_STATS] t_ms=848 q_pkts=1 q_bytes=1504 qdelay_l_ms=1.06597 qdelay_c_ms=0 ecn_mark=17 drop=0
[QUEUE_STATS] t_ms=864 q_pkts=5 q_bytes=7520 qdelay_l_ms=0 qdelay_c_ms=2.68929 ecn_mark=17 drop=0
[QUEUE_STATS] t_ms=880 q_pkts=0 q_bytes=0 qdelay_l_ms=0 qdelay_c_ms=0 ecn_mark=17 drop=0
[QUEUE_STATS] t_ms=897 q_pkts=0 q_bytes=0 qdelay_l_ms=0 qdelay_c_ms=0 ecn_mark=17 drop=0
[QUEUE_STATS] t_ms=912 q_pkts=1 q_bytes=1504 qdelay_l_ms=1.07597 qdelay_c_ms=0 ecn_mark=17 drop=0
[QUEUE_STATS] t_ms=929 q_pkts=0 q_bytes=0 qdelay_l_ms=0 qdelay_c_ms=0 ecn_mark=17 drop=0
[QUEUE_STATS] t_ms=945 q_pkts=0 q_bytes=0 qdelay_l_ms=0 qdelay_c_ms=0 ecn_mark=17 drop=0
[QUEUE_STATS] t_ms=960 q_pkts=1 q_bytes=1504 qdelay_l_ms=1.07549 qdelay_c_ms=0 ecn_mark=17 drop=0
[QUEUE_STATS] t_ms=977 q_pkts=0 q_bytes=0 qdelay_l_ms=0 qdelay_c_ms=0 ecn_mark=17 drop=0
[QUEUE_STATS] t_ms=992 q_pkts=4 q_bytes=6016 qdelay_l_ms=0 qdelay_c_ms=1.08528 ecn_mark=17 drop=0
[QUEUE_STATS] t_ms=1009 q_pkts=0 q_bytes=0 qdelay_l_ms=0 qdelay_c_ms=0 ecn_mark=17 drop=0
[QUEUE_STATS] t_ms=1025 q_pkts=0 q_bytes=0 qdelay_l_ms=0 qdelay_c_ms=0 ecn_mark=17 drop=0
[QUEUE_STATS] t_ms=1040 q_pkts=1 q_bytes=1504 qdelay_l_ms=1.06844 qdelay_c_ms=0 ecn_mark=17 drop=0
[QUEUE_STATS] t_ms=1056 q_pkts=0 q_bytes=0 qdelay_l_ms=0 qdelay_c_ms=0 ecn_mark=17 drop=0
[QUEUE_STATS] t_ms=1072 q_pkts=1 q_bytes=1504 qdelay_l_ms=1.04996 qdelay_c_ms=0 ecn_mark=17 drop=0
[QUEUE_STATS] t_ms=1088 q_pkts=1 q_bytes=1504 qdelay_l_ms=1.08402 qdelay_c_ms=0 ecn_mark=17 drop=0
[QUEUE_STATS] t_ms=1104 q_pkts=1 q_bytes=1504 qdelay_l_ms=1.08809 qdelay_c_ms=0 ecn_mark=17 drop=0
[QUEUE_STATS] t_ms=1123 q_pkts=0 q_bytes=0 qdelay_l_ms=0 qdelay_c_ms=0 ecn_mark=17 drop=0
[QUEUE_STATS] t_ms=1136 q_pkts=1 q_bytes=1504 qdelay_l_ms=1.06963 qdelay_c_ms=0 ecn_mark=17 drop=0
[QUEUE_STATS] t_ms=1152 q_pkts=0 q_bytes=0 qdelay_l_ms=0 qdelay_c_ms=0 ecn_mark=17 drop=0
[QUEUE_STATS] t_ms=1171 q_pkts=0 q_bytes=0 qdelay_l_ms=0 qdelay_c_ms=0 ecn_mark=17 drop=0
[QUEUE_STATS] t_ms=1184 q_pkts=0 q_bytes=0 qdelay_l_ms=0 qdelay_c_ms=0 ecn_mark=17 drop=0
[QUEUE_STATS] t_ms=1200 q_pkts=8 q_bytes=12032 qdelay_l_ms=1.07625 qdelay_c_ms=1.11323 ecn_mark=17 drop=0
[QUEUE_STATS] t_ms=1216 q_pkts=0 q_bytes=0 qdelay_l_ms=0 qdelay_c_ms=0 ecn_mark=17 drop=0
[QUEUE_STATS] t_ms=1232 q_pkts=1 q_bytes=1504 qdelay_l_ms=1.06529 qdelay_c_ms=0 ecn_mark=17 drop=0
[QUEUE_STATS] t_ms=1248 q_pkts=0 q_bytes=0 qdelay_l_ms=0 qdelay_c_ms=0 ecn_mark=17 drop=0
[QUEUE_STATS] t_ms=1264 q_pkts=0 q_bytes=0 qdelay_l_ms=0 qdelay_c_ms=0 ecn_mark=17 drop=0
[QUEUE_STATS] t_ms=1280 q_pkts=1 q_bytes=1504 qdelay_l_ms=1.06907 qdelay_c_ms=0 ecn_mark=17 drop=0
[QUEUE_STATS] t_ms=1296 q_pkts=1 q_bytes=1504 qdelay_l_ms=1.06909 qdelay_c_ms=0 ecn_mark=17 drop=0
[QUEUE_STATS] t_ms=1312 q_pkts=1 q_bytes=1504 qdelay_l_ms=1.06882 qdelay_c_ms=0 ecn_mark=17 drop=0
[QUEUE_STATS] t_ms=1328 q_pkts=4 q_bytes=6016 qdelay_l_ms=0 qdelay_c_ms=2.07685 ecn_mark=17 drop=0
[QUEUE_STATS] t_ms=1345 q_pkts=0 q_bytes=0 qdelay_l_ms=0 qdelay_c_ms=0 ecn_mark=17 drop=0
[QUEUE_STATS] t_ms=1360 q_pkts=1 q_bytes=1504 qdelay_l_ms=1.06609 qdelay_c_ms=0 ecn_mark=17 drop=0
[QUEUE_STATS] t_ms=1376 q_pkts=5 q_bytes=7520 qdelay_l_ms=1.08721 qdelay_c_ms=3.36631 ecn_mark=17 drop=0
[QUEUE_STATS] t_ms=1392 q_pkts=1 q_bytes=1504 qdelay_l_ms=1.06631 qdelay_c_ms=0 ecn_mark=17 drop=0
[QUEUE_STATS] t_ms=1409 q_pkts=0 q_bytes=0 qdelay_l_ms=0 qdelay_c_ms=0 ecn_mark=17 drop=0
[QUEUE_STATS] t_ms=1424 q_pkts=1 q_bytes=1504 qdelay_l_ms=1.07214 qdelay_c_ms=0 ecn_mark=17 drop=0
[QUEUE_STATS] t_ms=1440 q_pkts=1 q_bytes=1504 qdelay_l_ms=1.0634 qdelay_c_ms=0 ecn_mark=17 drop=0
[QUEUE_STATS] t_ms=1456 q_pkts=3 q_bytes=4512 qdelay_l_ms=0.957346 qdelay_c_ms=0.949481 ecn_mark=17 drop=0
[QUEUE_STATS] t_ms=1472 q_pkts=1 q_bytes=1504 qdelay_l_ms=1.08091 qdelay_c_ms=0 ecn_mark=17 drop=0
[QUEUE_STATS] t_ms=1488 q_pkts=2 q_bytes=3008 qdelay_l_ms=1.06921 qdelay_c_ms=0 ecn_mark=17 drop=0
[QUEUE_STATS] t_ms=1504 q_pkts=3 q_bytes=4512 qdelay_l_ms=0 qdelay_c_ms=1.09388 ecn_mark=17 drop=0
[QUEUE_STATS] t_ms=1520 q_pkts=0 q_bytes=0 qdelay_l_ms=0 qdelay_c_ms=0 ecn_mark=17 drop=0
[QUEUE_STATS] t_ms=1537 q_pkts=1 q_bytes=1504 qdelay_l_ms=1.08207 qdelay_c_ms=0 ecn_mark=17 drop=0
[QUEUE_STATS] t_ms=1553 q_pkts=1 q_bytes=1504 qdelay_l_ms=1.06286 qdelay_c_ms=0 ecn_mark=17 drop=0
[QUEUE_STATS] t_ms=1568 q_pkts=1 q_bytes=1504 qdelay_l_ms=1.06608 qdelay_c_ms=0 ecn_mark=17 drop=0
[QUEUE_STATS] t_ms=1584 q_pkts=1 q_bytes=1504 qdelay_l_ms=1.08136 qdelay_c_ms=0 ecn_mark=17 drop=0
[QUEUE_STATS] t_ms=1600 q_pkts=1 q_bytes=1504 qdelay_l_ms=1.08123 qdelay_c_ms=0 ecn_mark=17 drop=0
[QUEUE_STATS] t_ms=1616 q_pkts=1 q_bytes=1504 qdelay_l_ms=1.06043 qdelay_c_ms=0 ecn_mark=17 drop=0
[QUEUE_STATS] t_ms=1632 q_pkts=0 q_bytes=0 qdelay_l_ms=0 qdelay_c_ms=0 ecn_mark=17 drop=0
[QUEUE_STATS] t_ms=1648 q_pkts=1 q_bytes=1504 qdelay_l_ms=1.06963 qdelay_c_ms=0 ecn_mark=17 drop=0
[QUEUE_STATS] t_ms=1664 q_pkts=0 q_bytes=0 qdelay_l_ms=0 qdelay_c_ms=0 ecn_mark=17 drop=0
[QUEUE_STATS] t_ms=1680 q_pkts=1 q_bytes=1504 qdelay_l_ms=1.05114 qdelay_c_ms=0 ecn_mark=17 drop=0
[QUEUE_STATS] t_ms=1696 q_pkts=0 q_bytes=0 qdelay_l_ms=0 qdelay_c_ms=0 ecn_mark=17 drop=0
[QUEUE_STATS] t_ms=1712 q_pkts=4 q_bytes=6016 qdelay_l_ms=0.996078 qdelay_c_ms=1.01554 ecn_mark=17 drop=0
[QUEUE_STATS] t_ms=1728 q_pkts=1 q_bytes=1504 qdelay_l_ms=1.06303 qdelay_c_ms=0 ecn_mark=17 drop=0
[QUEUE_STATS] t_ms=1744 q_pkts=1 q_bytes=1504 qdelay_l_ms=1.06237 qdelay_c_ms=0 ecn_mark=17 drop=0
[QUEUE_STATS] t_ms=1760 q_pkts=2 q_bytes=3008 qdelay_l_ms=1.06395 qdelay_c_ms=1.04039 ecn_mark=17 drop=0
[QUEUE_STATS] t_ms=1776 q_pkts=1 q_bytes=1504 qdelay_l_ms=1.06865 qdelay_c_ms=0 ecn_mark=17 drop=0
[QUEUE_STATS] t_ms=1792 q_pkts=0 q_bytes=0 qdelay_l_ms=0 qdelay_c_ms=0 ecn_mark=17 drop=0
[QUEUE_STATS] t_ms=1808 q_pkts=1 q_bytes=1504 qdelay_l_ms=1.07336 qdelay_c_ms=0 ecn_mark=17 drop=0
[QUEUE_STATS] t_ms=1824 q_pkts=1 q_bytes=1504 qdelay_l_ms=1.09877 qdelay_c_ms=0 ecn_mark=17 drop=0
[QUEUE_STATS] t_ms=1840 q_pkts=1 q_bytes=1504 qdelay_l_ms=1.08396 qdelay_c_ms=0 ecn_mark=17 drop=0
[QUEUE_STATS] t_ms=1856 q_pkts=1 q_bytes=1504 qdelay_l_ms=1.07282 qdelay_c_ms=0 ecn_mark=17 drop=0
[QUEUE_STATS] t_ms=1874 q_pkts=0 q_bytes=0 qdelay_l_ms=0 qdelay_c_ms=0 ecn_mark=17 drop=0
[QUEUE_STATS] t_ms=1888 q_pkts=3 q_bytes=4512 qdelay_l_ms=1.07992 qdelay_c_ms=2.09472 ecn_mark=17 drop=0
[QUEUE_STATS] t_ms=1904 q_pkts=1 q_bytes=1504 qdelay_l_ms=0.630984 qdelay_c_ms=0 ecn_mark=17 drop=0
[QUEUE_STATS] t_ms=1920 q_pkts=6 q_bytes=9024 qdelay_l_ms=1.0593 qdelay_c_ms=1.07064 ecn_mark=17 drop=0
[QUEUE_STATS] t_ms=1936 q_pkts=1 q_bytes=1504 qdelay_l_ms=1.08035 qdelay_c_ms=0 ecn_mark=17 drop=0
[QUEUE_STATS] t_ms=1952 q_pkts=1 q_bytes=1504 qdelay_l_ms=1.00404 qdelay_c_ms=0 ecn_mark=17 drop=0
[QUEUE_STATS] t_ms=1968 q_pkts=3 q_bytes=4512 qdelay_l_ms=0.930365 qdelay_c_ms=0.924264 ecn_mark=17 drop=0
[QUEUE_STATS] t_ms=1984 q_pkts=1 q_bytes=1504 qdelay_l_ms=1.08236 qdelay_c_ms=0 ecn_mark=17 drop=0
[QUEUE_STATS] t_ms=2000 q_pkts=1 q_bytes=1504 qdelay_l_ms=1.08834 qdelay_c_ms=0 ecn_mark=17 drop=0
[QUEUE_STATS] t_ms=2016 q_pkts=0 q_bytes=0 qdelay_l_ms=0 qdelay_c_ms=0 ecn_mark=17 drop=0
[QUEUE_STATS] t_ms=2033 q_pkts=1 q_bytes=1504 qdelay_l_ms=1.06607 qdelay_c_ms=0 ecn_mark=17 drop=0
[QUEUE_STATS] t_ms=2048 q_pkts=0 q_bytes=0 qdelay_l_ms=0 qdelay_c_ms=0 ecn_mark=17 drop=0
[QUEUE_STATS] t_ms=2064 q_pkts=1 q_bytes=1504 qdelay_l_ms=1.07256 qdelay_c_ms=0 ecn_mark=17 drop=0
[QUEUE_STATS] t_ms=2080 q_pkts=1 q_bytes=1504 qdelay_l_ms=0.930906 qdelay_c_ms=0 ecn_mark=17 drop=0
[QUEUE_STATS] t_ms=2096 q_pkts=5 q_bytes=7520 qdelay_l_ms=0.87981 qdelay_c_ms=0.914706 ecn_mark=17 drop=0
[QUEUE_STATS] t_ms=2112 q_pkts=1 q_bytes=1504 qdelay_l_ms=1.02607 qdelay_c_ms=0 ecn_mark=17 drop=0
[QUEUE_STATS] t_ms=2129 q_pkts=1 q_bytes=1504 qdelay_l_ms=1.08088 qdelay_c_ms=0 ecn_mark=17 drop=0
[QUEUE_STATS] t_ms=2144 q_pkts=1 q_bytes=1504 qdelay_l_ms=0.940304 qdelay_c_ms=0 ecn_mark=17 drop=0
[QUEUE_STATS] t_ms=2160 q_pkts=1 q_bytes=1504 qdelay_l_ms=1.05717 qdelay_c_ms=0 ecn_mark=17 drop=0
[QUEUE_STATS] t_ms=2176 q_pkts=4 q_bytes=6016 qdelay_l_ms=0.873569 qdelay_c_ms=0.867097 ecn_mark=17 drop=0
[QUEUE_STATS] t_ms=2192 q_pkts=1 q_bytes=1504 qdelay_l_ms=1.08114 qdelay_c_ms=0 ecn_mark=17 drop=0
[QUEUE_STATS] t_ms=2208 q_pkts=1 q_bytes=1504 qdelay_l_ms=0.879991 qdelay_c_ms=0 ecn_mark=17 drop=0
[QUEUE_STATS] t_ms=2224 q_pkts=3 q_bytes=4512 qdelay_l_ms=0.876624 qdelay_c_ms=2.58508 ecn_mark=17 drop=0
[QUEUE_STATS] t_ms=2240 q_pkts=1 q_bytes=1504 qdelay_l_ms=0.910047 qdelay_c_ms=0 ecn_mark=17 drop=0
[QUEUE_STATS] t_ms=2256 q_pkts=0 q_bytes=0 qdelay_l_ms=0 qdelay_c_ms=0 ecn_mark=17 drop=0
[QUEUE_STATS] t_ms=2272 q_pkts=1 q_bytes=1504 qdelay_l_ms=0.847821 qdelay_c_ms=0 ecn_mark=17 drop=0
[QUEUE_STATS] t_ms=2288 q_pkts=1 q_bytes=1504 qdelay_l_ms=0.880792 qdelay_c_ms=0 ecn_mark=17 drop=0
[QUEUE_STATS] t_ms=2304 q_pkts=5 q_bytes=7520 qdelay_l_ms=0.830779 qdelay_c_ms=0.860645 ecn_mark=17 drop=0
[QUEUE_STATS] t_ms=2320 q_pkts=2 q_bytes=3008 qdelay_l_ms=1.0758 qdelay_c_ms=0 ecn_mark=17 drop=0
[QUEUE_STATS] t_ms=2336 q_pkts=1 q_bytes=1504 qdelay_l_ms=1.07347 qdelay_c_ms=0 ecn_mark=17 drop=0
[QUEUE_STATS] t_ms=2352 q_pkts=3 q_bytes=4512 qdelay_l_ms=0.824868 qdelay_c_ms=0.819187 ecn_mark=17 drop=0
[QUEUE_STATS] t_ms=2368 q_pkts=1 q_bytes=1504 qdelay_l_ms=1.06263 qdelay_c_ms=0 ecn_mark=17 drop=0
[QUEUE_STATS] t_ms=2384 q_pkts=1 q_bytes=1504 qdelay_l_ms=0.812635 qdelay_c_ms=0 ecn_mark=17 drop=0
[QUEUE_STATS] t_ms=2400 q_pkts=1 q_bytes=1504 qdelay_l_ms=0.808346 qdelay_c_ms=0 ecn_mark=17 drop=0
[QUEUE_STATS] t_ms=2416 q_pkts=1 q_bytes=1504 qdelay_l_ms=1.04818 qdelay_c_ms=0 ecn_mark=17 drop=0
[QUEUE_STATS] t_ms=2432 q_pkts=2 q_bytes=3008 qdelay_l_ms=0.788219 qdelay_c_ms=0.782699 ecn_mark=17 drop=0
[QUEUE_STATS] t_ms=2448 q_pkts=1 q_bytes=1504 qdelay_l_ms=1.07056 qdelay_c_ms=0 ecn_mark=17 drop=0
[QUEUE_STATS] t_ms=2464 q_pkts=1 q_bytes=1504 qdelay_l_ms=0.661191 qdelay_c_ms=0 ecn_mark=17 drop=0
[QUEUE_STATS] t_ms=2480 q_pkts=2 q_bytes=3008 qdelay_l_ms=1.08073 qdelay_c_ms=1.81878 ecn_mark=17 drop=0
[QUEUE_STATS] t_ms=2497 q_pkts=2 q_bytes=3008 qdelay_l_ms=1.07781 qdelay_c_ms=0 ecn_mark=17 drop=0
[QUEUE_STATS] t_ms=2513 q_pkts=3 q_bytes=4512 qdelay_l_ms=1.07591 qdelay_c_ms=1.10942 ecn_mark=17 drop=0
[QUEUE_STATS] t_ms=2528 q_pkts=1 q_bytes=1504 qdelay_l_ms=1.0702 qdelay_c_ms=0 ecn_mark=17 drop=0
[QUEUE_STATS] t_ms=2544 q_pkts=1 q_bytes=1504 qdelay_l_ms=1.07127 qdelay_c_ms=0 ecn_mark=17 drop=0
[QUEUE_STATS] t_ms=2560 q_pkts=3 q_bytes=4512 qdelay_l_ms=1.08745 qdelay_c_ms=1.0808 ecn_mark=17 drop=0
[QUEUE_STATS] t_ms=2576 q_pkts=1 q_bytes=1504 qdelay_l_ms=1.06106 qdelay_c_ms=0 ecn_mark=17 drop=0
[QUEUE_STATS] t_ms=2592 q_pkts=6 q_bytes=9024 qdelay_l_ms=1.0897 qdelay_c_ms=1.08376 ecn_mark=17 drop=0
[QUEUE_STATS] t_ms=2609 q_pkts=2 q_bytes=3008 qdelay_l_ms=1.06963 qdelay_c_ms=0 ecn_mark=17 drop=0
[QUEUE_STATS] t_ms=2624 q_pkts=2 q_bytes=3008 qdelay_l_ms=0.801865 qdelay_c_ms=0 ecn_mark=17 drop=0
[QUEUE_STATS] t_ms=2641 q_pkts=2 q_bytes=3008 qdelay_l_ms=1.0762 qdelay_c_ms=1.08281 ecn_mark=17 drop=0
[QUEUE_STATS] t_ms=2656 q_pkts=1 q_bytes=1504 qdelay_l_ms=1.07055 qdelay_c_ms=0 ecn_mark=17 drop=0
[QUEUE_STATS] t_ms=2672 q_pkts=2 q_bytes=3008 qdelay_l_ms=1.07162 qdelay_c_ms=0 ecn_mark=17 drop=0
[QUEUE_STATS] t_ms=2688 q_pkts=3 q_bytes=4512 qdelay_l_ms=1.08276 qdelay_c_ms=1.75669 ecn_mark=17 drop=0
[QUEUE_STATS] t_ms=2704 q_pkts=1 q_bytes=1504 qdelay_l_ms=1.00552 qdelay_c_ms=0 ecn_mark=17 drop=0
[QUEUE_STATS] t_ms=2720 q_pkts=3 q_bytes=4512 qdelay_l_ms=1.08397 qdelay_c_ms=1.07715 ecn_mark=17 drop=0
[QUEUE_STATS] t_ms=2736 q_pkts=1 q_bytes=1504 qdelay_l_ms=1.06676 qdelay_c_ms=0 ecn_mark=17 drop=0
[QUEUE_STATS] t_ms=2752 q_pkts=1 q_bytes=1504 qdelay_l_ms=1.07131 qdelay_c_ms=0 ecn_mark=17 drop=0
[QUEUE_STATS] t_ms=2768 q_pkts=2 q_bytes=3008 qdelay_l_ms=0 qdelay_c_ms=0.034735 ecn_mark=18 drop=0
[QUEUE_STATS] t_ms=2784 q_pkts=1 q_bytes=1504 qdelay_l_ms=1.08614 qdelay_c_ms=0 ecn_mark=18 drop=0
[QUEUE_STATS] t_ms=2800 q_pkts=2 q_bytes=3008 qdelay_l_ms=1.11582 qdelay_c_ms=0 ecn_mark=18 drop=0
[QUEUE_STATS] t_ms=2816 q_pkts=0 q_bytes=0 qdelay_l_ms=0 qdelay_c_ms=0 ecn_mark=18 drop=0
[QUEUE_STATS] t_ms=2832 q_pkts=1 q_bytes=1504 qdelay_l_ms=1.04176 qdelay_c_ms=0 ecn_mark=18 drop=0
[QUEUE_STATS] t_ms=2848 q_pkts=4 q_bytes=6016 qdelay_l_ms=1.08407 qdelay_c_ms=1.07836 ecn_mark=18 drop=0
[QUEUE_STATS] t_ms=2864 q_pkts=0 q_bytes=0 qdelay_l_ms=0 qdelay_c_ms=0 ecn_mark=18 drop=0
[QUEUE_STATS] t_ms=2881 q_pkts=1 q_bytes=1504 qdelay_l_ms=1.07049 qdelay_c_ms=0 ecn_mark=18 drop=0
[QUEUE_STATS] t_ms=2896 q_pkts=5 q_bytes=7520 qdelay_l_ms=1.06544 qdelay_c_ms=1.09356 ecn_mark=18 drop=0
[QUEUE_STATS] t_ms=2912 q_pkts=1 q_bytes=1504 qdelay_l_ms=0.992142 qdelay_c_ms=0 ecn_mark=18 drop=0
[QUEUE_STATS] t_ms=2928 q_pkts=4 q_bytes=6016 qdelay_l_ms=1.07118 qdelay_c_ms=1.06306 ecn_mark=18 drop=0
[QUEUE_STATS] t_ms=2944 q_pkts=4 q_bytes=6016 qdelay_l_ms=1.06318 qdelay_c_ms=1.4343 ecn_mark=18 drop=0
[QUEUE_STATS] t_ms=2960 q_pkts=1 q_bytes=1504 qdelay_l_ms=1.08585 qdelay_c_ms=0 ecn_mark=18 drop=0
[QUEUE_STATS] t_ms=2977 q_pkts=4 q_bytes=6016 qdelay_l_ms=1.06546 qdelay_c_ms=1.09232 ecn_mark=18 drop=0
[QUEUE_STATS] t_ms=2992 q_pkts=1 q_bytes=1504 qdelay_l_ms=1.07259 qdelay_c_ms=0 ecn_mark=18 drop=0
[QUEUE_STATS] t_ms=3008 q_pkts=2 q_bytes=3008 qdelay_l_ms=0.968918 qdelay_c_ms=0 ecn_mark=18 drop=0
[QUEUE_STATS] t_ms=3024 q_pkts=0 q_bytes=0 qdelay_l_ms=0 qdelay_c_ms=0 ecn_mark=18 drop=0
[QUEUE_STATS] t_ms=3040 q_pkts=2 q_bytes=3008 qdelay_l_ms=1.06814 qdelay_c_ms=0 ecn_mark=19 drop=0
[QUEUE_STATS] t_ms=3056 q_pkts=6 q_bytes=9024 qdelay_l_ms=1.07578 qdelay_c_ms=1.06892 ecn_mark=19 drop=0
[QUEUE_STATS] t_ms=3072 q_pkts=2 q_bytes=3008 qdelay_l_ms=1.07952 qdelay_c_ms=0 ecn_mark=19 drop=0
[QUEUE_STATS] t_ms=3088 q_pkts=2 q_bytes=3008 qdelay_l_ms=1.06487 qdelay_c_ms=0 ecn_mark=19 drop=0
[QUEUE_STATS] t_ms=3104 q_pkts=2 q_bytes=3008 qdelay_l_ms=0 qdelay_c_ms=1.21544 ecn_mark=19 drop=0
[QUEUE_STATS] t_ms=3121 q_pkts=1 q_bytes=1504 qdelay_l_ms=1.06748 qdelay_c_ms=0 ecn_mark=19 drop=0
[QUEUE_STATS] t_ms=3136 q_pkts=2 q_bytes=3008 qdelay_l_ms=1.05875 qdelay_c_ms=0 ecn_mark=19 drop=0
[QUEUE_STATS] t_ms=3152 q_pkts=2 q_bytes=3008 qdelay_l_ms=0 qdelay_c_ms=1.0721 ecn_mark=19 drop=0
[QUEUE_STATS] t_ms=3168 q_pkts=2 q_bytes=3008 qdelay_l_ms=0.80989 qdelay_c_ms=0 ecn_mark=19 drop=0
[QUEUE_STATS] t_ms=3184 q_pkts=4 q_bytes=6016 qdelay_l_ms=0.949682 qdelay_c_ms=0.939212 ecn_mark=19 drop=0
[QUEUE_STATS] t_ms=3200 q_pkts=2 q_bytes=3008 qdelay_l_ms=1.07215 qdelay_c_ms=0 ecn_mark=19 drop=0
[QUEUE_STATS] t_ms=3216 q_pkts=2 q_bytes=3008 qdelay_l_ms=1.0759 qdelay_c_ms=0 ecn_mark=19 drop=0
[QUEUE_STATS] t_ms=3232 q_pkts=4 q_bytes=6016 qdelay_l_ms=1.04499 qdelay_c_ms=1.05544 ecn_mark=19 drop=0
[QUEUE_STATS] t_ms=3248 q_pkts=0 q_bytes=0 qdelay_l_ms=0 qdelay_c_ms=0 ecn_mark=19 drop=0
[QUEUE_STATS] t_ms=3264 q_pkts=4 q_bytes=6016 qdelay_l_ms=1.10633 qdelay_c_ms=1.09583 ecn_mark=19 drop=0
[QUEUE_STATS] t_ms=3280 q_pkts=1 q_bytes=1504 qdelay_l_ms=1.06878 qdelay_c_ms=0 ecn_mark=19 drop=0
[QUEUE_STATS] t_ms=3296 q_pkts=0 q_bytes=0 qdelay_l_ms=0 qdelay_c_ms=0 ecn_mark=19 drop=0
[QUEUE_STATS] t_ms=3312 q_pkts=6 q_bytes=9024 qdelay_l_ms=1.0733 qdelay_c_ms=1.09864 ecn_mark=19 drop=0
[QUEUE_STATS] t_ms=3328 q_pkts=2 q_bytes=3008 qdelay_l_ms=1.07453 qdelay_c_ms=0 ecn_mark=19 drop=0
[QUEUE_STATS] t_ms=3344 q_pkts=2 q_bytes=3008 qdelay_l_ms=1.08302 qdelay_c_ms=0 ecn_mark=19 drop=0
[QUEUE_STATS] t_ms=3360 q_pkts=5 q_bytes=7520 qdelay_l_ms=1.00146 qdelay_c_ms=2.14741 ecn_mark=19 drop=0
[QUEUE_STATS] t_ms=3376 q_pkts=0 q_bytes=0 qdelay_l_ms=0 qdelay_c_ms=0 ecn_mark=19 drop=0
[QUEUE_STATS] t_ms=3392 q_pkts=2 q_bytes=3008 qdelay_l_ms=1.05908 qdelay_c_ms=2.15995 ecn_mark=19 drop=0
[QUEUE_STATS] t_ms=3408 q_pkts=3 q_bytes=4512 qdelay_l_ms=1.07552 qdelay_c_ms=1.08567 ecn_mark=19 drop=0
[QUEUE_STATS] t_ms=3424 q_pkts=1 q_bytes=1504 qdelay_l_ms=1.06666 qdelay_c_ms=0 ecn_mark=19 drop=0
[QUEUE_STATS] t_ms=3440 q_pkts=5 q_bytes=7520 qdelay_l_ms=1.09347 qdelay_c_ms=1.63215 ecn_mark=19 drop=0
[QUEUE_STATS] t_ms=3456 q_pkts=2 q_bytes=3008 qdelay_l_ms=1.06845 qdelay_c_ms=0 ecn_mark=19 drop=0
[QUEUE_STATS] t_ms=3472 q_pkts=2 q_bytes=3008 qdelay_l_ms=1.04031 qdelay_c_ms=0 ecn_mark=19 drop=0
[QUEUE_STATS] t_ms=3488 q_pkts=8 q_bytes=12032 qdelay_l_ms=1.02581 qdelay_c_ms=3.19373 ecn_mark=20 drop=0
[QUEUE_STATS] t_ms=3504 q_pkts=2 q_bytes=3008 qdelay_l_ms=0.839635 qdelay_c_ms=0 ecn_mark=20 drop=0
[QUEUE_STATS] t_ms=3520 q_pkts=4 q_bytes=6016 qdelay_l_ms=1.1043 qdelay_c_ms=2.15129 ecn_mark=20 drop=0
[QUEUE_STATS] t_ms=3536 q_pkts=4 q_bytes=6016 qdelay_l_ms=1.06929 qdelay_c_ms=1.06507 ecn_mark=20 drop=0
[QUEUE_STATS] t_ms=3552 q_pkts=2 q_bytes=3008 qdelay_l_ms=1.09519 qdelay_c_ms=0 ecn_mark=20 drop=0
[QUEUE_STATS] t_ms=3568 q_pkts=5 q_bytes=7520 qdelay_l_ms=1.06514 qdelay_c_ms=2.11275 ecn_mark=20 drop=0
[QUEUE_STATS] t_ms=3584 q_pkts=2 q_bytes=3008 qdelay_l_ms=1.08135 qdelay_c_ms=0 ecn_mark=20 drop=0
[QUEUE_STATS] t_ms=3600 q_pkts=4 q_bytes=6016 qdelay_l_ms=0 qdelay_c_ms=1.08492 ecn_mark=20 drop=0
[QUEUE_STATS] t_ms=3616 q_pkts=6 q_bytes=9024 qdelay_l_ms=0.936637 qdelay_c_ms=2.06537 ecn_mark=20 drop=0
[QUEUE_STATS] t_ms=3632 q_pkts=2 q_bytes=3008 qdelay_l_ms=1.07363 qdelay_c_ms=0 ecn_mark=20 drop=0
[QUEUE_STATS] t_ms=3648 q_pkts=4 q_bytes=6016 qdelay_l_ms=1.04204 qdelay_c_ms=1.038 ecn_mark=20 drop=0
[QUEUE_STATS] t_ms=3664 q_pkts=2 q_bytes=3008 qdelay_l_ms=0.921228 qdelay_c_ms=0.924494 ecn_mark=20 drop=0
[QUEUE_STATS] t_ms=3680 q_pkts=2 q_bytes=3008 qdelay_l_ms=0.776227 qdelay_c_ms=0 ecn_mark=20 drop=0
[QUEUE_STATS] t_ms=3696 q_pkts=3 q_bytes=4512 qdelay_l_ms=1.08416 qdelay_c_ms=1.08023 ecn_mark=21 drop=0
[QUEUE_STATS] t_ms=3712 q_pkts=2 q_bytes=3008 qdelay_l_ms=1.02839 qdelay_c_ms=0 ecn_mark=21 drop=0
[QUEUE_STATS] t_ms=3728 q_pkts=5 q_bytes=7520 qdelay_l_ms=1.02469 qdelay_c_ms=2.04181 ecn_mark=21 drop=0
[QUEUE_STATS] t_ms=3744 q_pkts=3 q_bytes=4512 qdelay_l_ms=0.995878 qdelay_c_ms=0.987422 ecn_mark=22 drop=0
[QUEUE_STATS] t_ms=3760 q_pkts=2 q_bytes=3008 qdelay_l_ms=0.999665 qdelay_c_ms=0 ecn_mark=22 drop=0
[QUEUE_STATS] t_ms=3776 q_pkts=7 q_bytes=10528 qdelay_l_ms=1.09363 qdelay_c_ms=1.98909 ecn_mark=22 drop=0
[QUEUE_STATS] t_ms=3792 q_pkts=2 q_bytes=3008 qdelay_l_ms=1.00591 qdelay_c_ms=0 ecn_mark=22 drop=0
[QUEUE_STATS] t_ms=3808 q_pkts=2 q_bytes=3008 qdelay_l_ms=1.05576 qdelay_c_ms=0 ecn_mark=22 drop=0
[QUEUE_STATS] t_ms=3824 q_pkts=4 q_bytes=6016 qdelay_l_ms=0.994035 qdelay_c_ms=0.989376 ecn_mark=22 drop=0
[QUEUE_STATS] t_ms=3840 q_pkts=2 q_bytes=3008 qdelay_l_ms=1.02087 qdelay_c_ms=0 ecn_mark=22 drop=0
[QUEUE_STATS] t_ms=3856 q_pkts=4 q_bytes=6016 qdelay_l_ms=1.07381 qdelay_c_ms=1.07002 ecn_mark=22 drop=0
[QUEUE_STATS] t_ms=3872 q_pkts=2 q_bytes=3008 qdelay_l_ms=0 qdelay_c_ms=1.08643 ecn_mark=23 drop=0
[QUEUE_STATS] t_ms=3889 q_pkts=2 q_bytes=3008 qdelay_l_ms=1.0785 qdelay_c_ms=0 ecn_mark=23 drop=0
[QUEUE_STATS] t_ms=3904 q_pkts=5 q_bytes=7520 qdelay_l_ms=1.06595 qdelay_c_ms=1.92746 ecn_mark=24 drop=0
[QUEUE_STATS] t_ms=3921 q_pkts=2 q_bytes=3008 qdelay_l_ms=1.06182 qdelay_c_ms=0 ecn_mark=24 drop=0
[QUEUE_STATS] t_ms=3936 q_pkts=6 q_bytes=9024 qdelay_l_ms=1.07051 qdelay_c_ms=1.0675 ecn_mark=24 drop=0
[QUEUE_STATS] t_ms=3952 q_pkts=4 q_bytes=6016 qdelay_l_ms=0.955162 qdelay_c_ms=0.952277 ecn_mark=26 drop=0
[QUEUE_STATS] t_ms=3968 q_pkts=1 q_bytes=1504 qdelay_l_ms=1.07612 qdelay_c_ms=0 ecn_mark=27 drop=0
[QUEUE_STATS] t_ms=3984 q_pkts=6 q_bytes=9024 qdelay_l_ms=1.05695 qdelay_c_ms=1.07124 ecn_mark=29 drop=0
[QUEUE_STATS] t_ms=4000 q_pkts=3 q_bytes=4512 qdelay_l_ms=1.0807 qdelay_c_ms=1.84181 ecn_mark=31 drop=0
[QUEUE_STATS] t_ms=4016 q_pkts=2 q_bytes=3008 qdelay_l_ms=1.05472 qdelay_c_ms=0 ecn_mark=32 drop=0
[QUEUE_STATS] t_ms=4032 q_pkts=5 q_bytes=7520 qdelay_l_ms=0.710042 qdelay_c_ms=1.77523 ecn_mark=32 drop=0
[QUEUE_STATS] t_ms=4048 q_pkts=2 q_bytes=3008 qdelay_l_ms=1.06994 qdelay_c_ms=0 ecn_mark=32 drop=0
[QUEUE_STATS] t_ms=4064 q_pkts=4 q_bytes=6016 qdelay_l_ms=1.05821 qdelay_c_ms=1.06409 ecn_mark=32 drop=0
[QUEUE_STATS] t_ms=4080 q_pkts=4 q_bytes=6016 qdelay_l_ms=0.938771 qdelay_c_ms=0.935104 ecn_mark=33 drop=0
[QUEUE_STATS] t_ms=4096 q_pkts=2 q_bytes=3008 qdelay_l_ms=1.06699 qdelay_c_ms=0 ecn_mark=34 drop=0
[QUEUE_STATS] t_ms=4112 q_pkts=5 q_bytes=7520 qdelay_l_ms=1.09464 qdelay_c_ms=1.08745 ecn_mark=34 drop=0
[QUEUE_STATS] t_ms=4128 q_pkts=6 q_bytes=9024 qdelay_l_ms=1.08489 qdelay_c_ms=1.81229 ecn_mark=38 drop=0
[QUEUE_STATS] t_ms=4144 q_pkts=3 q_bytes=4512 qdelay_l_ms=1.0523 qdelay_c_ms=0 ecn_mark=39 drop=0
[QUEUE_STATS] t_ms=4160 q_pkts=5 q_bytes=7520 qdelay_l_ms=1.06368 qdelay_c_ms=2.15845 ecn_mark=41 drop=0
[QUEUE_STATS] t_ms=4176 q_pkts=0 q_bytes=0 qdelay_l_ms=0 qdelay_c_ms=0 ecn_mark=42 drop=0
[QUEUE_STATS] t_ms=4192 q_pkts=3 q_bytes=4512 qdelay_l_ms=0 qdelay_c_ms=2.12591 ecn_mark=43 drop=0
[QUEUE_STATS] t_ms=4208 q_pkts=2 q_bytes=3008 qdelay_l_ms=0 qdelay_c_ms=1.37341 ecn_mark=44 drop=0
[QUEUE_STATS] t_ms=4224 q_pkts=2 q_bytes=3008 qdelay_l_ms=1.06992 qdelay_c_ms=0 ecn_mark=44 drop=0
[QUEUE_STATS] t_ms=4241 q_pkts=4 q_bytes=6016 qdelay_l_ms=1.08285 qdelay_c_ms=1.9948 ecn_mark=46 drop=0
[QUEUE_STATS] t_ms=4256 q_pkts=6 q_bytes=9024 qdelay_l_ms=1.08212 qdelay_c_ms=1.96597 ecn_mark=48 drop=0
[QUEUE_STATS] t_ms=4272 q_pkts=5 q_bytes=7520 qdelay_l_ms=0.92749 qdelay_c_ms=0.923763 ecn_mark=50 drop=0
[QUEUE_STATS] t_ms=4288 q_pkts=4 q_bytes=6016 qdelay_l_ms=1.03585 qdelay_c_ms=1.03073 ecn_mark=50 drop=0
[QUEUE_STATS] t_ms=4304 q_pkts=2 q_bytes=3008 qdelay_l_ms=0.905459 qdelay_c_ms=0 ecn_mark=52 drop=0
[QUEUE_STATS] t_ms=4321 q_pkts=4 q_bytes=6016 qdelay_l_ms=1.05866 qdelay_c_ms=1.05555 ecn_mark=54 drop=0
[QUEUE_STATS] t_ms=4336 q_pkts=5 q_bytes=7520 qdelay_l_ms=1.0767 qdelay_c_ms=1.07387 ecn_mark=55 drop=0
[QUEUE_STATS] t_ms=4352 q_pkts=2 q_bytes=3008 qdelay_l_ms=1.07365 qdelay_c_ms=0 ecn_mark=57 drop=0
[QUEUE_STATS] t_ms=4368 q_pkts=6 q_bytes=9024 qdelay_l_ms=1.06608 qdelay_c_ms=1.7667 ecn_mark=58 drop=0
[QUEUE_STATS] t_ms=4384 q_pkts=5 q_bytes=7520 qdelay_l_ms=0.912252 qdelay_c_ms=1.63737 ecn_mark=59 drop=0
[QUEUE_STATS] t_ms=4400 q_pkts=3 q_bytes=4512 qdelay_l_ms=0.897444 qdelay_c_ms=0.910468 ecn_mark=61 drop=0
[QUEUE_STATS] t_ms=4416 q_pkts=4 q_bytes=6016 qdelay_l_ms=0.929924 qdelay_c_ms=1.82966 ecn_mark=63 drop=0
[QUEUE_STATS] t_ms=4432 q_pkts=3 q_bytes=4512 qdelay_l_ms=1.03213 qdelay_c_ms=0 ecn_mark=66 drop=0
[QUEUE_STATS] t_ms=4449 q_pkts=6 q_bytes=9024 qdelay_l_ms=1.08008 qdelay_c_ms=1.07655 ecn_mark=68 drop=0
[QUEUE_STATS] t_ms=4464 q_pkts=3 q_bytes=4512 qdelay_l_ms=1.02642 qdelay_c_ms=2.09629 ecn_mark=68 drop=0
[QUEUE_STATS] t_ms=4480 q_pkts=2 q_bytes=3008 qdelay_l_ms=1.07939 qdelay_c_ms=0 ecn_mark=71 drop=0
[QUEUE_STATS] t_ms=4496 q_pkts=6 q_bytes=9024 qdelay_l_ms=1.10654 qdelay_c_ms=1.09875 ecn_mark=72 drop=0
[QUEUE_STATS] t_ms=4512 q_pkts=4 q_bytes=6016 qdelay_l_ms=1.08041 qdelay_c_ms=1.07734 ecn_mark=73 drop=0
[QUEUE_STATS] t_ms=4528 q_pkts=4 q_bytes=6016 qdelay_l_ms=0.917161 qdelay_c_ms=0.913945 ecn_mark=75 drop=0
[QUEUE_STATS] t_ms=4544 q_pkts=5 q_bytes=7520 qdelay_l_ms=0.927029 qdelay_c_ms=0.923342 ecn_mark=76 drop=0
[QUEUE_STATS] t_ms=4560 q_pkts=3 q_bytes=4512 qdelay_l_ms=1.07354 qdelay_c_ms=0 ecn_mark=78 drop=0
[QUEUE_STATS] t_ms=4577 q_pkts=4 q_bytes=6016 qdelay_l_ms=1.07988 qdelay_c_ms=1.0768 ecn_mark=80 drop=0
[QUEUE_STATS] t_ms=4592 q_pkts=2 q_bytes=3008 qdelay_l_ms=0 qdelay_c_ms=0.03238 ecn_mark=81 drop=0
[QUEUE_STATS] t_ms=4608 q_pkts=4 q_bytes=6016 qdelay_l_ms=0.926889 qdelay_c_ms=0.923463 ecn_mark=83 drop=0
[QUEUE_STATS] t_ms=4624 q_pkts=4 q_bytes=6016 qdelay_l_ms=0.928712 qdelay_c_ms=0.924474 ecn_mark=83 drop=0
[QUEUE_STATS] t_ms=4640 q_pkts=6 q_bytes=9024 qdelay_l_ms=1.07752 qdelay_c_ms=1.06983 ecn_mark=86 drop=0
[QUEUE_STATS] t_ms=4656 q_pkts=5 q_bytes=7520 qdelay_l_ms=0.908966 qdelay_c_ms=0.901942 ecn_mark=86 drop=0
[QUEUE_STATS] t_ms=4672 q_pkts=5 q_bytes=7520 qdelay_l_ms=0.90577 qdelay_c_ms=0.899127 ecn_mark=86 drop=0
[QUEUE_STATS] t_ms=4688 q_pkts=2 q_bytes=3008 qdelay_l_ms=1.06886 qdelay_c_ms=0 ecn_mark=88 drop=0
[QUEUE_STATS] t_ms=4704 q_pkts=2 q_bytes=3008 qdelay_l_ms=1.08157 qdelay_c_ms=0 ecn_mark=88 drop=0
[QUEUE_STATS] t_ms=4720 q_pkts=5 q_bytes=7520 qdelay_l_ms=1.07861 qdelay_c_ms=1.07469 ecn_mark=90 drop=0
[QUEUE_STATS] t_ms=4736 q_pkts=5 q_bytes=7520 qdelay_l_ms=1.07092 qdelay_c_ms=1.06806 ecn_mark=93 drop=0
[QUEUE_STATS] t_ms=4752 q_pkts=3 q_bytes=4512 qdelay_l_ms=1.08374 qdelay_c_ms=1.08014 ecn_mark=97 drop=0
[QUEUE_STATS] t_ms=4768 q_pkts=2 q_bytes=3008 qdelay_l_ms=1.05883 qdelay_c_ms=0 ecn_mark=97 drop=0
[QUEUE_STATS] t_ms=4784 q_pkts=4 q_bytes=6016 qdelay_l_ms=1.06281 qdelay_c_ms=2.07121 ecn_mark=99 drop=0
[QUEUE_STATS] t_ms=4800 q_pkts=4 q_bytes=6016 qdelay_l_ms=1.08106 qdelay_c_ms=1.0763 ecn_mark=101 drop=0
[QUEUE_STATS] t_ms=4816 q_pkts=2 q_bytes=3008 qdelay_l_ms=1.07516 qdelay_c_ms=0 ecn_mark=102 drop=0
[QUEUE_STATS] t_ms=4832 q_pkts=4 q_bytes=6016 qdelay_l_ms=1.10427 qdelay_c_ms=1.79248 ecn_mark=103 drop=0
[QUEUE_STATS] t_ms=4849 q_pkts=8 q_bytes=12032 qdelay_l_ms=1.08928 qdelay_c_ms=3.98472 ecn_mark=106 drop=0
[QUEUE_STATS] t_ms=4864 q_pkts=0 q_bytes=0 qdelay_l_ms=0 qdelay_c_ms=0 ecn_mark=108 drop=0
[QUEUE_STATS] t_ms=4880 q_pkts=4 q_bytes=6016 qdelay_l_ms=0.923332 qdelay_c_ms=0.91678 ecn_mark=110 drop=0
[QUEUE_STATS] t_ms=4896 q_pkts=2 q_bytes=3008 qdelay_l_ms=1.06823 qdelay_c_ms=0 ecn_mark=112 drop=0
[QUEUE_STATS] t_ms=4912 q_pkts=6 q_bytes=9024 qdelay_l_ms=1.04066 qdelay_c_ms=2.17483 ecn_mark=114 drop=0
[QUEUE_STATS] t_ms=4928 q_pkts=1 q_bytes=1504 qdelay_l_ms=0 qdelay_c_ms=1.84227 ecn_mark=114 drop=0
[QUEUE_STATS] t_ms=4944 q_pkts=2 q_bytes=3008 qdelay_l_ms=0.020699 qdelay_c_ms=0.014247 ecn_mark=116 drop=0
[QUEUE_STATS] t_ms=4960 q_pkts=4 q_bytes=6016 qdelay_l_ms=0.943741 qdelay_c_ms=0.93814 ecn_mark=118 drop=0
[QUEUE_STATS] t_ms=4976 q_pkts=2 q_bytes=3008 qdelay_l_ms=1.09088 qdelay_c_ms=0 ecn_mark=119 drop=0
[QUEUE_STATS] t_ms=4993 q_pkts=3 q_bytes=4512 qdelay_l_ms=1.08434 qdelay_c_ms=2.11791 ecn_mark=120 drop=0
[QUEUE_STATS] t_ms=5008 q_pkts=4 q_bytes=6016 qdelay_l_ms=1.07438 qdelay_c_ms=1.06787 ecn_mark=120 drop=0
[QUEUE_STATS] t_ms=5024 q_pkts=2 q_bytes=3008 qdelay_l_ms=1.08553 qdelay_c_ms=0 ecn_mark=121 drop=0
[QUEUE_STATS] t_ms=5040 q_pkts=4 q_bytes=6016 qdelay_l_ms=0.964619 qdelay_c_ms=0.954781 ecn_mark=122 drop=0
[QUEUE_STATS] t_ms=5056 q_pkts=2 q_bytes=3008 qdelay_l_ms=1.05603 qdelay_c_ms=0 ecn_mark=123 drop=0
[QUEUE_STATS] t_ms=5072 q_pkts=3 q_bytes=4512 qdelay_l_ms=0.956204 qdelay_c_ms=0 ecn_mark=124 drop=0
[QUEUE_STATS] t_ms=5088 q_pkts=5 q_bytes=7520 qdelay_l_ms=0.981762 qdelay_c_ms=1.91568 ecn_mark=124 drop=0
[QUEUE_STATS] t_ms=5104 q_pkts=4 q_bytes=6016 qdelay_l_ms=1.05644 qdelay_c_ms=1.05054 ecn_mark=124 drop=0
[QUEUE_STATS] t_ms=5120 q_pkts=3 q_bytes=4512 qdelay_l_ms=1.07202 qdelay_c_ms=1.06564 ecn_mark=124 drop=0
[QUEUE_STATS] t_ms=5136 q_pkts=4 q_bytes=6016 qdelay_l_ms=0.944843 qdelay_c_ms=0.969089 ecn_mark=125 drop=0
[QUEUE_STATS] t_ms=5152 q_pkts=2 q_bytes=3008 qdelay_l_ms=1.08855 qdelay_c_ms=0 ecn_mark=126 drop=0
[QUEUE_STATS] t_ms=5168 q_pkts=4 q_bytes=6016 qdelay_l_ms=1.02821 qdelay_c_ms=1.02107 ecn_mark=126 drop=0
[QUEUE_STATS] t_ms=5184 q_pkts=4 q_bytes=6016 qdelay_l_ms=1.0857 qdelay_c_ms=1.07882 ecn_mark=127 drop=0
[QUEUE_STATS] t_ms=5200 q_pkts=2 q_bytes=3008 qdelay_l_ms=1.08025 qdelay_c_ms=0 ecn_mark=127 drop=0
[QUEUE_STATS] t_ms=5216 q_pkts=8 q_bytes=12032 qdelay_l_ms=0.945614 qdelay_c_ms=2.37505 ecn_mark=129 drop=0
[QUEUE_STATS] t_ms=5232 q_pkts=2 q_bytes=3008 qdelay_l_ms=0.976522 qdelay_c_ms=0 ecn_mark=129 drop=0
[QUEUE_STATS] t_ms=5249 q_pkts=3 q_bytes=4512 qdelay_l_ms=1.09875 qdelay_c_ms=1.10948 ecn_mark=129 drop=0
[QUEUE_STATS] t_ms=5264 q_pkts=5 q_bytes=7520 qdelay_l_ms=1.09241 qdelay_c_ms=2.18209 ecn_mark=129 drop=0
[QUEUE_STATS] t_ms=5280 q_pkts=2 q_bytes=3008 qdelay_l_ms=1.0852 qdelay_c_ms=0 ecn_mark=129 drop=0
[QUEUE_STATS] t_ms=5296 q_pkts=5 q_bytes=7520 qdelay_l_ms=1.07231 qdelay_c_ms=2.14258 ecn_mark=130 drop=0
[QUEUE_STATS] t_ms=5312 q_pkts=3 q_bytes=4512 qdelay_l_ms=1.06703 qdelay_c_ms=2.19543 ecn_mark=131 drop=0
[QUEUE_STATS] t_ms=5329 q_pkts=4 q_bytes=6016 qdelay_l_ms=1.0956 qdelay_c_ms=1.08798 ecn_mark=132 drop=0
[QUEUE_STATS] t_ms=5344 q_pkts=0 q_bytes=0 qdelay_l_ms=0 qdelay_c_ms=0 ecn_mark=133 drop=0
[QUEUE_STATS] t_ms=5360 q_pkts=0 q_bytes=0 qdelay_l_ms=0 qdelay_c_ms=0 ecn_mark=133 drop=0
[QUEUE_STATS] t_ms=5376 q_pkts=1 q_bytes=1504 qdelay_l_ms=0.018174 qdelay_c_ms=0 ecn_mark=134 drop=0
[QUEUE_STATS] t_ms=5392 q_pkts=6 q_bytes=9024 qdelay_l_ms=1.09372 qdelay_c_ms=2.94712 ecn_mark=135 drop=0
[QUEUE_STATS] t_ms=5408 q_pkts=4 q_bytes=6016 qdelay_l_ms=1.05502 qdelay_c_ms=1.07735 ecn_mark=138 drop=0
[QUEUE_STATS] t_ms=5424 q_pkts=4 q_bytes=6016 qdelay_l_ms=1.09898 qdelay_c_ms=1.0908 ecn_mark=139 drop=0
[QUEUE_STATS] t_ms=5440 q_pkts=7 q_bytes=10528 qdelay_l_ms=1.11661 qdelay_c_ms=3.23967 ecn_mark=140 drop=0
[QUEUE_STATS] t_ms=5456 q_pkts=7 q_bytes=10528 qdelay_l_ms=0.950584 qdelay_c_ms=0.942118 ecn_mark=141 drop=0
[QUEUE_STATS] t_ms=5472 q_pkts=5 q_bytes=7520 qdelay_l_ms=1.08458 qdelay_c_ms=2.19682 ecn_mark=142 drop=0
[QUEUE_STATS] t_ms=5488 q_pkts=1 q_bytes=1504 qdelay_l_ms=1.07369 qdelay_c_ms=0 ecn_mark=143 drop=0
[QUEUE_STATS] t_ms=5504 q_pkts=2 q_bytes=3008 qdelay_l_ms=1.07579 qdelay_c_ms=0 ecn_mark=144 drop=0
[QUEUE_STATS] t_ms=5520 q_pkts=2 q_bytes=3008 qdelay_l_ms=1.09216 qdelay_c_ms=0 ecn_mark=146 drop=0
[QUEUE_STATS] t_ms=5536 q_pkts=6 q_bytes=9024 qdelay_l_ms=1.10783 qdelay_c_ms=1.10016 ecn_mark=146 drop=0
[QUEUE_STATS] t_ms=5552 q_pkts=0 q_bytes=0 qdelay_l_ms=0 qdelay_c_ms=0 ecn_mark=147 drop=0
[QUEUE_STATS] t_ms=5568 q_pkts=4 q_bytes=6016 qdelay_l_ms=1.09744 qdelay_c_ms=1.08964 ecn_mark=147 drop=0
[QUEUE_STATS] t_ms=5584 q_pkts=4 q_bytes=6016 qdelay_l_ms=1.10178 qdelay_c_ms=1.09432 ecn_mark=148 drop=0
[QUEUE_STATS] t_ms=5601 q_pkts=5 q_bytes=7520 qdelay_l_ms=1.09093 qdelay_c_ms=2.18392 ecn_mark=150 drop=0
[QUEUE_STATS] t_ms=5616 q_pkts=4 q_bytes=6016 qdelay_l_ms=1.08338 qdelay_c_ms=1.86474 ecn_mark=151 drop=0
[QUEUE_STATS] t_ms=5633 q_pkts=3 q_bytes=4512 qdelay_l_ms=1.09783 qdelay_c_ms=1.08744 ecn_mark=152 drop=0
[QUEUE_STATS] t_ms=5648 q_pkts=4 q_bytes=6016 qdelay_l_ms=0.810731 qdelay_c_ms=0.803748 ecn_mark=152 drop=0
[QUEUE_STATS] t_ms=5664 q_pkts=2 q_bytes=3008 qdelay_l_ms=1.08291 qdelay_c_ms=1.0759 ecn_mark=153 drop=0
[QUEUE_STATS] t_ms=5680 q_pkts=4 q_bytes=6016 qdelay_l_ms=0.93813 qdelay_c_ms=0.928442 ecn_mark=153 drop=0
[QUEUE_STATS] t_ms=5697 q_pkts=4 q_bytes=6016 qdelay_l_ms=1.08022 qdelay_c_ms=1.07309 ecn_mark=155 drop=0
[QUEUE_STATS] t_ms=5712 q_pkts=2 q_bytes=3008 qdelay_l_ms=0.039935 qdelay_c_ms=0.030848 ecn_mark=157 drop=0
[QUEUE_STATS] t_ms=5728 q_pkts=5 q_bytes=7520 qdelay_l_ms=1.10774 qdelay_c_ms=2.91657 ecn_mark=159 drop=0
[QUEUE_STATS] t_ms=5744 q_pkts=2 q_bytes=3008 qdelay_l_ms=0.950303 qdelay_c_ms=0 ecn_mark=160 drop=0
[QUEUE_STATS] t_ms=5761 q_pkts=3 q_bytes=4512 qdelay_l_ms=1.10098 qdelay_c_ms=1.09392 ecn_mark=162 drop=0
[QUEUE_STATS] t_ms=5777 q_pkts=6 q_bytes=9024 qdelay_l_ms=1.08087 qdelay_c_ms=3.22108 ecn_mark=163 drop=0
[QUEUE_STATS] t_ms=5792 q_pkts=2 q_bytes=3008 qdelay_l_ms=1.0627 qdelay_c_ms=0 ecn_mark=163 drop=0
[QUEUE_STATS] t_ms=5808 q_pkts=4 q_bytes=6016 qdelay_l_ms=1.09653 qdelay_c_ms=1.08848 ecn_mark=166 drop=0
[QUEUE_STATS] t_ms=5824 q_pkts=3 q_bytes=4512 qdelay_l_ms=1.09115 qdelay_c_ms=1.81836 ecn_mark=167 drop=0
[QUEUE_STATS] t_ms=5841 q_pkts=3 q_bytes=4512 qdelay_l_ms=1.08582 qdelay_c_ms=1.0792 ecn_mark=168 drop=0
[QUEUE_STATS] t_ms=5856 q_pkts=5 q_bytes=7520 qdelay_l_ms=1.07209 qdelay_c_ms=1.80036 ecn_mark=169 drop=0
[QUEUE_STATS] t_ms=5872 q_pkts=0 q_bytes=0 qdelay_l_ms=0 qdelay_c_ms=0 ecn_mark=170 drop=0
[QUEUE_STATS] t_ms=5888 q_pkts=4 q_bytes=6016 qdelay_l_ms=1.09485 qdelay_c_ms=1.08732 ecn_mark=170 drop=0
[QUEUE_STATS] t_ms=5905 q_pkts=4 q_bytes=6016 qdelay_l_ms=1.09461 qdelay_c_ms=1.08849 ecn_mark=171 drop=0
[QUEUE_STATS] t_ms=5921 q_pkts=3 q_bytes=4512 qdelay_l_ms=1.06801 qdelay_c_ms=1.0608 ecn_mark=173 drop=0
[QUEUE_STATS] t_ms=5936 q_pkts=5 q_bytes=7520 qdelay_l_ms=1.03182 qdelay_c_ms=1.05578 ecn_mark=174 drop=0
[QUEUE_STATS] t_ms=5952 q_pkts=5 q_bytes=7520 qdelay_l_ms=1.07091 qdelay_c_ms=1.82543 ecn_mark=176 drop=0
[QUEUE_STATS] t_ms=5968 q_pkts=1 q_bytes=1504 qdelay_l_ms=1.08028 qdelay_c_ms=0 ecn_mark=177 drop=0
[QUEUE_STATS] t_ms=5984 q_pkts=6 q_bytes=9024 qdelay_l_ms=0.945554 qdelay_c_ms=0.979959 ecn_mark=177 drop=0
[QUEUE_STATS] t_ms=6000 q_pkts=3 q_bytes=4512 qdelay_l_ms=0.020518 qdelay_c_ms=1.15169 ecn_mark=177 drop=0
[QUEUE_STATS] t_ms=6016 q_pkts=6 q_bytes=9024 qdelay_l_ms=1.10959 qdelay_c_ms=2.15872 ecn_mark=177 drop=0
[QUEUE_STATS] t_ms=6033 q_pkts=6 q_bytes=9024 qdelay_l_ms=1.10651 qdelay_c_ms=1.09755 ecn_mark=178 drop=0
[QUEUE_STATS] t_ms=6048 q_pkts=4 q_bytes=6016 qdelay_l_ms=1.06039 qdelay_c_ms=1.08764 ecn_mark=181 drop=0
[QUEUE_STATS] t_ms=6064 q_pkts=2 q_bytes=3008 qdelay_l_ms=1.08026 qdelay_c_ms=0 ecn_mark=181 drop=0
[QUEUE_STATS] t_ms=6080 q_pkts=4 q_bytes=6016 qdelay_l_ms=0.968708 qdelay_c_ms=0.960743 ecn_mark=182 drop=0
[QUEUE_STATS] t_ms=6096 q_pkts=4 q_bytes=6016 qdelay_l_ms=1.07816 qdelay_c_ms=1.10477 ecn_mark=184 drop=0
[QUEUE_STATS] t_ms=6112 q_pkts=4 q_bytes=6016 qdelay_l_ms=1.10233 qdelay_c_ms=1.09415 ecn_mark=184 drop=0
[QUEUE_STATS] t_ms=6128 q_pkts=7 q_bytes=10528 qdelay_l_ms=1.04571 qdelay_c_ms=2.14355 ecn_mark=185 drop=0
[QUEUE_STATS] t_ms=6144 q_pkts=4 q_bytes=6016 qdelay_l_ms=1.01099 qdelay_c_ms=1.00314 ecn_mark=185 drop=0
[QUEUE_STATS] t_ms=6160 q_pkts=5 q_bytes=7520 qdelay_l_ms=1.09988 qdelay_c_ms=1.09107 ecn_mark=185 drop=0
[QUEUE_STATS] t_ms=6177 q_pkts=2 q_bytes=3008 qdelay_l_ms=1.07008 qdelay_c_ms=0 ecn_mark=187 drop=0
[QUEUE_STATS] t_ms=6192 q_pkts=2 q_bytes=3008 qdelay_l_ms=0 qdelay_c_ms=0.976132 ecn_mark=187 drop=0
[QUEUE_STATS] t_ms=6208 q_pkts=5 q_bytes=7520 qdelay_l_ms=1.02411 qdelay_c_ms=2.09048 ecn_mark=188 drop=0
[QUEUE_STATS] t_ms=6224 q_pkts=4 q_bytes=6016 qdelay_l_ms=1.09996 qdelay_c_ms=1.09171 ecn_mark=188 drop=0
[QUEUE_STATS] t_ms=6240 q_pkts=4 q_bytes=6016 qdelay_l_ms=1.10339 qdelay_c_ms=1.09537 ecn_mark=188 drop=0
[QUEUE_STATS] t_ms=6256 q_pkts=4 q_bytes=6016 qdelay_l_ms=1.10841 qdelay_c_ms=1.09994 ecn_mark=190 drop=0
[QUEUE_STATS] t_ms=6272 q_pkts=6 q_bytes=9024 qdelay_l_ms=1.05071 qdelay_c_ms=1.07429 ecn_mark=190 drop=0
[QUEUE_STATS] t_ms=6288 q_pkts=4 q_bytes=6016 qdelay_l_ms=1.10475 qdelay_c_ms=1.09536 ecn_mark=191 drop=0
[QUEUE_STATS] t_ms=6304 q_pkts=3 q_bytes=4512 qdelay_l_ms=1.08968 qdelay_c_ms=0 ecn_mark=192 drop=0
[QUEUE_STATS] t_ms=6321 q_pkts=4 q_bytes=6016 qdelay_l_ms=1.1031 qdelay_c_ms=1.09566 ecn_mark=194 drop=0
[QUEUE_STATS] t_ms=6336 q_pkts=3 q_bytes=4512 qdelay_l_ms=0.936156 qdelay_c_ms=0.959781 ecn_mark=195 drop=0
[QUEUE_STATS] t_ms=6352 q_pkts=3 q_bytes=4512 qdelay_l_ms=1.08337 qdelay_c_ms=1.07668 ecn_mark=197 drop=0
[QUEUE_STATS] t_ms=6368 q_pkts=4 q_bytes=6016 qdelay_l_ms=1.10477 qdelay_c_ms=1.0947 ecn_mark=197 drop=0
[QUEUE_STATS] t_ms=6384 q_pkts=4 q_bytes=6016 qdelay_l_ms=1.10808 qdelay_c_ms=1.09699 ecn_mark=199 drop=0
[QUEUE_STATS] t_ms=6400 q_pkts=5 q_bytes=7520 qdelay_l_ms=1.08404 qdelay_c_ms=2.95274 ecn_mark=201 drop=0
[QUEUE_STATS] t_ms=6416 q_pkts=4 q_bytes=6016 qdelay_l_ms=1.07656 qdelay_c_ms=1.06632 ecn_mark=201 drop=0
[QUEUE_STATS] t_ms=6432 q_pkts=4 q_bytes=6016 qdelay_l_ms=1.06999 qdelay_c_ms=1.06319 ecn_mark=202 drop=0
[QUEUE_STATS] t_ms=6448 q_pkts=7 q_bytes=10528 qdelay_l_ms=1.05617 qdelay_c_ms=2.20404 ecn_mark=204 drop=0
[QUEUE_STATS] t_ms=6465 q_pkts=3 q_bytes=4512 qdelay_l_ms=1.07033 qdelay_c_ms=1.07837 ecn_mark=204 drop=0
[QUEUE_STATS] t_ms=6480 q_pkts=2 q_bytes=3008 qdelay_l_ms=1.06239 qdelay_c_ms=0 ecn_mark=205 drop=0
[QUEUE_STATS] t_ms=6497 q_pkts=5 q_bytes=7520 qdelay_l_ms=1.07421 qdelay_c_ms=2.13907 ecn_mark=206 drop=0
[QUEUE_STATS] t_ms=6512 q_pkts=4 q_bytes=6016 qdelay_l_ms=0.993053 qdelay_c_ms=0.984126 ecn_mark=207 drop=0
[QUEUE_STATS] t_ms=6528 q_pkts=4 q_bytes=6016 qdelay_l_ms=0.976502 qdelay_c_ms=0.968256 ecn_mark=209 drop=0
[QUEUE_STATS] t_ms=6544 q_pkts=5 q_bytes=7520 qdelay_l_ms=1.01288 qdelay_c_ms=2.20417 ecn_mark=209 drop=0
[QUEUE_STATS] t_ms=6560 q_pkts=4 q_bytes=6016 qdelay_l_ms=1.10562 qdelay_c_ms=1.09815 ecn_mark=209 drop=0
[QUEUE_STATS] t_ms=6576 q_pkts=5 q_bytes=7520 qdelay_l_ms=0.976872 qdelay_c_ms=0.968547 ecn_mark=209 drop=0
[QUEUE_STATS] t_ms=6592 q_pkts=3 q_bytes=4512 qdelay_l_ms=0.818877 qdelay_c_ms=0.811924 ecn_mark=209 drop=0
[QUEUE_STATS] t_ms=6608 q_pkts=2 q_bytes=3008 qdelay_l_ms=1.03549 qdelay_c_ms=0 ecn_mark=209 drop=0
[QUEUE_STATS] t_ms=6624 q_pkts=4 q_bytes=6016 qdelay_l_ms=0.960202 qdelay_c_ms=0.952077 ecn_mark=209 drop=0
[QUEUE_STATS] t_ms=6640 q_pkts=4 q_bytes=6016 qdelay_l_ms=1.11051 qdelay_c_ms=1.09651 ecn_mark=209 drop=0
[QUEUE_STATS] t_ms=6656 q_pkts=4 q_bytes=6016 qdelay_l_ms=0.964229 qdelay_c_ms=1.88524 ecn_mark=211 drop=0
[QUEUE_STATS] t_ms=6672 q_pkts=6 q_bytes=9024 qdelay_l_ms=0.973307 qdelay_c_ms=2.10946 ecn_mark=212 drop=0
[QUEUE_STATS] t_ms=6688 q_pkts=3 q_bytes=4512 qdelay_l_ms=1.09418 qdelay_c_ms=1.08787 ecn_mark=213 drop=0
[QUEUE_STATS] t_ms=6704 q_pkts=2 q_bytes=3008 qdelay_l_ms=0.036348 qdelay_c_ms=0.027962 ecn_mark=213 drop=0
[QUEUE_STATS] t_ms=6721 q_pkts=6 q_bytes=9024 qdelay_l_ms=1.07957 qdelay_c_ms=2.19405 ecn_mark=214 drop=0
[QUEUE_STATS] t_ms=6736 q_pkts=2 q_bytes=3008 qdelay_l_ms=1.08401 qdelay_c_ms=0 ecn_mark=214 drop=0
[QUEUE_STATS] t_ms=6752 q_pkts=5 q_bytes=7520 qdelay_l_ms=1.09579 qdelay_c_ms=2.004 ecn_mark=215 drop=0
[QUEUE_STATS] t_ms=6768 q_pkts=4 q_bytes=6016 qdelay_l_ms=1.10178 qdelay_c_ms=1.78003 ecn_mark=216 drop=0
[QUEUE_STATS] t_ms=6784 q_pkts=4 q_bytes=6016 qdelay_l_ms=1.02496 qdelay_c_ms=1.05002 ecn_mark=218 drop=0
[QUEUE_STATS] t_ms=6800 q_pkts=4 q_bytes=6016 qdelay_l_ms=0.968758 qdelay_c_ms=0.960532 ecn_mark=218 drop=0
[QUEUE_STATS] t_ms=6816 q_pkts=6 q_bytes=9024 qdelay_l_ms=1.07407 qdelay_c_ms=1.10723 ecn_mark=220 drop=0
[QUEUE_STATS] t_ms=6832 q_pkts=4 q_bytes=6016 qdelay_l_ms=1.07643 qdelay_c_ms=2.14876 ecn_mark=221 drop=0
[QUEUE_STATS] t_ms=6849 q_pkts=5 q_bytes=7520 qdelay_l_ms=1.08582 qdelay_c_ms=2.12164 ecn_mark=221 drop=0
[QUEUE_STATS] t_ms=6864 q_pkts=4 q_bytes=6016 qdelay_l_ms=1.09037 qdelay_c_ms=1.08012 ecn_mark=224 drop=0
[QUEUE_STATS] t_ms=6880 q_pkts=4 q_bytes=6016 qdelay_l_ms=1.10503 qdelay_c_ms=1.0954 ecn_mark=224 drop=0
[QUEUE_STATS] t_ms=6896 q_pkts=6 q_bytes=9024 qdelay_l_ms=1.11318 qdelay_c_ms=1.82311 ecn_mark=226 drop=0
[QUEUE_STATS] t_ms=6912 q_pkts=4 q_bytes=6016 qdelay_l_ms=1.07029 qdelay_c_ms=1.0646 ecn_mark=229 drop=0
[QUEUE_STATS] t_ms=6929 q_pkts=4 q_bytes=6016 qdelay_l_ms=1.08362 qdelay_c_ms=1.8207 ecn_mark=229 drop=0
[QUEUE_STATS] t_ms=6944 q_pkts=3 q_bytes=4512 qdelay_l_ms=1.09088 qdelay_c_ms=0 ecn_mark=230 drop=0
[QUEUE_STATS] t_ms=6960 q_pkts=2 q_bytes=3008 qdelay_l_ms=1.10002 qdelay_c_ms=0 ecn_mark=231 drop=0
[QUEUE_STATS] t_ms=6976 q_pkts=3 q_bytes=4512 qdelay_l_ms=0.981742 qdelay_c_ms=0 ecn_mark=232 drop=0
[QUEUE_STATS] t_ms=6992 q_pkts=2 q_bytes=3008 qdelay_l_ms=0.033313 qdelay_c_ms=0.025278 ecn_mark=232 drop=0
[QUEUE_STATS] t_ms=7008 q_pkts=4 q_bytes=6016 qdelay_l_ms=1.06942 qdelay_c_ms=1.0638 ecn_mark=232 drop=0
[QUEUE_STATS] t_ms=7024 q_pkts=4 q_bytes=6016 qdelay_l_ms=1.1048 qdelay_c_ms=1.09661 ecn_mark=233 drop=0
[QUEUE_STATS] t_ms=7040 q_pkts=4 q_bytes=6016 qdelay_l_ms=1.07225 qdelay_c_ms=1.10783 ecn_mark=234 drop=0
[QUEUE_STATS] t_ms=7056 q_pkts=6 q_bytes=9024 qdelay_l_ms=1.05889 qdelay_c_ms=1.0505 ecn_mark=235 drop=0
[QUEUE_STATS] t_ms=7072 q_pkts=9 q_bytes=13536 qdelay_l_ms=1.08569 qdelay_c_ms=1.06458 ecn_mark=236 drop=0
[QUEUE_STATS] t_ms=7088 q_pkts=6 q_bytes=9024 qdelay_l_ms=1.1051 qdelay_c_ms=1.09649 ecn_mark=238 drop=0
[QUEUE_STATS] t_ms=7104 q_pkts=6 q_bytes=9024 qdelay_l_ms=0.775915 qdelay_c_ms=2.69951 ecn_mark=239 drop=0
[QUEUE_STATS] t_ms=7120 q_pkts=4 q_bytes=6016 qdelay_l_ms=1.0955 qdelay_c_ms=1.08744 ecn_mark=240 drop=0
[QUEUE_STATS] t_ms=7136 q_pkts=6 q_bytes=9024 qdelay_l_ms=1.08186 qdelay_c_ms=1.07345 ecn_mark=241 drop=0
[QUEUE_STATS] t_ms=7152 q_pkts=4 q_bytes=6016 qdelay_l_ms=1.09564 qdelay_c_ms=1.08997 ecn_mark=242 drop=0
[QUEUE_STATS] t_ms=7168 q_pkts=4 q_bytes=6016 qdelay_l_ms=0.948349 qdelay_c_ms=0.937879 ecn_mark=244 drop=0
[QUEUE_STATS] t_ms=7184 q_pkts=5 q_bytes=7520 qdelay_l_ms=1.07862 qdelay_c_ms=1.80064 ecn_mark=245 drop=0
[QUEUE_STATS] t_ms=7201 q_pkts=4 q_bytes=6016 qdelay_l_ms=1.0878 qdelay_c_ms=1.84501 ecn_mark=246 drop=0
[QUEUE_STATS] t_ms=7216 q_pkts=6 q_bytes=9024 qdelay_l_ms=1.06984 qdelay_c_ms=2.04717 ecn_mark=246 drop=0
[QUEUE_STATS] t_ms=7232 q_pkts=4 q_bytes=6016 qdelay_l_ms=1.1161 qdelay_c_ms=1.10488 ecn_mark=247 drop=0
[QUEUE_STATS] t_ms=7248 q_pkts=5 q_bytes=7520 qdelay_l_ms=1.10816 qdelay_c_ms=2.15682 ecn_mark=247 drop=0
[QUEUE_STATS] t_ms=7264 q_pkts=3 q_bytes=4512 qdelay_l_ms=1.09227 qdelay_c_ms=2.13863 ecn_mark=248 drop=0
[QUEUE_STATS] t_ms=7280 q_pkts=6 q_bytes=9024 qdelay_l_ms=1.08085 qdelay_c_ms=1.07226 ecn_mark=250 drop=0
[QUEUE_STATS] t_ms=7296 q_pkts=6 q_bytes=9024 qdelay_l_ms=1.11573 qdelay_c_ms=1.10785 ecn_mark=251 drop=0
[QUEUE_STATS] t_ms=7312 q_pkts=5 q_bytes=7520 qdelay_l_ms=1.09954 qdelay_c_ms=2.14416 ecn_mark=253 drop=0
[QUEUE_STATS] t_ms=7328 q_pkts=6 q_bytes=9024 qdelay_l_ms=1.11888 qdelay_c_ms=1.91684 ecn_mark=254 drop=0
[QUEUE_STATS] t_ms=7344 q_pkts=5 q_bytes=7520 qdelay_l_ms=1.04872 qdelay_c_ms=2.10372 ecn_mark=255 drop=0
[QUEUE_STATS] t_ms=7360 q_pkts=7 q_bytes=10528 qdelay_l_ms=1.10569 qdelay_c_ms=2.16727 ecn_mark=255 drop=0
[QUEUE_STATS] t_ms=7377 q_pkts=4 q_bytes=6016 qdelay_l_ms=1.08544 qdelay_c_ms=2.12676 ecn_mark=256 drop=0
[QUEUE_STATS] t_ms=7392 q_pkts=5 q_bytes=7520 qdelay_l_ms=1.04143 qdelay_c_ms=2.13903 ecn_mark=256 drop=0
[QUEUE_STATS] t_ms=7409 q_pkts=7 q_bytes=10528 qdelay_l_ms=1.08447 qdelay_c_ms=2.22993 ecn_mark=257 drop=0
[QUEUE_STATS] t_ms=7424 q_pkts=4 q_bytes=6016 qdelay_l_ms=0.033633 qdelay_c_ms=0.784492 ecn_mark=259 drop=0
[QUEUE_STATS] t_ms=7440 q_pkts=3 q_bytes=4512 qdelay_l_ms=0 qdelay_c_ms=1.06729 ecn_mark=260 drop=0
[QUEUE_STATS] t_ms=7456 q_pkts=6 q_bytes=9024 qdelay_l_ms=0.966703 qdelay_c_ms=1.90214 ecn_mark=261 drop=0
[QUEUE_STATS] t_ms=7472 q_pkts=2 q_bytes=3008 qdelay_l_ms=0 qdelay_c_ms=1.07065 ecn_mark=263 drop=0
[QUEUE_STATS] t_ms=7488 q_pkts=6 q_bytes=9024 qdelay_l_ms=1.07513 qdelay_c_ms=2.18533 ecn_mark=264 drop=0
[QUEUE_STATS] t_ms=7505 q_pkts=6 q_bytes=9024 qdelay_l_ms=1.06643 qdelay_c_ms=3.24356 ecn_mark=266 drop=0
[QUEUE_STATS] t_ms=7520 q_pkts=5 q_bytes=7520 qdelay_l_ms=1.03783 qdelay_c_ms=2.17988 ecn_mark=266 drop=0
[QUEUE_STATS] t_ms=7536 q_pkts=5 q_bytes=7520 qdelay_l_ms=1.08663 qdelay_c_ms=3.21967 ecn_mark=268 drop=0
[QUEUE_STATS] t_ms=7552 q_pkts=8 q_bytes=12032 qdelay_l_ms=1.11213 qdelay_c_ms=2.98459 ecn_mark=268 drop=0
[QUEUE_STATS] t_ms=7568 q_pkts=5 q_bytes=7520 qdelay_l_ms=1.08304 qdelay_c_ms=2.1396 ecn_mark=269 drop=0
[QUEUE_STATS] t_ms=7584 q_pkts=4 q_bytes=6016 qdelay_l_ms=1.07132 qdelay_c_ms=1.06512 ecn_mark=270 drop=0
[QUEUE_STATS] t_ms=7600 q_pkts=6 q_bytes=9024 qdelay_l_ms=1.04724 qdelay_c_ms=2.10973 ecn_mark=271 drop=0
[QUEUE_STATS] t_ms=7616 q_pkts=7 q_bytes=10528 qdelay_l_ms=1.11508 qdelay_c_ms=3.01638 ecn_mark=272 drop=0
[QUEUE_STATS] t_ms=7633 q_pkts=5 q_bytes=7520 qdelay_l_ms=1.09325 qdelay_c_ms=2.14697 ecn_mark=272 drop=0
[QUEUE_STATS] t_ms=7648 q_pkts=6 q_bytes=9024 qdelay_l_ms=1.10573 qdelay_c_ms=1.76881 ecn_mark=272 drop=0
[QUEUE_STATS] t_ms=7664 q_pkts=7 q_bytes=10528 qdelay_l_ms=1.07205 qdelay_c_ms=1.83562 ecn_mark=274 drop=0
[QUEUE_STATS] t_ms=7680 q_pkts=6 q_bytes=9024 qdelay_l_ms=0.967885 qdelay_c_ms=1.79718 ecn_mark=274 drop=0
[QUEUE_STATS] t_ms=7696 q_pkts=6 q_bytes=9024 qdelay_l_ms=1.06284 qdelay_c_ms=3.14203 ecn_mark=274 drop=0
[QUEUE_STATS] t_ms=7712 q_pkts=8 q_bytes=12032 qdelay_l_ms=1.10574 qdelay_c_ms=1.83004 ecn_mark=274 drop=0
[QUEUE_STATS] t_ms=7728 q_pkts=8 q_bytes=12032 qdelay_l_ms=1.08729 qdelay_c_ms=4.33457 ecn_mark=275 drop=0
[QUEUE_STATS] t_ms=7744 q_pkts=10 q_bytes=15040 qdelay_l_ms=0.947738 qdelay_c_ms=3.77049 ecn_mark=275 drop=0
[QUEUE_STATS] t_ms=7760 q_pkts=9 q_bytes=13536 qdelay_l_ms=1.07002 qdelay_c_ms=2.99711 ecn_mark=275 drop=0
[QUEUE_STATS] t_ms=7776 q_pkts=3 q_bytes=4512 qdelay_l_ms=0 qdelay_c_ms=2.98044 ecn_mark=277 drop=0
[QUEUE_STATS] t_ms=7792 q_pkts=8 q_bytes=12032 qdelay_l_ms=0.990398 qdelay_c_ms=3.13729 ecn_mark=277 drop=0
[QUEUE_STATS] t_ms=7808 q_pkts=10 q_bytes=15040 qdelay_l_ms=1.11408 qdelay_c_ms=4.36472 ecn_mark=277 drop=0
[QUEUE_STATS] t_ms=7825 q_pkts=10 q_bytes=15040 qdelay_l_ms=1.08189 qdelay_c_ms=4.2035 ecn_mark=277 drop=0
[QUEUE_STATS] t_ms=7840 q_pkts=9 q_bytes=13536 qdelay_l_ms=1.10961 qdelay_c_ms=2.92935 ecn_mark=279 drop=0
[QUEUE_STATS] t_ms=7856 q_pkts=11 q_bytes=16544 qdelay_l_ms=1.05045 qdelay_c_ms=2.92716 ecn_mark=280 drop=0
[QUEUE_STATS] t_ms=7872 q_pkts=10 q_bytes=15040 qdelay_l_ms=0.7888 qdelay_c_ms=3.807 ecn_mark=281 drop=0
[QUEUE_STATS] t_ms=7888 q_pkts=10 q_bytes=15040 qdelay_l_ms=1.09663 qdelay_c_ms=3.80348 ecn_mark=281 drop=0
[QUEUE_STATS] t_ms=7904 q_pkts=12 q_bytes=18048 qdelay_l_ms=1.03067 qdelay_c_ms=5.07055 ecn_mark=281 drop=0
[QUEUE_STATS] t_ms=7920 q_pkts=11 q_bytes=16544 qdelay_l_ms=0.032942 qdelay_c_ms=4.2344 ecn_mark=283 drop=0
[QUEUE_STATS] t_ms=7936 q_pkts=9 q_bytes=13536 qdelay_l_ms=1.08331 qdelay_c_ms=3.95532 ecn_mark=283 drop=0
[QUEUE_STATS] t_ms=7952 q_pkts=11 q_bytes=16544 qdelay_l_ms=1.01656 qdelay_c_ms=4.98001 ecn_mark=284 drop=0
[QUEUE_STATS] t_ms=7968 q_pkts=11 q_bytes=16544 qdelay_l_ms=1.08488 qdelay_c_ms=4.32082 ecn_mark=284 drop=0
[QUEUE_STATS] t_ms=7984 q_pkts=12 q_bytes=18048 qdelay_l_ms=0.956534 qdelay_c_ms=4.82168 ecn_mark=285 drop=0
[QUEUE_STATS] t_ms=8000 q_pkts=12 q_bytes=18048 qdelay_l_ms=0.939392 qdelay_c_ms=4.79627 ecn_mark=286 drop=0
[QUEUE_STATS] t_ms=8016 q_pkts=13 q_bytes=19552 qdelay_l_ms=1.04346 qdelay_c_ms=6.50191 ecn_mark=287 drop=0
[QUEUE_STATS] t_ms=8032 q_pkts=13 q_bytes=19552 qdelay_l_ms=1.09042 qdelay_c_ms=4.86397 ecn_mark=287 drop=0
[QUEUE_STATS] t_ms=8048 q_pkts=9 q_bytes=13536 qdelay_l_ms=0 qdelay_c_ms=4.08542 ecn_mark=287 drop=0
[QUEUE_STATS] t_ms=8064 q_pkts=14 q_bytes=21056 qdelay_l_ms=0.710713 qdelay_c_ms=6.13935 ecn_mark=289 drop=0
[QUEUE_STATS] t_ms=8081 q_pkts=15 q_bytes=22560 qdelay_l_ms=1.10362 qdelay_c_ms=6.23167 ecn_mark=289 drop=0
[QUEUE_STATS] t_ms=8097 q_pkts=14 q_bytes=21056 qdelay_l_ms=1.08632 qdelay_c_ms=6.19867 ecn_mark=289 drop=0
[QUEUE_STATS] t_ms=8112 q_pkts=14 q_bytes=21056 qdelay_l_ms=1.09195 qdelay_c_ms=5.66032 ecn_mark=291 drop=0
[QUEUE_STATS] t_ms=8128 q_pkts=14 q_bytes=21056 qdelay_l_ms=1.04582 qdelay_c_ms=5.93069 ecn_mark=293 drop=0
[QUEUE_STATS] t_ms=8144 q_pkts=15 q_bytes=22560 qdelay_l_ms=1.06857 qdelay_c_ms=6.72506 ecn_mark=296 drop=0
[QUEUE_STATS] t_ms=8161 q_pkts=15 q_bytes=22560 qdelay_l_ms=1.10505 qdelay_c_ms=6.20754 ecn_mark=298 drop=0
[QUEUE_STATS] t_ms=8176 q_pkts=15 q_bytes=22560 qdelay_l_ms=1.08573 qdelay_c_ms=6.87043 ecn_mark=302 drop=0
[QUEUE_STATS] t_ms=8192 q_pkts=13 q_bytes=19552 qdelay_l_ms=1.05011 qdelay_c_ms=7.22838 ecn_mark=304 drop=0
[QUEUE_STATS] t_ms=8209 q_pkts=15 q_bytes=22560 qdelay_l_ms=1.09513 qdelay_c_ms=6.21888 ecn_mark=306 drop=0
[QUEUE_STATS] t_ms=8224 q_pkts=16 q_bytes=24064 qdelay_l_ms=1.07835 qdelay_c_ms=6.10127 ecn_mark=306 drop=0
[QUEUE_STATS] t_ms=8241 q_pkts=13 q_bytes=19552 qdelay_l_ms=1.08465 qdelay_c_ms=6.15805 ecn_mark=306 drop=0
[QUEUE_STATS] t_ms=8256 q_pkts=16 q_bytes=24064 qdelay_l_ms=0.041248 qdelay_c_ms=6.09787 ecn_mark=307 drop=0
[QUEUE_STATS] t_ms=8273 q_pkts=17 q_bytes=25568 qdelay_l_ms=1.08471 qdelay_c_ms=5.87115 ecn_mark=309 drop=0
[QUEUE_STATS] t_ms=8288 q_pkts=16 q_bytes=24064 qdelay_l_ms=0.024887 qdelay_c_ms=6.89682 ecn_mark=312 drop=0
[QUEUE_STATS] t_ms=8304 q_pkts=15 q_bytes=22560 qdelay_l_ms=1.07848 qdelay_c_ms=5.93633 ecn_mark=313 drop=0
[QUEUE_STATS] t_ms=8321 q_pkts=17 q_bytes=25568 qdelay_l_ms=1.07435 qdelay_c_ms=7.2823 ecn_mark=316 drop=0
[QUEUE_STATS] t_ms=8336 q_pkts=17 q_bytes=25568 qdelay_l_ms=1.07139 qdelay_c_ms=8.01843 ecn_mark=319 drop=0
[QUEUE_STATS] t_ms=8352 q_pkts=17 q_bytes=25568 qdelay_l_ms=0 qdelay_c_ms=8.0019 ecn_mark=321 drop=0
[QUEUE_STATS] t_ms=8368 q_pkts=16 q_bytes=24064 qdelay_l_ms=0.933051 qdelay_c_ms=7.81877 ecn_mark=321 drop=0
[QUEUE_STATS] t_ms=8384 q_pkts=20 q_bytes=30080 qdelay_l_ms=1.02932 qdelay_c_ms=8.00204 ecn_mark=323 drop=0
[QUEUE_STATS] t_ms=8400 q_pkts=17 q_bytes=25568 qdelay_l_ms=1.09797 qdelay_c_ms=6.20046 ecn_mark=325 drop=0
[QUEUE_STATS] t_ms=8416 q_pkts=16 q_bytes=24064 qdelay_l_ms=0.907643 qdelay_c_ms=6.99928 ecn_mark=327 drop=0
[QUEUE_STATS] t_ms=8433 q_pkts=16 q_bytes=24064 qdelay_l_ms=1.0768 qdelay_c_ms=6.99628 ecn_mark=328 drop=0
[QUEUE_STATS] t_ms=8448 q_pkts=16 q_bytes=24064 qdelay_l_ms=0.9381 qdelay_c_ms=7.8964 ecn_mark=328 drop=0
[QUEUE_STATS] t_ms=8464 q_pkts=17 q_bytes=25568 qdelay_l_ms=1.10029 qdelay_c_ms=8.41939 ecn_mark=328 drop=0
[QUEUE_STATS] t_ms=8480 q_pkts=18 q_bytes=27072 qdelay_l_ms=0.926919 qdelay_c_ms=7.99259 ecn_mark=330 drop=0
[QUEUE_STATS] t_ms=8496 q_pkts=17 q_bytes=25568 qdelay_l_ms=1.10362 qdelay_c_ms=8.11988 ecn_mark=330 drop=0
[QUEUE_STATS] t_ms=8512 q_pkts=17 q_bytes=25568 qdelay_l_ms=0.958017 qdelay_c_ms=7.64469 ecn_mark=330 drop=0
[QUEUE_STATS] t_ms=8528 q_pkts=19 q_bytes=28576 qdelay_l_ms=0.967896 qdelay_c_ms=7.05417 ecn_mark=331 drop=0
[QUEUE_STATS] t_ms=8544 q_pkts=18 q_bytes=27072 qdelay_l_ms=1.07815 qdelay_c_ms=8.18822 ecn_mark=331 drop=0
[QUEUE_STATS] t_ms=8560 q_pkts=19 q_bytes=28576 qdelay_l_ms=1.05169 qdelay_c_ms=7.07543 ecn_mark=331 drop=0
[QUEUE_STATS] t_ms=8576 q_pkts=19 q_bytes=28576 qdelay_l_ms=0.962226 qdelay_c_ms=7.80437 ecn_mark=332 drop=0
[QUEUE_STATS] t_ms=8592 q_pkts=21 q_bytes=31584 qdelay_l_ms=1.09407 qdelay_c_ms=9.38577 ecn_mark=333 drop=0
[QUEUE_STATS] t_ms=8608 q_pkts=22 q_bytes=33088 qdelay_l_ms=1.05275 qdelay_c_ms=8.84112 ecn_mark=333 drop=0
[QUEUE_STATS] t_ms=8625 q_pkts=21 q_bytes=31584 qdelay_l_ms=1.1052 qdelay_c_ms=10.1461 ecn_mark=333 drop=0
[QUEUE_STATS] t_ms=8640 q_pkts=22 q_bytes=33088 qdelay_l_ms=0.958779 qdelay_c_ms=9.79793 ecn_mark=335 drop=0
[QUEUE_STATS] t_ms=8657 q_pkts=22 q_bytes=33088 qdelay_l_ms=1.08994 qdelay_c_ms=10.0114 ecn_mark=335 drop=0
[QUEUE_STATS] t_ms=8672 q_pkts=24 q_bytes=36096 qdelay_l_ms=1.05676 qdelay_c_ms=9.9322 ecn_mark=337 drop=0
[QUEUE_STATS] t_ms=8688 q_pkts=23 q_bytes=34592 qdelay_l_ms=1.03413 qdelay_c_ms=10.713 ecn_mark=338 drop=0
[QUEUE_STATS] t_ms=8704 q_pkts=24 q_bytes=36096 qdelay_l_ms=0.972825 qdelay_c_ms=8.761 ecn_mark=338 drop=0
[QUEUE_STATS] t_ms=8720 q_pkts=26 q_bytes=39104 qdelay_l_ms=1.10893 qdelay_c_ms=10.9537 ecn_mark=338 drop=0
[QUEUE_STATS] t_ms=8736 q_pkts=21 q_bytes=31584 qdelay_l_ms=0 qdelay_c_ms=10.3952 ecn_mark=339 drop=0
[QUEUE_STATS] t_ms=8753 q_pkts=28 q_bytes=42112 qdelay_l_ms=1.07647 qdelay_c_ms=10.9845 ecn_mark=340 drop=0
[QUEUE_STATS] t_ms=8768 q_pkts=27 q_bytes=40608 qdelay_l_ms=1.08466 qdelay_c_ms=13.1987 ecn_mark=340 drop=0
[QUEUE_STATS] t_ms=8784 q_pkts=28 q_bytes=42112 qdelay_l_ms=0.969298 qdelay_c_ms=11.9669 ecn_mark=340 drop=0
[QUEUE_STATS] t_ms=8800 q_pkts=28 q_bytes=42112 qdelay_l_ms=1.02416 qdelay_c_ms=12.1155 ecn_mark=340 drop=0
[QUEUE_STATS] t_ms=8816 q_pkts=29 q_bytes=43616 qdelay_l_ms=1.10278 qdelay_c_ms=12.339 ecn_mark=340 drop=0
[QUEUE_STATS] t_ms=8832 q_pkts=33 q_bytes=49632 qdelay_l_ms=1.10138 qdelay_c_ms=11.9472 ecn_mark=340 drop=0
[QUEUE_STATS] t_ms=8848 q_pkts=31 q_bytes=46624 qdelay_l_ms=1.10504 qdelay_c_ms=13.8225 ecn_mark=340 drop=0
[QUEUE_STATS] t_ms=8864 q_pkts=32 q_bytes=48128 qdelay_l_ms=1.09573 qdelay_c_ms=13.7602 ecn_mark=341 drop=0
[QUEUE_STATS] t_ms=8880 q_pkts=33 q_bytes=49632 qdelay_l_ms=0.032712 qdelay_c_ms=12.9472 ecn_mark=341 drop=0
[QUEUE_STATS] t_ms=8896 q_pkts=34 q_bytes=51136 qdelay_l_ms=1.09929 qdelay_c_ms=15.0675 ecn_mark=341 drop=0
[QUEUE_STATS] t_ms=8913 q_pkts=35 q_bytes=52640 qdelay_l_ms=1.07484 qdelay_c_ms=15.8503 ecn_mark=341 drop=0
[QUEUE_STATS] t_ms=8928 q_pkts=35 q_bytes=52640 qdelay_l_ms=0.041377 qdelay_c_ms=13.0837 ecn_mark=341 drop=0
[QUEUE_STATS] t_ms=8944 q_pkts=36 q_bytes=54144 qdelay_l_ms=0.039374 qdelay_c_ms=16.0158 ecn_mark=341 drop=0
[QUEUE_STATS] t_ms=8960 q_pkts=40 q_bytes=60160 qdelay_l_ms=0.052318 qdelay_c_ms=16.0219 ecn_mark=343 drop=0
[QUEUE_STATS] t_ms=8976 q_pkts=40 q_bytes=60160 qdelay_l_ms=1.0651 qdelay_c_ms=16.9901 ecn_mark=345 drop=0
[QUEUE_STATS] t_ms=8992 q_pkts=41 q_bytes=61664 qdelay_l_ms=1.05537 qdelay_c_ms=19.1498 ecn_mark=348 drop=0
[QUEUE_STATS] t_ms=9008 q_pkts=43 q_bytes=64672 qdelay_l_ms=0.907202 qdelay_c_ms=18.7127 ecn_mark=348 drop=0
[QUEUE_STATS] t_ms=9024 q_pkts=43 q_bytes=64672 qdelay_l_ms=1.04431 qdelay_c_ms=18.0775 ecn_mark=349 drop=0
[QUEUE_STATS] t_ms=9040 q_pkts=45 q_bytes=67680 qdelay_l_ms=0.947849 qdelay_c_ms=20.7826 ecn_mark=351 drop=0
[QUEUE_STATS] t_ms=9056 q_pkts=45 q_bytes=67680 qdelay_l_ms=1.06883 qdelay_c_ms=17.8725 ecn_mark=352 drop=0
[QUEUE_STATS] t_ms=9072 q_pkts=45 q_bytes=67680 qdelay_l_ms=1.11541 qdelay_c_ms=21.0666 ecn_mark=354 drop=0
[QUEUE_STATS] t_ms=9088 q_pkts=48 q_bytes=72192 qdelay_l_ms=1.10745 qdelay_c_ms=21.0649 ecn_mark=356 drop=0
[QUEUE_STATS] t_ms=9104 q_pkts=48 q_bytes=72192 qdelay_l_ms=1.02476 qdelay_c_ms=19.0628 ecn_mark=357 drop=0
[QUEUE_STATS] t_ms=9120 q_pkts=47 q_bytes=70688 qdelay_l_ms=0.679565 qdelay_c_ms=22.014 ecn_mark=358 drop=0
[QUEUE_STATS] t_ms=9136 q_pkts=48 q_bytes=72192 qdelay_l_ms=0.890281 qdelay_c_ms=21.9066 ecn_mark=360 drop=0
[QUEUE_STATS] t_ms=9153 q_pkts=49 q_bytes=73696 qdelay_l_ms=1.07809 qdelay_c_ms=20.1429 ecn_mark=360 drop=0
[QUEUE_STATS] t_ms=9168 q_pkts=51 q_bytes=76704 qdelay_l_ms=1.0772 qdelay_c_ms=23.2971 ecn_mark=362 drop=0
[QUEUE_STATS] t_ms=9184 q_pkts=50 q_bytes=75200 qdelay_l_ms=0.956204 qdelay_c_ms=21.768 ecn_mark=363 drop=0
[QUEUE_STATS] t_ms=9200 q_pkts=52 q_bytes=78208 qdelay_l_ms=1.07262 qdelay_c_ms=23.0942 ecn_mark=364 drop=0
[QUEUE_STATS] t_ms=9216 q_pkts=52 q_bytes=78208 qdelay_l_ms=1.05752 qdelay_c_ms=25.1775 ecn_mark=365 drop=0
[QUEUE_STATS] t_ms=9232 q_pkts=55 q_bytes=82720 qdelay_l_ms=0.954601 qdelay_c_ms=21.6055 ecn_mark=366 drop=0
[QUEUE_STATS] t_ms=9248 q_pkts=55 q_bytes=82720 qdelay_l_ms=1.05122 qdelay_c_ms=24.1535 ecn_mark=368 drop=0
[QUEUE_STATS] t_ms=9264 q_pkts=56 q_bytes=84224 qdelay_l_ms=1.06557 qdelay_c_ms=26.1699 ecn_mark=370 drop=0
[QUEUE_STATS] t_ms=9280 q_pkts=57 q_bytes=85728 qdelay_l_ms=1.09031 qdelay_c_ms=24.3588 ecn_mark=371 drop=0
[QUEUE_STATS] t_ms=9296 q_pkts=58 q_bytes=87232 qdelay_l_ms=1.1064 qdelay_c_ms=26.0208 ecn_mark=374 drop=0
[QUEUE_STATS] t_ms=9312 q_pkts=60 q_bytes=90240 qdelay_l_ms=1.06832 qdelay_c_ms=27.0835 ecn_mark=376 drop=0
[QUEUE_STATS] t_ms=9328 q_pkts=58 q_bytes=87232 qdelay_l_ms=1.06046 qdelay_c_ms=25.2075 ecn_mark=377 drop=0
[QUEUE_STATS] t_ms=9344 q_pkts=58 q_bytes=87232 qdelay_l_ms=0.034384 qdelay_c_ms=26.2546 ecn_mark=377 drop=0
[QUEUE_STATS] t_ms=9360 q_pkts=59 q_bytes=88736 qdelay_l_ms=0.042891 qdelay_c_ms=25.1335 ecn_mark=377 drop=0
[QUEUE_STATS] t_ms=9376 q_pkts=58 q_bytes=87232 qdelay_l_ms=0.015949 qdelay_c_ms=26.1099 ecn_mark=380 drop=0
[QUEUE_STATS] t_ms=9392 q_pkts=64 q_bytes=96256 qdelay_l_ms=0.990047 qdelay_c_ms=29.2284 ecn_mark=382 drop=0
[QUEUE_STATS] t_ms=9408 q_pkts=62 q_bytes=93248 qdelay_l_ms=1.08783 qdelay_c_ms=26.5876 ecn_mark=383 drop=0
[QUEUE_STATS] t_ms=9424 q_pkts=64 q_bytes=96256 qdelay_l_ms=1.09778 qdelay_c_ms=28.4337 ecn_mark=383 drop=0
[QUEUE_STATS] t_ms=9440 q_pkts=64 q_bytes=96256 qdelay_l_ms=0.02183 qdelay_c_ms=29.1776 ecn_mark=385 drop=0
[QUEUE_STATS] t_ms=9456 q_pkts=66 q_bytes=99264 qdelay_l_ms=1.06965 qdelay_c_ms=28.1377 ecn_mark=385 drop=0
[QUEUE_STATS] t_ms=9472 q_pkts=68 q_bytes=102272 qdelay_l_ms=1.06486 qdelay_c_ms=30.4629 ecn_mark=387 drop=0
[QUEUE_STATS] t_ms=9488 q_pkts=69 q_bytes=103776 qdelay_l_ms=1.04799 qdelay_c_ms=30.9781 ecn_mark=387 drop=0
[QUEUE_STATS] t_ms=9504 q_pkts=67 q_bytes=100768 qdelay_l_ms=0.926879 qdelay_c_ms=28.9335 ecn_mark=388 drop=0
[QUEUE_STATS] t_ms=9520 q_pkts=66 q_bytes=99264 qdelay_l_ms=0 qdelay_c_ms=31.0016 ecn_mark=390 drop=0
[QUEUE_STATS] t_ms=9536 q_pkts=72 q_bytes=108288 qdelay_l_ms=1.08976 qdelay_c_ms=29.9677 ecn_mark=391 drop=0
[QUEUE_STATS] t_ms=9552 q_pkts=69 q_bytes=103776 qdelay_l_ms=0.033403 qdelay_c_ms=29.2182 ecn_mark=392 drop=0
[QUEUE_STATS] t_ms=9568 q_pkts=73 q_bytes=109792 qdelay_l_ms=1.04889 qdelay_c_ms=34.1103 ecn_mark=393 drop=0
[QUEUE_STATS] t_ms=9584 q_pkts=76 q_bytes=114304 qdelay_l_ms=1.12208 qdelay_c_ms=32.1024 ecn_mark=394 drop=0
[QUEUE_STATS] t_ms=9600 q_pkts=74 q_bytes=111296 qdelay_l_ms=1.09022 qdelay_c_ms=32.0105 ecn_mark=395 drop=0
[QUEUE_STATS] t_ms=9616 q_pkts=74 q_bytes=111296 qdelay_l_ms=1.1069 qdelay_c_ms=34.1009 ecn_mark=395 drop=0
[QUEUE_STATS] t_ms=9633 q_pkts=77 q_bytes=115808 qdelay_l_ms=1.04397 qdelay_c_ms=33.2562 ecn_mark=397 drop=0
[QUEUE_STATS] t_ms=9648 q_pkts=79 q_bytes=118816 qdelay_l_ms=1.1005 qdelay_c_ms=34.224 ecn_mark=399 drop=0
[QUEUE_STATS] t_ms=9664 q_pkts=79 q_bytes=118816 qdelay_l_ms=1.09907 qdelay_c_ms=35.7989 ecn_mark=402 drop=0
[QUEUE_STATS] t_ms=9680 q_pkts=76 q_bytes=114304 qdelay_l_ms=0 qdelay_c_ms=33.9642 ecn_mark=404 drop=0
[QUEUE_STATS] t_ms=9696 q_pkts=80 q_bytes=120320 qdelay_l_ms=1.10696 qdelay_c_ms=36.149 ecn_mark=405 drop=0
[QUEUE_STATS] t_ms=9712 q_pkts=82 q_bytes=123328 qdelay_l_ms=1.08381 qdelay_c_ms=36.1153 ecn_mark=405 drop=0
[QUEUE_STATS] t_ms=9728 q_pkts=81 q_bytes=121824 qdelay_l_ms=1.08626 qdelay_c_ms=34.5377 ecn_mark=405 drop=0
[QUEUE_STATS] t_ms=9744 q_pkts=83 q_bytes=124832 qdelay_l_ms=1.09677 qdelay_c_ms=38.0451 ecn_mark=406 drop=0
[QUEUE_STATS] t_ms=9760 q_pkts=86 q_bytes=129344 qdelay_l_ms=1.0753 qdelay_c_ms=36.9769 ecn_mark=407 drop=0
[QUEUE_STATS] t_ms=9776 q_pkts=88 q_bytes=132352 qdelay_l_ms=1.08104 qdelay_c_ms=37.5875 ecn_mark=408 drop=0
[QUEUE_STATS] t_ms=9793 q_pkts=87 q_bytes=130848 qdelay_l_ms=1.06703 qdelay_c_ms=39.9412 ecn_mark=411 drop=0
[QUEUE_STATS] t_ms=9808 q_pkts=83 q_bytes=124832 qdelay_l_ms=0 qdelay_c_ms=37.2679 ecn_mark=412 drop=0
[QUEUE_STATS] t_ms=9824 q_pkts=89 q_bytes=133856 qdelay_l_ms=1.0502 qdelay_c_ms=38.5593 ecn_mark=414 drop=0
[QUEUE_STATS] t_ms=9840 q_pkts=91 q_bytes=136864 qdelay_l_ms=0.95947 qdelay_c_ms=40.0627 ecn_mark=414 drop=0
[QUEUE_STATS] t_ms=9856 q_pkts=90 q_bytes=135360 qdelay_l_ms=1.10966 qdelay_c_ms=39.1614 ecn_mark=415 drop=0
[QUEUE_STATS] t_ms=9872 q_pkts=94 q_bytes=141376 qdelay_l_ms=1.08606 qdelay_c_ms=39.8474 ecn_mark=417 drop=0
[QUEUE_STATS] t_ms=9888 q_pkts=91 q_bytes=136864 qdelay_l_ms=0.019156 qdelay_c_ms=41.0549 ecn_mark=419 drop=0
[QUEUE_STATS] t_ms=9904 q_pkts=92 q_bytes=138368 qdelay_l_ms=1.05695 qdelay_c_ms=40.1431 ecn_mark=419 drop=0
[QUEUE_STATS] t_ms=9920 q_pkts=93 q_bytes=139872 qdelay_l_ms=1.07115 qdelay_c_ms=41.0151 ecn_mark=420 drop=0
[QUEUE_STATS] t_ms=9936 q_pkts=97 q_bytes=145888 qdelay_l_ms=1.10188 qdelay_c_ms=41.7981 ecn_mark=422 drop=0
[QUEUE_STATS] t_ms=9952 q_pkts=97 q_bytes=145888 qdelay_l_ms=0.966714 qdelay_c_ms=41.8156 ecn_mark=424 drop=0
[QUEUE_STATS] t_ms=9968 q_pkts=99 q_bytes=148896 qdelay_l_ms=1.06472 qdelay_c_ms=43.1073 ecn_mark=426 drop=0
[QUEUE_STATS] t_ms=9984 q_pkts=99 q_bytes=148896 qdelay_l_ms=1.10477 qdelay_c_ms=43.9923 ecn_mark=427 drop=0
[QUEUE_STATS] t_ms=10000 q_pkts=101 q_bytes=151904 qdelay_l_ms=1.07421 qdelay_c_ms=44.3592 ecn_mark=428 drop=0
[QUEUE_STATS] t_ms=10016 q_pkts=102 q_bytes=153408 qdelay_l_ms=1.10091 qdelay_c_ms=44.0737 ecn_mark=428 drop=0
[QUEUE_STATS] t_ms=10032 q_pkts=98 q_bytes=147392 qdelay_l_ms=0 qdelay_c_ms=43.9289 ecn_mark=429 drop=0
[QUEUE_STATS] t_ms=10048 q_pkts=105 q_bytes=157920 qdelay_l_ms=1.09076 qdelay_c_ms=44.8054 ecn_mark=429 drop=0
[QUEUE_STATS] t_ms=10064 q_pkts=105 q_bytes=157920 qdelay_l_ms=0.034305 qdelay_c_ms=45.1004 ecn_mark=430 drop=0
[QUEUE_STATS] t_ms=10080 q_pkts=101 q_bytes=151904 qdelay_l_ms=0 qdelay_c_ms=45.0344 ecn_mark=431 drop=0
[QUEUE_STATS] t_ms=10096 q_pkts=105 q_bytes=157920 qdelay_l_ms=0.036518 qdelay_c_ms=46.0592 ecn_mark=431 drop=0
[QUEUE_STATS] t_ms=10112 q_pkts=107 q_bytes=160928 qdelay_l_ms=0.981662 qdelay_c_ms=47.8119 ecn_mark=432 drop=0
[QUEUE_STATS] t_ms=10128 q_pkts=107 q_bytes=160928 qdelay_l_ms=1.07332 qdelay_c_ms=47.182 ecn_mark=432 drop=0
[QUEUE_STATS] t_ms=10144 q_pkts=109 q_bytes=163936 qdelay_l_ms=1.08649 qdelay_c_ms=46.957 ecn_mark=433 drop=0
[QUEUE_STATS] t_ms=10160 q_pkts=113 q_bytes=169952 qdelay_l_ms=1.0706 qdelay_c_ms=49.0808 ecn_mark=433 drop=0
[QUEUE_STATS] t_ms=10176 q_pkts=112 q_bytes=168448 qdelay_l_ms=1.1019 qdelay_c_ms=48.9287 ecn_mark=435 drop=0
[QUEUE_STATS] t_ms=10192 q_pkts=112 q_bytes=168448 qdelay_l_ms=0.918173 qdelay_c_ms=48.8389 ecn_mark=437 drop=0
[QUEUE_STATS] t_ms=10209 q_pkts=115 q_bytes=172960 qdelay_l_ms=1.07341 qdelay_c_ms=50.0695 ecn_mark=438 drop=0
[QUEUE_STATS] t_ms=10225 q_pkts=116 q_bytes=174464 qdelay_l_ms=1.07451 qdelay_c_ms=51.0196 ecn_mark=438 drop=0
[QUEUE_STATS] t_ms=10240 q_pkts=115 q_bytes=172960 qdelay_l_ms=1.09641 qdelay_c_ms=49.8845 ecn_mark=438 drop=0
[QUEUE_STATS] t_ms=10256 q_pkts=119 q_bytes=178976 qdelay_l_ms=1.07153 qdelay_c_ms=51.1928 ecn_mark=438 drop=0
[QUEUE_STATS] t_ms=10272 q_pkts=120 q_bytes=180480 qdelay_l_ms=1.08874 qdelay_c_ms=52.2047 ecn_mark=439 drop=0
[QUEUE_STATS] t_ms=10288 q_pkts=121 q_bytes=181984 qdelay_l_ms=0.736342 qdelay_c_ms=52.25 ecn_mark=439 drop=0
[QUEUE_STATS] t_ms=10304 q_pkts=122 q_bytes=183488 qdelay_l_ms=1.08468 qdelay_c_ms=53.1188 ecn_mark=440 drop=0
[QUEUE_STATS] t_ms=10320 q_pkts=122 q_bytes=183488 qdelay_l_ms=1.06965 qdelay_c_ms=54.0398 ecn_mark=441 drop=0
[QUEUE_STATS] t_ms=10336 q_pkts=126 q_bytes=189504 qdelay_l_ms=1.09892 qdelay_c_ms=54.12 ecn_mark=441 drop=0
[QUEUE_STATS] t_ms=10352 q_pkts=126 q_bytes=189504 qdelay_l_ms=1.08405 qdelay_c_ms=55.973 ecn_mark=443 drop=0
[QUEUE_STATS] t_ms=10368 q_pkts=127 q_bytes=191008 qdelay_l_ms=1.03385 qdelay_c_ms=55.3755 ecn_mark=443 drop=0
[QUEUE_STATS] t_ms=10384 q_pkts=128 q_bytes=192512 qdelay_l_ms=1.09746 qdelay_c_ms=54.7309 ecn_mark=444 drop=0
[QUEUE_STATS] t_ms=10400 q_pkts=126 q_bytes=189504 qdelay_l_ms=0 qdelay_c_ms=55.1362 ecn_mark=445 drop=0
[QUEUE_STATS] t_ms=10416 q_pkts=132 q_bytes=198528 qdelay_l_ms=0.931999 qdelay_c_ms=58.0652 ecn_mark=447 drop=0
[QUEUE_STATS] t_ms=10432 q_pkts=132 q_bytes=198528 qdelay_l_ms=0.978305 qdelay_c_ms=57.8335 ecn_mark=448 drop=0
[QUEUE_STATS] t_ms=10448 q_pkts=129 q_bytes=194016 qdelay_l_ms=0.042229 qdelay_c_ms=57.1066 ecn_mark=448 drop=0
[QUEUE_STATS] t_ms=10464 q_pkts=131 q_bytes=197024 qdelay_l_ms=1.08438 qdelay_c_ms=58.5908 ecn_mark=449 drop=0
[QUEUE_STATS] t_ms=10480 q_pkts=136 q_bytes=204544 qdelay_l_ms=1.10295 qdelay_c_ms=58.8772 ecn_mark=450 drop=0
[QUEUE_STATS] t_ms=10496 q_pkts=138 q_bytes=207552 qdelay_l_ms=1.07732 qdelay_c_ms=58.9652 ecn_mark=453 drop=0
[QUEUE_STATS] t_ms=10512 q_pkts=137 q_bytes=206048 qdelay_l_ms=1.04446 qdelay_c_ms=60.214 ecn_mark=455 drop=0
[QUEUE_STATS] t_ms=10528 q_pkts=138 q_bytes=207552 qdelay_l_ms=1.08469 qdelay_c_ms=59.62 ecn_mark=456 drop=0
[QUEUE_STATS] t_ms=10544 q_pkts=140 q_bytes=210560 qdelay_l_ms=1.09817 qdelay_c_ms=61.9148 ecn_mark=457 drop=0
[QUEUE_STATS] t_ms=10560 q_pkts=140 q_bytes=210560 qdelay_l_ms=1.05131 qdelay_c_ms=63.1467 ecn_mark=459 drop=0
[QUEUE_STATS] t_ms=10576 q_pkts=142 q_bytes=213568 qdelay_l_ms=1.06535 qdelay_c_ms=63.2305 ecn_mark=460 drop=0
[QUEUE_STATS] t_ms=10592 q_pkts=144 q_bytes=216576 qdelay_l_ms=1.10415 qdelay_c_ms=62.1574 ecn_mark=461 drop=0
[QUEUE_STATS] t_ms=10608 q_pkts=143 q_bytes=215072 qdelay_l_ms=0.96449 qdelay_c_ms=62.7207 ecn_mark=462 drop=0
[QUEUE_STATS] t_ms=10624 q_pkts=145 q_bytes=218080 qdelay_l_ms=0.725701 qdelay_c_ms=64.0882 ecn_mark=463 drop=0
[QUEUE_STATS] t_ms=10641 q_pkts=148 q_bytes=222592 qdelay_l_ms=1.11754 qdelay_c_ms=63.8873 ecn_mark=463 drop=0
[QUEUE_STATS] t_ms=10656 q_pkts=147 q_bytes=221088 qdelay_l_ms=1.11146 qdelay_c_ms=63.9995 ecn_mark=463 drop=0
[QUEUE_STATS] t_ms=10672 q_pkts=150 q_bytes=225600 qdelay_l_ms=1.07129 qdelay_c_ms=65.9871 ecn_mark=464 drop=0
[QUEUE_STATS] t_ms=10688 q_pkts=152 q_bytes=228608 qdelay_l_ms=1.10743 qdelay_c_ms=64.7339 ecn_mark=466 drop=0
[QUEUE_STATS] t_ms=10704 q_pkts=148 q_bytes=222592 qdelay_l_ms=0 qdelay_c_ms=66.2455 ecn_mark=467 drop=0
[QUEUE_STATS] t_ms=10720 q_pkts=151 q_bytes=227104 qdelay_l_ms=0.033302 qdelay_c_ms=65.9604 ecn_mark=470 drop=0
[QUEUE_STATS] t_ms=10736 q_pkts=153 q_bytes=230112 qdelay_l_ms=0 qdelay_c_ms=65.4336 ecn_mark=471 drop=0
[QUEUE_STATS] t_ms=10752 q_pkts=155 q_bytes=233120 qdelay_l_ms=1.07435 qdelay_c_ms=69.1329 ecn_mark=472 drop=0
[QUEUE_STATS] t_ms=10768 q_pkts=157 q_bytes=236128 qdelay_l_ms=1.05905 qdelay_c_ms=68.9531 ecn_mark=473 drop=0
[QUEUE_STATS] t_ms=10785 q_pkts=157 q_bytes=236128 qdelay_l_ms=1.09702 qdelay_c_ms=68.0554 ecn_mark=473 drop=0
[QUEUE_STATS] t_ms=10800 q_pkts=158 q_bytes=237632 qdelay_l_ms=1.10887 qdelay_c_ms=69.3904 ecn_mark=474 drop=0
[QUEUE_STATS] t_ms=10817 q_pkts=161 q_bytes=242144 qdelay_l_ms=1.10312 qdelay_c_ms=70.0526 ecn_mark=474 drop=0
[QUEUE_STATS] t_ms=10832 q_pkts=164 q_bytes=246656 qdelay_l_ms=1.08065 qdelay_c_ms=69.0571 ecn_mark=474 drop=0
[QUEUE_STATS] t_ms=10849 q_pkts=163 q_bytes=245152 qdelay_l_ms=1.09571 qdelay_c_ms=71.1447 ecn_mark=475 drop=0
[QUEUE_STATS] t_ms=10864 q_pkts=165 q_bytes=248160 qdelay_l_ms=1.07926 qdelay_c_ms=70.9685 ecn_mark=475 drop=0
[QUEUE_STATS] t_ms=10880 q_pkts=165 q_bytes=248160 qdelay_l_ms=0.033743 qdelay_c_ms=70.2555 ecn_mark=476 drop=0
[QUEUE_STATS] t_ms=10896 q_pkts=168 q_bytes=252672 qdelay_l_ms=1.07096 qdelay_c_ms=72.7998 ecn_mark=477 drop=0
[QUEUE_STATS] t_ms=10913 q_pkts=170 q_bytes=255680 qdelay_l_ms=1.109 qdelay_c_ms=74.0638 ecn_mark=477 drop=0
[QUEUE_STATS] t_ms=10928 q_pkts=170 q_bytes=255680 qdelay_l_ms=1.03785 qdelay_c_ms=74.1479 ecn_mark=479 drop=0
[QUEUE_STATS] t_ms=10944 q_pkts=172 q_bytes=258688 qdelay_l_ms=1.06682 qdelay_c_ms=76.2352 ecn_mark=480 drop=0
[QUEUE_STATS] t_ms=10960 q_pkts=174 q_bytes=261696 qdelay_l_ms=1.08903 qdelay_c_ms=75.7818 ecn_mark=482 drop=0
[QUEUE_STATS] t_ms=10976 q_pkts=171 q_bytes=257184 qdelay_l_ms=0 qdelay_c_ms=74.0762 ecn_mark=483 drop=0
[QUEUE_STATS] t_ms=10992 q_pkts=176 q_bytes=264704 qdelay_l_ms=1.04566 qdelay_c_ms=77.0543 ecn_mark=484 drop=0
[QUEUE_STATS] t_ms=11009 q_pkts=180 q_bytes=270720 qdelay_l_ms=1.0973 qdelay_c_ms=77.8114 ecn_mark=487 drop=0
[QUEUE_STATS] t_ms=11024 q_pkts=179 q_bytes=269216 qdelay_l_ms=1.07128 qdelay_c_ms=77.8538 ecn_mark=490 drop=0
[QUEUE_STATS] t_ms=11040 q_pkts=178 q_bytes=267712 qdelay_l_ms=0.939253 qdelay_c_ms=78.9738 ecn_mark=492 drop=0
[QUEUE_STATS] t_ms=11056 q_pkts=183 q_bytes=275232 qdelay_l_ms=0.92742 qdelay_c_ms=79.0003 ecn_mark=492 drop=0
[QUEUE_STATS] t_ms=11072 q_pkts=183 q_bytes=275232 qdelay_l_ms=1.06667 qdelay_c_ms=79.1686 ecn_mark=492 drop=0
[QUEUE_STATS] t_ms=11088 q_pkts=183 q_bytes=275232 qdelay_l_ms=0.973025 qdelay_c_ms=81.7005 ecn_mark=492 drop=0
[QUEUE_STATS] t_ms=11104 q_pkts=186 q_bytes=279744 qdelay_l_ms=0.951465 qdelay_c_ms=80.9962 ecn_mark=494 drop=0
[QUEUE_STATS] t_ms=11120 q_pkts=190 q_bytes=285760 qdelay_l_ms=1.10681 qdelay_c_ms=81.0521 ecn_mark=495 drop=0
[QUEUE_STATS] t_ms=11136 q_pkts=189 q_bytes=284256 qdelay_l_ms=0.962876 qdelay_c_ms=82.9881 ecn_mark=498 drop=0
[QUEUE_STATS] t_ms=11152 q_pkts=190 q_bytes=285760 qdelay_l_ms=0.95439 qdelay_c_ms=81.9629 ecn_mark=498 drop=0
[QUEUE_STATS] t_ms=11168 q_pkts=191 q_bytes=287264 qdelay_l_ms=1.0798 qdelay_c_ms=82.8302 ecn_mark=498 drop=0
[QUEUE_STATS] t_ms=11185 q_pkts=193 q_bytes=290272 qdelay_l_ms=1.07201 qdelay_c_ms=85.0547 ecn_mark=498 drop=0
[QUEUE_STATS] t_ms=11201 q_pkts=195 q_bytes=293280 qdelay_l_ms=1.0913 qdelay_c_ms=84.8433 ecn_mark=498 drop=0
[QUEUE_STATS] t_ms=11216 q_pkts=199 q_bytes=299296 qdelay_l_ms=1.06699 qdelay_c_ms=86.2253 ecn_mark=499 drop=0
[QUEUE_STATS] t_ms=11232 q_pkts=197 q_bytes=296288 qdelay_l_ms=0.759886 qdelay_c_ms=86.5854 ecn_mark=500 drop=0
[QUEUE_STATS] t_ms=11248 q_pkts=201 q_bytes=302304 qdelay_l_ms=1.03756 qdelay_c_ms=87.6716 ecn_mark=503 drop=0
[QUEUE_STATS] t_ms=11264 q_pkts=203 q_bytes=305312 qdelay_l_ms=1.08508 qdelay_c_ms=88.1466 ecn_mark=504 drop=0
[QUEUE_STATS] t_ms=11280 q_pkts=202 q_bytes=303808 qdelay_l_ms=1.08066 qdelay_c_ms=90.0703 ecn_mark=504 drop=0
[QUEUE_STATS] t_ms=11296 q_pkts=203 q_bytes=305312 qdelay_l_ms=1.06212 qdelay_c_ms=88.8942 ecn_mark=505 drop=0
[QUEUE_STATS] t_ms=11312 q_pkts=206 q_bytes=309824 qdelay_l_ms=1.07537 qdelay_c_ms=91.0153 ecn_mark=507 drop=0
[QUEUE_STATS] t_ms=11329 q_pkts=207 q_bytes=311328 qdelay_l_ms=1.07261 qdelay_c_ms=92.2432 ecn_mark=508 drop=0
[QUEUE_STATS] t_ms=11344 q_pkts=207 q_bytes=311328 qdelay_l_ms=1.09178 qdelay_c_ms=90.6053 ecn_mark=509 drop=0
[QUEUE_STATS] t_ms=11360 q_pkts=211 q_bytes=317344 qdelay_l_ms=1.07715 qdelay_c_ms=92.2468 ecn_mark=511 drop=0
[QUEUE_STATS] t_ms=11376 q_pkts=211 q_bytes=317344 qdelay_l_ms=1.07416 qdelay_c_ms=91.8751 ecn_mark=513 drop=0
[QUEUE_STATS] t_ms=11392 q_pkts=212 q_bytes=318848 qdelay_l_ms=0.949922 qdelay_c_ms=92.831 ecn_mark=515 drop=0
[QUEUE_STATS] t_ms=11408 q_pkts=213 q_bytes=320352 qdelay_l_ms=0.752452 qdelay_c_ms=93.6036 ecn_mark=516 drop=0
[QUEUE_STATS] t_ms=11424 q_pkts=215 q_bytes=323360 qdelay_l_ms=1.09764 qdelay_c_ms=93.8194 ecn_mark=518 drop=0
[QUEUE_STATS] t_ms=11440 q_pkts=215 q_bytes=323360 qdelay_l_ms=0 qdelay_c_ms=94.8101 ecn_mark=519 drop=0
[QUEUE_STATS] t_ms=11456 q_pkts=216 q_bytes=324864 qdelay_l_ms=0.034685 qdelay_c_ms=94.0709 ecn_mark=521 drop=0
[QUEUE_STATS] t_ms=11472 q_pkts=220 q_bytes=330880 qdelay_l_ms=0.950614 qdelay_c_ms=95.9533 ecn_mark=522 drop=0
[QUEUE_STATS] t_ms=11488 q_pkts=219 q_bytes=329376 qdelay_l_ms=0.970651 qdelay_c_ms=94.7818 ecn_mark=522 drop=0
[QUEUE_STATS] t_ms=11504 q_pkts=221 q_bytes=332384 qdelay_l_ms=1.02604 qdelay_c_ms=96.0488 ecn_mark=522 drop=0
[QUEUE_STATS] t_ms=11520 q_pkts=221 q_bytes=332384 qdelay_l_ms=1.07374 qdelay_c_ms=98.0236 ecn_mark=524 drop=0
[QUEUE_STATS] t_ms=11536 q_pkts=226 q_bytes=339904 qdelay_l_ms=0.982333 qdelay_c_ms=97.0793 ecn_mark=525 drop=0
[QUEUE_STATS] t_ms=11552 q_pkts=228 q_bytes=342912 qdelay_l_ms=1.10079 qdelay_c_ms=98.9527 ecn_mark=525 drop=0
[QUEUE_STATS] t_ms=11568 q_pkts=228 q_bytes=342912 qdelay_l_ms=0 qdelay_c_ms=98.944 ecn_mark=526 drop=0
[QUEUE_STATS] t_ms=11584 q_pkts=229 q_bytes=344416 qdelay_l_ms=1.10394 qdelay_c_ms=99.2394 ecn_mark=528 drop=0
[QUEUE_STATS] t_ms=11600 q_pkts=232 q_bytes=348928 qdelay_l_ms=1.07451 qdelay_c_ms=100.141 ecn_mark=528 drop=0
[QUEUE_STATS] t_ms=11616 q_pkts=232 q_bytes=348928 qdelay_l_ms=1.02605 qdelay_c_ms=99.2177 ecn_mark=529 drop=0
[QUEUE_STATS] t_ms=11632 q_pkts=233 q_bytes=350432 qdelay_l_ms=1.09479 qdelay_c_ms=102.194 ecn_mark=529 drop=0
[QUEUE_STATS] t_ms=11648 q_pkts=237 q_bytes=356448 qdelay_l_ms=0.93835 qdelay_c_ms=102.727 ecn_mark=530 drop=0
[QUEUE_STATS] t_ms=11664 q_pkts=236 q_bytes=354944 qdelay_l_ms=0.975119 qdelay_c_ms=99.8218 ecn_mark=530 drop=0
[QUEUE_STATS] t_ms=11680 q_pkts=238 q_bytes=357952 qdelay_l_ms=1.00377 qdelay_c_ms=102.964 ecn_mark=530 drop=0
[QUEUE_STATS] t_ms=11696 q_pkts=237 q_bytes=356448 qdelay_l_ms=0.01597 qdelay_c_ms=102.174 ecn_mark=531 drop=0
[QUEUE_STATS] t_ms=11712 q_pkts=241 q_bytes=362464 qdelay_l_ms=1.08684 qdelay_c_ms=102.936 ecn_mark=531 drop=0
[QUEUE_STATS] t_ms=11728 q_pkts=243 q_bytes=365472 qdelay_l_ms=1.06675 qdelay_c_ms=105.127 ecn_mark=533 drop=0
[QUEUE_STATS] t_ms=11744 q_pkts=246 q_bytes=369984 qdelay_l_ms=0.808086 qdelay_c_ms=103.473 ecn_mark=534 drop=0
[QUEUE_STATS] t_ms=11760 q_pkts=248 q_bytes=371540 qdelay_l_ms=0.967686 qdelay_c_ms=105.892 ecn_mark=535 drop=0
[QUEUE_STATS] t_ms=11776 q_pkts=248 q_bytes=371540 qdelay_l_ms=0.798608 qdelay_c_ms=105.863 ecn_mark=536 drop=0
[QUEUE_STATS] t_ms=11792 q_pkts=252 q_bytes=377556 qdelay_l_ms=0.810721 qdelay_c_ms=104.691 ecn_mark=536 drop=0
[QUEUE_STATS] t_ms=11809 q_pkts=254 q_bytes=380564 qdelay_l_ms=1.09698 qdelay_c_ms=107.866 ecn_mark=537 drop=0
[QUEUE_STATS] t_ms=11824 q_pkts=252 q_bytes=377556 qdelay_l_ms=1.09432 qdelay_c_ms=106.646 ecn_mark=539 drop=0
[QUEUE_STATS] t_ms=11840 q_pkts=255 q_bytes=382068 qdelay_l_ms=0.983435 qdelay_c_ms=108.794 ecn_mark=540 drop=0
[QUEUE_STATS] t_ms=11856 q_pkts=258 q_bytes=386580 qdelay_l_ms=0.974679 qdelay_c_ms=111.029 ecn_mark=541 drop=0
[QUEUE_STATS] t_ms=11872 q_pkts=258 q_bytes=388032 qdelay_l_ms=1.10771 qdelay_c_ms=110.299 ecn_mark=541 drop=0
[QUEUE_STATS] t_ms=11888 q_pkts=261 q_bytes=392544 qdelay_l_ms=1.06502 qdelay_c_ms=111.278 ecn_mark=542 drop=0
[QUEUE_STATS] t_ms=11905 q_pkts=261 q_bytes=392544 qdelay_l_ms=1.06704 qdelay_c_ms=113.105 ecn_mark=542 drop=0
[QUEUE_STATS] t_ms=11920 q_pkts=261 q_bytes=392544 qdelay_l_ms=1.08425 qdelay_c_ms=111.751 ecn_mark=544 drop=0
[QUEUE_STATS] t_ms=11936 q_pkts=263 q_bytes=395552 qdelay_l_ms=0.704511 qdelay_c_ms=113.104 ecn_mark=545 drop=0
[QUEUE_STATS] t_ms=11953 q_pkts=267 q_bytes=401568 qdelay_l_ms=1.07704 qdelay_c_ms=114.22 ecn_mark=546 drop=0
[QUEUE_STATS] t_ms=11968 q_pkts=267 q_bytes=401568 qdelay_l_ms=0.994476 qdelay_c_ms=113.848 ecn_mark=546 drop=0
[QUEUE_STATS] t_ms=11984 q_pkts=269 q_bytes=404576 qdelay_l_ms=1.0826 qdelay_c_ms=114.857 ecn_mark=546 drop=0
[QUEUE_STATS] t_ms=12000 q_pkts=270 q_bytes=406080 qdelay_l_ms=0.965411 qdelay_c_ms=116.153 ecn_mark=547 drop=0
[QUEUE_STATS] t_ms=12017 q_pkts=271 q_bytes=407584 qdelay_l_ms=1.0767 qdelay_c_ms=117.196 ecn_mark=547 drop=0
[QUEUE_STATS] t_ms=12032 q_pkts=273 q_bytes=410592 qdelay_l_ms=0.045335 qdelay_c_ms=116.593 ecn_mark=547 drop=0
[QUEUE_STATS] t_ms=12048 q_pkts=276 q_bytes=415104 qdelay_l_ms=1.0827 qdelay_c_ms=117.018 ecn_mark=547 drop=0
[QUEUE_STATS] t_ms=12064 q_pkts=276 q_bytes=415104 qdelay_l_ms=1.08259 qdelay_c_ms=118.142 ecn_mark=548 drop=0
[QUEUE_STATS] t_ms=12080 q_pkts=279 q_bytes=419616 qdelay_l_ms=1.06812 qdelay_c_ms=119.983 ecn_mark=548 drop=0
[QUEUE_STATS] t_ms=12096 q_pkts=279 q_bytes=419616 qdelay_l_ms=0.031419 qdelay_c_ms=119.058 ecn_mark=550 drop=0
[QUEUE_STATS] t_ms=12112 q_pkts=283 q_bytes=425632 qdelay_l_ms=1.07222 qdelay_c_ms=121.356 ecn_mark=552 drop=0
[QUEUE_STATS] t_ms=12128 q_pkts=281 q_bytes=422624 qdelay_l_ms=0.035216 qdelay_c_ms=120.258 ecn_mark=552 drop=0
[QUEUE_STATS] t_ms=12145 q_pkts=286 q_bytes=430144 qdelay_l_ms=1.06605 qdelay_c_ms=122.788 ecn_mark=553 drop=0
[QUEUE_STATS] t_ms=12160 q_pkts=289 q_bytes=434656 qdelay_l_ms=1.07326 qdelay_c_ms=124.192 ecn_mark=553 drop=0
[QUEUE_STATS] t_ms=12177 q_pkts=292 q_bytes=439168 qdelay_l_ms=1.11564 qdelay_c_ms=124.17 ecn_mark=553 drop=0
[QUEUE_STATS] t_ms=12192 q_pkts=291 q_bytes=437664 qdelay_l_ms=1.04412 qdelay_c_ms=124.735 ecn_mark=554 drop=0
[QUEUE_STATS] t_ms=12208 q_pkts=295 q_bytes=443680 qdelay_l_ms=1.11145 qdelay_c_ms=126.829 ecn_mark=555 drop=0
[QUEUE_STATS] t_ms=12224 q_pkts=292 q_bytes=439168 qdelay_l_ms=0 qdelay_c_ms=126.886 ecn_mark=557 drop=0
[QUEUE_STATS] t_ms=12240 q_pkts=293 q_bytes=440672 qdelay_l_ms=0 qdelay_c_ms=126.05 ecn_mark=558 drop=0
[QUEUE_STATS] t_ms=12256 q_pkts=298 q_bytes=448192 qdelay_l_ms=1.07578 qdelay_c_ms=128.928 ecn_mark=559 drop=0
[QUEUE_STATS] t_ms=12273 q_pkts=302 q_bytes=454208 qdelay_l_ms=1.06192 qdelay_c_ms=129.041 ecn_mark=561 drop=0
[QUEUE_STATS] t_ms=12288 q_pkts=302 q_bytes=454208 qdelay_l_ms=1.06711 qdelay_c_ms=130.131 ecn_mark=562 drop=0
[QUEUE_STATS] t_ms=12304 q_pkts=301 q_bytes=452704 qdelay_l_ms=0.033482 qdelay_c_ms=130.005 ecn_mark=562 drop=0
[QUEUE_STATS] t_ms=12320 q_pkts=310 q_bytes=466240 qdelay_l_ms=1.13393 qdelay_c_ms=133.05 ecn_mark=564 drop=0
[QUEUE_STATS] t_ms=12336 q_pkts=307 q_bytes=461728 qdelay_l_ms=1.02714 qdelay_c_ms=132.004 ecn_mark=567 drop=0
[QUEUE_STATS] t_ms=12352 q_pkts=307 q_bytes=461728 qdelay_l_ms=1.08019 qdelay_c_ms=133.305 ecn_mark=567 drop=0
[QUEUE_STATS] t_ms=12368 q_pkts=313 q_bytes=470752 qdelay_l_ms=1.06676 qdelay_c_ms=135.216 ecn_mark=568 drop=0
[QUEUE_STATS] t_ms=12384 q_pkts=312 q_bytes=469248 qdelay_l_ms=0.962917 qdelay_c_ms=134.305 ecn_mark=568 drop=0
[QUEUE_STATS] t_ms=12400 q_pkts=316 q_bytes=475264 qdelay_l_ms=1.06726 qdelay_c_ms=136.023 ecn_mark=569 drop=0
[QUEUE_STATS] t_ms=12416 q_pkts=320 q_bytes=481280 qdelay_l_ms=1.07232 qdelay_c_ms=137.893 ecn_mark=570 drop=0
[QUEUE_STATS] t_ms=12432 q_pkts=318 q_bytes=478272 qdelay_l_ms=0.783981 qdelay_c_ms=136.082 ecn_mark=570 drop=0
[QUEUE_STATS] t_ms=12448 q_pkts=317 q_bytes=476768 qdelay_l_ms=0 qdelay_c_ms=136.258 ecn_mark=572 drop=0
[QUEUE_STATS] t_ms=12464 q_pkts=322 q_bytes=484288 qdelay_l_ms=1.09161 qdelay_c_ms=139.64 ecn_mark=572 drop=0
[QUEUE_STATS] t_ms=12481 q_pkts=325 q_bytes=488800 qdelay_l_ms=1.11529 qdelay_c_ms=138.164 ecn_mark=573 drop=0
[QUEUE_STATS] t_ms=12496 q_pkts=325 q_bytes=488800 qdelay_l_ms=1.09102 qdelay_c_ms=140.192 ecn_mark=574 drop=0
[QUEUE_STATS] t_ms=12512 q_pkts=326 q_bytes=490304 qdelay_l_ms=0.780986 qdelay_c_ms=140.604 ecn_mark=576 drop=0
[QUEUE_STATS] t_ms=12528 q_pkts=329 q_bytes=494816 qdelay_l_ms=1.11855 qdelay_c_ms=141.838 ecn_mark=577 drop=0
[QUEUE_STATS] t_ms=12544 q_pkts=332 q_bytes=499328 qdelay_l_ms=0.688842 qdelay_c_ms=142.285 ecn_mark=578 drop=0
[QUEUE_STATS] t_ms=12560 q_pkts=332 q_bytes=499328 qdelay_l_ms=0.046096 qdelay_c_ms=141.881 ecn_mark=578 drop=0
[QUEUE_STATS] t_ms=12576 q_pkts=333 q_bytes=500832 qdelay_l_ms=1.08397 qdelay_c_ms=143.619 ecn_mark=578 drop=0
[QUEUE_STATS] t_ms=12592 q_pkts=338 q_bytes=508352 qdelay_l_ms=1.0698 qdelay_c_ms=144.988 ecn_mark=580 drop=0
[QUEUE_STATS] t_ms=12608 q_pkts=341 q_bytes=512864 qdelay_l_ms=0.930486 qdelay_c_ms=145.018 ecn_mark=581 drop=0
[QUEUE_STATS] t_ms=12624 q_pkts=342 q_bytes=514368 qdelay_l_ms=1.05856 qdelay_c_ms=146.82 ecn_mark=582 drop=0
[QUEUE_STATS] t_ms=12640 q_pkts=342 q_bytes=514368 qdelay_l_ms=0.966142 qdelay_c_ms=146.682 ecn_mark=583 drop=0
[QUEUE_STATS] t_ms=12656 q_pkts=344 q_bytes=517376 qdelay_l_ms=0 qdelay_c_ms=145.191 ecn_mark=584 drop=0
[QUEUE_STATS] t_ms=12672 q_pkts=348 q_bytes=523392 qdelay_l_ms=0.966493 qdelay_c_ms=148.815 ecn_mark=585 drop=0
[QUEUE_STATS] t_ms=12688 q_pkts=351 q_bytes=527904 qdelay_l_ms=1.05901 qdelay_c_ms=149.803 ecn_mark=586 drop=0
[QUEUE_STATS] t_ms=12704 q_pkts=351 q_bytes=527904 qdelay_l_ms=0.976903 qdelay_c_ms=148.705 ecn_mark=587 drop=0
[QUEUE_STATS] t_ms=12720 q_pkts=353 q_bytes=530912 qdelay_l_ms=1.02934 qdelay_c_ms=153.042 ecn_mark=588 drop=0
[QUEUE_STATS] t_ms=12736 q_pkts=355 q_bytes=533920 qdelay_l_ms=1.11498 qdelay_c_ms=152.12 ecn_mark=588 drop=0
[QUEUE_STATS] t_ms=12753 q_pkts=356 q_bytes=535424 qdelay_l_ms=1.08251 qdelay_c_ms=152.969 ecn_mark=589 drop=0
[QUEUE_STATS] t_ms=12768 q_pkts=355 q_bytes=533920 qdelay_l_ms=0 qdelay_c_ms=155.139 ecn_mark=590 drop=0
[QUEUE_STATS] t_ms=12784 q_pkts=359 q_bytes=539936 qdelay_l_ms=0.976282 qdelay_c_ms=153.896 ecn_mark=590 drop=0
[QUEUE_STATS] t_ms=12800 q_pkts=364 q_bytes=547456 qdelay_l_ms=1.07156 qdelay_c_ms=157.264 ecn_mark=592 drop=0
[QUEUE_STATS] t_ms=12816 q_pkts=366 q_bytes=550464 qdelay_l_ms=0.973366 qdelay_c_ms=158.943 ecn_mark=594 drop=0
[QUEUE_STATS] t_ms=12833 q_pkts=367 q_bytes=551968 qdelay_l_ms=1.09005 qdelay_c_ms=157.083 ecn_mark=595 drop=0
[QUEUE_STATS] t_ms=12848 q_pkts=368 q_bytes=553472 qdelay_l_ms=0.779573 qdelay_c_ms=158.566 ecn_mark=597 drop=0
[QUEUE_STATS] t_ms=12864 q_pkts=370 q_bytes=556480 qdelay_l_ms=1.08604 qdelay_c_ms=160.276 ecn_mark=599 drop=0
[QUEUE_STATS] t_ms=12880 q_pkts=373 q_bytes=560992 qdelay_l_ms=0.859703 qdelay_c_ms=159.008 ecn_mark=601 drop=0
[QUEUE_STATS] t_ms=12896 q_pkts=374 q_bytes=562496 qdelay_l_ms=1.03549 qdelay_c_ms=162.144 ecn_mark=602 drop=0
[QUEUE_STATS] t_ms=12912 q_pkts=375 q_bytes=564000 qdelay_l_ms=1.05353 qdelay_c_ms=161.152 ecn_mark=603 drop=0
[QUEUE_STATS] t_ms=12928 q_pkts=378 q_bytes=568512 qdelay_l_ms=1.06399 qdelay_c_ms=162.402 ecn_mark=604 drop=0
[QUEUE_STATS] t_ms=12944 q_pkts=379 q_bytes=570016 qdelay_l_ms=0.983846 qdelay_c_ms=163.859 ecn_mark=604 drop=0
[QUEUE_STATS] t_ms=12960 q_pkts=380 q_bytes=571520 qdelay_l_ms=0.952648 qdelay_c_ms=162.647 ecn_mark=605 drop=0
[QUEUE_STATS] t_ms=12976 q_pkts=384 q_bytes=577536 qdelay_l_ms=1.05173 qdelay_c_ms=162.83 ecn_mark=608 drop=0
[QUEUE_STATS] t_ms=12992 q_pkts=388 q_bytes=583552 qdelay_l_ms=0 qdelay_c_ms=167.073 ecn_mark=609 drop=0
[QUEUE_STATS] t_ms=13008 q_pkts=379 q_bytes=570016 qdelay_l_ms=0.976432 qdelay_c_ms=165.621 ecn_mark=611 drop=0
[QUEUE_STATS] t_ms=13024 q_pkts=368 q_bytes=553472 qdelay_l_ms=1.09007 qdelay_c_ms=165.841 ecn_mark=612 drop=0
[QUEUE_STATS] t_ms=13040 q_pkts=358 q_bytes=538432 qdelay_l_ms=1.09966 qdelay_c_ms=167.06 ecn_mark=612 drop=0
[QUEUE_STATS] t_ms=13056 q_pkts=348 q_bytes=523392 qdelay_l_ms=1.08208 qdelay_c_ms=167.639 ecn_mark=614 drop=0
[QUEUE_STATS] t_ms=13072 q_pkts=336 q_bytes=505344 qdelay_l_ms=0.918814 qdelay_c_ms=168.975 ecn_mark=616 drop=0
[QUEUE_STATS] t_ms=13088 q_pkts=324 q_bytes=487296 qdelay_l_ms=1.072 qdelay_c_ms=169.609 ecn_mark=617 drop=0
[QUEUE_STATS] t_ms=13104 q_pkts=315 q_bytes=473760 qdelay_l_ms=1.0812 qdelay_c_ms=171.824 ecn_mark=619 drop=0
[QUEUE_STATS] t_ms=13120 q_pkts=306 q_bytes=460224 qdelay_l_ms=1.02945 qdelay_c_ms=172.17 ecn_mark=622 drop=0
[QUEUE_STATS] t_ms=13136 q_pkts=291 q_bytes=437664 qdelay_l_ms=0.808677 qdelay_c_ms=171.921 ecn_mark=624 drop=0
[QUEUE_STATS] t_ms=13152 q_pkts=280 q_bytes=421120 qdelay_l_ms=0 qdelay_c_ms=171.949 ecn_mark=624 drop=0
[QUEUE_STATS] t_ms=13168 q_pkts=273 q_bytes=410592 qdelay_l_ms=1.04939 qdelay_c_ms=175.048 ecn_mark=625 drop=0
[QUEUE_STATS] t_ms=13184 q_pkts=262 q_bytes=394048 qdelay_l_ms=1.02017 qdelay_c_ms=168.166 ecn_mark=625 drop=0
[QUEUE_STATS] t_ms=13201 q_pkts=252 q_bytes=379008 qdelay_l_ms=1.09621 qdelay_c_ms=162.074 ecn_mark=627 drop=0
[QUEUE_STATS] t_ms=13216 q_pkts=242 q_bytes=363968 qdelay_l_ms=1.09505 qdelay_c_ms=153.552 ecn_mark=629 drop=0
[QUEUE_STATS] t_ms=13232 q_pkts=245 q_bytes=368480 qdelay_l_ms=1.08075 qdelay_c_ms=149.135 ecn_mark=631 drop=0
[QUEUE_STATS] t_ms=13248 q_pkts=244 q_bytes=366976 qdelay_l_ms=1.07113 qdelay_c_ms=142.127 ecn_mark=636 drop=0
[QUEUE_STATS] t_ms=13264 q_pkts=243 q_bytes=365472 qdelay_l_ms=0.981472 qdelay_c_ms=134.261 ecn_mark=637 drop=0
[QUEUE_STATS] t_ms=13280 q_pkts=243 q_bytes=365472 qdelay_l_ms=1.0656 qdelay_c_ms=126.322 ecn_mark=637 drop=0
[QUEUE_STATS] t_ms=13296 q_pkts=243 q_bytes=365472 qdelay_l_ms=1.07252 qdelay_c_ms=121.161 ecn_mark=639 drop=0
[QUEUE_STATS] t_ms=13312 q_pkts=243 q_bytes=365472 qdelay_l_ms=1.06706 qdelay_c_ms=110.801 ecn_mark=640 drop=0
[QUEUE_STATS] t_ms=13329 q_pkts=244 q_bytes=366976 qdelay_l_ms=1.08016 qdelay_c_ms=109.111 ecn_mark=642 drop=0
[QUEUE_STATS] t_ms=13344 q_pkts=241 q_bytes=362464 qdelay_l_ms=0 qdelay_c_ms=106.96 ecn_mark=646 drop=0
[QUEUE_STATS] t_ms=13360 q_pkts=245 q_bytes=368480 qdelay_l_ms=0.986461 qdelay_c_ms=108.158 ecn_mark=648 drop=0
[QUEUE_STATS] t_ms=13376 q_pkts=245 q_bytes=368480 qdelay_l_ms=0.980249 qdelay_c_ms=106.845 ecn_mark=648 drop=0
[QUEUE_STATS] t_ms=13392 q_pkts=244 q_bytes=366976 qdelay_l_ms=0.810821 qdelay_c_ms=107.069 ecn_mark=648 drop=0
[QUEUE_STATS] t_ms=13408 q_pkts=247 q_bytes=371488 qdelay_l_ms=1.06187 qdelay_c_ms=108.177 ecn_mark=648 drop=0
[QUEUE_STATS] t_ms=13424 q_pkts=249 q_bytes=374496 qdelay_l_ms=1.07781 qdelay_c_ms=107.995 ecn_mark=650 drop=0
[QUEUE_STATS] t_ms=13440 q_pkts=250 q_bytes=376000 qdelay_l_ms=1.07633 qdelay_c_ms=106.768 ecn_mark=651 drop=0
[QUEUE_STATS] t_ms=13456 q_pkts=249 q_bytes=374496 qdelay_l_ms=1.07596 qdelay_c_ms=108.55 ecn_mark=655 drop=0
[QUEUE_STATS] t_ms=13472 q_pkts=252 q_bytes=379008 qdelay_l_ms=0.971622 qdelay_c_ms=108.814 ecn_mark=656 drop=0
[QUEUE_STATS] t_ms=13488 q_pkts=250 q_bytes=376000 qdelay_l_ms=0.96469 qdelay_c_ms=107.982 ecn_mark=657 drop=0
[QUEUE_STATS] t_ms=13504 q_pkts=253 q_bytes=380512 qdelay_l_ms=1.12285 qdelay_c_ms=107.948 ecn_mark=658 drop=0
[QUEUE_STATS] t_ms=13520 q_pkts=253 q_bytes=380512 qdelay_l_ms=0.989416 qdelay_c_ms=107.447 ecn_mark=659 drop=0
[QUEUE_STATS] t_ms=13537 q_pkts=252 q_bytes=379008 qdelay_l_ms=1.09683 qdelay_c_ms=108.95 ecn_mark=660 drop=0
[QUEUE_STATS] t_ms=13552 q_pkts=254 q_bytes=382016 qdelay_l_ms=1.00323 qdelay_c_ms=110.574 ecn_mark=662 drop=0
[QUEUE_STATS] t_ms=13569 q_pkts=254 q_bytes=382016 qdelay_l_ms=1.07044 qdelay_c_ms=108.171 ecn_mark=663 drop=0
[QUEUE_STATS] t_ms=13584 q_pkts=256 q_bytes=385024 qdelay_l_ms=1.0782 qdelay_c_ms=110.899 ecn_mark=664 drop=0
[QUEUE_STATS] t_ms=13600 q_pkts=258 q_bytes=388032 qdelay_l_ms=1.01697 qdelay_c_ms=111.283 ecn_mark=665 drop=0
[QUEUE_STATS] t_ms=13616 q_pkts=256 q_bytes=385024 qdelay_l_ms=1.00762 qdelay_c_ms=107.662 ecn_mark=667 drop=0
[QUEUE_STATS] t_ms=13632 q_pkts=254 q_bytes=382016 qdelay_l_ms=1.07209 qdelay_c_ms=112.26 ecn_mark=668 drop=0
[QUEUE_STATS] t_ms=13648 q_pkts=258 q_bytes=388032 qdelay_l_ms=1.03056 qdelay_c_ms=110.64 ecn_mark=670 drop=0
[QUEUE_STATS] t_ms=13664 q_pkts=259 q_bytes=389536 qdelay_l_ms=1.04484 qdelay_c_ms=109.106 ecn_mark=670 drop=0
[QUEUE_STATS] t_ms=13681 q_pkts=259 q_bytes=389536 qdelay_l_ms=1.0853 qdelay_c_ms=110.885 ecn_mark=673 drop=0
[QUEUE_STATS] t_ms=13696 q_pkts=262 q_bytes=394048 qdelay_l_ms=1.0859 qdelay_c_ms=110.116 ecn_mark=674 drop=0
[QUEUE_STATS] t_ms=13712 q_pkts=260 q_bytes=391040 qdelay_l_ms=1.03494 qdelay_c_ms=109.756 ecn_mark=677 drop=0
[QUEUE_STATS] t_ms=13728 q_pkts=260 q_bytes=391040 qdelay_l_ms=1.10915 qdelay_c_ms=111.497 ecn_mark=677 drop=0
[QUEUE_STATS] t_ms=13744 q_pkts=262 q_bytes=394048 qdelay_l_ms=1.03763 qdelay_c_ms=109.411 ecn_mark=677 drop=0
[QUEUE_STATS] t_ms=13760 q_pkts=263 q_bytes=395552 qdelay_l_ms=1.04336 qdelay_c_ms=109.908 ecn_mark=679 drop=0
[QUEUE_STATS] t_ms=13776 q_pkts=263 q_bytes=395552 qdelay_l_ms=1.09988 qdelay_c_ms=111.212 ecn_mark=679 drop=0
[QUEUE_STATS] t_ms=13792 q_pkts=264 q_bytes=397056 qdelay_l_ms=0.939473 qdelay_c_ms=111.023 ecn_mark=680 drop=0
[QUEUE_STATS] t_ms=13808 q_pkts=264 q_bytes=397056 qdelay_l_ms=1.0415 qdelay_c_ms=109.557 ecn_mark=681 drop=0
[QUEUE_STATS] t_ms=13824 q_pkts=266 q_bytes=400064 qdelay_l_ms=1.04854 qdelay_c_ms=111.002 ecn_mark=683 drop=0
[QUEUE_STATS] t_ms=13840 q_pkts=267 q_bytes=401568 qdelay_l_ms=0.943761 qdelay_c_ms=111.017 ecn_mark=685 drop=0
[QUEUE_STATS] t_ms=13856 q_pkts=266 q_bytes=400064 qdelay_l_ms=0 qdelay_c_ms=111.163 ecn_mark=685 drop=0
[QUEUE_STATS] t_ms=13872 q_pkts=267 q_bytes=401568 qdelay_l_ms=0.962405 qdelay_c_ms=112.367 ecn_mark=687 drop=0
[QUEUE_STATS] t_ms=13888 q_pkts=268 q_bytes=403072 qdelay_l_ms=0.979738 qdelay_c_ms=110.878 ecn_mark=687 drop=0
[QUEUE_STATS] t_ms=13904 q_pkts=269 q_bytes=404576 qdelay_l_ms=1.03718 qdelay_c_ms=110.731 ecn_mark=689 drop=0
[QUEUE_STATS] t_ms=13920 q_pkts=269 q_bytes=404576 qdelay_l_ms=0.930977 qdelay_c_ms=112.391 ecn_mark=694 drop=0
[QUEUE_STATS] t_ms=13936 q_pkts=270 q_bytes=406080 qdelay_l_ms=1.06556 qdelay_c_ms=110.719 ecn_mark=698 drop=0
[QUEUE_STATS] t_ms=13952 q_pkts=270 q_bytes=406080 qdelay_l_ms=1.07584 qdelay_c_ms=111.991 ecn_mark=698 drop=0
[QUEUE_STATS] t_ms=13968 q_pkts=269 q_bytes=404576 qdelay_l_ms=0.025408 qdelay_c_ms=111.028 ecn_mark=698 drop=0
[QUEUE_STATS] t_ms=13984 q_pkts=272 q_bytes=409088 qdelay_l_ms=1.065 qdelay_c_ms=110.756 ecn_mark=698 drop=0
[QUEUE_STATS] t_ms=14000 q_pkts=275 q_bytes=413600 qdelay_l_ms=0.802085 qdelay_c_ms=112.867 ecn_mark=698 drop=0
[QUEUE_STATS] t_ms=14016 q_pkts=275 q_bytes=413600 qdelay_l_ms=1.09275 qdelay_c_ms=113.33 ecn_mark=699 drop=0
[QUEUE_STATS] t_ms=14032 q_pkts=276 q_bytes=415104 qdelay_l_ms=1.01496 qdelay_c_ms=112.925 ecn_mark=700 drop=0
[QUEUE_STATS] t_ms=14048 q_pkts=277 q_bytes=416608 qdelay_l_ms=0.950403 qdelay_c_ms=113.867 ecn_mark=702 drop=0
[QUEUE_STATS] t_ms=14064 q_pkts=275 q_bytes=413600 qdelay_l_ms=1.09471 qdelay_c_ms=114.192 ecn_mark=702 drop=0
[QUEUE_STATS] t_ms=14080 q_pkts=276 q_bytes=415104 qdelay_l_ms=0 qdelay_c_ms=113.878 ecn_mark=703 drop=0
[QUEUE_STATS] t_ms=14096 q_pkts=279 q_bytes=419616 qdelay_l_ms=1.11927 qdelay_c_ms=115.569 ecn_mark=703 drop=0
[QUEUE_STATS] t_ms=14112 q_pkts=279 q_bytes=419616 qdelay_l_ms=1.0831 qdelay_c_ms=115.868 ecn_mark=703 drop=0
[QUEUE_STATS] t_ms=14128 q_pkts=278 q_bytes=418112 qdelay_l_ms=0.899408 qdelay_c_ms=114 ecn_mark=704 drop=0
[QUEUE_STATS] t_ms=14145 q_pkts=278 q_bytes=418112 qdelay_l_ms=1.07804 qdelay_c_ms=115.937 ecn_mark=707 drop=0
[QUEUE_STATS] t_ms=14160 q_pkts=281 q_bytes=422624 qdelay_l_ms=1.08186 qdelay_c_ms=117.257 ecn_mark=708 drop=0
[QUEUE_STATS] t_ms=14176 q_pkts=277 q_bytes=416608 qdelay_l_ms=0.015699 qdelay_c_ms=113.903 ecn_mark=709 drop=0
[QUEUE_STATS] t_ms=14192 q_pkts=281 q_bytes=422624 qdelay_l_ms=1.04273 qdelay_c_ms=116.045 ecn_mark=710 drop=0
[QUEUE_STATS] t_ms=14208 q_pkts=282 q_bytes=424128 qdelay_l_ms=1.07201 qdelay_c_ms=116.683 ecn_mark=711 drop=0
[QUEUE_STATS] t_ms=14224 q_pkts=282 q_bytes=424128 qdelay_l_ms=1.06184 qdelay_c_ms=115.785 ecn_mark=712 drop=0
[QUEUE_STATS] t_ms=14240 q_pkts=283 q_bytes=425632 qdelay_l_ms=1.05833 qdelay_c_ms=117.161 ecn_mark=714 drop=0
[QUEUE_STATS] t_ms=14256 q_pkts=282 q_bytes=424128 qdelay_l_ms=1.0056 qdelay_c_ms=116.739 ecn_mark=716 drop=0
[QUEUE_STATS] t_ms=14272 q_pkts=281 q_bytes=422624 qdelay_l_ms=0.015189 qdelay_c_ms=115.053 ecn_mark=716 drop=0
[QUEUE_STATS] t_ms=14288 q_pkts=287 q_bytes=431648 qdelay_l_ms=1.10139 qdelay_c_ms=116.906 ecn_mark=717 drop=0
[QUEUE_STATS] t_ms=14305 q_pkts=286 q_bytes=430144 qdelay_l_ms=1.08417 qdelay_c_ms=116.75 ecn_mark=718 drop=0
[QUEUE_STATS] t_ms=14321 q_pkts=289 q_bytes=434656 qdelay_l_ms=1.09879 qdelay_c_ms=117.026 ecn_mark=718 drop=0
[QUEUE_STATS] t_ms=14336 q_pkts=284 q_bytes=427136 qdelay_l_ms=0.035166 qdelay_c_ms=117.109 ecn_mark=719 drop=0
[QUEUE_STATS] t_ms=14352 q_pkts=288 q_bytes=433152 qdelay_l_ms=1.084 qdelay_c_ms=117.307 ecn_mark=719 drop=0
[QUEUE_STATS] t_ms=14368 q_pkts=284 q_bytes=427136 qdelay_l_ms=0 qdelay_c_ms=116.202 ecn_mark=720 drop=0
[QUEUE_STATS] t_ms=14384 q_pkts=290 q_bytes=436160 qdelay_l_ms=1.06188 qdelay_c_ms=118.689 ecn_mark=720 drop=0
[QUEUE_STATS] t_ms=14400 q_pkts=288 q_bytes=433152 qdelay_l_ms=0 qdelay_c_ms=117.282 ecn_mark=721 drop=0
[QUEUE_STATS] t_ms=14416 q_pkts=291 q_bytes=437664 qdelay_l_ms=1.0052 qdelay_c_ms=116.957 ecn_mark=723 drop=0
[QUEUE_STATS] t_ms=14432 q_pkts=291 q_bytes=437664 qdelay_l_ms=1.10835 qdelay_c_ms=119.946 ecn_mark=723 drop=0
[QUEUE_STATS] t_ms=14448 q_pkts=293 q_bytes=440672 qdelay_l_ms=1.05489 qdelay_c_ms=119.781 ecn_mark=723 drop=0
[QUEUE_STATS] t_ms=14464 q_pkts=291 q_bytes=437664 qdelay_l_ms=1.10117 qdelay_c_ms=118.055 ecn_mark=724 drop=0
[QUEUE_STATS] t_ms=14480 q_pkts=294 q_bytes=442176 qdelay_l_ms=1.09643 qdelay_c_ms=121.265 ecn_mark=724 drop=0
[QUEUE_STATS] t_ms=14496 q_pkts=295 q_bytes=443680 qdelay_l_ms=1.05477 qdelay_c_ms=120.199 ecn_mark=724 drop=0
[QUEUE_STATS] t_ms=14512 q_pkts=292 q_bytes=439168 qdelay_l_ms=1.07897 qdelay_c_ms=118.869 ecn_mark=725 drop=0
[QUEUE_STATS] t_ms=14529 q_pkts=294 q_bytes=442176 qdelay_l_ms=1.1059 qdelay_c_ms=119.878 ecn_mark=725 drop=0
[QUEUE_STATS] t_ms=14544 q_pkts=297 q_bytes=446688 qdelay_l_ms=1.05784 qdelay_c_ms=119.714 ecn_mark=726 drop=0
[QUEUE_STATS] t_ms=14560 q_pkts=297 q_bytes=446688 qdelay_l_ms=1.09326 qdelay_c_ms=119.079 ecn_mark=726 drop=0
[QUEUE_STATS] t_ms=14576 q_pkts=297 q_bytes=446688 qdelay_l_ms=0.836981 qdelay_c_ms=121.436 ecn_mark=726 drop=0
[QUEUE_STATS] t_ms=14592 q_pkts=298 q_bytes=448192 qdelay_l_ms=1.08094 qdelay_c_ms=119.977 ecn_mark=727 drop=0
[QUEUE_STATS] t_ms=14608 q_pkts=298 q_bytes=448192 qdelay_l_ms=1.09599 qdelay_c_ms=120.103 ecn_mark=730 drop=0
[QUEUE_STATS] t_ms=14624 q_pkts=300 q_bytes=451200 qdelay_l_ms=1.03383 qdelay_c_ms=122.243 ecn_mark=734 drop=0
[QUEUE_STATS] t_ms=14640 q_pkts=300 q_bytes=451200 qdelay_l_ms=1.09934 qdelay_c_ms=119.918 ecn_mark=735 drop=0
[QUEUE_STATS] t_ms=14656 q_pkts=300 q_bytes=451200 qdelay_l_ms=1.04138 qdelay_c_ms=121.406 ecn_mark=735 drop=0
[QUEUE_STATS] t_ms=14672 q_pkts=300 q_bytes=451200 qdelay_l_ms=1.08763 qdelay_c_ms=121.963 ecn_mark=737 drop=0
[QUEUE_STATS] t_ms=14688 q_pkts=300 q_bytes=451200 qdelay_l_ms=1.09304 qdelay_c_ms=121.172 ecn_mark=737 drop=0
[QUEUE_STATS] t_ms=14705 q_pkts=302 q_bytes=454208 qdelay_l_ms=1.08343 qdelay_c_ms=121.818 ecn_mark=737 drop=0
[QUEUE_STATS] t_ms=14720 q_pkts=304 q_bytes=457216 qdelay_l_ms=1.04036 qdelay_c_ms=122.768 ecn_mark=737 drop=0
[QUEUE_STATS] t_ms=14736 q_pkts=304 q_bytes=457216 qdelay_l_ms=0.816291 qdelay_c_ms=122.45 ecn_mark=737 drop=0
[QUEUE_STATS] t_ms=14752 q_pkts=304 q_bytes=457216 qdelay_l_ms=1.08043 qdelay_c_ms=123.17 ecn_mark=737 drop=0
[QUEUE_STATS] t_ms=14768 q_pkts=307 q_bytes=461728 qdelay_l_ms=1.10908 qdelay_c_ms=124.287 ecn_mark=738 drop=0
[QUEUE_STATS] t_ms=14784 q_pkts=307 q_bytes=461728 qdelay_l_ms=1.05352 qdelay_c_ms=123.949 ecn_mark=741 drop=0
[QUEUE_STATS] t_ms=14800 q_pkts=307 q_bytes=461728 qdelay_l_ms=1.0838 qdelay_c_ms=126.363 ecn_mark=741 drop=0
[QUEUE_STATS] t_ms=14816 q_pkts=308 q_bytes=463232 qdelay_l_ms=1.06666 qdelay_c_ms=124.671 ecn_mark=742 drop=0
[QUEUE_STATS] t_ms=14832 q_pkts=309 q_bytes=464736 qdelay_l_ms=1.06749 qdelay_c_ms=126.084 ecn_mark=744 drop=0
[QUEUE_STATS] t_ms=14848 q_pkts=308 q_bytes=463232 qdelay_l_ms=1.08702 qdelay_c_ms=128.155 ecn_mark=744 drop=0
[QUEUE_STATS] t_ms=14864 q_pkts=310 q_bytes=466240 qdelay_l_ms=1.07873 qdelay_c_ms=127.352 ecn_mark=745 drop=0
[QUEUE_STATS] t_ms=14880 q_pkts=309 q_bytes=464736 qdelay_l_ms=1.0776 qdelay_c_ms=127.47 ecn_mark=748 drop=0
[QUEUE_STATS] t_ms=14896 q_pkts=311 q_bytes=467744 qdelay_l_ms=1.07902 qdelay_c_ms=129.777 ecn_mark=749 drop=0
[QUEUE_STATS] t_ms=14912 q_pkts=313 q_bytes=470752 qdelay_l_ms=0.958799 qdelay_c_ms=128.364 ecn_mark=750 drop=0
[QUEUE_STATS] t_ms=14928 q_pkts=312 q_bytes=469248 qdelay_l_ms=1.05088 qdelay_c_ms=128.707 ecn_mark=751 drop=0
[QUEUE_STATS] t_ms=14944 q_pkts=312 q_bytes=469248 qdelay_l_ms=1.06391 qdelay_c_ms=128.955 ecn_mark=751 drop=0
[QUEUE_STATS] t_ms=14960 q_pkts=313 q_bytes=470752 qdelay_l_ms=0.966453 qdelay_c_ms=128.955 ecn_mark=751 drop=0
[QUEUE_STATS] t_ms=14977 q_pkts=313 q_bytes=470752 qdelay_l_ms=1.07689 qdelay_c_ms=128.923 ecn_mark=752 drop=0
[QUEUE_STATS] t_ms=14992 q_pkts=315 q_bytes=473760 qdelay_l_ms=1.05352 qdelay_c_ms=129.125 ecn_mark=753 drop=0
[QUEUE_STATS] t_ms=15008 q_pkts=314 q_bytes=472256 qdelay_l_ms=1.10742 qdelay_c_ms=128.386 ecn_mark=754 drop=0
[QUEUE_STATS] t_ms=15024 q_pkts=316 q_bytes=475264 qdelay_l_ms=1.11711 qdelay_c_ms=130.133 ecn_mark=754 drop=0
[QUEUE_STATS] t_ms=15040 q_pkts=316 q_bytes=475264 qdelay_l_ms=1.0884 qdelay_c_ms=131.212 ecn_mark=754 drop=0
[QUEUE_STATS] t_ms=15056 q_pkts=316 q_bytes=475264 qdelay_l_ms=1.05311 qdelay_c_ms=128.889 ecn_mark=754 drop=0
[QUEUE_STATS] t_ms=15072 q_pkts=318 q_bytes=478272 qdelay_l_ms=0.955202 qdelay_c_ms=130.929 ecn_mark=754 drop=0
[QUEUE_STATS] t_ms=15088 q_pkts=319 q_bytes=479776 qdelay_l_ms=0.910048 qdelay_c_ms=131.038 ecn_mark=754 drop=0
[QUEUE_STATS] t_ms=15104 q_pkts=320 q_bytes=481280 qdelay_l_ms=1.06754 qdelay_c_ms=130.92 ecn_mark=755 drop=0
[QUEUE_STATS] t_ms=15120 q_pkts=320 q_bytes=481280 qdelay_l_ms=1.00063 qdelay_c_ms=132.098 ecn_mark=756 drop=0
[QUEUE_STATS] t_ms=15136 q_pkts=321 q_bytes=482784 qdelay_l_ms=0.899868 qdelay_c_ms=133.066 ecn_mark=758 drop=0
[QUEUE_STATS] t_ms=15152 q_pkts=321 q_bytes=482784 qdelay_l_ms=1.08649 qdelay_c_ms=132.892 ecn_mark=758 drop=0
[QUEUE_STATS] t_ms=15168 q_pkts=322 q_bytes=484288 qdelay_l_ms=1.04681 qdelay_c_ms=133.177 ecn_mark=758 drop=0
[QUEUE_STATS] t_ms=15184 q_pkts=323 q_bytes=485792 qdelay_l_ms=1.01857 qdelay_c_ms=133.896 ecn_mark=759 drop=0
[QUEUE_STATS] t_ms=15200 q_pkts=323 q_bytes=485792 qdelay_l_ms=1.0581 qdelay_c_ms=134.108 ecn_mark=760 drop=0
[QUEUE_STATS] t_ms=15216 q_pkts=324 q_bytes=487296 qdelay_l_ms=1.04471 qdelay_c_ms=136.049 ecn_mark=760 drop=0
[QUEUE_STATS] t_ms=15232 q_pkts=325 q_bytes=488800 qdelay_l_ms=1.00952 qdelay_c_ms=135.905 ecn_mark=761 drop=0
[QUEUE_STATS] t_ms=15248 q_pkts=324 q_bytes=487296 qdelay_l_ms=1.07705 qdelay_c_ms=136.396 ecn_mark=762 drop=0
[QUEUE_STATS] t_ms=15265 q_pkts=326 q_bytes=490304 qdelay_l_ms=1.10855 qdelay_c_ms=137.224 ecn_mark=762 drop=0
[QUEUE_STATS] t_ms=15280 q_pkts=326 q_bytes=490304 qdelay_l_ms=1.05701 qdelay_c_ms=135.898 ecn_mark=763 drop=0
[QUEUE_STATS] t_ms=15296 q_pkts=326 q_bytes=490304 qdelay_l_ms=1.09455 qdelay_c_ms=135.713 ecn_mark=763 drop=0
[QUEUE_STATS] t_ms=15312 q_pkts=329 q_bytes=494816 qdelay_l_ms=1.02875 qdelay_c_ms=137.839 ecn_mark=763 drop=0
[QUEUE_STATS] t_ms=15328 q_pkts=327 q_bytes=491808 qdelay_l_ms=1.0557 qdelay_c_ms=138.804 ecn_mark=763 drop=0
[QUEUE_STATS] t_ms=15344 q_pkts=330 q_bytes=496320 qdelay_l_ms=1.07083 qdelay_c_ms=138.024 ecn_mark=763 drop=0
[QUEUE_STATS] t_ms=15360 q_pkts=329 q_bytes=494816 qdelay_l_ms=1.02234 qdelay_c_ms=138.8 ecn_mark=764 drop=0
[QUEUE_STATS] t_ms=15376 q_pkts=329 q_bytes=494816 qdelay_l_ms=0.909175 qdelay_c_ms=139.247 ecn_mark=766 drop=0
[QUEUE_STATS] t_ms=15392 q_pkts=328 q_bytes=493312 qdelay_l_ms=1.02028 qdelay_c_ms=137.53 ecn_mark=767 drop=0
[QUEUE_STATS] t_ms=15408 q_pkts=330 q_bytes=496320 qdelay_l_ms=0.897303 qdelay_c_ms=140.041 ecn_mark=769 drop=0
[QUEUE_STATS] t_ms=15424 q_pkts=333 q_bytes=500832 qdelay_l_ms=1.08585 qdelay_c_ms=141.394 ecn_mark=769 drop=0
[QUEUE_STATS] t_ms=15440 q_pkts=325 q_bytes=488800 qdelay_l_ms=0.040045 qdelay_c_ms=139.002 ecn_mark=769 drop=0
[QUEUE_STATS] t_ms=15456 q_pkts=314 q_bytes=472256 qdelay_l_ms=1.07884 qdelay_c_ms=139.706 ecn_mark=771 drop=0
[QUEUE_STATS] t_ms=15472 q_pkts=305 q_bytes=458720 qdelay_l_ms=1.07929 qdelay_c_ms=141.285 ecn_mark=774 drop=0
[QUEUE_STATS] t_ms=15488 q_pkts=293 q_bytes=440672 qdelay_l_ms=1.025 qdelay_c_ms=139.723 ecn_mark=774 drop=0
[QUEUE_STATS] t_ms=15504 q_pkts=282 q_bytes=424128 qdelay_l_ms=0.89019 qdelay_c_ms=141.221 ecn_mark=776 drop=0
[QUEUE_STATS] t_ms=15520 q_pkts=272 q_bytes=409088 qdelay_l_ms=1.03633 qdelay_c_ms=141.556 ecn_mark=776 drop=0
[QUEUE_STATS] t_ms=15536 q_pkts=261 q_bytes=392544 qdelay_l_ms=1.0997 qdelay_c_ms=141.391 ecn_mark=777 drop=0
[QUEUE_STATS] t_ms=15552 q_pkts=250 q_bytes=376000 qdelay_l_ms=1.0895 qdelay_c_ms=141.877 ecn_mark=779 drop=0
[QUEUE_STATS] t_ms=15568 q_pkts=238 q_bytes=357952 qdelay_l_ms=1.07711 qdelay_c_ms=142.115 ecn_mark=781 drop=0
[QUEUE_STATS] t_ms=15584 q_pkts=227 q_bytes=341408 qdelay_l_ms=1.03245 qdelay_c_ms=137.823 ecn_mark=781 drop=0
[QUEUE_STATS] t_ms=15600 q_pkts=215 q_bytes=323360 qdelay_l_ms=1.07824 qdelay_c_ms=131.526 ecn_mark=782 drop=0
[QUEUE_STATS] t_ms=15616 q_pkts=204 q_bytes=306816 qdelay_l_ms=1.05999 qdelay_c_ms=127.271 ecn_mark=784 drop=0
[QUEUE_STATS] t_ms=15632 q_pkts=204 q_bytes=306816 qdelay_l_ms=1.02445 qdelay_c_ms=117.117 ecn_mark=786 drop=0
[QUEUE_STATS] t_ms=15648 q_pkts=201 q_bytes=302304 qdelay_l_ms=1.04157 qdelay_c_ms=111.09 ecn_mark=786 drop=0
[QUEUE_STATS] t_ms=15664 q_pkts=205 q_bytes=308320 qdelay_l_ms=1.01944 qdelay_c_ms=103.808 ecn_mark=788 drop=0
[QUEUE_STATS] t_ms=15680 q_pkts=204 q_bytes=306816 qdelay_l_ms=0.999465 qdelay_c_ms=97.035 ecn_mark=789 drop=0
[QUEUE_STATS] t_ms=15696 q_pkts=205 q_bytes=308320 qdelay_l_ms=1.02686 qdelay_c_ms=89.8847 ecn_mark=791 drop=0
[QUEUE_STATS] t_ms=15712 q_pkts=204 q_bytes=306816 qdelay_l_ms=1.02689 qdelay_c_ms=87.2015 ecn_mark=792 drop=0
[QUEUE_STATS] t_ms=15728 q_pkts=205 q_bytes=308320 qdelay_l_ms=1.02894 qdelay_c_ms=85.5732 ecn_mark=793 drop=0
[QUEUE_STATS] t_ms=15745 q_pkts=204 q_bytes=306816 qdelay_l_ms=1.10284 qdelay_c_ms=85.7047 ecn_mark=794 drop=0
[QUEUE_STATS] t_ms=15760 q_pkts=207 q_bytes=311328 qdelay_l_ms=1.0255 qdelay_c_ms=88.1657 ecn_mark=799 drop=0
[QUEUE_STATS] t_ms=15776 q_pkts=207 q_bytes=311328 qdelay_l_ms=1.02781 qdelay_c_ms=86.2622 ecn_mark=799 drop=0
[QUEUE_STATS] t_ms=15792 q_pkts=206 q_bytes=309824 qdelay_l_ms=1.07681 qdelay_c_ms=87.9853 ecn_mark=799 drop=0
[QUEUE_STATS] t_ms=15808 q_pkts=208 q_bytes=312832 qdelay_l_ms=1.02137 qdelay_c_ms=88.6548 ecn_mark=801 drop=0
[QUEUE_STATS] t_ms=15824 q_pkts=211 q_bytes=317344 qdelay_l_ms=0.902833 qdelay_c_ms=88.98 ecn_mark=802 drop=0
[QUEUE_STATS] t_ms=15841 q_pkts=209 q_bytes=314336 qdelay_l_ms=1.10866 qdelay_c_ms=89.1637 ecn_mark=802 drop=0
[QUEUE_STATS] t_ms=15856 q_pkts=209 q_bytes=314336 qdelay_l_ms=1.01194 qdelay_c_ms=89.5375 ecn_mark=805 drop=0
[QUEUE_STATS] t_ms=15872 q_pkts=212 q_bytes=318848 qdelay_l_ms=1.11153 qdelay_c_ms=89.2222 ecn_mark=807 drop=0
[QUEUE_STATS] t_ms=15888 q_pkts=211 q_bytes=317344 qdelay_l_ms=1.04107 qdelay_c_ms=90.0631 ecn_mark=808 drop=0
[QUEUE_STATS] t_ms=15904 q_pkts=210 q_bytes=315840 qdelay_l_ms=1.03095 qdelay_c_ms=89.1252 ecn_mark=808 drop=0
[QUEUE_STATS] t_ms=15920 q_pkts=213 q_bytes=320352 qdelay_l_ms=1.07204 qdelay_c_ms=90.2357 ecn_mark=811 drop=0
[QUEUE_STATS] t_ms=15936 q_pkts=213 q_bytes=320352 qdelay_l_ms=1.03808 qdelay_c_ms=90.8239 ecn_mark=811 drop=0
[QUEUE_STATS] t_ms=15952 q_pkts=211 q_bytes=317344 qdelay_l_ms=1.08874 qdelay_c_ms=90.4304 ecn_mark=813 drop=0
[QUEUE_STATS] t_ms=15968 q_pkts=215 q_bytes=323360 qdelay_l_ms=1.09667 qdelay_c_ms=91.1831 ecn_mark=814 drop=0
[QUEUE_STATS] t_ms=15984 q_pkts=213 q_bytes=320352 qdelay_l_ms=0.885762 qdelay_c_ms=91.0101 ecn_mark=814 drop=0
[QUEUE_STATS] t_ms=16000 q_pkts=210 q_bytes=315840 qdelay_l_ms=0.012734 qdelay_c_ms=89.1104 ecn_mark=817 drop=0
[QUEUE_STATS] t_ms=16016 q_pkts=213 q_bytes=320352 qdelay_l_ms=1.09777 qdelay_c_ms=90.0953 ecn_mark=819 drop=0
[QUEUE_STATS] t_ms=16032 q_pkts=214 q_bytes=321856 qdelay_l_ms=1.09796 qdelay_c_ms=91.2731 ecn_mark=821 drop=0
[QUEUE_STATS] t_ms=16048 q_pkts=213 q_bytes=320352 qdelay_l_ms=1.05229 qdelay_c_ms=90.4069 ecn_mark=823 drop=0
[QUEUE_STATS] t_ms=16064 q_pkts=215 q_bytes=323360 qdelay_l_ms=0.789191 qdelay_c_ms=90.2078 ecn_mark=824 drop=0
[QUEUE_STATS] t_ms=16080 q_pkts=215 q_bytes=323360 qdelay_l_ms=1.02873 qdelay_c_ms=90.0786 ecn_mark=827 drop=0
[QUEUE_STATS] t_ms=16096 q_pkts=215 q_bytes=323360 qdelay_l_ms=1.0522 qdelay_c_ms=89.8148 ecn_mark=827 drop=0
[QUEUE_STATS] t_ms=16113 q_pkts=214 q_bytes=321856 qdelay_l_ms=1.12256 qdelay_c_ms=89.0959 ecn_mark=829 drop=0
[QUEUE_STATS] t_ms=16128 q_pkts=217 q_bytes=326368 qdelay_l_ms=1.06637 qdelay_c_ms=91.0825 ecn_mark=830 drop=0
[QUEUE_STATS] t_ms=16144 q_pkts=214 q_bytes=321856 qdelay_l_ms=0 qdelay_c_ms=89.1394 ecn_mark=833 drop=0
[QUEUE_STATS] t_ms=16160 q_pkts=217 q_bytes=326368 qdelay_l_ms=1.02708 qdelay_c_ms=91.1266 ecn_mark=835 drop=0
[QUEUE_STATS] t_ms=16176 q_pkts=216 q_bytes=324864 qdelay_l_ms=1.09611 qdelay_c_ms=89.9893 ecn_mark=835 drop=0
[QUEUE_STATS] t_ms=16192 q_pkts=217 q_bytes=326368 qdelay_l_ms=1.0831 qdelay_c_ms=90.8979 ecn_mark=835 drop=0
[QUEUE_STATS] t_ms=16208 q_pkts=217 q_bytes=326368 qdelay_l_ms=1.06309 qdelay_c_ms=89.7719 ecn_mark=837 drop=0
[QUEUE_STATS] t_ms=16224 q_pkts=217 q_bytes=326368 qdelay_l_ms=1.08089 qdelay_c_ms=90.9918 ecn_mark=837 drop=0
[QUEUE_STATS] t_ms=16240 q_pkts=219 q_bytes=329376 qdelay_l_ms=1.03577 qdelay_c_ms=91.1483 ecn_mark=837 drop=0
[QUEUE_STATS] t_ms=16256 q_pkts=219 q_bytes=329376 qdelay_l_ms=1.0535 qdelay_c_ms=90.7343 ecn_mark=837 drop=0
[QUEUE_STATS] t_ms=16272 q_pkts=218 q_bytes=327872 qdelay_l_ms=1.0994 qdelay_c_ms=89.9159 ecn_mark=838 drop=0
[QUEUE_STATS] t_ms=16288 q_pkts=220 q_bytes=330880 qdelay_l_ms=1.11489 qdelay_c_ms=91.2991 ecn_mark=839 drop=0
[QUEUE_STATS] t_ms=16305 q_pkts=222 q_bytes=333888 qdelay_l_ms=1.0337 qdelay_c_ms=90.9318 ecn_mark=841 drop=0
[QUEUE_STATS] t_ms=16320 q_pkts=220 q_bytes=330880 qdelay_l_ms=1.06557 qdelay_c_ms=91.1097 ecn_mark=843 drop=0
[QUEUE_STATS] t_ms=16336 q_pkts=220 q_bytes=330880 qdelay_l_ms=1.10568 qdelay_c_ms=92.3374 ecn_mark=843 drop=0
[QUEUE_STATS] t_ms=16352 q_pkts=221 q_bytes=332384 qdelay_l_ms=1.06932 qdelay_c_ms=90.8485 ecn_mark=844 drop=0
[QUEUE_STATS] t_ms=16368 q_pkts=215 q_bytes=323360 qdelay_l_ms=0 qdelay_c_ms=88.671 ecn_mark=844 drop=0
[QUEUE_STATS] t_ms=16385 q_pkts=222 q_bytes=333888 qdelay_l_ms=1.06723 qdelay_c_ms=92.1335 ecn_mark=844 drop=0
[QUEUE_STATS] t_ms=16400 q_pkts=223 q_bytes=335392 qdelay_l_ms=1.05088 qdelay_c_ms=91.4185 ecn_mark=845 drop=0
[QUEUE_STATS] t_ms=16416 q_pkts=222 q_bytes=333888 qdelay_l_ms=1.11298 qdelay_c_ms=91.3934 ecn_mark=849 drop=0
[QUEUE_STATS] t_ms=16432 q_pkts=226 q_bytes=339904 qdelay_l_ms=1.06399 qdelay_c_ms=91.8624 ecn_mark=851 drop=0
[QUEUE_STATS] t_ms=16448 q_pkts=225 q_bytes=338400 qdelay_l_ms=1.03059 qdelay_c_ms=92.24 ecn_mark=853 drop=0
[QUEUE_STATS] t_ms=16464 q_pkts=224 q_bytes=336896 qdelay_l_ms=1.10133 qdelay_c_ms=91.1332 ecn_mark=854 drop=0
[QUEUE_STATS] t_ms=16481 q_pkts=225 q_bytes=338400 qdelay_l_ms=1.04416 qdelay_c_ms=91.8118 ecn_mark=854 drop=0
[QUEUE_STATS] t_ms=16496 q_pkts=223 q_bytes=335392 qdelay_l_ms=1.08147 qdelay_c_ms=92.0383 ecn_mark=855 drop=0
[QUEUE_STATS] t_ms=16512 q_pkts=224 q_bytes=336896 qdelay_l_ms=1.06346 qdelay_c_ms=93.0644 ecn_mark=857 drop=0
[QUEUE_STATS] t_ms=16528 q_pkts=225 q_bytes=338400 qdelay_l_ms=1.06038 qdelay_c_ms=91.1721 ecn_mark=858 drop=0
[QUEUE_STATS] t_ms=16544 q_pkts=226 q_bytes=339904 qdelay_l_ms=1.06357 qdelay_c_ms=92.4019 ecn_mark=860 drop=0
[QUEUE_STATS] t_ms=16560 q_pkts=222 q_bytes=333888 qdelay_l_ms=1.09729 qdelay_c_ms=91.5218 ecn_mark=862 drop=0
[QUEUE_STATS] t_ms=16576 q_pkts=227 q_bytes=341408 qdelay_l_ms=1.0703 qdelay_c_ms=93.7389 ecn_mark=863 drop=0
[QUEUE_STATS] t_ms=16593 q_pkts=226 q_bytes=339904 qdelay_l_ms=0 qdelay_c_ms=92.8875 ecn_mark=865 drop=0
[QUEUE_STATS] t_ms=16608 q_pkts=225 q_bytes=338400 qdelay_l_ms=1.10573 qdelay_c_ms=92.1652 ecn_mark=866 drop=0
[QUEUE_STATS] t_ms=16624 q_pkts=227 q_bytes=341408 qdelay_l_ms=1.08427 qdelay_c_ms=93.8987 ecn_mark=866 drop=0
[QUEUE_STATS] t_ms=16640 q_pkts=224 q_bytes=336896 qdelay_l_ms=1.07445 qdelay_c_ms=90.7957 ecn_mark=866 drop=0
[QUEUE_STATS] t_ms=16656 q_pkts=226 q_bytes=339904 qdelay_l_ms=1.00247 qdelay_c_ms=92.1902 ecn_mark=868 drop=0
[QUEUE_STATS] t_ms=16672 q_pkts=228 q_bytes=342912 qdelay_l_ms=1.08264 qdelay_c_ms=93.1163 ecn_mark=870 drop=0
[QUEUE_STATS] t_ms=16689 q_pkts=228 q_bytes=342912 qdelay_l_ms=1.09401 qdelay_c_ms=92.8208 ecn_mark=874 drop=0
[QUEUE_STATS] t_ms=16704 q_pkts=228 q_bytes=342912 qdelay_l_ms=1.02657 qdelay_c_ms=93.2629 ecn_mark=874 drop=0
[QUEUE_STATS] t_ms=16720 q_pkts=229 q_bytes=344416 qdelay_l_ms=1.08173 qdelay_c_ms=93.9178 ecn_mark=874 drop=0
[QUEUE_STATS] t_ms=16736 q_pkts=231 q_bytes=347424 qdelay_l_ms=1.08465 qdelay_c_ms=93.234 ecn_mark=876 drop=0
[QUEUE_STATS] t_ms=16752 q_pkts=230 q_bytes=345920 qdelay_l_ms=1.02857 qdelay_c_ms=93.7735 ecn_mark=878 drop=0
[QUEUE_STATS] t_ms=16768 q_pkts=230 q_bytes=345920 qdelay_l_ms=1.07279 qdelay_c_ms=94.0197 ecn_mark=879 drop=0
[QUEUE_STATS] t_ms=16784 q_pkts=229 q_bytes=344416 qdelay_l_ms=1.10053 qdelay_c_ms=93.7512 ecn_mark=880 drop=0
[QUEUE_STATS] t_ms=16800 q_pkts=232 q_bytes=348928 qdelay_l_ms=1.09726 qdelay_c_ms=93.7857 ecn_mark=882 drop=0
[QUEUE_STATS] t_ms=16816 q_pkts=229 q_bytes=344416 qdelay_l_ms=1.10305 qdelay_c_ms=93.099 ecn_mark=882 drop=0
[QUEUE_STATS] t_ms=16832 q_pkts=229 q_bytes=344416 qdelay_l_ms=1.10914 qdelay_c_ms=92.8837 ecn_mark=883 drop=0
[QUEUE_STATS] t_ms=16848 q_pkts=230 q_bytes=345920 qdelay_l_ms=1.08996 qdelay_c_ms=94.5739 ecn_mark=884 drop=0
[QUEUE_STATS] t_ms=16865 q_pkts=231 q_bytes=347424 qdelay_l_ms=1.10439 qdelay_c_ms=92.8263 ecn_mark=884 drop=0
[QUEUE_STATS] t_ms=16880 q_pkts=233 q_bytes=350432 qdelay_l_ms=1.06271 qdelay_c_ms=93.2758 ecn_mark=885 drop=0
[QUEUE_STATS] t_ms=16897 q_pkts=234 q_bytes=351936 qdelay_l_ms=1.09917 qdelay_c_ms=93.9901 ecn_mark=887 drop=0
[QUEUE_STATS] t_ms=16912 q_pkts=232 q_bytes=348928 qdelay_l_ms=1.05791 qdelay_c_ms=94.2657 ecn_mark=888 drop=0
[QUEUE_STATS] t_ms=16929 q_pkts=232 q_bytes=348928 qdelay_l_ms=1.06685 qdelay_c_ms=93.8358 ecn_mark=890 drop=0
[QUEUE_STATS] t_ms=16944 q_pkts=232 q_bytes=348928 qdelay_l_ms=1.05542 qdelay_c_ms=93.2137 ecn_mark=890 drop=0
[QUEUE_STATS] t_ms=16961 q_pkts=233 q_bytes=350432 qdelay_l_ms=1.06883 qdelay_c_ms=93.8244 ecn_mark=892 drop=0
[QUEUE_STATS] t_ms=16976 q_pkts=235 q_bytes=353440 qdelay_l_ms=1.09641 qdelay_c_ms=94.7203 ecn_mark=894 drop=0
[QUEUE_STATS] t_ms=16992 q_pkts=231 q_bytes=347424 qdelay_l_ms=1.0813 qdelay_c_ms=93.9348 ecn_mark=897 drop=0
[QUEUE_STATS] t_ms=17008 q_pkts=232 q_bytes=348928 qdelay_l_ms=1.02375 qdelay_c_ms=93.2465 ecn_mark=899 drop=0
[QUEUE_STATS] t_ms=17025 q_pkts=233 q_bytes=350432 qdelay_l_ms=1.09166 qdelay_c_ms=94.8625 ecn_mark=902 drop=0
[QUEUE_STATS] t_ms=17040 q_pkts=234 q_bytes=351936 qdelay_l_ms=1.05722 qdelay_c_ms=93.082 ecn_mark=903 drop=0
[QUEUE_STATS] t_ms=17056 q_pkts=232 q_bytes=348928 qdelay_l_ms=1.06698 qdelay_c_ms=93.3015 ecn_mark=904 drop=0
[QUEUE_STATS] t_ms=17072 q_pkts=235 q_bytes=353440 qdelay_l_ms=1.06714 qdelay_c_ms=94.4016 ecn_mark=904 drop=0
[QUEUE_STATS] t_ms=17088 q_pkts=234 q_bytes=351936 qdelay_l_ms=1.10696 qdelay_c_ms=94.0688 ecn_mark=906 drop=0
[QUEUE_STATS] t_ms=17104 q_pkts=236 q_bytes=354944 qdelay_l_ms=1.05878 qdelay_c_ms=92.7268 ecn_mark=907 drop=0
[QUEUE_STATS] t_ms=17121 q_pkts=235 q_bytes=353440 qdelay_l_ms=1.07586 qdelay_c_ms=93.2461 ecn_mark=909 drop=0
[QUEUE_STATS] t_ms=17136 q_pkts=235 q_bytes=353440 qdelay_l_ms=1.067 qdelay_c_ms=94.4637 ecn_mark=910 drop=0
[QUEUE_STATS] t_ms=17152 q_pkts=235 q_bytes=353440 qdelay_l_ms=1.08624 qdelay_c_ms=94.1543 ecn_mark=911 drop=0
[QUEUE_STATS] t_ms=17168 q_pkts=234 q_bytes=351936 qdelay_l_ms=1.0816 qdelay_c_ms=93.836 ecn_mark=911 drop=0
[QUEUE_STATS] t_ms=17184 q_pkts=234 q_bytes=351936 qdelay_l_ms=1.0791 qdelay_c_ms=94.2711 ecn_mark=914 drop=0
[QUEUE_STATS] t_ms=17201 q_pkts=236 q_bytes=354944 qdelay_l_ms=1.04794 qdelay_c_ms=93.8478 ecn_mark=915 drop=0
[QUEUE_STATS] t_ms=17216 q_pkts=237 q_bytes=356448 qdelay_l_ms=1.08296 qdelay_c_ms=94.1709 ecn_mark=917 drop=0
[QUEUE_STATS] t_ms=17232 q_pkts=235 q_bytes=353440 qdelay_l_ms=1.08843 qdelay_c_ms=93.8031 ecn_mark=919 drop=0
[QUEUE_STATS] t_ms=17249 q_pkts=237 q_bytes=356448 qdelay_l_ms=1.08051 qdelay_c_ms=94.0766 ecn_mark=920 drop=0
[QUEUE_STATS] t_ms=17264 q_pkts=237 q_bytes=356448 qdelay_l_ms=1.07491 qdelay_c_ms=93.9092 ecn_mark=923 drop=0
[QUEUE_STATS] t_ms=17280 q_pkts=235 q_bytes=353440 qdelay_l_ms=1.09027 qdelay_c_ms=92.4187 ecn_mark=924 drop=0
[QUEUE_STATS] t_ms=17296 q_pkts=237 q_bytes=356448 qdelay_l_ms=1.08574 qdelay_c_ms=93.2354 ecn_mark=925 drop=0
[QUEUE_STATS] t_ms=17312 q_pkts=235 q_bytes=353440 qdelay_l_ms=1.0665 qdelay_c_ms=91.8913 ecn_mark=925 drop=0
[QUEUE_STATS] t_ms=17328 q_pkts=235 q_bytes=353440 qdelay_l_ms=1.07866 qdelay_c_ms=93.0857 ecn_mark=925 drop=0
[QUEUE_STATS] t_ms=17344 q_pkts=236 q_bytes=354944 qdelay_l_ms=1.02827 qdelay_c_ms=94.9345 ecn_mark=927 drop=0
[QUEUE_STATS] t_ms=17361 q_pkts=236 q_bytes=354944 qdelay_l_ms=1.06041 qdelay_c_ms=92.0867 ecn_mark=927 drop=0
[QUEUE_STATS] t_ms=17376 q_pkts=238 q_bytes=357952 qdelay_l_ms=1.08191 qdelay_c_ms=93.1329 ecn_mark=928 drop=0
[QUEUE_STATS] t_ms=17392 q_pkts=238 q_bytes=357952 qdelay_l_ms=1.04494 qdelay_c_ms=93.0137 ecn_mark=928 drop=0
[QUEUE_STATS] t_ms=17408 q_pkts=238 q_bytes=357952 qdelay_l_ms=1.07996 qdelay_c_ms=93.0494 ecn_mark=928 drop=0
[QUEUE_STATS] t_ms=17424 q_pkts=237 q_bytes=356448 qdelay_l_ms=1.05038 qdelay_c_ms=92.5643 ecn_mark=930 drop=0
[QUEUE_STATS] t_ms=17440 q_pkts=240 q_bytes=360960 qdelay_l_ms=0.815701 qdelay_c_ms=93.1738 ecn_mark=930 drop=0
[QUEUE_STATS] t_ms=17456 q_pkts=238 q_bytes=357952 qdelay_l_ms=1.06543 qdelay_c_ms=93.2303 ecn_mark=932 drop=0
[QUEUE_STATS] t_ms=17472 q_pkts=238 q_bytes=357952 qdelay_l_ms=1.03538 qdelay_c_ms=94.238 ecn_mark=933 drop=0
[QUEUE_STATS] t_ms=17488 q_pkts=238 q_bytes=357952 qdelay_l_ms=0.835858 qdelay_c_ms=94.1944 ecn_mark=934 drop=0
[QUEUE_STATS] t_ms=17504 q_pkts=238 q_bytes=357952 qdelay_l_ms=1.12864 qdelay_c_ms=92.8742 ecn_mark=935 drop=0
[QUEUE_STATS] t_ms=17520 q_pkts=236 q_bytes=354944 qdelay_l_ms=1.09385 qdelay_c_ms=92.9237 ecn_mark=935 drop=0
[QUEUE_STATS] t_ms=17536 q_pkts=238 q_bytes=357952 qdelay_l_ms=0.873619 qdelay_c_ms=95.2554 ecn_mark=935 drop=0
[QUEUE_STATS] t_ms=17552 q_pkts=239 q_bytes=359456 qdelay_l_ms=1.08185 qdelay_c_ms=92.7999 ecn_mark=935 drop=0
[QUEUE_STATS] t_ms=17568 q_pkts=239 q_bytes=359456 qdelay_l_ms=1.11013 qdelay_c_ms=93.0099 ecn_mark=937 drop=0
[QUEUE_STATS] t_ms=17585 q_pkts=237 q_bytes=356448 qdelay_l_ms=1.07137 qdelay_c_ms=93.9944 ecn_mark=937 drop=0
[QUEUE_STATS] t_ms=17600 q_pkts=239 q_bytes=359456 qdelay_l_ms=0 qdelay_c_ms=94.0195 ecn_mark=938 drop=0
[QUEUE_STATS] t_ms=17616 q_pkts=239 q_bytes=359456 qdelay_l_ms=1.062 qdelay_c_ms=92.672 ecn_mark=938 drop=0
[QUEUE_STATS] t_ms=17632 q_pkts=240 q_bytes=360960 qdelay_l_ms=1.07482 qdelay_c_ms=94.3138 ecn_mark=940 drop=0
[QUEUE_STATS] t_ms=17648 q_pkts=236 q_bytes=354944 qdelay_l_ms=0 qdelay_c_ms=91.9408 ecn_mark=940 drop=0
[QUEUE_STATS] t_ms=17664 q_pkts=236 q_bytes=354944 qdelay_l_ms=0 qdelay_c_ms=92.8595 ecn_mark=941 drop=0
[QUEUE_STATS] t_ms=17680 q_pkts=241 q_bytes=362464 qdelay_l_ms=1.05623 qdelay_c_ms=93.1347 ecn_mark=942 drop=0
[QUEUE_STATS] t_ms=17697 q_pkts=240 q_bytes=360960 qdelay_l_ms=1.12114 qdelay_c_ms=92.7471 ecn_mark=942 drop=0
[QUEUE_STATS] t_ms=17712 q_pkts=238 q_bytes=357952 qdelay_l_ms=0.031529 qdelay_c_ms=91.9677 ecn_mark=944 drop=0
[QUEUE_STATS] t_ms=17728 q_pkts=240 q_bytes=360960 qdelay_l_ms=1.05474 qdelay_c_ms=93.0362 ecn_mark=944 drop=0
[QUEUE_STATS] t_ms=17744 q_pkts=242 q_bytes=363968 qdelay_l_ms=1.06629 qdelay_c_ms=93.4279 ecn_mark=945 drop=0
[QUEUE_STATS] t_ms=17761 q_pkts=241 q_bytes=362464 qdelay_l_ms=1.0718 qdelay_c_ms=94.1133 ecn_mark=946 drop=0
[QUEUE_STATS] t_ms=17776 q_pkts=242 q_bytes=363968 qdelay_l_ms=1.04549 qdelay_c_ms=94.0314 ecn_mark=948 drop=0
[QUEUE_STATS] t_ms=17792 q_pkts=238 q_bytes=357952 qdelay_l_ms=0 qdelay_c_ms=91.9168 ecn_mark=949 drop=0
[QUEUE_STATS] t_ms=17808 q_pkts=237 q_bytes=356448 qdelay_l_ms=0.909035 qdelay_c_ms=93.7695 ecn_mark=949 drop=0
[QUEUE_STATS] t_ms=17824 q_pkts=224 q_bytes=336896 qdelay_l_ms=1.07676 qdelay_c_ms=95.081 ecn_mark=950 drop=0
[QUEUE_STATS] t_ms=17840 q_pkts=212 q_bytes=318848 qdelay_l_ms=1.06971 qdelay_c_ms=93.6698 ecn_mark=950 drop=0
[QUEUE_STATS] t_ms=17856 q_pkts=200 q_bytes=300800 qdelay_l_ms=1.09377 qdelay_c_ms=94.7814 ecn_mark=950 drop=0
[QUEUE_STATS] t_ms=17872 q_pkts=187 q_bytes=281248 qdelay_l_ms=1.10627 qdelay_c_ms=92.928 ecn_mark=952 drop=0
[QUEUE_STATS] t_ms=17888 q_pkts=174 q_bytes=261696 qdelay_l_ms=1.06657 qdelay_c_ms=93.7564 ecn_mark=952 drop=0
[QUEUE_STATS] t_ms=17904 q_pkts=163 q_bytes=245152 qdelay_l_ms=1.1121 qdelay_c_ms=90.8022 ecn_mark=956 drop=0
[QUEUE_STATS] t_ms=17920 q_pkts=150 q_bytes=225600 qdelay_l_ms=1.06415 qdelay_c_ms=84.1731 ecn_mark=957 drop=0
[QUEUE_STATS] t_ms=17936 q_pkts=140 q_bytes=210560 qdelay_l_ms=1.07541 qdelay_c_ms=77.3864 ecn_mark=959 drop=0
[QUEUE_STATS] t_ms=17953 q_pkts=138 q_bytes=207552 qdelay_l_ms=1.08492 qdelay_c_ms=71.0054 ecn_mark=960 drop=0
[QUEUE_STATS] t_ms=17968 q_pkts=138 q_bytes=207552 qdelay_l_ms=1.0237 qdelay_c_ms=62.9804 ecn_mark=960 drop=0
[QUEUE_STATS] t_ms=17984 q_pkts=139 q_bytes=209056 qdelay_l_ms=1.08014 qdelay_c_ms=56.776 ecn_mark=963 drop=0
[QUEUE_STATS] t_ms=18000 q_pkts=138 q_bytes=207552 qdelay_l_ms=1.05252 qdelay_c_ms=52.9212 ecn_mark=963 drop=0
[QUEUE_STATS] t_ms=18016 q_pkts=138 q_bytes=207552 qdelay_l_ms=1.07347 qdelay_c_ms=53.3157 ecn_mark=965 drop=0
[QUEUE_STATS] t_ms=18032 q_pkts=140 q_bytes=210560 qdelay_l_ms=1.06211 qdelay_c_ms=53.6282 ecn_mark=966 drop=0
[QUEUE_STATS] t_ms=18048 q_pkts=141 q_bytes=212064 qdelay_l_ms=1.08316 qdelay_c_ms=52.9047 ecn_mark=967 drop=0
[QUEUE_STATS] t_ms=18064 q_pkts=140 q_bytes=210560 qdelay_l_ms=1.04076 qdelay_c_ms=53.9988 ecn_mark=967 drop=0
[QUEUE_STATS] t_ms=18080 q_pkts=140 q_bytes=210560 qdelay_l_ms=1.07694 qdelay_c_ms=54.233 ecn_mark=968 drop=0
[QUEUE_STATS] t_ms=18097 q_pkts=139 q_bytes=209056 qdelay_l_ms=1.06668 qdelay_c_ms=54.0422 ecn_mark=971 drop=0
[QUEUE_STATS] t_ms=18113 q_pkts=143 q_bytes=215072 qdelay_l_ms=1.1241 qdelay_c_ms=55.1628 ecn_mark=973 drop=0
[QUEUE_STATS] t_ms=18128 q_pkts=138 q_bytes=207552 qdelay_l_ms=0.031138 qdelay_c_ms=52.9562 ecn_mark=974 drop=0
[QUEUE_STATS] t_ms=18144 q_pkts=143 q_bytes=215072 qdelay_l_ms=1.06926 qdelay_c_ms=54.6027 ecn_mark=977 drop=0
[QUEUE_STATS] t_ms=18160 q_pkts=144 q_bytes=216576 qdelay_l_ms=1.05998 qdelay_c_ms=56.2406 ecn_mark=981 drop=0
[QUEUE_STATS] t_ms=18176 q_pkts=140 q_bytes=210560 qdelay_l_ms=0 qdelay_c_ms=53.9713 ecn_mark=983 drop=0
[QUEUE_STATS] t_ms=18192 q_pkts=142 q_bytes=213568 qdelay_l_ms=1.07975 qdelay_c_ms=56.1336 ecn_mark=984 drop=0
[QUEUE_STATS] t_ms=18208 q_pkts=143 q_bytes=215072 qdelay_l_ms=1.02441 qdelay_c_ms=55.985 ecn_mark=985 drop=0
[QUEUE_STATS] t_ms=18224 q_pkts=137 q_bytes=206048 qdelay_l_ms=1.07143 qdelay_c_ms=55.1894 ecn_mark=986 drop=0
[QUEUE_STATS] t_ms=18240 q_pkts=118 q_bytes=177472 qdelay_l_ms=0 qdelay_c_ms=55.1496 ecn_mark=986 drop=0
[QUEUE_STATS] t_ms=18256 q_pkts=111 q_bytes=166944 qdelay_l_ms=1.07705 qdelay_c_ms=54.7275 ecn_mark=988 drop=0
[QUEUE_STATS] t_ms=18272 q_pkts=97 q_bytes=145888 qdelay_l_ms=1.09394 qdelay_c_ms=52.8537 ecn_mark=988 drop=0
[QUEUE_STATS] t_ms=18288 q_pkts=85 q_bytes=127840 qdelay_l_ms=1.08286 qdelay_c_ms=46.2411 ecn_mark=989 drop=0
[QUEUE_STATS] t_ms=18305 q_pkts=73 q_bytes=109792 qdelay_l_ms=1.06296 qdelay_c_ms=40.1287 ecn_mark=989 drop=0
[QUEUE_STATS] t_ms=18320 q_pkts=70 q_bytes=105280 qdelay_l_ms=1.04577 qdelay_c_ms=32.9945 ecn_mark=990 drop=0
[QUEUE_STATS] t_ms=18336 q_pkts=66 q_bytes=99264 qdelay_l_ms=0 qdelay_c_ms=25.8118 ecn_mark=990 drop=0
[QUEUE_STATS] t_ms=18352 q_pkts=65 q_bytes=97760 qdelay_l_ms=0 qdelay_c_ms=25.9906 ecn_mark=991 drop=0
[QUEUE_STATS] t_ms=18369 q_pkts=69 q_bytes=103776 qdelay_l_ms=1.05562 qdelay_c_ms=25.9378 ecn_mark=993 drop=0
[QUEUE_STATS] t_ms=18385 q_pkts=67 q_bytes=100768 qdelay_l_ms=1.06982 qdelay_c_ms=28.1264 ecn_mark=994 drop=0
[QUEUE_STATS] t_ms=18400 q_pkts=53 q_bytes=79712 qdelay_l_ms=0.912692 qdelay_c_ms=25.3595 ecn_mark=994 drop=0
[QUEUE_STATS] t_ms=18416 q_pkts=43 q_bytes=64672 qdelay_l_ms=1.07522 qdelay_c_ms=22.2583 ecn_mark=995 drop=0
[QUEUE_STATS] t_ms=18432 q_pkts=27 q_bytes=40608 qdelay_l_ms=1.08373 qdelay_c_ms=14.8758 ecn_mark=995 drop=0
[QUEUE_STATS] t_ms=18448 q_pkts=18 q_bytes=27072 qdelay_l_ms=0.926519 qdelay_c_ms=9.16571 ecn_mark=996 drop=0
[QUEUE_STATS] t_ms=18464 q_pkts=18 q_bytes=27072 qdelay_l_ms=1.09519 qdelay_c_ms=6.31291 ecn_mark=998 drop=0
[QUEUE_STATS] t_ms=18480 q_pkts=16 q_bytes=24064 qdelay_l_ms=0.893547 qdelay_c_ms=5.48613 ecn_mark=1000 drop=0
[QUEUE_STATS] t_ms=18497 q_pkts=18 q_bytes=27072 qdelay_l_ms=1.07861 qdelay_c_ms=7.03677 ecn_mark=1002 drop=0
[QUEUE_STATS] t_ms=18512 q_pkts=16 q_bytes=24064 qdelay_l_ms=1.07167 qdelay_c_ms=7.17919 ecn_mark=1005 drop=0
[QUEUE_STATS] t_ms=18528 q_pkts=18 q_bytes=27072 qdelay_l_ms=1.07646 qdelay_c_ms=6.4184 ecn_mark=1008 drop=0
[QUEUE_STATS] t_ms=18544 q_pkts=17 q_bytes=25568 qdelay_l_ms=1.09516 qdelay_c_ms=6.04494 ecn_mark=1009 drop=0
[QUEUE_STATS] t_ms=18560 q_pkts=12 q_bytes=18048 qdelay_l_ms=0 qdelay_c_ms=4.96515 ecn_mark=1009 drop=0
[QUEUE_STATS] t_ms=18576 q_pkts=18 q_bytes=27072 qdelay_l_ms=1.12614 qdelay_c_ms=6.61724 ecn_mark=1010 drop=0
[QUEUE_STATS] t_ms=18592 q_pkts=15 q_bytes=22560 qdelay_l_ms=0 qdelay_c_ms=6.00998 ecn_mark=1012 drop=0
[QUEUE_STATS] t_ms=18608 q_pkts=19 q_bytes=28576 qdelay_l_ms=1.06838 qdelay_c_ms=7.04494 ecn_mark=1015 drop=0
[QUEUE_STATS] t_ms=18624 q_pkts=20 q_bytes=30080 qdelay_l_ms=0.775064 qdelay_c_ms=6.3328 ecn_mark=1015 drop=0
[QUEUE_STATS] t_ms=18640 q_pkts=16 q_bytes=24064 qdelay_l_ms=1.06502 qdelay_c_ms=7.14461 ecn_mark=1017 drop=0
[QUEUE_STATS] t_ms=18656 q_pkts=19 q_bytes=28576 qdelay_l_ms=1.08585 qdelay_c_ms=6.94899 ecn_mark=1021 drop=0
[QUEUE_STATS] t_ms=18672 q_pkts=20 q_bytes=30080 qdelay_l_ms=1.06797 qdelay_c_ms=7.10609 ecn_mark=1023 drop=0
[QUEUE_STATS] t_ms=18688 q_pkts=20 q_bytes=30080 qdelay_l_ms=1.12491 qdelay_c_ms=7.19754 ecn_mark=1023 drop=0
[QUEUE_STATS] t_ms=18705 q_pkts=19 q_bytes=28576 qdelay_l_ms=1.06762 qdelay_c_ms=6.90907 ecn_mark=1025 drop=0
[QUEUE_STATS] t_ms=18720 q_pkts=22 q_bytes=33088 qdelay_l_ms=1.07687 qdelay_c_ms=7.66915 ecn_mark=1028 drop=0
[QUEUE_STATS] t_ms=18736 q_pkts=20 q_bytes=30080 qdelay_l_ms=1.10532 qdelay_c_ms=7.86972 ecn_mark=1028 drop=0
[QUEUE_STATS] t_ms=18752 q_pkts=19 q_bytes=28576 qdelay_l_ms=1.07092 qdelay_c_ms=7.98956 ecn_mark=1028 drop=0
[QUEUE_STATS] t_ms=18768 q_pkts=18 q_bytes=27072 qdelay_l_ms=0 qdelay_c_ms=6.74772 ecn_mark=1031 drop=0
[QUEUE_STATS] t_ms=18784 q_pkts=22 q_bytes=33088 qdelay_l_ms=1.06226 qdelay_c_ms=7.97498 ecn_mark=1032 drop=0
[QUEUE_STATS] t_ms=18800 q_pkts=16 q_bytes=24064 qdelay_l_ms=0 qdelay_c_ms=6.97379 ecn_mark=1035 drop=0
[QUEUE_STATS] t_ms=18816 q_pkts=20 q_bytes=30080 qdelay_l_ms=1.10208 qdelay_c_ms=7.86688 ecn_mark=1039 drop=0
[QUEUE_STATS] t_ms=18832 q_pkts=18 q_bytes=27072 qdelay_l_ms=0 qdelay_c_ms=8.00144 ecn_mark=1042 drop=0
[QUEUE_STATS] t_ms=18848 q_pkts=20 q_bytes=30080 qdelay_l_ms=1.08768 qdelay_c_ms=8.63478 ecn_mark=1043 drop=0
[QUEUE_STATS] t_ms=18864 q_pkts=23 q_bytes=34592 qdelay_l_ms=1.11495 qdelay_c_ms=7.99226 ecn_mark=1045 drop=0
[QUEUE_STATS] t_ms=18880 q_pkts=21 q_bytes=31584 qdelay_l_ms=1.07273 qdelay_c_ms=8.0322 ecn_mark=1047 drop=0
[QUEUE_STATS] t_ms=18896 q_pkts=22 q_bytes=33088 qdelay_l_ms=1.06309 qdelay_c_ms=6.95272 ecn_mark=1049 drop=0
[QUEUE_STATS] t_ms=18912 q_pkts=23 q_bytes=34592 qdelay_l_ms=0.94905 qdelay_c_ms=7.04728 ecn_mark=1051 drop=0
[QUEUE_STATS] t_ms=18928 q_pkts=20 q_bytes=30080 qdelay_l_ms=1.07569 qdelay_c_ms=8.25719 ecn_mark=1051 drop=0
[QUEUE_STATS] t_ms=18944 q_pkts=6 q_bytes=9024 qdelay_l_ms=1.07609 qdelay_c_ms=3.25589 ecn_mark=1053 drop=0
[QUEUE_STATS] t_ms=18961 q_pkts=4 q_bytes=6016 qdelay_l_ms=1.08926 qdelay_c_ms=1.08236 ecn_mark=1054 drop=0
[QUEUE_STATS] t_ms=18976 q_pkts=5 q_bytes=7520 qdelay_l_ms=1.03377 qdelay_c_ms=2.10811 ecn_mark=1054 drop=0
[QUEUE_STATS] t_ms=18993 q_pkts=3 q_bytes=4512 qdelay_l_ms=1.02625 qdelay_c_ms=1.02107 ecn_mark=1056 drop=0
[QUEUE_STATS] t_ms=19008 q_pkts=3 q_bytes=4512 qdelay_l_ms=1.08368 qdelay_c_ms=1.86263 ecn_mark=1059 drop=0
[QUEUE_STATS] t_ms=19024 q_pkts=4 q_bytes=6016 qdelay_l_ms=1.0664 qdelay_c_ms=2.17252 ecn_mark=1059 drop=0
[QUEUE_STATS] t_ms=19040 q_pkts=4 q_bytes=6016 qdelay_l_ms=0.819868 qdelay_c_ms=0.814438 ecn_mark=1060 drop=0
[QUEUE_STATS] t_ms=19056 q_pkts=3 q_bytes=4512 qdelay_l_ms=1.0931 qdelay_c_ms=2.07059 ecn_mark=1060 drop=0
[QUEUE_STATS] t_ms=19072 q_pkts=5 q_bytes=7520 qdelay_l_ms=1.07274 qdelay_c_ms=2.21113 ecn_mark=1061 drop=0
[QUEUE_STATS] t_ms=19088 q_pkts=7 q_bytes=10528 qdelay_l_ms=1.10344 qdelay_c_ms=1.097 ecn_mark=1064 drop=0
[QUEUE_STATS] t_ms=19104 q_pkts=5 q_bytes=7520 qdelay_l_ms=1.07697 qdelay_c_ms=1.11058 ecn_mark=1067 drop=0
[QUEUE_STATS] t_ms=19120 q_pkts=4 q_bytes=6016 qdelay_l_ms=1.08415 qdelay_c_ms=2.22255 ecn_mark=1067 drop=0
[QUEUE_STATS] t_ms=19136 q_pkts=5 q_bytes=7520 qdelay_l_ms=0.827643 qdelay_c_ms=2.00925 ecn_mark=1069 drop=0
[QUEUE_STATS] t_ms=19152 q_pkts=7 q_bytes=10528 qdelay_l_ms=1.06112 qdelay_c_ms=1.09923 ecn_mark=1071 drop=0
[QUEUE_STATS] t_ms=19168 q_pkts=0 q_bytes=0 qdelay_l_ms=0 qdelay_c_ms=0 ecn_mark=1074 drop=0
[QUEUE_STATS] t_ms=19184 q_pkts=3 q_bytes=4512 qdelay_l_ms=0.848402 qdelay_c_ms=0.859893 ecn_mark=1075 drop=0
[QUEUE_STATS] t_ms=19200 q_pkts=5 q_bytes=7520 qdelay_l_ms=0.963437 qdelay_c_ms=2.09581 ecn_mark=1075 drop=0
[QUEUE_STATS] t_ms=19216 q_pkts=2 q_bytes=3008 qdelay_l_ms=0.877957 qdelay_c_ms=0.869331 ecn_mark=1078 drop=0
[QUEUE_STATS] t_ms=19232 q_pkts=6 q_bytes=9024 qdelay_l_ms=1.10257 qdelay_c_ms=1.0964 ecn_mark=1079 drop=0
[QUEUE_STATS] t_ms=19249 q_pkts=5 q_bytes=7520 qdelay_l_ms=1.0781 qdelay_c_ms=2.12075 ecn_mark=1080 drop=0
[QUEUE_STATS] t_ms=19264 q_pkts=4 q_bytes=6016 qdelay_l_ms=0.94914 qdelay_c_ms=0.9435 ecn_mark=1081 drop=0
[QUEUE_STATS] t_ms=19280 q_pkts=5 q_bytes=7520 qdelay_l_ms=1.02811 qdelay_c_ms=1.06052 ecn_mark=1083 drop=0
[QUEUE_STATS] t_ms=19296 q_pkts=3 q_bytes=4512 qdelay_l_ms=1.06582 qdelay_c_ms=2.19021 ecn_mark=1084 drop=0
[QUEUE_STATS] t_ms=19312 q_pkts=4 q_bytes=6016 qdelay_l_ms=1.08432 qdelay_c_ms=1.07875 ecn_mark=1086 drop=0
[QUEUE_STATS] t_ms=19328 q_pkts=6 q_bytes=9024 qdelay_l_ms=0.936908 qdelay_c_ms=2.07817 ecn_mark=1087 drop=0
[QUEUE_STATS] t_ms=19344 q_pkts=0 q_bytes=0 qdelay_l_ms=0 qdelay_c_ms=0 ecn_mark=1090 drop=0
[QUEUE_STATS] t_ms=19360 q_pkts=3 q_bytes=4512 qdelay_l_ms=1.06003 qdelay_c_ms=1.08424 ecn_mark=1092 drop=0
[QUEUE_STATS] t_ms=19376 q_pkts=5 q_bytes=7520 qdelay_l_ms=1.09172 qdelay_c_ms=2.22312 ecn_mark=1095 drop=0
[QUEUE_STATS] t_ms=19392 q_pkts=6 q_bytes=9024 qdelay_l_ms=1.10528 qdelay_c_ms=2.02898 ecn_mark=1095 drop=0
[QUEUE_STATS] t_ms=19408 q_pkts=0 q_bytes=0 qdelay_l_ms=0 qdelay_c_ms=0 ecn_mark=1096 drop=0
[QUEUE_STATS] t_ms=19424 q_pkts=6 q_bytes=9024 qdelay_l_ms=0 qdelay_c_ms=2.14122 ecn_mark=1098 drop=0
[QUEUE_STATS] t_ms=19440 q_pkts=6 q_bytes=9024 qdelay_l_ms=1.0215 qdelay_c_ms=2.16289 ecn_mark=1099 drop=0
[QUEUE_STATS] t_ms=19456 q_pkts=5 q_bytes=7520 qdelay_l_ms=1.04497 qdelay_c_ms=1.07892 ecn_mark=1100 drop=0
[QUEUE_STATS] t_ms=19472 q_pkts=4 q_bytes=6016 qdelay_l_ms=1.06952 qdelay_c_ms=1.06367 ecn_mark=1100 drop=0
[QUEUE_STATS] t_ms=19488 q_pkts=2 q_bytes=3008 qdelay_l_ms=1.09609 qdelay_c_ms=1.08827 ecn_mark=1101 drop=0
[QUEUE_STATS] t_ms=19504 q_pkts=4 q_bytes=6016 qdelay_l_ms=1.09397 qdelay_c_ms=2.10144 ecn_mark=1102 drop=0
[QUEUE_STATS] t_ms=19520 q_pkts=5 q_bytes=7520 qdelay_l_ms=1.06436 qdelay_c_ms=1.08869 ecn_mark=1103 drop=0
[QUEUE_STATS] t_ms=19536 q_pkts=1 q_bytes=1504 qdelay_l_ms=1.08059 qdelay_c_ms=0 ecn_mark=1104 drop=0
[QUEUE_STATS] t_ms=19552 q_pkts=5 q_bytes=7520 qdelay_l_ms=1.1266 qdelay_c_ms=1.11337 ecn_mark=1105 drop=0
[QUEUE_STATS] t_ms=19568 q_pkts=6 q_bytes=9024 qdelay_l_ms=1.05232 qdelay_c_ms=2.09679 ecn_mark=1106 drop=0
[QUEUE_STATS] t_ms=19584 q_pkts=4 q_bytes=6016 qdelay_l_ms=1.06935 qdelay_c_ms=1.06272 ecn_mark=1107 drop=0
[QUEUE_STATS] t_ms=19600 q_pkts=4 q_bytes=6016 qdelay_l_ms=1.08394 qdelay_c_ms=1.12147 ecn_mark=1108 drop=0
[QUEUE_STATS] t_ms=19616 q_pkts=6 q_bytes=9024 qdelay_l_ms=1.06648 qdelay_c_ms=2.1851 ecn_mark=1108 drop=0
[QUEUE_STATS] t_ms=19632 q_pkts=0 q_bytes=0 qdelay_l_ms=0 qdelay_c_ms=0 ecn_mark=1109 drop=0
[QUEUE_STATS] t_ms=19648 q_pkts=3 q_bytes=4512 qdelay_l_ms=0.034545 qdelay_c_ms=0.027281 ecn_mark=1111 drop=0
[QUEUE_STATS] t_ms=19664 q_pkts=2 q_bytes=3008 qdelay_l_ms=1.08266 qdelay_c_ms=1.0898 ecn_mark=1113 drop=0
[QUEUE_STATS] t_ms=19680 q_pkts=7 q_bytes=10528 qdelay_l_ms=0.821061 qdelay_c_ms=1.90338 ecn_mark=1114 drop=0
[QUEUE_STATS] t_ms=19696 q_pkts=6 q_bytes=9024 qdelay_l_ms=1.08816 qdelay_c_ms=1.08289 ecn_mark=1116 drop=0
[QUEUE_STATS] t_ms=19712 q_pkts=6 q_bytes=9024 qdelay_l_ms=1.09848 qdelay_c_ms=2.13979 ecn_mark=1116 drop=0
[QUEUE_STATS] t_ms=19728 q_pkts=3 q_bytes=4512 qdelay_l_ms=1.07894 qdelay_c_ms=1.07377 ecn_mark=1119 drop=0
[QUEUE_STATS] t_ms=19744 q_pkts=1 q_bytes=1504 qdelay_l_ms=1.02312 qdelay_c_ms=0 ecn_mark=1119 drop=0
[QUEUE_STATS] t_ms=19760 q_pkts=1 q_bytes=1504 qdelay_l_ms=0 qdelay_c_ms=1.10673 ecn_mark=1120 drop=0
[QUEUE_STATS] t_ms=19776 q_pkts=3 q_bytes=4512 qdelay_l_ms=1.08797 qdelay_c_ms=1.08098 ecn_mark=1120 drop=0
[QUEUE_STATS] t_ms=19792 q_pkts=3 q_bytes=4512 qdelay_l_ms=1.08774 qdelay_c_ms=1.08261 ecn_mark=1121 drop=0
[QUEUE_STATS] t_ms=19808 q_pkts=1 q_bytes=1504 qdelay_l_ms=1.10318 qdelay_c_ms=0 ecn_mark=1122 drop=0
[QUEUE_STATS] t_ms=19824 q_pkts=4 q_bytes=6016 qdelay_l_ms=1.0767 qdelay_c_ms=1.90272 ecn_mark=1123 drop=0
[QUEUE_STATS] t_ms=19841 q_pkts=3 q_bytes=4512 qdelay_l_ms=1.05804 qdelay_c_ms=2.211 ecn_mark=1124 drop=0
[QUEUE_STATS] t_ms=19857 q_pkts=6 q_bytes=9024 qdelay_l_ms=1.11883 qdelay_c_ms=1.1071 ecn_mark=1124 drop=0
[QUEUE_STATS] t_ms=19872 q_pkts=3 q_bytes=4512 qdelay_l_ms=1.08455 qdelay_c_ms=1.07552 ecn_mark=1125 drop=0
[QUEUE_STATS] t_ms=19888 q_pkts=5 q_bytes=7520 qdelay_l_ms=1.06582 qdelay_c_ms=2.13372 ecn_mark=1125 drop=0
[QUEUE_STATS] t_ms=19905 q_pkts=4 q_bytes=6016 qdelay_l_ms=1.07752 qdelay_c_ms=1.97359 ecn_mark=1126 drop=0
[QUEUE_STATS] t_ms=19920 q_pkts=5 q_bytes=7520 qdelay_l_ms=1.07387 qdelay_c_ms=1.06388 ecn_mark=1127 drop=0
[QUEUE_STATS] t_ms=19936 q_pkts=4 q_bytes=6016 qdelay_l_ms=1.0844 qdelay_c_ms=2.07723 ecn_mark=1127 drop=0
[QUEUE_STATS] t_ms=19952 q_pkts=6 q_bytes=9024 qdelay_l_ms=0 qdelay_c_ms=2.1904 ecn_mark=1130 drop=0
[QUEUE_STATS] t_ms=19968 q_pkts=2 q_bytes=3008 qdelay_l_ms=0 qdelay_c_ms=1.19213 ecn_mark=1131 drop=0
[QUEUE_STATS] t_ms=19984 q_pkts=4 q_bytes=6016 qdelay_l_ms=1.07126 qdelay_c_ms=2.19695 ecn_mark=1133 drop=0
[QUEUE_STATS] t_ms=20000 q_pkts=3 q_bytes=4512 qdelay_l_ms=1.06368 qdelay_c_ms=1.08733 ecn_mark=1135 drop=0
[QUEUE_STATS] t_ms=20016 q_pkts=4 q_bytes=6016 qdelay_l_ms=0.853711 qdelay_c_ms=1.94236 ecn_mark=1138 drop=0
[QUEUE_STATS] t_ms=20032 q_pkts=5 q_bytes=7520 qdelay_l_ms=1.02425 qdelay_c_ms=2.16303 ecn_mark=1140 drop=0
[QUEUE_STATS] t_ms=20048 q_pkts=3 q_bytes=4512 qdelay_l_ms=1.06633 qdelay_c_ms=1.10084 ecn_mark=1140 drop=0
[QUEUE_STATS] t_ms=20064 q_pkts=5 q_bytes=7520 qdelay_l_ms=1.08743 qdelay_c_ms=1.07985 ecn_mark=1140 drop=0
[QUEUE_STATS] t_ms=20080 q_pkts=1 q_bytes=1504 qdelay_l_ms=1.09328 qdelay_c_ms=0 ecn_mark=1140 drop=0
[QUEUE_STATS] t_ms=20096 q_pkts=5 q_bytes=7520 qdelay_l_ms=1.07627 qdelay_c_ms=1.09725 ecn_mark=1140 drop=0
[QUEUE_STATS] t_ms=20112 q_pkts=6 q_bytes=9024 qdelay_l_ms=1.05957 qdelay_c_ms=1.05454 ecn_mark=1140 drop=0
[QUEUE_STATS] t_ms=20128 q_pkts=3 q_bytes=4512 qdelay_l_ms=1.0719 qdelay_c_ms=1.06593 ecn_mark=1140 drop=0
[QUEUE_STATS] t_ms=20144 q_pkts=6 q_bytes=9024 qdelay_l_ms=1.0513 qdelay_c_ms=1.04598 ecn_mark=1140 drop=0
[QUEUE_STATS] t_ms=20160 q_pkts=0 q_bytes=0 qdelay_l_ms=0 qdelay_c_ms=0 ecn_mark=1140 drop=0
[QUEUE_STATS] t_ms=20176 q_pkts=3 q_bytes=4512 qdelay_l_ms=1.0319 qdelay_c_ms=1.02656 ecn_mark=1141 drop=0
[QUEUE_STATS] t_ms=20192 q_pkts=8 q_bytes=12032 qdelay_l_ms=1.08856 qdelay_c_ms=1.08266 ecn_mark=1141 drop=0
[QUEUE_STATS] t_ms=20209 q_pkts=4 q_bytes=6016 qdelay_l_ms=0 qdelay_c_ms=1.87762 ecn_mark=1143 drop=0
[QUEUE_STATS] t_ms=20224 q_pkts=4 q_bytes=6016 qdelay_l_ms=1.09004 qdelay_c_ms=1.84452 ecn_mark=1143 drop=0
[QUEUE_STATS] t_ms=20240 q_pkts=7 q_bytes=10528 qdelay_l_ms=1.05496 qdelay_c_ms=2.14475 ecn_mark=1146 drop=0
[QUEUE_STATS] t_ms=20256 q_pkts=5 q_bytes=7520 qdelay_l_ms=1.05619 qdelay_c_ms=2.20616 ecn_mark=1147 drop=0
[QUEUE_STATS] t_ms=20272 q_pkts=4 q_bytes=6016 qdelay_l_ms=1.07469 qdelay_c_ms=1.06971 ecn_mark=1148 drop=0
[QUEUE_STATS] t_ms=20288 q_pkts=7 q_bytes=10528 qdelay_l_ms=1.0533 qdelay_c_ms=2.15713 ecn_mark=1148 drop=0
[QUEUE_STATS] t_ms=20305 q_pkts=4 q_bytes=6016 qdelay_l_ms=1.1194 qdelay_c_ms=1.10766 ecn_mark=1148 drop=0
[QUEUE_STATS] t_ms=20320 q_pkts=4 q_bytes=6016 qdelay_l_ms=1.06281 qdelay_c_ms=2.17484 ecn_mark=1149 drop=0
[QUEUE_STATS] t_ms=20336 q_pkts=2 q_bytes=3008 qdelay_l_ms=0 qdelay_c_ms=0.02715 ecn_mark=1150 drop=0
[QUEUE_STATS] t_ms=20353 q_pkts=4 q_bytes=6016 qdelay_l_ms=1.0662 qdelay_c_ms=1.10585 ecn_mark=1151 drop=0
[QUEUE_STATS] t_ms=20368 q_pkts=4 q_bytes=6016 qdelay_l_ms=1.05303 qdelay_c_ms=1.06981 ecn_mark=1151 drop=0
[QUEUE_STATS] t_ms=20384 q_pkts=3 q_bytes=4512 qdelay_l_ms=0 qdelay_c_ms=0.822544 ecn_mark=1152 drop=0
[QUEUE_STATS] t_ms=20400 q_pkts=4 q_bytes=6016 qdelay_l_ms=1.02981 qdelay_c_ms=2.21977 ecn_mark=1153 drop=0
[QUEUE_STATS] t_ms=20416 q_pkts=5 q_bytes=7520 qdelay_l_ms=1.10216 qdelay_c_ms=1.09689 ecn_mark=1153 drop=0
[QUEUE_STATS] t_ms=20432 q_pkts=5 q_bytes=7520 qdelay_l_ms=0.814308 qdelay_c_ms=2.01892 ecn_mark=1155 drop=0
[QUEUE_STATS] t_ms=20448 q_pkts=3 q_bytes=4512 qdelay_l_ms=1.07594 qdelay_c_ms=1.08624 ecn_mark=1155 drop=0
[QUEUE_STATS] t_ms=20464 q_pkts=4 q_bytes=6016 qdelay_l_ms=1.07617 qdelay_c_ms=1.07014 ecn_mark=1156 drop=0
[QUEUE_STATS] t_ms=20480 q_pkts=4 q_bytes=6016 qdelay_l_ms=1.09512 qdelay_c_ms=1.07342 ecn_mark=1156 drop=0
[QUEUE_STATS] t_ms=20496 q_pkts=5 q_bytes=7520 qdelay_l_ms=1.07266 qdelay_c_ms=2.23171 ecn_mark=1157 drop=0
[QUEUE_STATS] t_ms=20513 q_pkts=3 q_bytes=4512 qdelay_l_ms=1.07754 qdelay_c_ms=1.09914 ecn_mark=1158 drop=0
[QUEUE_STATS] t_ms=20528 q_pkts=3 q_bytes=4512 qdelay_l_ms=1.06322 qdelay_c_ms=1.07679 ecn_mark=1159 drop=0
[QUEUE_STATS] t_ms=20544 q_pkts=0 q_bytes=0 qdelay_l_ms=0 qdelay_c_ms=0 ecn_mark=1160 drop=0
[QUEUE_STATS] t_ms=20560 q_pkts=5 q_bytes=7520 qdelay_l_ms=1.06674 qdelay_c_ms=1.81951 ecn_mark=1164 drop=0
[QUEUE_STATS] t_ms=20576 q_pkts=1 q_bytes=1504 qdelay_l_ms=1.08272 qdelay_c_ms=0 ecn_mark=1164 drop=0
[QUEUE_STATS] t_ms=20592 q_pkts=0 q_bytes=0 qdelay_l_ms=0 qdelay_c_ms=0 ecn_mark=1165 drop=0
[QUEUE_STATS] t_ms=20608 q_pkts=3 q_bytes=4512 qdelay_l_ms=1.07001 qdelay_c_ms=1.06465 ecn_mark=1166 drop=0
[QUEUE_STATS] t_ms=20624 q_pkts=6 q_bytes=9024 qdelay_l_ms=1.07667 qdelay_c_ms=1.89979 ecn_mark=1167 drop=0
[QUEUE_STATS] t_ms=20640 q_pkts=4 q_bytes=6016 qdelay_l_ms=1.09903 qdelay_c_ms=1.09078 ecn_mark=1168 drop=0
[QUEUE_STATS] t_ms=20656 q_pkts=3 q_bytes=4512 qdelay_l_ms=1.05825 qdelay_c_ms=1.06956 ecn_mark=1169 drop=0
[QUEUE_STATS] t_ms=20672 q_pkts=5 q_bytes=7520 qdelay_l_ms=1.09161 qdelay_c_ms=1.08583 ecn_mark=1171 drop=0
[QUEUE_STATS] t_ms=20688 q_pkts=2 q_bytes=3008 qdelay_l_ms=0.046748 qdelay_c_ms=0.035116 ecn_mark=1171 drop=0
[QUEUE_STATS] t_ms=20704 q_pkts=3 q_bytes=4512 qdelay_l_ms=1.06838 qdelay_c_ms=1.10165 ecn_mark=1173 drop=0
[QUEUE_STATS] t_ms=20720 q_pkts=3 q_bytes=4512 qdelay_l_ms=0 qdelay_c_ms=1.08274 ecn_mark=1174 drop=0
[QUEUE_STATS] t_ms=20737 q_pkts=4 q_bytes=6016 qdelay_l_ms=1.109 qdelay_c_ms=1.10209 ecn_mark=1174 drop=0
[QUEUE_STATS] t_ms=20753 q_pkts=6 q_bytes=9024 qdelay_l_ms=1.13045 qdelay_c_ms=1.11963 ecn_mark=1176 drop=0
[QUEUE_STATS] t_ms=20768 q_pkts=5 q_bytes=7520 qdelay_l_ms=1.05667 qdelay_c_ms=1.07836 ecn_mark=1177 drop=0
[QUEUE_STATS] t_ms=20784 q_pkts=2 q_bytes=3008 qdelay_l_ms=0 qdelay_c_ms=2.12404 ecn_mark=1177 drop=0
[QUEUE_STATS] t_ms=20800 q_pkts=5 q_bytes=7520 qdelay_l_ms=1.06621 qdelay_c_ms=1.09604 ecn_mark=1179 drop=0
[QUEUE_STATS] t_ms=20816 q_pkts=5 q_bytes=7520 qdelay_l_ms=1.08786 qdelay_c_ms=1.0826 ecn_mark=1179 drop=0
[QUEUE_STATS] t_ms=20833 q_pkts=3 q_bytes=4512 qdelay_l_ms=1.06721 qdelay_c_ms=1.09296 ecn_mark=1179 drop=0
[QUEUE_STATS] t_ms=20848 q_pkts=1 q_bytes=1504 qdelay_l_ms=0 qdelay_c_ms=1.13003 ecn_mark=1180 drop=0
[QUEUE_STATS] t_ms=20865 q_pkts=2 q_bytes=3008 qdelay_l_ms=1.06733 qdelay_c_ms=0 ecn_mark=1183 drop=0
[QUEUE_STATS] t_ms=20880 q_pkts=1 q_bytes=1504 qdelay_l_ms=0.020248 qdelay_c_ms=0 ecn_mark=1185 drop=0
[QUEUE_STATS] t_ms=20896 q_pkts=2 q_bytes=3008 qdelay_l_ms=1.07388 qdelay_c_ms=1.08106 ecn_mark=1186 drop=0
[QUEUE_STATS] t_ms=20912 q_pkts=0 q_bytes=0 qdelay_l_ms=0 qdelay_c_ms=0 ecn_mark=1187 drop=0
[QUEUE_STATS] t_ms=20929 q_pkts=1 q_bytes=1504 qdelay_l_ms=1.09266 qdelay_c_ms=0 ecn_mark=1188 drop=0
[QUEUE_STATS] t_ms=20944 q_pkts=2 q_bytes=3008 qdelay_l_ms=1.06402 qdelay_c_ms=1.05843 ecn_mark=1189 drop=0
[QUEUE_STATS] t_ms=20960 q_pkts=6 q_bytes=9024 qdelay_l_ms=1.10511 qdelay_c_ms=1.09758 ecn_mark=1189 drop=0
[QUEUE_STATS] t_ms=20976 q_pkts=4 q_bytes=6016 qdelay_l_ms=1.07002 qdelay_c_ms=1.0631 ecn_mark=1189 drop=0
[QUEUE_STATS] t_ms=20992 q_pkts=3 q_bytes=4512 qdelay_l_ms=1.06629 qdelay_c_ms=1.09356 ecn_mark=1190 drop=0
[QUEUE_STATS] t_ms=21008 q_pkts=5 q_bytes=7520 qdelay_l_ms=1.04954 qdelay_c_ms=1.04163 ecn_mark=1190 drop=0
[QUEUE_STATS] t_ms=21025 q_pkts=4 q_bytes=6016 qdelay_l_ms=1.07192 qdelay_c_ms=2.10473 ecn_mark=1192 drop=0
[QUEUE_STATS] t_ms=21040 q_pkts=3 q_bytes=4512 qdelay_l_ms=1.06183 qdelay_c_ms=2.20411 ecn_mark=1192 drop=0
[QUEUE_STATS] t_ms=21056 q_pkts=3 q_bytes=4512 qdelay_l_ms=1.06161 qdelay_c_ms=1.08502 ecn_mark=1192 drop=0
[QUEUE_STATS] t_ms=21072 q_pkts=2 q_bytes=3008 qdelay_l_ms=0 qdelay_c_ms=0.028393 ecn_mark=1192 drop=0
[QUEUE_STATS] t_ms=21088 q_pkts=3 q_bytes=4512 qdelay_l_ms=1.05183 qdelay_c_ms=1.06284 ecn_mark=1194 drop=0
[QUEUE_STATS] t_ms=21104 q_pkts=4 q_bytes=6016 qdelay_l_ms=1.09154 qdelay_c_ms=1.08492 ecn_mark=1195 drop=0
[QUEUE_STATS] t_ms=21120 q_pkts=2 q_bytes=3008 qdelay_l_ms=1.07354 qdelay_c_ms=0 ecn_mark=1195 drop=0
[QUEUE_STATS] t_ms=21136 q_pkts=5 q_bytes=7520 qdelay_l_ms=1.08711 qdelay_c_ms=1.85121 ecn_mark=1198 drop=0
[QUEUE_STATS] t_ms=21152 q_pkts=5 q_bytes=7520 qdelay_l_ms=1.08817 qdelay_c_ms=2.17159 ecn_mark=1198 drop=0
[QUEUE_STATS] t_ms=21168 q_pkts=4 q_bytes=6016 qdelay_l_ms=0 qdelay_c_ms=3.29037 ecn_mark=1199 drop=0
[QUEUE_STATS] t_ms=21184 q_pkts=3 q_bytes=4512 qdelay_l_ms=0.987893 qdelay_c_ms=1.00627 ecn_mark=1200 drop=0
[QUEUE_STATS] t_ms=21200 q_pkts=3 q_bytes=4512 qdelay_l_ms=1.02411 qdelay_c_ms=1.03868 ecn_mark=1202 drop=0
[QUEUE_STATS] t_ms=21216 q_pkts=6 q_bytes=9024 qdelay_l_ms=1.08073 qdelay_c_ms=1.0754 ecn_mark=1202 drop=0
[QUEUE_STATS] t_ms=21233 q_pkts=2 q_bytes=3008 qdelay_l_ms=1.10583 qdelay_c_ms=1.97947 ecn_mark=1206 drop=0
[QUEUE_STATS] t_ms=21248 q_pkts=1 q_bytes=1504 qdelay_l_ms=1.07851 qdelay_c_ms=0 ecn_mark=1207 drop=0
[QUEUE_STATS] t_ms=21264 q_pkts=0 q_bytes=0 qdelay_l_ms=0 qdelay_c_ms=0 ecn_mark=1209 drop=0
[QUEUE_STATS] t_ms=21280 q_pkts=5 q_bytes=7520 qdelay_l_ms=1.07683 qdelay_c_ms=1.1113 ecn_mark=1210 drop=0
[QUEUE_STATS] t_ms=21296 q_pkts=6 q_bytes=9024 qdelay_l_ms=1.05654 qdelay_c_ms=2.21426 ecn_mark=1211 drop=0
[QUEUE_STATS] t_ms=21312 q_pkts=0 q_bytes=0 qdelay_l_ms=0 qdelay_c_ms=0 ecn_mark=1212 drop=0
[QUEUE_STATS] t_ms=21328 q_pkts=4 q_bytes=6016 qdelay_l_ms=1.08736 qdelay_c_ms=1.08172 ecn_mark=1212 drop=0
[QUEUE_STATS] t_ms=21344 q_pkts=5 q_bytes=7520 qdelay_l_ms=1.06236 qdelay_c_ms=1.09435 ecn_mark=1212 drop=0
[QUEUE_STATS] t_ms=21360 q_pkts=2 q_bytes=3008 qdelay_l_ms=1.09397 qdelay_c_ms=0 ecn_mark=1213 drop=0
[QUEUE_STATS] t_ms=21376 q_pkts=3 q_bytes=4512 qdelay_l_ms=1.07066 qdelay_c_ms=1.08137 ecn_mark=1213 drop=0
[QUEUE_STATS] t_ms=21392 q_pkts=0 q_bytes=0 qdelay_l_ms=0 qdelay_c_ms=0 ecn_mark=1214 drop=0
[QUEUE_STATS] t_ms=21408 q_pkts=4 q_bytes=6016 qdelay_l_ms=0.787197 qdelay_c_ms=0.781105 ecn_mark=1216 drop=0
[QUEUE_STATS] t_ms=21424 q_pkts=3 q_bytes=4512 qdelay_l_ms=1.09878 qdelay_c_ms=1.09202 ecn_mark=1218 drop=0
[QUEUE_STATS] t_ms=21440 q_pkts=1 q_bytes=1504 qdelay_l_ms=0.897303 qdelay_c_ms=0 ecn_mark=1219 drop=0
[QUEUE_STATS] t_ms=21456 q_pkts=3 q_bytes=4512 qdelay_l_ms=1.06552 qdelay_c_ms=1.07874 ecn_mark=1222 drop=0
[QUEUE_STATS] t_ms=21473 q_pkts=3 q_bytes=4512 qdelay_l_ms=1.07845 qdelay_c_ms=1.11186 ecn_mark=1224 drop=0
[QUEUE_STATS] t_ms=21488 q_pkts=4 q_bytes=6016 qdelay_l_ms=1.05084 qdelay_c_ms=1.04549 ecn_mark=1226 drop=0
[QUEUE_STATS] t_ms=21504 q_pkts=3 q_bytes=4512 qdelay_l_ms=0.657133 qdelay_c_ms=0.652545 ecn_mark=1228 drop=0
[QUEUE_STATS] t_ms=21521 q_pkts=6 q_bytes=9024 qdelay_l_ms=1.05918 qdelay_c_ms=2.21792 ecn_mark=1231 drop=0
[QUEUE_STATS] t_ms=21536 q_pkts=7 q_bytes=10528 qdelay_l_ms=1.08698 qdelay_c_ms=2.20372 ecn_mark=1231 drop=0
[QUEUE_STATS] t_ms=21552 q_pkts=4 q_bytes=6016 qdelay_l_ms=1.06615 qdelay_c_ms=1.09435 ecn_mark=1232 drop=0
[QUEUE_STATS] t_ms=21568 q_pkts=4 q_bytes=6016 qdelay_l_ms=1.06945 qdelay_c_ms=1.06195 ecn_mark=1236 drop=0
[QUEUE_STATS] t_ms=21584 q_pkts=5 q_bytes=7520 qdelay_l_ms=1.09202 qdelay_c_ms=1.08635 ecn_mark=1236 drop=0
[QUEUE_STATS] t_ms=21600 q_pkts=7 q_bytes=10528 qdelay_l_ms=1.03201 qdelay_c_ms=2.18503 ecn_mark=1237 drop=0
[QUEUE_STATS] t_ms=21616 q_pkts=3 q_bytes=4512 qdelay_l_ms=1.06553 qdelay_c_ms=1.08043 ecn_mark=1241 drop=0
[QUEUE_STATS] t_ms=21632 q_pkts=3 q_bytes=4512 qdelay_l_ms=1.06869 qdelay_c_ms=1.10634 ecn_mark=1241 drop=0
[QUEUE_STATS] t_ms=21648 q_pkts=5 q_bytes=7520 qdelay_l_ms=1.05468 qdelay_c_ms=2.1013 ecn_mark=1243 drop=0
[QUEUE_STATS] t_ms=21665 q_pkts=4 q_bytes=6016 qdelay_l_ms=1.07337 qdelay_c_ms=2.21792 ecn_mark=1246 drop=0
[QUEUE_STATS] t_ms=21681 q_pkts=1 q_bytes=1504 qdelay_l_ms=0 qdelay_c_ms=1.06152 ecn_mark=1246 drop=0
[QUEUE_STATS] t_ms=21696 q_pkts=4 q_bytes=6016 qdelay_l_ms=0.804138 qdelay_c_ms=1.6086 ecn_mark=1246 drop=0
[QUEUE_STATS] t_ms=21712 q_pkts=3 q_bytes=4512 qdelay_l_ms=1.05889 qdelay_c_ms=1.74212 ecn_mark=1249 drop=0
[QUEUE_STATS] t_ms=21728 q_pkts=5 q_bytes=7520 qdelay_l_ms=0.820009 qdelay_c_ms=0.812915 ecn_mark=1249 drop=0
[QUEUE_STATS] t_ms=21745 q_pkts=4 q_bytes=6016 qdelay_l_ms=1.06869 qdelay_c_ms=1.06384 ecn_mark=1249 drop=0
[QUEUE_STATS] t_ms=21760 q_pkts=5 q_bytes=7520 qdelay_l_ms=1.0647 qdelay_c_ms=1.10685 ecn_mark=1250 drop=0
[QUEUE_STATS] t_ms=21776 q_pkts=4 q_bytes=6016 qdelay_l_ms=1.09232 qdelay_c_ms=1.08566 ecn_mark=1251 drop=0
[QUEUE_STATS] t_ms=21792 q_pkts=3 q_bytes=4512 qdelay_l_ms=1.07313 qdelay_c_ms=1.06814 ecn_mark=1252 drop=0
[QUEUE_STATS] t_ms=21808 q_pkts=3 q_bytes=4512 qdelay_l_ms=1.11176 qdelay_c_ms=1.10078 ecn_mark=1253 drop=0
[QUEUE_STATS] t_ms=21824 q_pkts=1 q_bytes=1504 qdelay_l_ms=0 qdelay_c_ms=1.12265 ecn_mark=1253 drop=0
[QUEUE_STATS] t_ms=21840 q_pkts=5 q_bytes=7520 qdelay_l_ms=1.10148 qdelay_c_ms=1.09478 ecn_mark=1254 drop=0
[QUEUE_STATS] t_ms=21857 q_pkts=4 q_bytes=6016 qdelay_l_ms=1.07848 qdelay_c_ms=1.07261 ecn_mark=1254 drop=0
[QUEUE_STATS] t_ms=21872 q_pkts=0 q_bytes=0 qdelay_l_ms=0 qdelay_c_ms=0 ecn_mark=1256 drop=0
[QUEUE_STATS] t_ms=21888 q_pkts=5 q_bytes=7520 qdelay_l_ms=1.07681 qdelay_c_ms=1.61606 ecn_mark=1258 drop=0
[QUEUE_STATS] t_ms=21904 q_pkts=5 q_bytes=7520 qdelay_l_ms=1.07018 qdelay_c_ms=1.06431 ecn_mark=1258 drop=0
[QUEUE_STATS] t_ms=21920 q_pkts=5 q_bytes=7520 qdelay_l_ms=1.09439 qdelay_c_ms=1.85562 ecn_mark=1259 drop=0
[QUEUE_STATS] t_ms=21936 q_pkts=4 q_bytes=6016 qdelay_l_ms=1.08671 qdelay_c_ms=2.14198 ecn_mark=1259 drop=0
[QUEUE_STATS] t_ms=21952 q_pkts=2 q_bytes=3008 qdelay_l_ms=1.08751 qdelay_c_ms=0 ecn_mark=1260 drop=0
[QUEUE_STATS] t_ms=21968 q_pkts=1 q_bytes=1504 qdelay_l_ms=1.09167 qdelay_c_ms=0 ecn_mark=1261 drop=0
[QUEUE_STATS] t_ms=21984 q_pkts=6 q_bytes=9024 qdelay_l_ms=1.0897 qdelay_c_ms=1.06218 ecn_mark=1261 drop=0
[QUEUE_STATS] t_ms=22000 q_pkts=3 q_bytes=4512 qdelay_l_ms=1.07128 qdelay_c_ms=1.06578 ecn_mark=1263 drop=0
[QUEUE_STATS] t_ms=22016 q_pkts=5 q_bytes=7520 qdelay_l_ms=0.762431 qdelay_c_ms=0.755508 ecn_mark=1265 drop=0
[QUEUE_STATS] t_ms=22032 q_pkts=5 q_bytes=7520 qdelay_l_ms=0.475292 qdelay_c_ms=0.496602 ecn_mark=1265 drop=0
[QUEUE_STATS] t_ms=22048 q_pkts=4 q_bytes=6016 qdelay_l_ms=1.07252 qdelay_c_ms=1.09487 ecn_mark=1267 drop=0
[QUEUE_STATS] t_ms=22064 q_pkts=7 q_bytes=10528 qdelay_l_ms=0.941015 qdelay_c_ms=2.02936 ecn_mark=1268 drop=0
[QUEUE_STATS] t_ms=22080 q_pkts=3 q_bytes=4512 qdelay_l_ms=1.08576 qdelay_c_ms=1.07889 ecn_mark=1268 drop=0
[QUEUE_STATS] t_ms=22096 q_pkts=3 q_bytes=4512 qdelay_l_ms=1.06992 qdelay_c_ms=1.06399 ecn_mark=1270 drop=0
[QUEUE_STATS] t_ms=22112 q_pkts=5 q_bytes=7520 qdelay_l_ms=1.10356 qdelay_c_ms=1.09681 ecn_mark=1270 drop=0
[QUEUE_STATS] t_ms=22128 q_pkts=6 q_bytes=9024 qdelay_l_ms=1.0722 qdelay_c_ms=2.18255 ecn_mark=1272 drop=0
[QUEUE_STATS] t_ms=22144 q_pkts=3 q_bytes=4512 qdelay_l_ms=1.08215 qdelay_c_ms=1.0754 ecn_mark=1272 drop=0
[QUEUE_STATS] t_ms=22160 q_pkts=5 q_bytes=7520 qdelay_l_ms=1.07243 qdelay_c_ms=1.06459 ecn_mark=1275 drop=0
[QUEUE_STATS] t_ms=22177 q_pkts=5 q_bytes=7520 qdelay_l_ms=1.07252 qdelay_c_ms=2.15188 ecn_mark=1276 drop=0
[QUEUE_STATS] t_ms=22192 q_pkts=7 q_bytes=10528 qdelay_l_ms=1.07255 qdelay_c_ms=2.23187 ecn_mark=1277 drop=0
[QUEUE_STATS] t_ms=22208 q_pkts=6 q_bytes=9024 qdelay_l_ms=1.06506 qdelay_c_ms=1.0572 ecn_mark=1277 drop=0
[QUEUE_STATS] t_ms=22224 q_pkts=3 q_bytes=4512 qdelay_l_ms=1.0621 qdelay_c_ms=1.07275 ecn_mark=1277 drop=0
[QUEUE_STATS] t_ms=22240 q_pkts=4 q_bytes=6016 qdelay_l_ms=1.09357 qdelay_c_ms=1.71084 ecn_mark=1279 drop=0
[QUEUE_STATS] t_ms=22257 q_pkts=7 q_bytes=10528 qdelay_l_ms=1.08728 qdelay_c_ms=2.13784 ecn_mark=1279 drop=0
[QUEUE_STATS] t_ms=22272 q_pkts=1 q_bytes=1504 qdelay_l_ms=1.03331 qdelay_c_ms=0 ecn_mark=1281 drop=0
[QUEUE_STATS] t_ms=22288 q_pkts=5 q_bytes=7520 qdelay_l_ms=1.04936 qdelay_c_ms=1.04361 ecn_mark=1282 drop=0
[QUEUE_STATS] t_ms=22304 q_pkts=5 q_bytes=7520 qdelay_l_ms=1.06731 qdelay_c_ms=2.1637 ecn_mark=1285 drop=0
[QUEUE_STATS] t_ms=22320 q_pkts=5 q_bytes=7520 qdelay_l_ms=1.09458 qdelay_c_ms=1.93725 ecn_mark=1286 drop=0
[QUEUE_STATS] t_ms=22336 q_pkts=1 q_bytes=1504 qdelay_l_ms=0.540605 qdelay_c_ms=0 ecn_mark=1289 drop=0
[QUEUE_STATS] t_ms=22352 q_pkts=5 q_bytes=7520 qdelay_l_ms=1.08232 qdelay_c_ms=1.0765 ecn_mark=1290 drop=0
[QUEUE_STATS] t_ms=22368 q_pkts=3 q_bytes=4512 qdelay_l_ms=1.09085 qdelay_c_ms=1.08569 ecn_mark=1291 drop=0
[QUEUE_STATS] t_ms=22384 q_pkts=4 q_bytes=6016 qdelay_l_ms=1.0955 qdelay_c_ms=1.08848 ecn_mark=1291 drop=0
[QUEUE_STATS] t_ms=22400 q_pkts=3 q_bytes=4512 qdelay_l_ms=0.503685 qdelay_c_ms=0.497824 ecn_mark=1292 drop=0
[QUEUE_STATS] t_ms=22416 q_pkts=6 q_bytes=9024 qdelay_l_ms=1.05356 qdelay_c_ms=1.06673 ecn_mark=1292 drop=0
[QUEUE_STATS] t_ms=22432 q_pkts=4 q_bytes=6016 qdelay_l_ms=1.06684 qdelay_c_ms=1.67591 ecn_mark=1295 drop=0
[QUEUE_STATS] t_ms=22448 q_pkts=8 q_bytes=12032 qdelay_l_ms=1.02361 qdelay_c_ms=2.18618 ecn_mark=1295 drop=0
[QUEUE_STATS] t_ms=22464 q_pkts=3 q_bytes=4512 qdelay_l_ms=1.04906 qdelay_c_ms=1.04188 ecn_mark=1295 drop=0
[QUEUE_STATS] t_ms=22480 q_pkts=7 q_bytes=10528 qdelay_l_ms=1.11591 qdelay_c_ms=1.52448 ecn_mark=1295 drop=0
[QUEUE_STATS] t_ms=22496 q_pkts=5 q_bytes=7520 qdelay_l_ms=0.933301 qdelay_c_ms=0.967345 ecn_mark=1296 drop=0
[QUEUE_STATS] t_ms=22512 q_pkts=4 q_bytes=6016 qdelay_l_ms=1.05027 qdelay_c_ms=2.19185 ecn_mark=1296 drop=0
[QUEUE_STATS] t_ms=22529 q_pkts=1 q_bytes=1504 qdelay_l_ms=1.06194 qdelay_c_ms=0 ecn_mark=1296 drop=0
[QUEUE_STATS] t_ms=22544 q_pkts=2 q_bytes=3008 qdelay_l_ms=0 qdelay_c_ms=0.864492 ecn_mark=1296 drop=0
[QUEUE_STATS] t_ms=22560 q_pkts=5 q_bytes=7520 qdelay_l_ms=1.09195 qdelay_c_ms=2.14106 ecn_mark=1296 drop=0
[QUEUE_STATS] t_ms=22576 q_pkts=4 q_bytes=6016 qdelay_l_ms=1.09726 qdelay_c_ms=1.09199 ecn_mark=1297 drop=0
[QUEUE_STATS] t_ms=22592 q_pkts=6 q_bytes=9024 qdelay_l_ms=1.02353 qdelay_c_ms=2.17225 ecn_mark=1298 drop=0
[QUEUE_STATS] t_ms=22608 q_pkts=3 q_bytes=4512 qdelay_l_ms=1.06177 qdelay_c_ms=1.07241 ecn_mark=1298 drop=0
[QUEUE_STATS] t_ms=22624 q_pkts=5 q_bytes=7520 qdelay_l_ms=0.961715 qdelay_c_ms=2.02779 ecn_mark=1298 drop=0
[QUEUE_STATS] t_ms=22640 q_pkts=5 q_bytes=7520 qdelay_l_ms=0.886884 qdelay_c_ms=0.87967 ecn_mark=1299 drop=0
[QUEUE_STATS] t_ms=22656 q_pkts=4 q_bytes=6016 qdelay_l_ms=0.860605 qdelay_c_ms=0.853842 ecn_mark=1301 drop=0
[QUEUE_STATS] t_ms=22672 q_pkts=2 q_bytes=3008 qdelay_l_ms=1.08148 qdelay_c_ms=2.1413 ecn_mark=1301 drop=0
[QUEUE_STATS] t_ms=22688 q_pkts=7 q_bytes=10528 qdelay_l_ms=1.06845 qdelay_c_ms=1.06284 ecn_mark=1301 drop=0
[QUEUE_STATS] t_ms=22704 q_pkts=2 q_bytes=3008 qdelay_l_ms=0 qdelay_c_ms=1.09394 ecn_mark=1303 drop=0
[QUEUE_STATS] t_ms=22720 q_pkts=3 q_bytes=4512 qdelay_l_ms=1.06944 qdelay_c_ms=2.0897 ecn_mark=1305 drop=0
[QUEUE_STATS] t_ms=22736 q_pkts=3 q_bytes=4512 qdelay_l_ms=1.09001 qdelay_c_ms=1.08321 ecn_mark=1305 drop=0
[QUEUE_STATS] t_ms=22752 q_pkts=3 q_bytes=4512 qdelay_l_ms=1.07017 qdelay_c_ms=1.08042 ecn_mark=1305 drop=0
[QUEUE_STATS] t_ms=22768 q_pkts=4 q_bytes=6016 qdelay_l_ms=1.0641 qdelay_c_ms=2.15423 ecn_mark=1307 drop=0
[QUEUE_STATS] t_ms=22784 q_pkts=4 q_bytes=6016 qdelay_l_ms=0 qdelay_c_ms=1.06732 ecn_mark=1307 drop=0
[QUEUE_STATS] t_ms=22800 q_pkts=5 q_bytes=7520 qdelay_l_ms=0.84231 qdelay_c_ms=0.835457 ecn_mark=1309 drop=0
[QUEUE_STATS] t_ms=22816 q_pkts=8 q_bytes=12032 qdelay_l_ms=1.11912 qdelay_c_ms=1.93333 ecn_mark=1309 drop=0
[QUEUE_STATS] t_ms=22832 q_pkts=4 q_bytes=6016 qdelay_l_ms=0.837511 qdelay_c_ms=1.31709 ecn_mark=1313 drop=0
[QUEUE_STATS] t_ms=22849 q_pkts=1 q_bytes=1504 qdelay_l_ms=0 qdelay_c_ms=1.06074 ecn_mark=1313 drop=0
[QUEUE_STATS] t_ms=22864 q_pkts=3 q_bytes=4512 qdelay_l_ms=1.07087 qdelay_c_ms=2.21433 ecn_mark=1314 drop=0
[QUEUE_STATS] t_ms=22880 q_pkts=5 q_bytes=7520 qdelay_l_ms=1.06201 qdelay_c_ms=1.08246 ecn_mark=1315 drop=0
[QUEUE_STATS] t_ms=22896 q_pkts=3 q_bytes=4512 qdelay_l_ms=1.08663 qdelay_c_ms=2.12389 ecn_mark=1317 drop=0
[QUEUE_STATS] t_ms=22912 q_pkts=4 q_bytes=6016 qdelay_l_ms=1.08726 qdelay_c_ms=1.08172 ecn_mark=1320 drop=0
[QUEUE_STATS] t_ms=22928 q_pkts=7 q_bytes=10528 qdelay_l_ms=1.0685 qdelay_c_ms=1.12769 ecn_mark=1321 drop=0
[QUEUE_STATS] t_ms=22945 q_pkts=4 q_bytes=6016 qdelay_l_ms=1.063 qdelay_c_ms=2.23173 ecn_mark=1321 drop=0
[QUEUE_STATS] t_ms=22960 q_pkts=3 q_bytes=4512 qdelay_l_ms=0 qdelay_c_ms=1.09982 ecn_mark=1324 drop=0
[QUEUE_STATS] t_ms=22976 q_pkts=2 q_bytes=3008 qdelay_l_ms=0.024035 qdelay_c_ms=0.017884 ecn_mark=1328 drop=0
[QUEUE_STATS] t_ms=22992 q_pkts=5 q_bytes=7520 qdelay_l_ms=0.776357 qdelay_c_ms=0.827583 ecn_mark=1328 drop=0
[QUEUE_STATS] t_ms=23008 q_pkts=5 q_bytes=7520 qdelay_l_ms=1.1198 qdelay_c_ms=1.90704 ecn_mark=1329 drop=0
[QUEUE_STATS] t_ms=23024 q_pkts=5 q_bytes=7520 qdelay_l_ms=1.10505 qdelay_c_ms=2.16616 ecn_mark=1330 drop=0
[QUEUE_STATS] t_ms=23040 q_pkts=0 q_bytes=0 qdelay_l_ms=0 qdelay_c_ms=0 ecn_mark=1331 drop=0
[QUEUE_STATS] t_ms=23056 q_pkts=4 q_bytes=6016 qdelay_l_ms=1.08584 qdelay_c_ms=2.1554 ecn_mark=1332 drop=0
[QUEUE_STATS] t_ms=23072 q_pkts=7 q_bytes=10528 qdelay_l_ms=1.02929 qdelay_c_ms=1.0654 ecn_mark=1332 drop=0
[QUEUE_STATS] t_ms=23088 q_pkts=1 q_bytes=1504 qdelay_l_ms=0 qdelay_c_ms=1.13882 ecn_mark=1332 drop=0
[QUEUE_STATS] t_ms=23104 q_pkts=5 q_bytes=7520 qdelay_l_ms=1.06289 qdelay_c_ms=2.1694 ecn_mark=1332 drop=0
[QUEUE_STATS] t_ms=23120 q_pkts=3 q_bytes=4512 qdelay_l_ms=0 qdelay_c_ms=1.10076 ecn_mark=1334 drop=0
[QUEUE_STATS] t_ms=23136 q_pkts=7 q_bytes=10528 qdelay_l_ms=1.11494 qdelay_c_ms=1.13053 ecn_mark=1336 drop=0
[QUEUE_STATS] t_ms=23152 q_pkts=1 q_bytes=1504 qdelay_l_ms=0 qdelay_c_ms=1.14751 ecn_mark=1336 drop=0
[QUEUE_STATS] t_ms=23168 q_pkts=4 q_bytes=6016 qdelay_l_ms=0.967796 qdelay_c_ms=0.959891 ecn_mark=1337 drop=0
[QUEUE_STATS] t_ms=23184 q_pkts=4 q_bytes=6016 qdelay_l_ms=1.10652 qdelay_c_ms=1.09876 ecn_mark=1340 drop=0
[QUEUE_STATS] t_ms=23200 q_pkts=3 q_bytes=4512 qdelay_l_ms=1.0714 qdelay_c_ms=1.06626 ecn_mark=1341 drop=0
[QUEUE_STATS] t_ms=23216 q_pkts=6 q_bytes=9024 qdelay_l_ms=1.06315 qdelay_c_ms=1.09004 ecn_mark=1342 drop=0
[QUEUE_STATS] t_ms=23232 q_pkts=4 q_bytes=6016 qdelay_l_ms=1.07412 qdelay_c_ms=1.06875 ecn_mark=1344 drop=0
[QUEUE_STATS] t_ms=23248 q_pkts=2 q_bytes=3008 qdelay_l_ms=0 qdelay_c_ms=0.046437 ecn_mark=1344 drop=0
[QUEUE_STATS] t_ms=23264 q_pkts=5 q_bytes=7520 qdelay_l_ms=1.11327 qdelay_c_ms=1.10597 ecn_mark=1346 drop=0
[QUEUE_STATS] t_ms=23280 q_pkts=4 q_bytes=6016 qdelay_l_ms=1.05866 qdelay_c_ms=1.05158 ecn_mark=1349 drop=0
[QUEUE_STATS] t_ms=23296 q_pkts=2 q_bytes=3008 qdelay_l_ms=0.882986 qdelay_c_ms=0.875122 ecn_mark=1350 drop=0
[QUEUE_STATS] t_ms=23312 q_pkts=4 q_bytes=6016 qdelay_l_ms=1.06295 qdelay_c_ms=2.21361 ecn_mark=1351 drop=0
[QUEUE_STATS] t_ms=23328 q_pkts=5 q_bytes=7520 qdelay_l_ms=1.06639 qdelay_c_ms=2.1428 ecn_mark=1352 drop=0
[QUEUE_STATS] t_ms=23344 q_pkts=3 q_bytes=4512 qdelay_l_ms=0 qdelay_c_ms=1.09044 ecn_mark=1353 drop=0
[QUEUE_STATS] t_ms=23361 q_pkts=3 q_bytes=4512 qdelay_l_ms=1.06323 qdelay_c_ms=1.086 ecn_mark=1353 drop=0
[QUEUE_STATS] t_ms=23376 q_pkts=7 q_bytes=10528 qdelay_l_ms=1.07902 qdelay_c_ms=2.16763 ecn_mark=1353 drop=0
[QUEUE_STATS] t_ms=23392 q_pkts=1 q_bytes=1504 qdelay_l_ms=0 qdelay_c_ms=1.09738 ecn_mark=1353 drop=0
[QUEUE_STATS] t_ms=23408 q_pkts=0 q_bytes=0 qdelay_l_ms=0 qdelay_c_ms=0 ecn_mark=1354 drop=0
[QUEUE_STATS] t_ms=23424 q_pkts=5 q_bytes=7520 qdelay_l_ms=1.06318 qdelay_c_ms=1.7508 ecn_mark=1355 drop=0
[QUEUE_STATS] t_ms=23440 q_pkts=4 q_bytes=6016 qdelay_l_ms=1.08318 qdelay_c_ms=1.07678 ecn_mark=1355 drop=0
[QUEUE_STATS] t_ms=23456 q_pkts=8 q_bytes=12032 qdelay_l_ms=1.06046 qdelay_c_ms=1.05303 ecn_mark=1355 drop=0
[QUEUE_STATS] t_ms=23472 q_pkts=7 q_bytes=10528 qdelay_l_ms=1.02966 qdelay_c_ms=2.15971 ecn_mark=1357 drop=0
[QUEUE_STATS] t_ms=23488 q_pkts=4 q_bytes=6016 qdelay_l_ms=1.07558 qdelay_c_ms=1.10555 ecn_mark=1358 drop=0
[QUEUE_STATS] t_ms=23504 q_pkts=6 q_bytes=9024 qdelay_l_ms=1.09463 qdelay_c_ms=1.49908 ecn_mark=1359 drop=0
[QUEUE_STATS] t_ms=23520 q_pkts=5 q_bytes=7520 qdelay_l_ms=1.09708 qdelay_c_ms=1.09211 ecn_mark=1361 drop=0
[QUEUE_STATS] t_ms=23536 q_pkts=3 q_bytes=4512 qdelay_l_ms=0.889178 qdelay_c_ms=0.883387 ecn_mark=1364 drop=0
[QUEUE_STATS] t_ms=23552 q_pkts=5 q_bytes=7520 qdelay_l_ms=0 qdelay_c_ms=1.10774 ecn_mark=1365 drop=0
[QUEUE_STATS] t_ms=23568 q_pkts=2 q_bytes=3008 qdelay_l_ms=0.87438 qdelay_c_ms=0.867347 ecn_mark=1366 drop=0
[QUEUE_STATS] t_ms=23584 q_pkts=7 q_bytes=10528 qdelay_l_ms=1.08587 qdelay_c_ms=2.13093 ecn_mark=1366 drop=0
[QUEUE_STATS] t_ms=23600 q_pkts=7 q_bytes=10528 qdelay_l_ms=1.07576 qdelay_c_ms=1.06878 ecn_mark=1366 drop=0
[QUEUE_STATS] t_ms=23617 q_pkts=3 q_bytes=4512 qdelay_l_ms=1.08206 qdelay_c_ms=1.09238 ecn_mark=1366 drop=0
[QUEUE_STATS] t_ms=23632 q_pkts=4 q_bytes=6016 qdelay_l_ms=1.07714 qdelay_c_ms=1.09341 ecn_mark=1366 drop=0
[QUEUE_STATS] t_ms=23649 q_pkts=2 q_bytes=3008 qdelay_l_ms=1.0655 qdelay_c_ms=1.06008 ecn_mark=1366 drop=0
[QUEUE_STATS] t_ms=23664 q_pkts=4 q_bytes=6016 qdelay_l_ms=0.809088 qdelay_c_ms=0.850696 ecn_mark=1366 drop=0
[QUEUE_STATS] t_ms=23680 q_pkts=5 q_bytes=7520 qdelay_l_ms=1.09446 qdelay_c_ms=1.08927 ecn_mark=1366 drop=0
[QUEUE_STATS] t_ms=23696 q_pkts=6 q_bytes=9024 qdelay_l_ms=1.05493 qdelay_c_ms=1.09342 ecn_mark=1367 drop=0
[QUEUE_STATS] t_ms=23713 q_pkts=4 q_bytes=6016 qdelay_l_ms=1.08176 qdelay_c_ms=1.07625 ecn_mark=1369 drop=0
[QUEUE_STATS] t_ms=23728 q_pkts=2 q_bytes=3008 qdelay_l_ms=0 qdelay_c_ms=0.028985 ecn_mark=1371 drop=0
[QUEUE_STATS] t_ms=23744 q_pkts=2 q_bytes=3008 qdelay_l_ms=0.817784 qdelay_c_ms=0.830378 ecn_mark=1373 drop=0
[QUEUE_STATS] t_ms=23760 q_pkts=6 q_bytes=9024 qdelay_l_ms=0.423064 qdelay_c_ms=1.51648 ecn_mark=1374 drop=0
[QUEUE_STATS] t_ms=23776 q_pkts=5 q_bytes=7520 qdelay_l_ms=0.024396 qdelay_c_ms=1.18504 ecn_mark=1375 drop=0
[QUEUE_STATS] t_ms=23792 q_pkts=3 q_bytes=4512 qdelay_l_ms=1.06656 qdelay_c_ms=1.09344 ecn_mark=1375 drop=0
[QUEUE_STATS] t_ms=23808 q_pkts=5 q_bytes=7520 qdelay_l_ms=0.891422 qdelay_c_ms=0.884168 ecn_mark=1376 drop=0
[QUEUE_STATS] t_ms=23824 q_pkts=4 q_bytes=6016 qdelay_l_ms=0.03697 qdelay_c_ms=0.030898 ecn_mark=1376 drop=0
[QUEUE_STATS] t_ms=23840 q_pkts=7 q_bytes=10528 qdelay_l_ms=1.09967 qdelay_c_ms=1.09445 ecn_mark=1377 drop=0
[QUEUE_STATS] t_ms=23856 q_pkts=4 q_bytes=6016 qdelay_l_ms=1.11054 qdelay_c_ms=1.09817 ecn_mark=1377 drop=0
[QUEUE_STATS] t_ms=23872 q_pkts=3 q_bytes=4512 qdelay_l_ms=1.08632 qdelay_c_ms=2.14413 ecn_mark=1378 drop=0
[QUEUE_STATS] t_ms=23888 q_pkts=4 q_bytes=6016 qdelay_l_ms=1.06511 qdelay_c_ms=1.05948 ecn_mark=1379 drop=0
[QUEUE_STATS] t_ms=23904 q_pkts=4 q_bytes=6016 qdelay_l_ms=1.10893 qdelay_c_ms=1.09837 ecn_mark=1381 drop=0
[QUEUE_STATS] t_ms=23920 q_pkts=3 q_bytes=4512 qdelay_l_ms=1.06478 qdelay_c_ms=1.08687 ecn_mark=1382 drop=0
[QUEUE_STATS] t_ms=23936 q_pkts=8 q_bytes=12032 qdelay_l_ms=1.04938 qdelay_c_ms=2.19056 ecn_mark=1382 drop=0
[QUEUE_STATS] t_ms=23952 q_pkts=3 q_bytes=4512 qdelay_l_ms=1.08933 qdelay_c_ms=2.16085 ecn_mark=1382 drop=0
[QUEUE_STATS] t_ms=23968 q_pkts=4 q_bytes=6016 qdelay_l_ms=1.04037 qdelay_c_ms=1.05717 ecn_mark=1383 drop=0
[QUEUE_STATS] t_ms=23984 q_pkts=5 q_bytes=7520 qdelay_l_ms=1.07062 qdelay_c_ms=2.22366 ecn_mark=1386 drop=0
[QUEUE_STATS] t_ms=24000 q_pkts=8 q_bytes=12032 qdelay_l_ms=0.807034 qdelay_c_ms=2.63487 ecn_mark=1387 drop=0
[QUEUE_STATS] t_ms=24016 q_pkts=8 q_bytes=12032 qdelay_l_ms=0.870894 qdelay_c_ms=2.75115 ecn_mark=1388 drop=0
[QUEUE_STATS] t_ms=24032 q_pkts=5 q_bytes=7520 qdelay_l_ms=0 qdelay_c_ms=2.16953 ecn_mark=1390 drop=0
[QUEUE_STATS] t_ms=24048 q_pkts=1 q_bytes=1504 qdelay_l_ms=1.08945 qdelay_c_ms=0 ecn_mark=1390 drop=0
[QUEUE_STATS] t_ms=24064 q_pkts=6 q_bytes=9024 qdelay_l_ms=1.06223 qdelay_c_ms=2.16263 ecn_mark=1390 drop=0
[QUEUE_STATS] t_ms=24080 q_pkts=5 q_bytes=7520 qdelay_l_ms=1.0852 qdelay_c_ms=1.88839 ecn_mark=1391 drop=0
[QUEUE_STATS] t_ms=24096 q_pkts=3 q_bytes=4512 qdelay_l_ms=1.07698 qdelay_c_ms=2.13217 ecn_mark=1391 drop=0
[QUEUE_STATS] t_ms=24112 q_pkts=0 q_bytes=0 qdelay_l_ms=0 qdelay_c_ms=0 ecn_mark=1394 drop=0
[QUEUE_STATS] t_ms=24128 q_pkts=4 q_bytes=6016 qdelay_l_ms=0 qdelay_c_ms=2.10628 ecn_mark=1397 drop=0
[QUEUE_STATS] t_ms=24144 q_pkts=2 q_bytes=3008 qdelay_l_ms=0.898305 qdelay_c_ms=1.75288 ecn_mark=1399 drop=0
[QUEUE_STATS] t_ms=24160 q_pkts=4 q_bytes=6016 qdelay_l_ms=0.739498 qdelay_c_ms=0.731172 ecn_mark=1400 drop=0
[QUEUE_STATS] t_ms=24176 q_pkts=4 q_bytes=6016 qdelay_l_ms=1.07654 qdelay_c_ms=1.07094 ecn_mark=1400 drop=0
[QUEUE_STATS] t_ms=24192 q_pkts=4 q_bytes=6016 qdelay_l_ms=1.07175 qdelay_c_ms=2.15931 ecn_mark=1402 drop=0
[QUEUE_STATS] t_ms=24208 q_pkts=4 q_bytes=6016 qdelay_l_ms=1.10727 qdelay_c_ms=1.10016 ecn_mark=1403 drop=0
[QUEUE_STATS] t_ms=24224 q_pkts=5 q_bytes=7520 qdelay_l_ms=1.05976 qdelay_c_ms=2.14669 ecn_mark=1405 drop=0
[QUEUE_STATS] t_ms=24240 q_pkts=4 q_bytes=6016 qdelay_l_ms=1.06675 qdelay_c_ms=1.04896 ecn_mark=1405 drop=0
[QUEUE_STATS] t_ms=24256 q_pkts=4 q_bytes=6016 qdelay_l_ms=1.097 qdelay_c_ms=2.1719 ecn_mark=1405 drop=0
[QUEUE_STATS] t_ms=24272 q_pkts=5 q_bytes=7520 qdelay_l_ms=1.09112 qdelay_c_ms=2.16737 ecn_mark=1406 drop=0
[QUEUE_STATS] t_ms=24288 q_pkts=1 q_bytes=1504 qdelay_l_ms=0 qdelay_c_ms=1.09802 ecn_mark=1406 drop=0
[QUEUE_STATS] t_ms=24304 q_pkts=7 q_bytes=10528 qdelay_l_ms=1.09137 qdelay_c_ms=2.79014 ecn_mark=1406 drop=0
[QUEUE_STATS] t_ms=24320 q_pkts=7 q_bytes=10528 qdelay_l_ms=1.09832 qdelay_c_ms=1.9333 ecn_mark=1407 drop=0
[QUEUE_STATS] t_ms=24336 q_pkts=5 q_bytes=7520 qdelay_l_ms=1.07585 qdelay_c_ms=1.06841 ecn_mark=1407 drop=0
[QUEUE_STATS] t_ms=24352 q_pkts=5 q_bytes=7520 qdelay_l_ms=1.11118 qdelay_c_ms=1.10362 ecn_mark=1409 drop=0
[QUEUE_STATS] t_ms=24368 q_pkts=8 q_bytes=12032 qdelay_l_ms=1.09198 qdelay_c_ms=2.161 ecn_mark=1409 drop=0
[QUEUE_STATS] t_ms=24384 q_pkts=4 q_bytes=6016 qdelay_l_ms=1.04737 qdelay_c_ms=1.0416 ecn_mark=1411 drop=0
[QUEUE_STATS] t_ms=24400 q_pkts=8 q_bytes=12032 qdelay_l_ms=1.10125 qdelay_c_ms=1.12809 ecn_mark=1411 drop=0
[QUEUE_STATS] t_ms=24416 q_pkts=7 q_bytes=10528 qdelay_l_ms=1.08621 qdelay_c_ms=2.24043 ecn_mark=1412 drop=0
[QUEUE_STATS] t_ms=24432 q_pkts=6 q_bytes=9024 qdelay_l_ms=1.08006 qdelay_c_ms=2.18261 ecn_mark=1412 drop=0
[QUEUE_STATS] t_ms=24448 q_pkts=5 q_bytes=7520 qdelay_l_ms=1.09516 qdelay_c_ms=1.90494 ecn_mark=1416 drop=0
[QUEUE_STATS] t_ms=24464 q_pkts=11 q_bytes=16544 qdelay_l_ms=1.12864 qdelay_c_ms=2.22055 ecn_mark=1417 drop=0
[QUEUE_STATS] t_ms=24481 q_pkts=3 q_bytes=4512 qdelay_l_ms=1.06195 qdelay_c_ms=2.79699 ecn_mark=1417 drop=0
[QUEUE_STATS] t_ms=24496 q_pkts=4 q_bytes=6016 qdelay_l_ms=1.02741 qdelay_c_ms=1.05607 ecn_mark=1418 drop=0
[QUEUE_STATS] t_ms=24512 q_pkts=5 q_bytes=7520 qdelay_l_ms=1.09695 qdelay_c_ms=2.20968 ecn_mark=1419 drop=0
[QUEUE_STATS] t_ms=24528 q_pkts=4 q_bytes=6016 qdelay_l_ms=1.10556 qdelay_c_ms=1.09903 ecn_mark=1420 drop=0
[QUEUE_STATS] t_ms=24544 q_pkts=5 q_bytes=7520 qdelay_l_ms=1.06746 qdelay_c_ms=1.92661 ecn_mark=1421 drop=0
[QUEUE_STATS] t_ms=24560 q_pkts=8 q_bytes=12032 qdelay_l_ms=1.04473 qdelay_c_ms=2.19061 ecn_mark=1421 drop=0
[QUEUE_STATS] t_ms=24576 q_pkts=5 q_bytes=7520 qdelay_l_ms=0.911369 qdelay_c_ms=1.98572 ecn_mark=1423 drop=0
[QUEUE_STATS] t_ms=24592 q_pkts=9 q_bytes=13536 qdelay_l_ms=1.10093 qdelay_c_ms=2.91854 ecn_mark=1423 drop=0
[QUEUE_STATS] t_ms=24608 q_pkts=10 q_bytes=15040 qdelay_l_ms=1.04073 qdelay_c_ms=3.26174 ecn_mark=1424 drop=0
[QUEUE_STATS] t_ms=24624 q_pkts=6 q_bytes=9024 qdelay_l_ms=1.10074 qdelay_c_ms=2.17173 ecn_mark=1424 drop=0
[QUEUE_STATS] t_ms=24640 q_pkts=3 q_bytes=4512 qdelay_l_ms=0.032732 qdelay_c_ms=1.09075 ecn_mark=1425 drop=0
[QUEUE_STATS] t_ms=24656 q_pkts=3 q_bytes=4512 qdelay_l_ms=0.839705 qdelay_c_ms=0.865574 ecn_mark=1426 drop=0
[QUEUE_STATS] t_ms=24672 q_pkts=3 q_bytes=4512 qdelay_l_ms=0.86382 qdelay_c_ms=1.92309 ecn_mark=1426 drop=0
[QUEUE_STATS] t_ms=24688 q_pkts=4 q_bytes=6016 qdelay_l_ms=1.08877 qdelay_c_ms=1.08216 ecn_mark=1426 drop=0
[QUEUE_STATS] t_ms=24704 q_pkts=8 q_bytes=12032 qdelay_l_ms=1.0818 qdelay_c_ms=2.16012 ecn_mark=1428 drop=0
[QUEUE_STATS] t_ms=24720 q_pkts=5 q_bytes=7520 qdelay_l_ms=1.05376 qdelay_c_ms=2.14839 ecn_mark=1429 drop=0
[QUEUE_STATS] t_ms=24736 q_pkts=6 q_bytes=9024 qdelay_l_ms=1.09009 qdelay_c_ms=1.13307 ecn_mark=1429 drop=0
[QUEUE_STATS] t_ms=24753 q_pkts=8 q_bytes=12032 qdelay_l_ms=1.08067 qdelay_c_ms=2.23279 ecn_mark=1431 drop=0
[QUEUE_STATS] t_ms=24768 q_pkts=6 q_bytes=9024 qdelay_l_ms=0 qdelay_c_ms=2.23433 ecn_mark=1432 drop=0
[QUEUE_STATS] t_ms=24784 q_pkts=6 q_bytes=9024 qdelay_l_ms=1.07776 qdelay_c_ms=1.96284 ecn_mark=1434 drop=0
[QUEUE_STATS] t_ms=24800 q_pkts=6 q_bytes=9024 qdelay_l_ms=1.1104 qdelay_c_ms=1.74049 ecn_mark=1435 drop=0
[QUEUE_STATS] t_ms=24816 q_pkts=7 q_bytes=10528 qdelay_l_ms=1.06201 qdelay_c_ms=1.9085 ecn_mark=1436 drop=0
[QUEUE_STATS] t_ms=24832 q_pkts=5 q_bytes=7520 qdelay_l_ms=0.798398 qdelay_c_ms=1.62032 ecn_mark=1438 drop=0
[QUEUE_STATS] t_ms=24849 q_pkts=6 q_bytes=9024 qdelay_l_ms=1.10082 qdelay_c_ms=1.70256 ecn_mark=1439 drop=0
[QUEUE_STATS] t_ms=24864 q_pkts=6 q_bytes=9024 qdelay_l_ms=1.09424 qdelay_c_ms=2.18863 ecn_mark=1439 drop=0
[QUEUE_STATS] t_ms=24881 q_pkts=8 q_bytes=12032 qdelay_l_ms=1.09791 qdelay_c_ms=3.07321 ecn_mark=1441 drop=0
[QUEUE_STATS] t_ms=24896 q_pkts=8 q_bytes=12032 qdelay_l_ms=1.07901 qdelay_c_ms=3.32261 ecn_mark=1441 drop=0
[QUEUE_STATS] t_ms=24912 q_pkts=6 q_bytes=9024 qdelay_l_ms=1.04369 qdelay_c_ms=2.18329 ecn_mark=1442 drop=0
[QUEUE_STATS] t_ms=24929 q_pkts=6 q_bytes=9024 qdelay_l_ms=1.07387 qdelay_c_ms=3.25614 ecn_mark=1444 drop=0
[QUEUE_STATS] t_ms=24944 q_pkts=3 q_bytes=4512 qdelay_l_ms=1.04753 qdelay_c_ms=1.06156 ecn_mark=1445 drop=0
[QUEUE_STATS] t_ms=24960 q_pkts=3 q_bytes=4512 qdelay_l_ms=0.828755 qdelay_c_ms=0.817554 ecn_mark=1447 drop=0
[QUEUE_STATS] t_ms=24976 q_pkts=4 q_bytes=6016 qdelay_l_ms=1.10589 qdelay_c_ms=1.09865 ecn_mark=1447 drop=0
[QUEUE_STATS] t_ms=24992 q_pkts=5 q_bytes=7520 qdelay_l_ms=1.08545 qdelay_c_ms=2.14513 ecn_mark=1448 drop=0
[QUEUE_STATS] t_ms=25008 q_pkts=4 q_bytes=6016 qdelay_l_ms=1.05892 qdelay_c_ms=2.1984 ecn_mark=1450 drop=0
[QUEUE_STATS] t_ms=25024 q_pkts=2 q_bytes=3008 qdelay_l_ms=1.02745 qdelay_c_ms=0 ecn_mark=1450 drop=0
[QUEUE_STATS] t_ms=25041 q_pkts=3 q_bytes=4512 qdelay_l_ms=1.07634 qdelay_c_ms=1.49937 ecn_mark=1452 drop=0
[QUEUE_STATS] t_ms=25056 q_pkts=3 q_bytes=4512 qdelay_l_ms=1.04489 qdelay_c_ms=1.03938 ecn_mark=1453 drop=0
[QUEUE_STATS] t_ms=25072 q_pkts=1 q_bytes=1504 qdelay_l_ms=0 qdelay_c_ms=1.08102 ecn_mark=1453 drop=0
[QUEUE_STATS] t_ms=25089 q_pkts=5 q_bytes=7520 qdelay_l_ms=1.09306 qdelay_c_ms=1.0869 ecn_mark=1454 drop=0
[QUEUE_STATS] t_ms=25104 q_pkts=3 q_bytes=4512 qdelay_l_ms=1.04642 qdelay_c_ms=1.05989 ecn_mark=1454 drop=0
[QUEUE_STATS] t_ms=25120 q_pkts=5 q_bytes=7520 qdelay_l_ms=0.848372 qdelay_c_ms=0.885201 ecn_mark=1455 drop=0
[QUEUE_STATS] t_ms=25136 q_pkts=1 q_bytes=1504 qdelay_l_ms=0 qdelay_c_ms=2.15898 ecn_mark=1457 drop=0
[QUEUE_STATS] t_ms=25152 q_pkts=10 q_bytes=15040 qdelay_l_ms=1.05791 qdelay_c_ms=1.08074 ecn_mark=1457 drop=0
[QUEUE_STATS] t_ms=25168 q_pkts=3 q_bytes=4512 qdelay_l_ms=1.06704 qdelay_c_ms=2.13271 ecn_mark=1457 drop=0
[QUEUE_STATS] t_ms=25184 q_pkts=4 q_bytes=6016 qdelay_l_ms=1.09883 qdelay_c_ms=1.92815 ecn_mark=1457 drop=0
[QUEUE_STATS] t_ms=25200 q_pkts=5 q_bytes=7520 qdelay_l_ms=1.07547 qdelay_c_ms=1.55177 ecn_mark=1457 drop=0
[QUEUE_STATS] t_ms=25216 q_pkts=0 q_bytes=0 qdelay_l_ms=0 qdelay_c_ms=0 ecn_mark=1457 drop=0
[QUEUE_STATS] t_ms=25232 q_pkts=7 q_bytes=10528 qdelay_l_ms=1.03633 qdelay_c_ms=2.14019 ecn_mark=1458 drop=0
[QUEUE_STATS] t_ms=25248 q_pkts=5 q_bytes=7520 qdelay_l_ms=1.06427 qdelay_c_ms=1.09685 ecn_mark=1458 drop=0
[QUEUE_STATS] t_ms=25264 q_pkts=4 q_bytes=6016 qdelay_l_ms=0.926919 qdelay_c_ms=0.920317 ecn_mark=1459 drop=0
[QUEUE_STATS] t_ms=25280 q_pkts=6 q_bytes=9024 qdelay_l_ms=0.846939 qdelay_c_ms=0.838473 ecn_mark=1460 drop=0
[QUEUE_STATS] t_ms=25296 q_pkts=5 q_bytes=7520 qdelay_l_ms=0.630322 qdelay_c_ms=0.624 ecn_mark=1460 drop=0
[QUEUE_STATS] t_ms=25312 q_pkts=6 q_bytes=9024 qdelay_l_ms=1.06883 qdelay_c_ms=2.11477 ecn_mark=1461 drop=0
[QUEUE_STATS] t_ms=25328 q_pkts=3 q_bytes=4512 qdelay_l_ms=0.963277 qdelay_c_ms=0.978055 ecn_mark=1463 drop=0
[QUEUE_STATS] t_ms=25344 q_pkts=4 q_bytes=6016 qdelay_l_ms=1.08608 qdelay_c_ms=2.12052 ecn_mark=1463 drop=0
[QUEUE_STATS] t_ms=25360 q_pkts=2 q_bytes=3008 qdelay_l_ms=0.82613 qdelay_c_ms=1.62068 ecn_mark=1464 drop=0
[QUEUE_STATS] t_ms=25376 q_pkts=5 q_bytes=7520 qdelay_l_ms=1.06787 qdelay_c_ms=1.05598 ecn_mark=1464 drop=0
[QUEUE_STATS] t_ms=25392 q_pkts=3 q_bytes=4512 qdelay_l_ms=1.09776 qdelay_c_ms=1.09176 ecn_mark=1466 drop=0
[QUEUE_STATS] t_ms=25409 q_pkts=3 q_bytes=4512 qdelay_l_ms=1.06682 qdelay_c_ms=1.0783 ecn_mark=1467 drop=0
[QUEUE_STATS] t_ms=25424 q_pkts=2 q_bytes=3008 qdelay_l_ms=0 qdelay_c_ms=1.06632 ecn_mark=1467 drop=0
[QUEUE_STATS] t_ms=25440 q_pkts=3 q_bytes=4512 qdelay_l_ms=1.09781 qdelay_c_ms=1.0915 ecn_mark=1467 drop=0
[QUEUE_STATS] t_ms=25456 q_pkts=4 q_bytes=6016 qdelay_l_ms=1.10143 qdelay_c_ms=1.09345 ecn_mark=1469 drop=0
[QUEUE_STATS] t_ms=25472 q_pkts=5 q_bytes=7520 qdelay_l_ms=1.08333 qdelay_c_ms=1.07862 ecn_mark=1470 drop=0
[QUEUE_STATS] t_ms=25488 q_pkts=8 q_bytes=12032 qdelay_l_ms=1.0699 qdelay_c_ms=1.06172 ecn_mark=1470 drop=0
[QUEUE_STATS] t_ms=25504 q_pkts=6 q_bytes=9024 qdelay_l_ms=1.07022 qdelay_c_ms=2.18236 ecn_mark=1470 drop=0
[QUEUE_STATS] t_ms=25520 q_pkts=5 q_bytes=7520 qdelay_l_ms=1.06549 qdelay_c_ms=2.13406 ecn_mark=1471 drop=0
[QUEUE_STATS] t_ms=25536 q_pkts=6 q_bytes=9024 qdelay_l_ms=1.07326 qdelay_c_ms=1.063 ecn_mark=1473 drop=0
[QUEUE_STATS] t_ms=25552 q_pkts=3 q_bytes=4512 qdelay_l_ms=0.025367 qdelay_c_ms=0.019085 ecn_mark=1473 drop=0
[QUEUE_STATS] t_ms=25568 q_pkts=3 q_bytes=4512 qdelay_l_ms=1.07886 qdelay_c_ms=1.10296 ecn_mark=1474 drop=0
[QUEUE_STATS] t_ms=25584 q_pkts=3 q_bytes=4512 qdelay_l_ms=1.09616 qdelay_c_ms=1.08944 ecn_mark=1476 drop=0
[QUEUE_STATS] t_ms=25600 q_pkts=6 q_bytes=9024 qdelay_l_ms=1.11701 qdelay_c_ms=1.10995 ecn_mark=1476 drop=0
[QUEUE_STATS] t_ms=25616 q_pkts=0 q_bytes=0 qdelay_l_ms=0 qdelay_c_ms=0 ecn_mark=1478 drop=0
[QUEUE_STATS] t_ms=25633 q_pkts=1 q_bytes=1504 qdelay_l_ms=1.09257 qdelay_c_ms=0 ecn_mark=1479 drop=0
[QUEUE_STATS] t_ms=25648 q_pkts=2 q_bytes=3008 qdelay_l_ms=0 qdelay_c_ms=1.06633 ecn_mark=1480 drop=0
[QUEUE_STATS] t_ms=25664 q_pkts=6 q_bytes=9024 qdelay_l_ms=1.03501 qdelay_c_ms=1.02961 ecn_mark=1480 drop=0
[QUEUE_STATS] t_ms=25680 q_pkts=0 q_bytes=0 qdelay_l_ms=0 qdelay_c_ms=0 ecn_mark=1485 drop=0
[QUEUE_STATS] t_ms=25696 q_pkts=5 q_bytes=7520 qdelay_l_ms=1.06748 qdelay_c_ms=2.20681 ecn_mark=1485 drop=0
[QUEUE_STATS] t_ms=25712 q_pkts=5 q_bytes=7520 qdelay_l_ms=1.07275 qdelay_c_ms=1.06521 ecn_mark=1485 drop=0
[QUEUE_STATS] t_ms=25728 q_pkts=4 q_bytes=6016 qdelay_l_ms=1.11698 qdelay_c_ms=1.10677 ecn_mark=1485 drop=0
[QUEUE_STATS] t_ms=25744 q_pkts=5 q_bytes=7520 qdelay_l_ms=1.10903 qdelay_c_ms=1.88142 ecn_mark=1488 drop=0
[QUEUE_STATS] t_ms=25761 q_pkts=6 q_bytes=9024 qdelay_l_ms=1.08993 qdelay_c_ms=1.08452 ecn_mark=1488 drop=0
[QUEUE_STATS] t_ms=25776 q_pkts=0 q_bytes=0 qdelay_l_ms=0 qdelay_c_ms=0 ecn_mark=1489 drop=0
[QUEUE_STATS] t_ms=25792 q_pkts=5 q_bytes=7520 qdelay_l_ms=1.09688 qdelay_c_ms=1.09054 ecn_mark=1490 drop=0
[QUEUE_STATS] t_ms=25809 q_pkts=5 q_bytes=7520 qdelay_l_ms=1.11523 qdelay_c_ms=1.10347 ecn_mark=1491 drop=0
[QUEUE_STATS] t_ms=25824 q_pkts=3 q_bytes=4512 qdelay_l_ms=0.024365 qdelay_c_ms=0.019065 ecn_mark=1491 drop=0
[QUEUE_STATS] t_ms=25840 q_pkts=4 q_bytes=6016 qdelay_l_ms=1.04208 qdelay_c_ms=1.05862 ecn_mark=1491 drop=0
[QUEUE_STATS] t_ms=25856 q_pkts=2 q_bytes=3008 qdelay_l_ms=0 qdelay_c_ms=0.043912 ecn_mark=1493 drop=0
[QUEUE_STATS] t_ms=25872 q_pkts=4 q_bytes=6016 qdelay_l_ms=1.12163 qdelay_c_ms=1.11011 ecn_mark=1494 drop=0
[QUEUE_STATS] t_ms=25888 q_pkts=4 q_bytes=6016 qdelay_l_ms=1.08498 qdelay_c_ms=1.07832 ecn_mark=1494 drop=0
[QUEUE_STATS] t_ms=25904 q_pkts=2 q_bytes=3008 qdelay_l_ms=0.814768 qdelay_c_ms=0.808076 ecn_mark=1494 drop=0
[QUEUE_STATS] t_ms=25920 q_pkts=7 q_bytes=10528 qdelay_l_ms=1.07634 qdelay_c_ms=3.00895 ecn_mark=1495 drop=0
[QUEUE_STATS] t_ms=25936 q_pkts=7 q_bytes=10528 qdelay_l_ms=1.08694 qdelay_c_ms=1.12002 ecn_mark=1495 drop=0
[QUEUE_STATS] t_ms=25952 q_pkts=7 q_bytes=10528 qdelay_l_ms=1.08716 qdelay_c_ms=1.08113 ecn_mark=1496 drop=0
[QUEUE_STATS] t_ms=25968 q_pkts=4 q_bytes=6016 qdelay_l_ms=0 qdelay_c_ms=2.34545 ecn_mark=1497 drop=0
[QUEUE_STATS] t_ms=25985 q_pkts=5 q_bytes=7520 qdelay_l_ms=1.0775 qdelay_c_ms=1.86754 ecn_mark=1498 drop=0
[QUEUE_STATS] t_ms=26000 q_pkts=0 q_bytes=0 qdelay_l_ms=0 qdelay_c_ms=0 ecn_mark=1499 drop=0
[QUEUE_STATS] t_ms=26016 q_pkts=3 q_bytes=4512 qdelay_l_ms=0 qdelay_c_ms=1.15499 ecn_mark=1499 drop=0
[QUEUE_STATS] t_ms=26032 q_pkts=2 q_bytes=3008 qdelay_l_ms=1.09724 qdelay_c_ms=0 ecn_mark=1499 drop=0
[QUEUE_STATS] t_ms=26048 q_pkts=4 q_bytes=6016 qdelay_l_ms=1.09373 qdelay_c_ms=1.0872 ecn_mark=1499 drop=0
[QUEUE_STATS] t_ms=26064 q_pkts=4 q_bytes=6016 qdelay_l_ms=1.08077 qdelay_c_ms=1.07525 ecn_mark=1500 drop=0
[QUEUE_STATS] t_ms=26080 q_pkts=5 q_bytes=7520 qdelay_l_ms=0.814758 qdelay_c_ms=1.93 ecn_mark=1501 drop=0
[QUEUE_STATS] t_ms=26096 q_pkts=4 q_bytes=6016 qdelay_l_ms=1.07848 qdelay_c_ms=1.10806 ecn_mark=1501 drop=0
[QUEUE_STATS] t_ms=26112 q_pkts=4 q_bytes=6016 qdelay_l_ms=1.07321 qdelay_c_ms=1.06579 ecn_mark=1503 drop=0
[QUEUE_STATS] t_ms=26128 q_pkts=5 q_bytes=7520 qdelay_l_ms=1.08403 qdelay_c_ms=1.07717 ecn_mark=1503 drop=0
[QUEUE_STATS] t_ms=26144 q_pkts=7 q_bytes=10528 qdelay_l_ms=1.077 qdelay_c_ms=1.72263 ecn_mark=1504 drop=0
[QUEUE_STATS] t_ms=26161 q_pkts=5 q_bytes=7520 qdelay_l_ms=1.08378 qdelay_c_ms=2.21821 ecn_mark=1505 drop=0
[QUEUE_STATS] t_ms=26177 q_pkts=7 q_bytes=10528 qdelay_l_ms=1.08093 qdelay_c_ms=2.22265 ecn_mark=1505 drop=0
[QUEUE_STATS] t_ms=26192 q_pkts=9 q_bytes=13536 qdelay_l_ms=0 qdelay_c_ms=1.77649 ecn_mark=1505 drop=0
[QUEUE_STATS] t_ms=26208 q_pkts=4 q_bytes=6016 qdelay_l_ms=1.07681 qdelay_c_ms=1.07142 ecn_mark=1505 drop=0
[QUEUE_STATS] t_ms=26225 q_pkts=5 q_bytes=7520 qdelay_l_ms=1.05931 qdelay_c_ms=2.21074 ecn_mark=1506 drop=0
[QUEUE_STATS] t_ms=26240 q_pkts=8 q_bytes=12032 qdelay_l_ms=1.09672 qdelay_c_ms=1.09041 ecn_mark=1506 drop=0
[QUEUE_STATS] t_ms=26256 q_pkts=1 q_bytes=1504 qdelay_l_ms=1.06186 qdelay_c_ms=0 ecn_mark=1507 drop=0
[QUEUE_STATS] t_ms=26272 q_pkts=6 q_bytes=9024 qdelay_l_ms=1.11392 qdelay_c_ms=1.62214 ecn_mark=1508 drop=0
[QUEUE_STATS] t_ms=26288 q_pkts=7 q_bytes=10528 qdelay_l_ms=1.09727 qdelay_c_ms=1.09188 ecn_mark=1511 drop=0
[QUEUE_STATS] t_ms=26304 q_pkts=5 q_bytes=7520 qdelay_l_ms=1.10065 qdelay_c_ms=1.09392 ecn_mark=1512 drop=0
[QUEUE_STATS] t_ms=26320 q_pkts=3 q_bytes=4512 qdelay_l_ms=0.050385 qdelay_c_ms=0.040276 ecn_mark=1512 drop=0
[QUEUE_STATS] t_ms=26336 q_pkts=5 q_bytes=7520 qdelay_l_ms=1.04549 qdelay_c_ms=2.2131 ecn_mark=1512 drop=0
[QUEUE_STATS] t_ms=26353 q_pkts=5 q_bytes=7520 qdelay_l_ms=1.05721 qdelay_c_ms=2.21406 ecn_mark=1513 drop=0
[QUEUE_STATS] t_ms=26368 q_pkts=6 q_bytes=9024 qdelay_l_ms=1.07549 qdelay_c_ms=2.22153 ecn_mark=1515 drop=0
[QUEUE_STATS] t_ms=26384 q_pkts=2 q_bytes=3008 qdelay_l_ms=0.849224 qdelay_c_ms=0.856217 ecn_mark=1516 drop=0
[QUEUE_STATS] t_ms=26400 q_pkts=5 q_bytes=7520 qdelay_l_ms=1.06323 qdelay_c_ms=2.1572 ecn_mark=1516 drop=0
[QUEUE_STATS] t_ms=26416 q_pkts=7 q_bytes=10528 qdelay_l_ms=1.04086 qdelay_c_ms=2.15417 ecn_mark=1517 drop=0
[QUEUE_STATS] t_ms=26432 q_pkts=5 q_bytes=7520 qdelay_l_ms=1.08511 qdelay_c_ms=1.07972 ecn_mark=1518 drop=0
[QUEUE_STATS] t_ms=26448 q_pkts=5 q_bytes=7520 qdelay_l_ms=1.05176 qdelay_c_ms=2.14589 ecn_mark=1519 drop=0
[QUEUE_STATS] t_ms=26464 q_pkts=6 q_bytes=9024 qdelay_l_ms=1.09763 qdelay_c_ms=3.2399 ecn_mark=1519 drop=0
[QUEUE_STATS] t_ms=26480 q_pkts=5 q_bytes=7520 qdelay_l_ms=1.07467 qdelay_c_ms=1.06933 ecn_mark=1520 drop=0
[QUEUE_STATS] t_ms=26496 q_pkts=5 q_bytes=7520 qdelay_l_ms=1.05185 qdelay_c_ms=1.04515 ecn_mark=1522 drop=0
[QUEUE_STATS] t_ms=26512 q_pkts=5 q_bytes=7520 qdelay_l_ms=0 qdelay_c_ms=2.59763 ecn_mark=1523 drop=0
[QUEUE_STATS] t_ms=26529 q_pkts=4 q_bytes=6016 qdelay_l_ms=1.10303 qdelay_c_ms=1.8946 ecn_mark=1523 drop=0
[QUEUE_STATS] t_ms=26544 q_pkts=4 q_bytes=6016 qdelay_l_ms=1.05368 qdelay_c_ms=1.0476 ecn_mark=1523 drop=0
[QUEUE_STATS] t_ms=26560 q_pkts=5 q_bytes=7520 qdelay_l_ms=1.0616 qdelay_c_ms=2.21874 ecn_mark=1524 drop=0
[QUEUE_STATS] t_ms=26576 q_pkts=9 q_bytes=13536 qdelay_l_ms=1.04049 qdelay_c_ms=2.96841 ecn_mark=1525 drop=0
[QUEUE_STATS] t_ms=26592 q_pkts=3 q_bytes=4512 qdelay_l_ms=0 qdelay_c_ms=1.16748 ecn_mark=1527 drop=0
[QUEUE_STATS] t_ms=26608 q_pkts=4 q_bytes=6016 qdelay_l_ms=0.487514 qdelay_c_ms=0.480621 ecn_mark=1528 drop=0
[QUEUE_STATS] t_ms=26624 q_pkts=6 q_bytes=9024 qdelay_l_ms=1.09062 qdelay_c_ms=1.83656 ecn_mark=1528 drop=0
[QUEUE_STATS] t_ms=26640 q_pkts=6 q_bytes=9024 qdelay_l_ms=0.702889 qdelay_c_ms=1.83353 ecn_mark=1528 drop=0
[QUEUE_STATS] t_ms=26656 q_pkts=5 q_bytes=7520 qdelay_l_ms=1.07866 qdelay_c_ms=1.82949 ecn_mark=1530 drop=0
[QUEUE_STATS] t_ms=26672 q_pkts=6 q_bytes=9024 qdelay_l_ms=0.772289 qdelay_c_ms=1.91663 ecn_mark=1530 drop=0
[QUEUE_STATS] t_ms=26688 q_pkts=7 q_bytes=10528 qdelay_l_ms=1.10594 qdelay_c_ms=2.12988 ecn_mark=1531 drop=0
[QUEUE_STATS] t_ms=26705 q_pkts=4 q_bytes=6016 qdelay_l_ms=1.02125 qdelay_c_ms=2.17809 ecn_mark=1532 drop=0
[QUEUE_STATS] t_ms=26720 q_pkts=7 q_bytes=10528 qdelay_l_ms=1.11757 qdelay_c_ms=1.86047 ecn_mark=1533 drop=0
[QUEUE_STATS] t_ms=26736 q_pkts=6 q_bytes=9024 qdelay_l_ms=1.01766 qdelay_c_ms=2.16633 ecn_mark=1536 drop=0
[QUEUE_STATS] t_ms=26752 q_pkts=5 q_bytes=7520 qdelay_l_ms=1.02373 qdelay_c_ms=2.1793 ecn_mark=1536 drop=0
[QUEUE_STATS] t_ms=26768 q_pkts=4 q_bytes=6016 qdelay_l_ms=0.045115 qdelay_c_ms=0.038032 ecn_mark=1537 drop=0
[QUEUE_STATS] t_ms=26784 q_pkts=5 q_bytes=7520 qdelay_l_ms=1.08292 qdelay_c_ms=2.15857 ecn_mark=1538 drop=0
[QUEUE_STATS] t_ms=26800 q_pkts=6 q_bytes=9024 qdelay_l_ms=1.0696 qdelay_c_ms=2.09918 ecn_mark=1538 drop=0
[QUEUE_STATS] t_ms=26816 q_pkts=4 q_bytes=6016 qdelay_l_ms=1.12303 qdelay_c_ms=1.11113 ecn_mark=1538 drop=0
[QUEUE_STATS] t_ms=26832 q_pkts=6 q_bytes=9024 qdelay_l_ms=1.04655 qdelay_c_ms=2.06518 ecn_mark=1539 drop=0
[QUEUE_STATS] t_ms=26848 q_pkts=3 q_bytes=4512 qdelay_l_ms=0.019246 qdelay_c_ms=1.18807 ecn_mark=1541 drop=0
[QUEUE_STATS] t_ms=26864 q_pkts=5 q_bytes=7520 qdelay_l_ms=1.06632 qdelay_c_ms=2.18621 ecn_mark=1543 drop=0
[QUEUE_STATS] t_ms=26880 q_pkts=7 q_bytes=10528 qdelay_l_ms=1.02286 qdelay_c_ms=2.203 ecn_mark=1544 drop=0
[QUEUE_STATS] t_ms=26896 q_pkts=6 q_bytes=9024 qdelay_l_ms=1.002 qdelay_c_ms=2.17492 ecn_mark=1545 drop=0
[QUEUE_STATS] t_ms=26912 q_pkts=6 q_bytes=9024 qdelay_l_ms=1.10314 qdelay_c_ms=2.18574 ecn_mark=1547 drop=0
[QUEUE_STATS] t_ms=26928 q_pkts=7 q_bytes=10528 qdelay_l_ms=1.10769 qdelay_c_ms=1.82779 ecn_mark=1548 drop=0
[QUEUE_STATS] t_ms=26944 q_pkts=5 q_bytes=7520 qdelay_l_ms=1.07756 qdelay_c_ms=1.79637 ecn_mark=1549 drop=0
[QUEUE_STATS] t_ms=26960 q_pkts=5 q_bytes=7520 qdelay_l_ms=1.07893 qdelay_c_ms=1.42801 ecn_mark=1551 drop=0
[QUEUE_STATS] t_ms=26976 q_pkts=9 q_bytes=13536 qdelay_l_ms=1.07418 qdelay_c_ms=3.25192 ecn_mark=1552 drop=0
[QUEUE_STATS] t_ms=26992 q_pkts=5 q_bytes=7520 qdelay_l_ms=1.07889 qdelay_c_ms=1.8569 ecn_mark=1553 drop=0
[QUEUE_STATS] t_ms=27008 q_pkts=2 q_bytes=3008 qdelay_l_ms=1.08631 qdelay_c_ms=1.09326 ecn_mark=1555 drop=0
[QUEUE_STATS] t_ms=27024 q_pkts=3 q_bytes=4512 qdelay_l_ms=1.0635 qdelay_c_ms=1.0573 ecn_mark=1557 drop=0
[QUEUE_STATS] t_ms=27040 q_pkts=5 q_bytes=7520 qdelay_l_ms=1.06719 qdelay_c_ms=2.18291 ecn_mark=1558 drop=0
[QUEUE_STATS] t_ms=27056 q_pkts=2 q_bytes=3008 qdelay_l_ms=0.032942 qdelay_c_ms=0.025838 ecn_mark=1559 drop=0
[QUEUE_STATS] t_ms=27072 q_pkts=4 q_bytes=6016 qdelay_l_ms=1.07873 qdelay_c_ms=1.07263 ecn_mark=1560 drop=0
[QUEUE_STATS] t_ms=27088 q_pkts=1 q_bytes=1504 qdelay_l_ms=1.054 qdelay_c_ms=0 ecn_mark=1560 drop=0
[QUEUE_STATS] t_ms=27105 q_pkts=4 q_bytes=6016 qdelay_l_ms=1.09533 qdelay_c_ms=1.08807 ecn_mark=1561 drop=0
[QUEUE_STATS] t_ms=27120 q_pkts=4 q_bytes=6016 qdelay_l_ms=1.08153 qdelay_c_ms=1.076 ecn_mark=1562 drop=0
[QUEUE_STATS] t_ms=27136 q_pkts=0 q_bytes=0 qdelay_l_ms=0 qdelay_c_ms=0 ecn_mark=1563 drop=0
[QUEUE_STATS] t_ms=27152 q_pkts=4 q_bytes=6016 qdelay_l_ms=1.10738 qdelay_c_ms=1.09606 ecn_mark=1565 drop=0
[QUEUE_STATS] t_ms=27169 q_pkts=4 q_bytes=6016 qdelay_l_ms=1.06992 qdelay_c_ms=2.21236 ecn_mark=1567 drop=0
[QUEUE_STATS] t_ms=27184 q_pkts=5 q_bytes=7520 qdelay_l_ms=1.08423 qdelay_c_ms=1.07812 ecn_mark=1568 drop=0
[QUEUE_STATS] t_ms=27200 q_pkts=4 q_bytes=6016 qdelay_l_ms=1.01612 qdelay_c_ms=2.16896 ecn_mark=1568 drop=0
[QUEUE_STATS] t_ms=27217 q_pkts=4 q_bytes=6016 qdelay_l_ms=1.08671 qdelay_c_ms=1.08054 ecn_mark=1572 drop=0
[QUEUE_STATS] t_ms=27232 q_pkts=5 q_bytes=7520 qdelay_l_ms=1.10382 qdelay_c_ms=2.15958 ecn_mark=1572 drop=0
[QUEUE_STATS] t_ms=27249 q_pkts=2 q_bytes=3008 qdelay_l_ms=1.08738 qdelay_c_ms=0 ecn_mark=1573 drop=0
[QUEUE_STATS] t_ms=27264 q_pkts=5 q_bytes=7520 qdelay_l_ms=1.04397 qdelay_c_ms=2.18014 ecn_mark=1574 drop=0
[QUEUE_STATS] t_ms=27280 q_pkts=4 q_bytes=6016 qdelay_l_ms=1.10277 qdelay_c_ms=1.09613 ecn_mark=1574 drop=0
[QUEUE_STATS] t_ms=27296 q_pkts=5 q_bytes=7520 qdelay_l_ms=1.06601 qdelay_c_ms=1.09803 ecn_mark=1574 drop=0
[QUEUE_STATS] t_ms=27312 q_pkts=2 q_bytes=3008 qdelay_l_ms=1.03462 qdelay_c_ms=2.18766 ecn_mark=1574 drop=0
[QUEUE_STATS] t_ms=27328 q_pkts=5 q_bytes=7520 qdelay_l_ms=1.00964 qdelay_c_ms=1.03155 ecn_mark=1574 drop=0
[QUEUE_STATS] t_ms=27344 q_pkts=2 q_bytes=3008 qdelay_l_ms=0.030968 qdelay_c_ms=0.024255 ecn_mark=1577 drop=0
[QUEUE_STATS] t_ms=27360 q_pkts=4 q_bytes=6016 qdelay_l_ms=0 qdelay_c_ms=1.5201 ecn_mark=1577 drop=0
[QUEUE_STATS] t_ms=27377 q_pkts=2 q_bytes=3008 qdelay_l_ms=1.08449 qdelay_c_ms=1.0913 ecn_mark=1577 drop=0
[QUEUE_STATS] t_ms=27392 q_pkts=6 q_bytes=9024 qdelay_l_ms=1.05387 qdelay_c_ms=2.19473 ecn_mark=1578 drop=0
[QUEUE_STATS] t_ms=27408 q_pkts=7 q_bytes=10528 qdelay_l_ms=1.09232 qdelay_c_ms=2.16162 ecn_mark=1578 drop=0
[QUEUE_STATS] t_ms=27425 q_pkts=3 q_bytes=4512 qdelay_l_ms=1.09634 qdelay_c_ms=1.85937 ecn_mark=1580 drop=0
[QUEUE_STATS] t_ms=27440 q_pkts=2 q_bytes=3008 qdelay_l_ms=0.743635 qdelay_c_ms=0 ecn_mark=1582 drop=0
[QUEUE_STATS] t_ms=27456 q_pkts=7 q_bytes=10528 qdelay_l_ms=1.08689 qdelay_c_ms=2.1585 ecn_mark=1583 drop=0
[QUEUE_STATS] t_ms=27472 q_pkts=3 q_bytes=4512 qdelay_l_ms=1.06709 qdelay_c_ms=1.07809 ecn_mark=1584 drop=0
[QUEUE_STATS] t_ms=27488 q_pkts=6 q_bytes=9024 qdelay_l_ms=1.11281 qdelay_c_ms=1.8256 ecn_mark=1585 drop=0
[QUEUE_STATS] t_ms=27504 q_pkts=1 q_bytes=1504 qdelay_l_ms=1.09049 qdelay_c_ms=0 ecn_mark=1587 drop=0
[QUEUE_STATS] t_ms=27520 q_pkts=4 q_bytes=6016 qdelay_l_ms=1.05082 qdelay_c_ms=1.08542 ecn_mark=1589 drop=0
[QUEUE_STATS] t_ms=27536 q_pkts=5 q_bytes=7520 qdelay_l_ms=1.10189 qdelay_c_ms=1.09099 ecn_mark=1592 drop=0
[QUEUE_STATS] t_ms=27552 q_pkts=4 q_bytes=6016 qdelay_l_ms=1.11218 qdelay_c_ms=1.10244 ecn_mark=1595 drop=0
[QUEUE_STATS] t_ms=27568 q_pkts=5 q_bytes=7520 qdelay_l_ms=1.07766 qdelay_c_ms=1.1275 ecn_mark=1597 drop=0
[QUEUE_STATS] t_ms=27584 q_pkts=7 q_bytes=10528 qdelay_l_ms=0.7779 qdelay_c_ms=1.86942 ecn_mark=1599 drop=0
[QUEUE_STATS] t_ms=27600 q_pkts=4 q_bytes=6016 qdelay_l_ms=1.08725 qdelay_c_ms=1.07287 ecn_mark=1601 drop=0
[QUEUE_STATS] t_ms=27616 q_pkts=2 q_bytes=3008 qdelay_l_ms=0 qdelay_c_ms=1.0911 ecn_mark=1602 drop=0
[QUEUE_STATS] t_ms=27633 q_pkts=3 q_bytes=4512 qdelay_l_ms=1.08174 qdelay_c_ms=1.10651 ecn_mark=1602 drop=0
[QUEUE_STATS] t_ms=27649 q_pkts=3 q_bytes=4512 qdelay_l_ms=1.06644 qdelay_c_ms=1.07792 ecn_mark=1602 drop=0
[QUEUE_STATS] t_ms=27664 q_pkts=3 q_bytes=4512 qdelay_l_ms=1.07237 qdelay_c_ms=1.06616 ecn_mark=1602 drop=0
[QUEUE_STATS] t_ms=27680 q_pkts=5 q_bytes=7520 qdelay_l_ms=1.05842 qdelay_c_ms=1.05199 ecn_mark=1603 drop=0
[QUEUE_STATS] t_ms=27696 q_pkts=2 q_bytes=3008 qdelay_l_ms=1.0871 qdelay_c_ms=1.09408 ecn_mark=1603 drop=0
[QUEUE_STATS] t_ms=27712 q_pkts=5 q_bytes=7520 qdelay_l_ms=1.09786 qdelay_c_ms=1.09119 ecn_mark=1605 drop=0
[QUEUE_STATS] t_ms=27728 q_pkts=0 q_bytes=0 qdelay_l_ms=0 qdelay_c_ms=0 ecn_mark=1607 drop=0
[QUEUE_STATS] t_ms=27744 q_pkts=8 q_bytes=12032 qdelay_l_ms=1.07737 qdelay_c_ms=3.26511 ecn_mark=1608 drop=0
[QUEUE_STATS] t_ms=27760 q_pkts=1 q_bytes=1504 qdelay_l_ms=0 qdelay_c_ms=2.14346 ecn_mark=1609 drop=0
[QUEUE_STATS] t_ms=27777 q_pkts=5 q_bytes=7520 qdelay_l_ms=1.06606 qdelay_c_ms=1.08945 ecn_mark=1610 drop=0
[QUEUE_STATS] t_ms=27792 q_pkts=6 q_bytes=9024 qdelay_l_ms=1.07589 qdelay_c_ms=2.14277 ecn_mark=1610 drop=0
[QUEUE_STATS] t_ms=27808 q_pkts=2 q_bytes=3008 qdelay_l_ms=0.018305 qdelay_c_ms=0.013005 ecn_mark=1611 drop=0
[QUEUE_STATS] t_ms=27824 q_pkts=3 q_bytes=4512 qdelay_l_ms=1.06651 qdelay_c_ms=1.08627 ecn_mark=1612 drop=0
[QUEUE_STATS] t_ms=27840 q_pkts=6 q_bytes=9024 qdelay_l_ms=1.13213 qdelay_c_ms=1.11991 ecn_mark=1613 drop=0
[QUEUE_STATS] t_ms=27857 q_pkts=2 q_bytes=3008 qdelay_l_ms=1.05909 qdelay_c_ms=2.23851 ecn_mark=1614 drop=0
[QUEUE_STATS] t_ms=27872 q_pkts=0 q_bytes=0 qdelay_l_ms=0 qdelay_c_ms=0 ecn_mark=1614 drop=0
[QUEUE_STATS] t_ms=27888 q_pkts=3 q_bytes=4512 qdelay_l_ms=0.786255 qdelay_c_ms=0.781296 ecn_mark=1617 drop=0
[QUEUE_STATS] t_ms=27904 q_pkts=4 q_bytes=6016 qdelay_l_ms=1.06966 qdelay_c_ms=1.08495 ecn_mark=1619 drop=0
[QUEUE_STATS] t_ms=27920 q_pkts=1 q_bytes=1504 qdelay_l_ms=0.779192 qdelay_c_ms=0 ecn_mark=1620 drop=0
[QUEUE_STATS] t_ms=27937 q_pkts=3 q_bytes=4512 qdelay_l_ms=1.07898 qdelay_c_ms=1.10352 ecn_mark=1622 drop=0
[QUEUE_STATS] t_ms=27952 q_pkts=3 q_bytes=4512 qdelay_l_ms=1.06255 qdelay_c_ms=1.08808 ecn_mark=1622 drop=0
[QUEUE_STATS] t_ms=27968 q_pkts=4 q_bytes=6016 qdelay_l_ms=1.06309 qdelay_c_ms=2.21156 ecn_mark=1623 drop=0
[QUEUE_STATS] t_ms=27985 q_pkts=1 q_bytes=1504 qdelay_l_ms=1.06111 qdelay_c_ms=0 ecn_mark=1623 drop=0
[QUEUE_STATS] t_ms=28000 q_pkts=0 q_bytes=0 qdelay_l_ms=0 qdelay_c_ms=0 ecn_mark=1624 drop=0
[QUEUE_STATS] t_ms=28016 q_pkts=7 q_bytes=10528 qdelay_l_ms=0 qdelay_c_ms=2.15321 ecn_mark=1626 drop=0
[QUEUE_STATS] t_ms=28032 q_pkts=4 q_bytes=6016 qdelay_l_ms=1.0875 qdelay_c_ms=1.82875 ecn_mark=1628 drop=0
[QUEUE_STATS] t_ms=28048 q_pkts=3 q_bytes=4512 qdelay_l_ms=1.07708 qdelay_c_ms=1.09891 ecn_mark=1630 drop=0
[QUEUE_STATS] t_ms=28064 q_pkts=4 q_bytes=6016 qdelay_l_ms=1.07307 qdelay_c_ms=2.21757 ecn_mark=1630 drop=0
[QUEUE_STATS] t_ms=28080 q_pkts=2 q_bytes=3008 qdelay_l_ms=1.09353 qdelay_c_ms=1.0869 ecn_mark=1632 drop=0
[QUEUE_STATS] t_ms=28096 q_pkts=5 q_bytes=7520 qdelay_l_ms=1.10902 qdelay_c_ms=1.10202 ecn_mark=1634 drop=0
[QUEUE_STATS] t_ms=28112 q_pkts=4 q_bytes=6016 qdelay_l_ms=1.08795 qdelay_c_ms=1.08168 ecn_mark=1636 drop=0
[QUEUE_STATS] t_ms=28128 q_pkts=3 q_bytes=4512 qdelay_l_ms=1.06733 qdelay_c_ms=1.07783 ecn_mark=1636 drop=0
[QUEUE_STATS] t_ms=28144 q_pkts=1 q_bytes=1504 qdelay_l_ms=0 qdelay_c_ms=1.56486 ecn_mark=1636 drop=0
[QUEUE_STATS] t_ms=28160 q_pkts=4 q_bytes=6016 qdelay_l_ms=1.11258 qdelay_c_ms=1.09947 ecn_mark=1636 drop=0
[QUEUE_STATS] t_ms=28176 q_pkts=6 q_bytes=9024 qdelay_l_ms=1.12992 qdelay_c_ms=1.11859 ecn_mark=1636 drop=0
[QUEUE_STATS] t_ms=28192 q_pkts=1 q_bytes=1504 qdelay_l_ms=0 qdelay_c_ms=1.1448 ecn_mark=1636 drop=0
[QUEUE_STATS] t_ms=28208 q_pkts=6 q_bytes=9024 qdelay_l_ms=0 qdelay_c_ms=1.0534 ecn_mark=1636 drop=0
[QUEUE_STATS] t_ms=28224 q_pkts=4 q_bytes=6016 qdelay_l_ms=1.10008 qdelay_c_ms=1.86363 ecn_mark=1637 drop=0
[QUEUE_STATS] t_ms=28240 q_pkts=5 q_bytes=7520 qdelay_l_ms=1.07545 qdelay_c_ms=1.10485 ecn_mark=1637 drop=0
[QUEUE_STATS] t_ms=28256 q_pkts=3 q_bytes=4512 qdelay_l_ms=0.812365 qdelay_c_ms=1.89714 ecn_mark=1637 drop=0
[QUEUE_STATS] t_ms=28273 q_pkts=4 q_bytes=6016 qdelay_l_ms=1.08933 qdelay_c_ms=1.83607 ecn_mark=1639 drop=0
[QUEUE_STATS] t_ms=28288 q_pkts=4 q_bytes=6016 qdelay_l_ms=1.06305 qdelay_c_ms=1.08727 ecn_mark=1640 drop=0
[QUEUE_STATS] t_ms=28304 q_pkts=8 q_bytes=12032 qdelay_l_ms=1.03224 qdelay_c_ms=1.0462 ecn_mark=1640 drop=0
[QUEUE_STATS] t_ms=28320 q_pkts=0 q_bytes=0 qdelay_l_ms=0 qdelay_c_ms=0 ecn_mark=1643 drop=0
[QUEUE_STATS] t_ms=28336 q_pkts=1 q_bytes=1504 qdelay_l_ms=0 qdelay_c_ms=1.17433 ecn_mark=1643 drop=0
[QUEUE_STATS] t_ms=28352 q_pkts=7 q_bytes=10528 qdelay_l_ms=1.04687 qdelay_c_ms=2.17177 ecn_mark=1643 drop=0
[QUEUE_STATS] t_ms=28368 q_pkts=0 q_bytes=0 qdelay_l_ms=0 qdelay_c_ms=0 ecn_mark=1643 drop=0
[QUEUE_STATS] t_ms=28384 q_pkts=4 q_bytes=6016 qdelay_l_ms=1.05964 qdelay_c_ms=2.1441 ecn_mark=1645 drop=0
[QUEUE_STATS] t_ms=28400 q_pkts=5 q_bytes=7520 qdelay_l_ms=1.05998 qdelay_c_ms=1.79456 ecn_mark=1645 drop=0
[QUEUE_STATS] t_ms=28417 q_pkts=4 q_bytes=6016 qdelay_l_ms=1.07211 qdelay_c_ms=1.06626 ecn_mark=1646 drop=0
[QUEUE_STATS] t_ms=28432 q_pkts=5 q_bytes=7520 qdelay_l_ms=1.0613 qdelay_c_ms=1.05607 ecn_mark=1647 drop=0
[QUEUE_STATS] t_ms=28449 q_pkts=4 q_bytes=6016 qdelay_l_ms=1.07975 qdelay_c_ms=1.0748 ecn_mark=1647 drop=0
[QUEUE_STATS] t_ms=28464 q_pkts=3 q_bytes=4512 qdelay_l_ms=1.06101 qdelay_c_ms=1.08116 ecn_mark=1649 drop=0
[QUEUE_STATS] t_ms=28480 q_pkts=7 q_bytes=10528 qdelay_l_ms=1.0614 qdelay_c_ms=2.15986 ecn_mark=1651 drop=0
[QUEUE_STATS] t_ms=28496 q_pkts=3 q_bytes=4512 qdelay_l_ms=0.787708 qdelay_c_ms=0.798358 ecn_mark=1652 drop=0
[QUEUE_STATS] t_ms=28512 q_pkts=5 q_bytes=7520 qdelay_l_ms=1.0769 qdelay_c_ms=1.46913 ecn_mark=1652 drop=0
[QUEUE_STATS] t_ms=28528 q_pkts=7 q_bytes=10528 qdelay_l_ms=1.07901 qdelay_c_ms=2.21891 ecn_mark=1654 drop=0
[QUEUE_STATS] t_ms=28544 q_pkts=5 q_bytes=7520 qdelay_l_ms=1.0863 qdelay_c_ms=2.14737 ecn_mark=1654 drop=0
[QUEUE_STATS] t_ms=28560 q_pkts=3 q_bytes=4512 qdelay_l_ms=1.06884 qdelay_c_ms=1.06373 ecn_mark=1655 drop=0
[QUEUE_STATS] t_ms=28576 q_pkts=5 q_bytes=7520 qdelay_l_ms=1.08988 qdelay_c_ms=1.08424 ecn_mark=1656 drop=0
[QUEUE_STATS] t_ms=28592 q_pkts=7 q_bytes=10528 qdelay_l_ms=1.07812 qdelay_c_ms=2.19077 ecn_mark=1658 drop=0
[QUEUE_STATS] t_ms=28608 q_pkts=1 q_bytes=1504 qdelay_l_ms=0 qdelay_c_ms=1.14188 ecn_mark=1659 drop=0
[QUEUE_STATS] t_ms=28624 q_pkts=4 q_bytes=6016 qdelay_l_ms=1.06561 qdelay_c_ms=1.06044 ecn_mark=1659 drop=0
[QUEUE_STATS] t_ms=28640 q_pkts=6 q_bytes=9024 qdelay_l_ms=1.06906 qdelay_c_ms=2.16661 ecn_mark=1660 drop=0
[QUEUE_STATS] t_ms=28656 q_pkts=4 q_bytes=6016 qdelay_l_ms=1.10249 qdelay_c_ms=1.50206 ecn_mark=1661 drop=0
[QUEUE_STATS] t_ms=28672 q_pkts=3 q_bytes=4512 qdelay_l_ms=1.09059 qdelay_c_ms=1.83584 ecn_mark=1662 drop=0
[QUEUE_STATS] t_ms=28689 q_pkts=3 q_bytes=4512 qdelay_l_ms=1.05831 qdelay_c_ms=1.06791 ecn_mark=1663 drop=0
[QUEUE_STATS] t_ms=28704 q_pkts=5 q_bytes=7520 qdelay_l_ms=1.09614 qdelay_c_ms=2.15652 ecn_mark=1664 drop=0
[QUEUE_STATS] t_ms=28720 q_pkts=5 q_bytes=7520 qdelay_l_ms=1.11463 qdelay_c_ms=1.1038 ecn_mark=1665 drop=0
[QUEUE_STATS] t_ms=28736 q_pkts=6 q_bytes=9024 qdelay_l_ms=1.12331 qdelay_c_ms=1.88536 ecn_mark=1665 drop=0
[QUEUE_STATS] t_ms=28752 q_pkts=5 q_bytes=7520 qdelay_l_ms=1.0154 qdelay_c_ms=1.03715 ecn_mark=1665 drop=0
[QUEUE_STATS] t_ms=28768 q_pkts=7 q_bytes=10528 qdelay_l_ms=1.08896 qdelay_c_ms=2.15105 ecn_mark=1667 drop=0
[QUEUE_STATS] t_ms=28784 q_pkts=1 q_bytes=1504 qdelay_l_ms=0 qdelay_c_ms=1.15028 ecn_mark=1669 drop=0
[QUEUE_STATS] t_ms=28800 q_pkts=0 q_bytes=0 qdelay_l_ms=0 qdelay_c_ms=0 ecn_mark=1670 drop=0
[QUEUE_STATS] t_ms=28816 q_pkts=3 q_bytes=4512 qdelay_l_ms=1.04397 qdelay_c_ms=2.2007 ecn_mark=1670 drop=0
[QUEUE_STATS] t_ms=28832 q_pkts=5 q_bytes=7520 qdelay_l_ms=1.08919 qdelay_c_ms=1.07781 ecn_mark=1671 drop=0
[QUEUE_STATS] t_ms=28848 q_pkts=4 q_bytes=6016 qdelay_l_ms=1.11221 qdelay_c_ms=1.10074 ecn_mark=1673 drop=0
[QUEUE_STATS] t_ms=28864 q_pkts=0 q_bytes=0 qdelay_l_ms=0 qdelay_c_ms=0 ecn_mark=1673 drop=0
[QUEUE_STATS] t_ms=28880 q_pkts=7 q_bytes=10528 qdelay_l_ms=1.12487 qdelay_c_ms=1.11752 ecn_mark=1674 drop=0
[QUEUE_STATS] t_ms=28897 q_pkts=5 q_bytes=7520 qdelay_l_ms=1.06749 qdelay_c_ms=2.21407 ecn_mark=1675 drop=0
[QUEUE_STATS] t_ms=28912 q_pkts=4 q_bytes=6016 qdelay_l_ms=1.08038 qdelay_c_ms=1.07479 ecn_mark=1675 drop=0
[QUEUE_STATS] t_ms=28928 q_pkts=4 q_bytes=6016 qdelay_l_ms=1.06659 qdelay_c_ms=1.10193 ecn_mark=1676 drop=0
[QUEUE_STATS] t_ms=28944 q_pkts=4 q_bytes=6016 qdelay_l_ms=1.07633 qdelay_c_ms=1.07018 ecn_mark=1676 drop=0
[QUEUE_STATS] t_ms=28961 q_pkts=4 q_bytes=6016 qdelay_l_ms=1.0772 qdelay_c_ms=2.15201 ecn_mark=1677 drop=0
[QUEUE_STATS] t_ms=28976 q_pkts=6 q_bytes=9024 qdelay_l_ms=1.06251 qdelay_c_ms=2.12766 ecn_mark=1680 drop=0
[QUEUE_STATS] t_ms=28992 q_pkts=6 q_bytes=9024 qdelay_l_ms=1.04781 qdelay_c_ms=2.22872 ecn_mark=1680 drop=0
[QUEUE_STATS] t_ms=29008 q_pkts=4 q_bytes=6016 qdelay_l_ms=1.0639 qdelay_c_ms=1.05619 ecn_mark=1680 drop=0
[QUEUE_STATS] t_ms=29025 q_pkts=4 q_bytes=6016 qdelay_l_ms=1.08902 qdelay_c_ms=1.45322 ecn_mark=1682 drop=0
[QUEUE_STATS] t_ms=29040 q_pkts=5 q_bytes=7520 qdelay_l_ms=1.08794 qdelay_c_ms=2.23561 ecn_mark=1682 drop=0
[QUEUE_STATS] t_ms=29056 q_pkts=4 q_bytes=6016 qdelay_l_ms=1.07768 qdelay_c_ms=1.86097 ecn_mark=1683 drop=0
[QUEUE_STATS] t_ms=29072 q_pkts=2 q_bytes=3008 qdelay_l_ms=1.07116 qdelay_c_ms=1.07632 ecn_mark=1684 drop=0
[QUEUE_STATS] t_ms=29088 q_pkts=6 q_bytes=9024 qdelay_l_ms=1.07483 qdelay_c_ms=2.16097 ecn_mark=1684 drop=0
[QUEUE_STATS] t_ms=29104 q_pkts=5 q_bytes=7520 qdelay_l_ms=1.0798 qdelay_c_ms=1.07383 ecn_mark=1685 drop=0
[QUEUE_STATS] t_ms=29120 q_pkts=4 q_bytes=6016 qdelay_l_ms=0.040045 qdelay_c_ms=0.032972 ecn_mark=1686 drop=0
[QUEUE_STATS] t_ms=29136 q_pkts=2 q_bytes=3008 qdelay_l_ms=0 qdelay_c_ms=1.14346 ecn_mark=1687 drop=0
[QUEUE_STATS] t_ms=29153 q_pkts=6 q_bytes=9024 qdelay_l_ms=1.0909 qdelay_c_ms=1.08575 ecn_mark=1688 drop=0
[QUEUE_STATS] t_ms=29168 q_pkts=5 q_bytes=7520 qdelay_l_ms=1.06357 qdelay_c_ms=2.15524 ecn_mark=1688 drop=0
[QUEUE_STATS] t_ms=29184 q_pkts=3 q_bytes=4512 qdelay_l_ms=1.06752 qdelay_c_ms=2.19777 ecn_mark=1688 drop=0
[QUEUE_STATS] t_ms=29200 q_pkts=3 q_bytes=4512 qdelay_l_ms=1.07799 qdelay_c_ms=1.06975 ecn_mark=1688 drop=0
[QUEUE_STATS] t_ms=29216 q_pkts=5 q_bytes=7520 qdelay_l_ms=1.10384 qdelay_c_ms=1.09719 ecn_mark=1690 drop=0
[QUEUE_STATS] t_ms=29232 q_pkts=5 q_bytes=7520 qdelay_l_ms=1.07772 qdelay_c_ms=2.1721 ecn_mark=1693 drop=0
[QUEUE_STATS] t_ms=29248 q_pkts=4 q_bytes=6016 qdelay_l_ms=1.06062 qdelay_c_ms=1.07564 ecn_mark=1693 drop=0
[QUEUE_STATS] t_ms=29264 q_pkts=10 q_bytes=15040 qdelay_l_ms=0.830959 qdelay_c_ms=3.30988 ecn_mark=1694 drop=0
[QUEUE_STATS] t_ms=29280 q_pkts=7 q_bytes=10528 qdelay_l_ms=1.09529 qdelay_c_ms=1.11275 ecn_mark=1695 drop=0
[QUEUE_STATS] t_ms=29297 q_pkts=9 q_bytes=13536 qdelay_l_ms=1.04389 qdelay_c_ms=2.93557 ecn_mark=1698 drop=0
[QUEUE_STATS] t_ms=29312 q_pkts=11 q_bytes=16544 qdelay_l_ms=1.09682 qdelay_c_ms=1.11332 ecn_mark=1699 drop=0
[QUEUE_STATS] t_ms=29328 q_pkts=6 q_bytes=9024 qdelay_l_ms=1.07741 qdelay_c_ms=2.23834 ecn_mark=1701 drop=0
[QUEUE_STATS] t_ms=29344 q_pkts=5 q_bytes=7520 qdelay_l_ms=1.06082 qdelay_c_ms=2.17867 ecn_mark=1701 drop=0
[QUEUE_STATS] t_ms=29360 q_pkts=5 q_bytes=7520 qdelay_l_ms=1.03252 qdelay_c_ms=1.02736 ecn_mark=1701 drop=0
[QUEUE_STATS] t_ms=29376 q_pkts=1 q_bytes=1504 qdelay_l_ms=1.04029 qdelay_c_ms=0 ecn_mark=1702 drop=0
[QUEUE_STATS] t_ms=29392 q_pkts=4 q_bytes=6016 qdelay_l_ms=1.06596 qdelay_c_ms=1.05916 ecn_mark=1702 drop=0
[QUEUE_STATS] t_ms=29409 q_pkts=3 q_bytes=4512 qdelay_l_ms=1.08913 qdelay_c_ms=1.08287 ecn_mark=1702 drop=0
[QUEUE_STATS] t_ms=29424 q_pkts=2 q_bytes=3008 qdelay_l_ms=1.08382 qdelay_c_ms=0 ecn_mark=1702 drop=0
[QUEUE_STATS] t_ms=29440 q_pkts=0 q_bytes=0 qdelay_l_ms=0 qdelay_c_ms=0 ecn_mark=1705 drop=0
[QUEUE_STATS] t_ms=29456 q_pkts=5 q_bytes=7520 qdelay_l_ms=1.0859 qdelay_c_ms=1.07777 ecn_mark=1705 drop=0
[QUEUE_STATS] t_ms=29472 q_pkts=3 q_bytes=4512 qdelay_l_ms=1.06821 qdelay_c_ms=1.05801 ecn_mark=1705 drop=0
[QUEUE_STATS] t_ms=29488 q_pkts=4 q_bytes=6016 qdelay_l_ms=1.11689 qdelay_c_ms=1.85281 ecn_mark=1706 drop=0
[QUEUE_STATS] t_ms=29504 q_pkts=2 q_bytes=3008 qdelay_l_ms=1.07568 qdelay_c_ms=1.08257 ecn_mark=1709 drop=0
[QUEUE_STATS] t_ms=29520 q_pkts=1 q_bytes=1504 qdelay_l_ms=1.05011 qdelay_c_ms=0 ecn_mark=1709 drop=0
[QUEUE_STATS] t_ms=29536 q_pkts=0 q_bytes=0 qdelay_l_ms=0 qdelay_c_ms=0 ecn_mark=1709 drop=0
[QUEUE_STATS] t_ms=29552 q_pkts=7 q_bytes=10528 qdelay_l_ms=1.0662 qdelay_c_ms=1.10402 ecn_mark=1709 drop=0
[QUEUE_STATS] t_ms=29569 q_pkts=4 q_bytes=6016 qdelay_l_ms=1.07848 qdelay_c_ms=1.07296 ecn_mark=1712 drop=0
[QUEUE_STATS] t_ms=29585 q_pkts=7 q_bytes=10528 qdelay_l_ms=1.06383 qdelay_c_ms=2.12281 ecn_mark=1713 drop=0
[QUEUE_STATS] t_ms=29601 q_pkts=3 q_bytes=4512 qdelay_l_ms=1.06755 qdelay_c_ms=1.09093 ecn_mark=1715 drop=0
[QUEUE_STATS] t_ms=29616 q_pkts=2 q_bytes=3008 qdelay_l_ms=1.09412 qdelay_c_ms=1.81071 ecn_mark=1715 drop=0
[QUEUE_STATS] t_ms=29632 q_pkts=2 q_bytes=3008 qdelay_l_ms=1.07603 qdelay_c_ms=0 ecn_mark=1716 drop=0
[QUEUE_STATS] t_ms=29649 q_pkts=2 q_bytes=3008 qdelay_l_ms=1.09327 qdelay_c_ms=1.08667 ecn_mark=1716 drop=0
[QUEUE_STATS] t_ms=29664 q_pkts=4 q_bytes=6016 qdelay_l_ms=1.02175 qdelay_c_ms=1.01652 ecn_mark=1716 drop=0
[QUEUE_STATS] t_ms=29680 q_pkts=5 q_bytes=7520 qdelay_l_ms=1.09256 qdelay_c_ms=1.08677 ecn_mark=1717 drop=0
[QUEUE_STATS] t_ms=29696 q_pkts=1 q_bytes=1504 qdelay_l_ms=1.09076 qdelay_c_ms=0 ecn_mark=1717 drop=0
[QUEUE_STATS] t_ms=29713 q_pkts=4 q_bytes=6016 qdelay_l_ms=1.10157 qdelay_c_ms=2.06169 ecn_mark=1720 drop=0
[QUEUE_STATS] t_ms=29728 q_pkts=3 q_bytes=4512 qdelay_l_ms=0.997531 qdelay_c_ms=1.00929 ecn_mark=1722 drop=0
[QUEUE_STATS] t_ms=29744 q_pkts=3 q_bytes=4512 qdelay_l_ms=1.08193 qdelay_c_ms=1.0737 ecn_mark=1723 