[QUEUE_STATS] t_ms=33 q_pkts=0 q_bytes=0 qdelay_l_ms=0 qdelay_c_ms=0 ecn_mark=0 drop=0
[QUEUE_STATS] t_ms=123 q_pkts=0 q_bytes=0 qdelay_l_ms=0 qdelay_c_ms=0 ecn_mark=0 drop=0
[QUEUE_STATS] t_ms=226 q_pkts=0 q_bytes=0 qdelay_l_ms=0 qdelay_c_ms=0 ecn_mark=0 drop=0
[QUEUE_STATS] t_ms=329 q_pkts=0 q_bytes=0 qdelay_l_ms=0 qdelay_c_ms=0 ecn_mark=2 drop=0
[QUEUE_STATS] t_ms=356 q_pkts=0 q_bytes=0 qdelay_l_ms=0 qdelay_c_ms=0 ecn_mark=6 drop=0
[QUEUE_STATS] t_ms=432 q_pkts=0 q_bytes=0 qdelay_l_ms=0 qdelay_c_ms=0 ecn_mark=6 drop=0
[QUEUE_STATS] t_ms=534 q_pkts=0 q_bytes=0 qdelay_l_ms=0 qdelay_c_ms=0 ecn_mark=8 drop=0
[QUEUE_STATS] t_ms=638 q_pkts=0 q_bytes=0 qdelay_l_ms=0 qdelay_c_ms=0 ecn_mark=10 drop=0
[QUEUE_STATS] t_ms=644 q_pkts=0 q_bytes=0 qdelay_l_ms=0 qdelay_c_ms=0 ecn_mark=19 drop=0
[QUEUE_STATS] t_ms=678 q_pkts=0 q_bytes=0 qdelay_l_ms=0 qdelay_c_ms=0 ecn_mark=19 drop=0
[QUEUE_STATS] t_ms=741 q_pkts=0 q_bytes=0 qdelay_l_ms=0 qdelay_c_ms=0 ecn_mark=19 drop=0
[QUEUE_STATS] t_ms=758 q_pkts=0 q_bytes=0 qdelay_l_ms=0 qdelay_c_ms=0 ecn_mark=19 drop=0
[QUEUE_STATS] t_ms=782 q_pkts=0 q_bytes=0 qdelay_l_ms=0 qdelay_c_ms=0 ecn_mark=19 drop=0
[QUEUE_STATS] t_ms=807 q_pkts=0 q_bytes=0 qdelay_l_ms=0 qdelay_c_ms=0 ecn_mark=19 drop=0
[QUEUE_STATS] t_ms=844 q_pkts=0 q_bytes=0 qdelay_l_ms=0 qdelay_c_ms=0 ecn_mark=19 drop=0
[QUEUE_STATS] t_ms=859 q_pkts=0 q_bytes=0 qdelay_l_ms=0 qdelay_c_ms=0 ecn_mark=19 drop=0
[QUEUE_STATS] t_ms=878 q_pkts=0 q_bytes=0 qdelay_l_ms=0 qdelay_c_ms=0 ecn_mark=19 drop=0
[QUEUE_STATS] t_ms=901 q_pkts=0 q_bytes=0 qdelay_l_ms=0 qdelay_c_ms=0 ecn_mark=19 drop=0
[QUEUE_STATS] t_ms=920 q_pkts=0 q_bytes=0 qdelay_l_ms=0 qdelay_c_ms=0 ecn_mark=19 drop=0
[QUEUE_STATS] t_ms=946 q_pkts=0 q_bytes=0 qdelay_l_ms=0 qdelay_c_ms=0 ecn_mark=19 drop=0
[QUEUE_STATS] t_ms=962 q_pkts=0 q_bytes=0 qdelay_l_ms=0 qdelay_c_ms=0 ecn_mark=19 drop=0
[QUEUE_STATS] t_ms=980 q_pkts=0 q_bytes=0 qdelay_l_ms=0 qdelay_c_ms=0 ecn_mark=19 drop=0
[QUEUE_STATS] t_ms=995 q_pkts=0 q_bytes=0 qdelay_l_ms=0 qdelay_c_ms=0 ecn_mark=19 drop=0
[QUEUE_STATS] t_ms=1012 q_pkts=0 q_bytes=0 qdelay_l_ms=0 qdelay_c_ms=0 ecn_mark=19 drop=0
[QUEUE_STATS] t_ms=1029 q_pkts=0 q_bytes=0 qdelay_l_ms=0 qdelay_c_ms=0 ecn_mark=19 drop=0
[QUEUE_STATS] t_ms=1048 q_pkts=0 q_bytes=0 qdelay_l_ms=0 qdelay_c_ms=0 ecn_mark=19 drop=0
[QUEUE_STATS] t_ms=1064 q_pkts=0 q_bytes=0 qdelay_l_ms=0 qdelay_c_ms=0 ecn_mark=19 drop=0
[QUEUE_STATS] t_ms=1083 q_pkts=0 q_bytes=0 qdelay_l_ms=0 qdelay_c_ms=0 ecn_mark=19 drop=0
[QUEUE_STATS] t_ms=1098 q_pkts=0 q_bytes=0 qdelay_l_ms=0 qdelay_c_ms=0 ecn_mark=19 drop=0
[QUEUE_STATS] t_ms=1107 q_pkts=0 q_bytes=0 qdelay_l_ms=0 qdelay_c_ms=0 ecn_mark=19 drop=0
[QUEUE_STATS] t_ms=1122 q_pkts=0 q_bytes=0 qdelay_l_ms=0 qdelay_c_ms=0 ecn_mark=19 drop=0
[QUEUE_STATS] t_ms=1137 q_pkts=1 q_bytes=1504 qdelay_l_ms=1.07075 qdelay_c_ms=0 ecn_mark=19 drop=0
[QUEUE_STATS] t_ms=1153 q_pkts=0 q_bytes=0 qdelay_l_ms=0 qdelay_c_ms=0 ecn_mark=19 drop=0
[QUEUE_STATS] t_ms=1186 q_pkts=0 q_bytes=0 qdelay_l_ms=0 qdelay_c_ms=0 ecn_mark=19 drop=0
[QUEUE_STATS] t_ms=1200 q_pkts=0 q_bytes=0 qdelay_l_ms=0 qdelay_c_ms=0 ecn_mark=19 drop=0
[QUEUE_STATS] t_ms=1219 q_pkts=0 q_bytes=0 qdelay_l_ms=0 qdelay_c_ms=0 ecn_mark=19 drop=0
[QUEUE_STATS] t_ms=1232 q_pkts=1 q_bytes=1504 qdelay_l_ms=1.06818 qdelay_c_ms=0 ecn_mark=19 drop=0
[QUEUE_STATS] t_ms=1255 q_pkts=0 q_bytes=0 qdelay_l_ms=0 qdelay_c_ms=0 ecn_mark=19 drop=0
[QUEUE_STATS] t_ms=1269 q_pkts=0 q_bytes=0 qdelay_l_ms=0 qdelay_c_ms=0 ecn_mark=19 drop=0
[QUEUE_STATS] t_ms=1288 q_pkts=0 q_bytes=0 qdelay_l_ms=0 qdelay_c_ms=0 ecn_mark=19 drop=0
[QUEUE_STATS] t_ms=1302 q_pkts=0 q_bytes=0 qdelay_l_ms=0 qdelay_c_ms=0 ecn_mark=19 drop=0
[QUEUE_STATS] t_ms=1312 q_pkts=0 q_bytes=0 qdelay_l_ms=0 qdelay_c_ms=0 ecn_mark=19 drop=0
[QUEUE_STATS] t_ms=1331 q_pkts=0 q_bytes=0 qdelay_l_ms=0 qdelay_c_ms=0 ecn_mark=19 drop=0
[QUEUE_STATS] t_ms=1353 q_pkts=0 q_bytes=0 qdelay_l_ms=0 qdelay_c_ms=0 ecn_mark=19 drop=0
[QUEUE_STATS] t_ms=1360 q_pkts=11 q_bytes=16544 qdelay_l_ms=0 qdelay_c_ms=1.12275 ecn_mark=19 drop=0
[QUEUE_STATS] t_ms=1389 q_pkts=0 q_bytes=0 qdelay_l_ms=0 qdelay_c_ms=0 ecn_mark=19 drop=0
[QUEUE_STATS] t_ms=1404 q_pkts=0 q_bytes=0 qdelay_l_ms=0 qdelay_c_ms=0 ecn_mark=19 drop=0
[QUEUE_STATS] t_ms=1415 q_pkts=0 q_bytes=0 qdelay_l_ms=0 qdelay_c_ms=0 ecn_mark=19 drop=0
[QUEUE_STATS] t_ms=1424 q_pkts=0 q_bytes=0 qdelay_l_ms=0 qdelay_c_ms=0 ecn_mark=19 drop=0
[QUEUE_STATS] t_ms=1442 q_pkts=0 q_bytes=0 qdelay_l_ms=0 qdelay_c_ms=0 ecn_mark=19 drop=0
[QUEUE_STATS] t_ms=1461 q_pkts=0 q_bytes=0 qdelay_l_ms=0 qdelay_c_ms=0 ecn_mark=19 drop=0
[QUEUE_STATS] t_ms=1472 q_pkts=1 q_bytes=1504 qdelay_l_ms=1.06618 qdelay_c_ms=0 ecn_mark=19 drop=0
[QUEUE_STATS] t_ms=1492 q_pkts=0 q_bytes=0 qdelay_l_ms=0 qdelay_c_ms=0 ecn_mark=19 drop=0
[QUEUE_STATS] t_ms=1507 q_pkts=0 q_bytes=0 qdelay_l_ms=0 qdelay_c_ms=0 ecn_mark=19 drop=0
[QUEUE_STATS] t_ms=1526 q_pkts=0 q_bytes=0 qdelay_l_ms=0 qdelay_c_ms=0 ecn_mark=19 drop=0
[QUEUE_STATS] t_ms=1537 q_pkts=0 q_bytes=0 qdelay_l_ms=0 qdelay_c_ms=0 ecn_mark=19 drop=0
[QUEUE_STATS] t_ms=1552 q_pkts=1 q_bytes=1504 qdelay_l_ms=1.07324 qdelay_c_ms=0 ecn_mark=19 drop=0
[QUEUE_STATS] t_ms=1568 q_pkts=0 q_bytes=0 qdelay_l_ms=0 qdelay_c_ms=0 ecn_mark=19 drop=0
[QUEUE_STATS] t_ms=1587 q_pkts=0 q_bytes=0 qdelay_l_ms=0 qdelay_c_ms=0 ecn_mark=19 drop=0
[QUEUE_STATS] t_ms=1610 q_pkts=0 q_bytes=0 qdelay_l_ms=0 qdelay_c_ms=0 ecn_mark=19 drop=0
[QUEUE_STATS] t_ms=1619 q_pkts=0 q_bytes=0 qdelay_l_ms=0 qdelay_c_ms=0 ecn_mark=19 drop=0
[QUEUE_STATS] t_ms=1638 q_pkts=0 q_bytes=0 qdelay_l_ms=0 qdelay_c_ms=0 ecn_mark=19 drop=0
[QUEUE_STATS] t_ms=1649 q_pkts=1 q_bytes=1504 qdelay_l_ms=1.06366 qdelay_c_ms=0 ecn_mark=19 drop=0
[QUEUE_STATS] t_ms=1667 q_pkts=0 q_bytes=0 qdelay_l_ms=0 qdelay_c_ms=0 ecn_mark=19 drop=0
[QUEUE_STATS] t_ms=1686 q_pkts=0 q_bytes=0 qdelay_l_ms=0 qdelay_c_ms=0 ecn_mark=19 drop=0
[QUEUE_STATS] t_ms=1702 q_pkts=0 q_bytes=0 qdelay_l_ms=0 qdelay_c_ms=0 ecn_mark=19 drop=0
[QUEUE_STATS] t_ms=1712 q_pkts=0 q_bytes=0 qdelay_l_ms=0 qdelay_c_ms=0 ecn_mark=19 drop=0
[QUEUE_STATS] t_ms=1731 q_pkts=0 q_bytes=0 qdelay_l_ms=0 qdelay_c_ms=0 ecn_mark=19 drop=0
[QUEUE_STATS] t_ms=1750 q_pkts=0 q_bytes=0 qdelay_l_ms=0 qdelay_c_ms=0 ecn_mark=19 drop=0
[QUEUE_STATS] t_ms=1763 q_pkts=0 q_bytes=0 qdelay_l_ms=0 qdelay_c_ms=0 ecn_mark=19 drop=0
[QUEUE_STATS] t_ms=1778 q_pkts=0 q_bytes=0 qdelay_l_ms=0 qdelay_c_ms=0 ecn_mark=19 drop=0
[QUEUE_STATS] t_ms=1792 q_pkts=0 q_bytes=0 qdelay_l_ms=0 qdelay_c_ms=0 ecn_mark=19 drop=0
[QUEUE_STATS] t_ms=1808 q_pkts=0 q_bytes=0 qdelay_l_ms=0 qdelay_c_ms=0 ecn_mark=19 drop=0
[QUEUE_STATS] t_ms=1824 q_pkts=0 q_bytes=0 qdelay_l_ms=0 qdelay_c_ms=0 ecn_mark=19 drop=0
[QUEUE_STATS] t_ms=1844 q_pkts=0 q_bytes=0 qdelay_l_ms=0 qdelay_c_ms=0 ecn_mark=19 drop=0
[QUEUE_STATS] t_ms=1858 q_pkts=0 q_bytes=0 qdelay_l_ms=0 qdelay_c_ms=0 ecn_mark=19 drop=0
[QUEUE_STATS] t_ms=1873 q_pkts=0 q_bytes=0 qdelay_l_ms=0 qdelay_c_ms=0 ecn_mark=19 drop=0
[QUEUE_STATS] t_ms=1891 q_pkts=0 q_bytes=0 qdelay_l_ms=0 qdelay_c_ms=0 ecn_mark=19 drop=0
[QUEUE_STATS] t_ms=1906 q_pkts=0 q_bytes=0 qdelay_l_ms=0 qdelay_c_ms=0 ecn_mark=19 drop=0
[QUEUE_STATS] t_ms=1920 q_pkts=0 q_bytes=0 qdelay_l_ms=0 qdelay_c_ms=0 ecn_mark=19 drop=0
[QUEUE_STATS] t_ms=1936 q_pkts=1 q_bytes=1504 qdelay_l_ms=1.0655 qdelay_c_ms=0 ecn_mark=19 drop=0
[QUEUE_STATS] t_ms=1953 q_pkts=0 q_bytes=0 qdelay_l_ms=0 qdelay_c_ms=0 ecn_mark=19 drop=0
[QUEUE_STATS] t_ms=1969 q_pkts=1 q_bytes=1504 qdelay_l_ms=1.06761 qdelay_c_ms=0 ecn_mark=19 drop=0
[QUEUE_STATS] t_ms=1986 q_pkts=0 q_bytes=0 qdelay_l_ms=0 qdelay_c_ms=0 ecn_mark=19 drop=0
[QUEUE_STATS] t_ms=2000 q_pkts=1 q_bytes=1504 qdelay_l_ms=1.07347 qdelay_c_ms=0 ecn_mark=19 drop=0
[QUEUE_STATS] t_ms=2018 q_pkts=0 q_bytes=0 qdelay_l_ms=0 qdelay_c_ms=0 ecn_mark=19 drop=0
[QUEUE_STATS] t_ms=2032 q_pkts=1 q_bytes=1504 qdelay_l_ms=1.06229 qdelay_c_ms=0 ecn_mark=19 drop=0
[QUEUE_STATS] t_ms=2048 q_pkts=0 q_bytes=0 qdelay_l_ms=0 qdelay_c_ms=0 ecn_mark=19 drop=0
[QUEUE_STATS] t_ms=2064 q_pkts=1 q_bytes=1504 qdelay_l_ms=1.06593 qdelay_c_ms=0 ecn_mark=19 drop=0
[QUEUE_STATS] t_ms=2081 q_pkts=0 q_bytes=0 qdelay_l_ms=0 qdelay_c_ms=0 ecn_mark=19 drop=0
[QUEUE_STATS] t_ms=2099 q_pkts=0 q_bytes=0 qdelay_l_ms=0 qdelay_c_ms=0 ecn_mark=19 drop=0
[QUEUE_STATS] t_ms=2112 q_pkts=1 q_bytes=1504 qdelay_l_ms=1.07443 qdelay_c_ms=0 ecn_mark=19 drop=0
[QUEUE_STATS] t_ms=2130 q_pkts=0 q_bytes=0 qdelay_l_ms=0 qdelay_c_ms=0 ecn_mark=19 drop=0
[QUEUE_STATS] t_ms=2150 q_pkts=0 q_bytes=0 qdelay_l_ms=0 qdelay_c_ms=0 ecn_mark=19 drop=0
[QUEUE_STATS] t_ms=2166 q_pkts=0 q_bytes=0 qdelay_l_ms=0 qdelay_c_ms=0 ecn_mark=19 drop=0
[QUEUE_STATS] t_ms=2180 q_pkts=0 q_bytes=0 qdelay_l_ms=0 qdelay_c_ms=0 ecn_mark=19 drop=0
[QUEUE_STATS] t_ms=2192 q_pkts=1 q_bytes=1504 qdelay_l_ms=1.0658 qdelay_c_ms=0 ecn_mark=19 drop=0
[QUEUE_STATS] t_ms=2208 q_pkts=1 q_bytes=1504 qdelay_l_ms=1.06513 qdelay_c_ms=0 ecn_mark=19 drop=0
[QUEUE_STATS] t_ms=2224 q_pkts=0 q_bytes=0 qdelay_l_ms=0 qdelay_c_ms=0 ecn_mark=19 drop=0
[QUEUE_STATS] t_ms=2242 q_pkts=0 q_bytes=0 qdelay_l_ms=0 qdelay_c_ms=0 ecn_mark=19 drop=0
[QUEUE_STATS] t_ms=2261 q_pkts=0 q_bytes=0 qdelay_l_ms=0 qdelay_c_ms=0 ecn_mark=19 drop=0
[QUEUE_STATS] t_ms=2276 q_pkts=0 q_bytes=0 qdelay_l_ms=0 qdelay_c_ms=0 ecn_mark=19 drop=0
[QUEUE_STATS] t_ms=2293 q_pkts=0 q_bytes=0 qdelay_l_ms=0 qdelay_c_ms=0 ecn_mark=19 drop=0
[QUEUE_STATS] t_ms=2304 q_pkts=0 q_bytes=0 qdelay_l_ms=0 qdelay_c_ms=0 ecn_mark=19 drop=0
[QUEUE_STATS] t_ms=2324 q_pkts=0 q_bytes=0 qdelay_l_ms=0 qdelay_c_ms=0 ecn_mark=19 drop=0
[QUEUE_STATS] t_ms=2336 q_pkts=1 q_bytes=1504 qdelay_l_ms=1.06517 qdelay_c_ms=0 ecn_mark=19 drop=0
[QUEUE_STATS] t_ms=2352 q_pkts=1 q_bytes=1504 qdelay_l_ms=1.06395 qdelay_c_ms=0 ecn_mark=19 drop=0
[QUEUE_STATS] t_ms=2370 q_pkts=0 q_bytes=0 qdelay_l_ms=0 qdelay_c_ms=0 ecn_mark=19 drop=0
[QUEUE_STATS] t_ms=2384 q_pkts=0 q_bytes=0 qdelay_l_ms=0 qdelay_c_ms=0 ecn_mark=19 drop=0
[QUEUE_STATS] t_ms=2400 q_pkts=0 q_bytes=0 qdelay_l_ms=0 qdelay_c_ms=0 ecn_mark=19 drop=0
[QUEUE_STATS] t_ms=2418 q_pkts=0 q_bytes=0 qdelay_l_ms=0 qdelay_c_ms=0 ecn_mark=19 drop=0
[QUEUE_STATS] t_ms=2433 q_pkts=0 q_bytes=0 qdelay_l_ms=0 qdelay_c_ms=0 ecn_mark=19 drop=0
[QUEUE_STATS] t_ms=2450 q_pkts=0 q_bytes=0 qdelay_l_ms=0 qdelay_c_ms=0 ecn_mark=19 drop=0
[QUEUE_STATS] t_ms=2466 q_pkts=0 q_bytes=0 qdelay_l_ms=0 qdelay_c_ms=0 ecn_mark=19 drop=0
[QUEUE_STATS] t_ms=2481 q_pkts=0 q_bytes=0 qdelay_l_ms=0 qdelay_c_ms=0 ecn_mark=19 drop=0
[QUEUE_STATS] t_ms=2496 q_pkts=0 q_bytes=0 qdelay_l_ms=0 qdelay_c_ms=0 ecn_mark=19 drop=0
[QUEUE_STATS] t_ms=2513 q_pkts=0 q_bytes=0 qdelay_l_ms=0 qdelay_c_ms=0 ecn_mark=19 drop=0
[QUEUE_STATS] t_ms=2531 q_pkts=0 q_bytes=0 qdelay_l_ms=0 qdelay_c_ms=0 ecn_mark=19 drop=0
[QUEUE_STATS] t_ms=2546 q_pkts=0 q_bytes=0 qdelay_l_ms=0 qdelay_c_ms=0 ecn_mark=19 drop=0
[QUEUE_STATS] t_ms=2560 q_pkts=0 q_bytes=0 qdelay_l_ms=0 qdelay_c_ms=0 ecn_mark=19 drop=0
[QUEUE_STATS] t_ms=2576 q_pkts=1 q_bytes=1504 qdelay_l_ms=1.06205 qdelay_c_ms=0 ecn_mark=19 drop=0
[QUEUE_STATS] t_ms=2592 q_pkts=0 q_bytes=0 qdelay_l_ms=0 qdelay_c_ms=0 ecn_mark=19 drop=0
[QUEUE_STATS] t_ms=2610 q_pkts=0 q_bytes=0 qdelay_l_ms=0 qdelay_c_ms=0 ecn_mark=19 drop=0
[QUEUE_STATS] t_ms=2624 q_pkts=1 q_bytes=1504 qdelay_l_ms=1.06421 qdelay_c_ms=0 ecn_mark=19 drop=0
[QUEUE_STATS] t_ms=2643 q_pkts=0 q_bytes=0 qdelay_l_ms=0 qdelay_c_ms=0 ecn_mark=19 drop=0
[QUEUE_STATS] t_ms=2657 q_pkts=0 q_bytes=0 qdelay_l_ms=0 qdelay_c_ms=0 ecn_mark=19 drop=0
[QUEUE_STATS] t_ms=2672 q_pkts=1 q_bytes=1504 qdelay_l_ms=1.06554 qdelay_c_ms=0 ecn_mark=19 drop=0
[QUEUE_STATS] t_ms=2691 q_pkts=0 q_bytes=0 qdelay_l_ms=0 qdelay_c_ms=0 ecn_mark=19 drop=0
[QUEUE_STATS] t_ms=2704 q_pkts=1 q_bytes=1504 qdelay_l_ms=1.06448 qdelay_c_ms=0 ecn_mark=19 drop=0
[QUEUE_STATS] t_ms=2722 q_pkts=0 q_bytes=0 qdelay_l_ms=0 qdelay_c_ms=0 ecn_mark=19 drop=0
[QUEUE_STATS] t_ms=2739 q_pkts=0 q_bytes=0 qdelay_l_ms=0 qdelay_c_ms=0 ecn_mark=19 drop=0
[QUEUE_STATS] t_ms=2752 q_pkts=0 q_bytes=0 qdelay_l_ms=0 qdelay_c_ms=0 ecn_mark=19 drop=0
[QUEUE_STATS] t_ms=2770 q_pkts=0 q_bytes=0 qdelay_l_ms=0 qdelay_c_ms=0 ecn_mark=19 drop=0
[QUEUE_STATS] t_ms=2784 q_pkts=0 q_bytes=0 qdelay_l_ms=0 qdelay_c_ms=0 ecn_mark=19 drop=0
[QUEUE_STATS] t_ms=2807 q_pkts=0 q_bytes=0 qdelay_l_ms=0 qdelay_c_ms=0 ecn_mark=19 drop=0
[QUEUE_STATS] t_ms=2816 q_pkts=0 q_bytes=0 qdelay_l_ms=0 qdelay_c_ms=0 ecn_mark=19 drop=0
[QUEUE_STATS] t_ms=2834 q_pkts=0 q_bytes=0 qdelay_l_ms=0 qdelay_c_ms=0 ecn_mark=19 drop=0
[QUEUE_STATS] t_ms=2850 q_pkts=0 q_bytes=0 qdelay_l_ms=0 qdelay_c_ms=0 ecn_mark=19 drop=0
[QUEUE_STATS] t_ms=2864 q_pkts=1 q_bytes=1504 qdelay_l_ms=1.0649 qdelay_c_ms=0 ecn_mark=19 drop=0
[QUEUE_STATS] t_ms=2880 q_pkts=0 q_bytes=0 qdelay_l_ms=0 qdelay_c_ms=0 ecn_mark=19 drop=0
[QUEUE_STATS] t_ms=2896 q_pkts=1 q_bytes=1504 qdelay_l_ms=0 qdelay_c_ms=1.06049 ecn_mark=19 drop=0
[QUEUE_STATS] t_ms=2912 q_pkts=1 q_bytes=1504 qdelay_l_ms=1.06573 qdelay_c_ms=0 ecn_mark=19 drop=0
[QUEUE_STATS] t_ms=2928 q_pkts=1 q_bytes=1504 qdelay_l_ms=1.0668 qdelay_c_ms=0 ecn_mark=19 drop=0
[QUEUE_STATS] t_ms=2944 q_pkts=1 q_bytes=1504 qdelay_l_ms=1.06455 qdelay_c_ms=0 ecn_mark=19 drop=0
[QUEUE_STATS] t_ms=2960 q_pkts=0 q_bytes=0 qdelay_l_ms=0 qdelay_c_ms=0 ecn_mark=19 drop=0
[QUEUE_STATS] t_ms=2976 q_pkts=0 q_bytes=0 qdelay_l_ms=0 qdelay_c_ms=0 ecn_mark=19 drop=0
[QUEUE_STATS] t_ms=2993 q_pkts=0 q_bytes=0 qdelay_l_ms=0 qdelay_c_ms=0 ecn_mark=19 drop=0
[QUEUE_STATS] t_ms=3011 q_pkts=0 q_bytes=0 qdelay_l_ms=0 qdelay_c_ms=0 ecn_mark=19 drop=0
[QUEUE_STATS] t_ms=3024 q_pkts=1 q_bytes=1504 qdelay_l_ms=1.06378 qdelay_c_ms=0 ecn_mark=19 drop=0
[QUEUE_STATS] t_ms=3040 q_pkts=0 q_bytes=0 qdelay_l_ms=0 qdelay_c_ms=0 ecn_mark=19 drop=0
[QUEUE_STATS] t_ms=3058 q_pkts=0 q_bytes=0 qdelay_l_ms=0 qdelay_c_ms=0 ecn_mark=19 drop=0
[QUEUE_STATS] t_ms=3074 q_pkts=0 q_bytes=0 qdelay_l_ms=0 qdelay_c_ms=0 ecn_mark=19 drop=0
[QUEUE_STATS] t_ms=3088 q_pkts=0 q_bytes=0 qdelay_l_ms=0 qdelay_c_ms=0 ecn_mark=19 drop=0
[QUEUE_STATS] t_ms=3105 q_pkts=0 q_bytes=0 qdelay_l_ms=0 qdelay_c_ms=0 ecn_mark=19 drop=0
[QUEUE_STATS] t_ms=3124 q_pkts=0 q_bytes=0 qdelay_l_ms=0 qdelay_c_ms=0 ecn_mark=19 drop=0
[QUEUE_STATS] t_ms=3136 q_pkts=0 q_bytes=0 qdelay_l_ms=0 qdelay_c_ms=0 ecn_mark=19 drop=0
[QUEUE_STATS] t_ms=3153 q_pkts=0 q_bytes=0 qdelay_l_ms=0 qdelay_c_ms=0 ecn_mark=19 drop=0
[QUEUE_STATS] t_ms=3168 q_pkts=0 q_bytes=0 qdelay_l_ms=0 qdelay_c_ms=0 ecn_mark=19 drop=0
[QUEUE_STATS] t_ms=3184 q_pkts=1 q_bytes=1504 qdelay_l_ms=1.06626 qdelay_c_ms=0 ecn_mark=19 drop=0
[QUEUE_STATS] t_ms=3202 q_pkts=0 q_bytes=0 qdelay_l_ms=0 qdelay_c_ms=0 ecn_mark=19 drop=0
[QUEUE_STATS] t_ms=3216 q_pkts=0 q_bytes=0 qdelay_l_ms=0 qdelay_c_ms=0 ecn_mark=19 drop=0
[QUEUE_STATS] t_ms=3236 q_pkts=0 q_bytes=0 qdelay_l_ms=0 qdelay_c_ms=0 ecn_mark=19 drop=0
[QUEUE_STATS] t_ms=3248 q_pkts=0 q_bytes=0 qdelay_l_ms=0 qdelay_c_ms=0 ecn_mark=19 drop=0
[QUEUE_STATS] t_ms=3266 q_pkts=0 q_bytes=0 qdelay_l_ms=0 qdelay_c_ms=0 ecn_mark=19 drop=0
[QUEUE_STATS] t_ms=3280 q_pkts=0 q_bytes=0 qdelay_l_ms=0 qdelay_c_ms=0 ecn_mark=19 drop=0
[QUEUE_STATS] t_ms=3298 q_pkts=0 q_bytes=0 qdelay_l_ms=0 qdelay_c_ms=0 ecn_mark=19 drop=0
[QUEUE_STATS] t_ms=3313 q_pkts=0 q_bytes=0 qdelay_l_ms=0 qdelay_c_ms=0 ecn_mark=19 drop=0
[QUEUE_STATS] t_ms=3328 q_pkts=0 q_bytes=0 qdelay_l_ms=0 qdelay_c_ms=0 ecn_mark=19 drop=0
[QUEUE_STATS] t_ms=3344 q_pkts=1 q_bytes=1504 qdelay_l_ms=1.0643 qdelay_c_ms=0 ecn_mark=19 drop=0
[QUEUE_STATS] t_ms=3360 q_pkts=0 q_bytes=0 qdelay_l_ms=0 qdelay_c_ms=0 ecn_mark=19 drop=0
[QUEUE_STATS] t_ms=3377 q_pkts=0 q_bytes=0 qdelay_l_ms=0 qdelay_c_ms=0 ecn_mark=19 drop=0
[QUEUE_STATS] t_ms=3392 q_pkts=1 q_bytes=1504 qdelay_l_ms=1.05326 qdelay_c_ms=0 ecn_mark=19 drop=0
[QUEUE_STATS] t_ms=3408 q_pkts=0 q_bytes=0 qdelay_l_ms=0 qdelay_c_ms=0 ecn_mark=19 drop=0
[QUEUE_STATS] t_ms=3424 q_pkts=1 q_bytes=1504 qdelay_l_ms=1.06631 qdelay_c_ms=0 ecn_mark=19 drop=0
[QUEUE_STATS] t_ms=3440 q_pkts=0 q_bytes=0 qdelay_l_ms=0 qdelay_c_ms=0 ecn_mark=19 drop=0
[QUEUE_STATS] t_ms=3456 q_pkts=0 q_bytes=0 qdelay_l_ms=0 qdelay_c_ms=0 ecn_mark=19 drop=0
[QUEUE_STATS] t_ms=3474 q_pkts=0 q_bytes=0 qdelay_l_ms=0 qdelay_c_ms=0 ecn_mark=19 drop=0
[QUEUE_STATS] t_ms=3488 q_pkts=1 q_bytes=1504 qdelay_l_ms=1.06403 qdelay_c_ms=0 ecn_mark=19 drop=0
[QUEUE_STATS] t_ms=3504 q_pkts=0 q_bytes=0 qdelay_l_ms=0 qdelay_c_ms=0 ecn_mark=19 drop=0
[QUEUE_STATS] t_ms=3521 q_pkts=0 q_bytes=0 qdelay_l_ms=0 qdelay_c_ms=0 ecn_mark=19 drop=0
[QUEUE_STATS] t_ms=3538 q_pkts=0 q_bytes=0 qdelay_l_ms=0 qdelay_c_ms=0 ecn_mark=19 drop=0
[QUEUE_STATS] t_ms=3552 q_pkts=1 q_bytes=1504 qdelay_l_ms=1.06367 qdelay_c_ms=0 ecn_mark=19 drop=0
[QUEUE_STATS] t_ms=3570 q_pkts=0 q_bytes=0 qdelay_l_ms=0 qdelay_c_ms=0 ecn_mark=19 drop=0
[QUEUE_STATS] t_ms=3585 q_pkts=0 q_bytes=0 qdelay_l_ms=0 qdelay_c_ms=0 ecn_mark=19 drop=0
[QUEUE_STATS] t_ms=3602 q_pkts=0 q_bytes=0 qdelay_l_ms=0 qdelay_c_ms=0 ecn_mark=19 drop=0
[QUEUE_STATS] t_ms=3616 q_pkts=5 q_bytes=7520 qdelay_l_ms=0 qdelay_c_ms=1.07349 ecn_mark=19 drop=0
[QUEUE_STATS] t_ms=3632 q_pkts=1 q_bytes=1504 qdelay_l_ms=1.06359 qdelay_c_ms=0 ecn_mark=19 drop=0
[QUEUE_STATS] t_ms=3649 q_pkts=0 q_bytes=0 qdelay_l_ms=0 qdelay_c_ms=0 ecn_mark=19 drop=0
[QUEUE_STATS] t_ms=3665 q_pkts=0 q_bytes=0 qdelay_l_ms=0 qdelay_c_ms=0 ecn_mark=19 drop=0
[QUEUE_STATS] t_ms=3681 q_pkts=0 q_bytes=0 qdelay_l_ms=0 qdelay_c_ms=0 ecn_mark=19 drop=0
[QUEUE_STATS] t_ms=3697 q_pkts=0 q_bytes=0 qdelay_l_ms=0 qdelay_c_ms=0 ecn_mark=19 drop=0
[QUEUE_STATS] t_ms=3712 q_pkts=0 q_bytes=0 qdelay_l_ms=0 qdelay_c_ms=0 ecn_mark=19 drop=0
[QUEUE_STATS] t_ms=3728 q_pkts=0 q_bytes=0 qdelay_l_ms=0 qdelay_c_ms=0 ecn_mark=19 drop=0
[QUEUE_STATS] t_ms=3744 q_pkts=0 q_bytes=0 qdelay_l_ms=0 qdelay_c_ms=0 ecn_mark=19 drop=0
[QUEUE_STATS] t_ms=3760 q_pkts=0 q_bytes=0 qdelay_l_ms=0 qdelay_c_ms=0 ecn_mark=19 drop=0
[QUEUE_STATS] t_ms=3776 q_pkts=1 q_bytes=1504 qdelay_l_ms=1.06612 qdelay_c_ms=0 ecn_mark=19 drop=0
[QUEUE_STATS] t_ms=3792 q_pkts=0 q_bytes=0 qdelay_l_ms=0 qdelay_c_ms=0 ecn_mark=19 drop=0
[QUEUE_STATS] t_ms=3808 q_pkts=0 q_bytes=0 qdelay_l_ms=0 qdelay_c_ms=0 ecn_mark=19 drop=0
[QUEUE_STATS] t_ms=3824 q_pkts=1 q_bytes=1504 qdelay_l_ms=1.06312 qdelay_c_ms=0 ecn_mark=19 drop=0
[QUEUE_STATS] t_ms=3841 q_pkts=0 q_bytes=0 qdelay_l_ms=0 qdelay_c_ms=0 ecn_mark=19 drop=0
[QUEUE_STATS] t_ms=3856 q_pkts=1 q_bytes=1504 qdelay_l_ms=1.07042 qdelay_c_ms=0 ecn_mark=19 drop=0
[QUEUE_STATS] t_ms=3872 q_pkts=0 q_bytes=0 qdelay_l_ms=0 qdelay_c_ms=0 ecn_mark=19 drop=0
[QUEUE_STATS] t_ms=3890 q_pkts=0 q_bytes=0 qdelay_l_ms=0 qdelay_c_ms=0 ecn_mark=19 drop=0
[QUEUE_STATS] t_ms=3904 q_pkts=0 q_bytes=0 qdelay_l_ms=0 qdelay_c_ms=0 ecn_mark=19 drop=0
[QUEUE_STATS] t_ms=3920 q_pkts=1 q_bytes=1504 qdelay_l_ms=0.006983 qdelay_c_ms=0 ecn_mark=19 drop=0
[QUEUE_STATS] t_ms=3938 q_pkts=0 q_bytes=0 qdelay_l_ms=0 qdelay_c_ms=0 ecn_mark=19 drop=0
[QUEUE_STATS] t_ms=3952 q_pkts=0 q_bytes=0 qdelay_l_ms=0 qdelay_c_ms=0 ecn_mark=19 drop=0
[QUEUE_STATS] t_ms=3968 q_pkts=0 q_bytes=0 qdelay_l_ms=0 qdelay_c_ms=0 ecn_mark=19 drop=0
[QUEUE_STATS] t_ms=3984 q_pkts=0 q_bytes=0 qdelay_l_ms=0 qdelay_c_ms=0 ecn_mark=19 drop=0
[QUEUE_STATS] t_ms=4001 q_pkts=0 q_bytes=0 qdelay_l_ms=0 qdelay_c_ms=0 ecn_mark=19 drop=0
[QUEUE_STATS] t_ms=4016 q_pkts=1 q_bytes=1504 qdelay_l_ms=1.06679 qdelay_c_ms=0 ecn_mark=19 drop=0
[QUEUE_STATS] t_ms=4032 q_pkts=0 q_bytes=0 qdelay_l_ms=0 qdelay_c_ms=0 ecn_mark=19 drop=0
[QUEUE_STATS] t_ms=4048 q_pkts=1 q_bytes=1504 qdelay_l_ms=1.06635 qdelay_c_ms=0 ecn_mark=19 drop=0
[QUEUE_STATS] t_ms=4064 q_pkts=1 q_bytes=1504 qdelay_l_ms=1.06486 qdelay_c_ms=0 ecn_mark=19 drop=0
[QUEUE_STATS] t_ms=4082 q_pkts=0 q_bytes=0 qdelay_l_ms=0 qdelay_c_ms=0 ecn_mark=19 drop=0
[QUEUE_STATS] t_ms=4096 q_pkts=1 q_bytes=1504 qdelay_l_ms=1.0663 qdelay_c_ms=0 ecn_mark=19 drop=0
[QUEUE_STATS] t_ms=4112 q_pkts=0 q_bytes=0 qdelay_l_ms=0 qdelay_c_ms=0 ecn_mark=19 drop=0
[QUEUE_STATS] t_ms=4128 q_pkts=1 q_bytes=1504 qdelay_l_ms=1.05789 qdelay_c_ms=0 ecn_mark=19 drop=0
[QUEUE_STATS] t_ms=4144 q_pkts=0 q_bytes=0 qdelay_l_ms=0 qdelay_c_ms=0 ecn_mark=19 drop=0
[QUEUE_STATS] t_ms=4160 q_pkts=1 q_bytes=1504 qdelay_l_ms=1.06508 qdelay_c_ms=0 ecn_mark=19 drop=0
[QUEUE_STATS] t_ms=4177 q_pkts=0 q_bytes=0 qdelay_l_ms=0 qdelay_c_ms=0 ecn_mark=19 drop=0
[QUEUE_STATS] t_ms=4192 q_pkts=0 q_bytes=0 qdelay_l_ms=0 qdelay_c_ms=0 ecn_mark=19 drop=0
[QUEUE_STATS] t_ms=4208 q_pkts=0 q_bytes=0 qdelay_l_ms=0 qdelay_c_ms=0 ecn_mark=19 drop=0
[QUEUE_STATS] t_ms=4224 q_pkts=0 q_bytes=0 qdelay_l_ms=0 qdelay_c_ms=0 ecn_mark=19 drop=0
[QUEUE_STATS] t_ms=4240 q_pkts=1 q_bytes=1504 qdelay_l_ms=1.05928 qdelay_c_ms=0 ecn_mark=19 drop=0
[QUEUE_STATS] t_ms=4257 q_pkts=0 q_bytes=0 qdelay_l_ms=0 qdelay_c_ms=0 ecn_mark=19 drop=0
[QUEUE_STATS] t_ms=4272 q_pkts=0 q_bytes=0 qdelay_l_ms=0 qdelay_c_ms=0 ecn_mark=19 drop=0
[QUEUE_STATS] t_ms=4291 q_pkts=0 q_bytes=0 qdelay_l_ms=0 qdelay_c_ms=0 ecn_mark=19 drop=0
[QUEUE_STATS] t_ms=4306 q_pkts=0 q_bytes=0 qdelay_l_ms=0 qdelay_c_ms=0 ecn_mark=19 drop=0
[QUEUE_STATS] t_ms=4321 q_pkts=0 q_bytes=0 qdelay_l_ms=0 qdelay_c_ms=0 ecn_mark=19 drop=0
[QUEUE_STATS] t_ms=4337 q_pkts=0 q_bytes=0 qdelay_l_ms=0 qdelay_c_ms=0 ecn_mark=19 drop=0
[QUEUE_STATS] t_ms=4353 q_pkts=0 q_bytes=0 qdelay_l_ms=0 qdelay_c_ms=0 ecn_mark=19 drop=0
[QUEUE_STATS] t_ms=4369 q_pkts=1 q_bytes=1504 qdelay_l_ms=1.08147 qdelay_c_ms=0 ecn_mark=19 drop=0
[QUEUE_STATS] t_ms=4384 q_pkts=1 q_bytes=1504 qdelay_l_ms=1.06408 qdelay_c_ms=0 ecn_mark=19 drop=0
[QUEUE_STATS] t_ms=4402 q_pkts=0 q_bytes=0 qdelay_l_ms=0 qdelay_c_ms=0 ecn_mark=19 drop=0
[QUEUE_STATS] t_ms=4416 q_pkts=0 q_bytes=0 qdelay_l_ms=0 qdelay_c_ms=0 ecn_mark=19 drop=0
[QUEUE_STATS] t_ms=4432 q_pkts=6 q_bytes=9024 qdelay_l_ms=0 qdelay_c_ms=1.07612 ecn_mark=19 drop=0
[QUEUE_STATS] t_ms=4449 q_pkts=0 q_bytes=0 qdelay_l_ms=0 qdelay_c_ms=0 ecn_mark=19 drop=0
[QUEUE_STATS] t_ms=4464 q_pkts=0 q_bytes=0 qdelay_l_ms=0 qdelay_c_ms=0 ecn_mark=19 drop=0
[QUEUE_STATS] t_ms=4480 q_pkts=1 q_bytes=1504 qdelay_l_ms=1.06458 qdelay_c_ms=0 ecn_mark=19 drop=0
[QUEUE_STATS] t_ms=4496 q_pkts=0 q_bytes=0 qdelay_l_ms=0 qdelay_c_ms=0 ecn_mark=19 drop=0
[QUEUE_STATS] t_ms=4512 q_pkts=1 q_bytes=1504 qdelay_l_ms=1.07271 qdelay_c_ms=0 ecn_mark=19 drop=0
[QUEUE_STATS] t_ms=4528 q_pkts=0 q_bytes=0 qdelay_l_ms=0 qdelay_c_ms=0 ecn_mark=19 drop=0
[QUEUE_STATS] t_ms=4544 q_pkts=1 q_bytes=1504 qdelay_l_ms=1.0652 qdelay_c_ms=0 ecn_mark=19 drop=0
[QUEUE_STATS] t_ms=4560 q_pkts=0 q_bytes=0 qdelay_l_ms=0 qdelay_c_ms=0 ecn_mark=19 drop=0
[QUEUE_STATS] t_ms=4577 q_pkts=0 q_bytes=0 qdelay_l_ms=0 qdelay_c_ms=0 ecn_mark=19 drop=0
[QUEUE_STATS] t_ms=4594 q_pkts=0 q_bytes=0 qdelay_l_ms=0 qdelay_c_ms=0 ecn_mark=19 drop=0
[QUEUE_STATS] t_ms=4608 q_pkts=1 q_bytes=1504 qdelay_l_ms=1.0748 qdelay_c_ms=0 ecn_mark=19 drop=0
[QUEUE_STATS] t_ms=4625 q_pkts=0 q_bytes=0 qdelay_l_ms=0 qdelay_c_ms=0 ecn_mark=19 drop=0
[QUEUE_STATS] t_ms=4640 q_pkts=3 q_bytes=4512 qdelay_l_ms=0.013746 qdelay_c_ms=0.010851 ecn_mark=19 drop=0
[QUEUE_STATS] t_ms=4657 q_pkts=0 q_bytes=0 qdelay_l_ms=0 qdelay_c_ms=0 ecn_mark=19 drop=0
[QUEUE_STATS] t_ms=4672 q_pkts=0 q_bytes=0 qdelay_l_ms=0 qdelay_c_ms=0 ecn_mark=19 drop=0
[QUEUE_STATS] t_ms=4688 q_pkts=0 q_bytes=0 qdelay_l_ms=0 qdelay_c_ms=0 ecn_mark=19 drop=0
[QUEUE_STATS] t_ms=4704 q_pkts=1 q_bytes=1504 qdelay_l_ms=1.06349 qdelay_c_ms=0 ecn_mark=19 drop=0
[QUEUE_STATS] t_ms=4720 q_pkts=0 q_bytes=0 qdelay_l_ms=0 qdelay_c_ms=0 ecn_mark=19 drop=0
[QUEUE_STATS] t_ms=4737 q_pkts=0 q_bytes=0 qdelay_l_ms=0 qdelay_c_ms=0 ecn_mark=19 drop=0
[QUEUE_STATS] t_ms=4754 q_pkts=0 q_bytes=0 qdelay_l_ms=0 qdelay_c_ms=0 ecn_mark=19 drop=0
[QUEUE_STATS] t_ms=4768 q_pkts=0 q_bytes=0 qdelay_l_ms=0 qdelay_c_ms=0 ecn_mark=19 drop=0
[QUEUE_STATS] t_ms=4784 q_pkts=0 q_bytes=0 qdelay_l_ms=0 qdelay_c_ms=0 ecn_mark=19 drop=0
[QUEUE_STATS] t_ms=4800 q_pkts=0 q_bytes=0 qdelay_l_ms=0 qdelay_c_ms=0 ecn_mark=19 drop=0
[QUEUE_STATS] t_ms=4818 q_pkts=0 q_bytes=0 qdelay_l_ms=0 qdelay_c_ms=0 ecn_mark=19 drop=0
[QUEUE_STATS] t_ms=4833 q_pkts=0 q_bytes=0 qdelay_l_ms=0 qdelay_c_ms=0 ecn_mark=19 drop=0
[QUEUE_STATS] t_ms=4849 q_pkts=0 q_bytes=0 qdelay_l_ms=0 qdelay_c_ms=0 ecn_mark=19 drop=0
[QUEUE_STATS] t_ms=4864 q_pkts=1 q_bytes=1504 qdelay_l_ms=1.06519 qdelay_c_ms=0 ecn_mark=19 drop=0
[QUEUE_STATS] t_ms=4880 q_pkts=1 q_bytes=1504 qdelay_l_ms=1.06246 qdelay_c_ms=0 ecn_mark=19 drop=0
[QUEUE_STATS] t_ms=4897 q_pkts=0 q_bytes=0 qdelay_l_ms=0 qdelay_c_ms=0 ecn_mark=19 drop=0
[QUEUE_STATS] t_ms=4915 q_pkts=0 q_bytes=0 qdelay_l_ms=0 qdelay_c_ms=0 ecn_mark=19 drop=0
[QUEUE_STATS] t_ms=4928 q_pkts=1 q_bytes=1504 qdelay_l_ms=1.0727 qdelay_c_ms=0 ecn_mark=19 drop=0
[QUEUE_STATS] t_ms=4944 q_pkts=1 q_bytes=1504 qdelay_l_ms=1.0658 qdelay_c_ms=0 ecn_mark=19 drop=0
[QUEUE_STATS] t_ms=4960 q_pkts=1 q_bytes=1504 qdelay_l_ms=1.06552 qdelay_c_ms=0 ecn_mark=19 drop=0
[QUEUE_STATS] t_ms=4976 q_pkts=1 q_bytes=1504 qdelay_l_ms=1.06435 qdelay_c_ms=0 ecn_mark=19 drop=0
[QUEUE_STATS] t_ms=4992 q_pkts=1 q_bytes=1504 qdelay_l_ms=1.06725 qdelay_c_ms=0 ecn_mark=19 drop=0
[QUEUE_STATS] t_ms=5008 q_pkts=1 q_bytes=1504 qdelay_l_ms=1.06544 qdelay_c_ms=0 ecn_mark=19 drop=0
[QUEUE_STATS] t_ms=5024 q_pkts=1 q_bytes=1504 qdelay_l_ms=1.06371 qdelay_c_ms=0 ecn_mark=19 drop=0
[QUEUE_STATS] t_ms=5040 q_pkts=1 q_bytes=1504 qdelay_l_ms=1.06406 qdelay_c_ms=0 ecn_mark=19 drop=0
[QUEUE_STATS] t_ms=5056 q_pkts=1 q_bytes=1504 qdelay_l_ms=1.02908 qdelay_c_ms=0 ecn_mark=19 drop=0
[QUEUE_STATS] t_ms=5073 q_pkts=0 q_bytes=0 qdelay_l_ms=0 qdelay_c_ms=0 ecn_mark=19 drop=0
[QUEUE_STATS] t_ms=5088 q_pkts=0 q_bytes=0 qdelay_l_ms=0 qdelay_c_ms=0 ecn_mark=19 drop=0
[QUEUE_STATS] t_ms=5105 q_pkts=1 q_bytes=1504 qdelay_l_ms=1.07565 qdelay_c_ms=0 ecn_mark=19 drop=0
[QUEUE_STATS] t_ms=5120 q_pkts=0 q_bytes=0 qdelay_l_ms=0 qdelay_c_ms=0 ecn_mark=19 drop=0
[QUEUE_STATS] t_ms=5136 q_pkts=1 q_bytes=1504 qdelay_l_ms=1.06028 qdelay_c_ms=0 ecn_mark=19 drop=0
[QUEUE_STATS] t_ms=5152 q_pkts=0 q_bytes=0 qdelay_l_ms=0 qdelay_c_ms=0 ecn_mark=19 drop=0
[QUEUE_STATS] t_ms=5168 q_pkts=0 q_bytes=0 qdelay_l_ms=0 qdelay_c_ms=0 ecn_mark=19 drop=0
[QUEUE_STATS] t_ms=5184 q_pkts=1 q_bytes=1504 qdelay_l_ms=1.06455 qdelay_c_ms=0 ecn_mark=19 drop=0
[QUEUE_STATS] t_ms=5201 q_pkts=0 q_bytes=0 qdelay_l_ms=0 qdelay_c_ms=0 ecn_mark=19 drop=0
[QUEUE_STATS] t_ms=5216 q_pkts=0 q_bytes=0 qdelay_l_ms=0 qdelay_c_ms=0 ecn_mark=19 drop=0
[QUEUE_STATS] t_ms=5232 q_pkts=0 q_bytes=0 qdelay_l_ms=0 qdelay_c_ms=0 ecn_mark=19 drop=0
[QUEUE_STATS] t_ms=5248 q_pkts=0 q_bytes=0 qdelay_l_ms=0 qdelay_c_ms=0 ecn_mark=19 drop=0
[QUEUE_STATS] t_ms=5264 q_pkts=1 q_bytes=1504 qdelay_l_ms=1.06395 qdelay_c_ms=0 ecn_mark=19 drop=0
[QUEUE_STATS] t_ms=5280 q_pkts=0 q_bytes=0 qdelay_l_ms=0 qdelay_c_ms=0 ecn_mark=19 drop=0
[QUEUE_STATS] t_ms=5296 q_pkts=1 q_bytes=1504 qdelay_l_ms=1.06253 qdelay_c_ms=0 ecn_mark=19 drop=0
[QUEUE_STATS] t_ms=5312 q_pkts=0 q_bytes=0 qdelay_l_ms=0 qdelay_c_ms=0 ecn_mark=19 drop=0
[QUEUE_STATS] t_ms=5330 q_pkts=0 q_bytes=0 qdelay_l_ms=0 qdelay_c_ms=0 ecn_mark=19 drop=0
[QUEUE_STATS] t_ms=5344 q_pkts=0 q_bytes=0 qdelay_l_ms=0 qdelay_c_ms=0 ecn_mark=19 drop=0
[QUEUE_STATS] t_ms=5360 q_pkts=1 q_bytes=1504 qdelay_l_ms=1.06557 qdelay_c_ms=0 ecn_mark=19 drop=0
[QUEUE_STATS] t_ms=5377 q_pkts=1 q_bytes=1504 qdelay_l_ms=1.08506 qdelay_c_ms=0 ecn_mark=19 drop=0
[QUEUE_STATS] t_ms=5393 q_pkts=1 q_bytes=1504 qdelay_l_ms=1.06357 qdelay_c_ms=0 ecn_mark=19 drop=0
[QUEUE_STATS] t_ms=5408 q_pkts=1 q_bytes=1504 qdelay_l_ms=1.06314 qdelay_c_ms=0 ecn_mark=19 drop=0
[QUEUE_STATS] t_ms=5424 q_pkts=1 q_bytes=1504 qdelay_l_ms=1.07506 qdelay_c_ms=0 ecn_mark=19 drop=0
[QUEUE_STATS] t_ms=5440 q_pkts=0 q_bytes=0 qdelay_l_ms=0 qdelay_c_ms=0 ecn_mark=19 drop=0
[QUEUE_STATS] t_ms=5456 q_pkts=16 q_bytes=24064 qdelay_l_ms=1.10259 qdelay_c_ms=1.09968 ecn_mark=19 drop=0
[QUEUE_STATS] t_ms=5474 q_pkts=0 q_bytes=0 qdelay_l_ms=0 qdelay_c_ms=0 ecn_mark=19 drop=0
[QUEUE_STATS] t_ms=5488 q_pkts=0 q_bytes=0 qdelay_l_ms=0 qdelay_c_ms=0 ecn_mark=19 drop=0
[QUEUE_STATS] t_ms=5505 q_pkts=0 q_bytes=0 qdelay_l_ms=0 qdelay_c_ms=0 ecn_mark=19 drop=0
[QUEUE_STATS] t_ms=5521 q_pkts=0 q_bytes=0 qdelay_l_ms=0 qdelay_c_ms=0 ecn_mark=19 drop=0
[QUEUE_STATS] t_ms=5536 q_pkts=0 q_bytes=0 qdelay_l_ms=0 qdelay_c_ms=0 ecn_mark=19 drop=0
[QUEUE_STATS] t_ms=5552 q_pkts=1 q_bytes=1504 qdelay_l_ms=1.06581 qdelay_c_ms=0 ecn_mark=19 drop=0
[QUEUE_STATS] t_ms=5568 q_pkts=0 q_bytes=0 qdelay_l_ms=0 qdelay_c_ms=0 ecn_mark=19 drop=0
[QUEUE_STATS] t_ms=5584 q_pkts=1 q_bytes=1504 qdelay_l_ms=1.06358 qdelay_c_ms=0 ecn_mark=19 drop=0
[QUEUE_STATS] t_ms=5600 q_pkts=1 q_bytes=1504 qdelay_l_ms=1.06279 qdelay_c_ms=0 ecn_mark=19 drop=0
[QUEUE_STATS] t_ms=5616 q_pkts=0 q_bytes=0 qdelay_l_ms=0 qdelay_c_ms=0 ecn_mark=19 drop=0
[QUEUE_STATS] t_ms=5632 q_pkts=0 q_bytes=0 qdelay_l_ms=0 qdelay_c_ms=0 ecn_mark=19 drop=0
[QUEUE_STATS] t_ms=5648 q_pkts=0 q_bytes=0 qdelay_l_ms=0 qdelay_c_ms=0 ecn_mark=19 drop=0
[QUEUE_STATS] t_ms=5664 q_pkts=1 q_bytes=1504 qdelay_l_ms=1.06499 qdelay_c_ms=0 ecn_mark=19 drop=0
[QUEUE_STATS] t_ms=5680 q_pkts=0 q_bytes=0 qdelay_l_ms=0 qdelay_c_ms=0 ecn_mark=19 drop=0
[QUEUE_STATS] t_ms=5696 q_pkts=0 q_bytes=0 qdelay_l_ms=0 qdelay_c_ms=0 ecn_mark=19 drop=0
[QUEUE_STATS] t_ms=5712 q_pkts=0 q_bytes=0 qdelay_l_ms=0 qdelay_c_ms=0 ecn_mark=19 drop=0
[QUEUE_STATS] t_ms=5728 q_pkts=0 q_bytes=0 qdelay_l_ms=0 qdelay_c_ms=0 ecn_mark=19 drop=0
[QUEUE_STATS] t_ms=5744 q_pkts=1 q_bytes=1504 qdelay_l_ms=1.06523 qdelay_c_ms=0 ecn_mark=19 drop=0
[QUEUE_STATS] t_ms=5760 q_pkts=0 q_bytes=0 qdelay_l_ms=0 qdelay_c_ms=0 ecn_mark=19 drop=0
[QUEUE_STATS] t_ms=5776 q_pkts=0 q_bytes=0 qdelay_l_ms=0 qdelay_c_ms=0 ecn_mark=19 drop=0
[QUEUE_STATS] t_ms=5792 q_pkts=0 q_bytes=0 qdelay_l_ms=0 qdelay_c_ms=0 ecn_mark=19 drop=0
[QUEUE_STATS] t_ms=5809 q_pkts=1 q_bytes=1504 qdelay_l_ms=1.06322 qdelay_c_ms=0 ecn_mark=19 drop=0
[QUEUE_STATS] t_ms=5824 q_pkts=1 q_bytes=1504 qdelay_l_ms=1.07113 qdelay_c_ms=0 ecn_mark=19 drop=0
[QUEUE_STATS] t_ms=5840 q_pkts=1 q_bytes=1504 qdelay_l_ms=1.06031 qdelay_c_ms=0 ecn_mark=19 drop=0
[QUEUE_STATS] t_ms=5856 q_pkts=1 q_bytes=1504 qdelay_l_ms=1.06522 qdelay_c_ms=0 ecn_mark=19 drop=0
[QUEUE_STATS] t_ms=5872 q_pkts=1 q_bytes=1504 qdelay_l_ms=1.06408 qdelay_c_ms=0 ecn_mark=19 drop=0
[QUEUE_STATS] t_ms=5888 q_pkts=1 q_bytes=1504 qdelay_l_ms=1.03959 qdelay_c_ms=0 ecn_mark=19 drop=0
[QUEUE_STATS] t_ms=5904 q_pkts=0 q_bytes=0 qdelay_l_ms=0 qdelay_c_ms=0 ecn_mark=19 drop=0
[QUEUE_STATS] t_ms=5920 q_pkts=0 q_bytes=0 qdelay_l_ms=0 qdelay_c_ms=0 ecn_mark=19 drop=0
[QUEUE_STATS] t_ms=5936 q_pkts=0 q_bytes=0 qdelay_l_ms=0 qdelay_c_ms=0 ecn_mark=19 drop=0
[QUEUE_STATS] t_ms=5952 q_pkts=1 q_bytes=1504 qdelay_l_ms=1.05852 qdelay_c_ms=0 ecn_mark=19 drop=0
[QUEUE_STATS] t_ms=5968 q_pkts=16 q_bytes=24064 qdelay_l_ms=0.764017 qdelay_c_ms=0.759859 ecn_mark=19 drop=0
[QUEUE_STATS] t_ms=5984 q_pkts=1 q_bytes=1504 qdelay_l_ms=1.03964 qdelay_c_ms=0 ecn_mark=19 drop=0
[QUEUE_STATS] t_ms=6000 q_pkts=1 q_bytes=1504 qdelay_l_ms=1.06343 qdelay_c_ms=0 ecn_mark=19 drop=0
[QUEUE_STATS] t_ms=6016 q_pkts=1 q_bytes=1504 qdelay_l_ms=1.05462 qdelay_c_ms=0 ecn_mark=19 drop=0
[QUEUE_STATS] t_ms=6032 q_pkts=1 q_bytes=1504 qdelay_l_ms=1.06316 qdelay_c_ms=0 ecn_mark=19 drop=0
[QUEUE_STATS] t_ms=6048 q_pkts=1 q_bytes=1504 qdelay_l_ms=1.06316 qdelay_c_ms=0 ecn_mark=19 drop=0
[QUEUE_STATS] t_ms=6064 q_pkts=1 q_bytes=1504 qdelay_l_ms=1.01483 qdelay_c_ms=0 ecn_mark=19 drop=0
[QUEUE_STATS] t_ms=6081 q_pkts=0 q_bytes=0 qdelay_l_ms=0 qdelay_c_ms=0 ecn_mark=19 drop=0
[QUEUE_STATS] t_ms=6096 q_pkts=1 q_bytes=1504 qdelay_l_ms=1.02417 qdelay_c_ms=0 ecn_mark=19 drop=0
[QUEUE_STATS] t_ms=6112 q_pkts=1 q_bytes=1504 qdelay_l_ms=1.0254 qdelay_c_ms=0 ecn_mark=19 drop=0
[QUEUE_STATS] t_ms=6128 q_pkts=1 q_bytes=1504 qdelay_l_ms=1.067 qdelay_c_ms=0 ecn_mark=19 drop=0
[QUEUE_STATS] t_ms=6144 q_pkts=0 q_bytes=0 qdelay_l_ms=0 qdelay_c_ms=0 ecn_mark=19 drop=0
[QUEUE_STATS] t_ms=6161 q_pkts=0 q_bytes=0 qdelay_l_ms=0 qdelay_c_ms=0 ecn_mark=19 drop=0
[QUEUE_STATS] t_ms=6176 q_pkts=0 q_bytes=0 qdelay_l_ms=0 qdelay_c_ms=0 ecn_mark=19 drop=0
[QUEUE_STATS] t_ms=6192 q_pkts=0 q_bytes=0 qdelay_l_ms=0 qdelay_c_ms=0 ecn_mark=19 drop=0
[QUEUE_STATS] t_ms=6208 q_pkts=0 q_bytes=0 qdelay_l_ms=0 qdelay_c_ms=0 ecn_mark=19 drop=0
[QUEUE_STATS] t_ms=6224 q_pkts=1 q_bytes=1504 qdelay_l_ms=1.02191 qdelay_c_ms=0 ecn_mark=19 drop=0
[QUEUE_STATS] t_ms=6240 q_pkts=0 q_bytes=0 qdelay_l_ms=0 qdelay_c_ms=0 ecn_mark=19 drop=0
[QUEUE_STATS] t_ms=6256 q_pkts=1 q_bytes=1504 qdelay_l_ms=1.05881 qdelay_c_ms=0 ecn_mark=19 drop=0
[QUEUE_STATS] t_ms=6272 q_pkts=0 q_bytes=0 qdelay_l_ms=0 qdelay_c_ms=0 ecn_mark=19 drop=0
[QUEUE_STATS] t_ms=6288 q_pkts=0 q_bytes=0 qdelay_l_ms=0 qdelay_c_ms=0 ecn_mark=19 drop=0
[QUEUE_STATS] t_ms=6304 q_pkts=1 q_bytes=1504 qdelay_l_ms=1.0638 qdelay_c_ms=0 ecn_mark=19 drop=0
[QUEUE_STATS] t_ms=6320 q_pkts=0 q_bytes=0 qdelay_l_ms=0 qdelay_c_ms=0 ecn_mark=19 drop=0
[QUEUE_STATS] t_ms=6336 q_pkts=1 q_bytes=1504 qdelay_l_ms=1.0306 qdelay_c_ms=0 ecn_mark=19 drop=0
[QUEUE_STATS] t_ms=6352 q_pkts=1 q_bytes=1504 qdelay_l_ms=1.04009 qdelay_c_ms=0 ecn_mark=19 drop=0
[QUEUE_STATS] t_ms=6369 q_pkts=1 q_bytes=1504 qdelay_l_ms=1.05975 qdelay_c_ms=0 ecn_mark=19 drop=0
[QUEUE_STATS] t_ms=6385 q_pkts=0 q_bytes=0 qdelay_l_ms=0 qdelay_c_ms=0 ecn_mark=19 drop=0
[QUEUE_STATS] t_ms=6401 q_pkts=0 q_bytes=0 qdelay_l_ms=0 qdelay_c_ms=0 ecn_mark=19 drop=0
[QUEUE_STATS] t_ms=6417 q_pkts=1 q_bytes=1504 qdelay_l_ms=1.06313 qdelay_c_ms=0 ecn_mark=19 drop=0
[QUEUE_STATS] t_ms=6432 q_pkts=1 q_bytes=1504 qdelay_l_ms=1.04388 qdelay_c_ms=0 ecn_mark=19 drop=0
[QUEUE_STATS] t_ms=6448 q_pkts=1 q_bytes=1504 qdelay_l_ms=1.05848 qdelay_c_ms=0 ecn_mark=19 drop=0
[QUEUE_STATS] t_ms=6464 q_pkts=0 q_bytes=0 qdelay_l_ms=0 qdelay_c_ms=0 ecn_mark=19 drop=0
[QUEUE_STATS] t_ms=6480 q_pkts=1 q_bytes=1504 qdelay_l_ms=0 qdelay_c_ms=0.626258 ecn_mark=19 drop=0
[QUEUE_STATS] t_ms=6497 q_pkts=0 q_bytes=0 qdelay_l_ms=0 qdelay_c_ms=0 ecn_mark=19 drop=0
[QUEUE_STATS] t_ms=6512 q_pkts=0 q_bytes=0 qdelay_l_ms=0 qdelay_c_ms=0 ecn_mark=19 drop=0
[QUEUE_STATS] t_ms=6528 q_pkts=1 q_bytes=1504 qdelay_l_ms=1.05816 qdelay_c_ms=0 ecn_mark=19 drop=0
[QUEUE_STATS] t_ms=6544 q_pkts=0 q_bytes=0 qdelay_l_ms=0 qdelay_c_ms=0 ecn_mark=19 drop=0
[QUEUE_STATS] t_ms=6560 q_pkts=1 q_bytes=1504 qdelay_l_ms=1.01973 qdelay_c_ms=0 ecn_mark=19 drop=0
[QUEUE_STATS] t_ms=6576 q_pkts=0 q_bytes=0 qdelay_l_ms=0 qdelay_c_ms=0 ecn_mark=19 drop=0
[QUEUE_STATS] t_ms=6592 q_pkts=0 q_bytes=0 qdelay_l_ms=0 qdelay_c_ms=0 ecn_mark=19 drop=0
[QUEUE_STATS] t_ms=6608 q_pkts=1 q_bytes=1504 qdelay_l_ms=1.0747 qdelay_c_ms=0 ecn_mark=19 drop=0
[QUEUE_STATS] t_ms=6624 q_pkts=0 q_bytes=0 qdelay_l_ms=0 qdelay_c_ms=0 ecn_mark=19 drop=0
[QUEUE_STATS] t_ms=6640 q_pkts=1 q_bytes=1504 qdelay_l_ms=1.07393 qdelay_c_ms=0 ecn_mark=19 drop=0
[QUEUE_STATS] t_ms=6656 q_pkts=0 q_bytes=0 qdelay_l_ms=0 qdelay_c_ms=0 ecn_mark=19 drop=0
[QUEUE_STATS] t_ms=6672 q_pkts=0 q_bytes=0 qdelay_l_ms=0 qdelay_c_ms=0 ecn_mark=19 drop=0
[QUEUE_STATS] t_ms=6688 q_pkts=3 q_bytes=4512 qdelay_l_ms=0 qdelay_c_ms=1.08551 ecn_mark=19 drop=0
[QUEUE_STATS] t_ms=6704 q_pkts=0 q_bytes=0 qdelay_l_ms=0 qdelay_c_ms=0 ecn_mark=19 drop=0
[QUEUE_STATS] t_ms=6720 q_pkts=0 q_bytes=0 qdelay_l_ms=0 qdelay_c_ms=0 ecn_mark=19 drop=0
[QUEUE_STATS] t_ms=6736 q_pkts=0 q_bytes=0 qdelay_l_ms=0 qdelay_c_ms=0 ecn_mark=19 drop=0
[QUEUE_STATS] t_ms=6752 q_pkts=0 q_bytes=0 qdelay_l_ms=0 qdelay_c_ms=0 ecn_mark=19 drop=0
[QUEUE_STATS] t_ms=6768 q_pkts=1 q_bytes=1504 qdelay_l_ms=0.975636 qdelay_c_ms=0 ecn_mark=19 drop=0
[QUEUE_STATS] t_ms=6784 q_pkts=1 q_bytes=1504 qdelay_l_ms=1.06157 qdelay_c_ms=0 ecn_mark=19 drop=0
[QUEUE_STATS] t_ms=6800 q_pkts=1 q_bytes=1504 qdelay_l_ms=1.06537 qdelay_c_ms=0 ecn_mark=19 drop=0
[QUEUE_STATS] t_ms=6816 q_pkts=1 q_bytes=1504 qdelay_l_ms=1.06631 qdelay_c_ms=0 ecn_mark=19 drop=0
[QUEUE_STATS] t_ms=6832 q_pkts=1 q_bytes=1504 qdelay_l_ms=1.05779 qdelay_c_ms=0 ecn_mark=19 drop=0
[QUEUE_STATS] t_ms=6848 q_pkts=1 q_bytes=1504 qdelay_l_ms=1.08647 qdelay_c_ms=0 ecn_mark=19 drop=0
[QUEUE_STATS] t_ms=6864 q_pkts=0 q_bytes=0 qdelay_l_ms=0 qdelay_c_ms=0 ecn_mark=19 drop=0
[QUEUE_STATS] t_ms=6880 q_pkts=0 q_bytes=0 qdelay_l_ms=0 qdelay_c_ms=0 ecn_mark=19 drop=0
[QUEUE_STATS] t_ms=6896 q_pkts=0 q_bytes=0 qdelay_l_ms=0 qdelay_c_ms=0 ecn_mark=19 drop=0
[QUEUE_STATS] t_ms=6912 q_pkts=1 q_bytes=1504 qdelay_l_ms=1.06342 qdelay_c_ms=0 ecn_mark=19 drop=0
[QUEUE_STATS] t_ms=6928 q_pkts=0 q_bytes=0 qdelay_l_ms=0 qdelay_c_ms=0 ecn_mark=19 drop=0
[QUEUE_STATS] t_ms=6945 q_pkts=0 q_bytes=0 qdelay_l_ms=0 qdelay_c_ms=0 ecn_mark=19 drop=0
[QUEUE_STATS] t_ms=6960 q_pkts=0 q_bytes=0 qdelay_l_ms=0 qdelay_c_ms=0 ecn_mark=19 drop=0
[QUEUE_STATS] t_ms=6976 q_pkts=1 q_bytes=1504 qdelay_l_ms=1.04838 qdelay_c_ms=0 ecn_mark=19 drop=0
[QUEUE_STATS] t_ms=6993 q_pkts=0 q_bytes=0 qdelay_l_ms=0 qdelay_c_ms=0 ecn_mark=19 drop=0
[QUEUE_STATS] t_ms=7008 q_pkts=1 q_bytes=1504 qdelay_l_ms=1.05718 qdelay_c_ms=0 ecn_mark=19 drop=0
[QUEUE_STATS] t_ms=7024 q_pkts=2 q_bytes=3008 qdelay_l_ms=1.72077 qdelay_c_ms=0 ecn_mark=19 drop=0
[QUEUE_STATS] t_ms=7040 q_pkts=1 q_bytes=1504 qdelay_l_ms=1.05986 qdelay_c_ms=0 ecn_mark=19 drop=0
[QUEUE_STATS] t_ms=7057 q_pkts=1 q_bytes=1504 qdelay_l_ms=1.06352 qdelay_c_ms=0 ecn_mark=19 drop=0
[QUEUE_STATS] t_ms=7072 q_pkts=1 q_bytes=1504 qdelay_l_ms=1.06527 qdelay_c_ms=0 ecn_mark=19 drop=0
[QUEUE_STATS] t_ms=7088 q_pkts=1 q_bytes=1504 qdelay_l_ms=1.02555 qdelay_c_ms=0 ecn_mark=19 drop=0
[QUEUE_STATS] t_ms=7104 q_pkts=1 q_bytes=1504 qdelay_l_ms=1.06728 qdelay_c_ms=0 ecn_mark=19 drop=0
[QUEUE_STATS] t_ms=7120 q_pkts=1 q_bytes=1504 qdelay_l_ms=1.07243 qdelay_c_ms=0 ecn_mark=19 drop=0
[QUEUE_STATS] t_ms=7136 q_pkts=0 q_bytes=0 qdelay_l_ms=0 qdelay_c_ms=0 ecn_mark=19 drop=0
[QUEUE_STATS] t_ms=7152 q_pkts=1 q_bytes=1504 qdelay_l_ms=1.06333 qdelay_c_ms=0 ecn_mark=19 drop=0
[QUEUE_STATS] t_ms=7168 q_pkts=1 q_bytes=1504 qdelay_l_ms=1.05578 qdelay_c_ms=0 ecn_mark=19 drop=0
[QUEUE_STATS] t_ms=7184 q_pkts=0 q_bytes=0 qdelay_l_ms=0 qdelay_c_ms=0 ecn_mark=19 drop=0
[QUEUE_STATS] t_ms=7200 q_pkts=1 q_bytes=1504 qdelay_l_ms=1.07681 qdelay_c_ms=0 ecn_mark=19 drop=0
[QUEUE_STATS] t_ms=7217 q_pkts=1 q_bytes=1504 qdelay_l_ms=1.06328 qdelay_c_ms=0 ecn_mark=19 drop=0
[QUEUE_STATS] t_ms=7232 q_pkts=0 q_bytes=0 qdelay_l_ms=0 qdelay_c_ms=0 ecn_mark=19 drop=0
[QUEUE_STATS] t_ms=7249 q_pkts=1 q_bytes=1504 qdelay_l_ms=1.06631 qdelay_c_ms=0 ecn_mark=19 drop=0
[QUEUE_STATS] t_ms=7264 q_pkts=1 q_bytes=1504 qdelay_l_ms=1.06237 qdelay_c_ms=0 ecn_mark=19 drop=0
[QUEUE_STATS] t_ms=7280 q_pkts=0 q_bytes=0 qdelay_l_ms=0 qdelay_c_ms=0 ecn_mark=19 drop=0
[QUEUE_STATS] t_ms=7297 q_pkts=10 q_bytes=15040 qdelay_l_ms=1.06287 qdelay_c_ms=1.46429 ecn_mark=19 drop=0
[QUEUE_STATS] t_ms=7314 q_pkts=0 q_bytes=0 qdelay_l_ms=0 qdelay_c_ms=0 ecn_mark=19 drop=0
[QUEUE_STATS] t_ms=7328 q_pkts=1 q_bytes=1504 qdelay_l_ms=1.02508 qdelay_c_ms=0 ecn_mark=19 drop=0
[QUEUE_STATS] t_ms=7344 q_pkts=0 q_bytes=0 qdelay_l_ms=0 qdelay_c_ms=0 ecn_mark=19 drop=0
[QUEUE_STATS] t_ms=7360 q_pkts=1 q_bytes=1504 qdelay_l_ms=1.06233 qdelay_c_ms=0 ecn_mark=19 drop=0
[QUEUE_STATS] t_ms=7376 q_pkts=0 q_bytes=0 qdelay_l_ms=0 qdelay_c_ms=0 ecn_mark=19 drop=0
[QUEUE_STATS] t_ms=7392 q_pkts=0 q_bytes=0 qdelay_l_ms=0 qdelay_c_ms=0 ecn_mark=19 drop=0
[QUEUE_STATS] t_ms=7408 q_pkts=1 q_bytes=1504 qdelay_l_ms=1.06008 qdelay_c_ms=0 ecn_mark=19 drop=0
[QUEUE_STATS] t_ms=7424 q_pkts=1 q_bytes=1504 qdelay_l_ms=1.04791 qdelay_c_ms=0 ecn_mark=19 drop=0
[QUEUE_STATS] t_ms=7441 q_pkts=1 q_bytes=1504 qdelay_l_ms=1.06535 qdelay_c_ms=0 ecn_mark=19 drop=0
[QUEUE_STATS] t_ms=7456 q_pkts=1 q_bytes=1504 qdelay_l_ms=1.05365 qdelay_c_ms=0 ecn_mark=19 drop=0
[QUEUE_STATS] t_ms=7472 q_pkts=2 q_bytes=3008 qdelay_l_ms=1.06286 qdelay_c_ms=0 ecn_mark=19 drop=0
[QUEUE_STATS] t_ms=7488 q_pkts=1 q_bytes=1504 qdelay_l_ms=0.668397 qdelay_c_ms=0 ecn_mark=19 drop=0
[QUEUE_STATS] t_ms=7504 q_pkts=1 q_bytes=1504 qdelay_l_ms=1.06691 qdelay_c_ms=0 ecn_mark=19 drop=0
[QUEUE_STATS] t_ms=7520 q_pkts=1 q_bytes=1504 qdelay_l_ms=1.06432 qdelay_c_ms=0 ecn_mark=19 drop=0
[QUEUE_STATS] t_ms=7536 q_pkts=1 q_bytes=1504 qdelay_l_ms=1.07455 qdelay_c_ms=0 ecn_mark=19 drop=0
[QUEUE_STATS] t_ms=7552 q_pkts=1 q_bytes=1504 qdelay_l_ms=1.07306 qdelay_c_ms=0 ecn_mark=19 drop=0
[QUEUE_STATS] t_ms=7568 q_pkts=1 q_bytes=1504 qdelay_l_ms=1.07325 qdelay_c_ms=0 ecn_mark=19 drop=0
[QUEUE_STATS] t_ms=7584 q_pkts=0 q_bytes=0 qdelay_l_ms=0 qdelay_c_ms=0 ecn_mark=19 drop=0
[QUEUE_STATS] t_ms=7600 q_pkts=0 q_bytes=0 qdelay_l_ms=0 qdelay_c_ms=0 ecn_mark=19 drop=0
[QUEUE_STATS] t_ms=7617 q_pkts=0 q_bytes=0 qdelay_l_ms=0 qdelay_c_ms=0 ecn_mark=19 drop=0
[QUEUE_STATS] t_ms=7632 q_pkts=0 q_bytes=0 qdelay_l_ms=0 qdelay_c_ms=0 ecn_mark=19 drop=0
[QUEUE_STATS] t_ms=7648 q_pkts=1 q_bytes=1504 qdelay_l_ms=1.06301 qdelay_c_ms=0 ecn_mark=19 drop=0
[QUEUE_STATS] t_ms=7664 q_pkts=0 q_bytes=0 qdelay_l_ms=0 qdelay_c_ms=0 ecn_mark=19 drop=0
[QUEUE_STATS] t_ms=7680 q_pkts=1 q_bytes=1504 qdelay_l_ms=1.01106 qdelay_c_ms=0 ecn_mark=19 drop=0
[QUEUE_STATS] t_ms=7696 q_pkts=1 q_bytes=1504 qdelay_l_ms=1.05704 qdelay_c_ms=0 ecn_mark=19 drop=0
[QUEUE_STATS] t_ms=7712 q_pkts=1 q_bytes=1504 qdelay_l_ms=1.06366 qdelay_c_ms=0 ecn_mark=19 drop=0
[QUEUE_STATS] t_ms=7728 q_pkts=1 q_bytes=1504 qdelay_l_ms=1.06485 qdelay_c_ms=0 ecn_mark=19 drop=0
[QUEUE_STATS] t_ms=7745 q_pkts=1 q_bytes=1504 qdelay_l_ms=1.06346 qdelay_c_ms=0 ecn_mark=19 drop=0
[QUEUE_STATS] t_ms=7760 q_pkts=1 q_bytes=1504 qdelay_l_ms=1.06292 qdelay_c_ms=0 ecn_mark=19 drop=0
[QUEUE_STATS] t_ms=7776 q_pkts=1 q_bytes=1504 qdelay_l_ms=1.03105 qdelay_c_ms=0 ecn_mark=19 drop=0
[QUEUE_STATS] t_ms=7792 q_pkts=1 q_bytes=1504 qdelay_l_ms=1.0762 qdelay_c_ms=0 ecn_mark=19 drop=0
[QUEUE_STATS] t_ms=7808 q_pkts=21 q_bytes=31584 qdelay_l_ms=1.07985 qdelay_c_ms=1.16234 ecn_mark=19 drop=0
[QUEUE_STATS] t_ms=7825 q_pkts=0 q_bytes=0 qdelay_l_ms=0 qdelay_c_ms=0 ecn_mark=19 drop=0
[QUEUE_STATS] t_ms=7840 q_pkts=1 q_bytes=1504 qdelay_l_ms=1.06276 qdelay_c_ms=0 ecn_mark=19 drop=0
[QUEUE_STATS] t_ms=7856 q_pkts=1 q_bytes=1504 qdelay_l_ms=1.05935 qdelay_c_ms=0 ecn_mark=19 drop=0
[QUEUE_STATS] t_ms=7872 q_pkts=0 q_bytes=0 qdelay_l_ms=0 qdelay_c_ms=0 ecn_mark=19 drop=0
[QUEUE_STATS] t_ms=7888 q_pkts=0 q_bytes=0 qdelay_l_ms=0 qdelay_c_ms=0 ecn_mark=19 drop=0
[QUEUE_STATS] t_ms=7904 q_pkts=1 q_bytes=1504 qdelay_l_ms=1.06289 qdelay_c_ms=0 ecn_mark=19 drop=0
[QUEUE_STATS] t_ms=7920 q_pkts=0 q_bytes=0 qdelay_l_ms=0 qdelay_c_ms=0 ecn_mark=19 drop=0
[QUEUE_STATS] t_ms=7936 q_pkts=1 q_bytes=1504 qdelay_l_ms=1.06168 qdelay_c_ms=0 ecn_mark=19 drop=0
[QUEUE_STATS] t_ms=7954 q_pkts=0 q_bytes=0 qdelay_l_ms=0 qdelay_c_ms=0 ecn_mark=19 drop=0
[QUEUE_STATS] t_ms=7968 q_pkts=1 q_bytes=1504 qdelay_l_ms=1.07305 qdelay_c_ms=0 ecn_mark=19 drop=0
[QUEUE_STATS] t_ms=7984 q_pkts=1 q_bytes=1504 qdelay_l_ms=1.05343 qdelay_c_ms=0 ecn_mark=19 drop=0
[QUEUE_STATS] t_ms=8000 q_pkts=2 q_bytes=3008 qdelay_l_ms=1.07442 qdelay_c_ms=1.07909 ecn_mark=19 drop=0
[QUEUE_STATS] t_ms=8016 q_pkts=2 q_bytes=3008 qdelay_l_ms=1.06948 qdelay_c_ms=1.06608 ecn_mark=19 drop=0
[QUEUE_STATS] t_ms=8034 q_pkts=0 q_bytes=0 qdelay_l_ms=0 qdelay_c_ms=0 ecn_mark=19 drop=0
[QUEUE_STATS] t_ms=8049 q_pkts=1 q_bytes=1504 qdelay_l_ms=1.05953 qdelay_c_ms=0 ecn_mark=19 drop=0
[QUEUE_STATS] t_ms=8064 q_pkts=1 q_bytes=1504 qdelay_l_ms=1.05734 qdelay_c_ms=0 ecn_mark=19 drop=0
[QUEUE_STATS] t_ms=8081 q_pkts=0 q_bytes=0 qdelay_l_ms=0 qdelay_c_ms=0 ecn_mark=19 drop=0
[QUEUE_STATS] t_ms=8096 q_pkts=1 q_bytes=1504 qdelay_l_ms=1.0667 qdelay_c_ms=0 ecn_mark=19 drop=0
[QUEUE_STATS] t_ms=8112 q_pkts=1 q_bytes=1504 qdelay_l_ms=1.02693 qdelay_c_ms=0 ecn_mark=19 drop=0
[QUEUE_STATS] t_ms=8128 q_pkts=0 q_bytes=0 qdelay_l_ms=0 qdelay_c_ms=0 ecn_mark=19 drop=0
[QUEUE_STATS] t_ms=8145 q_pkts=0 q_bytes=0 qdelay_l_ms=0 qdelay_c_ms=0 ecn_mark=19 drop=0
[QUEUE_STATS] t_ms=8161 q_pkts=0 q_bytes=0 qdelay_l_ms=0 qdelay_c_ms=0 ecn_mark=19 drop=0
[QUEUE_STATS] t_ms=8176 q_pkts=1 q_bytes=1504 qdelay_l_ms=1.05567 qdelay_c_ms=0 ecn_mark=19 drop=0
[QUEUE_STATS] t_ms=8192 q_pkts=1 q_bytes=1504 qdelay_l_ms=1.05909 qdelay_c_ms=0 ecn_mark=19 drop=0
[QUEUE_STATS] t_ms=8208 q_pkts=0 q_bytes=0 qdelay_l_ms=0 qdelay_c_ms=0 ecn_mark=19 drop=0
[QUEUE_STATS] t_ms=8225 q_pkts=0 q_bytes=0 qdelay_l_ms=0 qdelay_c_ms=0 ecn_mark=19 drop=0
[QUEUE_STATS] t_ms=8240 q_pkts=1 q_bytes=1504 qdelay_l_ms=1.05996 qdelay_c_ms=0 ecn_mark=19 drop=0
[QUEUE_STATS] t_ms=8256 q_pkts=0 q_bytes=0 qdelay_l_ms=0 qdelay_c_ms=0 ecn_mark=19 drop=0
[QUEUE_STATS] t_ms=8273 q_pkts=0 q_bytes=0 qdelay_l_ms=0 qdelay_c_ms=0 ecn_mark=19 drop=0
[QUEUE_STATS] t_ms=8288 q_pkts=1 q_bytes=1504 qdelay_l_ms=1.06342 qdelay_c_ms=0 ecn_mark=19 drop=0
[QUEUE_STATS] t_ms=8304 q_pkts=1 q_bytes=1504 qdelay_l_ms=1.06759 qdelay_c_ms=0 ecn_mark=19 drop=0
[QUEUE_STATS] t_ms=8320 q_pkts=4 q_bytes=6016 qdelay_l_ms=0 qdelay_c_ms=2.10719 ecn_mark=19 drop=0
[QUEUE_STATS] t_ms=8337 q_pkts=0 q_bytes=0 qdelay_l_ms=0 qdelay_c_ms=0 ecn_mark=19 drop=0
[QUEUE_STATS] t_ms=8352 q_pkts=2 q_bytes=3008 qdelay_l_ms=1.06595 qdelay_c_ms=0 ecn_mark=19 drop=0
[QUEUE_STATS] t_ms=8368 q_pkts=1 q_bytes=1504 qdelay_l_ms=1.10038 qdelay_c_ms=0 ecn_mark=19 drop=0
[QUEUE_STATS] t_ms=8384 q_pkts=1 q_bytes=1504 qdelay_l_ms=1.06392 qdelay_c_ms=0 ecn_mark=19 drop=0
[QUEUE_STATS] t_ms=8400 q_pkts=2 q_bytes=3008 qdelay_l_ms=1.06909 qdelay_c_ms=0 ecn_mark=19 drop=0
[QUEUE_STATS] t_ms=8416 q_pkts=0 q_bytes=0 qdelay_l_ms=0 qdelay_c_ms=0 ecn_mark=19 drop=0
[QUEUE_STATS] t_ms=8432 q_pkts=0 q_bytes=0 qdelay_l_ms=0 qdelay_c_ms=0 ecn_mark=19 drop=0
[QUEUE_STATS] t_ms=8448 q_pkts=1 q_bytes=1504 qdelay_l_ms=1.05986 qdelay_c_ms=0 ecn_mark=19 drop=0
[QUEUE_STATS] t_ms=8464 q_pkts=1 q_bytes=1504 qdelay_l_ms=1.06262 qdelay_c_ms=0 ecn_mark=19 drop=0
[QUEUE_STATS] t_ms=8480 q_pkts=0 q_bytes=0 qdelay_l_ms=0 qdelay_c_ms=0 ecn_mark=19 drop=0
[QUEUE_STATS] t_ms=8496 q_pkts=0 q_bytes=0 qdelay_l_ms=0 qdelay_c_ms=0 ecn_mark=19 drop=0
[QUEUE_STATS] t_ms=8512 q_pkts=0 q_bytes=0 qdelay_l_ms=0 qdelay_c_ms=0 ecn_mark=19 drop=0
[QUEUE_STATS] t_ms=8528 q_pkts=1 q_bytes=1504 qdelay_l_ms=1.06403 qdelay_c_ms=0 ecn_mark=19 drop=0
[QUEUE_STATS] t_ms=8545 q_pkts=1 q_bytes=1504 qdelay_l_ms=1.06292 qdelay_c_ms=0 ecn_mark=19 drop=0
[QUEUE_STATS] t_ms=8560 q_pkts=0 q_bytes=0 qdelay_l_ms=0 qdelay_c_ms=0 ecn_mark=19 drop=0
[QUEUE_STATS] t_ms=8576 q_pkts=1 q_bytes=1504 qdelay_l_ms=0.778956 qdelay_c_ms=0 ecn_mark=19 drop=0
[QUEUE_STATS] t_ms=8592 q_pkts=1 q_bytes=1504 qdelay_l_ms=1.06158 qdelay_c_ms=0 ecn_mark=19 drop=0
[QUEUE_STATS] t_ms=8608 q_pkts=1 q_bytes=1504 qdelay_l_ms=1.059 qdelay_c_ms=0 ecn_mark=19 drop=0
[QUEUE_STATS] t_ms=8624 q_pkts=17 q_bytes=25568 qdelay_l_ms=1.00444 qdelay_c_ms=1.06798 ecn_mark=19 drop=0
[QUEUE_STATS] t_ms=8640 q_pkts=1 q_bytes=1504 qdelay_l_ms=1.06469 qdelay_c_ms=0 ecn_mark=19 drop=0
[QUEUE_STATS] t_ms=8656 q_pkts=0 q_bytes=0 qdelay_l_ms=0 qdelay_c_ms=0 ecn_mark=19 drop=0
[QUEUE_STATS] t_ms=8672 q_pkts=0 q_bytes=0 qdelay_l_ms=0 qdelay_c_ms=0 ecn_mark=19 drop=0
[QUEUE_STATS] t_ms=8688 q_pkts=2 q_bytes=3008 qdelay_l_ms=1.06648 qdelay_c_ms=0 ecn_mark=19 drop=0
[QUEUE_STATS] t_ms=8704 q_pkts=1 q_bytes=1504 qdelay_l_ms=1.06605 qdelay_c_ms=0 ecn_mark=19 drop=0
[QUEUE_STATS] t_ms=8720 q_pkts=1 q_bytes=1504 qdelay_l_ms=1.06555 qdelay_c_ms=0 ecn_mark=19 drop=0
[QUEUE_STATS] t_ms=8736 q_pkts=1 q_bytes=1504 qdelay_l_ms=1.06837 qdelay_c_ms=0 ecn_mark=19 drop=0
[QUEUE_STATS] t_ms=8753 q_pkts=0 q_bytes=0 qdelay_l_ms=0 qdelay_c_ms=0 ecn_mark=19 drop=0
[QUEUE_STATS] t_ms=8769 q_pkts=1 q_bytes=1504 qdelay_l_ms=1.0626 qdelay_c_ms=0 ecn_mark=19 drop=0
[QUEUE_STATS] t_ms=8785 q_pkts=1 q_bytes=1504 qdelay_l_ms=1.06286 qdelay_c_ms=0 ecn_mark=19 drop=0
[QUEUE_STATS] t_ms=8800 q_pkts=1 q_bytes=1504 qdelay_l_ms=1.0587 qdelay_c_ms=0 ecn_mark=19 drop=0
[QUEUE_STATS] t_ms=8816 q_pkts=0 q_bytes=0 qdelay_l_ms=0 qdelay_c_ms=0 ecn_mark=19 drop=0
[QUEUE_STATS] t_ms=8833 q_pkts=0 q_bytes=0 qdelay_l_ms=0 qdelay_c_ms=0 ecn_mark=19 drop=0
[QUEUE_STATS] t_ms=8849 q_pkts=1 q_bytes=1504 qdelay_l_ms=1.06312 qdelay_c_ms=0 ecn_mark=19 drop=0
[QUEUE_STATS] t_ms=8864 q_pkts=2 q_bytes=3008 qdelay_l_ms=1.06065 qdelay_c_ms=0 ecn_mark=19 drop=0
[QUEUE_STATS] t_ms=8880 q_pkts=0 q_bytes=0 qdelay_l_ms=0 qdelay_c_ms=0 ecn_mark=19 drop=0
[QUEUE_STATS] t_ms=8896 q_pkts=0 q_bytes=0 qdelay_l_ms=0 qdelay_c_ms=0 ecn_mark=19 drop=0
[QUEUE_STATS] t_ms=8912 q_pkts=1 q_bytes=1504 qdelay_l_ms=1.0623 qdelay_c_ms=0 ecn_mark=19 drop=0
[QUEUE_STATS] t_ms=8928 q_pkts=1 q_bytes=1504 qdelay_l_ms=1.06287 qdelay_c_ms=0 ecn_mark=19 drop=0
[QUEUE_STATS] t_ms=8944 q_pkts=1 q_bytes=1504 qdelay_l_ms=1.05966 qdelay_c_ms=0 ecn_mark=19 drop=0
[QUEUE_STATS] t_ms=8960 q_pkts=1 q_bytes=1504 qdelay_l_ms=1.06355 qdelay_c_ms=0 ecn_mark=19 drop=0
[QUEUE_STATS] t_ms=8976 q_pkts=0 q_bytes=0 qdelay_l_ms=0 qdelay_c_ms=0 ecn_mark=19 drop=0
[QUEUE_STATS] t_ms=8993 q_pkts=0 q_bytes=0 qdelay_l_ms=0 qdelay_c_ms=0 ecn_mark=19 drop=0
[QUEUE_STATS] t_ms=9008 q_pkts=1 q_bytes=1504 qdelay_l_ms=1.06374 qdelay_c_ms=0 ecn_mark=19 drop=0
[QUEUE_STATS] t_ms=9024 q_pkts=1 q_bytes=1504 qdelay_l_ms=1.06031 qdelay_c_ms=0 ecn_mark=19 drop=0
[QUEUE_STATS] t_ms=9040 q_pkts=0 q_bytes=0 qdelay_l_ms=0 qdelay_c_ms=0 ecn_mark=19 drop=0
[QUEUE_STATS] t_ms=9056 q_pkts=1 q_bytes=1504 qdelay_l_ms=1.06643 qdelay_c_ms=0 ecn_mark=19 drop=0
[QUEUE_STATS] t_ms=9073 q_pkts=1 q_bytes=1504 qdelay_l_ms=1.07617 qdelay_c_ms=0 ecn_mark=19 drop=0
[QUEUE_STATS] t_ms=9088 q_pkts=1 q_bytes=1504 qdelay_l_ms=1.0588 qdelay_c_ms=0 ecn_mark=19 drop=0
[QUEUE_STATS] t_ms=9104 q_pkts=1 q_bytes=1504 qdelay_l_ms=1.06232 qdelay_c_ms=0 ecn_mark=19 drop=0
[QUEUE_STATS] t_ms=9120 q_pkts=0 q_bytes=0 qdelay_l_ms=0 qdelay_c_ms=0 ecn_mark=19 drop=0
[QUEUE_STATS] t_ms=9136 q_pkts=21 q_bytes=31584 qdelay_l_ms=1.05772 qdelay_c_ms=1.66943 ecn_mark=19 drop=0
[QUEUE_STATS] t_ms=9152 q_pkts=1 q_bytes=1504 qdelay_l_ms=1.06564 qdelay_c_ms=0 ecn_mark=19 drop=0
[QUEUE_STATS] t_ms=9168 q_pkts=0 q_bytes=0 qdelay_l_ms=0 qdelay_c_ms=0 ecn_mark=19 drop=0
[QUEUE_STATS] t_ms=9185 q_pkts=0 q_bytes=0 qdelay_l_ms=0 qdelay_c_ms=0 ecn_mark=20 drop=0
[QUEUE_STATS] t_ms=9200 q_pkts=1 q_bytes=1504 qdelay_l_ms=1.05997 qdelay_c_ms=0 ecn_mark=20 drop=0
[QUEUE_STATS] t_ms=9216 q_pkts=1 q_bytes=1504 qdelay_l_ms=1.06687 qdelay_c_ms=0 ecn_mark=20 drop=0
[QUEUE_STATS] t_ms=9232 q_pkts=1 q_bytes=1504 qdelay_l_ms=1.03968 qdelay_c_ms=0 ecn_mark=20 drop=0
[QUEUE_STATS] t_ms=9248 q_pkts=1 q_bytes=1504 qdelay_l_ms=1.06278 qdelay_c_ms=0 ecn_mark=20 drop=0
[QUEUE_STATS] t_ms=9264 q_pkts=1 q_bytes=1504 qdelay_l_ms=1.06278 qdelay_c_ms=0 ecn_mark=20 drop=0
[QUEUE_STATS] t_ms=9280 q_pkts=2 q_bytes=3008 qdelay_l_ms=1.06745 qdelay_c_ms=0 ecn_mark=20 drop=0
[QUEUE_STATS] t_ms=9296 q_pkts=1 q_bytes=1504 qdelay_l_ms=1.06922 qdelay_c_ms=0 ecn_mark=20 drop=0
[QUEUE_STATS] t_ms=9312 q_pkts=1 q_bytes=1504 qdelay_l_ms=1.06275 qdelay_c_ms=0 ecn_mark=20 drop=0
[QUEUE_STATS] t_ms=9328 q_pkts=1 q_bytes=1504 qdelay_l_ms=1.06405 qdelay_c_ms=0 ecn_mark=20 drop=0
[QUEUE_STATS] t_ms=9344 q_pkts=21 q_bytes=31584 qdelay_l_ms=1.05091 qdelay_c_ms=2.1586 ecn_mark=20 drop=0
[QUEUE_STATS] t_ms=9361 q_pkts=0 q_bytes=0 qdelay_l_ms=0 qdelay_c_ms=0 ecn_mark=20 drop=0
[QUEUE_STATS] t_ms=9376 q_pkts=1 q_bytes=1504 qdelay_l_ms=1.06396 qdelay_c_ms=0 ecn_mark=20 drop=0
[QUEUE_STATS] t_ms=9392 q_pkts=11 q_bytes=16544 qdelay_l_ms=1.08444 qdelay_c_ms=2.1143 ecn_mark=20 drop=0
[QUEUE_STATS] t_ms=9408 q_pkts=0 q_bytes=0 qdelay_l_ms=0 qdelay_c_ms=0 ecn_mark=20 drop=0
[QUEUE_STATS] t_ms=9424 q_pkts=0 q_bytes=0 qdelay_l_ms=0 qdelay_c_ms=0 ecn_mark=20 drop=0
[QUEUE_STATS] t_ms=9440 q_pkts=1 q_bytes=1504 qdelay_l_ms=0.660102 qdelay_c_ms=0 ecn_mark=20 drop=0
[QUEUE_STATS] t_ms=9456 q_pkts=1 q_bytes=1504 qdelay_l_ms=1.0216 qdelay_c_ms=0 ecn_mark=20 drop=0
[QUEUE_STATS] t_ms=9472 q_pkts=1 q_bytes=1504 qdelay_l_ms=1.05519 qdelay_c_ms=0 ecn_mark=20 drop=0
[QUEUE_STATS] t_ms=9488 q_pkts=0 q_bytes=0 qdelay_l_ms=0 qdelay_c_ms=0 ecn_mark=20 drop=0
[QUEUE_STATS] t_ms=9504 q_pkts=1 q_bytes=1504 qdelay_l_ms=1.07144 qdelay_c_ms=0 ecn_mark=20 drop=0
[QUEUE_STATS] t_ms=9520 q_pkts=1 q_bytes=1504 qdelay_l_ms=1.06271 qdelay_c_ms=0 ecn_mark=20 drop=0
[QUEUE_STATS] t_ms=9536 q_pkts=1 q_bytes=1504 qdelay_l_ms=0.973441 qdelay_c_ms=0 ecn_mark=20 drop=0
[QUEUE_STATS] t_ms=9552 q_pkts=1 q_bytes=1504 qdelay_l_ms=1.05856 qdelay_c_ms=0 ecn_mark=20 drop=0
[QUEUE_STATS] t_ms=9569 q_pkts=0 q_bytes=0 qdelay_l_ms=0 qdelay_c_ms=0 ecn_mark=20 drop=0
[QUEUE_STATS] t_ms=9584 q_pkts=1 q_bytes=1504 qdelay_l_ms=1.03706 qdelay_c_ms=0 ecn_mark=20 drop=0
[QUEUE_STATS] t_ms=9600 q_pkts=1 q_bytes=1504 qdelay_l_ms=1.01583 qdelay_c_ms=0 ecn_mark=20 drop=0
[QUEUE_STATS] t_ms=9616 q_pkts=2 q_bytes=3008 qdelay_l_ms=1.06616 qdelay_c_ms=0 ecn_mark=20 drop=0
[QUEUE_STATS] t_ms=9632 q_pkts=1 q_bytes=1504 qdelay_l_ms=1.02932 qdelay_c_ms=0 ecn_mark=20 drop=0
[QUEUE_STATS] t_ms=9648 q_pkts=2 q_bytes=3008 qdelay_l_ms=0 qdelay_c_ms=0.029706 ecn_mark=20 drop=0
[QUEUE_STATS] t_ms=9664 q_pkts=1 q_bytes=1504 qdelay_l_ms=1.06267 qdelay_c_ms=0 ecn_mark=20 drop=0
[QUEUE_STATS] t_ms=9680 q_pkts=1 q_bytes=1504 qdelay_l_ms=1.07771 qdelay_c_ms=0 ecn_mark=20 drop=0
[QUEUE_STATS] t_ms=9696 q_pkts=1 q_bytes=1504 qdelay_l_ms=1.05852 qdelay_c_ms=0 ecn_mark=20 drop=0
[QUEUE_STATS] t_ms=9712 q_pkts=1 q_bytes=1504 qdelay_l_ms=1.05819 qdelay_c_ms=0 ecn_mark=20 drop=0
[QUEUE_STATS] t_ms=9728 q_pkts=1 q_bytes=1504 qdelay_l_ms=1.035 qdelay_c_ms=0 ecn_mark=20 drop=0
[QUEUE_STATS] t_ms=9744 q_pkts=1 q_bytes=1504 qdelay_l_ms=1.05853 qdelay_c_ms=0 ecn_mark=20 drop=0
[QUEUE_STATS] t_ms=9760 q_pkts=1 q_bytes=1504 qdelay_l_ms=1.07534 qdelay_c_ms=0 ecn_mark=20 drop=0
[QUEUE_STATS] t_ms=9776 q_pkts=1 q_bytes=1504 qdelay_l_ms=1.06379 qdelay_c_ms=0 ecn_mark=20 drop=0
[QUEUE_STATS] t_ms=9792 q_pkts=2 q_bytes=3008 qdelay_l_ms=1.06369 qdelay_c_ms=1.06958 ecn_mark=20 drop=0
[QUEUE_STATS] t_ms=9808 q_pkts=1 q_bytes=1504 qdelay_l_ms=1.05829 qdelay_c_ms=0 ecn_mark=20 drop=0
[QUEUE_STATS] t_ms=9824 q_pkts=1 q_bytes=1504 qdelay_l_ms=1.06178 qdelay_c_ms=0 ecn_mark=20 drop=0
[QUEUE_STATS] t_ms=9840 q_pkts=1 q_bytes=1504 qdelay_l_ms=1.07373 qdelay_c_ms=0 ecn_mark=20 drop=0
[QUEUE_STATS] t_ms=9856 q_pkts=37 q_bytes=55648 qdelay_l_ms=0.991425 qdelay_c_ms=1.06339 ecn_mark=20 drop=0
[QUEUE_STATS] t_ms=9872 q_pkts=1 q_bytes=1504 qdelay_l_ms=1.06279 qdelay_c_ms=0 ecn_mark=20 drop=0
[QUEUE_STATS] t_ms=9888 q_pkts=1 q_bytes=1504 qdelay_l_ms=1.06014 qdelay_c_ms=0 ecn_mark=20 drop=0
[QUEUE_STATS] t_ms=9904 q_pkts=18 q_bytes=27072 qdelay_l_ms=1.02277 qdelay_c_ms=1.07133 ecn_mark=20 drop=0
[QUEUE_STATS] t_ms=9920 q_pkts=1 q_bytes=1504 qdelay_l_ms=1.05787 qdelay_c_ms=0 ecn_mark=20 drop=0
[QUEUE_STATS] t_ms=9936 q_pkts=0 q_bytes=0 qdelay_l_ms=0 qdelay_c_ms=0 ecn_mark=20 drop=0
[QUEUE_STATS] t_ms=9952 q_pkts=1 q_bytes=1504 qdelay_l_ms=1.0554 qdelay_c_ms=0 ecn_mark=20 drop=0
[QUEUE_STATS] t_ms=9968 q_pkts=1 q_bytes=1504 qdelay_l_ms=1.06827 qdelay_c_ms=0 ecn_mark=20 drop=0
[QUEUE_STATS] t_ms=9984 q_pkts=2 q_bytes=3008 qdelay_l_ms=1.06134 qdelay_c_ms=0 ecn_mark=20 drop=0
[QUEUE_STATS] t_ms=10000 q_pkts=1 q_bytes=1504 qdelay_l_ms=1.02134 qdelay_c_ms=0 ecn_mark=20 drop=0
[QUEUE_STATS] t_ms=10016 q_pkts=1 q_bytes=1504 qdelay_l_ms=1.01368 qdelay_c_ms=0 ecn_mark=20 drop=0
[QUEUE_STATS] t_ms=10032 q_pkts=1 q_bytes=1504 qdelay_l_ms=1.04627 qdelay_c_ms=0 ecn_mark=20 drop=0
[QUEUE_STATS] t_ms=10048 q_pkts=1 q_bytes=1504 qdelay_l_ms=1.07813 qdelay_c_ms=0 ecn_mark=20 drop=0
[QUEUE_STATS] t_ms=10064 q_pkts=19 q_bytes=28576 qdelay_l_ms=1.09324 qdelay_c_ms=3.16433 ecn_mark=20 drop=0
[QUEUE_STATS] t_ms=10080 q_pkts=1 q_bytes=1504 qdelay_l_ms=1.04394 qdelay_c_ms=0 ecn_mark=20 drop=0
[QUEUE_STATS] t_ms=10096 q_pkts=1 q_bytes=1504 qdelay_l_ms=1.06153 qdelay_c_ms=0 ecn_mark=20 drop=0
[QUEUE_STATS] t_ms=10112 q_pkts=1 q_bytes=1504 qdelay_l_ms=1.06114 qdelay_c_ms=0 ecn_mark=20 drop=0
[QUEUE_STATS] t_ms=10128 q_pkts=1 q_bytes=1504 qdelay_l_ms=1.06169 qdelay_c_ms=0 ecn_mark=20 drop=0
[QUEUE_STATS] t_ms=10144 q_pkts=1 q_bytes=1504 qdelay_l_ms=1.06298 qdelay_c_ms=0 ecn_mark=20 drop=0
[QUEUE_STATS] t_ms=10160 q_pkts=19 q_bytes=28576 qdelay_l_ms=1.03906 qdelay_c_ms=1.10106 ecn_mark=20 drop=0
[QUEUE_STATS] t_ms=10176 q_pkts=1 q_bytes=1504 qdelay_l_ms=1.06794 qdelay_c_ms=0 ecn_mark=20 drop=0
[QUEUE_STATS] t_ms=10192 q_pkts=1 q_bytes=1504 qdelay_l_ms=1.06457 qdelay_c_ms=0 ecn_mark=20 drop=0
[QUEUE_STATS] t_ms=10208 q_pkts=1 q_bytes=1504 qdelay_l_ms=1.06255 qdelay_c_ms=0 ecn_mark=20 drop=0
[QUEUE_STATS] t_ms=10224 q_pkts=1 q_bytes=1504 qdelay_l_ms=1.06669 qdelay_c_ms=0 ecn_mark=20 drop=0
[QUEUE_STATS] t_ms=10240 q_pkts=1 q_bytes=1504 qdelay_l_ms=1.02195 qdelay_c_ms=0 ecn_mark=20 drop=0
[QUEUE_STATS] t_ms=10256 q_pkts=1 q_bytes=1504 qdelay_l_ms=1.03887 qdelay_c_ms=0 ecn_mark=20 drop=0
[QUEUE_STATS] t_ms=10272 q_pkts=1 q_bytes=1504 qdelay_l_ms=0.888221 qdelay_c_ms=0 ecn_mark=20 drop=0
[QUEUE_STATS] t_ms=10288 q_pkts=1 q_bytes=1504 qdelay_l_ms=1.06049 qdelay_c_ms=0 ecn_mark=20 drop=0
[QUEUE_STATS] t_ms=10304 q_pkts=1 q_bytes=1504 qdelay_l_ms=1.04116 qdelay_c_ms=0 ecn_mark=20 drop=0
[QUEUE_STATS] t_ms=10320 q_pkts=1 q_bytes=1504 qdelay_l_ms=1.02306 qdelay_c_ms=0 ecn_mark=20 drop=0
[QUEUE_STATS] t_ms=10336 q_pkts=1 q_bytes=1504 qdelay_l_ms=1.00181 qdelay_c_ms=0 ecn_mark=20 drop=0
[QUEUE_STATS] t_ms=10352 q_pkts=1 q_bytes=1504 qdelay_l_ms=1.08589 qdelay_c_ms=0 ecn_mark=20 drop=0
[QUEUE_STATS] t_ms=10368 q_pkts=25 q_bytes=37600 qdelay_l_ms=1.01339 qdelay_c_ms=2.01517 ecn_mark=20 drop=0
[QUEUE_STATS] t_ms=10384 q_pkts=1 q_bytes=1504 qdelay_l_ms=1.01742 qdelay_c_ms=0 ecn_mark=20 drop=0
[QUEUE_STATS] t_ms=10401 q_pkts=1 q_bytes=1504 qdelay_l_ms=1.05882 qdelay_c_ms=0 ecn_mark=20 drop=0
[QUEUE_STATS] t_ms=10416 q_pkts=1 q_bytes=1504 qdelay_l_ms=1.0632 qdelay_c_ms=0 ecn_mark=20 drop=0
[QUEUE_STATS] t_ms=10432 q_pkts=1 q_bytes=1504 qdelay_l_ms=0.98343 qdelay_c_ms=0 ecn_mark=20 drop=0
[QUEUE_STATS] t_ms=10448 q_pkts=0 q_bytes=0 qdelay_l_ms=0 qdelay_c_ms=0 ecn_mark=20 drop=0
[QUEUE_STATS] t_ms=10464 q_pkts=1 q_bytes=1504 qdelay_l_ms=1.0205 qdelay_c_ms=0 ecn_mark=20 drop=0
[QUEUE_STATS] t_ms=10480 q_pkts=1 q_bytes=1504 qdelay_l_ms=1.04304 qdelay_c_ms=0 ecn_mark=20 drop=0
[QUEUE_STATS] t_ms=10496 q_pkts=1 q_bytes=1504 qdelay_l_ms=1.0854 qdelay_c_ms=0 ecn_mark=20 drop=0
[QUEUE_STATS] t_ms=10512 q_pkts=1 q_bytes=1504 qdelay_l_ms=1.07233 qdelay_c_ms=0 ecn_mark=20 drop=0
[QUEUE_STATS] t_ms=10528 q_pkts=1 q_bytes=1504 qdelay_l_ms=1.00761 qdelay_c_ms=0 ecn_mark=20 drop=0
[QUEUE_STATS] t_ms=10544 q_pkts=1 q_bytes=1504 qdelay_l_ms=0.986115 qdelay_c_ms=0 ecn_mark=20 drop=0
[QUEUE_STATS] t_ms=10560 q_pkts=1 q_bytes=1504 qdelay_l_ms=1.01801 qdelay_c_ms=0 ecn_mark=20 drop=0
[QUEUE_STATS] t_ms=10576 q_pkts=14 q_bytes=21056 qdelay_l_ms=0 qdelay_c_ms=0.99959 ecn_mark=20 drop=0
[QUEUE_STATS] t_ms=10592 q_pkts=2 q_bytes=3008 qdelay_l_ms=0.966338 qdelay_c_ms=0 ecn_mark=20 drop=0
[QUEUE_STATS] t_ms=10608 q_pkts=5 q_bytes=7520 qdelay_l_ms=1.04991 qdelay_c_ms=1.07707 ecn_mark=20 drop=0
[QUEUE_STATS] t_ms=10624 q_pkts=1 q_bytes=1504 qdelay_l_ms=1.07123 qdelay_c_ms=0 ecn_mark=20 drop=0
[QUEUE_STATS] t_ms=10640 q_pkts=1 q_bytes=1504 qdelay_l_ms=1.07979 qdelay_c_ms=0 ecn_mark=20 drop=0
[QUEUE_STATS] t_ms=10656 q_pkts=0 q_bytes=0 qdelay_l_ms=0 qdelay_c_ms=0 ecn_mark=20 drop=0
[QUEUE_STATS] t_ms=10672 q_pkts=17 q_bytes=25568 qdelay_l_ms=1.14287 qdelay_c_ms=2.11887 ecn_mark=20 drop=0
[QUEUE_STATS] t_ms=10688 q_pkts=1 q_bytes=1504 qdelay_l_ms=0.988139 qdelay_c_ms=0 ecn_mark=20 drop=0
[QUEUE_STATS] t_ms=10704 q_pkts=2 q_bytes=3008 qdelay_l_ms=1.08021 qdelay_c_ms=0 ecn_mark=20 drop=0
[QUEUE_STATS] t_ms=10720 q_pkts=15 q_bytes=22560 qdelay_l_ms=0.916845 qdelay_c_ms=1.00707 ecn_mark=20 drop=0
[QUEUE_STATS] t_ms=10736 q_pkts=1 q_bytes=1504 qdelay_l_ms=1.06849 qdelay_c_ms=0 ecn_mark=20 drop=0
[QUEUE_STATS] t_ms=10752 q_pkts=1 q_bytes=1504 qdelay_l_ms=0.982528 qdelay_c_ms=0 ecn_mark=20 drop=0
[QUEUE_STATS] t_ms=10768 q_pkts=0 q_bytes=0 qdelay_l_ms=0 qdelay_c_ms=0 ecn_mark=20 drop=0
[QUEUE_STATS] t_ms=10784 q_pkts=1 q_bytes=1504 qdelay_l_ms=0.990964 qdelay_c_ms=0 ecn_mark=20 drop=0
[QUEUE_STATS] t_ms=10800 q_pkts=1 q_bytes=1504 qdelay_l_ms=1.09172 qdelay_c_ms=0 ecn_mark=20 drop=0
[QUEUE_STATS] t_ms=10816 q_pkts=1 q_bytes=1504 qdelay_l_ms=1.0295 qdelay_c_ms=0 ecn_mark=20 drop=0
[QUEUE_STATS] t_ms=10833 q_pkts=1 q_bytes=1504 qdelay_l_ms=1.06232 qdelay_c_ms=0 ecn_mark=20 drop=0
[QUEUE_STATS] t_ms=10848 q_pkts=1 q_bytes=1504 qdelay_l_ms=0.963543 qdelay_c_ms=0 ecn_mark=20 drop=0
[QUEUE_STATS] t_ms=10864 q_pkts=0 q_bytes=0 qdelay_l_ms=0 qdelay_c_ms=0 ecn_mark=20 drop=0
[QUEUE_STATS] t_ms=10880 q_pkts=26 q_bytes=39104 qdelay_l_ms=0.838358 qdelay_c_ms=1.85611 ecn_mark=20 drop=0
[QUEUE_STATS] t_ms=10896 q_pkts=1 q_bytes=1504 qdelay_l_ms=1.00167 qdelay_c_ms=0 ecn_mark=20 drop=0
[QUEUE_STATS] t_ms=10913 q_pkts=0 q_bytes=0 qdelay_l_ms=0 qdelay_c_ms=0 ecn_mark=20 drop=0
[QUEUE_STATS] t_ms=10928 q_pkts=1 q_bytes=1504 qdelay_l_ms=1.09466 qdelay_c_ms=0 ecn_mark=20 drop=0
[QUEUE_STATS] t_ms=10944 q_pkts=1 q_bytes=1504 qdelay_l_ms=0.975124 qdelay_c_ms=0 ecn_mark=20 drop=0
[QUEUE_STATS] t_ms=10960 q_pkts=1 q_bytes=1504 qdelay_l_ms=0.943245 qdelay_c_ms=0 ecn_mark=20 drop=0
[QUEUE_STATS] t_ms=10976 q_pkts=19 q_bytes=28576 qdelay_l_ms=0.894172 qdelay_c_ms=0.969864 ecn_mark=20 drop=0
[QUEUE_STATS] t_ms=10992 q_pkts=1 q_bytes=1504 qdelay_l_ms=0.982478 qdelay_c_ms=0 ecn_mark=20 drop=0
[QUEUE_STATS] t_ms=11008 q_pkts=1 q_bytes=1504 qdelay_l_ms=0.9724 qdelay_c_ms=0 ecn_mark=20 drop=0
[QUEUE_STATS] t_ms=11024 q_pkts=1 q_bytes=1504 qdelay_l_ms=1.06161 qdelay_c_ms=0 ecn_mark=20 drop=0
[QUEUE_STATS] t_ms=11040 q_pkts=1 q_bytes=1504 qdelay_l_ms=1.0661 qdelay_c_ms=0 ecn_mark=21 drop=0
[QUEUE_STATS] t_ms=11056 q_pkts=1 q_bytes=1504 qdelay_l_ms=0.991466 qdelay_c_ms=0 ecn_mark=21 drop=0
[QUEUE_STATS] t_ms=11072 q_pkts=0 q_bytes=0 qdelay_l_ms=0 qdelay_c_ms=0 ecn_mark=21 drop=0
[QUEUE_STATS] t_ms=11088 q_pkts=1 q_bytes=1504 qdelay_l_ms=0 qdelay_c_ms=1.87073 ecn_mark=21 drop=0
[QUEUE_STATS] t_ms=11104 q_pkts=1 q_bytes=1504 qdelay_l_ms=0.962 qdelay_c_ms=0 ecn_mark=21 drop=0
[QUEUE_STATS] t_ms=11120 q_pkts=0 q_bytes=0 qdelay_l_ms=0 qdelay_c_ms=0 ecn_mark=21 drop=0
[QUEUE_STATS] t_ms=11136 q_pkts=1 q_bytes=1504 qdelay_l_ms=1.00636 qdelay_c_ms=0 ecn_mark=22 drop=0
[QUEUE_STATS] t_ms=11152 q_pkts=1 q_bytes=1504 qdelay_l_ms=0.949727 qdelay_c_ms=0 ecn_mark=22 drop=0
[QUEUE_STATS] t_ms=11168 q_pkts=1 q_bytes=1504 qdelay_l_ms=0.954095 qdelay_c_ms=0 ecn_mark=22 drop=0
[QUEUE_STATS] t_ms=11184 q_pkts=14 q_bytes=21056 qdelay_l_ms=1.09313 qdelay_c_ms=2.12378 ecn_mark=22 drop=0
[QUEUE_STATS] t_ms=11200 q_pkts=1 q_bytes=1504 qdelay_l_ms=1.04661 qdelay_c_ms=0 ecn_mark=22 drop=0
[QUEUE_STATS] t_ms=11216 q_pkts=2 q_bytes=3008 qdelay_l_ms=0.950197 qdelay_c_ms=0 ecn_mark=22 drop=0
[QUEUE_STATS] t_ms=11232 q_pkts=7 q_bytes=10528 qdelay_l_ms=1.08824 qdelay_c_ms=1.07729 ecn_mark=22 drop=0
[QUEUE_STATS] t_ms=11248 q_pkts=1 q_bytes=1504 qdelay_l_ms=0.932124 qdelay_c_ms=0 ecn_mark=22 drop=0
[QUEUE_STATS] t_ms=11264 q_pkts=1 q_bytes=1504 qdelay_l_ms=0.947784 qdelay_c_ms=0 ecn_mark=22 drop=0
[QUEUE_STATS] t_ms=11280 q_pkts=1 q_bytes=1504 qdelay_l_ms=1.07263 qdelay_c_ms=0 ecn_mark=22 drop=0
[QUEUE_STATS] t_ms=11296 q_pkts=32 q_bytes=48128 qdelay_l_ms=0.934738 qdelay_c_ms=2.33304 ecn_mark=22 drop=0
[QUEUE_STATS] t_ms=11312 q_pkts=0 q_bytes=0 qdelay_l_ms=0 qdelay_c_ms=0 ecn_mark=22 drop=0
[QUEUE_STATS] t_ms=11328 q_pkts=0 q_bytes=0 qdelay_l_ms=0 qdelay_c_ms=0 ecn_mark=22 drop=0
[QUEUE_STATS] t_ms=11344 q_pkts=0 q_bytes=0 qdelay_l_ms=0 qdelay_c_ms=0 ecn_mark=22 drop=0
[QUEUE_STATS] t_ms=11360 q_pkts=1 q_bytes=1504 qdelay_l_ms=0.93552 qdelay_c_ms=0 ecn_mark=22 drop=0
[QUEUE_STATS] t_ms=11376 q_pkts=1 q_bytes=1504 qdelay_l_ms=0.913538 qdelay_c_ms=0 ecn_mark=22 drop=0
[QUEUE_STATS] t_ms=11392 q_pkts=13 q_bytes=19552 qdelay_l_ms=1.16185 qdelay_c_ms=1.15137 ecn_mark=22 drop=0
[QUEUE_STATS] t_ms=11408 q_pkts=1 q_bytes=1504 qdelay_l_ms=1.03365 qdelay_c_ms=0 ecn_mark=22 drop=0
[QUEUE_STATS] t_ms=11424 q_pkts=1 q_bytes=1504 qdelay_l_ms=1.07513 qdelay_c_ms=0 ecn_mark=22 drop=0
[QUEUE_STATS] t_ms=11440 q_pkts=7 q_bytes=10528 qdelay_l_ms=1.11106 qdelay_c_ms=1.09598 ecn_mark=22 drop=0
[QUEUE_STATS] t_ms=11456 q_pkts=1 q_bytes=1504 qdelay_l_ms=0.935239 qdelay_c_ms=0 ecn_mark=22 drop=0
[QUEUE_STATS] t_ms=11472 q_pkts=1 q_bytes=1504 qdelay_l_ms=0.934208 qdelay_c_ms=0 ecn_mark=22 drop=0
[QUEUE_STATS] t_ms=11488 q_pkts=14 q_bytes=21056 qdelay_l_ms=1.1373 qdelay_c_ms=1.12963 ecn_mark=22 drop=0
[QUEUE_STATS] t_ms=11504 q_pkts=2 q_bytes=3008 qdelay_l_ms=0.929559 qdelay_c_ms=0 ecn_mark=22 drop=0
[QUEUE_STATS] t_ms=11520 q_pkts=1 q_bytes=1504 qdelay_l_ms=1.06725 qdelay_c_ms=0 ecn_mark=22 drop=0
[QUEUE_STATS] t_ms=11536 q_pkts=3 q_bytes=4512 qdelay_l_ms=1.09179 qdelay_c_ms=1.0825 ecn_mark=22 drop=0
[QUEUE_STATS] t_ms=11553 q_pkts=1 q_bytes=1504 qdelay_l_ms=1.06182 qdelay_c_ms=0 ecn_mark=22 drop=0
[QUEUE_STATS] t_ms=11568 q_pkts=1 q_bytes=1504 qdelay_l_ms=0.924078 qdelay_c_ms=0 ecn_mark=22 drop=0
[QUEUE_STATS] t_ms=11584 q_pkts=1 q_bytes=1504 qdelay_l_ms=0.89325 qdelay_c_ms=0 ecn_mark=22 drop=0
[QUEUE_STATS] t_ms=11600 q_pkts=19 q_bytes=28576 qdelay_l_ms=0.795537 qdelay_c_ms=0.922486 ecn_mark=22 drop=0
[QUEUE_STATS] t_ms=11616 q_pkts=1 q_bytes=1504 qdelay_l_ms=0.914641 qdelay_c_ms=0 ecn_mark=22 drop=0
[QUEUE_STATS] t_ms=11632 q_pkts=10 q_bytes=15040 qdelay_l_ms=1.0593 qdelay_c_ms=1.11194 ecn_mark=22 drop=0
[QUEUE_STATS] t_ms=11648 q_pkts=1 q_bytes=1504 qdelay_l_ms=1.06394 qdelay_c_ms=0 ecn_mark=22 drop=0
[QUEUE_STATS] t_ms=11664 q_pkts=1 q_bytes=1504 qdelay_l_ms=1.06239 qdelay_c_ms=0 ecn_mark=22 drop=0
[QUEUE_STATS] t_ms=11680 q_pkts=1 q_bytes=1504 qdelay_l_ms=0.883602 qdelay_c_ms=0 ecn_mark=22 drop=0
[QUEUE_STATS] t_ms=11696 q_pkts=2 q_bytes=3008 qdelay_l_ms=0 qdelay_c_ms=1.69671 ecn_mark=22 drop=0
[QUEUE_STATS] t_ms=11712 q_pkts=1 q_bytes=1504 qdelay_l_ms=0.908039 qdelay_c_ms=0 ecn_mark=22 drop=0
[QUEUE_STATS] t_ms=11728 q_pkts=1 q_bytes=1504 qdelay_l_ms=0.934367 qdelay_c_ms=0 ecn_mark=22 drop=0
[QUEUE_STATS] t_ms=11744 q_pkts=13 q_bytes=19552 qdelay_l_ms=1.11892 qdelay_c_ms=1.10446 ecn_mark=22 drop=0
[QUEUE_STATS] t_ms=11760 q_pkts=1 q_bytes=1504 qdelay_l_ms=1.07017 qdelay_c_ms=0 ecn_mark=22 drop=0
[QUEUE_STATS] t_ms=11776 q_pkts=2 q_bytes=3008 qdelay_l_ms=0.878572 qdelay_c_ms=0 ecn_mark=22 drop=0
[QUEUE_STATS] t_ms=11792 q_pkts=0 q_bytes=0 qdelay_l_ms=0 qdelay_c_ms=0 ecn_mark=22 drop=0
[QUEUE_STATS] t_ms=11808 q_pkts=18 q_bytes=27072 qdelay_l_ms=0.902217 qdelay_c_ms=2.56854 ecn_mark=22 drop=0
[QUEUE_STATS] t_ms=11824 q_pkts=1 q_bytes=1504 qdelay_l_ms=0.900534 qdelay_c_ms=0 ecn_mark=22 drop=0
[QUEUE_STATS] t_ms=11840 q_pkts=2 q_bytes=3008 qdelay_l_ms=1.08274 qdelay_c_ms=0 ecn_mark=22 drop=0
[QUEUE_STATS] t_ms=11857 q_pkts=2 q_bytes=3008 qdelay_l_ms=1.06672 qdelay_c_ms=0 ecn_mark=22 drop=0
[QUEUE_STATS] t_ms=11872 q_pkts=1 q_bytes=1504 qdelay_l_ms=0.887921 qdelay_c_ms=0 ecn_mark=23 drop=0
[QUEUE_STATS] t_ms=11888 q_pkts=0 q_bytes=0 qdelay_l_ms=0 qdelay_c_ms=0 ecn_mark=23 drop=0
[QUEUE_STATS] t_ms=11904 q_pkts=16 q_bytes=24064 qdelay_l_ms=0 qdelay_c_ms=0.888311 ecn_mark=23 drop=0
[QUEUE_STATS] t_ms=11920 q_pkts=0 q_bytes=0 qdelay_l_ms=0 qdelay_c_ms=0 ecn_mark=23 drop=0
[QUEUE_STATS] t_ms=11936 q_pkts=0 q_bytes=0 qdelay_l_ms=0 qdelay_c_ms=0 ecn_mark=23 drop=0
[QUEUE_STATS] t_ms=11952 q_pkts=2 q_bytes=3008 qdelay_l_ms=1.09561 qdelay_c_ms=0 ecn_mark=23 drop=0
[QUEUE_STATS] t_ms=11968 q_pkts=0 q_bytes=0 qdelay_l_ms=0 qdelay_c_ms=0 ecn_mark=24 drop=0
[QUEUE_STATS] t_ms=11984 q_pkts=0 q_bytes=0 qdelay_l_ms=0 qdelay_c_ms=0 ecn_mark=24 drop=0
[QUEUE_STATS] t_ms=12000 q_pkts=4 q_bytes=6016 qdelay_l_ms=0.05868 qdelay_c_ms=1.04102 ecn_mark=24 drop=0
[QUEUE_STATS] t_ms=12016 q_pkts=1 q_bytes=1504 qdelay_l_ms=1.07546 qdelay_c_ms=0 ecn_mark=24 drop=0
[QUEUE_STATS] t_ms=12032 q_pkts=1 q_bytes=1504 qdelay_l_ms=0.913539 qdelay_c_ms=0 ecn_mark=24 drop=0
[QUEUE_STATS] t_ms=12048 q_pkts=7 q_bytes=10528 qdelay_l_ms=1.09819 qdelay_c_ms=1.09248 ecn_mark=24 drop=0
[QUEUE_STATS] t_ms=12064 q_pkts=0 q_bytes=0 qdelay_l_ms=0 qdelay_c_ms=0 ecn_mark=24 drop=0
[QUEUE_STATS] t_ms=12080 q_pkts=1 q_bytes=1504 qdelay_l_ms=0.889273 qdelay_c_ms=0 ecn_mark=24 drop=0
[QUEUE_STATS] t_ms=12096 q_pkts=1 q_bytes=1504 qdelay_l_ms=1.08161 qdelay_c_ms=0 ecn_mark=24 drop=0
[QUEUE_STATS] t_ms=12112 q_pkts=22 q_bytes=33088 qdelay_l_ms=0.76527 qdelay_c_ms=1.6636 ecn_mark=24 drop=0
[QUEUE_STATS] t_ms=12128 q_pkts=1 q_bytes=1504 qdelay_l_ms=0.874064 qdelay_c_ms=0 ecn_mark=24 drop=0
[QUEUE_STATS] t_ms=12144 q_pkts=0 q_bytes=0 qdelay_l_ms=0 qdelay_c_ms=0 ecn_mark=24 drop=0
[QUEUE_STATS] t_ms=12161 q_pkts=1 q_bytes=1504 qdelay_l_ms=1.07346 qdelay_c_ms=0 ecn_mark=24 drop=0
[QUEUE_STATS] t_ms=12176 q_pkts=1 q_bytes=1504 qdelay_l_ms=1.0771 qdelay_c_ms=0 ecn_mark=24 drop=0
[QUEUE_STATS] t_ms=12192 q_pkts=1 q_bytes=1504 qdelay_l_ms=0.854007 qdelay_c_ms=0 ecn_mark=24 drop=0
[QUEUE_STATS] t_ms=12208 q_pkts=18 q_bytes=27072 qdelay_l_ms=1.0665 qdelay_c_ms=1.95908 ecn_mark=24 drop=0
[QUEUE_STATS] t_ms=12224 q_pkts=1 q_bytes=1504 qdelay_l_ms=0.874054 qdelay_c_ms=0 ecn_mark=24 drop=0
[QUEUE_STATS] t_ms=12240 q_pkts=1 q_bytes=1504 qdelay_l_ms=1.06884 qdelay_c_ms=0 ecn_mark=24 drop=0
[QUEUE_STATS] t_ms=12256 q_pkts=18 q_bytes=27072 qdelay_l_ms=1.03111 qdelay_c_ms=2.10825 ecn_mark=24 drop=0
[QUEUE_STATS] t_ms=12272 q_pkts=1 q_bytes=1504 qdelay_l_ms=0.963111 qdelay_c_ms=0 ecn_mark=24 drop=0
[QUEUE_STATS] t_ms=12288 q_pkts=1 q_bytes=1504 qdelay_l_ms=1.07767 qdelay_c_ms=0 ecn_mark=24 drop=0
[QUEUE_STATS] t_ms=12304 q_pkts=13 q_bytes=19552 qdelay_l_ms=1.05121 qdelay_c_ms=1.14476 ecn_mark=24 drop=0
[QUEUE_STATS] t_ms=12320 q_pkts=18 q_bytes=27072 qdelay_l_ms=0.866189 qdelay_c_ms=1.61269 ecn_mark=24 drop=0
[QUEUE_STATS] t_ms=12336 q_pkts=0 q_bytes=0 qdelay_l_ms=0 qdelay_c_ms=0 ecn_mark=24 drop=0
[QUEUE_STATS] t_ms=12352 q_pkts=1 q_bytes=1504 qdelay_l_ms=1.09175 qdelay_c_ms=0 ecn_mark=24 drop=0
[QUEUE_STATS] t_ms=12368 q_pkts=1 q_bytes=1504 qdelay_l_ms=1.03633 qdelay_c_ms=0 ecn_mark=24 drop=0
[QUEUE_STATS] t_ms=12384 q_pkts=3 q_bytes=4512 qdelay_l_ms=1.07504 qdelay_c_ms=0 ecn_mark=24 drop=0
[QUEUE_STATS] t_ms=12400 q_pkts=1 q_bytes=1504 qdelay_l_ms=0.933216 qdelay_c_ms=0 ecn_mark=25 drop=0
[QUEUE_STATS] t_ms=12416 q_pkts=14 q_bytes=21056 qdelay_l_ms=0.755291 qdelay_c_ms=0.853496 ecn_mark=25 drop=0
[QUEUE_STATS] t_ms=12432 q_pkts=1 q_bytes=1504 qdelay_l_ms=0.855218 qdelay_c_ms=0 ecn_mark=25 drop=0
[QUEUE_STATS] t_ms=12448 q_pkts=1 q_bytes=1504 qdelay_l_ms=1.0849 qdelay_c_ms=0 ecn_mark=25 drop=0
[QUEUE_STATS] t_ms=12464 q_pkts=1 q_bytes=1504 qdelay_l_ms=0.854277 qdelay_c_ms=0 ecn_mark=25 drop=0
[QUEUE_STATS] t_ms=12480 q_pkts=1 q_bytes=1504 qdelay_l_ms=1.06725 qdelay_c_ms=0 ecn_mark=25 drop=0
[QUEUE_STATS] t_ms=12496 q_pkts=7 q_bytes=10528 qdelay_l_ms=0.847825 qdelay_c_ms=2.09686 ecn_mark=25 drop=0
[QUEUE_STATS] t_ms=12512 q_pkts=19 q_bytes=28576 qdelay_l_ms=1.02787 qdelay_c_ms=1.16078 ecn_mark=25 drop=0
[QUEUE_STATS] t_ms=12528 q_pkts=1 q_bytes=1504 qdelay_l_ms=1.07316 qdelay_c_ms=0 ecn_mark=25 drop=0
[QUEUE_STATS] t_ms=12544 q_pkts=2 q_bytes=3008 qdelay_l_ms=1.08621 qdelay_c_ms=0 ecn_mark=25 drop=0
[QUEUE_STATS] t_ms=12560 q_pkts=14 q_bytes=21056 qdelay_l_ms=1.14428 qdelay_c_ms=1.15348 ecn_mark=25 drop=0
[QUEUE_STATS] t_ms=12576 q_pkts=1 q_bytes=1504 qdelay_l_ms=1.07322 qdelay_c_ms=0 ecn_mark=25 drop=0
[QUEUE_STATS] t_ms=12592 q_pkts=1 q_bytes=1504 qdelay_l_ms=1.07129 qdelay_c_ms=0 ecn_mark=26 drop=0
[QUEUE_STATS] t_ms=12608 q_pkts=4 q_bytes=6016 qdelay_l_ms=1.0647 qdelay_c_ms=1.09385 ecn_mark=26 drop=0
[QUEUE_STATS] t_ms=12624 q_pkts=20 q_bytes=30080 qdelay_l_ms=0.743739 qdelay_c_ms=0.844558 ecn_mark=26 drop=0
[QUEUE_STATS] t_ms=12640 q_pkts=2 q_bytes=3008 qdelay_l_ms=0.945258 qdelay_c_ms=0 ecn_mark=26 drop=0
[QUEUE_STATS] t_ms=12656 q_pkts=1 q_bytes=1504 qdelay_l_ms=0.843477 qdelay_c_ms=0 ecn_mark=26 drop=0
[QUEUE_STATS] t_ms=12672 q_pkts=2 q_bytes=3008 qdelay_l_ms=1.07668 qdelay_c_ms=0 ecn_mark=26 drop=0
[QUEUE_STATS] t_ms=12688 q_pkts=2 q_bytes=3008 qdelay_l_ms=1.06868 qdelay_c_ms=0 ecn_mark=26 drop=0
[QUEUE_STATS] t_ms=12704 q_pkts=1 q_bytes=1504 qdelay_l_ms=1.0501 qdelay_c_ms=0 ecn_mark=27 drop=0
[QUEUE_STATS] t_ms=12720 q_pkts=20 q_bytes=30080 qdelay_l_ms=1.06789 qdelay_c_ms=1.52209 ecn_mark=27 drop=0
[QUEUE_STATS] t_ms=12736 q_pkts=0 q_bytes=0 qdelay_l_ms=0 qdelay_c_ms=0 ecn_mark=27 drop=0
[QUEUE_STATS] t_ms=12752 q_pkts=1 q_bytes=1504 qdelay_l_ms=0.841183 qdelay_c_ms=0 ecn_mark=27 drop=0
[QUEUE_STATS] t_ms=12769 q_pkts=1 q_bytes=1504 qdelay_l_ms=1.06214 qdelay_c_ms=0 ecn_mark=27 drop=0
[QUEUE_STATS] t_ms=12784 q_pkts=1 q_bytes=1504 qdelay_l_ms=0.838578 qdelay_c_ms=0 ecn_mark=27 drop=0
[QUEUE_STATS] t_ms=12800 q_pkts=17 q_bytes=25568 qdelay_l_ms=1.06759 qdelay_c_ms=1.15948 ecn_mark=27 drop=0
[QUEUE_STATS] t_ms=12816 q_pkts=17 q_bytes=25568 qdelay_l_ms=0.987878 qdelay_c_ms=1.10155 ecn_mark=27 drop=0
[QUEUE_STATS] t_ms=12832 q_pkts=26 q_bytes=39104 qdelay_l_ms=1.05165 qdelay_c_ms=1.89341 ecn_mark=27 drop=0
[QUEUE_STATS] t_ms=12849 q_pkts=0 q_bytes=0 qdelay_l_ms=0 qdelay_c_ms=0 ecn_mark=28 drop=0
[QUEUE_STATS] t_ms=12864 q_pkts=9 q_bytes=13536 qdelay_l_ms=1.05616 qdelay_c_ms=1.1069 ecn_mark=28 drop=0
[QUEUE_STATS] t_ms=12880 q_pkts=1 q_bytes=1504 qdelay_l_ms=1.06842 qdelay_c_ms=0 ecn_mark=28 drop=0
[QUEUE_STATS] t_ms=12896 q_pkts=2 q_bytes=3008 qdelay_l_ms=1.08054 qdelay_c_ms=0 ecn_mark=28 drop=0
[QUEUE_STATS] t_ms=12912 q_pkts=0 q_bytes=0 qdelay_l_ms=0 qdelay_c_ms=0 ecn_mark=28 drop=0
[QUEUE_STATS] t_ms=12928 q_pkts=38 q_bytes=57152 qdelay_l_ms=1.03873 qdelay_c_ms=2.70749 ecn_mark=29 drop=0
[QUEUE_STATS] t_ms=12945 q_pkts=0 q_bytes=0 qdelay_l_ms=0 qdelay_c_ms=0 ecn_mark=29 drop=0
[QUEUE_STATS] t_ms=12960 q_pkts=1 q_bytes=1504 qdelay_l_ms=1.0688 qdelay_c_ms=0 ecn_mark=29 drop=0
[QUEUE_STATS] t_ms=12976 q_pkts=1 q_bytes=1504 qdelay_l_ms=1.06606 qdelay_c_ms=0 ecn_mark=29 drop=0
[QUEUE_STATS] t_ms=12992 q_pkts=1 q_bytes=1504 qdelay_l_ms=0.809663 qdelay_c_ms=0 ecn_mark=29 drop=0
[QUEUE_STATS] t_ms=13008 q_pkts=0 q_bytes=0 qdelay_l_ms=0 qdelay_c_ms=0 ecn_mark=29 drop=0
[QUEUE_STATS] t_ms=13024 q_pkts=13 q_bytes=19552 qdelay_l_ms=1.14931 qdelay_c_ms=1.1389 ecn_mark=29 drop=0
[QUEUE_STATS] t_ms=13040 q_pkts=11 q_bytes=16544 qdelay_l_ms=1.07025 qdelay_c_ms=1.85529 ecn_mark=29 drop=0
[QUEUE_STATS] t_ms=13056 q_pkts=1 q_bytes=1504 qdelay_l_ms=1.07383 qdelay_c_ms=0 ecn_mark=29 drop=0
[QUEUE_STATS] t_ms=13072 q_pkts=15 q_bytes=22560 qdelay_l_ms=1.04963 qdelay_c_ms=1.1723 ecn_mark=29 drop=0
[QUEUE_STATS] t_ms=13088 q_pkts=1 q_bytes=1504 qdelay_l_ms=1.06901 qdelay_c_ms=0 ecn_mark=29 drop=0
[QUEUE_STATS] t_ms=13104 q_pkts=1 q_bytes=1504 qdelay_l_ms=1.08118 qdelay_c_ms=0 ecn_mark=29 drop=0
[QUEUE_STATS] t_ms=13120 q_pkts=21 q_bytes=31584 qdelay_l_ms=0.911254 qdelay_c_ms=1.03155 ecn_mark=29 drop=0
[QUEUE_STATS] t_ms=13136 q_pkts=28 q_bytes=42112 qdelay_l_ms=1.08776 qdelay_c_ms=1.17762 ecn_mark=29 drop=0
[QUEUE_STATS] t_ms=13152 q_pkts=1 q_bytes=1504 qdelay_l_ms=1.07055 qdelay_c_ms=0 ecn_mark=29 drop=0
[QUEUE_STATS] t_ms=13168 q_pkts=1 q_bytes=1504 qdelay_l_ms=1.07994 qdelay_c_ms=0 ecn_mark=29 drop=0
[QUEUE_STATS] t_ms=13184 q_pkts=1 q_bytes=1504 qdelay_l_ms=1.07683 qdelay_c_ms=0 ecn_mark=29 drop=0
[QUEUE_STATS] t_ms=13201 q_pkts=0 q_bytes=0 qdelay_l_ms=0 qdelay_c_ms=0 ecn_mark=29 drop=0
[QUEUE_STATS] t_ms=13216 q_pkts=0 q_bytes=0 qdelay_l_ms=0 qdelay_c_ms=0 ecn_mark=29 drop=0
[QUEUE_STATS] t_ms=13232 q_pkts=21 q_bytes=31584 qdelay_l_ms=1.05516 qdelay_c_ms=1.19218 ecn_mark=29 drop=0
[QUEUE_STATS] t_ms=13248 q_pkts=1 q_bytes=1504 qdelay_l_ms=0.807439 qdelay_c_ms=0 ecn_mark=29 drop=0
[QUEUE_STATS] t_ms=13264 q_pkts=12 q_bytes=18048 qdelay_l_ms=1.01225 qdelay_c_ms=1.07639 ecn_mark=29 drop=0
[QUEUE_STATS] t_ms=13280 q_pkts=1 q_bytes=1504 qdelay_l_ms=1.09248 qdelay_c_ms=0 ecn_mark=30 drop=0
[QUEUE_STATS] t_ms=13296 q_pkts=1 q_bytes=1504 qdelay_l_ms=0.803842 qdelay_c_ms=0 ecn_mark=30 drop=0
[QUEUE_STATS] t_ms=13312 q_pkts=7 q_bytes=10528 qdelay_l_ms=0.755771 qdelay_c_ms=1.50285 ecn_mark=30 drop=0
[QUEUE_STATS] t_ms=13328 q_pkts=2 q_bytes=3008 qdelay_l_ms=0.051957 qdelay_c_ms=0.041658 ecn_mark=30 drop=0
[QUEUE_STATS] t_ms=13344 q_pkts=23 q_bytes=34592 qdelay_l_ms=1.01045 qdelay_c_ms=1.7253 ecn_mark=30 drop=0
[QUEUE_STATS] t_ms=13360 q_pkts=2 q_bytes=3008 qdelay_l_ms=1.07854 qdelay_c_ms=0 ecn_mark=30 drop=0
[QUEUE_STATS] t_ms=13376 q_pkts=1 q_bytes=1504 qdelay_l_ms=1.0818 qdelay_c_ms=0 ecn_mark=30 drop=0
[QUEUE_STATS] t_ms=13392 q_pkts=2 q_bytes=3008 qdelay_l_ms=1.06514 qdelay_c_ms=0 ecn_mark=30 drop=0
[QUEUE_STATS] t_ms=13408 q_pkts=1 q_bytes=1504 qdelay_l_ms=0.798412 qdelay_c_ms=0 ecn_mark=30 drop=0
[QUEUE_STATS] t_ms=13424 q_pkts=6 q_bytes=9024 qdelay_l_ms=0.791459 qdelay_c_ms=0.783264 ecn_mark=30 drop=0
[QUEUE_STATS] t_ms=13440 q_pkts=8 q_bytes=12032 qdelay_l_ms=1.06684 qdelay_c_ms=1.8323 ecn_mark=30 drop=0
[QUEUE_STATS] t_ms=13456 q_pkts=1 q_bytes=1504 qdelay_l_ms=0.790607 qdelay_c_ms=0 ecn_mark=30 drop=0
[QUEUE_STATS] t_ms=13472 q_pkts=2 q_bytes=3008 qdelay_l_ms=1.02532 qdelay_c_ms=0 ecn_mark=30 drop=0
[QUEUE_STATS] t_ms=13489 q_pkts=1 q_bytes=1504 qdelay_l_ms=1.06718 qdelay_c_ms=0 ecn_mark=30 drop=0
[QUEUE_STATS] t_ms=13504 q_pkts=0 q_bytes=0 qdelay_l_ms=0 qdelay_c_ms=0 ecn_mark=30 drop=0
[QUEUE_STATS] t_ms=13520 q_pkts=0 q_bytes=0 qdelay_l_ms=0 qdelay_c_ms=0 ecn_mark=30 drop=0
[QUEUE_STATS] t_ms=13536 q_pkts=15 q_bytes=22560 qdelay_l_ms=1.0585 qdelay_c_ms=1.83459 ecn_mark=30 drop=0
[QUEUE_STATS] t_ms=13552 q_pkts=15 q_bytes=22560 qdelay_l_ms=0.789005 qdelay_c_ms=0.783484 ecn_mark=30 drop=0
[QUEUE_STATS] t_ms=13569 q_pkts=2 q_bytes=3008 qdelay_l_ms=1.06433 qdelay_c_ms=0 ecn_mark=30 drop=0
[QUEUE_STATS] t_ms=13584 q_pkts=20 q_bytes=30080 qdelay_l_ms=1.03776 qdelay_c_ms=1.68223 ecn_mark=30 drop=0
[QUEUE_STATS] t_ms=13600 q_pkts=2 q_bytes=3008 qdelay_l_ms=1.07676 qdelay_c_ms=0 ecn_mark=30 drop=0
[QUEUE_STATS] t_ms=13616 q_pkts=2 q_bytes=3008 qdelay_l_ms=0.793062 qdelay_c_ms=0 ecn_mark=30 drop=0
[QUEUE_STATS] t_ms=13633 q_pkts=15 q_bytes=22560 qdelay_l_ms=1.04958 qdelay_c_ms=1.96585 ecn_mark=30 drop=0
[QUEUE_STATS] t_ms=13648 q_pkts=20 q_bytes=30080 qdelay_l_ms=0.78115 qdelay_c_ms=2.21551 ecn_mark=30 drop=0
[QUEUE_STATS] t_ms=13664 q_pkts=2 q_bytes=3008 qdelay_l_ms=1.07102 qdelay_c_ms=0 ecn_mark=30 drop=0
[QUEUE_STATS] t_ms=13680 q_pkts=1 q_bytes=1504 qdelay_l_ms=0.917997 qdelay_c_ms=0 ecn_mark=30 drop=0
[QUEUE_STATS] t_ms=13696 q_pkts=2 q_bytes=3008 qdelay_l_ms=1.06617 qdelay_c_ms=0 ecn_mark=30 drop=0
[QUEUE_STATS] t_ms=13712 q_pkts=1 q_bytes=1504 qdelay_l_ms=1.06946 qdelay_c_ms=0 ecn_mark=30 drop=0
[QUEUE_STATS] t_ms=13728 q_pkts=0 q_bytes=0 qdelay_l_ms=0 qdelay_c_ms=0 ecn_mark=30 drop=0
[QUEUE_STATS] t_ms=13744 q_pkts=22 q_bytes=33088 qdelay_l_ms=1.17322 qdelay_c_ms=1.8536 ecn_mark=30 drop=0
[QUEUE_STATS] t_ms=13760 q_pkts=1 q_bytes=1504 qdelay_l_ms=1.07116 qdelay_c_ms=0 ecn_mark=30 drop=0
[QUEUE_STATS] t_ms=13777 q_pkts=1 q_bytes=1504 qdelay_l_ms=1.06837 qdelay_c_ms=0 ecn_mark=30 drop=0
[QUEUE_STATS] t_ms=13792 q_pkts=1 q_bytes=1504 qdelay_l_ms=1.07236 qdelay_c_ms=0 ecn_mark=30 drop=0
[QUEUE_STATS] t_ms=13808 q_pkts=2 q_bytes=3008 qdelay_l_ms=1.06916 qdelay_c_ms=0 ecn_mark=30 drop=0
[QUEUE_STATS] t_ms=13824 q_pkts=13 q_bytes=19552 qdelay_l_ms=1.10218 qdelay_c_ms=1.09057 ecn_mark=30 drop=0
[QUEUE_STATS] t_ms=13840 q_pkts=21 q_bytes=31584 qdelay_l_ms=1.10091 qdelay_c_ms=2.145 ecn_mark=30 drop=0
[QUEUE_STATS] t_ms=13856 q_pkts=10 q_bytes=15040 qdelay_l_ms=0 qdelay_c_ms=1.46566 ecn_mark=30 drop=0
[QUEUE_STATS] t_ms=13872 q_pkts=1 q_bytes=1504 qdelay_l_ms=1.05831 qdelay_c_ms=0 ecn_mark=30 drop=0
[QUEUE_STATS] t_ms=13888 q_pkts=9 q_bytes=13536 qdelay_l_ms=1.06213 qdelay_c_ms=1.10913 ecn_mark=30 drop=0
[QUEUE_STATS] t_ms=13905 q_pkts=1 q_bytes=1504 qdelay_l_ms=1.06621 qdelay_c_ms=0 ecn_mark=30 drop=0
[QUEUE_STATS] t_ms=13920 q_pkts=1 q_bytes=1504 qdelay_l_ms=0.771001 qdelay_c_ms=0 ecn_mark=30 drop=0
[QUEUE_STATS] t_ms=13936 q_pkts=0 q_bytes=0 qdelay_l_ms=0 qdelay_c_ms=0 ecn_mark=30 drop=0
[QUEUE_STATS] t_ms=13952 q_pkts=24 q_bytes=36096 qdelay_l_ms=0.682865 qdelay_c_ms=2.20406 ecn_mark=30 drop=0
[QUEUE_STATS] t_ms=13968 q_pkts=1 q_bytes=1504 qdelay_l_ms=0.76054 qdelay_c_ms=0 ecn_mark=30 drop=0
[QUEUE_STATS] t_ms=13984 q_pkts=1 q_bytes=1504 qdelay_l_ms=0.971968 qdelay_c_ms=0 ecn_mark=30 drop=0
[QUEUE_STATS] t_ms=14000 q_pkts=1 q_bytes=1504 qdelay_l_ms=1.0627 qdelay_c_ms=0 ecn_mark=30 drop=0
[QUEUE_STATS] t_ms=14016 q_pkts=1 q_bytes=1504 qdelay_l_ms=0.985994 qdelay_c_ms=0 ecn_mark=30 drop=0
[QUEUE_STATS] t_ms=14032 q_pkts=0 q_bytes=0 qdelay_l_ms=0 qdelay_c_ms=0 ecn_mark=30 drop=0
[QUEUE_STATS] t_ms=14049 q_pkts=21 q_bytes=31584 qdelay_l_ms=1.16044 qdelay_c_ms=1.88229 ecn_mark=30 drop=0
[QUEUE_STATS] t_ms=14064 q_pkts=30 q_bytes=45120 qdelay_l_ms=1.18958 qdelay_c_ms=2.19941 ecn_mark=30 drop=0
[QUEUE_STATS] t_ms=14080 q_pkts=6 q_bytes=9024 qdelay_l_ms=1.06203 qdelay_c_ms=1.12464 ecn_mark=30 drop=0
[QUEUE_STATS] t_ms=14096 q_pkts=17 q_bytes=25568 qdelay_l_ms=1.015 qdelay_c_ms=1.13559 ecn_mark=30 drop=0
[QUEUE_STATS] t_ms=14112 q_pkts=1 q_bytes=1504 qdelay_l_ms=1.06295 qdelay_c_ms=0 ecn_mark=30 drop=0
[QUEUE_STATS] t_ms=14128 q_pkts=18 q_bytes=27072 qdelay_l_ms=1.06349 qdelay_c_ms=1.1796 ecn_mark=30 drop=0
[QUEUE_STATS] t_ms=14144 q_pkts=8 q_bytes=12032 qdelay_l_ms=0.071735 qdelay_c_ms=1.09559 ecn_mark=30 drop=0
[QUEUE_STATS] t_ms=14160 q_pkts=20 q_bytes=30080 qdelay_l_ms=0.05337 qdelay_c_ms=0.788213 ecn_mark=30 drop=0
[QUEUE_STATS] t_ms=14176 q_pkts=0 q_bytes=0 qdelay_l_ms=0 qdelay_c_ms=0 ecn_mark=30 drop=0
[QUEUE_STATS] t_ms=14192 q_pkts=1 q_bytes=1504 qdelay_l_ms=0.016261 qdelay_c_ms=0 ecn_mark=30 drop=0
[QUEUE_STATS] t_ms=14209 q_pkts=2 q_bytes=3008 qdelay_l_ms=1.06718 qdelay_c_ms=0 ecn_mark=30 drop=0
[QUEUE_STATS] t_ms=14224 q_pkts=1 q_bytes=1504 qdelay_l_ms=1.06527 qdelay_c_ms=0 ecn_mark=30 drop=0
[QUEUE_STATS] t_ms=14240 q_pkts=0 q_bytes=0 qdelay_l_ms=0 qdelay_c_ms=0 ecn_mark=30 drop=0
[QUEUE_STATS] t_ms=14257 q_pkts=20 q_bytes=30080 qdelay_l_ms=1.20361 qdelay_c_ms=1.85853 ecn_mark=30 drop=0
[QUEUE_STATS] t_ms=14272 q_pkts=0 q_bytes=0 qdelay_l_ms=0 qdelay_c_ms=0 ecn_mark=30 drop=0
[QUEUE_STATS] t_ms=14288 q_pkts=0 q_bytes=0 qdelay_l_ms=0 qdelay_c_ms=0 ecn_mark=30 drop=0
[QUEUE_STATS] t_ms=14304 q_pkts=2 q_bytes=3008 qdelay_l_ms=1.07665 qdelay_c_ms=0 ecn_mark=30 drop=0
[QUEUE_STATS] t_ms=14320 q_pkts=1 q_bytes=1504 qdelay_l_ms=1.06293 qdelay_c_ms=0 ecn_mark=30 drop=0
[QUEUE_STATS] t_ms=14337 q_pkts=1 q_bytes=1504 qdelay_l_ms=1.06238 qdelay_c_ms=0 ecn_mark=30 drop=0
[QUEUE_STATS] t_ms=14352 q_pkts=23 q_bytes=34592 qdelay_l_ms=1.06509 qdelay_c_ms=2.10262 ecn_mark=30 drop=0
[QUEUE_STATS] t_ms=14368 q_pkts=13 q_bytes=19552 qdelay_l_ms=0 qdelay_c_ms=1.40041 ecn_mark=30 drop=0
[QUEUE_STATS] t_ms=14384 q_pkts=1 q_bytes=1504 qdelay_l_ms=1.02632 qdelay_c_ms=0 ecn_mark=30 drop=0
[QUEUE_STATS] t_ms=14400 q_pkts=16 q_bytes=24064 qdelay_l_ms=1.14932 qdelay_c_ms=1.13856 ecn_mark=30 drop=0
[QUEUE_STATS] t_ms=14416 q_pkts=1 q_bytes=1504 qdelay_l_ms=1.06307 qdelay_c_ms=0 ecn_mark=30 drop=0
[QUEUE_STATS] t_ms=14433 q_pkts=3 q_bytes=4512 qdelay_l_ms=1.0711 qdelay_c_ms=1.06521 ecn_mark=30 drop=0
[QUEUE_STATS] t_ms=14448 q_pkts=23 q_bytes=34592 qdelay_l_ms=1.13122 qdelay_c_ms=1.12049 ecn_mark=30 drop=0
[QUEUE_STATS] t_ms=14464 q_pkts=10 q_bytes=15040 qdelay_l_ms=0 qdelay_c_ms=1.39234 ecn_mark=30 drop=0
[QUEUE_STATS] t_ms=14480 q_pkts=0 q_bytes=0 qdelay_l_ms=0 qdelay_c_ms=0 ecn_mark=30 drop=0
[QUEUE_STATS] t_ms=14496 q_pkts=1 q_bytes=1504 qdelay_l_ms=1.05971 qdelay_c_ms=0 ecn_mark=30 drop=0
[QUEUE_STATS] t_ms=14512 q_pkts=1 q_bytes=1504 qdelay_l_ms=1.05731 qdelay_c_ms=0 ecn_mark=30 drop=0
[QUEUE_STATS] t_ms=14528 q_pkts=1 q_bytes=1504 qdelay_l_ms=1.07576 qdelay_c_ms=0 ecn_mark=30 drop=0
[QUEUE_STATS] t_ms=14544 q_pkts=1 q_bytes=1504 qdelay_l_ms=1.06653 qdelay_c_ms=0 ecn_mark=30 drop=0
[QUEUE_STATS] t_ms=14560 q_pkts=17 q_bytes=25568 qdelay_l_ms=1.11045 qdelay_c_ms=2.04632 ecn_mark=30 drop=0
[QUEUE_STATS] t_ms=14576 q_pkts=29 q_bytes=43616 qdelay_l_ms=1.02832 qdelay_c_ms=1.85247 ecn_mark=30 drop=0
[QUEUE_STATS] t_ms=14592 q_pkts=0 q_bytes=0 qdelay_l_ms=0 qdelay_c_ms=0 ecn_mark=30 drop=0
[QUEUE_STATS] t_ms=14608 q_pkts=6 q_bytes=9024 qdelay_l_ms=0.999581 qdelay_c_ms=2.08952 ecn_mark=30 drop=0
[QUEUE_STATS] t_ms=14624 q_pkts=1 q_bytes=1504 qdelay_l_ms=1.07077 qdelay_c_ms=0 ecn_mark=30 drop=0
[QUEUE_STATS] t_ms=14640 q_pkts=14 q_bytes=21056 qdelay_l_ms=0.740043 qdelay_c_ms=2.15348 ecn_mark=31 drop=0
[QUEUE_STATS] t_ms=14657 q_pkts=23 q_bytes=34592 qdelay_l_ms=1.15828 qdelay_c_ms=2.14575 ecn_mark=31 drop=0
[QUEUE_STATS] t_ms=14672 q_pkts=27 q_bytes=40608 qdelay_l_ms=1.20169 qdelay_c_ms=1.88354 ecn_mark=31 drop=0
[QUEUE_STATS] t_ms=14688 q_pkts=2 q_bytes=3008 qdelay_l_ms=1.05921 qdelay_c_ms=0 ecn_mark=31 drop=0
[QUEUE_STATS] t_ms=14704 q_pkts=6 q_bytes=9024 qdelay_l_ms=0.690418 qdelay_c_ms=0.718641 ecn_mark=31 drop=0
[QUEUE_STATS] t_ms=14720 q_pkts=1 q_bytes=1504 qdelay_l_ms=1.06734 qdelay_c_ms=0 ecn_mark=31 drop=0
[QUEUE_STATS] t_ms=14736 q_pkts=1 q_bytes=1504 qdelay_l_ms=1.07964 qdelay_c_ms=0 ecn_mark=31 drop=0
[QUEUE_STATS] t_ms=14752 q_pkts=11 q_bytes=16544 qdelay_l_ms=1.0224 qdelay_c_ms=2.07848 ecn_mark=31 drop=0
[QUEUE_STATS] t_ms=14768 q_pkts=31 q_bytes=46624 qdelay_l_ms=1.18847 qdelay_c_ms=1.77578 ecn_mark=31 drop=0
[QUEUE_STATS] t_ms=14784 q_pkts=16 q_bytes=24064 qdelay_l_ms=0 qdelay_c_ms=1.43888 ecn_mark=31 drop=0
[QUEUE_STATS] t_ms=14800 q_pkts=1 q_bytes=1504 qdelay_l_ms=1.08268 qdelay_c_ms=0 ecn_mark=31 drop=0
[QUEUE_STATS] t_ms=14816 q_pkts=0 q_bytes=0 qdelay_l_ms=0 qdelay_c_ms=0 ecn_mark=31 drop=0
[QUEUE_STATS] t_ms=14832 q_pkts=1 q_bytes=1504 qdelay_l_ms=1.023 qdelay_c_ms=0 ecn_mark=31 drop=0
[QUEUE_STATS] t_ms=14848 q_pkts=1 q_bytes=1504 qdelay_l_ms=1.07275 qdelay_c_ms=0 ecn_mark=32 drop=0
[QUEUE_STATS] t_ms=14864 q_pkts=20 q_bytes=30080 qdelay_l_ms=0 qdelay_c_ms=1.20602 ecn_mark=33 drop=0
[QUEUE_STATS] t_ms=14880 q_pkts=21 q_bytes=31584 qdelay_l_ms=0 qdelay_c_ms=2.04254 ecn_mark=33 drop=0
[QUEUE_STATS] t_ms=14896 q_pkts=3 q_bytes=4512 qdelay_l_ms=1.00493 qdelay_c_ms=0.990874 ecn_mark=33 drop=0
[QUEUE_STATS] t_ms=14912 q_pkts=17 q_bytes=25568 qdelay_l_ms=1.02954 qdelay_c_ms=1.14274 ecn_mark=33 drop=0
[QUEUE_STATS] t_ms=14928 q_pkts=1 q_bytes=1504 qdelay_l_ms=1.02666 qdelay_c_ms=0 ecn_mark=33 drop=0
[QUEUE_STATS] t_ms=14944 q_pkts=14 q_bytes=21056 qdelay_l_ms=1.05155 qdelay_c_ms=1.04324 ecn_mark=33 drop=0
[QUEUE_STATS] t_ms=14960 q_pkts=15 q_bytes=22560 qdelay_l_ms=1.08158 qdelay_c_ms=1.06878 ecn_mark=33 drop=0
[QUEUE_STATS] t_ms=14976 q_pkts=31 q_bytes=46624 qdelay_l_ms=0.99912 qdelay_c_ms=2.16202 ecn_mark=33 drop=0
[QUEUE_STATS] t_ms=14992 q_pkts=22 q_bytes=33088 qdelay_l_ms=0 qdelay_c_ms=2.04908 ecn_mark=33 drop=0
[QUEUE_STATS] t_ms=15008 q_pkts=22 q_bytes=33088 qdelay_l_ms=1.13328 qdelay_c_ms=1.12727 ecn_mark=33 drop=0
[QUEUE_STATS] t_ms=15024 q_pkts=2 q_bytes=3008 qdelay_l_ms=1.08726 qdelay_c_ms=0 ecn_mark=33 drop=0
[QUEUE_STATS] t_ms=15041 q_pkts=1 q_bytes=1504 qdelay_l_ms=1.06937 qdelay_c_ms=0 ecn_mark=33 drop=0
[QUEUE_STATS] t_ms=15056 q_pkts=10 q_bytes=15040 qdelay_l_ms=1.06818 qdelay_c_ms=1.14936 ecn_mark=33 drop=0
[QUEUE_STATS] t_ms=15072 q_pkts=38 q_bytes=57152 qdelay_l_ms=1.11279 qdelay_c_ms=3.24422 ecn_mark=33 drop=0
[QUEUE_STATS] t_ms=15088 q_pkts=25 q_bytes=37600 qdelay_l_ms=0 qdelay_c_ms=2.07659 ecn_mark=33 drop=0
[QUEUE_STATS] t_ms=15104 q_pkts=2 q_bytes=3008 qdelay_l_ms=1.06776 qdelay_c_ms=0 ecn_mark=33 drop=0
[QUEUE_STATS] t_ms=15120 q_pkts=12 q_bytes=18048 qdelay_l_ms=1.09677 qdelay_c_ms=1.98563 ecn_mark=33 drop=0
[QUEUE_STATS] t_ms=15136 q_pkts=1 q_bytes=1504 qdelay_l_ms=1.07205 qdelay_c_ms=0 ecn_mark=33 drop=0
[QUEUE_STATS] t_ms=15152 q_pkts=1 q_bytes=1504 qdelay_l_ms=1.07045 qdelay_c_ms=0 ecn_mark=33 drop=0
[QUEUE_STATS] t_ms=15168 q_pkts=2 q_bytes=3008 qdelay_l_ms=0.048331 qdelay_c_ms=0.038573 ecn_mark=33 drop=0
[QUEUE_STATS] t_ms=15184 q_pkts=23 q_bytes=34592 qdelay_l_ms=1.09348 qdelay_c_ms=1.99474 ecn_mark=33 drop=0
[QUEUE_STATS] t_ms=15200 q_pkts=17 q_bytes=25568 qdelay_l_ms=1.09959 qdelay_c_ms=1.74742 ecn_mark=33 drop=0
[QUEUE_STATS] t_ms=15216 q_pkts=9 q_bytes=13536 qdelay_l_ms=0 qdelay_c_ms=1.11882 ecn_mark=33 drop=0
[QUEUE_STATS] t_ms=15232 q_pkts=2 q_bytes=3008 qdelay_l_ms=1.06718 qdelay_c_ms=0 ecn_mark=33 drop=0
[QUEUE_STATS] t_ms=15248 q_pkts=0 q_bytes=0 qdelay_l_ms=0 qdelay_c_ms=0 ecn_mark=33 drop=0
[QUEUE_STATS] t_ms=15264 q_pkts=5 q_bytes=7520 qdelay_l_ms=1.06659 qdelay_c_ms=1.09595 ecn_mark=33 drop=0
[QUEUE_STATS] t_ms=15280 q_pkts=21 q_bytes=31584 qdelay_l_ms=1.06192 qdelay_c_ms=1.64452 ecn_mark=33 drop=0
[QUEUE_STATS] t_ms=15296 q_pkts=28 q_bytes=42112 qdelay_l_ms=0.941431 qdelay_c_ms=2.27306 ecn_mark=33 drop=0
[QUEUE_STATS] t_ms=15312 q_pkts=1 q_bytes=1504 qdelay_l_ms=1.08466 qdelay_c_ms=0 ecn_mark=33 drop=0
[QUEUE_STATS] t_ms=15328 q_pkts=2 q_bytes=3008 qdelay_l_ms=1.03594 qdelay_c_ms=0 ecn_mark=33 drop=0
[QUEUE_STATS] t_ms=15344 q_pkts=2 q_bytes=3008 qdelay_l_ms=0.953825 qdelay_c_ms=0 ecn_mark=33 drop=0
[QUEUE_STATS] t_ms=15360 q_pkts=0 q_bytes=0 qdelay_l_ms=0 qdelay_c_ms=0 ecn_mark=33 drop=0
[QUEUE_STATS] t_ms=15376 q_pkts=25 q_bytes=37600 qdelay_l_ms=0.940399 qdelay_c_ms=2.05555 ecn_mark=34 drop=0
[QUEUE_STATS] t_ms=15392 q_pkts=18 q_bytes=27072 qdelay_l_ms=0.209063 qdelay_c_ms=0.321234 ecn_mark=34 drop=0
[QUEUE_STATS] t_ms=15408 q_pkts=21 q_bytes=31584 qdelay_l_ms=1.11366 qdelay_c_ms=3.11265 ecn_mark=34 drop=0
[QUEUE_STATS] t_ms=15424 q_pkts=18 q_bytes=27072 qdelay_l_ms=0.918027 qdelay_c_ms=0.912557 ecn_mark=34 drop=0
[QUEUE_STATS] t_ms=15440 q_pkts=1 q_bytes=1504 qdelay_l_ms=1.06898 qdelay_c_ms=0 ecn_mark=34 drop=0
[QUEUE_STATS] t_ms=15456 q_pkts=11 q_bytes=16544 qdelay_l_ms=1.12427 qdelay_c_ms=1.11711 ecn_mark=34 drop=0
[QUEUE_STATS] t_ms=15472 q_pkts=1 q_bytes=1504 qdelay_l_ms=1.09061 qdelay_c_ms=0 ecn_mark=34 drop=0
[QUEUE_STATS] t_ms=15488 q_pkts=23 q_bytes=34592 qdelay_l_ms=1.41615 qdelay_c_ms=1.46206 ecn_mark=34 drop=0
[QUEUE_STATS] t_ms=15504 q_pkts=42 q_bytes=63168 qdelay_l_ms=1.18019 qdelay_c_ms=3.12743 ecn_mark=34 drop=0
[QUEUE_STATS] t_ms=15520 q_pkts=2 q_bytes=3008 qdelay_l_ms=1.08467 qdelay_c_ms=0 ecn_mark=34 drop=0
[QUEUE_STATS] t_ms=15536 q_pkts=0 q_bytes=0 qdelay_l_ms=0 qdelay_c_ms=0 ecn_mark=34 drop=0
[QUEUE_STATS] t_ms=15552 q_pkts=2 q_bytes=3008 qdelay_l_ms=1.06866 qdelay_c_ms=0 ecn_mark=34 drop=0
[QUEUE_STATS] t_ms=15568 q_pkts=20 q_bytes=30080 qdelay_l_ms=1.03382 qdelay_c_ms=1.08696 ecn_mark=34 drop=0
[QUEUE_STATS] t_ms=15584 q_pkts=22 q_bytes=33088 qdelay_l_ms=0.947533 qdelay_c_ms=2.10875 ecn_mark=34 drop=0
[QUEUE_STATS] t_ms=15600 q_pkts=7 q_bytes=10528 qdelay_l_ms=0 qdelay_c_ms=1.26936 ecn_mark=34 drop=0
[QUEUE_STATS] t_ms=15616 q_pkts=0 q_bytes=0 qdelay_l_ms=0 qdelay_c_ms=0 ecn_mark=34 drop=0
[QUEUE_STATS] t_ms=15632 q_pkts=11 q_bytes=16544 qdelay_l_ms=1.14333 qdelay_c_ms=1.13284 ecn_mark=34 drop=0
[QUEUE_STATS] t_ms=15649 q_pkts=1 q_bytes=1504 qdelay_l_ms=1.08048 qdelay_c_ms=0 ecn_mark=34 drop=0
[QUEUE_STATS] t_ms=15664 q_pkts=1 q_bytes=1504 qdelay_l_ms=0.90857 qdelay_c_ms=0 ecn_mark=34 drop=0
[QUEUE_STATS] t_ms=15680 q_pkts=11 q_bytes=16544 qdelay_l_ms=0.978831 qdelay_c_ms=1.0738 ecn_mark=34 drop=0
[QUEUE_STATS] t_ms=15696 q_pkts=24 q_bytes=36096 qdelay_l_ms=0.994231 qdelay_c_ms=2.08449 ecn_mark=34 drop=0
[QUEUE_STATS] t_ms=15712 q_pkts=30 q_bytes=45120 qdelay_l_ms=1.09965 qdelay_c_ms=2.16928 ecn_mark=34 drop=0
[QUEUE_STATS] t_ms=15728 q_pkts=14 q_bytes=21056 qdelay_l_ms=0.103936 qdelay_c_ms=1.15583 ecn_mark=34 drop=0
[QUEUE_STATS] t_ms=15744 q_pkts=1 q_bytes=1504 qdelay_l_ms=0.898821 qdelay_c_ms=0 ecn_mark=34 drop=0
[QUEUE_STATS] t_ms=15760 q_pkts=21 q_bytes=31584 qdelay_l_ms=1.03129 qdelay_c_ms=1.14437 ecn_mark=34 drop=0
[QUEUE_STATS] t_ms=15776 q_pkts=17 q_bytes=25568 qdelay_l_ms=1.04072 qdelay_c_ms=1.14815 ecn_mark=34 drop=0
[QUEUE_STATS] t_ms=15792 q_pkts=26 q_bytes=39104 qdelay_l_ms=1.11944 qdelay_c_ms=2.09052 ecn_mark=34 drop=0
[QUEUE_STATS] t_ms=15808 q_pkts=23 q_bytes=34592 qdelay_l_ms=1.09463 qdelay_c_ms=2.12294 ecn_mark=35 drop=0
[QUEUE_STATS] t_ms=15824 q_pkts=13 q_bytes=19552 qdelay_l_ms=1.13716 qdelay_c_ms=1.42868 ecn_mark=35 drop=0
[QUEUE_STATS] t_ms=15840 q_pkts=1 q_bytes=1504 qdelay_l_ms=1.07158 qdelay_c_ms=0 ecn_mark=35 drop=0
[QUEUE_STATS] t_ms=15856 q_pkts=1 q_bytes=1504 qdelay_l_ms=1.07225 qdelay_c_ms=0 ecn_mark=35 drop=0
[QUEUE_STATS] t_ms=15872 q_pkts=3 q_bytes=4512 qdelay_l_ms=1.12121 qdelay_c_ms=1.10693 ecn_mark=35 drop=0
[QUEUE_STATS] t_ms=15888 q_pkts=25 q_bytes=37600 qdelay_l_ms=0.97264 qdelay_c_ms=2.13684 ecn_mark=35 drop=0
[QUEUE_STATS] t_ms=15904 q_pkts=34 q_bytes=51136 qdelay_l_ms=1.01966 qdelay_c_ms=3.23827 ecn_mark=36 drop=0
[QUEUE_STATS] t_ms=15921 q_pkts=36 q_bytes=54144 qdelay_l_ms=1.15362 qdelay_c_ms=3.06678 ecn_mark=37 drop=0
[QUEUE_STATS] t_ms=15936 q_pkts=24 q_bytes=36096 qdelay_l_ms=0.150864 qdelay_c_ms=0.433085 ecn_mark=37 drop=0
[QUEUE_STATS] t_ms=15952 q_pkts=1 q_bytes=1504 qdelay_l_ms=1.07371 qdelay_c_ms=0 ecn_mark=37 drop=0
[QUEUE_STATS] t_ms=15968 q_pkts=11 q_bytes=16544 qdelay_l_ms=1.04493 qdelay_c_ms=1.12565 ecn_mark=37 drop=0
[QUEUE_STATS] t_ms=15984 q_pkts=7 q_bytes=10528 qdelay_l_ms=0.845581 qdelay_c_ms=1.88032 ecn_mark=37 drop=0
[QUEUE_STATS] t_ms=16000 q_pkts=30 q_bytes=45120 qdelay_l_ms=1.21046 qdelay_c_ms=1.50944 ecn_mark=37 drop=0
[QUEUE_STATS] t_ms=16016 q_pkts=31 q_bytes=46624 qdelay_l_ms=1.1345 qdelay_c_ms=3.33217 ecn_mark=37 drop=0
[QUEUE_STATS] t_ms=16032 q_pkts=6 q_bytes=9024 qdelay_l_ms=0 qdelay_c_ms=0.073808 ecn_mark=37 drop=0
[QUEUE_STATS] t_ms=16048 q_pkts=0 q_bytes=0 qdelay_l_ms=0 qdelay_c_ms=0 ecn_mark=37 drop=0
[QUEUE_STATS] t_ms=16064 q_pkts=1 q_bytes=1504 qdelay_l_ms=0.848656 qdelay_c_ms=0 ecn_mark=37 drop=0
[QUEUE_STATS] t_ms=16081 q_pkts=2 q_bytes=3008 qdelay_l_ms=1.10278 qdelay_c_ms=0 ecn_mark=37 drop=0
[QUEUE_STATS] t_ms=16096 q_pkts=13 q_bytes=19552 qdelay_l_ms=1.16724 qdelay_c_ms=1.153 ecn_mark=37 drop=0
[QUEUE_STATS] t_ms=16112 q_pkts=23 q_bytes=34592 qdelay_l_ms=1.08515 qdelay_c_ms=2.12973 ecn_mark=37 drop=0
[QUEUE_STATS] t_ms=16128 q_pkts=33 q_bytes=49632 qdelay_l_ms=1.16272 qdelay_c_ms=3.00645 ecn_mark=37 drop=0
[QUEUE_STATS] t_ms=16144 q_pkts=2 q_bytes=3008 qdelay_l_ms=1.0507 qdelay_c_ms=0 ecn_mark=37 drop=0
[QUEUE_STATS] t_ms=16160 q_pkts=2 q_bytes=3008 qdelay_l_ms=1.06767 qdelay_c_ms=0 ecn_mark=37 drop=0
[QUEUE_STATS] t_ms=16176 q_pkts=2 q_bytes=3008 qdelay_l_ms=0.850901 qdelay_c_ms=0 ecn_mark=37 drop=0
[QUEUE_STATS] t_ms=16192 q_pkts=14 q_bytes=21056 qdelay_l_ms=1.15378 qdelay_c_ms=1.14439 ecn_mark=37 drop=0
[QUEUE_STATS] t_ms=16208 q_pkts=10 q_bytes=15040 qdelay_l_ms=0.013616 qdelay_c_ms=1.23536 ecn_mark=37 drop=0
[QUEUE_STATS] t_ms=16224 q_pkts=32 q_bytes=48128 qdelay_l_ms=0 qdelay_c_ms=2.09429 ecn_mark=37 drop=0
[QUEUE_STATS] t_ms=16240 q_pkts=32 q_bytes=48128 qdelay_l_ms=1.05556 qdelay_c_ms=2.14138 ecn_mark=37 drop=0
[QUEUE_STATS] t_ms=16256 q_pkts=2 q_bytes=3008 qdelay_l_ms=1.06838 qdelay_c_ms=0 ecn_mark=37 drop=0
[QUEUE_STATS] t_ms=16272 q_pkts=4 q_bytes=6016 qdelay_l_ms=0 qdelay_c_ms=0.029225 ecn_mark=37 drop=0
[QUEUE_STATS] t_ms=16288 q_pkts=10 q_bytes=15040 qdelay_l_ms=0 qdelay_c_ms=0.090971 ecn_mark=37 drop=0
[QUEUE_STATS] t_ms=16304 q_pkts=4 q_bytes=6016 qdelay_l_ms=0 qdelay_c_ms=1.1977 ecn_mark=37 drop=0
[QUEUE_STATS] t_ms=16320 q_pkts=27 q_bytes=40608 qdelay_l_ms=1.1825 qdelay_c_ms=2.38674 ecn_mark=37 drop=0
[QUEUE_STATS] t_ms=16336 q_pkts=23 q_bytes=34592 qdelay_l_ms=0 qdelay_c_ms=2.14037 ecn_mark=37 drop=0
[QUEUE_STATS] t_ms=16352 q_pkts=2 q_bytes=3008 qdelay_l_ms=1.07149 qdelay_c_ms=0 ecn_mark=37 drop=0
[QUEUE_STATS] t_ms=16368 q_pkts=2 q_bytes=3008 qdelay_l_ms=0.831174 qdelay_c_ms=0 ecn_mark=38 drop=0
[QUEUE_STATS] t_ms=16384 q_pkts=0 q_bytes=0 qdelay_l_ms=0 qdelay_c_ms=0 ecn_mark=38 drop=0
[QUEUE_STATS] t_ms=16400 q_pkts=8 q_bytes=12032 qdelay_l_ms=0.049764 qdelay_c_ms=1.13587 ecn_mark=38 drop=0
[QUEUE_STATS] t_ms=16416 q_pkts=24 q_bytes=36096 qdelay_l_ms=0 qdelay_c_ms=1.96458 ecn_mark=38 drop=0
[QUEUE_STATS] t_ms=16432 q_pkts=31 q_bytes=46624 qdelay_l_ms=1.09241 qdelay_c_ms=2.13302 ecn_mark=38 drop=0
[QUEUE_STATS] t_ms=16448 q_pkts=18 q_bytes=27072 qdelay_l_ms=0 qdelay_c_ms=1.8097 ecn_mark=38 drop=0
[QUEUE_STATS] t_ms=16464 q_pkts=2 q_bytes=3008 qdelay_l_ms=1.05905 qdelay_c_ms=0 ecn_mark=38 drop=0
[QUEUE_STATS] t_ms=16481 q_pkts=1 q_bytes=1504 qdelay_l_ms=1.07338 qdelay_c_ms=0 ecn_mark=38 drop=0
[QUEUE_STATS] t_ms=16497 q_pkts=20 q_bytes=30080 qdelay_l_ms=1.03115 qdelay_c_ms=1.14181 ecn_mark=38 drop=0
[QUEUE_STATS] t_ms=16513 q_pkts=18 q_bytes=27072 qdelay_l_ms=1.0612 qdelay_c_ms=1.7504 ecn_mark=38 drop=0
[QUEUE_STATS] t_ms=16529 q_pkts=20 q_bytes=30080 qdelay_l_ms=1.16072 qdelay_c_ms=2.03022 ecn_mark=38 drop=0
[QUEUE_STATS] t_ms=16544 q_pkts=29 q_bytes=43616 qdelay_l_ms=0.998348 qdelay_c_ms=2.17146 ecn_mark=38 drop=0
[QUEUE_STATS] t_ms=16560 q_pkts=2 q_bytes=3008 qdelay_l_ms=1.08447 qdelay_c_ms=0 ecn_mark=38 drop=0
[QUEUE_STATS] t_ms=16576 q_pkts=4 q_bytes=6016 qdelay_l_ms=1.07142 qdelay_c_ms=1.11356 ecn_mark=38 drop=0
[QUEUE_STATS] t_ms=16592 q_pkts=7 q_bytes=10528 qdelay_l_ms=1.09006 qdelay_c_ms=2.1259 ecn_mark=38 drop=0
[QUEUE_STATS] t_ms=16608 q_pkts=0 q_bytes=0 qdelay_l_ms=0 qdelay_c_ms=0 ecn_mark=38 drop=0
[QUEUE_STATS] t_ms=16624 q_pkts=11 q_bytes=16544 qdelay_l_ms=0 qdelay_c_ms=1.18622 ecn_mark=38 drop=0
[QUEUE_STATS] t_ms=16640 q_pkts=32 q_bytes=48128 qdelay_l_ms=1.03719 qdelay_c_ms=2.17157 ecn_mark=38 drop=0
[QUEUE_STATS] t_ms=16656 q_pkts=36 q_bytes=54144 qdelay_l_ms=1.0385 qdelay_c_ms=2.94795 ecn_mark=38 drop=0
[QUEUE_STATS] t_ms=16672 q_pkts=1 q_bytes=1504 qdelay_l_ms=1.07498 qdelay_c_ms=0 ecn_mark=38 drop=0
[QUEUE_STATS] t_ms=16688 q_pkts=22 q_bytes=33088 qdelay_l_ms=1.14583 qdelay_c_ms=1.13974 ecn_mark=38 drop=0
[QUEUE_STATS] t_ms=16705 q_pkts=22 q_bytes=33088 qdelay_l_ms=1.1628 qdelay_c_ms=1.93758 ecn_mark=38 drop=0
[QUEUE_STATS] t_ms=16720 q_pkts=19 q_bytes=28576 qdelay_l_ms=1.06756 qdelay_c_ms=2.29827 ecn_mark=38 drop=0
[QUEUE_STATS] t_ms=16736 q_pkts=27 q_bytes=40608 qdelay_l_ms=1.07216 qdelay_c_ms=1.84184 ecn_mark=38 drop=0
[QUEUE_STATS] t_ms=16752 q_pkts=23 q_bytes=34592 qdelay_l_ms=0 qdelay_c_ms=1.14827 ecn_mark=38 drop=0
[QUEUE_STATS] t_ms=16768 q_pkts=1 q_bytes=1504 qdelay_l_ms=1.06598 qdelay_c_ms=0 ecn_mark=38 drop=0
[QUEUE_STATS] t_ms=16784 q_pkts=5 q_bytes=7520 qdelay_l_ms=1.06658 qdelay_c_ms=1.12987 ecn_mark=38 drop=0
[QUEUE_STATS] t_ms=16800 q_pkts=7 q_bytes=10528 qdelay_l_ms=0.044985 qdelay_c_ms=0.038883 ecn_mark=38 drop=0
[QUEUE_STATS] t_ms=16817 q_pkts=21 q_bytes=31584 qdelay_l_ms=1.1664 qdelay_c_ms=1.73075 ecn_mark=38 drop=0
[QUEUE_STATS] t_ms=16832 q_pkts=20 q_bytes=30080 qdelay_l_ms=1.06349 qdelay_c_ms=1.19173 ecn_mark=38 drop=0
[QUEUE_STATS] t_ms=16848 q_pkts=26 q_bytes=39104 qdelay_l_ms=1.15259 qdelay_c_ms=1.99291 ecn_mark=38 drop=0
[QUEUE_STATS] t_ms=16864 q_pkts=20 q_bytes=30080 qdelay_l_ms=1.10555 qdelay_c_ms=2.14987 ecn_mark=38 drop=0
[QUEUE_STATS] t_ms=16880 q_pkts=1 q_bytes=1504 qdelay_l_ms=0.757334 qdelay_c_ms=0 ecn_mark=38 drop=0
[QUEUE_STATS] t_ms=16896 q_pkts=15 q_bytes=22560 qdelay_l_ms=1.05961 qdelay_c_ms=1.17351 ecn_mark=38 drop=0
[QUEUE_STATS] t_ms=16912 q_pkts=17 q_bytes=25568 qdelay_l_ms=0 qdelay_c_ms=1.17559 ecn_mark=38 drop=0
[QUEUE_STATS] t_ms=16928 q_pkts=30 q_bytes=45120 qdelay_l_ms=1.07288 qdelay_c_ms=2.35452 ecn_mark=38 drop=0
[QUEUE_STATS] t_ms=16944 q_pkts=32 q_bytes=48128 qdelay_l_ms=1.18789 qdelay_c_ms=1.8634 ecn_mark=38 drop=0
[QUEUE_STATS] t_ms=16960 q_pkts=27 q_bytes=40608 qdelay_l_ms=0.937414 qdelay_c_ms=3.06135 ecn_mark=38 drop=0
[QUEUE_STATS] t_ms=16976 q_pkts=1 q_bytes=1504 qdelay_l_ms=1.0633 qdelay_c_ms=0 ecn_mark=38 drop=0
[QUEUE_STATS] t_ms=16992 q_pkts=2 q_bytes=3008 qdelay_l_ms=1.0643 qdelay_c_ms=0 ecn_mark=38 drop=0
[QUEUE_STATS] t_ms=17008 q_pkts=13 q_bytes=19552 qdelay_l_ms=0.075071 qdelay_c_ms=1.1428 ecn_mark=38 drop=0
[QUEUE_STATS] t_ms=17024 q_pkts=21 q_bytes=31584 qdelay_l_ms=1.08768 qdelay_c_ms=1.73903 ecn_mark=38 drop=0
[QUEUE_STATS] t_ms=17041 q_pkts=34 q_bytes=51136 qdelay_l_ms=1.06335 qdelay_c_ms=2.93231 ecn_mark=38 drop=0
[QUEUE_STATS] t_ms=17056 q_pkts=19 q_bytes=28576 qdelay_l_ms=0 qdelay_c_ms=0.10628 ecn_mark=38 drop=0
[QUEUE_STATS] t_ms=17072 q_pkts=2 q_bytes=3008 qdelay_l_ms=0.866951 qdelay_c_ms=0 ecn_mark=38 drop=0
[QUEUE_STATS] t_ms=17088 q_pkts=10 q_bytes=15040 qdelay_l_ms=1.06081 qdelay_c_ms=1.12513 ecn_mark=38 drop=0
[QUEUE_STATS] t_ms=17104 q_pkts=16 q_bytes=24064 qdelay_l_ms=0.989351 qdelay_c_ms=2.14481 ecn_mark=38 drop=0
[QUEUE_STATS] t_ms=17120 q_pkts=15 q_bytes=22560 qdelay_l_ms=0.051286 qdelay_c_ms=1.156 ecn_mark=38 drop=0
[QUEUE_STATS] t_ms=17136 q_pkts=21 q_bytes=31584 qdelay_l_ms=0 qdelay_c_ms=1.79377 ecn_mark=38 drop=0
[QUEUE_STATS] t_ms=17152 q_pkts=28 q_bytes=42112 qdelay_l_ms=0 qdelay_c_ms=2.00912 ecn_mark=38 drop=0
[QUEUE_STATS] t_ms=17168 q_pkts=34 q_bytes=51136 qdelay_l_ms=1.08577 qdelay_c_ms=2.84178 ecn_mark=38 drop=0
[QUEUE_STATS] t_ms=17184 q_pkts=2 q_bytes=3008 qdelay_l_ms=1.06584 qdelay_c_ms=0 ecn_mark=38 drop=0
[QUEUE_STATS] t_ms=17201 q_pkts=18 q_bytes=27072 qdelay_l_ms=1.0468 qdelay_c_ms=1.16171 ecn_mark=38 drop=0
[QUEUE_STATS] t_ms=17216 q_pkts=26 q_bytes=39104 qdelay_l_ms=1.1106 qdelay_c_ms=2.2409 ecn_mark=38 drop=0
[QUEUE_STATS] t_ms=17232 q_pkts=41 q_bytes=61664 qdelay_l_ms=1.17344 qdelay_c_ms=2.95 ecn_mark=39 drop=0
[QUEUE_STATS] t_ms=17248 q_pkts=38 q_bytes=57152 qdelay_l_ms=1.14634 qdelay_c_ms=3.09641 ecn_mark=39 drop=0
[QUEUE_STATS] t_ms=17264 q_pkts=53 q_bytes=79712 qdelay_l_ms=1.17936 qdelay_c_ms=4.14582 ecn_mark=39 drop=0
[QUEUE_STATS] t_ms=17280 q_pkts=2 q_bytes=3008 qdelay_l_ms=1.06944 qdelay_c_ms=0 ecn_mark=39 drop=0
[QUEUE_STATS] t_ms=17296 q_pkts=6 q_bytes=9024 qdelay_l_ms=1.10196 qdelay_c_ms=1.89758 ecn_mark=40 drop=0
[QUEUE_STATS] t_ms=17312 q_pkts=3 q_bytes=4512 qdelay_l_ms=0 qdelay_c_ms=0.019357 ecn_mark=40 drop=0
[QUEUE_STATS] t_ms=17328 q_pkts=22 q_bytes=33088 qdelay_l_ms=1.01108 qdelay_c_ms=2.19246 ecn_mark=40 drop=0
[QUEUE_STATS] t_ms=17344 q_pkts=40 q_bytes=60160 qdelay_l_ms=1.18295 qdelay_c_ms=2.95403 ecn_mark=40 drop=0
[QUEUE_STATS] t_ms=17361 q_pkts=37 q_bytes=55648 qdelay_l_ms=1.16603 qdelay_c_ms=2.96151 ecn_mark=40 drop=0
[QUEUE_STATS] t_ms=17376 q_pkts=42 q_bytes=63168 qdelay_l_ms=1.13236 qdelay_c_ms=4.09318 ecn_mark=40 drop=0
[QUEUE_STATS] t_ms=17392 q_pkts=4 q_bytes=6016 qdelay_l_ms=1.06694 qdelay_c_ms=1.08265 ecn_mark=40 drop=0
[QUEUE_STATS] t_ms=17408 q_pkts=7 q_bytes=10528 qdelay_l_ms=0 qdelay_c_ms=1.1136 ecn_mark=40 drop=0
[QUEUE_STATS] t_ms=17424 q_pkts=33 q_bytes=49632 qdelay_l_ms=0.938796 qdelay_c_ms=1.11574 ecn_mark=40 drop=0
[QUEUE_STATS] t_ms=17440 q_pkts=43 q_bytes=64672 qdelay_l_ms=0.083206 qdelay_c_ms=1.84682 ecn_mark=40 drop=0
[QUEUE_STATS] t_ms=17456 q_pkts=57 q_bytes=85728 qdelay_l_ms=0.97817 qdelay_c_ms=3.94403 ecn_mark=40 drop=0
[QUEUE_STATS] t_ms=17472 q_pkts=52 q_bytes=78208 qdelay_l_ms=1.08504 qdelay_c_ms=4.02802 ecn_mark=40 drop=0
[QUEUE_STATS] t_ms=17488 q_pkts=1 q_bytes=1504 qdelay_l_ms=1.09851 qdelay_c_ms=0 ecn_mark=40 drop=0
[QUEUE_STATS] t_ms=17505 q_pkts=2 q_bytes=3008 qdelay_l_ms=1.08271 qdelay_c_ms=0 ecn_mark=41 drop=0
[QUEUE_STATS] t_ms=17520 q_pkts=24 q_bytes=36096 qdelay_l_ms=1.06623 qdelay_c_ms=1.832 ecn_mark=41 drop=0
[QUEUE_STATS] t_ms=17536 q_pkts=29 q_bytes=43616 qdelay_l_ms=0.987167 qdelay_c_ms=1.16294 ecn_mark=42 drop=0
[QUEUE_STATS] t_ms=17552 q_pkts=21 q_bytes=31584 qdelay_l_ms=0 qdelay_c_ms=2.1628 ecn_mark=42 drop=0
[QUEUE_STATS] t_ms=17568 q_pkts=32 q_bytes=48128 qdelay_l_ms=1.06 qdelay_c_ms=2.87648 ecn_mark=42 drop=0
[QUEUE_STATS] t_ms=17584 q_pkts=34 q_bytes=51136 qdelay_l_ms=0.033814 qdelay_c_ms=1.86655 ecn_mark=42 drop=0
[QUEUE_STATS] t_ms=17600 q_pkts=1 q_bytes=1504 qdelay_l_ms=1.07294 qdelay_c_ms=0 ecn_mark=42 drop=0
[QUEUE_STATS] t_ms=17616 q_pkts=22 q_bytes=33088 qdelay_l_ms=1.08729 qdelay_c_ms=2.15805 ecn_mark=42 drop=0
[QUEUE_STATS] t_ms=17632 q_pkts=35 q_bytes=52640 qdelay_l_ms=0.992136 qdelay_c_ms=1.11824 ecn_mark=42 drop=0
[QUEUE_STATS] t_ms=17648 q_pkts=50 q_bytes=75200 qdelay_l_ms=1.11985 qdelay_c_ms=3.93051 ecn_mark=42 drop=0
[QUEUE_STATS] t_ms=17664 q_pkts=46 q_bytes=69184 qdelay_l_ms=1.16739 qdelay_c_ms=2.97153 ecn_mark=42 drop=0
[QUEUE_STATS] t_ms=17680 q_pkts=39 q_bytes=58656 qdelay_l_ms=1.17759 qdelay_c_ms=2.92481 ecn_mark=42 drop=0
[QUEUE_STATS] t_ms=17696 q_pkts=2 q_bytes=3008 qdelay_l_ms=1.0706 qdelay_c_ms=0 ecn_mark=42 drop=0
[QUEUE_STATS] t_ms=17712 q_pkts=2 q_bytes=3008 qdelay_l_ms=0 qdelay_c_ms=0.052489 ecn_mark=42 drop=0
[QUEUE_STATS] t_ms=17728 q_pkts=29 q_bytes=43616 qdelay_l_ms=1.05356 qdelay_c_ms=1.74501 ecn_mark=42 drop=0
[QUEUE_STATS] t_ms=17744 q_pkts=33 q_bytes=49632 qdelay_l_ms=1.00119 qdelay_c_ms=2.88648 ecn_mark=42 drop=0
[QUEUE_STATS] t_ms=17760 q_pkts=33 q_bytes=49632 qdelay_l_ms=1.11527 qdelay_c_ms=1.68267 ecn_mark=42 drop=0
[QUEUE_STATS] t_ms=17776 q_pkts=53 q_bytes=79712 qdelay_l_ms=1.04353 qdelay_c_ms=2.93383 ecn_mark=42 drop=0
[QUEUE_STATS] t_ms=17792 q_pkts=45 q_bytes=67680 qdelay_l_ms=1.11191 qdelay_c_ms=2.81292 ecn_mark=42 drop=0
[QUEUE_STATS] t_ms=17808 q_pkts=1 q_bytes=1504 qdelay_l_ms=1.08173 qdelay_c_ms=0 ecn_mark=42 drop=0
[QUEUE_STATS] t_ms=17824 q_pkts=18 q_bytes=27072 qdelay_l_ms=1.09012 qdelay_c_ms=1.08015 ecn_mark=42 drop=0
[QUEUE_STATS] t_ms=17840 q_pkts=29 q_bytes=43616 qdelay_l_ms=1.10885 qdelay_c_ms=1.2014 ecn_mark=42 drop=0
[QUEUE_STATS] t_ms=17856 q_pkts=22 q_bytes=33088 qdelay_l_ms=1.163 qdelay_c_ms=1.76721 ecn_mark=42 drop=0
[QUEUE_STATS] t_ms=17872 q_pkts=27 q_bytes=40608 qdelay_l_ms=0.989452 qdelay_c_ms=2.21438 ecn_mark=42 drop=0
[QUEUE_STATS] t_ms=17888 q_pkts=30 q_bytes=45120 qdelay_l_ms=0.083106 qdelay_c_ms=2.28511 ecn_mark=42 drop=0
[QUEUE_STATS] t_ms=17904 q_pkts=36 q_bytes=54144 qdelay_l_ms=0.133311 qdelay_c_ms=1.86177 ecn_mark=42 drop=0
[QUEUE_STATS] t_ms=17920 q_pkts=19 q_bytes=28576 qdelay_l_ms=0.984692 qdelay_c_ms=1.10621 ecn_mark=42 drop=0
[QUEUE_STATS] t_ms=17936 q_pkts=5 q_bytes=7520 qdelay_l_ms=1.0618 qdelay_c_ms=2.18467 ecn_mark=42 drop=0
[QUEUE_STATS] t_ms=17952 q_pkts=29 q_bytes=43616 qdelay_l_ms=1.06228 qdelay_c_ms=1.78451 ecn_mark=43 drop=0
[QUEUE_STATS] t_ms=17969 q_pkts=31 q_bytes=46624 qdelay_l_ms=1.18067 qdelay_c_ms=2.0837 ecn_mark=43 drop=0
[QUEUE_STATS] t_ms=17984 q_pkts=41 q_bytes=61664 qdelay_l_ms=1.12493 qdelay_c_ms=2.81815 ecn_mark=43 drop=0
[QUEUE_STATS] t_ms=18000 q_pkts=41 q_bytes=61664 qdelay_l_ms=1.10981 qdelay_c_ms=2.84215 ecn_mark=43 drop=0
[QUEUE_STATS] t_ms=18016 q_pkts=8 q_bytes=12032 qdelay_l_ms=1.0266 qdelay_c_ms=1.08493 ecn_mark=43 drop=0
[QUEUE_STATS] t_ms=18032 q_pkts=28 q_bytes=42112 qdelay_l_ms=0.965948 qdelay_c_ms=1.12365 ecn_mark=43 drop=0
[QUEUE_STATS] t_ms=18048 q_pkts=26 q_bytes=39104 qdelay_l_ms=1.0907 qdelay_c_ms=2.13055 ecn_mark=44 drop=0
[QUEUE_STATS] t_ms=18064 q_pkts=23 q_bytes=34592 qdelay_l_ms=1.06177 qdelay_c_ms=1.69765 ecn_mark=44 drop=0
[QUEUE_STATS] t_ms=18080 q_pkts=28 q_bytes=42112 qdelay_l_ms=1.16662 qdelay_c_ms=1.98786 ecn_mark=44 drop=0
[QUEUE_STATS] t_ms=18096 q_pkts=38 q_bytes=57152 qdelay_l_ms=1.03429 qdelay_c_ms=3.08619 ecn_mark=44 drop=0
[QUEUE_STATS] t_ms=18112 q_pkts=39 q_bytes=58656 qdelay_l_ms=1.09995 qdelay_c_ms=2.83288 ecn_mark=44 drop=0
[QUEUE_STATS] t_ms=18129 q_pkts=10 q_bytes=15040 qdelay_l_ms=1.10332 qdelay_c_ms=2.1496 ecn_mark=44 drop=0
[QUEUE_STATS] t_ms=18144 q_pkts=8 q_bytes=12032 qdelay_l_ms=1.03855 qdelay_c_ms=2.12047 ecn_mark=44 drop=0
[QUEUE_STATS] t_ms=18160 q_pkts=33 q_bytes=49632 qdelay_l_ms=1.15914 qdelay_c_ms=1.79604 ecn_mark=44 drop=0
[QUEUE_STATS] t_ms=18176 q_pkts=29 q_bytes=43616 qdelay_l_ms=0 qdelay_c_ms=2.15655 ecn_mark=45 drop=0
[QUEUE_STATS] t_ms=18192 q_pkts=33 q_bytes=49632 qdelay_l_ms=0.085671 qdelay_c_ms=2.88272 ecn_mark=45 drop=0
[QUEUE_STATS] t_ms=18208 q_pkts=49 q_bytes=73696 qdelay_l_ms=1.04025 qdelay_c_ms=3.95566 ecn_mark=46 drop=0
[QUEUE_STATS] t_ms=18224 q_pkts=32 q_bytes=48128 qdelay_l_ms=0 qdelay_c_ms=1.85763 ecn_mark=46 drop=0
[QUEUE_STATS] t_ms=18240 q_pkts=17 q_bytes=25568 qdelay_l_ms=0.998509 qdelay_c_ms=1.11606 ecn_mark=46 drop=0
[QUEUE_STATS] t_ms=18257 q_pkts=32 q_bytes=48128 qdelay_l_ms=1.11824 qdelay_c_ms=2.1828 ecn_mark=46 drop=0
[QUEUE_STATS] t_ms=18272 q_pkts=30 q_bytes=45120 qdelay_l_ms=1.02458 qdelay_c_ms=2.82306 ecn_mark=46 drop=0
[QUEUE_STATS] t_ms=18288 q_pkts=38 q_bytes=57152 qdelay_l_ms=1.10705 qdelay_c_ms=2.86875 ecn_mark=46 drop=0
[QUEUE_STATS] t_ms=18304 q_pkts=42 q_bytes=63168 qdelay_l_ms=0 qdelay_c_ms=3.27563 ecn_mark=46 drop=0
[QUEUE_STATS] t_ms=18320 q_pkts=48 q_bytes=72192 qdelay_l_ms=1.00653 qdelay_c_ms=3.9164 ecn_mark=46 drop=0
[QUEUE_STATS] t_ms=18336 q_pkts=55 q_bytes=82720 qdelay_l_ms=1.15742 qdelay_c_ms=3.95295 ecn_mark=46 drop=0
[QUEUE_STATS] t_ms=18352 q_pkts=50 q_bytes=75200 qdelay_l_ms=1.01162 qdelay_c_ms=3.9829 ecn_mark=46 drop=0
[QUEUE_STATS] t_ms=18368 q_pkts=23 q_bytes=34592 qdelay_l_ms=1.16352 qdelay_c_ms=2.78074 ecn_mark=46 drop=0
[QUEUE_STATS] t_ms=18384 q_pkts=30 q_bytes=45120 qdelay_l_ms=1.13159 qdelay_c_ms=3.26692 ecn_mark=46 drop=0
[QUEUE_STATS] t_ms=18400 q_pkts=37 q_bytes=55648 qdelay_l_ms=0.988139 qdelay_c_ms=2.82696 ecn_mark=46 drop=0
[QUEUE_STATS] t_ms=18416 q_pkts=37 q_bytes=55648 qdelay_l_ms=1.01249 qdelay_c_ms=2.74416 ecn_mark=46 drop=0
[QUEUE_STATS] t_ms=18432 q_pkts=38 q_bytes=57152 qdelay_l_ms=0 qdelay_c_ms=2.89625 ecn_mark=46 drop=0
[QUEUE_STATS] t_ms=18448 q_pkts=53 q_bytes=79712 qdelay_l_ms=1.00603 qdelay_c_ms=4.16509 ecn_mark=46 drop=0
[QUEUE_STATS] t_ms=18464 q_pkts=65 q_bytes=97760 qdelay_l_ms=1.12816 qdelay_c_ms=4.43984 ecn_mark=46 drop=0
[QUEUE_STATS] t_ms=18480 q_pkts=56 q_bytes=84224 qdelay_l_ms=1.06107 qdelay_c_ms=4.95685 ecn_mark=46 drop=0
[QUEUE_STATS] t_ms=18496 q_pkts=67 q_bytes=100768 qdelay_l_ms=1.16372 qdelay_c_ms=5.06891 ecn_mark=46 drop=0
[QUEUE_STATS] t_ms=18512 q_pkts=70 q_bytes=105280 qdelay_l_ms=0.868574 qdelay_c_ms=4.27281 ecn_mark=46 drop=0
[QUEUE_STATS] t_ms=18528 q_pkts=82 q_bytes=123328 qdelay_l_ms=1.14686 qdelay_c_ms=5.05885 ecn_mark=46 drop=0
[QUEUE_STATS] t_ms=18544 q_pkts=85 q_bytes=127840 qdelay_l_ms=1.03737 qdelay_c_ms=5.66065 ecn_mark=46 drop=0
[QUEUE_STATS] t_ms=18560 q_pkts=76 q_bytes=114304 qdelay_l_ms=0.091062 qdelay_c_ms=5.22664 ecn_mark=47 drop=0
[QUEUE_STATS] t_ms=18576 q_pkts=92 q_bytes=138368 qdelay_l_ms=1.01754 qdelay_c_ms=6.73824 ecn_mark=47 drop=0
[QUEUE_STATS] t_ms=18592 q_pkts=98 q_bytes=147392 qdelay_l_ms=1.07052 qdelay_c_ms=6.12673 ecn_mark=47 drop=0
[QUEUE_STATS] t_ms=18608 q_pkts=96 q_bytes=144384 qdelay_l_ms=1.0361 qdelay_c_ms=6.75188 ecn_mark=48 drop=0
[QUEUE_STATS] t_ms=18624 q_pkts=101 q_bytes=151904 qdelay_l_ms=0.815604 qdelay_c_ms=7.15328 ecn_mark=48 drop=0
[QUEUE_STATS] t_ms=18640 q_pkts=114 q_bytes=171456 qdelay_l_ms=1.127 qdelay_c_ms=7.88028 ecn_mark=48 drop=0
[QUEUE_STATS] t_ms=18656 q_pkts=114 q_bytes=171456 qdelay_l_ms=0.981766 qdelay_c_ms=8.08212 ecn_mark=48 drop=0
[QUEUE_STATS] t_ms=18672 q_pkts=123 q_bytes=184992 qdelay_l_ms=1.14265 qdelay_c_ms=8.94805 ecn_mark=48 drop=0
[QUEUE_STATS] t_ms=18688 q_pkts=126 q_bytes=189504 qdelay_l_ms=0.979272 qdelay_c_ms=8.99637 ecn_mark=48 drop=0
[QUEUE_STATS] t_ms=18704 q_pkts=127 q_bytes=191008 qdelay_l_ms=1.0599 qdelay_c_ms=7.8552 ecn_mark=48 drop=0
[QUEUE_STATS] t_ms=18720 q_pkts=130 q_bytes=195520 qdelay_l_ms=1.12132 qdelay_c_ms=8.90435 ecn_mark=49 drop=0
[QUEUE_STATS] t_ms=18736 q_pkts=144 q_bytes=216576 qdelay_l_ms=1.12076 qdelay_c_ms=9.47239 ecn_mark=49 drop=0
[QUEUE_STATS] t_ms=18753 q_pkts=130 q_bytes=195520 qdelay_l_ms=1.11312 qdelay_c_ms=9.77047 ecn_mark=49 drop=0
[QUEUE_STATS] t_ms=18768 q_pkts=153 q_bytes=230112 qdelay_l_ms=1.13876 qdelay_c_ms=10.133 ecn_mark=49 drop=0
[QUEUE_STATS] t_ms=18784 q_pkts=154 q_bytes=231616 qdelay_l_ms=0.153709 qdelay_c_ms=9.16541 ecn_mark=49 drop=0
[QUEUE_STATS] t_ms=18800 q_pkts=158 q_bytes=237632 qdelay_l_ms=0 qdelay_c_ms=11.1746 ecn_mark=49 drop=0
[QUEUE_STATS] t_ms=18816 q_pkts=173 q_bytes=260192 qdelay_l_ms=1.13167 qdelay_c_ms=10.3527 ecn_mark=49 drop=0
[QUEUE_STATS] t_ms=18832 q_pkts=175 q_bytes=263200 qdelay_l_ms=0.930811 qdelay_c_ms=10.8127 ecn_mark=49 drop=0
[QUEUE_STATS] t_ms=18848 q_pkts=161 q_bytes=242144 qdelay_l_ms=0 qdelay_c_ms=10.9108 ecn_mark=49 drop=0
[QUEUE_STATS] t_ms=18864 q_pkts=177 q_bytes=266208 qdelay_l_ms=1.14777 qdelay_c_ms=11.7159 ecn_mark=49 drop=0
[QUEUE_STATS] t_ms=18880 q_pkts=187 q_bytes=281248 qdelay_l_ms=1.13161 qdelay_c_ms=11.4785 ecn_mark=49 drop=0
[QUEUE_STATS] t_ms=18896 q_pkts=182 q_bytes=273728 qdelay_l_ms=0 qdelay_c_ms=12.8042 ecn_mark=49 drop=0
[QUEUE_STATS] t_ms=18912 q_pkts=176 q_bytes=264704 qdelay_l_ms=0.071074 qdelay_c_ms=12.0471 ecn_mark=49 drop=0
[QUEUE_STATS] t_ms=18928 q_pkts=197 q_bytes=296288 qdelay_l_ms=1.08595 qdelay_c_ms=12.772 ecn_mark=49 drop=0
[QUEUE_STATS] t_ms=18944 q_pkts=209 q_bytes=314336 qdelay_l_ms=0.973381 qdelay_c_ms=14.1759 ecn_mark=49 drop=0
[QUEUE_STATS] t_ms=18960 q_pkts=212 q_bytes=318848 qdelay_l_ms=1.1098 qdelay_c_ms=14.1589 ecn_mark=49 drop=0
[QUEUE_STATS] t_ms=18976 q_pkts=224 q_bytes=336896 qdelay_l_ms=1.13027 qdelay_c_ms=14.222 ecn_mark=49 drop=0
[QUEUE_STATS] t_ms=18992 q_pkts=214 q_bytes=321856 qdelay_l_ms=0.055846 qdelay_c_ms=14.2043 ecn_mark=49 drop=0
[QUEUE_STATS] t_ms=19008 q_pkts=224 q_bytes=336896 qdelay_l_ms=1.11306 qdelay_c_ms=15.0012 ecn_mark=49 drop=0
[QUEUE_STATS] t_ms=19024 q_pkts=227 q_bytes=341408 qdelay_l_ms=1.04432 qdelay_c_ms=15.0123 ecn_mark=49 drop=0
[QUEUE_STATS] t_ms=19040 q_pkts=234 q_bytes=351936 qdelay_l_ms=1.11775 qdelay_c_ms=16.3426 ecn_mark=49 drop=0
[QUEUE_STATS] t_ms=19056 q_pkts=244 q_bytes=366976 qdelay_l_ms=1.13039 qdelay_c_ms=16.0732 ecn_mark=49 drop=0
[QUEUE_STATS] t_ms=19072 q_pkts=241 q_bytes=362464 qdelay_l_ms=1.13156 qdelay_c_ms=15.3684 ecn_mark=50 drop=0
[QUEUE_STATS] t_ms=19088 q_pkts=261 q_bytes=392544 qdelay_l_ms=1.1299 qdelay_c_ms=17.4697 ecn_mark=50 drop=0
[QUEUE_STATS] t_ms=19104 q_pkts=260 q_bytes=391040 qdelay_l_ms=1.0816 qdelay_c_ms=16.9176 ecn_mark=50 drop=0
[QUEUE_STATS] t_ms=19120 q_pkts=248 q_bytes=372992 qdelay_l_ms=0.071034 qdelay_c_ms=16.8993 ecn_mark=50 drop=0
[QUEUE_STATS] t_ms=19136 q_pkts=269 q_bytes=404576 qdelay_l_ms=0.842405 qdelay_c_ms=18.2866 ecn_mark=50 drop=0
[QUEUE_STATS] t_ms=19152 q_pkts=261 q_bytes=392544 qdelay_l_ms=0.087685 qdelay_c_ms=17.7266 ecn_mark=50 drop=0
[QUEUE_STATS] t_ms=19168 q_pkts=272 q_bytes=409088 qdelay_l_ms=1.05866 qdelay_c_ms=18.8902 ecn_mark=50 drop=0
[QUEUE_STATS] t_ms=19184 q_pkts=285 q_bytes=428640 qdelay_l_ms=1.18603 qdelay_c_ms=19.0995 ecn_mark=50 drop=0
[QUEUE_STATS] t_ms=19200 q_pkts=284 q_bytes=427136 qdelay_l_ms=0.840862 qdelay_c_ms=19.2856 ecn_mark=50 drop=0
[QUEUE_STATS] t_ms=19216 q_pkts=300 q_bytes=451200 qdelay_l_ms=1.11003 qdelay_c_ms=19.7805 ecn_mark=50 drop=0
[QUEUE_STATS] t_ms=19232 q_pkts=306 q_bytes=460224 qdelay_l_ms=1.10773 qdelay_c_ms=19.8147 ecn_mark=50 drop=0
[QUEUE_STATS] t_ms=19248 q_pkts=301 q_bytes=452704 qdelay_l_ms=1.11043 qdelay_c_ms=20.9253 ecn_mark=50 drop=0
[QUEUE_STATS] t_ms=19264 q_pkts=307 q_bytes=461728 qdelay_l_ms=1.14468 qdelay_c_ms=21.3877 ecn_mark=50 drop=0
[QUEUE_STATS] t_ms=19280 q_pkts=311 q_bytes=467744 qdelay_l_ms=1.10731 qdelay_c_ms=20.9613 ecn_mark=50 drop=0
[QUEUE_STATS] t_ms=19296 q_pkts=316 q_bytes=475264 qdelay_l_ms=1.05689 qdelay_c_ms=20.843 ecn_mark=50 drop=0
[QUEUE_STATS] t_ms=19312 q_pkts=307 q_bytes=461728 qdelay_l_ms=0.067888 qdelay_c_ms=21.198 ecn_mark=50 drop=0
[QUEUE_STATS] t_ms=19328 q_pkts=326 q_bytes=490304 qdelay_l_ms=0.989792 qdelay_c_ms=22.1975 ecn_mark=50 drop=0
[QUEUE_STATS] t_ms=19344 q_pkts=320 q_bytes=481280 qdelay_l_ms=0.078277 qdelay_c_ms=21.2327 ecn_mark=51 drop=0
[QUEUE_STATS] t_ms=19360 q_pkts=339 q_bytes=509856 qdelay_l_ms=1.10236 qdelay_c_ms=23.2884 ecn_mark=51 drop=0
[QUEUE_STATS] t_ms=19376 q_pkts=350 q_bytes=526400 qdelay_l_ms=1.16642 qdelay_c_ms=23.4682 ecn_mark=51 drop=0
[QUEUE_STATS] t_ms=19392 q_pkts=351 q_bytes=527904 qdelay_l_ms=1.09886 qdelay_c_ms=23.6509 ecn_mark=51 drop=0
[QUEUE_STATS] t_ms=19408 q_pkts=355 q_bytes=533920 qdelay_l_ms=0.82958 qdelay_c_ms=23.5973 ecn_mark=51 drop=0
[QUEUE_STATS] t_ms=19424 q_pkts=359 q_bytes=539936 qdelay_l_ms=1.09314 qdelay_c_ms=23.7393 ecn_mark=51 drop=0
[QUEUE_STATS] t_ms=19440 q_pkts=372 q_bytes=559488 qdelay_l_ms=1.21622 qdelay_c_ms=23.1445 ecn_mark=51 drop=0
[QUEUE_STATS] t_ms=19456 q_pkts=370 q_bytes=556480 qdelay_l_ms=1.10548 qdelay_c_ms=24.8001 ecn_mark=51 drop=0
[QUEUE_STATS] t_ms=19472 q_pkts=384 q_bytes=577536 qdelay_l_ms=1.10421 qdelay_c_ms=24.6169 ecn_mark=51 drop=0
[QUEUE_STATS] t_ms=19488 q_pkts=373 q_bytes=560824 qdelay_l_ms=0.09594 qdelay_c_ms=23.8899 ecn_mark=51 drop=0
[QUEUE_STATS] t_ms=19504 q_pkts=393 q_bytes=591072 qdelay_l_ms=1.08709 qdelay_c_ms=22.1955 ecn_mark=51 drop=0
[QUEUE_STATS] t_ms=19520 q_pkts=395 q_bytes=594080 qdelay_l_ms=1.10415 qdelay_c_ms=26.142 ecn_mark=51 drop=0
[QUEUE_STATS] t_ms=19536 q_pkts=395 q_bytes=594080 qdelay_l_ms=1.10073 qdelay_c_ms=26.8376 ecn_mark=51 drop=0
[QUEUE_STATS] t_ms=19552 q_pkts=402 q_bytes=604608 qdelay_l_ms=1.08777 qdelay_c_ms=27.0242 ecn_mark=51 drop=0
[QUEUE_STATS] t_ms=19568 q_pkts=406 q_bytes=610624 qdelay_l_ms=1.08441 qdelay_c_ms=26.8619 ecn_mark=52 drop=0
[QUEUE_STATS] t_ms=19584 q_pkts=422 q_bytes=634688 qdelay_l_ms=1.11029 qdelay_c_ms=27.5746 ecn_mark=52 drop=0
[QUEUE_STATS] t_ms=19600 q_pkts=417 q_bytes=627168 qdelay_l_ms=1.08913 qdelay_c_ms=27.9878 ecn_mark=54 drop=0
[QUEUE_STATS] t_ms=19616 q_pkts=437 q_bytes=655908 qdelay_l_ms=1.02289 qdelay_c_ms=28.0271 ecn_mark=54 drop=0
[QUEUE_STATS] t_ms=19632 q_pkts=438 q_bytes=657412 qdelay_l_ms=1.07181 qdelay_c_ms=27.8629 ecn_mark=54 drop=0
[QUEUE_STATS] t_ms=19648 q_pkts=433 q_bytes=651232 qdelay_l_ms=1.08582 qdelay_c_ms=29.7732 ecn_mark=54 drop=0
[QUEUE_STATS] t_ms=19664 q_pkts=425 q_bytes=639200 qdelay_l_ms=0.040937 qdelay_c_ms=28.8306 ecn_mark=54 drop=0
[QUEUE_STATS] t_ms=19680 q_pkts=402 q_bytes=604608 qdelay_l_ms=1.08674 qdelay_c_ms=28.9434 ecn_mark=54 drop=0
[QUEUE_STATS] t_ms=19696 q_pkts=449 q_bytes=675296 qdelay_l_ms=1.08457 qdelay_c_ms=29.5313 ecn_mark=54 drop=0
[QUEUE_STATS] t_ms=19712 q_pkts=455 q_bytes=684320 qdelay_l_ms=0.058771 qdelay_c_ms=29.7061 ecn_mark=54 drop=0
[QUEUE_STATS] t_ms=19728 q_pkts=464 q_bytes=697856 qdelay_l_ms=1.08637 qdelay_c_ms=31.1824 ecn_mark=54 drop=0
[QUEUE_STATS] t_ms=19744 q_pkts=303 q_bytes=455712 qdelay_l_ms=0.062708 qdelay_c_ms=29.8146 ecn_mark=55 drop=0
[QUEUE_STATS] t_ms=19760 q_pkts=484 q_bytes=727636 qdelay_l_ms=1.07315 qdelay_c_ms=30.8961 ecn_mark=55 drop=0
[QUEUE_STATS] t_ms=19776 q_pkts=484 q_bytes=727936 qdelay_l_ms=1.07424 qdelay_c_ms=30.8895 ecn_mark=55 drop=0
[QUEUE_STATS] t_ms=19792 q_pkts=491 q_bytes=738464 qdelay_l_ms=1.07223 qdelay_c_ms=33.0913 ecn_mark=55 drop=0
[QUEUE_STATS] t_ms=19808 q_pkts=354 q_bytes=532416 qdelay_l_ms=1.09314 qdelay_c_ms=33.0457 ecn_mark=55 drop=0
[QUEUE_STATS] t_ms=19824 q_pkts=495 q_bytes=744480 qdelay_l_ms=1.07749 qdelay_c_ms=33.623 ecn_mark=55 drop=0
[QUEUE_STATS] t_ms=19840 q_pkts=501 q_bytes=753504 qdelay_l_ms=1.05891 qdelay_c_ms=29.3958 ecn_mark=55 drop=0
[QUEUE_STATS] t_ms=19856 q_pkts=507 q_bytes=762528 qdelay_l_ms=1.01333 qdelay_c_ms=33.0689 ecn_mark=56 drop=0
[QUEUE_STATS] t_ms=19872 q_pkts=345 q_bytes=518880 qdelay_l_ms=1.07255 qdelay_c_ms=34.6341 ecn_mark=56 drop=0
[QUEUE_STATS] t_ms=19888 q_pkts=527 q_bytes=791268 qdelay_l_ms=1.07234 qdelay_c_ms=34.1807 ecn_mark=56 drop=0
[QUEUE_STATS] t_ms=19904 q_pkts=521 q_bytes=783584 qdelay_l_ms=1.06966 qdelay_c_ms=29.4408 ecn_mark=56 drop=0
[QUEUE_STATS] t_ms=19920 q_pkts=530 q_bytes=797120 qdelay_l_ms=0.976908 qdelay_c_ms=35.2147 ecn_mark=56 drop=0
[QUEUE_STATS] t_ms=19936 q_pkts=384 q_bytes=577536 qdelay_l_ms=1.0121 qdelay_c_ms=35.7441 ecn_mark=56 drop=0
[QUEUE_STATS] t_ms=19952 q_pkts=546 q_bytes=821184 qdelay_l_ms=0.811407 qdelay_c_ms=35.8758 ecn_mark=56 drop=0
[QUEUE_STATS] t_ms=19968 q_pkts=544 q_bytes=818176 qdelay_l_ms=1.06705 qdelay_c_ms=26.7036 ecn_mark=56 drop=0
[QUEUE_STATS] t_ms=19984 q_pkts=557 q_bytes=837728 qdelay_l_ms=1.16529 qdelay_c_ms=37.2404 ecn_mark=56 drop=0
[QUEUE_STATS] t_ms=20001 q_pkts=391 q_bytes=588064 qdelay_l_ms=1.06988 qdelay_c_ms=37.1777 ecn_mark=56 drop=0
[QUEUE_STATS] t_ms=20016 q_pkts=569 q_bytes=855476 qdelay_l_ms=1.05486 qdelay_c_ms=37.1107 ecn_mark=56 drop=0
[QUEUE_STATS] t_ms=20032 q_pkts=569 q_bytes=855776 qdelay_l_ms=1.00192 qdelay_c_ms=26.8 ecn_mark=56 drop=0
[QUEUE_STATS] t_ms=20048 q_pkts=579 q_bytes=870816 qdelay_l_ms=1.12092 qdelay_c_ms=39.47 ecn_mark=56 drop=0
[QUEUE_STATS] t_ms=20064 q_pkts=432 q_bytes=649728 qdelay_l_ms=1.06911 qdelay_c_ms=38.7108 ecn_mark=56 drop=0
[QUEUE_STATS] t_ms=20080 q_pkts=593 q_bytes=891872 qdelay_l_ms=1.10911 qdelay_c_ms=39.3129 ecn_mark=56 drop=0
[QUEUE_STATS] t_ms=20096 q_pkts=596 q_bytes=896384 qdelay_l_ms=1.0609 qdelay_c_ms=23.7518 ecn_mark=56 drop=0
[QUEUE_STATS] t_ms=20113 q_pkts=598 q_bytes=899392 qdelay_l_ms=1.06316 qdelay_c_ms=39.2178 ecn_mark=56 drop=0
[QUEUE_STATS] t_ms=20128 q_pkts=440 q_bytes=661760 qdelay_l_ms=1.05982 qdelay_c_ms=40.1586 ecn_mark=56 drop=0
[QUEUE_STATS] t_ms=20144 q_pkts=623 q_bytes=936692 qdelay_l_ms=0.973982 qdelay_c_ms=41.3874 ecn_mark=56 drop=0
[QUEUE_STATS] t_ms=20160 q_pkts=615 q_bytes=924960 qdelay_l_ms=1.0742 qdelay_c_ms=23.2663 ecn_mark=56 drop=0
[QUEUE_STATS] t_ms=20176 q_pkts=608 q_bytes=914432 qdelay_l_ms=0.04753 qdelay_c_ms=37.6426 ecn_mark=56 drop=0
[QUEUE_STATS] t_ms=20192 q_pkts=480 q_bytes=721920 qdelay_l_ms=1.06125 qdelay_c_ms=40.4717 ecn_mark=56 drop=0
[QUEUE_STATS] t_ms=20208 q_pkts=615 q_bytes=924960 qdelay_l_ms=0.035376 qdelay_c_ms=40.9632 ecn_mark=56 drop=0
[QUEUE_STATS] t_ms=20224 q_pkts=649 q_bytes=976096 qdelay_l_ms=1.05151 qdelay_c_ms=21.8593 ecn_mark=56 drop=0
[QUEUE_STATS] t_ms=20240 q_pkts=652 q_bytes=980608 qdelay_l_ms=1.17082 qdelay_c_ms=34.8888 ecn_mark=56 drop=0
[QUEUE_STATS] t_ms=20256 q_pkts=535 q_bytes=804640 qdelay_l_ms=1.08865 qdelay_c_ms=44.0477 ecn_mark=56 drop=0
[QUEUE_STATS] t_ms=20272 q_pkts=429 q_bytes=643876 qdelay_l_ms=0 qdelay_c_ms=42.9943 ecn_mark=56 drop=0
[QUEUE_STATS] t_ms=20288 q_pkts=665 q_bytes=998820 qdelay_l_ms=1.00624 qdelay_c_ms=43.9523 ecn_mark=57 drop=0
[QUEUE_STATS] t_ms=20304 q_pkts=672 q_bytes=1010688 qdelay_l_ms=0 qdelay_c_ms=32.6748 ecn_mark=57 drop=0
[QUEUE_STATS] t_ms=20321 q_pkts=569 q_bytes=855776 qdelay_l_ms=1.10199 qdelay_c_ms=45.0376 ecn_mark=59 drop=0
[QUEUE_STATS] t_ms=20336 q_pkts=348 q_bytes=523392 qdelay_l_ms=1.06268 qdelay_c_ms=45.3471 ecn_mark=60 drop=0
[QUEUE_STATS] t_ms=20352 q_pkts=679 q_bytes=1020856 qdelay_l_ms=1.0088 qdelay_c_ms=45.7068 ecn_mark=60 drop=0
[QUEUE_STATS] t_ms=20368 q_pkts=678 q_bytes=1019352 qdelay_l_ms=0.912096 qdelay_c_ms=30.2149 ecn_mark=60 drop=0
[QUEUE_STATS] t_ms=20384 q_pkts=579 q_bytes=870816 qdelay_l_ms=0.963352 qdelay_c_ms=45.7201 ecn_mark=60 drop=0
[QUEUE_STATS] t_ms=20400 q_pkts=342 q_bytes=514368 qdelay_l_ms=1.04686 qdelay_c_ms=45.8903 ecn_mark=60 drop=0
[QUEUE_STATS] t_ms=20416 q_pkts=689 q_bytes=1034916 qdelay_l_ms=1.00624 qdelay_c_ms=45.3741 ecn_mark=60 drop=0
[QUEUE_STATS] t_ms=20432 q_pkts=693 q_bytes=1040932 qdelay_l_ms=0.810405 qdelay_c_ms=30.7805 ecn_mark=60 drop=0
[QUEUE_STATS] t_ms=20448 q_pkts=589 q_bytes=884516 qdelay_l_ms=1.04383 qdelay_c_ms=45.112 ecn_mark=60 drop=0
[QUEUE_STATS] t_ms=20464 q_pkts=352 q_bytes=529408 qdelay_l_ms=1.05885 qdelay_c_ms=46.7096 ecn_mark=60 drop=0
[QUEUE_STATS] t_ms=20480 q_pkts=682 q_bytes=1025728 qdelay_l_ms=1.00771 qdelay_c_ms=46.4747 ecn_mark=60 drop=0
[QUEUE_STATS] t_ms=20496 q_pkts=679 q_bytes=1021216 qdelay_l_ms=1.08069 qdelay_c_ms=30.0245 ecn_mark=60 drop=0
[QUEUE_STATS] t_ms=20512 q_pkts=591 q_bytes=888864 qdelay_l_ms=1.10014 qdelay_c_ms=44.9189 ecn_mark=60 drop=0
[QUEUE_STATS] t_ms=20528 q_pkts=354 q_bytes=532416 qdelay_l_ms=1.04294 qdelay_c_ms=46.1427 ecn_mark=61 drop=0
[QUEUE_STATS] t_ms=20544 q_pkts=682 q_bytes=1025368 qdelay_l_ms=0.996404 qdelay_c_ms=45.3865 ecn_mark=61 drop=0
[QUEUE_STATS] t_ms=20560 q_pkts=678 q_bytes=1019352 qdelay_l_ms=1.08333 qdelay_c_ms=29.7554 ecn_mark=61 drop=0
[QUEUE_STATS] t_ms=20576 q_pkts=596 q_bytes=896024 qdelay_l_ms=1.04904 qdelay_c_ms=44.7354 ecn_mark=61 drop=0
[QUEUE_STATS] t_ms=20592 q_pkts=345 q_bytes=518880 qdelay_l_ms=1.03859 qdelay_c_ms=47.0294 ecn_mark=61 drop=0
[QUEUE_STATS] t_ms=20608 q_pkts=682 q_bytes=1024388 qdelay_l_ms=0.066064 qdelay_c_ms=44.5935 ecn_mark=61 drop=0
[QUEUE_STATS] t_ms=20624 q_pkts=681 q_bytes=1022884 qdelay_l_ms=1.13441 qdelay_c_ms=30.0787 ecn_mark=61 drop=0
[QUEUE_STATS] t_ms=20640 q_pkts=638 q_bytes=958212 qdelay_l_ms=0.918859 qdelay_c_ms=44.8409 ecn_mark=62 drop=0
[QUEUE_STATS] t_ms=20657 q_pkts=386 q_bytes=580544 qdelay_l_ms=1.04003 qdelay_c_ms=46.3042 ecn_mark=62 drop=0
[QUEUE_STATS] t_ms=20672 q_pkts=683 q_bytes=1027232 qdelay_l_ms=1.04105 qdelay_c_ms=45.606 ecn_mark=62 drop=0
[QUEUE_STATS] t_ms=20688 q_pkts=679 q_bytes=1021216 qdelay_l_ms=1.04753 qdelay_c_ms=27.8703 ecn_mark=62 drop=0
[QUEUE_STATS] t_ms=20704 q_pkts=680 q_bytes=1022720 qdelay_l_ms=1.03872 qdelay_c_ms=41.917 ecn_mark=62 drop=0
[QUEUE_STATS] t_ms=20720 q_pkts=432 q_bytes=649728 qdelay_l_ms=1.03733 qdelay_c_ms=45.8149 ecn_mark=62 drop=0
[QUEUE_STATS] t_ms=20736 q_pkts=683 q_bytes=1027156 qdelay_l_ms=1.03405 qdelay_c_ms=45.6383 ecn_mark=62 drop=0
[QUEUE_STATS] t_ms=20752 q_pkts=678 q_bytes=1019636 qdelay_l_ms=1.12721 qdelay_c_ms=25.1694 ecn_mark=62 drop=0
[QUEUE_STATS] t_ms=20768 q_pkts=685 q_bytes=1030164 qdelay_l_ms=1.09505 qdelay_c_ms=39.8157 ecn_mark=62 drop=0
[QUEUE_STATS] t_ms=20784 q_pkts=494 q_bytes=742976 qdelay_l_ms=1.05052 qdelay_c_ms=46.3785 ecn_mark=62 drop=0
[QUEUE_STATS] t_ms=20800 q_pkts=687 q_bytes=1032476 qdelay_l_ms=0.874285 qdelay_c_ms=45.7482 ecn_mark=62 drop=0
[QUEUE_STATS] t_ms=20816 q_pkts=681 q_bytes=1023452 qdelay_l_ms=1.13712 qdelay_c_ms=45.6193 ecn_mark=62 drop=0
[QUEUE_STATS] t_ms=20832 q_pkts=680 q_bytes=1021948 qdelay_l_ms=1.02913 qdelay_c_ms=36.5671 ecn_mark=62 drop=0
[QUEUE_STATS] t_ms=20848 q_pkts=503 q_bytes=756512 qdelay_l_ms=1.06577 qdelay_c_ms=46.1935 ecn_mark=62 drop=0
[QUEUE_STATS] t_ms=20864 q_pkts=680 q_bytes=1022720 qdelay_l_ms=1.0258 qdelay_c_ms=46.0344 ecn_mark=62 drop=0
[QUEUE_STATS] t_ms=20880 q_pkts=680 q_bytes=1022720 qdelay_l_ms=0.760902 qdelay_c_ms=45.7667 ecn_mark=62 drop=0
[QUEUE_STATS] t_ms=20896 q_pkts=685 q_bytes=1030240 qdelay_l_ms=1.1264 qdelay_c_ms=36.0066 ecn_mark=62 drop=0
[QUEUE_STATS] t_ms=20912 q_pkts=555 q_bytes=834720 qdelay_l_ms=1.07749 qdelay_c_ms=46.9646 ecn_mark=63 drop=0
[QUEUE_STATS] t_ms=20928 q_pkts=663 q_bytes=996224 qdelay_l_ms=0 qdelay_c_ms=45.0711 ecn_mark=64 drop=0
[QUEUE_STATS] t_ms=20944 q_pkts=688 q_bytes=1033824 qdelay_l_ms=1.00574 qdelay_c_ms=45.5263 ecn_mark=64 drop=0
[QUEUE_STATS] t_ms=20960 q_pkts=688 q_bytes=1033824 qdelay_l_ms=1.02252 qdelay_c_ms=33.8599 ecn_mark=64 drop=0
[QUEUE_STATS] t_ms=20976 q_pkts=600 q_bytes=902400 qdelay_l_ms=0.905303 qdelay_c_ms=46.3192 ecn_mark=65 drop=0
[QUEUE_STATS] t_ms=20992 q_pkts=365 q_bytes=548960 qdelay_l_ms=1.05141 qdelay_c_ms=47.2808 ecn_mark=65 drop=0
[QUEUE_STATS] t_ms=21008 q_pkts=683 q_bytes=1026460 qdelay_l_ms=1.02415 qdelay_c_ms=45.8072 ecn_mark=68 drop=0
[QUEUE_STATS] t_ms=21024 q_pkts=689 q_bytes=1035484 qdelay_l_ms=1.08393 qdelay_c_ms=29.7996 ecn_mark=68 drop=0
[QUEUE_STATS] t_ms=21040 q_pkts=628 q_bytes=944512 qdelay_l_ms=1.01172 qdelay_c_ms=45.9411 ecn_mark=68 drop=0
[QUEUE_STATS] t_ms=21056 q_pkts=407 q_bytes=612128 qdelay_l_ms=1.06183 qdelay_c_ms=46.6039 ecn_mark=68 drop=0
[QUEUE_STATS] t_ms=21072 q_pkts=688 q_bytes=1034752 qdelay_l_ms=1.00158 qdelay_c_ms=46.5912 ecn_mark=68 drop=0
[QUEUE_STATS] t_ms=21088 q_pkts=688 q_bytes=1034752 qdelay_l_ms=1.12587 qdelay_c_ms=28.3497 ecn_mark=68 drop=0
[QUEUE_STATS] t_ms=21104 q_pkts=631 q_bytes=949024 qdelay_l_ms=0.859697 qdelay_c_ms=43.5356 ecn_mark=68 drop=0
[QUEUE_STATS] t_ms=21120 q_pkts=409 q_bytes=615136 qdelay_l_ms=1.01485 qdelay_c_ms=47.1818 ecn_mark=68 drop=0
[QUEUE_STATS] t_ms=21136 q_pkts=669 q_bytes=1005248 qdelay_l_ms=0.008977 qdelay_c_ms=45.7698 ecn_mark=68 drop=0
[QUEUE_STATS] t_ms=21152 q_pkts=692 q_bytes=1039840 qdelay_l_ms=1.1262 qdelay_c_ms=28.285 ecn_mark=68 drop=0
[QUEUE_STATS] t_ms=21168 q_pkts=672 q_bytes=1009760 qdelay_l_ms=1.01238 qdelay_c_ms=43.0868 ecn_mark=68 drop=0
[QUEUE_STATS] t_ms=21184 q_pkts=437 q_bytes=657248 qdelay_l_ms=0.995112 qdelay_c_ms=46.827 ecn_mark=68 drop=0
[QUEUE_STATS] t_ms=21200 q_pkts=690 q_bytes=1036988 qdelay_l_ms=1.13796 qdelay_c_ms=47.0009 ecn_mark=68 drop=0
[QUEUE_STATS] t_ms=21217 q_pkts=689 q_bytes=1035484 qdelay_l_ms=1.09841 qdelay_c_ms=25.8497 ecn_mark=68 drop=0
[QUEUE_STATS] t_ms=21232 q_pkts=688 q_bytes=1033980 qdelay_l_ms=1.01792 qdelay_c_ms=40.2375 ecn_mark=68 drop=0
[QUEUE_STATS] t_ms=21248 q_pkts=486 q_bytes=730944 qdelay_l_ms=1.01275 qdelay_c_ms=46.6853 ecn_mark=68 drop=0
[QUEUE_STATS] t_ms=21264 q_pkts=688 q_bytes=1034752 qdelay_l_ms=1.0843 qdelay_c_ms=47.2314 ecn_mark=68 drop=0
[QUEUE_STATS] t_ms=21280 q_pkts=685 q_bytes=1030240 qdelay_l_ms=1.01372 qdelay_c_ms=46.808 ecn_mark=68 drop=0
[QUEUE_STATS] t_ms=21296 q_pkts=689 q_bytes=1036256 qdelay_l_ms=1.15322 qdelay_c_ms=36.3386 ecn_mark=68 drop=0
[QUEUE_STATS] t_ms=21312 q_pkts=497 q_bytes=747488 qdelay_l_ms=0 qdelay_c_ms=46.7967 ecn_mark=68 drop=0
[QUEUE_STATS] t_ms=21328 q_pkts=688 q_bytes=1033824 qdelay_l_ms=1.15115 qdelay_c_ms=47.4367 ecn_mark=68 drop=0
[QUEUE_STATS] t_ms=21344 q_pkts=692 q_bytes=1039840 qdelay_l_ms=0.990223 qdelay_c_ms=47.0344 ecn_mark=68 drop=0
[QUEUE_STATS] t_ms=21360 q_pkts=692 q_bytes=1039840 qdelay_l_ms=0.865999 qdelay_c_ms=35.5911 ecn_mark=68 drop=0
[QUEUE_STATS] t_ms=21376 q_pkts=514 q_bytes=773056 qdelay_l_ms=1.08636 qdelay_c_ms=46.5573 ecn_mark=68 drop=0
[QUEUE_STATS] t_ms=21392 q_pkts=668 q_bytes=1004672 qdelay_l_ms=0 qdelay_c_ms=46.3436 ecn_mark=68 drop=0
[QUEUE_STATS] t_ms=21408 q_pkts=691 q_bytes=1039264 qdelay_l_ms=1.08327 qdelay_c_ms=46.9512 ecn_mark=68 drop=0
[QUEUE_STATS] t_ms=21424 q_pkts=681 q_bytes=1024224 qdelay_l_ms=1.08514 qdelay_c_ms=35.929 ecn_mark=68 drop=0
[QUEUE_STATS] t_ms=21440 q_pkts=563 q_bytes=846752 qdelay_l_ms=1.09412 qdelay_c_ms=46.7504 ecn_mark=68 drop=0
[QUEUE_STATS] t_ms=21456 q_pkts=449 q_bytes=675296 qdelay_l_ms=0 qdelay_c_ms=45.979 ecn_mark=69 drop=0
[QUEUE_STATS] t_ms=21472 q_pkts=692 q_bytes=1039412 qdelay_l_ms=0.889574 qdelay_c_ms=46.8616 ecn_mark=69 drop=0
[QUEUE_STATS] t_ms=21488 q_pkts=689 q_bytes=1034900 qdelay_l_ms=1.13321 qdelay_c_ms=32.7151 ecn_mark=69 drop=0
[QUEUE_STATS] t_ms=21505 q_pkts=601 q_bytes=903904 qdelay_l_ms=1.09661 qdelay_c_ms=47.1766 ecn_mark=70 drop=0
[QUEUE_STATS] t_ms=21520 q_pkts=381 q_bytes=573024 qdelay_l_ms=1.01417 qdelay_c_ms=47.2911 ecn_mark=71 drop=0
[QUEUE_STATS] t_ms=21536 q_pkts=689 q_bytes=1036256 qdelay_l_ms=0.832406 qdelay_c_ms=47.1241 ecn_mark=71 drop=0
[QUEUE_STATS] t_ms=21552 q_pkts=671 q_bytes=1009184 qdelay_l_ms=0 qdelay_c_ms=29.6892 ecn_mark=72 drop=0
[QUEUE_STATS] t_ms=21568 q_pkts=653 q_bytes=982112 qdelay_l_ms=0.830041 qdelay_c_ms=44.677 ecn_mark=72 drop=0
[QUEUE_STATS] t_ms=21584 q_pkts=416 q_bytes=625664 qdelay_l_ms=0.986676 qdelay_c_ms=46.7068 ecn_mark=73 drop=0
[QUEUE_STATS] t_ms=21600 q_pkts=693 q_bytes=1041928 qdelay_l_ms=0.996344 qdelay_c_ms=47.1776 ecn_mark=74 drop=0
[QUEUE_STATS] t_ms=21616 q_pkts=691 q_bytes=1038920 qdelay_l_ms=1.11085 qdelay_c_ms=27.8939 ecn_mark=74 drop=0
[QUEUE_STATS] t_ms=21632 q_pkts=684 q_bytes=1028392 qdelay_l_ms=1.04373 qdelay_c_ms=41.2918 ecn_mark=74 drop=0
[QUEUE_STATS] t_ms=21648 q_pkts=477 q_bytes=717408 qdelay_l_ms=1.08699 qdelay_c_ms=48.2019 ecn_mark=75 drop=0
[QUEUE_STATS] t_ms=21664 q_pkts=701 q_bytes=1052948 qdelay_l_ms=1.15033 qdelay_c_ms=47.3109 ecn_mark=75 drop=0
[QUEUE_STATS] t_ms=21680 q_pkts=689 q_bytes=1034900 qdelay_l_ms=0.799635 qdelay_c_ms=23.6623 ecn_mark=76 drop=0
[QUEUE_STATS] t_ms=21696 q_pkts=687 q_bytes=1031892 qdelay_l_ms=1.07879 qdelay_c_ms=37.5388 ecn_mark=76 drop=0
[QUEUE_STATS] t_ms=21712 q_pkts=471 q_bytes=708384 qdelay_l_ms=0.992647 qdelay_c_ms=46.7118 ecn_mark=76 drop=0
[QUEUE_STATS] t_ms=21728 q_pkts=688 q_bytes=1034452 qdelay_l_ms=0.994902 qdelay_c_ms=46.7757 ecn_mark=76 drop=0
[QUEUE_STATS] t_ms=21745 q_pkts=692 q_bytes=1040468 qdelay_l_ms=1.06176 qdelay_c_ms=24.1326 ecn_mark=77 drop=0
[QUEUE_STATS] t_ms=21761 q_pkts=688 q_bytes=1034452 qdelay_l_ms=0 qdelay_c_ms=38.8108 ecn_mark=77 drop=0
[QUEUE_STATS] t_ms=21776 q_pkts=519 q_bytes=780576 qdelay_l_ms=0.981777 qdelay_c_ms=47.0963 ecn_mark=77 drop=0
[QUEUE_STATS] t_ms=21792 q_pkts=692 q_bytes=1039856 qdelay_l_ms=0.644853 qdelay_c_ms=46.9936 ecn_mark=77 drop=0
[QUEUE_STATS] t_ms=21808 q_pkts=689 q_bytes=1035344 qdelay_l_ms=0.991285 qdelay_c_ms=46.8748 ecn_mark=77 drop=0
[QUEUE_STATS] t_ms=21825 q_pkts=688 q_bytes=1033840 qdelay_l_ms=0 qdelay_c_ms=34.5506 ecn_mark=77 drop=0
[QUEUE_STATS] t_ms=21840 q_pkts=548 q_bytes=824192 qdelay_l_ms=1.0998 qdelay_c_ms=48.0255 ecn_mark=77 drop=0
[QUEUE_STATS] t_ms=21856 q_pkts=693 q_bytes=1041784 qdelay_l_ms=0.927815 qdelay_c_ms=47.008 ecn_mark=78 drop=0
[QUEUE_STATS] t_ms=21872 q_pkts=694 q_bytes=1043288 qdelay_l_ms=1.08413 qdelay_c_ms=46.9562 ecn_mark=79 drop=0
[QUEUE_STATS] t_ms=21889 q_pkts=701 q_bytes=1053816 qdelay_l_ms=1.0966 qdelay_c_ms=34.6922 ecn_mark=80 drop=0
[QUEUE_STATS] t_ms=21904 q_pkts=532 q_bytes=800128 qdelay_l_ms=0 qdelay_c_ms=45.9911 ecn_mark=80 drop=0
[QUEUE_STATS] t_ms=21920 q_pkts=693 q_bytes=1041972 qdelay_l_ms=1.04762 qdelay_c_ms=47.4517 ecn_mark=80 drop=0
[QUEUE_STATS] t_ms=21936 q_pkts=694 q_bytes=1043476 qdelay_l_ms=1.00383 qdelay_c_ms=47.6119 ecn_mark=81 drop=0
[QUEUE_STATS] t_ms=21952 q_pkts=689 q_bytes=1035956 qdelay_l_ms=0.957191 qdelay_c_ms=34.5214 ecn_mark=81 drop=0
[QUEUE_STATS] t_ms=21968 q_pkts=584 q_bytes=878336 qdelay_l_ms=1.09062 qdelay_c_ms=46.5158 ecn_mark=81 drop=0
[QUEUE_STATS] t_ms=21984 q_pkts=349 q_bytes=524896 qdelay_l_ms=0.821916 qdelay_c_ms=48.0423 ecn_mark=81 drop=0
[QUEUE_STATS] t_ms=22000 q_pkts=678 q_bytes=1018800 qdelay_l_ms=0.035516 qdelay_c_ms=46.2318 ecn_mark=82 drop=0
[QUEUE_STATS] t_ms=22016 q_pkts=694 q_bytes=1042864 qdelay_l_ms=1.05205 qdelay_c_ms=31.7116 ecn_mark=83 drop=0
[QUEUE_STATS] t_ms=22032 q_pkts=637 q_bytes=957136 qdelay_l_ms=1.08616 qdelay_c_ms=45.9477 ecn_mark=85 drop=0
[QUEUE_STATS] t_ms=22048 q_pkts=417 q_bytes=627168 qdelay_l_ms=1.07196 qdelay_c_ms=48.0983 ecn_mark=85 drop=0
[QUEUE_STATS] t_ms=22064 q_pkts=695 q_bytes=1044792 qdelay_l_ms=1.10115 qdelay_c_ms=47.2885 ecn_mark=85 drop=0
[QUEUE_STATS] t_ms=22080 q_pkts=698 q_bytes=1049304 qdelay_l_ms=0.979042 qdelay_c_ms=28.4216 ecn_mark=87 drop=0
[QUEUE_STATS] t_ms=22096 q_pkts=643 q_bytes=966584 qdelay_l_ms=1.05297 qdelay_c_ms=42.7532 ecn_mark=87 drop=0
[QUEUE_STATS] t_ms=22112 q_pkts=404 q_bytes=607616 qdelay_l_ms=0.979242 qdelay_c_ms=46.6693 ecn_mark=88 drop=0
[QUEUE_STATS] t_ms=22128 q_pkts=691 q_bytes=1038964 qdelay_l_ms=0.980394 qdelay_c_ms=48.1834 ecn_mark=89 drop=0
[QUEUE_STATS] t_ms=22144 q_pkts=701 q_bytes=1054004 qdelay_l_ms=0.988148 qdelay_c_ms=27.8032 ecn_mark=89 drop=0
[QUEUE_STATS] t_ms=22160 q_pkts=656 q_bytes=986324 qdelay_l_ms=0.819371 qdelay_c_ms=41.8752 ecn_mark=89 drop=0
[QUEUE_STATS] t_ms=22176 q_pkts=422 q_bytes=634688 qdelay_l_ms=0.97794 qdelay_c_ms=47.7924 ecn_mark=89 drop=0
[QUEUE_STATS] t_ms=22192 q_pkts=696 q_bytes=1046784 qdelay_l_ms=1.14006 qdelay_c_ms=48.2524 ecn_mark=89 drop=0
[QUEUE_STATS] t_ms=22208 q_pkts=691 q_bytes=1039264 qdelay_l_ms=1.06185 qdelay_c_ms=26.974 ecn_mark=90 drop=0
[QUEUE_STATS] t_ms=22224 q_pkts=693 q_bytes=1042272 qdelay_l_ms=1.1067 qdelay_c_ms=40.6846 ecn_mark=91 drop=0
[QUEUE_STATS] t_ms=22240 q_pkts=478 q_bytes=718912 qdelay_l_ms=0.984722 qdelay_c_ms=46.7402 ecn_mark=91 drop=0
[QUEUE_STATS] t_ms=22256 q_pkts=700 q_bytes=1051400 qdelay_l_ms=1.10302 qdelay_c_ms=47.3472 ecn_mark=94 drop=0
[QUEUE_STATS] t_ms=22272 q_pkts=696 q_bytes=1045384 qdelay_l_ms=1.14013 qdelay_c_ms=48.0721 ecn_mark=95 drop=0
[QUEUE_STATS] t_ms=22289 q_pkts=688 q_bytes=1033352 qdelay_l_ms=1.08548 qdelay_c_ms=38.9838 ecn_mark=97 drop=0
[QUEUE_STATS] t_ms=22304 q_pkts=526 q_bytes=791104 qdelay_l_ms=0.983571 qdelay_c_ms=47.687 ecn_mark=97 drop=0
[QUEUE_STATS] t_ms=22320 q_pkts=680 q_bytes=1022420 qdelay_l_ms=0 qdelay_c_ms=46.0012 ecn_mark=98 drop=0
[QUEUE_STATS] t_ms=22336 q_pkts=697 q_bytes=1047988 qdelay_l_ms=1.13535 qdelay_c_ms=47.6821 ecn_mark=98 drop=0
[QUEUE_STATS] t_ms=22352 q_pkts=690 q_bytes=1037460 qdelay_l_ms=0 qdelay_c_ms=35.3048 ecn_mark=99 drop=0
[QUEUE_STATS] t_ms=22368 q_pkts=585 q_bytes=879840 qdelay_l_ms=1.06455 qdelay_c_ms=46.8772 ecn_mark=100 drop=0
[QUEUE_STATS] t_ms=22384 q_pkts=380 q_bytes=571520 qdelay_l_ms=0 qdelay_c_ms=47.1357 ecn_mark=101 drop=0
[QUEUE_STATS] t_ms=22400 q_pkts=684 q_bytes=1027584 qdelay_l_ms=0 qdelay_c_ms=47.2417 ecn_mark=108 drop=0
[QUEUE_STATS] t_ms=22416 q_pkts=699 q_bytes=1050144 qdelay_l_ms=0.966368 qdelay_c_ms=31.8206 ecn_mark=109 drop=0
[QUEUE_STATS] t_ms=22432 q_pkts=625 q_bytes=940000 qdelay_l_ms=1.08768 qdelay_c_ms=46.883 ecn_mark=110 drop=0
[QUEUE_STATS] t_ms=22448 q_pkts=391 q_bytes=588064 qdelay_l_ms=0.975835 qdelay_c_ms=46.8858 ecn_mark=113 drop=0
[QUEUE_STATS] t_ms=22464 q_pkts=695 q_bytes=1045032 qdelay_l_ms=0.910242 qdelay_c_ms=46.7684 ecn_mark=114 drop=0
[QUEUE_STATS] t_ms=22480 q_pkts=698 q_bytes=1049544 qdelay_l_ms=1.13769 qdelay_c_ms=28.8983 ecn_mark=114 drop=0
[QUEUE_STATS] t_ms=22496 q_pkts=656 q_bytes=986376 qdelay_l_ms=1.0522 qdelay_c_ms=42.9817 ecn_mark=115 drop=0
[QUEUE_STATS] t_ms=22512 q_pkts=407 q_bytes=612128 qdelay_l_ms=1.0614 qdelay_c_ms=47.0849 ecn_mark=116 drop=0
[QUEUE_STATS] t_ms=22528 q_pkts=693 q_bytes=1042272 qdelay_l_ms=0.815424 qdelay_c_ms=47.0414 ecn_mark=117 drop=0
[QUEUE_STATS] t_ms=22545 q_pkts=693 q_bytes=1042272 qdelay_l_ms=1.11546 qdelay_c_ms=27.755 ecn_mark=117 drop=0
[QUEUE_STATS] t_ms=22560 q_pkts=690 q_bytes=1037760 qdelay_l_ms=0.94599 qdelay_c_ms=42.1829 ecn_mark=117 drop=0
[QUEUE_STATS] t_ms=22576 q_pkts=464 q_bytes=697856 qdelay_l_ms=0.977929 qdelay_c_ms=48.0514 ecn_mark=117 drop=0
[QUEUE_STATS] t_ms=22592 q_pkts=699 q_bytes=1051280 qdelay_l_ms=0.971849 qdelay_c_ms=47.0347 ecn_mark=117 drop=0
[QUEUE_STATS] t_ms=22608 q_pkts=691 q_bytes=1039248 qdelay_l_ms=1.07119 qdelay_c_ms=47.1488 ecn_mark=118 drop=0
[QUEUE_STATS] t_ms=22624 q_pkts=685 q_bytes=1030224 qdelay_l_ms=0.029355 qdelay_c_ms=38.4402 ecn_mark=118 drop=0
[QUEUE_STATS] t_ms=22640 q_pkts=511 q_bytes=768544 qdelay_l_ms=0.979673 qdelay_c_ms=47.879 ecn_mark=118 drop=0
[QUEUE_STATS] t_ms=22656 q_pkts=687 q_bytes=1033000 qdelay_l_ms=0.073258 qdelay_c_ms=47.161 ecn_mark=120 drop=0
[QUEUE_STATS] t_ms=22672 q_pkts=692 q_bytes=1040520 qdelay_l_ms=1.06091 qdelay_c_ms=47.9314 ecn_mark=122 drop=0
[QUEUE_STATS] t_ms=22688 q_pkts=702 q_bytes=1055560 qdelay_l_ms=0 qdelay_c_ms=34.7782 ecn_mark=124 drop=0
[QUEUE_STATS] t_ms=22704 q_pkts=570 q_bytes=857280 qdelay_l_ms=1.06474 qdelay_c_ms=47.8239 ecn_mark=125 drop=0
[QUEUE_STATS] t_ms=22720 q_pkts=351 q_bytes=527904 qdelay_l_ms=0.789355 qdelay_c_ms=47.1667 ecn_mark=125 drop=0
[QUEUE_STATS] t_ms=22736 q_pkts=694 q_bytes=1043776 qdelay_l_ms=0.938395 qdelay_c_ms=47.5434 ecn_mark=125 drop=0
[QUEUE_STATS] t_ms=22752 q_pkts=698 q_bytes=1049792 qdelay_l_ms=1.11267 qdelay_c_ms=30.6487 ecn_mark=125 drop=0
[QUEUE_STATS] t_ms=22768 q_pkts=583 q_bytes=876832 qdelay_l_ms=0.967019 qdelay_c_ms=46.3957 ecn_mark=127 drop=0
[QUEUE_STATS] t_ms=22784 q_pkts=348 q_bytes=523392 qdelay_l_ms=1.05825 qdelay_c_ms=47.0261 ecn_mark=128 drop=0
[QUEUE_STATS] t_ms=22800 q_pkts=694 q_bytes=1043760 qdelay_l_ms=0.942272 qdelay_c_ms=47.5026 ecn_mark=128 drop=0
[QUEUE_STATS] t_ms=22816 q_pkts=699 q_bytes=1051280 qdelay_l_ms=1.05841 qdelay_c_ms=31.4052 ecn_mark=129 drop=0
[QUEUE_STATS] t_ms=22832 q_pkts=596 q_bytes=896368 qdelay_l_ms=0 qdelay_c_ms=45.123 ecn_mark=130 drop=0
[QUEUE_STATS] t_ms=22848 q_pkts=363 q_bytes=545952 qdelay_l_ms=0.843787 qdelay_c_ms=48.0737 ecn_mark=130 drop=0
[QUEUE_STATS] t_ms=22864 q_pkts=696 q_bytes=1046536 qdelay_l_ms=0.963011 qdelay_c_ms=48.2598 ecn_mark=131 drop=0
[QUEUE_STATS] t_ms=22880 q_pkts=699 q_bytes=1051048 qdelay_l_ms=1.12917 qdelay_c_ms=31.6031 ecn_mark=131 drop=0
[QUEUE_STATS] t_ms=22896 q_pkts=657 q_bytes=987880 qdelay_l_ms=1.06411 qdelay_c_ms=45.2639 ecn_mark=133 drop=0
[QUEUE_STATS] t_ms=22912 q_pkts=409 q_bytes=615136 qdelay_l_ms=1.10003 qdelay_c_ms=47.752 ecn_mark=133 drop=0
[QUEUE_STATS] t_ms=22928 q_pkts=693 q_bytes=1042272 qdelay_l_ms=0.978561 qdelay_c_ms=48.3448 ecn_mark=134 drop=0
[QUEUE_STATS] t_ms=22944 q_pkts=700 q_bytes=1052800 qdelay_l_ms=1.05905 qdelay_c_ms=28.9069 ecn_mark=136 drop=0
[QUEUE_STATS] t_ms=22960 q_pkts=687 q_bytes=1033248 qdelay_l_ms=1.11309 qdelay_c_ms=42.8697 ecn_mark=136 drop=0
[QUEUE_STATS] t_ms=22976 q_pkts=453 q_bytes=681312 qdelay_l_ms=0.976527 qdelay_c_ms=47.6819 ecn_mark=137 drop=0
[QUEUE_STATS] t_ms=22992 q_pkts=695 q_bytes=1045264 qdelay_l_ms=0.98338 qdelay_c_ms=48.346 ecn_mark=137 drop=0
[QUEUE_STATS] t_ms=23008 q_pkts=700 q_bytes=1052784 qdelay_l_ms=1.14605 qdelay_c_ms=25.023 ecn_mark=137 drop=0
[QUEUE_STATS] t_ms=23024 q_pkts=696 q_bytes=1046768 qdelay_l_ms=1.14697 qdelay_c_ms=39.6504 ecn_mark=138 drop=0
[QUEUE_STATS] t_ms=23040 q_pkts=466 q_bytes=700864 qdelay_l_ms=1.08902 qdelay_c_ms=47.6372 ecn_mark=138 drop=0
[QUEUE_STATS] t_ms=23056 q_pkts=689 q_bytes=1036008 qdelay_l_ms=0.788493 qdelay_c_ms=47.7216 ecn_mark=138 drop=0
[QUEUE_STATS] t_ms=23072 q_pkts=695 q_bytes=1045032 qdelay_l_ms=1.07122 qdelay_c_ms=23.9467 ecn_mark=138 drop=0
[QUEUE_STATS] t_ms=23088 q_pkts=693 q_bytes=1042024 qdelay_l_ms=1.06141 qdelay_c_ms=38.2996 ecn_mark=139 drop=0
[QUEUE_STATS] t_ms=23104 q_pkts=477 q_bytes=717408 qdelay_l_ms=0.987968 qdelay_c_ms=46.9173 ecn_mark=141 drop=0
[QUEUE_STATS] t_ms=23121 q_pkts=691 q_bytes=1039264 qdelay_l_ms=1.10983 qdelay_c_ms=47.2743 ecn_mark=144 drop=0
[QUEUE_STATS] t_ms=23136 q_pkts=694 q_bytes=1043776 qdelay_l_ms=1.09353 qdelay_c_ms=47.1296 ecn_mark=145 drop=0
[QUEUE_STATS] t_ms=23152 q_pkts=704 q_bytes=1058816 qdelay_l_ms=1.08294 qdelay_c_ms=38.7754 ecn_mark=146 drop=0
[QUEUE_STATS] t_ms=23168 q_pkts=524 q_bytes=788096 qdelay_l_ms=0.989111 qdelay_c_ms=47.8308 ecn_mark=147 drop=0
[QUEUE_STATS] t_ms=23184 q_pkts=680 q_bytes=1022704 qdelay_l_ms=0 qdelay_c_ms=45.8429 ecn_mark=148 drop=0
[QUEUE_STATS] t_ms=23200 q_pkts=695 q_bytes=1045264 qdelay_l_ms=0.960847 qdelay_c_ms=47.7049 ecn_mark=150 drop=0
[QUEUE_STATS] t_ms=23216 q_pkts=691 q_bytes=1039248 qdelay_l_ms=0 qdelay_c_ms=34.6414 ecn_mark=151 drop=0
[QUEUE_STATS] t_ms=23233 q_pkts=580 q_bytes=872320 qdelay_l_ms=1.06013 qdelay_c_ms=47.0705 ecn_mark=151 drop=0
[QUEUE_STATS] t_ms=23248 q_pkts=346 q_bytes=520384 qdelay_l_ms=0.974533 qdelay_c_ms=48.0677 ecn_mark=151 drop=0
[QUEUE_STATS] t_ms=23264 q_pkts=696 q_bytes=1046536 qdelay_l_ms=0.979763 qdelay_c_ms=47.0163 ecn_mark=151 drop=0
[QUEUE_STATS] t_ms=23280 q_pkts=689 q_bytes=1036008 qdelay_l_ms=0.06915 qdelay_c_ms=30.7688 ecn_mark=151 drop=0
[QUEUE_STATS] t_ms=23296 q_pkts=595 q_bytes=894632 qdelay_l_ms=1.08552 qdelay_c_ms=45.9119 ecn_mark=153 drop=0
[QUEUE_STATS] t_ms=23312 q_pkts=376 q_bytes=565504 qdelay_l_ms=0.945639 qdelay_c_ms=48.0302 ecn_mark=153 drop=0
[QUEUE_STATS] t_ms=23328 q_pkts=693 q_bytes=1042272 qdelay_l_ms=0.927926 qdelay_c_ms=46.7816 ecn_mark=154 drop=0
[QUEUE_STATS] t_ms=23344 q_pkts=687 q_bytes=1033248 qdelay_l_ms=0.066275 qdelay_c_ms=28.8473 ecn_mark=154 drop=0
[QUEUE_STATS] t_ms=23360 q_pkts=610 q_bytes=917440 qdelay_l_ms=0.982649 qdelay_c_ms=44.4719 ecn_mark=154 drop=0
[QUEUE_STATS] t_ms=23376 q_pkts=375 q_bytes=564000 qdelay_l_ms=0.97786 qdelay_c_ms=48.0616 ecn_mark=156 drop=0
[QUEUE_STATS] t_ms=23392 q_pkts=693 q_bytes=1042256 qdelay_l_ms=0.838307 qdelay_c_ms=46.7449 ecn_mark=159 drop=0
[QUEUE_STATS] t_ms=23409 q_pkts=699 q_bytes=1051280 qdelay_l_ms=1.13204 qdelay_c_ms=30.9168 ecn_mark=159 drop=0
[QUEUE_STATS] t_ms=23424 q_pkts=662 q_bytes=995632 qdelay_l_ms=0 qdelay_c_ms=44.2584 ecn_mark=159 drop=0
[QUEUE_STATS] t_ms=23440 q_pkts=421 q_bytes=633184 qdelay_l_ms=1.00652 qdelay_c_ms=47.9166 ecn_mark=159 drop=0
[QUEUE_STATS] t_ms=23456 q_pkts=677 q_bytes=1017960 qdelay_l_ms=0.041658 qdelay_c_ms=46.8966 ecn_mark=160 drop=0
[QUEUE_STATS] t_ms=23472 q_pkts=690 q_bytes=1037512 qdelay_l_ms=1.06131 qdelay_c_ms=27.4623 ecn_mark=161 drop=0
[QUEUE_STATS] t_ms=23488 q_pkts=687 q_bytes=1033000 qdelay_l_ms=0 qdelay_c_ms=42.1957 ecn_mark=161 drop=0
[QUEUE_STATS] t_ms=23504 q_pkts=476 q_bytes=715904 qdelay_l_ms=0.993459 qdelay_c_ms=46.975 ecn_mark=161 drop=0
[QUEUE_STATS] t_ms=23520 q_pkts=690 q_bytes=1037760 qdelay_l_ms=1.07793 qdelay_c_ms=47.0754 ecn_mark=161 drop=0
[QUEUE_STATS] t_ms=23536 q_pkts=695 q_bytes=1045280 qdelay_l_ms=1.14998 qdelay_c_ms=24.6366 ecn_mark=161 drop=0
[QUEUE_STATS] t_ms=23552 q_pkts=686 q_bytes=1031744 qdelay_l_ms=0.088497 qdelay_c_ms=38.6135 ecn_mark=162 drop=0
[QUEUE_STATS] t_ms=23568 q_pkts=524 q_bytes=788096 qdelay_l_ms=1.08712 qdelay_c_ms=47.8399 ecn_mark=163 drop=0
[QUEUE_STATS] t_ms=23584 q_pkts=693 q_bytes=1042256 qdelay_l_ms=0.989612 qdelay_c_ms=47.7738 ecn_mark=164 drop=0
[QUEUE_STATS] t_ms=23600 q_pkts=688 q_bytes=1034736 qdelay_l_ms=1.00804 qdelay_c_ms=47.9598 ecn_mark=164 drop=0
[QUEUE_STATS] t_ms=23617 q_pkts=697 q_bytes=1048272 qdelay_l_ms=1.14252 qdelay_c_ms=35.9895 ecn_mark=164 drop=0
[QUEUE_STATS] t_ms=23632 q_pkts=519 q_bytes=780576 qdelay_l_ms=0.832747 qdelay_c_ms=46.9712 ecn_mark=165 drop=0
[QUEUE_STATS] t_ms=23648 q_pkts=692 q_bytes=1040520 qdelay_l_ms=1.06205 qdelay_c_ms=47.0489 ecn_mark=167 drop=0
[QUEUE_STATS] t_ms=23664 q_pkts=691 q_bytes=1039016 qdelay_l_ms=1.07993 qdelay_c_ms=48.1353 ecn_mark=167 drop=0
[QUEUE_STATS] t_ms=23680 q_pkts=638 q_bytes=959304 qdelay_l_ms=1.13327 qdelay_c_ms=35.7319 ecn_mark=168 drop=0
[QUEUE_STATS] t_ms=23696 q_pkts=533 q_bytes=801632 qdelay_l_ms=1.05613 qdelay_c_ms=47.0197 ecn_mark=169 drop=0
[QUEUE_STATS] t_ms=23712 q_pkts=502 q_bytes=755008 qdelay_l_ms=0.932715 qdelay_c_ms=47.1918 ecn_mark=171 drop=0
[QUEUE_STATS] t_ms=23728 q_pkts=429 q_bytes=645216 qdelay_l_ms=1.006 qdelay_c_ms=41.9224 ecn_mark=171 drop=0
[QUEUE_STATS] t_ms=23744 q_pkts=344 q_bytes=517376 qdelay_l_ms=0.050204 qdelay_c_ms=32.8732 ecn_mark=172 drop=0
[QUEUE_STATS] t_ms=23760 q_pkts=281 q_bytes=422624 qdelay_l_ms=0.77084 qdelay_c_ms=28.0358 ecn_mark=172 drop=0
[QUEUE_STATS] t_ms=23776 q_pkts=217 q_bytes=326368 qdelay_l_ms=1.12906 qdelay_c_ms=20.7245 ecn_mark=172 drop=0
[QUEUE_STATS] t_ms=23792 q_pkts=143 q_bytes=215072 qdelay_l_ms=0.824341 qdelay_c_ms=15.1983 ecn_mark=172 drop=0
[QUEUE_STATS] t_ms=23808 q_pkts=79 q_bytes=118816 qdelay_l_ms=0.998869 qdelay_c_ms=7.14706 ecn_mark=175 drop=0
[QUEUE_STATS] t_ms=23824 q_pkts=79 q_bytes=118816 qdelay_l_ms=0.980995 qdelay_c_ms=5.87084 ecn_mark=175 drop=0
[QUEUE_STATS] t_ms=23840 q_pkts=56 q_bytes=84224 qdelay_l_ms=0.048943 qdelay_c_ms=3.98698 ecn_mark=176 drop=0
[QUEUE_STATS] t_ms=23856 q_pkts=86 q_bytes=129344 qdelay_l_ms=1.00573 qdelay_c_ms=4.35583 ecn_mark=177 drop=0
[QUEUE_STATS] t_ms=23872 q_pkts=88 q_bytes=132352 qdelay_l_ms=0.989501 qdelay_c_ms=5.94456 ecn_mark=178 drop=0
[QUEUE_STATS] t_ms=23888 q_pkts=81 q_bytes=121824 qdelay_l_ms=0.987478 qdelay_c_ms=5.92306 ecn_mark=179 drop=0
[QUEUE_STATS] t_ms=23904 q_pkts=72 q_bytes=108288 qdelay_l_ms=1.12453 qdelay_c_ms=6.65613 ecn_mark=179 drop=0
[QUEUE_STATS] t_ms=23920 q_pkts=88 q_bytes=132352 qdelay_l_ms=1.00158 qdelay_c_ms=6.25652 ecn_mark=179 drop=0
[QUEUE_STATS] t_ms=23936 q_pkts=87 q_bytes=130848 qdelay_l_ms=0.9941 qdelay_c_ms=6.87061 ecn_mark=179 drop=0
[QUEUE_STATS] t_ms=23952 q_pkts=88 q_bytes=132352 qdelay_l_ms=1.06623 qdelay_c_ms=6.99326 ecn_mark=179 drop=0
[QUEUE_STATS] t_ms=23969 q_pkts=90 q_bytes=135360 qdelay_l_ms=1.1052 qdelay_c_ms=7.0225 ecn_mark=179 drop=0
[QUEUE_STATS] t_ms=23984 q_pkts=103 q_bytes=154912 qdelay_l_ms=1.14027 qdelay_c_ms=7.0667 ecn_mark=179 drop=0
[QUEUE_STATS] t_ms=24000 q_pkts=93 q_bytes=139872 qdelay_l_ms=1.08123 qdelay_c_ms=7.76613 ecn_mark=179 drop=0
[QUEUE_STATS] t_ms=24016 q_pkts=102 q_bytes=153408 qdelay_l_ms=0.990082 qdelay_c_ms=6.32254 ecn_mark=179 drop=0
[QUEUE_STATS] t_ms=24032 q_pkts=88 q_bytes=132352 qdelay_l_ms=0.031059 qdelay_c_ms=5.90663 ecn_mark=179 drop=0
[QUEUE_STATS] t_ms=24048 q_pkts=106 q_bytes=159424 qdelay_l_ms=0.989601 qdelay_c_ms=7.81842 ecn_mark=179 drop=0
[QUEUE_STATS] t_ms=24064 q_pkts=105 q_bytes=157920 qdelay_l_ms=1.08654 qdelay_c_ms=8.15663 ecn_mark=180 drop=0
[QUEUE_STATS] t_ms=24080 q_pkts=92 q_bytes=138368 qdelay_l_ms=0 qdelay_c_ms=7.03117 ecn_mark=181 drop=0
[QUEUE_STATS] t_ms=24096 q_pkts=121 q_bytes=181984 qdelay_l_ms=1.10414 qdelay_c_ms=8.09498 ecn_mark=182 drop=0
[QUEUE_STATS] t_ms=24112 q_pkts=120 q_bytes=180480 qdelay_l_ms=1.12459 qdelay_c_ms=9.23094 ecn_mark=182 drop=0
[QUEUE_STATS] t_ms=24128 q_pkts=118 q_bytes=177472 qdelay_l_ms=0.964604 qdelay_c_ms=8.89057 ecn_mark=182 drop=0
[QUEUE_STATS] t_ms=24144 q_pkts=132 q_bytes=198528 qdelay_l_ms=0.922876 qdelay_c_ms=7.89255 ecn_mark=182 drop=0
[QUEUE_STATS] t_ms=24160 q_pkts=131 q_bytes=197024 qdelay_l_ms=0.991536 qdelay_c_ms=7.76091 ecn_mark=183 drop=0
[QUEUE_STATS] t_ms=24176 q_pkts=137 q_bytes=206048 qdelay_l_ms=0.800506 qdelay_c_ms=9.26063 ecn_mark=183 drop=0
[QUEUE_STATS] t_ms=24192 q_pkts=127 q_bytes=191008 qdelay_l_ms=0.050425 qdelay_c_ms=8.78386 ecn_mark=183 drop=0
[QUEUE_STATS] t_ms=24208 q_pkts=132 q_bytes=198528 qdelay_l_ms=1.12624 qdelay_c_ms=9.00535 ecn_mark=185 drop=0
[QUEUE_STATS] t_ms=24224 q_pkts=135 q_bytes=203040 qdelay_l_ms=1.10945 qdelay_c_ms=9.1348 ecn_mark=185 drop=0
[QUEUE_STATS] t_ms=24240 q_pkts=142 q_bytes=213568 qdelay_l_ms=1.10432 qdelay_c_ms=9.75387 ecn_mark=185 drop=0
[QUEUE_STATS] t_ms=24256 q_pkts=146 q_bytes=219584 qdelay_l_ms=0.856822 qdelay_c_ms=9.83317 ecn_mark=185 drop=0
[QUEUE_STATS] t_ms=24272 q_pkts=147 q_bytes=221088 qdelay_l_ms=1.01445 qdelay_c_ms=9.74479 ecn_mark=185 drop=0
[QUEUE_STATS] t_ms=24288 q_pkts=152 q_bytes=228608 qdelay_l_ms=0.986917 qdelay_c_ms=9.78849 ecn_mark=185 drop=0
[QUEUE_STATS] t_ms=24304 q_pkts=143 q_bytes=215072 qdelay_l_ms=0.040476 qdelay_c_ms=9.90376 ecn_mark=185 drop=0
[QUEUE_STATS] t_ms=24320 q_pkts=157 q_bytes=236128 qdelay_l_ms=1.09534 qdelay_c_ms=10.4377 ecn_mark=185 drop=0
[QUEUE_STATS] t_ms=24336 q_pkts=148 q_bytes=222592 qdelay_l_ms=0.83486 qdelay_c_ms=11.3128 ecn_mark=185 drop=0
[QUEUE_STATS] t_ms=24352 q_pkts=155 q_bytes=233120 qdelay_l_ms=0.741826 qdelay_c_ms=10.8483 ecn_mark=185 drop=0
[QUEUE_STATS] t_ms=24368 q_pkts=154 q_bytes=231616 qdelay_l_ms=1.05523 qdelay_c_ms=11.1426 ecn_mark=187 drop=0
[QUEUE_STATS] t_ms=24384 q_pkts=157 q_bytes=236128 qdelay_l_ms=1.07488 qdelay_c_ms=11.139 ecn_mark=187 drop=0
[QUEUE_STATS] t_ms=24400 q_pkts=159 q_bytes=239136 qdelay_l_ms=0.928998 qdelay_c_ms=10.8159 ecn_mark=187 drop=0
[QUEUE_STATS] t_ms=24416 q_pkts=172 q_bytes=258688 qdelay_l_ms=1.09052 qdelay_c_ms=11.9851 ecn_mark=188 drop=0
[QUEUE_STATS] t_ms=24432 q_pkts=173 q_bytes=260192 qdelay_l_ms=0.993709 qdelay_c_ms=11.6357 ecn_mark=188 drop=0
[QUEUE_STATS] t_ms=24448 q_pkts=181 q_bytes=272224 qdelay_l_ms=0.985274 qdelay_c_ms=11.8734 ecn_mark=188 drop=0
[QUEUE_STATS] t_ms=24464 q_pkts=169 q_bytes=254176 qdelay_l_ms=0.987818 qdelay_c_ms=12.1816 ecn_mark=188 drop=0
[QUEUE_STATS] t_ms=24480 q_pkts=180 q_bytes=270720 qdelay_l_ms=0.832557 qdelay_c_ms=12.043 ecn_mark=188 drop=0
[QUEUE_STATS] t_ms=24496 q_pkts=170 q_bytes=255680 qdelay_l_ms=1.00453 qdelay_c_ms=11.8668 ecn_mark=188 drop=0
[QUEUE_STATS] t_ms=24512 q_pkts=179 q_bytes=269216 qdelay_l_ms=1.10464 qdelay_c_ms=11.9848 ecn_mark=188 drop=0
[QUEUE_STATS] t_ms=24528 q_pkts=184 q_bytes=276736 qdelay_l_ms=1.11957 qdelay_c_ms=13.5321 ecn_mark=190 drop=0
[QUEUE_STATS] t_ms=24544 q_pkts=188 q_bytes=282752 qdelay_l_ms=0.977278 qdelay_c_ms=12.8419 ecn_mark=190 drop=0
[QUEUE_STATS] t_ms=24560 q_pkts=193 q_bytes=290272 qdelay_l_ms=0.990824 qdelay_c_ms=13.3246 ecn_mark=191 drop=0
[QUEUE_STATS] t_ms=24576 q_pkts=186 q_bytes=279744 qdelay_l_ms=0.711459 qdelay_c_ms=12.9323 ecn_mark=191 drop=0
[QUEUE_STATS] t_ms=24592 q_pkts=187 q_bytes=281248 qdelay_l_ms=0.064512 qdelay_c_ms=11.9532 ecn_mark=192 drop=0
[QUEUE_STATS] t_ms=24608 q_pkts=199 q_bytes=299296 qdelay_l_ms=1.12298 qdelay_c_ms=14.0202 ecn_mark=194 drop=0
[QUEUE_STATS] t_ms=24624 q_pkts=194 q_bytes=291776 qdelay_l_ms=1.11726 qdelay_c_ms=14.1041 ecn_mark=194 drop=0
[QUEUE_STATS] t_ms=24640 q_pkts=194 q_bytes=291776 qdelay_l_ms=0.980806 qdelay_c_ms=13.826 ecn_mark=197 drop=0
[QUEUE_STATS] t_ms=24656 q_pkts=197 q_bytes=296288 qdelay_l_ms=0.900424 qdelay_c_ms=13.8377 ecn_mark=197 drop=0
[QUEUE_STATS] t_ms=24672 q_pkts=206 q_bytes=309824 qdelay_l_ms=0.985924 qdelay_c_ms=14.286 ecn_mark=198 drop=0
[QUEUE_STATS] t_ms=24688 q_pkts=201 q_bytes=302304 qdelay_l_ms=1.08665 qdelay_c_ms=14.2288 ecn_mark=198 drop=0
[QUEUE_STATS] t_ms=24704 q_pkts=207 q_bytes=311328 qdelay_l_ms=0.999751 qdelay_c_ms=13.9381 ecn_mark=198 drop=0
[QUEUE_STATS] t_ms=24720 q_pkts=215 q_bytes=323360 qdelay_l_ms=1.00471 qdelay_c_ms=14.9138 ecn_mark=201 drop=0
[QUEUE_STATS] t_ms=24736 q_pkts=217 q_bytes=326368 qdelay_l_ms=1.11916 qdelay_c_ms=14.7309 ecn_mark=201 drop=0
[QUEUE_STATS] t_ms=24752 q_pkts=223 q_bytes=335392 qdelay_l_ms=1.13077 qdelay_c_ms=14.8559 ecn_mark=201 drop=0
[QUEUE_STATS] t_ms=24768 q_pkts=211 q_bytes=317344 qdelay_l_ms=1.07117 qdelay_c_ms=16.2308 ecn_mark=203 drop=0
[QUEUE_STATS] t_ms=24784 q_pkts=227 q_bytes=341408 qdelay_l_ms=1.00208 qdelay_c_ms=14.5064 ecn_mark=203 drop=0
[QUEUE_STATS] t_ms=24800 q_pkts=215 q_bytes=323360 qdelay_l_ms=0.999431 qdelay_c_ms=15.9201 ecn_mark=203 drop=0
[QUEUE_STATS] t_ms=24816 q_pkts=219 q_bytes=329376 qdelay_l_ms=0.916223 qdelay_c_ms=14.8924 ecn_mark=203 drop=0
[QUEUE_STATS] t_ms=24832 q_pkts=229 q_bytes=344416 qdelay_l_ms=0.845711 qdelay_c_ms=14.9705 ecn_mark=204 drop=0
[QUEUE_STATS] t_ms=24848 q_pkts=229 q_bytes=344416 qdelay_l_ms=1.00198 qdelay_c_ms=15.8993 ecn_mark=204 drop=0
[QUEUE_STATS] t_ms=24864 q_pkts=234 q_bytes=351936 qdelay_l_ms=0.990664 qdelay_c_ms=15.9642 ecn_mark=205 drop=0
[QUEUE_STATS] t_ms=24880 q_pkts=239 q_bytes=359456 qdelay_l_ms=0.997536 qdelay_c_ms=16.3575 ecn_mark=205 drop=0
[QUEUE_STATS] t_ms=24896 q_pkts=236 q_bytes=354944 qdelay_l_ms=1.00049 qdelay_c_ms=15.5509 ecn_mark=205 drop=0
[QUEUE_STATS] t_ms=24912 q_pkts=243 q_bytes=365472 qdelay_l_ms=1.09961 qdelay_c_ms=16.1872 ecn_mark=205 drop=0
[QUEUE_STATS] t_ms=24928 q_pkts=233 q_bytes=350432 qdelay_l_ms=1.08522 qdelay_c_ms=17.2448 ecn_mark=206 drop=0
[QUEUE_STATS] t_ms=24944 q_pkts=239 q_bytes=359456 qdelay_l_ms=1.1037 qdelay_c_ms=15.9068 ecn_mark=206 drop=0
[QUEUE_STATS] t_ms=24960 q_pkts=241 q_bytes=362464 qdelay_l_ms=0.991846 qdelay_c_ms=16.6275 ecn_mark=206 drop=0
[QUEUE_STATS] t_ms=24976 q_pkts=246 q_bytes=369984 qdelay_l_ms=1.00215 qdelay_c_ms=16.9527 ecn_mark=206 drop=0
[QUEUE_STATS] t_ms=24992 q_pkts=248 q_bytes=372992 qdelay_l_ms=0.994812 qdelay_c_ms=16.9303 ecn_mark=207 drop=0
[QUEUE_STATS] t_ms=25008 q_pkts=248 q_bytes=372992 qdelay_l_ms=0.85541 qdelay_c_ms=16.9912 ecn_mark=207 drop=0
[QUEUE_STATS] t_ms=25025 q_pkts=254 q_bytes=382016 qdelay_l_ms=1.12712 qdelay_c_ms=17.0871 ecn_mark=208 drop=0
[QUEUE_STATS] t_ms=25040 q_pkts=261 q_bytes=392544 qdelay_l_ms=1.13611 qdelay_c_ms=18.1504 ecn_mark=208 drop=0
[QUEUE_STATS] t_ms=25056 q_pkts=263 q_bytes=395552 qdelay_l_ms=0.920903 qdelay_c_ms=17.7429 ecn_mark=209 drop=0
[QUEUE_STATS] t_ms=25073 q_pkts=268 q_bytes=403072 qdelay_l_ms=1.14218 qdelay_c_ms=17.2276 ecn_mark=209 drop=0
[QUEUE_STATS] t_ms=25088 q_pkts=255 q_bytes=383520 qdelay_l_ms=0.864436 qdelay_c_ms=18.1042 ecn_mark=209 drop=0
[QUEUE_STATS] t_ms=25104 q_pkts=269 q_bytes=404576 qdelay_l_ms=1.01663 qdelay_c_ms=16.7058 ecn_mark=209 drop=0
[QUEUE_STATS] t_ms=25120 q_pkts=259 q_bytes=389536 qdelay_l_ms=1.0353 qdelay_c_ms=18.6304 ecn_mark=209 drop=0
[QUEUE_STATS] t_ms=25136 q_pkts=258 q_bytes=388032 qdelay_l_ms=0.056125 qdelay_c_ms=16.8835 ecn_mark=209 drop=0
[QUEUE_STATS] t_ms=25152 q_pkts=272 q_bytes=409088 qdelay_l_ms=0.871649 qdelay_c_ms=17.5748 ecn_mark=209 drop=0
[QUEUE_STATS] t_ms=25168 q_pkts=274 q_bytes=412096 qdelay_l_ms=0.860308 qdelay_c_ms=18.8401 ecn_mark=209 drop=0
[QUEUE_STATS] t_ms=25184 q_pkts=279 q_bytes=419616 qdelay_l_ms=0.85607 qdelay_c_ms=17.9929 ecn_mark=209 drop=0
[QUEUE_STATS] t_ms=25200 q_pkts=271 q_bytes=407584 qdelay_l_ms=0.808722 qdelay_c_ms=17.9552 ecn_mark=209 drop=0
[QUEUE_STATS] t_ms=25216 q_pkts=268 q_bytes=403072 qdelay_l_ms=0.05356 qdelay_c_ms=18.1258 ecn_mark=209 drop=0
[QUEUE_STATS] t_ms=25233 q_pkts=275 q_bytes=413600 qdelay_l_ms=1.0657 qdelay_c_ms=19.0699 ecn_mark=209 drop=0
[QUEUE_STATS] t_ms=25248 q_pkts=277 q_bytes=416608 qdelay_l_ms=1.09249 qdelay_c_ms=20.2601 ecn_mark=209 drop=0
[QUEUE_STATS] t_ms=25264 q_pkts=285 q_bytes=428640 qdelay_l_ms=1.13037 qdelay_c_ms=18.7293 ecn_mark=209 drop=0
[QUEUE_STATS] t_ms=25280 q_pkts=286 q_bytes=430144 qdelay_l_ms=1.11497 qdelay_c_ms=19.1189 ecn_mark=209 drop=0
[QUEUE_STATS] t_ms=25296 q_pkts=284 q_bytes=427136 qdelay_l_ms=0 qdelay_c_ms=19.8474 ecn_mark=209 drop=0
[QUEUE_STATS] t_ms=25312 q_pkts=287 q_bytes=431648 qdelay_l_ms=1.01966 qdelay_c_ms=20.2882 ecn_mark=209 drop=0
[QUEUE_STATS] t_ms=25328 q_pkts=291 q_bytes=437664 qdelay_l_ms=0.995794 qdelay_c_ms=19.8454 ecn_mark=209 drop=0
[QUEUE_STATS] t_ms=25345 q_pkts=298 q_bytes=448192 qdelay_l_ms=1.13886 qdelay_c_ms=20.154 ecn_mark=210 drop=0
[QUEUE_STATS] t_ms=25360 q_pkts=298 q_bytes=448192 qdelay_l_ms=0.830282 qdelay_c_ms=19.7561 ecn_mark=211 drop=0
[QUEUE_STATS] t_ms=25376 q_pkts=305 q_bytes=458720 qdelay_l_ms=0.8506 qdelay_c_ms=20.7798 ecn_mark=211 drop=0
[QUEUE_STATS] t_ms=25392 q_pkts=297 q_bytes=446688 qdelay_l_ms=0.85064 qdelay_c_ms=20.9674 ecn_mark=211 drop=0
[QUEUE_STATS] t_ms=25408 q_pkts=303 q_bytes=455712 qdelay_l_ms=0.024586 qdelay_c_ms=20.0186 ecn_mark=212 drop=0
[QUEUE_STATS] t_ms=25424 q_pkts=304 q_bytes=457216 qdelay_l_ms=0.825503 qdelay_c_ms=21.1224 ecn_mark=213 drop=0
[QUEUE_STATS] t_ms=25440 q_pkts=305 q_bytes=458720 qdelay_l_ms=0.824892 qdelay_c_ms=21.9107 ecn_mark=215 drop=0
[QUEUE_STATS] t_ms=25456 q_pkts=305 q_bytes=458720 qdelay_l_ms=1.02219 qdelay_c_ms=20.869 ecn_mark=216 drop=0
[QUEUE_STATS] t_ms=25472 q_pkts=312 q_bytes=469248 qdelay_l_ms=1.14994 qdelay_c_ms=21.5298 ecn_mark=216 drop=0
[QUEUE_STATS] t_ms=25488 q_pkts=317 q_bytes=476768 qdelay_l_ms=0.836905 qdelay_c_ms=21.3182 ecn_mark=216 drop=0
[QUEUE_STATS] t_ms=25504 q_pkts=314 q_bytes=472256 qdelay_l_ms=0.813911 qdelay_c_ms=20.804 ecn_mark=216 drop=0
[QUEUE_STATS] t_ms=25520 q_pkts=312 q_bytes=469248 qdelay_l_ms=1.08799 qdelay_c_ms=21.8612 ecn_mark=217 drop=0
[QUEUE_STATS] t_ms=25536 q_pkts=320 q_bytes=481280 qdelay_l_ms=1.1306 qdelay_c_ms=21.7776 ecn_mark=217 drop=0
[QUEUE_STATS] t_ms=25552 q_pkts=326 q_bytes=490304 qdelay_l_ms=1.13545 qdelay_c_ms=21.8782 ecn_mark=217 drop=0
[QUEUE_STATS] t_ms=25568 q_pkts=320 q_bytes=481280 qdelay_l_ms=1.11552 qdelay_c_ms=21.724 ecn_mark=218 drop=0
[QUEUE_STATS] t_ms=25584 q_pkts=332 q_bytes=499328 qdelay_l_ms=1.12198 qdelay_c_ms=22.5111 ecn_mark=218 drop=0
[QUEUE_STATS] t_ms=25600 q_pkts=324 q_bytes=487040 qdelay_l_ms=1.11606 qdelay_c_ms=22.9626 ecn_mark=219 drop=0
[QUEUE_STATS] t_ms=25616 q_pkts=312 q_bytes=469248 qdelay_l_ms=0.050295 qdelay_c_ms=20.8781 ecn_mark=219 drop=0
[QUEUE_STATS] t_ms=25632 q_pkts=334 q_bytes=502336 qdelay_l_ms=1.15572 qdelay_c_ms=23.0665 ecn_mark=220 drop=0
[QUEUE_STATS] t_ms=25648 q_pkts=335 q_bytes=503840 qdelay_l_ms=1.14273 qdelay_c_ms=21.9983 ecn_mark=221 drop=0
[QUEUE_STATS] t_ms=25664 q_pkts=329 q_bytes=494816 qdelay_l_ms=1.0079 qdelay_c_ms=22.6186 ecn_mark=222 drop=0
[QUEUE_STATS] t_ms=25680 q_pkts=331 q_bytes=497824 qdelay_l_ms=0.910994 qdelay_c_ms=22.5396 ecn_mark=223 drop=0
[QUEUE_STATS] t_ms=25696 q_pkts=341 q_bytes=512864 qdelay_l_ms=0.989993 qdelay_c_ms=22.8306 ecn_mark=223 drop=0
[QUEUE_STATS] t_ms=25712 q_pkts=337 q_bytes=506848 qdelay_l_ms=1.06265 qdelay_c_ms=23.0434 ecn_mark=223 drop=0
[QUEUE_STATS] t_ms=25729 q_pkts=341 q_bytes=512864 qdelay_l_ms=1.1456 qdelay_c_ms=22.6224 ecn_mark=224 drop=0
[QUEUE_STATS] t_ms=25745 q_pkts=343 q_bytes=515872 qdelay_l_ms=1.12545 qdelay_c_ms=22.9633 ecn_mark=225 drop=0
[QUEUE_STATS] t_ms=25760 q_pkts=348 q_bytes=523392 qdelay_l_ms=1.09216 qdelay_c_ms=24.0484 ecn_mark=226 drop=0
[QUEUE_STATS] t_ms=25776 q_pkts=352 q_bytes=529408 qdelay_l_ms=0.994471 qdelay_c_ms=23.6975 ecn_mark=228 drop=0
[QUEUE_STATS] t_ms=25792 q_pkts=345 q_bytes=518880 qdelay_l_ms=1.01124 qdelay_c_ms=24.0141 ecn_mark=228 drop=0
[QUEUE_STATS] t_ms=25808 q_pkts=347 q_bytes=521888 qdelay_l_ms=0.940599 qdelay_c_ms=23.9844 ecn_mark=228 drop=0
[QUEUE_STATS] t_ms=25824 q_pkts=350 q_bytes=526400 qdelay_l_ms=1.05826 qdelay_c_ms=24.1883 ecn_mark=228 drop=0
[QUEUE_STATS] t_ms=25840 q_pkts=354 q_bytes=532416 qdelay_l_ms=0.991616 qdelay_c_ms=23.7003 ecn_mark=228 drop=0
[QUEUE_STATS] t_ms=25856 q_pkts=351 q_bytes=527700 qdelay_l_ms=1.1445 qdelay_c_ms=24.5309 ecn_mark=229 drop=0
[QUEUE_STATS] t_ms=25872 q_pkts=360 q_bytes=541236 qdelay_l_ms=1.13515 qdelay_c_ms=24.4643 ecn_mark=230 drop=0
[QUEUE_STATS] t_ms=25888 q_pkts=358 q_bytes=538432 qdelay_l_ms=0.819702 qdelay_c_ms=24.2769 ecn_mark=230 drop=0
[QUEUE_STATS] t_ms=25904 q_pkts=365 q_bytes=548960 qdelay_l_ms=0.827477 qdelay_c_ms=24.7877 ecn_mark=231 drop=0
[QUEUE_STATS] t_ms=25920 q_pkts=373 q_bytes=560992 qdelay_l_ms=0.997326 qdelay_c_ms=23.4349 ecn_mark=231 drop=0
[QUEUE_STATS] t_ms=25936 q_pkts=368 q_bytes=553472 qdelay_l_ms=1.13691 qdelay_c_ms=24.3611 ecn_mark=232 drop=0
[QUEUE_STATS] t_ms=25952 q_pkts=370 q_bytes=556480 qdelay_l_ms=0.923027 qdelay_c_ms=25.1596 ecn_mark=232 drop=0
[QUEUE_STATS] t_ms=25968 q_pkts=377 q_bytes=567008 qdelay_l_ms=1.13466 qdelay_c_ms=24.7696 ecn_mark=232 drop=0
[QUEUE_STATS] t_ms=25984 q_pkts=332 q_bytes=499328 qdelay_l_ms=1.06328 qdelay_c_ms=24.7539 ecn_mark=232 drop=0
[QUEUE_STATS] t_ms=26000 q_pkts=371 q_bytes=556644 qdelay_l_ms=1.00157 qdelay_c_ms=26.2967 ecn_mark=232 drop=0
[QUEUE_STATS] t_ms=26016 q_pkts=372 q_bytes=559488 qdelay_l_ms=0.854537 qdelay_c_ms=24.8599 ecn_mark=232 drop=0
[QUEUE_STATS] t_ms=26032 q_pkts=373 q_bytes=560992 qdelay_l_ms=1.09488 qdelay_c_ms=25.1603 ecn_mark=233 drop=0
[QUEUE_STATS] t_ms=26048 q_pkts=382 q_bytes=574528 qdelay_l_ms=0.854918 qdelay_c_ms=26.0295 ecn_mark=233 drop=0
[QUEUE_STATS] t_ms=26064 q_pkts=375 q_bytes=564000 qdelay_l_ms=0.851842 qdelay_c_ms=25.9046 ecn_mark=234 drop=0
[QUEUE_STATS] t_ms=26080 q_pkts=381 q_bytes=573024 qdelay_l_ms=1.11018 qdelay_c_ms=26.6973 ecn_mark=234 drop=0
[QUEUE_STATS] t_ms=26096 q_pkts=383 q_bytes=576032 qdelay_l_ms=0.991766 qdelay_c_ms=25.7662 ecn_mark=234 drop=0
[QUEUE_STATS] t_ms=26112 q_pkts=390 q_bytes=586560 qdelay_l_ms=1.00391 qdelay_c_ms=25.979 ecn_mark=234 drop=0
[QUEUE_STATS] t_ms=26128 q_pkts=384 q_bytes=577536 qdelay_l_ms=0.829301 qdelay_c_ms=25.9438 ecn_mark=234 drop=0
[QUEUE_STATS] t_ms=26144 q_pkts=387 q_bytes=582048 qdelay_l_ms=0.99898 qdelay_c_ms=25.93 ecn_mark=234 drop=0
[QUEUE_STATS] t_ms=26160 q_pkts=394 q_bytes=592576 qdelay_l_ms=0.998107 qdelay_c_ms=25.7522 ecn_mark=234 drop=0
[QUEUE_STATS] t_ms=26176 q_pkts=390 q_bytes=586560 qdelay_l_ms=1.09244 qdelay_c_ms=27.341 ecn_mark=234 drop=0
[QUEUE_STATS] t_ms=26193 q_pkts=392 q_bytes=589316 qdelay_l_ms=1.11014 qdelay_c_ms=27.2959 ecn_mark=234 drop=0
[QUEUE_STATS] t_ms=26208 q_pkts=395 q_bytes=594080 qdelay_l_ms=1.12563 qdelay_c_ms=24.887 ecn_mark=234 drop=0
[QUEUE_STATS] t_ms=26224 q_pkts=399 q_bytes=598644 qdelay_l_ms=1.07601 qdelay_c_ms=27.0216 ecn_mark=234 drop=0
[QUEUE_STATS] t_ms=26240 q_pkts=400 q_bytes=601600 qdelay_l_ms=1.13092 qdelay_c_ms=27.145 ecn_mark=234 drop=0
[QUEUE_STATS] t_ms=26256 q_pkts=399 q_bytes=600096 qdelay_l_ms=0.983641 qdelay_c_ms=26.9829 ecn_mark=235 drop=0
[QUEUE_STATS] t_ms=26272 q_pkts=404 q_bytes=607616 qdelay_l_ms=1.02593 qdelay_c_ms=28.1921 ecn_mark=235 drop=0
[QUEUE_STATS] t_ms=26289 q_pkts=407 q_bytes=612128 qdelay_l_ms=1.12963 qdelay_c_ms=28.2973 ecn_mark=235 drop=0
[QUEUE_STATS] t_ms=26304 q_pkts=405 q_bytes=609120 qdelay_l_ms=0.035417 qdelay_c_ms=27.2399 ecn_mark=235 drop=0
[QUEUE_STATS] t_ms=26320 q_pkts=419 q_bytes=628836 qdelay_l_ms=1.04425 qdelay_c_ms=28.0217 ecn_mark=237 drop=0
[QUEUE_STATS] t_ms=26336 q_pkts=417 q_bytes=625828 qdelay_l_ms=0.074621 qdelay_c_ms=27.0139 ecn_mark=237 drop=0
[QUEUE_STATS] t_ms=26352 q_pkts=390 q_bytes=586560 qdelay_l_ms=0 qdelay_c_ms=27.0712 ecn_mark=237 drop=0
[QUEUE_STATS] t_ms=26368 q_pkts=412 q_bytes=619648 qdelay_l_ms=0.99935 qdelay_c_ms=27.7811 ecn_mark=237 drop=0
[QUEUE_STATS] t_ms=26384 q_pkts=342 q_bytes=514368 qdelay_l_ms=1.06564 qdelay_c_ms=28.3274 ecn_mark=237 drop=0
[QUEUE_STATS] t_ms=26400 q_pkts=413 q_bytes=621152 qdelay_l_ms=1.11419 qdelay_c_ms=28.0215 ecn_mark=237 drop=0
[QUEUE_STATS] t_ms=26416 q_pkts=421 q_bytes=633184 qdelay_l_ms=0.820253 qdelay_c_ms=27.8785 ecn_mark=237 drop=0
[QUEUE_STATS] t_ms=26432 q_pkts=347 q_bytes=521888 qdelay_l_ms=0.817698 qdelay_c_ms=28.9796 ecn_mark=238 drop=0
[QUEUE_STATS] t_ms=26448 q_pkts=275 q_bytes=413600 qdelay_l_ms=0.815765 qdelay_c_ms=27.3243 ecn_mark=239 drop=0
[QUEUE_STATS] t_ms=26464 q_pkts=203 q_bytes=305312 qdelay_l_ms=0.803561 qdelay_c_ms=18.7118 ecn_mark=240 drop=0
[QUEUE_STATS] t_ms=26480 q_pkts=137 q_bytes=206048 qdelay_l_ms=1.12184 qdelay_c_ms=12.8991 ecn_mark=241 drop=0
[QUEUE_STATS] t_ms=26497 q_pkts=61 q_bytes=91744 qdelay_l_ms=1.12979 qdelay_c_ms=6.31032 ecn_mark=241 drop=0
[QUEUE_STATS] t_ms=26512 q_pkts=15 q_bytes=22560 qdelay_l_ms=1.00291 qdelay_c_ms=0.998459 ecn_mark=241 drop=0
[QUEUE_STATS] t_ms=26528 q_pkts=13 q_bytes=19552 qdelay_l_ms=0.99442 qdelay_c_ms=0.98872 ecn_mark=241 drop=0
[QUEUE_STATS] t_ms=26544 q_pkts=15 q_bytes=22560 qdelay_l_ms=1.09928 qdelay_c_ms=1.09601 ecn_mark=241 drop=0
[QUEUE_STATS] t_ms=26560 q_pkts=23 q_bytes=34592 qdelay_l_ms=1.11523 qdelay_c_ms=1.89881 ecn_mark=243 drop=0
[QUEUE_STATS] t_ms=26576 q_pkts=31 q_bytes=46624 qdelay_l_ms=1.13739 qdelay_c_ms=1.85354 ecn_mark=243 drop=0
[QUEUE_STATS] t_ms=26592 q_pkts=23 q_bytes=34592 qdelay_l_ms=1.12979 qdelay_c_ms=2.16995 ecn_mark=243 drop=0
[QUEUE_STATS] t_ms=26608 q_pkts=22 q_bytes=33088 qdelay_l_ms=0.929709 qdelay_c_ms=1.96316 ecn_mark=243 drop=0
[QUEUE_STATS] t_ms=26624 q_pkts=13 q_bytes=19552 qdelay_l_ms=0.872491 qdelay_c_ms=0.869526 ecn_mark=244 drop=0
[QUEUE_STATS] t_ms=26640 q_pkts=4 q_bytes=6016 qdelay_l_ms=0.851682 qdelay_c_ms=1.92883 ecn_mark=244 drop=0
[QUEUE_STATS] t_ms=26657 q_pkts=17 q_bytes=25568 qdelay_l_ms=1.10443 qdelay_c_ms=1.10161 ecn_mark=244 drop=0
[QUEUE_STATS] t_ms=26672 q_pkts=19 q_bytes=28576 qdelay_l_ms=0.83963 qdelay_c_ms=1.94932 ecn_mark=245 drop=0
[QUEUE_STATS] t_ms=26688 q_pkts=31 q_bytes=46624 qdelay_l_ms=1.10978 qdelay_c_ms=2.22645 ecn_mark=245 drop=0
[QUEUE_STATS] t_ms=26704 q_pkts=21 q_bytes=31584 qdelay_l_ms=1.07866 qdelay_c_ms=2.19277 ecn_mark=245 drop=0
[QUEUE_STATS] t_ms=26720 q_pkts=23 q_bytes=34592 qdelay_l_ms=1.06455 qdelay_c_ms=1.06171 ecn_mark=245 drop=0
[QUEUE_STATS] t_ms=26736 q_pkts=20 q_bytes=30080 qdelay_l_ms=1.13349 qdelay_c_ms=1.12764 ecn_mark=245 drop=0
[QUEUE_STATS] t_ms=26752 q_pkts=21 q_bytes=31584 qdelay_l_ms=1.12059 qdelay_c_ms=2.06237 ecn_mark=246 drop=0
[QUEUE_STATS] t_ms=26768 q_pkts=25 q_bytes=37600 qdelay_l_ms=0.986546 qdelay_c_ms=1.93237 ecn_mark=246 drop=0
[QUEUE_STATS] t_ms=26784 q_pkts=30 q_bytes=45120 qdelay_l_ms=1.00141 qdelay_c_ms=1.93603 ecn_mark=247 drop=0
[QUEUE_STATS] t_ms=26801 q_pkts=20 q_bytes=30080 qdelay_l_ms=1.10295 qdelay_c_ms=2.18984 ecn_mark=247 drop=0
[QUEUE_STATS] t_ms=26816 q_pkts=25 q_bytes=37600 qdelay_l_ms=0.998168 qdelay_c_ms=1.94793 ecn_mark=247 drop=0
[QUEUE_STATS] t_ms=26832 q_pkts=16 q_bytes=24064 qdelay_l_ms=1.12683 qdelay_c_ms=1.11953 ecn_mark=247 drop=0
[QUEUE_STATS] t_ms=26848 q_pkts=13 q_bytes=19552 qdelay_l_ms=1.11805 qdelay_c_ms=1.11097 ecn_mark=247 drop=0
[QUEUE_STATS] t_ms=26864 q_pkts=19 q_bytes=28576 qdelay_l_ms=0.832586 qdelay_c_ms=1.93195 ecn_mark=249 drop=0
[QUEUE_STATS] t_ms=26880 q_pkts=19 q_bytes=28576 qdelay_l_ms=0.989492 qdelay_c_ms=0.978862 ecn_mark=249 drop=0
[QUEUE_STATS] t_ms=26896 q_pkts=24 q_bytes=36096 qdelay_l_ms=1.1246 qdelay_c_ms=1.84701 ecn_mark=249 drop=0
[QUEUE_STATS] t_ms=26912 q_pkts=29 q_bytes=43616 qdelay_l_ms=0.99908 qdelay_c_ms=1.21636 ecn_mark=249 drop=0
[QUEUE_STATS] t_ms=26928 q_pkts=19 q_bytes=28576 qdelay_l_ms=0.866581 qdelay_c_ms=1.93235 ecn_mark=250 drop=0
[QUEUE_STATS] t_ms=26945 q_pkts=17 q_bytes=25568 qdelay_l_ms=1.01897 qdelay_c_ms=1.06481 ecn_mark=250 drop=0
[QUEUE_STATS] t_ms=26960 q_pkts=17 q_bytes=25568 qdelay_l_ms=1.10392 qdelay_c_ms=1.10088 ecn_mark=251 drop=0
[QUEUE_STATS] t_ms=26977 q_pkts=17 q_bytes=25568 qdelay_l_ms=1.12603 qdelay_c_ms=1.12005 ecn_mark=252 drop=0
[QUEUE_STATS] t_ms=26992 q_pkts=9 q_bytes=13536 qdelay_l_ms=0.012283 qdelay_c_ms=1.10405 ecn_mark=253 drop=0
[QUEUE_STATS] t_ms=27008 q_pkts=27 q_bytes=40608 qdelay_l_ms=1.10473 qdelay_c_ms=2.20865 ecn_mark=253 drop=0
[QUEUE_STATS] t_ms=27024 q_pkts=30 q_bytes=45120 qdelay_l_ms=1.00036 qdelay_c_ms=1.96513 ecn_mark=253 drop=0
[QUEUE_STATS] t_ms=27040 q_pkts=4 q_bytes=6016 qdelay_l_ms=1.00263 qdelay_c_ms=1.94192 ecn_mark=253 drop=0
[QUEUE_STATS] t_ms=27056 q_pkts=26 q_bytes=39104 qdelay_l_ms=0.981166 qdelay_c_ms=1.93711 ecn_mark=253 drop=0
[QUEUE_STATS] t_ms=27072 q_pkts=15 q_bytes=22560 qdelay_l_ms=0.996895 qdelay_c_ms=1.91966 ecn_mark=253 drop=0
[QUEUE_STATS] t_ms=27088 q_pkts=22 q_bytes=33088 qdelay_l_ms=1.12959 qdelay_c_ms=1.92755 ecn_mark=254 drop=0
[QUEUE_STATS] t_ms=27104 q_pkts=29 q_bytes=43616 qdelay_l_ms=1.10484 qdelay_c_ms=1.94511 ecn_mark=254 drop=0
[QUEUE_STATS] t_ms=27120 q_pkts=22 q_bytes=33088 qdelay_l_ms=0.997477 qdelay_c_ms=1.91184 ecn_mark=256 drop=0
[QUEUE_STATS] t_ms=27137 q_pkts=19 q_bytes=28576 qdelay_l_ms=1.10288 qdelay_c_ms=2.17209 ecn_mark=256 drop=0
[QUEUE_STATS] t_ms=27152 q_pkts=5 q_bytes=7520 qdelay_l_ms=0.044895 qdelay_c_ms=0.793773 ecn_mark=257 drop=0
[QUEUE_STATS] t_ms=27168 q_pkts=17 q_bytes=25568 qdelay_l_ms=1.00452 qdelay_c_ms=1.69532 ecn_mark=257 drop=0
[QUEUE_STATS] t_ms=27184 q_pkts=18 q_bytes=27072 qdelay_l_ms=0.987367 qdelay_c_ms=1.93684 ecn_mark=258 drop=0
[QUEUE_STATS] t_ms=27200 q_pkts=19 q_bytes=28576 qdelay_l_ms=0.083848 qdelay_c_ms=0.790617 ecn_mark=258 drop=0
[QUEUE_STATS] t_ms=27216 q_pkts=21 q_bytes=31584 qdelay_l_ms=0.068268 qdelay_c_ms=0.064231 ecn_mark=258 drop=0
[QUEUE_STATS] t_ms=27232 q_pkts=37 q_bytes=55648 qdelay_l_ms=1.14325 qdelay_c_ms=1.97629 ecn_mark=259 drop=0
[QUEUE_STATS] t_ms=27248 q_pkts=0 q_bytes=0 qdelay_l_ms=0 qdelay_c_ms=0 ecn_mark=260 drop=0
[QUEUE_STATS] t_ms=27264 q_pkts=19 q_bytes=28576 qdelay_l_ms=0.850139 qdelay_c_ms=1.93868 ecn_mark=260 drop=0
[QUEUE_STATS] t_ms=27281 q_pkts=18 q_bytes=27072 qdelay_l_ms=1.1289 qdelay_c_ms=1.12227 ecn_mark=260 drop=0
[QUEUE_STATS] t_ms=27296 q_pkts=21 q_bytes=31584 qdelay_l_ms=1.14718 qdelay_c_ms=1.97168 ecn_mark=260 drop=0
[QUEUE_STATS] t_ms=27313 q_pkts=24 q_bytes=36096 qdelay_l_ms=1.08764 qdelay_c_ms=2.18724 ecn_mark=260 drop=0
[QUEUE_STATS] t_ms=27328 q_pkts=4 q_bytes=6016 qdelay_l_ms=0.046608 qdelay_c_ms=0.992207 ecn_mark=260 drop=0
[QUEUE_STATS] t_ms=27344 q_pkts=18 q_bytes=27072 qdelay_l_ms=1.02812 qdelay_c_ms=1.02307 ecn_mark=260 drop=0
[QUEUE_STATS] t_ms=27361 q_pkts=17 q_bytes=25568 qdelay_l_ms=1.16826 qdelay_c_ms=1.97893 ecn_mark=260 drop=0
[QUEUE_STATS] t_ms=27376 q_pkts=18 q_bytes=27072 qdelay_l_ms=1.1279 qdelay_c_ms=1.12346 ecn_mark=261 drop=0
[QUEUE_STATS] t_ms=27392 q_pkts=9 q_bytes=13536 qdelay_l_ms=0.011321 qdelay_c_ms=1.08546 ecn_mark=261 drop=0
[QUEUE_STATS] t_ms=27408 q_pkts=31 q_bytes=46624 qdelay_l_ms=0.845029 qdelay_c_ms=1.92992 ecn_mark=261 drop=0
[QUEUE_STATS] t_ms=27424 q_pkts=18 q_bytes=27072 qdelay_l_ms=1.06421 qdelay_c_ms=2.17697 ecn_mark=261 drop=0
[QUEUE_STATS] t_ms=27440 q_pkts=13 q_bytes=19552 qdelay_l_ms=0.035837 qdelay_c_ms=0.984091 ecn_mark=261 drop=0
[QUEUE_STATS] t_ms=27456 q_pkts=6 q_bytes=9024 qdelay_l_ms=0.838067 qdelay_c_ms=1.91938 ecn_mark=261 drop=0
[QUEUE_STATS] t_ms=27472 q_pkts=13 q_bytes=19552 qdelay_l_ms=0.844148 qdelay_c_ms=1.92051 ecn_mark=261 drop=0
[QUEUE_STATS] t_ms=27488 q_pkts=16 q_bytes=24064 qdelay_l_ms=1.10816 qdelay_c_ms=1.10513 ecn_mark=261 drop=0
[QUEUE_STATS] t_ms=27504 q_pkts=12 q_bytes=18048 qdelay_l_ms=1.11259 qdelay_c_ms=1.10703 ecn_mark=261 drop=0
[QUEUE_STATS] t_ms=27520 q_pkts=8 q_bytes=12032 qdelay_l_ms=0.734923 qdelay_c_ms=0.755732 ecn_mark=263 drop=0
[QUEUE_STATS] t_ms=27536 q_pkts=0 q_bytes=0 qdelay_l_ms=0 qdelay_c_ms=0 ecn_mark=264 drop=0
[QUEUE_STATS] t_ms=27552 q_pkts=2 q_bytes=3008 qdelay_l_ms=1.09646 qdelay_c_ms=0 ecn_mark=265 drop=0
[QUEUE_STATS] t_ms=27568 q_pkts=15 q_bytes=22560 qdelay_l_ms=1.08653 qdelay_c_ms=1.07537 ecn_mark=265 drop=0
[QUEUE_STATS] t_ms=27584 q_pkts=15 q_bytes=22560 qdelay_l_ms=1.12184 qdelay_c_ms=1.89233 ecn_mark=265 drop=0
[QUEUE_STATS] t_ms=27600 q_pkts=17 q_bytes=25568 qdelay_l_ms=0.991896 qdelay_c_ms=0.987538 ecn_mark=265 drop=0
[QUEUE_STATS] t_ms=27616 q_pkts=13 q_bytes=19552 qdelay_l_ms=1.09284 qdelay_c_ms=1.08973 ecn_mark=266 drop=0
[QUEUE_STATS] t_ms=27632 q_pkts=12 q_bytes=18048 qdelay_l_ms=1.10246 qdelay_c_ms=1.09782 ecn_mark=267 drop=0
[QUEUE_STATS] t_ms=27648 q_pkts=13 q_bytes=19552 qdelay_l_ms=1.06351 qdelay_c_ms=1.06055 ecn_mark=267 drop=0
[QUEUE_STATS] t_ms=27664 q_pkts=4 q_bytes=6016 qdelay_l_ms=0.975194 qdelay_c_ms=0.966157 ecn_mark=267 drop=0
[QUEUE_STATS] t_ms=27680 q_pkts=16 q_bytes=24064 qdelay_l_ms=1.09072 qdelay_c_ms=1.08463 ecn_mark=268 drop=0
[QUEUE_STATS] t_ms=27696 q_pkts=7 q_bytes=10528 qdelay_l_ms=1.07269 qdelay_c_ms=2.13056 ecn_mark=269 drop=0
[QUEUE_STATS] t_ms=27712 q_pkts=13 q_bytes=19552 qdelay_l_ms=1.12888 qdelay_c_ms=1.11918 ecn_mark=269 drop=0
[QUEUE_STATS] t_ms=27728 q_pkts=16 q_bytes=24064 qdelay_l_ms=1.06045 qdelay_c_ms=1.30911 ecn_mark=270 drop=0
[QUEUE_STATS] t_ms=27744 q_pkts=15 q_bytes=22560 qdelay_l_ms=1.06238 qdelay_c_ms=1.92239 ecn_mark=270 drop=0
[QUEUE_STATS] t_ms=27760 q_pkts=12 q_bytes=18048 qdelay_l_ms=0.979282 qdelay_c_ms=0.968812 ecn_mark=271 drop=0
[QUEUE_STATS] t_ms=27776 q_pkts=16 q_bytes=24064 qdelay_l_ms=1.06031 qdelay_c_ms=1.05699 ecn_mark=272 drop=0
[QUEUE_STATS] t_ms=27792 q_pkts=10 q_bytes=15040 qdelay_l_ms=0.037551 qdelay_c_ms=0.830983 ecn_mark=273 drop=0
[QUEUE_STATS] t_ms=27808 q_pkts=8 q_bytes=12032 qdelay_l_ms=1.09711 qdelay_c_ms=1.091 ecn_mark=273 drop=0
[QUEUE_STATS] t_ms=27824 q_pkts=16 q_bytes=24064 qdelay_l_ms=0.929558 qdelay_c_ms=0.988329 ecn_mark=273 drop=0
[QUEUE_STATS] t_ms=27841 q_pkts=13 q_bytes=19552 qdelay_l_ms=1.10844 qdelay_c_ms=1.10336 ecn_mark=274 drop=0
[QUEUE_STATS] t_ms=27856 q_pkts=13 q_bytes=19552 qdelay_l_ms=1.12102 qdelay_c_ms=1.11264 ecn_mark=274 drop=0
[QUEUE_STATS] t_ms=27872 q_pkts=11 q_bytes=16544 qdelay_l_ms=1.07822 qdelay_c_ms=1.0752 ecn_mark=275 drop=0
[QUEUE_STATS] t_ms=27888 q_pkts=2 q_bytes=3008 qdelay_l_ms=1.02642 qdelay_c_ms=0 ecn_mark=275 drop=0
[QUEUE_STATS] t_ms=27904 q_pkts=10 q_bytes=15040 qdelay_l_ms=1.1066 qdelay_c_ms=1.10127 ecn_mark=275 drop=0
[QUEUE_STATS] t_ms=27920 q_pkts=17 q_bytes=25568 qdelay_l_ms=0.973071 qdelay_c_ms=0.964745 ecn_mark=275 drop=0
[QUEUE_STATS] t_ms=27936 q_pkts=11 q_bytes=16544 qdelay_l_ms=0.056556 qdelay_c_ms=0.741866 ecn_mark=275 drop=0
[QUEUE_STATS] t_ms=27952 q_pkts=13 q_bytes=19552 qdelay_l_ms=1.1008 qdelay_c_ms=1.0956 ecn_mark=276 drop=0
[QUEUE_STATS] t_ms=27968 q_pkts=4 q_bytes=6016 qdelay_l_ms=0.018164 qdelay_c_ms=0.015118 ecn_mark=277 drop=0
[QUEUE_STATS] t_ms=27984 q_pkts=1 q_bytes=1504 qdelay_l_ms=0.98355 qdelay_c_ms=0 ecn_mark=278 drop=0
[QUEUE_STATS] t_ms=28001 q_pkts=22 q_bytes=33088 qdelay_l_ms=1.098 qdelay_c_ms=1.09112 ecn_mark=278 drop=0
[QUEUE_STATS] t_ms=28016 q_pkts=17 q_bytes=25568 qdelay_l_ms=1.08494 qdelay_c_ms=1.84523 ecn_mark=278 drop=0
[QUEUE_STATS] t_ms=28032 q_pkts=2 q_bytes=3008 qdelay_l_ms=0.990293 qdelay_c_ms=0 ecn_mark=278 drop=0
[QUEUE_STATS] t_ms=28048 q_pkts=16 q_bytes=24064 qdelay_l_ms=0.859877 qdelay_c_ms=1.90277 ecn_mark=279 drop=0
[QUEUE_STATS] t_ms=28064 q_pkts=22 q_bytes=33088 qdelay_l_ms=0.984733 qdelay_c_ms=0.981116 ecn_mark=280 drop=0
[QUEUE_STATS] t_ms=28080 q_pkts=18 q_bytes=27072 qdelay_l_ms=0.986576 qdelay_c_ms=1.88184 ecn_mark=282 drop=0
[QUEUE_STATS] t_ms=28096 q_pkts=22 q_bytes=33088 qdelay_l_ms=1.04092 qdelay_c_ms=1.03799 ecn_mark=283 drop=0
[QUEUE_STATS] t_ms=28112 q_pkts=4 q_bytes=6016 qdelay_l_ms=0.0369 qdelay_c_ms=0.031309 ecn_mark=283 drop=0
[QUEUE_STATS] t_ms=28128 q_pkts=13 q_bytes=19552 qdelay_l_ms=1.10743 qdelay_c_ms=1.10162 ecn_mark=283 drop=0
[QUEUE_STATS] t_ms=28144 q_pkts=3 q_bytes=4512 qdelay_l_ms=1.02563 qdelay_c_ms=2.14232 ecn_mark=285 drop=0
[QUEUE_STATS] t_ms=28160 q_pkts=13 q_bytes=19552 qdelay_l_ms=0.990764 qdelay_c_ms=0.985343 ecn_mark=285 drop=0
[QUEUE_STATS] t_ms=28176 q_pkts=13 q_bytes=19552 qdelay_l_ms=0.98886 qdelay_c_ms=0.983741 ecn_mark=285 drop=0
[QUEUE_STATS] t_ms=28192 q_pkts=13 q_bytes=19552 qdelay_l_ms=0.973381 qdelay_c_ms=0.965176 ecn_mark=285 drop=0
[QUEUE_STATS] t_ms=28208 q_pkts=12 q_bytes=18048 qdelay_l_ms=1.10685 qdelay_c_ms=1.10268 ecn_mark=285 drop=0
[QUEUE_STATS] t_ms=28224 q_pkts=12 q_bytes=18048 qdelay_l_ms=1.11971 qdelay_c_ms=1.11254 ecn_mark=285 drop=0
[QUEUE_STATS] t_ms=28240 q_pkts=0 q_bytes=0 qdelay_l_ms=0 qdelay_c_ms=0 ecn_mark=285 drop=0
[QUEUE_STATS] t_ms=28256 q_pkts=5 q_bytes=7520 qdelay_l_ms=1.07535 qdelay_c_ms=1.07216 ecn_mark=285 drop=0
[QUEUE_STATS] t_ms=28272 q_pkts=2 q_bytes=3008 qdelay_l_ms=0.983821 qdelay_c_ms=0.987718 ecn_mark=288 drop=0
[QUEUE_STATS] t_ms=28288 q_pkts=4 q_bytes=6016 qdelay_l_ms=0.036198 qdelay_c_ms=0.028324 ecn_mark=288 drop=0
[QUEUE_STATS] t_ms=28304 q_pkts=2 q_bytes=3008 qdelay_l_ms=0.022863 qdelay_c_ms=0.018114 ecn_mark=288 drop=0
[QUEUE_STATS] t_ms=28320 q_pkts=2 q_bytes=3008 qdelay_l_ms=1.09409 qdelay_c_ms=0 ecn_mark=289 drop=0
[QUEUE_STATS] t_ms=28336 q_pkts=10 q_bytes=15040 qdelay_l_ms=0.986125 qdelay_c_ms=0.981416 ecn_mark=290 drop=0
[QUEUE_STATS] t_ms=28352 q_pkts=3 q_bytes=4512 qdelay_l_ms=1.06421 qdelay_c_ms=0 ecn_mark=290 drop=0
[QUEUE_STATS] t_ms=28368 q_pkts=2 q_bytes=3008 qdelay_l_ms=1.07669 qdelay_c_ms=0 ecn_mark=291 drop=0
[QUEUE_STATS] t_ms=28384 q_pkts=2 q_bytes=3008 qdelay_l_ms=0.987067 qdelay_c_ms=0 ecn_mark=291 drop=0
[QUEUE_STATS] t_ms=28400 q_pkts=12 q_bytes=18048 qdelay_l_ms=1.05389 qdelay_c_ms=1.07784 ecn_mark=291 drop=0
[QUEUE_STATS] t_ms=28416 q_pkts=2 q_bytes=3008 qdelay_l_ms=0.812328 qdelay_c_ms=0 ecn_mark=291 drop=0
[QUEUE_STATS] t_ms=28432 q_pkts=18 q_bytes=27072 qdelay_l_ms=0.807269 qdelay_c_ms=0.803742 ecn_mark=291 drop=0
[QUEUE_STATS] t_ms=28448 q_pkts=16 q_bytes=24064 qdelay_l_ms=0.932564 qdelay_c_ms=1.91109 ecn_mark=292 drop=0
[QUEUE_STATS] t_ms=28464 q_pkts=6 q_bytes=9024 qdelay_l_ms=1.05287 qdelay_c_ms=1.05031 ecn_mark=292 drop=0
[QUEUE_STATS] t_ms=28480 q_pkts=3 q_bytes=4512 qdelay_l_ms=1.06424 qdelay_c_ms=1.06126 ecn_mark=294 drop=0
[QUEUE_STATS] t_ms=28496 q_pkts=2 q_bytes=3008 qdelay_l_ms=0.977288 qdelay_c_ms=0 ecn_mark=294 drop=0
[QUEUE_STATS] t_ms=28512 q_pkts=16 q_bytes=24064 qdelay_l_ms=1.15426 qdelay_c_ms=1.14522 ecn_mark=294 drop=0
[QUEUE_STATS] t_ms=28528 q_pkts=17 q_bytes=25568 qdelay_l_ms=1.11804 qdelay_c_ms=2.01582 ecn_mark=294 drop=0
[QUEUE_STATS] t_ms=28544 q_pkts=10 q_bytes=15040 qdelay_l_ms=0.986316 qdelay_c_ms=0.981987 ecn_mark=294 drop=0
[QUEUE_STATS] t_ms=28560 q_pkts=14 q_bytes=21056 qdelay_l_ms=1.08586 qdelay_c_ms=2.1761 ecn_mark=294 drop=0
[QUEUE_STATS] t_ms=28576 q_pkts=2 q_bytes=3008 qdelay_l_ms=0.980735 qdelay_c_ms=0 ecn_mark=296 drop=0
[QUEUE_STATS] t_ms=28592 q_pkts=21 q_bytes=31584 qdelay_l_ms=0.980815 qdelay_c_ms=0.975525 ecn_mark=296 drop=0
[QUEUE_STATS] t_ms=28608 q_pkts=9 q_bytes=13536 qdelay_l_ms=0.969554 qdelay_c_ms=0.961879 ecn_mark=296 drop=0
[QUEUE_STATS] t_ms=28624 q_pkts=2 q_bytes=3008 qdelay_l_ms=1.07465 qdelay_c_ms=0 ecn_mark=296 drop=0
[QUEUE_STATS] t_ms=28641 q_pkts=2 q_bytes=3008 qdelay_l_ms=1.0842 qdelay_c_ms=0 ecn_mark=296 drop=0
[QUEUE_STATS] t_ms=28656 q_pkts=10 q_bytes=15040 qdelay_l_ms=0.976257 qdelay_c_ms=0.966729 ecn_mark=297 drop=0
[QUEUE_STATS] t_ms=28672 q_pkts=18 q_bytes=27072 qdelay_l_ms=1.12319 qdelay_c_ms=1.11766 ecn_mark=297 drop=0
[QUEUE_STATS] t_ms=28688 q_pkts=3 q_bytes=4512 qdelay_l_ms=0.975034 qdelay_c_ms=0 ecn_mark=297 drop=0
[QUEUE_STATS] t_ms=28704 q_pkts=19 q_bytes=28576 qdelay_l_ms=0.977228 qdelay_c_ms=1.90508 ecn_mark=297 drop=0
[QUEUE_STATS] t_ms=28721 q_pkts=0 q_bytes=0 qdelay_l_ms=0 qdelay_c_ms=0 ecn_mark=298 drop=0
[QUEUE_STATS] t_ms=28737 q_pkts=16 q_bytes=24064 qdelay_l_ms=1.10655 qdelay_c_ms=1.10269 ecn_mark=299 drop=0
[QUEUE_STATS] t_ms=28752 q_pkts=6 q_bytes=9024 qdelay_l_ms=1.06477 qdelay_c_ms=2.00787 ecn_mark=299 drop=0
[QUEUE_STATS] t_ms=28768 q_pkts=16 q_bytes=24064 qdelay_l_ms=0.8508 qdelay_c_ms=0.847635 ecn_mark=299 drop=0
[QUEUE_STATS] t_ms=28784 q_pkts=12 q_bytes=18048 qdelay_l_ms=0.041288 qdelay_c_ms=0.038362 ecn_mark=299 drop=0
[QUEUE_STATS] t_ms=28800 q_pkts=2 q_bytes=3008 qdelay_l_ms=0.983871 qdelay_c_ms=0 ecn_mark=299 drop=0
[QUEUE_STATS] t_ms=28816 q_pkts=10 q_bytes=15040 qdelay_l_ms=1.11078 qdelay_c_ms=1.10422 ecn_mark=299 drop=0
[QUEUE_STATS] t_ms=28832 q_pkts=10 q_bytes=15040 qdelay_l_ms=0.947102 qdelay_c_ms=0.986436 ecn_mark=299 drop=0
[QUEUE_STATS] t_ms=28848 q_pkts=15 q_bytes=22560 qdelay_l_ms=0.803601 qdelay_c_ms=0.800506 ecn_mark=299 drop=0
[QUEUE_STATS] t_ms=28864 q_pkts=2 q_bytes=3008 qdelay_l_ms=0.971558 qdelay_c_ms=0 ecn_mark=299 drop=0
[QUEUE_STATS] t_ms=28880 q_pkts=27 q_bytes=40608 qdelay_l_ms=1.15663 qdelay_c_ms=1.15177 ecn_mark=299 drop=0
[QUEUE_STATS] t_ms=28896 q_pkts=10 q_bytes=15040 qdelay_l_ms=1.06176 qdelay_c_ms=1.08555 ecn_mark=301 drop=0
[QUEUE_STATS] t_ms=28912 q_pkts=2 q_bytes=3008 qdelay_l_ms=0.981717 qdelay_c_ms=0 ecn_mark=301 drop=0
[QUEUE_STATS] t_ms=28928 q_pkts=16 q_bytes=24064 qdelay_l_ms=1.11652 qdelay_c_ms=1.11127 ecn_mark=302 drop=0
[QUEUE_STATS] t_ms=28944 q_pkts=13 q_bytes=19552 qdelay_l_ms=1.00296 qdelay_c_ms=1.92552 ecn_mark=304 drop=0
[QUEUE_STATS] t_ms=28960 q_pkts=20 q_bytes=30080 qdelay_l_ms=0.972509 qdelay_c_ms=0.966378 ecn_mark=304 drop=0
[QUEUE_STATS] t_ms=28976 q_pkts=4 q_bytes=6016 qdelay_l_ms=1.07568 qdelay_c_ms=1.07232 ecn_mark=304 drop=0
[QUEUE_STATS] t_ms=28992 q_pkts=2 q_bytes=3008 qdelay_l_ms=0.975926 qdelay_c_ms=0 ecn_mark=306 drop=0
[QUEUE_STATS] t_ms=29008 q_pkts=20 q_bytes=30080 qdelay_l_ms=0.981637 qdelay_c_ms=1.89945 ecn_mark=306 drop=0
[QUEUE_STATS] t_ms=29024 q_pkts=10 q_bytes=15040 qdelay_l_ms=0.044233 qdelay_c_ms=0.040486 ecn_mark=306 drop=0
[QUEUE_STATS] t_ms=29040 q_pkts=2 q_bytes=3008 qdelay_l_ms=0.985514 qdelay_c_ms=0 ecn_mark=307 drop=0
[QUEUE_STATS] t_ms=29056 q_pkts=10 q_bytes=15040 qdelay_l_ms=0.970676 qdelay_c_ms=0.965456 ecn_mark=307 drop=0
[QUEUE_STATS] t_ms=29072 q_pkts=10 q_bytes=15040 qdelay_l_ms=0.985183 qdelay_c_ms=0.979773 ecn_mark=307 drop=0
[QUEUE_STATS] t_ms=29088 q_pkts=3 q_bytes=4512 qdelay_l_ms=1.10164 qdelay_c_ms=1.77619 ecn_mark=307 drop=0
[QUEUE_STATS] t_ms=29104 q_pkts=10 q_bytes=15040 qdelay_l_ms=0.925822 qdelay_c_ms=0.973832 ecn_mark=307 drop=0
[QUEUE_STATS] t_ms=29120 q_pkts=2 q_bytes=3008 qdelay_l_ms=0.973882 qdelay_c_ms=0 ecn_mark=307 drop=0
[QUEUE_STATS] t_ms=29136 q_pkts=19 q_bytes=28576 qdelay_l_ms=1.09046 qdelay_c_ms=1.12846 ecn_mark=308 drop=0
[QUEUE_STATS] t_ms=29152 q_pkts=10 q_bytes=15040 qdelay_l_ms=1.1013 qdelay_c_ms=1.09701 ecn_mark=308 drop=0
[QUEUE_STATS] t_ms=29168 q_pkts=0 q_bytes=0 qdelay_l_ms=0 qdelay_c_ms=0 ecn_mark=310 drop=0
[QUEUE_STATS] t_ms=29184 q_pkts=5 q_bytes=7520 qdelay_l_ms=1.06333 qdelay_c_ms=2.13038 ecn_mark=310 drop=0
[QUEUE_STATS] t_ms=29200 q_pkts=2 q_bytes=3008 qdelay_l_ms=0.84533 qdelay_c_ms=0 ecn_mark=312 drop=0
[QUEUE_STATS] t_ms=29216 q_pkts=16 q_bytes=24064 qdelay_l_ms=1.10671 qdelay_c_ms=1.10288 ecn_mark=313 drop=0
[QUEUE_STATS] t_ms=29232 q_pkts=0 q_bytes=0 qdelay_l_ms=0 qdelay_c_ms=0 ecn_mark=313 drop=0
[QUEUE_STATS] t_ms=29248 q_pkts=5 q_bytes=7520 qdelay_l_ms=1.02936 qdelay_c_ms=1.83295 ecn_mark=313 drop=0
[QUEUE_STATS] t_ms=29264 q_pkts=6 q_bytes=9024 qdelay_l_ms=1.08428 qdelay_c_ms=2.06768 ecn_mark=313 drop=0
[QUEUE_STATS] t_ms=29280 q_pkts=2 q_bytes=3008 qdelay_l_ms=1.08067 qdelay_c_ms=0 ecn_mark=313 drop=0
[QUEUE_STATS] t_ms=29296 q_pkts=13 q_bytes=19552 qdelay_l_ms=1.08794 qdelay_c_ms=1.10878 ecn_mark=313 drop=0
[QUEUE_STATS] t_ms=29312 q_pkts=12 q_bytes=18048 qdelay_l_ms=1.11073 qdelay_c_ms=1.10539 ecn_mark=313 drop=0
[QUEUE_STATS] t_ms=29328 q_pkts=14 q_bytes=21056 qdelay_l_ms=1.11264 qdelay_c_ms=1.10758 ecn_mark=314 drop=0
[QUEUE_STATS] t_ms=29344 q_pkts=2 q_bytes=3008 qdelay_l_ms=0 qdelay_c_ms=1.09681 ecn_mark=314 drop=0
[QUEUE_STATS] t_ms=29360 q_pkts=0 q_bytes=0 qdelay_l_ms=0 qdelay_c_ms=0 ecn_mark=315 drop=0
[QUEUE_STATS] t_ms=29376 q_pkts=19 q_bytes=28576 qdelay_l_ms=1.07622 qdelay_c_ms=2.07497 ecn_mark=316 drop=0
[QUEUE_STATS] t_ms=29392 q_pkts=2 q_bytes=3008 qdelay_l_ms=1.06938 qdelay_c_ms=0 ecn_mark=316 drop=0
[QUEUE_STATS] t_ms=29408 q_pkts=11 q_bytes=16544 qdelay_l_ms=1.10933 qdelay_c_ms=1.10526 ecn_mark=317 drop=0
[QUEUE_STATS] t_ms=29424 q_pkts=7 q_bytes=10528 qdelay_l_ms=0.053621 qdelay_c_ms=0.04754 ecn_mark=318 drop=0
[QUEUE_STATS] t_ms=29441 q_pkts=0 q_bytes=0 qdelay_l_ms=0 qdelay_c_ms=0 ecn_mark=321 drop=0
[QUEUE_STATS] t_ms=29456 q_pkts=7 q_bytes=10528 qdelay_l_ms=1.09005 qdelay_c_ms=2.00239 ecn_mark=321 drop=0
[QUEUE_STATS] t_ms=29472 q_pkts=14 q_bytes=21056 qdelay_l_ms=0.697973 qdelay_c_ms=0.749901 ecn_mark=321 drop=0
[QUEUE_STATS] t_ms=29488 q_pkts=15 q_bytes=22560 qdelay_l_ms=1.11134 qdelay_c_ms=2.00215 ecn_mark=321 drop=0
[QUEUE_STATS] t_ms=29504 q_pkts=2 q_bytes=3008 qdelay_l_ms=0.974192 qdelay_c_ms=0 ecn_mark=321 drop=0
[QUEUE_STATS] t_ms=29520 q_pkts=16 q_bytes=24064 qdelay_l_ms=0.988018 qdelay_c_ms=0.982107 ecn_mark=322 drop=0
[QUEUE_STATS] t_ms=29536 q_pkts=10 q_bytes=15040 qdelay_l_ms=1.03309 qdelay_c_ms=1.05865 ecn_mark=323 drop=0
[QUEUE_STATS] t_ms=29552 q_pkts=14 q_bytes=21056 qdelay_l_ms=0.970836 qdelay_c_ms=0.964544 ecn_mark=323 drop=0
[QUEUE_STATS] t_ms=29568 q_pkts=11 q_bytes=16544 qdelay_l_ms=0.971027 qdelay_c_ms=0.96193 ecn_mark=324 drop=0
[QUEUE_STATS] t_ms=29584 q_pkts=9 q_bytes=13536 qdelay_l_ms=0.957802 qdelay_c_ms=0.982098 ecn_mark=325 drop=0
[QUEUE_STATS] t_ms=29600 q_pkts=2 q_bytes=3008 qdelay_l_ms=1.07634 qdelay_c_ms=0 ecn_mark=327 drop=0
[QUEUE_STATS] t_ms=29616 q_pkts=2 q_bytes=3008 qdelay_l_ms=0.970205 qdelay_c_ms=0 ecn_mark=329 drop=0
[QUEUE_STATS] t_ms=29632 q_pkts=9 q_bytes=13536 qdelay_l_ms=0.982038 qdelay_c_ms=0.973371 ecn_mark=330 drop=0
[QUEUE_STATS] t_ms=29648 q_pkts=7 q_bytes=10528 qdelay_l_ms=0.987388 qdelay_c_ms=0.982248 ecn_mark=330 drop=0
[QUEUE_STATS] t_ms=29664 q_pkts=6 q_bytes=9024 qdelay_l_ms=1.10526 qdelay_c_ms=1.09819 ecn_mark=330 drop=0
[QUEUE_STATS] t_ms=29680 q_pkts=2 q_bytes=3008 qdelay_l_ms=0.975164 qdelay_c_ms=0 ecn_mark=330 drop=0
[QUEUE_STATS] t_ms=29696 q_pkts=7 q_bytes=10528 qdelay_l_ms=1.09262 qdelay_c_ms=1.08885 ecn_mark=330 drop=0
[QUEUE_STATS] t_ms=29712 q_pkts=0 q_bytes=0 qdelay_l_ms=0 qdelay_c_ms=0 ecn_mark=333 drop=0
[QUEUE_STATS] t_ms=29728 q_pkts=2 q_bytes=3008 qdelay_l_ms=1.07 qdelay_c_ms=0 ecn_mark=334 drop=0
[QUEUE_STATS] t_ms=29744 q_pkts=13 q_bytes=19552 qdelay_l_ms=1.11699 qdelay_c_ms=1.90275 ecn_mark=335 drop=0
[QUEUE_STATS] t_ms=29760 q_pkts=21 q_bytes=31584 qdelay_l_ms=0.977309 qdelay_c_ms=0.970406 ecn_mark=336 drop=0
[QUEUE_STATS] t_ms=29776 q_pkts=2 q_bytes=3008 qdelay_l_ms=0.027412 qdelay_c_ms=0.020549 ecn_mark=336 drop=0
[QUEUE_STATS] t_ms=29792 q_pkts=5 q_bytes=7520 qdelay_l_ms=1.09712 qdelay_c_ms=1.0896 ecn_mark=336 drop=0
[QUEUE_STATS] t_ms=29808 q_pkts=20 q_bytes=30080 qdelay_l_ms=1.12777 qdelay_c_ms=1.12248 ecn_mark=337 drop=0
[QUEUE_STATS] t_ms=29824 q_pkts=12 q_bytes=18048 qdelay_l_ms=1.1157 qdelay_c_ms=1.11007 ecn_mark=337 drop=0
[QUEUE_STATS] t_ms=29840 q_pkts=11 q_bytes=16544 qdelay_l_ms=0.986396 qdelay_c_ms=0.980685 ecn_mark=337 drop=0
[QUEUE_STATS] t_ms=29856 q_pkts=16 q_bytes=24064 qdelay_l_ms=1.10993 qdelay_c_ms=1.85224 ecn_mark=337 drop=0
[QUEUE_STATS] t_ms=29872 q_pkts=2 q_bytes=3008 qdelay_l_ms=0.978672 qdelay_c_ms=0 ecn_mark=337 drop=0
[QUEUE_STATS] t_ms=29888 q_pkts=20 q_bytes=30080 qdelay_l_ms=0.823839 qdelay_c_ms=0.820944 ecn_mark=337 drop=0
[QUEUE_STATS] t_ms=29904 q_pkts=2 q_bytes=3008 qdelay_l_ms=1.06367 qdelay_c_ms=0 ecn_mark=337 drop=0
[QUEUE_STATS] t_ms=29920 q_pkts=4 q_bytes=6016 qdelay_l_ms=1.06126 qdelay_c_ms=1.06725 ecn_mark=338 drop=0
[QUEUE_STATS] t_ms=29936 q_pkts=17 q_bytes=25568 qdelay_l_ms=1.10581 qdelay_c_ms=1.10256 ecn_mark=338 drop=0
[QUEUE_STATS] t_ms=29952 q_pkts=0 q_bytes=0 qdelay_l_ms=0 qdelay_c_ms=0 ecn_mark=339 drop=0
[QUEUE_STATS] t_ms=29968 q_pkts=20 q_bytes=30080 qdelay_l_ms=1.08384 qdelay_c_ms=2.12439 ecn_mark=339 drop=0
[QUEUE_STATS] t_ms=29984 q_pkts=8 q_bytes=12032 qdelay_l_ms=0.041178 qdelay_c_ms=0.834079 ecn_mark=340 drop=0
[QUEUE_STATS] t_ms=30000 q_pkts=12 q_bytes=18048 qdelay_l_ms=0.953695 qdelay_c_ms=1.90944 ecn_mark=340 drop=0
[QUEUE_STATS] t_ms=30017 q_pkts=2 q_bytes=3008 qdelay_l_ms=1.08105 qdelay_c_ms=0 ecn_mark=341 drop=0
[QUEUE_STATS] t_ms=30032 q_pkts=25 q_bytes=37600 qdelay_l_ms=1.0896 qdelay_c_ms=2.12331 ecn_mark=341 drop=0
[QUEUE_STATS] t_ms=30048 q_pkts=11 q_bytes=16544 qdelay_l_ms=0.833789 qdelay_c_ms=0.831134 ecn_mark=341 drop=0
[QUEUE_STATS] t_ms=30064 q_pkts=8 q_bytes=12032 qdelay_l_ms=0.823659 qdelay_c_ms=0.820563 ecn_mark=342 drop=0
[QUEUE_STATS] t_ms=30080 q_pkts=20 q_bytes=30080 qdelay_l_ms=0.910773 qdelay_c_ms=0.977328 ecn_mark=342 drop=0
[QUEUE_STATS] t_ms=30096 q_pkts=2 q_bytes=3008 qdelay_l_ms=0.852624 qdelay_c_ms=0 ecn_mark=342 drop=0
[QUEUE_STATS] t_ms=30112 q_pkts=11 q_bytes=16544 qdelay_l_ms=1.08388 qdelay_c_ms=1.07999 ecn_mark=343 drop=0
[QUEUE_STATS] t_ms=30128 q_pkts=11 q_bytes=16544 qdelay_l_ms=1.07284 qdelay_c_ms=1.07011 ecn_mark=343 drop=0
[QUEUE_STATS] t_ms=30144 q_pkts=20 q_bytes=30080 qdelay_l_ms=1.12725 qdelay_c_ms=1.12254 ecn_mark=343 drop=0
[QUEUE_STATS] t_ms=30160 q_pkts=3 q_bytes=4512 qdelay_l_ms=1.07999 qdelay_c_ms=1.07512 ecn_mark=344 drop=0
[QUEUE_STATS] t_ms=30176 q_pkts=11 q_bytes=16544 qdelay_l_ms=1.0298 qdelay_c_ms=1.07359 ecn_mark=345 drop=0
[QUEUE_STATS] t_ms=30192 q_pkts=14 q_bytes=21056 qdelay_l_ms=0.97253 qdelay_c_ms=0.969143 ecn_mark=345 drop=0
[QUEUE_STATS] t_ms=30209 q_pkts=13 q_bytes=19552 qdelay_l_ms=1.04652 qdelay_c_ms=1.07839 ecn_mark=346 drop=0
[QUEUE_STATS] t_ms=30224 q_pkts=9 q_bytes=13536 qdelay_l_ms=0.989191 qdelay_c_ms=0.986165 ecn_mark=348 drop=0
[QUEUE_STATS] t_ms=30240 q_pkts=17 q_bytes=25568 qdelay_l_ms=0.948955 qdelay_c_ms=0.997076 ecn_mark=348 drop=0
[QUEUE_STATS] t_ms=30256 q_pkts=11 q_bytes=16544 qdelay_l_ms=0.973321 qdelay_c_ms=1.92032 ecn_mark=348 drop=0
[QUEUE_STATS] t_ms=30272 q_pkts=13 q_bytes=19552 qdelay_l_ms=0.992176 qdelay_c_ms=0.986957 ecn_mark=349 drop=0
[QUEUE_STATS] t_ms=30288 q_pkts=11 q_bytes=16544 qdelay_l_ms=0.975996 qdelay_c_ms=0.966708 ecn_mark=349 drop=0
[QUEUE_STATS] t_ms=30304 q_pkts=2 q_bytes=3008 qdelay_l_ms=0.04231 qdelay_c_ms=0.032491 ecn_mark=349 drop=0
[QUEUE_STATS] t_ms=30320 q_pkts=26 q_bytes=39104 qdelay_l_ms=1.14881 qdelay_c_ms=1.739 ecn_mark=350 drop=0
[QUEUE_STATS] t_ms=30336 q_pkts=11 q_bytes=16544 qdelay_l_ms=0.987268 qdelay_c_ms=0.98315 ecn_mark=350 drop=0
[QUEUE_STATS] t_ms=30352 q_pkts=15 q_bytes=22560 qdelay_l_ms=0.800435 qdelay_c_ms=1.89167 ecn_mark=351 drop=0
[QUEUE_STATS] t_ms=30368 q_pkts=22 q_bytes=33088 qdelay_l_ms=1.14737 qdelay_c_ms=1.14221 ecn_mark=351 drop=0
[QUEUE_STATS] t_ms=30384 q_pkts=11 q_bytes=16544 qdelay_l_ms=1.09563 qdelay_c_ms=1.09124 ecn_mark=352 drop=0
[QUEUE_STATS] t_ms=30400 q_pkts=13 q_bytes=19552 qdelay_l_ms=0.985694 qdelay_c_ms=1.90807 ecn_mark=353 drop=0
[QUEUE_STATS] t_ms=30416 q_pkts=9 q_bytes=13536 qdelay_l_ms=1.08423 qdelay_c_ms=1.081 ecn_mark=353 drop=0
[QUEUE_STATS] t_ms=30432 q_pkts=2 q_bytes=3008 qdelay_l_ms=0.997256 qdelay_c_ms=0 ecn_mark=353 drop=0
[QUEUE_STATS] t_ms=30448 q_pkts=18 q_bytes=27072 qdelay_l_ms=0.996074 qdelay_c_ms=0.986055 ecn_mark=353 drop=0
[QUEUE_STATS] t_ms=30464 q_pkts=6 q_bytes=9024 qdelay_l_ms=0.985314 qdelay_c_ms=0.974824 ecn_mark=353 drop=0
[QUEUE_STATS] t_ms=30480 q_pkts=14 q_bytes=21056 qdelay_l_ms=0.994952 qdelay_c_ms=1.92213 ecn_mark=353 drop=0
[QUEUE_STATS] t_ms=30496 q_pkts=2 q_bytes=3008 qdelay_l_ms=0.979332 qdelay_c_ms=0 ecn_mark=353 drop=0
[QUEUE_STATS] t_ms=30513 q_pkts=14 q_bytes=21056 qdelay_l_ms=1.10365 qdelay_c_ms=2.1345 ecn_mark=353 drop=0
[QUEUE_STATS] t_ms=30528 q_pkts=17 q_bytes=25568 qdelay_l_ms=1.1093 qdelay_c_ms=1.10569 ecn_mark=355 drop=0
[QUEUE_STATS] t_ms=30544 q_pkts=12 q_bytes=18048 qdelay_l_ms=1.12216 qdelay_c_ms=1.93 ecn_mark=355 drop=0
[QUEUE_STATS] t_ms=30560 q_pkts=12 q_bytes=18048 qdelay_l_ms=0.975095 qdelay_c_ms=0.965386 ecn_mark=356 drop=0
[QUEUE_STATS] t_ms=30576 q_pkts=9 q_bytes=13536 qdelay_l_ms=0 qdelay_c_ms=1.08542 ecn_mark=356 drop=0
[QUEUE_STATS] t_ms=30593 q_pkts=2 q_bytes=3008 qdelay_l_ms=0.996074 qdelay_c_ms=0 ecn_mark=356 drop=0
[QUEUE_STATS] t_ms=30608 q_pkts=2 q_bytes=3008 qdelay_l_ms=0.979422 qdelay_c_ms=0 ecn_mark=356 drop=0
[QUEUE