[QUEUE_STATS] t_ms=33 q_pkts=0 q_bytes=0 qdelay_l_ms=0 qdelay_c_ms=0 ecn_mark=0 drop=0
[QUEUE_STATS] t_ms=125 q_pkts=0 q_bytes=0 qdelay_l_ms=0 qdelay_c_ms=0 ecn_mark=0 drop=0
[QUEUE_STATS] t_ms=226 q_pkts=0 q_bytes=0 qdelay_l_ms=0 qdelay_c_ms=0 ecn_mark=0 drop=0
[QUEUE_STATS] t_ms=329 q_pkts=0 q_bytes=0 qdelay_l_ms=0 qdelay_c_ms=0 ecn_mark=2 drop=0
[QUEUE_STATS] t_ms=432 q_pkts=0 q_bytes=0 qdelay_l_ms=0 qdelay_c_ms=0 ecn_mark=6 drop=0
[QUEUE_STATS] t_ms=534 q_pkts=0 q_bytes=0 qdelay_l_ms=0 qdelay_c_ms=0 ecn_mark=8 drop=0
[QUEUE_STATS] t_ms=610 q_pkts=0 q_bytes=0 qdelay_l_ms=0 qdelay_c_ms=0 ecn_mark=10 drop=0
[QUEUE_STATS] t_ms=638 q_pkts=0 q_bytes=0 qdelay_l_ms=0 qdelay_c_ms=0 ecn_mark=10 drop=0
[QUEUE_STATS] t_ms=680 q_pkts=0 q_bytes=0 qdelay_l_ms=0 qdelay_c_ms=0 ecn_mark=19 drop=0
[QUEUE_STATS] t_ms=740 q_pkts=0 q_bytes=0 qdelay_l_ms=0 qdelay_c_ms=0 ecn_mark=19 drop=0
[QUEUE_STATS] t_ms=757 q_pkts=0 q_bytes=0 qdelay_l_ms=0 qdelay_c_ms=0 ecn_mark=19 drop=0
[QUEUE_STATS] t_ms=782 q_pkts=0 q_bytes=0 qdelay_l_ms=0 qdelay_c_ms=0 ecn_mark=19 drop=0
[QUEUE_STATS] t_ms=806 q_pkts=0 q_bytes=0 qdelay_l_ms=0 qdelay_c_ms=0 ecn_mark=19 drop=0
[QUEUE_STATS] t_ms=834 q_pkts=0 q_bytes=0 qdelay_l_ms=0 qdelay_c_ms=0 ecn_mark=19 drop=0
[QUEUE_STATS] t_ms=859 q_pkts=0 q_bytes=0 qdelay_l_ms=0 qdelay_c_ms=0 ecn_mark=19 drop=0
[QUEUE_STATS] t_ms=877 q_pkts=0 q_bytes=0 qdelay_l_ms=0 qdelay_c_ms=0 ecn_mark=19 drop=0
[QUEUE_STATS] t_ms=900 q_pkts=0 q_bytes=0 qdelay_l_ms=0 qdelay_c_ms=0 ecn_mark=19 drop=0
[QUEUE_STATS] t_ms=918 q_pkts=0 q_bytes=0 qdelay_l_ms=0 qdelay_c_ms=0 ecn_mark=19 drop=0
[QUEUE_STATS] t_ms=944 q_pkts=0 q_bytes=0 qdelay_l_ms=0 qdelay_c_ms=0 ecn_mark=19 drop=0
[QUEUE_STATS] t_ms=962 q_pkts=0 q_bytes=0 qdelay_l_ms=0 qdelay_c_ms=0 ecn_mark=19 drop=0
[QUEUE_STATS] t_ms=980 q_pkts=0 q_bytes=0 qdelay_l_ms=0 qdelay_c_ms=0 ecn_mark=19 drop=0
[QUEUE_STATS] t_ms=994 q_pkts=0 q_bytes=0 qdelay_l_ms=0 qdelay_c_ms=0 ecn_mark=19 drop=0
[QUEUE_STATS] t_ms=1011 q_pkts=0 q_bytes=0 qdelay_l_ms=0 qdelay_c_ms=0 ecn_mark=19 drop=0
[QUEUE_STATS] t_ms=1027 q_pkts=0 q_bytes=0 qdelay_l_ms=0 qdelay_c_ms=0 ecn_mark=19 drop=0
[QUEUE_STATS] t_ms=1047 q_pkts=0 q_bytes=0 qdelay_l_ms=0 qdelay_c_ms=0 ecn_mark=19 drop=0
[QUEUE_STATS] t_ms=1063 q_pkts=0 q_bytes=0 qdelay_l_ms=0 qdelay_c_ms=0 ecn_mark=19 drop=0
[QUEUE_STATS] t_ms=1082 q_pkts=0 q_bytes=0 qdelay_l_ms=0 qdelay_c_ms=0 ecn_mark=19 drop=0
[QUEUE_STATS] t_ms=1091 q_pkts=0 q_bytes=0 qdelay_l_ms=0 qdelay_c_ms=0 ecn_mark=19 drop=0
[QUEUE_STATS] t_ms=1107 q_pkts=0 q_bytes=0 qdelay_l_ms=0 qdelay_c_ms=0 ecn_mark=19 drop=0
[QUEUE_STATS] t_ms=1121 q_pkts=0 q_bytes=0 qdelay_l_ms=0 qdelay_c_ms=0 ecn_mark=19 drop=0
[QUEUE_STATS] t_ms=1136 q_pkts=1 q_bytes=1504 qdelay_l_ms=1.07236 qdelay_c_ms=0 ecn_mark=19 drop=0
[QUEUE_STATS] t_ms=1166 q_pkts=0 q_bytes=0 qdelay_l_ms=0 qdelay_c_ms=0 ecn_mark=19 drop=0
[QUEUE_STATS] t_ms=1185 q_pkts=0 q_bytes=0 qdelay_l_ms=0 qdelay_c_ms=0 ecn_mark=19 drop=0
[QUEUE_STATS] t_ms=1200 q_pkts=0 q_bytes=0 qdelay_l_ms=0 qdelay_c_ms=0 ecn_mark=19 drop=0
[QUEUE_STATS] t_ms=1219 q_pkts=0 q_bytes=0 qdelay_l_ms=0 qdelay_c_ms=0 ecn_mark=19 drop=0
[QUEUE_STATS] t_ms=1232 q_pkts=1 q_bytes=1504 qdelay_l_ms=1.06599 qdelay_c_ms=0 ecn_mark=19 drop=0
[QUEUE_STATS] t_ms=1252 q_pkts=0 q_bytes=0 qdelay_l_ms=0 qdelay_c_ms=0 ecn_mark=19 drop=0
[QUEUE_STATS] t_ms=1267 q_pkts=0 q_bytes=0 qdelay_l_ms=0 qdelay_c_ms=0 ecn_mark=19 drop=0
[QUEUE_STATS] t_ms=1288 q_pkts=0 q_bytes=0 qdelay_l_ms=0 qdelay_c_ms=0 ecn_mark=19 drop=0
[QUEUE_STATS] t_ms=1296 q_pkts=0 q_bytes=0 qdelay_l_ms=0 qdelay_c_ms=0 ecn_mark=19 drop=0
[QUEUE_STATS] t_ms=1312 q_pkts=0 q_bytes=0 qdelay_l_ms=0 qdelay_c_ms=0 ecn_mark=19 drop=0
[QUEUE_STATS] t_ms=1332 q_pkts=0 q_bytes=0 qdelay_l_ms=0 qdelay_c_ms=0 ecn_mark=19 drop=0
[QUEUE_STATS] t_ms=1354 q_pkts=0 q_bytes=0 qdelay_l_ms=0 qdelay_c_ms=0 ecn_mark=19 drop=0
[QUEUE_STATS] t_ms=1364 q_pkts=0 q_bytes=0 qdelay_l_ms=0 qdelay_c_ms=0 ecn_mark=19 drop=0
[QUEUE_STATS] t_ms=1376 q_pkts=0 q_bytes=0 qdelay_l_ms=0 qdelay_c_ms=0 ecn_mark=19 drop=0
[QUEUE_STATS] t_ms=1392 q_pkts=0 q_bytes=0 qdelay_l_ms=0 qdelay_c_ms=0 ecn_mark=19 drop=0
[QUEUE_STATS] t_ms=1414 q_pkts=0 q_bytes=0 qdelay_l_ms=0 qdelay_c_ms=0 ecn_mark=19 drop=0
[QUEUE_STATS] t_ms=1424 q_pkts=1 q_bytes=1504 qdelay_l_ms=1.06046 qdelay_c_ms=0 ecn_mark=19 drop=0
[QUEUE_STATS] t_ms=1442 q_pkts=0 q_bytes=0 qdelay_l_ms=0 qdelay_c_ms=0 ecn_mark=19 drop=0
[QUEUE_STATS] t_ms=1457 q_pkts=0 q_bytes=0 qdelay_l_ms=0 qdelay_c_ms=0 ecn_mark=19 drop=0
[QUEUE_STATS] t_ms=1473 q_pkts=0 q_bytes=0 qdelay_l_ms=0 qdelay_c_ms=0 ecn_mark=19 drop=0
[QUEUE_STATS] t_ms=1495 q_pkts=0 q_bytes=0 qdelay_l_ms=0 qdelay_c_ms=0 ecn_mark=19 drop=0
[QUEUE_STATS] t_ms=1507 q_pkts=0 q_bytes=0 qdelay_l_ms=0 qdelay_c_ms=0 ecn_mark=19 drop=0
[QUEUE_STATS] t_ms=1526 q_pkts=0 q_bytes=0 qdelay_l_ms=0 qdelay_c_ms=0 ecn_mark=19 drop=0
[QUEUE_STATS] t_ms=1537 q_pkts=0 q_bytes=0 qdelay_l_ms=0 qdelay_c_ms=0 ecn_mark=19 drop=0
[QUEUE_STATS] t_ms=1552 q_pkts=1 q_bytes=1504 qdelay_l_ms=1.07645 qdelay_c_ms=0 ecn_mark=19 drop=0
[QUEUE_STATS] t_ms=1569 q_pkts=0 q_bytes=0 qdelay_l_ms=0 qdelay_c_ms=0 ecn_mark=19 drop=0
[QUEUE_STATS] t_ms=1586 q_pkts=0 q_bytes=0 qdelay_l_ms=0 qdelay_c_ms=0 ecn_mark=19 drop=0
[QUEUE_STATS] t_ms=1603 q_pkts=0 q_bytes=0 qdelay_l_ms=0 qdelay_c_ms=0 ecn_mark=19 drop=0
[QUEUE_STATS] t_ms=1618 q_pkts=0 q_bytes=0 qdelay_l_ms=0 qdelay_c_ms=0 ecn_mark=19 drop=0
[QUEUE_STATS] t_ms=1640 q_pkts=0 q_bytes=0 qdelay_l_ms=0 qdelay_c_ms=0 ecn_mark=19 drop=0
[QUEUE_STATS] t_ms=1648 q_pkts=3 q_bytes=4512 qdelay_l_ms=1.0643 qdelay_c_ms=1.07471 ecn_mark=19 drop=0
[QUEUE_STATS] t_ms=1670 q_pkts=0 q_bytes=0 qdelay_l_ms=0 qdelay_c_ms=0 ecn_mark=19 drop=0
[QUEUE_STATS] t_ms=1686 q_pkts=0 q_bytes=0 qdelay_l_ms=0 qdelay_c_ms=0 ecn_mark=19 drop=0
[QUEUE_STATS] t_ms=1703 q_pkts=0 q_bytes=0 qdelay_l_ms=0 qdelay_c_ms=0 ecn_mark=19 drop=0
[QUEUE_STATS] t_ms=1712 q_pkts=0 q_bytes=0 qdelay_l_ms=0 qdelay_c_ms=0 ecn_mark=19 drop=0
[QUEUE_STATS] t_ms=1732 q_pkts=0 q_bytes=0 qdelay_l_ms=0 qdelay_c_ms=0 ecn_mark=19 drop=0
[QUEUE_STATS] t_ms=1744 q_pkts=1 q_bytes=1504 qdelay_l_ms=1.07598 qdelay_c_ms=0 ecn_mark=19 drop=0
[QUEUE_STATS] t_ms=1763 q_pkts=0 q_bytes=0 qdelay_l_ms=0 qdelay_c_ms=0 ecn_mark=19 drop=0
[QUEUE_STATS] t_ms=1779 q_pkts=0 q_bytes=0 qdelay_l_ms=0 qdelay_c_ms=0 ecn_mark=19 drop=0
[QUEUE_STATS] t_ms=1793 q_pkts=0 q_bytes=0 qdelay_l_ms=0 qdelay_c_ms=0 ecn_mark=19 drop=0
[QUEUE_STATS] t_ms=1808 q_pkts=0 q_bytes=0 qdelay_l_ms=0 qdelay_c_ms=0 ecn_mark=19 drop=0
[QUEUE_STATS] t_ms=1824 q_pkts=0 q_bytes=0 qdelay_l_ms=0 qdelay_c_ms=0 ecn_mark=19 drop=0
[QUEUE_STATS] t_ms=1846 q_pkts=0 q_bytes=0 qdelay_l_ms=0 qdelay_c_ms=0 ecn_mark=19 drop=0
[QUEUE_STATS] t_ms=1860 q_pkts=0 q_bytes=0 qdelay_l_ms=0 qdelay_c_ms=0 ecn_mark=19 drop=0
[QUEUE_STATS] t_ms=1873 q_pkts=0 q_bytes=0 qdelay_l_ms=0 qdelay_c_ms=0 ecn_mark=19 drop=0
[QUEUE_STATS] t_ms=1892 q_pkts=0 q_bytes=0 qdelay_l_ms=0 qdelay_c_ms=0 ecn_mark=19 drop=0
[QUEUE_STATS] t_ms=1906 q_pkts=0 q_bytes=0 qdelay_l_ms=0 qdelay_c_ms=0 ecn_mark=19 drop=0
[QUEUE_STATS] t_ms=1920 q_pkts=0 q_bytes=0 qdelay_l_ms=0 qdelay_c_ms=0 ecn_mark=19 drop=0
[QUEUE_STATS] t_ms=1938 q_pkts=0 q_bytes=0 qdelay_l_ms=0 qdelay_c_ms=0 ecn_mark=19 drop=0
[QUEUE_STATS] t_ms=1952 q_pkts=2 q_bytes=3008 qdelay_l_ms=0 qdelay_c_ms=1.07027 ecn_mark=19 drop=0
[QUEUE_STATS] t_ms=1968 q_pkts=0 q_bytes=0 qdelay_l_ms=0 qdelay_c_ms=0 ecn_mark=19 drop=0
[QUEUE_STATS] t_ms=1987 q_pkts=0 q_bytes=0 qdelay_l_ms=0 qdelay_c_ms=0 ecn_mark=19 drop=0
[QUEUE_STATS] t_ms=2001 q_pkts=1 q_bytes=1504 qdelay_l_ms=1.08253 qdelay_c_ms=0 ecn_mark=19 drop=0
[QUEUE_STATS] t_ms=2019 q_pkts=0 q_bytes=0 qdelay_l_ms=0 qdelay_c_ms=0 ecn_mark=19 drop=0
[QUEUE_STATS] t_ms=2033 q_pkts=0 q_bytes=0 qdelay_l_ms=0 qdelay_c_ms=0 ecn_mark=19 drop=0
[QUEUE_STATS] t_ms=2051 q_pkts=0 q_bytes=0 qdelay_l_ms=0 qdelay_c_ms=0 ecn_mark=19 drop=0
[QUEUE_STATS] t_ms=2065 q_pkts=0 q_bytes=0 qdelay_l_ms=0 qdelay_c_ms=0 ecn_mark=19 drop=0
[QUEUE_STATS] t_ms=2084 q_pkts=0 q_bytes=0 qdelay_l_ms=0 qdelay_c_ms=0 ecn_mark=19 drop=0
[QUEUE_STATS] t_ms=2096 q_pkts=1 q_bytes=1504 qdelay_l_ms=1.07844 qdelay_c_ms=0 ecn_mark=19 drop=0
[QUEUE_STATS] t_ms=2113 q_pkts=0 q_bytes=0 qdelay_l_ms=0 qdelay_c_ms=0 ecn_mark=19 drop=0
[QUEUE_STATS] t_ms=2132 q_pkts=0 q_bytes=0 qdelay_l_ms=0 qdelay_c_ms=0 ecn_mark=19 drop=0
[QUEUE_STATS] t_ms=2145 q_pkts=1 q_bytes=1504 qdelay_l_ms=1.0815 qdelay_c_ms=0 ecn_mark=19 drop=0
[QUEUE_STATS] t_ms=2160 q_pkts=2 q_bytes=3008 qdelay_l_ms=1.0791 qdelay_c_ms=1.07503 ecn_mark=19 drop=0
[QUEUE_STATS] t_ms=2181 q_pkts=0 q_bytes=0 qdelay_l_ms=0 qdelay_c_ms=0 ecn_mark=19 drop=0
[QUEUE_STATS] t_ms=2192 q_pkts=0 q_bytes=0 qdelay_l_ms=0 qdelay_c_ms=0 ecn_mark=19 drop=0
[QUEUE_STATS] t_ms=2208 q_pkts=0 q_bytes=0 qdelay_l_ms=0 qdelay_c_ms=0 ecn_mark=19 drop=0
[QUEUE_STATS] t_ms=2225 q_pkts=0 q_bytes=0 qdelay_l_ms=0 qdelay_c_ms=0 ecn_mark=19 drop=0
[QUEUE_STATS] t_ms=2242 q_pkts=0 q_bytes=0 qdelay_l_ms=0 qdelay_c_ms=0 ecn_mark=19 drop=0
[QUEUE_STATS] t_ms=2256 q_pkts=0 q_bytes=0 qdelay_l_ms=0 qdelay_c_ms=0 ecn_mark=19 drop=0
[QUEUE_STATS] t_ms=2276 q_pkts=0 q_bytes=0 qdelay_l_ms=0 qdelay_c_ms=0 ecn_mark=19 drop=0
[QUEUE_STATS] t_ms=2289 q_pkts=0 q_bytes=0 qdelay_l_ms=0 qdelay_c_ms=0 ecn_mark=19 drop=0
[QUEUE_STATS] t_ms=2305 q_pkts=0 q_bytes=0 qdelay_l_ms=0 qdelay_c_ms=0 ecn_mark=19 drop=0
[QUEUE_STATS] t_ms=2320 q_pkts=0 q_bytes=0 qdelay_l_ms=0 qdelay_c_ms=0 ecn_mark=19 drop=0
[QUEUE_STATS] t_ms=2336 q_pkts=1 q_bytes=1504 qdelay_l_ms=1.08055 qdelay_c_ms=0 ecn_mark=19 drop=0
[QUEUE_STATS] t_ms=2352 q_pkts=1 q_bytes=1504 qdelay_l_ms=1.08082 qdelay_c_ms=0 ecn_mark=19 drop=0
[QUEUE_STATS] t_ms=2372 q_pkts=0 q_bytes=0 qdelay_l_ms=0 qdelay_c_ms=0 ecn_mark=19 drop=0
[QUEUE_STATS] t_ms=2385 q_pkts=0 q_bytes=0 qdelay_l_ms=0 qdelay_c_ms=0 ecn_mark=19 drop=0
[QUEUE_STATS] t_ms=2401 q_pkts=0 q_bytes=0 qdelay_l_ms=0 qdelay_c_ms=0 ecn_mark=19 drop=0
[QUEUE_STATS] t_ms=2416 q_pkts=0 q_bytes=0 qdelay_l_ms=0 qdelay_c_ms=0 ecn_mark=19 drop=0
[QUEUE_STATS] t_ms=2432 q_pkts=0 q_bytes=0 qdelay_l_ms=0 qdelay_c_ms=0 ecn_mark=19 drop=0
[QUEUE_STATS] t_ms=2452 q_pkts=0 q_bytes=0 qdelay_l_ms=0 qdelay_c_ms=0 ecn_mark=19 drop=0
[QUEUE_STATS] t_ms=2464 q_pkts=3 q_bytes=4512 qdelay_l_ms=1.08518 qdelay_c_ms=1.0801 ecn_mark=19 drop=0
[QUEUE_STATS] t_ms=2480 q_pkts=2 q_bytes=3008 qdelay_l_ms=1.08223 qdelay_c_ms=1.07797 ecn_mark=19 drop=0
[QUEUE_STATS] t_ms=2501 q_pkts=0 q_bytes=0 qdelay_l_ms=0 qdelay_c_ms=0 ecn_mark=19 drop=0
[QUEUE_STATS] t_ms=2514 q_pkts=0 q_bytes=0 qdelay_l_ms=0 qdelay_c_ms=0 ecn_mark=19 drop=0
[QUEUE_STATS] t_ms=2528 q_pkts=0 q_bytes=0 qdelay_l_ms=0 qdelay_c_ms=0 ecn_mark=19 drop=0
[QUEUE_STATS] t_ms=2548 q_pkts=0 q_bytes=0 qdelay_l_ms=0 qdelay_c_ms=0 ecn_mark=19 drop=0
[QUEUE_STATS] t_ms=2563 q_pkts=0 q_bytes=0 qdelay_l_ms=0 qdelay_c_ms=0 ecn_mark=19 drop=0
[QUEUE_STATS] t_ms=2577 q_pkts=0 q_bytes=0 qdelay_l_ms=0 qdelay_c_ms=0 ecn_mark=19 drop=0
[QUEUE_STATS] t_ms=2597 q_pkts=0 q_bytes=0 qdelay_l_ms=0 qdelay_c_ms=0 ecn_mark=19 drop=0
[QUEUE_STATS] t_ms=2612 q_pkts=0 q_bytes=0 qdelay_l_ms=0 qdelay_c_ms=0 ecn_mark=19 drop=0
[QUEUE_STATS] t_ms=2626 q_pkts=0 q_bytes=0 qdelay_l_ms=0 qdelay_c_ms=0 ecn_mark=19 drop=0
[QUEUE_STATS] t_ms=2640 q_pkts=0 q_bytes=0 qdelay_l_ms=0 qdelay_c_ms=0 ecn_mark=19 drop=0
[QUEUE_STATS] t_ms=2658 q_pkts=0 q_bytes=0 qdelay_l_ms=0 qdelay_c_ms=0 ecn_mark=19 drop=0
[QUEUE_STATS] t_ms=2672 q_pkts=0 q_bytes=0 qdelay_l_ms=0 qdelay_c_ms=0 ecn_mark=19 drop=0
[QUEUE_STATS] t_ms=2688 q_pkts=1 q_bytes=1504 qdelay_l_ms=1.06825 qdelay_c_ms=0 ecn_mark=19 drop=0
[QUEUE_STATS] t_ms=2707 q_pkts=0 q_bytes=0 qdelay_l_ms=0 qdelay_c_ms=0 ecn_mark=19 drop=0
[QUEUE_STATS] t_ms=2720 q_pkts=0 q_bytes=0 qdelay_l_ms=0 qdelay_c_ms=0 ecn_mark=19 drop=0
[QUEUE_STATS] t_ms=2737 q_pkts=0 q_bytes=0 qdelay_l_ms=0 qdelay_c_ms=0 ecn_mark=19 drop=0
[QUEUE_STATS] t_ms=2755 q_pkts=0 q_bytes=0 qdelay_l_ms=0 qdelay_c_ms=0 ecn_mark=19 drop=0
[QUEUE_STATS] t_ms=2769 q_pkts=0 q_bytes=0 qdelay_l_ms=0 qdelay_c_ms=0 ecn_mark=19 drop=0
[QUEUE_STATS] t_ms=2787 q_pkts=0 q_bytes=0 qdelay_l_ms=0 qdelay_c_ms=0 ecn_mark=19 drop=0
[QUEUE_STATS] t_ms=2800 q_pkts=0 q_bytes=0 qdelay_l_ms=0 qdelay_c_ms=0 ecn_mark=19 drop=0
[QUEUE_STATS] t_ms=2817 q_pkts=0 q_bytes=0 qdelay_l_ms=0 qdelay_c_ms=0 ecn_mark=19 drop=0
[QUEUE_STATS] t_ms=2832 q_pkts=3 q_bytes=4512 qdelay_l_ms=1.07737 qdelay_c_ms=1.07183 ecn_mark=19 drop=0
[QUEUE_STATS] t_ms=2848 q_pkts=0 q_bytes=0 qdelay_l_ms=0 qdelay_c_ms=0 ecn_mark=19 drop=0
[QUEUE_STATS] t_ms=2864 q_pkts=0 q_bytes=0 qdelay_l_ms=0 qdelay_c_ms=0 ecn_mark=19 drop=0
[QUEUE_STATS] t_ms=2881 q_pkts=0 q_bytes=0 qdelay_l_ms=0 qdelay_c_ms=0 ecn_mark=19 drop=0
[QUEUE_STATS] t_ms=2899 q_pkts=0 q_bytes=0 qdelay_l_ms=0 qdelay_c_ms=0 ecn_mark=19 drop=0
[QUEUE_STATS] t_ms=2913 q_pkts=0 q_bytes=0 qdelay_l_ms=0 qdelay_c_ms=0 ecn_mark=19 drop=0
[QUEUE_STATS] t_ms=2931 q_pkts=0 q_bytes=0 qdelay_l_ms=0 qdelay_c_ms=0 ecn_mark=19 drop=0
[QUEUE_STATS] t_ms=2945 q_pkts=0 q_bytes=0 qdelay_l_ms=0 qdelay_c_ms=0 ecn_mark=19 drop=0
[QUEUE_STATS] t_ms=2961 q_pkts=0 q_bytes=0 qdelay_l_ms=0 qdelay_c_ms=0 ecn_mark=19 drop=0
[QUEUE_STATS] t_ms=2976 q_pkts=5 q_bytes=7520 qdelay_l_ms=0 qdelay_c_ms=1.08398 ecn_mark=19 drop=0
[QUEUE_STATS] t_ms=2992 q_pkts=0 q_bytes=0 qdelay_l_ms=0 qdelay_c_ms=0 ecn_mark=19 drop=0
[QUEUE_STATS] t_ms=3008 q_pkts=1 q_bytes=1504 qdelay_l_ms=1.06389 qdelay_c_ms=0 ecn_mark=19 drop=0
[QUEUE_STATS] t_ms=3026 q_pkts=0 q_bytes=0 qdelay_l_ms=0 qdelay_c_ms=0 ecn_mark=19 drop=0
[QUEUE_STATS] t_ms=3040 q_pkts=1 q_bytes=1504 qdelay_l_ms=1.06943 qdelay_c_ms=0 ecn_mark=19 drop=0
[QUEUE_STATS] t_ms=3056 q_pkts=1 q_bytes=1504 qdelay_l_ms=1.07945 qdelay_c_ms=0 ecn_mark=19 drop=0
[QUEUE_STATS] t_ms=3075 q_pkts=0 q_bytes=0 qdelay_l_ms=0 qdelay_c_ms=0 ecn_mark=19 drop=0
[QUEUE_STATS] t_ms=3088 q_pkts=1 q_bytes=1504 qdelay_l_ms=1.06744 qdelay_c_ms=0 ecn_mark=19 drop=0
[QUEUE_STATS] t_ms=3106 q_pkts=0 q_bytes=0 qdelay_l_ms=0 qdelay_c_ms=0 ecn_mark=19 drop=0
[QUEUE_STATS] t_ms=3121 q_pkts=0 q_bytes=0 qdelay_l_ms=0 qdelay_c_ms=0 ecn_mark=19 drop=0
[QUEUE_STATS] t_ms=3136 q_pkts=1 q_bytes=1504 qdelay_l_ms=1.08012 qdelay_c_ms=0 ecn_mark=19 drop=0
[QUEUE_STATS] t_ms=3153 q_pkts=0 q_bytes=0 qdelay_l_ms=0 qdelay_c_ms=0 ecn_mark=19 drop=0
[QUEUE_STATS] t_ms=3168 q_pkts=0 q_bytes=0 qdelay_l_ms=0 qdelay_c_ms=0 ecn_mark=19 drop=0
[QUEUE_STATS] t_ms=3184 q_pkts=1 q_bytes=1504 qdelay_l_ms=1.07256 qdelay_c_ms=0 ecn_mark=19 drop=0
[QUEUE_STATS] t_ms=3202 q_pkts=0 q_bytes=0 qdelay_l_ms=0 qdelay_c_ms=0 ecn_mark=19 drop=0
[QUEUE_STATS] t_ms=3222 q_pkts=0 q_bytes=0 qdelay_l_ms=0 qdelay_c_ms=0 ecn_mark=19 drop=0
[QUEUE_STATS] t_ms=3232 q_pkts=1 q_bytes=1504 qdelay_l_ms=1.06277 qdelay_c_ms=0 ecn_mark=19 drop=0
[QUEUE_STATS] t_ms=3248 q_pkts=1 q_bytes=1504 qdelay_l_ms=1.06451 qdelay_c_ms=0 ecn_mark=19 drop=0
[QUEUE_STATS] t_ms=3265 q_pkts=0 q_bytes=0 qdelay_l_ms=0 qdelay_c_ms=0 ecn_mark=19 drop=0
[QUEUE_STATS] t_ms=3281 q_pkts=1 q_bytes=1504 qdelay_l_ms=1.07329 qdelay_c_ms=0 ecn_mark=19 drop=0
[QUEUE_STATS] t_ms=3298 q_pkts=0 q_bytes=0 qdelay_l_ms=0 qdelay_c_ms=0 ecn_mark=19 drop=0
[QUEUE_STATS] t_ms=3312 q_pkts=0 q_bytes=0 qdelay_l_ms=0 qdelay_c_ms=0 ecn_mark=19 drop=0
[QUEUE_STATS] t_ms=3330 q_pkts=0 q_bytes=0 qdelay_l_ms=0 qdelay_c_ms=0 ecn_mark=19 drop=0
[QUEUE_STATS] t_ms=3344 q_pkts=1 q_bytes=1504 qdelay_l_ms=1.06858 qdelay_c_ms=0 ecn_mark=19 drop=0
[QUEUE_STATS] t_ms=3360 q_pkts=1 q_bytes=1504 qdelay_l_ms=1.0716 qdelay_c_ms=0 ecn_mark=19 drop=0
[QUEUE_STATS] t_ms=3376 q_pkts=1 q_bytes=1504 qdelay_l_ms=1.06373 qdelay_c_ms=0 ecn_mark=19 drop=0
[QUEUE_STATS] t_ms=3392 q_pkts=0 q_bytes=0 qdelay_l_ms=0 qdelay_c_ms=0 ecn_mark=19 drop=0
[QUEUE_STATS] t_ms=3410 q_pkts=0 q_bytes=0 qdelay_l_ms=0 qdelay_c_ms=0 ecn_mark=19 drop=0
[QUEUE_STATS] t_ms=3427 q_pkts=0 q_bytes=0 qdelay_l_ms=0 qdelay_c_ms=0 ecn_mark=19 drop=0
[QUEUE_STATS] t_ms=3440 q_pkts=0 q_bytes=0 qdelay_l_ms=0 qdelay_c_ms=0 ecn_mark=19 drop=0
[QUEUE_STATS] t_ms=3456 q_pkts=0 q_bytes=0 qdelay_l_ms=0 qdelay_c_ms=0 ecn_mark=19 drop=0
[QUEUE_STATS] t_ms=3473 q_pkts=0 q_bytes=0 qdelay_l_ms=0 qdelay_c_ms=0 ecn_mark=19 drop=0
[QUEUE_STATS] t_ms=3488 q_pkts=6 q_bytes=9024 qdelay_l_ms=0 qdelay_c_ms=1.09196 ecn_mark=19 drop=0
[QUEUE_STATS] t_ms=3504 q_pkts=13 q_bytes=19552 qdelay_l_ms=1.08464 qdelay_c_ms=1.12245 ecn_mark=19 drop=0
[QUEUE_STATS] t_ms=3520 q_pkts=0 q_bytes=0 qdelay_l_ms=0 qdelay_c_ms=0 ecn_mark=19 drop=0
[QUEUE_STATS] t_ms=3536 q_pkts=1 q_bytes=1504 qdelay_l_ms=1.07308 qdelay_c_ms=0 ecn_mark=19 drop=0
[QUEUE_STATS] t_ms=3552 q_pkts=0 q_bytes=0 qdelay_l_ms=0 qdelay_c_ms=0 ecn_mark=19 drop=0
[QUEUE_STATS] t_ms=3568 q_pkts=0 q_bytes=0 qdelay_l_ms=0 qdelay_c_ms=0 ecn_mark=19 drop=0
[QUEUE_STATS] t_ms=3584 q_pkts=0 q_bytes=0 qdelay_l_ms=0 qdelay_c_ms=0 ecn_mark=19 drop=0
[QUEUE_STATS] t_ms=3600 q_pkts=0 q_bytes=0 qdelay_l_ms=0 qdelay_c_ms=0 ecn_mark=19 drop=0
[QUEUE_STATS] t_ms=3617 q_pkts=0 q_bytes=0 qdelay_l_ms=0 qdelay_c_ms=0 ecn_mark=19 drop=0
[QUEUE_STATS] t_ms=3632 q_pkts=1 q_bytes=1504 qdelay_l_ms=1.07209 qdelay_c_ms=0 ecn_mark=19 drop=0
[QUEUE_STATS] t_ms=3651 q_pkts=0 q_bytes=0 qdelay_l_ms=0 qdelay_c_ms=0 ecn_mark=19 drop=0
[QUEUE_STATS] t_ms=3665 q_pkts=0 q_bytes=0 qdelay_l_ms=0 qdelay_c_ms=0 ecn_mark=19 drop=0
[QUEUE_STATS] t_ms=3680 q_pkts=0 q_bytes=0 qdelay_l_ms=0 qdelay_c_ms=0 ecn_mark=19 drop=0
[QUEUE_STATS] t_ms=3697 q_pkts=0 q_bytes=0 qdelay_l_ms=0 qdelay_c_ms=0 ecn_mark=19 drop=0
[QUEUE_STATS] t_ms=3712 q_pkts=0 q_bytes=0 qdelay_l_ms=0 qdelay_c_ms=0 ecn_mark=19 drop=0
[QUEUE_STATS] t_ms=3728 q_pkts=0 q_bytes=0 qdelay_l_ms=0 qdelay_c_ms=0 ecn_mark=19 drop=0
[QUEUE_STATS] t_ms=3744 q_pkts=0 q_bytes=0 qdelay_l_ms=0 qdelay_c_ms=0 ecn_mark=19 drop=0
[QUEUE_STATS] t_ms=3760 q_pkts=0 q_bytes=0 qdelay_l_ms=0 qdelay_c_ms=0 ecn_mark=19 drop=0
[QUEUE_STATS] t_ms=3777 q_pkts=0 q_bytes=0 qdelay_l_ms=0 qdelay_c_ms=0 ecn_mark=19 drop=0
[QUEUE_STATS] t_ms=3792 q_pkts=0 q_bytes=0 qdelay_l_ms=0 qdelay_c_ms=0 ecn_mark=19 drop=0
[QUEUE_STATS] t_ms=3809 q_pkts=0 q_bytes=0 qdelay_l_ms=0 qdelay_c_ms=0 ecn_mark=19 drop=0
[QUEUE_STATS] t_ms=3825 q_pkts=0 q_bytes=0 qdelay_l_ms=0 qdelay_c_ms=0 ecn_mark=19 drop=0
[QUEUE_STATS] t_ms=3841 q_pkts=0 q_bytes=0 qdelay_l_ms=0 qdelay_c_ms=0 ecn_mark=19 drop=0
[QUEUE_STATS] t_ms=3856 q_pkts=1 q_bytes=1504 qdelay_l_ms=1.08025 qdelay_c_ms=0 ecn_mark=19 drop=0
[QUEUE_STATS] t_ms=3873 q_pkts=0 q_bytes=0 qdelay_l_ms=0 qdelay_c_ms=0 ecn_mark=19 drop=0
[QUEUE_STATS] t_ms=3888 q_pkts=1 q_bytes=1504 qdelay_l_ms=1.0639 qdelay_c_ms=0 ecn_mark=19 drop=0
[QUEUE_STATS] t_ms=3905 q_pkts=0 q_bytes=0 qdelay_l_ms=0 qdelay_c_ms=0 ecn_mark=19 drop=0
[QUEUE_STATS] t_ms=3920 q_pkts=0 q_bytes=0 qdelay_l_ms=0 qdelay_c_ms=0 ecn_mark=19 drop=0
[QUEUE_STATS] t_ms=3936 q_pkts=1 q_bytes=1504 qdelay_l_ms=1.08341 qdelay_c_ms=0 ecn_mark=19 drop=0
[QUEUE_STATS] t_ms=3953 q_pkts=0 q_bytes=0 qdelay_l_ms=0 qdelay_c_ms=0 ecn_mark=19 drop=0
[QUEUE_STATS] t_ms=3968 q_pkts=1 q_bytes=1504 qdelay_l_ms=1.07708 qdelay_c_ms=0 ecn_mark=19 drop=0
[QUEUE_STATS] t_ms=3984 q_pkts=1 q_bytes=1504 qdelay_l_ms=1.06459 qdelay_c_ms=0 ecn_mark=19 drop=0
[QUEUE_STATS] t_ms=4001 q_pkts=8 q_bytes=12032 qdelay_l_ms=0 qdelay_c_ms=1.10823 ecn_mark=19 drop=0
[QUEUE_STATS] t_ms=4016 q_pkts=13 q_bytes=19552 qdelay_l_ms=1.07033 qdelay_c_ms=1.10691 ecn_mark=19 drop=0
[QUEUE_STATS] t_ms=4033 q_pkts=0 q_bytes=0 qdelay_l_ms=0 qdelay_c_ms=0 ecn_mark=19 drop=0
[QUEUE_STATS] t_ms=4048 q_pkts=0 q_bytes=0 qdelay_l_ms=0 qdelay_c_ms=0 ecn_mark=19 drop=0
[QUEUE_STATS] t_ms=4065 q_pkts=0 q_bytes=0 qdelay_l_ms=0 qdelay_c_ms=0 ecn_mark=19 drop=0
[QUEUE_STATS] t_ms=4080 q_pkts=0 q_bytes=0 qdelay_l_ms=0 qdelay_c_ms=0 ecn_mark=19 drop=0
[QUEUE_STATS] t_ms=4096 q_pkts=1 q_bytes=1504 qdelay_l_ms=1.06568 qdelay_c_ms=0 ecn_mark=19 drop=0
[QUEUE_STATS] t_ms=4112 q_pkts=0 q_bytes=0 qdelay_l_ms=0 qdelay_c_ms=0 ecn_mark=19 drop=0
[QUEUE_STATS] t_ms=4129 q_pkts=0 q_bytes=0 qdelay_l_ms=0 qdelay_c_ms=0 ecn_mark=19 drop=0
[QUEUE_STATS] t_ms=4144 q_pkts=1 q_bytes=1504 qdelay_l_ms=1.06457 qdelay_c_ms=0 ecn_mark=19 drop=0
[QUEUE_STATS] t_ms=4160 q_pkts=0 q_bytes=0 qdelay_l_ms=0 qdelay_c_ms=0 ecn_mark=19 drop=0
[QUEUE_STATS] t_ms=4177 q_pkts=0 q_bytes=0 qdelay_l_ms=0 qdelay_c_ms=0 ecn_mark=19 drop=0
[QUEUE_STATS] t_ms=4193 q_pkts=1 q_bytes=1504 qdelay_l_ms=1.0866 qdelay_c_ms=0 ecn_mark=19 drop=0
[QUEUE_STATS] t_ms=4209 q_pkts=0 q_bytes=0 qdelay_l_ms=0 qdelay_c_ms=0 ecn_mark=19 drop=0
[QUEUE_STATS] t_ms=4224 q_pkts=1 q_bytes=1504 qdelay_l_ms=1.07502 qdelay_c_ms=0 ecn_mark=19 drop=0
[QUEUE_STATS] t_ms=4242 q_pkts=0 q_bytes=0 qdelay_l_ms=0 qdelay_c_ms=0 ecn_mark=19 drop=0
[QUEUE_STATS] t_ms=4256 q_pkts=1 q_bytes=1504 qdelay_l_ms=1.06567 qdelay_c_ms=0 ecn_mark=19 drop=0
[QUEUE_STATS] t_ms=4272 q_pkts=0 q_bytes=0 qdelay_l_ms=0 qdelay_c_ms=0 ecn_mark=19 drop=0
[QUEUE_STATS] t_ms=4291 q_pkts=0 q_bytes=0 qdelay_l_ms=0 qdelay_c_ms=0 ecn_mark=19 drop=0
[QUEUE_STATS] t_ms=4304 q_pkts=1 q_bytes=1504 qdelay_l_ms=1.06639 qdelay_c_ms=0 ecn_mark=19 drop=0
[QUEUE_STATS] t_ms=4320 q_pkts=1 q_bytes=1504 qdelay_l_ms=1.06906 qdelay_c_ms=0 ecn_mark=19 drop=0
[QUEUE_STATS] t_ms=4336 q_pkts=1 q_bytes=1504 qdelay_l_ms=1.07575 qdelay_c_ms=0 ecn_mark=19 drop=0
[QUEUE_STATS] t_ms=4352 q_pkts=1 q_bytes=1504 qdelay_l_ms=1.06755 qdelay_c_ms=0 ecn_mark=19 drop=0
[QUEUE_STATS] t_ms=4368 q_pkts=1 q_bytes=1504 qdelay_l_ms=1.06964 qdelay_c_ms=0 ecn_mark=19 drop=0
[QUEUE_STATS] t_ms=4385 q_pkts=0 q_bytes=0 qdelay_l_ms=0 qdelay_c_ms=0 ecn_mark=19 drop=0
[QUEUE_STATS] t_ms=4400 q_pkts=1 q_bytes=1504 qdelay_l_ms=1.06623 qdelay_c_ms=0 ecn_mark=19 drop=0
[QUEUE_STATS] t_ms=4416 q_pkts=0 q_bytes=0 qdelay_l_ms=0 qdelay_c_ms=0 ecn_mark=19 drop=0
[QUEUE_STATS] t_ms=4432 q_pkts=1 q_bytes=1504 qdelay_l_ms=1.06699 qdelay_c_ms=0 ecn_mark=19 drop=0
[QUEUE_STATS] t_ms=4448 q_pkts=1 q_bytes=1504 qdelay_l_ms=1.08206 qdelay_c_ms=0 ecn_mark=19 drop=0
[QUEUE_STATS] t_ms=4464 q_pkts=1 q_bytes=1504 qdelay_l_ms=1.07651 qdelay_c_ms=0 ecn_mark=19 drop=0
[QUEUE_STATS] t_ms=4481 q_pkts=0 q_bytes=0 qdelay_l_ms=0 qdelay_c_ms=0 ecn_mark=19 drop=0
[QUEUE_STATS] t_ms=4496 q_pkts=1 q_bytes=1504 qdelay_l_ms=1.07991 qdelay_c_ms=0 ecn_mark=19 drop=0
[QUEUE_STATS] t_ms=4513 q_pkts=0 q_bytes=0 qdelay_l_ms=0 qdelay_c_ms=0 ecn_mark=19 drop=0
[QUEUE_STATS] t_ms=4528 q_pkts=0 q_bytes=0 qdelay_l_ms=0 qdelay_c_ms=0 ecn_mark=19 drop=0
[QUEUE_STATS] t_ms=4544 q_pkts=1 q_bytes=1504 qdelay_l_ms=1.06591 qdelay_c_ms=0 ecn_mark=19 drop=0
[QUEUE_STATS] t_ms=4560 q_pkts=0 q_bytes=0 qdelay_l_ms=0 qdelay_c_ms=0 ecn_mark=19 drop=0
[QUEUE_STATS] t_ms=4576 q_pkts=1 q_bytes=1504 qdelay_l_ms=1.07763 qdelay_c_ms=0 ecn_mark=19 drop=0
[QUEUE_STATS] t_ms=4592 q_pkts=0 q_bytes=0 qdelay_l_ms=0 qdelay_c_ms=0 ecn_mark=19 drop=0
[QUEUE_STATS] t_ms=4609 q_pkts=0 q_bytes=0 qdelay_l_ms=0 qdelay_c_ms=0 ecn_mark=19 drop=0
[QUEUE_STATS] t_ms=4624 q_pkts=0 q_bytes=0 qdelay_l_ms=0 qdelay_c_ms=0 ecn_mark=19 drop=0
[QUEUE_STATS] t_ms=4641 q_pkts=0 q_bytes=0 qdelay_l_ms=0 qdelay_c_ms=0 ecn_mark=19 drop=0
[QUEUE_STATS] t_ms=4656 q_pkts=1 q_bytes=1504 qdelay_l_ms=1.06694 qdelay_c_ms=0 ecn_mark=19 drop=0
[QUEUE_STATS] t_ms=4672 q_pkts=0 q_bytes=0 qdelay_l_ms=0 qdelay_c_ms=0 ecn_mark=19 drop=0
[QUEUE_STATS] t_ms=4688 q_pkts=1 q_bytes=1504 qdelay_l_ms=1.06674 qdelay_c_ms=0 ecn_mark=19 drop=0
[QUEUE_STATS] t_ms=4705 q_pkts=0 q_bytes=0 qdelay_l_ms=0 qdelay_c_ms=0 ecn_mark=19 drop=0
[QUEUE_STATS] t_ms=4720 q_pkts=1 q_bytes=1504 qdelay_l_ms=1.1 qdelay_c_ms=0 ecn_mark=19 drop=0
[QUEUE_STATS] t_ms=4736 q_pkts=0 q_bytes=0 qdelay_l_ms=0 qdelay_c_ms=0 ecn_mark=19 drop=0
[QUEUE_STATS] t_ms=4752 q_pkts=1 q_bytes=1504 qdelay_l_ms=1.06658 qdelay_c_ms=0 ecn_mark=19 drop=0
[QUEUE_STATS] t_ms=4768 q_pkts=1 q_bytes=1504 qdelay_l_ms=1.06612 qdelay_c_ms=0 ecn_mark=19 drop=0
[QUEUE_STATS] t_ms=4784 q_pkts=0 q_bytes=0 qdelay_l_ms=0 qdelay_c_ms=0 ecn_mark=19 drop=0
[QUEUE_STATS] t_ms=4803 q_pkts=0 q_bytes=0 qdelay_l_ms=0 qdelay_c_ms=0 ecn_mark=19 drop=0
[QUEUE_STATS] t_ms=4816 q_pkts=1 q_bytes=1504 qdelay_l_ms=1.06608 qdelay_c_ms=0 ecn_mark=19 drop=0
[QUEUE_STATS] t_ms=4834 q_pkts=0 q_bytes=0 qdelay_l_ms=0 qdelay_c_ms=0 ecn_mark=19 drop=0
[QUEUE_STATS] t_ms=4848 q_pkts=1 q_bytes=1504 qdelay_l_ms=1.06648 qdelay_c_ms=0 ecn_mark=19 drop=0
[QUEUE_STATS] t_ms=4865 q_pkts=1 q_bytes=1504 qdelay_l_ms=1.0659 qdelay_c_ms=0 ecn_mark=19 drop=0
[QUEUE_STATS] t_ms=4880 q_pkts=0 q_bytes=0 qdelay_l_ms=0 qdelay_c_ms=0 ecn_mark=19 drop=0
[QUEUE_STATS] t_ms=4896 q_pkts=0 q_bytes=0 qdelay_l_ms=0 qdelay_c_ms=0 ecn_mark=19 drop=0
[QUEUE_STATS] t_ms=4912 q_pkts=0 q_bytes=0 qdelay_l_ms=0 qdelay_c_ms=0 ecn_mark=19 drop=0
[QUEUE_STATS] t_ms=4928 q_pkts=0 q_bytes=0 qdelay_l_ms=0 qdelay_c_ms=0 ecn_mark=19 drop=0
[QUEUE_STATS] t_ms=4944 q_pkts=0 q_bytes=0 qdelay_l_ms=0 qdelay_c_ms=0 ecn_mark=19 drop=0
[QUEUE_STATS] t_ms=4961 q_pkts=1 q_bytes=1504 qdelay_l_ms=1.07804 qdelay_c_ms=0 ecn_mark=19 drop=0
[QUEUE_STATS] t_ms=4976 q_pkts=0 q_bytes=0 qdelay_l_ms=0 qdelay_c_ms=0 ecn_mark=19 drop=0
[QUEUE_STATS] t_ms=4992 q_pkts=0 q_bytes=0 qdelay_l_ms=0 qdelay_c_ms=0 ecn_mark=19 drop=0
[QUEUE_STATS] t_ms=5010 q_pkts=0 q_bytes=0 qdelay_l_ms=0 qdelay_c_ms=0 ecn_mark=19 drop=0
[QUEUE_STATS] t_ms=5024 q_pkts=0 q_bytes=0 qdelay_l_ms=0 qdelay_c_ms=0 ecn_mark=19 drop=0
[QUEUE_STATS] t_ms=5040 q_pkts=6 q_bytes=9024 qdelay_l_ms=1.10586 qdelay_c_ms=1.09816 ecn_mark=19 drop=0
[QUEUE_STATS] t_ms=5056 q_pkts=1 q_bytes=1504 qdelay_l_ms=1.07522 qdelay_c_ms=0 ecn_mark=19 drop=0
[QUEUE_STATS] t_ms=5072 q_pkts=1 q_bytes=1504 qdelay_l_ms=1.07683 qdelay_c_ms=0 ecn_mark=19 drop=0
[QUEUE_STATS] t_ms=5088 q_pkts=1 q_bytes=1504 qdelay_l_ms=1.10176 qdelay_c_ms=0 ecn_mark=19 drop=0
[QUEUE_STATS] t_ms=5105 q_pkts=0 q_bytes=0 qdelay_l_ms=0 qdelay_c_ms=0 ecn_mark=19 drop=0
[QUEUE_STATS] t_ms=5120 q_pkts=0 q_bytes=0 qdelay_l_ms=0 qdelay_c_ms=0 ecn_mark=19 drop=0
[QUEUE_STATS] t_ms=5136 q_pkts=0 q_bytes=0 qdelay_l_ms=0 qdelay_c_ms=0 ecn_mark=19 drop=0
[QUEUE_STATS] t_ms=5152 q_pkts=0 q_bytes=0 qdelay_l_ms=0 qdelay_c_ms=0 ecn_mark=19 drop=0
[QUEUE_STATS] t_ms=5168 q_pkts=1 q_bytes=1504 qdelay_l_ms=1.06931 qdelay_c_ms=0 ecn_mark=19 drop=0
[QUEUE_STATS] t_ms=5184 q_pkts=0 q_bytes=0 qdelay_l_ms=0 qdelay_c_ms=0 ecn_mark=19 drop=0
[QUEUE_STATS] t_ms=5201 q_pkts=1 q_bytes=1504 qdelay_l_ms=1.06619 qdelay_c_ms=0 ecn_mark=19 drop=0
[QUEUE_STATS] t_ms=5217 q_pkts=0 q_bytes=0 qdelay_l_ms=0 qdelay_c_ms=0 ecn_mark=19 drop=0
[QUEUE_STATS] t_ms=5235 q_pkts=0 q_bytes=0 qdelay_l_ms=0 qdelay_c_ms=0 ecn_mark=19 drop=0
[QUEUE_STATS] t_ms=5248 q_pkts=0 q_bytes=0 qdelay_l_ms=0 qdelay_c_ms=0 ecn_mark=19 drop=0
[QUEUE_STATS] t_ms=5264 q_pkts=0 q_bytes=0 qdelay_l_ms=0 qdelay_c_ms=0 ecn_mark=19 drop=0
[QUEUE_STATS] t_ms=5281 q_pkts=1 q_bytes=1504 qdelay_l_ms=1.06594 qdelay_c_ms=0 ecn_mark=19 drop=0
[QUEUE_STATS] t_ms=5296 q_pkts=1 q_bytes=1504 qdelay_l_ms=1.03003 qdelay_c_ms=0 ecn_mark=19 drop=0
[QUEUE_STATS] t_ms=5312 q_pkts=0 q_bytes=0 qdelay_l_ms=0 qdelay_c_ms=0 ecn_mark=19 drop=0
[QUEUE_STATS] t_ms=5328 q_pkts=1 q_bytes=1504 qdelay_l_ms=1.07244 qdelay_c_ms=0 ecn_mark=19 drop=0
[QUEUE_STATS] t_ms=5344 q_pkts=1 q_bytes=1504 qdelay_l_ms=1.08361 qdelay_c_ms=0 ecn_mark=19 drop=0
[QUEUE_STATS] t_ms=5361 q_pkts=0 q_bytes=0 qdelay_l_ms=0 qdelay_c_ms=0 ecn_mark=19 drop=0
[QUEUE_STATS] t_ms=5376 q_pkts=1 q_bytes=1504 qdelay_l_ms=1.07793 qdelay_c_ms=0 ecn_mark=19 drop=0
[QUEUE_STATS] t_ms=5392 q_pkts=1 q_bytes=1504 qdelay_l_ms=1.06561 qdelay_c_ms=0 ecn_mark=19 drop=0
[QUEUE_STATS] t_ms=5408 q_pkts=0 q_bytes=0 qdelay_l_ms=0 qdelay_c_ms=0 ecn_mark=19 drop=0
[QUEUE_STATS] t_ms=5424 q_pkts=0 q_bytes=0 qdelay_l_ms=0 qdelay_c_ms=0 ecn_mark=19 drop=0
[QUEUE_STATS] t_ms=5440 q_pkts=0 q_bytes=0 qdelay_l_ms=0 qdelay_c_ms=0 ecn_mark=19 drop=0
[QUEUE_STATS] t_ms=5456 q_pkts=1 q_bytes=1504 qdelay_l_ms=1.09969 qdelay_c_ms=0 ecn_mark=19 drop=0
[QUEUE_STATS] t_ms=5472 q_pkts=0 q_bytes=0 qdelay_l_ms=0 qdelay_c_ms=0 ecn_mark=19 drop=0
[QUEUE_STATS] t_ms=5489 q_pkts=1 q_bytes=1504 qdelay_l_ms=1.08359 qdelay_c_ms=0 ecn_mark=19 drop=0
[QUEUE_STATS] t_ms=5504 q_pkts=0 q_bytes=0 qdelay_l_ms=0 qdelay_c_ms=0 ecn_mark=19 drop=0
[QUEUE_STATS] t_ms=5520 q_pkts=1 q_bytes=1504 qdelay_l_ms=1.06636 qdelay_c_ms=0 ecn_mark=19 drop=0
[QUEUE_STATS] t_ms=5536 q_pkts=1 q_bytes=1504 qdelay_l_ms=0.914471 qdelay_c_ms=0 ecn_mark=19 drop=0
[QUEUE_STATS] t_ms=5552 q_pkts=0 q_bytes=0 qdelay_l_ms=0 qdelay_c_ms=0 ecn_mark=19 drop=0
[QUEUE_STATS] t_ms=5568 q_pkts=0 q_bytes=0 qdelay_l_ms=0 qdelay_c_ms=0 ecn_mark=19 drop=0
[QUEUE_STATS] t_ms=5584 q_pkts=0 q_bytes=0 qdelay_l_ms=0 qdelay_c_ms=0 ecn_mark=19 drop=0
[QUEUE_STATS] t_ms=5600 q_pkts=2 q_bytes=3008 qdelay_l_ms=0 qdelay_c_ms=1.08911 ecn_mark=19 drop=0
[QUEUE_STATS] t_ms=5616 q_pkts=0 q_bytes=0 qdelay_l_ms=0 qdelay_c_ms=0 ecn_mark=19 drop=0
[QUEUE_STATS] t_ms=5632 q_pkts=1 q_bytes=1504 qdelay_l_ms=1.07727 qdelay_c_ms=0 ecn_mark=19 drop=0
[QUEUE_STATS] t_ms=5649 q_pkts=0 q_bytes=0 qdelay_l_ms=0 qdelay_c_ms=0 ecn_mark=19 drop=0
[QUEUE_STATS] t_ms=5664 q_pkts=0 q_bytes=0 qdelay_l_ms=0 qdelay_c_ms=0 ecn_mark=19 drop=0
[QUEUE_STATS] t_ms=5680 q_pkts=1 q_bytes=1504 qdelay_l_ms=1.06639 qdelay_c_ms=0 ecn_mark=19 drop=0
[QUEUE_STATS] t_ms=5696 q_pkts=3 q_bytes=4512 qdelay_l_ms=1.06825 qdelay_c_ms=1.08228 ecn_mark=19 drop=0
[QUEUE_STATS] t_ms=5712 q_pkts=1 q_bytes=1504 qdelay_l_ms=1.07579 qdelay_c_ms=0 ecn_mark=19 drop=0
[QUEUE_STATS] t_ms=5728 q_pkts=1 q_bytes=1504 qdelay_l_ms=1.06403 qdelay_c_ms=0 ecn_mark=19 drop=0
[QUEUE_STATS] t_ms=5744 q_pkts=1 q_bytes=1504 qdelay_l_ms=1.08454 qdelay_c_ms=0 ecn_mark=19 drop=0
[QUEUE_STATS] t_ms=5761 q_pkts=0 q_bytes=0 qdelay_l_ms=0 qdelay_c_ms=0 ecn_mark=19 drop=0
[QUEUE_STATS] t_ms=5777 q_pkts=0 q_bytes=0 qdelay_l_ms=0 qdelay_c_ms=0 ecn_mark=19 drop=0
[QUEUE_STATS] t_ms=5792 q_pkts=0 q_bytes=0 qdelay_l_ms=0 qdelay_c_ms=0 ecn_mark=19 drop=0
[QUEUE_STATS] t_ms=5808 q_pkts=1 q_bytes=1504 qdelay_l_ms=1.06584 qdelay_c_ms=0 ecn_mark=19 drop=0
[QUEUE_STATS] t_ms=5824 q_pkts=1 q_bytes=1504 qdelay_l_ms=1.06594 qdelay_c_ms=0 ecn_mark=19 drop=0
[QUEUE_STATS] t_ms=5840 q_pkts=0 q_bytes=0 qdelay_l_ms=0 qdelay_c_ms=0 ecn_mark=19 drop=0
[QUEUE_STATS] t_ms=5856 q_pkts=0 q_bytes=0 qdelay_l_ms=0 qdelay_c_ms=0 ecn_mark=19 drop=0
[QUEUE_STATS] t_ms=5872 q_pkts=0 q_bytes=0 qdelay_l_ms=0 qdelay_c_ms=0 ecn_mark=19 drop=0
[QUEUE_STATS] t_ms=5888 q_pkts=0 q_bytes=0 qdelay_l_ms=0 qdelay_c_ms=0 ecn_mark=19 drop=0
[QUEUE_STATS] t_ms=5904 q_pkts=1 q_bytes=1504 qdelay_l_ms=1.06624 qdelay_c_ms=0 ecn_mark=19 drop=0
[QUEUE_STATS] t_ms=5920 q_pkts=0 q_bytes=0 qdelay_l_ms=0 qdelay_c_ms=0 ecn_mark=19 drop=0
[QUEUE_STATS] t_ms=5936 q_pkts=0 q_bytes=0 qdelay_l_ms=0 qdelay_c_ms=0 ecn_mark=19 drop=0
[QUEUE_STATS] t_ms=5952 q_pkts=1 q_bytes=1504 qdelay_l_ms=1.06936 qdelay_c_ms=0 ecn_mark=19 drop=0
[QUEUE_STATS] t_ms=5968 q_pkts=1 q_bytes=1504 qdelay_l_ms=1.0656 qdelay_c_ms=0 ecn_mark=19 drop=0
[QUEUE_STATS] t_ms=5984 q_pkts=0 q_bytes=0 qdelay_l_ms=0 qdelay_c_ms=0 ecn_mark=19 drop=0
[QUEUE_STATS] t_ms=6000 q_pkts=1 q_bytes=1504 qdelay_l_ms=1.0655 qdelay_c_ms=0 ecn_mark=19 drop=0
[QUEUE_STATS] t_ms=6016 q_pkts=1 q_bytes=1504 qdelay_l_ms=1.06753 qdelay_c_ms=0 ecn_mark=19 drop=0
[QUEUE_STATS] t_ms=6032 q_pkts=1 q_bytes=1504 qdelay_l_ms=1.06812 qdelay_c_ms=0 ecn_mark=19 drop=0
[QUEUE_STATS] t_ms=6048 q_pkts=1 q_bytes=1504 qdelay_l_ms=1.06678 qdelay_c_ms=0 ecn_mark=19 drop=0
[QUEUE_STATS] t_ms=6064 q_pkts=0 q_bytes=0 qdelay_l_ms=0 qdelay_c_ms=0 ecn_mark=19 drop=0
[QUEUE_STATS] t_ms=6080 q_pkts=0 q_bytes=0 qdelay_l_ms=0 qdelay_c_ms=0 ecn_mark=19 drop=0
[QUEUE_STATS] t_ms=6096 q_pkts=1 q_bytes=1504 qdelay_l_ms=1.06919 qdelay_c_ms=0 ecn_mark=19 drop=0
[QUEUE_STATS] t_ms=6112 q_pkts=0 q_bytes=0 qdelay_l_ms=0 qdelay_c_ms=0 ecn_mark=19 drop=0
[QUEUE_STATS] t_ms=6128 q_pkts=1 q_bytes=1504 qdelay_l_ms=1.07109 qdelay_c_ms=0 ecn_mark=19 drop=0
[QUEUE_STATS] t_ms=6144 q_pkts=0 q_bytes=0 qdelay_l_ms=0 qdelay_c_ms=0 ecn_mark=19 drop=0
[QUEUE_STATS] t_ms=6160 q_pkts=0 q_bytes=0 qdelay_l_ms=0 qdelay_c_ms=0 ecn_mark=19 drop=0
[QUEUE_STATS] t_ms=6176 q_pkts=0 q_bytes=0 qdelay_l_ms=0 qdelay_c_ms=0 ecn_mark=19 drop=0
[QUEUE_STATS] t_ms=6192 q_pkts=0 q_bytes=0 qdelay_l_ms=0 qdelay_c_ms=0 ecn_mark=19 drop=0
[QUEUE_STATS] t_ms=6209 q_pkts=0 q_bytes=0 qdelay_l_ms=0 qdelay_c_ms=0 ecn_mark=19 drop=0
[QUEUE_STATS] t_ms=6224 q_pkts=0 q_bytes=0 qdelay_l_ms=0 qdelay_c_ms=0 ecn_mark=19 drop=0
[QUEUE_STATS] t_ms=6240 q_pkts=0 q_bytes=0 qdelay_l_ms=0 qdelay_c_ms=0 ecn_mark=19 drop=0
[QUEUE_STATS] t_ms=6256 q_pkts=0 q_bytes=0 qdelay_l_ms=0 qdelay_c_ms=0 ecn_mark=19 drop=0
[QUEUE_STATS] t_ms=6272 q_pkts=1 q_bytes=1504 qdelay_l_ms=1.06212 qdelay_c_ms=0 ecn_mark=19 drop=0
[QUEUE_STATS] t_ms=6289 q_pkts=0 q_bytes=0 qdelay_l_ms=0 qdelay_c_ms=0 ecn_mark=19 drop=0
[QUEUE_STATS] t_ms=6304 q_pkts=1 q_bytes=1504 qdelay_l_ms=1.0653 qdelay_c_ms=0 ecn_mark=19 drop=0
[QUEUE_STATS] t_ms=6321 q_pkts=0 q_bytes=0 qdelay_l_ms=0 qdelay_c_ms=0 ecn_mark=19 drop=0
[QUEUE_STATS] t_ms=6336 q_pkts=1 q_bytes=1504 qdelay_l_ms=1.06729 qdelay_c_ms=0 ecn_mark=19 drop=0
[QUEUE_STATS] t_ms=6352 q_pkts=0 q_bytes=0 qdelay_l_ms=0 qdelay_c_ms=0 ecn_mark=19 drop=0
[QUEUE_STATS] t_ms=6368 q_pkts=2 q_bytes=3008 qdelay_l_ms=0.794124 qdelay_c_ms=0.799604 ecn_mark=19 drop=0
[QUEUE_STATS] t_ms=6384 q_pkts=0 q_bytes=0 qdelay_l_ms=0 qdelay_c_ms=0 ecn_mark=19 drop=0
[QUEUE_STATS] t_ms=6400 q_pkts=0 q_bytes=0 qdelay_l_ms=0 qdelay_c_ms=0 ecn_mark=19 drop=0
[QUEUE_STATS] t_ms=6416 q_pkts=1 q_bytes=1504 qdelay_l_ms=1.02513 qdelay_c_ms=0 ecn_mark=19 drop=0
[QUEUE_STATS] t_ms=6432 q_pkts=1 q_bytes=1504 qdelay_l_ms=1.078 qdelay_c_ms=0 ecn_mark=19 drop=0
[QUEUE_STATS] t_ms=6448 q_pkts=0 q_bytes=0 qdelay_l_ms=0 qdelay_c_ms=0 ecn_mark=19 drop=0
[QUEUE_STATS] t_ms=6465 q_pkts=0 q_bytes=0 qdelay_l_ms=0 qdelay_c_ms=0 ecn_mark=19 drop=0
[QUEUE_STATS] t_ms=6481 q_pkts=0 q_bytes=0 qdelay_l_ms=0 qdelay_c_ms=0 ecn_mark=19 drop=0
[QUEUE_STATS] t_ms=6498 q_pkts=0 q_bytes=0 qdelay_l_ms=0 qdelay_c_ms=0 ecn_mark=19 drop=0
[QUEUE_STATS] t_ms=6513 q_pkts=0 q_bytes=0 qdelay_l_ms=0 qdelay_c_ms=0 ecn_mark=19 drop=0
[QUEUE_STATS] t_ms=6528 q_pkts=1 q_bytes=1504 qdelay_l_ms=1.06927 qdelay_c_ms=0 ecn_mark=19 drop=0
[QUEUE_STATS] t_ms=6544 q_pkts=0 q_bytes=0 qdelay_l_ms=0 qdelay_c_ms=0 ecn_mark=19 drop=0
[QUEUE_STATS] t_ms=6560 q_pkts=1 q_bytes=1504 qdelay_l_ms=1.0628 qdelay_c_ms=0 ecn_mark=19 drop=0
[QUEUE_STATS] t_ms=6577 q_pkts=0 q_bytes=0 qdelay_l_ms=0 qdelay_c_ms=0 ecn_mark=19 drop=0
[QUEUE_STATS] t_ms=6592 q_pkts=0 q_bytes=0 qdelay_l_ms=0 qdelay_c_ms=0 ecn_mark=19 drop=0
[QUEUE_STATS] t_ms=6609 q_pkts=1 q_bytes=1504 qdelay_l_ms=1.06759 qdelay_c_ms=0 ecn_mark=19 drop=0
[QUEUE_STATS] t_ms=6625 q_pkts=0 q_bytes=0 qdelay_l_ms=0 qdelay_c_ms=0 ecn_mark=19 drop=0
[QUEUE_STATS] t_ms=6641 q_pkts=1 q_bytes=1504 qdelay_l_ms=1.06699 qdelay_c_ms=0 ecn_mark=19 drop=0
[QUEUE_STATS] t_ms=6657 q_pkts=1 q_bytes=1504 qdelay_l_ms=1.07274 qdelay_c_ms=0 ecn_mark=19 drop=0
[QUEUE_STATS] t_ms=6672 q_pkts=1 q_bytes=1504 qdelay_l_ms=1.06626 qdelay_c_ms=0 ecn_mark=19 drop=0
[QUEUE_STATS] t_ms=6688 q_pkts=1 q_bytes=1504 qdelay_l_ms=1.06597 qdelay_c_ms=0 ecn_mark=19 drop=0
[QUEUE_STATS] t_ms=6704 q_pkts=1 q_bytes=1504 qdelay_l_ms=1.06583 qdelay_c_ms=0 ecn_mark=19 drop=0
[QUEUE_STATS] t_ms=6720 q_pkts=0 q_bytes=0 qdelay_l_ms=0 qdelay_c_ms=0 ecn_mark=19 drop=0
[QUEUE_STATS] t_ms=6736 q_pkts=1 q_bytes=1504 qdelay_l_ms=1.0762 qdelay_c_ms=0 ecn_mark=19 drop=0
[QUEUE_STATS] t_ms=6752 q_pkts=1 q_bytes=1504 qdelay_l_ms=1.07096 qdelay_c_ms=0 ecn_mark=19 drop=0
[QUEUE_STATS] t_ms=6768 q_pkts=0 q_bytes=0 qdelay_l_ms=0 qdelay_c_ms=0 ecn_mark=19 drop=0
[QUEUE_STATS] t_ms=6784 q_pkts=1 q_bytes=1504 qdelay_l_ms=1.06603 qdelay_c_ms=0 ecn_mark=19 drop=0
[QUEUE_STATS] t_ms=6800 q_pkts=0 q_bytes=0 qdelay_l_ms=0 qdelay_c_ms=0 ecn_mark=19 drop=0
[QUEUE_STATS] t_ms=6816 q_pkts=0 q_bytes=0 qdelay_l_ms=0 qdelay_c_ms=0 ecn_mark=19 drop=0
[QUEUE_STATS] t_ms=6832 q_pkts=0 q_bytes=0 qdelay_l_ms=0 qdelay_c_ms=0 ecn_mark=19 drop=0
[QUEUE_STATS] t_ms=6848 q_pkts=0 q_bytes=0 qdelay_l_ms=0 qdelay_c_ms=0 ecn_mark=19 drop=0
[QUEUE_STATS] t_ms=6864 q_pkts=20 q_bytes=30080 qdelay_l_ms=1.09759 qdelay_c_ms=1.09169 ecn_mark=19 drop=0
[QUEUE_STATS] t_ms=6880 q_pkts=7 q_bytes=10528 qdelay_l_ms=1.0485 qdelay_c_ms=1.08102 ecn_mark=19 drop=0
[QUEUE_STATS] t_ms=6896 q_pkts=1 q_bytes=1504 qdelay_l_ms=1.07586 qdelay_c_ms=0 ecn_mark=19 drop=0
[QUEUE_STATS] t_ms=6912 q_pkts=0 q_bytes=0 qdelay_l_ms=0 qdelay_c_ms=0 ecn_mark=19 drop=0
[QUEUE_STATS] t_ms=6928 q_pkts=0 q_bytes=0 qdelay_l_ms=0 qdelay_c_ms=0 ecn_mark=19 drop=0
[QUEUE_STATS] t_ms=6944 q_pkts=1 q_bytes=1504 qdelay_l_ms=1.08313 qdelay_c_ms=0 ecn_mark=19 drop=0
[QUEUE_STATS] t_ms=6960 q_pkts=1 q_bytes=1504 qdelay_l_ms=1.08115 qdelay_c_ms=0 ecn_mark=19 drop=0
[QUEUE_STATS] t_ms=6976 q_pkts=1 q_bytes=1504 qdelay_l_ms=1.06922 qdelay_c_ms=0 ecn_mark=19 drop=0
[QUEUE_STATS] t_ms=6992 q_pkts=1 q_bytes=1504 qdelay_l_ms=1.08075 qdelay_c_ms=0 ecn_mark=19 drop=0
[QUEUE_STATS] t_ms=7008 q_pkts=0 q_bytes=0 qdelay_l_ms=0 qdelay_c_ms=0 ecn_mark=19 drop=0
[QUEUE_STATS] t_ms=7024 q_pkts=1 q_bytes=1504 qdelay_l_ms=1.0711 qdelay_c_ms=0 ecn_mark=19 drop=0
[QUEUE_STATS] t_ms=7040 q_pkts=1 q_bytes=1504 qdelay_l_ms=1.06042 qdelay_c_ms=0 ecn_mark=19 drop=0
[QUEUE_STATS] t_ms=7056 q_pkts=1 q_bytes=1504 qdelay_l_ms=1.06574 qdelay_c_ms=0 ecn_mark=19 drop=0
[QUEUE_STATS] t_ms=7072 q_pkts=1 q_bytes=1504 qdelay_l_ms=1.07245 qdelay_c_ms=0 ecn_mark=19 drop=0
[QUEUE_STATS] t_ms=7088 q_pkts=0 q_bytes=0 qdelay_l_ms=0 qdelay_c_ms=0 ecn_mark=19 drop=0
[QUEUE_STATS] t_ms=7104 q_pkts=0 q_bytes=0 qdelay_l_ms=0 qdelay_c_ms=0 ecn_mark=19 drop=0
[QUEUE_STATS] t_ms=7120 q_pkts=1 q_bytes=1504 qdelay_l_ms=1.06169 qdelay_c_ms=0 ecn_mark=19 drop=0
[QUEUE_STATS] t_ms=7136 q_pkts=0 q_bytes=0 qdelay_l_ms=0 qdelay_c_ms=0 ecn_mark=19 drop=0
[QUEUE_STATS] t_ms=7152 q_pkts=1 q_bytes=1504 qdelay_l_ms=1.07132 qdelay_c_ms=0 ecn_mark=19 drop=0
[QUEUE_STATS] t_ms=7168 q_pkts=0 q_bytes=0 qdelay_l_ms=0 qdelay_c_ms=0 ecn_mark=19 drop=0
[QUEUE_STATS] t_ms=7184 q_pkts=1 q_bytes=1504 qdelay_l_ms=1.07389 qdelay_c_ms=0 ecn_mark=19 drop=0
[QUEUE_STATS] t_ms=7200 q_pkts=1 q_bytes=1504 qdelay_l_ms=1.07004 qdelay_c_ms=0 ecn_mark=19 drop=0
[QUEUE_STATS] t_ms=7216 q_pkts=1 q_bytes=1504 qdelay_l_ms=1.0657 qdelay_c_ms=0 ecn_mark=19 drop=0
[QUEUE_STATS] t_ms=7232 q_pkts=0 q_bytes=0 qdelay_l_ms=0 qdelay_c_ms=0 ecn_mark=19 drop=0
[QUEUE_STATS] t_ms=7248 q_pkts=1 q_bytes=1504 qdelay_l_ms=0.923588 qdelay_c_ms=0 ecn_mark=19 drop=0
[QUEUE_STATS] t_ms=7264 q_pkts=0 q_bytes=0 qdelay_l_ms=0 qdelay_c_ms=0 ecn_mark=19 drop=0
[QUEUE_STATS] t_ms=7280 q_pkts=0 q_bytes=0 qdelay_l_ms=0 qdelay_c_ms=0 ecn_mark=19 drop=0
[QUEUE_STATS] t_ms=7296 q_pkts=1 q_bytes=1504 qdelay_l_ms=1.08085 qdelay_c_ms=0 ecn_mark=19 drop=0
[QUEUE_STATS] t_ms=7313 q_pkts=0 q_bytes=0 qdelay_l_ms=0 qdelay_c_ms=0 ecn_mark=19 drop=0
[QUEUE_STATS] t_ms=7328 q_pkts=1 q_bytes=1504 qdelay_l_ms=1.05409 qdelay_c_ms=0 ecn_mark=19 drop=0
[QUEUE_STATS] t_ms=7344 q_pkts=0 q_bytes=0 qdelay_l_ms=0 qdelay_c_ms=0 ecn_mark=19 drop=0
[QUEUE_STATS] t_ms=7360 q_pkts=1 q_bytes=1504 qdelay_l_ms=1.06323 qdelay_c_ms=0 ecn_mark=19 drop=0
[QUEUE_STATS] t_ms=7376 q_pkts=7 q_bytes=10528 qdelay_l_ms=1.02931 qdelay_c_ms=1.07825 ecn_mark=19 drop=0
[QUEUE_STATS] t_ms=7393 q_pkts=2 q_bytes=3008 qdelay_l_ms=1.06495 qdelay_c_ms=1.4572 ecn_mark=19 drop=0
[QUEUE_STATS] t_ms=7408 q_pkts=2 q_bytes=3008 qdelay_l_ms=1.07153 qdelay_c_ms=0 ecn_mark=19 drop=0
[QUEUE_STATS] t_ms=7424 q_pkts=1 q_bytes=1504 qdelay_l_ms=1.06626 qdelay_c_ms=0 ecn_mark=19 drop=0
[QUEUE_STATS] t_ms=7440 q_pkts=3 q_bytes=4512 qdelay_l_ms=1.06973 qdelay_c_ms=1.07549 ecn_mark=19 drop=0
[QUEUE_STATS] t_ms=7456 q_pkts=1 q_bytes=1504 qdelay_l_ms=1.06654 qdelay_c_ms=0 ecn_mark=19 drop=0
[QUEUE_STATS] t_ms=7472 q_pkts=1 q_bytes=1504 qdelay_l_ms=1.05722 qdelay_c_ms=0 ecn_mark=19 drop=0
[QUEUE_STATS] t_ms=7488 q_pkts=1 q_bytes=1504 qdelay_l_ms=1.07391 qdelay_c_ms=0 ecn_mark=19 drop=0
[QUEUE_STATS] t_ms=7504 q_pkts=1 q_bytes=1504 qdelay_l_ms=1.05665 qdelay_c_ms=0 ecn_mark=19 drop=0
[QUEUE_STATS] t_ms=7520 q_pkts=0 q_bytes=0 qdelay_l_ms=0 qdelay_c_ms=0 ecn_mark=19 drop=0
[QUEUE_STATS] t_ms=7536 q_pkts=4 q_bytes=6016 qdelay_l_ms=1.4364 qdelay_c_ms=1.07904 ecn_mark=19 drop=0
[QUEUE_STATS] t_ms=7552 q_pkts=1 q_bytes=1504 qdelay_l_ms=1.06615 qdelay_c_ms=0 ecn_mark=19 drop=0
[QUEUE_STATS] t_ms=7568 q_pkts=0 q_bytes=0 qdelay_l_ms=0 qdelay_c_ms=0 ecn_mark=19 drop=0
[QUEUE_STATS] t_ms=7585 q_pkts=0 q_bytes=0 qdelay_l_ms=0 qdelay_c_ms=0 ecn_mark=19 drop=0
[QUEUE_STATS] t_ms=7600 q_pkts=0 q_bytes=0 qdelay_l_ms=0 qdelay_c_ms=0 ecn_mark=19 drop=0
[QUEUE_STATS] t_ms=7617 q_pkts=0 q_bytes=0 qdelay_l_ms=0 qdelay_c_ms=0 ecn_mark=19 drop=0
[QUEUE_STATS] t_ms=7632 q_pkts=1 q_bytes=1504 qdelay_l_ms=1.06543 qdelay_c_ms=0 ecn_mark=19 drop=0
[QUEUE_STATS] t_ms=7648 q_pkts=1 q_bytes=1504 qdelay_l_ms=1.07656 qdelay_c_ms=0 ecn_mark=19 drop=0
[QUEUE_STATS] t_ms=7665 q_pkts=0 q_bytes=0 qdelay_l_ms=0 qdelay_c_ms=0 ecn_mark=19 drop=0
[QUEUE_STATS] t_ms=7680 q_pkts=1 q_bytes=1504 qdelay_l_ms=1.05154 qdelay_c_ms=0 ecn_mark=19 drop=0
[QUEUE_STATS] t_ms=7696 q_pkts=0 q_bytes=0 qdelay_l_ms=0 qdelay_c_ms=0 ecn_mark=19 drop=0
[QUEUE_STATS] t_ms=7712 q_pkts=1 q_bytes=1504 qdelay_l_ms=1.07606 qdelay_c_ms=0 ecn_mark=19 drop=0
[QUEUE_STATS] t_ms=7730 q_pkts=0 q_bytes=0 qdelay_l_ms=0 qdelay_c_ms=0 ecn_mark=19 drop=0
[QUEUE_STATS] t_ms=7744 q_pkts=1 q_bytes=1504 qdelay_l_ms=1.06573 qdelay_c_ms=0 ecn_mark=19 drop=0
[QUEUE_STATS] t_ms=7761 q_pkts=1 q_bytes=1504 qdelay_l_ms=1.08046 qdelay_c_ms=0 ecn_mark=19 drop=0
[QUEUE_STATS] t_ms=7776 q_pkts=1 q_bytes=1504 qdelay_l_ms=1.06574 qdelay_c_ms=0 ecn_mark=19 drop=0
[QUEUE_STATS] t_ms=7792 q_pkts=1 q_bytes=1504 qdelay_l_ms=1.06622 qdelay_c_ms=0 ecn_mark=19 drop=0
[QUEUE_STATS] t_ms=7808 q_pkts=1 q_bytes=1504 qdelay_l_ms=1.07589 qdelay_c_ms=0 ecn_mark=19 drop=0
[QUEUE_STATS] t_ms=7824 q_pkts=1 q_bytes=1504 qdelay_l_ms=1.072 qdelay_c_ms=0 ecn_mark=19 drop=0
[QUEUE_STATS] t_ms=7840 q_pkts=0 q_bytes=0 qdelay_l_ms=0 qdelay_c_ms=0 ecn_mark=19 drop=0
[QUEUE_STATS] t_ms=7856 q_pkts=1 q_bytes=1504 qdelay_l_ms=1.08167 qdelay_c_ms=0 ecn_mark=19 drop=0
[QUEUE_STATS] t_ms=7873 q_pkts=0 q_bytes=0 qdelay_l_ms=0 qdelay_c_ms=0 ecn_mark=19 drop=0
[QUEUE_STATS] t_ms=7888 q_pkts=16 q_bytes=24064 qdelay_l_ms=0 qdelay_c_ms=1.00482 ecn_mark=19 drop=0
[QUEUE_STATS] t_ms=7904 q_pkts=1 q_bytes=1504 qdelay_l_ms=1.08166 qdelay_c_ms=0 ecn_mark=19 drop=0
[QUEUE_STATS] t_ms=7920 q_pkts=0 q_bytes=0 qdelay_l_ms=0 qdelay_c_ms=0 ecn_mark=19 drop=0
[QUEUE_STATS] t_ms=7936 q_pkts=1 q_bytes=1504 qdelay_l_ms=1.06795 qdelay_c_ms=0 ecn_mark=19 drop=0
[QUEUE_STATS] t_ms=7952 q_pkts=0 q_bytes=0 qdelay_l_ms=0 qdelay_c_ms=0 ecn_mark=19 drop=0
[QUEUE_STATS] t_ms=7968 q_pkts=1 q_bytes=1504 qdelay_l_ms=1.06515 qdelay_c_ms=0 ecn_mark=19 drop=0
[QUEUE_STATS] t_ms=7984 q_pkts=0 q_bytes=0 qdelay_l_ms=0 qdelay_c_ms=0 ecn_mark=19 drop=0
[QUEUE_STATS] t_ms=8000 q_pkts=1 q_bytes=1504 qdelay_l_ms=1.06614 qdelay_c_ms=0 ecn_mark=19 drop=0
[QUEUE_STATS] t_ms=8016 q_pkts=0 q_bytes=0 qdelay_l_ms=0 qdelay_c_ms=0 ecn_mark=19 drop=0
[QUEUE_STATS] t_ms=8032 q_pkts=0 q_bytes=0 qdelay_l_ms=0 qdelay_c_ms=0 ecn_mark=19 drop=0
[QUEUE_STATS] t_ms=8048 q_pkts=10 q_bytes=15040 qdelay_l_ms=0.883783 qdelay_c_ms=0.875788 ecn_mark=19 drop=0
[QUEUE_STATS] t_ms=8064 q_pkts=0 q_bytes=0 qdelay_l_ms=0 qdelay_c_ms=0 ecn_mark=19 drop=0
[QUEUE_STATS] t_ms=8080 q_pkts=1 q_bytes=1504 qdelay_l_ms=1.06838 qdelay_c_ms=0 ecn_mark=19 drop=0
[QUEUE_STATS] t_ms=8096 q_pkts=1 q_bytes=1504 qdelay_l_ms=1.07094 qdelay_c_ms=0 ecn_mark=19 drop=0
[QUEUE_STATS] t_ms=8113 q_pkts=1 q_bytes=1504 qdelay_l_ms=1.06755 qdelay_c_ms=0 ecn_mark=19 drop=0
[QUEUE_STATS] t_ms=8128 q_pkts=1 q_bytes=1504 qdelay_l_ms=1.01787 qdelay_c_ms=0 ecn_mark=19 drop=0
[QUEUE_STATS] t_ms=8144 q_pkts=1 q_bytes=1504 qdelay_l_ms=0.929319 qdelay_c_ms=0 ecn_mark=19 drop=0
[QUEUE_STATS] t_ms=8161 q_pkts=0 q_bytes=0 qdelay_l_ms=0 qdelay_c_ms=0 ecn_mark=19 drop=0
[QUEUE_STATS] t_ms=8176 q_pkts=1 q_bytes=1504 qdelay_l_ms=1.08266 qdelay_c_ms=0 ecn_mark=19 drop=0
[QUEUE_STATS] t_ms=8192 q_pkts=11 q_bytes=16544 qdelay_l_ms=1.11952 qdelay_c_ms=1.1137 ecn_mark=19 drop=0
[QUEUE_STATS] t_ms=8208 q_pkts=2 q_bytes=3008 qdelay_l_ms=0 qdelay_c_ms=1.06031 ecn_mark=19 drop=0
[QUEUE_STATS] t_ms=8224 q_pkts=1 q_bytes=1504 qdelay_l_ms=1.04351 qdelay_c_ms=0 ecn_mark=19 drop=0
[QUEUE_STATS] t_ms=8240 q_pkts=1 q_bytes=1504 qdelay_l_ms=1.02605 qdelay_c_ms=0 ecn_mark=19 drop=0
[QUEUE_STATS] t_ms=8256 q_pkts=14 q_bytes=21056 qdelay_l_ms=0.917877 qdelay_c_ms=0.912577 ecn_mark=19 drop=0
[QUEUE_STATS] t_ms=8272 q_pkts=1 q_bytes=1504 qdelay_l_ms=1.08091 qdelay_c_ms=0 ecn_mark=19 drop=0
[QUEUE_STATS] t_ms=8289 q_pkts=1 q_bytes=1504 qdelay_l_ms=1.0819 qdelay_c_ms=0 ecn_mark=19 drop=0
[QUEUE_STATS] t_ms=8305 q_pkts=0 q_bytes=0 qdelay_l_ms=0 qdelay_c_ms=0 ecn_mark=19 drop=0
[QUEUE_STATS] t_ms=8320 q_pkts=0 q_bytes=0 qdelay_l_ms=0 qdelay_c_ms=0 ecn_mark=19 drop=0
[QUEUE_STATS] t_ms=8337 q_pkts=0 q_bytes=0 qdelay_l_ms=0 qdelay_c_ms=0 ecn_mark=19 drop=0
[QUEUE_STATS] t_ms=8352 q_pkts=1 q_bytes=1504 qdelay_l_ms=1.0683 qdelay_c_ms=0 ecn_mark=19 drop=0
[QUEUE_STATS] t_ms=8368 q_pkts=0 q_bytes=0 qdelay_l_ms=0 qdelay_c_ms=0 ecn_mark=19 drop=0
[QUEUE_STATS] t_ms=8384 q_pkts=1 q_bytes=1504 qdelay_l_ms=1.06104 qdelay_c_ms=0 ecn_mark=19 drop=0
[QUEUE_STATS] t_ms=8400 q_pkts=11 q_bytes=16544 qdelay_l_ms=1.02503 qdelay_c_ms=1.07557 ecn_mark=19 drop=0
[QUEUE_STATS] t_ms=8416 q_pkts=0 q_bytes=0 qdelay_l_ms=0 qdelay_c_ms=0 ecn_mark=19 drop=0
[QUEUE_STATS] t_ms=8432 q_pkts=1 q_bytes=1504 qdelay_l_ms=1.08132 qdelay_c_ms=0 ecn_mark=19 drop=0
[QUEUE_STATS] t_ms=8448 q_pkts=1 q_bytes=1504 qdelay_l_ms=1.06797 qdelay_c_ms=0 ecn_mark=19 drop=0
[QUEUE_STATS] t_ms=8464 q_pkts=1 q_bytes=1504 qdelay_l_ms=1.03367 qdelay_c_ms=0 ecn_mark=19 drop=0
[QUEUE_STATS] t_ms=8481 q_pkts=0 q_bytes=0 qdelay_l_ms=0 qdelay_c_ms=0 ecn_mark=19 drop=0
[QUEUE_STATS] t_ms=8496 q_pkts=0 q_bytes=0 qdelay_l_ms=0 qdelay_c_ms=0 ecn_mark=19 drop=0
[QUEUE_STATS] t_ms=8512 q_pkts=1 q_bytes=1504 qdelay_l_ms=1.08296 qdelay_c_ms=0 ecn_mark=19 drop=0
[QUEUE_STATS] t_ms=8528 q_pkts=1 q_bytes=1504 qdelay_l_ms=1.08004 qdelay_c_ms=0 ecn_mark=19 drop=0
[QUEUE_STATS] t_ms=8545 q_pkts=1 q_bytes=1504 qdelay_l_ms=1.06565 qdelay_c_ms=0 ecn_mark=19 drop=0
[QUEUE_STATS] t_ms=8560 q_pkts=1 q_bytes=1504 qdelay_l_ms=1.02296 qdelay_c_ms=0 ecn_mark=19 drop=0
[QUEUE_STATS] t_ms=8576 q_pkts=1 q_bytes=1504 qdelay_l_ms=1.06284 qdelay_c_ms=0 ecn_mark=19 drop=0
[QUEUE_STATS] t_ms=8592 q_pkts=1 q_bytes=1504 qdelay_l_ms=1.06344 qdelay_c_ms=0 ecn_mark=19 drop=0
[QUEUE_STATS] t_ms=8608 q_pkts=0 q_bytes=0 qdelay_l_ms=0 qdelay_c_ms=0 ecn_mark=19 drop=0
[QUEUE_STATS] t_ms=8624 q_pkts=1 q_bytes=1504 qdelay_l_ms=1.06872 qdelay_c_ms=0 ecn_mark=19 drop=0
[QUEUE_STATS] t_ms=8640 q_pkts=2 q_bytes=3008 qdelay_l_ms=1.13739 qdelay_c_ms=0 ecn_mark=19 drop=0
[QUEUE_STATS] t_ms=8657 q_pkts=0 q_bytes=0 qdelay_l_ms=0 qdelay_c_ms=0 ecn_mark=19 drop=0
[QUEUE_STATS] t_ms=8672 q_pkts=0 q_bytes=0 qdelay_l_ms=0 qdelay_c_ms=0 ecn_mark=19 drop=0
[QUEUE_STATS] t_ms=8688 q_pkts=1 q_bytes=1504 qdelay_l_ms=1.07503 qdelay_c_ms=0 ecn_mark=19 drop=0
[QUEUE_STATS] t_ms=8704 q_pkts=21 q_bytes=31584 qdelay_l_ms=1.01159 qdelay_c_ms=1.17294 ecn_mark=19 drop=0
[QUEUE_STATS] t_ms=8720 q_pkts=22 q_bytes=33088 qdelay_l_ms=1.17789 qdelay_c_ms=1.17258 ecn_mark=19 drop=0
[QUEUE_STATS] t_ms=8736 q_pkts=1 q_bytes=1504 qdelay_l_ms=1.06608 qdelay_c_ms=0 ecn_mark=19 drop=0
[QUEUE_STATS] t_ms=8752 q_pkts=1 q_bytes=1504 qdelay_l_ms=1.06871 qdelay_c_ms=0 ecn_mark=19 drop=0
[QUEUE_STATS] t_ms=8768 q_pkts=0 q_bytes=0 qdelay_l_ms=0 qdelay_c_ms=0 ecn_mark=19 drop=0
[QUEUE_STATS] t_ms=8786 q_pkts=0 q_bytes=0 qdelay_l_ms=0 qdelay_c_ms=0 ecn_mark=19 drop=0
[QUEUE_STATS] t_ms=8800 q_pkts=0 q_bytes=0 qdelay_l_ms=0 qdelay_c_ms=0 ecn_mark=19 drop=0
[QUEUE_STATS] t_ms=8816 q_pkts=1 q_bytes=1504 qdelay_l_ms=1.06663 qdelay_c_ms=0 ecn_mark=19 drop=0
[QUEUE_STATS] t_ms=8832 q_pkts=1 q_bytes=1504 qdelay_l_ms=1.06942 qdelay_c_ms=0 ecn_mark=19 drop=0
[QUEUE_STATS] t_ms=8848 q_pkts=1 q_bytes=1504 qdelay_l_ms=1.06658 qdelay_c_ms=0 ecn_mark=19 drop=0
[QUEUE_STATS] t_ms=8864 q_pkts=11 q_bytes=16544 qdelay_l_ms=1.10065 qdelay_c_ms=1.0951 ecn_mark=19 drop=0
[QUEUE_STATS] t_ms=8880 q_pkts=1 q_bytes=1504 qdelay_l_ms=1.0653 qdelay_c_ms=0 ecn_mark=19 drop=0
[QUEUE_STATS] t_ms=8896 q_pkts=2 q_bytes=3008 qdelay_l_ms=1.07153 qdelay_c_ms=0 ecn_mark=19 drop=0
[QUEUE_STATS] t_ms=8912 q_pkts=1 q_bytes=1504 qdelay_l_ms=1.05873 qdelay_c_ms=0 ecn_mark=19 drop=0
[QUEUE_STATS] t_ms=8929 q_pkts=0 q_bytes=0 qdelay_l_ms=0 qdelay_c_ms=0 ecn_mark=19 drop=0
[QUEUE_STATS] t_ms=8944 q_pkts=2 q_bytes=3008 qdelay_l_ms=1.07363 qdelay_c_ms=0 ecn_mark=19 drop=0
[QUEUE_STATS] t_ms=8960 q_pkts=1 q_bytes=1504 qdelay_l_ms=1.06694 qdelay_c_ms=0 ecn_mark=19 drop=0
[QUEUE_STATS] t_ms=8976 q_pkts=1 q_bytes=1504 qdelay_l_ms=1.06916 qdelay_c_ms=0 ecn_mark=19 drop=0
[QUEUE_STATS] t_ms=8992 q_pkts=0 q_bytes=0 qdelay_l_ms=0 qdelay_c_ms=0 ecn_mark=19 drop=0
[QUEUE_STATS] t_ms=9009 q_pkts=1 q_bytes=1504 qdelay_l_ms=1.06607 qdelay_c_ms=0 ecn_mark=19 drop=0
[QUEUE_STATS] t_ms=9024 q_pkts=3 q_bytes=4512 qdelay_l_ms=1.05929 qdelay_c_ms=1.08639 ecn_mark=19 drop=0
[QUEUE_STATS] t_ms=9041 q_pkts=1 q_bytes=1504 qdelay_l_ms=1.06706 qdelay_c_ms=0 ecn_mark=19 drop=0
[QUEUE_STATS] t_ms=9056 q_pkts=1 q_bytes=1504 qdelay_l_ms=1.05959 qdelay_c_ms=0 ecn_mark=19 drop=0
[QUEUE_STATS] t_ms=9072 q_pkts=1 q_bytes=1504 qdelay_l_ms=0 qdelay_c_ms=0.012994 ecn_mark=19 drop=0
[QUEUE_STATS] t_ms=9088 q_pkts=1 q_bytes=1504 qdelay_l_ms=1.06906 qdelay_c_ms=0 ecn_mark=19 drop=0
[QUEUE_STATS] t_ms=9104 q_pkts=1 q_bytes=1504 qdelay_l_ms=1.06853 qdelay_c_ms=0 ecn_mark=19 drop=0
[QUEUE_STATS] t_ms=9120 q_pkts=1 q_bytes=1504 qdelay_l_ms=1.07326 qdelay_c_ms=0 ecn_mark=19 drop=0
[QUEUE_STATS] t_ms=9136 q_pkts=1 q_bytes=1504 qdelay_l_ms=1.06343 qdelay_c_ms=0 ecn_mark=19 drop=0
[QUEUE_STATS] t_ms=9152 q_pkts=1 q_bytes=1504 qdelay_l_ms=1.08848 qdelay_c_ms=0 ecn_mark=19 drop=0
[QUEUE_STATS] t_ms=9168 q_pkts=1 q_bytes=1504 qdelay_l_ms=1.07082 qdelay_c_ms=0 ecn_mark=19 drop=0
[QUEUE_STATS] t_ms=9184 q_pkts=1 q_bytes=1504 qdelay_l_ms=1.06665 qdelay_c_ms=0 ecn_mark=19 drop=0
[QUEUE_STATS] t_ms=9200 q_pkts=1 q_bytes=1504 qdelay_l_ms=1.06282 qdelay_c_ms=0 ecn_mark=19 drop=0
[QUEUE_STATS] t_ms=9216 q_pkts=0 q_bytes=0 qdelay_l_ms=0 qdelay_c_ms=0 ecn_mark=19 drop=0
[QUEUE_STATS] t_ms=9232 q_pkts=9 q_bytes=13536 qdelay_l_ms=1.06663 qdelay_c_ms=1.11172 ecn_mark=19 drop=0
[QUEUE_STATS] t_ms=9248 q_pkts=1 q_bytes=1504 qdelay_l_ms=1.06743 qdelay_c_ms=0 ecn_mark=19 drop=0
[QUEUE_STATS] t_ms=9264 q_pkts=0 q_bytes=0 qdelay_l_ms=0 qdelay_c_ms=0 ecn_mark=19 drop=0
[QUEUE_STATS] t_ms=9280 q_pkts=0 q_bytes=0 qdelay_l_ms=0 qdelay_c_ms=0 ecn_mark=19 drop=0
[QUEUE_STATS] t_ms=9299 q_pkts=0 q_bytes=0 qdelay_l_ms=0 qdelay_c_ms=0 ecn_mark=19 drop=0
[QUEUE_STATS] t_ms=9312 q_pkts=1 q_bytes=1504 qdelay_l_ms=1.06916 qdelay_c_ms=0 ecn_mark=19 drop=0
[QUEUE_STATS] t_ms=9328 q_pkts=1 q_bytes=1504 qdelay_l_ms=0.768496 qdelay_c_ms=0 ecn_mark=19 drop=0
[QUEUE_STATS] t_ms=9344 q_pkts=1 q_bytes=1504 qdelay_l_ms=1.06547 qdelay_c_ms=0 ecn_mark=19 drop=0
[QUEUE_STATS] t_ms=9360 q_pkts=0 q_bytes=0 qdelay_l_ms=0 qdelay_c_ms=0 ecn_mark=19 drop=0
[QUEUE_STATS] t_ms=9376 q_pkts=5 q_bytes=7520 qdelay_l_ms=1.06147 qdelay_c_ms=1.08307 ecn_mark=19 drop=0
[QUEUE_STATS] t_ms=9392 q_pkts=1 q_bytes=1504 qdelay_l_ms=1.07491 qdelay_c_ms=0 ecn_mark=19 drop=0
[QUEUE_STATS] t_ms=9409 q_pkts=0 q_bytes=0 qdelay_l_ms=0 qdelay_c_ms=0 ecn_mark=19 drop=0
[QUEUE_STATS] t_ms=9425 q_pkts=1 q_bytes=1504 qdelay_l_ms=1.05546 qdelay_c_ms=0 ecn_mark=19 drop=0
[QUEUE_STATS] t_ms=9440 q_pkts=1 q_bytes=1504 qdelay_l_ms=1.08218 qdelay_c_ms=0 ecn_mark=19 drop=0
[QUEUE_STATS] t_ms=9456 q_pkts=1 q_bytes=1504 qdelay_l_ms=0.998548 qdelay_c_ms=0 ecn_mark=19 drop=0
[QUEUE_STATS] t_ms=9472 q_pkts=1 q_bytes=1504 qdelay_l_ms=1.05085 qdelay_c_ms=0 ecn_mark=19 drop=0
[QUEUE_STATS] t_ms=9488 q_pkts=0 q_bytes=0 qdelay_l_ms=0 qdelay_c_ms=0 ecn_mark=19 drop=0
[QUEUE_STATS] t_ms=9504 q_pkts=0 q_bytes=0 qdelay_l_ms=0 qdelay_c_ms=0 ecn_mark=19 drop=0
[QUEUE_STATS] t_ms=9520 q_pkts=18 q_bytes=27072 qdelay_l_ms=1.10841 qdelay_c_ms=1.10074 ecn_mark=19 drop=0
[QUEUE_STATS] t_ms=9536 q_pkts=0 q_bytes=0 qdelay_l_ms=0 qdelay_c_ms=0 ecn_mark=19 drop=0
[QUEUE_STATS] t_ms=9552 q_pkts=0 q_bytes=0 qdelay_l_ms=0 qdelay_c_ms=0 ecn_mark=19 drop=0
[QUEUE_STATS] t_ms=9568 q_pkts=1 q_bytes=1504 qdelay_l_ms=1.05813 qdelay_c_ms=0 ecn_mark=19 drop=0
[QUEUE_STATS] t_ms=9584 q_pkts=4 q_bytes=6016 qdelay_l_ms=1.08097 qdelay_c_ms=1.07314 ecn_mark=19 drop=0
[QUEUE_STATS] t_ms=9600 q_pkts=1 q_bytes=1504 qdelay_l_ms=1.06014 qdelay_c_ms=0 ecn_mark=19 drop=0
[QUEUE_STATS] t_ms=9617 q_pkts=0 q_bytes=0 qdelay_l_ms=0 qdelay_c_ms=0 ecn_mark=19 drop=0
[QUEUE_STATS] t_ms=9633 q_pkts=1 q_bytes=1504 qdelay_l_ms=1.06775 qdelay_c_ms=0 ecn_mark=19 drop=0
[QUEUE_STATS] t_ms=9648 q_pkts=1 q_bytes=1504 qdelay_l_ms=1.06071 qdelay_c_ms=0 ecn_mark=19 drop=0
[QUEUE_STATS] t_ms=9665 q_pkts=1 q_bytes=1504 qdelay_l_ms=1.08383 qdelay_c_ms=0 ecn_mark=19 drop=0
[QUEUE_STATS] t_ms=9680 q_pkts=5 q_bytes=7520 qdelay_l_ms=1.06688 qdelay_c_ms=1.12129 ecn_mark=19 drop=0
[QUEUE_STATS] t_ms=9696 q_pkts=1 q_bytes=1504 qdelay_l_ms=1.06831 qdelay_c_ms=0 ecn_mark=19 drop=0
[QUEUE_STATS] t_ms=9712 q_pkts=1 q_bytes=1504 qdelay_l_ms=1.06303 qdelay_c_ms=0 ecn_mark=19 drop=0
[QUEUE_STATS] t_ms=9728 q_pkts=1 q_bytes=1504 qdelay_l_ms=0 qdelay_c_ms=1.07485 ecn_mark=19 drop=0
[QUEUE_STATS] t_ms=9744 q_pkts=2 q_bytes=3008 qdelay_l_ms=1.08867 qdelay_c_ms=1.09865 ecn_mark=19 drop=0
[QUEUE_STATS] t_ms=9761 q_pkts=1 q_bytes=1504 qdelay_l_ms=1.07203 qdelay_c_ms=0 ecn_mark=19 drop=0
[QUEUE_STATS] t_ms=9776 q_pkts=1 q_bytes=1504 qdelay_l_ms=1.05779 qdelay_c_ms=0 ecn_mark=19 drop=0
[QUEUE_STATS] t_ms=9792 q_pkts=1 q_bytes=1504 qdelay_l_ms=1.07894 qdelay_c_ms=0 ecn_mark=19 drop=0
[QUEUE_STATS] t_ms=9808 q_pkts=1 q_bytes=1504 qdelay_l_ms=1.061 qdelay_c_ms=0 ecn_mark=19 drop=0
[QUEUE_STATS] t_ms=9824 q_pkts=1 q_bytes=1504 qdelay_l_ms=1.07882 qdelay_c_ms=0 ecn_mark=19 drop=0
[QUEUE_STATS] t_ms=9840 q_pkts=3 q_bytes=4512 qdelay_l_ms=1.06445 qdelay_c_ms=1.0787 ecn_mark=19 drop=0
[QUEUE_STATS] t_ms=9856 q_pkts=1 q_bytes=1504 qdelay_l_ms=1.06084 qdelay_c_ms=0 ecn_mark=19 drop=0
[QUEUE_STATS] t_ms=9872 q_pkts=1 q_bytes=1504 qdelay_l_ms=1.0645 qdelay_c_ms=0 ecn_mark=19 drop=0
[QUEUE_STATS] t_ms=9888 q_pkts=1 q_bytes=1504 qdelay_l_ms=1.08136 qdelay_c_ms=0 ecn_mark=19 drop=0
[QUEUE_STATS] t_ms=9904 q_pkts=2 q_bytes=3008 qdelay_l_ms=1.07082 qdelay_c_ms=0 ecn_mark=19 drop=0
[QUEUE_STATS] t_ms=9920 q_pkts=2 q_bytes=3008 qdelay_l_ms=1.07719 qdelay_c_ms=0 ecn_mark=19 drop=0
[QUEUE_STATS] t_ms=9936 q_pkts=1 q_bytes=1504 qdelay_l_ms=1.10185 qdelay_c_ms=0 ecn_mark=19 drop=0
[QUEUE_STATS] t_ms=9953 q_pkts=1 q_bytes=1504 qdelay_l_ms=1.06814 qdelay_c_ms=0 ecn_mark=19 drop=0
[QUEUE_STATS] t_ms=9968 q_pkts=0 q_bytes=0 qdelay_l_ms=0 qdelay_c_ms=0 ecn_mark=19 drop=0
[QUEUE_STATS] t_ms=9984 q_pkts=0 q_bytes=0 qdelay_l_ms=0 qdelay_c_ms=0 ecn_mark=19 drop=0
[QUEUE_STATS] t_ms=10000 q_pkts=1 q_bytes=1504 qdelay_l_ms=1.06413 qdelay_c_ms=0 ecn_mark=19 drop=0
[QUEUE_STATS] t_ms=10016 q_pkts=1 q_bytes=1504 qdelay_l_ms=1.06069 qdelay_c_ms=0 ecn_mark=19 drop=0
[QUEUE_STATS] t_ms=10032 q_pkts=9 q_bytes=13536 qdelay_l_ms=0 qdelay_c_ms=1.07773 ecn_mark=19 drop=0
[QUEUE_STATS] t_ms=10048 q_pkts=5 q_bytes=7520 qdelay_l_ms=1.05519 qdelay_c_ms=1.04626 ecn_mark=19 drop=0
[QUEUE_STATS] t_ms=10064 q_pkts=1 q_bytes=1504 qdelay_l_ms=1.04424 qdelay_c_ms=0 ecn_mark=19 drop=0
[QUEUE_STATS] t_ms=10080 q_pkts=1 q_bytes=1504 qdelay_l_ms=1.06783 qdelay_c_ms=0 ecn_mark=19 drop=0
[QUEUE_STATS] t_ms=10096 q_pkts=10 q_bytes=15040 qdelay_l_ms=1.06766 qdelay_c_ms=1.05586 ecn_mark=19 drop=0
[QUEUE_STATS] t_ms=10112 q_pkts=1 q_bytes=1504 qdelay_l_ms=1.03111 qdelay_c_ms=0 ecn_mark=19 drop=0
[QUEUE_STATS] t_ms=10129 q_pkts=0 q_bytes=0 qdelay_l_ms=0 qdelay_c_ms=0 ecn_mark=19 drop=0
[QUEUE_STATS] t_ms=10144 q_pkts=1 q_bytes=1504 qdelay_l_ms=1.05374 qdelay_c_ms=0 ecn_mark=19 drop=0
[QUEUE_STATS] t_ms=10160 q_pkts=1 q_bytes=1504 qdelay_l_ms=1.0715 qdelay_c_ms=0 ecn_mark=19 drop=0
[QUEUE_STATS] t_ms=10176 q_pkts=1 q_bytes=1504 qdelay_l_ms=1.04452 qdelay_c_ms=0 ecn_mark=19 drop=0
[QUEUE_STATS] t_ms=10192 q_pkts=2 q_bytes=3008 qdelay_l_ms=1.07059 qdelay_c_ms=1.07648 ecn_mark=19 drop=0
[QUEUE_STATS] t_ms=10208 q_pkts=1 q_bytes=1504 qdelay_l_ms=1.04748 qdelay_c_ms=0 ecn_mark=19 drop=0
[QUEUE_STATS] t_ms=10224 q_pkts=1 q_bytes=1504 qdelay_l_ms=1.04759 qdelay_c_ms=0 ecn_mark=19 drop=0
[QUEUE_STATS] t_ms=10240 q_pkts=1 q_bytes=1504 qdelay_l_ms=0 qdelay_c_ms=0.020649 ecn_mark=19 drop=0
[QUEUE_STATS] t_ms=10256 q_pkts=21 q_bytes=31584 qdelay_l_ms=1.1611 qdelay_c_ms=1.17421 ecn_mark=19 drop=0
[QUEUE_STATS] t_ms=10272 q_pkts=1 q_bytes=1504 qdelay_l_ms=1.07124 qdelay_c_ms=0 ecn_mark=19 drop=0
[QUEUE_STATS] t_ms=10288 q_pkts=1 q_bytes=1504 qdelay_l_ms=1.08865 qdelay_c_ms=0 ecn_mark=19 drop=0
[QUEUE_STATS] t_ms=10304 q_pkts=1 q_bytes=1504 qdelay_l_ms=1.09577 qdelay_c_ms=0 ecn_mark=19 drop=0
[QUEUE_STATS] t_ms=10320 q_pkts=1 q_bytes=1504 qdelay_l_ms=1.00932 qdelay_c_ms=0 ecn_mark=19 drop=0
[QUEUE_STATS] t_ms=10336 q_pkts=1 q_bytes=1504 qdelay_l_ms=1.03696 qdelay_c_ms=0 ecn_mark=19 drop=0
[QUEUE_STATS] t_ms=10352 q_pkts=2 q_bytes=3008 qdelay_l_ms=1.02914 qdelay_c_ms=1.02189 ecn_mark=19 drop=0
[QUEUE_STATS] t_ms=10368 q_pkts=0 q_bytes=0 qdelay_l_ms=0 qdelay_c_ms=0 ecn_mark=19 drop=0
[QUEUE_STATS] t_ms=10384 q_pkts=1 q_bytes=1504 qdelay_l_ms=1.07803 qdelay_c_ms=0 ecn_mark=19 drop=0
[QUEUE_STATS] t_ms=10400 q_pkts=7 q_bytes=10528 qdelay_l_ms=1.04866 qdelay_c_ms=1.04365 ecn_mark=19 drop=0
[QUEUE_STATS] t_ms=10416 q_pkts=1 q_bytes=1504 qdelay_l_ms=1.06677 qdelay_c_ms=0 ecn_mark=19 drop=0
[QUEUE_STATS] t_ms=10432 q_pkts=1 q_bytes=1504 qdelay_l_ms=1.02047 qdelay_c_ms=0 ecn_mark=19 drop=0
[QUEUE_STATS] t_ms=10448 q_pkts=14 q_bytes=21056 qdelay_l_ms=0.90378 qdelay_c_ms=1.01 ecn_mark=19 drop=0
[QUEUE_STATS] t_ms=10464 q_pkts=6 q_bytes=9024 qdelay_l_ms=0 qdelay_c_ms=1.08588 ecn_mark=19 drop=0
[QUEUE_STATS] t_ms=10480 q_pkts=1 q_bytes=1504 qdelay_l_ms=1.04765 qdelay_c_ms=0 ecn_mark=19 drop=0
[QUEUE_STATS] t_ms=10497 q_pkts=17 q_bytes=25568 qdelay_l_ms=1.14124 qdelay_c_ms=1.13511 ecn_mark=19 drop=0
[QUEUE_STATS] t_ms=10512 q_pkts=1 q_bytes=1504 qdelay_l_ms=1.01966 qdelay_c_ms=0 ecn_mark=19 drop=0
[QUEUE_STATS] t_ms=10528 q_pkts=1 q_bytes=1504 qdelay_l_ms=1.06219 qdelay_c_ms=0 ecn_mark=19 drop=0
[QUEUE_STATS] t_ms=10544 q_pkts=0 q_bytes=0 qdelay_l_ms=0 qdelay_c_ms=0 ecn_mark=19 drop=0
[QUEUE_STATS] t_ms=10560 q_pkts=1 q_bytes=1504 qdelay_l_ms=1.02187 qdelay_c_ms=0 ecn_mark=19 drop=0
[QUEUE_STATS] t_ms=10576 q_pkts=0 q_bytes=0 qdelay_l_ms=0 qdelay_c_ms=0 ecn_mark=19 drop=0
[QUEUE_STATS] t_ms=10592 q_pkts=1 q_bytes=1504 qdelay_l_ms=1.07645 qdelay_c_ms=0 ecn_mark=19 drop=0
[QUEUE_STATS] t_ms=10608 q_pkts=10 q_bytes=15040 qdelay_l_ms=1.05868 qdelay_c_ms=1.01993 ecn_mark=19 drop=0
[QUEUE_STATS] t_ms=10624 q_pkts=1 q_bytes=1504 qdelay_l_ms=1.07172 qdelay_c_ms=0 ecn_mark=19 drop=0
[QUEUE_STATS] t_ms=10641 q_pkts=0 q_bytes=0 qdelay_l_ms=0 qdelay_c_ms=0 ecn_mark=19 drop=0
[QUEUE_STATS] t_ms=10656 q_pkts=3 q_bytes=4512 qdelay_l_ms=0.995563 qdelay_c_ms=0.986396 ecn_mark=19 drop=0
[QUEUE_STATS] t_ms=10672 q_pkts=1 q_bytes=1504 qdelay_l_ms=0.974884 qdelay_c_ms=0 ecn_mark=19 drop=0
[QUEUE_STATS] t_ms=10688 q_pkts=1 q_bytes=1504 qdelay_l_ms=1.0527 qdelay_c_ms=0 ecn_mark=19 drop=0
[QUEUE_STATS] t_ms=10704 q_pkts=4 q_bytes=6016 qdelay_l_ms=1.08713 qdelay_c_ms=1.08163 ecn_mark=19 drop=0
[QUEUE_STATS] t_ms=10720 q_pkts=1 q_bytes=1504 qdelay_l_ms=0.991936 qdelay_c_ms=0 ecn_mark=19 drop=0
[QUEUE_STATS] t_ms=10736 q_pkts=1 q_bytes=1504 qdelay_l_ms=0.989011 qdelay_c_ms=0 ecn_mark=19 drop=0
[QUEUE_STATS] t_ms=10752 q_pkts=8 q_bytes=12032 qdelay_l_ms=1.01009 qdelay_c_ms=1.01931 ecn_mark=19 drop=0
[QUEUE_STATS] t_ms=10768 q_pkts=3 q_bytes=4512 qdelay_l_ms=0.977008 qdelay_c_ms=0.96238 ecn_mark=19 drop=0
[QUEUE_STATS] t_ms=10784 q_pkts=1 q_bytes=1504 qdelay_l_ms=1.06988 qdelay_c_ms=0 ecn_mark=19 drop=0
[QUEUE_STATS] t_ms=10800 q_pkts=1 q_bytes=1504 qdelay_l_ms=1.0617 qdelay_c_ms=0 ecn_mark=19 drop=0
[QUEUE_STATS] t_ms=10816 q_pkts=1 q_bytes=1504 qdelay_l_ms=1.09028 qdelay_c_ms=0 ecn_mark=19 drop=0
[QUEUE_STATS] t_ms=10832 q_pkts=1 q_bytes=1504 qdelay_l_ms=0.924098 qdelay_c_ms=0 ecn_mark=19 drop=0
[QUEUE_STATS] t_ms=10848 q_pkts=1 q_bytes=1504 qdelay_l_ms=0.966829 qdelay_c_ms=0 ecn_mark=19 drop=0
[QUEUE_STATS] t_ms=10864 q_pkts=0 q_bytes=0 qdelay_l_ms=0 qdelay_c_ms=0 ecn_mark=19 drop=0
[QUEUE_STATS] t_ms=10880 q_pkts=1 q_bytes=1504 qdelay_l_ms=1.00727 qdelay_c_ms=0 ecn_mark=19 drop=0
[QUEUE_STATS] t_ms=10896 q_pkts=1 q_bytes=1504 qdelay_l_ms=1.06823 qdelay_c_ms=0 ecn_mark=20 drop=0
[QUEUE_STATS] t_ms=10912 q_pkts=1 q_bytes=1504 qdelay_l_ms=1.07105 qdelay_c_ms=0 ecn_mark=20 drop=0
[QUEUE_STATS] t_ms=10928 q_pkts=2 q_bytes=3008 qdelay_l_ms=0.987057 qdelay_c_ms=0 ecn_mark=20 drop=0
[QUEUE_STATS] t_ms=10944 q_pkts=2 q_bytes=3008 qdelay_l_ms=1.07335 qdelay_c_ms=0 ecn_mark=20 drop=0
[QUEUE_STATS] t_ms=10960 q_pkts=1 q_bytes=1504 qdelay_l_ms=0.970416 qdelay_c_ms=0 ecn_mark=20 drop=0
[QUEUE_STATS] t_ms=10976 q_pkts=1 q_bytes=1504 qdelay_l_ms=0.979913 qdelay_c_ms=0 ecn_mark=20 drop=0
[QUEUE_STATS] t_ms=10992 q_pkts=2 q_bytes=3008 qdelay_l_ms=0.966979 qdelay_c_ms=0 ecn_mark=20 drop=0
[QUEUE_STATS] t_ms=11008 q_pkts=1 q_bytes=1504 qdelay_l_ms=0.975215 qdelay_c_ms=0 ecn_mark=20 drop=0
[QUEUE_STATS] t_ms=11024 q_pkts=1 q_bytes=1504 qdelay_l_ms=1.06694 qdelay_c_ms=0 ecn_mark=20 drop=0
[QUEUE_STATS] t_ms=11040 q_pkts=1 q_bytes=1504 qdelay_l_ms=0.959595 qdelay_c_ms=0 ecn_mark=20 drop=0
[QUEUE_STATS] t_ms=11056 q_pkts=1 q_bytes=1504 qdelay_l_ms=0 qdelay_c_ms=1.5326 ecn_mark=21 drop=0
[QUEUE_STATS] t_ms=11072 q_pkts=1 q_bytes=1504 qdelay_l_ms=0.969113 qdelay_c_ms=0 ecn_mark=21 drop=0
[QUEUE_STATS] t_ms=11088 q_pkts=1 q_bytes=1504 qdelay_l_ms=1.07562 qdelay_c_ms=0 ecn_mark=21 drop=0
[QUEUE_STATS] t_ms=11105 q_pkts=1 q_bytes=1504 qdelay_l_ms=1.08094 qdelay_c_ms=0 ecn_mark=21 drop=0
[QUEUE_STATS] t_ms=11120 q_pkts=1 q_bytes=1504 qdelay_l_ms=1.06027 qdelay_c_ms=0 ecn_mark=21 drop=0
[QUEUE_STATS] t_ms=11136 q_pkts=1 q_bytes=1504 qdelay_l_ms=1.06816 qdelay_c_ms=0 ecn_mark=21 drop=0
[QUEUE_STATS] t_ms=11152 q_pkts=1 q_bytes=1504 qdelay_l_ms=0.960837 qdelay_c_ms=0 ecn_mark=21 drop=0
[QUEUE_STATS] t_ms=11170 q_pkts=0 q_bytes=0 qdelay_l_ms=0 qdelay_c_ms=0 ecn_mark=21 drop=0
[QUEUE_STATS] t_ms=11184 q_pkts=0 q_bytes=0 qdelay_l_ms=0 qdelay_c_ms=0 ecn_mark=21 drop=0
[QUEUE_STATS] t_ms=11200 q_pkts=1 q_bytes=1504 qdelay_l_ms=0.949877 qdelay_c_ms=0 ecn_mark=21 drop=0
[QUEUE_STATS] t_ms=11216 q_pkts=14 q_bytes=21056 qdelay_l_ms=0.085411 qdelay_c_ms=0.0794 ecn_mark=21 drop=0
[QUEUE_STATS] t_ms=11232 q_pkts=1 q_bytes=1504 qdelay_l_ms=1.07522 qdelay_c_ms=0 ecn_mark=21 drop=0
[QUEUE_STATS] t_ms=11248 q_pkts=0 q_bytes=0 qdelay_l_ms=0 qdelay_c_ms=0 ecn_mark=21 drop=0
[QUEUE_STATS] t_ms=11264 q_pkts=0 q_bytes=0 qdelay_l_ms=0 qdelay_c_ms=0 ecn_mark=21 drop=0
[QUEUE_STATS] t_ms=11280 q_pkts=7 q_bytes=10528 qdelay_l_ms=1.12788 qdelay_c_ms=1.11622 ecn_mark=21 drop=0
[QUEUE_STATS] t_ms=11297 q_pkts=0 q_bytes=0 qdelay_l_ms=0 qdelay_c_ms=0 ecn_mark=21 drop=0
[QUEUE_STATS] t_ms=11312 q_pkts=19 q_bytes=28576 qdelay_l_ms=0.995824 qdelay_c_ms=0.989582 ecn_mark=21 drop=0
[QUEUE_STATS] t_ms=11328 q_pkts=1 q_bytes=1504 qdelay_l_ms=1.06583 qdelay_c_ms=0 ecn_mark=21 drop=0
[QUEUE_STATS] t_ms=11344 q_pkts=1 q_bytes=1504 qdelay_l_ms=1.07058 qdelay_c_ms=0 ecn_mark=21 drop=0
[QUEUE_STATS] t_ms=11360 q_pkts=14 q_bytes=21056 qdelay_l_ms=0.709484 qdelay_c_ms=0.798412 ecn_mark=22 drop=0
[QUEUE_STATS] t_ms=11376 q_pkts=2 q_bytes=3008 qdelay_l_ms=0.939247 qdelay_c_ms=0.933095 ecn_mark=22 drop=0
[QUEUE_STATS] t_ms=11392 q_pkts=1 q_bytes=1504 qdelay_l_ms=0.939157 qdelay_c_ms=0 ecn_mark=22 drop=0
[QUEUE_STATS] t_ms=11408 q_pkts=1 q_bytes=1504 qdelay_l_ms=0.938105 qdelay_c_ms=0 ecn_mark=22 drop=0
[QUEUE_STATS] t_ms=11424 q_pkts=1 q_bytes=1504 qdelay_l_ms=1.07015 qdelay_c_ms=0 ecn_mark=22 drop=0
[QUEUE_STATS] t_ms=11440 q_pkts=1 q_bytes=1504 qdelay_l_ms=1.09838 qdelay_c_ms=0 ecn_mark=22 drop=0
[QUEUE_STATS] t_ms=11456 q_pkts=1 q_bytes=1504 qdelay_l_ms=0.939878 qdelay_c_ms=0 ecn_mark=22 drop=0
[QUEUE_STATS] t_ms=11472 q_pkts=1 q_bytes=1504 qdelay_l_ms=1.07122 qdelay_c_ms=0 ecn_mark=22 drop=0
[QUEUE_STATS] t_ms=11488 q_pkts=1 q_bytes=1504 qdelay_l_ms=0.916474 qdelay_c_ms=0 ecn_mark=22 drop=0
[QUEUE_STATS] t_ms=11504 q_pkts=1 q_bytes=1504 qdelay_l_ms=0.928497 qdelay_c_ms=0 ecn_mark=22 drop=0
[QUEUE_STATS] t_ms=11520 q_pkts=10 q_bytes=15040 qdelay_l_ms=1.12496 qdelay_c_ms=1.11937 ecn_mark=22 drop=0
[QUEUE_STATS] t_ms=11536 q_pkts=1 q_bytes=1504 qdelay_l_ms=1.09055 qdelay_c_ms=0 ecn_mark=22 drop=0
[QUEUE_STATS] t_ms=11552 q_pkts=0 q_bytes=0 qdelay_l_ms=0 qdelay_c_ms=0 ecn_mark=22 drop=0
[QUEUE_STATS] t_ms=11568 q_pkts=11 q_bytes=16544 qdelay_l_ms=0.924099 qdelay_c_ms=1.70964 ecn_mark=22 drop=0
[QUEUE_STATS] t_ms=11584 q_pkts=8 q_bytes=12032 qdelay_l_ms=1.13481 qdelay_c_ms=1.12361 ecn_mark=22 drop=0
[QUEUE_STATS] t_ms=11600 q_pkts=0 q_bytes=0 qdelay_l_ms=0 qdelay_c_ms=0 ecn_mark=22 drop=0
[QUEUE_STATS] t_ms=11617 q_pkts=1 q_bytes=1504 qdelay_l_ms=1.06131 qdelay_c_ms=0 ecn_mark=22 drop=0
[QUEUE_STATS] t_ms=11632 q_pkts=20 q_bytes=30080 qdelay_l_ms=1.01328 qdelay_c_ms=1.1459 ecn_mark=22 drop=0
[QUEUE_STATS] t_ms=11648 q_pkts=1 q_bytes=1504 qdelay_l_ms=1.06667 qdelay_c_ms=0 ecn_mark=22 drop=0
[QUEUE_STATS] t_ms=11664 q_pkts=1 q_bytes=1504 qdelay_l_ms=0.918287 qdelay_c_ms=0 ecn_mark=23 drop=0
[QUEUE_STATS] t_ms=11680 q_pkts=3 q_bytes=4512 qdelay_l_ms=0.910804 qdelay_c_ms=0.905233 ecn_mark=23 drop=0
[QUEUE_STATS] t_ms=11696 q_pkts=1 q_bytes=1504 qdelay_l_ms=0.911314 qdelay_c_ms=0 ecn_mark=23 drop=0
[QUEUE_STATS] t_ms=11712 q_pkts=2 q_bytes=3008 qdelay_l_ms=0.910924 qdelay_c_ms=0 ecn_mark=23 drop=0
[QUEUE_STATS] t_ms=11728 q_pkts=1 q_bytes=1504 qdelay_l_ms=0.899232 qdelay_c_ms=0 ecn_mark=23 drop=0
[QUEUE_STATS] t_ms=11744 q_pkts=1 q_bytes=1504 qdelay_l_ms=0.910984 qdelay_c_ms=0 ecn_mark=23 drop=0
[QUEUE_STATS] t_ms=11760 q_pkts=1 q_bytes=1504 qdelay_l_ms=1.02564 qdelay_c_ms=0 ecn_mark=23 drop=0
[QUEUE_STATS] t_ms=11776 q_pkts=15 q_bytes=22560 qdelay_l_ms=1.0609 qdelay_c_ms=1.86858 ecn_mark=23 drop=0
[QUEUE_STATS] t_ms=11792 q_pkts=1 q_bytes=1504 qdelay_l_ms=1.06617 qdelay_c_ms=0 ecn_mark=23 drop=0
[QUEUE_STATS] t_ms=11808 q_pkts=0 q_bytes=0 qdelay_l_ms=0 qdelay_c_ms=0 ecn_mark=23 drop=0
[QUEUE_STATS] t_ms=11824 q_pkts=15 q_bytes=22560 qdelay_l_ms=0.81318 qdelay_c_ms=0.901115 ecn_mark=23 drop=0
[QUEUE_STATS] t_ms=11840 q_pkts=1 q_bytes=1504 qdelay_l_ms=0.902077 qdelay_c_ms=0 ecn_mark=23 drop=0
[QUEUE_STATS] t_ms=11856 q_pkts=1 q_bytes=1504 qdelay_l_ms=1.06737 qdelay_c_ms=0 ecn_mark=23 drop=0
[QUEUE_STATS] t_ms=11872 q_pkts=30 q_bytes=45120 qdelay_l_ms=0.116489 qdelay_c_ms=2.24973 ecn_mark=24 drop=0
[QUEUE_STATS] t_ms=11888 q_pkts=6 q_bytes=9024 qdelay_l_ms=1.06189 qdelay_c_ms=1.12468 ecn_mark=24 drop=0
[QUEUE_STATS] t_ms=11904 q_pkts=1 q_bytes=1504 qdelay_l_ms=1.07209 qdelay_c_ms=0 ecn_mark=24 drop=0
[QUEUE_STATS] t_ms=11920 q_pkts=0 q_bytes=0 qdelay_l_ms=0 qdelay_c_ms=0 ecn_mark=24 drop=0
[QUEUE_STATS] t_ms=11936 q_pkts=1 q_bytes=1504 qdelay_l_ms=0.895625 qdelay_c_ms=0 ecn_mark=24 drop=0
[QUEUE_STATS] t_ms=11952 q_pkts=1 q_bytes=1504 qdelay_l_ms=0.887189 qdelay_c_ms=0 ecn_mark=24 drop=0
[QUEUE_STATS] t_ms=11968 q_pkts=1 q_bytes=1504 qdelay_l_ms=0.894163 qdelay_c_ms=0 ecn_mark=24 drop=0
[QUEUE_STATS] t_ms=11984 q_pkts=1 q_bytes=1504 qdelay_l_ms=1.07016 qdelay_c_ms=0 ecn_mark=24 drop=0
[QUEUE_STATS] t_ms=12000 q_pkts=0 q_bytes=0 qdelay_l_ms=0 qdelay_c_ms=0 ecn_mark=24 drop=0
[QUEUE_STATS] t_ms=12016 q_pkts=2 q_bytes=3008 qdelay_l_ms=0.895305 qdelay_c_ms=0 ecn_mark=24 drop=0
[QUEUE_STATS] t_ms=12032 q_pkts=1 q_bytes=1504 qdelay_l_ms=1.04839 qdelay_c_ms=0 ecn_mark=24 drop=0
[QUEUE_STATS] t_ms=12048 q_pkts=1 q_bytes=1504 qdelay_l_ms=0.884203 qdelay_c_ms=0 ecn_mark=24 drop=0
[QUEUE_STATS] t_ms=12064 q_pkts=0 q_bytes=0 qdelay_l_ms=0 qdelay_c_ms=0 ecn_mark=24 drop=0
[QUEUE_STATS] t_ms=12080 q_pkts=36 q_bytes=54144 qdelay_l_ms=0.9831 qdelay_c_ms=3.01231 ecn_mark=24 drop=0
[QUEUE_STATS] t_ms=12096 q_pkts=13 q_bytes=19552 qdelay_l_ms=0.831784 qdelay_c_ms=2.29578 ecn_mark=24 drop=0
[QUEUE_STATS] t_ms=12112 q_pkts=0 q_bytes=0 qdelay_l_ms=0 qdelay_c_ms=0 ecn_mark=24 drop=0
[QUEUE_STATS] t_ms=12128 q_pkts=1 q_bytes=1504 qdelay_l_ms=1.06696 qdelay_c_ms=0 ecn_mark=24 drop=0
[QUEUE_STATS] t_ms=12144 q_pkts=16 q_bytes=24064 qdelay_l_ms=0.766923 qdelay_c_ms=0.879264 ecn_mark=24 drop=0
[QUEUE_STATS] t_ms=12161 q_pkts=0 q_bytes=0 qdelay_l_ms=0 qdelay_c_ms=0 ecn_mark=24 drop=0
[QUEUE_STATS] t_ms=12176 q_pkts=3 q_bytes=4512 qdelay_l_ms=1.055 qdelay_c_ms=1.07283 ecn_mark=24 drop=0
[QUEUE_STATS] t_ms=12192 q_pkts=1 q_bytes=1504 qdelay_l_ms=0.878262 qdelay_c_ms=0 ecn_mark=24 drop=0
[QUEUE_STATS] t_ms=12208 q_pkts=2 q_bytes=3008 qdelay_l_ms=1.07298 qdelay_c_ms=0 ecn_mark=24 drop=0
[QUEUE_STATS] t_ms=12224 q_pkts=1 q_bytes=1504 qdelay_l_ms=1.05976 qdelay_c_ms=0 ecn_mark=24 drop=0
[QUEUE_STATS] t_ms=12240 q_pkts=2 q_bytes=3008 qdelay_l_ms=1.07545 qdelay_c_ms=0 ecn_mark=24 drop=0
[QUEUE_STATS] t_ms=12257 q_pkts=1 q_bytes=1504 qdelay_l_ms=1.07397 qdelay_c_ms=0 ecn_mark=24 drop=0
[QUEUE_STATS] t_ms=12272 q_pkts=2 q_bytes=3008 qdelay_l_ms=1.07503 qdelay_c_ms=0 ecn_mark=24 drop=0
[QUEUE_STATS] t_ms=12288 q_pkts=20 q_bytes=30080 qdelay_l_ms=1.16262 qdelay_c_ms=1.88812 ecn_mark=24 drop=0
[QUEUE_STATS] t_ms=12304 q_pkts=1 q_bytes=1504 qdelay_l_ms=0.865568 qdelay_c_ms=0 ecn_mark=24 drop=0
[QUEUE_STATS] t_ms=12320 q_pkts=1 q_bytes=1504 qdelay_l_ms=1.05698 qdelay_c_ms=0 ecn_mark=24 drop=0
[QUEUE_STATS] t_ms=12336 q_pkts=8 q_bytes=12032 qdelay_l_ms=0.85058 qdelay_c_ms=0.837946 ecn_mark=24 drop=0
[QUEUE_STATS] t_ms=12352 q_pkts=0 q_bytes=0 qdelay_l_ms=0 qdelay_c_ms=0 ecn_mark=24 drop=0
[QUEUE_STATS] t_ms=12368 q_pkts=1 q_bytes=1504 qdelay_l_ms=1.06726 qdelay_c_ms=0 ecn_mark=24 drop=0
[QUEUE_STATS] t_ms=12384 q_pkts=5 q_bytes=7520 qdelay_l_ms=0 qdelay_c_ms=0.739271 ecn_mark=24 drop=0
[QUEUE_STATS] t_ms=12400 q_pkts=16 q_bytes=24064 qdelay_l_ms=1.06182 qdelay_c_ms=1.1716 ecn_mark=24 drop=0
[QUEUE_STATS] t_ms=12416 q_pkts=1 q_bytes=1504 qdelay_l_ms=0.863855 qdelay_c_ms=0 ecn_mark=24 drop=0
[QUEUE_STATS] t_ms=12432 q_pkts=2 q_bytes=3008 qdelay_l_ms=0.85606 qdelay_c_ms=0 ecn_mark=24 drop=0
[QUEUE_STATS] t_ms=12448 q_pkts=17 q_bytes=25568 qdelay_l_ms=1.07912 qdelay_c_ms=1.06969 ecn_mark=24 drop=0
[QUEUE_STATS] t_ms=12464 q_pkts=0 q_bytes=0 qdelay_l_ms=0 qdelay_c_ms=0 ecn_mark=24 drop=0
[QUEUE_STATS] t_ms=12480 q_pkts=1 q_bytes=1504 qdelay_l_ms=0.854338 qdelay_c_ms=0 ecn_mark=25 drop=0
[QUEUE_STATS] t_ms=12496 q_pkts=3 q_bytes=4512 qdelay_l_ms=1.08107 qdelay_c_ms=1.0754 ecn_mark=25 drop=0
[QUEUE_STATS] t_ms=12512 q_pkts=1 q_bytes=1504 qdelay_l_ms=1.0681 qdelay_c_ms=0 ecn_mark=25 drop=0
[QUEUE_STATS] t_ms=12528 q_pkts=0 q_bytes=0 qdelay_l_ms=0 qdelay_c_ms=0 ecn_mark=25 drop=0
[QUEUE_STATS] t_ms=12544 q_pkts=1 q_bytes=1504 qdelay_l_ms=0.850189 qdelay_c_ms=0 ecn_mark=25 drop=0
[QUEUE_STATS] t_ms=12560 q_pkts=1 q_bytes=1504 qdelay_l_ms=0.862613 qdelay_c_ms=0 ecn_mark=25 drop=0
[QUEUE_STATS] t_ms=12576 q_pkts=1 q_bytes=1504 qdelay_l_ms=0.85034 qdelay_c_ms=0 ecn_mark=25 drop=0
[QUEUE_STATS] t_ms=12592 q_pkts=24 q_bytes=36096 qdelay_l_ms=0.953845 qdelay_c_ms=2.10738 ecn_mark=25 drop=0
[QUEUE_STATS] t_ms=12608 q_pkts=1 q_bytes=1504 qdelay_l_ms=0.847554 qdelay_c_ms=0 ecn_mark=25 drop=0
[QUEUE_STATS] t_ms=12624 q_pkts=1 q_bytes=1504 qdelay_l_ms=1.03714 qdelay_c_ms=0 ecn_mark=25 drop=0
[QUEUE_STATS] t_ms=12640 q_pkts=17 q_bytes=25568 qdelay_l_ms=1.06701 qdelay_c_ms=1.17802 ecn_mark=25 drop=0
[QUEUE_STATS] t_ms=12657 q_pkts=2 q_bytes=3008 qdelay_l_ms=1.08679 qdelay_c_ms=0 ecn_mark=25 drop=0
[QUEUE_STATS] t_ms=12672 q_pkts=1 q_bytes=1504 qdelay_l_ms=0.83469 qdelay_c_ms=0 ecn_mark=25 drop=0
[QUEUE_STATS] t_ms=12688 q_pkts=12 q_bytes=18048 qdelay_l_ms=0.772643 qdelay_c_ms=0.840952 ecn_mark=25 drop=0
[QUEUE_STATS] t_ms=12704 q_pkts=2 q_bytes=3008 qdelay_l_ms=1.08799 qdelay_c_ms=0 ecn_mark=25 drop=0
[QUEUE_STATS] t_ms=12720 q_pkts=1 q_bytes=1504 qdelay_l_ms=1.05792 qdelay_c_ms=0 ecn_mark=25 drop=0
[QUEUE_STATS] t_ms=12736 q_pkts=1 q_bytes=1504 qdelay_l_ms=1.07323 qdelay_c_ms=0 ecn_mark=25 drop=0
[QUEUE_STATS] t_ms=12752 q_pkts=1 q_bytes=1504 qdelay_l_ms=1.06164 qdelay_c_ms=0 ecn_mark=25 drop=0
[QUEUE_STATS] t_ms=12768 q_pkts=0 q_bytes=0 qdelay_l_ms=0 qdelay_c_ms=0 ecn_mark=25 drop=0
[QUEUE_STATS] t_ms=12784 q_pkts=1 q_bytes=1504 qdelay_l_ms=0.83482 qdelay_c_ms=0 ecn_mark=25 drop=0
[QUEUE_STATS] t_ms=12800 q_pkts=6 q_bytes=9024 qdelay_l_ms=0 qdelay_c_ms=1.53476 ecn_mark=25 drop=0
[QUEUE_STATS] t_ms=12816 q_pkts=1 q_bytes=1504 qdelay_l_ms=0.832917 qdelay_c_ms=0 ecn_mark=25 drop=0
[QUEUE_STATS] t_ms=12832 q_pkts=1 q_bytes=1504 qdelay_l_ms=1.0714 qdelay_c_ms=0 ecn_mark=26 drop=0
[QUEUE_STATS] t_ms=12848 q_pkts=1 q_bytes=1504 qdelay_l_ms=1.05649 qdelay_c_ms=0 ecn_mark=26 drop=0
[QUEUE_STATS] t_ms=12864 q_pkts=2 q_bytes=3008 qdelay_l_ms=1.07565 qdelay_c_ms=0 ecn_mark=26 drop=0
[QUEUE_STATS] t_ms=12880 q_pkts=1 q_bytes=1504 qdelay_l_ms=0.829741 qdelay_c_ms=0 ecn_mark=26 drop=0
[QUEUE_STATS] t_ms=12896 q_pkts=15 q_bytes=22560 qdelay_l_ms=1.0588 qdelay_c_ms=1.14863 ecn_mark=26 drop=0
[QUEUE_STATS] t_ms=12912 q_pkts=0 q_bytes=0 qdelay_l_ms=0 qdelay_c_ms=0 ecn_mark=26 drop=0
[QUEUE_STATS] t_ms=12928 q_pkts=2 q_bytes=3008 qdelay_l_ms=0.823028 qdelay_c_ms=0 ecn_mark=26 drop=0
[QUEUE_STATS] t_ms=12944 q_pkts=4 q_bytes=6016 qdelay_l_ms=1.06645 qdelay_c_ms=1.09683 ecn_mark=27 drop=0
[QUEUE_STATS] t_ms=12960 q_pkts=17 q_bytes=25568 qdelay_l_ms=1.14526 qdelay_c_ms=1.13512 ecn_mark=27 drop=0
[QUEUE_STATS] t_ms=12976 q_pkts=1 q_bytes=1504 qdelay_l_ms=0.814061 qdelay_c_ms=0 ecn_mark=27 drop=0
[QUEUE_STATS] t_ms=12992 q_pkts=0 q_bytes=0 qdelay_l_ms=0 qdelay_c_ms=0 ecn_mark=27 drop=0
[QUEUE_STATS] t_ms=13008 q_pkts=17 q_bytes=25568 qdelay_l_ms=1.14265 qdelay_c_ms=1.13574 ecn_mark=27 drop=0
[QUEUE_STATS] t_ms=13024 q_pkts=2 q_bytes=3008 qdelay_l_ms=0.817788 qdelay_c_ms=0 ecn_mark=27 drop=0
[QUEUE_STATS] t_ms=13040 q_pkts=1 q_bytes=1504 qdelay_l_ms=1.06507 qdelay_c_ms=0 ecn_mark=27 drop=0
[QUEUE_STATS] t_ms=13056 q_pkts=1 q_bytes=1504 qdelay_l_ms=1.06602 qdelay_c_ms=0 ecn_mark=27 drop=0
[QUEUE_STATS] t_ms=13072 q_pkts=2 q_bytes=3008 qdelay_l_ms=0.817538 qdelay_c_ms=0 ecn_mark=27 drop=0
[QUEUE_STATS] t_ms=13088 q_pkts=0 q_bytes=0 qdelay_l_ms=0 qdelay_c_ms=0 ecn_mark=27 drop=0
[QUEUE_STATS] t_ms=13104 q_pkts=20 q_bytes=30080 qdelay_l_ms=1.15951 qdelay_c_ms=1.8624 ecn_mark=27 drop=0
[QUEUE_STATS] t_ms=13120 q_pkts=2 q_bytes=3008 qdelay_l_ms=0.815394 qdelay_c_ms=0 ecn_mark=27 drop=0
[QUEUE_STATS] t_ms=13136 q_pkts=0 q_bytes=0 qdelay_l_ms=0 qdelay_c_ms=0 ecn_mark=27 drop=0
[QUEUE_STATS] t_ms=13152 q_pkts=10 q_bytes=15040 qdelay_l_ms=0 qdelay_c_ms=0.095841 ecn_mark=27 drop=0
[QUEUE_STATS] t_ms=13168 q_pkts=1 q_bytes=1504 qdelay_l_ms=1.06059 qdelay_c_ms=0 ecn_mark=27 drop=0
[QUEUE_STATS] t_ms=13184 q_pkts=0 q_bytes=0 qdelay_l_ms=0 qdelay_c_ms=0 ecn_mark=27 drop=0
[QUEUE_STATS] t_ms=13200 q_pkts=30 q_bytes=45120 qdelay_l_ms=1.17183 qdelay_c_ms=1.80029 ecn_mark=27 drop=0
[QUEUE_STATS] t_ms=13216 q_pkts=15 q_bytes=22560 qdelay_l_ms=1.19208 qdelay_c_ms=1.18236 ecn_mark=27 drop=0
[QUEUE_STATS] t_ms=13233 q_pkts=1 q_bytes=1504 qdelay_l_ms=1.08355 qdelay_c_ms=0 ecn_mark=27 drop=0
[QUEUE_STATS] t_ms=13248 q_pkts=1 q_bytes=1504 qdelay_l_ms=1.06854 qdelay_c_ms=0 ecn_mark=27 drop=0
[QUEUE_STATS] t_ms=13264 q_pkts=15 q_bytes=22560 qdelay_l_ms=0.931853 qdelay_c_ms=1.05642 ecn_mark=27 drop=0
[QUEUE_STATS] t_ms=13280 q_pkts=1 q_bytes=1504 qdelay_l_ms=0.802269 qdelay_c_ms=0 ecn_mark=27 drop=0
[QUEUE_STATS] t_ms=13296 q_pkts=11 q_bytes=16544 qdelay_l_ms=1.18454 qdelay_c_ms=1.17192 ecn_mark=27 drop=0
[QUEUE_STATS] t_ms=13312 q_pkts=38 q_bytes=57152 qdelay_l_ms=0.812609 qdelay_c_ms=2.69636 ecn_mark=27 drop=0
[QUEUE_STATS] t_ms=13328 q_pkts=2 q_bytes=3008 qdelay_l_ms=1.07552 qdelay_c_ms=0 ecn_mark=27 drop=0
[QUEUE_STATS] t_ms=13344 q_pkts=1 q_bytes=1504 qdelay_l_ms=1.07212 qdelay_c_ms=0 ecn_mark=27 drop=0
[QUEUE_STATS] t_ms=13360 q_pkts=7 q_bytes=10528 qdelay_l_ms=0 qdelay_c_ms=1.12747 ecn_mark=27 drop=0
[QUEUE_STATS] t_ms=13376 q_pkts=0 q_bytes=0 qdelay_l_ms=0 qdelay_c_ms=0 ecn_mark=27 drop=0
[QUEUE_STATS] t_ms=13392 q_pkts=1 q_bytes=1504 qdelay_l_ms=0.798182 qdelay_c_ms=0 ecn_mark=27 drop=0
[QUEUE_STATS] t_ms=13408 q_pkts=20 q_bytes=30080 qdelay_l_ms=1.00583 qdelay_c_ms=2.21904 ecn_mark=27 drop=0
[QUEUE_STATS] t_ms=13424 q_pkts=1 q_bytes=1504 qdelay_l_ms=0.792922 qdelay_c_ms=0 ecn_mark=27 drop=0
[QUEUE_STATS] t_ms=13440 q_pkts=2 q_bytes=3008 qdelay_l_ms=1.07682 qdelay_c_ms=0 ecn_mark=27 drop=0
[QUEUE_STATS] t_ms=13456 q_pkts=6 q_bytes=9024 qdelay_l_ms=1.05252 qdelay_c_ms=1.07971 ecn_mark=27 drop=0
[QUEUE_STATS] t_ms=13472 q_pkts=5 q_bytes=7520 qdelay_l_ms=1.1264 qdelay_c_ms=1.10793 ecn_mark=27 drop=0
[QUEUE_STATS] t_ms=13488 q_pkts=0 q_bytes=0 qdelay_l_ms=0 qdelay_c_ms=0 ecn_mark=27 drop=0
[QUEUE_STATS] t_ms=13504 q_pkts=0 q_bytes=0 qdelay_l_ms=0 qdelay_c_ms=0 ecn_mark=27 drop=0
[QUEUE_STATS] t_ms=13520 q_pkts=24 q_bytes=36096 qdelay_l_ms=1.18942 qdelay_c_ms=1.87058 ecn_mark=27 drop=0
[QUEUE_STATS] t_ms=13536 q_pkts=1 q_bytes=1504 qdelay_l_ms=0.788063 qdelay_c_ms=0 ecn_mark=27 drop=0
[QUEUE_STATS] t_ms=13552 q_pkts=2 q_bytes=3008 qdelay_l_ms=1.07547 qdelay_c_ms=0 ecn_mark=27 drop=0
[QUEUE_STATS] t_ms=13568 q_pkts=1 q_bytes=1504 qdelay_l_ms=1.06718 qdelay_c_ms=0 ecn_mark=27 drop=0
[QUEUE_STATS] t_ms=13584 q_pkts=2 q_bytes=3008 qdelay_l_ms=0.791038 qdelay_c_ms=0 ecn_mark=27 drop=0
[QUEUE_STATS] t_ms=13600 q_pkts=0 q_bytes=0 qdelay_l_ms=0 qdelay_c_ms=0 ecn_mark=27 drop=0
[QUEUE_STATS] t_ms=13616 q_pkts=35 q_bytes=52640 qdelay_l_ms=0.677585 qdelay_c_ms=2.9893 ecn_mark=27 drop=0
[QUEUE_STATS] t_ms=13632 q_pkts=1 q_bytes=1504 qdelay_l_ms=1.07089 qdelay_c_ms=0 ecn_mark=27 drop=0
[QUEUE_STATS] t_ms=13648 q_pkts=1 q_bytes=1504 qdelay_l_ms=0.796599 qdelay_c_ms=0 ecn_mark=27 drop=0
[QUEUE_STATS] t_ms=13664 q_pkts=19 q_bytes=28576 qdelay_l_ms=1.14213 qdelay_c_ms=2.15794 ecn_mark=27 drop=0
[QUEUE_STATS] t_ms=13681 q_pkts=1 q_bytes=1504 qdelay_l_ms=1.06549 qdelay_c_ms=0 ecn_mark=28 drop=0
[QUEUE_STATS] t_ms=13696 q_pkts=2 q_bytes=3008 qdelay_l_ms=1.08384 qdelay_c_ms=0 ecn_mark=28 drop=0
[QUEUE_STATS] t_ms=13712 q_pkts=6 q_bytes=9024 qdelay_l_ms=0.771802 qdelay_c_ms=0.762525 ecn_mark=28 drop=0
[QUEUE_STATS] t_ms=13728 q_pkts=42 q_bytes=63168 qdelay_l_ms=0.921273 qdelay_c_ms=3.02802 ecn_mark=28 drop=0
[QUEUE_STATS] t_ms=13744 q_pkts=0 q_bytes=0 qdelay_l_ms=0 qdelay_c_ms=0 ecn_mark=28 drop=0
[QUEUE_STATS] t_ms=13760 q_pkts=1 q_bytes=1504 qdelay_l_ms=1.0716 qdelay_c_ms=0 ecn_mark=28 drop=0
[QUEUE_STATS] t_ms=13776 q_pkts=6 q_bytes=9024 qdelay_l_ms=0.089859 qdelay_c_ms=0.7548 ecn_mark=28 drop=0
[QUEUE_STATS] t_ms=13792 q_pkts=1 q_bytes=1504 qdelay_l_ms=1.03285 qdelay_c_ms=0 ecn_mark=28 drop=0
[QUEUE_STATS] t_ms=13808 q_pkts=14 q_bytes=21056 qdelay_l_ms=0.769818 qdelay_c_ms=0.764338 ecn_mark=28 drop=0
[QUEUE_STATS] t_ms=13824 q_pkts=19 q_bytes=28576 qdelay_l_ms=1.10468 qdelay_c_ms=1.09859 ecn_mark=28 drop=0
[QUEUE_STATS] t_ms=13840 q_pkts=0 q_bytes=0 qdelay_l_ms=0 qdelay_c_ms=0 ecn_mark=28 drop=0
[QUEUE_STATS] t_ms=13856 q_pkts=2 q_bytes=3008 qdelay_l_ms=1.07644 qdelay_c_ms=0 ecn_mark=28 drop=0
[QUEUE_STATS] t_ms=13872 q_pkts=27 q_bytes=40608 qdelay_l_ms=1.16403 qdelay_c_ms=2.22252 ecn_mark=28 drop=0
[QUEUE_STATS] t_ms=13888 q_pkts=1 q_bytes=1504 qdelay_l_ms=0.783915 qdelay_c_ms=0 ecn_mark=28 drop=0
[QUEUE_STATS] t_ms=13904 q_pkts=0 q_bytes=0 qdelay_l_ms=0 qdelay_c_ms=0 ecn_mark=28 drop=0
[QUEUE_STATS] t_ms=13920 q_pkts=2 q_bytes=3008 qdelay_l_ms=0 qdelay_c_ms=0.977399 ecn_mark=28 drop=0
[QUEUE_STATS] t_ms=13936 q_pkts=41 q_bytes=61664 qdelay_l_ms=0.762835 qdelay_c_ms=2.20483 ecn_mark=28 drop=0
[QUEUE_STATS] t_ms=13952 q_pkts=1 q_bytes=1504 qdelay_l_ms=1.07143 qdelay_c_ms=0 ecn_mark=28 drop=0
[QUEUE_STATS] t_ms=13968 q_pkts=10 q_bytes=15040 qdelay_l_ms=1.11768 qdelay_c_ms=1.11202 ecn_mark=28 drop=0
[QUEUE_STATS] t_ms=13985 q_pkts=1 q_bytes=1504 qdelay_l_ms=1.07049 qdelay_c_ms=0 ecn_mark=28 drop=0
[QUEUE_STATS] t_ms=14000 q_pkts=0 q_bytes=0 qdelay_l_ms=0 qdelay_c_ms=0 ecn_mark=28 drop=0
[QUEUE_STATS] t_ms=14016 q_pkts=7 q_bytes=10528 qdelay_l_ms=1.01136 qdelay_c_ms=1.00042 ecn_mark=28 drop=0
[QUEUE_STATS] t_ms=14032 q_pkts=19 q_bytes=28576 qdelay_l_ms=1.2082 qdelay_c_ms=1.19105 ecn_mark=28 drop=0
[QUEUE_STATS] t_ms=14048 q_pkts=0 q_bytes=0 qdelay_l_ms=0 qdelay_c_ms=0 ecn_mark=28 drop=0
[QUEUE_STATS] t_ms=14064 q_pkts=1 q_bytes=1504 qdelay_l_ms=0.832546 qdelay_c_ms=0 ecn_mark=28 drop=0
[QUEUE_STATS] t_ms=14080 q_pkts=7 q_bytes=10528 qdelay_l_ms=1.00628 qdelay_c_ms=1.07965 ecn_mark=28 drop=0
[QUEUE_STATS] t_ms=14096 q_pkts=1 q_bytes=1504 qdelay_l_ms=1.07234 qdelay_c_ms=0 ecn_mark=28 drop=0
[QUEUE_STATS] t_ms=14112 q_pkts=5 q_bytes=7520 qdelay_l_ms=1.00228 qdelay_c_ms=1.02533 ecn_mark=28 drop=0
[QUEUE_STATS] t_ms=14128 q_pkts=32 q_bytes=48128 qdelay_l_ms=1.09666 qdelay_c_ms=2.16284 ecn_mark=28 drop=0
[QUEUE_STATS] t_ms=14144 q_pkts=10 q_bytes=15040 qdelay_l_ms=1.11574 qdelay_c_ms=1.79489 ecn_mark=28 drop=0
[QUEUE_STATS] t_ms=14160 q_pkts=1 q_bytes=1504 qdelay_l_ms=0.746474 qdelay_c_ms=0 ecn_mark=28 drop=0
[QUEUE_STATS] t_ms=14176 q_pkts=10 q_bytes=15040 qdelay_l_ms=1.08247 qdelay_c_ms=1.07591 ecn_mark=28 drop=0
[QUEUE_STATS] t_ms=14192 q_pkts=1 q_bytes=1504 qdelay_l_ms=1.0928 qdelay_c_ms=0 ecn_mark=28 drop=0
[QUEUE_STATS] t_ms=14208 q_pkts=1 q_bytes=1504 qdelay_l_ms=0.947993 qdelay_c_ms=0 ecn_mark=28 drop=0
[QUEUE_STATS] t_ms=14224 q_pkts=21 q_bytes=31584 qdelay_l_ms=1.04595 qdelay_c_ms=1.19871 ecn_mark=28 drop=0
[QUEUE_STATS] t_ms=14240 q_pkts=42 q_bytes=63168 qdelay_l_ms=0.12778 qdelay_c_ms=2.03098 ecn_mark=28 drop=0
[QUEUE_STATS] t_ms=14256 q_pkts=2 q_bytes=3008 qdelay_l_ms=1.07453 qdelay_c_ms=0 ecn_mark=28 drop=0
[QUEUE_STATS] t_ms=14272 q_pkts=2 q_bytes=3008 qdelay_l_ms=0.778294 qdelay_c_ms=0.784586 ecn_mark=28 drop=0
[QUEUE_STATS] t_ms=14288 q_pkts=16 q_bytes=24064 qdelay_l_ms=1.05147 qdelay_c_ms=2.10155 ecn_mark=28 drop=0
[QUEUE_STATS] t_ms=14304 q_pkts=1 q_bytes=1504 qdelay_l_ms=1.0729 qdelay_c_ms=0 ecn_mark=28 drop=0
[QUEUE_STATS] t_ms=14320 q_pkts=1 q_bytes=1504 qdelay_l_ms=1.05436 qdelay_c_ms=0 ecn_mark=28 drop=0
[QUEUE_STATS] t_ms=14336 q_pkts=14 q_bytes=21056 qdelay_l_ms=1.04794 qdelay_c_ms=1.14121 ecn_mark=28 drop=0
[QUEUE_STATS] t_ms=14352 q_pkts=1 q_bytes=1504 qdelay_l_ms=0.74424 qdelay_c_ms=0 ecn_mark=28 drop=0
[QUEUE_STATS] t_ms=14368 q_pkts=1 q_bytes=1504 qdelay_l_ms=1.06027 qdelay_c_ms=0 ecn_mark=28 drop=0
[QUEUE_STATS] t_ms=14384 q_pkts=6 q_bytes=9024 qdelay_l_ms=1.06042 qdelay_c_ms=1.66951 ecn_mark=28 drop=0
[QUEUE_STATS] t_ms=14400 q_pkts=2 q_bytes=3008 qdelay_l_ms=1.06313 qdelay_c_ms=0 ecn_mark=28 drop=0
[QUEUE_STATS] t_ms=14416 q_pkts=1 q_bytes=1504 qdelay_l_ms=1.07056 qdelay_c_ms=0 ecn_mark=28 drop=0
[QUEUE_STATS] t_ms=14432 q_pkts=12 q_bytes=18048 qdelay_l_ms=1.06623 qdelay_c_ms=1.17289 ecn_mark=28 drop=0
[QUEUE_STATS] t_ms=14448 q_pkts=13 q_bytes=19552 qdelay_l_ms=0 qdelay_c_ms=0.769988 ecn_mark=28 drop=0
[QUEUE_STATS] t_ms=14464 q_pkts=2 q_bytes=3008 qdelay_l_ms=0.734823 qdelay_c_ms=0 ecn_mark=28 drop=0
[QUEUE_STATS] t_ms=14480 q_pkts=18 q_bytes=27072 qdelay_l_ms=0.98339 qdelay_c_ms=0.977639 ecn_mark=28 drop=0
[QUEUE_STATS] t_ms=14496 q_pkts=11 q_bytes=16544 qdelay_l_ms=1.11387 qdelay_c_ms=2.20614 ecn_mark=28 drop=0
[QUEUE_STATS] t_ms=14512 q_pkts=2 q_bytes=3008 qdelay_l_ms=1.07293 qdelay_c_ms=0 ecn_mark=28 drop=0
[QUEUE_STATS] t_ms=14528 q_pkts=18 q_bytes=27072 qdelay_l_ms=1.04142 qdelay_c_ms=1.17797 ecn_mark=28 drop=0
[QUEUE_STATS] t_ms=14544 q_pkts=43 q_bytes=64672 qdelay_l_ms=1.08637 qdelay_c_ms=2.14148 ecn_mark=28 drop=0
[QUEUE_STATS] t_ms=14560 q_pkts=1 q_bytes=1504 qdelay_l_ms=1.07319 qdelay_c_ms=0 ecn_mark=28 drop=0
[QUEUE_STATS] t_ms=14576 q_pkts=1 q_bytes=1504 qdelay_l_ms=1.06429 qdelay_c_ms=0 ecn_mark=28 drop=0
[QUEUE_STATS] t_ms=14592 q_pkts=2 q_bytes=3008 qdelay_l_ms=0 qdelay_c_ms=1.07934 ecn_mark=28 drop=0
[QUEUE_STATS] t_ms=14608 q_pkts=1 q_bytes=1504 qdelay_l_ms=0.748829 qdelay_c_ms=0 ecn_mark=28 drop=0
[QUEUE_STATS] t_ms=14624 q_pkts=3 q_bytes=4512 qdelay_l_ms=1.07803 qdelay_c_ms=1.13084 ecn_mark=28 drop=0
[QUEUE_STATS] t_ms=14640 q_pkts=2 q_bytes=3008 qdelay_l_ms=0.050655 qdelay_c_ms=0.040766 ecn_mark=28 drop=0
[QUEUE_STATS] t_ms=14656 q_pkts=13 q_bytes=19552 qdelay_l_ms=0 qdelay_c_ms=2.03086 ecn_mark=28 drop=0
[QUEUE_STATS] t_ms=14672 q_pkts=2 q_bytes=3008 qdelay_l_ms=0.728711 qdelay_c_ms=0 ecn_mark=28 drop=0
[QUEUE_STATS] t_ms=14688 q_pkts=18 q_bytes=27072 qdelay_l_ms=1.15985 qdelay_c_ms=1.14937 ecn_mark=28 drop=0
[QUEUE_STATS] t_ms=14705 q_pkts=1 q_bytes=1504 qdelay_l_ms=1.0797 qdelay_c_ms=0 ecn_mark=28 drop=0
[QUEUE_STATS] t_ms=14720 q_pkts=2 q_bytes=3008 qdelay_l_ms=1.07679 qdelay_c_ms=0 ecn_mark=28 drop=0
[QUEUE_STATS] t_ms=14736 q_pkts=14 q_bytes=21056 qdelay_l_ms=1.07672 qdelay_c_ms=2.10903 ecn_mark=28 drop=0
[QUEUE_STATS] t_ms=14752 q_pkts=19 q_bytes=28576 qdelay_l_ms=1.17092 qdelay_c_ms=2.03941 ecn_mark=28 drop=0
[QUEUE_STATS] t_ms=14768 q_pkts=0 q_bytes=0 qdelay_l_ms=0 qdelay_c_ms=0 ecn_mark=28 drop=0
[QUEUE_STATS] t_ms=14784 q_pkts=16 q_bytes=24064 qdelay_l_ms=0.729352 qdelay_c_ms=0.723301 ecn_mark=28 drop=0
[QUEUE_STATS] t_ms=14800 q_pkts=22 q_bytes=33088 qdelay_l_ms=1.16144 qdelay_c_ms=1.53259 ecn_mark=28 drop=0
[QUEUE_STATS] t_ms=14816 q_pkts=0 q_bytes=0 qdelay_l_ms=0 qdelay_c_ms=0 ecn_mark=28 drop=0
[QUEUE_STATS] t_ms=14832 q_pkts=14 q_bytes=21056 qdelay_l_ms=1.18406 qdelay_c_ms=1.17246 ecn_mark=28 drop=0
[QUEUE_STATS] t_ms=14848 q_pkts=8 q_bytes=12032 qdelay_l_ms=1.09166 qdelay_c_ms=1.08596 ecn_mark=28 drop=0
[QUEUE_STATS] t_ms=14864 q_pkts=15 q_bytes=22560 qdelay_l_ms=0 qdelay_c_ms=1.34089 ecn_mark=28 drop=0
[QUEUE_STATS] t_ms=14880 q_pkts=1 q_bytes=1504 qdelay_l_ms=1.07608 qdelay_c_ms=0 ecn_mark=28 drop=0
[QUEUE_STATS] t_ms=14896 q_pkts=16 q_bytes=24064 qdelay_l_ms=0.957221 qdelay_c_ms=0.946961 ecn_mark=28 drop=0
[QUEUE_STATS] t_ms=14912 q_pkts=1 q_bytes=1504 qdelay_l_ms=1.07212 qdelay_c_ms=0 ecn_mark=28 drop=0
[QUEUE_STATS] t_ms=14928 q_pkts=13 q_bytes=19552 qdelay_l_ms=1.133 qdelay_c_ms=1.11607 ecn_mark=28 drop=0
[QUEUE_STATS] t_ms=14944 q_pkts=22 q_bytes=33088 qdelay_l_ms=0.97253 qdelay_c_ms=2.12621 ecn_mark=28 drop=0
[QUEUE_STATS] t_ms=14960 q_pkts=20 q_bytes=30080 qdelay_l_ms=1.2309 qdelay_c_ms=1.21541 ecn_mark=28 drop=0
[QUEUE_STATS] t_ms=14976 q_pkts=1 q_bytes=1504 qdelay_l_ms=1.07119 qdelay_c_ms=0 ecn_mark=28 drop=0
[QUEUE_STATS] t_ms=14992 q_pkts=3 q_bytes=4512 qdelay_l_ms=0 qdelay_c_ms=0.048131 ecn_mark=28 drop=0
[QUEUE_STATS] t_ms=15008 q_pkts=8 q_bytes=12032 qdelay_l_ms=0.931913 qdelay_c_ms=2.00338 ecn_mark=28 drop=0
[QUEUE_STATS] t_ms=15024 q_pkts=2 q_bytes=3008 qdelay_l_ms=1.07624 qdelay_c_ms=0 ecn_mark=28 drop=0
[QUEUE_STATS] t_ms=15041 q_pkts=13 q_bytes=19552 qdelay_l_ms=1.09477 qdelay_c_ms=1.08955 ecn_mark=28 drop=0
[QUEUE_STATS] t_ms=15056 q_pkts=19 q_bytes=28576 qdelay_l_ms=1.12089 qdelay_c_ms=1.11147 ecn_mark=28 drop=0
[QUEUE_STATS] t_ms=15072 q_pkts=1 q_bytes=1504 qdelay_l_ms=1.09561 qdelay_c_ms=0 ecn_mark=28 drop=0
[QUEUE_STATS] t_ms=15088 q_pkts=8 q_bytes=12032 qdelay_l_ms=1.14466 qdelay_c_ms=1.13848 ecn_mark=28 drop=0
[QUEUE_STATS] t_ms=15104 q_pkts=9 q_bytes=13536 qdelay_l_ms=1.12005 qdelay_c_ms=1.11319 ecn_mark=28 drop=0
[QUEUE_STATS] t_ms=15120 q_pkts=1 q_bytes=1504 qdelay_l_ms=1.08698 qdelay_c_ms=0 ecn_mark=28 drop=0
[QUEUE_STATS] t_ms=15136 q_pkts=1 q_bytes=1504 qdelay_l_ms=1.00045 qdelay_c_ms=0 ecn_mark=28 drop=0
[QUEUE_STATS] t_ms=15152 q_pkts=7 q_bytes=10528 qdelay_l_ms=1.08866 qdelay_c_ms=2.11486 ecn_mark=28 drop=0
[QUEUE_STATS] t_ms=15168 q_pkts=12 q_bytes=18048 qdelay_l_ms=0 qdelay_c_ms=1.37992 ecn_mark=28 drop=0
[QUEUE_STATS] t_ms=15184 q_pkts=2 q_bytes=3008 qdelay_l_ms=0.937954 qdelay_c_ms=0 ecn_mark=28 drop=0
[QUEUE_STATS] t_ms=15200 q_pkts=18 q_bytes=27072 qdelay_l_ms=0.953734 qdelay_c_ms=0.944307 ecn_mark=28 drop=0
[QUEUE_STATS] t_ms=15216 q_pkts=1 q_bytes=1504 qdelay_l_ms=0.715486 qdelay_c_ms=0 ecn_mark=28 drop=0
[QUEUE_STATS] t_ms=15232 q_pkts=1 q_bytes=1504 qdelay_l_ms=1.08463 qdelay_c_ms=0 ecn_mark=28 drop=0
[QUEUE_STATS] t_ms=15248 q_pkts=4 q_bytes=6016 qdelay_l_ms=0.023264 qdelay_c_ms=1.01105 ecn_mark=28 drop=0
[QUEUE_STATS] t_ms=15264 q_pkts=18 q_bytes=27072 qdelay_l_ms=1.12027 qdelay_c_ms=2.14289 ecn_mark=28 drop=0
[QUEUE_STATS] t_ms=15280 q_pkts=2 q_bytes=3008 qdelay_l_ms=1.07566 qdelay_c_ms=0 ecn_mark=28 drop=0
[QUEUE_STATS] t_ms=15296 q_pkts=8 q_bytes=12032 qdelay_l_ms=0.056095 qdelay_c_ms=1.0897 ecn_mark=28 drop=0
[QUEUE_STATS] t_ms=15312 q_pkts=6 q_bytes=9024 qdelay_l_ms=0 qdelay_c_ms=1.07755 ecn_mark=28 drop=0
[QUEUE_STATS] t_ms=15328 q_pkts=1 q_bytes=1504 qdelay_l_ms=0.950358 qdelay_c_ms=0 ecn_mark=28 drop=0
[QUEUE_STATS] t_ms=15344 q_pkts=12 q_bytes=18048 qdelay_l_ms=0 qdelay_c_ms=0.709124 ecn_mark=28 drop=0
[QUEUE_STATS] t_ms=15360 q_pkts=16 q_bytes=24064 qdelay_l_ms=1.18426 qdelay_c_ms=1.17497 ecn_mark=28 drop=0
[QUEUE_STATS] t_ms=15376 q_pkts=24 q_bytes=36096 qdelay_l_ms=1.06553 qdelay_c_ms=1.81883 ecn_mark=28 drop=0
[QUEUE_STATS] t_ms=15392 q_pkts=2 q_bytes=3008 qdelay_l_ms=0.926843 qdelay_c_ms=0 ecn_mark=28 drop=0
[QUEUE_STATS] t_ms=15408 q_pkts=12 q_bytes=18048 qdelay_l_ms=1.10124 qdelay_c_ms=2.14843 ecn_mark=28 drop=0
[QUEUE_STATS] t_ms=15424 q_pkts=2 q_bytes=3008 qdelay_l_ms=1.09047 qdelay_c_ms=0 ecn_mark=28 drop=0
[QUEUE_STATS] t_ms=15440 q_pkts=14 q_bytes=21056 qdelay_l_ms=1.06526 qdelay_c_ms=1.17389 ecn_mark=28 drop=0
[QUEUE_STATS] t_ms=15456 q_pkts=19 q_bytes=28576 qdelay_l_ms=0.937313 qdelay_c_ms=0.931973 ecn_mark=28 drop=0
[QUEUE_STATS] t_ms=15472 q_pkts=8 q_bytes=12032 qdelay_l_ms=0.093545 qdelay_c_ms=0.907537 ecn_mark=28 drop=0
[QUEUE_STATS] t_ms=15488 q_pkts=0 q_bytes=0 qdelay_l_ms=0 qdelay_c_ms=0 ecn_mark=28 drop=0
[QUEUE_STATS] t_ms=15504 q_pkts=16 q_bytes=24064 qdelay_l_ms=1.05112 qdelay_c_ms=1.16892 ecn_mark=28 drop=0
[QUEUE_STATS] t_ms=15520 q_pkts=19 q_bytes=28576 qdelay_l_ms=1.13738 qdelay_c_ms=1.11845 ecn_mark=28 drop=0
[QUEUE_STATS] t_ms=15536 q_pkts=0 q_bytes=0 qdelay_l_ms=0 qdelay_c_ms=0 ecn_mark=28 drop=0
[QUEUE_STATS] t_ms=15552 q_pkts=13 q_bytes=19552 qdelay_l_ms=1.1573 qdelay_c_ms=1.93327 ecn_mark=28 drop=0
[QUEUE_STATS] t_ms=15568 q_pkts=20 q_bytes=30080 qdelay_l_ms=1.09745 qdelay_c_ms=1.09092 ecn_mark=29 drop=0
[QUEUE_STATS] t_ms=15584 q_pkts=1 q_bytes=1504 qdelay_l_ms=1.10614 qdelay_c_ms=0 ecn_mark=29 drop=0
[QUEUE_STATS] t_ms=15600 q_pkts=15 q_bytes=22560 qdelay_l_ms=0.88199 qdelay_c_ms=0.876599 ecn_mark=29 drop=0
[QUEUE_STATS] t_ms=15616 q_pkts=21 q_bytes=31584 qdelay_l_ms=1.16814 qdelay_c_ms=1.15896 ecn_mark=29 drop=0
[QUEUE_STATS] t_ms=15632 q_pkts=2 q_bytes=3008 qdelay_l_ms=1.07592 qdelay_c_ms=0 ecn_mark=29 drop=0
[QUEUE_STATS] t_ms=15648 q_pkts=0 q_bytes=0 qdelay_l_ms=0 qdelay_c_ms=0 ecn_mark=29 drop=0
[QUEUE_STATS] t_ms=15664 q_pkts=19 q_bytes=28576 qdelay_l_ms=1.05727 qdelay_c_ms=1.05186 ecn_mark=29 drop=0
[QUEUE_STATS] t_ms=15680 q_pkts=35 q_bytes=52640 qdelay_l_ms=1.23716 qdelay_c_ms=1.82618 ecn_mark=30 drop=0
[QUEUE_STATS] t_ms=15696 q_pkts=1 q_bytes=1504 qdelay_l_ms=1.07206 qdelay_c_ms=0 ecn_mark=30 drop=0
[QUEUE_STATS] t_ms=15713 q_pkts=17 q_bytes=25568 qdelay_l_ms=1.19368 qdelay_c_ms=1.91682 ecn_mark=30 drop=0
[QUEUE_STATS] t_ms=15728 q_pkts=0 q_bytes=0 qdelay_l_ms=0 qdelay_c_ms=0 ecn_mark=30 drop=0
[QUEUE_STATS] t_ms=15744 q_pkts=10 q_bytes=15040 qdelay_l_ms=0.106761 qdelay_c_ms=0.687494 ecn_mark=30 drop=0
[QUEUE_STATS] t_ms=15760 q_pkts=17 q_bytes=25568 qdelay_l_ms=1.11791 qdelay_c_ms=2.16406 ecn_mark=30 drop=0
[QUEUE_STATS] t_ms=15777 q_pkts=6 q_bytes=9024 qdelay_l_ms=1.11678 qdelay_c_ms=2.17665 ecn_mark=30 drop=0
[QUEUE_STATS] t_ms=15792 q_pkts=2 q_bytes=3008 qdelay_l_ms=1.07689 qdelay_c_ms=0 ecn_mark=30 drop=0
[QUEUE_STATS] t_ms=15809 q_pkts=11 q_bytes=16544 qdelay_l_ms=1.0791 qdelay_c_ms=1.17275 ecn_mark=30 drop=0
[QUEUE_STATS] t_ms=15825 q_pkts=10 q_bytes=15040 qdelay_l_ms=1.07126 qdelay_c_ms=1.72454 ecn_mark=30 drop=0
[QUEUE_STATS] t_ms=15840 q_pkts=1 q_bytes=1504 qdelay_l_ms=1.098 qdelay_c_ms=0 ecn_mark=30 drop=0
[QUEUE_STATS] t_ms=15857 q_pkts=18 q_bytes=27072 qdelay_l_ms=1.19183 qdelay_c_ms=1.76692 ecn_mark=30 drop=0
[QUEUE_STATS] t_ms=15872 q_pkts=12 q_bytes=18048 qdelay_l_ms=1.10291 qdelay_c_ms=2.0741 ecn_mark=30 drop=0
[QUEUE_STATS] t_ms=15888 q_pkts=11 q_bytes=16544 qdelay_l_ms=0.030047 qdelay_c_ms=1.27225 ecn_mark=30 drop=0
[QUEUE_STATS] t_ms=15904 q_pkts=15 q_bytes=22560 qdelay_l_ms=1.13371 qdelay_c_ms=1.12839 ecn_mark=30 drop=0
[QUEUE_STATS] t_ms=15920 q_pkts=14 q_bytes=21056 qdelay_l_ms=0 qdelay_c_ms=1.10012 ecn_mark=30 drop=0
[QUEUE_STATS] t_ms=15936 q_pkts=1 q_bytes=1504 qdelay_l_ms=0.862863 qdelay_c_ms=0 ecn_mark=30 drop=0
[QUEUE_STATS] t_ms=15953 q_pkts=14 q_bytes=21056 qdelay_l_ms=1.16222 qdelay_c_ms=1.73642 ecn_mark=30 drop=0
[QUEUE_STATS] t_ms=15968 q_pkts=11 q_bytes=16544 qdelay_l_ms=1.04099 qdelay_c_ms=2.15335 ecn_mark=30 drop=0
[QUEUE_STATS] t_ms=15984 q_pkts=24 q_bytes=36096 qdelay_l_ms=1.09115 qdelay_c_ms=1.07705 ecn_mark=30 drop=0
[QUEUE_STATS] t_ms=16000 q_pkts=2 q_bytes=3008 qdelay_l_ms=0.869526 qdelay_c_ms=0 ecn_mark=30 drop=0
[QUEUE_STATS] t_ms=16016 q_pkts=25 q_bytes=37600 qdelay_l_ms=1.18332 qdelay_c_ms=1.17444 ecn_mark=30 drop=0
[QUEUE_STATS] t_ms=16032 q_pkts=19 q_bytes=28576 qdelay_l_ms=1.20291 qdelay_c_ms=1.18725 ecn_mark=30 drop=0
[QUEUE_STATS] t_ms=16048 q_pkts=1 q_bytes=1504 qdelay_l_ms=0.65371 qdelay_c_ms=0 ecn_mark=30 drop=0
[QUEUE_STATS] t_ms=16064 q_pkts=16 q_bytes=24064 qdelay_l_ms=1.19822 qdelay_c_ms=1.93317 ecn_mark=30 drop=0
[QUEUE_STATS] t_ms=16080 q_pkts=17 q_bytes=25568 qdelay_l_ms=1.00566 qdelay_c_ms=2.09699 ecn_mark=30 drop=0
[QUEUE_STATS] t_ms=16096 q_pkts=16 q_bytes=24064 qdelay_l_ms=0.936212 qdelay_c_ms=2.15707 ecn_mark=30 drop=0
[QUEUE_STATS] t_ms=16112 q_pkts=17 q_bytes=25568 qdelay_l_ms=1.18753 qdelay_c_ms=1.1763 ecn_mark=30 drop=0
[QUEUE_STATS] t_ms=16128 q_pkts=4 q_bytes=6016 qdelay_l_ms=0.029816 qdelay_c_ms=0.023895 ecn_mark=30 drop=0
[QUEUE_STATS] t_ms=16144 q_pkts=2 q_bytes=3008 qdelay_l_ms=1.07577 qdelay_c_ms=0 ecn_mark=30 drop=0
[QUEUE_STATS] t_ms=16160 q_pkts=13 q_bytes=19552 qdelay_l_ms=0.823269 qdelay_c_ms=0.812108 ecn_mark=30 drop=0
[QUEUE_STATS] t_ms=16176 q_pkts=15 q_bytes=22560 qdelay_l_ms=1.03597 qdelay_c_ms=1.15004 ecn_mark=30 drop=0
[QUEUE_STATS] t_ms=16192 q_pkts=28 q_bytes=42112 qdelay_l_ms=1.10439 qdelay_c_ms=1.74886 ecn_mark=31 drop=0
[QUEUE_STATS] t_ms=16208 q_pkts=1 q_bytes=1504 qdelay_l_ms=1.07552 qdelay_c_ms=0 ecn_mark=31 drop=0
[QUEUE_STATS] t_ms=16224 q_pkts=20 q_bytes=30080 qdelay_l_ms=1.19328 qdelay_c_ms=1.83095 ecn_mark=31 drop=0
[QUEUE_STATS] t_ms=16240 q_pkts=2 q_bytes=3008 qdelay_l_ms=0.826435 qdelay_c_ms=0 ecn_mark=31 drop=0
[QUEUE_STATS] t_ms=16256 q_pkts=13 q_bytes=19552 qdelay_l_ms=1.18881 qdelay_c_ms=1.17469 ecn_mark=31 drop=0
[QUEUE_STATS] t_ms=16273 q_pkts=16 q_bytes=24064 qdelay_l_ms=1.16831 qdelay_c_ms=1.15689 ecn_mark=31 drop=0
[QUEUE_STATS] t_ms=16288 q_pkts=10 q_bytes=15040 qdelay_l_ms=0 qdelay_c_ms=1.15736 ecn_mark=31 drop=0
[QUEUE_STATS] t_ms=16304 q_pkts=1 q_bytes=1504 qdelay_l_ms=1.11252 qdelay_c_ms=0 ecn_mark=31 drop=0
[QUEUE_STATS] t_ms=16320 q_pkts=9 q_bytes=13536 qdelay_l_ms=0 qdelay_c_ms=0.059362 ecn_mark=31 drop=0
[QUEUE_STATS] t_ms=16336 q_pkts=19 q_bytes=28576 qdelay_l_ms=1.17997 qdelay_c_ms=1.16446 ecn_mark=31 drop=0
[QUEUE_STATS] t_ms=16352 q_pkts=1 q_bytes=1504 qdelay_l_ms=1.0733 qdelay_c_ms=0 ecn_mark=31 drop=0
[QUEUE_STATS] t_ms=16368 q_pkts=23 q_bytes=34592 qdelay_l_ms=1.00884 qdelay_c_ms=1.15981 ecn_mark=31 drop=0
[QUEUE_STATS] t_ms=16384 q_pkts=21 q_bytes=31584 qdelay_l_ms=1.01883 qdelay_c_ms=2.16319 ecn_mark=31 drop=0
[QUEUE_STATS] t_ms=16400 q_pkts=21 q_bytes=31584 qdelay_l_ms=1.10045 qdelay_c_ms=2.09941 ecn_mark=32 drop=0
[QUEUE_STATS] t_ms=16416 q_pkts=16 q_bytes=24064 qdelay_l_ms=0.932594 qdelay_c_ms=1.97664 ecn_mark=32 drop=0
[QUEUE_STATS] t_ms=16432 q_pkts=5 q_bytes=7520 qdelay_l_ms=0 qdelay_c_ms=1.0998 ecn_mark=32 drop=0
[QUEUE_STATS] t_ms=16448 q_pkts=1 q_bytes=1504 qdelay_l_ms=0.806858 qdelay_c_ms=0 ecn_mark=33 drop=0
[QUEUE_STATS] t_ms=16464 q_pkts=0 q_bytes=0 qdelay_l_ms=0 qdelay_c_ms=0 ecn_mark=33 drop=0
[QUEUE_STATS] t_ms=16480 q_pkts=22 q_bytes=33088 qdelay_l_ms=0.946671 qdelay_c_ms=1.92566 ecn_mark=33 drop=0
[QUEUE_STATS] t_ms=16496 q_pkts=28 q_bytes=42112 qdelay_l_ms=1.07785 qdelay_c_ms=1.81881 ecn_mark=33 drop=0
[QUEUE_STATS] t_ms=16513 q_pkts=2 q_bytes=3008 qdelay_l_ms=1.07687 qdelay_c_ms=0 ecn_mark=33 drop=0
[QUEUE_STATS] t_ms=16528 q_pkts=15 q_bytes=22560 qdelay_l_ms=1.18749 qdelay_c_ms=1.83797 ecn_mark=33 drop=0
[QUEUE_STATS] t_ms=16544 q_pkts=2 q_bytes=3008 qdelay_l_ms=1.10865 qdelay_c_ms=0 ecn_mark=33 drop=0
[QUEUE_STATS] t_ms=16560 q_pkts=5 q_bytes=7520 qdelay_l_ms=1.07912 qdelay_c_ms=2.05246 ecn_mark=33 drop=0
[QUEUE_STATS] t_ms=16577 q_pkts=22 q_bytes=33088 qdelay_l_ms=1.20115 qdelay_c_ms=2.00053 ecn_mark=33 drop=0
[QUEUE_STATS] t_ms=16592 q_pkts=5 q_bytes=7520 qdelay_l_ms=1.13308 qdelay_c_ms=1.72968 ecn_mark=33 drop=0
[QUEUE_STATS] t_ms=16608 q_pkts=16 q_bytes=24064 qdelay_l_ms=1.10508 qdelay_c_ms=2.09221 ecn_mark=33 drop=0
[QUEUE_STATS] t_ms=16624 q_pkts=21 q_bytes=31584 qdelay_l_ms=0.848667 qdelay_c_ms=2.05591 ecn_mark=34 drop=0
[QUEUE_STATS] t_ms=16640 q_pkts=18 q_bytes=27072 qdelay_l_ms=0.104537 qdelay_c_ms=1.17267 ecn_mark=34 drop=0
[QUEUE_STATS] t_ms=16656 q_pkts=1 q_bytes=1504 qdelay_l_ms=1.0716 qdelay_c_ms=0 ecn_mark=34 drop=0
[QUEUE_STATS] t_ms=16672 q_pkts=20 q_bytes=30080 qdelay_l_ms=0.915382 qdelay_c_ms=1.92983 ecn_mark=34 drop=0
[QUEUE_STATS] t_ms=16688 q_pkts=15 q_bytes=22560 qdelay_l_ms=0 qdelay_c_ms=1.19552 ecn_mark=34 drop=0
[QUEUE_STATS] t_ms=16704 q_pkts=23 q_bytes=34592 qdelay_l_ms=0 qdelay_c_ms=1.18091 ecn_mark=34 drop=0
[QUEUE_STATS] t_ms=16720 q_pkts=3 q_bytes=4512 qdelay_l_ms=1.08332 qdelay_c_ms=1.07723 ecn_mark=34 drop=0
[QUEUE_STATS] t_ms=16736 q_pkts=13 q_bytes=19552 qdelay_l_ms=1.06358 qdelay_c_ms=1.1977 ecn_mark=34 drop=0
[QUEUE_STATS] t_ms=16752 q_pkts=1 q_bytes=1504 qdelay_l_ms=0.774897 qdelay_c_ms=0 ecn_mark=34 drop=0
[QUEUE_STATS] t_ms=16768 q_pkts=26 q_bytes=39104 qdelay_l_ms=1.0697 qdelay_c_ms=1.73628 ecn_mark=34 drop=0
[QUEUE_STATS] t_ms=16784 q_pkts=12 q_bytes=18048 qdelay_l_ms=0.088507 qdelay_c_ms=1.0927 ecn_mark=34 drop=0
[QUEUE_STATS] t_ms=16800 q_pkts=20 q_bytes=30080 qdelay_l_ms=0.969454 qdelay_c_ms=1.11431 ecn_mark=34 drop=0
[QUEUE_STATS] t_ms=16816 q_pkts=16 q_bytes=24064 qdelay_l_ms=1.15556 qdelay_c_ms=2.12941 ecn_mark=34 drop=0
[QUEUE_STATS] t_ms=16832 q_pkts=23 q_bytes=34592 qdelay_l_ms=1.00987 qdelay_c_ms=1.16515 ecn_mark=34 drop=0
[QUEUE_STATS] t_ms=16848 q_pkts=29 q_bytes=43616 qdelay_l_ms=1.1951 qdelay_c_ms=1.73607 ecn_mark=34 drop=0
[QUEUE_STATS] t_ms=16864 q_pkts=1 q_bytes=1504 qdelay_l_ms=0.979463 qdelay_c_ms=0 ecn_mark=34 drop=0
[QUEUE_STATS] t_ms=16880 q_pkts=16 q_bytes=24064 qdelay_l_ms=1.17566 qdelay_c_ms=1.96811 ecn_mark=34 drop=0
[QUEUE_STATS] t_ms=16896 q_pkts=20 q_bytes=30080 qdelay_l_ms=0.087424 qdelay_c_ms=1.27361 ecn_mark=34 drop=0
[QUEUE_STATS] t_ms=16912 q_pkts=29 q_bytes=43616 qdelay_l_ms=1.19045 qdelay_c_ms=1.53286 ecn_mark=34 drop=0
[QUEUE_STATS] t_ms=16928 q_pkts=18 q_bytes=27072 qdelay_l_ms=0.963413 qdelay_c_ms=1.1007 ecn_mark=34 drop=0
[QUEUE_STATS] t_ms=16944 q_pkts=19 q_bytes=28576 qdelay_l_ms=1.06148 qdelay_c_ms=1.97868 ecn_mark=35 drop=0
[QUEUE_STATS] t_ms=16961 q_pkts=0 q_bytes=0 qdelay_l_ms=0 qdelay_c_ms=0 ecn_mark=35 drop=0
[QUEUE_STATS] t_ms=16976 q_pkts=21 q_bytes=31584 qdelay_l_ms=1.10588 qdelay_c_ms=1.10051 ecn_mark=35 drop=0
[QUEUE_STATS] t_ms=16992 q_pkts=8 q_bytes=12032 qdelay_l_ms=0 qdelay_c_ms=1.15551 ecn_mark=35 drop=0
[QUEUE_STATS] t_ms=17008 q_pkts=35 q_bytes=52640 qdelay_l_ms=1.15391 qdelay_c_ms=2.2997 ecn_mark=35 drop=0
[QUEUE_STATS] t_ms=17024 q_pkts=1 q_bytes=1504 qdelay_l_ms=0.724834 qdelay_c_ms=0 ecn_mark=36 drop=0
[QUEUE_STATS] t_ms=17040 q_pkts=31 q_bytes=46624 qdelay_l_ms=0.942893 qdelay_c_ms=2.1286 ecn_mark=36 drop=0
[QUEUE_STATS] t_ms=17056 q_pkts=19 q_bytes=28576 qdelay_l_ms=0.821215 qdelay_c_ms=1.86316 ecn_mark=36 drop=0
[QUEUE_STATS] t_ms=17072 q_pkts=1 q_bytes=1504 qdelay_l_ms=1.14121 qdelay_c_ms=0 ecn_mark=36 drop=0
[QUEUE_STATS] t_ms=17088 q_pkts=20 q_bytes=30080 qdelay_l_ms=0.06357 qdelay_c_ms=0.177234 ecn_mark=36 drop=0
[QUEUE_STATS] t_ms=17104 q_pkts=22 q_bytes=33088 qdelay_l_ms=0.160582 qdelay_c_ms=1.25763 ecn_mark=36 drop=0
[QUEUE_STATS] t_ms=17120 q_pkts=29 q_bytes=43616 qdelay_l_ms=1.08157 qdelay_c_ms=3.2214 ecn_mark=36 drop=0
[QUEUE_STATS] t_ms=17136 q_pkts=16 q_bytes=24064 qdelay_l_ms=1.1682 qdelay_c_ms=1.15857 ecn_mark=37 drop=0
[QUEUE_STATS] t_ms=17152 q_pkts=30 q_bytes=45120 qdelay_l_ms=1.15776 qdelay_c_ms=2.22288 ecn_mark=38 drop=0
[QUEUE_STATS] t_ms=17168 q_pkts=2 q_bytes=3008 qdelay_l_ms=1.06561 qdelay_c_ms=0 ecn_mark=38 drop=0
[QUEUE_STATS] t_ms=17184 q_pkts=9 q_bytes=13536 qdelay_l_ms=0.073659 qdelay_c_ms=1.16286 ecn_mark=38 drop=0
[QUEUE_STATS] t_ms=17200 q_pkts=30 q_bytes=45120 qdelay_l_ms=0.925301 qdelay_c_ms=2.06424 ecn_mark=38 drop=0
[QUEUE_STATS] t_ms=17216 q_pkts=9 q_bytes=13536 qdelay_l_ms=0 qdelay_c_ms=1.23677 ecn_mark=38 drop=0
[QUEUE_STATS] t_ms=17232 q_pkts=16 q_bytes=24064 qdelay_l_ms=1.014 qdelay_c_ms=2.13159 ecn_mark=38 drop=0
[QUEUE_STATS] t_ms=17248 q_pkts=25 q_bytes=37600 qdelay_l_ms=0.985294 qdelay_c_ms=2.16275 ecn_mark=38 drop=0
[QUEUE_STATS] t_ms=17264 q_pkts=1 q_bytes=1504 qdelay_l_ms=1.07565 qdelay_c_ms=0 ecn_mark=38 drop=0
[QUEUE_STATS] t_ms=17280 q_pkts=10 q_bytes=15040 qdelay_l_ms=1.06069 qdelay_c_ms=1.14529 ecn_mark=38 drop=0
[QUEUE_STATS] t_ms=17296 q_pkts=28 q_bytes=42112 qdelay_l_ms=1.04898 qdelay_c_ms=1.93345 ecn_mark=38 drop=0
[QUEUE_STATS] t_ms=17312 q_pkts=34 q_bytes=51136 qdelay_l_ms=1.19649 qdelay_c_ms=1.85007 ecn_mark=38 drop=0
[QUEUE_STATS] t_ms=17328 q_pkts=26 q_bytes=39104 qdelay_l_ms=1.19691 qdelay_c_ms=1.91991 ecn_mark=38 drop=0
[QUEUE_STATS] t_ms=17344 q_pkts=11 q_bytes=16544 qdelay_l_ms=0 qdelay_c_ms=2.22033 ecn_mark=38 drop=0
[QUEUE_STATS] t_ms=17360 q_pkts=12 q_bytes=18048 qdelay_l_ms=0 qdelay_c_ms=1.11262 ecn_mark=38 drop=0
[QUEUE_STATS] t_ms=17376 q_pkts=15 q_bytes=22560 qdelay_l_ms=1.01999 qdelay_c_ms=1.13037 ecn_mark=38 drop=0
[QUEUE_STATS] t_ms=17392 q_pkts=42 q_bytes=63168 qdelay_l_ms=0.93578 qdelay_c_ms=2.12446 ecn_mark=38 drop=0
[QUEUE_STATS] t_ms=17408 q_pkts=31 q_bytes=46624 qdelay_l_ms=0.110477 qdelay_c_ms=1.99851 ecn_mark=38 drop=0
[QUEUE_STATS] t_ms=17424 q_pkts=44 q_bytes=66176 qdelay_l_ms=1.06302 qdelay_c_ms=2.94621 ecn_mark=38 drop=0
[QUEUE_STATS] t_ms=17440 q_pkts=11 q_bytes=16544 qdelay_l_ms=1.09422 qdelay_c_ms=1.08803 ecn_mark=38 drop=0
[QUEUE_STATS] t_ms=17456 q_pkts=21 q_bytes=31584 qdelay_l_ms=1.0031 qdelay_c_ms=3.20684 ecn_mark=38 drop=0
[QUEUE_STATS] t_ms=17472 q_pkts=2 q_bytes=3008 qdelay_l_ms=1.09175 qdelay_c_ms=0 ecn_mark=38 drop=0
[QUEUE_STATS] t_ms=17488 q_pkts=2 q_bytes=3008 qdelay_l_ms=0 qdelay_c_ms=0.07428 ecn_mark=38 drop=0
[QUEUE_STATS] t_ms=17504 q_pkts=32 q_bytes=48128 qdelay_l_ms=1.18943 qdelay_c_ms=1.76238 ecn_mark=38 drop=0
[QUEUE_STATS] t_ms=17520 q_pkts=21 q_bytes=31584 qdelay_l_ms=0 qdelay_c_ms=1.13464 ecn_mark=38 drop=0
[QUEUE_STATS] t_ms=17536 q_pkts=28 q_bytes=42112 qdelay_l_ms=1.17508 qdelay_c_ms=2.88087 ecn_mark=38 drop=0
[QUEUE_STATS] t_ms=17553 q_pkts=19 q_bytes=28576 qdelay_l_ms=1.08676 qdelay_c_ms=2.18468 ecn_mark=38 drop=0
[QUEUE_STATS] t_ms=17568 q_pkts=20 q_bytes=30080 qdelay_l_ms=0.096382 qdelay_c_ms=1.1107 ecn_mark=39 drop=0
[QUEUE_STATS] t_ms=17584 q_pkts=12 q_bytes=18048 qdelay_l_ms=1.06751 qdelay_c_ms=1.5998 ecn_mark=39 drop=0
[QUEUE_STATS] t_ms=17600 q_pkts=18 q_bytes=27072 qdelay_l_ms=0.982618 qdelay_c_ms=2.14196 ecn_mark=39 drop=0
[QUEUE_STATS] t_ms=17616 q_pkts=34 q_bytes=51136 qdelay_l_ms=0.992006 qdelay_c_ms=2.17695 ecn_mark=39 drop=0
[QUEUE_STATS] t_ms=17632 q_pkts=44 q_bytes=66176 qdelay_l_ms=1.18351 qdelay_c_ms=2.90231 ecn_mark=40 drop=0
[QUEUE_STATS] t_ms=17648 q_pkts=2 q_bytes=3008 qdelay_l_ms=0 qdelay_c_ms=0.071605 ecn_mark=40 drop=0
[QUEUE_STATS] t_ms=17664 q_pkts=18 q_bytes=27072 qdelay_l_ms=0.094127 qdelay_c_ms=1.09673 ecn_mark=40 drop=0
[QUEUE_STATS] t_ms=17680 q_pkts=2 q_bytes=3008 qdelay_l_ms=0.811857 qdelay_c_ms=0 ecn_mark=40 drop=0
[QUEUE_STATS] t_ms=17696 q_pkts=13 q_bytes=19552 qdelay_l_ms=1.02602 qdelay_c_ms=1.09156 ecn_mark=40 drop=0
[QUEUE_STATS] t_ms=17712 q_pkts=34 q_bytes=51136 qdelay_l_ms=1.18796 qdelay_c_ms=1.79136 ecn_mark=40 drop=0
[QUEUE_STATS] t_ms=17728 q_pkts=29 q_bytes=43616 qdelay_l_ms=1.06585 qdelay_c_ms=1.9876 ecn_mark=40 drop=0
[QUEUE_STATS] t_ms=17744 q_pkts=30 q_bytes=45120 qdelay_l_ms=0.077737 qdelay_c_ms=2.93795 ecn_mark=40 drop=0
[QUEUE_STATS] t_ms=17760 q_pkts=15 q_bytes=22560 qdelay_l_ms=0 qdelay_c_ms=1.75091 ecn_mark=40 drop=0
[QUEUE_STATS] t_ms=17776 q_pkts=28 q_bytes=42112 qdelay_l_ms=1.14156 qdelay_c_ms=2.22146 ecn_mark=40 drop=0
[QUEUE_STATS] t_ms=17792 q_pkts=17 q_bytes=25568 qdelay_l_ms=1.01557 qdelay_c_ms=2.17851 ecn_mark=40 drop=0
[QUEUE_STATS] t_ms=17808 q_pkts=16 q_bytes=24064 qdelay_l_ms=0.957812 qdelay_c_ms=2.11905 ecn_mark=40 drop=0
[QUEUE_STATS] t_ms=17824 q_pkts=22 q_bytes=33088 qdelay_l_ms=0.725935 qdelay_c_ms=1.91217 ecn_mark=41 drop=0
[QUEUE_STATS] t_ms=17840 q_pkts=26 q_bytes=39104 qdelay_l_ms=1.085 qdelay_c_ms=2.46131 ecn_mark=41 drop=0
[QUEUE_STATS] t_ms=17856 q_pkts=32 q_bytes=48128 qdelay_l_ms=0 qdelay_c_ms=2.26337 ecn_mark=41 drop=0
[QUEUE_STATS] t_ms=17873 q_pkts=37 q_bytes=55648 qdelay_l_ms=1.14162 qdelay_c_ms=3.34173 ecn_mark=41 drop=0
[QUEUE_STATS] t_ms=17888 q_pkts=6 q_bytes=9024 qdelay_l_ms=0.068419 qdelay_c_ms=0.034525 ecn_mark=41 drop=0
[QUEUE_STATS] t_ms=17904 q_pkts=18 q_bytes=27072 qdelay_l_ms=1.15192 qdelay_c_ms=2.14257 ecn_mark=41 drop=0
[QUEUE_STATS] t_ms=17920 q_pkts=26 q_bytes=39104 qdelay_l_ms=1.01138 qdelay_c_ms=2.22556 ecn_mark=41 drop=0
[QUEUE_STATS] t_ms=17936 q_pkts=28 q_bytes=42112 qdelay_l_ms=1.0955 qdelay_c_ms=2.17706 ecn_mark=42 drop=0
[QUEUE_STATS] t_ms=17953 q_pkts=29 q_bytes=43616 qdelay_l_ms=1.14242 qdelay_c_ms=2.1978 ecn_mark=42 drop=0
[QUEUE_STATS] t_ms=17968 q_pkts=33 q_bytes=49632 qdelay_l_ms=1.03425 qdelay_c_ms=2.91219 ecn_mark=42 drop=0
[QUEUE_STATS] t_ms=17984 q_pkts=25 q_bytes=37600 qdelay_l_ms=1.11073 qdelay_c_ms=2.78091 ecn_mark=42 drop=0
[QUEUE_STATS] t_ms=18000 q_pkts=1 q_bytes=1504 qdelay_l_ms=0.018345 qdelay_c_ms=0 ecn_mark=42 drop=0
[QUEUE_STATS] t_ms=18016 q_pkts=12 q_bytes=18048 qdelay_l_ms=0.108664 qdelay_c_ms=1.0773 ecn_mark=42 drop=0
[QUEUE_STATS] t_ms=18033 q_pkts=26 q_bytes=39104 qdelay_l_ms=1.17141 qdelay_c_ms=3.27719 ecn_mark=42 drop=0
[QUEUE_STATS] t_ms=18048 q_pkts=35 q_bytes=52640 qdelay_l_ms=1.16418 qdelay_c_ms=2.85216 ecn_mark=42 drop=0
[QUEUE_STATS] t_ms=18064 q_pkts=33 q_bytes=49632 qdelay_l_ms=1.17443 qdelay_c_ms=3.07459 ecn_mark=42 drop=0
[QUEUE_STATS] t_ms=18080 q_pkts=36 q_bytes=54144 qdelay_l_ms=1.0998 qdelay_c_ms=2.85394 ecn_mark=42 drop=0
[QUEUE_STATS] t_ms=18096 q_pkts=24 q_bytes=36096 qdelay_l_ms=1.00992 qdelay_c_ms=1.17024 ecn_mark=42 drop=0
[QUEUE_STATS] t_ms=18112 q_pkts=18 q_bytes=27072 qdelay_l_ms=1.18061 qdelay_c_ms=1.92999 ecn_mark=43 drop=0
[QUEUE_STATS] t_ms=18128 q_pkts=22 q_bytes=33088 qdelay_l_ms=1.0454 qdelay_c_ms=2.21468 ecn_mark=43 drop=0
[QUEUE_STATS] t_ms=18144 q_pkts=25 q_bytes=37600 qdelay_l_ms=1.17848 qdelay_c_ms=1.65186 ecn_mark=44 drop=0
[QUEUE_STATS] t_ms=18160 q_pkts=30 q_bytes=45120 qdelay_l_ms=0.88214 qdelay_c_ms=2.99953 ecn_mark=44 drop=0
[QUEUE_STATS] t_ms=18176 q_pkts=39 q_bytes=58656 qdelay_l_ms=1.17493 qdelay_c_ms=2.79714 ecn_mark=44 drop=0
[QUEUE_STATS] t_ms=18192 q_pkts=41 q_bytes=61664 qdelay_l_ms=0.97811 qdelay_c_ms=3.35528 ecn_mark=44 drop=0
[QUEUE_STATS] t_ms=18208 q_pkts=2 q_bytes=3008 qdelay_l_ms=1.10429 qdelay_c_ms=0 ecn_mark=44 drop=0
[QUEUE_STATS] t_ms=18224 q_pkts=9 q_bytes=13536 qdelay_l_ms=0.089378 qdelay_c_ms=1.11338 ecn_mark=44 drop=0
[QUEUE_STATS] t_ms=18240 q_pkts=35 q_bytes=52640 qdelay_l_ms=0.085341 qdelay_c_ms=2.24409 ecn_mark=44 drop=0
[QUEUE_STATS] t_ms=18256 q_pkts=40 q_bytes=60160 qdelay_l_ms=1.04673 qdelay_c_ms=3.91008 ecn_mark=44 drop=0
[QUEUE_STATS] t_ms=18272 q_pkts=31 q_bytes=46624 qdelay_l_ms=0.084168 qdelay_c_ms=2.36986 ecn_mark=44 drop=0
[QUEUE_STATS] t_ms=18288 q_pkts=48 q_bytes=72192 qdelay_l_ms=1.06129 qdelay_c_ms=3.87245 ecn_mark=44 drop=0
[QUEUE_STATS] t_ms=18304 q_pkts=38 q_bytes=57152 qdelay_l_ms=0.076243 qdelay_c_ms=2.29594 ecn_mark=44 drop=0
[QUEUE_STATS] t_ms=18320 q_pkts=28 q_bytes=42112 qdelay_l_ms=1.165 qdelay_c_ms=1.3623 ecn_mark=44 drop=0
[QUEUE_STATS] t_ms=18336 q_pkts=6 q_bytes=9024 qdelay_l_ms=1.13494 qdelay_c_ms=2.1228 ecn_mark=44 drop=0
[QUEUE_STATS] t_ms=18352 q_pkts=25 q_bytes=37600 qdelay_l_ms=1.14327 qdelay_c_ms=3.30689 ecn_mark=44 drop=0
[QUEUE_STATS] t_ms=18368 q_pkts=33 q_bytes=49632 qdelay_l_ms=0.992608 qdelay_c_ms=3.25967 ecn_mark=44 drop=0
[QUEUE_STATS] t_ms=18384 q_pkts=28 q_bytes=42112 qdelay_l_ms=0 qdelay_c_ms=2.26841 ecn_mark=45 drop=0
[QUEUE_STATS] t_ms=18400 q_pkts=53 q_bytes=79712 qdelay_l_ms=1.16089 qdelay_c_ms=3.88703 ecn_mark=45 drop=0
[QUEUE_STATS] t_ms=18416 q_pkts=52 q_bytes=78208 qdelay_l_ms=1.06046 qdelay_c_ms=3.94421 ecn_mark=45 drop=0
[QUEUE_STATS] t_ms=18432 q_pkts=57 q_bytes=85728 qdelay_l_ms=1.15812 qdelay_c_ms=3.94002 ecn_mark=45 drop=0
[QUEUE_STATS] t_ms=18448 q_pkts=54 q_bytes=81216 qdelay_l_ms=1.1018 qdelay_c_ms=3.42869 ecn_mark=45 drop=0
[QUEUE_STATS] t_ms=18464 q_pkts=42 q_bytes=63168 qdelay_l_ms=0 qdelay_c_ms=2.93331 ecn_mark=46 drop=0
[QUEUE_STATS] t_ms=18480 q_pkts=68 q_bytes=102272 qdelay_l_ms=1.01778 qdelay_c_ms=3.9016 ecn_mark=46 drop=0
[QUEUE_STATS] t_ms=18496 q_pkts=60 q_bytes=90240 qdelay_l_ms=0.11682 qdelay_c_ms=4.24962 ecn_mark=46 drop=0
[QUEUE_STATS] t_ms=18512 q_pkts=62 q_bytes=93248 qdelay_l_ms=0 qdelay_c_ms=4.03448 ecn_mark=46 drop=0
[QUEUE_STATS] t_ms=18528 q_pkts=67 q_bytes=100768 qdelay_l_ms=0.092223 qdelay_c_ms=3.73243 ecn_mark=46 drop=0
[QUEUE_STATS] t_ms=18544 q_pkts=70 q_bytes=105280 qdelay_l_ms=0.11196 qdelay_c_ms=5.11884 ecn_mark=46 drop=0
[QUEUE_STATS] t_ms=18560 q_pkts=86 q_bytes=129344 qdelay_l_ms=1.05144 qdelay_c_ms=6.50887 ecn_mark=47 drop=0
[QUEUE_STATS] t_ms=18576 q_pkts=85 q_bytes=127840 qdelay_l_ms=1.06693 qdelay_c_ms=6.09793 ecn_mark=47 drop=0
[QUEUE_STATS] t_ms=18592 q_pkts=99 q_bytes=148896 qdelay_l_ms=1.15602 qdelay_c_ms=6.65624 ecn_mark=47 drop=0
[QUEUE_STATS] t_ms=18608 q_pkts=97 q_bytes=145888 qdelay_l_ms=1.15206 qdelay_c_ms=7.04354 ecn_mark=47 drop=0
[QUEUE_STATS] t_ms=18624 q_pkts=101 q_bytes=151904 qdelay_l_ms=0.991195 qdelay_c_ms=7.28654 ecn_mark=47 drop=0
[QUEUE_STATS] t_ms=18640 q_pkts=112 q_bytes=168448 qdelay_l_ms=1.15188 qdelay_c_ms=7.8135 ecn_mark=47 drop=0
[QUEUE_STATS] t_ms=18657 q_pkts=108 q_bytes=162432 qdelay_l_ms=1.15792 qdelay_c_ms=8.18733 ecn_mark=47 drop=0
[QUEUE_STATS] t_ms=18672 q_pkts=114 q_bytes=171456 qdelay_l_ms=1.06894 qdelay_c_ms=7.85225 ecn_mark=47 drop=0
[QUEUE_STATS] t_ms=18688 q_pkts=106 q_bytes=159424 qdelay_l_ms=0 qdelay_c_ms=7.59601 ecn_mark=47 drop=0
[QUEUE_STATS] t_ms=18704 q_pkts=117 q_bytes=175968 qdelay_l_ms=0.105869 qdelay_c_ms=7.968 ecn_mark=47 drop=0
[QUEUE_STATS] t_ms=18721 q_pkts=131 q_bytes=197024 qdelay_l_ms=1.15337 qdelay_c_ms=9.32205 ecn_mark=47 drop=0
[QUEUE_STATS] t_ms=18736 q_pkts=119 q_bytes=178976 qdelay_l_ms=0.074239 qdelay_c_ms=9.19989 ecn_mark=47 drop=0
[QUEUE_STATS] t_ms=18752 q_pkts=147 q_bytes=221088 qdelay_l_ms=1.14197 qdelay_c_ms=9.93204 ecn_mark=47 drop=0
[QUEUE_STATS] t_ms=18768 q_pkts=146 q_bytes=219584 qdelay_l_ms=1.15993 qdelay_c_ms=10.2378 ecn_mark=48 drop=0
[QUEUE_STATS] t_ms=18784 q_pkts=138 q_bytes=207552 qdelay_l_ms=1.15464 qdelay_c_ms=10.1002 ecn_mark=48 drop=0
[QUEUE_STATS] t_ms=18800 q_pkts=158 q_bytes=237632 qdelay_l_ms=1.16293 qdelay_c_ms=11.2004 ecn_mark=48 drop=0
[QUEUE_STATS] t_ms=18816 q_pkts=161 q_bytes=242144 qdelay_l_ms=1.13426 qdelay_c_ms=10.9118 ecn_mark=48 drop=0
[QUEUE_STATS] t_ms=18832 q_pkts=165 q_bytes=248160 qdelay_l_ms=1.13755 qdelay_c_ms=10.3836 ecn_mark=48 drop=0
[QUEUE_STATS] t_ms=18848 q_pkts=175 q_bytes=263200 qdelay_l_ms=1.13593 qdelay_c_ms=11.4657 ecn_mark=48 drop=0
[QUEUE_STATS] t_ms=18864 q_pkts=176 q_bytes=264704 qdelay_l_ms=1.13993 qdelay_c_ms=12.3265 ecn_mark=48 drop=0
[QUEUE_STATS] t_ms=18880 q_pkts=180 q_bytes=270720 qdelay_l_ms=1.12104 qdelay_c_ms=12.3281 ecn_mark=48 drop=0
[QUEUE_STATS] t_ms=18897 q_pkts=184 q_bytes=276736 qdelay_l_ms=1.05001 qdelay_c_ms=11.9375 ecn_mark=48 drop=0
[QUEUE_STATS] t_ms=18912 q_pkts=190 q_bytes=285760 qdelay_l_ms=0.107052 qdelay_c_ms=11.8089 ecn_mark=48 drop=0
[QUEUE_STATS] t_ms=18929 q_pkts=195 q_bytes=293280 qdelay_l_ms=1.11654 qdelay_c_ms=12.5835 ecn_mark=48 drop=0
[QUEUE_STATS] t_ms=18944 q_pkts=210 q_bytes=315840 qdelay_l_ms=1.13034 qdelay_c_ms=12.5148 ecn_mark=48 drop=0
[QUEUE_STATS] t_ms=18960 q_pkts=209 q_bytes=314336 qdelay_l_ms=1.13472 qdelay_c_ms=13.6938 ecn_mark=48 drop=0
[QUEUE_STATS] t_ms=18976 q_pkts=213 q_bytes=320352 qdelay_l_ms=1.12107 qdelay_c_ms=13.9697 ecn_mark=48 drop=0
[QUEUE_STATS] t_ms=18992 q_pkts=215 q_bytes=323360 qdelay_l_ms=1.061 qdelay_c_ms=14.9924 ecn_mark=48 drop=0
[QUEUE_STATS] t_ms=19008 q_pkts=220 q_bytes=330880 qdelay_l_ms=1.13209 qdelay_c_ms=15.5285 ecn_mark=48 drop=0
[QUEUE_STATS] t_ms=19024 q_pkts=229 q_bytes=344416 qdelay_l_ms=1.12435 qdelay_c_ms=14.7489 ecn_mark=48 drop=0
[QUEUE_STATS] t_ms=19041 q_pkts=231 q_bytes=347424 qdelay_l_ms=1.16405 qdelay_c_ms=16.1908 ecn_mark=48 drop=0
[QUEUE_STATS] t_ms=19056 q_pkts=237 q_bytes=356448 qdelay_l_ms=1.13812 qdelay_c_ms=15.7587 ecn_mark=48 drop=0
[QUEUE_STATS] t_ms=19072 q_pkts=243 q_bytes=365472 qdelay_l_ms=0.656555 qdelay_c_ms=16.1319 ecn_mark=48 drop=0
[QUEUE_STATS] t_ms=19088 q_pkts=245 q_bytes=368480 qdelay_l_ms=1.05395 qdelay_c_ms=16.8521 ecn_mark=48 drop=0
[QUEUE_STATS] t_ms=19104 q_pkts=250 q_bytes=376000 qdelay_l_ms=1.18669 qdelay_c_ms=18.2413 ecn_mark=48 drop=0
[QUEUE_STATS] t_ms=19120 q_pkts=257 q_bytes=386528 qdelay_l_ms=0 qdelay_c_ms=15.8508 ecn_mark=48 drop=0
[QUEUE_STATS] t_ms=19136 q_pkts=264 q_bytes=397056 qdelay_l_ms=1.13485 qdelay_c_ms=17.9452 ecn_mark=48 drop=0
[QUEUE_STATS] t_ms=19152 q_pkts=278 q_bytes=418112 qdelay_l_ms=1.15271 qdelay_c_ms=18.2728 ecn_mark=48 drop=0
[QUEUE_STATS] t_ms=19168 q_pkts=275 q_bytes=413600 qdelay_l_ms=1.09807 qdelay_c_ms=18.0691 ecn_mark=48 drop=0
[QUEUE_STATS] t_ms=19184 q_pkts=278 q_bytes=418112 qdelay_l_ms=0.87677 qdelay_c_ms=18.6619 ecn_mark=48 drop=0
[QUEUE_STATS] t_ms=19200 q_pkts=282 q_bytes=424128 qdelay_l_ms=1.17364 qdelay_c_ms=19.1025 ecn_mark=48 drop=0
[QUEUE_STATS] t_ms=19216 q_pkts=288 q_bytes=433152 qdelay_l_ms=1.11313 qdelay_c_ms=19.9353 ecn_mark=48 drop=0
[QUEUE_STATS] t_ms=19232 q_pkts=293 q_bytes=440672 qdelay_l_ms=1.11226 qdelay_c_ms=19.7167 ecn_mark=48 drop=0
[QUEUE_STATS] t_ms=19249 q_pkts=306 q_bytes=460224 qdelay_l_ms=1.11682 qdelay_c_ms=19.5702 ecn_mark=48 drop=0
[QUEUE_STATS] t_ms=19264 q_pkts=315 q_bytes=473760 qdelay_l_ms=0.828559 qdelay_c_ms=19.9377 ecn_mark=48 drop=0
[QUEUE_STATS] t_ms=19280 q_pkts=306 q_bytes=460224 qdelay_l_ms=0 qdelay_c_ms=20.0809 ecn_mark=48 drop=0
[QUEUE_STATS] t_ms=19296 q_pkts=312 q_bytes=469248 qdelay_l_ms=0.112662 qdelay_c_ms=20.3637 ecn_mark=48 drop=0
[QUEUE_STATS] t_ms=19312 q_pkts=328 q_bytes=493312 qdelay_l_ms=1.10883 qdelay_c_ms=21.9008 ecn_mark=49 drop=0
[QUEUE_STATS] t_ms=19328 q_pkts=338 q_bytes=508352 qdelay_l_ms=1.23159 qdelay_c_ms=21.9138 ecn_mark=49 drop=0
[QUEUE_STATS] t_ms=19344 q_pkts=343 q_bytes=515872 qdelay_l_ms=1.19125 qdelay_c_ms=22.7915 ecn_mark=49 drop=0
[QUEUE_STATS] t_ms=19360 q_pkts=332 q_bytes=499328 qdelay_l_ms=0.112632 qdelay_c_ms=21.6886 ecn_mark=49 drop=0
[QUEUE_STATS] t_ms=19376 q_pkts=337 q_bytes=506848 qdelay_l_ms=0.11184 qdelay_c_ms=22.0517 ecn_mark=49 drop=0
[QUEUE_STATS] t_ms=19392 q_pkts=348 q_bytes=523392 qdelay_l_ms=1.1067 qdelay_c_ms=22.8126 ecn_mark=49 drop=0
[QUEUE_STATS] t_ms=19408 q_pkts=354 q_bytes=532416 qdelay_l_ms=1.12718 qdelay_c_ms=21.3888 ecn_mark=49 drop=0
[QUEUE_STATS] t_ms=19424 q_pkts=364 q_bytes=547456 qdelay_l_ms=1.19168 qdelay_c_ms=25.2198 ecn_mark=49 drop=0
[QUEUE_STATS] t_ms=19440 q_pkts=368 q_bytes=553472 qdelay_l_ms=1.18497 qdelay_c_ms=25.0065 ecn_mark=49 drop=0
[QUEUE_STATS] t_ms=19456 q_pkts=369 q_bytes=554660 qdelay_l_ms=1.16778 qdelay_c_ms=24.7272 ecn_mark=49 drop=0
[QUEUE_STATS] t_ms=19472 q_pkts=374 q_bytes=562180 qdelay_l_ms=1.11465 qdelay_c_ms=24.8831 ecn_mark=49 drop=0
[QUEUE_STATS] t_ms=19488 q_pkts=382 q_bytes=574528 qdelay_l_ms=1.17989 qdelay_c_ms=25.1216 ecn_mark=49 drop=0
[QUEUE_STATS] t_ms=19504 q_pkts=387 q_bytes=582048 qdelay_l_ms=1.09063 qdelay_c_ms=25.9202 ecn_mark=49 drop=0
[QUEUE_STATS] t_ms=19520 q_pkts=388 q_bytes=583552 qdelay_l_ms=1.00497 qdelay_c_ms=25.6312 ecn_mark=49 drop=0
[QUEUE_STATS] t_ms=19536 q_pkts=393 q_bytes=591072 qdelay_l_ms=1.07814 qdelay_c_ms=26.3969 ecn_mark=49 drop=0
[QUEUE_STATS] t_ms=19552 q_pkts=402 q_bytes=604608 qdelay_l_ms=1.20949 qdelay_c_ms=27.2998 ecn_mark=49 drop=0
[QUEUE_STATS] t_ms=19569 q_pkts=411 q_bytes=618144 qdelay_l_ms=1.17223 qdelay_c_ms=27.0542 ecn_mark=49 drop=0
[QUEUE_STATS] t_ms=19585 q_pkts=334 q_bytes=502336 qdelay_l_ms=1.11808 qdelay_c_ms=27.9249 ecn_mark=49 drop=0
[QUEUE_STATS] t_ms=19600 q_pkts=421 q_bytes=632884 qdelay_l_ms=1.17657 qdelay_c_ms=27.6759 ecn_mark=49 drop=0
[QUEUE_STATS] t_ms=19616 q_pkts=430 q_bytes=646720 qdelay_l_ms=1.0883 qdelay_c_ms=28.0253 ecn_mark=49 drop=0
[QUEUE_STATS] t_ms=19632 q_pkts=429 q_bytes=645216 qdelay_l_ms=0.118793 qdelay_c_ms=28.1838 ecn_mark=49 drop=0
[QUEUE_STATS] t_ms=19648 q_pkts=373 q_bytes=560992 qdelay_l_ms=1.07223 qdelay_c_ms=29.0629 ecn_mark=49 drop=0
[QUEUE_STATS] t_ms=19664 q_pkts=438 q_bytes=658752 qdelay_l_ms=1.16222 qdelay_c_ms=28.8246 ecn_mark=49 drop=0
[QUEUE_STATS] t_ms=19680 q_pkts=452 q_bytes=679808 qdelay_l_ms=1.19442 qdelay_c_ms=27.3295 ecn_mark=49 drop=0
[QUEUE_STATS] t_ms=19696 q_pkts=453 q_bytes=681312 qdelay_l_ms=1.08741 qdelay_c_ms=30.0801 ecn_mark=49 drop=0
[QUEUE_STATS] t_ms=19712 q_pkts=363 q_bytes=545952 qdelay_l_ms=1.07846 qdelay_c_ms=30.826 ecn_mark=49 drop=0
[QUEUE_STATS] t_ms=19728 q_pkts=473 q_bytes=710052 qdelay_l_ms=1.08066 qdelay_c_ms=30.9416 ecn_mark=49 drop=0
[QUEUE_STATS] t_ms=19745 q_pkts=477 q_bytes=717408 qdelay_l_ms=1.16548 qdelay_c_ms=28.336 ecn_mark=49 drop=0
[QUEUE_STATS] t_ms=19760 q_pkts=470 q_bytes=706880 qdelay_l_ms=1.0939 qdelay_c_ms=31.9468 ecn_mark=49 drop=0
[QUEUE_STATS] t_ms=19776 q_pkts=386 q_bytes=580544 qdelay_l_ms=0 qdelay_c_ms=30.9832 ecn_mark=49 drop=0
[QUEUE_STATS] t_ms=19792 q_pkts=484 q_bytes=727936 qdelay_l_ms=1.00741 qdelay_c_ms=31.8533 ecn_mark=49 drop=0
[QUEUE_STATS] t_ms=19809 q_pkts=488 q_bytes=733952 qdelay_l_ms=1.10886 qdelay_c_ms=26.1089 ecn_mark=49 drop=0
[QUEUE_STATS] t_ms=19824 q_pkts=495 q_bytes=744480 qdelay_l_ms=1.0757 qdelay_c_ms=32.8842 ecn_mark=49 drop=0
[QUEUE_STATS] t_ms=19840 q_pkts=437 q_bytes=657248 qdelay_l_ms=1.07507 qdelay_c_ms=33.9326 ecn_mark=49 drop=0
[QUEUE_STATS] t_ms=19856 q_pkts=519 q_bytes=780276 qdelay_l_ms=1.11812 qdelay_c_ms=33.9732 ecn_mark=49 drop=0
[QUEUE_STATS] t_ms=19872 q_pkts=512 q_bytes=770048 qdelay_l_ms=0.955117 qdelay_c_ms=23.6849 ecn_mark=49 drop=0
[QUEUE_STATS] t_ms=19888 q_pkts=525 q_bytes=789600 qdelay_l_ms=1.07511 qdelay_c_ms=33.4861 ecn_mark=49 drop=0
[QUEUE_STATS] t_ms=19904 q_pkts=465 q_bytes=699360 qdelay_l_ms=1.07575 qdelay_c_ms=34.46 ecn_mark=49 drop=0
[QUEUE_STATS] t_ms=19920 q_pkts=533 q_bytes=801632 qdelay_l_ms=1.08361 qdelay_c_ms=34.7841 ecn_mark=49 drop=0
[QUEUE_STATS] t_ms=19936 q_pkts=523 q_bytes=786592 qdelay_l_ms=0.067287 qdelay_c_ms=21.1955 ecn_mark=49 drop=0
[QUEUE_STATS] t_ms=19952 q_pkts=541 q_bytes=813664 qdelay_l_ms=1.05144 qdelay_c_ms=36.059 ecn_mark=49 drop=0
[QUEUE_STATS] t_ms=19968 q_pkts=473 q_bytes=711392 qdelay_l_ms=0.954215 qdelay_c_ms=35.9554 ecn_mark=49 drop=0
[QUEUE_STATS] t_ms=19984 q_pkts=555 q_bytes=833380 qdelay_l_ms=0.974183 qdelay_c_ms=36.2669 ecn_mark=51 drop=0
[QUEUE_STATS] t_ms=20000 q_pkts=551 q_bytes=827364 qdelay_l_ms=1.13655 qdelay_c_ms=37.1492 ecn_mark=51 drop=0
[QUEUE_STATS] t_ms=20016 q_pkts=559 q_bytes=840736 qdelay_l_ms=0.107632 qdelay_c_ms=35.0096 ecn_mark=51 drop=0
[QUEUE_STATS] t_ms=20032 q_pkts=508 q_bytes=764032 qdelay_l_ms=1.05039 qdelay_c_ms=38.3848 ecn_mark=51 drop=0
[QUEUE_STATS] t_ms=20048 q_pkts=575 q_bytes=864800 qdelay_l_ms=0.977849 qdelay_c_ms=37.8526 ecn_mark=51 drop=0
[QUEUE_STATS] t_ms=20064 q_pkts=576 q_bytes=866304 qdelay_l_ms=1.114 qdelay_c_ms=39.0504 ecn_mark=51 drop=0
[QUEUE_STATS] t_ms=20080 q_pkts=578 q_bytes=869312 qdelay_l_ms=0.086402 qdelay_c_ms=35.0175 ecn_mark=51 drop=0
[QUEUE_STATS] t_ms=20096 q_pkts=534 q_bytes=803136 qdelay_l_ms=1.07702 qdelay_c_ms=39.1259 ecn_mark=51 drop=0
[QUEUE_STATS] t_ms=20112 q_pkts=372 q_bytes=559188 qdelay_l_ms=0 qdelay_c_ms=38.8261 ecn_mark=51 drop=0
[QUEUE_STATS] t_ms=20128 q_pkts=609 q_bytes=915636 qdelay_l_ms=1.00978 qdelay_c_ms=39.5294 ecn_mark=51 drop=0
[QUEUE_STATS] t_ms=20144 q_pkts=610 q_bytes=917440 qdelay_l_ms=1.071 qdelay_c_ms=31.6298 ecn_mark=51 drop=0
[QUEUE_STATS] t_ms=20160 q_pkts=557 q_bytes=837728 qdelay_l_ms=1.07195 qdelay_c_ms=40.9088 ecn_mark=51 drop=0
[QUEUE_STATS] t_ms=20176 q_pkts=321 q_bytes=482784 qdelay_l_ms=1.05587 qdelay_c_ms=41.3123 ecn_mark=51 drop=0
[QUEUE_STATS] t_ms=20192 q_pkts=637 q_bytes=958048 qdelay_l_ms=0.88761 qdelay_c_ms=41.546 ecn_mark=51 drop=0
[QUEUE_STATS] t_ms=20208 q_pkts=637 q_bytes=958048 qdelay_l_ms=1.16949 qdelay_c_ms=30.4202 ecn_mark=51 drop=0
[QUEUE_STATS] t_ms=20224 q_pkts=568 q_bytes=854272 qdelay_l_ms=1.1051 qdelay_c_ms=41.8304 ecn_mark=51 drop=0
[QUEUE_STATS] t_ms=20241 q_pkts=329 q_bytes=494816 qdelay_l_ms=1.06966 qdelay_c_ms=43.3152 ecn_mark=51 drop=0
[QUEUE_STATS] t_ms=20256 q_pkts=646 q_bytes=971284 qdelay_l_ms=0 qdelay_c_ms=43.1053 ecn_mark=52 drop=0
[QUEUE_STATS] t_ms=20272 q_pkts=661 q_bytes=994144 qdelay_l_ms=1.06772 qdelay_c_ms=30.8861 ecn_mark=52 drop=0
[QUEUE_STATS] t_ms=20289 q_pkts=589 q_bytes=885856 qdelay_l_ms=1.05249 qdelay_c_ms=44.8585 ecn_mark=52 drop=0
[QUEUE_STATS] t_ms=20305 q_pkts=352 q_bytes=529408 qdelay_l_ms=1.05536 qdelay_c_ms=45.2771 ecn_mark=52 drop=0
[QUEUE_STATS] t_ms=20320 q_pkts=675 q_bytes=1015200 qdelay_l_ms=0.859136 qdelay_c_ms=45.0709 ecn_mark=52 drop=0
[QUEUE_STATS] t_ms=20336 q_pkts=690 q_bytes=1037760 qdelay_l_ms=1.16459 qdelay_c_ms=29.9753 ecn_mark=52 drop=0
[QUEUE_STATS] t_ms=20352 q_pkts=586 q_bytes=881344 qdelay_l_ms=1.11493 qdelay_c_ms=44.7385 ecn_mark=52 drop=0
[QUEUE_STATS] t_ms=20368 q_pkts=350 q_bytes=526400 qdelay_l_ms=1.05269 qdelay_c_ms=46.1865 ecn_mark=52 drop=0
[QUEUE_STATS] t_ms=20384 q_pkts=678 q_bytes=1018012 qdelay_l_ms=1.07262 qdelay_c_ms=46.3793 ecn_mark=52 drop=0
[QUEUE_STATS] t_ms=20400 q_pkts=679 q_bytes=1019816 qdelay_l_ms=1.04825 qdelay_c_ms=29.3181 ecn_mark=52 drop=0
[QUEUE_STATS] t_ms=20416 q_pkts=593 q_bytes=890472 qdelay_l_ms=1.04673 qdelay_c_ms=44.114 ecn_mark=52 drop=0
[QUEUE_STATS] t_ms=20432 q_pkts=371 q_bytes=557984 qdelay_l_ms=1.049 qdelay_c_ms=46.4443 ecn_mark=52 drop=0
[QUEUE_STATS] t_ms=20448 q_pkts=680 q_bytes=1022720 qdelay_l_ms=1.04582 qdelay_c_ms=45.8625 ecn_mark=52 drop=0
[QUEUE_STATS] t_ms=20464 q_pkts=678 q_bytes=1019712 qdelay_l_ms=1.12901 qdelay_c_ms=29.1254 ecn_mark=52 drop=0
[QUEUE_STATS] t_ms=20480 q_pkts=637 q_bytes=958048 qdelay_l_ms=1.05443 qdelay_c_ms=44.6825 ecn_mark=52 drop=0
[QUEUE_STATS] t_ms=20496 q_pkts=416 q_bytes=625664 qdelay_l_ms=1.10879 qdelay_c_ms=46.2794 ecn_mark=52 drop=0
[QUEUE_STATS] t_ms=20512 q_pkts=679 q_bytes=1020916 qdelay_l_ms=0.916885 qdelay_c_ms=46.1287 ecn_mark=52 drop=0
[QUEUE_STATS] t_ms=20528 q_pkts=680 q_bytes=1022420 qdelay_l_ms=1.13087 qdelay_c_ms=26.6215 ecn_mark=52 drop=0
[QUEUE_STATS] t_ms=20544 q_pkts=679 q_bytes=1020916 qdelay_l_ms=1.05413 qdelay_c_ms=41.6495 ecn_mark=53 drop=0
[QUEUE_STATS] t_ms=20560 q_pkts=449 q_bytes=675296 qdelay_l_ms=1.05731 qdelay_c_ms=46.1712 ecn_mark=54 drop=0
[QUEUE_STATS] t_ms=20576 q_pkts=695 q_bytes=1043880 qdelay_l_ms=1.18114 qdelay_c_ms=46.3248 ecn_mark=54 drop=0
[QUEUE_STATS] t_ms=20593 q_pkts=679 q_bytes=1019816 qdelay_l_ms=1.17574 qdelay_c_ms=24.2068 ecn_mark=54 drop=0
[QUEUE_STATS] t_ms=20609 q_pkts=680 q_bytes=1021320 qdelay_l_ms=1.17762 qdelay_c_ms=38.5427 ecn_mark=54 drop=0
[QUEUE_STATS] t_ms=20624 q_pkts=460 q_bytes=691840 qdelay_l_ms=1.03734 qdelay_c_ms=46.6633 ecn_mark=54 drop=0
[QUEUE_STATS] t_ms=20640 q_pkts=679 q_bytes=1021216 qdelay_l_ms=1.04931 qdelay_c_ms=45.6844 ecn_mark=54 drop=0
[QUEUE_STATS] t_ms=20656 q_pkts=686 q_bytes=1031744 qdelay_l_ms=1.19317 qdelay_c_ms=23.5185 ecn_mark=55 drop=0
[QUEUE_STATS] t_ms=20672 q_pkts=676 q_bytes=1016704 qdelay_l_ms=0.081263 qdelay_c_ms=37.2583 ecn_mark=55 drop=0
[QUEUE_STATS] t_ms=20688 q_pkts=460 q_bytes=691840 qdelay_l_ms=1.036 qdelay_c_ms=45.6913 ecn_mark=55 drop=0
[QUEUE_STATS] t_ms=20704 q_pkts=682 q_bytes=1025428 qdelay_l_ms=1.1607 qdelay_c_ms=46.1144 ecn_mark=56 drop=0
[QUEUE_STATS] t_ms=20720 q_pkts=683 q_bytes=1026932 qdelay_l_ms=1.11018 qdelay_c_ms=23.346 ecn_mark=56 drop=0
[QUEUE_STATS] t_ms=20736 q_pkts=680 q_bytes=1022420 qdelay_l_ms=1.11758 qdelay_c_ms=37.7581 ecn_mark=57 drop=0
[QUEUE_STATS] t_ms=20752 q_pkts=467 q_bytes=702368 qdelay_l_ms=0.696099 qdelay_c_ms=46.869 ecn_mark=57 drop=0
[QUEUE_STATS] t_ms=20768 q_pkts=679 q_bytes=1019816 qdelay_l_ms=0.081243 qdelay_c_ms=45.3487 ecn_mark=57 drop=0
[QUEUE_STATS] t_ms=20784 q_pkts=683 q_bytes=1025832 qdelay_l_ms=0.914561 qdelay_c_ms=23.7147 ecn_mark=57 drop=0
[QUEUE_STATS] t_ms=20800 q_pkts=688 q_bytes=1033352 qdelay_l_ms=1.18125 qdelay_c_ms=37.8946 ecn_mark=57 drop=0
[QUEUE_STATS] t_ms=20816 q_pkts=508 q_bytes=764032 qdelay_l_ms=1.03195 qdelay_c_ms=46.0156 ecn_mark=59 drop=0
[QUEUE_STATS] t_ms=20832 q_pkts=680 q_bytes=1022720 qdelay_l_ms=1.0255 qdelay_c_ms=45.8624 ecn_mark=59 drop=0
[QUEUE_STATS] t_ms=20848 q_pkts=681 q_bytes=1024224 qdelay_l_ms=0.931643 qdelay_c_ms=46.4061 ecn_mark=59 drop=0
[QUEUE_STATS] t_ms=20864 q_pkts=658 q_bytes=989632 qdelay_l_ms=0 qdelay_c_ms=35.0768 ecn_mark=60 drop=0
[QUEUE_STATS] t_ms=20880 q_pkts=556 q_bytes=836224 qdelay_l_ms=1.11874 qdelay_c_ms=46.8719 ecn_mark=60 drop=0
[QUEUE_STATS] t_ms=20896 q_pkts=543 q_bytes=816672 qdelay_l_ms=0 qdelay_c_ms=45.2659 ecn_mark=60 drop=0
[QUEUE_STATS] t_ms=20912 q_pkts=682 q_bytes=1025428 qdelay_l_ms=1.07323 qdelay_c_ms=46.6845 ecn_mark=61 drop=0
[QUEUE_STATS] t_ms=20928 q_pkts=682 q_bytes=1025428 qdelay_l_ms=1.17297 qdelay_c_ms=33.3089 ecn_mark=61 drop=0
[QUEUE_STATS] t_ms=20944 q_pkts=568 q_bytes=854272 qdelay_l_ms=1.12605 qdelay_c_ms=47.3088 ecn_mark=61 drop=0
[QUEUE_STATS] t_ms=20960 q_pkts=335 q_bytes=503840 qdelay_l_ms=0.142278 qdelay_c_ms=46.0519 ecn_mark=61 drop=0
[QUEUE_STATS] t_ms=20976 q_pkts=684 q_bytes=1027336 qdelay_l_ms=1.15587 qdelay_c_ms=46.9973 ecn_mark=62 drop=0
[QUEUE_STATS] t_ms=20992 q_pkts=686 q_bytes=1030344 qdelay_l_ms=1.17948 qdelay_c_ms=31.0354 ecn_mark=62 drop=0
[QUEUE_STATS] t_ms=21009 q_pkts=568 q_bytes=854272 qdelay_l_ms=1.13193 qdelay_c_ms=46.067 ecn_mark=62 drop=0
[QUEUE_STATS] t_ms=21024 q_pkts=345 q_bytes=518880 qdelay_l_ms=1.10192 qdelay_c_ms=46.2446 ecn_mark=62 drop=0
[QUEUE_STATS] t_ms=21040 q_pkts=684 q_bytes=1028736 qdelay_l_ms=1.15327 qdelay_c_ms=47.0474 ecn_mark=62 drop=0
[QUEUE_STATS] t_ms=21056 q_pkts=688 q_bytes=1034752 qdelay_l_ms=1.1836 qdelay_c_ms=31.0789 ecn_mark=63 drop=0
[QUEUE_STATS] t_ms=21072 q_pkts=586 q_bytes=881344 qdelay_l_ms=1.10729 qdelay_c_ms=45.8826 ecn_mark=63 drop=0
[QUEUE_STATS] t_ms=21088 q_pkts=336 q_bytes=505344 qdelay_l_ms=0.068489 qdelay_c_ms=46.1414 ecn_mark=65 drop=0
[QUEUE_STATS] t_ms=21104 q_pkts=682 q_bytes=1025428 qdelay_l_ms=0.932945 qdelay_c_ms=46.5712 ecn_mark=65 drop=0
[QUEUE_STATS] t_ms=21120 q_pkts=684 q_bytes=1028436 qdelay_l_ms=0.770329 qdelay_c_ms=31.9424 ecn_mark=65 drop=0
[QUEUE_STATS] t_ms=21136 q_pkts=627 q_bytes=943008 qdelay_l_ms=1.0055 qdelay_c_ms=45.8537 ecn_mark=66 drop=0
[QUEUE_STATS] t_ms=21152 q_pkts=377 q_bytes=567008 qdelay_l_ms=1.07006 qdelay_c_ms=47.1738 ecn_mark=66 drop=0
[QUEUE_STATS] t_ms=21168 q_pkts=688 q_bytes=1033352 qdelay_l_ms=0.856321 qdelay_c_ms=47.1807 ecn_mark=66 drop=0
[QUEUE_STATS] t_ms=21185 q_pkts=685 q_bytes=1028840 qdelay_l_ms=1.17256 qdelay_c_ms=29.2987 ecn_mark=66 drop=0
[QUEUE_STATS] t_ms=21201 q_pkts=663 q_bytes=995752 qdelay_l_ms=1.10537 qdelay_c_ms=44.0612 ecn_mark=66 drop=0
[QUEUE_STATS] t_ms=21216 q_pkts=425 q_bytes=639200 qdelay_l_ms=1.03048 qdelay_c_ms=46.6863 ecn_mark=67 drop=0
[QUEUE_STATS] t_ms=21232 q_pkts=685 q_bytes=1030240 qdelay_l_ms=0.982137 qdelay_c_ms=47.0285 ecn_mark=67 drop=0
[QUEUE_STATS] t_ms=21248 q_pkts=684 q_bytes=1028736 qdelay_l_ms=1.06626 qdelay_c_ms=25.0435 ecn_mark=67 drop=0
[QUEUE_STATS] t_ms=21264 q_pkts=667 q_bytes=1003168 qdelay_l_ms=0.047469 qdelay_c_ms=39.4983 ecn_mark=68 drop=0
[QUEUE_STATS] t_ms=21280 q_pkts=440 q_bytes=661760 qdelay_l_ms=1.01473 qdelay_c_ms=46.5198 ecn_mark=70 drop=0
[QUEUE_STATS] t_ms=21296 q_pkts=678 q_bytes=1019412 qdelay_l_ms=0 qdelay_c_ms=45.7834 ecn_mark=70 drop=0
[QUEUE_STATS] t_ms=21312 q_pkts=681 q_bytes=1023924 qdelay_l_ms=0 qdelay_c_ms=25.056 ecn_mark=70 drop=0
[QUEUE_STATS] t_ms=21328 q_pkts=685 q_bytes=1029940 qdelay_l_ms=1.21164 qdelay_c_ms=39.3292 ecn_mark=71 drop=0
[QUEUE_STATS] t_ms=21344 q_pkts=440 q_bytes=661760 qdelay_l_ms=1.01255 qdelay_c_ms=46.5587 ecn_mark=71 drop=0
[QUEUE_STATS] t_ms=21360 q_pkts=699 q_bytes=1049896 qdelay_l_ms=0.862082 qdelay_c_ms=46.744 ecn_mark=71 drop=0
[QUEUE_STATS] t_ms=21376 q_pkts=690 q_bytes=1036360 qdelay_l_ms=1.16926 qdelay_c_ms=25.9748 ecn_mark=72 drop=0
[QUEUE_STATS] t_ms=21392 q_pkts=678 q_bytes=1018312 qdelay_l_ms=1.00945 qdelay_c_ms=40.2208 ecn_mark=72 drop=0
[QUEUE_STATS] t_ms=21408 q_pkts=441 q_bytes=663264 qdelay_l_ms=1.00911 qdelay_c_ms=46.8147 ecn_mark=73 drop=0
[QUEUE_STATS] t_ms=21424 q_pkts=672 q_bytes=1010688 qdelay_l_ms=0.055114 qdelay_c_ms=46.039 ecn_mark=73 drop=0
[QUEUE_STATS] t_ms=21440 q_pkts=680 q_bytes=1022720 qdelay_l_ms=0.07422 qdelay_c_ms=24.7351 ecn_mark=73 drop=0
[QUEUE_STATS] t_ms=21456 q_pkts=694 q_bytes=1043776 qdelay_l_ms=1.01088 qdelay_c_ms=40.1137 ecn_mark=73 drop=0
[QUEUE_STATS] t_ms=21472 q_pkts=487 q_bytes=732448 qdelay_l_ms=1.02664 qdelay_c_ms=46.8648 ecn_mark=75 drop=0
[QUEUE_STATS] t_ms=21488 q_pkts=691 q_bytes=1038964 qdelay_l_ms=0.982338 qdelay_c_ms=47.2052 ecn_mark=75 drop=0
[QUEUE_STATS] t_ms=21504 q_pkts=688 q_bytes=1034452 qdelay_l_ms=1.14945 qdelay_c_ms=46.2852 ecn_mark=76 drop=0
[QUEUE_STATS] t_ms=21520 q_pkts=692 q_bytes=1040468 qdelay_l_ms=1.11723 qdelay_c_ms=37.1114 ecn_mark=76 drop=0
[QUEUE_STATS] t_ms=21536 q_pkts=531 q_bytes=798624 qdelay_l_ms=0.785829 qdelay_c_ms=46.6903 ecn_mark=78 drop=0
[QUEUE_STATS] t_ms=21552 q_pkts=688 q_bytes=1033352 qdelay_l_ms=1.09669 qdelay_c_ms=46.4589 ecn_mark=78 drop=0
[QUEUE_STATS] t_ms=21568 q_pkts=692 q_bytes=1039368 qdelay_l_ms=0.91427 qdelay_c_ms=46.8271 ecn_mark=79 drop=0
[QUEUE_STATS] t_ms=21584 q_pkts=696 q_bytes=1045384 qdelay_l_ms=1.10697 qdelay_c_ms=33.6708 ecn_mark=79 drop=0
[QUEUE_STATS] t_ms=21600 q_pkts=578 q_bytes=869312 qdelay_l_ms=1.10763 qdelay_c_ms=46.7361 ecn_mark=80 drop=0
[QUEUE_STATS] t_ms=21616 q_pkts=343 q_bytes=515872 qdelay_l_ms=1.01651 qdelay_c_ms=47.0993 ecn_mark=82 drop=0
[QUEUE_STATS] t_ms=21632 q_pkts=692 q_bytes=1040768 qdelay_l_ms=1.19171 qdelay_c_ms=47.8506 ecn_mark=82 drop=0
[QUEUE_STATS] t_ms=21648 q_pkts=691 q_bytes=1039264 qdelay_l_ms=1.00453 qdelay_c_ms=30.9117 ecn_mark=83 drop=0
[QUEUE_STATS] t_ms=21664 q_pkts=604 q_bytes=908416 qdelay_l_ms=1.08018 qdelay_c_ms=45.0919 ecn_mark=83 drop=0
[QUEUE_STATS] t_ms=21680 q_pkts=355 q_bytes=533920 qdelay_l_ms=1.00466 qdelay_c_ms=46.9301 ecn_mark=84 drop=0
[QUEUE_STATS] t_ms=21696 q_pkts=689 q_bytes=1035956 qdelay_l_ms=1.01961 qdelay_c_ms=47.1222 ecn_mark=88 drop=0
[QUEUE_STATS] t_ms=21712 q_pkts=673 q_bytes=1011892 qdelay_l_ms=0 qdelay_c_ms=28.7516 ecn_mark=89 drop=0
[QUEUE_STATS] t_ms=21728 q_pkts=605 q_bytes=909620 qdelay_l_ms=1.10591 qdelay_c_ms=44.2976 ecn_mark=89 drop=0
[QUEUE_STATS] t_ms=21745 q_pkts=368 q_bytes=553472 qdelay_l_ms=1.07071 qdelay_c_ms=47.4108 ecn_mark=90 drop=0
[QUEUE_STATS] t_ms=21760 q_pkts=689 q_bytes=1034856 qdelay_l_ms=1.0111 qdelay_c_ms=46.7994 ecn_mark=90 drop=0
[QUEUE_STATS] t_ms=21776 q_pkts=694 q_bytes=1042376 qdelay_l_ms=1.09337 qdelay_c_ms=28.7527 ecn_mark=90 drop=0
[QUEUE_STATS] t_ms=21792 q_pkts=620 q_bytes=931080 qdelay_l_ms=1.08153 qdelay_c_ms=43.8711 ecn_mark=90 drop=0
[QUEUE_STATS] t_ms=21808 q_pkts=385 q_bytes=579040 qdelay_l_ms=1.00734 qdelay_c_ms=46.78 ecn_mark=90 drop=0
[QUEUE_STATS] t_ms=21824 q_pkts=692 q_bytes=1040768 qdelay_l_ms=1.00036 qdelay_c_ms=46.6516 ecn_mark=90 drop=0
[QUEUE_STATS] t_ms=21840 q_pkts=688 q_bytes=1034752 qdelay_l_ms=0.751975 qdelay_c_ms=27.9682 ecn_mark=90 drop=0
[QUEUE_STATS] t_ms=21856 q_pkts=633 q_bytes=952032 qdelay_l_ms=0.985854 qdelay_c_ms=43.226 ecn_mark=91 drop=0
[QUEUE_STATS] t_ms=21872 q_pkts=399 q_bytes=600096 qdelay_l_ms=0.999931 qdelay_c_ms=46.6221 ecn_mark=91 drop=0
[QUEUE_STATS] t_ms=21888 q_pkts=691 q_bytes=1038964 qdelay_l_ms=0 qdelay_c_ms=46.5351 ecn_mark=92 drop=0
[QUEUE_STATS] t_ms=21904 q_pkts=693 q_bytes=1041972 qdelay_l_ms=1.14122 qdelay_c_ms=28.0731 ecn_mark=92 drop=0
[QUEUE_STATS] t_ms=21920 q_pkts=686 q_bytes=1031444 qdelay_l_ms=1.00215 qdelay_c_ms=42.054 ecn_mark=92 drop=0
[QUEUE_STATS] t_ms=21936 q_pkts=443 q_bytes=666272 qdelay_l_ms=1.00502 qdelay_c_ms=47.2169 ecn_mark=93 drop=0
[QUEUE_STATS] t_ms=21952 q_pkts=689 q_bytes=1034856 qdelay_l_ms=0 qdelay_c_ms=45.8852 ecn_mark=93 drop=0
[QUEUE_STATS] t_ms=21968 q_pkts=687 q_bytes=1031848 qdelay_l_ms=1.17196 qdelay_c_ms=25.743 ecn_mark=93 drop=0
[QUEUE_STATS] t_ms=21984 q_pkts=675 q_bytes=1013800 qdelay_l_ms=0.020369 qdelay_c_ms=39.3907 ecn_mark=93 drop=0
[QUEUE_STATS] t_ms=22000 q_pkts=486 q_bytes=730944 qdelay_l_ms=1.06794 qdelay_c_ms=46.9735 ecn_mark=93 drop=0
[QUEUE_STATS] t_ms=22016 q_pkts=686 q_bytes=1031744 qdelay_l_ms=0.083718 qdelay_c_ms=46.2416 ecn_mark=93 drop=0
[QUEUE_STATS] t_ms=22032 q_pkts=693 q_bytes=1042272 qdelay_l_ms=1.10793 qdelay_c_ms=46.8851 ecn_mark=93 drop=0
[QUEUE_STATS] t_ms=22048 q_pkts=698 q_bytes=1049792 qdelay_l_ms=1.18806 qdelay_c_ms=37.6732 ecn_mark=94 drop=0
[QUEUE_STATS] t_ms=22064 q_pkts=487 q_bytes=732448 qdelay_l_ms=0.757124 qdelay_c_ms=46.6639 ecn_mark=94 drop=0
[QUEUE_STATS] t_ms=22080 q_pkts=681 q_bytes=1023924 qdelay_l_ms=0.097964 qdelay_c_ms=46.2828 ecn_mark=94 drop=0
[QUEUE_STATS] t_ms=22096 q_pkts=694 q_bytes=1043476 qdelay_l_ms=1.18309 qdelay_c_ms=47.8789 ecn_mark=95 drop=0
[QUEUE_STATS] t_ms=22112 q_pkts=698 q_bytes=1049492 qdelay_l_ms=1.15966 qdelay_c_ms=36.5322 ecn_mark=95 drop=0
[QUEUE_STATS] t_ms=22128 q_pkts=521 q_bytes=783584 qdelay_l_ms=1.07747 qdelay_c_ms=47.0633 ecn_mark=97 drop=0
[QUEUE_STATS] t_ms=22144 q_pkts=692 q_bytes=1039368 qdelay_l_ms=1.00184 qdelay_c_ms=47.0933 ecn_mark=97 drop=0
[QUEUE_STATS] t_ms=22160 q_pkts=688 q_bytes=1033352 qdelay_l_ms=0.991896 qdelay_c_ms=47.0366 ecn_mark=97 drop=0
[QUEUE_STATS] t_ms=22176 q_pkts=676 q_bytes=1015304 qdelay_l_ms=0 qdelay_c_ms=34.7529 ecn_mark=97 drop=0
[QUEUE_STATS] t_ms=22192 q_pkts=559 q_bytes=840736 qdelay_l_ms=1.11617 qdelay_c_ms=46.9747 ecn_mark=97 drop=0
[QUEUE_STATS] t_ms=22208 q_pkts=484 q_bytes=727936 qdelay_l_ms=0 qdelay_c_ms=47.1361 ecn_mark=97 drop=0
[QUEUE_STATS] t_ms=22224 q_pkts=688 q_bytes=1034752 qdelay_l_ms=0.742507 qdelay_c_ms=46.561 ecn_mark=100 drop=0
[QUEUE_STATS] t_ms=22240 q_pkts=693 q_bytes=1042272 qdelay_l_ms=1.18281 qdelay_c_ms=32.9781 ecn_mark=100 drop=0
[QUEUE_STATS] t_ms=22256 q_pkts=610 q_bytes=917440 qdelay_l_ms=1.09997 qdelay_c_ms=46.8858 ecn_mark=100 drop=0
[QUEUE_STATS] t_ms=22272 q_pkts=387 q_bytes=582048 qdelay_l_ms=1.00968 qdelay_c_ms=47.3902 ecn_mark=100 drop=0
[QUEUE_STATS] t_ms=22288 q_pkts=694 q_bytes=1043476 qdelay_l_ms=0.992557 qdelay_c_ms=47.0962 ecn_mark=100 drop=0
[QUEUE_STATS] t_ms=22304 q_pkts=691 q_bytes=1038964 qdelay_l_ms=0.80274 qdelay_c_ms=29.9605 ecn_mark=102 drop=0
[QUEUE_STATS] t_ms=22320 q_pkts=610 q_bytes=917140 qdelay_l_ms=0.816726 qdelay_c_ms=44.5395 ecn_mark=103 drop=0
[QUEUE_STATS] t_ms=22336 q_pkts=376 q_bytes=565504 qdelay_l_ms=0.825162 qdelay_c_ms=47.0257 ecn_mark=103 drop=0
[QUEUE_STATS] t_ms=22352 q_pkts=691 q_bytes=1037864 qdelay_l_ms=0.99432 qdelay_c_ms=47.9173 ecn_mark=105 drop=0
[QUEUE_STATS] t_ms=22368 q_pkts=678 q_bytes=1018312 qdelay_l_ms=0 qdelay_c_ms=28.7993 ecn_mark=106 drop=0
[QUEUE_STATS] t_ms=22384 q_pkts=621 q_bytes=932584 qdelay_l_ms=1.10363 qdelay_c_ms=43.7009 ecn_mark=107 drop=0
[QUEUE_STATS] t_ms=22400 q_pkts=385 q_bytes=579040 qdelay_l_ms=0.996104 qdelay_c_ms=47.0962 ecn_mark=109 drop=0
[QUEUE_STATS] t_ms=22416 q_pkts=689 q_bytes=1036256 qdelay_l_ms=1.03727 qdelay_c_ms=46.9147 ecn_mark=110 drop=0
[QUEUE_STATS] t_ms=22432 q_pkts=682 q_bytes=1025728 qdelay_l_ms=0.029285 qdelay_c_ms=28.7943 ecn_mark=110 drop=0
[QUEUE_STATS] t_ms=22448 q_pkts=640 q_bytes=962560 qdelay_l_ms=1.05162 qdelay_c_ms=43.466 ecn_mark=110 drop=0
[QUEUE_STATS] t_ms=22464 q_pkts=390 q_bytes=586560 qdelay_l_ms=1.00849 qdelay_c_ms=47.62 ecn_mark=110 drop=0
[QUEUE_STATS] t_ms=22480 q_pkts=690 q_bytes=1037460 qdelay_l_ms=0.106651 qdelay_c_ms=47.1373 ecn_mark=113 drop=0
[QUEUE_STATS] t_ms=22496 q_pkts=697 q_bytes=1047988 qdelay_l_ms=1.16304 qdelay_c_ms=27.9572 ecn_mark=113 drop=0
[QUEUE_STATS] t_ms=22512 q_pkts=669 q_bytes=1005876 qdelay_l_ms=0.809503 qdelay_c_ms=43.11 ecn_mark=114 drop=0
[QUEUE_STATS] t_ms=22528 q_pkts=435 q_bytes=654240 qdelay_l_ms=1.00992 qdelay_c_ms=48.058 ecn_mark=114 drop=0
[QUEUE_STATS] t_ms=22544 q_pkts=700 q_bytes=1051400 qdelay_l_ms=1.2034 qdelay_c_ms=46.8212 ecn_mark=114 drop=0
[QUEUE_STATS] t_ms=22560 q_pkts=698 q_bytes=1048392 qdelay_l_ms=1.18735 qdelay_c_ms=25.7375 ecn_mark=114 drop=0
[QUEUE_STATS] t_ms=22576 q_pkts=684 q_bytes=1027336 qdelay_l_ms=1.15011 qdelay_c_ms=40.3548 ecn_mark=115 drop=0
[QUEUE_STATS] t_ms=22592 q_pkts=447 q_bytes=672288 qdelay_l_ms=1.00973 qdelay_c_ms=47.071 ecn_mark=115 drop=0
[QUEUE_STATS] t_ms=22608 q_pkts=687 q_bytes=1033248 qdelay_l_ms=0 qdelay_c_ms=47.6954 ecn_mark=115 drop=0
[QUEUE_STATS] t_ms=22624 q_pkts=688 q_bytes=1034752 qdelay_l_ms=1.05775 qdelay_c_ms=24.2726 ecn_mark=116 drop=0
[QUEUE_STATS] t_ms=22640 q_pkts=690 q_bytes=1037760 qdelay_l_ms=1.17367 qdelay_c_ms=38.8615 ecn_mark=118 drop=0
[QUEUE_STATS] t_ms=22656 q_pkts=462 q_bytes=694848 qdelay_l_ms=0.997507 qdelay_c_ms=46.5414 ecn_mark=118 drop=0
[QUEUE_STATS] t_ms=22672 q_pkts=686 q_bytes=1031444 qdelay_l_ms=0.83987 qdelay_c_ms=47.4235 ecn_mark=119 drop=0
[QUEUE_STATS] t_ms=22688 q_pkts=687 q_bytes=1032948 qdelay_l_ms=1.15148 qdelay_c_ms=47.2595 ecn_mark=119 drop=0
[QUEUE_STATS] t_ms=22704 q_pkts=690 q_bytes=1037460 qdelay_l_ms=1.08014 qdelay_c_ms=38.1287 ecn_mark=119 drop=0
[QUEUE_STATS] t_ms=22721 q_pkts=472 q_bytes=709888 qdelay_l_ms=1.07777 qdelay_c_ms=47.2261 ecn_mark=119 drop=0
[QUEUE_STATS] t_ms=22736 q_pkts=693 q_bytes=1040872 qdelay_l_ms=1.0669 qdelay_c_ms=47.1845 ecn_mark=122 drop=0
[QUEUE_STATS] t_ms=22752 q_pkts=696 q_bytes=1045384 qdelay_l_ms=1.00358 qdelay_c_ms=24.133 ecn_mark=122 drop=0
[QUEUE_STATS] t_ms=22768 q_pkts=689 q_bytes=1034856 qdelay_l_ms=1.1157 qdelay_c_ms=38.9242 ecn_mark=123 drop=0
[QUEUE_STATS] t_ms=22784 q_pkts=521 q_bytes=783584 qdelay_l_ms=0.984141 qdelay_c_ms=46.5509 ecn_mark=124 drop=0
[QUEUE_STATS] t_ms=22800 q_pkts=693 q_bytes=1042272 qdelay_l_ms=1.13194 qdelay_c_ms=47.0391 ecn_mark=125 drop=0
[QUEUE_STATS] t_ms=22816 q_pkts=693 q_bytes=1042272 qdelay_l_ms=1.05929 qdelay_c_ms=47.655 ecn_mark=126 drop=0
[QUEUE_STATS] t_ms=22832 q_pkts=688 q_bytes=1034752 qdelay_l_ms=0 qdelay_c_ms=35.7376 ecn_mark=127 drop=0
[QUEUE_STATS] t_ms=22848 q_pkts=566 q_bytes=851264 qdelay_l_ms=1.07242 qdelay_c_ms=46.8909 ecn_mark=127 drop=0
[QUEUE_STATS] t_ms=22864 q_pkts=384 q_bytes=577536 qdelay_l_ms=0.333027 qdelay_c_ms=46.1212 ecn_mark=127 drop=0
[QUEUE_STATS] t_ms=22880 q_pkts=689 q_bytes=1035956 qdelay_l_ms=1.00435 qdelay_c_ms=47.6018 ecn_mark=127 drop=0
[QUEUE_STATS] t_ms=22896 q_pkts=690 q_bytes=1037460 qdelay_l_ms=1.16818 qdelay_c_ms=32.326 ecn_mark=127 drop=0
[QUEUE_STATS] t_ms=22912 q_pkts=577 q_bytes=867808 qdelay_l_ms=1.11503 qdelay_c_ms=47.044 ecn_mark=127 drop=0
[QUEUE_STATS] t_ms=22928 q_pkts=343 q_bytes=515872 qdelay_l_ms=0.98886 qdelay_c_ms=46.8332 ecn_mark=127 drop=0
[QUEUE_STATS] t_ms=22944 q_pkts=697 q_bytes=1046888 qdelay_l_ms=1.00553 qdelay_c_ms=46.9362 ecn_mark=128 drop=0
[QUEUE_STATS] t_ms=22960 q_pkts=680 q_bytes=1021320 qdelay_l_ms=0.036048 qdelay_c_ms=30.1729 ecn_mark=128 drop=0
[QUEUE_STATS] t_ms=22977 q_pkts=595 q_bytes=893480 qdelay_l_ms=1.10781 qdelay_c_ms=45.9422 ecn_mark=128 drop=0
[QUEUE_STATS] t_ms=22992 q_pkts=358 q_bytes=538432 qdelay_l_ms=0.98866 qdelay_c_ms=47.0545 ecn_mark=128 drop=0
[QUEUE_STATS] t_ms=23008 q_pkts=691 q_bytes=1039264 qdelay_l_ms=0.820734 qdelay_c_ms=46.6698 ecn_mark=129 drop=0
[QUEUE_STATS] t_ms=23024 q_pkts=697 q_bytes=1048288 qdelay_l_ms=1.15733 qdelay_c_ms=31.3027 ecn_mark=129 drop=0
[QUEUE_STATS] t_ms=23040 q_pkts=640 q_bytes=962560 qdelay_l_ms=1.10386 qdelay_c_ms=45.7624 ecn_mark=129 drop=0
[QUEUE_STATS] t_ms=23056 q_pkts=406 q_bytes=610624 qdelay_l_ms=1.10488 qdelay_c_ms=47.0071 ecn_mark=129 drop=0
[QUEUE_STATS] t_ms=23072 q_pkts=693 q_bytes=1041972 qdelay_l_ms=1.00395 qdelay_c_ms=47.0226 ecn_mark=132 drop=0
[QUEUE_STATS] t_ms=23088 q_pkts=690 q_bytes=1037460 qdelay_l_ms=0.71255 qdelay_c_ms=26.9277 ecn_mark=132 drop=0
[QUEUE_STATS] t_ms=23104 q_pkts=651 q_bytes=978804 qdelay_l_ms=1.09958 qdelay_c_ms=42.376 ecn_mark=132 drop=0
[QUEUE_STATS] t_ms=23120 q_pkts=416 q_bytes=625664 qdelay_l_ms=0.992928 qdelay_c_ms=46.9194 ecn_mark=133 drop=0
[QUEUE_STATS] t_ms=23136 q_pkts=694 q_bytes=1042376 qdelay_l_ms=0.828188 qdelay_c_ms=46.6143 ecn_mark=134 drop=0
[QUEUE_STATS] t_ms=23153 q_pkts=694 q_bytes=1042376 qdelay_l_ms=1.17141 qdelay_c_ms=28.0228 ecn_mark=134 drop=0
[QUEUE_STATS] t_ms=23168 q_pkts=689 q_bytes=1034856 qdelay_l_ms=0.993829 qdelay_c_ms=42.1015 ecn_mark=134 drop=0
[QUEUE_STATS] t_ms=23184 q_pkts=463 q_bytes=696352 qdelay_l_ms=0.985614 qdelay_c_ms=46.7337 ecn_mark=134 drop=0
[QUEUE_STATS] t_ms=23200 q_pkts=687 q_bytes=1033248 qdelay_l_ms=0.975185 qdelay_c_ms=46.9912 ecn_mark=134 drop=0
[QUEUE_STATS] t_ms=23216 q_pkts=691 q_bytes=1039264 qdelay_l_ms=1.14521 qdelay_c_ms=47.2627 ecn_mark=135 drop=0
[QUEUE_STATS] t_ms=23232 q_pkts=698 q_bytes=1049792 qdelay_l_ms=0.991836 qdelay_c_ms=38.4601 ecn_mark=137 drop=0
[QUEUE_STATS] t_ms=23248 q_pkts=521 q_bytes=783584 qdelay_l_ms=0.981476 qdelay_c_ms=46.9037 ecn_mark=137 drop=0
[QUEUE_STATS] t_ms=23264 q_pkts=694 q_bytes=1043476 qdelay_l_ms=0.882601 qdelay_c_ms=47.5667 ecn_mark=137 drop=0
[QUEUE_STATS] t_ms=23280 q_pkts=692 q_bytes=1040468 qdelay_l_ms=1.16294 qdelay_c_ms=47.8399 ecn_mark=138 drop=0
[QUEUE_STATS] t_ms=23296 q_pkts=689 q_bytes=1035956 qdelay_l_ms=0 qdelay_c_ms=34.5875 ecn_mark=138 drop=0
[QUEUE_STATS] t_ms=23313 q_pkts=534 q_bytes=803136 qdelay_l_ms=1.10864 qdelay_c_ms=47.2104 ecn_mark=138 drop=0
[QUEUE_STATS] t_ms=23328 q_pkts=683 q_bytes=1025832 qdelay_l_ms=0.08469 qdelay_c_ms=46.105 ecn_mark=138 drop=0
[QUEUE_STATS] t_ms=23344 q_pkts=693 q_bytes=1040872 qdelay_l_ms=1.00672 qdelay_c_ms=46.8913 ecn_mark=138 drop=0
[QUEUE_STATS] t_ms=23360 q_pkts=701 q_bytes=1052904 qdelay_l_ms=1.15969 qdelay_c_ms=34.5972 ecn_mark=139 drop=0
[QUEUE_STATS] t_ms=23376 q_pkts=581 q_bytes=873824 qdelay_l_ms=0.798342 qdelay_c_ms=46.6741 ecn_mark=139 drop=0
[QUEUE_STATS] t_ms=23392 q_pkts=347 q_bytes=521888 qdelay_l_ms=1.10484 qdelay_c_ms=47.9808 ecn_mark=139 drop=0
[QUEUE_STATS] t_ms=23408 q_pkts=696 q_bytes=1046784 qdelay_l_ms=1.17679 qdelay_c_ms=46.9264 ecn_mark=139 drop=0
[QUEUE_STATS] t_ms=23424 q_pkts=691 q_bytes=1039264 qdelay_l_ms=1.21341 qdelay_c_ms=30.768 ecn_mark=139 drop=0
[QUEUE_STATS] t_ms=23440 q_pkts=639 q_bytes=961056 qdelay_l_ms=0.814572 qdelay_c_ms=45.4982 ecn_mark=139 drop=0
[QUEUE_STATS] t_ms=23456 q_pkts=419 q_bytes=630176 qdelay_l_ms=1.11352 qdelay_c_ms=48.3261 ecn_mark=142 drop=0
[QUEUE_STATS] t_ms=23472 q_pkts=689 q_bytes=1035956 qdelay_l_ms=0.869756 qdelay_c_ms=47.8101 ecn_mark=142 drop=0
[QUEUE_STATS] t_ms=23488 q_pkts=692 q_bytes=1040468 qdelay_l_ms=1.09965 qdelay_c_ms=27.4846 ecn_mark=142 drop=0
[QUEUE_STATS] t_ms=23504 q_pkts=653 q_bytes=981812 qdelay_l_ms=0.793542 qdelay_c_ms=41.9073 ecn_mark=142 drop=0
[QUEUE_STATS] t_ms=23520 q_pkts=415 q_bytes=624160 qdelay_l_ms=1.10495 qdelay_c_ms=47.0783 ecn_mark=143 drop=0
[QUEUE_STATS] t_ms=23536 q_pkts=689 q_bytes=1034856 qdelay_l_ms=1.11783 qdelay_c_ms=46.79 ecn_mark=143 drop=0
[QUEUE_STATS] t_ms=23552 q_pkts=690 q_bytes=1036360 qdelay_l_ms=0.871179 qdelay_c_ms=26.8142 ecn_mark=143 drop=0
[QUEUE_STATS] t_ms=23568 q_pkts=666 q_bytes=1000264 qdelay_l_ms=0.014047 qdelay_c_ms=40.2751 ecn_mark=143 drop=0
[QUEUE_STATS] t_ms=23584 q_pkts=432 q_bytes=649728 qdelay_l_ms=0.996595 qdelay_c_ms=47.2156 ecn_mark=143 drop=0
[QUEUE_STATS] t_ms=23600 q_pkts=690 q_bytes=1037760 qdelay_l_ms=1.00786 qdelay_c_ms=46.9167 ecn_mark=143 drop=0
[QUEUE_STATS] t_ms=23616 q_pkts=690 q_bytes=1037760 qdelay_l_ms=1.127 qdelay_c_ms=24.9301 ecn_mark=143 drop=0
[QUEUE_STATS] t_ms=23632 q_pkts=695 q_bytes=1045280 qdelay_l_ms=1.18953 qdelay_c_ms=39.4637 ecn_mark=143 drop=0
[QUEUE_STATS] t_ms=23648 q_pkts=491 q_bytes=738464 qdelay_l_ms=1.06818 qdelay_c_ms=47.0071 ecn_mark=143 drop=0
[QUEUE_STATS] t_ms=23665 q_pkts=688 q_bytes=1034736 qdelay_l_ms=1.05497 qdelay_c_ms=46.6784 ecn_mark=143 drop=0
[QUEUE_STATS] t_ms=23680 q_pkts=690 q_bytes=1037744 qdelay_l_ms=1.16798 qdelay_c_ms=47.1132 ecn_mark=143 drop=0
[QUEUE_STATS] t_ms=23696 q_pkts=677 q_bytes=1018192 qdelay_l_ms=0.066525 qdelay_c_ms=35.6679 ecn_mark=143 drop=0
[QUEUE_STATS] t_ms=23712 q_pkts=550 q_bytes=827200 qdelay_l_ms=1.06726 qdelay_c_ms=46.9993 ecn_mark=144 drop=0
[QUEUE_STATS] t_ms=23728 q_pkts=646 q_bytes=971584 qdelay_l_ms=0 qdelay_c_ms=45.9069 ecn_mark=144 drop=0
[QUEUE_STATS] t_ms=23744 q_pkts=692 q_bytes=1040520 qdelay_l_ms=1.09566 qdelay_c_ms=47.9858 ecn_mark=144 drop=0
[QUEUE_STATS] t_ms=23760 q_pkts=695 q_bytes=1045032 qdelay_l_ms=1.17164 qdelay_c_ms=33.1557 ecn_mark=145 drop=0
[QUEUE_STATS] t_ms=23776 q_pkts=567 q_bytes=852768 qdelay_l_ms=1.06828 qdelay_c_ms=47.1717 ecn_mark=146 drop=0
[QUEUE_STATS] t_ms=23792 q_pkts=459 q_bytes=690336 qdelay_l_ms=0 qdelay_c_ms=47.0333 ecn_mark=147 drop=0
[QUEUE_STATS] t_ms=23808 q_pkts=691 q_bytes=1039264 qdelay_l_ms=1.17571 qdelay_c_ms=47.7694 ecn_mark=148 drop=0
[QUEUE_STATS] t_ms=23824 q_pkts=689 q_bytes=1036256 qdelay_l_ms=0.923447 qdelay_c_ms=32.6439 ecn_mark=149 drop=0
[QUEUE_STATS] t_ms=23840 q_pkts=609 q_bytes=915936 qdelay_l_ms=0.990433 qdelay_c_ms=47.1834 ecn_mark=149 drop=0
[QUEUE_STATS] t_ms=23856 q_pkts=372 q_bytes=559488 qdelay_l_ms=0 qdelay_c_ms=46.435 ecn_mark=150 drop=0
[QUEUE_STATS] t_ms=23872 q_pkts=691 q_bytes=1039248 qdelay_l_ms=1.15957 qdelay_c_ms=48.0344 ecn_mark=151 drop=0
[QUEUE_STATS] t_ms=23888 q_pkts=683 q_bytes=1027216 qdelay_l_ms=0 qdelay_c_ms=28.2684 ecn_mark=151 drop=0
[QUEUE_STATS] t_ms=23904 q_pkts=626 q_bytes=941488 qdelay_l_ms=0.799965 qdelay_c_ms=43.5888 ecn_mark=151 drop=0
[QUEUE_STATS] t_ms=23920 q_pkts=391 q_bytes=588064 qdelay_l_ms=1.10352 qdelay_c_ms=47.6607 ecn_mark=153 drop=0
[QUEUE_STATS] t_ms=23936 q_pkts=692 q_bytes=1040520 qdelay_l_ms=1.00332 qdelay_c_ms=46.8939 ecn_mark=154 drop=0
[QUEUE_STATS] t_ms=23952 q_pkts=676 q_bytes=1016456 qdelay_l_ms=0.044294 qdelay_c_ms=27.3162 ecn_mark=154 drop=0
[QUEUE_STATS] t_ms=23968 q_pkts=651 q_bytes=978856 qdelay_l_ms=1.07072 qdelay_c_ms=42.3096 ecn_mark=154 drop=0
[QUEUE_STATS] t_ms=23984 q_pkts=418 q_bytes=628672 qdelay_l_ms=1.12756 qdelay_c_ms=47.2561 ecn_mark=154 drop=0
[QUEUE_STATS] t_ms=24001 q_pkts=692 q_bytes=1040768 qdelay_l_ms=1.17356 qdelay_c_ms=48.1695 ecn_mark=155 drop=0
[QUEUE_STATS] t_ms=24016 q_pkts=689 q_bytes=1036256 qdelay_l_ms=1.01471 qdelay_c_ms=27.9019 ecn_mark=157 drop=0
[QUEUE_STATS] t_ms=24032 q_pkts=683 q_bytes=1027232 qdelay_l_ms=0.988008 qdelay_c_ms=42.7873 ecn_mark=158 drop=0
[QUEUE_STATS] t_ms=24048 q_pkts=447 q_bytes=672288 qdelay_l_ms=0.989352 qdelay_c_ms=46.7084 ecn_mark=159 drop=0
[QUEUE_STATS] t_ms=24064 q_pkts=688 q_bytes=1034736 qdelay_l_ms=0 qdelay_c_ms=46.6564 ecn_mark=159 drop=0
[QUEUE_STATS] t_ms=24080 q_pkts=694 q_bytes=1043760 qdelay_l_ms=1.11261 qdelay_c_ms=24.0302 ecn_mark=161 drop=0
[QUEUE_STATS] t_ms=24096 q_pkts=701 q_bytes=1054288 qdelay_l_ms=1.13359 qdelay_c_ms=38.5475 ecn_mark=161 drop=0
[QUEUE_STATS] t_ms=24112 q_pkts=508 q_bytes=764032 qdelay_l_ms=0.023684 qdelay_c_ms=47.0668 ecn_mark=163 drop=0
[QUEUE_STATS] t_ms=24128 q_pkts=694 q_bytes=1043528 qdelay_l_ms=0.992667 qdelay_c_ms=47.7083 ecn_mark=163 drop=0
[QUEUE_STATS] t_ms=24145 q_pkts=692 q_bytes=1040520 qdelay_l_ms=1.04282 qdelay_c_ms=47.9042 ecn_mark=164 drop=0
[QUEUE_STATS] t_ms=24160 q_pkts=695 q_bytes=1045032 qdelay_l_ms=0.875978 qdelay_c_ms=36.4064 ecn_mark=164 drop=0
[QUEUE_STATS] t_ms=24176 q_pkts=563 q_bytes=846752 qdelay_l_ms=1.1289 qdelay_c_ms=47.4095 ecn_mark=164 drop=0
[QUEUE_STATS] t_ms=24192 q_pkts=647 q_bytes=973088 qdelay_l_ms=0 qdelay_c_ms=46.0417 ecn_mark=164 drop=0
[QUEUE_STATS] t_ms=24208 q_pkts=697 q_bytes=1048288 qdelay_l_ms=0.824071 qdelay_c_ms=47.8179 ecn_mark=164 drop=0
[QUEUE_STATS] t_ms=24224 q_pkts=703 q_bytes=1057312 qdelay_l_ms=1.16233 qdelay_c_ms=33.1662 ecn_mark=164 drop=0
[QUEUE_STATS] t_ms=24240 q_pkts=595 q_bytes=894880 qdelay_l_ms=0.991716 qdelay_c_ms=47.631 ecn_mark=164 drop=0
[QUEUE_STATS] t_ms=24256 q_pkts=359 q_bytes=539936 qdelay_l_ms=0.994731 qdelay_c_ms=47.266 ecn_mark=165 drop=0
[QUEUE_STATS] t_ms=24272 q_pkts=688 q_bytes=1034736 qdelay_l_ms=0.87704 qdelay_c_ms=47.7536 ecn_mark=165 drop=0
[QUEUE_STATS] t_ms=24288 q_pkts=684 q_bytes=1028720 qdelay_l_ms=0.086262 qdelay_c_ms=29.3865 ecn_mark=165 drop=0
[QUEUE_STATS] t_ms=24304 q_pkts=608 q_bytes=914416 qdelay_l_ms=1.00061 qdelay_c_ms=44.6761 ecn_mark=167 drop=0
[QUEUE_STATS] t_ms=24320 q_pkts=371 q_bytes=557984 qdelay_l_ms=0 qdelay_c_ms=46.4343 ecn_mark=168 drop=0
[QUEUE_STATS] t_ms=24336 q_pkts=690 q_bytes=1037512 qdelay_l_ms=1.19884 qdelay_c_ms=47.8117 ecn_mark=170 drop=0
[QUEUE_STATS] t_ms=24352 q_pkts=687 q_bytes=1033000 qdelay_l_ms=0.994971 qdelay_c_ms=29.3203 ecn_mark=171 drop=0
[QUEUE_STATS] t_ms=24368 q_pkts=679 q_bytes=1020968 qdelay_l_ms=1.08101 qdelay_c_ms=43.0428 ecn_mark=171 drop=0
[QUEUE_STATS] t_ms=24384 q_pkts=427 q_bytes=642208 qdelay_l_ms=1.01112 qdelay_c_ms=47.1066 ecn_mark=173 drop=0
[QUEUE_STATS] t_ms=24400 q_pkts=682 q_bytes=1025728 qdelay_l_ms=0.022672 qdelay_c_ms=46.3371 ecn_mark=173 drop=0
[QUEUE_STATS] t_ms=24416 q_pkts=681 q_bytes=1024224 qdelay_l_ms=0.056747 qdelay_c_ms=25.91 ecn_mark=173 drop=0
[QUEUE_STATS] t_ms=24432 q_pkts=686 q_bytes=1031744 qdelay_l_ms=0.752956 qdelay_c_ms=41.0393 ecn_mark=174 drop=0
[QUEUE_STATS] t_ms=24448 q_pkts=480 q_bytes=721920 qdelay_l_ms=1.01558 qdelay_c_ms=47.5267 ecn_mark=175 drop=0
[QUEUE_STATS] t_ms=24464 q_pkts=702 q_bytes=1054924 qdelay_l_ms=1.00985 qdelay_c_ms=46.4605 ecn_mark=176 drop=0
[QUEUE_STATS] t_ms=24481 q_pkts=689 q_bytes=1035372 qdelay_l_ms=1.11562 qdelay_c_ms=47.1225 ecn_mark=177 drop=0
[QUEUE_STATS] t_ms=24496 q_pkts=692 q_bytes=1039884 qdelay_l_ms=1.2084 qdelay_c_ms=36.5881 ecn_mark=178 drop=0
[QUEUE_STATS] t_ms=24512 q_pkts=532 q_bytes=800128 qdelay_l_ms=0.760681 qdelay_c_ms=46.8814 ecn_mark=178 drop=0
[QUEUE_STATS] t_ms=24528 q_pkts=576 q_bytes=866304 qdelay_l_ms=0 qdelay_c_ms=45.9176 ecn_mark=178 drop=0
[QUEUE_STATS] t_ms=24544 q_pkts=694 q_bytes=1042960 qdelay_l_ms=1.00911 qdelay_c_ms=47.6453 ecn_mark=179 drop=0
[QUEUE_STATS] t_ms=24560 q_pkts=679 q_bytes=1020400 qdelay_l_ms=0.072817 qdelay_c_ms=32.6091 ecn_mark=179 drop=0
[QUEUE_STATS] t_ms=24576 q_pkts=590 q_bytes=887360 qdelay_l_ms=1.00376 qdelay_c_ms=47.9417 ecn_mark=179 drop=0
[QUEUE_STATS] t_ms=24592 q_pkts=368 q_bytes=553472 qdelay_l_ms=1.00199 qdelay_c_ms=47.3877 ecn_mark=179 drop=0
[QUEUE_STATS] t_ms=24608 q_pkts=691 q_bytes=1039264 qdelay_l_ms=1.18313 qdelay_c_ms=47.3147 ecn_mark=179 drop=0
[QUEUE_STATS] t_ms=24624 q_pkts=698 q_bytes=1049792 qdelay_l_ms=1.21545 qdelay_c_ms=30.5402 ecn_mark=179 drop=0
[QUEUE_STATS] t_ms=24641 q_pkts=639 q_bytes=961056 qdelay_l_ms=1.10426 qdelay_c_ms=45.8009 ecn_mark=180 drop=0
[QUEUE_STATS] t_ms=24656 q_pkts=404 q_bytes=607616 qdelay_l_ms=0.998328 qdelay_c_ms=46.2533 ecn_mark=180 drop=0
[QUEUE_STATS] t_ms=24672 q_pkts=675 q_bytes=1014316 qdelay_l_ms=0 qdelay_c_ms=46.8924 ecn_mark=181 drop=0
[QUEUE_STATS] t_ms=24688 q_pkts=675 q_bytes=1014316 qdelay_l_ms=0.074741 qdelay_c_ms=26.4995 ecn_mark=181 drop=0
[QUEUE_STATS] t_ms=24704 q_pkts=649 q_bytes=975212 qdelay_l_ms=1.11786 qdelay_c_ms=42.155 ecn_mark=181 drop=0
[QUEUE_STATS] t_ms=24720 q_pkts=414 q_bytes=622656 qdelay_l_ms=1.00468 qdelay_c_ms=46.6134 ecn_mark=181 drop=0
[QUEUE_STATS] t_ms=24736 q_pkts=688 q_bytes=1033936 qdelay_l_ms=1.00285 qdelay_c_ms=46.6494 ecn_mark=181 drop=0
[QUEUE_STATS] t_ms=24752 q_pkts=693 q_bytes=1041456 qdelay_l_ms=1.01564 qdelay_c_ms=26.3786 ecn_mark=182 drop=0
[QUEUE_STATS] t_ms=24768 q_pkts=676 q_bytes=1015888 qdelay_l_ms=1.01397 qdelay_c_ms=40.2997 ecn_mark=182 drop=0
[QUEUE_STATS] t_ms=24784 q_pkts=427 q_bytes=642208 qdelay_l_ms=1.01558 qdelay_c_ms=47.2033 ecn_mark=182 drop=0
[QUEUE_STATS] t_ms=24800 q_pkts=690 q_bytes=1037760 qdelay_l_ms=1.01142 qdelay_c_ms=47.0488 ecn_mark=182 drop=0
[QUEUE_STATS] t_ms=24816 q_pkts=689 q_bytes=1036256 qdelay_l_ms=0.101602 qdelay_c_ms=24.9052 ecn_mark=182 drop=0
[QUEUE_STATS] t_ms=24833 q_pkts=682 q_bytes=1025728 qdelay_l_ms=1.13153 qdelay_c_ms=40.6373 ecn_mark=182 drop=0
[QUEUE_STATS] t_ms=24848 q_pkts=447 q_bytes=672288 qdelay_l_ms=1.01616 qdelay_c_ms=47.0927 ecn_mark=182 drop=0
[QUEUE_STATS] t_ms=24864 q_pkts=692 q_bytes=1039884 qdelay_l_ms=0.98874 qdelay_c_ms=47.586 ecn_mark=182 drop=0
[QUEUE_STATS] t_ms=24880 q_pkts=674 q_bytes=1012812 qdelay_l_ms=0.053301 qdelay_c_ms=23.7937 ecn_mark=182 drop=0
[QUEUE_STATS] t_ms=24896 q_pkts=691 q_bytes=1038380 qdelay_l_ms=1.19508 qdelay_c_ms=39.4619 ecn_mark=183 drop=0
[QUEUE_STATS] t_ms=24912 q_pkts=455 q_bytes=684320 qdelay_l_ms=0.992968 qdelay_c_ms=47.7103 ecn_mark=183 drop=0
[QUEUE_STATS] t_ms=24928 q_pkts=676 q_bytes=1015888 qdelay_l_ms=0.058611 qdelay_c_ms=46.0027 ecn_mark=185 drop=0
[QUEUE_STATS] t_ms=24944 q_pkts=676 q_bytes=1015888 qdelay_l_ms=0.013967 qdelay_c_ms=24.0971 ecn_mark=185 drop=0
[QUEUE_STATS] t_ms=24960 q_pkts=690 q_bytes=1036944 qdelay_l_ms=1.06632 qdelay_c_ms=39.3383 ecn_mark=185 drop=0
[QUEUE_STATS] t_ms=24976 q_pkts=502 q_bytes=755008 qdelay_l_ms=0 qdelay_c_ms=46.0119 ecn_mark=186 drop=0
[QUEUE_STATS] t_ms=24992 q_pkts=672 q_bytes=1010688 qdelay_l_ms=0 qdelay_c_ms=46.0137 ecn_mark=190 drop=0
[QUEUE_STATS] t_ms=25008 q_pkts=692 q_bytes=1040768 qdelay_l_ms=1.18865 qdelay_c_ms=46.9676 ecn_mark=190 drop=0
[QUEUE_STATS] t_ms=25024 q_pkts=695 q_bytes=1045280 qdelay_l_ms=1.16299 qdelay_c_ms=34.6474 ecn_mark=190 drop=0
[QUEUE_STATS] t_ms=25040 q_pkts=565 q_bytes=849760 qdelay_l_ms=1.06696 qdelay_c_ms=46.8468 ecn_mark=191 drop=0
[QUEUE_STATS] t_ms=25056 q_pkts=342 q_bytes=514368 qdelay_l_ms=0.141606 qdelay_c_ms=46.1634 ecn_mark=192 drop=0
[QUEUE_STATS] t_ms=25072 q_pkts=688 q_bytes=1033868 qdelay_l_ms=1.06479 qdelay_c_ms=47.7059 ecn_mark=192 drop=0
[QUEUE_STATS] t_ms=25088 q_pkts=688 q_bytes=1033868 qdelay_l_ms=1.17657 qdelay_c_ms=31.85 ecn_mark=192 drop=0
[QUEUE_STATS] t_ms=25104 q_pkts=571 q_bytes=858784 qdelay_l_ms=1.1042 qdelay_c_ms=46.4306 ecn_mark=193 drop=0
[QUEUE_STATS] t_ms=25120 q_pkts=351 q_bytes=527904 qdelay_l_ms=1.01258 qdelay_c_ms=47.1694 ecn_mark=193 drop=0
[QUEUE_STATS] t_ms=25136 q_pkts=690 q_bytes=1037228 qdelay_l_ms=0.999881 qdelay_c_ms=46.9074 ecn_mark=194 drop=0
[QUEUE_STATS] t_ms=25152 q_pkts=687 q_bytes=1032716 qdelay_l_ms=0.091342 qdelay_c_ms=30.9844 ecn_mark=196 drop=0
[QUEUE_STATS] t_ms=25168 q_pkts=624 q_bytes=938496 qdelay_l_ms=0.838888 qdelay_c_ms=46.3332 ecn_mark=198 drop=0
[QUEUE_STATS] t_ms=25184 q_pkts=385 q_bytes=579040 qdelay_l_ms=1.00604 qdelay_c_ms=47.0865 ecn_mark=198 drop=0
[QUEUE_STATS] t_ms=25200 q_pkts=690 q_bytes=1037476 qdelay_l_ms=1.0053 qdelay_c_ms=46.747 ecn_mark=198 drop=0
[QUEUE_STATS] t_ms=25216 q_pkts=688 q_bytes=1034468 qdelay_l_ms=1.00043 qdelay_c_ms=29.409 ecn_mark=198 drop=0
[QUEUE_STATS] t_ms=25232 q_pkts=679 q_bytes=1020932 qdelay_l_ms=1.14722 qdelay_c_ms=43.6165 ecn_mark=198 drop=0
[QUEUE_STATS] t_ms=25248 q_pkts=429 q_bytes=645216 qdelay_l_ms=1.07174 qdelay_c_ms=47.2302 ecn_mark=199 drop=0
[QUEUE_STATS] t_ms=25264 q_pkts=681 q_bytes=1023340 qdelay_l_ms=0.088877 qdelay_c_ms=46.3087 ecn_mark=200 drop=0
[QUEUE_STATS] t_ms=25280 q_pkts=693 q_bytes=1041388 qdelay_l_ms=1.18842 qdelay_c_ms=25.7676 ecn_mark=200 drop=0
[QUEUE_STATS] t_ms=25297 q_pkts=679 q_bytes=1020332 qdelay_l_ms=1.11207 qdelay_c_ms=40.5227 ecn_mark=200 drop=0
[QUEUE_STATS] t_ms=25312 q_pkts=456 q_bytes=685824 qdelay_l_ms=1.01976 qdelay_c_ms=47.2858 ecn_mark=202 drop=0
[QUEUE_STATS] t_ms=25328 q_pkts=689 q_bytes=1035724 qdelay_l_ms=0.894333 qdelay_c_ms=47.1316 ecn_mark=203 drop=0
[QUEUE_STATS] t_ms=25344 q_pkts=689 q_bytes=1035724 qdelay_l_ms=1.11136 qdelay_c_ms=25.4737 ecn_mark=204 drop=0
[QUEUE_STATS] t_ms=25360 q_pkts=682 q_bytes=1025196 qdelay_l_ms=1.00367 qdelay_c_ms=40.3522 ecn_mark=204 drop=0
[QUEUE_STATS] t_ms=25376 q_pkts=491 q_bytes=738464 qdelay_l_ms=1.02035 qdelay_c_ms=46.7312 ecn_mark=205 drop=0
[QUEUE_STATS] t_ms=25392 q_pkts=686 q_bytes=1031460 qdelay_l_ms=0.900374 qdelay_c_ms=46.7608 ecn_mark=205 drop=0
[QUEUE_STATS] t_ms=25408 q_pkts=690 q_bytes=1037476 qdelay_l_ms=0.928687 qdelay_c_ms=46.9605 ecn_mark=205 drop=0
[QUEUE_STATS] t_ms=25424 q_pkts=689 q_bytes=1035972 qdelay_l_ms=1.15208 qdelay_c_ms=35.781 ecn_mark=206 drop=0
[QUEUE_STATS] t_ms=25440 q_pkts=561 q_bytes=843744 qdelay_l_ms=1.07305 qdelay_c_ms=47.2864 ecn_mark=207 drop=0
[QUEUE_STATS] t_ms=25456 q_pkts=482 q_bytes=724928 qdelay_l_ms=0 qdelay_c_ms=46.07 ecn_mark=208 drop=0
[QUEUE_STATS] t_ms=25472 q_pkts=687 q_bytes=1032364 qdelay_l_ms=0.891357 qdelay_c_ms=47.0482 ecn_mark=209 drop=0
[QUEUE_STATS] t_ms=25488 q_pkts=686 q_bytes=1030860 qdelay_l_ms=0.736005 qdelay_c_ms=32.7099 ecn_mark=211 drop=0
[QUEUE_STATS] t_ms=25504 q_pkts=560 q_bytes=842240 qdelay_l_ms=0.832696 qdelay_c_ms=46.913 ecn_mark=211 drop=0
[QUEUE_STATS] t_ms=25520 q_pkts=508 q_bytes=764032 qdelay_l_ms=0 qdelay_c_ms=46.2656 ecn_mark=212 drop=0
[QUEUE_STATS] t_ms=25536 q_pkts=691 q_bytes=1038732 qdelay_l_ms=1.18849 qdelay_c_ms=47.0447 ecn_mark=212 drop=0
[QUEUE_STATS] t_ms=25552 q_pkts=688 q_bytes=1034220 qdelay_l_ms=0.956169 qdelay_c_ms=32.9069 ecn_mark=212 drop=0
[QUEUE_STATS] t_ms=25568 q_pkts=564 q_bytes=848256 qdelay_l_ms=1.10451 qdelay_c_ms=47.0068 ecn_mark=212 drop=0
[QUEUE_STATS] t_ms=25584 q_pkts=340 q_bytes=511360 qdelay_l_ms=0.126648 qdelay_c_ms=46.0946 ecn_mark=213 drop=0
[QUEUE_STATS] t_ms=25600 q_pkts=678 q_bytes=1018844 qdelay_l_ms=0.06889 qdelay_c_ms=46.2787 ecn_mark=213 drop=0
[QUEUE_STATS] t_ms=25616 q_pkts=690 q_bytes=1036892 qdelay_l_ms=1.17785 qdelay_c_ms=31.0501 ecn_mark=214 drop=0
[QUEUE_STATS] t_ms=25632 q_pkts=618 q_bytes=929472 qdelay_l_ms=1.00128 qdelay_c_ms=46.1392 ecn_mark=214 drop=0
[QUEUE_STATS] t_ms=25648 q_pkts=384 q_bytes=577536 qdelay_l_ms=1.10531 qdelay_c_ms=46.8053 ecn_mark=214 drop=0
[QUEUE_STATS] t_ms=25664 q_pkts=690 q_bytes=1037460 qdelay_l_ms=1.2183 qdelay_c_ms=47.0863 ecn_mark=214 drop=0
[QUEUE_STATS] t_ms=25680 q_pkts=688 q_bytes=1034452 qdelay_l_ms=1.16127 qdelay_c_ms=27.8557 ecn_mark=215 drop=0
[QUEUE_STATS] t_ms=25696 q_pkts=634 q_bytes=953236 qdelay_l_ms=1.013 qdelay_c_ms=42.7082 ecn_mark=217 drop=0
[QUEUE_STATS] t_ms=25712 q_pkts=396 q_bytes=595584 qdelay_l_ms=1.0119 qdelay_c_ms=46.7074 ecn_mark=217 drop=0
[QUEUE_STATS] t_ms=25728 q_pkts=673 q_bytes=1011660 qdelay_l_ms=0.053431 qdelay_c_ms=46.3141 ecn_mark=217 drop=0
[QUEUE_STATS] t_ms=25744 q_pkts=690 q_bytes=1037228 qdelay_l_ms=1.0095 qdelay_c_ms=28.6107 ecn_mark=218 drop=0
[QUEUE_STATS] t_ms=25760 q_pkts=680 q_bytes=1022188 qdelay_l_ms=1.13841 qdelay_c_ms=43.0624 ecn_mark=218 drop=0
[QUEUE_STATS] t_ms=25776 q_pkts=445 q_bytes=669280 qdelay_l_ms=1.01064 qdelay_c_ms=46.7876 ecn_mark=218 drop=0
[QUEUE_STATS] t_ms=25792 q_pkts=691 q_bytes=1038396 qdelay_l_ms=1.15805 qdelay_c_ms=46.877 ecn_mark=218 drop=0
[QUEUE_STATS] t_ms=25809 q_pkts=688 q_bytes=1033884 qdelay_l_ms=1.16872 qdelay_c_ms=25.0315 ecn_mark=218 drop=0
[QUEUE_STATS] t_ms=25824 q_pkts=681 q_bytes=1023356 qdelay_l_ms=0 qdelay_c_ms=38.3198 ecn_mark=218 drop=0
[QUEUE_STATS] t_ms=25840 q_pkts=452 q_bytes=679808 qdelay_l_ms=1.01441 qdelay_c_ms=45.7345 ecn_mark=218 drop=0
[QUEUE_STATS] t_ms=25856 q_pkts=677 q_bytes=1017908 qdelay_l_ms=0.048932 qdelay_c_ms=46.0563 ecn_mark=218 drop=0
[QUEUE_STATS] t_ms=25872 q_pkts=684 q_bytes=1028436 qdelay_l_ms=1.07092 qdelay_c_ms=24.6379 ecn_mark=218 drop=0
[QUEUE_STATS] t_ms=25888 q_pkts=688 q_bytes=1034452 qdelay_l_ms=0.93021 qdelay_c_ms=39.4526 ecn_mark=220 drop=0
[QUEUE_STATS] t_ms=25904 q_pkts=458 q_bytes=688832 qdelay_l_ms=0.019437 qdelay_c_ms=45.8079 ecn_mark=220 drop=0
[QUEUE_STATS] t_ms=25920 q_pkts=699 q_bytes=1050764 qdelay_l_ms=0.90891 qdelay_c_ms=47.3177 ecn_mark=222 drop=0
[QUEUE_STATS] t_ms=25936 q_pkts=689 q_bytes=1035724 qdelay_l_ms=1.01335 qdelay_c_ms=23.4504 ecn_mark=222 drop=0
[QUEUE_STATS] t_ms=25952 q_pkts=687 q_bytes=1032716 qdelay_l_ms=1.04928 qdelay_c_ms=37.997 ecn_mark=223 drop=0
[QUEUE_STATS] t_ms=25968 q_pkts=529 q_bytes=795616 qdelay_l_ms=1.06768 qdelay_c_ms=47.1815 ecn_mark=223 drop=0
[QUEUE_STATS] t_ms=25984 q_pkts=684 q_bytes=1027868 qdelay_l_ms=1.02199 qdelay_c_ms=46.9525 ecn_mark=223 drop=0
[QUEUE_STATS] t_ms=26000 q_pkts=690 q_bytes=1036892 qdelay_l_ms=1.11268 qdelay_c_ms=47.0575 ecn_mark=225 drop=0
[QUEUE_STATS] t_ms=26016 q_pkts=684 q_bytes=1027868 qdelay_l_ms=0 qdelay_c_ms=35.5624 ecn_mark=225 drop=0
[QUEUE_STATS] t_ms=26032 q_pkts=556 q_bytes=836224 qdelay_l_ms=1.10593 qdelay_c_ms=46.6221 ecn_mark=225 drop=0
[QUEUE_STATS] t_ms=26048 q_pkts=434 q_bytes=652736 qdelay_l_ms=1.19464 qdelay_c_ms=47.0564 ecn_mark=226 drop=0
[QUEUE_STATS] t_ms=26064 q_pkts=689 q_bytes=1035956 qdelay_l_ms=1.19677 qdelay_c_ms=46.1578 ecn_mark=227 drop=0
[QUEUE_STATS] t_ms=26080 q_pkts=685 q_bytes=1029940 qdelay_l_ms=1.13237 qdelay_c_ms=32.5545 ecn_mark=228 drop=0
[QUEUE_STATS] t_ms=26096 q_pkts=575 q_bytes=864800 qdelay_l_ms=1.11271 qdelay_c_ms=46.4781 ecn_mark=228 drop=0
[QUEUE_STATS] t_ms=26112 q_pkts=380 q_bytes=571520 qdelay_l_ms=0.347895 qdelay_c_ms=46.0192 ecn_mark=228 drop=0
[QUEUE_STATS] t_ms=26128 q_pkts=683 q_bytes=1027232 qdelay_l_ms=1.06577 qdelay_c_ms=46.8182 ecn_mark=230 drop=0
[QUEUE_STATS] t_ms=26144 q_pkts=669 q_bytes=1006176 qdelay_l_ms=0 qdelay_c_ms=30.8018 ecn_mark=232 drop=0
[QUEUE_STATS] t_ms=26160 q_pkts=582 q_bytes=875328 qdelay_l_ms=1.08619 qdelay_c_ms=45.5752 ecn_mark=232 drop=0
[QUEUE_STATS] t_ms=26176 q_pkts=384 q_bytes=577536 qdelay_l_ms=0.315363 qdelay_c_ms=46.1494 ecn_mark=232 drop=0
[QUEUE_STATS] t_ms=26192 q_pkts=676 q_bytes=1015304 qdelay_l_ms=0 qdelay_c_ms=45.954 ecn_mark=232 drop=0
[QUEUE_STATS] t_ms=26208 q_pkts=687 q_bytes=1031848 qdelay_l_ms=1.14707 qdelay_c_ms=31.9143 ecn_mark=233 drop=0
[QUEUE_STATS] t_ms=26225 q_pkts=619 q_bytes=930976 qdelay_l_ms=1.11726 qdelay_c_ms=46.7932 ecn_mark=233 drop=0
[QUEUE_STATS] t_ms=26240 q_pkts=380 q_bytes=571520 qdelay_l_ms=1.01872 qdelay_c_ms=46.0814 ecn_mark=233 drop=0
[QUEUE_STATS] t_ms=26256 q_pkts=692 q_bytes=1040468 qdelay_l_ms=1.00644 qdelay_c_ms=47.0482 ecn_mark=233 drop=0
[QUEUE_STATS] t_ms=26272 q_pkts=692 q_bytes=1040468 qdelay_l_ms=1.13676 qdelay_c_ms=28.9891 ecn_mark=233 drop=0
[QUEUE_STATS] t_ms=26288 q_pkts=616 q_bytes=926164 qdelay_l_ms=1.01498 qdelay_c_ms=43.7237 ecn_mark=235 drop=0
[QUEUE_STATS] t_ms=26304 q_pkts=381 q_bytes=573024 qdelay_l_ms=1.0109 qdelay_c_ms=46.8181 ecn_mark=235 drop=0
[QUEUE_STATS] t_ms=26321 q_pkts=685 q_bytes=1030240 qdelay_l_ms=1.07116 qdelay_c_ms=47.2057 ecn_mark=235 drop=0
[QUEUE_STATS] t_ms=26336 q_pkts=684 q_bytes=1028736 qdelay_l_ms=1.00244 qdelay_c_ms=27.7551 ecn_mark=235 drop=0
[QUEUE_STATS] t_ms=26352 q_pkts=628 q_bytes=944512 qdelay_l_ms=1.03489 qdelay_c_ms=42.7494 ecn_mark=236 drop=0
[QUEUE_STATS] t_ms=26368 q_pkts=393 q_bytes=591072 qdelay_l_ms=1.01997 qdelay_c_ms=46.6483 ecn_mark=236 drop=0
[QUEUE_STATS] t_ms=26384 q_pkts=690 q_bytes=1036360 qdelay_l_ms=1.16398 qdelay_c_ms=46.6153 ecn_mark=236 drop=0
[QUEUE_STATS] t_ms=26400 q_pkts=670 q_bytes=1006280 qdelay_l_ms=0.055434 qdelay_c_ms=27.8697 ecn_mark=236 drop=0
[QUEUE_STATS] t_ms=26416 q_pkts=677 q_bytes=1016808 qdelay_l_ms=1.01997 qdelay_c_ms=42.7562 ecn_mark=236 drop=0
[QUEUE_STATS] t_ms=26432 q_pkts=441 q_bytes=663264 qdelay_l_ms=1.11592 qdelay_c_ms=46.7246 ecn_mark=236 drop=0
[QUEUE_STATS] t_ms=26448 q_pkts=687 q_bytes=1032948 qdelay_l_ms=1.01393 qdelay_c_ms=46.4769 ecn_mark=239 drop=0
[QUEUE_STATS] t_ms=26464 q_pkts=683 q_bytes=1026932 qdelay_l_ms=1.01096 qdelay_c_ms=24.9441 ecn_mark=239 drop=0
[QUEUE_STATS] t_ms=26480 q_pkts=692 q_bytes=1040468 qdelay_l_ms=1.18447 qdelay_c_ms=39.9311 ecn_mark=239 drop=0
[QUEUE_STATS] t_ms=26496 q_pkts=498 q_bytes=748992 qdelay_l_ms=1.0645 qdelay_c_ms=47.098 ecn_mark=242 drop=0
[QUEUE_STATS] t_ms=26512 q_pkts=684 q_bytes=1028736 qdelay_l_ms=1.01875 qdelay_c_ms=46.9036 ecn_mark=243 drop=0
[QUEUE_STATS] t_ms=26529 q_pkts=691 q_bytes=1039264 qdelay_l_ms=1.17735 qdelay_c_ms=47.1439 ecn_mark=243 drop=0
[QUEUE_STATS] t_ms=26544 q_pkts=671 q_bytes=1009184 qdelay_l_ms=0 qdelay_c_ms=35.8497 ecn_mark=243 drop=0
[QUEUE_STATS] t_ms=26560 q_pkts=515 q_bytes=774560 qdelay_l_ms=0 qdelay_c_ms=46.2725 ecn_mark=243 drop=0
[QUEUE_STATS] t_ms=26576 q_pkts=698 q_bytes=1048392 qdelay_l_ms=0.844759 qdelay_c_ms=46.7059 ecn_mark=243 drop=0
[QUEUE_STATS] t_ms=26592 q_pkts=685 q_bytes=1028840 qdelay_l_ms=1.03384 qdelay_c_ms=46.8798 ecn_mark=244 drop=0
[QUEUE_STATS] t_ms=26608 q_pkts=687 q_bytes=1031848 qdelay_l_ms=1.03242 qdelay_c_ms=34.7372 ecn_mark=245 drop=0
[QUEUE_STATS] t_ms=26624 q_pkts=526 q_bytes=791104 qdelay_l_ms=1.02999 qdelay_c_ms=47.1282 ecn_mark=246 drop=0
[QUEUE_STATS] t_ms=26640 q_pkts=684 q_bytes=1028436 qdelay_l_ms=0.810084 qdelay_c_ms=47.0673 ecn_mark=247 drop=0
[QUEUE_STATS] t_ms=26656 q_pkts=684 q_bytes=1028436 qdelay_l_ms=1.12486 qdelay_c_ms=46.8475 ecn_mark=247 drop=0
[QUEUE_STATS] t_ms=26672 q_pkts=669 q_bytes=1005876 qdelay_l_ms=0.024075 qdelay_c_ms=33.6838 ecn_mark=247 drop=0
[QUEUE_STATS] t_ms=26688 q_pkts=569 q_bytes=855776 qdelay_l_ms=1.01996 qdelay_c_ms=46.9477 ecn_mark=248 drop=0
[QUEUE_STATS] t_ms=26704 q_pkts=362 q_bytes=544448 qdelay_l_ms=0.189908 qdelay_c_ms=46.0361 ecn_mark=248 drop=0
[QUEUE_STATS] t_ms=26720 q_pkts=683 q_bytes=1027232 qdelay_l_ms=1.03699 qdelay_c_ms=46.7855 ecn_mark=248 drop=0
[QUEUE_STATS] t_ms=26736 q_pkts=682 q_bytes=1025728 qdelay_l_ms=1.11311 qdelay_c_ms=31.9309 ecn_mark=249 drop=0
[QUEUE_STATS] t_ms=26752 q_pkts=617 q_bytes=927968 qdelay_l_ms=1.10387 qdelay_c_ms=46.4522 ecn_mark=249 drop=0
[QUEUE_STATS] t_ms=26768 q_pkts=382 q_bytes=574528 qdelay_l_ms=1.02508 qdelay_c_ms=46.806 ecn_mark=249 drop=0
[QUEUE_STATS] t_ms=26784 q_pkts=687 q_bytes=1031848 qdelay_l_ms=0.892148 qdelay_c_ms=46.9001 ecn_mark=254 drop=0
[QUEUE_STATS] t_ms=26800 q_pkts=682 q_bytes=1024328 qdelay_l_ms=1.17683 qdelay_c_ms=27.6645 ecn_mark=255 drop=0
[QUEUE_STATS] t_ms=26816 q_pkts=643 q_bytes=965672 qdelay_l_ms=0.884404 qdelay_c_ms=41.7272 ecn_mark=256 drop=0
[QUEUE_STATS] t_ms=26832 q_pkts=391 q_bytes=588064 qdelay_l_ms=1.03889 qdelay_c_ms=46.1438 ecn_mark=256 drop=0
[QUEUE_STATS] t_ms=26848 q_pkts=688 q_bytes=1034452 qdelay_l_ms=1.10132 qdelay_c_ms=46.931 ecn_mark=257 drop=0
[QUEUE_STATS] t_ms=26864 q_pkts=688 q_bytes=1034452 qdelay_l_ms=1.0315 qdelay_c_ms=28.3352 ecn_mark=259 drop=0
[QUEUE_STATS] t_ms=26880 q_pkts=644 q_bytes=968276 qdelay_l_ms=1.04203 qdelay_c_ms=42.1132 ecn_mark=260 drop=0
[QUEUE_STATS] t_ms=26896 q_pkts=394 q_bytes=592576 qdelay_l_ms=1.02882 qdelay_c_ms=46.2282 ecn_mark=261 drop=0
[QUEUE_STATS] t_ms=26912 q_pkts=690 q_bytes=1037760 qdelay_l_ms=1.03117 qdelay_c_ms=46.8175 ecn_mark=263 drop=0
[QUEUE_STATS] t_ms=26928 q_pkts=678 q_bytes=1019712 qdelay_l_ms=0.113944 qdelay_c_ms=27.6277 ecn_mark=264 drop=0
[QUEUE_STATS] t_ms=26944 q_pkts=676 q_bytes=1016704 qdelay_l_ms=1.02537 qdelay_c_ms=42.7973 ecn_mark=264 drop=0
[QUEUE_STATS] t_ms=26960 q_pkts=440 q_bytes=661760 qdelay_l_ms=1.04805 qdelay_c_ms=47.0834 ecn_mark=264 drop=0
[QUEUE_STATS] t_ms=26976 q_pkts=686 q_bytes=1030344 qdelay_l_ms=1.04879 qdelay_c_ms=46.5961 ecn_mark=264 drop=0
[QUEUE_STATS] t_ms=26992 q_pkts=685 q_bytes=1028840 qdelay_l_ms=1.17037 qdelay_c_ms=24.5768 ecn_mark=265 drop=0
[QUEUE_STATS] t_ms=27008 q_pkts=678 q_bytes=1018312 qdelay_l_ms=1.03254 qdelay_c_ms=38.8359 ecn_mark=266 drop=0
[QUEUE_STATS] t_ms=27025 q_pkts=445 q_bytes=669280 qdelay_l_ms=1.03318 qdelay_c_ms=46.0874 ecn_mark=266 drop=0
[QUEUE_STATS] t_ms=27040 q_pkts=683 q_bytes=1026932 qdelay_l_ms=1.02724 qdelay_c_ms=45.9037 ecn_mark=267 drop=0
[QUEUE_STATS] t_ms=27056 q_pkts=684 q_bytes=1028436 qdelay_l_ms=1.13072 qdelay_c_ms=24.2474 ecn_mark=267 drop=0
[QUEUE_STATS] t_ms=27072 q_pkts=683 q_bytes=1026932 qdelay_l_ms=0.954346 qdelay_c_ms=39.1561 ecn_mark=267 drop=0
[QUEUE_STATS] t_ms=27088 q_pkts=453 q_bytes=681312 qdelay_l_ms=1.10634 qdelay_c_ms=46.692 ecn_mark=267 drop=0
[QUEUE_STATS] t_ms=27104 q_pkts=687 q_bytes=1033248 qdelay_l_ms=0 qdelay_c_ms=45.5857 ecn_mark=268 drop=0
[QUEUE_STATS] t_ms=27120 q_pkts=684 q_bytes=1028736 qdelay_l_ms=1.04941 qdelay_c_ms=23.033 ecn_mark=268 drop=0
[QUEUE_STATS] t_ms=27136 q_pkts=684 q_bytes=1028736 qdelay_l_ms=0.937354 qdelay_c_ms=37.7149 ecn_mark=268 drop=0
[QUEUE_STATS] t_ms=27152 q_pkts=476 q_bytes=715904 qdelay_l_ms=0.7864 qdelay_c_ms=46.3773 ecn_mark=268 drop=0
[QUEUE_STATS] t_ms=27168 q_pkts=684 q_bytes=1027336 qdelay_l_ms=1.09963 qdelay_c_ms=47.6311 ecn_mark=268 drop=0
[QUEUE_STATS] t_ms=27184 q_pkts=685 q_bytes=1028840 qdelay_l_ms=1.03338 qdelay_c_ms=46.3473 ecn_mark=268 drop=0
[QUEUE_STATS] t_ms=27200 q_pkts=680 q_bytes=1021320 qdelay_l_ms=0.872031 qdelay_c_ms=37.5182 ecn_mark=268 drop=0
[QUEUE_STATS] t_ms=27216 q_pkts=462 q_bytes=694848 qdelay_l_ms=1.01948 qdelay_c_ms=46.0575 ecn_mark=269 drop=0
[QUEUE_STATS] t_ms=27232 q_pkts=680 q_bytes=1022420 qdelay_l_ms=1.03426 qdelay_c_ms=46.0432 ecn_mark=269 drop=0
[QUEUE_STATS] t_ms=27248 q_pkts=683 q_bytes=1026932 qdelay_l_ms=1.06799 qdelay_c_ms=46.0418 ecn_mark=269 drop=0
[QUEUE_STATS] t_ms=27264 q_pkts=681 q_bytes=1023924 qdelay_l_ms=1.18204 qdelay_c_ms=37.2904 ecn_mark=271 drop=0
[QUEUE_STATS] t_ms=27280 q_pkts=465 q_bytes=699360 qdelay_l_ms=1.03787 qdelay_c_ms=46.1052 ecn_mark=271 drop=0
[QUEUE_STATS] t_ms=27296 q_pkts=681 q_bytes=1024224 qdelay_l_ms=0.952703 qdelay_c_ms=46.5113 ecn_mark=273 drop=0
[QUEUE_STATS] t_ms=27312 q_pkts=679 q_bytes=1021216 qdelay_l_ms=1.02586 qdelay_c_ms=23.032 ecn_mark=273 drop=0
[QUEUE_STATS] t_ms=27328 q_pkts=678 q_bytes=1019712 qdelay_l_ms=1.03431 qdelay_c_ms=37.2167 ecn_mark=274 drop=0
[QUEUE_STATS] t_ms=27344 q_pkts=488 q_bytes=733952 qdelay_l_ms=1.11815 qdelay_c_ms=46.2981 ecn_mark=274 drop=0
[QUEUE_STATS] t_ms=27360 q_pkts=679 q_bytes=1019816 qdelay_l_ms=1.09258 qdelay_c_ms=46.3804 ecn_mark=276 drop=0
[QUEUE_STATS] t_ms=27376 q_pkts=666 q_bytes=1000264 qdelay_l_ms=0.057338 qdelay_c_ms=22.156 ecn_mark=277 drop=0
[QUEUE_STATS] t_ms=27392 q_pkts=683 q_bytes=1025832 qdelay_l_ms=1.05356 qdelay_c_ms=37.1691 ecn_mark=277 drop=0
[QUEUE_STATS] t_ms=27408 q_pkts=525 q_bytes=789600 qdelay_l_ms=0.80802 qdelay_c_ms=46.0405 ecn_mark=277 drop=0
[QUEUE_STATS] t_ms=27424 q_pkts=694 q_bytes=1043476 qdelay_l_ms=0.943785 qdelay_c_ms=45.9035 ecn_mark=277 drop=0
[QUEUE_STATS] t_ms=27440 q_pkts=680 q_bytes=1022420 qdelay_l_ms=1.17983 qdelay_c_ms=45.7766 ecn_mark=277 drop=0
[QUEUE_STATS] t_ms=27456 q_pkts=681 q_bytes=1023924 qdelay_l_ms=1.05103 qdelay_c_ms=34.3801 ecn_mark=277 drop=0
[QUEUE_STATS] t_ms=27472 q_pkts=568 q_bytes=854272 qdelay_l_ms=0.892509 qdelay_c_ms=46.8411 ecn_mark=279 drop=0
[QUEUE_STATS] t_ms=27488 q_pkts=332 q_bytes=499328 qdelay_l_ms=1.0349 qdelay_c_ms=46.7635 ecn_mark=281 drop=0
[QUEUE_STATS] t_ms=27504 q_pkts=397 q_bytes=597088 qdelay_l_ms=1.16122 qdelay_c_ms=46.8351 ecn_mark=281 drop=0
[QUEUE_STATS] t_ms=27520 q_pkts=326 q_bytes=490304 qdelay_l_ms=0.950859 qdelay_c_ms=30.744 ecn_mark=282 drop=0
[QUEUE_STATS] t_ms=27536 q_pkts=258 q_bytes=388032 qdelay_l_ms=1.0617 qdelay_c_ms=23.6883 ecn_mark=282 drop=0
[QUEUE_STATS] t_ms=27552 q_pkts=179 q_bytes=269216 qdelay_l_ms=1.05343 qdelay_c_ms=18.097 ecn_mark=283 drop=0
[QUEUE_STATS] t_ms=27569 q_pkts=119 q_bytes=178976 qdelay_l_ms=1.17471 qdelay_c_ms=10.9339 ecn_mark=283 drop=0
[QUEUE_STATS] t_ms=27584 q_pkts=48 q_bytes=72192 qdelay_l_ms=0 qdelay_c_ms=4.27992 ecn_mark=284 drop=0
[QUEUE_STATS] t_ms=27600 q_pkts=71 q_bytes=106784 qdelay_l_ms=1.03559 qdelay_c_ms=5.09992 ecn_mark=284 drop=0
[QUEUE_STATS] t_ms=27616 q_pkts=61 q_bytes=91744 qdelay_l_ms=1.19358 qdelay_c_ms=5.2801 ecn_mark=284 drop=0
[QUEUE_STATS] t_ms=27632 q_pkts=74 q_bytes=111296 qdelay_l_ms=1.18215 qdelay_c_ms=5.10109 ecn_mark=284 drop=0
[QUEUE_STATS] t_ms=27648 q_pkts=66 q_bytes=99264 qdelay_l_ms=1.16777 qdelay_c_ms=4.59123 ecn_mark=285 drop=0
[QUEUE_STATS] t_ms=27664 q_pkts=70 q_bytes=105280 qdelay_l_ms=0.079991 qdelay_c_ms=4.29377 ecn_mark=285 drop=0
[QUEUE_STATS] t_ms=27680 q_pkts=81 q_bytes=121824 qdelay_l_ms=1.10258 qdelay_c_ms=6.33219 ecn_mark=285 drop=0
[QUEUE_STATS] t_ms=27696 q_pkts=71 q_bytes=106784 qdelay_l_ms=1.0482 qdelay_c_ms=5.53567 ecn_mark=285 drop=0
[QUEUE_STATS] t_ms=27712 q_pkts=77 q_bytes=115808 qdelay_l_ms=0.114555 qdelay_c_ms=4.26342 ecn_mark=285 drop=0
[QUEUE_STATS] t_ms=27728 q_pkts=81 q_bytes=121824 qdelay_l_ms=0.077976 qdelay_c_ms=4.9013 ecn_mark=285 drop=0
[QUEUE_STATS] t_ms=27744 q_pkts=81 q_bytes=121824 qdelay_l_ms=1.07478 qdelay_c_ms=6.15294 ecn_mark=285 drop=0
[QUEUE_STATS] t_ms=27760 q_pkts=85 q_bytes=127840 qdelay_l_ms=1.18693 qdelay_c_ms=6.16273 ecn_mark=285 drop=0
[QUEUE_STATS] t_ms=27776 q_pkts=99 q_bytes=148896 qdelay_l_ms=1.04266 qdelay_c_ms=5.59321 ecn_mark=286 drop=0
[QUEUE_STATS] t_ms=27792 q_pkts=103 q_bytes=154912 qdelay_l_ms=1.05884 qdelay_c_ms=5.37143 ecn_mark=288 drop=0
[QUEUE_STATS] t_ms=27808 q_pkts=106 q_bytes=159424 qdelay_l_ms=0.959675 qdelay_c_ms=6.63601 ecn_mark=288 drop=0
[QUEUE_STATS] t_ms=27824 q_pkts=96 q_bytes=144384 qdelay_l_ms=1.09936 qdelay_c_ms=7.60263 ecn_mark=289 drop=0
[QUEUE_STATS] t_ms=27840 q_pkts=97 q_bytes=145888 qdelay_l_ms=1.06354 qdelay_c_ms=7.12736 ecn_mark=289 drop=0
[QUEUE_STATS] t_ms=27856 q_pkts=90 q_bytes=135360 qdelay_l_ms=0.056255 qdelay_c_ms=6.21316 ecn_mark=289 drop=0
[QUEUE_STATS] t_ms=27872 q_pkts=113 q_bytes=169952 qdelay_l_ms=0.870608 qdelay_c_ms=7.22741 ecn_mark=289 drop=0
[QUEUE_STATS] t_ms=27888 q_pkts=106 q_bytes=159424 qdelay_l_ms=1.1182 qdelay_c_ms=6.77013 ecn_mark=291 drop=0
[QUEUE_STATS] t_ms=27904 q_pkts=120 q_bytes=180480 qdelay_l_ms=1.04248 qdelay_c_ms=7.64279 ecn_mark=292 drop=0
[QUEUE_STATS] t_ms=27920 q_pkts=109 q_bytes=163936 qdelay_l_ms=1.05475 qdelay_c_ms=7.6665 ecn_mark=292 drop=0
[QUEUE_STATS] t_ms=27936 q_pkts=112 q_bytes=168448 qdelay_l_ms=1.16076 qdelay_c_ms=8.36735 ecn_mark=292 drop=0
[QUEUE_STATS] t_ms=27952 q_pkts=125 q_bytes=188000 qdelay_l_ms=1.11234 qdelay_c_ms=7.77618 ecn_mark=292 drop=0
[QUEUE_STATS] t_ms=27968 q_pkts=129 q_bytes=194016 qdelay_l_ms=1.05341 qdelay_c_ms=8.31003 ecn_mark=294 drop=0
[QUEUE_STATS] t_ms=27984 q_pkts=120 q_bytes=180480 qdelay_l_ms=1.04783 qdelay_c_ms=8.73735 ecn_mark=294 drop=0
[QUEUE_STATS] t_ms=28000 q_pkts=134 q_bytes=201536 qdelay_l_ms=1.18772 qdelay_c_ms=8.74924 ecn_mark=294 drop=0
[QUEUE_STATS] t_ms=28016 q_pkts=111 q_bytes=166944 qdelay_l_ms=0.05343 qdelay_c_ms=8.27384 ecn_mark=294 drop=0
[QUEUE_STATS] t_ms=28032 q_pkts=126 q_bytes=189504 qdelay_l_ms=1.0979 qdelay_c_ms=9.52964 ecn_mark=295 drop=0
[QUEUE_STATS] t_ms=28048 q_pkts=129 q_bytes=194016 qdelay_l_ms=1.06086 qdelay_c_ms=8.77696 ecn_mark=296 drop=0
[QUEUE_STATS] t_ms=28064 q_pkts=131 q_bytes=197024 qdelay_l_ms=1.14145 qdelay_c_ms=9.60659 ecn_mark=297 drop=0
[QUEUE_STATS] t_ms=28080 q_pkts=137 q_bytes=206048 qdelay_l_ms=0.932545 qdelay_c_ms=8.71294 ecn_mark=298 drop=0
[QUEUE_STATS] t_ms=28096 q_pkts=135 q_bytes=203040 qdelay_l_ms=1.09396 qdelay_c_ms=8.85333 ecn_mark=298 drop=0
[QUEUE_STATS] t_ms=28112 q_pkts=140 q_bytes=210560 qdelay_l_ms=1.06139 qdelay_c_ms=10.2432 ecn_mark=299 drop=0
[QUEUE_STATS] t_ms=28128 q_pkts=140 q_bytes=210560 qdelay_l_ms=1.04942 qdelay_c_ms=10.8263 ecn_mark=299 drop=0
[QUEUE_STATS] t_ms=28144 q_pkts=148 q_bytes=222592 qdelay_l_ms=1.04639 qdelay_c_ms=9.66932 ecn_mark=301 drop=0
[QUEUE_STATS] t_ms=28160 q_pkts=158 q_bytes=237632 qdelay_l_ms=0.923527 qdelay_c_ms=9.77776 ecn_mark=301 drop=0
[QUEUE_STATS] t_ms=28176 q_pkts=149 q_bytes=224096 qdelay_l_ms=1.0841 qdelay_c_ms=9.88317 ecn_mark=302 drop=0
[QUEUE_STATS] t_ms=28192 q_pkts=153 q_bytes=230112 qdelay_l_ms=1.14365 qdelay_c_ms=10.565 ecn_mark=302 drop=0
[QUEUE_STATS] t_ms=28209 q_pkts=154 q_bytes=231616 qdelay_l_ms=1.11507 qdelay_c_ms=11.1618 ecn_mark=302 drop=0
[QUEUE_STATS] t_ms=28224 q_pkts=152 q_bytes=228608 qdelay_l_ms=0.107492 qdelay_c_ms=10.6721 ecn_mark=303 drop=0
[QUEUE_STATS] t_ms=28240 q_pkts=160 q_bytes=240640 qdelay_l_ms=0.840651 qdelay_c_ms=11.8922 ecn_mark=303 drop=0
[QUEUE_STATS] t_ms=28256 q_pkts=165 q_bytes=248160 qdelay_l_ms=1.04942 qdelay_c_ms=10.8716 ecn_mark=304 drop=0
[QUEUE_STATS] t_ms=28272 q_pkts=152 q_bytes=228608 qdelay_l_ms=0.06937 qdelay_c_ms=10.9257 ecn_mark=304 drop=0
[QUEUE_STATS] t_ms=28288 q_pkts=178 q_bytes=267712 qdelay_l_ms=1.05431 qdelay_c_ms=12.0034 ecn_mark=305 drop=0
[QUEUE_STATS] t_ms=28304 q_pkts=181 q_bytes=272224 qdelay_l_ms=1.19735 qdelay_c_ms=12.2365 ecn_mark=305 drop=0
[QUEUE_STATS] t_ms=28320 q_pkts=172 q_bytes=258688 qdelay_l_ms=1.1843 qdelay_c_ms=12.0493 ecn_mark=306 drop=0
[QUEUE_STATS] t_ms=28336 q_pkts=175 q_bytes=263200 qdelay_l_ms=0.897649 qdelay_c_ms=12.0225 ecn_mark=307 drop=0
[QUEUE_STATS] t_ms=28352 q_pkts=177 q_bytes=266208 qdelay_l_ms=1.05776 qdelay_c_ms=12.0118 ecn_mark=307 drop=0
[QUEUE_STATS] t_ms=28368 q_pkts=188 q_bytes=282752 qdelay_l_ms=1.20813 qdelay_c_ms=12.0579 ecn_mark=307 drop=0
[QUEUE_STATS] t_ms=28384 q_pkts=191 q_bytes=287264 qdelay_l_ms=1.05631 qdelay_c_ms=13.0264 ecn_mark=308 drop=0
[QUEUE_STATS] t_ms=28400 q_pkts=194 q_bytes=291776 qdelay_l_ms=1.11818 qdelay_c_ms=13.3367 ecn_mark=309 drop=0
[QUEUE_STATS] t_ms=28416 q_pkts=183 q_bytes=275232 qdelay_l_ms=1.14236 qdelay_c_ms=14.2479 ecn_mark=310 drop=0
[QUEUE_STATS] t_ms=28432 q_pkts=188 q_bytes=282752 qdelay_l_ms=0.964695 qdelay_c_ms=12.4547 ecn_mark=311 drop=0
[QUEUE_STATS] t_ms=28448 q_pkts=190 q_bytes=285760 qdelay_l_ms=1.06383 qdelay_c_ms=12.4775 ecn_mark=312 drop=0
[QUEUE_STATS] t_ms=28464 q_pkts=179 q_bytes=269216 qdelay_l_ms=0 qdelay_c_ms=12.0708 ecn_mark=312 drop=0
[QUEUE_STATS] t_ms=28480 q_pkts=203 q_bytes=305312 qdelay_l_ms=1.05817 qdelay_c_ms=12.9755 ecn_mark=315 drop=0
[QUEUE_STATS] t_ms=28496 q_pkts=199 q_bytes=299296 qdelay_l_ms=1.04469 qdelay_c_ms=14.0787 ecn_mark=316 drop=0
[QUEUE_STATS] t_ms=28512 q_pkts=198 q_bytes=297792 qdelay_l_ms=1.17856 qdelay_c_ms=12.7283 ecn_mark=316 drop=0
[QUEUE_STATS] t_ms=28528 q_pkts=184 q_bytes=276736 qdelay_l_ms=0.045266 qdelay_c_ms=13.1828 ecn_mark=316 drop=0
[QUEUE_STATS] t_ms=28544 q_pkts=202 q_bytes=303808 qdelay_l_ms=1.06394 qdelay_c_ms=13.5236 ecn_mark=317 drop=0
[QUEUE_STATS] t_ms=28560 q_pkts=190 q_bytes=285760 qdelay_l_ms=0 qdelay_c_ms=13.1375 ecn_mark=319 drop=0
[QUEUE_STATS] t_ms=28576 q_pkts=217 q_bytes=326368 qdelay_l_ms=1.05977 qdelay_c_ms=14.2799 ecn_mark=320 drop=0
[QUEUE_STATS] t_ms=28592 q_pkts=159 q_bytes=239136 qdelay_l_ms=0.988079 qdelay_c_ms=13.6028 ecn_mark=321 drop=0
[QUEUE_STATS] t_ms=28608 q_pkts=85 q_bytes=127840 qdelay_l_ms=0.905142 qdelay_c_ms=8.37889 ecn_mark=322 drop=0
[QUEUE_STATS] t_ms=28624 q_pkts=12 q_bytes=18048 qdelay_l_ms=1.13211 qdelay_c_ms=2.14974 ecn_mark=323 drop=0
[QUEUE_STATS] t_ms=28640 q_pkts=19 q_bytes=28576 qdelay_l_ms=0.982909 qdelay_c_ms=1.05924 ecn_mark=323 drop=0
[QUEUE_STATS] t_ms=28656 q_pkts=1 q_bytes=1504 qdelay_l_ms=0.023624 qdelay_c_ms=0 ecn_mark=323 drop=0
[QUEUE_STATS] t_ms=28672 q_pkts=13 q_bytes=19552 qdelay_l_ms=0 qdelay_c_ms=0.090881 ecn_mark=323 drop=0
[QUEUE_STATS] t_ms=28688 q_pkts=11 q_bytes=16544 qdelay_l_ms=1.01588 qdelay_c_ms=1.08244 ecn_mark=324 drop=0
[QUEUE_STATS] t_ms=28704 q_pkts=20 q_bytes=30080 qdelay_l_ms=1.06847 qdelay_c_ms=2.01686 ecn_mark=325 drop=0
[QUEUE_STATS] t_ms=28720 q_pkts=22 q_bytes=33088 qdelay_l_ms=1.06301 qdelay_c_ms=2.07271 ecn_mark=325 drop=0
[QUEUE_STATS] t_ms=28736 q_pkts=3 q_bytes=4512 qdelay_l_ms=0.054502 qdelay_c_ms=0.045185 ecn_mark=326 drop=0
[QUEUE_STATS] t_ms=28752 q_pkts=3 q_bytes=4512 qdelay_l_ms=0.057899 qdelay_c_ms=0.047038 ecn_mark=326 drop=0
[QUEUE_STATS] t_ms=28768 q_pkts=13 q_bytes=19552 qdelay_l_ms=0.986366 qdelay_c_ms=1.07458 ecn_mark=328 drop=0
[QUEUE_STATS] t_ms=28784 q_pkts=6 q_bytes=9024 qdelay_l_ms=1.07638 qdelay_c_ms=1.06597 ecn_mark=328 drop=0
[QUEUE_STATS] t_ms=28800 q_pkts=14 q_bytes=21056 qdelay_l_ms=1.06899 qdelay_c_ms=2.03499 ecn_mark=328 drop=0
[QUEUE_STATS] t_ms=28816 q_pkts=17 q_bytes=25568 qdelay_l_ms=1.06836 qdelay_c_ms=2.05309 ecn_mark=328 drop=0
[QUEUE_STATS] t_ms=28832 q_pkts=27 q_bytes=40608 qdelay_l_ms=1.07638 qdelay_c_ms=1.15931 ecn_mark=328 drop=0
[QUEUE_STATS] t_ms=28849 q_pkts=10 q_bytes=15040 qdelay_l_ms=1.13451 qdelay_c_ms=1.12712 ecn_mark=329 drop=0
[QUEUE_STATS] t_ms=28864 q_pkts=11 q_bytes=16544 qdelay_l_ms=0.940529 qdelay_c_ms=2.0114 ecn_mark=330 drop=0
[QUEUE_STATS] t_ms=28880 q_pkts=15 q_bytes=22560 qdelay_l_ms=1.0949 qdelay_c_ms=2.06526 ecn_mark=330 drop=0
[QUEUE_STATS] t_ms=28896 q_pkts=7 q_bytes=10528 qdelay_l_ms=0.063259 qdelay_c_ms=0.055174 ecn_mark=331 drop=0
[QUEUE_STATS] t_ms=28912 q_pkts=5 q_bytes=7520 qdelay_l_ms=0.06911 qdelay_c_ms=1.05238 ecn_mark=331 drop=0
[QUEUE_STATS] t_ms=28928 q_pkts=16 q_bytes=24064 qdelay_l_ms=0.018004 qdelay_c_ms=0.980334 ecn_mark=332 drop=0
[QUEUE_STATS] t_ms=28944 q_pkts=12 q_bytes=18048 qdelay_l_ms=0.052309 qdelay_c_ms=0.914761 ecn_mark=333 drop=0
[QUEUE_STATS] t_ms=28961 q_pkts=4 q_bytes=6016 qdelay_l_ms=1.10709 qdelay_c_ms=1.09749 ecn_mark=333 drop=0
[QUEUE_STATS] t_ms=28976 q_pkts=16 q_bytes=24064 qdelay_l_ms=1.17517 qdelay_c_ms=1.16424 ecn_mark=334 drop=0
[QUEUE_STATS] t_ms=28992 q_pkts=12 q_bytes=18048 qdelay_l_ms=1.15418 qdelay_c_ms=1.14365 ecn_mark=334 drop=0
[QUEUE_STATS] t_ms=29008 q_pkts=25 q_bytes=37600 qdelay_l_ms=1.07992 qdelay_c_ms=1.43247 ecn_mark=334 drop=0
[QUEUE_STATS] t_ms=29024 q_pkts=20 q_bytes=30080 qdelay_l_ms=1.08014 qdelay_c_ms=2.11319 ecn_mark=334 drop=0
[QUEUE_STATS] t_ms=29040 q_pkts=10 q_bytes=15040 qdelay_l_ms=1.12548 qdelay_c_ms=1.11902 ecn_mark=335 drop=0
[QUEUE_STATS] t_ms=29056 q_pkts=5 q_bytes=7520 qdelay_l_ms=1.0808 qdelay_c_ms=1.07007 ecn_mark=335 drop=0
[QUEUE_STATS] t_ms=29072 q_pkts=15 q_bytes=22560 qdelay_l_ms=0.982689 qdelay_c_ms=0.977309 ecn_mark=335 drop=0
[QUEUE_STATS] t_ms=29088 q_pkts=18 q_bytes=27072 qdelay_l_ms=1.07777 qdelay_c_ms=2.14159 ecn_mark=337 drop=0
[QUEUE_STATS] t_ms=29104 q_pkts=7 q_bytes=10528 qdelay_l_ms=0.050605 qdelay_c_ms=1.1041 ecn_mark=337 drop=0
[QUEUE_STATS] t_ms=29120 q_pkts=15 q_bytes=22560 qdelay_l_ms=0.086933 qdelay_c_ms=0.930821 ecn_mark=337 drop=0
[QUEUE_STATS] t_ms=29136 q_pkts=22 q_bytes=33088 qdelay_l_ms=1.03447 qdelay_c_ms=2.1227 ecn_mark=338 drop=0
[QUEUE_STATS] t_ms=29152 q_pkts=1 q_bytes=1504 qdelay_l_ms=0.019717 qdelay_c_ms=0 ecn_mark=338 drop=0
[QUEUE_STATS] t_ms=29168 q_pkts=11 q_bytes=16544 qdelay_l_ms=1.16643 qdelay_c_ms=2.10156 ecn_mark=340 drop=0
[QUEUE_STATS] t_ms=29184 q_pkts=10 q_bytes=15040 qdelay_l_ms=1.05608 qdelay_c_ms=1.13216 ecn_mark=341 drop=0
[QUEUE_STATS] t_ms=29200 q_pkts=16 q_bytes=24064 qdelay_l_ms=1.16803 qdelay_c_ms=1.15885 ecn_mark=341 drop=0
[QUEUE_STATS] t_ms=29216 q_pkts=30 q_bytes=45120 qdelay_l_ms=1.08236 qdelay_c_ms=1.07212 ecn_mark=341 drop=0
[QUEUE_STATS] t_ms=29232 q_pkts=20 q_bytes=30080 qdelay_l_ms=1.09546 qdelay_c_ms=2.14445 ecn_mark=341 drop=0
[QUEUE_STATS] t_ms=29248 q_pkts=13 q_bytes=19552 qdelay_l_ms=1.05303 qdelay_c_ms=2.05628 ecn_mark=341 drop=0
[QUEUE_STATS] t_ms=29264 q_pkts=2 q_bytes=3008 qdelay_l_ms=1.07588 qdelay_c_ms=0 ecn_mark=342 drop=0
[QUEUE_STATS] t_ms=29280 q_pkts=16 q_bytes=24064 qdelay_l_ms=1.07483 qdelay_c_ms=1.06885 ecn_mark=342 drop=0
[QUEUE_STATS] t_ms=29296 q_pkts=29 q_bytes=43616 qdelay_l_ms=1.00109 qdelay_c_ms=0.995533 ecn_mark=343 drop=0
[QUEUE_STATS] t_ms=29312 q_pkts=16 q_bytes=24064 qdelay_l_ms=1.08891 qdelay_c_ms=1.07766 ecn_mark=343 drop=0
[QUEUE_STATS] t_ms=29328 q_pkts=16 q_bytes=24064 qdelay_l_ms=1.10001 qdelay_c_ms=2.08423 ecn_mark=343 drop=0
[QUEUE_STATS] t_ms=29344 q_pkts=17 q_bytes=25568 qdelay_l_ms=0.054703 qdelay_c_ms=0.916594 ecn_mark=344 drop=0
[QUEUE_STATS] t_ms=29360 q_pkts=9 q_bytes=13536 qdelay_l_ms=1.13949 qdelay_c_ms=1.13074 ecn_mark=344 drop=0
[QUEUE_STATS] t_ms=29376 q_pkts=15 q_bytes=22560 qdelay_l_ms=1.08071 qdelay_c_ms=1.06968 ecn_mark=345 drop=0
[QUEUE_STATS] t_ms=29392 q_pkts=18 q_bytes=27072 qdelay_l_ms=1.00392 qdelay_c_ms=2.0371 ecn_mark=345 drop=0
[QUEUE_STATS] t_ms=29408 q_pkts=16 q_bytes=24064 qdelay_l_ms=0.81302 qdelay_c_ms=0.792732 ecn_mark=345 drop=0
[QUEUE_STATS] t_ms=29424 q_pkts=25 q_bytes=37600 qdelay_l_ms=1.156 qdelay_c_ms=2.08534 ecn_mark=345 drop=0
[QUEUE_STATS] t_ms=29440 q_pkts=19 q_bytes=28576 qdelay_l_ms=1.14942 qdelay_c_ms=2.12049 ecn_mark=345 drop=0
[QUEUE_STATS] t_ms=29456 q_pkts=9 q_bytes=13536 qdelay_l_ms=1.1721 qdelay_c_ms=1.15712 ecn_mark=346 drop=0
[QUEUE_STATS] t_ms=29472 q_pkts=0 q_bytes=0 qdelay_l_ms=0 qdelay_c_ms=0 ecn_mark=346 drop=0
[QUEUE_STATS] t_ms=29488 q_pkts=16 q_bytes=24064 qdelay_l_ms=1.18607 qdelay_c_ms=1.55032 ecn_mark=346 drop=0
[QUEUE_STATS] t_ms=29505 q_pkts=5 q_bytes=7520 qdelay_l_ms=1.10137 qdelay_c_ms=2.16512 ecn_mark=346 drop=0
[QUEUE_STATS] t_ms=29520 q_pkts=5 q_bytes=7520 qdelay_l_ms=1.15801 qdelay_c_ms=1.14579 ecn_mark=346 drop=0
[QUEUE_STATS] t_ms=29536 q_pkts=33 q_bytes=49632 qdelay_l_ms=1.0783 qdelay_c_ms=2.42691 ecn_mark=347 drop=0
[QUEUE_STATS] t_ms=29553 q_pkts=21 q_bytes=31584 qdelay_l_ms=1.16718 qdelay_c_ms=1.9793 ecn_mark=347 drop=0
[QUEUE_STATS] t_ms=29568 q_pkts=3 q_bytes=4512 qdelay_l_ms=0.077166 qdelay_c_ms=0.064842 ecn_mark=349 drop=0
[QUEUE_STATS] t_ms=29585 q_pkts=19 q_bytes=28576 qdelay_l_ms=1.19073 qdelay_c_ms=1.17774 ecn_mark=350 drop=0
[QUEUE_STATS] t_ms=29600 q_pkts=7 q_bytes=10528 qdelay_l_ms=1.13661 qdelay_c_ms=1.9781 ecn_mark=350 drop=0
[QUEUE_STATS] t_ms=29616 q_pkts=19 q_bytes=28576 qdelay_l_ms=1.20075 qdelay_c_ms=1.82476 ecn_mark=350 drop=0
[QUEUE_STATS] t_ms=29632 q_pkts=4 q_bytes=6016 qdelay_l_ms=0.086904 qdelay_c_ms=1.03299 ecn_mark=351 drop=0
[QUEUE_STATS] t_ms=29648 q_pkts=23 q_bytes=34592 qdelay_l_ms=1.08607 qdelay_c_ms=1.39048 ecn_mark=352 drop=0
[QUEUE_STATS] t_ms=29664 q_pkts=12 q_bytes=18048 qdelay_l_ms=1.08756 qdelay_c_ms=1.9956 ecn_mark=352 drop=0
[QUEUE_STATS] t_ms=29680 q_pkts=9 q_bytes=13536 qdelay_l_ms=0.112412 qdelay_c_ms=0.102974 ecn_mark=352 drop=0
[QUEUE_STATS] t_ms=29696 q_pkts=21 q_bytes=31584 qdelay_l_ms=0.136567 qdelay_c_ms=0.778966 ecn_mark=352 drop=0
[QUEUE_STATS] t_ms=29712 q_pkts=8 q_bytes=12032 qdelay_l_ms=1.07896 qdelay_c_ms=1.06366 ecn_mark=352 drop=0
[QUEUE_STATS] t_ms=29728 q_pkts=25 q_bytes=37600 qdelay_l_ms=1.1672 qdelay_c_ms=1.15145 ecn_mark=352 drop=0
[QUEUE_STATS] t_ms=29744 q_pkts=29 q_bytes=43616 qdelay_l_ms=1.08415 qdelay_c_ms=1.0716 ecn_mark=353 drop=0
[QUEUE_STATS] t_ms=29760 q_pkts=17 q_bytes=25568 qdelay_l_ms=0.092815 qdelay_c_ms=1.07567 ecn_mark=353 drop=0
[QUEUE_STATS] t_ms=29776 q_pkts=3 q_bytes=4512 qdelay_l_ms=1.06922 qdelay_c_ms=1.05346 ecn_mark=353 drop=0
[QUEUE_STATS] t_ms=29792 q_pkts=7 q_bytes=10528 qdelay_l_ms=1.08128 qdelay_c_ms=1.07286 ecn_mark=353 drop=0
[QUEUE_STATS] t_ms=29808 q_pkts=8 q_bytes=12032 qdelay_l_ms=1.09261 qdelay_c_ms=1.08284 ecn_mark=354 drop=0
[QUEUE_STATS] t_ms=29824 q_pkts=7 q_bytes=10528 qdelay_l_ms=1.16151 qdelay_c_ms=2.11275 ecn_mark=354 drop=0
[QUEUE_STATS] t_ms=29840 q_pkts=16 q_bytes=24064 qdelay_l_ms=0.098515 qdelay_c_ms=1.01449 ecn_mark=356 drop=0
[QUEUE_STATS] t_ms=29856 q_pkts=8 q_bytes=12032 qdelay_l_ms=0.086813 qdelay_c_ms=1.00838 ecn_mark=356 drop=0
[QUEUE_STATS] t_ms=29872 q_pkts=16 q_bytes=24064 qdelay_l_ms=1.09313 qdelay_c_ms=1.08167 ecn_mark=357 drop=0
[QUEUE_STATS] t_ms=29888 q_pkts=12 q_bytes=18048 qdelay_l_ms=1.15436 qdelay_c_ms=2.10052 ecn_mark=357 drop=0
[QUEUE_STATS] t_ms=29904 q_pkts=27 q_bytes=40608 qdelay_l_ms=1.23236 qdelay_c_ms=1.94487 ecn_mark=357 drop=0
[QUEUE_STATS] t_ms=29920 q_pkts=14 q_bytes=21056 qdelay_l_ms=1.08675 qdelay_c_ms=1.07697 ecn_mark=358 drop=0
[QUEUE_STATS] t_ms=29936 q_pkts=5 q_bytes=7520 qdelay_l_ms=0.091192 qdelay_c_ms=1.0677 ecn_mark=358 drop=0
[QUEUE_STATS] t_ms=29952 q_pkts=22 q_bytes=33088 qdelay_l_ms=1.09831 qdelay_c_ms=1.856 ecn_mark=358 drop=0
[QUEUE_STATS] t_ms=29968 q_pkts=32 q_bytes=48128 qdelay_l_ms=1.20654 qdelay_c_ms=2.19377 ecn_mark=358 drop=0
[QUEUE_STATS] t_ms=29984 q_pkts=23 q_bytes=34592 qdelay_l_ms=0.867421 qdelay_c_ms=0.983189 ecn_mark=359 drop=0
[QUEUE_STATS] t_ms=30000 q_pkts=13 q_bytes=19552 qdelay_l_ms=0.129964 qdelay_c_ms=0.095419 ecn_mark=360 drop=0
[QUEUE_STATS] t_ms=30016 q_pkts=17 q_bytes=25568 qdelay_l_ms=1.08124 qdelay_c_ms=1.07536 ecn_mark=360 drop=0
[QUEUE_STATS] t_ms=30032 q_pkts=16 q_bytes=24064 qdelay_l_ms=1.19574 qdelay_c_ms=1.18278 ecn_mark=360 drop=0
[QUEUE_STATS] t_ms=30048 q_pkts=22 q_bytes=33088 qdelay_l_ms=1.09042 qdelay_c_ms=2.07585 ecn_mark=362 drop=0
[QUEUE_STATS] t_ms=30064 q_pkts=31 q_bytes=46624 qdelay_l_ms=0.213472 qdelay_c_ms=1.16345 ecn_mark=363 drop=0
[QUEUE_STATS] t_ms=30080 q_pkts=7 q_bytes=10528 qdelay_l_ms=1.16826 qdelay_c_ms=2.9365 ecn_mark=363 drop=0
[QUEUE_STATS] t_ms=30096 q_pkts=12 q_bytes=18048 qdelay_l_ms=1.02185 qdelay_c_ms=1.00871 ecn_mark=363 drop=0
[QUEUE_STATS] t_ms=30112 q_pkts=8 q_bytes=12032 qdelay_l_ms=0.115156 qdelay_c_ms=0.103434 ecn_mark=363 drop=0
[QUEUE_STATS] t_ms=30128 q_pkts=15 q_bytes=22560 qdelay_l_ms=1.14326 qdelay_c_ms=2.13218 ecn_mark=363 drop=0
[QUEUE_STATS] t_ms=30144 q_pkts=18 q_bytes=27072 qdelay_l_ms=0.991836 qdelay_c_ms=1.97251 ecn_mark=363 drop=0
[QUEUE_STATS] t_ms=30161 q_pkts=27 q_bytes=40608 qdelay_l_ms=1.16648 qdelay_c_ms=2.1807 ecn_mark=364 drop=0
[QUEUE_STATS] t_ms=30176 q_pkts=29 q_bytes=43616 qdelay_l_ms=1.09476 qdelay_c_ms=1.54552 ecn_mark=365 drop=0
[QUEUE_STATS] t_ms=30192 q_pkts=4 q_bytes=6016 qdelay_l_ms=1.15169 qdelay_c_ms=1.13883 ecn_mark=365 drop=0
[QUEUE_STATS] t_ms=30208 q_pkts=12 q_bytes=18048 qdelay_l_ms=0.991705 qdelay_c_ms=1.22119 ecn_mark=367 drop=0
[QUEUE_STATS] t_ms=30224 q_pkts=14 q_bytes=21056 qdelay_l_ms=0.983921 qdelay_c_ms=2.08085 ecn_mark=367 drop=0
[QUEUE_STATS] t_ms=30240 q_pkts=2 q_bytes=3008 qdelay_l_ms=1.12729 qdelay_c_ms=1.11476 ecn_mark=367 drop=0
[QUEUE_STATS] t_ms=30256 q_pkts=18 q_bytes=27072 qdelay_l_ms=0.148118 qdelay_c_ms=1.10424 ecn_mark=368 drop=0
[QUEUE_STATS] t_ms=30272 q_pkts=27 q_bytes=40608 qdelay_l_ms=1.17449 qdelay_c_ms=2.16534 ecn_mark=368 drop=0
[QUEUE_STATS] t_ms=30288 q_pkts=5 q_bytes=7520 qdelay_l_ms=0 qdelay_c_ms=0.053991 ecn_mark=369 drop=0
[QUEUE_STATS] t_ms=30304 q_pkts=17 q_bytes=25568 qdelay_l_ms=1.10514 qdelay_c_ms=1.08945 ecn_mark=371 drop=0
[QUEUE_STATS] t_ms=30320 q_pkts=16 q_bytes=24064 qdelay_l_ms=1.1798 qdelay_c_ms=1.16439 ecn_mark=372 drop=0
[QUEUE_STATS] t_ms=30336 q_pkts=29 q_bytes=43616 qdelay_l_ms=1.21731 qdelay_c_ms=2.1489 ecn_mark=373 drop=0
[QUEUE_STATS] t_ms=30352 q_pkts=3 q_bytes=4512 qdelay_l_ms=0.081043 qdelay_c_ms=0.745713 ecn_mark=373 drop=0
[QUEUE_STATS] t_ms=30368 q_pkts=14 q_bytes=21056 qdelay_l_ms=1.18764 qdelay_c_ms=2.16028 ecn_mark=373 drop=0
[QUEUE_STATS] t_ms=30384 q_pkts=18 q_bytes=27072 qdelay_l_ms=1.09908 qdelay_c_ms=1.48288 ecn_mark=373 drop=0
[QUEUE_STATS] t_ms=30400 q_pkts=18 q_bytes=27072 qdelay_l_ms=1.15259 qdelay_c_ms=2.06046 ecn_mark=373 drop=0
[QUEUE_STATS] t_ms=30416 q_pkts=17 q_bytes=25568 qdelay_l_ms=1.18764 qdelay_c_ms=1.17531 ecn_mark=373 drop=0
[QUEUE_STATS] t_ms=30432 q_pkts=4 q_bytes=6016 qdelay_l_ms=1.06714 qdelay_c_ms=1.13632 ecn_mark=373 drop=0
[QUEUE_STATS] t_ms=30448 q_pkts=15 q_bytes=22560 qdelay_l_ms=1.1045 qdelay_c_ms=2.11582 ecn_mark=374 drop=0
[QUEUE_STATS] t_ms=30464 q_pkts=24 q_bytes=36096 qdelay_l_ms=0.996685 qdelay_c_ms=2.12786 ecn_mark=374 drop=0
[QUEUE_STATS] t_ms=30480 q_pkts=20 q_bytes=30080 qdelay_l_ms=1.21264 qdelay_c_ms=2.08257 ecn_mark=374 drop=0
[QUEUE_STATS] t_ms=30496 q_pkts=14 q_bytes=21056 qdelay_l_ms=1.15068 qdelay_c_ms=2.1