[QUEUE_STATS] t_ms=32 q_pkts=0 q_bytes=0 qdelay_l_ms=0 qdelay_c_ms=0 ecn_mark=0 drop=0
[QUEUE_STATS] t_ms=124 q_pkts=0 q_bytes=0 qdelay_l_ms=0 qdelay_c_ms=0 ecn_mark=0 drop=0
[QUEUE_STATS] t_ms=227 q_pkts=0 q_bytes=0 qdelay_l_ms=0 qdelay_c_ms=0 ecn_mark=0 drop=0
[QUEUE_STATS] t_ms=252 q_pkts=0 q_bytes=0 qdelay_l_ms=0 qdelay_c_ms=0 ecn_mark=2 drop=0
[QUEUE_STATS] t_ms=330 q_pkts=0 q_bytes=0 qdelay_l_ms=0 qdelay_c_ms=0 ecn_mark=2 drop=0
[QUEUE_STATS] t_ms=432 q_pkts=0 q_bytes=0 qdelay_l_ms=0 qdelay_c_ms=0 ecn_mark=6 drop=0
[QUEUE_STATS] t_ms=535 q_pkts=0 q_bytes=0 qdelay_l_ms=0 qdelay_c_ms=0 ecn_mark=8 drop=0
[QUEUE_STATS] t_ms=638 q_pkts=0 q_bytes=0 qdelay_l_ms=0 qdelay_c_ms=0 ecn_mark=10 drop=0
[QUEUE_STATS] t_ms=640 q_pkts=6 q_bytes=9024 qdelay_l_ms=1.13181 qdelay_c_ms=1.06405 ecn_mark=15 drop=0
[QUEUE_STATS] t_ms=682 q_pkts=0 q_bytes=0 qdelay_l_ms=0 qdelay_c_ms=0 ecn_mark=17 drop=0
[QUEUE_STATS] t_ms=741 q_pkts=0 q_bytes=0 qdelay_l_ms=0 qdelay_c_ms=0 ecn_mark=17 drop=0
[QUEUE_STATS] t_ms=757 q_pkts=0 q_bytes=0 qdelay_l_ms=0 qdelay_c_ms=0 ecn_mark=17 drop=0
[QUEUE_STATS] t_ms=781 q_pkts=0 q_bytes=0 qdelay_l_ms=0 qdelay_c_ms=0 ecn_mark=17 drop=0
[QUEUE_STATS] t_ms=806 q_pkts=0 q_bytes=0 qdelay_l_ms=0 qdelay_c_ms=0 ecn_mark=17 drop=0
[QUEUE_STATS] t_ms=843 q_pkts=0 q_bytes=0 qdelay_l_ms=0 qdelay_c_ms=0 ecn_mark=17 drop=0
[QUEUE_STATS] t_ms=860 q_pkts=0 q_bytes=0 qdelay_l_ms=0 qdelay_c_ms=0 ecn_mark=17 drop=0
[QUEUE_STATS] t_ms=877 q_pkts=0 q_bytes=0 qdelay_l_ms=0 qdelay_c_ms=0 ecn_mark=17 drop=0
[QUEUE_STATS] t_ms=896 q_pkts=0 q_bytes=0 qdelay_l_ms=0 qdelay_c_ms=0 ecn_mark=17 drop=0
[QUEUE_STATS] t_ms=918 q_pkts=0 q_bytes=0 qdelay_l_ms=0 qdelay_c_ms=0 ecn_mark=17 drop=0
[QUEUE_STATS] t_ms=946 q_pkts=0 q_bytes=0 qdelay_l_ms=0 qdelay_c_ms=0 ecn_mark=17 drop=0
[QUEUE_STATS] t_ms=963 q_pkts=0 q_bytes=0 qdelay_l_ms=0 qdelay_c_ms=0 ecn_mark=17 drop=0
[QUEUE_STATS] t_ms=979 q_pkts=0 q_bytes=0 qdelay_l_ms=0 qdelay_c_ms=0 ecn_mark=17 drop=0
[QUEUE_STATS] t_ms=994 q_pkts=0 q_bytes=0 qdelay_l_ms=0 qdelay_c_ms=0 ecn_mark=17 drop=0
[QUEUE_STATS] t_ms=1011 q_pkts=0 q_bytes=0 qdelay_l_ms=0 qdelay_c_ms=0 ecn_mark=17 drop=0
[QUEUE_STATS] t_ms=1028 q_pkts=0 q_bytes=0 qdelay_l_ms=0 qdelay_c_ms=0 ecn_mark=17 drop=0
[QUEUE_STATS] t_ms=1048 q_pkts=0 q_bytes=0 qdelay_l_ms=0 qdelay_c_ms=0 ecn_mark=17 drop=0
[QUEUE_STATS] t_ms=1065 q_pkts=0 q_bytes=0 qdelay_l_ms=0 qdelay_c_ms=0 ecn_mark=17 drop=0
[QUEUE_STATS] t_ms=1082 q_pkts=0 q_bytes=0 qdelay_l_ms=0 qdelay_c_ms=0 ecn_mark=17 drop=0
[QUEUE_STATS] t_ms=1097 q_pkts=0 q_bytes=0 qdelay_l_ms=0 qdelay_c_ms=0 ecn_mark=17 drop=0
[QUEUE_STATS] t_ms=1106 q_pkts=0 q_bytes=0 qdelay_l_ms=0 qdelay_c_ms=0 ecn_mark=17 drop=0
[QUEUE_STATS] t_ms=1121 q_pkts=0 q_bytes=0 qdelay_l_ms=0 qdelay_c_ms=0 ecn_mark=17 drop=0
[QUEUE_STATS] t_ms=1152 q_pkts=0 q_bytes=0 qdelay_l_ms=0 qdelay_c_ms=0 ecn_mark=17 drop=0
[QUEUE_STATS] t_ms=1184 q_pkts=0 q_bytes=0 qdelay_l_ms=0 qdelay_c_ms=0 ecn_mark=17 drop=0
[QUEUE_STATS] t_ms=1200 q_pkts=1 q_bytes=1504 qdelay_l_ms=1.07441 qdelay_c_ms=0 ecn_mark=17 drop=0
[QUEUE_STATS] t_ms=1218 q_pkts=0 q_bytes=0 qdelay_l_ms=0 qdelay_c_ms=0 ecn_mark=17 drop=0
[QUEUE_STATS] t_ms=1243 q_pkts=0 q_bytes=0 qdelay_l_ms=0 qdelay_c_ms=0 ecn_mark=17 drop=0
[QUEUE_STATS] t_ms=1253 q_pkts=0 q_bytes=0 qdelay_l_ms=0 qdelay_c_ms=0 ecn_mark=17 drop=0
[QUEUE_STATS] t_ms=1270 q_pkts=0 q_bytes=0 qdelay_l_ms=0 qdelay_c_ms=0 ecn_mark=17 drop=0
[QUEUE_STATS] t_ms=1287 q_pkts=0 q_bytes=0 qdelay_l_ms=0 qdelay_c_ms=0 ecn_mark=17 drop=0
[QUEUE_STATS] t_ms=1301 q_pkts=0 q_bytes=0 qdelay_l_ms=0 qdelay_c_ms=0 ecn_mark=17 drop=0
[QUEUE_STATS] t_ms=1312 q_pkts=0 q_bytes=0 qdelay_l_ms=0 qdelay_c_ms=0 ecn_mark=17 drop=0
[QUEUE_STATS] t_ms=1331 q_pkts=0 q_bytes=0 qdelay_l_ms=0 qdelay_c_ms=0 ecn_mark=17 drop=0
[QUEUE_STATS] t_ms=1353 q_pkts=0 q_bytes=0 qdelay_l_ms=0 qdelay_c_ms=0 ecn_mark=17 drop=0
[QUEUE_STATS] t_ms=1363 q_pkts=0 q_bytes=0 qdelay_l_ms=0 qdelay_c_ms=0 ecn_mark=17 drop=0
[QUEUE_STATS] t_ms=1388 q_pkts=0 q_bytes=0 qdelay_l_ms=0 qdelay_c_ms=0 ecn_mark=17 drop=0
[QUEUE_STATS] t_ms=1404 q_pkts=0 q_bytes=0 qdelay_l_ms=0 qdelay_c_ms=0 ecn_mark=17 drop=0
[QUEUE_STATS] t_ms=1415 q_pkts=0 q_bytes=0 qdelay_l_ms=0 qdelay_c_ms=0 ecn_mark=17 drop=0
[QUEUE_STATS] t_ms=1424 q_pkts=1 q_bytes=1504 qdelay_l_ms=1.02909 qdelay_c_ms=0 ecn_mark=17 drop=0
[QUEUE_STATS] t_ms=1441 q_pkts=0 q_bytes=0 qdelay_l_ms=0 qdelay_c_ms=0 ecn_mark=17 drop=0
[QUEUE_STATS] t_ms=1458 q_pkts=0 q_bytes=0 qdelay_l_ms=0 qdelay_c_ms=0 ecn_mark=17 drop=0
[QUEUE_STATS] t_ms=1472 q_pkts=1 q_bytes=1504 qdelay_l_ms=1.0658 qdelay_c_ms=0 ecn_mark=17 drop=0
[QUEUE_STATS] t_ms=1491 q_pkts=0 q_bytes=0 qdelay_l_ms=0 qdelay_c_ms=0 ecn_mark=17 drop=0
[QUEUE_STATS] t_ms=1506 q_pkts=0 q_bytes=0 qdelay_l_ms=0 qdelay_c_ms=0 ecn_mark=17 drop=0
[QUEUE_STATS] t_ms=1524 q_pkts=0 q_bytes=0 qdelay_l_ms=0 qdelay_c_ms=0 ecn_mark=17 drop=0
[QUEUE_STATS] t_ms=1536 q_pkts=0 q_bytes=0 qdelay_l_ms=0 qdelay_c_ms=0 ecn_mark=17 drop=0
[QUEUE_STATS] t_ms=1552 q_pkts=1 q_bytes=1504 qdelay_l_ms=1.06675 qdelay_c_ms=0 ecn_mark=17 drop=0
[QUEUE_STATS] t_ms=1569 q_pkts=0 q_bytes=0 qdelay_l_ms=0 qdelay_c_ms=0 ecn_mark=17 drop=0
[QUEUE_STATS] t_ms=1585 q_pkts=0 q_bytes=0 qdelay_l_ms=0 qdelay_c_ms=0 ecn_mark=17 drop=0
[QUEUE_STATS] t_ms=1608 q_pkts=0 q_bytes=0 qdelay_l_ms=0 qdelay_c_ms=0 ecn_mark=17 drop=0
[QUEUE_STATS] t_ms=1621 q_pkts=0 q_bytes=0 qdelay_l_ms=0 qdelay_c_ms=0 ecn_mark=17 drop=0
[QUEUE_STATS] t_ms=1639 q_pkts=0 q_bytes=0 qdelay_l_ms=0 qdelay_c_ms=0 ecn_mark=17 drop=0
[QUEUE_STATS] t_ms=1654 q_pkts=0 q_bytes=0 qdelay_l_ms=0 qdelay_c_ms=0 ecn_mark=17 drop=0
[QUEUE_STATS] t_ms=1664 q_pkts=11 q_bytes=16544 qdelay_l_ms=0 qdelay_c_ms=1.09405 ecn_mark=17 drop=0
[QUEUE_STATS] t_ms=1685 q_pkts=0 q_bytes=0 qdelay_l_ms=0 qdelay_c_ms=0 ecn_mark=17 drop=0
[QUEUE_STATS] t_ms=1702 q_pkts=0 q_bytes=0 qdelay_l_ms=0 qdelay_c_ms=0 ecn_mark=17 drop=0
[QUEUE_STATS] t_ms=1712 q_pkts=1 q_bytes=1504 qdelay_l_ms=1.08 qdelay_c_ms=0 ecn_mark=17 drop=0
[QUEUE_STATS] t_ms=1730 q_pkts=0 q_bytes=0 qdelay_l_ms=0 qdelay_c_ms=0 ecn_mark=17 drop=0
[QUEUE_STATS] t_ms=1749 q_pkts=0 q_bytes=0 qdelay_l_ms=0 qdelay_c_ms=0 ecn_mark=17 drop=0
[QUEUE_STATS] t_ms=1763 q_pkts=0 q_bytes=0 qdelay_l_ms=0 qdelay_c_ms=0 ecn_mark=17 drop=0
[QUEUE_STATS] t_ms=1776 q_pkts=0 q_bytes=0 qdelay_l_ms=0 qdelay_c_ms=0 ecn_mark=17 drop=0
[QUEUE_STATS] t_ms=1792 q_pkts=0 q_bytes=0 qdelay_l_ms=0 qdelay_c_ms=0 ecn_mark=17 drop=0
[QUEUE_STATS] t_ms=1808 q_pkts=1 q_bytes=1504 qdelay_l_ms=1.02716 qdelay_c_ms=0 ecn_mark=17 drop=0
[QUEUE_STATS] t_ms=1826 q_pkts=0 q_bytes=0 qdelay_l_ms=0 qdelay_c_ms=0 ecn_mark=17 drop=0
[QUEUE_STATS] t_ms=1843 q_pkts=0 q_bytes=0 qdelay_l_ms=0 qdelay_c_ms=0 ecn_mark=17 drop=0
[QUEUE_STATS] t_ms=1858 q_pkts=0 q_bytes=0 qdelay_l_ms=0 qdelay_c_ms=0 ecn_mark=17 drop=0
[QUEUE_STATS] t_ms=1873 q_pkts=1 q_bytes=1504 qdelay_l_ms=1.064 qdelay_c_ms=0 ecn_mark=17 drop=0
[QUEUE_STATS] t_ms=1892 q_pkts=0 q_bytes=0 qdelay_l_ms=0 qdelay_c_ms=0 ecn_mark=17 drop=0
[QUEUE_STATS] t_ms=1906 q_pkts=0 q_bytes=0 qdelay_l_ms=0 qdelay_c_ms=0 ecn_mark=17 drop=0
[QUEUE_STATS] t_ms=1920 q_pkts=0 q_bytes=0 qdelay_l_ms=0 qdelay_c_ms=0 ecn_mark=17 drop=0
[QUEUE_STATS] t_ms=1936 q_pkts=1 q_bytes=1504 qdelay_l_ms=1.07982 qdelay_c_ms=0 ecn_mark=17 drop=0
[QUEUE_STATS] t_ms=1954 q_pkts=0 q_bytes=0 qdelay_l_ms=0 qdelay_c_ms=0 ecn_mark=17 drop=0
[QUEUE_STATS] t_ms=1968 q_pkts=0 q_bytes=0 qdelay_l_ms=0 qdelay_c_ms=0 ecn_mark=17 drop=0
[QUEUE_STATS] t_ms=1985 q_pkts=0 q_bytes=0 qdelay_l_ms=0 qdelay_c_ms=0 ecn_mark=17 drop=0
[QUEUE_STATS] t_ms=2005 q_pkts=0 q_bytes=0 qdelay_l_ms=0 qdelay_c_ms=0 ecn_mark=17 drop=0
[QUEUE_STATS] t_ms=2017 q_pkts=0 q_bytes=0 qdelay_l_ms=0 qdelay_c_ms=0 ecn_mark=17 drop=0
[QUEUE_STATS] t_ms=2032 q_pkts=1 q_bytes=1504 qdelay_l_ms=1.06604 qdelay_c_ms=0 ecn_mark=17 drop=0
[QUEUE_STATS] t_ms=2048 q_pkts=0 q_bytes=0 qdelay_l_ms=0 qdelay_c_ms=0 ecn_mark=17 drop=0
[QUEUE_STATS] t_ms=2064 q_pkts=0 q_bytes=0 qdelay_l_ms=0 qdelay_c_ms=0 ecn_mark=17 drop=0
[QUEUE_STATS] t_ms=2084 q_pkts=0 q_bytes=0 qdelay_l_ms=0 qdelay_c_ms=0 ecn_mark=17 drop=0
[QUEUE_STATS] t_ms=2099 q_pkts=0 q_bytes=0 qdelay_l_ms=0 qdelay_c_ms=0 ecn_mark=17 drop=0
[QUEUE_STATS] t_ms=2112 q_pkts=1 q_bytes=1504 qdelay_l_ms=1.06429 qdelay_c_ms=0 ecn_mark=17 drop=0
[QUEUE_STATS] t_ms=2130 q_pkts=0 q_bytes=0 qdelay_l_ms=0 qdelay_c_ms=0 ecn_mark=17 drop=0
[QUEUE_STATS] t_ms=2150 q_pkts=0 q_bytes=0 qdelay_l_ms=0 qdelay_c_ms=0 ecn_mark=17 drop=0
[QUEUE_STATS] t_ms=2160 q_pkts=0 q_bytes=0 qdelay_l_ms=0 qdelay_c_ms=0 ecn_mark=17 drop=0
[QUEUE_STATS] t_ms=2176 q_pkts=13 q_bytes=19552 qdelay_l_ms=0 qdelay_c_ms=1.10367 ecn_mark=17 drop=0
[QUEUE_STATS] t_ms=2196 q_pkts=0 q_bytes=0 qdelay_l_ms=0 qdelay_c_ms=0 ecn_mark=17 drop=0
[QUEUE_STATS] t_ms=2208 q_pkts=1 q_bytes=1504 qdelay_l_ms=1.06675 qdelay_c_ms=0 ecn_mark=17 drop=0
[QUEUE_STATS] t_ms=2224 q_pkts=0 q_bytes=0 qdelay_l_ms=0 qdelay_c_ms=0 ecn_mark=17 drop=0
[QUEUE_STATS] t_ms=2241 q_pkts=0 q_bytes=0 qdelay_l_ms=0 qdelay_c_ms=0 ecn_mark=17 drop=0
[QUEUE_STATS] t_ms=2261 q_pkts=0 q_bytes=0 qdelay_l_ms=0 qdelay_c_ms=0 ecn_mark=17 drop=0
[QUEUE_STATS] t_ms=2275 q_pkts=0 q_bytes=0 qdelay_l_ms=0 qdelay_c_ms=0 ecn_mark=17 drop=0
[QUEUE_STATS] t_ms=2288 q_pkts=0 q_bytes=0 qdelay_l_ms=0 qdelay_c_ms=0 ecn_mark=17 drop=0
[QUEUE_STATS] t_ms=2307 q_pkts=0 q_bytes=0 qdelay_l_ms=0 qdelay_c_ms=0 ecn_mark=17 drop=0
[QUEUE_STATS] t_ms=2323 q_pkts=0 q_bytes=0 qdelay_l_ms=0 qdelay_c_ms=0 ecn_mark=17 drop=0
[QUEUE_STATS] t_ms=2336 q_pkts=1 q_bytes=1504 qdelay_l_ms=1.0645 qdelay_c_ms=0 ecn_mark=17 drop=0
[QUEUE_STATS] t_ms=2352 q_pkts=1 q_bytes=1504 qdelay_l_ms=1.06574 qdelay_c_ms=0 ecn_mark=17 drop=0
[QUEUE_STATS] t_ms=2373 q_pkts=0 q_bytes=0 qdelay_l_ms=0 qdelay_c_ms=0 ecn_mark=17 drop=0
[QUEUE_STATS] t_ms=2384 q_pkts=1 q_bytes=1504 qdelay_l_ms=1.06647 qdelay_c_ms=0 ecn_mark=17 drop=0
[QUEUE_STATS] t_ms=2400 q_pkts=0 q_bytes=0 qdelay_l_ms=0 qdelay_c_ms=0 ecn_mark=17 drop=0
[QUEUE_STATS] t_ms=2416 q_pkts=1 q_bytes=1504 qdelay_l_ms=1.06624 qdelay_c_ms=0 ecn_mark=17 drop=0
[QUEUE_STATS] t_ms=2435 q_pkts=0 q_bytes=0 qdelay_l_ms=0 qdelay_c_ms=0 ecn_mark=17 drop=0
[QUEUE_STATS] t_ms=2451 q_pkts=0 q_bytes=0 qdelay_l_ms=0 qdelay_c_ms=0 ecn_mark=17 drop=0
[QUEUE_STATS] t_ms=2467 q_pkts=0 q_bytes=0 qdelay_l_ms=0 qdelay_c_ms=0 ecn_mark=17 drop=0
[QUEUE_STATS] t_ms=2480 q_pkts=1 q_bytes=1504 qdelay_l_ms=1.04499 qdelay_c_ms=0 ecn_mark=17 drop=0
[QUEUE_STATS] t_ms=2497 q_pkts=0 q_bytes=0 qdelay_l_ms=0 qdelay_c_ms=0 ecn_mark=17 drop=0
[QUEUE_STATS] t_ms=2512 q_pkts=1 q_bytes=1504 qdelay_l_ms=1.06617 qdelay_c_ms=0 ecn_mark=17 drop=0
[QUEUE_STATS] t_ms=2531 q_pkts=0 q_bytes=0 qdelay_l_ms=0 qdelay_c_ms=0 ecn_mark=17 drop=0
[QUEUE_STATS] t_ms=2545 q_pkts=0 q_bytes=0 qdelay_l_ms=0 qdelay_c_ms=0 ecn_mark=17 drop=0
[QUEUE_STATS] t_ms=2560 q_pkts=0 q_bytes=0 qdelay_l_ms=0 qdelay_c_ms=0 ecn_mark=17 drop=0
[QUEUE_STATS] t_ms=2577 q_pkts=0 q_bytes=0 qdelay_l_ms=0 qdelay_c_ms=0 ecn_mark=17 drop=0
[QUEUE_STATS] t_ms=2595 q_pkts=0 q_bytes=0 qdelay_l_ms=0 qdelay_c_ms=0 ecn_mark=17 drop=0
[QUEUE_STATS] t_ms=2608 q_pkts=0 q_bytes=0 qdelay_l_ms=0 qdelay_c_ms=0 ecn_mark=17 drop=0
[QUEUE_STATS] t_ms=2624 q_pkts=1 q_bytes=1504 qdelay_l_ms=1.04832 qdelay_c_ms=0 ecn_mark=17 drop=0
[QUEUE_STATS] t_ms=2642 q_pkts=0 q_bytes=0 qdelay_l_ms=0 qdelay_c_ms=0 ecn_mark=17 drop=0
[QUEUE_STATS] t_ms=2656 q_pkts=0 q_bytes=0 qdelay_l_ms=0 qdelay_c_ms=0 ecn_mark=17 drop=0
[QUEUE_STATS] t_ms=2674 q_pkts=0 q_bytes=0 qdelay_l_ms=0 qdelay_c_ms=0 ecn_mark=17 drop=0
[QUEUE_STATS] t_ms=2688 q_pkts=11 q_bytes=16544 qdelay_l_ms=0 qdelay_c_ms=1.12599 ecn_mark=17 drop=0
[QUEUE_STATS] t_ms=2704 q_pkts=1 q_bytes=1504 qdelay_l_ms=1.0649 qdelay_c_ms=0 ecn_mark=17 drop=0
[QUEUE_STATS] t_ms=2720 q_pkts=0 q_bytes=0 qdelay_l_ms=0 qdelay_c_ms=0 ecn_mark=17 drop=0
[QUEUE_STATS] t_ms=2738 q_pkts=0 q_bytes=0 qdelay_l_ms=0 qdelay_c_ms=0 ecn_mark=17 drop=0
[QUEUE_STATS] t_ms=2752 q_pkts=1 q_bytes=1504 qdelay_l_ms=1.05285 qdelay_c_ms=0 ecn_mark=17 drop=0
[QUEUE_STATS] t_ms=2768 q_pkts=0 q_bytes=0 qdelay_l_ms=0 qdelay_c_ms=0 ecn_mark=17 drop=0
[QUEUE_STATS] t_ms=2786 q_pkts=0 q_bytes=0 qdelay_l_ms=0 qdelay_c_ms=0 ecn_mark=17 drop=0
[QUEUE_STATS] t_ms=2800 q_pkts=0 q_bytes=0 qdelay_l_ms=0 qdelay_c_ms=0 ecn_mark=17 drop=0
[QUEUE_STATS] t_ms=2819 q_pkts=0 q_bytes=0 qdelay_l_ms=0 qdelay_c_ms=0 ecn_mark=17 drop=0
[QUEUE_STATS] t_ms=2832 q_pkts=1 q_bytes=1504 qdelay_l_ms=1.06482 qdelay_c_ms=0 ecn_mark=17 drop=0
[QUEUE_STATS] t_ms=2848 q_pkts=0 q_bytes=0 qdelay_l_ms=0 qdelay_c_ms=0 ecn_mark=17 drop=0
[QUEUE_STATS] t_ms=2865 q_pkts=0 q_bytes=0 qdelay_l_ms=0 qdelay_c_ms=0 ecn_mark=17 drop=0
[QUEUE_STATS] t_ms=2883 q_pkts=0 q_bytes=0 qdelay_l_ms=0 qdelay_c_ms=0 ecn_mark=17 drop=0
[QUEUE_STATS] t_ms=2896 q_pkts=1 q_bytes=1504 qdelay_l_ms=1.06571 qdelay_c_ms=0 ecn_mark=17 drop=0
[QUEUE_STATS] t_ms=2913 q_pkts=0 q_bytes=0 qdelay_l_ms=0 qdelay_c_ms=0 ecn_mark=17 drop=0
[QUEUE_STATS] t_ms=2930 q_pkts=0 q_bytes=0 qdelay_l_ms=0 qdelay_c_ms=0 ecn_mark=17 drop=0
[QUEUE_STATS] t_ms=2944 q_pkts=0 q_bytes=0 qdelay_l_ms=0 qdelay_c_ms=0 ecn_mark=17 drop=0
[QUEUE_STATS] t_ms=2961 q_pkts=0 q_bytes=0 qdelay_l_ms=0 qdelay_c_ms=0 ecn_mark=17 drop=0
[QUEUE_STATS] t_ms=2978 q_pkts=0 q_bytes=0 qdelay_l_ms=0 qdelay_c_ms=0 ecn_mark=17 drop=0
[QUEUE_STATS] t_ms=2992 q_pkts=0 q_bytes=0 qdelay_l_ms=0 qdelay_c_ms=0 ecn_mark=17 drop=0
[QUEUE_STATS] t_ms=3010 q_pkts=0 q_bytes=0 qdelay_l_ms=0 qdelay_c_ms=0 ecn_mark=17 drop=0
[QUEUE_STATS] t_ms=3024 q_pkts=0 q_bytes=0 qdelay_l_ms=0 qdelay_c_ms=0 ecn_mark=17 drop=0
[QUEUE_STATS] t_ms=3040 q_pkts=0 q_bytes=0 qdelay_l_ms=0 qdelay_c_ms=0 ecn_mark=17 drop=0
[QUEUE_STATS] t_ms=3056 q_pkts=1 q_bytes=1504 qdelay_l_ms=1.06568 qdelay_c_ms=0 ecn_mark=17 drop=0
[QUEUE_STATS] t_ms=3072 q_pkts=1 q_bytes=1504 qdelay_l_ms=1.06515 qdelay_c_ms=0 ecn_mark=17 drop=0
[QUEUE_STATS] t_ms=3088 q_pkts=1 q_bytes=1504 qdelay_l_ms=1.0656 qdelay_c_ms=0 ecn_mark=17 drop=0
[QUEUE_STATS] t_ms=3108 q_pkts=0 q_bytes=0 qdelay_l_ms=0 qdelay_c_ms=0 ecn_mark=17 drop=0
[QUEUE_STATS] t_ms=3120 q_pkts=1 q_bytes=1504 qdelay_l_ms=1.06391 qdelay_c_ms=0 ecn_mark=17 drop=0
[QUEUE_STATS] t_ms=3140 q_pkts=0 q_bytes=0 qdelay_l_ms=0 qdelay_c_ms=0 ecn_mark=17 drop=0
[QUEUE_STATS] t_ms=3153 q_pkts=0 q_bytes=0 qdelay_l_ms=0 qdelay_c_ms=0 ecn_mark=17 drop=0
[QUEUE_STATS] t_ms=3168 q_pkts=0 q_bytes=0 qdelay_l_ms=0 qdelay_c_ms=0 ecn_mark=17 drop=0
[QUEUE_STATS] t_ms=3184 q_pkts=1 q_bytes=1504 qdelay_l_ms=1.06603 qdelay_c_ms=0 ecn_mark=17 drop=0
[QUEUE_STATS] t_ms=3200 q_pkts=8 q_bytes=12032 qdelay_l_ms=0 qdelay_c_ms=1.08514 ecn_mark=17 drop=0
[QUEUE_STATS] t_ms=3216 q_pkts=1 q_bytes=1504 qdelay_l_ms=1.06652 qdelay_c_ms=0 ecn_mark=17 drop=0
[QUEUE_STATS] t_ms=3232 q_pkts=0 q_bytes=0 qdelay_l_ms=0 qdelay_c_ms=0 ecn_mark=17 drop=0
[QUEUE_STATS] t_ms=3249 q_pkts=1 q_bytes=1504 qdelay_l_ms=1.06346 qdelay_c_ms=0 ecn_mark=17 drop=0
[QUEUE_STATS] t_ms=3264 q_pkts=1 q_bytes=1504 qdelay_l_ms=1.06391 qdelay_c_ms=0 ecn_mark=17 drop=0
[QUEUE_STATS] t_ms=3281 q_pkts=0 q_bytes=0 qdelay_l_ms=0 qdelay_c_ms=0 ecn_mark=17 drop=0
[QUEUE_STATS] t_ms=3296 q_pkts=0 q_bytes=0 qdelay_l_ms=0 qdelay_c_ms=0 ecn_mark=17 drop=0
[QUEUE_STATS] t_ms=3313 q_pkts=0 q_bytes=0 qdelay_l_ms=0 qdelay_c_ms=0 ecn_mark=17 drop=0
[QUEUE_STATS] t_ms=3331 q_pkts=0 q_bytes=0 qdelay_l_ms=0 qdelay_c_ms=0 ecn_mark=17 drop=0
[QUEUE_STATS] t_ms=3345 q_pkts=0 q_bytes=0 qdelay_l_ms=0 qdelay_c_ms=0 ecn_mark=17 drop=0
[QUEUE_STATS] t_ms=3361 q_pkts=0 q_bytes=0 qdelay_l_ms=0 qdelay_c_ms=0 ecn_mark=17 drop=0
[QUEUE_STATS] t_ms=3376 q_pkts=0 q_bytes=0 qdelay_l_ms=0 qdelay_c_ms=0 ecn_mark=17 drop=0
[QUEUE_STATS] t_ms=3393 q_pkts=0 q_bytes=0 qdelay_l_ms=0 qdelay_c_ms=0 ecn_mark=17 drop=0
[QUEUE_STATS] t_ms=3411 q_pkts=0 q_bytes=0 qdelay_l_ms=0 qdelay_c_ms=0 ecn_mark=17 drop=0
[QUEUE_STATS] t_ms=3428 q_pkts=0 q_bytes=0 qdelay_l_ms=0 qdelay_c_ms=0 ecn_mark=17 drop=0
[QUEUE_STATS] t_ms=3440 q_pkts=0 q_bytes=0 qdelay_l_ms=0 qdelay_c_ms=0 ecn_mark=17 drop=0
[QUEUE_STATS] t_ms=3457 q_pkts=0 q_bytes=0 qdelay_l_ms=0 qdelay_c_ms=0 ecn_mark=17 drop=0
[QUEUE_STATS] t_ms=3473 q_pkts=0 q_bytes=0 qdelay_l_ms=0 qdelay_c_ms=0 ecn_mark=17 drop=0
[QUEUE_STATS] t_ms=3490 q_pkts=0 q_bytes=0 qdelay_l_ms=0 qdelay_c_ms=0 ecn_mark=17 drop=0
[QUEUE_STATS] t_ms=3504 q_pkts=1 q_bytes=1504 qdelay_l_ms=1.03871 qdelay_c_ms=0 ecn_mark=17 drop=0
[QUEUE_STATS] t_ms=3520 q_pkts=0 q_bytes=0 qdelay_l_ms=0 qdelay_c_ms=0 ecn_mark=17 drop=0
[QUEUE_STATS] t_ms=3536 q_pkts=0 q_bytes=0 qdelay_l_ms=0 qdelay_c_ms=0 ecn_mark=17 drop=0
[QUEUE_STATS] t_ms=3552 q_pkts=0 q_bytes=0 qdelay_l_ms=0 qdelay_c_ms=0 ecn_mark=17 drop=0
[QUEUE_STATS] t_ms=3568 q_pkts=1 q_bytes=1504 qdelay_l_ms=1.06585 qdelay_c_ms=0 ecn_mark=17 drop=0
[QUEUE_STATS] t_ms=3585 q_pkts=0 q_bytes=0 qdelay_l_ms=0 qdelay_c_ms=0 ecn_mark=17 drop=0
[QUEUE_STATS] t_ms=3601 q_pkts=0 q_bytes=0 qdelay_l_ms=0 qdelay_c_ms=0 ecn_mark=17 drop=0
[QUEUE_STATS] t_ms=3618 q_pkts=0 q_bytes=0 qdelay_l_ms=0 qdelay_c_ms=0 ecn_mark=17 drop=0
[QUEUE_STATS] t_ms=3633 q_pkts=0 q_bytes=0 qdelay_l_ms=0 qdelay_c_ms=0 ecn_mark=17 drop=0
[QUEUE_STATS] t_ms=3652 q_pkts=0 q_bytes=0 qdelay_l_ms=0 qdelay_c_ms=0 ecn_mark=17 drop=0
[QUEUE_STATS] t_ms=3664 q_pkts=0 q_bytes=0 qdelay_l_ms=0 qdelay_c_ms=0 ecn_mark=17 drop=0
[QUEUE_STATS] t_ms=3681 q_pkts=0 q_bytes=0 qdelay_l_ms=0 qdelay_c_ms=0 ecn_mark=17 drop=0
[QUEUE_STATS] t_ms=3696 q_pkts=0 q_bytes=0 qdelay_l_ms=0 qdelay_c_ms=0 ecn_mark=17 drop=0
[QUEUE_STATS] t_ms=3712 q_pkts=0 q_bytes=0 qdelay_l_ms=0 qdelay_c_ms=0 ecn_mark=17 drop=0
[QUEUE_STATS] t_ms=3729 q_pkts=0 q_bytes=0 qdelay_l_ms=0 qdelay_c_ms=0 ecn_mark=17 drop=0
[QUEUE_STATS] t_ms=3745 q_pkts=0 q_bytes=0 qdelay_l_ms=0 qdelay_c_ms=0 ecn_mark=17 drop=0
[QUEUE_STATS] t_ms=3761 q_pkts=1 q_bytes=1504 qdelay_l_ms=1.07238 qdelay_c_ms=0 ecn_mark=17 drop=0
[QUEUE_STATS] t_ms=3776 q_pkts=1 q_bytes=1504 qdelay_l_ms=1.07924 qdelay_c_ms=0 ecn_mark=17 drop=0
[QUEUE_STATS] t_ms=3793 q_pkts=0 q_bytes=0 qdelay_l_ms=0 qdelay_c_ms=0 ecn_mark=17 drop=0
[QUEUE_STATS] t_ms=3808 q_pkts=1 q_bytes=1504 qdelay_l_ms=1.06329 qdelay_c_ms=0 ecn_mark=17 drop=0
[QUEUE_STATS] t_ms=3824 q_pkts=0 q_bytes=0 qdelay_l_ms=0 qdelay_c_ms=0 ecn_mark=17 drop=0
[QUEUE_STATS] t_ms=3840 q_pkts=1 q_bytes=1504 qdelay_l_ms=1.03182 qdelay_c_ms=0 ecn_mark=17 drop=0
[QUEUE_STATS] t_ms=3857 q_pkts=0 q_bytes=0 qdelay_l_ms=0 qdelay_c_ms=0 ecn_mark=17 drop=0
[QUEUE_STATS] t_ms=3874 q_pkts=0 q_bytes=0 qdelay_l_ms=0 qdelay_c_ms=0 ecn_mark=17 drop=0
[QUEUE_STATS] t_ms=3889 q_pkts=0 q_bytes=0 qdelay_l_ms=0 qdelay_c_ms=0 ecn_mark=17 drop=0
[QUEUE_STATS] t_ms=3904 q_pkts=0 q_bytes=0 qdelay_l_ms=0 qdelay_c_ms=0 ecn_mark=17 drop=0
[QUEUE_STATS] t_ms=3920 q_pkts=1 q_bytes=1504 qdelay_l_ms=1.06584 qdelay_c_ms=0 ecn_mark=17 drop=0
[QUEUE_STATS] t_ms=3936 q_pkts=0 q_bytes=0 qdelay_l_ms=0 qdelay_c_ms=0 ecn_mark=17 drop=0
[QUEUE_STATS] t_ms=3953 q_pkts=0 q_bytes=0 qdelay_l_ms=0 qdelay_c_ms=0 ecn_mark=17 drop=0
[QUEUE_STATS] t_ms=3968 q_pkts=1 q_bytes=1504 qdelay_l_ms=1.0653 qdelay_c_ms=0 ecn_mark=17 drop=0
[QUEUE_STATS] t_ms=3984 q_pkts=1 q_bytes=1504 qdelay_l_ms=1.06499 qdelay_c_ms=0 ecn_mark=17 drop=0
[QUEUE_STATS] t_ms=4000 q_pkts=0 q_bytes=0 qdelay_l_ms=0 qdelay_c_ms=0 ecn_mark=17 drop=0
[QUEUE_STATS] t_ms=4016 q_pkts=1 q_bytes=1504 qdelay_l_ms=1.06564 qdelay_c_ms=0 ecn_mark=17 drop=0
[QUEUE_STATS] t_ms=4032 q_pkts=0 q_bytes=0 qdelay_l_ms=0 qdelay_c_ms=0 ecn_mark=17 drop=0
[QUEUE_STATS] t_ms=4048 q_pkts=1 q_bytes=1504 qdelay_l_ms=1.06577 qdelay_c_ms=0 ecn_mark=17 drop=0
[QUEUE_STATS] t_ms=4064 q_pkts=0 q_bytes=0 qdelay_l_ms=0 qdelay_c_ms=0 ecn_mark=17 drop=0
[QUEUE_STATS] t_ms=4080 q_pkts=1 q_bytes=1504 qdelay_l_ms=1.07543 qdelay_c_ms=0 ecn_mark=17 drop=0
[QUEUE_STATS] t_ms=4098 q_pkts=0 q_bytes=0 qdelay_l_ms=0 qdelay_c_ms=0 ecn_mark=17 drop=0
[QUEUE_STATS] t_ms=4114 q_pkts=0 q_bytes=0 qdelay_l_ms=0 qdelay_c_ms=0 ecn_mark=17 drop=0
[QUEUE_STATS] t_ms=4128 q_pkts=0 q_bytes=0 qdelay_l_ms=0 qdelay_c_ms=0 ecn_mark=17 drop=0
[QUEUE_STATS] t_ms=4145 q_pkts=0 q_bytes=0 qdelay_l_ms=0 qdelay_c_ms=0 ecn_mark=17 drop=0
[QUEUE_STATS] t_ms=4160 q_pkts=0 q_bytes=0 qdelay_l_ms=0 qdelay_c_ms=0 ecn_mark=17 drop=0
[QUEUE_STATS] t_ms=4177 q_pkts=0 q_bytes=0 qdelay_l_ms=0 qdelay_c_ms=0 ecn_mark=17 drop=0
[QUEUE_STATS] t_ms=4192 q_pkts=0 q_bytes=0 qdelay_l_ms=0 qdelay_c_ms=0 ecn_mark=17 drop=0
[QUEUE_STATS] t_ms=4208 q_pkts=0 q_bytes=0 qdelay_l_ms=0 qdelay_c_ms=0 ecn_mark=17 drop=0
[QUEUE_STATS] t_ms=4224 q_pkts=2 q_bytes=3008 qdelay_l_ms=0 qdelay_c_ms=1.06621 ecn_mark=17 drop=0
[QUEUE_STATS] t_ms=4241 q_pkts=0 q_bytes=0 qdelay_l_ms=0 qdelay_c_ms=0 ecn_mark=17 drop=0
[QUEUE_STATS] t_ms=4256 q_pkts=1 q_bytes=1504 qdelay_l_ms=1.06496 qdelay_c_ms=0 ecn_mark=17 drop=0
[QUEUE_STATS] t_ms=4272 q_pkts=1 q_bytes=1504 qdelay_l_ms=1.06559 qdelay_c_ms=0 ecn_mark=17 drop=0
[QUEUE_STATS] t_ms=4289 q_pkts=0 q_bytes=0 qdelay_l_ms=0 qdelay_c_ms=0 ecn_mark=17 drop=0
[QUEUE_STATS] t_ms=4304 q_pkts=1 q_bytes=1504 qdelay_l_ms=1.06543 qdelay_c_ms=0 ecn_mark=17 drop=0
[QUEUE_STATS] t_ms=4320 q_pkts=1 q_bytes=1504 qdelay_l_ms=1.06503 qdelay_c_ms=0 ecn_mark=17 drop=0
[QUEUE_STATS] t_ms=4336 q_pkts=1 q_bytes=1504 qdelay_l_ms=1.0212 qdelay_c_ms=0 ecn_mark=17 drop=0
[QUEUE_STATS] t_ms=4352 q_pkts=0 q_bytes=0 qdelay_l_ms=0 qdelay_c_ms=0 ecn_mark=17 drop=0
[QUEUE_STATS] t_ms=4369 q_pkts=0 q_bytes=0 qdelay_l_ms=0 qdelay_c_ms=0 ecn_mark=17 drop=0
[QUEUE_STATS] t_ms=4384 q_pkts=1 q_bytes=1504 qdelay_l_ms=1.0657 qdelay_c_ms=0 ecn_mark=17 drop=0
[QUEUE_STATS] t_ms=4402 q_pkts=0 q_bytes=0 qdelay_l_ms=0 qdelay_c_ms=0 ecn_mark=17 drop=0
[QUEUE_STATS] t_ms=4416 q_pkts=0 q_bytes=0 qdelay_l_ms=0 qdelay_c_ms=0 ecn_mark=17 drop=0
[QUEUE_STATS] t_ms=4432 q_pkts=1 q_bytes=1504 qdelay_l_ms=1.06261 qdelay_c_ms=0 ecn_mark=17 drop=0
[QUEUE_STATS] t_ms=4449 q_pkts=0 q_bytes=0 qdelay_l_ms=0 qdelay_c_ms=0 ecn_mark=17 drop=0
[QUEUE_STATS] t_ms=4465 q_pkts=0 q_bytes=0 qdelay_l_ms=0 qdelay_c_ms=0 ecn_mark=17 drop=0
[QUEUE_STATS] t_ms=4480 q_pkts=0 q_bytes=0 qdelay_l_ms=0 qdelay_c_ms=0 ecn_mark=17 drop=0
[QUEUE_STATS] t_ms=4499 q_pkts=0 q_bytes=0 qdelay_l_ms=0 qdelay_c_ms=0 ecn_mark=17 drop=0
[QUEUE_STATS] t_ms=4512 q_pkts=1 q_bytes=1504 qdelay_l_ms=1.0639 qdelay_c_ms=0 ecn_mark=17 drop=0
[QUEUE_STATS] t_ms=4528 q_pkts=0 q_bytes=0 qdelay_l_ms=0 qdelay_c_ms=0 ecn_mark=17 drop=0
[QUEUE_STATS] t_ms=4544 q_pkts=1 q_bytes=1504 qdelay_l_ms=1.06588 qdelay_c_ms=0 ecn_mark=17 drop=0
[QUEUE_STATS] t_ms=4560 q_pkts=0 q_bytes=0 qdelay_l_ms=0 qdelay_c_ms=0 ecn_mark=17 drop=0
[QUEUE_STATS] t_ms=4576 q_pkts=1 q_bytes=1504 qdelay_l_ms=1.06296 qdelay_c_ms=0 ecn_mark=17 drop=0
[QUEUE_STATS] t_ms=4594 q_pkts=0 q_bytes=0 qdelay_l_ms=0 qdelay_c_ms=0 ecn_mark=17 drop=0
[QUEUE_STATS] t_ms=4609 q_pkts=0 q_bytes=0 qdelay_l_ms=0 qdelay_c_ms=0 ecn_mark=17 drop=0
[QUEUE_STATS] t_ms=4625 q_pkts=0 q_bytes=0 qdelay_l_ms=0 qdelay_c_ms=0 ecn_mark=17 drop=0
[QUEUE_STATS] t_ms=4640 q_pkts=0 q_bytes=0 qdelay_l_ms=0 qdelay_c_ms=0 ecn_mark=17 drop=0
[QUEUE_STATS] t_ms=4657 q_pkts=0 q_bytes=0 qdelay_l_ms=0 qdelay_c_ms=0 ecn_mark=17 drop=0
[QUEUE_STATS] t_ms=4672 q_pkts=1 q_bytes=1504 qdelay_l_ms=1.06326 qdelay_c_ms=0 ecn_mark=17 drop=0
[QUEUE_STATS] t_ms=4688 q_pkts=0 q_bytes=0 qdelay_l_ms=0 qdelay_c_ms=0 ecn_mark=17 drop=0
[QUEUE_STATS] t_ms=4704 q_pkts=0 q_bytes=0 qdelay_l_ms=0 qdelay_c_ms=0 ecn_mark=17 drop=0
[QUEUE_STATS] t_ms=4721 q_pkts=1 q_bytes=1504 qdelay_l_ms=1.06367 qdelay_c_ms=0 ecn_mark=17 drop=0
[QUEUE_STATS] t_ms=4736 q_pkts=0 q_bytes=0 qdelay_l_ms=0 qdelay_c_ms=0 ecn_mark=17 drop=0
[QUEUE_STATS] t_ms=4752 q_pkts=1 q_bytes=1504 qdelay_l_ms=0.953834 qdelay_c_ms=0 ecn_mark=17 drop=0
[QUEUE_STATS] t_ms=4768 q_pkts=1 q_bytes=1504 qdelay_l_ms=1.06542 qdelay_c_ms=0 ecn_mark=17 drop=0
[QUEUE_STATS] t_ms=4784 q_pkts=1 q_bytes=1504 qdelay_l_ms=1.0691 qdelay_c_ms=0 ecn_mark=17 drop=0
[QUEUE_STATS] t_ms=4802 q_pkts=0 q_bytes=0 qdelay_l_ms=0 qdelay_c_ms=0 ecn_mark=17 drop=0
[QUEUE_STATS] t_ms=4816 q_pkts=1 q_bytes=1504 qdelay_l_ms=1.04422 qdelay_c_ms=0 ecn_mark=17 drop=0
[QUEUE_STATS] t_ms=4833 q_pkts=0 q_bytes=0 qdelay_l_ms=0 qdelay_c_ms=0 ecn_mark=17 drop=0
[QUEUE_STATS] t_ms=4848 q_pkts=0 q_bytes=0 qdelay_l_ms=0 qdelay_c_ms=0 ecn_mark=17 drop=0
[QUEUE_STATS] t_ms=4864 q_pkts=1 q_bytes=1504 qdelay_l_ms=1.06503 qdelay_c_ms=0 ecn_mark=17 drop=0
[QUEUE_STATS] t_ms=4881 q_pkts=0 q_bytes=0 qdelay_l_ms=0 qdelay_c_ms=0 ecn_mark=17 drop=0
[QUEUE_STATS] t_ms=4898 q_pkts=0 q_bytes=0 qdelay_l_ms=0 qdelay_c_ms=0 ecn_mark=17 drop=0
[QUEUE_STATS] t_ms=4912 q_pkts=1 q_bytes=1504 qdelay_l_ms=1.08986 qdelay_c_ms=0 ecn_mark=17 drop=0
[QUEUE_STATS] t_ms=4928 q_pkts=0 q_bytes=0 qdelay_l_ms=0 qdelay_c_ms=0 ecn_mark=17 drop=0
[QUEUE_STATS] t_ms=4944 q_pkts=1 q_bytes=1504 qdelay_l_ms=1.06695 qdelay_c_ms=0 ecn_mark=17 drop=0
[QUEUE_STATS] t_ms=4960 q_pkts=1 q_bytes=1504 qdelay_l_ms=1.06775 qdelay_c_ms=0 ecn_mark=17 drop=0
[QUEUE_STATS] t_ms=4976 q_pkts=1 q_bytes=1504 qdelay_l_ms=1.06835 qdelay_c_ms=0 ecn_mark=17 drop=0
[QUEUE_STATS] t_ms=4994 q_pkts=0 q_bytes=0 qdelay_l_ms=0 qdelay_c_ms=0 ecn_mark=17 drop=0
[QUEUE_STATS] t_ms=5008 q_pkts=1 q_bytes=1504 qdelay_l_ms=1.06235 qdelay_c_ms=0 ecn_mark=17 drop=0
[QUEUE_STATS] t_ms=5024 q_pkts=3 q_bytes=4512 qdelay_l_ms=1.07436 qdelay_c_ms=1.06891 ecn_mark=17 drop=0
[QUEUE_STATS] t_ms=5040 q_pkts=18 q_bytes=27072 qdelay_l_ms=1.17414 qdelay_c_ms=1.16572 ecn_mark=17 drop=0
[QUEUE_STATS] t_ms=5056 q_pkts=0 q_bytes=0 qdelay_l_ms=0 qdelay_c_ms=0 ecn_mark=17 drop=0
[QUEUE_STATS] t_ms=5072 q_pkts=1 q_bytes=1504 qdelay_l_ms=1.06702 qdelay_c_ms=0 ecn_mark=17 drop=0
[QUEUE_STATS] t_ms=5088 q_pkts=0 q_bytes=0 qdelay_l_ms=0 qdelay_c_ms=0 ecn_mark=17 drop=0
[QUEUE_STATS] t_ms=5104 q_pkts=1 q_bytes=1504 qdelay_l_ms=1.06226 qdelay_c_ms=0 ecn_mark=17 drop=0
[QUEUE_STATS] t_ms=5120 q_pkts=1 q_bytes=1504 qdelay_l_ms=1.06325 qdelay_c_ms=0 ecn_mark=17 drop=0
[QUEUE_STATS] t_ms=5137 q_pkts=1 q_bytes=1504 qdelay_l_ms=1.09058 qdelay_c_ms=0 ecn_mark=17 drop=0
[QUEUE_STATS] t_ms=5152 q_pkts=0 q_bytes=0 qdelay_l_ms=0 qdelay_c_ms=0 ecn_mark=17 drop=0
[QUEUE_STATS] t_ms=5168 q_pkts=1 q_bytes=1504 qdelay_l_ms=1.05845 qdelay_c_ms=0 ecn_mark=17 drop=0
[QUEUE_STATS] t_ms=5184 q_pkts=1 q_bytes=1504 qdelay_l_ms=1.06984 qdelay_c_ms=0 ecn_mark=17 drop=0
[QUEUE_STATS] t_ms=5200 q_pkts=1 q_bytes=1504 qdelay_l_ms=1.06704 qdelay_c_ms=0 ecn_mark=17 drop=0
[QUEUE_STATS] t_ms=5218 q_pkts=0 q_bytes=0 qdelay_l_ms=0 qdelay_c_ms=0 ecn_mark=17 drop=0
[QUEUE_STATS] t_ms=5232 q_pkts=0 q_bytes=0 qdelay_l_ms=0 qdelay_c_ms=0 ecn_mark=17 drop=0
[QUEUE_STATS] t_ms=5248 q_pkts=1 q_bytes=1504 qdelay_l_ms=1.08385 qdelay_c_ms=0 ecn_mark=17 drop=0
[QUEUE_STATS] t_ms=5264 q_pkts=0 q_bytes=0 qdelay_l_ms=0 qdelay_c_ms=0 ecn_mark=17 drop=0
[QUEUE_STATS] t_ms=5280 q_pkts=1 q_bytes=1504 qdelay_l_ms=1.06897 qdelay_c_ms=0 ecn_mark=17 drop=0
[QUEUE_STATS] t_ms=5297 q_pkts=0 q_bytes=0 qdelay_l_ms=0 qdelay_c_ms=0 ecn_mark=17 drop=0
[QUEUE_STATS] t_ms=5312 q_pkts=0 q_bytes=0 qdelay_l_ms=0 qdelay_c_ms=0 ecn_mark=17 drop=0
[QUEUE_STATS] t_ms=5329 q_pkts=0 q_bytes=0 qdelay_l_ms=0 qdelay_c_ms=0 ecn_mark=17 drop=0
[QUEUE_STATS] t_ms=5344 q_pkts=0 q_bytes=0 qdelay_l_ms=0 qdelay_c_ms=0 ecn_mark=17 drop=0
[QUEUE_STATS] t_ms=5361 q_pkts=0 q_bytes=0 qdelay_l_ms=0 qdelay_c_ms=0 ecn_mark=17 drop=0
[QUEUE_STATS] t_ms=5378 q_pkts=0 q_bytes=0 qdelay_l_ms=0 qdelay_c_ms=0 ecn_mark=17 drop=0
[QUEUE_STATS] t_ms=5392 q_pkts=1 q_bytes=1504 qdelay_l_ms=1.08042 qdelay_c_ms=0 ecn_mark=17 drop=0
[QUEUE_STATS] t_ms=5408 q_pkts=0 q_bytes=0 qdelay_l_ms=0 qdelay_c_ms=0 ecn_mark=17 drop=0
[QUEUE_STATS] t_ms=5424 q_pkts=1 q_bytes=1504 qdelay_l_ms=1.06876 qdelay_c_ms=0 ecn_mark=17 drop=0
[QUEUE_STATS] t_ms=5441 q_pkts=0 q_bytes=0 qdelay_l_ms=0 qdelay_c_ms=0 ecn_mark=17 drop=0
[QUEUE_STATS] t_ms=5457 q_pkts=1 q_bytes=1504 qdelay_l_ms=1.06936 qdelay_c_ms=0 ecn_mark=17 drop=0
[QUEUE_STATS] t_ms=5472 q_pkts=1 q_bytes=1504 qdelay_l_ms=1.07017 qdelay_c_ms=0 ecn_mark=17 drop=0
[QUEUE_STATS] t_ms=5489 q_pkts=0 q_bytes=0 qdelay_l_ms=0 qdelay_c_ms=0 ecn_mark=17 drop=0
[QUEUE_STATS] t_ms=5504 q_pkts=0 q_bytes=0 qdelay_l_ms=0 qdelay_c_ms=0 ecn_mark=17 drop=0
[QUEUE_STATS] t_ms=5520 q_pkts=0 q_bytes=0 qdelay_l_ms=0 qdelay_c_ms=0 ecn_mark=17 drop=0
[QUEUE_STATS] t_ms=5536 q_pkts=3 q_bytes=4512 qdelay_l_ms=1.08104 qdelay_c_ms=1.07314 ecn_mark=17 drop=0
[QUEUE_STATS] t_ms=5552 q_pkts=7 q_bytes=10528 qdelay_l_ms=0 qdelay_c_ms=1.07509 ecn_mark=17 drop=0
[QUEUE_STATS] t_ms=5568 q_pkts=0 q_bytes=0 qdelay_l_ms=0 qdelay_c_ms=0 ecn_mark=17 drop=0
[QUEUE_STATS] t_ms=5584 q_pkts=1 q_bytes=1504 qdelay_l_ms=1.06886 qdelay_c_ms=0 ecn_mark=17 drop=0
[QUEUE_STATS] t_ms=5600 q_pkts=1 q_bytes=1504 qdelay_l_ms=1.06619 qdelay_c_ms=0 ecn_mark=17 drop=0
[QUEUE_STATS] t_ms=5616 q_pkts=1 q_bytes=1504 qdelay_l_ms=1.06841 qdelay_c_ms=0 ecn_mark=17 drop=0
[QUEUE_STATS] t_ms=5635 q_pkts=0 q_bytes=0 qdelay_l_ms=0 qdelay_c_ms=0 ecn_mark=17 drop=0
[QUEUE_STATS] t_ms=5648 q_pkts=0 q_bytes=0 qdelay_l_ms=0 qdelay_c_ms=0 ecn_mark=17 drop=0
[QUEUE_STATS] t_ms=5664 q_pkts=0 q_bytes=0 qdelay_l_ms=0 qdelay_c_ms=0 ecn_mark=17 drop=0
[QUEUE_STATS] t_ms=5680 q_pkts=1 q_bytes=1504 qdelay_l_ms=1.06896 qdelay_c_ms=0 ecn_mark=17 drop=0
[QUEUE_STATS] t_ms=5696 q_pkts=1 q_bytes=1504 qdelay_l_ms=1.06644 qdelay_c_ms=0 ecn_mark=17 drop=0
[QUEUE_STATS] t_ms=5712 q_pkts=1 q_bytes=1504 qdelay_l_ms=1.06907 qdelay_c_ms=0 ecn_mark=17 drop=0
[QUEUE_STATS] t_ms=5728 q_pkts=0 q_bytes=0 qdelay_l_ms=0 qdelay_c_ms=0 ecn_mark=17 drop=0
[QUEUE_STATS] t_ms=5744 q_pkts=1 q_bytes=1504 qdelay_l_ms=1.06891 qdelay_c_ms=0 ecn_mark=17 drop=0
[QUEUE_STATS] t_ms=5760 q_pkts=1 q_bytes=1504 qdelay_l_ms=1.04067 qdelay_c_ms=0 ecn_mark=17 drop=0
[QUEUE_STATS] t_ms=5776 q_pkts=1 q_bytes=1504 qdelay_l_ms=1.06567 qdelay_c_ms=0 ecn_mark=17 drop=0
[QUEUE_STATS] t_ms=5792 q_pkts=0 q_bytes=0 qdelay_l_ms=0 qdelay_c_ms=0 ecn_mark=17 drop=0
[QUEUE_STATS] t_ms=5808 q_pkts=0 q_bytes=0 qdelay_l_ms=0 qdelay_c_ms=0 ecn_mark=17 drop=0
[QUEUE_STATS] t_ms=5824 q_pkts=1 q_bytes=1504 qdelay_l_ms=1.0684 qdelay_c_ms=0 ecn_mark=17 drop=0
[QUEUE_STATS] t_ms=5840 q_pkts=1 q_bytes=1504 qdelay_l_ms=1.08248 qdelay_c_ms=0 ecn_mark=17 drop=0
[QUEUE_STATS] t_ms=5856 q_pkts=0 q_bytes=0 qdelay_l_ms=0 qdelay_c_ms=0 ecn_mark=17 drop=0
[QUEUE_STATS] t_ms=5874 q_pkts=0 q_bytes=0 qdelay_l_ms=0 qdelay_c_ms=0 ecn_mark=17 drop=0
[QUEUE_STATS] t_ms=5888 q_pkts=0 q_bytes=0 qdelay_l_ms=0 qdelay_c_ms=0 ecn_mark=17 drop=0
[QUEUE_STATS] t_ms=5904 q_pkts=1 q_bytes=1504 qdelay_l_ms=1.07973 qdelay_c_ms=0 ecn_mark=17 drop=0
[QUEUE_STATS] t_ms=5920 q_pkts=1 q_bytes=1504 qdelay_l_ms=1.07061 qdelay_c_ms=0 ecn_mark=17 drop=0
[QUEUE_STATS] t_ms=5936 q_pkts=1 q_bytes=1504 qdelay_l_ms=1.0886 qdelay_c_ms=0 ecn_mark=17 drop=0
[QUEUE_STATS] t_ms=5952 q_pkts=1 q_bytes=1504 qdelay_l_ms=1.06954 qdelay_c_ms=0 ecn_mark=17 drop=0
[QUEUE_STATS] t_ms=5968 q_pkts=1 q_bytes=1504 qdelay_l_ms=1.06901 qdelay_c_ms=0 ecn_mark=17 drop=0
[QUEUE_STATS] t_ms=5984 q_pkts=1 q_bytes=1504 qdelay_l_ms=1.07113 qdelay_c_ms=0 ecn_mark=17 drop=0
[QUEUE_STATS] t_ms=6000 q_pkts=0 q_bytes=0 qdelay_l_ms=0 qdelay_c_ms=0 ecn_mark=17 drop=0
[QUEUE_STATS] t_ms=6016 q_pkts=1 q_bytes=1504 qdelay_l_ms=1.06543 qdelay_c_ms=0 ecn_mark=17 drop=0
[QUEUE_STATS] t_ms=6032 q_pkts=1 q_bytes=1504 qdelay_l_ms=1.06902 qdelay_c_ms=0 ecn_mark=17 drop=0
[QUEUE_STATS] t_ms=6048 q_pkts=0 q_bytes=0 qdelay_l_ms=0 qdelay_c_ms=0 ecn_mark=17 drop=0
[QUEUE_STATS] t_ms=6064 q_pkts=14 q_bytes=21056 qdelay_l_ms=0 qdelay_c_ms=1.08942 ecn_mark=17 drop=0
[QUEUE_STATS] t_ms=6080 q_pkts=0 q_bytes=0 qdelay_l_ms=0 qdelay_c_ms=0 ecn_mark=17 drop=0
[QUEUE_STATS] t_ms=6096 q_pkts=1 q_bytes=1504 qdelay_l_ms=1.06832 qdelay_c_ms=0 ecn_mark=17 drop=0
[QUEUE_STATS] t_ms=6112 q_pkts=0 q_bytes=0 qdelay_l_ms=0 qdelay_c_ms=0 ecn_mark=17 drop=0
[QUEUE_STATS] t_ms=6128 q_pkts=0 q_bytes=0 qdelay_l_ms=0 qdelay_c_ms=0 ecn_mark=17 drop=0
[QUEUE_STATS] t_ms=6144 q_pkts=0 q_bytes=0 qdelay_l_ms=0 qdelay_c_ms=0 ecn_mark=17 drop=0
[QUEUE_STATS] t_ms=6160 q_pkts=1 q_bytes=1504 qdelay_l_ms=1.06784 qdelay_c_ms=0 ecn_mark=17 drop=0
[QUEUE_STATS] t_ms=6176 q_pkts=0 q_bytes=0 qdelay_l_ms=0 qdelay_c_ms=0 ecn_mark=17 drop=0
[QUEUE_STATS] t_ms=6193 q_pkts=0 q_bytes=0 qdelay_l_ms=0 qdelay_c_ms=0 ecn_mark=17 drop=0
[QUEUE_STATS] t_ms=6208 q_pkts=0 q_bytes=0 qdelay_l_ms=0 qdelay_c_ms=0 ecn_mark=17 drop=0
[QUEUE_STATS] t_ms=6224 q_pkts=0 q_bytes=0 qdelay_l_ms=0 qdelay_c_ms=0 ecn_mark=17 drop=0
[QUEUE_STATS] t_ms=6240 q_pkts=0 q_bytes=0 qdelay_l_ms=0 qdelay_c_ms=0 ecn_mark=17 drop=0
[QUEUE_STATS] t_ms=6256 q_pkts=1 q_bytes=1504 qdelay_l_ms=1.06835 qdelay_c_ms=0 ecn_mark=17 drop=0
[QUEUE_STATS] t_ms=6273 q_pkts=1 q_bytes=1504 qdelay_l_ms=1.0632 qdelay_c_ms=0 ecn_mark=17 drop=0
[QUEUE_STATS] t_ms=6288 q_pkts=1 q_bytes=1504 qdelay_l_ms=1.08256 qdelay_c_ms=0 ecn_mark=17 drop=0
[QUEUE_STATS] t_ms=6304 q_pkts=1 q_bytes=1504 qdelay_l_ms=1.06817 qdelay_c_ms=0 ecn_mark=17 drop=0
[QUEUE_STATS] t_ms=6320 q_pkts=0 q_bytes=0 qdelay_l_ms=0 qdelay_c_ms=0 ecn_mark=17 drop=0
[QUEUE_STATS] t_ms=6336 q_pkts=0 q_bytes=0 qdelay_l_ms=0 qdelay_c_ms=0 ecn_mark=17 drop=0
[QUEUE_STATS] t_ms=6352 q_pkts=2 q_bytes=3008 qdelay_l_ms=0 qdelay_c_ms=1.06971 ecn_mark=17 drop=0
[QUEUE_STATS] t_ms=6368 q_pkts=4 q_bytes=6016 qdelay_l_ms=0.603074 qdelay_c_ms=0.62222 ecn_mark=17 drop=0
[QUEUE_STATS] t_ms=6388 q_pkts=0 q_bytes=0 qdelay_l_ms=0 qdelay_c_ms=0 ecn_mark=17 drop=0
[QUEUE_STATS] t_ms=6400 q_pkts=1 q_bytes=1504 qdelay_l_ms=1.07474 qdelay_c_ms=0 ecn_mark=17 drop=0
[QUEUE_STATS] t_ms=6416 q_pkts=1 q_bytes=1504 qdelay_l_ms=0.950288 qdelay_c_ms=0 ecn_mark=17 drop=0
[QUEUE_STATS] t_ms=6432 q_pkts=1 q_bytes=1504 qdelay_l_ms=1.06045 qdelay_c_ms=0 ecn_mark=17 drop=0
[QUEUE_STATS] t_ms=6449 q_pkts=0 q_bytes=0 qdelay_l_ms=0 qdelay_c_ms=0 ecn_mark=17 drop=0
[QUEUE_STATS] t_ms=6464 q_pkts=1 q_bytes=1504 qdelay_l_ms=1.06644 qdelay_c_ms=0 ecn_mark=17 drop=0
[QUEUE_STATS] t_ms=6480 q_pkts=0 q_bytes=0 qdelay_l_ms=0 qdelay_c_ms=0 ecn_mark=17 drop=0
[QUEUE_STATS] t_ms=6496 q_pkts=1 q_bytes=1504 qdelay_l_ms=1.06564 qdelay_c_ms=0 ecn_mark=17 drop=0
[QUEUE_STATS] t_ms=6512 q_pkts=0 q_bytes=0 qdelay_l_ms=0 qdelay_c_ms=0 ecn_mark=17 drop=0
[QUEUE_STATS] t_ms=6528 q_pkts=1 q_bytes=1504 qdelay_l_ms=1.0657 qdelay_c_ms=0 ecn_mark=17 drop=0
[QUEUE_STATS] t_ms=6545 q_pkts=1 q_bytes=1504 qdelay_l_ms=1.06756 qdelay_c_ms=0 ecn_mark=17 drop=0
[QUEUE_STATS] t_ms=6560 q_pkts=1 q_bytes=1504 qdelay_l_ms=1.09347 qdelay_c_ms=0 ecn_mark=17 drop=0
[QUEUE_STATS] t_ms=6576 q_pkts=1 q_bytes=1504 qdelay_l_ms=1.06391 qdelay_c_ms=0 ecn_mark=17 drop=0
[QUEUE_STATS] t_ms=6593 q_pkts=0 q_bytes=0 qdelay_l_ms=0 qdelay_c_ms=0 ecn_mark=17 drop=0
[QUEUE_STATS] t_ms=6608 q_pkts=0 q_bytes=0 qdelay_l_ms=0 qdelay_c_ms=0 ecn_mark=17 drop=0
[QUEUE_STATS] t_ms=6625 q_pkts=1 q_bytes=1504 qdelay_l_ms=1.06617 qdelay_c_ms=0 ecn_mark=17 drop=0
[QUEUE_STATS] t_ms=6640 q_pkts=1 q_bytes=1504 qdelay_l_ms=0.577567 qdelay_c_ms=0 ecn_mark=17 drop=0
[QUEUE_STATS] t_ms=6657 q_pkts=0 q_bytes=0 qdelay_l_ms=0 qdelay_c_ms=0 ecn_mark=17 drop=0
[QUEUE_STATS] t_ms=6672 q_pkts=0 q_bytes=0 qdelay_l_ms=0 qdelay_c_ms=0 ecn_mark=17 drop=0
[QUEUE_STATS] t_ms=6688 q_pkts=1 q_bytes=1504 qdelay_l_ms=1.06606 qdelay_c_ms=0 ecn_mark=17 drop=0
[QUEUE_STATS] t_ms=6704 q_pkts=1 q_bytes=1504 qdelay_l_ms=1.06601 qdelay_c_ms=0 ecn_mark=17 drop=0
[QUEUE_STATS] t_ms=6720 q_pkts=0 q_bytes=0 qdelay_l_ms=0 qdelay_c_ms=0 ecn_mark=17 drop=0
[QUEUE_STATS] t_ms=6736 q_pkts=0 q_bytes=0 qdelay_l_ms=0 qdelay_c_ms=0 ecn_mark=17 drop=0
[QUEUE_STATS] t_ms=6752 q_pkts=1 q_bytes=1504 qdelay_l_ms=1.06623 qdelay_c_ms=0 ecn_mark=17 drop=0
[QUEUE_STATS] t_ms=6768 q_pkts=1 q_bytes=1504 qdelay_l_ms=0.566135 qdelay_c_ms=0 ecn_mark=17 drop=0
[QUEUE_STATS] t_ms=6784 q_pkts=1 q_bytes=1504 qdelay_l_ms=1.0663 qdelay_c_ms=0 ecn_mark=17 drop=0
[QUEUE_STATS] t_ms=6800 q_pkts=1 q_bytes=1504 qdelay_l_ms=1.06717 qdelay_c_ms=0 ecn_mark=17 drop=0
[QUEUE_STATS] t_ms=6816 q_pkts=2 q_bytes=3008 qdelay_l_ms=1.07277 qdelay_c_ms=0 ecn_mark=17 drop=0
[QUEUE_STATS] t_ms=6832 q_pkts=1 q_bytes=1504 qdelay_l_ms=1.07189 qdelay_c_ms=0 ecn_mark=17 drop=0
[QUEUE_STATS] t_ms=6848 q_pkts=0 q_bytes=0 qdelay_l_ms=0 qdelay_c_ms=0 ecn_mark=17 drop=0
[QUEUE_STATS] t_ms=6864 q_pkts=1 q_bytes=1504 qdelay_l_ms=0 qdelay_c_ms=1.05506 ecn_mark=17 drop=0
[QUEUE_STATS] t_ms=6880 q_pkts=7 q_bytes=10528 qdelay_l_ms=1.02835 qdelay_c_ms=1.52624 ecn_mark=17 drop=0
[QUEUE_STATS] t_ms=6896 q_pkts=1 q_bytes=1504 qdelay_l_ms=1.08771 qdelay_c_ms=0 ecn_mark=17 drop=0
[QUEUE_STATS] t_ms=6914 q_pkts=0 q_bytes=0 qdelay_l_ms=0 qdelay_c_ms=0 ecn_mark=17 drop=0
[QUEUE_STATS] t_ms=6928 q_pkts=1 q_bytes=1504 qdelay_l_ms=1.06593 qdelay_c_ms=0 ecn_mark=17 drop=0
[QUEUE_STATS] t_ms=6944 q_pkts=1 q_bytes=1504 qdelay_l_ms=1.0713 qdelay_c_ms=0 ecn_mark=17 drop=0
[QUEUE_STATS] t_ms=6960 q_pkts=1 q_bytes=1504 qdelay_l_ms=1.01425 qdelay_c_ms=0 ecn_mark=17 drop=0
[QUEUE_STATS] t_ms=6976 q_pkts=1 q_bytes=1504 qdelay_l_ms=1.02225 qdelay_c_ms=0 ecn_mark=17 drop=0
[QUEUE_STATS] t_ms=6992 q_pkts=0 q_bytes=0 qdelay_l_ms=0 qdelay_c_ms=0 ecn_mark=17 drop=0
[QUEUE_STATS] t_ms=7008 q_pkts=0 q_bytes=0 qdelay_l_ms=0 qdelay_c_ms=0 ecn_mark=17 drop=0
[QUEUE_STATS] t_ms=7024 q_pkts=8 q_bytes=12032 qdelay_l_ms=1.10526 qdelay_c_ms=1.09977 ecn_mark=17 drop=0
[QUEUE_STATS] t_ms=7040 q_pkts=1 q_bytes=1504 qdelay_l_ms=1.06485 qdelay_c_ms=0 ecn_mark=17 drop=0
[QUEUE_STATS] t_ms=7056 q_pkts=0 q_bytes=0 qdelay_l_ms=0 qdelay_c_ms=0 ecn_mark=17 drop=0
[QUEUE_STATS] t_ms=7073 q_pkts=1 q_bytes=1504 qdelay_l_ms=1.07931 qdelay_c_ms=0 ecn_mark=17 drop=0
[QUEUE_STATS] t_ms=7088 q_pkts=1 q_bytes=1504 qdelay_l_ms=1.06827 qdelay_c_ms=0 ecn_mark=17 drop=0
[QUEUE_STATS] t_ms=7105 q_pkts=0 q_bytes=0 qdelay_l_ms=0 qdelay_c_ms=0 ecn_mark=17 drop=0
[QUEUE_STATS] t_ms=7121 q_pkts=1 q_bytes=1504 qdelay_l_ms=1.07629 qdelay_c_ms=0 ecn_mark=17 drop=0
[QUEUE_STATS] t_ms=7136 q_pkts=1 q_bytes=1504 qdelay_l_ms=1.02659 qdelay_c_ms=0 ecn_mark=17 drop=0
[QUEUE_STATS] t_ms=7152 q_pkts=1 q_bytes=1504 qdelay_l_ms=1.06554 qdelay_c_ms=0 ecn_mark=17 drop=0
[QUEUE_STATS] t_ms=7168 q_pkts=0 q_bytes=0 qdelay_l_ms=0 qdelay_c_ms=0 ecn_mark=17 drop=0
[QUEUE_STATS] t_ms=7184 q_pkts=0 q_bytes=0 qdelay_l_ms=0 qdelay_c_ms=0 ecn_mark=17 drop=0
[QUEUE_STATS] t_ms=7200 q_pkts=1 q_bytes=1504 qdelay_l_ms=1.08088 qdelay_c_ms=0 ecn_mark=17 drop=0
[QUEUE_STATS] t_ms=7216 q_pkts=0 q_bytes=0 qdelay_l_ms=0 qdelay_c_ms=0 ecn_mark=17 drop=0
[QUEUE_STATS] t_ms=7232 q_pkts=1 q_bytes=1504 qdelay_l_ms=1.07022 qdelay_c_ms=0 ecn_mark=17 drop=0
[QUEUE_STATS] t_ms=7249 q_pkts=0 q_bytes=0 qdelay_l_ms=0 qdelay_c_ms=0 ecn_mark=17 drop=0
[QUEUE_STATS] t_ms=7264 q_pkts=0 q_bytes=0 qdelay_l_ms=0 qdelay_c_ms=0 ecn_mark=17 drop=0
[QUEUE_STATS] t_ms=7280 q_pkts=1 q_bytes=1504 qdelay_l_ms=1.04097 qdelay_c_ms=0 ecn_mark=17 drop=0
[QUEUE_STATS] t_ms=7297 q_pkts=0 q_bytes=0 qdelay_l_ms=0 qdelay_c_ms=0 ecn_mark=17 drop=0
[QUEUE_STATS] t_ms=7312 q_pkts=0 q_bytes=0 qdelay_l_ms=0 qdelay_c_ms=0 ecn_mark=17 drop=0
[QUEUE_STATS] t_ms=7328 q_pkts=1 q_bytes=1504 qdelay_l_ms=1.06605 qdelay_c_ms=0 ecn_mark=17 drop=0
[QUEUE_STATS] t_ms=7344 q_pkts=1 q_bytes=1504 qdelay_l_ms=1.06634 qdelay_c_ms=0 ecn_mark=17 drop=0
[QUEUE_STATS] t_ms=7360 q_pkts=0 q_bytes=0 qdelay_l_ms=0 qdelay_c_ms=0 ecn_mark=17 drop=0
[QUEUE_STATS] t_ms=7376 q_pkts=0 q_bytes=0 qdelay_l_ms=0 qdelay_c_ms=0 ecn_mark=17 drop=0
[QUEUE_STATS] t_ms=7392 q_pkts=8 q_bytes=12032 qdelay_l_ms=0.074931 qdelay_c_ms=1.0705 ecn_mark=17 drop=0
[QUEUE_STATS] t_ms=7408 q_pkts=1 q_bytes=1504 qdelay_l_ms=1.05315 qdelay_c_ms=0 ecn_mark=17 drop=0
[QUEUE_STATS] t_ms=7428 q_pkts=0 q_bytes=0 qdelay_l_ms=0 qdelay_c_ms=0 ecn_mark=17 drop=0
[QUEUE_STATS] t_ms=7440 q_pkts=0 q_bytes=0 qdelay_l_ms=0 qdelay_c_ms=0 ecn_mark=17 drop=0
[QUEUE_STATS] t_ms=7457 q_pkts=0 q_bytes=0 qdelay_l_ms=0 qdelay_c_ms=0 ecn_mark=17 drop=0
[QUEUE_STATS] t_ms=7473 q_pkts=0 q_bytes=0 qdelay_l_ms=0 qdelay_c_ms=0 ecn_mark=17 drop=0
[QUEUE_STATS] t_ms=7488 q_pkts=1 q_bytes=1504 qdelay_l_ms=1.07446 qdelay_c_ms=0 ecn_mark=17 drop=0
[QUEUE_STATS] t_ms=7504 q_pkts=1 q_bytes=1504 qdelay_l_ms=1.05051 qdelay_c_ms=0 ecn_mark=17 drop=0
[QUEUE_STATS] t_ms=7520 q_pkts=0 q_bytes=0 qdelay_l_ms=0 qdelay_c_ms=0 ecn_mark=17 drop=0
[QUEUE_STATS] t_ms=7536 q_pkts=0 q_bytes=0 qdelay_l_ms=0 qdelay_c_ms=0 ecn_mark=17 drop=0
[QUEUE_STATS] t_ms=7552 q_pkts=1 q_bytes=1504 qdelay_l_ms=1.06944 qdelay_c_ms=0 ecn_mark=17 drop=0
[QUEUE_STATS] t_ms=7569 q_pkts=1 q_bytes=1504 qdelay_l_ms=1.06539 qdelay_c_ms=0 ecn_mark=17 drop=0
[QUEUE_STATS] t_ms=7584 q_pkts=0 q_bytes=0 qdelay_l_ms=0 qdelay_c_ms=0 ecn_mark=17 drop=0
[QUEUE_STATS] t_ms=7600 q_pkts=1 q_bytes=1504 qdelay_l_ms=1.06114 qdelay_c_ms=0 ecn_mark=17 drop=0
[QUEUE_STATS] t_ms=7616 q_pkts=1 q_bytes=1504 qdelay_l_ms=1.03244 qdelay_c_ms=0 ecn_mark=17 drop=0
[QUEUE_STATS] t_ms=7632 q_pkts=0 q_bytes=0 qdelay_l_ms=0 qdelay_c_ms=0 ecn_mark=17 drop=0
[QUEUE_STATS] t_ms=7648 q_pkts=0 q_bytes=0 qdelay_l_ms=0 qdelay_c_ms=0 ecn_mark=17 drop=0
[QUEUE_STATS] t_ms=7664 q_pkts=1 q_bytes=1504 qdelay_l_ms=1.06428 qdelay_c_ms=0 ecn_mark=17 drop=0
[QUEUE_STATS] t_ms=7680 q_pkts=1 q_bytes=1504 qdelay_l_ms=1.06593 qdelay_c_ms=0 ecn_mark=17 drop=0
[QUEUE_STATS] t_ms=7696 q_pkts=9 q_bytes=13536 qdelay_l_ms=0 qdelay_c_ms=1.07112 ecn_mark=17 drop=0
[QUEUE_STATS] t_ms=7712 q_pkts=1 q_bytes=1504 qdelay_l_ms=1.06666 qdelay_c_ms=0 ecn_mark=17 drop=0
[QUEUE_STATS] t_ms=7728 q_pkts=1 q_bytes=1504 qdelay_l_ms=1.07178 qdelay_c_ms=0 ecn_mark=17 drop=0
[QUEUE_STATS] t_ms=7745 q_pkts=0 q_bytes=0 qdelay_l_ms=0 qdelay_c_ms=0 ecn_mark=17 drop=0
[QUEUE_STATS] t_ms=7760 q_pkts=1 q_bytes=1504 qdelay_l_ms=1.06507 qdelay_c_ms=0 ecn_mark=17 drop=0
[QUEUE_STATS] t_ms=7777 q_pkts=0 q_bytes=0 qdelay_l_ms=0 qdelay_c_ms=0 ecn_mark=17 drop=0
[QUEUE_STATS] t_ms=7792 q_pkts=2 q_bytes=3008 qdelay_l_ms=1.06967 qdelay_c_ms=0 ecn_mark=17 drop=0
[QUEUE_STATS] t_ms=7808 q_pkts=1 q_bytes=1504 qdelay_l_ms=1.00977 qdelay_c_ms=0 ecn_mark=17 drop=0
[QUEUE_STATS] t_ms=7824 q_pkts=0 q_bytes=0 qdelay_l_ms=0 qdelay_c_ms=0 ecn_mark=17 drop=0
[QUEUE_STATS] t_ms=7840 q_pkts=3 q_bytes=4512 qdelay_l_ms=1.0802 qdelay_c_ms=1.07171 ecn_mark=17 drop=0
[QUEUE_STATS] t_ms=7856 q_pkts=1 q_bytes=1504 qdelay_l_ms=1.06686 qdelay_c_ms=0 ecn_mark=17 drop=0
[QUEUE_STATS] t_ms=7872 q_pkts=0 q_bytes=0 qdelay_l_ms=0 qdelay_c_ms=0 ecn_mark=17 drop=0
[QUEUE_STATS] t_ms=7888 q_pkts=6 q_bytes=9024 qdelay_l_ms=1.0935 qdelay_c_ms=1.08715 ecn_mark=17 drop=0
[QUEUE_STATS] t_ms=7904 q_pkts=1 q_bytes=1504 qdelay_l_ms=1.09682 qdelay_c_ms=0 ecn_mark=17 drop=0
[QUEUE_STATS] t_ms=7920 q_pkts=1 q_bytes=1504 qdelay_l_ms=1.06617 qdelay_c_ms=0 ecn_mark=17 drop=0
[QUEUE_STATS] t_ms=7936 q_pkts=1 q_bytes=1504 qdelay_l_ms=1.06968 qdelay_c_ms=0 ecn_mark=17 drop=0
[QUEUE_STATS] t_ms=7953 q_pkts=0 q_bytes=0 qdelay_l_ms=0 qdelay_c_ms=0 ecn_mark=17 drop=0
[QUEUE_STATS] t_ms=7968 q_pkts=1 q_bytes=1504 qdelay_l_ms=1.08184 qdelay_c_ms=0 ecn_mark=17 drop=0
[QUEUE_STATS] t_ms=7984 q_pkts=1 q_bytes=1504 qdelay_l_ms=0.991204 qdelay_c_ms=0 ecn_mark=17 drop=0
[QUEUE_STATS] t_ms=8000 q_pkts=1 q_bytes=1504 qdelay_l_ms=1.08211 qdelay_c_ms=0 ecn_mark=17 drop=0
[QUEUE_STATS] t_ms=8016 q_pkts=1 q_bytes=1504 qdelay_l_ms=1.06819 qdelay_c_ms=0 ecn_mark=17 drop=0
[QUEUE_STATS] t_ms=8032 q_pkts=1 q_bytes=1504 qdelay_l_ms=1.06329 qdelay_c_ms=0 ecn_mark=17 drop=0
[QUEUE_STATS] t_ms=8048 q_pkts=14 q_bytes=21056 qdelay_l_ms=0 qdelay_c_ms=1.01395 ecn_mark=17 drop=0
[QUEUE_STATS] t_ms=8065 q_pkts=0 q_bytes=0 qdelay_l_ms=0 qdelay_c_ms=0 ecn_mark=17 drop=0
[QUEUE_STATS] t_ms=8080 q_pkts=0 q_bytes=0 qdelay_l_ms=0 qdelay_c_ms=0 ecn_mark=17 drop=0
[QUEUE_STATS] t_ms=8096 q_pkts=0 q_bytes=0 qdelay_l_ms=0 qdelay_c_ms=0 ecn_mark=17 drop=0
[QUEUE_STATS] t_ms=8112 q_pkts=1 q_bytes=1504 qdelay_l_ms=1.06998 qdelay_c_ms=0 ecn_mark=17 drop=0
[QUEUE_STATS] t_ms=8128 q_pkts=1 q_bytes=1504 qdelay_l_ms=1.06676 qdelay_c_ms=0 ecn_mark=17 drop=0
[QUEUE_STATS] t_ms=8144 q_pkts=0 q_bytes=0 qdelay_l_ms=0 qdelay_c_ms=0 ecn_mark=17 drop=0
[QUEUE_STATS] t_ms=8160 q_pkts=1 q_bytes=1504 qdelay_l_ms=0.827396 qdelay_c_ms=0 ecn_mark=17 drop=0
[QUEUE_STATS] t_ms=8176 q_pkts=1 q_bytes=1504 qdelay_l_ms=1.07156 qdelay_c_ms=0 ecn_mark=17 drop=0
[QUEUE_STATS] t_ms=8193 q_pkts=1 q_bytes=1504 qdelay_l_ms=1.07377 qdelay_c_ms=0 ecn_mark=17 drop=0
[QUEUE_STATS] t_ms=8208 q_pkts=15 q_bytes=22560 qdelay_l_ms=1.07364 qdelay_c_ms=1.05909 ecn_mark=17 drop=0
[QUEUE_STATS] t_ms=8224 q_pkts=1 q_bytes=1504 qdelay_l_ms=1.06738 qdelay_c_ms=0 ecn_mark=17 drop=0
[QUEUE_STATS] t_ms=8240 q_pkts=1 q_bytes=1504 qdelay_l_ms=1.07099 qdelay_c_ms=0 ecn_mark=17 drop=0
[QUEUE_STATS] t_ms=8256 q_pkts=1 q_bytes=1504 qdelay_l_ms=1.06172 qdelay_c_ms=0 ecn_mark=17 drop=0
[QUEUE_STATS] t_ms=8272 q_pkts=1 q_bytes=1504 qdelay_l_ms=1.04739 qdelay_c_ms=0 ecn_mark=17 drop=0
[QUEUE_STATS] t_ms=8288 q_pkts=1 q_bytes=1504 qdelay_l_ms=1.06152 qdelay_c_ms=0 ecn_mark=17 drop=0
[QUEUE_STATS] t_ms=8304 q_pkts=1 q_bytes=1504 qdelay_l_ms=0.973451 qdelay_c_ms=0 ecn_mark=17 drop=0
[QUEUE_STATS] t_ms=8320 q_pkts=1 q_bytes=1504 qdelay_l_ms=1.00919 qdelay_c_ms=0 ecn_mark=17 drop=0
[QUEUE_STATS] t_ms=8336 q_pkts=1 q_bytes=1504 qdelay_l_ms=1.06652 qdelay_c_ms=0 ecn_mark=17 drop=0
[QUEUE_STATS] t_ms=8352 q_pkts=0 q_bytes=0 qdelay_l_ms=0 qdelay_c_ms=0 ecn_mark=17 drop=0
[QUEUE_STATS] t_ms=8368 q_pkts=1 q_bytes=1504 qdelay_l_ms=1.06614 qdelay_c_ms=0 ecn_mark=17 drop=0
[QUEUE_STATS] t_ms=8384 q_pkts=2 q_bytes=3008 qdelay_l_ms=1.07133 qdelay_c_ms=0 ecn_mark=17 drop=0
[QUEUE_STATS] t_ms=8400 q_pkts=1 q_bytes=1504 qdelay_l_ms=1.06865 qdelay_c_ms=0 ecn_mark=17 drop=0
[QUEUE_STATS] t_ms=8416 q_pkts=1 q_bytes=1504 qdelay_l_ms=1.09454 qdelay_c_ms=0 ecn_mark=17 drop=0
[QUEUE_STATS] t_ms=8432 q_pkts=2 q_bytes=3008 qdelay_l_ms=1.07159 qdelay_c_ms=0 ecn_mark=17 drop=0
[QUEUE_STATS] t_ms=8448 q_pkts=0 q_bytes=0 qdelay_l_ms=0 qdelay_c_ms=0 ecn_mark=17 drop=0
[QUEUE_STATS] t_ms=8464 q_pkts=1 q_bytes=1504 qdelay_l_ms=1.07759 qdelay_c_ms=0 ecn_mark=17 drop=0
[QUEUE_STATS] t_ms=8480 q_pkts=1 q_bytes=1504 qdelay_l_ms=1.07127 qdelay_c_ms=0 ecn_mark=17 drop=0
[QUEUE_STATS] t_ms=8496 q_pkts=0 q_bytes=0 qdelay_l_ms=0 qdelay_c_ms=0 ecn_mark=17 drop=0
[QUEUE_STATS] t_ms=8512 q_pkts=2 q_bytes=3008 qdelay_l_ms=1.06999 qdelay_c_ms=0 ecn_mark=17 drop=0
[QUEUE_STATS] t_ms=8529 q_pkts=0 q_bytes=0 qdelay_l_ms=0 qdelay_c_ms=0 ecn_mark=17 drop=0
[QUEUE_STATS] t_ms=8544 q_pkts=0 q_bytes=0 qdelay_l_ms=0 qdelay_c_ms=0 ecn_mark=17 drop=0
[QUEUE_STATS] t_ms=8560 q_pkts=1 q_bytes=1504 qdelay_l_ms=1.04387 qdelay_c_ms=0 ecn_mark=17 drop=0
[QUEUE_STATS] t_ms=8576 q_pkts=1 q_bytes=1504 qdelay_l_ms=1.06625 qdelay_c_ms=0 ecn_mark=17 drop=0
[QUEUE_STATS] t_ms=8592 q_pkts=1 q_bytes=1504 qdelay_l_ms=1.06278 qdelay_c_ms=0 ecn_mark=17 drop=0
[QUEUE_STATS] t_ms=8608 q_pkts=1 q_bytes=1504 qdelay_l_ms=1.07805 qdelay_c_ms=0 ecn_mark=17 drop=0
[QUEUE_STATS] t_ms=8624 q_pkts=1 q_bytes=1504 qdelay_l_ms=1.0669 qdelay_c_ms=0 ecn_mark=17 drop=0
[QUEUE_STATS] t_ms=8641 q_pkts=0 q_bytes=0 qdelay_l_ms=0 qdelay_c_ms=0 ecn_mark=17 drop=0
[QUEUE_STATS] t_ms=8656 q_pkts=1 q_bytes=1504 qdelay_l_ms=1.08143 qdelay_c_ms=0 ecn_mark=17 drop=0
[QUEUE_STATS] t_ms=8673 q_pkts=1 q_bytes=1504 qdelay_l_ms=1.06707 qdelay_c_ms=0 ecn_mark=17 drop=0
[QUEUE_STATS] t_ms=8688 q_pkts=0 q_bytes=0 qdelay_l_ms=0 qdelay_c_ms=0 ecn_mark=17 drop=0
[QUEUE_STATS] t_ms=8704 q_pkts=1 q_bytes=1504 qdelay_l_ms=0 qdelay_c_ms=1.07494 ecn_mark=17 drop=0
[QUEUE_STATS] t_ms=8720 q_pkts=17 q_bytes=25568 qdelay_l_ms=1.15251 qdelay_c_ms=1.14634 ecn_mark=17 drop=0
[QUEUE_STATS] t_ms=8736 q_pkts=0 q_bytes=0 qdelay_l_ms=0 qdelay_c_ms=0 ecn_mark=17 drop=0
[QUEUE_STATS] t_ms=8752 q_pkts=1 q_bytes=1504 qdelay_l_ms=1.06564 qdelay_c_ms=0 ecn_mark=17 drop=0
[QUEUE_STATS] t_ms=8768 q_pkts=1 q_bytes=1504 qdelay_l_ms=1.06389 qdelay_c_ms=0 ecn_mark=17 drop=0
[QUEUE_STATS] t_ms=8784 q_pkts=0 q_bytes=0 qdelay_l_ms=0 qdelay_c_ms=0 ecn_mark=17 drop=0
[QUEUE_STATS] t_ms=8800 q_pkts=1 q_bytes=1504 qdelay_l_ms=1.06383 qdelay_c_ms=0 ecn_mark=17 drop=0
[QUEUE_STATS] t_ms=8816 q_pkts=1 q_bytes=1504 qdelay_l_ms=1.06846 qdelay_c_ms=0 ecn_mark=17 drop=0
[QUEUE_STATS] t_ms=8833 q_pkts=0 q_bytes=0 qdelay_l_ms=0 qdelay_c_ms=0 ecn_mark=17 drop=0
[QUEUE_STATS] t_ms=8848 q_pkts=1 q_bytes=1504 qdelay_l_ms=1.0818 qdelay_c_ms=0 ecn_mark=17 drop=0
[QUEUE_STATS] t_ms=8864 q_pkts=17 q_bytes=25568 qdelay_l_ms=0.999119 qdelay_c_ms=1.09325 ecn_mark=17 drop=0
[QUEUE_STATS] t_ms=8880 q_pkts=0 q_bytes=0 qdelay_l_ms=0 qdelay_c_ms=0 ecn_mark=17 drop=0
[QUEUE_STATS] t_ms=8896 q_pkts=1 q_bytes=1504 qdelay_l_ms=1.06352 qdelay_c_ms=0 ecn_mark=17 drop=0
[QUEUE_STATS] t_ms=8912 q_pkts=1 q_bytes=1504 qdelay_l_ms=1.01662 qdelay_c_ms=0 ecn_mark=17 drop=0
[QUEUE_STATS] t_ms=8928 q_pkts=1 q_bytes=1504 qdelay_l_ms=1.09642 qdelay_c_ms=0 ecn_mark=17 drop=0
[QUEUE_STATS] t_ms=8944 q_pkts=0 q_bytes=0 qdelay_l_ms=0 qdelay_c_ms=0 ecn_mark=17 drop=0
[QUEUE_STATS] t_ms=8960 q_pkts=1 q_bytes=1504 qdelay_l_ms=1.0685 qdelay_c_ms=0 ecn_mark=17 drop=0
[QUEUE_STATS] t_ms=8977 q_pkts=1 q_bytes=1504 qdelay_l_ms=1.06411 qdelay_c_ms=0 ecn_mark=17 drop=0
[QUEUE_STATS] t_ms=8992 q_pkts=1 q_bytes=1504 qdelay_l_ms=1.06603 qdelay_c_ms=0 ecn_mark=17 drop=0
[QUEUE_STATS] t_ms=9008 q_pkts=1 q_bytes=1504 qdelay_l_ms=1.06641 qdelay_c_ms=0 ecn_mark=17 drop=0
[QUEUE_STATS] t_ms=9024 q_pkts=17 q_bytes=25568 qdelay_l_ms=0.108805 qdelay_c_ms=0.102182 ecn_mark=17 drop=0
[QUEUE_STATS] t_ms=9041 q_pkts=0 q_bytes=0 qdelay_l_ms=0 qdelay_c_ms=0 ecn_mark=17 drop=0
[QUEUE_STATS] t_ms=9056 q_pkts=1 q_bytes=1504 qdelay_l_ms=1.06541 qdelay_c_ms=0 ecn_mark=17 drop=0
[QUEUE_STATS] t_ms=9072 q_pkts=1 q_bytes=1504 qdelay_l_ms=1.06296 qdelay_c_ms=0 ecn_mark=17 drop=0
[QUEUE_STATS] t_ms=9088 q_pkts=1 q_bytes=1504 qdelay_l_ms=1.02563 qdelay_c_ms=0 ecn_mark=17 drop=0
[QUEUE_STATS] t_ms=9104 q_pkts=2 q_bytes=3008 qdelay_l_ms=1.07186 qdelay_c_ms=0 ecn_mark=17 drop=0
[QUEUE_STATS] t_ms=9121 q_pkts=0 q_bytes=0 qdelay_l_ms=0 qdelay_c_ms=0 ecn_mark=17 drop=0
[QUEUE_STATS] t_ms=9136 q_pkts=1 q_bytes=1504 qdelay_l_ms=1.06681 qdelay_c_ms=0 ecn_mark=17 drop=0
[QUEUE_STATS] t_ms=9152 q_pkts=0 q_bytes=0 qdelay_l_ms=0 qdelay_c_ms=0 ecn_mark=17 drop=0
[QUEUE_STATS] t_ms=9168 q_pkts=1 q_bytes=1504 qdelay_l_ms=1.06173 qdelay_c_ms=0 ecn_mark=17 drop=0
[QUEUE_STATS] t_ms=9184 q_pkts=1 q_bytes=1504 qdelay_l_ms=1.06308 qdelay_c_ms=0 ecn_mark=17 drop=0
[QUEUE_STATS] t_ms=9200 q_pkts=0 q_bytes=0 qdelay_l_ms=0 qdelay_c_ms=0 ecn_mark=17 drop=0
[QUEUE_STATS] t_ms=9216 q_pkts=13 q_bytes=19552 qdelay_l_ms=1.03537 qdelay_c_ms=1.09872 ecn_mark=17 drop=0
[QUEUE_STATS] t_ms=9232 q_pkts=7 q_bytes=10528 qdelay_l_ms=0.541078 qdelay_c_ms=0.573569 ecn_mark=17 drop=0
[QUEUE_STATS] t_ms=9248 q_pkts=1 q_bytes=1504 qdelay_l_ms=1.08112 qdelay_c_ms=0 ecn_mark=17 drop=0
[QUEUE_STATS] t_ms=9264 q_pkts=1 q_bytes=1504 qdelay_l_ms=1.06587 qdelay_c_ms=0 ecn_mark=17 drop=0
[QUEUE_STATS] t_ms=9280 q_pkts=0 q_bytes=0 qdelay_l_ms=0 qdelay_c_ms=0 ecn_mark=17 drop=0
[QUEUE_STATS] t_ms=9296 q_pkts=2 q_bytes=3008 qdelay_l_ms=1.1587 qdelay_c_ms=0 ecn_mark=17 drop=0
[QUEUE_STATS] t_ms=9312 q_pkts=1 q_bytes=1504 qdelay_l_ms=1.02923 qdelay_c_ms=0 ecn_mark=17 drop=0
[QUEUE_STATS] t_ms=9328 q_pkts=1 q_bytes=1504 qdelay_l_ms=1.06577 qdelay_c_ms=0 ecn_mark=17 drop=0
[QUEUE_STATS] t_ms=9344 q_pkts=1 q_bytes=1504 qdelay_l_ms=1.07166 qdelay_c_ms=0 ecn_mark=17 drop=0
[QUEUE_STATS] t_ms=9360 q_pkts=0 q_bytes=0 qdelay_l_ms=0 qdelay_c_ms=0 ecn_mark=17 drop=0
[QUEUE_STATS] t_ms=9377 q_pkts=16 q_bytes=24064 qdelay_l_ms=1.04342 qdelay_c_ms=1.15359 ecn_mark=17 drop=0
[QUEUE_STATS] t_ms=9392 q_pkts=0 q_bytes=0 qdelay_l_ms=0 qdelay_c_ms=0 ecn_mark=17 drop=0
[QUEUE_STATS] t_ms=9408 q_pkts=2 q_bytes=3008 qdelay_l_ms=1.07157 qdelay_c_ms=0 ecn_mark=17 drop=0
[QUEUE_STATS] t_ms=9424 q_pkts=1 q_bytes=1504 qdelay_l_ms=1.05974 qdelay_c_ms=0 ecn_mark=17 drop=0
[QUEUE_STATS] t_ms=9440 q_pkts=15 q_bytes=22560 qdelay_l_ms=1.01953 qdelay_c_ms=2.09375 ecn_mark=17 drop=0
[QUEUE_STATS] t_ms=9456 q_pkts=1 q_bytes=1504 qdelay_l_ms=1.07042 qdelay_c_ms=0 ecn_mark=17 drop=0
[QUEUE_STATS] t_ms=9472 q_pkts=1 q_bytes=1504 qdelay_l_ms=1.03044 qdelay_c_ms=0 ecn_mark=17 drop=0
[QUEUE_STATS] t_ms=9488 q_pkts=1 q_bytes=1504 qdelay_l_ms=1.06705 qdelay_c_ms=0 ecn_mark=17 drop=0
[QUEUE_STATS] t_ms=9504 q_pkts=1 q_bytes=1504 qdelay_l_ms=1.02048 qdelay_c_ms=0 ecn_mark=17 drop=0
[QUEUE_STATS] t_ms=9520 q_pkts=3 q_bytes=4512 qdelay_l_ms=1.06155 qdelay_c_ms=1.07238 ecn_mark=17 drop=0
[QUEUE_STATS] t_ms=9536 q_pkts=26 q_bytes=39104 qdelay_l_ms=0.998037 qdelay_c_ms=1.13057 ecn_mark=17 drop=0
[QUEUE_STATS] t_ms=9552 q_pkts=1 q_bytes=1504 qdelay_l_ms=1.01804 qdelay_c_ms=0 ecn_mark=17 drop=0
[QUEUE_STATS] t_ms=9568 q_pkts=0 q_bytes=0 qdelay_l_ms=0 qdelay_c_ms=0 ecn_mark=17 drop=0
[QUEUE_STATS] t_ms=9584 q_pkts=0 q_bytes=0 qdelay_l_ms=0 qdelay_c_ms=0 ecn_mark=17 drop=0
[QUEUE_STATS] t_ms=9600 q_pkts=0 q_bytes=0 qdelay_l_ms=0 qdelay_c_ms=0 ecn_mark=17 drop=0
[QUEUE_STATS] t_ms=9616 q_pkts=1 q_bytes=1504 qdelay_l_ms=1.06523 qdelay_c_ms=0 ecn_mark=17 drop=0
[QUEUE_STATS] t_ms=9632 q_pkts=1 q_bytes=1504 qdelay_l_ms=1.06705 qdelay_c_ms=0 ecn_mark=17 drop=0
[QUEUE_STATS] t_ms=9648 q_pkts=1 q_bytes=1504 qdelay_l_ms=1.06765 qdelay_c_ms=0 ecn_mark=17 drop=0
[QUEUE_STATS] t_ms=9664 q_pkts=0 q_bytes=0 qdelay_l_ms=0 qdelay_c_ms=0 ecn_mark=17 drop=0
[QUEUE_STATS] t_ms=9680 q_pkts=1 q_bytes=1504 qdelay_l_ms=1.06932 qdelay_c_ms=0 ecn_mark=17 drop=0
[QUEUE_STATS] t_ms=9696 q_pkts=1 q_bytes=1504 qdelay_l_ms=1.01818 qdelay_c_ms=0 ecn_mark=17 drop=0
[QUEUE_STATS] t_ms=9712 q_pkts=0 q_bytes=0 qdelay_l_ms=0 qdelay_c_ms=0 ecn_mark=17 drop=0
[QUEUE_STATS] t_ms=9729 q_pkts=1 q_bytes=1504 qdelay_l_ms=1.09081 qdelay_c_ms=0 ecn_mark=17 drop=0
[QUEUE_STATS] t_ms=9744 q_pkts=10 q_bytes=15040 qdelay_l_ms=1.03156 qdelay_c_ms=2.07839 ecn_mark=17 drop=0
[QUEUE_STATS] t_ms=9760 q_pkts=1 q_bytes=1504 qdelay_l_ms=1.06811 qdelay_c_ms=0 ecn_mark=17 drop=0
[QUEUE_STATS] t_ms=9777 q_pkts=1 q_bytes=1504 qdelay_l_ms=1.07944 qdelay_c_ms=0 ecn_mark=17 drop=0
[QUEUE_STATS] t_ms=9792 q_pkts=1 q_bytes=1504 qdelay_l_ms=1.06158 qdelay_c_ms=0 ecn_mark=17 drop=0
[QUEUE_STATS] t_ms=9808 q_pkts=1 q_bytes=1504 qdelay_l_ms=1.05947 qdelay_c_ms=0 ecn_mark=17 drop=0
[QUEUE_STATS] t_ms=9824 q_pkts=1 q_bytes=1504 qdelay_l_ms=1.06979 qdelay_c_ms=0 ecn_mark=17 drop=0
[QUEUE_STATS] t_ms=9840 q_pkts=1 q_bytes=1504 qdelay_l_ms=1.06322 qdelay_c_ms=0 ecn_mark=17 drop=0
[QUEUE_STATS] t_ms=9856 q_pkts=1 q_bytes=1504 qdelay_l_ms=1.06757 qdelay_c_ms=0 ecn_mark=17 drop=0
[QUEUE_STATS] t_ms=9872 q_pkts=0 q_bytes=0 qdelay_l_ms=0 qdelay_c_ms=0 ecn_mark=17 drop=0
[QUEUE_STATS] t_ms=9888 q_pkts=17 q_bytes=25568 qdelay_l_ms=0.962912 qdelay_c_ms=1.08205 ecn_mark=17 drop=0
[QUEUE_STATS] t_ms=9904 q_pkts=1 q_bytes=1504 qdelay_l_ms=1.08202 qdelay_c_ms=0 ecn_mark=17 drop=0
[QUEUE_STATS] t_ms=9920 q_pkts=1 q_bytes=1504 qdelay_l_ms=1.06813 qdelay_c_ms=0 ecn_mark=17 drop=0
[QUEUE_STATS] t_ms=9936 q_pkts=1 q_bytes=1504 qdelay_l_ms=1.0613 qdelay_c_ms=0 ecn_mark=17 drop=0
[QUEUE_STATS] t_ms=9952 q_pkts=16 q_bytes=24064 qdelay_l_ms=1.04746 qdelay_c_ms=1.99769 ecn_mark=17 drop=0
[QUEUE_STATS] t_ms=9968 q_pkts=1 q_bytes=1504 qdelay_l_ms=1.06248 qdelay_c_ms=0 ecn_mark=17 drop=0
[QUEUE_STATS] t_ms=9984 q_pkts=7 q_bytes=10528 qdelay_l_ms=1.07412 qdelay_c_ms=1.06531 ecn_mark=17 drop=0
[QUEUE_STATS] t_ms=10000 q_pkts=1 q_bytes=1504 qdelay_l_ms=1.09164 qdelay_c_ms=0 ecn_mark=17 drop=0
[QUEUE_STATS] t_ms=10016 q_pkts=1 q_bytes=1504 qdelay_l_ms=1.03758 qdelay_c_ms=0 ecn_mark=17 drop=0
[QUEUE_STATS] t_ms=10032 q_pkts=1 q_bytes=1504 qdelay_l_ms=1.10101 qdelay_c_ms=0 ecn_mark=17 drop=0
[QUEUE_STATS] t_ms=10048 q_pkts=7 q_bytes=10528 qdelay_l_ms=0.076785 qdelay_c_ms=0.065694 ecn_mark=17 drop=0
[QUEUE_STATS] t_ms=10064 q_pkts=1 q_bytes=1504 qdelay_l_ms=1.06105 qdelay_c_ms=0 ecn_mark=17 drop=0
[QUEUE_STATS] t_ms=10081 q_pkts=1 q_bytes=1504 qdelay_l_ms=1.08277 qdelay_c_ms=0 ecn_mark=17 drop=0
[QUEUE_STATS] t_ms=10096 q_pkts=1 q_bytes=1504 qdelay_l_ms=1.01491 qdelay_c_ms=0 ecn_mark=17 drop=0
[QUEUE_STATS] t_ms=10112 q_pkts=0 q_bytes=0 qdelay_l_ms=0 qdelay_c_ms=0 ecn_mark=17 drop=0
[QUEUE_STATS] t_ms=10128 q_pkts=1 q_bytes=1504 qdelay_l_ms=1.04011 qdelay_c_ms=0 ecn_mark=18 drop=0
[QUEUE_STATS] t_ms=10144 q_pkts=1 q_bytes=1504 qdelay_l_ms=1.02234 qdelay_c_ms=0 ecn_mark=18 drop=0
[QUEUE_STATS] t_ms=10160 q_pkts=1 q_bytes=1504 qdelay_l_ms=1.06451 qdelay_c_ms=0 ecn_mark=18 drop=0
[QUEUE_STATS] t_ms=10177 q_pkts=1 q_bytes=1504 qdelay_l_ms=1.08357 qdelay_c_ms=0 ecn_mark=18 drop=0
[QUEUE_STATS] t_ms=10192 q_pkts=1 q_bytes=1504 qdelay_l_ms=1.04375 qdelay_c_ms=0 ecn_mark=18 drop=0
[QUEUE_STATS] t_ms=10208 q_pkts=1 q_bytes=1504 qdelay_l_ms=1.05836 qdelay_c_ms=0 ecn_mark=18 drop=0
[QUEUE_STATS] t_ms=10224 q_pkts=0 q_bytes=0 qdelay_l_ms=0 qdelay_c_ms=0 ecn_mark=18 drop=0
[QUEUE_STATS] t_ms=10240 q_pkts=1 q_bytes=1504 qdelay_l_ms=1.01006 qdelay_c_ms=0 ecn_mark=18 drop=0
[QUEUE_STATS] t_ms=10256 q_pkts=6 q_bytes=9024 qdelay_l_ms=0.077455 qdelay_c_ms=0.064291 ecn_mark=18 drop=0
[QUEUE_STATS] t_ms=10273 q_pkts=0 q_bytes=0 qdelay_l_ms=0 qdelay_c_ms=0 ecn_mark=18 drop=0
[QUEUE_STATS] t_ms=10288 q_pkts=1 q_bytes=1504 qdelay_l_ms=1.06122 qdelay_c_ms=0 ecn_mark=18 drop=0
[QUEUE_STATS] t_ms=10304 q_pkts=1 q_bytes=1504 qdelay_l_ms=1.06712 qdelay_c_ms=0 ecn_mark=18 drop=0
[QUEUE_STATS] t_ms=10320 q_pkts=1 q_bytes=1504 qdelay_l_ms=1.0842 qdelay_c_ms=0 ecn_mark=18 drop=0
[QUEUE_STATS] t_ms=10337 q_pkts=1 q_bytes=1504 qdelay_l_ms=1.06175 qdelay_c_ms=0 ecn_mark=18 drop=0
[QUEUE_STATS] t_ms=10352 q_pkts=1 q_bytes=1504 qdelay_l_ms=1.08203 qdelay_c_ms=0 ecn_mark=18 drop=0
[QUEUE_STATS] t_ms=10368 q_pkts=1 q_bytes=1504 qdelay_l_ms=1.05159 qdelay_c_ms=0 ecn_mark=18 drop=0
[QUEUE_STATS] t_ms=10384 q_pkts=1 q_bytes=1504 qdelay_l_ms=1.06879 qdelay_c_ms=0 ecn_mark=18 drop=0
[QUEUE_STATS] t_ms=10400 q_pkts=17 q_bytes=25568 qdelay_l_ms=1.12532 qdelay_c_ms=1.11965 ecn_mark=18 drop=0
[QUEUE_STATS] t_ms=10416 q_pkts=1 q_bytes=1504 qdelay_l_ms=1.0638 qdelay_c_ms=0 ecn_mark=18 drop=0
[QUEUE_STATS] t_ms=10432 q_pkts=1 q_bytes=1504 qdelay_l_ms=1.02387 qdelay_c_ms=0 ecn_mark=18 drop=0
[QUEUE_STATS] t_ms=10448 q_pkts=1 q_bytes=1504 qdelay_l_ms=1.0122 qdelay_c_ms=0 ecn_mark=18 drop=0
[QUEUE_STATS] t_ms=10464 q_pkts=4 q_bytes=6016 qdelay_l_ms=0.980385 qdelay_c_ms=1.90642 ecn_mark=18 drop=0
[QUEUE_STATS] t_ms=10480 q_pkts=1 q_bytes=1504 qdelay_l_ms=1.07998 qdelay_c_ms=0 ecn_mark=18 drop=0
[QUEUE_STATS] t_ms=10496 q_pkts=1 q_bytes=1504 qdelay_l_ms=1.02524 qdelay_c_ms=0 ecn_mark=18 drop=0
[QUEUE_STATS] t_ms=10512 q_pkts=1 q_bytes=1504 qdelay_l_ms=1.02228 qdelay_c_ms=0 ecn_mark=18 drop=0
[QUEUE_STATS] t_ms=10528 q_pkts=1 q_bytes=1504 qdelay_l_ms=1.07092 qdelay_c_ms=0 ecn_mark=18 drop=0
[QUEUE_STATS] t_ms=10544 q_pkts=10 q_bytes=15040 qdelay_l_ms=0.931913 qdelay_c_ms=1.01328 ecn_mark=18 drop=0
[QUEUE_STATS] t_ms=10560 q_pkts=15 q_bytes=22560 qdelay_l_ms=0.920892 qdelay_c_ms=1.01283 ecn_mark=18 drop=0
[QUEUE_STATS] t_ms=10576 q_pkts=1 q_bytes=1504 qdelay_l_ms=1.04415 qdelay_c_ms=0 ecn_mark=18 drop=0
[QUEUE_STATS] t_ms=10592 q_pkts=1 q_bytes=1504 qdelay_l_ms=1.07023 qdelay_c_ms=0 ecn_mark=18 drop=0
[QUEUE_STATS] t_ms=10608 q_pkts=1 q_bytes=1504 qdelay_l_ms=1.01295 qdelay_c_ms=0 ecn_mark=18 drop=0
[QUEUE_STATS] t_ms=10624 q_pkts=1 q_bytes=1504 qdelay_l_ms=0.990794 qdelay_c_ms=0 ecn_mark=18 drop=0
[QUEUE_STATS] t_ms=10640 q_pkts=0 q_bytes=0 qdelay_l_ms=0 qdelay_c_ms=0 ecn_mark=18 drop=0
[QUEUE_STATS] t_ms=10656 q_pkts=1 q_bytes=1504 qdelay_l_ms=0.990133 qdelay_c_ms=0 ecn_mark=18 drop=0
[QUEUE_STATS] t_ms=10672 q_pkts=1 q_bytes=1504 qdelay_l_ms=0.962882 qdelay_c_ms=0 ecn_mark=18 drop=0
[QUEUE_STATS] t_ms=10688 q_pkts=1 q_bytes=1504 qdelay_l_ms=1.07321 qdelay_c_ms=0 ecn_mark=18 drop=0
[QUEUE_STATS] t_ms=10704 q_pkts=1 q_bytes=1504 qdelay_l_ms=1.0658 qdelay_c_ms=0 ecn_mark=18 drop=0
[QUEUE_STATS] t_ms=10720 q_pkts=1 q_bytes=1504 qdelay_l_ms=1.06631 qdelay_c_ms=0 ecn_mark=18 drop=0
[QUEUE_STATS] t_ms=10736 q_pkts=1 q_bytes=1504 qdelay_l_ms=1.06828 qdelay_c_ms=0 ecn_mark=18 drop=0
[QUEUE_STATS] t_ms=10752 q_pkts=1 q_bytes=1504 qdelay_l_ms=0.995663 qdelay_c_ms=0 ecn_mark=18 drop=0
[QUEUE_STATS] t_ms=10768 q_pkts=18 q_bytes=27072 qdelay_l_ms=0.998168 qdelay_c_ms=0.989261 ecn_mark=18 drop=0
[QUEUE_STATS] t_ms=10784 q_pkts=1 q_bytes=1504 qdelay_l_ms=0.981296 qdelay_c_ms=0 ecn_mark=18 drop=0
[QUEUE_STATS] t_ms=10801 q_pkts=6 q_bytes=9024 qdelay_l_ms=1.05721 qdelay_c_ms=1.09805 ecn_mark=18 drop=0
[QUEUE_STATS] t_ms=10816 q_pkts=2 q_bytes=3008 qdelay_l_ms=1.08372 qdelay_c_ms=0 ecn_mark=18 drop=0
[QUEUE_STATS] t_ms=10832 q_pkts=1 q_bytes=1504 qdelay_l_ms=0.982468 qdelay_c_ms=0 ecn_mark=18 drop=0
[QUEUE_STATS] t_ms=10848 q_pkts=10 q_bytes=15040 qdelay_l_ms=1.1257 qdelay_c_ms=1.11819 ecn_mark=18 drop=0
[QUEUE_STATS] t_ms=10864 q_pkts=16 q_bytes=24064 qdelay_l_ms=1.14682 qdelay_c_ms=1.14135 ecn_mark=18 drop=0
[QUEUE_STATS] t_ms=10880 q_pkts=1 q_bytes=1504 qdelay_l_ms=0.945319 qdelay_c_ms=0 ecn_mark=18 drop=0
[QUEUE_STATS] t_ms=10896 q_pkts=1 q_bytes=1504 qdelay_l_ms=1.05082 qdelay_c_ms=0 ecn_mark=18 drop=0
[QUEUE_STATS] t_ms=10912 q_pkts=3 q_bytes=4512 qdelay_l_ms=0 qdelay_c_ms=0.459494 ecn_mark=18 drop=0
[QUEUE_STATS] t_ms=10928 q_pkts=1 q_bytes=1504 qdelay_l_ms=0.97303 qdelay_c_ms=0 ecn_mark=18 drop=0
[QUEUE_STATS] t_ms=10944 q_pkts=0 q_bytes=0 qdelay_l_ms=0 qdelay_c_ms=0 ecn_mark=18 drop=0
[QUEUE_STATS] t_ms=10960 q_pkts=1 q_bytes=1504 qdelay_l_ms=0.960667 qdelay_c_ms=0 ecn_mark=18 drop=0
[QUEUE_STATS] t_ms=10976 q_pkts=10 q_bytes=15040 qdelay_l_ms=0.923747 qdelay_c_ms=0.985774 ecn_mark=18 drop=0
[QUEUE_STATS] t_ms=10992 q_pkts=1 q_bytes=1504 qdelay_l_ms=1.05807 qdelay_c_ms=0 ecn_mark=18 drop=0
[QUEUE_STATS] t_ms=11008 q_pkts=1 q_bytes=1504 qdelay_l_ms=0.973762 qdelay_c_ms=0 ecn_mark=18 drop=0
[QUEUE_STATS] t_ms=11025 q_pkts=1 q_bytes=1504 qdelay_l_ms=1.06122 qdelay_c_ms=0 ecn_mark=18 drop=0
[QUEUE_STATS] t_ms=11040 q_pkts=1 q_bytes=1504 qdelay_l_ms=0.975435 qdelay_c_ms=0 ecn_mark=18 drop=0
[QUEUE_STATS] t_ms=11056 q_pkts=3 q_bytes=4512 qdelay_l_ms=0.960897 qdelay_c_ms=1.81457 ecn_mark=18 drop=0
[QUEUE_STATS] t_ms=11072 q_pkts=29 q_bytes=43616 qdelay_l_ms=0.882641 qdelay_c_ms=1.72366 ecn_mark=18 drop=0
[QUEUE_STATS] t_ms=11088 q_pkts=1 q_bytes=1504 qdelay_l_ms=1.08506 qdelay_c_ms=0 ecn_mark=18 drop=0
[QUEUE_STATS] t_ms=11104 q_pkts=1 q_bytes=1504 qdelay_l_ms=1.07146 qdelay_c_ms=0 ecn_mark=18 drop=0
[QUEUE_STATS] t_ms=11120 q_pkts=1 q_bytes=1504 qdelay_l_ms=1.06117 qdelay_c_ms=0 ecn_mark=18 drop=0
[QUEUE_STATS] t_ms=11136 q_pkts=1 q_bytes=1504 qdelay_l_ms=0.957281 qdelay_c_ms=0 ecn_mark=18 drop=0
[QUEUE_STATS] t_ms=11152 q_pkts=0 q_bytes=0 qdelay_l_ms=0 qdelay_c_ms=0 ecn_mark=18 drop=0
[QUEUE_STATS] t_ms=11168 q_pkts=1 q_bytes=1504 qdelay_l_ms=1.07262 qdelay_c_ms=0 ecn_mark=18 drop=0
[QUEUE_STATS] t_ms=11184 q_pkts=0 q_bytes=0 qdelay_l_ms=0 qdelay_c_ms=0 ecn_mark=18 drop=0
[QUEUE_STATS] t_ms=11200 q_pkts=1 q_bytes=1504 qdelay_l_ms=1.06598 qdelay_c_ms=0 ecn_mark=18 drop=0
[QUEUE_STATS] t_ms=11216 q_pkts=1 q_bytes=1504 qdelay_l_ms=1.06951 qdelay_c_ms=0 ecn_mark=18 drop=0
[QUEUE_STATS] t_ms=11232 q_pkts=1 q_bytes=1504 qdelay_l_ms=1.04205 qdelay_c_ms=0 ecn_mark=18 drop=0
[QUEUE_STATS] t_ms=11248 q_pkts=1 q_bytes=1504 qdelay_l_ms=0.909701 qdelay_c_ms=0 ecn_mark=18 drop=0
[QUEUE_STATS] t_ms=11264 q_pkts=1 q_bytes=1504 qdelay_l_ms=0.815154 qdelay_c_ms=0 ecn_mark=18 drop=0
[QUEUE_STATS] t_ms=11280 q_pkts=28 q_bytes=42112 qdelay_l_ms=0.811046 qdelay_c_ms=1.83268 ecn_mark=18 drop=0
[QUEUE_STATS] t_ms=11296 q_pkts=1 q_bytes=1504 qdelay_l_ms=0.925461 qdelay_c_ms=0 ecn_mark=18 drop=0
[QUEUE_STATS] t_ms=11312 q_pkts=12 q_bytes=18048 qdelay_l_ms=1.01236 qdelay_c_ms=1.07134 ecn_mark=18 drop=0
[QUEUE_STATS] t_ms=11328 q_pkts=1 q_bytes=1504 qdelay_l_ms=1.0607 qdelay_c_ms=0 ecn_mark=18 drop=0
[QUEUE_STATS] t_ms=11344 q_pkts=1 q_bytes=1504 qdelay_l_ms=0.92475 qdelay_c_ms=0 ecn_mark=18 drop=0
[QUEUE_STATS] t_ms=11360 q_pkts=15 q_bytes=22560 qdelay_l_ms=0.920592 qdelay_c_ms=0.915482 ecn_mark=18 drop=0
[QUEUE_STATS] t_ms=11376 q_pkts=2 q_bytes=3008 qdelay_l_ms=1.08483 qdelay_c_ms=1.0778 ecn_mark=18 drop=0
[QUEUE_STATS] t_ms=11392 q_pkts=1 q_bytes=1504 qdelay_l_ms=0.913429 qdelay_c_ms=0 ecn_mark=18 drop=0
[QUEUE_STATS] t_ms=11408 q_pkts=1 q_bytes=1504 qdelay_l_ms=1.06835 qdelay_c_ms=0 ecn_mark=18 drop=0
[QUEUE_STATS] t_ms=11424 q_pkts=32 q_bytes=48128 qdelay_l_ms=1.2436 qdelay_c_ms=1.23683 ecn_mark=18 drop=0
[QUEUE_STATS] t_ms=11440 q_pkts=1 q_bytes=1504 qdelay_l_ms=1.07306 qdelay_c_ms=0 ecn_mark=18 drop=0
[QUEUE_STATS] t_ms=11456 q_pkts=1 q_bytes=1504 qdelay_l_ms=0.913739 qdelay_c_ms=0 ecn_mark=18 drop=0
[QUEUE_STATS] t_ms=11472 q_pkts=1 q_bytes=1504 qdelay_l_ms=1.07268 qdelay_c_ms=0 ecn_mark=18 drop=0
[QUEUE_STATS] t_ms=11488 q_pkts=20 q_bytes=30080 qdelay_l_ms=0.030597 qdelay_c_ms=1.77257 ecn_mark=18 drop=0
[QUEUE_STATS] t_ms=11504 q_pkts=0 q_bytes=0 qdelay_l_ms=0 qdelay_c_ms=0 ecn_mark=18 drop=0
[QUEUE_STATS] t_ms=11520 q_pkts=1 q_bytes=1504 qdelay_l_ms=1.06723 qdelay_c_ms=0 ecn_mark=18 drop=0
[QUEUE_STATS] t_ms=11536 q_pkts=1 q_bytes=1504 qdelay_l_ms=1.07445 qdelay_c_ms=0 ecn_mark=18 drop=0
[QUEUE_STATS] t_ms=11552 q_pkts=1 q_bytes=1504 qdelay_l_ms=0.943535 qdelay_c_ms=0 ecn_mark=18 drop=0
[QUEUE_STATS] t_ms=11568 q_pkts=0 q_bytes=0 qdelay_l_ms=0 qdelay_c_ms=0 ecn_mark=18 drop=0
[QUEUE_STATS] t_ms=11584 q_pkts=16 q_bytes=24064 qdelay_l_ms=0.928206 qdelay_c_ms=0.912988 ecn_mark=19 drop=0
[QUEUE_STATS] t_ms=11600 q_pkts=1 q_bytes=1504 qdelay_l_ms=0.88205 qdelay_c_ms=0 ecn_mark=19 drop=0
[QUEUE_STATS] t_ms=11616 q_pkts=1 q_bytes=1504 qdelay_l_ms=0.750452 qdelay_c_ms=0 ecn_mark=19 drop=0
[QUEUE_STATS] t_ms=11632 q_pkts=28 q_bytes=42112 qdelay_l_ms=0.977489 qdelay_c_ms=2.08596 ecn_mark=19 drop=0
[QUEUE_STATS] t_ms=11648 q_pkts=0 q_bytes=0 qdelay_l_ms=0 qdelay_c_ms=0 ecn_mark=19 drop=0
[QUEUE_STATS] t_ms=11664 q_pkts=1 q_bytes=1504 qdelay_l_ms=0.917066 qdelay_c_ms=0 ecn_mark=19 drop=0
[QUEUE_STATS] t_ms=11681 q_pkts=0 q_bytes=0 qdelay_l_ms=0 qdelay_c_ms=0 ecn_mark=19 drop=0
[QUEUE_STATS] t_ms=11696 q_pkts=1 q_bytes=1504 qdelay_l_ms=1.0713 qdelay_c_ms=0 ecn_mark=19 drop=0
[QUEUE_STATS] t_ms=11712 q_pkts=1 q_bytes=1504 qdelay_l_ms=0.870979 qdelay_c_ms=0 ecn_mark=19 drop=0
[QUEUE_STATS] t_ms=11728 q_pkts=2 q_bytes=3008 qdelay_l_ms=1.06668 qdelay_c_ms=0 ecn_mark=19 drop=0
[QUEUE_STATS] t_ms=11744 q_pkts=1 q_bytes=1504 qdelay_l_ms=1.06991 qdelay_c_ms=0 ecn_mark=19 drop=0
[QUEUE_STATS] t_ms=11760 q_pkts=1 q_bytes=1504 qdelay_l_ms=1.07504 qdelay_c_ms=0 ecn_mark=19 drop=0
[QUEUE_STATS] t_ms=11776 q_pkts=1 q_bytes=1504 qdelay_l_ms=0.890966 qdelay_c_ms=0 ecn_mark=19 drop=0
[QUEUE_STATS] t_ms=11792 q_pkts=20 q_bytes=30080 qdelay_l_ms=0.916925 qdelay_c_ms=1.50995 ecn_mark=19 drop=0
[QUEUE_STATS] t_ms=11808 q_pkts=1 q_bytes=1504 qdelay_l_ms=0.879464 qdelay_c_ms=0 ecn_mark=19 drop=0
[QUEUE_STATS] t_ms=11824 q_pkts=1 q_bytes=1504 qdelay_l_ms=1.03955 qdelay_c_ms=0 ecn_mark=19 drop=0
[QUEUE_STATS] t_ms=11840 q_pkts=1 q_bytes=1504 qdelay_l_ms=1.07955 qdelay_c_ms=0 ecn_mark=19 drop=0
[QUEUE_STATS] t_ms=11856 q_pkts=1 q_bytes=1504 qdelay_l_ms=1.07079 qdelay_c_ms=0 ecn_mark=19 drop=0
[QUEUE_STATS] t_ms=11872 q_pkts=19 q_bytes=28576 qdelay_l_ms=0.795035 qdelay_c_ms=0.90925 ecn_mark=19 drop=0
[QUEUE_STATS] t_ms=11888 q_pkts=10 q_bytes=15040 qdelay_l_ms=1.1184 qdelay_c_ms=1.75771 ecn_mark=19 drop=0
[QUEUE_STATS] t_ms=11904 q_pkts=1 q_bytes=1504 qdelay_l_ms=1.06346 qdelay_c_ms=0 ecn_mark=19 drop=0
[QUEUE_STATS] t_ms=11920 q_pkts=1 q_bytes=1504 qdelay_l_ms=1.07814 qdelay_c_ms=0 ecn_mark=19 drop=0
[QUEUE_STATS] t_ms=11936 q_pkts=6 q_bytes=9024 qdelay_l_ms=0 qdelay_c_ms=0.043051 ecn_mark=19 drop=0
[QUEUE_STATS] t_ms=11952 q_pkts=1 q_bytes=1504 qdelay_l_ms=0.892139 qdelay_c_ms=0 ecn_mark=19 drop=0
[QUEUE_STATS] t_ms=11968 q_pkts=1 q_bytes=1504 qdelay_l_ms=0.88776 qdelay_c_ms=0 ecn_mark=19 drop=0
[QUEUE_STATS] t_ms=11984 q_pkts=1 q_bytes=1504 qdelay_l_ms=1.08019 qdelay_c_ms=0 ecn_mark=19 drop=0
[QUEUE_STATS] t_ms=12000 q_pkts=17 q_bytes=25568 qdelay_l_ms=0.794665 qdelay_c_ms=1.67067 ecn_mark=19 drop=0
[QUEUE_STATS] t_ms=12016 q_pkts=0 q_bytes=0 qdelay_l_ms=0 qdelay_c_ms=0 ecn_mark=19 drop=0
[QUEUE_STATS] t_ms=12032 q_pkts=1 q_bytes=1504 qdelay_l_ms=1.06563 qdelay_c_ms=0 ecn_mark=19 drop=0
[QUEUE_STATS] t_ms=12048 q_pkts=1 q_bytes=1504 qdelay_l_ms=1.06139 qdelay_c_ms=0 ecn_mark=19 drop=0
[QUEUE_STATS] t_ms=12064 q_pkts=1 q_bytes=1504 qdelay_l_ms=0.874906 qdelay_c_ms=0 ecn_mark=19 drop=0
[QUEUE_STATS] t_ms=12080 q_pkts=1 q_bytes=1504 qdelay_l_ms=0.878332 qdelay_c_ms=0 ecn_mark=19 drop=0
[QUEUE_STATS] t_ms=12096 q_pkts=19 q_bytes=28576 qdelay_l_ms=0.888231 qdelay_c_ms=1.65585 ecn_mark=19 drop=0
[QUEUE_STATS] t_ms=12112 q_pkts=1 q_bytes=1504 qdelay_l_ms=0.879014 qdelay_c_ms=0 ecn_mark=19 drop=0
[QUEUE_STATS] t_ms=12128 q_pkts=15 q_bytes=22560 qdelay_l_ms=1.02438 qdelay_c_ms=1.10698 ecn_mark=19 drop=0
[QUEUE_STATS] t_ms=12144 q_pkts=6 q_bytes=9024 qdelay_l_ms=1.00298 qdelay_c_ms=2.08406 ecn_mark=19 drop=0
[QUEUE_STATS] t_ms=12160 q_pkts=1 q_bytes=1504 qdelay_l_ms=0.876579 qdelay_c_ms=0 ecn_mark=20 drop=0
[QUEUE_STATS] t_ms=12176 q_pkts=9 q_bytes=13536 qdelay_l_ms=1.06276 qdelay_c_ms=1.10998 ecn_mark=20 drop=0
[QUEUE_STATS] t_ms=12192 q_pkts=17 q_bytes=25568 qdelay_l_ms=0.872892 qdelay_c_ms=0.867352 ecn_mark=20 drop=0
[QUEUE_STATS] t_ms=12208 q_pkts=2 q_bytes=3008 qdelay_l_ms=0.856512 qdelay_c_ms=0 ecn_mark=20 drop=0
[QUEUE_STATS] t_ms=12224 q_pkts=1 q_bytes=1504 qdelay_l_ms=0.87165 qdelay_c_ms=0 ecn_mark=20 drop=0
[QUEUE_STATS] t_ms=12241 q_pkts=1 q_bytes=1504 qdelay_l_ms=1.07886 qdelay_c_ms=0 ecn_mark=20 drop=0
[QUEUE_STATS] t_ms=12256 q_pkts=1 q_bytes=1504 qdelay_l_ms=1.07021 qdelay_c_ms=0 ecn_mark=20 drop=0
[QUEUE_STATS] t_ms=12272 q_pkts=2 q_bytes=3008 qdelay_l_ms=0.875708 qdelay_c_ms=0 ecn_mark=20 drop=0
[QUEUE_STATS] t_ms=12288 q_pkts=1 q_bytes=1504 qdelay_l_ms=0.85086 qdelay_c_ms=0 ecn_mark=20 drop=0
[QUEUE_STATS] t_ms=12305 q_pkts=25 q_bytes=37600 qdelay_l_ms=1.06651 qdelay_c_ms=2.00747 ecn_mark=20 drop=0
[QUEUE_STATS] t_ms=12320 q_pkts=1 q_bytes=1504 qdelay_l_ms=1.07144 qdelay_c_ms=0 ecn_mark=20 drop=0
[QUEUE_STATS] t_ms=12336 q_pkts=2 q_bytes=3008 qdelay_l_ms=1.07642 qdelay_c_ms=0 ecn_mark=20 drop=0
[QUEUE_STATS] t_ms=12352 q_pkts=1 q_bytes=1504 qdelay_l_ms=1.0613 qdelay_c_ms=0 ecn_mark=20 drop=0
[QUEUE_STATS] t_ms=12368 q_pkts=1 q_bytes=1504 qdelay_l_ms=0.862332 qdelay_c_ms=0 ecn_mark=20 drop=0
[QUEUE_STATS] t_ms=12384 q_pkts=13 q_bytes=19552 qdelay_l_ms=1.06757 qdelay_c_ms=1.16583 ecn_mark=20 drop=0
[QUEUE_STATS] t_ms=12400 q_pkts=11 q_bytes=16544 qdelay_l_ms=1.10526 qdelay_c_ms=1.12379 ecn_mark=20 drop=0
[QUEUE_STATS] t_ms=12416 q_pkts=1 q_bytes=1504 qdelay_l_ms=0.857162 qdelay_c_ms=0 ecn_mark=20 drop=0
[QUEUE_STATS] t_ms=12432 q_pkts=2 q_bytes=3008 qdelay_l_ms=0.859557 qdelay_c_ms=0 ecn_mark=20 drop=0
[QUEUE_STATS] t_ms=12448 q_pkts=5 q_bytes=7520 qdelay_l_ms=0.071244 qdelay_c_ms=0.060394 ecn_mark=20 drop=0
[QUEUE_STATS] t_ms=12464 q_pkts=0 q_bytes=0 qdelay_l_ms=0 qdelay_c_ms=0 ecn_mark=20 drop=0
[QUEUE_STATS] t_ms=12480 q_pkts=0 q_bytes=0 qdelay_l_ms=0 qdelay_c_ms=0 ecn_mark=20 drop=0
[QUEUE_STATS] t_ms=12496 q_pkts=2 q_bytes=3008 qdelay_l_ms=1.04187 qdelay_c_ms=0 ecn_mark=20 drop=0
[QUEUE_STATS] t_ms=12512 q_pkts=35 q_bytes=52640 qdelay_l_ms=1.45854 qdelay_c_ms=1.58287 ecn_mark=20 drop=0
[QUEUE_STATS] t_ms=12528 q_pkts=1 q_bytes=1504 qdelay_l_ms=0.846352 qdelay_c_ms=0 ecn_mark=20 drop=0
[QUEUE_STATS] t_ms=12544 q_pkts=2 q_bytes=3008 qdelay_l_ms=0.848216 qdelay_c_ms=0 ecn_mark=20 drop=0
[QUEUE_STATS] t_ms=12560 q_pkts=2 q_bytes=3008 qdelay_l_ms=1.06844 qdelay_c_ms=0 ecn_mark=20 drop=0
[QUEUE_STATS] t_ms=12576 q_pkts=1 q_bytes=1504 qdelay_l_ms=1.06885 qdelay_c_ms=0 ecn_mark=20 drop=0
[QUEUE_STATS] t_ms=12592 q_pkts=2 q_bytes=3008 qdelay_l_ms=0.846312 qdelay_c_ms=0 ecn_mark=20 drop=0
[QUEUE_STATS] t_ms=12608 q_pkts=21 q_bytes=31584 qdelay_l_ms=1.2173 qdelay_c_ms=1.20098 ecn_mark=20 drop=0
[QUEUE_STATS] t_ms=12624 q_pkts=0 q_bytes=0 qdelay_l_ms=0 qdelay_c_ms=0 ecn_mark=20 drop=0
[QUEUE_STATS] t_ms=12640 q_pkts=0 q_bytes=0 qdelay_l_ms=0 qdelay_c_ms=0 ecn_mark=20 drop=0
[QUEUE_STATS] t_ms=12656 q_pkts=17 q_bytes=25568 qdelay_l_ms=1.08885 qdelay_c_ms=1.08297 ecn_mark=20 drop=0
[QUEUE_STATS] t_ms=12672 q_pkts=1 q_bytes=1504 qdelay_l_ms=1.06963 qdelay_c_ms=0 ecn_mark=20 drop=0
[QUEUE_STATS] t_ms=12688 q_pkts=4 q_bytes=6016 qdelay_l_ms=0.023554 qdelay_c_ms=1.02251 ecn_mark=20 drop=0
[QUEUE_STATS] t_ms=12704 q_pkts=21 q_bytes=31584 qdelay_l_ms=1.0701 qdelay_c_ms=2.09504 ecn_mark=20 drop=0
[QUEUE_STATS] t_ms=12720 q_pkts=1 q_bytes=1504 qdelay_l_ms=0.860659 qdelay_c_ms=0 ecn_mark=20 drop=0
[QUEUE_STATS] t_ms=12736 q_pkts=1 q_bytes=1504 qdelay_l_ms=1.08024 qdelay_c_ms=0 ecn_mark=20 drop=0
[QUEUE_STATS] t_ms=12752 q_pkts=2 q_bytes=3008 qdelay_l_ms=0.831424 qdelay_c_ms=0 ecn_mark=20 drop=0
[QUEUE_STATS] t_ms=12768 q_pkts=1 q_bytes=1504 qdelay_l_ms=1.07075 qdelay_c_ms=0 ecn_mark=20 drop=0
[QUEUE_STATS] t_ms=12784 q_pkts=1 q_bytes=1504 qdelay_l_ms=1.03201 qdelay_c_ms=0 ecn_mark=20 drop=0
[QUEUE_STATS] t_ms=12800 q_pkts=2 q_bytes=3008 qdelay_l_ms=0.838648 qdelay_c_ms=0 ecn_mark=20 drop=0
[QUEUE_STATS] t_ms=12816 q_pkts=0 q_bytes=0 qdelay_l_ms=0 qdelay_c_ms=0 ecn_mark=20 drop=0
[QUEUE_STATS] t_ms=12832 q_pkts=1 q_bytes=1504 qdelay_l_ms=0.832426 qdelay_c_ms=0 ecn_mark=20 drop=0
[QUEUE_STATS] t_ms=12848 q_pkts=1 q_bytes=1504 qdelay_l_ms=1.06911 qdelay_c_ms=0 ecn_mark=20 drop=0
[QUEUE_STATS] t_ms=12864 q_pkts=1 q_bytes=1504 qdelay_l_ms=1.06694 qdelay_c_ms=0 ecn_mark=20 drop=0
[QUEUE_STATS] t_ms=12880 q_pkts=0 q_bytes=0 qdelay_l_ms=0 qdelay_c_ms=0 ecn_mark=20 drop=0
[QUEUE_STATS] t_ms=12896 q_pkts=6 q_bytes=9024 qdelay_l_ms=0.80803 qdelay_c_ms=2.35907 ecn_mark=20 drop=0
[QUEUE_STATS] t_ms=12912 q_pkts=9 q_bytes=13536 qdelay_l_ms=0.810274 qdelay_c_ms=2.00516 ecn_mark=20 drop=0
[QUEUE_STATS] t_ms=12928 q_pkts=0 q_bytes=0 qdelay_l_ms=0 qdelay_c_ms=0 ecn_mark=20 drop=0
[QUEUE_STATS] t_ms=12944 q_pkts=2 q_bytes=3008 qdelay_l_ms=0.828017 qdelay_c_ms=0 ecn_mark=20 drop=0
[QUEUE_STATS] t_ms=12960 q_pkts=17 q_bytes=25568 qdelay_l_ms=1.11203 qdelay_c_ms=1.1018 ecn_mark=20 drop=0
[QUEUE_STATS] t_ms=12976 q_pkts=1 q_bytes=1504 qdelay_l_ms=1.0617 qdelay_c_ms=0 ecn_mark=20 drop=0
[QUEUE_STATS] t_ms=12992 q_pkts=0 q_bytes=0 qdelay_l_ms=0 qdelay_c_ms=0 ecn_mark=20 drop=0
[QUEUE_STATS] t_ms=13008 q_pkts=14 q_bytes=21056 qdelay_l_ms=1.07545 qdelay_c_ms=1.09671 ecn_mark=20 drop=0
[QUEUE_STATS] t_ms=13024 q_pkts=8 q_bytes=12032 qdelay_l_ms=0.071565 qdelay_c_ms=0.062849 ecn_mark=20 drop=0
[QUEUE_STATS] t_ms=13040 q_pkts=1 q_bytes=1504 qdelay_l_ms=0.81336 qdelay_c_ms=0 ecn_mark=20 drop=0
[QUEUE_STATS] t_ms=13056 q_pkts=1 q_bytes=1504 qdelay_l_ms=0.824902 qdelay_c_ms=0 ecn_mark=20 drop=0
[QUEUE_STATS] t_ms=13072 q_pkts=1 q_bytes=1504 qdelay_l_ms=1.06162 qdelay_c_ms=0 ecn_mark=20 drop=0
[QUEUE_STATS] t_ms=13088 q_pkts=1 q_bytes=1504 qdelay_l_ms=1.07123 qdelay_c_ms=0 ecn_mark=20 drop=0
[QUEUE_STATS] t_ms=13104 q_pkts=1 q_bytes=1504 qdelay_l_ms=1.07929 qdelay_c_ms=0 ecn_mark=20 drop=0
[QUEUE_STATS] t_ms=13120 q_pkts=11 q_bytes=16544 qdelay_l_ms=0.09603 qdelay_c_ms=0.084659 ecn_mark=20 drop=0
[QUEUE_STATS] t_ms=13136 q_pkts=1 q_bytes=1504 qdelay_l_ms=0.806016 qdelay_c_ms=0 ecn_mark=20 drop=0
[QUEUE_STATS] t_ms=13152 q_pkts=1 q_bytes=1504 qdelay_l_ms=0.79749 qdelay_c_ms=0 ecn_mark=20 drop=0
[QUEUE_STATS] t_ms=13168 q_pkts=7 q_bytes=10528 qdelay_l_ms=1.10395 qdelay_c_ms=1.09046 ecn_mark=20 drop=0
[QUEUE_STATS] t_ms=13184 q_pkts=2 q_bytes=3008 qdelay_l_ms=1.07186 qdelay_c_ms=0 ecn_mark=20 drop=0
[QUEUE_STATS] t_ms=13200 q_pkts=21 q_bytes=31584 qdelay_l_ms=1.19398 qdelay_c_ms=1.18776 ecn_mark=20 drop=0
[QUEUE_STATS] t_ms=13217 q_pkts=15 q_bytes=22560 qdelay_l_ms=1.06115 qdelay_c_ms=1.99797 ecn_mark=20 drop=0
[QUEUE_STATS] t_ms=13232 q_pkts=1 q_bytes=1504 qdelay_l_ms=1.08622 qdelay_c_ms=0 ecn_mark=20 drop=0
[QUEUE_STATS] t_ms=13248 q_pkts=0 q_bytes=0 qdelay_l_ms=0 qdelay_c_ms=0 ecn_mark=20 drop=0
[QUEUE_STATS] t_ms=13264 q_pkts=20 q_bytes=30080 qdelay_l_ms=0.999109 qdelay_c_ms=2.14932 ecn_mark=20 drop=0
[QUEUE_STATS] t_ms=13281 q_pkts=1 q_bytes=1504 qdelay_l_ms=1.06688 qdelay_c_ms=0 ecn_mark=20 drop=0
[QUEUE_STATS] t_ms=13296 q_pkts=2 q_bytes=3008 qdelay_l_ms=1.07001 qdelay_c_ms=1.07604 ecn_mark=21 drop=0
[QUEUE_STATS] t_ms=13312 q_pkts=1 q_bytes=1504 qdelay_l_ms=0.426382 qdelay_c_ms=0 ecn_mark=21 drop=0
[QUEUE_STATS] t_ms=13328 q_pkts=0 q_bytes=0 qdelay_l_ms=0 qdelay_c_ms=0 ecn_mark=21 drop=0
[QUEUE_STATS] t_ms=13344 q_pkts=0 q_bytes=0 qdelay_l_ms=0 qdelay_c_ms=0 ecn_mark=21 drop=0
[QUEUE_STATS] t_ms=13360 q_pkts=1 q_bytes=1504 qdelay_l_ms=0.795086 qdelay_c_ms=0 ecn_mark=21 drop=0
[QUEUE_STATS] t_ms=13376 q_pkts=1 q_bytes=1504 qdelay_l_ms=0.794355 qdelay_c_ms=0 ecn_mark=21 drop=0
[QUEUE_STATS] t_ms=13392 q_pkts=1 q_bytes=1504 qdelay_l_ms=1.06853 qdelay_c_ms=0 ecn_mark=21 drop=0
[QUEUE_STATS] t_ms=13408 q_pkts=6 q_bytes=9024 qdelay_l_ms=1.09231 qdelay_c_ms=1.08213 ecn_mark=21 drop=0
[QUEUE_STATS] t_ms=13424 q_pkts=17 q_bytes=25568 qdelay_l_ms=1.17991 qdelay_c_ms=1.16958 ecn_mark=21 drop=0
[QUEUE_STATS] t_ms=13440 q_pkts=1 q_bytes=1504 qdelay_l_ms=0.789615 qdelay_c_ms=0 ecn_mark=21 drop=0
[QUEUE_STATS] t_ms=13456 q_pkts=1 q_bytes=1504 qdelay_l_ms=0.916073 qdelay_c_ms=0 ecn_mark=21 drop=0
[QUEUE_STATS] t_ms=13472 q_pkts=22 q_bytes=33088 qdelay_l_ms=1.05973 qdelay_c_ms=1.84866 ecn_mark=21 drop=0
[QUEUE_STATS] t_ms=13488 q_pkts=0 q_bytes=0 qdelay_l_ms=0 qdelay_c_ms=0 ecn_mark=21 drop=0
[QUEUE_STATS] t_ms=13504 q_pkts=12 q_bytes=18048 qdelay_l_ms=0.787732 qdelay_c_ms=0.782703 ecn_mark=21 drop=0
[QUEUE_STATS] t_ms=13520 q_pkts=16 q_bytes=24064 qdelay_l_ms=1.05976 qdelay_c_ms=1.16775 ecn_mark=21 drop=0
[QUEUE_STATS] t_ms=13536 q_pkts=14 q_bytes=21056 qdelay_l_ms=0.723962 qdelay_c_ms=2.21809 ecn_mark=21 drop=0
[QUEUE_STATS] t_ms=13552 q_pkts=2 q_bytes=3008 qdelay_l_ms=1.07198 qdelay_c_ms=0 ecn_mark=21 drop=0
[QUEUE_STATS] t_ms=13568 q_pkts=15 q_bytes=22560 qdelay_l_ms=1.04117 qdelay_c_ms=1.12137 ecn_mark=21 drop=0
[QUEUE_STATS] t_ms=13584 q_pkts=2 q_bytes=3008 qdelay_l_ms=1.06514 qdelay_c_ms=0 ecn_mark=21 drop=0
[QUEUE_STATS] t_ms=13600 q_pkts=1 q_bytes=1504 qdelay_l_ms=1.06658 qdelay_c_ms=0 ecn_mark=21 drop=0
[QUEUE_STATS] t_ms=13616 q_pkts=2 q_bytes=3008 qdelay_l_ms=1.07043 qdelay_c_ms=0 ecn_mark=21 drop=0
[QUEUE_STATS] t_ms=13632 q_pkts=0 q_bytes=0 qdelay_l_ms=0 qdelay_c_ms=0 ecn_mark=21 drop=0
[QUEUE_STATS] t_ms=13648 q_pkts=0 q_bytes=0 qdelay_l_ms=0 qdelay_c_ms=0 ecn_mark=21 drop=0
[QUEUE_STATS] t_ms=13664 q_pkts=1 q_bytes=1504 qdelay_l_ms=1.07326 qdelay_c_ms=0 ecn_mark=21 drop=0
[QUEUE_STATS] t_ms=13680 q_pkts=1 q_bytes=1504 qdelay_l_ms=0.781942 qdelay_c_ms=0 ecn_mark=21 drop=0
[QUEUE_STATS] t_ms=13696 q_pkts=1 q_bytes=1504 qdelay_l_ms=1.0465 qdelay_c_ms=0 ecn_mark=21 drop=0
[QUEUE_STATS] t_ms=13712 q_pkts=22 q_bytes=33088 qdelay_l_ms=1.10831 qdelay_c_ms=2.06449 ecn_mark=21 drop=0
[QUEUE_STATS] t_ms=13728 q_pkts=22 q_bytes=33088 qdelay_l_ms=1.11978 qdelay_c_ms=2.12764 ecn_mark=21 drop=0
[QUEUE_STATS] t_ms=13744 q_pkts=1 q_bytes=1504 qdelay_l_ms=0.769077 qdelay_c_ms=0 ecn_mark=21 drop=0
[QUEUE_STATS] t_ms=13760 q_pkts=1 q_bytes=1504 qdelay_l_ms=0.774938 qdelay_c_ms=0 ecn_mark=21 drop=0
[QUEUE_STATS] t_ms=13776 q_pkts=11 q_bytes=16544 qdelay_l_ms=0.077055 qdelay_c_ms=1.09136 ecn_mark=21 drop=0
[QUEUE_STATS] t_ms=13792 q_pkts=1 q_bytes=1504 qdelay_l_ms=0.875858 qdelay_c_ms=0 ecn_mark=21 drop=0
[QUEUE_STATS] t_ms=13808 q_pkts=0 q_bytes=0 qdelay_l_ms=0 qdelay_c_ms=0 ecn_mark=21 drop=0
[QUEUE_STATS] t_ms=13824 q_pkts=17 q_bytes=25568 qdelay_l_ms=1.07842 qdelay_c_ms=1.07178 ecn_mark=21 drop=0
[QUEUE_STATS] t_ms=13840 q_pkts=27 q_bytes=40608 qdelay_l_ms=0.663499 qdelay_c_ms=1.90014 ecn_mark=21 drop=0
[QUEUE_STATS] t_ms=13856 q_pkts=1 q_bytes=1504 qdelay_l_ms=0.761663 qdelay_c_ms=0 ecn_mark=21 drop=0
[QUEUE_STATS] t_ms=13872 q_pkts=1 q_bytes=1504 qdelay_l_ms=0.762063 qdelay_c_ms=0 ecn_mark=21 drop=0
[QUEUE_STATS] t_ms=13888 q_pkts=2 q_bytes=3008 qdelay_l_ms=1.0784 qdelay_c_ms=0 ecn_mark=21 drop=0
[QUEUE_STATS] t_ms=13904 q_pkts=2 q_bytes=3008 qdelay_l_ms=1.08719 qdelay_c_ms=0 ecn_mark=21 drop=0
[QUEUE_STATS] t_ms=13920 q_pkts=2 q_bytes=3008 qdelay_l_ms=0.763546 qdelay_c_ms=0 ecn_mark=21 drop=0
[QUEUE_STATS] t_ms=13936 q_pkts=8 q_bytes=12032 qdelay_l_ms=0 qdelay_c_ms=1.09756 ecn_mark=21 drop=0
[QUEUE_STATS] t_ms=13952 q_pkts=1 q_bytes=1504 qdelay_l_ms=1.07438 qdelay_c_ms=0 ecn_mark=21 drop=0
[QUEUE_STATS] t_ms=13968 q_pkts=1 q_bytes=1504 qdelay_l_ms=1.0619 qdelay_c_ms=0 ecn_mark=21 drop=0
[QUEUE_STATS] t_ms=13984 q_pkts=23 q_bytes=34592 qdelay_l_ms=0.973371 qdelay_c_ms=2.16121 ecn_mark=21 drop=0
[QUEUE_STATS] t_ms=14000 q_pkts=1 q_bytes=1504 qdelay_l_ms=1.07198 qdelay_c_ms=0 ecn_mark=21 drop=0
[QUEUE_STATS] t_ms=14016 q_pkts=11 q_bytes=16544 qdelay_l_ms=1.06687 qdelay_c_ms=1.12802 ecn_mark=21 drop=0
[QUEUE_STATS] t_ms=14032 q_pkts=33 q_bytes=49632 qdelay_l_ms=0.152096 qdelay_c_ms=1.27961 ecn_mark=21 drop=0
[QUEUE_STATS] t_ms=14049 q_pkts=38 q_bytes=57152 qdelay_l_ms=1.0613 qdelay_c_ms=3.26312 ecn_mark=21 drop=0
[QUEUE_STATS] t_ms=14064 q_pkts=1 q_bytes=1504 qdelay_l_ms=1.06554 qdelay_c_ms=0 ecn_mark=21 drop=0
[QUEUE_STATS] t_ms=14080 q_pkts=11 q_bytes=16544 qdelay_l_ms=0 qdelay_c_ms=0.087835 ecn_mark=21 drop=0
[QUEUE_STATS] t_ms=14096 q_pkts=2 q_bytes=3008 qdelay_l_ms=1.06791 qdelay_c_ms=0 ecn_mark=21 drop=0
[QUEUE_STATS] t_ms=14112 q_pkts=1 q_bytes=1504 qdelay_l_ms=0.749801 qdelay_c_ms=0 ecn_mark=21 drop=0
[QUEUE_STATS] t_ms=14128 q_pkts=1 q_bytes=1504 qdelay_l_ms=1.03332 qdelay_c_ms=0 ecn_mark=21 drop=0
[QUEUE_STATS] t_ms=14144 q_pkts=27 q_bytes=40608 qdelay_l_ms=0.759349 qdelay_c_ms=2.12346 ecn_mark=21 drop=0
[QUEUE_STATS] t_ms=14160 q_pkts=2 q_bytes=3008 qdelay_l_ms=1.07654 qdelay_c_ms=0 ecn_mark=21 drop=0
[QUEUE_STATS] t_ms=14177 q_pkts=1 q_bytes=1504 qdelay_l_ms=1.06639 qdelay_c_ms=0 ecn_mark=21 drop=0
[QUEUE_STATS] t_ms=14192 q_pkts=2 q_bytes=3008 qdelay_l_ms=1.07412 qdelay_c_ms=0 ecn_mark=21 drop=0
[QUEUE_STATS] t_ms=14208 q_pkts=0 q_bytes=0 qdelay_l_ms=0 qdelay_c_ms=0 ecn_mark=21 drop=0
[QUEUE_STATS] t_ms=14224 q_pkts=19 q_bytes=28576 qdelay_l_ms=1.09788 qdelay_c_ms=1.0919 ecn_mark=21 drop=0
[QUEUE_STATS] t_ms=14240 q_pkts=16 q_bytes=24064 qdelay_l_ms=1.12626 qdelay_c_ms=1.18135 ecn_mark=22 drop=0
[QUEUE_STATS] t_ms=14256 q_pkts=3 q_bytes=4512 qdelay_l_ms=0 qdelay_c_ms=1.41907 ecn_mark=22 drop=0
[QUEUE_STATS] t_ms=14272 q_pkts=1 q_bytes=1504 qdelay_l_ms=1.07035 qdelay_c_ms=0 ecn_mark=22 drop=0
[QUEUE_STATS] t_ms=14289 q_pkts=13 q_bytes=19552 qdelay_l_ms=1.14175 qdelay_c_ms=1.1299 ecn_mark=22 drop=0
[QUEUE_STATS] t_ms=14304 q_pkts=1 q_bytes=1504 qdelay_l_ms=1.03545 qdelay_c_ms=0 ecn_mark=22 drop=0
[QUEUE_STATS] t_ms=14320 q_pkts=0 q_bytes=0 qdelay_l_ms=0 qdelay_c_ms=0 ecn_mark=22 drop=0
[QUEUE_STATS] t_ms=14336 q_pkts=11 q_bytes=16544 qdelay_l_ms=0.085621 qdelay_c_ms=0.076715 ecn_mark=22 drop=0
[QUEUE_STATS] t_ms=14352 q_pkts=26 q_bytes=39104 qdelay_l_ms=0.94106 qdelay_c_ms=2.11653 ecn_mark=22 drop=0
[QUEUE_STATS] t_ms=14368 q_pkts=1 q_bytes=1504 qdelay_l_ms=1.07281 qdelay_c_ms=0 ecn_mark=22 drop=0
[QUEUE_STATS] t_ms=14384 q_pkts=0 q_bytes=0 qdelay_l_ms=0 qdelay_c_ms=0 ecn_mark=22 drop=0
[QUEUE_STATS] t_ms=14400 q_pkts=1 q_bytes=1504 qdelay_l_ms=1.07476 qdelay_c_ms=0 ecn_mark=22 drop=0
[QUEUE_STATS] t_ms=14416 q_pkts=0 q_bytes=0 qdelay_l_ms=0 qdelay_c_ms=0 ecn_mark=22 drop=0
[QUEUE_STATS] t_ms=14432 q_pkts=0 q_bytes=0 qdelay_l_ms=0 qdelay_c_ms=0 ecn_mark=22 drop=0
[QUEUE_STATS] t_ms=14449 q_pkts=23 q_bytes=34592 qdelay_l_ms=1.06687 qdelay_c_ms=1.44913 ecn_mark=22 drop=0
[QUEUE_STATS] t_ms=14464 q_pkts=1 q_bytes=1504 qdelay_l_ms=1.04783 qdelay_c_ms=0 ecn_mark=22 drop=0
[QUEUE_STATS] t_ms=14480 q_pkts=1 q_bytes=1504 qdelay_l_ms=0.7337 qdelay_c_ms=0 ecn_mark=22 drop=0
[QUEUE_STATS] t_ms=14497 q_pkts=14 q_bytes=21056 qdelay_l_ms=1.13006 qdelay_c_ms=2.05545 ecn_mark=22 drop=0
[QUEUE_STATS] t_ms=14512 q_pkts=2 q_bytes=3008 qdelay_l_ms=1.06219 qdelay_c_ms=0 ecn_mark=22 drop=0
[QUEUE_STATS] t_ms=14528 q_pkts=14 q_bytes=21056 qdelay_l_ms=0.722139 qdelay_c_ms=2.08047 ecn_mark=22 drop=0
[QUEUE_STATS] t_ms=14544 q_pkts=24 q_bytes=36096 qdelay_l_ms=0.937153 qdelay_c_ms=1.92858 ecn_mark=22 drop=0
[QUEUE_STATS] t_ms=14560 q_pkts=21 q_bytes=31584 qdelay_l_ms=1.00896 qdelay_c_ms=2.12671 ecn_mark=22 drop=0
[QUEUE_STATS] t_ms=14577 q_pkts=12 q_bytes=18048 qdelay_l_ms=1.15356 qdelay_c_ms=1.77127 ecn_mark=23 drop=0
[QUEUE_STATS] t_ms=14592 q_pkts=24 q_bytes=36096 qdelay_l_ms=0.997096 qdelay_c_ms=1.15048 ecn_mark=23 drop=0
[QUEUE_STATS] t_ms=14608 q_pkts=1 q_bytes=1504 qdelay_l_ms=1.0525 qdelay_c_ms=0 ecn_mark=23 drop=0
[QUEUE_STATS] t_ms=14624 q_pkts=18 q_bytes=27072 qdelay_l_ms=1.16432 qdelay_c_ms=1.15835 ecn_mark=23 drop=0
[QUEUE_STATS] t_ms=14640 q_pkts=7 q_bytes=10528 qdelay_l_ms=0 qdelay_c_ms=0.07429 ecn_mark=23 drop=0
[QUEUE_STATS] t_ms=14656 q_pkts=26 q_bytes=39104 qdelay_l_ms=1.18567 qdelay_c_ms=1.49218 ecn_mark=23 drop=0
[QUEUE_STATS] t_ms=14672 q_pkts=1 q_bytes=1504 qdelay_l_ms=1.07507 qdelay_c_ms=0 ecn_mark=23 drop=0
[QUEUE_STATS] t_ms=14688 q_pkts=1 q_bytes=1504 qdelay_l_ms=1.07704 qdelay_c_ms=0 ecn_mark=23 drop=0
[QUEUE_STATS] t_ms=14704 q_pkts=1 q_bytes=1504 qdelay_l_ms=0.994711 qdelay_c_ms=0 ecn_mark=23 drop=0
[QUEUE_STATS] t_ms=14720 q_pkts=1 q_bytes=1504 qdelay_l_ms=1.06596 qdelay_c_ms=0 ecn_mark=23 drop=0
[QUEUE_STATS] t_ms=14736 q_pkts=23 q_bytes=34592 qdelay_l_ms=1.22625 qdelay_c_ms=1.21506 ecn_mark=23 drop=0
[QUEUE_STATS] t_ms=14752 q_pkts=16 q_bytes=24064 qdelay_l_ms=1.02525 qdelay_c_ms=2.10138 ecn_mark=23 drop=0
[QUEUE_STATS] t_ms=14768 q_pkts=31 q_bytes=46624 qdelay_l_ms=1.16595 qdelay_c_ms=1.44464 ecn_mark=23 drop=0
[QUEUE_STATS] t_ms=14784 q_pkts=1 q_bytes=1504 qdelay_l_ms=1.07165 qdelay_c_ms=0 ecn_mark=23 drop=0
[QUEUE_STATS] t_ms=14800 q_pkts=4 q_bytes=6016 qdelay_l_ms=0 qdelay_c_ms=0.906756 ecn_mark=23 drop=0
[QUEUE_STATS] t_ms=14816 q_pkts=1 q_bytes=1504 qdelay_l_ms=1.01723 qdelay_c_ms=0 ecn_mark=23 drop=0
[QUEUE_STATS] t_ms=14832 q_pkts=16 q_bytes=24064 qdelay_l_ms=1.067 qdelay_c_ms=1.16741 ecn_mark=23 drop=0
[QUEUE_STATS] t_ms=14848 q_pkts=13 q_bytes=19552 qdelay_l_ms=1.01021 qdelay_c_ms=1.09832 ecn_mark=23 drop=0
[QUEUE_STATS] t_ms=14864 q_pkts=7 q_bytes=10528 qdelay_l_ms=0 qdelay_c_ms=1.31414 ecn_mark=23 drop=0
[QUEUE_STATS] t_ms=14880 q_pkts=1 q_bytes=1504 qdelay_l_ms=1.06107 qdelay_c_ms=0 ecn_mark=23 drop=0
[QUEUE_STATS] t_ms=14896 q_pkts=2 q_bytes=3008 qdelay_l_ms=1.08466 qdelay_c_ms=0 ecn_mark=23 drop=0
[QUEUE_STATS] t_ms=14912 q_pkts=1 q_bytes=1504 qdelay_l_ms=0.710286 qdelay_c_ms=0 ecn_mark=23 drop=0
[QUEUE_STATS] t_ms=14928 q_pkts=2 q_bytes=3008 qdelay_l_ms=1.0696 qdelay_c_ms=0 ecn_mark=23 drop=0
[QUEUE_STATS] t_ms=14944 q_pkts=1 q_bytes=1504 qdelay_l_ms=1.06312 qdelay_c_ms=0 ecn_mark=23 drop=0
[QUEUE_STATS] t_ms=14960 q_pkts=21 q_bytes=31584 qdelay_l_ms=1.18542 qdelay_c_ms=1.45632 ecn_mark=23 drop=0
[QUEUE_STATS] t_ms=14976 q_pkts=0 q_bytes=0 qdelay_l_ms=0 qdelay_c_ms=0 ecn_mark=23 drop=0
[QUEUE_STATS] t_ms=14992 q_pkts=2 q_bytes=3008 qdelay_l_ms=0.985073 qdelay_c_ms=0 ecn_mark=23 drop=0
[QUEUE_STATS] t_ms=15008 q_pkts=6 q_bytes=9024 qdelay_l_ms=0.066615 qdelay_c_ms=1.11297 ecn_mark=23 drop=0
[QUEUE_STATS] t_ms=15024 q_pkts=1 q_bytes=1504 qdelay_l_ms=0.952502 qdelay_c_ms=0 ecn_mark=23 drop=0
[QUEUE_STATS] t_ms=15040 q_pkts=0 q_bytes=0 qdelay_l_ms=0 qdelay_c_ms=0 ecn_mark=23 drop=0
[QUEUE_STATS] t_ms=15056 q_pkts=23 q_bytes=34592 qdelay_l_ms=1.10255 qdelay_c_ms=2.1333 ecn_mark=23 drop=0
[QUEUE_STATS] t_ms=15072 q_pkts=23 q_bytes=34592 qdelay_l_ms=0 qdelay_c_ms=2.06185 ecn_mark=23 drop=0
[QUEUE_STATS] t_ms=15088 q_pkts=1 q_bytes=1504 qdelay_l_ms=1.07722 qdelay_c_ms=0 ecn_mark=23 drop=0
[QUEUE_STATS] t_ms=15104 q_pkts=1 q_bytes=1504 qdelay_l_ms=0 qdelay_c_ms=0.844869 ecn_mark=23 drop=0
[QUEUE_STATS] t_ms=15120 q_pkts=2 q_bytes=3008 qdelay_l_ms=0.689618 qdelay_c_ms=0 ecn_mark=23 drop=0
[QUEUE_STATS] t_ms=15136 q_pkts=12 q_bytes=18048 qdelay_l_ms=0.690729 qdelay_c_ms=0.682955 ecn_mark=23 drop=0
[QUEUE_STATS] t_ms=15152 q_pkts=21 q_bytes=31584 qdelay_l_ms=0.933466 qdelay_c_ms=1.06922 ecn_mark=23 drop=0
[QUEUE_STATS] t_ms=15168 q_pkts=30 q_bytes=45120 qdelay_l_ms=0.950308 qdelay_c_ms=2.09979 ecn_mark=23 drop=0
[QUEUE_STATS] t_ms=15184 q_pkts=1 q_bytes=1504 qdelay_l_ms=1.07451 qdelay_c_ms=0 ecn_mark=23 drop=0
[QUEUE_STATS] t_ms=15200 q_pkts=0 q_bytes=0 qdelay_l_ms=0 qdelay_c_ms=0 ecn_mark=23 drop=0
[QUEUE_STATS] t_ms=15217 q_pkts=1 q_bytes=1504 qdelay_l_ms=1.08285 qdelay_c_ms=0 ecn_mark=23 drop=0
[QUEUE_STATS] t_ms=15232 q_pkts=2 q_bytes=3008 qdelay_l_ms=1.0477 qdelay_c_ms=0 ecn_mark=23 drop=0
[QUEUE_STATS] t_ms=15248 q_pkts=17 q_bytes=25568 qdelay_l_ms=1.05872 qdelay_c_ms=1.75107 ecn_mark=23 drop=0
[QUEUE_STATS] t_ms=15264 q_pkts=11 q_bytes=16544 qdelay_l_ms=1.0958 qdelay_c_ms=1.08657 ecn_mark=23 drop=0
[QUEUE_STATS] t_ms=15280 q_pkts=33 q_bytes=49632 qdelay_l_ms=0.95142 qdelay_c_ms=2.14135 ecn_mark=23 drop=0
[QUEUE_STATS] t_ms=15296 q_pkts=2 q_bytes=3008 qdelay_l_ms=1.05803 qdelay_c_ms=0 ecn_mark=23 drop=0
[QUEUE_STATS] t_ms=15312 q_pkts=2 q_bytes=3008 qdelay_l_ms=0.054152 qdelay_c_ms=0.043382 ecn_mark=23 drop=0
[QUEUE_STATS] t_ms=15328 q_pkts=1 q_bytes=1504 qdelay_l_ms=1.07249 qdelay_c_ms=0 ecn_mark=23 drop=0
[QUEUE_STATS] t_ms=15344 q_pkts=8 q_bytes=12032 qdelay_l_ms=0 qdelay_c_ms=0.091292 ecn_mark=23 drop=0
[QUEUE_STATS] t_ms=15360 q_pkts=11 q_bytes=16544 qdelay_l_ms=1.14463 qdelay_c_ms=1.13408 ecn_mark=23 drop=0
[QUEUE_STATS] t_ms=15376 q_pkts=31 q_bytes=46624 qdelay_l_ms=1.02331 qdelay_c_ms=2.09788 ecn_mark=24 drop=0
[QUEUE_STATS] t_ms=15392 q_pkts=0 q_bytes=0 qdelay_l_ms=0 qdelay_c_ms=0 ecn_mark=25 drop=0
[QUEUE_STATS] t_ms=15408 q_pkts=6 q_bytes=9024 qdelay_l_ms=0.06354 qdelay_c_ms=1.09643 ecn_mark=25 drop=0
[QUEUE_STATS] t_ms=15424 q_pkts=1 q_bytes=1504 qdelay_l_ms=1.07112 qdelay_c_ms=0 ecn_mark=25 drop=0
[QUEUE_STATS] t_ms=15440 q_pkts=1 q_bytes=1504 qdelay_l_ms=1.07411 qdelay_c_ms=0 ecn_mark=25 drop=0
[QUEUE_STATS] t_ms=15456 q_pkts=9 q_bytes=13536 qdelay_l_ms=0 qdelay_c_ms=0.05321 ecn_mark=25 drop=0
[QUEUE_STATS] t_ms=15472 q_pkts=21 q_bytes=31584 qdelay_l_ms=1.1943 qdelay_c_ms=1.78542 ecn_mark=25 drop=0
[QUEUE_STATS] t_ms=15488 q_pkts=9 q_bytes=13536 qdelay_l_ms=0.878783 qdelay_c_ms=2.16315 ecn_mark=25 drop=0
[QUEUE_STATS] t_ms=15504 q_pkts=11 q_bytes=16544 qdelay_l_ms=1.06875 qdelay_c_ms=1.0639 ecn_mark=25 drop=0
[QUEUE_STATS] t_ms=15520 q_pkts=8 q_bytes=12032 qdelay_l_ms=0.05318 qdelay_c_ms=1.09907 ecn_mark=25 drop=0
[QUEUE_STATS] t_ms=15536 q_pkts=2 q_bytes=3008 qdelay_l_ms=1.07346 qdelay_c_ms=0 ecn_mark=25 drop=0
[QUEUE_STATS] t_ms=15552 q_pkts=4 q_bytes=6016 qdelay_l_ms=0.062067 qdelay_c_ms=0.051627 ecn_mark=25 drop=0
[QUEUE_STATS] t_ms=15568 q_pkts=20 q_bytes=30080 qdelay_l_ms=1.14941 qdelay_c_ms=1.13996 ecn_mark=25 drop=0
[QUEUE_STATS] t_ms=15584 q_pkts=27 q_bytes=40608 qdelay_l_ms=0.968732 qdelay_c_ms=2.12468 ecn_mark=25 drop=0
[QUEUE_STATS] t_ms=15600 q_pkts=2 q_bytes=3008 qdelay_l_ms=1.07638 qdelay_c_ms=0 ecn_mark=26 drop=0
[QUEUE_STATS] t_ms=15616 q_pkts=16 q_bytes=24064 qdelay_l_ms=1.06678 qdelay_c_ms=1.72809 ecn_mark=26 drop=0
[QUEUE_STATS] t_ms=15633 q_pkts=1 q_bytes=1504 qdelay_l_ms=1.0819 qdelay_c_ms=0 ecn_mark=26 drop=0
[QUEUE_STATS] t_ms=15648 q_pkts=15 q_bytes=22560 qdelay_l_ms=1.13317 qdelay_c_ms=1.12726 ecn_mark=26 drop=0
[QUEUE_STATS] t_ms=15664 q_pkts=13 q_bytes=19552 qdelay_l_ms=0.836073 qdelay_c_ms=1.90636 ecn_mark=26 drop=0
[QUEUE_STATS] t_ms=15680 q_pkts=23 q_bytes=34592 qdelay_l_ms=1.01003 qdelay_c_ms=2.12909 ecn_mark=26 drop=0
[QUEUE_STATS] t_ms=15696 q_pkts=1 q_bytes=1504 qdelay_l_ms=0.889674 qdelay_c_ms=0 ecn_mark=26 drop=0
[QUEUE_STATS] t_ms=15712 q_pkts=1 q_bytes=1504 qdelay_l_ms=1.08288 qdelay_c_ms=0 ecn_mark=26 drop=0
[QUEUE_STATS] t_ms=15728 q_pkts=1 q_bytes=1504 qdelay_l_ms=1.08336 qdelay_c_ms=0 ecn_mark=26 drop=0
[QUEUE_STATS] t_ms=15745 q_pkts=14 q_bytes=21056 qdelay_l_ms=1.13502 qdelay_c_ms=1.12873 ecn_mark=26 drop=0
[QUEUE_STATS] t_ms=15760 q_pkts=13 q_bytes=19552 qdelay_l_ms=1.11657 qdelay_c_ms=1.91168 ecn_mark=26 drop=0
[QUEUE_STATS] t_ms=15776 q_pkts=14 q_bytes=21056 qdelay_l_ms=0.840231 qdelay_c_ms=1.89427 ecn_mark=26 drop=0
[QUEUE_STATS] t_ms=15792 q_pkts=22 q_bytes=33088 qdelay_l_ms=0.951781 qdelay_c_ms=2.13406 ecn_mark=26 drop=0
[QUEUE_STATS] t_ms=15808 q_pkts=0 q_bytes=0 qdelay_l_ms=0 qdelay_c_ms=0 ecn_mark=26 drop=0
[QUEUE_STATS] t_ms=15824 q_pkts=23 q_bytes=34592 qdelay_l_ms=1.05691 qdelay_c_ms=1.89835 ecn_mark=26 drop=0
[QUEUE_STATS] t_ms=15840 q_pkts=0 q_bytes=0 qdelay_l_ms=0 qdelay_c_ms=0 ecn_mark=26 drop=0
[QUEUE_STATS] t_ms=15856 q_pkts=8 q_bytes=12032 qdelay_l_ms=0 qdelay_c_ms=1.23423 ecn_mark=26 drop=0
[QUEUE_STATS] t_ms=15872 q_pkts=9 q_bytes=13536 qdelay_l_ms=0.056627 qdelay_c_ms=1.01876 ecn_mark=26 drop=0
[QUEUE_STATS] t_ms=15888 q_pkts=14 q_bytes=21056 qdelay_l_ms=0.890786 qdelay_c_ms=2.12632 ecn_mark=26 drop=0
[QUEUE_STATS] t_ms=15904 q_pkts=4 q_bytes=6016 qdelay_l_ms=0 qdelay_c_ms=0.061626 ecn_mark=26 drop=0
[QUEUE_STATS] t_ms=15920 q_pkts=19 q_bytes=28576 qdelay_l_ms=1.14704 qdelay_c_ms=1.13823 ecn_mark=26 drop=0
[QUEUE_STATS] t_ms=15936 q_pkts=2 q_bytes=3008 qdelay_l_ms=0.860278 qdelay_c_ms=0 ecn_mark=26 drop=0
[QUEUE_STATS] t_ms=15953 q_pkts=1 q_bytes=1504 qdelay_l_ms=1.0726 qdelay_c_ms=0 ecn_mark=26 drop=0
[QUEUE_STATS] t_ms=15968 q_pkts=15 q_bytes=22560 qdelay_l_ms=1.10582 qdelay_c_ms=1.16077 ecn_mark=26 drop=0
[QUEUE_STATS] t_ms=15984 q_pkts=9 q_bytes=13536 qdelay_l_ms=0 qdelay_c_ms=1.27835 ecn_mark=26 drop=0
[QUEUE_STATS] t_ms=16000 q_pkts=20 q_bytes=30080 qdelay_l_ms=1.00222 qdelay_c_ms=2.12636 ecn_mark=26 drop=0
[QUEUE_STATS] t_ms=16016 q_pkts=4 q_bytes=6016 qdelay_l_ms=1.08839 qdelay_c_ms=1.08208 ecn_mark=27 drop=0
[QUEUE_STATS] t_ms=16032 q_pkts=15 q_bytes=22560 qdelay_l_ms=0 qdelay_c_ms=1.12253 ecn_mark=27 drop=0
[QUEUE_STATS] t_ms=16048 q_pkts=1 q_bytes=1504 qdelay_l_ms=1.0714 qdelay_c_ms=0 ecn_mark=27 drop=0
[QUEUE_STATS] t_ms=16064 q_pkts=6 q_bytes=9024 qdelay_l_ms=0 qdelay_c_ms=1.18989 ecn_mark=27 drop=0
[QUEUE_STATS] t_ms=16080 q_pkts=17 q_bytes=25568 qdelay_l_ms=1.15884 qdelay_c_ms=1.86053 ecn_mark=27 drop=0
[QUEUE_STATS] t_ms=16096 q_pkts=12 q_bytes=18048 qdelay_l_ms=0 qdelay_c_ms=1.20711 ecn_mark=27 drop=0
[QUEUE_STATS] t_ms=16112 q_pkts=2 q_bytes=3008 qdelay_l_ms=1.07232 qdelay_c_ms=0 ecn_mark=28 drop=0
[QUEUE_STATS] t_ms=16128 q_pkts=17 q_bytes=25568 qdelay_l_ms=1.14262 qdelay_c_ms=1.16472 ecn_mark=28 drop=0
[QUEUE_STATS] t_ms=16144 q_pkts=2 q_bytes=3008 qdelay_l_ms=1.06581 qdelay_c_ms=0 ecn_mark=29 drop=0
[QUEUE_STATS] t_ms=16160 q_pkts=12 q_bytes=18048 qdelay_l_ms=0.820443 qdelay_c_ms=0.814903 ecn_mark=29 drop=0
[QUEUE_STATS] t_ms=16176 q_pkts=15 q_bytes=22560 qdelay_l_ms=1.17972 qdelay_c_ms=1.16385 ecn_mark=29 drop=0
[QUEUE_STATS] t_ms=16192 q_pkts=18 q_bytes=27072 qdelay_l_ms=0.101872 qdelay_c_ms=0.715225 ecn_mark=29 drop=0
[QUEUE_STATS] t_ms=16208 q_pkts=32 q_bytes=48128 qdelay_l_ms=1.0738 qdelay_c_ms=2.17037 ecn_mark=29 drop=0
[QUEUE_STATS] t_ms=16224 q_pkts=9 q_bytes=13536 qdelay_l_ms=0.82391 qdelay_c_ms=1.86547 ecn_mark=29 drop=0
[QUEUE_STATS] t_ms=16240 q_pkts=0 q_bytes=0 qdelay_l_ms=0 qdelay_c_ms=0 ecn_mark=29 drop=0
[QUEUE_STATS] t_ms=16256 q_pkts=1 q_bytes=1504 qdelay_l_ms=1.09644 qdelay_c_ms=0 ecn_mark=29 drop=0
[QUEUE_STATS] t_ms=16273 q_pkts=19 q_bytes=28576 qdelay_l_ms=1.06778 qdelay_c_ms=1.1899 ecn_mark=29 drop=0
[QUEUE_STATS] t_ms=16288 q_pkts=18 q_bytes=27072 qdelay_l_ms=1.00998 qdelay_c_ms=2.18493 ecn_mark=29 drop=0
[QUEUE_STATS] t_ms=16304 q_pkts=12 q_bytes=18048 qdelay_l_ms=0 qdelay_c_ms=1.20398 ecn_mark=29 drop=0
[QUEUE_STATS] t_ms=16320 q_pkts=2 q_bytes=3008 qdelay_l_ms=1.05946 qdelay_c_ms=1.06404 ecn_mark=29 drop=0
[QUEUE_STATS] t_ms=16336 q_pkts=27 q_bytes=40608 qdelay_l_ms=1.01077 qdelay_c_ms=1.40105 ecn_mark=29 drop=0
[QUEUE_STATS] t_ms=16353 q_pkts=1 q_bytes=1504 qdelay_l_ms=1.05756 qdelay_c_ms=0 ecn_mark=29 drop=0
[QUEUE_STATS] t_ms=16368 q_pkts=23 q_bytes=34592 qdelay_l_ms=1.17454 qdelay_c_ms=1.73724 ecn_mark=29 drop=0
[QUEUE_STATS] t_ms=16384 q_pkts=22 q_bytes=33088 qdelay_l_ms=1.12994 qdelay_c_ms=2.02144 ecn_mark=29 drop=0
[QUEUE_STATS] t_ms=16400 q_pkts=6 q_bytes=9024 qdelay_l_ms=0 qdelay_c_ms=1.24993 ecn_mark=29 drop=0
[QUEUE_STATS] t_ms=16416 q_pkts=31 q_bytes=46624 qdelay_l_ms=1.0992 qdelay_c_ms=2.18445 ecn_mark=29 drop=0
[QUEUE_STATS] t_ms=16432 q_pkts=25 q_bytes=37600 qdelay_l_ms=1.00583 qdelay_c_ms=1.38662 ecn_mark=29 drop=0
[QUEUE_STATS] t_ms=16448 q_pkts=1 q_bytes=1504 qdelay_l_ms=1.07461 qdelay_c_ms=0 ecn_mark=30 drop=0
[QUEUE_STATS] t_ms=16464 q_pkts=2 q_bytes=3008 qdelay_l_ms=0.988841 qdelay_c_ms=0.994081 ecn_mark=30 drop=0
[QUEUE_STATS] t_ms=16481 q_pkts=29 q_bytes=43616 qdelay_l_ms=1.07944 qdelay_c_ms=2.057 ecn_mark=30 drop=0
[QUEUE_STATS] t_ms=16496 q_pkts=24 q_bytes=36096 qdelay_l_ms=1.16732 qdelay_c_ms=1.93882 ecn_mark=30 drop=0
[QUEUE_STATS] t_ms=16512 q_pkts=30 q_bytes=45120 qdelay_l_ms=1.15896 qdelay_c_ms=1.79233 ecn_mark=30 drop=0
[QUEUE_STATS] t_ms=16528 q_pkts=2 q_bytes=3008 qdelay_l_ms=1.07944 qdelay_c_ms=0 ecn_mark=30 drop=0
[QUEUE_STATS] t_ms=16544 q_pkts=21 q_bytes=31584 qdelay_l_ms=1.03736 qdelay_c_ms=2.14431 ecn_mark=30 drop=0
[QUEUE_STATS] t_ms=16561 q_pkts=10 q_bytes=15040 qdelay_l_ms=1.10704 qdelay_c_ms=1.10151 ecn_mark=30 drop=0
[QUEUE_STATS] t_ms=16576 q_pkts=18 q_bytes=27072 qdelay_l_ms=1.19185 qdelay_c_ms=1.41187 ecn_mark=30 drop=0
[QUEUE_STATS] t_ms=16592 q_pkts=26 q_bytes=39104 qdelay_l_ms=0.076975 qdelay_c_ms=1.21466 ecn_mark=30 drop=0
[QUEUE_STATS] t_ms=16609 q_pkts=28 q_bytes=42112 qdelay_l_ms=1.06722 qdelay_c_ms=1.7312 ecn_mark=30 drop=0
[QUEUE_STATS] t_ms=16624 q_pkts=1 q_bytes=1504 qdelay_l_ms=0.911765 qdelay_c_ms=0 ecn_mark=30 drop=0
[QUEUE_STATS] t_ms=16640 q_pkts=6 q_bytes=9024 qdelay_l_ms=1.11111 qdelay_c_ms=1.10096 ecn_mark=30 drop=0
[QUEUE_STATS] t_ms=16656 q_pkts=2 q_bytes=3008 qdelay_l_ms=1.07827 qdelay_c_ms=0 ecn_mark=30 drop=0
[QUEUE_STATS] t_ms=16672 q_pkts=14 q_bytes=21056 qdelay_l_ms=1.15802 qdelay_c_ms=1.14838 ecn_mark=30 drop=0
[QUEUE_STATS] t_ms=16688 q_pkts=26 q_bytes=39104 qdelay_l_ms=1.15041 qdelay_c_ms=1.79737 ecn_mark=30 drop=0
[QUEUE_STATS] t_ms=16704 q_pkts=28 q_bytes=42112 qdelay_l_ms=1.10066 qdelay_c_ms=2.28967 ecn_mark=30 drop=0
[QUEUE_STATS] t_ms=16721 q_pkts=37 q_bytes=55648 qdelay_l_ms=1.21063 qdelay_c_ms=3.02513 ecn_mark=30 drop=0
[QUEUE_STATS] t_ms=16736 q_pkts=10 q_bytes=15040 qdelay_l_ms=1.05965 qdelay_c_ms=1.13922 ecn_mark=30 drop=0
[QUEUE_STATS] t_ms=16752 q_pkts=2 q_bytes=3008 qdelay_l_ms=1.06698 qdelay_c_ms=0 ecn_mark=30 drop=0
[QUEUE_STATS] t_ms=16768 q_pkts=2 q_bytes=3008 qdelay_l_ms=1.09695 qdelay_c_ms=0 ecn_mark=30 drop=0
[QUEUE_STATS] t_ms=16784 q_pkts=30 q_bytes=45120 qdelay_l_ms=0.986886 qdelay_c_ms=2.13464 ecn_mark=30 drop=0
[QUEUE_STATS] t_ms=16800 q_pkts=27 q_bytes=40608 qdelay_l_ms=1.11753 qdelay_c_ms=2.86397 ecn_mark=30 drop=0
[QUEUE_STATS] t_ms=16816 q_pkts=33 q_bytes=49632 qdelay_l_ms=0.117461 qdelay_c_ms=1.85958 ecn_mark=30 drop=0
[QUEUE_STATS] t_ms=16832 q_pkts=11 q_bytes=16544 qdelay_l_ms=0.875497 qdelay_c_ms=0.870377 ecn_mark=30 drop=0
[QUEUE_STATS] t_ms=16848 q_pkts=18 q_bytes=27072 qdelay_l_ms=1.10623 qdelay_c_ms=2.11842 ecn_mark=30 drop=0
[QUEUE_STATS] t_ms=16864 q_pkts=1 q_bytes=1504 qdelay_l_ms=1.06702 qdelay_c_ms=0 ecn_mark=30 drop=0
[QUEUE_STATS] t_ms=16880 q_pkts=26 q_bytes=39104 qdelay_l_ms=0.958773 qdelay_c_ms=2.1879 ecn_mark=30 drop=0
[QUEUE_STATS] t_ms=16896 q_pkts=28 q_bytes=42112 qdelay_l_ms=1.10228 qdelay_c_ms=2.81931 ecn_mark=30 drop=0
[QUEUE_STATS] t_ms=16912 q_pkts=32 q_bytes=48128 qdelay_l_ms=1.06257 qdelay_c_ms=1.73384 ecn_mark=30 drop=0
[QUEUE_STATS] t_ms=16928 q_pkts=39 q_bytes=58656 qdelay_l_ms=1.16515 qdelay_c_ms=2.97944 ecn_mark=30 drop=0
[QUEUE_STATS] t_ms=16944 q_pkts=17 q_bytes=25568 qdelay_l_ms=1.06204 qdelay_c_ms=1.89074 ecn_mark=30 drop=0
[QUEUE_STATS] t_ms=16960 q_pkts=1 q_bytes=1504 qdelay_l_ms=1.05731 qdelay_c_ms=0 ecn_mark=30 drop=0
[QUEUE_STATS] t_ms=16976 q_pkts=2 q_bytes=3008 qdelay_l_ms=1.08843 qdelay_c_ms=0 ecn_mark=30 drop=0
[QUEUE_STATS] t_ms=16992 q_pkts=30 q_bytes=45120 qdelay_l_ms=1.10916 qdelay_c_ms=2.18577 ecn_mark=30 drop=0
[QUEUE_STATS] t_ms=17008 q_pkts=39 q_bytes=58656 qdelay_l_ms=1.04401 qdelay_c_ms=3.31401 ecn_mark=30 drop=0
[QUEUE_STATS] t_ms=17024 q_pkts=45 q_bytes=67680 qdelay_l_ms=1.24079 qdelay_c_ms=2.93119 ecn_mark=30 drop=0
[QUEUE_STATS] t_ms=17040 q_pkts=1 q_bytes=1504 qdelay_l_ms=0.014998 qdelay_c_ms=0 ecn_mark=30 drop=0
[QUEUE_STATS] t_ms=17056 q_pkts=15 q_bytes=22560 qdelay_l_ms=0 qdelay_c_ms=1.09989 ecn_mark=30 drop=0
[QUEUE_STATS] t_ms=17072 q_pkts=1 q_bytes=1504 qdelay_l_ms=1.08795 qdelay_c_ms=0 ecn_mark=30 drop=0
[QUEUE_STATS] t_ms=17088 q_pkts=7 q_bytes=10528 qdelay_l_ms=0.056847 qdelay_c_ms=1.13644 ecn_mark=30 drop=0
[QUEUE_STATS] t_ms=17104 q_pkts=31 q_bytes=46624 qdelay_l_ms=0.932615 qdelay_c_ms=2.1827 ecn_mark=30 drop=0
[QUEUE_STATS] t_ms=17120 q_pkts=20 q_bytes=30080 qdelay_l_ms=0 qdelay_c_ms=1.22099 ecn_mark=30 drop=0
[QUEUE_STATS] t_ms=17136 q_pkts=33 q_bytes=49632 qdelay_l_ms=1.06039 qdelay_c_ms=2.95478 ecn_mark=30 drop=0
[QUEUE_STATS] t_ms=17152 q_pkts=16 q_bytes=24064 qdelay_l_ms=1.16698 qdelay_c_ms=1.15724 ecn_mark=30 drop=0
[QUEUE_STATS] t_ms=17168 q_pkts=2 q_bytes=3008 qdelay_l_ms=1.06872 qdelay_c_ms=0 ecn_mark=30 drop=0
[QUEUE_STATS] t_ms=17184 q_pkts=16 q_bytes=24064 qdelay_l_ms=1.10825 qdelay_c_ms=1.10305 ecn_mark=30 drop=0
[QUEUE_STATS] t_ms=17200 q_pkts=22 q_bytes=33088 qdelay_l_ms=1.15478 qdelay_c_ms=2.17008 ecn_mark=30 drop=0
[QUEUE_STATS] t_ms=17216 q_pkts=27 q_bytes=40608 qdelay_l_ms=1.1401 qdelay_c_ms=2.94041 ecn_mark=30 drop=0
[QUEUE_STATS] t_ms=17232 q_pkts=18 q_bytes=27072 qdelay_l_ms=0.026159 qdelay_c_ms=2.15947 ecn_mark=30 drop=0
[QUEUE_STATS] t_ms=17248 q_pkts=15 q_bytes=22560 qdelay_l_ms=1.06255 qdelay_c_ms=3.96554 ecn_mark=30 drop=0
[QUEUE_STATS] t_ms=17264 q_pkts=17 q_bytes=25568 qdelay_l_ms=1.07119 qdelay_c_ms=1.8313 ecn_mark=30 drop=0
[QUEUE_STATS] t_ms=17280 q_pkts=4 q_bytes=6016 qdelay_l_ms=1.06992 qdelay_c_ms=1.06479 ecn_mark=30 drop=0
[QUEUE_STATS] t_ms=17296 q_pkts=28 q_bytes=42112 qdelay_l_ms=1.03356 qdelay_c_ms=1.71284 ecn_mark=30 drop=0
[QUEUE_STATS] t_ms=17312 q_pkts=25 q_bytes=37600 qdelay_l_ms=1.09477 qdelay_c_ms=2.26824 ecn_mark=30 drop=0
[QUEUE_STATS] t_ms=17328 q_pkts=27 q_bytes=40608 qdelay_l_ms=1.06809 qdelay_c_ms=2.88723 ecn_mark=31 drop=0
[QUEUE_STATS] t_ms=17344 q_pkts=36 q_bytes=54144 qdelay_l_ms=0.079349 qdelay_c_ms=2.26803 ecn_mark=31 drop=0
[QUEUE_STATS] t_ms=17360 q_pkts=34 q_bytes=51136 qdelay_l_ms=1.16789 qdelay_c_ms=2.88424 ecn_mark=31 drop=0
[QUEUE_STATS] t_ms=17376 q_pkts=10 q_bytes=15040 qdelay_l_ms=1.02681 qdelay_c_ms=1.07592 ecn_mark=31 drop=0
[QUEUE_STATS] t_ms=17392 q_pkts=18 q_bytes=27072 qdelay_l_ms=1.02408 qdelay_c_ms=2.06958 ecn_mark=31 drop=0
[QUEUE_STATS] t_ms=17408 q_pkts=45 q_bytes=67680 qdelay_l_ms=1.09576 qdelay_c_ms=3.18111 ecn_mark=31 drop=0
[QUEUE_STATS] t_ms=17424 q_pkts=43 q_bytes=64672 qdelay_l_ms=0.077546 qdelay_c_ms=2.99049 ecn_mark=31 drop=0
[QUEUE_STATS] t_ms=17440 q_pkts=57 q_bytes=85728 qdelay_l_ms=1.08253 qdelay_c_ms=3.98635 ecn_mark=31 drop=0
[QUEUE_STATS] t_ms=17456 q_pkts=54 q_bytes=81216 qdelay_l_ms=1.16365 qdelay_c_ms=4.08856 ecn_mark=31 drop=0
[QUEUE_STATS] t_ms=17472 q_pkts=20 q_bytes=30080 qdelay_l_ms=1.06238 qdelay_c_ms=3.96459 ecn_mark=31 drop=0
[QUEUE_STATS] t_ms=17488 q_pkts=3 q_bytes=4512 qdelay_l_ms=0.890886 qdelay_c_ms=0.924749 ecn_mark=31 drop=0
[QUEUE_STATS] t_ms=17504 q_pkts=32 q_bytes=48128 qdelay_l_ms=1.13188 qdelay_c_ms=1.9638 ecn_mark=31 drop=0
[QUEUE_STATS] t_ms=17520 q_pkts=37 q_bytes=55648 qdelay_l_ms=1.0519 qdelay_c_ms=1.87301 ecn_mark=32 drop=0
[QUEUE_STATS] t_ms=17536 q_pkts=30 q_bytes=45120 qdelay_l_ms=0.069541 qdelay_c_ms=1.11219 ecn_mark=32 drop=0
[QUEUE_STATS] t_ms=17552 q_pkts=49 q_bytes=73696 qdelay_l_ms=0.959996 qdelay_c_ms=2.86917 ecn_mark=32 drop=0
[QUEUE_STATS] t_ms=17568 q_pkts=54 q_bytes=81216 qdelay_l_ms=0.98298 qdelay_c_ms=4.02661 ecn_mark=32 drop=0
[QUEUE_STATS] t_ms=17584 q_pkts=2 q_bytes=3008 qdelay_l_ms=1.07697 qdelay_c_ms=0 ecn_mark=32 drop=0
[QUEUE_STATS] t_ms=17600 q_pkts=32 q_bytes=48128 qdelay_l_ms=0.70723 qdelay_c_ms=1.88332 ecn_mark=32 drop=0
[QUEUE_STATS] t_ms=17616 q_pkts=18 q_bytes=27072 qdelay_l_ms=1.0874 qdelay_c_ms=2.18805 ecn_mark=32 drop=0
[QUEUE_STATS] t_ms=17632 q_pkts=10 q_bytes=15040 qdelay_l_ms=0 qdelay_c_ms=0.859707 ecn_mark=32 drop=0
[QUEUE_STATS] t_ms=17648 q_pkts=41 q_bytes=61664 qdelay_l_ms=1.09723 qdelay_c_ms=2.92827 ecn_mark=32 drop=0
[QUEUE_STATS] t_ms=17664 q_pkts=35 q_bytes=52640 qdelay_l_ms=1.16963 qdelay_c_ms=1.824 ecn_mark=32 drop=0
[QUEUE_STATS] t_ms=17680 q_pkts=44 q_bytes=66176 qdelay_l_ms=1.0577 qdelay_c_ms=3.3017 ecn_mark=32 drop=0
[QUEUE_STATS] t_ms=17696 q_pkts=6 q_bytes=9024 qdelay_l_ms=0.054342 qdelay_c_ms=0.034935 ecn_mark=32 drop=0
[QUEUE_STATS] t_ms=17712 q_pkts=17 q_bytes=25568 qdelay_l_ms=1.14549 qdelay_c_ms=1.1344 ecn_mark=32 drop=0
[QUEUE_STATS] t_ms=17728 q_pkts=35 q_bytes=52640 qdelay_l_ms=1.11092 qdelay_c_ms=3.24417 ecn_mark=33 drop=0
[QUEUE_STATS] t_ms=17744 q_pkts=38 q_bytes=57152 qdelay_l_ms=1.18644 qdelay_c_ms=3.37731 ecn_mark=33 drop=0
[QUEUE_STATS] t_ms=17760 q_pkts=49 q_bytes=73696 qdelay_l_ms=1.07016 qdelay_c_ms=3.6243 ecn_mark=33 drop=0
[QUEUE_STATS] t_ms=17776 q_pkts=60 q_bytes=90240 qdelay_l_ms=1.17978 qdelay_c_ms=4.03216 ecn_mark=33 drop=0
[QUEUE_STATS] t_ms=17792 q_pkts=6 q_bytes=9024 qdelay_l_ms=0.814683 qdelay_c_ms=0.843848 ecn_mark=33 drop=0
[QUEUE_STATS] t_ms=17808 q_pkts=20 q_bytes=30080 qdelay_l_ms=1.02484 qdelay_c_ms=1.94168 ecn_mark=33 drop=0
[QUEUE_STATS] t_ms=17824 q_pkts=18 q_bytes=27072 qdelay_l_ms=1.16574 qdelay_c_ms=1.74028 ecn_mark=33 drop=0
[QUEUE_STATS] t_ms=17840 q_pkts=24 q_bytes=36096 qdelay_l_ms=1.06812 qdelay_c_ms=1.30173 ecn_mark=33 drop=0
[QUEUE_STATS] t_ms=17856 q_pkts=35 q_bytes=52640 qdelay_l_ms=1.05202 qdelay_c_ms=3.32785 ecn_mark=33 drop=0
[QUEUE_STATS] t_ms=17872 q_pkts=47 q_bytes=70688 qdelay_l_ms=1.08942 qdelay_c_ms=3.32633 ecn_mark=33 drop=0
[QUEUE_STATS] t_ms=17888 q_pkts=40 q_bytes=60160 qdelay_l_ms=1.01606 qdelay_c_ms=2.82088 ecn_mark=33 drop=0
[QUEUE_STATS] t_ms=17904 q_pkts=19 q_bytes=28576 qdelay_l_ms=1.15568 qdelay_c_ms=1.7139 ecn_mark=33 drop=0
[QUEUE_STATS] t_ms=17920 q_pkts=13 q_bytes=19552 qdelay_l_ms=0.072056 qdelay_c_ms=1.0967 ecn_mark=33 drop=0
[QUEUE_STATS] t_ms=17936 q_pkts=21 q_bytes=31584 qdelay_l_ms=1.04848 qdelay_c_ms=2.09105 ecn_mark=33 drop=0
[QUEUE_STATS] t_ms=17952 q_pkts=37 q_bytes=55648 qdelay_l_ms=1.10441 qdelay_c_ms=2.23959 ecn_mark=33 drop=0
[QUEUE_STATS] t_ms=17968 q_pkts=37 q_bytes=55648 qdelay_l_ms=1.01585 qdelay_c_ms=3.29484 ecn_mark=33 drop=0
[QUEUE_STATS] t_ms=17984 q_pkts=20 q_bytes=30080 qdelay_l_ms=0 qdelay_c_ms=2.77094 ecn_mark=33 drop=0
[QUEUE_STATS] t_ms=18000 q_pkts=9 q_bytes=13536 qdelay_l_ms=1.06215 qdelay_c_ms=1.12359 ecn_mark=33 drop=0
[QUEUE_STATS] t_ms=18016 q_pkts=12 q_bytes=18048 qdelay_l_ms=0.054452 qdelay_c_ms=1.0707 ecn_mark=33 drop=0
[QUEUE_STATS] t_ms=18032 q_pkts=27 q_bytes=40608 qdelay_l_ms=1.16984 qdelay_c_ms=1.97892 ecn_mark=33 drop=0
[QUEUE_STATS] t_ms=18048 q_pkts=37 q_bytes=55648 qdelay_l_ms=0 qdelay_c_ms=1.25471 ecn_mark=33 drop=0
[QUEUE_STATS] t_ms=18064 q_pkts=44 q_bytes=66176 qdelay_l_ms=1.1696 qdelay_c_ms=2.84948 ecn_mark=33 drop=0
[QUEUE_STATS] t_ms=18080 q_pkts=41 q_bytes=61664 qdelay_l_ms=0.950117 qdelay_c_ms=3.27465 ecn_mark=33 drop=0
[QUEUE_STATS] t_ms=18096 q_pkts=48 q_bytes=72192 qdelay_l_ms=1.13987 qdelay_c_ms=3.95195 ecn_mark=33 drop=0
[QUEUE_STATS] t_ms=18112 q_pkts=14 q_bytes=21056 qdelay_l_ms=0.08514 qdelay_c_ms=0.07968 ecn_mark=33 drop=0
[QUEUE_STATS] t_ms=18128 q_pkts=23 q_bytes=34592 qdelay_l_ms=1.01423 qdelay_c_ms=3.24383 ecn_mark=33 drop=0
[QUEUE_STATS] t_ms=18144 q_pkts=24 q_bytes=36096 qdelay_l_ms=1.06744 qdelay_c_ms=1.7212 ecn_mark=33 drop=0
[QUEUE_STATS] t_ms=18160 q_pkts=19 q_bytes=28576 qdelay_l_ms=0 qdelay_c_ms=2.20686 ecn_mark=33 drop=0
[QUEUE_STATS] t_ms=18176 q_pkts=38 q_bytes=57152 qdelay_l_ms=1.1092 qdelay_c_ms=3.26448 ecn_mark=33 drop=0
[QUEUE_STATS] t_ms=18192 q_pkts=32 q_bytes=48128 qdelay_l_ms=0 qdelay_c_ms=2.23906 ecn_mark=33 drop=0
[QUEUE_STATS] t_ms=18208 q_pkts=11 q_bytes=16544 qdelay_l_ms=1.03132 qdelay_c_ms=1.08479 ecn_mark=33 drop=0
[QUEUE_STATS] t_ms=18224 q_pkts=21 q_bytes=31584 qdelay_l_ms=1.11495 qdelay_c_ms=2.17658 ecn_mark=33 drop=0
[QUEUE_STATS] t_ms=18240 q_pkts=38 q_bytes=57152 qdelay_l_ms=1.11921 qdelay_c_ms=3.07864 ecn_mark=33 drop=0
[QUEUE_STATS] t_ms=18256 q_pkts=50 q_bytes=75200 qdelay_l_ms=0.880005 qdelay_c_ms=2.91488 ecn_mark=33 drop=0
[QUEUE_STATS] t_ms=18272 q_pkts=48 q_bytes=72192 qdelay_l_ms=1.15251 qdelay_c_ms=2.85768 ecn_mark=33 drop=0
[QUEUE_STATS] t_ms=18288 q_pkts=50 q_bytes=75200 qdelay_l_ms=0.999671 qdelay_c_ms=3.4246 ecn_mark=33 drop=0
[QUEUE_STATS] t_ms=18304 q_pkts=66 q_bytes=99264 qdelay_l_ms=0.971548 qdelay_c_ms=3.92742 ecn_mark=33 drop=0
[QUEUE_STATS] t_ms=18320 q_pkts=19 q_bytes=28576 qdelay_l_ms=1.11665 qdelay_c_ms=2.13239 ecn_mark=33 drop=0
[QUEUE_STATS] t_ms=18336 q_pkts=35 q_bytes=52640 qdelay_l_ms=1.25497 qdelay_c_ms=2.29385 ecn_mark=33 drop=0
[QUEUE_STATS] t_ms=18352 q_pkts=32 q_bytes=48128 qdelay_l_ms=1.14761 qdelay_c_ms=1.72352 ecn_mark=33 drop=0
[QUEUE_STATS] t_ms=18368 q_pkts=33 q_bytes=49632 qdelay_l_ms=1.13325 qdelay_c_ms=3.27501 ecn_mark=33 drop=0
[QUEUE_STATS] t_ms=18384 q_pkts=47 q_bytes=70688 qdelay_l_ms=1.13288 qdelay_c_ms=3.37586 ecn_mark=33 drop=0
[QUEUE_STATS] t_ms=18400 q_pkts=44 q_bytes=66176 qdelay_l_ms=1.05038 qdelay_c_ms=3.88024 ecn_mark=33 drop=0
[QUEUE_STATS] t_ms=18416 q_pkts=60 q_bytes=90240 qdelay_l_ms=1.09972 qdelay_c_ms=4.32003 ecn_mark=33 drop=0
[QUEUE_STATS] t_ms=18432 q_pkts=64 q_bytes=96256 qdelay_l_ms=1.14318 qdelay_c_ms=3.90555 ecn_mark=33 drop=0
[QUEUE_STATS] t_ms=18448 q_pkts=47 q_bytes=70688 qdelay_l_ms=1.13996 qdelay_c_ms=3.37631 ecn_mark=33 drop=0
[QUEUE_STATS] t_ms=18464 q_pkts=61 q_bytes=91744 qdelay_l_ms=1.08647 qdelay_c_ms=4.12718 ecn_mark=33 drop=0
[QUEUE_STATS] t_ms=18481 q_pkts=57 q_bytes=85728 qdelay_l_ms=1.11427 qdelay_c_ms=3.93007 ecn_mark=34 drop=0
[QUEUE_STATS] t_ms=18496 q_pkts=61 q_bytes=91744 qdelay_l_ms=0.06892 qdelay_c_ms=3.63222 ecn_mark=34 drop=0
[QUEUE_STATS] t_ms=18512 q_pkts=71 q_bytes=106784 qdelay_l_ms=1.11069 qdelay_c_ms=5.05398 ecn_mark=34 drop=0
[QUEUE_STATS] t_ms=18528 q_pkts=71 q_bytes=106784 qdelay_l_ms=0 qdelay_c_ms=4.04892 ecn_mark=34 drop=0
[QUEUE_STATS] t_ms=18544 q_pkts=75 q_bytes=112800 qdelay_l_ms=1.06626 qdelay_c_ms=6.04045 ecn_mark=34 drop=0
[QUEUE_STATS] t_ms=18560 q_pkts=91 q_bytes=136864 qdelay_l_ms=1.00787 qdelay_c_ms=5.71031 ecn_mark=34 drop=0
[QUEUE_STATS] t_ms=18576 q_pkts=92 q_bytes=138368 qdelay_l_ms=1.01547 qdelay_c_ms=6.36139 ecn_mark=34 drop=0
[QUEUE_STATS] t_ms=18592 q_pkts=92 q_bytes=138368 qdelay_l_ms=1.09534 qdelay_c_ms=7.22645 ecn_mark=34 drop=0
[QUEUE_STATS] t_ms=18608 q_pkts=108 q_bytes=162432 qdelay_l_ms=1.1355 qdelay_c_ms=6.97376 ecn_mark=34 drop=0
[QUEUE_STATS] t_ms=18625 q_pkts=110 q_bytes=165440 qdelay_l_ms=1.12882 qdelay_c_ms=7.18723 ecn_mark=34 drop=0
[QUEUE_STATS] t_ms=18640 q_pkts=116 q_bytes=174464 qdelay_l_ms=1.13534 qdelay_c_ms=7.27168 ecn_mark=34 drop=0
[QUEUE_STATS] t_ms=18656 q_pkts=125 q_bytes=188000 qdelay_l_ms=1.13746 qdelay_c_ms=6.88289 ecn_mark=34 drop=0
[QUEUE_STATS] t_ms=18672 q_pkts=108 q_bytes=162432 qdelay_l_ms=0.08523 qdelay_c_ms=6.74499 ecn_mark=34 drop=0
[QUEUE_STATS] t_ms=18688 q_pkts=117 q_bytes=175968 qdelay_l_ms=0 qdelay_c_ms=7.84842 ecn_mark=34 drop=0
[QUEUE_STATS] t_ms=18704 q_pkts=140 q_bytes=210560 qdelay_l_ms=1.18596 qdelay_c_ms=8.77633 ecn_mark=34 drop=0
[QUEUE_STATS] t_ms=18720 q_pkts=145 q_bytes=218080 qdelay_l_ms=1.14252 qdelay_c_ms=10.032 ecn_mark=34 drop=0
[QUEUE_STATS] t_ms=18736 q_pkts=121 q_bytes=181984 qdelay_l_ms=0.056116 qdelay_c_ms=8.9099 ecn_mark=35 drop=0
[QUEUE_STATS] t_ms=18752 q_pkts=155 q_bytes=233120 qdelay_l_ms=0.933957 qdelay_c_ms=9.47939 ecn_mark=35 drop=0
[QUEUE_STATS] t_ms=18768 q_pkts=154 q_bytes=231616 qdelay_l_ms=1.0288 qdelay_c_ms=11.0321 ecn_mark=35 drop=0
[QUEUE_STATS] t_ms=18784 q_pkts=158 q_bytes=237632 qdelay_l_ms=1.1362 qdelay_c_ms=10.5968 ecn_mark=35 drop=0
[QUEUE_STATS] t_ms=18800 q_pkts=157 q_bytes=236128 qdelay_l_ms=1.13359 qdelay_c_ms=10.8461 ecn_mark=35 drop=0
[QUEUE_STATS] t_ms=18816 q_pkts=171 q_bytes=257184 qdelay_l_ms=1.1098 qdelay_c_ms=10.7863 ecn_mark=35 drop=0
[QUEUE_STATS] t_ms=18832 q_pkts=167 q_bytes=251168 qdelay_l_ms=1.11363 qdelay_c_ms=11.1059 ecn_mark=35 drop=0
[QUEUE_STATS] t_ms=18848 q_pkts=160 q_bytes=240640 qdelay_l_ms=0.065233 qdelay_c_ms=11.0246 ecn_mark=35 drop=0
[QUEUE_STATS] t_ms=18864 q_pkts=180 q_bytes=270720 qdelay_l_ms=0 qdelay_c_ms=10.993 ecn_mark=35 drop=0
[QUEUE_STATS] t_ms=18880 q_pkts=187 q_bytes=281248 qdelay_l_ms=1.11483 qdelay_c_ms=12.1476 ecn_mark=35 drop=0
[QUEUE_STATS] t_ms=18896 q_pkts=187 q_bytes=281248 qdelay_l_ms=1.13085 qdelay_c_ms=12.7963 ecn_mark=35 drop=0
[QUEUE_STATS] t_ms=18912 q_pkts=197 q_bytes=296288 qdelay_l_ms=1.11328 qdelay_c_ms=12.9918 ecn_mark=35 drop=0
[QUEUE_STATS] t_ms=18928 q_pkts=210 q_bytes=315840 qdelay_l_ms=1.11902 qdelay_c_ms=13.4908 ecn_mark=35 drop=0
[QUEUE_STATS] t_ms=18944 q_pkts=208 q_bytes=312832 qdelay_l_ms=1.11095 qdelay_c_ms=13.7218 ecn_mark=35 drop=0
[QUEUE_STATS] t_ms=18960 q_pkts=212 q_bytes=318848 qdelay_l_ms=1.1193 qdelay_c_ms=13.7161 ecn_mark=35 drop=0
[QUEUE_STATS] t_ms=18976 q_pkts=226 q_bytes=339904 qdelay_l_ms=1.10779 qdelay_c_ms=14.1439 ecn_mark=35 drop=0
[QUEUE_STATS] t_ms=18992 q_pkts=217 q_bytes=326368 qdelay_l_ms=0.998378 qdelay_c_ms=15.6704 ecn_mark=35 drop=0
[QUEUE_STATS] t_ms=19008 q_pkts=222 q_bytes=333888 qdelay_l_ms=1.13863 qdelay_c_ms=15.6027 ecn_mark=35 drop=0
[QUEUE_STATS] t_ms=19024 q_pkts=234 q_bytes=351936 qdelay_l_ms=1.11041 qdelay_c_ms=15.3337 ecn_mark=35 drop=0
[QUEUE_STATS] t_ms=19040 q_pkts=247 q_bytes=371488 qdelay_l_ms=1.00826 qdelay_c_ms=15.9183 ecn_mark=35 drop=0
[QUEUE_STATS] t_ms=19056 q_pkts=239 q_bytes=359456 qdelay_l_ms=1.1011 qdelay_c_ms=16.8873 ecn_mark=35 drop=0
[QUEUE_STATS] t_ms=19072 q_pkts=245 q_bytes=368480 qdelay_l_ms=1.0729 qdelay_c_ms=16.8652 ecn_mark=35 drop=0
[QUEUE_STATS] t_ms=19088 q_pkts=263 q_bytes=395552 qdelay_l_ms=1.11544 qdelay_c_ms=17.0014 ecn_mark=35 drop=0
[QUEUE_STATS] t_ms=19104 q_pkts=255 q_bytes=383520 qdelay_l_ms=1.10737 qdelay_c_ms=17.0096 ecn_mark=35 drop=0
[QUEUE_STATS] t_ms=19120 q_pkts=268 q_bytes=403072 qdelay_l_ms=1.16658 qdelay_c_ms=17.714 ecn_mark=36 drop=0
[QUEUE_STATS] t_ms=19136 q_pkts=259 q_bytes=389536 qdelay_l_ms=0 qdelay_c_ms=17.8899 ecn_mark=36 drop=0
[QUEUE_STATS] t_ms=19152 q_pkts=270 q_bytes=406080 qdelay_l_ms=1.09905 qdelay_c_ms=18.0801 ecn_mark=36 drop=0
[QUEUE_STATS] t_ms=19168 q_pkts=282 q_bytes=424128 qdelay_l_ms=1.0946 qdelay_c_ms=17.9611 ecn_mark=36 drop=0
[QUEUE_STATS] t_ms=19184 q_pkts=292 q_bytes=439168 qdelay_l_ms=1.03399 qdelay_c_ms=19.0169 ecn_mark=36 drop=0
[QUEUE_STATS] t_ms=19200 q_pkts=284 q_bytes=427136 qdelay_l_ms=0.830863 qdelay_c_ms=20.1898 ecn_mark=36 drop=0
[QUEUE_STATS] t_ms=19216 q_pkts=290 q_bytes=436160 qdelay_l_ms=1.11146 qdelay_c_ms=20.4926 ecn_mark=36 drop=0
[QUEUE_STATS] t_ms=19232 q_pkts=303 q_bytes=455712 qdelay_l_ms=1.1004 qdelay_c_ms=19.6359 ecn_mark=36 drop=0
[QUEUE_STATS] t_ms=19248 q_pkts=307 q_bytes=461728 qdelay_l_ms=1.17296 qdelay_c_ms=20.0609 ecn_mark=36 drop=0
[QUEUE_STATS] t_ms=19264 q_pkts=299 q_bytes=449696 qdelay_l_ms=0.0904 qdelay_c_ms=19.1919 ecn_mark=36 drop=0
[QUEUE_STATS] t_ms=19280 q_pkts=314 q_bytes=472256 qdelay_l_ms=1.09221 qdelay_c_ms=20.5781 ecn_mark=36 drop=0
[QUEUE_STATS] t_ms=19296 q_pkts=309 q_bytes=464736 qdelay_l_ms=0.058931 qdelay_c_ms=20.0854 ecn_mark=36 drop=0
[QUEUE_STATS] t_ms=19312 q_pkts=310 q_bytes=466240 qdelay_l_ms=0.070373 qdelay_c_ms=20.8137 ecn_mark=36 drop=0
[QUEUE_STATS] t_ms=19328 q_pkts=328 q_bytes=493312 qdelay_l_ms=1.17536 qdelay_c_ms=22.166 ecn_mark=37 drop=0
[QUEUE_STATS] t_ms=19344 q_pkts=342 q_bytes=514368 qdelay_l_ms=1.03353 qdelay_c_ms=22.0691 ecn_mark=37 drop=0
[QUEUE_STATS] t_ms=19360 q_pkts=338 q_bytes=508352 qdelay_l_ms=0.955407 qdelay_c_ms=23.0157 ecn_mark=37 drop=0
[QUEUE_STATS] t_ms=19377 q_pkts=344 q_bytes=517376 qdelay_l_ms=1.12066 qdelay_c_ms=22.7361 ecn_mark=37 drop=0
[QUEUE_STATS] t_ms=19392 q_pkts=362 q_bytes=544448 qdelay_l_ms=1.08772 qdelay_c_ms=23.2518 ecn_mark=37 drop=0
[QUEUE_STATS] t_ms=19408 q_pkts=355 q_bytes=533920 qdelay_l_ms=1.01496 qdelay_c_ms=23.7187 ecn_mark=37 drop=0
[QUEUE_STATS] t_ms=19424 q_pkts=367 q_bytes=551968 qdelay_l_ms=1.08237 qdelay_c_ms=24.9638 ecn_mark=37 drop=0
[QUEUE_STATS] t_ms=19440 q_pkts=366 q_bytes=550464 qdelay_l_ms=1.08668 qdelay_c_ms=24.0084 ecn_mark=37 drop=0
[QUEUE_STATS] t_ms=19456 q_pkts=359 q_bytes=539936 qdelay_l_ms=1.1067 qdelay_c_ms=24.7076 ecn_mark=37 drop=0
[QUEUE_STATS] t_ms=19472 q_pkts=386 q_bytes=580544 qdelay_l_ms=0.990523 qdelay_c_ms=25.1843 ecn_mark=37 drop=0
[QUEUE_STATS] t_ms=19488 q_pkts=385 q_bytes=579040 qdelay_l_ms=1.07573 qdelay_c_ms=24.7117 ecn_mark=37 drop=0
[QUEUE_STATS] t_ms=19504 q_pkts=387 q_bytes=582048 qdelay_l_ms=1.0809 qdelay_c_ms=25.6695 ecn_mark=37 drop=0
[QUEUE_STATS] t_ms=19521 q_pkts=374 q_bytes=562496 qdelay_l_ms=1.11178 qdelay_c_ms=26.3229 ecn_mark=37 drop=0
[QUEUE_STATS] t_ms=19536 q_pkts=388 q_bytes=583284 qdelay_l_ms=0 qdelay_c_ms=27.1215 ecn_mark=37 drop=0
[QUEUE_STATS] t_ms=19552 q_pkts=413 q_bytes=621152 qdelay_l_ms=1.07964 qdelay_c_ms=26.6783 ecn_mark=37 drop=0
[QUEUE_STATS] t_ms=19568 q_pkts=410 q_bytes=616640 qdelay_l_ms=1.08116 qdelay_c_ms=27.9119 ecn_mark=37 drop=0
[QUEUE_STATS] t_ms=19584 q_pkts=385 q_bytes=579040 qdelay_l_ms=0.998989 qdelay_c_ms=26.5294 ecn_mark=38 drop=0
[QUEUE_STATS] t_ms=19600 q_pkts=420 q_bytes=631680 qdelay_l_ms=0.125636 qdelay_c_ms=26.6953 ecn_mark=38 drop=0
[QUEUE_STATS] t_ms=19616 q_pkts=420 q_bytes=631680 qdelay_l_ms=0.110428 qdelay_c_ms=25.9561 ecn_mark=38 drop=0
[QUEUE_STATS] t_ms=19632 q_pkts=435 q_bytes=654240 qdelay_l_ms=1.17094 qdelay_c_ms=28.8278 ecn_mark=38 drop=0
[QUEUE_STATS] t_ms=19649 q_pkts=409 q_bytes=615136 qdelay_l_ms=1.11125 qdelay_c_ms=29.7703 ecn_mark=38 drop=0
[QUEUE_STATS] t_ms=19664 q_pkts=443 q_bytes=664932 qdelay_l_ms=1.16271 qdelay_c_ms=29.7946 ecn_mark=38 drop=0
[QUEUE_STATS] t_ms=19680 q_pkts=449 q_bytes=673956 qdelay_l_ms=0.123082 qdelay_c_ms=24.5843 ecn_mark=38 drop=0
[QUEUE_STATS] t_ms=19696 q_pkts=444 q_bytes=667776 qdelay_l_ms=0.066144 qdelay_c_ms=28.5601 ecn_mark=38 drop=0
[QUEUE_STATS] t_ms=19712 q_pkts=409 q_bytes=615136 qdelay_l_ms=1.06484 qdelay_c_ms=30.6535 ecn_mark=38 drop=0
[QUEUE_STATS] t_ms=19728 q_pkts=475 q_bytes=714400 qdelay_l_ms=1.06903 qdelay_c_ms=30.6381 ecn_mark=38 drop=0
[QUEUE_STATS] t_ms=19744 q_pkts=477 q_bytes=717408 qdelay_l_ms=1.09763 qdelay_c_ms=24.8534 ecn_mark=38 drop=0
[QUEUE_STATS] t_ms=19760 q_pkts=473 q_bytes=711392 qdelay_l_ms=1.07196 qdelay_c_ms=32.0437 ecn_mark=38 drop=0
[QUEUE_STATS] t_ms=19776 q_pkts=439 q_bytes=660256 qdelay_l_ms=1.072 qdelay_c_ms=32.3149 ecn_mark=38 drop=0
[QUEUE_STATS] t_ms=19792 q_pkts=502 q_bytes=754708 qdelay_l_ms=1.07069 qdelay_c_ms=31.82 ecn_mark=38 drop=0
[QUEUE_STATS] t_ms=19808 q_pkts=492 q_bytes=739668 qdelay_l_ms=0.981397 qdelay_c_ms=23.1376 ecn_mark=38 drop=0
[QUEUE_STATS] t_ms=19824 q_pkts=483 q_bytes=726432 qdelay_l_ms=0.075271 qdelay_c_ms=32.6713 ecn_mark=38 drop=0
[QUEUE_STATS] t_ms=19840 q_pkts=444 q_bytes=667776 qdelay_l_ms=1.06414 qdelay_c_ms=33.7637 ecn_mark=38 drop=0
[QUEUE_STATS] t_ms=19856 q_pkts=507 q_bytes=762528 qdelay_l_ms=1.14124 qdelay_c_ms=33.9735 ecn_mark=40 drop=0
[QUEUE_STATS] t_ms=19872 q_pkts=512 q_bytes=770048 qdelay_l_ms=0.954355 qdelay_c_ms=22.3024 ecn_mark=40 drop=0
[QUEUE_STATS] t_ms=19888 q_pkts=522 q_bytes=785088 qdelay_l_ms=1.15308 qdelay_c_ms=35.1186 ecn_mark=40 drop=0
[QUEUE_STATS] t_ms=19904 q_pkts=466 q_bytes=700864 qdelay_l_ms=0.765119 qdelay_c_ms=34.6939 ecn_mark=40 drop=0
[QUEUE_STATS] t_ms=19920 q_pkts=533 q_bytes=801332 qdelay_l_ms=1.07486 qdelay_c_ms=35.2167 ecn_mark=42 drop=0
[QUEUE_STATS] t_ms=19936 q_pkts=540 q_bytes=811860 qdelay_l_ms=0.160653 qdelay_c_ms=21.1572 ecn_mark=42 drop=0
[QUEUE_STATS] t_ms=19952 q_pkts=547 q_bytes=822688 qdelay_l_ms=0.96219 qdelay_c_ms=35.4824 ecn_mark=42 drop=0
[QUEUE_STATS] t_ms=19968 q_pkts=476 q_bytes=715904 qdelay_l_ms=1.10676 qdelay_c_ms=36.1994 ecn_mark=42 drop=0
[QUEUE_STATS] t_ms=19984 q_pkts=551 q_bytes=828704 qdelay_l_ms=0.019507 qdelay_c_ms=35.9531 ecn_mark=42 drop=0
[QUEUE_STATS] t_ms=20000 q_pkts=565 q_bytes=849760 qdelay_l_ms=1.06158 qdelay_c_ms=36.4519 ecn_mark=42 drop=0
[QUEUE_STATS] t_ms=20016 q_pkts=565 q_bytes=849760 qdelay_l_ms=0.952512 qdelay_c_ms=34.3838 ecn_mark=42 drop=0
[QUEUE_STATS] t_ms=20032 q_pkts=514 q_bytes=773056 qdelay_l_ms=1.04198 qdelay_c_ms=37.8343 ecn_mark=42 drop=0
[QUEUE_STATS] t_ms=20048 q_pkts=520 q_bytes=781780 qdelay_l_ms=0 qdelay_c_ms=38.0051 ecn_mark=42 drop=0
[QUEUE_STATS] t_ms=20064 q_pkts=585 q_bytes=879540 qdelay_l_ms=0.145394 qdelay_c_ms=37.7624 ecn_mark=43 drop=0
[QUEUE_STATS] t_ms=20080 q_pkts=587 q_bytes=882848 qdelay_l_ms=0.102803 qdelay_c_ms=32.2573 ecn_mark=43 drop=0
[QUEUE_STATS] t_ms=20096 q_pkts=536 q_bytes=806144 qdelay_l_ms=1.12845 qdelay_c_ms=40.1191 ecn_mark=43 drop=0
[QUEUE_STATS] t_ms=20112 q_pkts=557 q_bytes=837728 qdelay_l_ms=0 qdelay_c_ms=38.8064 ecn_mark=43 drop=0
[QUEUE_STATS] t_ms=20128 q_pkts=616 q_bytes=926464 qdelay_l_ms=1.18037 qdelay_c_ms=40.0075 ecn_mark=43 drop=0
[QUEUE_STATS] t_ms=20144 q_pkts=617 q_bytes=927968 qdelay_l_ms=1.05302 qdelay_c_ms=33.2331 ecn_mark=43 drop=0
[QUEUE_STATS] t_ms=20160 q_pkts=543 q_bytes=816672 qdelay_l_ms=1.03943 qdelay_c_ms=41.7072 ecn_mark=43 drop=0
[QUEUE_STATS] t_ms=20176 q_pkts=308 q_bytes=463232 qdelay_l_ms=0.07988 qdelay_c_ms=40.1283 ecn_mark=43 drop=0
[QUEUE_STATS] t_ms=20192 q_pkts=631 q_bytes=947684 qdelay_l_ms=1.04444 qdelay_c_ms=41.686 ecn_mark=43 drop=0
[QUEUE_STATS] t_ms=20208 q_pkts=637 q_bytes=958048 qdelay_l_ms=1.13941 qdelay_c_ms=30.846 ecn_mark=43 drop=0
[QUEUE_STATS] t_ms=20224 q_pkts=616 q_bytes=926464 qdelay_l_ms=1.12116 qdelay_c_ms=43.2913 ecn_mark=43 drop=0
[QUEUE_STATS] t_ms=20240 q_pkts=363 q_bytes=545952 qdelay_l_ms=1.04262 qdelay_c_ms=43.7384 ecn_mark=44 drop=0
[QUEUE_STATS] t_ms=20256 q_pkts=653 q_bytes=982112 qdelay_l_ms=0.982959 qdelay_c_ms=44.0777 ecn_mark=44 drop=0
[QUEUE_STATS] t_ms=20272 q_pkts=651 q_bytes=979104 qdelay_l_ms=0.059041 qdelay_c_ms=28.4508 ecn_mark=44 drop=0
[QUEUE_STATS] t_ms=20288 q_pkts=634 q_bytes=953536 qdelay_l_ms=1.1164 qdelay_c_ms=43.1125 ecn_mark=44 drop=0
[QUEUE_STATS] t_ms=20304 q_pkts=398 q_bytes=598592 qdelay_l_ms=1.056 qdelay_c_ms=44.2931 ecn_mark=44 drop=0
[QUEUE_STATS] t_ms=20320 q_pkts=677 q_bytes=1017908 qdelay_l_ms=0.721718 qdelay_c_ms=44.9165 ecn_mark=44 drop=0
[QUEUE_STATS] t_ms=20336 q_pkts=667 q_bytes=1003168 qdelay_l_ms=0.907698 qdelay_c_ms=26.9329 ecn_mark=44 drop=0
[QUEUE_STATS] t_ms=20352 q_pkts=648 q_bytes=974592 qdelay_l_ms=1.11739 qdelay_c_ms=41.2297 ecn_mark=44 drop=0
[QUEUE_STATS] t_ms=20368 q_pkts=411 q_bytes=618144 qdelay_l_ms=1.04282 qdelay_c_ms=46.7562 ecn_mark=44 drop=0
[QUEUE_STATS] t_ms=20384 q_pkts=680 q_bytes=1021320 qdelay_l_ms=0.932745 qdelay_c_ms=45.9112 ecn_mark=45 drop=0
[QUEUE_STATS] t_ms=20400 q_pkts=684 q_bytes=1027336 qdelay_l_ms=1.10482 qdelay_c_ms=26.6385 ecn_mark=45 drop=0
[QUEUE_STATS] t_ms=20416 q_pkts=642 q_bytes=964168 qdelay_l_ms=1.03633 qdelay_c_ms=41.4575 ecn_mark=45 drop=0
[QUEUE_STATS] t_ms=20432 q_pkts=420 q_bytes=631680 qdelay_l_ms=1.06992 qdelay_c_ms=46.5077 ecn_mark=46 drop=0
[QUEUE_STATS] t_ms=20448 q_pkts=679 q_bytes=1020916 qdelay_l_ms=1.06101 qdelay_c_ms=47.2317 ecn_mark=46 drop=0
[QUEUE_STATS] t_ms=20464 q_pkts=683 q_bytes=1026932 qdelay_l_ms=0.151305 qdelay_c_ms=26.9088 ecn_mark=46 drop=0
[QUEUE_STATS] t_ms=20480 q_pkts=638 q_bytes=959252 qdelay_l_ms=1.03746 qdelay_c_ms=42.2955 ecn_mark=46 drop=0
[QUEUE_STATS] t_ms=20496 q_pkts=402 q_bytes=604608 qdelay_l_ms=1.03812 qdelay_c_ms=45.8649 ecn_mark=46 drop=0
[QUEUE_STATS] t_ms=20512 q_pkts=663 q_bytes=997152 qdelay_l_ms=0 qdelay_c_ms=45.1199 ecn_mark=46 drop=0
[QUEUE_STATS] t_ms=20528 q_pkts=680 q_bytes=1022720 qdelay_l_ms=0.880707 qdelay_c_ms=26.5719 ecn_mark=46 drop=0
[QUEUE_STATS] t_ms=20544 q_pkts=640 q_bytes=962560 qdelay_l_ms=1.01559 qdelay_c_ms=41.482 ecn_mark=46 drop=0
[QUEUE_STATS] t_ms=20560 q_pkts=419 q_bytes=630176 qdelay_l_ms=1.02255 qdelay_c_ms=46.0276 ecn_mark=46 drop=0
[QUEUE_STATS] t_ms=20576 q_pkts=681 q_bytes=1022824 qdelay_l_ms=0.921544 qdelay_c_ms=45.7162 ecn_mark=46 drop=0
[QUEUE_STATS] t_ms=20593 q_pkts=681 q_bytes=1022824 qdelay_l_ms=1.17338 qdelay_c_ms=27.8353 ecn_mark=47 drop=0
[QUEUE_STATS] t_ms=20608 q_pkts=640 q_bytes=961160 qdelay_l_ms=1.11859 qdelay_c_ms=42.0055 ecn_mark=47 drop=0
[QUEUE_STATS] t_ms=20624 q_pkts=403 q_bytes=606112 qdelay_l_ms=1.03879 qdelay_c_ms=45.6518 ecn_mark=48 drop=0
[QUEUE_STATS] t_ms=20640 q_pkts=682 q_bytes=1025428 qdelay_l_ms=1.11837 qdelay_c_ms=46.2146 ecn_mark=48 drop=0
[QUEUE_STATS] t_ms=20656 q_pkts=685 q_bytes=1029940 qdelay_l_ms=1.02955 qdelay_c_ms=27.3311 ecn_mark=48 drop=0
[QUEUE_STATS] t_ms=20672 q_pkts=657 q_bytes=987828 qdelay_l_ms=0.897999 qdelay_c_ms=40.9725 ecn_mark=48 drop=0
[QUEUE_STATS] t_ms=20688 q_pkts=405 q_bytes=609120 qdelay_l_ms=1.02703 qdelay_c_ms=46.1662 ecn_mark=49 drop=0
[QUEUE_STATS] t_ms=20704 q_pkts=681 q_bytes=1024224 qdelay_l_ms=1.08479 qdelay_c_ms=47.6305 ecn_mark=49 drop=0
[QUEUE_STATS] t_ms=20720 q_pkts=670 q_bytes=1007680 qdelay_l_ms=0 qdelay_c_ms=26.5798 ecn_mark=49 drop=0
[QUEUE_STATS] t_ms=20736 q_pkts=657 q_bytes=988128 qdelay_l_ms=1.04081 qdelay_c_ms=41.2703 ecn_mark=50 drop=0
[QUEUE_STATS] t_ms=20752 q_pkts=422 q_bytes=634688 qdelay_l_ms=1.04211 qdelay_c_ms=46.2403 ecn_mark=51 drop=0
[QUEUE_STATS] t_ms=20768 q_pkts=682 q_bytes=1024328 qdelay_l_ms=1.17131 qdelay_c_ms=46.558 ecn_mark=51 drop=0
[QUEUE_STATS] t_ms=20784 q_pkts=675 q_bytes=1013800 qdelay_l_ms=0.090169 qdelay_c_ms=26.5004 ecn_mark=51 drop=0
[QUEUE_STATS] t_ms=20800 q_pkts=684 q_bytes=1027336 qdelay_l_ms=1.18923 qdelay_c_ms=41.8814 ecn_mark=52 drop=0
[QUEUE_STATS] t_ms=20816 q_pkts=466 q_bytes=700864 qdelay_l_ms=1.01372 qdelay_c_ms=46.277 ecn_mark=52 drop=0
[QUEUE_STATS] t_ms=20832 q_pkts=690 q_bytes=1037460 qdelay_l_ms=1.0169 qdelay_c_ms=46.7861 ecn_mark=52 drop=0
[QUEUE_STATS] t_ms=20848 q_pkts=675 q_bytes=1014900 qdelay_l_ms=1.0743 qdelay_c_ms=24.3735 ecn_mark=52 drop=0
[QUEUE_STATS] t_ms=20864 q_pkts=680 q_bytes=1022420 qdelay_l_ms=1.0202 qdelay_c_ms=39.2781 ecn_mark=52 drop=0
[QUEUE_STATS] t_ms=20880 q_pkts=469 q_bytes=705376 qdelay_l_ms=1.0258 qdelay_c_ms=47.2008 ecn_mark=52 drop=0
[QUEUE_STATS] t_ms=20896 q_pkts=684 q_bytes=1028736 qdelay_l_ms=1.01828 qdelay_c_ms=47.0562 ecn_mark=52 drop=0
[QUEUE_STATS] t_ms=20912 q_pkts=684 q_bytes=1028736 qdelay_l_ms=0.771301 qdelay_c_ms=23.1918 ecn_mark=52 drop=0
[QUEUE_STATS] t_ms=20928 q_pkts=684 q_bytes=1028736 qdelay_l_ms=0.908559 qdelay_c_ms=38.1567 ecn_mark=52 drop=0
[QUEUE_STATS] t_ms=20944 q_pkts=467 q_bytes=702368 qdelay_l_ms=1.01764 qdelay_c_ms=46.7962 ecn_mark=52 drop=0
[QUEUE_STATS] t_ms=20960 q_pkts=690 q_bytes=1036360 qdelay_l_ms=0 qdelay_c_ms=45.677 ecn_mark=52 drop=0
[QUEUE_STATS] t_ms=20976 q_pkts=684 q_bytes=1027336 qdelay_l_ms=1.15696 qdelay_c_ms=47.2714 ecn_mark=52 drop=0
[QUEUE_STATS] t_ms=20992 q_pkts=694 q_bytes=1042376 qdelay_l_ms=1.18062 qdelay_c_ms=38.1913 ecn_mark=52 drop=0
[QUEUE_STATS] t_ms=21008 q_pkts=525 q_bytes=789600 qdelay_l_ms=0.76583 qdelay_c_ms=47.0863 ecn_mark=54 drop=0
[QUEUE_STATS] t_ms=21024 q_pkts=689 q_bytes=1035956 qdelay_l_ms=1.37252 qdelay_c_ms=47.0749 ecn_mark=54 drop=0
[QUEUE_STATS] t_ms=21040 q_pkts=690 q_bytes=1037460 qdelay_l_ms=1.00914 qdelay_c_ms=46.8646 ecn_mark=55 drop=0
[QUEUE_STATS] t_ms=21056 q_pkts=689 q_bytes=1035956 qdelay_l_ms=1.10552 qdelay_c_ms=34.4149 ecn_mark=55 drop=0
[QUEUE_STATS] t_ms=21072 q_pkts=515 q_bytes=774560 qdelay_l_ms=0.997407 qdelay_c_ms=46.5643 ecn_mark=56 drop=0
[QUEUE_STATS] t_ms=21088 q_pkts=685 q_bytes=1030240 qdelay_l_ms=1.06233 qdelay_c_ms=47.0895 ecn_mark=56 drop=0
[QUEUE_STATS] t_ms=21104 q_pkts=671 q_bytes=1009184 qdelay_l_ms=0.05337 qdelay_c_ms=45.7151 ecn_mark=56 drop=0
[QUEUE_STATS] t_ms=21120 q_pkts=691 q_bytes=1039264 qdelay_l_ms=1.11241 qdelay_c_ms=34.4792 ecn_mark=56 drop=0
[QUEUE_STATS] t_ms=21136 q_pkts=546 q_bytes=821184 qdelay_l_ms=1.1041 qdelay_c_ms=47.1835 ecn_mark=56 drop=0
[QUEUE_STATS] t_ms=21152 q_pkts=690 q_bytes=1036360 qdelay_l_ms=1.00684 qdelay_c_ms=46.7453 ecn_mark=56 drop=0
[QUEUE_STATS] t_ms=21168 q_pkts=690 q_bytes=1036360 qdelay_l_ms=1.08284 qdelay_c_ms=46.5742 ecn_mark=56 drop=0
[QUEUE_STATS] t_ms=21184 q_pkts=681 q_bytes=1022824 qdelay_l_ms=0 qdelay_c_ms=33.93 ecn_mark=57 drop=0
[QUEUE_STATS] t_ms=21200 q_pkts=589 q_bytes=885856 qdelay_l_ms=0.844178 qdelay_c_ms=47.1569 ecn_mark=57 drop=0
[QUEUE_STATS] t_ms=21216 q_pkts=385 q_bytes=579040 qdelay_l_ms=0.324411 qdelay_c_ms=46.0017 ecn_mark=57 drop=0
[QUEUE_STATS] t_ms=21232 q_pkts=690 q_bytes=1037460 qdelay_l_ms=1.1625 qdelay_c_ms=46.9468 ecn_mark=57 drop=0
[QUEUE_STATS] t_ms=21248 q_pkts=696 q_bytes=1046484 qdelay_l_ms=1.00563 qdelay_c_ms=31.8434 ecn_mark=58 drop=0
[QUEUE_STATS] t_ms=21264 q_pkts=622 q_bytes=935488 qdelay_l_ms=0.98855 qdelay_c_ms=46.4461 ecn_mark=58 drop=0
[QUEUE_STATS] t_ms=21280 q_pkts=385 q_bytes=579040 qdelay_l_ms=0 qdelay_c_ms=46.2732 ecn_mark=58 drop=0
[QUEUE_STATS] t_ms=21296 q_pkts=687 q_bytes=1033248 qdelay_l_ms=1.15067 qdelay_c_ms=47.4332 ecn_mark=58 drop=0
[QUEUE_STATS] t_ms=21312 q_pkts=690 q_bytes=1037760 qdelay_l_ms=1.01165 qdelay_c_ms=28.0333 ecn_mark=58 drop=0
[QUEUE_STATS] t_ms=21328 q_pkts=633 q_bytes=952032 qdelay_l_ms=1.06774 qdelay_c_ms=42.7633 ecn_mark=58 drop=0
[QUEUE_STATS] t_ms=21344 q_pkts=414 q_bytes=622656 qdelay_l_ms=1.04459 qdelay_c_ms=47.7961 ecn_mark=59 drop=0
[QUEUE_STATS] t_ms=21360 q_pkts=701 q_bytes=1052904 qdelay_l_ms=1.00122 qdelay_c_ms=46.9525 ecn_mark=59 drop=0
[QUEUE_STATS] t_ms=21376 q_pkts=691 q_bytes=1037864 qdelay_l_ms=1.00083 qdelay_c_ms=28.4066 ecn_mark=59 drop=0
[QUEUE_STATS] t_ms=21392 q_pkts=685 q_bytes=1028840 qdelay_l_ms=1.15072 qdelay_c_ms=42.187 ecn_mark=59 drop=0
[QUEUE_STATS] t_ms=21408 q_pkts=456 q_bytes=685824 qdelay_l_ms=0.997376 qdelay_c_ms=48.1574 ecn_mark=59 drop=0
[QUEUE_STATS] t_ms=21424 q_pkts=690 q_bytes=1037460 qdelay_l_ms=0.841513 qdelay_c_ms=47.3343 ecn_mark=59 drop=0
[QUEUE_STATS] t_ms=21440 q_pkts=679 q_bytes=1020916 qdelay_l_ms=0.054312 qdelay_c_ms=24.675 ecn_mark=59 drop=0
[QUEUE_STATS] t_ms=21456 q_pkts=700 q_bytes=1052500 qdelay_l_ms=0.985073 qdelay_c_ms=39.9817 ecn_mark=59 drop=0
[QUEUE_STATS] t_ms=21472 q_pkts=491 q_bytes=738464 qdelay_l_ms=1.00288 qdelay_c_ms=46.6401 ecn_mark=59 drop=0
[QUEUE_STATS] t_ms=21488 q_pkts=691 q_bytes=1039264 qdelay_l_ms=0.959745 qdelay_c_ms=46.9551 ecn_mark=60 drop=0
[QUEUE_STATS] t_ms=21504 q_pkts=688 q_bytes=1034752 qdelay_l_ms=1.17857 qdelay_c_ms=48.165 ecn_mark=60 drop=0
[QUEUE_STATS] t_ms=21520 q_pkts=690 q_bytes=1037760 qdelay_l_ms=1.13623 qdelay_c_ms=35.6797 ecn_mark=60 drop=0
[QUEUE_STATS] t_ms=21536 q_pkts=516 q_bytes=776064 qdelay_l_ms=1.10994 qdelay_c_ms=46.8311 ecn_mark=61 drop=0
[QUEUE_STATS] t_ms=21552 q_pkts=683 q_bytes=1025832 qdelay_l_ms=0.05826 qdelay_c_ms=45.9255 ecn_mark=62 drop=0
[QUEUE_STATS] t_ms=21568 q_pkts=690 q_bytes=1036360 qdelay_l_ms=0.892369 qdelay_c_ms=47.6441 ecn_mark=62 drop=0
[QUEUE_STATS] t_ms=21584 q_pkts=696 q_bytes=1045384 qdelay_l_ms=0.864987 qdelay_c_ms=36.3208 ecn_mark=62 drop=0
[QUEUE_STATS] t_ms=21600 q_pkts=563 q_bytes=846752 qdelay_l_ms=1.06753 qdelay_c_ms=47.1706 ecn_mark=64 drop=0
[QUEUE_STATS] t_ms=21616 q_pkts=598 q_bytes=899392 qdelay_l_ms=0 qdelay_c_ms=46.078 ecn_mark=64 drop=0
[QUEUE_STATS] t_ms=21632 q_pkts=692 q_bytes=1040468 qdelay_l_ms=0.886257 qdelay_c_ms=46.7451 ecn_mark=64 drop=0
[QUEUE_STATS] t_ms=21648 q_pkts=681 q_bytes=1023924 qdelay_l_ms=0 qdelay_c_ms=32.774 ecn_mark=65 drop=0
[QUEUE_STATS] t_ms=21664 q_pkts=611 q_bytes=918944 qdelay_l_ms=1.1163 qdelay_c_ms=47.1353 ecn_mark=65 drop=0
[QUEUE_STATS] t_ms=21680 q_pkts=376 q_bytes=565504 qdelay_l_ms=0.999751 qdelay_c_ms=47.3394 ecn_mark=65 drop=0
[QUEUE_STATS] t_ms=21696 q_pkts=690 q_bytes=1037760 qdelay_l_ms=0.985244 qdelay_c_ms=46.7393 ecn_mark=65 drop=0
[QUEUE_STATS] t_ms=21712 q_pkts=679 q_bytes=1021216 qdelay_l_ms=0.05338 qdelay_c_ms=29.3421 ecn_mark=65 drop=0
[QUEUE_STATS] t_ms=21728 q_pkts=605 q_bytes=909920 qdelay_l_ms=1.10696 qdelay_c_ms=44.623 ecn_mark=66 drop=0
[QUEUE_STATS] t_ms=21744 q_pkts=385 q_bytes=579040 qdelay_l_ms=0.976868 qdelay_c_ms=47.254 ecn_mark=66 drop=0
[QUEUE_STATS] t_ms=21760 q_pkts=691 q_bytes=1037864 qdelay_l_ms=1.03944 qdelay_c_ms=47.2658 ecn_mark=66 drop=0
[QUEUE_STATS] t_ms=21776 q_pkts=692 q_bytes=1039368 qdelay_l_ms=0.107272 qdelay_c_ms=28.0657 ecn_mark=66 drop=0
[QUEUE_STATS] t_ms=21792 q_pkts=627 q_bytes=941608 qdelay_l_ms=1.12304 qdelay_c_ms=43.6366 ecn_mark=67 drop=0
[QUEUE_STATS] t_ms=21808 q_pkts=388 q_bytes=583552 qdelay_l_ms=0 qdelay_c_ms=46.4226 ecn_mark=68 drop=0
[QUEUE_STATS] t_ms=21824 q_pkts=693 q_bytes=1041972 qdelay_l_ms=0.989491 qdelay_c_ms=46.8667 ecn_mark=68 drop=0
[QUEUE_STATS] t_ms=21840 q_pkts=693 q_bytes=1041972 qdelay_l_ms=0.741324 qdelay_c_ms=27.6432 ecn_mark=68 drop=0
[QUEUE_STATS] t_ms=21856 q_pkts=639 q_bytes=960756 qdelay_l_ms=0.81334 qdelay_c_ms=42.9301 ecn_mark=68 drop=0
[QUEUE_STATS] t_ms=21872 q_pkts=405 q_bytes=609120 qdelay_l_ms=0.986366 qdelay_c_ms=47.1152 ecn_mark=68 drop=0
[QUEUE_STATS] t_ms=21888 q_pkts=690 q_bytes=1037760 qdelay_l_ms=0.98909 qdelay_c_ms=47.8954 ecn_mark=68 drop=0
[QUEUE_STATS] t_ms=21904 q_pkts=690 q_bytes=1037760 qdelay_l_ms=1.06812 qdelay_c_ms=27.5666 ecn_mark=68 drop=0
[QUEUE_STATS] t_ms=21920 q_pkts=664 q_bytes=998656 qdelay_l_ms=1.10481 qdelay_c_ms=41.5063 ecn_mark=68 drop=0
[QUEUE_STATS] t_ms=21936 q_pkts=416 q_bytes=625664 qdelay_l_ms=0.98889 qdelay_c_ms=46.6436 ecn_mark=68 drop=0
[QUEUE_STATS] t_ms=21952 q_pkts=695 q_bytes=1043880 qdelay_l_ms=0.982369 qdelay_c_ms=46.8397 ecn_mark=69 drop=0
[QUEUE_STATS] t_ms=21968 q_pkts=691 q_bytes=1037864 qdelay_l_ms=1.00996 qdelay_c_ms=27.0696 ecn_mark=69 drop=0
[QUEUE_STATS] t_ms=21984 q_pkts=682 q_bytes=1024328 qdelay_l_ms=0.10111 qdelay_c_ms=40.7992 ecn_mark=69 drop=0
[QUEUE_STATS] t_ms=22000 q_pkts=481 q_bytes=723424 qdelay_l_ms=0.976948 qdelay_c_ms=48.0875 ecn_mark=70 drop=0
[QUEUE_STATS] t_ms=22016 q_pkts=691 q_bytes=1038964 qdelay_l_ms=0 qdelay_c_ms=46.2705 ecn_mark=70 drop=0
[QUEUE_STATS] t_ms=22032 q_pkts=692 q_bytes=1040468 qdelay_l_ms=0.131348 qdelay_c_ms=22.9649 ecn_mark=71 drop=0
[QUEUE_STATS] t_ms=22048 q_pkts=694 q_bytes=1043476 qdelay_l_ms=0.768145 qdelay_c_ms=37.7156 ecn_mark=72 drop=0
[QUEUE_STATS] t_ms=22064 q_pkts=521 q_bytes=783584 qdelay_l_ms=0.966689 qdelay_c_ms=47.882 ecn_mark=73 drop=0
[QUEUE_STATS] t_ms=22080 q_pkts=695 q_bytes=1045280 qdelay_l_ms=0.860058 qdelay_c_ms=47.5581 ecn_mark=74 drop=0
[QUEUE_STATS] t_ms=22096 q_pkts=695 q_bytes=1045280 qdelay_l_ms=1.04095 qdelay_c_ms=47.6263 ecn_mark=75 drop=0
[QUEUE_STATS] t_ms=22112 q_pkts=691 q_bytes=1039264 qdelay_l_ms=0 qdelay_c_ms=34.5592 ecn_mark=75 drop=0
[QUEUE_STATS] t_ms=22129 q_pkts=536 q_bytes=806144 qdelay_l_ms=1.0683 qdelay_c_ms=47.2571 ecn_mark=75 drop=0
[QUEUE_STATS] t_ms=22144 q_pkts=697 q_bytes=1046888 qdelay_l_ms=0.981096 qdelay_c_ms=46.9805 ecn_mark=75 drop=0
[QUEUE_STATS] t_ms=22160 q_pkts=697 q_bytes=1046888 qdelay_l_ms=1.0054 qdelay_c_ms=46.7879 ecn_mark=75 drop=0
[QUEUE_STATS] t_ms=22176 q_pkts=706 q_bytes=1060424 qdelay_l_ms=0.979552 qdelay_c_ms=34.5715 ecn_mark=75 drop=0
[QUEUE_STATS] t_ms=22193 q_pkts=586 q_bytes=881344 qdelay_l_ms=1.10912 qdelay_c_ms=47.3127 ecn_mark=75 drop=0
[QUEUE_STATS] t_ms=22208 q_pkts=352 q_bytes=529408 qdelay_l_ms=1.12371 qdelay_c_ms=47.0558 ecn_mark=75 drop=0
[QUEUE_STATS] t_ms=22224 q_pkts=706 q_bytes=1061524 qdelay_l_ms=0.894382 qdelay_c_ms=46.7048 ecn_mark=76 drop=0
[QUEUE_STATS] t_ms=22240 q_pkts=696 q_bytes=1046484 qdelay_l_ms=1.17231 qdelay_c_ms=31.0955 ecn_mark=77 drop=0
[QUEUE_STATS] t_ms=22256 q_pkts=609 q_bytes=915636 qdelay_l_ms=1.11842 qdelay_c_ms=44.9171 ecn_mark=78 drop=0
[QUEUE_STATS] t_ms=22272 q_pkts=374 q_bytes=562496 qdelay_l_ms=0.98309 qdelay_c_ms=48.2535 ecn_mark=78 drop=0
[QUEUE_STATS] t_ms=22288 q_pkts=694 q_bytes=1043776 qdelay_l_ms=1.18806 qdelay_c_ms=48.2544 ecn_mark=80 drop=0
[QUEUE_STATS] t_ms=22304 q_pkts=684 q_bytes=1028736 qdelay_l_ms=0.092224 qdelay_c_ms=30.1763 ecn_mark=81 drop=0
[QUEUE_STATS] t_ms=22320 q_pkts=660 q_bytes=992640 qdelay_l_ms=0.962791 qdelay_c_ms=44.9641 ecn_mark=82 drop=0
[QUEUE_STATS] t_ms=22336 q_pkts=407 q_bytes=612128 qdelay_l_ms=0 qdelay_c_ms=46.8892 ecn_mark=83 drop=0
[QUEUE_STATS] t_ms=22352 q_pkts=694 q_bytes=1042376 qdelay_l_ms=0.890245 qdelay_c_ms=48.0077 ecn_mark=84 drop=0
[QUEUE_STATS] t_ms=22368 q_pkts=696 q_bytes=1045384 qdelay_l_ms=0.997657 qdelay_c_ms=27.6168 ecn_mark=84 drop=0
[QUEUE_STATS] t_ms=22384 q_pkts=688 q_bytes=1033352 qdelay_l_ms=0.128972 qdelay_c_ms=40.9515 ecn_mark=85 drop=0
[QUEUE_STATS] t_ms=22400 q_pkts=470 q_bytes=706880 qdelay_l_ms=0.978951 qdelay_c_ms=47.601 ecn_mark=85 drop=0
[QUEUE_STATS] t_ms=22416 q_pkts=697 q_bytes=1047988 qdelay_l_ms=1.12966 qdelay_c_ms=47.7908 ecn_mark=86 drop=0
[QUEUE_STATS] t_ms=22432 q_pkts=696 q_bytes=1046484 qdelay_l_ms=1.1605 qdelay_c_ms=48.2014 ecn_mark=87 drop=0
[QUEUE_STATS] t_ms=22448 q_pkts=700 q_bytes=1052500 qdelay_l_ms=1.16048 qdelay_c_ms=37.6575 ecn_mark=88 drop=0
[QUEUE_STATS] t_ms=22464 q_pkts=479 q_bytes=720416 qdelay_l_ms=0.966708 qdelay_c_ms=47.8152 ecn_mark=88 drop=0
[QUEUE_STATS] t_ms=22480 q_pkts=697 q_bytes=1048288 qdelay_l_ms=0.968783 qdelay_c_ms=47.6048 ecn_mark=89 drop=0
[QUEUE_STATS] t_ms=22496 q_pkts=695 q_bytes=1045280 qdelay_l_ms=1.06689 qdelay_c_ms=47.8494 ecn_mark=91 drop=0
[QUEUE_STATS] t_ms=22512 q_pkts=684 q_bytes=1028736 qdelay_l_ms=0 qdelay_c_ms=37.3669 ecn_mark=92 drop=0
[QUEUE_STATS] t_ms=22528 q_pkts=543 q_bytes=816672 qdelay_l_ms=0.731707 qdelay_c_ms=49.1218 ecn_mark=93 drop=0
[QUEUE_STATS] t_ms=22544 q_pkts=698 q_bytes=1048392 qdelay_l_ms=0.864126 qdelay_c_ms=47.6991 ecn_mark=94 drop=0
[QUEUE_STATS] t_ms=22560 q_pkts=700 q_bytes=1051400 qdelay_l_ms=1.03558 qdelay_c_ms=47.5232 ecn_mark=94 drop=0
[QUEUE_STATS] t_ms=22576 q_pkts=692 q_bytes=1039368 qdelay_l_ms=0 qdelay_c_ms=35.6312 ecn_mark=94 drop=0
[QUEUE_STATS] t_ms=22592 q_pkts=569 q_bytes=855776 qdelay_l_ms=1.12538 qdelay_c_ms=46.8309 ecn_mark=94 drop=0
[QUEUE_STATS] t_ms=22608 q_pkts=349 q_bytes=524896 qdelay_l_ms=0.12753 qdelay_c_ms=46.1276 ecn_mark=95 drop=0
[QUEUE_STATS] t_ms=22624 q_pkts=696 q_bytes=1046484 qdelay_l_ms=1.00456 qdelay_c_ms=47.7975 ecn_mark=96 drop=0
[QUEUE_STATS] t_ms=22641 q_pkts=687 q_bytes=1032948 qdelay_l_ms=1.10875 qdelay_c_ms=31.7948 ecn_mark=97 drop=0
[QUEUE_STATS] t_ms=22656 q_pkts=587 q_bytes=882848 qdelay_l_ms=0.785247 qdelay_c_ms=46.1855 ecn_mark=98 drop=0
[QUEUE_STATS] t_ms=22672 q_pkts=353 q_bytes=530912 qdelay_l_ms=0.961559 qdelay_c_ms=47.9571 ecn_mark=98 drop=0
[QUEUE_STATS] t_ms=22688 q_pkts=700 q_bytes=1052800 qdelay_l_ms=0.980715 qdelay_c_ms=46.7589 ecn_mark=102 drop=0
[QUEUE_STATS] t_ms=22704 q_pkts=696 q_bytes=1046784 qdelay_l_ms=1.12535 qdelay_c_ms=30.7028 ecn_mark=102 drop=0
[QUEUE_STATS] t_ms=22721 q_pkts=598 q_bytes=899392 qdelay_l_ms=1.10609 qdelay_c_ms=46.1208 ecn_mark=104 drop=0
[QUEUE_STATS] t_ms=22736 q_pkts=364 q_bytes=547456 qdelay_l_ms=1.07133 qdelay_c_ms=48.1624 ecn_mark=105 drop=0
[QUEUE_STATS] t_ms=22752 q_pkts=693 q_bytes=1040872 qdelay_l_ms=0 qdelay_c_ms=47.1403 ecn_mark=105 drop=0
[QUEUE_STATS] t_ms=22768 q_pkts=698 q_bytes=1048392 qdelay_l_ms=1.01729 qdelay_c_ms=29.6251 ecn_mark=105 drop=0
[QUEUE_STATS] t_ms=22784 q_pkts=676 q_bytes=1015304 qdelay_l_ms=1.11805 qdelay_c_ms=44.2746 ecn_mark=105 drop=0
[QUEUE_STATS] t_ms=22800 q_pkts=426 q_bytes=640704 qdelay_l_ms=0.975566 qdelay_c_ms=47.5001 ecn_mark=107 drop=0
[QUEUE_STATS] t_ms=22816 q_pkts=693 q_bytes=1041972 qdelay_l_ms=1.0675 qdelay_c_ms=47.7012 ecn_mark=108 drop=0
[QUEUE_STATS] t_ms=22832 q_pkts=699 q_bytes=1050996 qdelay_l_ms=0.960217 qdelay_c_ms=25.8075 ecn_mark=110 drop=0
[QUEUE_STATS] t_ms=22849 q_pkts=673 q_bytes=1011892 qdelay_l_ms=1.10575 qdelay_c_ms=41.0561 ecn_mark=111 drop=0
[QUEUE_STATS] t_ms=22864 q_pkts=454 q_bytes=682816 qdelay_l_ms=0.966237 qdelay_c_ms=48.3113 ecn_mark=111 drop=0
[QUEUE_STATS] t_ms=22880 q_pkts=696 q_bytes=1046784 qdelay_l_ms=1.01056 qdelay_c_ms=48.0021 ecn_mark=112 drop=0
[QUEUE_STATS] t_ms=22896 q_pkts=686 q_bytes=1031744 qdelay_l_ms=0.055284 qdelay_c_ms=24.827 ecn_mark=112 drop=0
[QUEUE_STATS] t_ms=22912 q_pkts=698 q_bytes=1049792 qdelay_l_ms=1.17659 qdelay_c_ms=39.4327 ecn_mark=113 drop=0
[QUEUE_STATS] t_ms=22928 q_pkts=448 q_bytes=673792 qdelay_l_ms=0.06898 qdelay_c_ms=46.1818 ecn_mark=113 drop=0
[QUEUE_STATS] t_ms=22944 q_pkts=694 q_bytes=1042376 qdelay_l_ms=0.883922 qdelay_c_ms=47.6395 ecn_mark=117 drop=0
[QUEUE_STATS] t_ms=22960 q_pkts=695 q_bytes=1043880 qdelay_l_ms=0.03203 qdelay_c_ms=25.1276 ecn_mark=120 drop=0
[QUEUE_STATS] t_ms=22976 q_pkts=689 q_bytes=1034856 qdelay_l_ms=0.763947 qdelay_c_ms=40.4001 ecn_mark=122 drop=0
[QUEUE_STATS] t_ms=22992 q_pkts=500 q_bytes=752000 qdelay_l_ms=0.970295 qdelay_c_ms=47.9342 ecn_mark=125 drop=0
[QUEUE_STATS] t_ms=23008 q_pkts=692 q_bytes=1040468 qdelay_l_ms=0.911144 qdelay_c_ms=48.0945 ecn_mark=126 drop=0
[QUEUE_STATS] t_ms=23024 q_pkts=694 q_bytes=1043476 qdelay_l_ms=1.00198 qdelay_c_ms=47.004 ecn_mark=127 drop=0
[QUEUE_STATS] t_ms=23040 q_pkts=695 q_bytes=1044980 qdelay_l_ms=0.865889 qdelay_c_ms=35.7333 ecn_mark=129 drop=0
[QUEUE_STATS] t_ms=23056 q_pkts=567 q_bytes=852768 qdelay_l_ms=1.07306 qdelay_c_ms=46.8171 ecn_mark=129 drop=0
[QUEUE_STATS] t_ms=23072 q_pkts=459 q_bytes=690336 qdelay_l_ms=0 qdelay_c_ms=46.061 ecn_mark=130 drop=0
[QUEUE_STATS] t_ms=23088 q_pkts=694 q_bytes=1043776 qdelay_l_ms=1.06754 qdelay_c_ms=47.5068 ecn_mark=130 drop=0
[QUEUE_STATS] t_ms=23104 q_pkts=681 q_bytes=1024224 qdelay_l_ms=0 qdelay_c_ms=31.9656 ecn_mark=130 drop=0
[QUEUE_STATS] t_ms=23120 q_pkts=573 q_bytes=861792 qdelay_l_ms=1.10951 qdelay_c_ms=46.8737 ecn_mark=131 drop=0
[QUEUE_STATS] t_ms=23136 q_pkts=367 q_bytes=551968 qdelay_l_ms=0.213692 qdelay_c_ms=47.0736 ecn_mark=132 drop=0
[QUEUE_STATS] t_ms=23152 q_pkts=694 q_bytes=1042376 qdelay_l_ms=1.00408 qdelay_c_ms=47.3779 ecn_mark=132 drop=0
[QUEUE_STATS] t_ms=23168 q_pkts=699 q_bytes=1049896 qdelay_l_ms=1.0613 qdelay_c_ms=31.5727 ecn_mark=133 drop=0
[QUEUE_STATS] t_ms=23184 q_pkts=597 q_bytes=896488 qdelay_l_ms=1.07187 qdelay_c_ms=46.3467 ecn_mark=135 drop=0
[QUEUE_STATS] t_ms=23200 q_pkts=348 q_bytes=523392 qdelay_l_ms=0.976346 qdelay_c_ms=48.0672 ecn_mark=135 drop=0
[QUEUE_STATS] t_ms=23216 q_pkts=695 q_bytes=1044980 qdelay_l_ms=1.00225 qdelay_c_ms=46.7996 ecn_mark=136 drop=0
[QUEUE_STATS] t_ms=23232 q_pkts=700 q_bytes=1052500 qdelay_l_ms=1.1097 qdelay_c_ms=31.3738 ecn_mark=137 drop=0
[QUEUE_STATS] t_ms=23248 q_pkts=597 q_bytes=897588 qdelay_l_ms=1.10657 qdelay_c_ms=45.6268 ecn_mark=137 drop=0
[QUEUE_STATS] t_ms=23264 q_pkts=377 q_bytes=567008 qdelay_l_ms=0.984372 qdelay_c_ms=48.2441 ecn_mark=137 drop=0
[QUEUE_STATS] t_ms=23280 q_pkts=681 q_bytes=1024224 qdelay_l_ms=0 qdelay_c_ms=45.9202 ecn_mark=138 drop=0
[QUEUE_STATS] t_ms=23296 q_pkts=687 q_bytes=1033248 qdelay_l_ms=0.055724 qdelay_c_ms=30.3211 ecn_mark=139 drop=0
[QUEUE_STATS] t_ms=23313 q_pkts=597 q_bytes=897888 qdelay_l_ms=1.06931 qdelay_c_ms=45.9992 ecn_mark=140 drop=0
[QUEUE_STATS] t_ms=23328 q_pkts=363 q_bytes=545952 qdelay_l_ms=0.051387 qdelay_c_ms=47.2252 ecn_mark=140 drop=0
[QUEUE_STATS] t_ms=23344 q_pkts=677 q_bytes=1016808 qdelay_l_ms=0.073869 qdelay_c_ms=46.8117 ecn_mark=141 drop=0
[QUEUE_STATS] t_ms=23360 q_pkts=695 q_bytes=1043880 qdelay_l_ms=1.11522 qdelay_c_ms=29.4786 ecn_mark=141 drop=0
[QUEUE_STATS] t_ms=23376 q_pkts=656 q_bytes=985224 qdelay_l_ms=1.06656 qdelay_c_ms=44.7605 ecn_mark=141 drop=0
[QUEUE_STATS] t_ms=23392 q_pkts=416 q_bytes=625664 qdelay_l_ms=0.973912 qdelay_c_ms=46.8663 ecn_mark=142 drop=0
[QUEUE_STATS] t_ms=23408 q_pkts=675 q_bytes=1014900 qdelay_l_ms=0.05356 qdelay_c_ms=45.8357 ecn_mark=142 drop=0
[QUEUE_STATS] t_ms=23424 q_pkts=700 q_bytes=1052500 qdelay_l_ms=1.1762 qdelay_c_ms=27.9045 ecn_mark=142 drop=0
[QUEUE_STATS] t_ms=23440 q_pkts=671 q_bytes=1008884 qdelay_l_ms=1.09507 qdelay_c_ms=41.4838 ecn_mark=142 drop=0
[QUEUE_STATS] t_ms=23456 q_pkts=422 q_bytes=634688 qdelay_l_ms=0.996003 qdelay_c_ms=47.7869 ecn_mark=143 drop=0
[QUEUE_STATS] t_ms=23472 q_pkts=704 q_bytes=1058816 qdelay_l_ms=0.982869 qdelay_c_ms=48.1896 ecn_mark=143 drop=0
[QUEUE_STATS] t_ms=23488 q_pkts=691 q_bytes=1039264 qdelay_l_ms=0.987277 qdelay_c_ms=26.6474 ecn_mark=143 drop=0
[QUEUE_STATS] t_ms=23504 q_pkts=661 q_bytes=994144 qdelay_l_ms=0.992176 qdelay_c_ms=41.2199 ecn_mark=143 drop=0
[QUEUE_STATS] t_ms=23520 q_pkts=428 q_bytes=643712 qdelay_l_ms=1.0679 qdelay_c_ms=46.8031 ecn_mark=146 drop=0
[QUEUE_STATS] t_ms=23536 q_pkts=700 q_bytes=1051400 qdelay_l_ms=1.08324 qdelay_c_ms=47.3736 ecn_mark=146 drop=0
[QUEUE_STATS] t_ms=23552 q_pkts=683 q_bytes=1025832 qdelay_l_ms=0.05869 qdelay_c_ms=25.6043 ecn_mark=146 drop=0
[QUEUE_STATS] t_ms=23568 q_pkts=680 q_bytes=1021320 qdelay_l_ms=0.089308 qdelay_c_ms=39.9973 ecn_mark=146 drop=0
[QUEUE_STATS] t_ms=23584 q_pkts=481 q_bytes=723424 qdelay_l_ms=1.12616 qdelay_c_ms=47.71 ecn_mark=146 drop=0
[QUEUE_STATS] t_ms=23600 q_pkts=678 q_bytes=1019412 qdelay_l_ms=0.064411 qdelay_c_ms=46.7582 ecn_mark=150 drop=0
[QUEUE_STATS] t_ms=23616 q_pkts=695 q_bytes=1044980 qdelay_l_ms=0.992096 qdelay_c_ms=46.741 ecn_mark=151 drop=0
[QUEUE_STATS] t_ms=23632 q_pkts=698 q_bytes=1049492 qdelay_l_ms=0.867302 qdelay_c_ms=36.974 ecn_mark=151 drop=0
[QUEUE_STATS] t_ms=23648 q_pkts=538 q_bytes=809152 qdelay_l_ms=1.06792 qdelay_c_ms=47.0509 ecn_mark=153 drop=0
[QUEUE_STATS] t_ms=23664 q_pkts=687 q_bytes=1033248 qdelay_l_ms=0.694276 qdelay_c_ms=47.3691 ecn_mark=153 drop=0
[QUEUE_STATS] t_ms=23680 q_pkts=693 q_bytes=1042272 qdelay_l_ms=1.10408 qdelay_c_ms=47.6282 ecn_mark=155 drop=0
[QUEUE_STATS] t_ms=23696 q_pkts=689 q_bytes=1036256 qdelay_l_ms=0 qdelay_c_ms=34.4493 ecn_mark=155 drop=0
[QUEUE_STATS] t_ms=23712 q_pkts=577 q_bytes=867808 qdelay_l_ms=1.10858 qdelay_c_ms=46.4629 ecn_mark=156 drop=0
[QUEUE_STATS] t_ms=23728 q_pkts=387 q_bytes=582048 qdelay_l_ms=0.302149 qdelay_c_ms=46.0262 ecn_mark=158 drop=0
[QUEUE_STATS] t_ms=23744 q_pkts=688 q_bytes=1033352 qdelay_l_ms=1.07573 qdelay_c_ms=47.2461 ecn_mark=158 drop=0
[QUEUE_STATS] t_ms=23760 q_pkts=701 q_bytes=1052904 qdelay_l_ms=1.18558 qdelay_c_ms=31.9723 ecn_mark=159 drop=0
[QUEUE_STATS] t_ms=23776 q_pkts=642 q_bytes=964168 qdelay_l_ms=1.12637 qdelay_c_ms=45.9726 ecn_mark=160 drop=0
[QUEUE_STATS] t_ms=23792 q_pkts=391 q_bytes=588064 qdelay_l_ms=0.019807 qdelay_c_ms=45.9481 ecn_mark=160 drop=0
[QUEUE_STATS] t_ms=23808 q_pkts=690 q_bytes=1037460 qdelay_l_ms=1.17057 qdelay_c_ms=48.2168 ecn_mark=160 drop=0
[QUEUE_STATS] t_ms=23824 q_pkts=694 q_bytes=1043476 qdelay_l_ms=1.00611 qdelay_c_ms=28.4014 ecn_mark=160 drop=0
[QUEUE_STATS] t_ms=23840 q_pkts=637 q_bytes=957748 qdelay_l_ms=0.984663 qdelay_c_ms=42.5233 ecn_mark=160 drop=0
[QUEUE_STATS] t_ms=23856 q_pkts=398 q_bytes=598592 qdelay_l_ms=0 qdelay_c_ms=45.9975 ecn_mark=161 drop=0
[QUEUE_STATS] t_ms=23872 q_pkts=689 q_bytes=1036256 qdelay_l_ms=0.995112 qdelay_c_ms=46.6799 ecn_mark=162 drop=0
[QUEUE_STATS] t_ms=23888 q_pkts=693 q_bytes=1042272 qdelay_l_ms=1.18606 qdelay_c_ms=26.8649 ecn_mark=162 drop=0
[QUEUE_STATS] t_ms=23904 q_pkts=663 q_bytes=997152 qdelay_l_ms=1.10157 qdelay_c_ms=41.1083 ecn_mark=163 drop=0
[QUEUE_STATS] t_ms=23920 q_pkts=414 q_bytes=622656 qdelay_l_ms=1.00863 qdelay_c_ms=46.9117 ecn_mark=163 drop=0
[QUEUE_STATS] t_ms=23936 q_pkts=670 q_bytes=1006280 qdelay_l_ms=0 qdelay_c_ms=46.0837 ecn_mark=164 drop=0
[QUEUE_STATS] t_ms=23952 q_pkts=694 q_bytes=1042376 qdelay_l_ms=1.0061 qdelay_c_ms=27.1484 ecn_mark=165 drop=0
[QUEUE_STATS] t_ms=23968 q_pkts=686 q_bytes=1030344 qdelay_l_ms=0.991465 qdelay_c_ms=42.2414 ecn_mark=165 drop=0
[QUEUE_STATS] t_ms=23984 q_pkts=470 q_bytes=706880 qdelay_l_ms=1.0079 qdelay_c_ms=46.8682 ecn_mark=165 drop=0
[QUEUE_STATS] t_ms=24000 q_pkts=687 q_bytes=1032948 qdelay_l_ms=0.843988 qdelay_c_ms=46.7222 ecn_mark=169 drop=0
[QUEUE_STATS] t_ms=24016 q_pkts=695 q_bytes=1044980 qdelay_l_ms=1.17618 qdelay_c_ms=24.7516 ecn_mark=170 drop=0
[QUEUE_STATS] t_ms=24032 q_pkts=695 q_bytes=1044980 qdelay_l_ms=1.00085 qdelay_c_ms=38.3737 ecn_mark=170 drop=0
[QUEUE_STATS] t_ms=24048 q_pkts=506 q_bytes=761024 qdelay_l_ms=1.01595 qdelay_c_ms=46.5169 ecn_mark=170 drop=0
[QUEUE_STATS] t_ms=24064 q_pkts=688 q_bytes=1034752 qdelay_l_ms=1.16908 qdelay_c_ms=46.6646 ecn_mark=170 drop=0
[QUEUE_STATS] t_ms=24080 q_pkts=693 q_bytes=1042272 qdelay_l_ms=1.18302 qdelay_c_ms=47.1113 ecn_mark=172 drop=0
[QUEUE_STATS] t_ms=24096 q_pkts=693 q_bytes=1042272 qdelay_l_ms=0 qdelay_c_ms=36.7032 ecn_mark=173 drop=0
[QUEUE_STATS] t_ms=24112 q_pkts=517 q_bytes=777568 qdelay_l_ms=1.06858 qdelay_c_ms=47.4297 ecn_mark=173 drop=0
[QUEUE_STATS] t_ms=24128 q_pkts=686 q_bytes=1030912 qdelay_l_ms=0.882921 qdelay_c_ms=46.9652 ecn_mark=174 drop=0
[QUEUE_STATS] t_ms=24144 q_pkts=690 q_bytes=1036928 qdelay_l_ms=1.00251 qdelay_c_ms=46.9526 ecn_mark=174 drop=0
[QUEUE_STATS] t_ms=24160 q_pkts=692 q_bytes=1039936 qdelay_l_ms=1.00645 qdelay_c_ms=36.6884 ecn_mark=174 drop=0
[QUEUE_STATS] t_ms=24176 q_pkts=558 q_bytes=839232 qdelay_l_ms=1.0672 qdelay_c_ms=47.2813 ecn_mark=174 drop=0
[QUEUE_STATS] t_ms=24192 q_pkts=679 q_bytes=1020348 qdelay_l_ms=0.088977 qdelay_c_ms=46.2121 ecn_mark=174 drop=0
[QUEUE_STATS] t_ms=24208 q_pkts=694 q_bytes=1042908 qdelay_l_ms=0.835422 qdelay_c_ms=46.9034 ecn_mark=175 drop=0
[QUEUE_STATS] t_ms=24224 q_pkts=692 q_bytes=1039900 qdelay_l_ms=0 qdelay_c_ms=33.8983 ecn_mark=175 drop=0
[QUEUE_STATS] t_ms=24240 q_pkts=587 q_bytes=882848 qdelay_l_ms=0.992156 qdelay_c_ms=45.9996 ecn_mark=176 drop=0
[QUEUE_STATS] t_ms=24256 q_pkts=352 q_bytes=529408 qdelay_l_ms=0.999941 qdelay_c_ms=47.0318 ecn_mark=176 drop=0
[QUEUE_STATS] t_ms=24272 q_pkts=683 q_bytes=1027232 qdelay_l_ms=0.873924 qdelay_c_ms=45.9574 ecn_mark=176 drop=0
[QUEUE_STATS] t_ms=24288 q_pkts=686 q_bytes=1031744 qdelay_l_ms=1.13836 qdelay_c_ms=29.9626 ecn_mark=176 drop=0
[QUEUE_STATS] t_ms=24305 q_pkts=600 q_bytes=902400 qdelay_l_ms=1.10831 qdelay_c_ms=44.9646 ecn_mark=176 drop=0
[QUEUE_STATS] t_ms=24320 q_pkts=380 q_bytes=571520 qdelay_l_ms=1.06559 qdelay_c_ms=47.6575 ecn_mark=176 drop=0
[QUEUE_STATS] t_ms=24336 q_pkts=684 q_bytes=1027904 qdelay_l_ms=0.150323 qdelay_c_ms=46.1498 ecn_mark=176 drop=0
[QUEUE_STATS] t_ms=24352 q_pkts=668 q_bytes=1003840 qdelay_l_ms=0.019587 qdelay_c_ms=29.6323 ecn_mark=176 drop=0
[QUEUE_STATS] t_ms=24368 q_pkts=644 q_bytes=967744 qdelay_l_ms=1.02275 qdelay_c_ms=44.7098 ecn_mark=177 drop=0
[QUEUE_STATS] t_ms=24384 q_pkts=408 q_bytes=613632 qdelay_l_ms=1.10657 qdelay_c_ms=47.729 ecn_mark=177 drop=0
[QUEUE_STATS] t_ms=24400 q_pkts=682 q_bytes=1024860 qdelay_l_ms=0.104005 qdelay_c_ms=45.9138 ecn_mark=178 drop=0
[QUEUE_STATS] t_ms=24416 q_pkts=689 q_bytes=1035388 qdelay_l_ms=1.09987 qdelay_c_ms=26.8055 ecn_mark=178 drop=0
[QUEUE_STATS] t_ms=24432 q_pkts=665 q_bytes=999292 qdelay_l_ms=1.07831 qdelay_c_ms=40.9933 ecn_mark=178 drop=0
[QUEUE_STATS] t_ms=24448 q_pkts=411 q_bytes=618144 qdelay_l_ms=1.02263 qdelay_c_ms=46.642 ecn_mark=179 drop=0
[QUEUE_STATS] t_ms=24464 q_pkts=687 q_bytes=1033248 qdelay_l_ms=1.01743 qdelay_c_ms=46.9676 ecn_mark=179 drop=0
[QUEUE_STATS] t_ms=24480 q_pkts=686 q_bytes=1031744 qdelay_l_ms=0.869516 qdelay_c_ms=25.9699 ecn_mark=179 drop=0
[QUEUE_STATS] t_ms=24496 q_pkts=676 q_bytes=1016704 qdelay_l_ms=1.02911 qdelay_c_ms=40.5949 ecn_mark=182 drop=0
[QUEUE_STATS] t_ms=24512 q_pkts=425 q_bytes=639200 qdelay_l_ms=1.01674 qdelay_c_ms=46.9887 ecn_mark=182 drop=0
[QUEUE_STATS] t_ms=24528 q_pkts=692 q_bytes=1039936 qdelay_l_ms=1.16366 qdelay_c_ms=46.7333 ecn_mark=182 drop=0
[QUEUE_STATS] t_ms=24544 q_pkts=688 q_bytes=1033920 qdelay_l_ms=1.11468 qdelay_c_ms=24.616 ecn_mark=182 drop=0
[QUEUE_STATS] t_ms=24560 q_pkts=689 q_bytes=1035424 qdelay_l_ms=1.17451 qdelay_c_ms=39.1442 ecn_mark=182 drop=0
[QUEUE_STATS] t_ms=24576 q_pkts=451 q_bytes=678304 qdelay_l_ms=1.08031 qdelay_c_ms=46.3657 ecn_mark=182 drop=0
[QUEUE_STATS] t_ms=24592 q_pkts=670 q_bytes=1006812 qdelay_l_ms=0.055624 qdelay_c_ms=45.3183 ecn_mark=182 drop=0
[QUEUE_STATS] t_ms=24608 q_pkts=674 q_bytes=1012828 qdelay_l_ms=0 qdelay_c_ms=24.9945 ecn_mark=183 drop=0
[QUEUE_STATS] t_ms=24624 q_pkts=682 q_bytes=1024860 qdelay_l_ms=0.968062 qdelay_c_ms=40.2088 ecn_mark=184 drop=0
[QUEUE_STATS] t_ms=24640 q_pkts=486 q_bytes=730944 qdelay_l_ms=0.025388 qdelay_c_ms=45.9325 ecn_mark=184 drop=0
[QUEUE_STATS] t_ms=24656 q_pkts=684 q_bytes=1028736 qdelay_l_ms=0.13799 qdelay_c_ms=45.936 ecn_mark=185 drop=0
[QUEUE_STATS] t_ms=24672 q_pkts=684 q_bytes=1028736 qdelay_l_ms=1.02806 qdelay_c_ms=47.3272 ecn_mark=185 drop=0
[QUEUE_STATS] t_ms=24688 q_pkts=689 q_bytes=1036256 qdelay_l_ms=1.02292 qdelay_c_ms=36.0655 ecn_mark=185 drop=0
[QUEUE_STATS] t_ms=24704 q_pkts=512 q_bytes=770048 qdelay_l_ms=1.06898 qdelay_c_ms=47.3042 ecn_mark=185 drop=0
[QUEUE_STATS] t_ms=24720 q_pkts=688 q_bytes=1033920 qdelay_l_ms=1.33144 qdelay_c_ms=45.6922 ecn_mark=185 drop=0
[QUEUE_STATS] t_ms=24736 q_pkts=683 q_bytes=1026400 qdelay_l_ms=1.01062 qdelay_c_ms=45.845 ecn_mark=189 drop=0
[QUEUE_STATS] t_ms=24752 q_pkts=686 q_bytes=1030912 qdelay_l_ms=1.09148 qdelay_c_ms=34.6971 ecn_mark=189 drop=0
[QUEUE_STATS] t_ms=24768 q_pkts=526 q_bytes=791104 qdelay_l_ms=1.0157 qdelay_c_ms=46.877 ecn_mark=190 drop=0
[QUEUE_STATS] t_ms=24784 q_pkts=675 q_bytes=1014332 qdelay_l_ms=0.082345 qdelay_c_ms=46.0818 ecn_mark=190 drop=0
[QUEUE_STATS] t_ms=24800 q_pkts=685 q_bytes=1029372 qdelay_l_ms=0.912788 qdelay_c_ms=45.9915 ecn_mark=190 drop=0
[QUEUE_STATS] t_ms=24816 q_pkts=692 q_bytes=1039900 qdelay_l_ms=1.03117 qdelay_c_ms=34.7727 ecn_mark=190 drop=0
[QUEUE_STATS] t_ms=24832 q_pkts=525 q_bytes=789600 qdelay_l_ms=1.02083 qdelay_c_ms=45.6497 ecn_mark=190 drop=0
[QUEUE_STATS] t_ms=24848 q_pkts=640 q_bytes=962560 qdelay_l_ms=0 qdelay_c_ms=45.0835 ecn_mark=190 drop=0
[QUEUE_STATS] t_ms=24864 q_pkts=684 q_bytes=1028736 qdelay_l_ms=1.02231 qdelay_c_ms=46.7968 ecn_mark=191 drop=0
[QUEUE_STATS] t_ms=24880 q_pkts=679 q_bytes=1021216 qdelay_l_ms=0.119936 qdelay_c_ms=32.9685 ecn_mark=191 drop=0
[QUEUE_STATS] t_ms=24896 q_pkts=554 q_bytes=833216 qdelay_l_ms=1.10932 qdelay_c_ms=47.1198 ecn_mark=191 drop=0
[QUEUE_STATS] t_ms=24912 q_pkts=601 q_bytes=903904 qdelay_l_ms=0 qdelay_c_ms=45.1257 ecn_mark=193 drop=0
[QUEUE_STATS] t_ms=24928 q_pkts=672 q_bytes=1009856 qdelay_l_ms=0.056607 qdelay_c_ms=45.9723 ecn_mark=193 drop=0
[QUEUE_STATS] t_ms=24944 q_pkts=686 q_bytes=1030912 qdelay_l_ms=0.896296 qdelay_c_ms=32.8804 ecn_mark=194 drop=0
[QUEUE_STATS] t_ms=24960 q_pkts=554 q_bytes=833216 qdelay_l_ms=1.06136 qdelay_c_ms=46.228 ecn_mark=195 drop=0
[QUEUE_STATS] t_ms=24976 q_pkts=591 q_bytes=888864 qdelay_l_ms=0 qdelay_c_ms=44.9177 ecn_mark=195 drop=0
[QUEUE_STATS] t_ms=24992 q_pkts=688 q_bytes=1033884 qdelay_l_ms=1.01034 qdelay_c_ms=46.4657 ecn_mark=196 drop=0
[QUEUE_STATS] t_ms=25008 q_pkts=685 q_bytes=1029372 qdelay_l_ms=1.0145 qdelay_c_ms=32.8965 ecn_mark=196 drop=0
[QUEUE_STATS] t_ms=25025 q_pkts=584 q_bytes=878336 qdelay_l_ms=1.12267 qdelay_c_ms=45.8832 ecn_mark=196 drop=0
[QUEUE_STATS] t_ms=25040 q_pkts=347 q_bytes=521888 qdelay_l_ms=1.11843 qdelay_c_ms=46.9177 ecn_mark=196 drop=0
[QUEUE_STATS] t_ms=25056 q_pkts=685 q_bytes=1030240 qdelay_l_ms=0.99405 qdelay_c_ms=45.9776 ecn_mark=196 drop=0
[QUEUE_STATS] t_ms=25072 q_pkts=683 q_bytes=1027232 qdelay_l_ms=0.956499 qdelay_c_ms=30.5549 ecn_mark=196 drop=0
[QUEUE_STATS] t_ms=25089 q_pkts=583 q_bytes=876832 qdelay_l_ms=1.02943 qdelay_c_ms=45.8461 ecn_mark=196 drop=0
[QUEUE_STATS] t_ms=25104 q_pkts=346 q_bytes=520384 qdelay_l_ms=1.01731 qdelay_c_ms=45.8098 ecn_mark=198 drop=0
[QUEUE_STATS] t_ms=25120 q_pkts=682 q_bytes=1024896 qdelay_l_ms=0 qdelay_c_ms=45.7029 ecn_mark=198 drop=0
[QUEUE_STATS] t_ms=25136 q_pkts=684 q_bytes=1027904 qdelay_l_ms=1.03468 qdelay_c_ms=30.6732 ecn_mark=200 drop=0
[QUEUE_STATS] t_ms=25152 q_pkts=627 q_bytes=943008 qdelay_l_ms=1.10643 qdelay_c_ms=45.5085 ecn_mark=201 drop=0
[QUEUE_STATS] t_ms=25169 q_pkts=390 q_bytes=586560 qdelay_l_ms=1.11102 qdelay_c_ms=46.3761 ecn_mark=201 drop=0
[QUEUE_STATS] t_ms=25184 q_pkts=677 q_bytes=1017340 qdelay_l_ms=0.11159 qdelay_c_ms=45.1944 ecn_mark=203 drop=0
[QUEUE_STATS] t_ms=25200 q_pkts=670 q_bytes=1006812 qdelay_l_ms=0.034255 qdelay_c_ms=27.2957 ecn_mark=203 drop=0
[QUEUE_STATS] t_ms=25216 q_pkts=640 q_bytes=961692 qdelay_l_ms=1.03371 qdelay_c_ms=41.8278 ecn_mark=203 drop=0
[QUEUE_STATS] t_ms=25232 q_pkts=387 q_bytes=582048 qdelay_l_ms=1.02581 qdelay_c_ms=46.2344 ecn_mark=203 drop=0
[QUEUE_STATS] t_ms=25248 q_pkts=683 q_bytes=1027232 qdelay_l_ms=1.03329 qdelay_c_ms=45.711 ecn_mark=203 drop=0
[QUEUE_STATS] t_ms=25264 q_pkts=664 q_bytes=998656 qdelay_l_ms=0.067677 qdelay_c_ms=27.4344 ecn_mark=203 drop=0
[QUEUE_STATS] t_ms=25280 q_pkts=627 q_bytes=943008 qdelay_l_ms=1.10716 qdelay_c_ms=42.5148 ecn_mark=204 drop=0
[QUEUE_STATS] t_ms=25296 q_pkts=406 q_bytes=610624 qdelay_l_ms=1.03875 qdelay_c_ms=46.1446 ecn_mark=204 drop=0
[QUEUE_STATS] t_ms=25312 q_pkts=665 q_bytes=999328 qdelay_l_ms=0 qdelay_c_ms=46.3604 ecn_mark=204 drop=0
[QUEUE_STATS] t_ms=25328 q_pkts=677 q_bytes=1017376 qdelay_l_ms=0 qdelay_c_ms=27.3599 ecn_mark=206 drop=0
[QUEUE_STATS] t_ms=25344 q_pkts=672 q_bytes=1009856 qdelay_l_ms=1.17297 qdelay_c_ms=42.8944 ecn_mark=207 drop=0
[QUEUE_STATS] t_ms=25360 q_pkts=451 q_bytes=678304 qdelay_l_ms=1.03734 qdelay_c_ms=47.3583 ecn_mark=207 drop=0
[QUEUE_STATS] t_ms=25376 q_pkts=685 q_bytes=1029372 qdelay_l_ms=1.0818 qdelay_c_ms=47.2145 ecn_mark=208 drop=0
[QUEUE_STATS] t_ms=25392 q_pkts=682 q_bytes=1024860 qdelay_l_ms=1.12564 qdelay_c_ms=25.2324 ecn_mark=208 drop=0
[QUEUE_STATS] t_ms=25408 q_pkts=680 q_bytes=1021852 qdelay_l_ms=1.16046 qdelay_c_ms=39.0964 ecn_mark=208 drop=0
[QUEUE_STATS] t_ms=25424 q_pkts=434 q_bytes=652736 qdelay_l_ms=1.03093 qdelay_c_ms=46.2017 ecn_mark=209 drop=0
[QUEUE_STATS] t_ms=25440 q_pkts=684 q_bytes=1028736 qdelay_l_ms=1.02934 qdelay_c_ms=45.483 ecn_mark=209 drop=0
[QUEUE_STATS] t_ms=25456 q_pkts=684 q_bytes=1028736 qdelay_l_ms=1.14387 qdelay_c_ms=24.983 ecn_mark=209 drop=0
[QUEUE_STATS] t_ms=25472 q_pkts=686 q_bytes=1031744 qdelay_l_ms=1.18057 qdelay_c_ms=39.3855 ecn_mark=209 drop=0
[QUEUE_STATS] t_ms=25488 q_pkts=481 q_bytes=723424 qdelay_l_ms=1.03685 qdelay_c_ms=46.1163 ecn_mark=210 drop=0
[QUEUE_STATS] t_ms=25504 q_pkts=685 q_bytes=1029408 qdelay_l_ms=1.03677 qdelay_c_ms=45.5967 ecn_mark=211 drop=0
[QUEUE_STATS] t_ms=25520 q_pkts=670 q_bytes=1006848 qdelay_l_ms=0 qdelay_c_ms=44.7543 ecn_mark=211 drop=0
[QUEUE_STATS] t_ms=25536 q_pkts=685 q_bytes=1029408 qdelay_l_ms=1.03466 qdelay_c_ms=37.412 ecn_mark=211 drop=0
[QUEUE_STATS] t_ms=25552 q_pkts=476 q_bytes=715904 qdelay_l_ms=1.06691 qdelay_c_ms=45.9344 ecn_mark=211 drop=0
[QUEUE_STATS] t_ms=25568 q_pkts=683 q_bytes=1026364 qdelay_l_ms=1.05168 qdelay_c_ms=46.3006 ecn_mark=211 drop=0
[QUEUE_STATS] t_ms=25584 q_pkts=684 q_bytes=1027868 qdelay_l_ms=1.1172 qdelay_c_ms=46.1316 ecn_mark=212 drop=0
[QUEUE_STATS] t_ms=25600 q_pkts=690 q_bytes=1036892 qdelay_l_ms=1.03249 qdelay_c_ms=37.0041 ecn_mark=212 drop=0
[QUEUE_STATS] t_ms=25616 q_pkts=541 q_bytes=813664 qdelay_l_ms=1.09314 qdelay_c_ms=46.7998 ecn_mark=212 drop=0
[QUEUE_STATS] t_ms=25632 q_pkts=675 q_bytes=1015200 qdelay_l_ms=0.097944 qdelay_c_ms=44.9206 ecn_mark=214 drop=0
[QUEUE_STATS] t_ms=25648 q_pkts=681 q_bytes=1024224 qdelay_l_ms=0.997507 qdelay_c_ms=45.8416 ecn_mark=214 drop=0
[QUEUE_STATS] t_ms=25664 q_pkts=671 q_bytes=1009184 qdelay_l_ms=0.056226 qdelay_c_ms=33.6921 ecn_mark=214 drop=0
[QUEUE_STATS] t_ms=25680 q_pkts=569 q_bytes=855776 qdelay_l_ms=1.10705 qdelay_c_ms=45.7247 ecn_mark=215 drop=0
[QUEUE_STATS] t_ms=25696 q_pkts=332 q_bytes=499328 qdelay_l_ms=1.03538 qdelay_c_ms=45.9752 ecn_mark=216 drop=0
[QUEUE_STATS] t_ms=25712 q_pkts=680 q_bytes=1021888 qdelay_l_ms=1.00124 qdelay_c_ms=46.5118 ecn_mark=217 drop=0
[QUEUE_STATS] t_ms=25728 q_pkts=683 q_bytes=1026400 qdelay_l_ms=1.04121 qdelay_c_ms=30.4906 ecn_mark=217 drop=0
[QUEUE_STATS] t_ms=25744 q_pkts=578 q_bytes=869312 qdelay_l_ms=0.911916 qdelay_c_ms=45.277 ecn_mark=218 drop=0
[QUEUE_STATS] t_ms=25760 q_pkts=342 q_bytes=514368 qdelay_l_ms=1.04206 qdelay_c_ms=45.7827 ecn_mark=218 drop=0
[QUEUE_STATS] t_ms=25776 q_pkts=685 q_bytes=1029372 qdelay_l_ms=1.03864 qdelay_c_ms=46.0143 ecn_mark=218 drop=0
[QUEUE_STATS] t_ms=25792 q_pkts=684 q_bytes=1027868 qdelay_l_ms=1.11223 qdelay_c_ms=30.6362 ecn_mark=218 drop=0
[QUEUE_STATS] t_ms=25808 q_pkts=626 q_bytes=941504 qdelay_l_ms=1.0419 qdelay_c_ms=45.4763 ecn_mark=218 drop=0
[QUEUE_STATS] t_ms=25824 q_pkts=405 q_bytes=609120 qdelay_l_ms=1.03589 qdelay_c_ms=46.0371 ecn_mark=218 drop=0
[QUEUE_STATS] t_ms=25840 q_pkts=680 q_bytes=1022720 qdelay_l_ms=0.923707 qdelay_c_ms=46.666 ecn_mark=218 drop=0
[QUEUE_STATS] t_ms=25856 q_pkts=681 q_bytes=1024224 qdelay_l_ms=1.18176 qdelay_c_ms=27.9151 ecn_mark=218 drop=0
[QUEUE_STATS] t_ms=25872 q_pkts=664 q_bytes=998656 qdelay_l_ms=0.051557 qdelay_c_ms=42.0488 ecn_mark=219 drop=0
[QUEUE_STATS] t_ms=25888 q_pkts=435 q_bytes=654240 qdelay_l_ms=0.826776 qdelay_c_ms=46.0687 ecn_mark=219 drop=0
[QUEUE_STATS] t_ms=25904 q_pkts=684 q_bytes=1027904 qdelay_l_ms=1.16226 qdelay_c_ms=45.5941 ecn_mark=220 drop=0
[QUEUE_STATS] t_ms=25920 q_pkts=680 q_bytes=1021888 qdelay_l_ms=1.09782 qdelay_c_ms=24.9413 ecn_mark=220 drop=0
[QUEUE_STATS] t_ms=25936 q_pkts=686 q_bytes=1030912 qdelay_l_ms=1.17295 qdelay_c_ms=39.5459 ecn_mark=221 drop=0
[QUEUE_STATS] t_ms=25952 q_pkts=446 q_bytes=670784 qdelay_l_ms=1.05454 qdelay_c_ms=46.1627 ecn_mark=222 drop=0
[QUEUE_STATS] t_ms=25968 q_pkts=685 q_bytes=1029372 qdelay_l_ms=1.17672 qdelay_c_ms=45.989 ecn_mark=222 drop=0
[QUEUE_STATS] t_ms=25984 q_pkts=681 q_bytes=1023356 qdelay_l_ms=1.03456 qdelay_c_ms=25.1295 ecn_mark=222 drop=0
[QUEUE_STATS] t_ms=26000 q_pkts=682 q_bytes=1024860 qdelay_l_ms=1.00152 qdelay_c_ms=39.7341 ecn_mark=222 drop=0
[QUEUE_STATS] t_ms=26016 q_pkts=435 q_bytes=654240 qdelay_l_ms=1.03664 qdelay_c_ms=46.0295 ecn_mark=222 drop=0
[QUEUE_STATS] t_ms=26032 q_pkts=682 q_bytes=1025728 qdelay_l_ms=1.03648 qdelay_c_ms=46.0003 ecn_mark=222 drop=0
[QUEUE_STATS] t_ms=26048 q_pkts=680 q_bytes=1022720 qdelay_l_ms=0.891076 qdelay_c_ms=24.9275 ecn_mark=223 drop=0
[QUEUE_STATS] t_ms=26064 q_pkts=684 q_bytes=1028736 qdelay_l_ms=1.06793 qdelay_c_ms=39.7023 ecn_mark=224 drop=0
[QUEUE_STATS] t_ms=26080 q_pkts=477 q_bytes=717408 qdelay_l_ms=1.0396 qdelay_c_ms=45.8873 ecn_mark=225 drop=0
[QUEUE_STATS] t_ms=26096 q_pkts=684 q_bytes=1027904 qdelay_l_ms=1.04102 qdelay_c_ms=46.3361 ecn_mark=225 drop=0
[QUEUE_STATS] t_ms=26112 q_pkts=684 q_bytes=1027904 qdelay_l_ms=1.1185 qdelay_c_ms=47.2866 ecn_mark=225 drop=0
[QUEUE_STATS] t_ms=26128 q_pkts=687 q_bytes=1032416 qdelay_l_ms=1.04027 qdelay_c_ms=37.2593 ecn_mark=226 drop=0
[QUEUE_STATS] t_ms=26144 q_pkts=537 q_bytes=807648 qdelay_l_ms=1.11892 qdelay_c_ms=45.7774 ecn_mark=227 drop=0
[QUEUE_STATS] t_ms=26160 q_pkts=683 q_bytes=1026364 qdelay_l_ms=0.012113 qdelay_c_ms=45.1352 ecn_mark=227 drop=0
[QUEUE_STATS] t_ms=26176 q_pkts=679 q_bytes=1020348 qdelay_l_ms=1.13763 qdelay_c_ms=46.1103 ecn_mark=228 drop=0
[QUEUE_STATS] t_ms=26192 q_pkts=679 q_bytes=1020348 qdelay_l_ms=1.03452 qdelay_c_ms=34.46 ecn_mark=228 drop=0
[QUEUE_STATS] t_ms=26208 q_pkts=522 q_bytes=785088 qdelay_l_ms=0 qdelay_c_ms=44.9026 ecn_mark=228 drop=0
[QUEUE_STATS] t_ms=26224 q_pkts=685 q_bytes=1030240 qdelay_l_ms=0.910262 qdelay_c_ms=45.6866 ecn_mark=228 drop=0
[QUEUE_STATS] t_ms=26240 q_pkts=681 q_bytes=1024224 qdelay_l_ms=1.16837 qdelay_c_ms=46.7965 ecn_mark=228 drop=0
[QUEUE_STATS] t_ms=26256 q_pkts=684 q_bytes=1028736 qdelay_l_ms=1.1186 qdelay_c_ms=34.0099 ecn_mark=229 drop=0
[QUEUE_STATS] t_ms=26272 q_pkts=566 q_bytes=851264 qdelay_l_ms=1.04176 qdelay_c_ms=45.5869 ecn_mark=230 drop=0
[QUEUE_STATS] t_ms=26288 q_pkts=344 q_bytes=517376 qdelay_l_ms=0.838387 qdelay_c_ms=46.1793 ecn_mark=230 drop=0
[QUEUE_STATS] t_ms=26304 q_pkts=685 q_bytes=1029408 qdelay_l_ms=0.880396 qdelay_c_ms=46.7646 ecn_mark=230 drop=0
[QUEUE_STATS] t_ms=26320 q_pkts=687 q_bytes=1032416 qdelay_l_ms=0.902719 qdelay_c_ms=31.0892 ecn_mark=230 drop=0
[QUEUE_STATS] t_ms=26336 q_pkts=584 q_bytes=878336 qdelay_l_ms=1.11609 qdelay_c_ms=45.8183 ecn_mark=231 drop=0
[QUEUE_STATS] t_ms=26352 q_pkts=333 q_bytes=500832 qdelay_l_ms=1.03613 qdelay_c_ms=45.9615 ecn_mark=233 drop=0
[QUEUE_STATS] t_ms=26368 q_pkts=695 q_bytes=1044412 qdelay_l_ms=0.993038 qdelay_c_ms=46.1869 ecn_mark=234 drop=0
[QUEUE_STATS] t_ms=26384 q_pkts=684 q_bytes=1027868 qdelay_l_ms=1.15145 qdelay_c_ms=30.1424 ecn_mark=235 drop=0
[QUEUE_STATS] t_ms=26400 q_pkts=578 q_bytes=869312 qdelay_l_ms=1.04533 qdelay_c_ms=45.2455 ecn_mark=237 drop=0
[QUEUE_STATS] t_ms=26416 q_pkts=343 q_bytes=515872 qdelay_l_ms=1.10913 qdelay_c_ms=47.0107 ecn_mark=237 drop=0
[QUEUE_STATS] t_ms=26432 q_pkts=684 q_bytes=1028736 qdelay_l_ms=1.16805 qdelay_c_ms=46.1852 ecn_mark=237 drop=0
[QUEUE_STATS] t_ms=26448 q_pkts=682 q_bytes=1025728 qdelay_l_ms=1.0629 qdelay_c_ms=30.037 ecn_mark=240 drop=0
[QUEUE_STATS] t_ms=26464 q_pkts=641 q_bytes=964064 qdelay_l_ms=1.03583 qdelay_c_ms=44.7321 ecn_mark=240 drop=0
[QUEUE_STATS] t_ms=26480 q_pkts=403 q_bytes=606112 qdelay_l_ms=1.0397 qdelay_c_ms=46.1241 ecn_mark=240 drop=0
[QUEUE_STATS] t_ms=26496 q_pkts=695 q_bytes=1044448 qdelay_l_ms=1.05281 qdelay_c_ms=46.0307 ecn_mark=241 drop=0
[QUEUE_STATS] t_ms=26512 q_pkts=680 q_bytes=1021888 qdelay_l_ms=1.04133 qdelay_c_ms=27.5111 ecn_mark=241 drop=0
[QUEUE_STATS] t_ms=26528 q_pkts=683 q_bytes=1026400 qdelay_l_ms=1.04072 qdelay_c_ms=42.2031 ecn_mark=242 drop=0
[QUEUE_STATS] t_ms=26544 q_pkts=448 q_bytes=673792 qdelay_l_ms=1.0424 qdelay_c_ms=46.017 ecn_mark=242 drop=0
[QUEUE_STATS] t_ms=26560 q_pkts=680 q_bytes=1021852 qdelay_l_ms=1.15248 qdelay_c_ms=45.7789 ecn_mark=243 drop=0
[QUEUE_STATS] t_ms=26576 q_pkts=679 q_bytes=1020348 qdelay_l_ms=1.12821 qdelay_c_ms=25.0328 ecn_mark=243 drop=0
[QUEUE_STATS] t_ms=26592 q_pkts=681 q_bytes=1023356 qdelay_l_ms=1.17981 qdelay_c_ms=39.7012 ecn_mark=243 drop=0
[QUEUE_STATS] t_ms=26608 q_pkts=434 q_bytes=652736 qdelay_l_ms=1.048 qdelay_c_ms=45.8435 ecn_mark=245 drop=0
[QUEUE_STATS] t_ms=26624 q_pkts=665 q_bytes=1000160 qdelay_l_ms=0.055915 qdelay_c_ms=44.9196 ecn_mark=245 drop=0
[QUEUE_STATS] t_ms=26640 q_pkts=680 q_bytes=1022720 qdelay_l_ms=1.13715 qdelay_c_ms=24.3418 ecn_mark=246 drop=0
[QUEUE_STATS] t_ms=26656 q_pkts=679 q_bytes=1021216 qdelay_l_ms=0.97811 qdelay_c_ms=38.4642 ecn_mark=246 drop=0
[QUEUE_STATS] t_ms=26672 q_pkts=444 q_bytes=667776 qdelay_l_ms=1.05259 qdelay_c_ms=45.5318 ecn_mark=247 drop=0
[QUEUE_STATS] t_ms=26688 q_pkts=678 q_bytes=1018880 qdelay_l_ms=1.04079 qdelay_c_ms=45.9504 ecn_mark=248 drop=0
[QUEUE_STATS] t_ms=26704 q_pkts=682 q_bytes=1024896 qdelay_l_ms=1.07072 qdelay_c_ms=24.595 ecn_mark=248 drop=0
[QUEUE_STATS] t_ms=26720 q_pkts=678 q_bytes=1018880 qdelay_l_ms=0 qdelay_c_ms=38.9366 ecn_mark=250 drop=0
[QUEUE_STATS] t_ms=26736 q_pkts=446 q_bytes=670784 qdelay_l_ms=1.05379 qdelay_c_ms=45.924 ecn_mark=251 drop=0
[QUEUE_STATS] t_ms=26752 q_pkts=680 q_bytes=1022720 qdelay_l_ms=1.04247 qdelay_c_ms=45.7733 ecn_mark=252 drop=0
[QUEUE_STATS] t_ms=26768 q_pkts=663 q_bytes=997152 qdelay_l_ms=0.068669 qdelay_c_ms=23.7087 ecn_mark=252 drop=0
[QUEUE_STATS] t_ms=26784 q_pkts=689 q_bytes=1036256 qdelay_l_ms=1.19258 qdelay_c_ms=38.3128 ecn_mark=252 drop=0
[QUEUE_STATS] t_ms=26800 q_pkts=484 q_bytes=727936 qdelay_l_ms=1.04419 qdelay_c_ms=45.6617 ecn_mark=252 drop=0
[QUEUE_STATS] t_ms=26816 q_pkts=676 q_bytes=1015836 qdelay_l_ms=1.14499 qdelay_c_ms=45.9242 ecn_mark=252 drop=0
[QUEUE_STATS] t_ms=26832 q_pkts=665 q_bytes=999292 qdelay_l_ms=0.064832 qdelay_c_ms=45.3151 ecn_mark=252 drop=0
[QUEUE_STATS] t_ms=26848 q_pkts=663 q_bytes=996284 qdelay_l_ms=0.052599 qdelay_c_ms=35.4716 ecn_mark=252 drop=0
[QUEUE_STATS] t_ms=26864 q_pkts=502 q_bytes=755008 qdelay_l_ms=1.1128 qdelay_c_ms=46.1 ecn_mark=253 drop=0
[QUEUE_STATS] t_ms=26880 q_pkts=691 q_bytes=1038432 qdelay_l_ms=1.03907 qdelay_c_ms=45.8767 ecn_mark=256 drop=0
[QUEUE_STATS] t_ms=26896 q_pkts=680 q_bytes=1021888 qdelay_l_ms=1.03632 qdelay_c_ms=45.9302 ecn_mark=256 drop=0
[QUEUE_STATS] t_ms=26912 q_pkts=686 q_bytes=1030912 qdelay_l_ms=1.1754 qdelay_c_ms=35.2521 ecn_mark=257 drop=0
[QUEUE_STATS] t_ms=26928 q_pkts=521 q_bytes=783584 qdelay_l_ms=1.07214 qdelay_c_ms=46.3237 ecn_mark=259 drop=0
[QUEUE_STATS] t_ms=26944 q_pkts=677 q_bytes=1018208 qdelay_l_ms=0 qdelay_c_ms=44.8091 ecn_mark=260 drop=0
[QUEUE_STATS] t_ms=26960 q_pkts=665 q_bytes=1000160 qdelay_l_ms=0 qdelay_c_ms=44.4276 ecn_mark=260 drop=0
[QUEUE_STATS] t_ms=26976 q_pkts=679 q_bytes=1021216 qdelay_l_ms=0.951801 qdelay_c_ms=35.4606 ecn_mark=260 drop=0
[QUEUE_STATS] t_ms=26992 q_pkts=544 q_bytes=818176 qdelay_l_ms=1.04466 qdelay_c_ms=45.7188 ecn_mark=260 drop=0
[QUEUE_STATS] t_ms=27008 q_pkts=637 q_bytes=958048 qdelay_l_ms=0 qdelay_c_ms=44.7594 ecn_mark=260 drop=0
[QUEUE_STATS] t_ms=27024 q_pkts=679 q_bytes=1021216 qdelay_l_ms=0.995593 qdelay_c_ms=45.7782 ecn_mark=261 drop=0
[QUEUE_STATS] t_ms=27040 q_pkts=682 q_bytes=1024292 qdelay_l_ms=1.0768 qdelay_c_ms=33.1664 ecn_mark=262 drop=0
[QUEUE_STATS] t_ms=27056 q_pkts=597 q_bytes=896452 qdelay_l_ms=0.921273 qdelay_c_ms=46.1586 ecn_mark=263 drop=0
[QUEUE_STATS] t_ms=27072 q_pkts=345 q_bytes=517444 qdelay_l_ms=0 qdelay_c_ms=46.0704 ecn_mark=264 drop=0
[QUEUE_STATS] t_ms=27088 q_pkts=693 q_bytes=1042008 qdelay_l_ms=1.05504 qdelay_c_ms=45.447 ecn_mark=266 drop=0
[QUEUE_STATS] t_ms=27104 q_pkts=681 q_bytes=1023960 qdelay_l_ms=1.04535 qdelay_c_ms=30.4313 ecn_mark=267 drop=0
[QUEUE_STATS] t_ms=27120 q_pkts=624 q_bytes=938496 qdelay_l_ms=1.03168 qdelay_c_ms=45.1901 ecn_mark=268 drop=0
[QUEUE_STATS] t_ms=27136 q_pkts=387 q_bytes=582048 qdelay_l_ms=1.05239 qdelay_c_ms=46.056 ecn_mark=270 drop=0
[QUEUE_STATS] t_ms=27152 q_pkts=667 q_bytes=1003168 qdelay_l_ms=0.058891 qdelay_c_ms=45.0082 ecn_mark=271 drop=0
[QUEUE_STATS] t_ms=27168 q_pkts=678 q_bytes=1019712 qdelay_l_ms=1.15668 qdelay_c_ms=27.7348 ecn_mark=271 drop=0
[QUEUE_STATS] t_ms=27184 q_pkts=622 q_bytes=935488 qdelay_l_ms=1.05609 qdelay_c_ms=42.8104 ecn_mark=271 drop=0
[QUEUE_STATS] t_ms=27200 q_pkts=384 q_bytes=577536 qdelay_l_ms=1.03841 qdelay_c_ms=46.1743 ecn_mark=271 drop=0
[QUEUE_STATS] t_ms=27216 q_pkts=682 q_bytes=1025728 qdelay_l_ms=1.05122 qdelay_c_ms=45.7245 ecn_mark=274 drop=0
[QUEUE_STATS] t_ms=27232 q_pkts=681 q_bytes=1022788 qdelay_l_ms=0.94122 qdelay_c_ms=27.677 ecn_mark=274 drop=0
[QUEUE_STATS] t_ms=27248 q_pkts=639 q_bytes=959620 qdelay_l_ms=1.11344 qdelay_c_ms=41.6124 ecn_mark=274 drop=0
[QUEUE_STATS] t_ms=27264 q_pkts=403 q_bytes=604676 qdelay_l_ms=1.05705 qdelay_c_ms=46.3977 ecn_mark=276 drop=0
[QUEUE_STATS] t_ms=27280 q_pkts=689 q_bytes=1036256 qdelay_l_ms=0 qdelay_c_ms=45.9 ecn_mark=276 drop=0
[QUEUE_STATS] t_ms=27296 q_pkts=666 q_bytes=1001664 qdelay_l_ms=0.065112 qdelay_c_ms=27.6596 ecn_mark=276 drop=0
[QUEUE_STATS] t_ms=27312 q_pkts=662 q_bytes=995648 qdelay_l_ms=1.05913 qdelay_c_ms=42.9162 ecn_mark=276 drop=0
[QUEUE_STATS] t_ms=27328 q_pkts=424 q_bytes=637696 qdelay_l_ms=0.018414 qdelay_c_ms=45.0072 ecn_mark=277 drop=0
[QUEUE_STATS] t_ms=27344 q_pkts=677 q_bytes=1017944 qdelay_l_ms=1.06295 qdelay_c_ms=45.4343 ecn_mark=278 drop=0
[QUEUE_STATS] t_ms=27360 q_pkts=677 q_bytes=1017944 qdelay_l_ms=1.09227 qdelay_c_ms=24.9366 ecn_mark=279 drop=0
[QUEUE_STATS] t_ms=27376 q_pkts=676 q_bytes=1016440 qdelay_l_ms=1.05245 qdelay_c_ms=39.8745 ecn_mark=279 drop=0
[QUEUE_STATS] t_ms=27393 q_pkts=475 q_bytes=714400 qdelay_l_ms=1.05205 qdelay_c_ms=46.1293 ecn_mark=280 drop=0
[QUEUE_STATS] t_ms=27409 q_pkts=684 q_bytes=1028736 qdelay_l_ms=1.18104 qdelay_c_ms=45.8032 ecn_mark=280 drop=0
[QUEUE_STATS] t_ms=27424 q_pkts=677 q_bytes=1018208 qdelay_l_ms=1.1757 qdelay_c_ms=46.3874 ecn_mark=281 drop=0
[QUEUE_STATS] t_ms=27440 q_pkts=680 q_bytes=1022720 qdelay_l_ms=1.0492 qdelay_c_ms=36.3955 ecn_mark=282 drop=0
[QUEUE_STATS] t_ms=27456 q_pkts=473 q_bytes=711392 qdelay_l_ms=0 qdelay_c_ms=44.7678 ecn_mark=284 drop=0
[QUEUE_STATS] t_ms=27472 q_pkts=680 q_bytes=1022720 qdelay_l_ms=0.946961 qdelay_c_ms=45.47 ecn_mark=284 drop=0
[QUEUE_STATS] t_ms=27488 q_pkts=677 q_bytes=1016772 qdelay_l_ms=0.957702 qdelay_c_ms=23.0495 ecn_mark=284 drop=0
[QUEUE_STATS] t_ms=27504 q_pkts=680 q_bytes=1021284 qdelay_l_ms=1.05095 qdelay_c_ms=36.8675 ecn_mark=285 drop=0
[QUEUE_STATS] t_ms=27520 q_pkts=485 q_bytes=728004 qdelay_l_ms=1.07531 qdelay_c_ms=45.8021 ecn_mark=285 drop=0
[QUEUE_STATS] t_ms=27536 q_pkts=683 q_bytes=1026968 qdelay_l_ms=1.16047 qdelay_c_ms=46.0604 ecn_mark=285 drop=0
[QUEUE_STATS] t_ms=27552 q_pkts=662 q_bytes=995384 qdelay_l_ms=0.052369 qdelay_c_ms=22.0215 ecn_mark=287 drop=0
[QUEUE_STATS] t_ms=27568 q_pkts=677 q_bytes=1017944 qdelay_l_ms=1.0737 qdelay_c_ms=37.3512 ecn_mark=288 drop=0
[QUEUE_STATS] t_ms=27584 q_pkts=486 q_bytes=730944 qdelay_l_ms=1.06886 qdelay_c_ms=46.1702 ecn_mark=288 drop=0
[QUEUE_STATS] t_ms=27600 q_pkts=666 q_bytes=1001664 qdelay_l_ms=0.082145 qdelay_c_ms=44.5608 ecn_mark=290 drop=0
[QUEUE_STATS] t_ms=27616 q_pkts=673 q_bytes=1012192 qdelay_l_ms=1.06086 qdelay_c_ms=22.5322 ecn_mark=290 drop=0
[QUEUE_STATS] t_ms=27632 q_pkts=677 q_bytes=1018208 qdelay_l_ms=1.06114 qdelay_c_ms=36.3794 ecn_mark=290 drop=0
[QUEUE_STATS] t_ms=27648 q_pkts=469 q_bytes=705376 qdelay_l_ms=0.825032 qdelay_c_ms=45.6175 ecn_mark=290 drop=0
[QUEUE_STATS] t_ms=27664 q_pkts=679 q_bytes=1021216 qdelay_l_ms=1.06888 qdelay_c_ms=46.7789 ecn_mark=290 drop=0
[QUEUE_STATS] t_ms=27680 q_pkts=679 q_bytes=1020084 qdelay_l_ms=1.13321 qdelay_c_ms=45.8851 ecn_mark=292 drop=0
[QUEUE_STATS] t_ms=27696 q_pkts=669 q_bytes=1004740 qdelay_l_ms=0.100309 qdelay_c_ms=36.3691 ecn_mark=294 drop=0
[QUEUE_STATS] t_ms=27712 q_pkts=513 q_bytes=770116 qdelay_l_ms=0.814322 qdelay_c_ms=45.7063 ecn_mark=294 drop=0
[QUEUE_STATS] t_ms=27728 q_pkts=675 q_bytes=1014936 qdelay_l_ms=0.96754 qdelay_c_ms=46.2872 ecn_mark=294 drop=0
[QUEUE_STATS] t_ms=27744 q_pkts=676 q_bytes=1016440 qdelay_l_ms=1.10466 qdelay_c_ms=45.6841 ecn_mark=295 drop=0
[QUEUE_STATS] t_ms=27760 q_pkts=677 q_bytes=1017944 qdelay_l_ms=0.142639 qdelay_c_ms=34.6967 ecn_mark=295 drop=0
[QUEUE_STATS] t_ms=27776 q_pkts=547 q_bytes=822688 qdelay_l_ms=1.06703 qdelay_c_ms=46.0637 ecn_mark=296 drop=0
[QUEUE_STATS] t_ms=27792 q_pkts=439 q_bytes=660256 qdelay_l_ms=0 qdelay_c_ms=44.7796 ecn_mark=296 drop=0
[QUEUE_STATS] t_ms=27808 q_pkts=662 q_bytes=995648 qdelay_l_ms=0.097864 qdelay_c_ms=44.8787 ecn_mark=296 drop=0
[QUEUE_STATS] t_ms=27824 q_pkts=661 q_bytes=994144 qdelay_l_ms=0.05855 qdelay_c_ms=31.7378 ecn_mark=296 drop=0
[QUEUE_STATS] t_ms=27841 q_pkts=585 q_bytes=879840 qdelay_l_ms=1.11619 qdelay_c_ms=46.1504 ecn_mark=296 drop=0
[QUEUE_STATS] t_ms=27856 q_pkts=362 q_bytes=544448 qdelay_l_ms=1.10431 qdelay_c_ms=46.5046 ecn_mark=296 drop=0
[QUEUE_STATS] t_ms=27872 q_pkts=673 q_bytes=1012192 qdelay_l_ms=1.08167 qdelay_c_ms=45.8984 ecn_mark=296 drop=0
[QUEUE_STATS] t_ms=27888 q_pkts=675 q_bytes=1013764 qdelay_l_ms=0.099157 qdelay_c_ms=29.0418 ecn_mark=296 drop=0
[QUEUE_STATS] t_ms=27904 q_pkts=646 q_bytes=970148 qdelay_l_ms=0.976036 qdelay_c_ms=43.8556 ecn_mark=296 drop=0
[QUEUE_STATS] t_ms=27920 q_pkts=393 q_bytes=591072 qdelay_l_ms=1.05743 qdelay_c_ms=46.1314 ecn_mark=297 drop=0
[QUEUE_STATS] t_ms=27936 q_pkts=677 q_bytes=1017944 qdelay_l_ms=1.06925 qdelay_c_ms=45.8262 ecn_mark=297 drop=0
[QUEUE_STATS] t_ms=27952 q_pkts=675 q_bytes=1014936 qdelay_l_ms=0.994191 qdelay_c_ms=27.2248 ecn_mark=298 drop=0
[QUEUE_STATS] t_ms=27968 q_pkts=647 q_bytes=972824 qdelay_l_ms=1.07506 qdelay_c_ms=41.4346 ecn_mark=299 drop=0
[QUEUE_STATS] t_ms=27984 q_pkts=410 q_bytes=616640 qdelay_l_ms=1.07754 qdelay_c_ms=46.912 ecn_mark=301 drop=0
[QUEUE_STATS] t_ms=28000 q_pkts=674 q_bytes=1013696 qdelay_l_ms=1.09797 qdelay_c_ms=46.3319 ecn_mark=301 drop=0
[QUEUE_STATS] t_ms=28016 q_pkts=673 q_bytes=1012192 qdelay_l_ms=1.01865 qdelay_c_ms=26.9587 ecn_mark=302 drop=0
[QUEUE_STATS] t_ms=28032 q_pkts=675 q_bytes=1015200 qdelay_l_ms=1.15607 qdelay_c_ms=41.0244 ecn_mark=302 drop=0
[QUEUE_STATS] t_ms=28048 q_pkts=438 q_bytes=658752 qdelay_l_ms=1.06899 qdelay_c_ms=46.2083 ecn_mark=304 drop=0
[QUEUE_STATS] t_ms=28064 q_pkts=672 q_bytes=1010688 qdelay_l_ms=1.15548 qdelay_c_ms=45.5344 ecn_mark=307 drop=0
[QUEUE_STATS] t_ms=28080 q_pkts=668 q_bytes=1003236 qdelay_l_ms=0.089999 qdelay_c_ms=23.7497 ecn_mark=309 drop=0
[QUEUE_STATS] t_ms=28096 q_pkts=678 q_bytes=1018276 qdelay_l_ms=1.08035 qdelay_c_ms=39.2442 ecn_mark=310 drop=0
[QUEUE_STATS] t_ms=28112 q_pkts=484 q_bytes=726500 qdelay_l_ms=1.08329 qdelay_c_ms=45.3836 ecn_mark=312 drop=0
[QUEUE_STATS] t_ms=28128 q_pkts=663 q_bytes=996888 qdelay_l_ms=0.067757 qdelay_c_ms=44.916 ecn_mark=316 drop=0
[QUEUE_STATS] t_ms=28144 q_pkts=662 q_bytes=995384 qdelay_l_ms=0.070643 qdelay_c_ms=43.9425 ecn_mark=316 drop=0
[QUEUE_STATS] t_ms=28160 q_pkts=659 q_bytes=990872 qdelay_l_ms=0.051156 qdelay_c_ms=35.0365 ecn_mark=316 drop=0
[QUEUE_STATS] t_ms=28176 q_pkts=529 q_bytes=795616 qdelay_l_ms=1.1183 qdelay_c_ms=45.7058 ecn_mark=316 drop=0
[QUEUE_STATS] t_ms=28192 q_pkts=606 q_bytes=911424 qdelay_l_ms=0 qdelay_c_ms=44.7386 ecn_mark=317 drop=0
[QUEUE_STATS] t_ms=28208 q_pkts=643 q_bytes=967072 qdelay_l_ms=1.06366 qdelay_c_ms=45.4621 ecn_mark=317 drop=0
[QUEUE_STATS] t_ms=28224 q_pkts=570 q_bytes=857280 qdelay_l_ms=1.06259 qdelay_c_ms=33.6298 ecn_mark=317 drop=0
[QUEUE_STATS] t_ms=28240 q_pkts=492 q_bytes=739968 qdelay_l_ms=1.07943 qdelay_c_ms=44.6808 ecn_mark=317 drop=0
[QUEUE_STATS] t_ms=28256 q_pkts=421 q_bytes=633184 qdelay_l_ms=1.08041 qdelay_c_ms=39.8228 ecn_mark=318 drop=0
[QUEUE_STATS] t_ms=28272 q_pkts=350 q_bytes=526400 qdelay_l_ms=1.17534 qdelay_c_ms=33.7848 ecn_mark=318 drop=0
[QUEUE_STATS] t_ms=28288 q_pkts=288 q_bytes=433152 qdelay_l_ms=1.17387 qdelay_c_ms=28.1254 ecn_mark=319 drop=0
[QUEUE_STATS] t_ms=28304 q_pkts=205 q_bytes=308320 qdelay_l_ms=1.07908 qdelay_c_ms=19.8189 ecn_mark=319 drop=0
[QUEUE_STATS] t_ms=28320 q_pkts=138 q_bytes=207552 qdelay_l_ms=1.08036 qdelay_c_ms=13.8969 ecn_mark=319 drop=0
[QUEUE_STATS] t_ms=28336 q_pkts=50 q_bytes=75200 qdelay_l_ms=0.054743 qdelay_c_ms=4.92693 ecn_mark=319 drop=0
[QUEUE_STATS] t_ms=28353 q_pkts=59 q_bytes=88736 qdelay_l_ms=1.15748 qdelay_c_ms=4.30967 ecn_mark=320 drop=0
[QUEUE_STATS] t_ms=28368 q_pkts=55 q_bytes=82720 qdelay_l_ms=0 qdelay_c_ms=3.23252 ecn_mark=320 drop=0
[QUEUE_STATS] t_ms=28384 q_pkts=61 q_bytes=91744 qdelay_l_ms=1.08351 qdelay_c_ms=4.18442 ecn_mark=321 drop=0
[QUEUE_STATS] t_ms=28400 q_pkts=62 q_bytes=93248 qdelay_l_ms=1.07003 qdelay_c_ms=5.23259 ecn_mark=321 drop=0
[QUEUE_STATS] t_ms=28416 q_pkts=68 q_bytes=102272 qdelay_l_ms=1.08812 qdelay_c_ms=4.77007 ecn_mark=322 drop=0
[QUEUE_STATS] t_ms=28432 q_pkts=76 q_bytes=114304 qdelay_l_ms=0.051437 qdelay_c_ms=3.86508 ecn_mark=324 drop=0
[QUEUE_STATS] t_ms=28448 q_pkts=84 q_bytes=126336 qdelay_l_ms=1.00653 qdelay_c_ms=4.66741 ecn_mark=325 drop=0
[QUEUE_STATS] t_ms=28464 q_pkts=75 q_bytes=112800 qdelay_l_ms=1.08297 qdelay_c_ms=5.31017 ecn_mark=326 drop=0
[QUEUE_STATS] t_ms=28480 q_pkts=85 q_bytes=127840 qdelay_l_ms=1.08283 qdelay_c_ms=5.83479 ecn_mark=326 drop=0
[QUEUE_STATS] t_ms=28496 q_pkts=88 q_bytes=132352 qdelay_l_ms=1.08494 qdelay_c_ms=4.95539 ecn_mark=327 drop=0
[QUEUE_STATS] t_ms=28512 q_pkts=68 q_bytes=102272 qdelay_l_ms=0 qdelay_c_ms=4.61554 ecn_mark=327 drop=0
[QUEUE_STATS] t_ms=28528 q_pkts=79 q_bytes=118816 qdelay_l_ms=0.121799 qdelay_c_ms=5.73269 ecn_mark=328 drop=0
[QUEUE_STATS] t_ms=28545 q_pkts=86 q_bytes=129344 qdelay_l_ms=1.15915 qdelay_c_ms=6.62483 ecn_mark=330 drop=0
[QUEUE_STATS] t_ms=28560 q_pkts=89 q_bytes=133856 qdelay_l_ms=1.08722 qdelay_c_ms=5.88016 ecn_mark=331 drop=0
[QUEUE_STATS] t_ms=28576 q_pkts=77 q_bytes=115808 qdelay_l_ms=0 qdelay_c_ms=5.88933 ecn_mark=331 drop=0
[QUEUE_STATS] t_ms=28592 q_pkts=77 q_bytes=115808 qdelay_l_ms=0 qdelay_c_ms=5.24983 ecn_mark=331 drop=0
[QUEUE_STATS] t_ms=28608 q_pkts=98 q_bytes=147392 qdelay_l_ms=1.09955 qdelay_c_ms=6.9269 ecn_mark=331 drop=0
[QUEUE_STATS] t_ms=28624 q_pkts=98 q_bytes=147392 qdelay_l_ms=0.985524 qdelay_c_ms=6.93301 ecn_mark=331 drop=0
[QUEUE_STATS] t_ms=28640 q_pkts=105 q_bytes=157920 qdelay_l_ms=1.08516 qdelay_c_ms=6.96354 ecn_mark=331 drop=0
[QUEUE_STATS] t_ms=28656 q_pkts=97 q_bytes=145888 qdelay_l_ms=0.102803 qdelay_c_ms=6.01182 ecn_mark=331 drop=0
[QUEUE_STATS] t_ms=28672 q_pkts=93 q_bytes=139872 qdelay_l_ms=0.088547 qdelay_c_ms=6.00326 ecn_mark=332 drop=0
[QUEUE_STATS] t_ms=28688 q_pkts=113 q_bytes=169952 qdelay_l_ms=1.09107 qdelay_c_ms=7.9738 ecn_mark=333 drop=0
[QUEUE_STATS] t_ms=28704 q_pkts=100 q_bytes=150400 qdelay_l_ms=0 qdelay_c_ms=6.64987 ecn_mark=334 drop=0
[QUEUE_STATS] t_ms=28720 q_pkts=110 q_bytes=165440 qdelay_l_ms=0.050765 qdelay_c_ms=6.70732 ecn_mark=334 drop=0
[QUEUE_STATS] t_ms=28736 q_pkts=105 q_bytes=157920 qdelay_l_ms=0.067918 qdelay_c_ms=7.96145 ecn_mark=335 drop=0
[QUEUE_STATS] t_ms=28752 q_pkts=130 q_bytes=195520 qdelay_l_ms=1.0939 qdelay_c_ms=8.10005 ecn_mark=337 drop=0
[QUEUE_STATS] t_ms=28768 q_pkts=117 q_bytes=175968 qdelay_l_ms=0.054182 qdelay_c_ms=7.02653 ecn_mark=338 drop=0
[QUEUE_STATS] t_ms=28784 q_pkts=131 q_bytes=197024 qdelay_l_ms=1.09264 qdelay_c_ms=7.97913 ecn_mark=339 drop=0
[QUEUE_STATS] t_ms=28800 q_pkts=130 q_bytes=195520 qdelay_l_ms=0.967279 qdelay_c_ms=9.10931 ecn_mark=340 drop=0
[QUEUE_STATS] t_ms=28816 q_pkts=132 q_bytes=198528 qdelay_l_ms=1.10095 qdelay_c_ms=9.12483 ecn_mark=341 drop=0
[QUEUE_STATS] t_ms=28832 q_pkts=128 q_bytes=192512 qdelay_l_ms=1.13214 qdelay_c_ms=9.46416 ecn_mark=341 drop=0
[QUEUE_STATS] t_ms=28848 q_pkts=138 q_bytes=207552 qdelay_l_ms=1.16802 qdelay_c_ms=9.64287 ecn_mark=342 drop=0
[QUEUE_STATS] t_ms=28864 q_pkts=141 q_bytes=212064 qdelay_l_ms=1.09387 qdelay_c_ms=9.37792 ecn_mark=342 drop=0
[QUEUE_STATS] t_ms=28880 q_pkts=142 q_bytes=213568 qdelay_l_ms=0 qdelay_c_ms=9.6568 ecn_mark=344 drop=0
[QUEUE_STATS] t_ms=28896 q_pkts=138 q_bytes=207552 qdelay_l_ms=0.986055 qdelay_c_ms=10.2266 ecn_mark=344 drop=0
[QUEUE_STATS] t_ms=28912 q_pkts=137 q_bytes=206048 qdelay_l_ms=0.11159 qdelay_c_ms=9.23179 ecn_mark=344 drop=0
[QUEUE_STATS] t_ms=28928 q_pkts=143 q_bytes=215072 qdelay_l_ms=1.07895 qdelay_c_ms=10.2459 ecn_mark=344 drop=0
[QUEUE_STATS] t_ms=28944 q_pkts=150 q_bytes=225600 qdelay_l_ms=1.12979 qdelay_c_ms=10.3156 ecn_mark=347 drop=0
[QUEUE_STATS] t_ms=28960 q_pkts=133 q_bytes=200032 qdelay_l_ms=0.059893 qdelay_c_ms=10.0393 ecn_mark=347 drop=0
[QUEUE_STATS] t_ms=28976 q_pkts=149 q_bytes=224096 qdelay_l_ms=1.08392 qdelay_c_ms=10.212 ecn_mark=348 drop=0
[QUEUE_STATS] t_ms=28992 q_pkts=161 q_bytes=242144 qdelay_l_ms=1.09492 qdelay_c_ms=9.94703 ecn_mark=349 drop=0
[QUEUE_STATS] t_ms=29008 q_pkts=156 q_bytes=234624 qdelay_l_ms=1.01256 qdelay_c_ms=10.8679 ecn_mark=349 drop=0
[QUEUE_STATS] t_ms=29024 q_pkts=164 q_bytes=246656 qdelay_l_ms=1.09893 qdelay_c_ms=10.8378 ecn_mark=349 drop=0
[QUEUE_STATS] t_ms=29040 q_pkts=163 q_bytes=245152 qdelay_l_ms=1.08341 qdelay_c_ms=11.0167 ecn_mark=349 drop=0
[QUEUE_STATS] t_ms=29056 q_pkts=166 q_bytes=249664 qdelay_l_ms=1.12708 qdelay_c_ms=11.3105 ecn_mark=351 drop=0
[QUEUE_STATS] t_ms=29072 q_pkts=171 q_bytes=257184 qdelay_l_ms=1.09861 qdelay_c_ms=10.7556 ecn_mark=351 drop=0
[QUEUE_STATS] t_ms=29088 q_pkts=157 q_bytes=236128 qdelay_l_ms=0.054944 qdelay_c_ms=10.3239 ecn_mark=351 drop=0
[QUEUE_STATS] t_ms=29104 q_pkts=157 q_bytes=236128 qdelay_l_ms=0 qdelay_c_ms=10.9894 ecn_mark=351 drop=0
[QUEUE_STATS] t_ms=29120 q_pkts=169 q_bytes=254176 qdelay_l_ms=0 qdelay_c_ms=10.9859 ecn_mark=351 drop=0
[QUEUE_STATS] t_ms=29136 q_pkts=176 q_bytes=264704 qdelay_l_ms=1.09784 qdelay_c_ms=12.0056 ecn_mark=351 drop=0
[QUEUE_STATS] t_ms=29152 q_pkts=189 q_bytes=284256 qdelay_l_ms=1.10842 qdelay_c_ms=12.3087 ecn_mark=351 drop=0
[QUEUE_STATS] t_ms=29168 q_pkts=177 q_bytes=266208 qdelay_l_ms=1.05564 qdelay_c_ms=12.9206 ecn_mark=352 drop=0
[QUEUE_STATS] t_ms=29184 q_pkts=182 q_bytes=273728 qdelay_l_ms=1.11207 qdelay_c_ms=11.8171 ecn_mark=352 drop=0
[QUEUE_STATS] t_ms=29200 q_pkts=186 q_bytes=279744 qdelay_l_ms=1.14198 qdelay_c_ms=12.1316 ecn_mark=352 drop=0
[QUEUE_STATS] t_ms=29216 q_pkts=189 q_bytes=284256 qdelay_l_ms=1.10458 qdelay_c_ms=12.9982 ecn_mark=354 drop=0
[QUEUE_STATS] t_ms=29232 q_pkts=183 q_bytes=275232 qdelay_l_ms=0.086362 qdelay_c_ms=12.1854 ecn_mark=354 drop=0
[QUEUE_STATS] t_ms=29248 q_pkts=197 q_bytes=296288 qdelay_l_ms=1.11013 qdelay_c_ms=13.0176 ecn_mark=354 drop=0
[QUEUE_STATS] t_ms=29264 q_pkts=196 q_bytes=294784 qdelay_l_ms=1.16028 qdelay_c_ms=13.2149 ecn_mark=355 drop=0
[QUEUE_STATS] t_ms=29280 q_pkts=192 q_bytes=288768 qdelay_l_ms=1.01178 qdelay_c_ms=14.0264 ecn_mark=356 drop=0
[QUEUE_STATS] t_ms=29296 q_pkts=198 q_bytes=297792 qdelay_l_ms=1.11413 qdelay_c_ms=13.0983 ecn_mark=358 drop=0
[QUEUE_STATS] t_ms=29312 q_pkts=200 q_bytes=300800 qdelay_l_ms=1.11315 qdelay_c_ms=14.0368 ecn_mark=359 drop=0
[QUEUE_STATS] t_ms=29328 q_pkts=185 q_bytes=278240 qdelay_l_ms=0.054552 qdelay_c_ms=12.6568 ecn_mark=359 drop=0
[QUEUE_STATS] t_ms=29344 q_pkts=206 q_bytes=309824 qdelay_l_ms=1.12884 qdelay_c_ms=13.7877 ecn_mark=359 drop=0
[QUEUE_STATS] t_ms=29360 q_pkts=189 q_bytes=284256 qdelay_l_ms=0.060254 qdelay_c_ms=13.5264 ecn_mark=361 drop=0
[QUEUE_STATS] t_ms=29376 q_pkts=218 q_bytes=327872 qdelay_l_ms=1.1122 qdelay_c_ms=13.9438 ecn_mark=362 drop=0
[QUEUE_STATS] t_ms=29392 q_pkts=207 q_bytes=311328 qdelay_l_ms=1.11017 qdelay_c_ms=13.7128 ecn_mark=362 drop=0
[QUEUE_STATS] t_ms=29408 q_pkts=212 q_bytes=318848 qdelay_l_ms=1.10932 qdelay_c_ms=14.7256 ecn_mark=362 drop=0
[QUEUE_STATS] t_ms=29424 q_pkts=217 q_bytes=326368 qdelay_l_ms=1.13356 qdelay_c_ms=15.4223 ecn_mark=363 drop=0
[QUEUE_STATS] t_ms=29440 q_pkts=218 q_bytes=327872 qdelay_l_ms=1.12008 qdelay_c_ms=14.9919 ecn_mark=365 drop=0
[QUEUE_STATS] t_ms=29456 q_pkts=221 q_bytes=332384 qdelay_l_ms=1.13505 qdelay_c_ms=15.1504 ecn_mark=365 drop=0
[QUEUE_STATS] t_ms=29472 q_pkts=222 q_bytes=333888 qdelay_l_ms=1.12269 qdelay_c_ms=15.0184 ecn_mark=365 drop=0
[QUEUE_STATS] t_ms=29488 q_pkts=225 q_bytes=338400 qdelay_l_ms=0.994681 qdelay_c_ms=14.6906 ecn_mark=365 drop=0
[QUEUE_STATS] t_ms=29504 q_pkts=236 q_bytes=354944 qdelay_l_ms=0.926352 qdelay_c_ms=14.8818 ecn_mark=366 drop=0
[QUEUE_STATS] t_ms=29520 q_pkts=225 q_bytes=338400 qdelay_l_ms=1.12439 qdelay_c_ms=16.3483 ecn_mark=367 drop=0
[QUEUE_STATS] t_ms=29536 q_pkts=230 q_bytes=345920 qdelay_l_ms=1.11878 qdelay_c_ms=14.4306 ecn_mark=369 drop=0
[QUEUE_STATS] t_ms=29552 q_pkts=230 q_bytes=345920 qdelay_l_ms=1.02743 qdelay_c_ms=16.4228 ecn_mark=370 drop=0
[QUEUE_STATS] t_ms=29568 q_pkts=234 q_bytes=351936 qdelay_l_ms=1.12466 qdelay_c_ms=16.4015 ecn_mark=372 drop=0
[QUEUE_STATS] t_ms=29584 q_pkts=234 q_bytes=351936 qdelay_l_ms=1.03333 qdelay_c_ms=15.8685 ecn_mark=374 drop=0
[QUEUE_STATS] t_ms=29600 q_pkts=224 q_bytes=336896 qdelay_l_ms=0.06362 qdelay_c_ms=15.036 ecn_mark=374 drop=0
[QUEUE_STATS] t_ms=29616 q_pkts=240 q_bytes=360960 qdelay_l_ms=1.02618 qdelay_c_ms=16.1141 ecn_mark=374 drop=0
[QUEUE_STATS] t_ms=29632 q_pkts=240 q_bytes=360960 qdelay_l_ms=1.11052 qdelay_c_ms=15.9123 ecn_mark=374 drop=0
[QUEUE_STATS] t_ms=29648 q_pkts=240 q_bytes=360960 qdelay_l_ms=1.01828 qdelay_c_ms=15.9822 ecn_mark=375 drop=0
[QUEUE_STATS] t_ms=29664 q_pkts=248 q_bytes=372992 qdelay_l_ms=1.11815 qdelay_c_ms=16.777 ecn_mark=376 drop=0
[QUEUE_STATS] t_ms=29680 q_pkts=248 q_bytes=372992 qdelay_l_ms=1.11735 qdelay_c_ms=17.2139 ecn_mark=376 drop=0
[QUEUE_STATS] t_ms=29697 q_pkts=253 q_bytes=380512 qdelay_l_ms=1.12003 qdelay_c_ms=16.877 ecn_mark=377 drop=0
[QUEUE_STATS] t_ms=29712 q_pkts=251 q_bytes=377504 qdelay_l_ms=1.06648 qdelay_c_ms=17.3053 ecn_mark=379 drop=0
[QUEUE_STATS] t_ms=29728 q_pkts=255 q_bytes=383520 qdelay_l_ms=0.028434 qdelay_c_ms=15.7791 ecn_mark=379 drop=0
[QUEUE_STATS] t_ms=29744 q_pkts=247 q_bytes=371488 qdelay_l_ms=0.060033 qdelay_c_ms=17.1286 ecn_mark=380 drop=0
[QUEUE_STATS] t_ms=29760 q_pkts=260 q_bytes=391040 qdelay_l_ms=1.13772 qdelay_c_ms=17.6998 ecn_mark=381 drop=0
[QUEUE_STATS] t_ms=29776 q_pkts=257 q_bytes=386528 qdelay_l_ms=0 qdelay_c_ms=16.5113 ecn_mark=385 drop=0
[QUEUE_STATS] t_ms=29792 q_pkts=261 q_bytes=392544 qdelay_l_ms=1.09699 qdelay_c_ms=17.8707 ecn_mark=386 drop=0
[QUEUE_STATS] t_ms=29808 q_pkts=262 q_bytes=394048 qdelay_l_ms=0.734742 qdelay_c_ms=19.2328 ecn_mark=386 drop=0
[QUEUE_STATS] t_ms=29824 q_pkts=186 q_bytes=279744 qdelay_l_ms=1.13694 qdelay_c_ms=17.4352 ecn_mark=386 drop=0
[QUEUE_STATS] t_ms=29840 q_pkts=116 q_bytes=174464 qdelay_l_ms=1.11737 qdelay_c_ms=11.2672 ecn_mark=386 drop=0
[QUEUE_STATS] t_ms=29856 q_pkts=48 q_bytes=72192 qdelay_l_ms=1.15209 qdelay_c_ms=5.00675 ecn_mark=386 drop=0
[QUEUE_STATS] t_ms=29872 q_pkts=20 q_bytes=30080 qdelay_l_ms=1.05292 qdelay_c_ms=1.15225 ecn_mark=386 drop=0
[QUEUE_STATS] t_ms=29888 q_pkts=16 q_bytes=24064 qdelay_l_ms=1.11733 qdelay_c_ms=1.10435 ecn_mark=386 drop=0
[QUEUE_STATS] t_ms=29905 q_pkts=10 q_bytes=15040 qdelay_l_ms=1.06076 qdelay_c_ms=1.1217 ecn_mark=387 drop=0
[QUEUE_STATS] t_ms=29920 q_pkts=19 q_bytes=28576 qdelay_l_ms=0.776691 qdelay_c_ms=0.85048 ecn_mark=388 drop=0
[QUEUE_STATS] t_ms=29936 q_pkts=15 q_bytes=22560 qdelay_l_ms=0.073137 qdelay_c_ms=1.15125 ecn_mark=390 drop=0
[QUEUE_STATS] t_ms=29952 q_pkts=17 q_bytes=25568 qdelay_l_ms=0.083417 qdelay_c_ms=0.886948 ecn_mark=390 drop=0
[QUEUE_STATS] t_ms=29968 q_pkts=20 q_bytes=30080 qdelay_l_ms=1.0878 qdelay_c_ms=1.13461 ecn_mark=391 drop=0
[QUEUE_STATS] t_ms=29984 q_pkts=25 q_bytes=37600 qdelay_l_ms=0.983971 qdelay_c_ms=1.13458 ecn_mark=392 drop=0
[QUEUE_STATS] t_ms=30001 q_pkts=6 q_bytes=9024 qdelay_l_ms=1.10702 qdelay_c_ms=1.09898 ecn_mark=393 drop=0
[QUEUE_STATS] t_ms=30016 q_pkts=10 q_bytes=15040 qdelay_l_ms=1.06556 qdelay_c_ms=1.05427 ecn_mark=393 drop=0
[QUEUE_STATS] t_ms=30032 q_pkts=11 q_bytes=16544 qdelay_l_ms=1.09947 qdelay_c_ms=1.08854 ecn_mark=393 drop=0
[QUEUE_STATS] t_ms=30048 q_pkts=14 q_bytes=21056 qdelay_l_ms=1.13701 qdelay_c_ms=1.12789 ecn_mark=394 drop=0
[QUEUE_STATS] t_ms=30064 q_pkts=3 q_bytes=4512 qdelay_l_ms=0 qdelay_c_ms=1.02468 ecn_mark=394 drop=0
[QUEUE_STATS] t_ms=30080 q_pkts=2 q_bytes=3008 qdelay_l_ms=1.0932 qdelay_c_ms=0 ecn_mark=395 drop=0
[QUEUE_STATS] t_ms=30096 q_pkts=6 q_bytes=9024 qdelay_l_ms=1.11042 qdelay_c_ms=1.08393 ecn_mark=395 drop=0
[QUEUE_STATS] t_ms=30112 q_pkts=12 q_bytes=18048 qdelay_l_ms=1.09928 qdelay_c_ms=1.0939 ecn_mark=396 drop=0
[QUEUE_STATS] t_ms=30128 q_pkts=4 q_bytes=6016 qdelay_l_ms=1.08763 qdelay_c_ms=1.0777 ecn_mark=397 drop=0
[QUEUE_STATS] t_ms=30144 q_pkts=12 q_bytes=18048 qdelay_l_ms=1.10897 qdelay_c_ms=1.09784 ecn_mark=397 drop=0
[QUEUE_STATS] t_ms=30161 q_pkts=4 q_bytes=6016 qdelay_l_ms=1.10292 qdelay_c_ms=1.09338 ecn_mark=397 drop=0
[QUEUE_STATS] t_ms=30176 q_pkts=12 q_bytes=18048 qdelay_l_ms=1.10081 qdelay_c_ms=1.09107 ecn_mark=397 drop=0
[QUEUE_STATS] t_ms=30192 q_pkts=12 q_bytes=18048 qdelay_l_ms=0.864827 qdelay_c_ms=0.85601 ecn_mark=398 drop=0
[QUEUE_STATS] t_ms=30208 q_pkts=8 q_bytes=12032 qdelay_l_ms=1.0818 qdelay_c_ms=2.11158 ecn_mark=398 drop=0
[QUEUE_STATS] t_ms=30224 q_pkts=12 q_bytes=18048 qdelay_l_ms=1.10848 qdelay_c_ms=1.09929 ecn_mark=398 drop=0
[QUEUE_STATS] t_ms=30240 q_pkts=18 q_bytes=27072 qdelay_l_ms=1.15024 qdelay_c_ms=1.61778 ecn_mark=399 drop=0
[QUEUE_STATS] t_ms=30256 q_pkts=9 q_bytes=13536 qdelay_l_ms=1.06198 qdelay_c_ms=1.12104 ecn_mark=400 drop=0
[QUEUE_STATS] t_ms=30272 q_pkts=12 q_bytes=18048 qdelay_l_ms=1.04579 qdelay_c_ms=1.12829 ecn_mark=400 drop=0
[QUEUE_STATS] t_ms=30288 q_pkts=12 q_bytes=18048 qdelay_l_ms=1.13528 qdelay_c_ms=1.12435 ecn_mark=403 drop=0
[QUEUE_STATS] t_ms=30304 q_pkts=8 q_bytes=12032 qdelay_l_ms=1.088 qdelay_c_ms=1.0816 ecn_mark=404 drop=0
[QUEUE_STATS] t_ms=30320 q_pkts=7 q_bytes=10528 qdelay_l_ms=1.05013 qdelay_c_ms=2.06521 ecn_mark=405 drop=0
[QUEUE_STATS] t_ms=30336 q_pkts=2 q_bytes=3008 qdelay_l_ms=1.09327 qdelay_c_ms=0 ecn_mark=407 drop=0
[QUEUE_STATS] t_ms=30352 q_pkts=7 q_bytes=10528 qdelay_l_ms=1.06059 qdelay_c_ms=2.04238 ecn_mark=407 drop=0
[QUEUE_STATS] t_ms=30368 q_pkts=18 q_bytes=27072 qdelay_l_ms=1.15789 qdelay_c_ms=1.74531 ecn_mark=407 drop=0
[QUEUE_STATS] t_ms=30384 q_pkts=12 q_bytes=18048 qdelay_l_ms=1.06925 qdelay_c_ms=1.05846 ecn_mark=407 drop=0
[QUEUE_STATS] t_ms=30400 q_pkts=4 q_bytes=6016 qdelay_l_ms=0 qdelay_c_ms=1.11973 ecn_mark=408 drop=0
[QUEUE_STATS] t_ms=30416 q_pkts=12 q_bytes=18048 qdelay_l_ms=1.02492 qdelay_c_ms=1.08184 ecn_mark=408 drop=0
[QUEUE_STATS] t_ms=30432 q_pkts=11 q_bytes=16544 qdelay_l_ms=1.13502 qdelay_c_ms=1.12598 ecn_mark=408 drop=0
[QUEUE_STATS] t_ms=30448 q_pkts=14 q_bytes=21056 qdelay_l_ms=1.05457 qdelay_c_ms=1.1403 ecn_mark=408 drop=0
[QUEUE_STATS] t_ms=30464 q_pkts=2