------ Mon 01 Dec 2025 11:32:31 PM PST ------
qdisc htb 1: root refcnt 33 r2q 10 default 0x10 direct_packets_stat 0 direct_qlen 1000
 Sent 379 bytes 5 pkt (dropped 0, overlimits 0 requeues 0) 
 backlog 0b 0p requeues 0
qdisc dualpi2 2: parent 1:10 limit 15040000p target 1ms tupdate 16ms alpha 0.152344 beta 3.195312 l4s_ect coupling_factor 2 drop_on_overload step_thresh 1ms drop_dequeue split_gso classic_protection 10% 
 Sent 379 bytes 5 pkt (dropped 0, overlimits 0 requeues 0) 
 backlog 0b 0p requeues 0
prob 0.000000 delay_c 0us delay_l 0us
pkts_in_c 5 pkts_in_l 0 maxq 0
ecn_mark 0 step_marks 0
credit -121120 (L)

------ Mon 01 Dec 2025 11:32:31 PM PST ------
qdisc htb 1: root refcnt 33 r2q 10 default 0x10 direct_packets_stat 0 direct_qlen 1000
 Sent 610 bytes 7 pkt (dropped 0, overlimits 0 requeues 0) 
 backlog 0b 0p requeues 0
qdisc dualpi2 2: parent 1:10 limit 15040000p target 1ms tupdate 16ms alpha 0.152344 beta 3.195312 l4s_ect coupling_factor 2 drop_on_overload step_thresh 1ms drop_dequeue split_gso classic_protection 10% 
 Sent 610 bytes 7 pkt (dropped 0, overlimits 0 requeues 0) 
 backlog 0b 0p requeues 0
prob 0.000000 delay_c 0us delay_l 0us
pkts_in_c 7 pkts_in_l 0 maxq 0
ecn_mark 0 step_marks 0
credit -121120 (L)

------ Mon 01 Dec 2025 11:32:31 PM PST ------
qdisc htb 1: root refcnt 33 r2q 10 default 0x10 direct_packets_stat 0 direct_qlen 1000
 Sent 610 bytes 7 pkt (dropped 0, overlimits 0 requeues 0) 
 backlog 0b 0p requeues 0
qdisc dualpi2 2: parent 1:10 limit 15040000p target 1ms tupdate 16ms alpha 0.152344 beta 3.195312 l4s_ect coupling_factor 2 drop_on_overload step_thresh 1ms drop_dequeue split_gso classic_protection 10% 
 Sent 610 bytes 7 pkt (dropped 0, overlimits 0 requeues 0) 
 backlog 0b 0p requeues 0
prob 0.000000 delay_c 0us delay_l 0us
pkts_in_c 7 pkts_in_l 0 maxq 0
ecn_mark 0 step_marks 0
credit -121120 (L)

------ Mon 01 Dec 2025 11:32:31 PM PST ------
qdisc htb 1: root refcnt 33 r2q 10 default 0x10 direct_packets_stat 0 direct_qlen 1000
 Sent 44212 bytes 44 pkt (dropped 0, overlimits 29 requeues 0) 
 backlog 1242b 1p requeues 0
qdisc dualpi2 2: parent 1:10 limit 15040000p target 1ms tupdate 16ms alpha 0.152344 beta 3.195312 l4s_ect coupling_factor 2 drop_on_overload step_thresh 1ms drop_dequeue split_gso classic_protection 10% 
 Sent 44212 bytes 44 pkt (dropped 0, overlimits 0 requeues 0) 
 backlog 1242b 1p requeues 0
prob 0.000000 delay_c 142us delay_l 0us
pkts_in_c 45 pkts_in_l 0 maxq 1
ecn_mark 0 step_marks 0
credit -121120 (L)

------ Mon 01 Dec 2025 11:32:31 PM PST ------
qdisc htb 1: root refcnt 33 r2q 10 default 0x10 direct_packets_stat 0 direct_qlen 1000
 Sent 95134 bytes 85 pkt (dropped 0, overlimits 70 requeues 0) 
 backlog 2484b 2p requeues 0
qdisc dualpi2 2: parent 1:10 limit 15040000p target 1ms tupdate 16ms alpha 0.152344 beta 3.195312 l4s_ect coupling_factor 2 drop_on_overload step_thresh 1ms drop_dequeue split_gso classic_protection 10% 
 Sent 95134 bytes 85 pkt (dropped 0, overlimits 0 requeues 0) 
 backlog 2484b 2p requeues 0
prob 0.002687 delay_c 1692us delay_l 0us
pkts_in_c 87 pkts_in_l 0 maxq 2
ecn_mark 0 step_marks 0
credit -121120 (L)

------ Mon 01 Dec 2025 11:32:31 PM PST ------
qdisc htb 1: root refcnt 33 r2q 10 default 0x10 direct_packets_stat 0 direct_qlen 1000
 Sent 149782 bytes 129 pkt (dropped 0, overlimits 114 requeues 0) 
 backlog 3726b 3p requeues 0
qdisc dualpi2 2: parent 1:10 limit 15040000p target 1ms tupdate 16ms alpha 0.152344 beta 3.195312 l4s_ect coupling_factor 2 drop_on_overload step_thresh 1ms drop_dequeue split_gso classic_protection 10% 
 Sent 149782 bytes 129 pkt (dropped 0, overlimits 0 requeues 0) 
 backlog 3726b 3p requeues 0
prob 0.006195 delay_c 2817us delay_l 0us
pkts_in_c 132 pkts_in_l 0 maxq 4
ecn_mark 0 step_marks 0
credit -121120 (L)

------ Mon 01 Dec 2025 11:32:31 PM PST ------
qdisc htb 1: root refcnt 33 r2q 10 default 0x10 direct_packets_stat 0 direct_qlen 1000
 Sent 201946 bytes 171 pkt (dropped 0, overlimits 156 requeues 0) 
 backlog 6210b 5p requeues 0
qdisc dualpi2 2: parent 1:10 limit 15040000p target 1ms tupdate 16ms alpha 0.152344 beta 3.195312 l4s_ect coupling_factor 2 drop_on_overload step_thresh 1ms drop_dequeue split_gso classic_protection 10% 
 Sent 201946 bytes 171 pkt (dropped 0, overlimits 0 requeues 0) 
 backlog 6210b 5p requeues 0
prob 0.013486 delay_c 3668us delay_l 0us
pkts_in_c 176 pkts_in_l 0 maxq 5
ecn_mark 0 step_marks 0
credit -121120 (L)

------ Mon 01 Dec 2025 11:32:31 PM PST ------
qdisc htb 1: root refcnt 33 r2q 10 default 0x10 direct_packets_stat 0 direct_qlen 1000
 Sent 256594 bytes 215 pkt (dropped 0, overlimits 200 requeues 0) 
 backlog 7452b 6p requeues 0
qdisc dualpi2 2: parent 1:10 limit 15040000p target 1ms tupdate 16ms alpha 0.152344 beta 3.195312 l4s_ect coupling_factor 2 drop_on_overload step_thresh 1ms drop_dequeue split_gso classic_protection 10% 
 Sent 256594 bytes 215 pkt (dropped 0, overlimits 0 requeues 0) 
 backlog 7452b 6p requeues 0
prob 0.017730 delay_c 4899us delay_l 0us
pkts_in_c 221 pkts_in_l 0 maxq 7
ecn_mark 0 step_marks 0
credit -121120 (L)

------ Mon 01 Dec 2025 11:32:31 PM PST ------
qdisc htb 1: root refcnt 33 r2q 10 default 0x10 direct_packets_stat 0 direct_qlen 1000
 Sent 310000 bytes 258 pkt (dropped 0, overlimits 243 requeues 0) 
 backlog 9936b 8p requeues 0
qdisc dualpi2 2: parent 1:10 limit 15040000p target 1ms tupdate 16ms alpha 0.152344 beta 3.195312 l4s_ect coupling_factor 2 drop_on_overload step_thresh 1ms drop_dequeue split_gso classic_protection 10% 
 Sent 310000 bytes 258 pkt (dropped 0, overlimits 0 requeues 0) 
 backlog 9936b 8p requeues 0
prob 0.022912 delay_c 5901us delay_l 0us
pkts_in_c 266 pkts_in_l 0 maxq 8
ecn_mark 0 step_marks 0
credit -121120 (L)

------ Mon 01 Dec 2025 11:32:32 PM PST ------
qdisc htb 1: root refcnt 33 r2q 10 default 0x10 direct_packets_stat 0 direct_qlen 1000
 Sent 358438 bytes 297 pkt (dropped 0, overlimits 282 requeues 0) 
 backlog 12420b 10p requeues 0
qdisc dualpi2 2: parent 1:10 limit 15040000p target 1ms tupdate 16ms alpha 0.152344 beta 3.195312 l4s_ect coupling_factor 2 drop_on_overload step_thresh 1ms drop_dequeue split_gso classic_protection 10% 
 Sent 358438 bytes 297 pkt (dropped 0, overlimits 0 requeues 0) 
 backlog 12420b 10p requeues 0
prob 0.027873 delay_c 7118us delay_l 0us
pkts_in_c 307 pkts_in_l 0 maxq 9
ecn_mark 0 step_marks 0
credit -121120 (L)

------ Mon 01 Dec 2025 11:32:32 PM PST ------
qdisc htb 1: root refcnt 33 r2q 10 default 0x10 direct_packets_stat 0 direct_qlen 1000
 Sent 409360 bytes 338 pkt (dropped 0, overlimits 323 requeues 0) 
 backlog 14904b 12p requeues 0
qdisc dualpi2 2: parent 1:10 limit 15040000p target 1ms tupdate 16ms alpha 0.152344 beta 3.195312 l4s_ect coupling_factor 2 drop_on_overload step_thresh 1ms drop_dequeue split_gso classic_protection 10% 
 Sent 409360 bytes 338 pkt (dropped 0, overlimits 0 requeues 0) 
 backlog 14904b 12p requeues 0
prob 0.036303 delay_c 7990us delay_l 0us
pkts_in_c 350 pkts_in_l 0 maxq 11
ecn_mark 0 step_marks 0
credit -121120 (L)

------ Mon 01 Dec 2025 11:32:32 PM PST ------
qdisc htb 1: root refcnt 33 r2q 10 default 0x10 direct_packets_stat 0 direct_qlen 1000
 Sent 451588 bytes 372 pkt (dropped 0, overlimits 357 requeues 0) 
 backlog 16146b 13p requeues 0
qdisc dualpi2 2: parent 1:10 limit 15040000p target 1ms tupdate 16ms alpha 0.152344 beta 3.195312 l4s_ect coupling_factor 2 drop_on_overload step_thresh 1ms drop_dequeue split_gso classic_protection 10% 
 Sent 451588 bytes 372 pkt (dropped 0, overlimits 0 requeues 0) 
 backlog 16146b 13p requeues 0
prob 0.037758 delay_c 9408us delay_l 0us
pkts_in_c 385 pkts_in_l 0 maxq 12
ecn_mark 0 step_marks 0
credit -121120 (L)

------ Mon 01 Dec 2025 11:32:32 PM PST ------
qdisc htb 1: root refcnt 33 r2q 10 default 0x10 direct_packets_stat 0 direct_qlen 1000
 Sent 493816 bytes 406 pkt (dropped 0, overlimits 391 requeues 0) 
 backlog 17388b 14p requeues 0
qdisc dualpi2 2: parent 1:10 limit 15040000p target 1ms tupdate 16ms alpha 0.152344 beta 3.195312 l4s_ect coupling_factor 2 drop_on_overload step_thresh 1ms drop_dequeue split_gso classic_protection 10% 
 Sent 493816 bytes 406 pkt (dropped 0, overlimits 0 requeues 0) 
 backlog 17388b 14p requeues 0
prob 0.043619 delay_c 10515us delay_l 0us
pkts_in_c 420 pkts_in_l 0 maxq 13
ecn_mark 0 step_marks 0
credit -121120 (L)

------ Mon 01 Dec 2025 11:32:32 PM PST ------
qdisc htb 1: root refcnt 33 r2q 10 default 0x10 direct_packets_stat 0 direct_qlen 1000
 Sent 538528 bytes 442 pkt (dropped 0, overlimits 427 requeues 0) 
 backlog 18630b 15p requeues 0
qdisc dualpi2 2: parent 1:10 limit 15040000p target 1ms tupdate 16ms alpha 0.152344 beta 3.195312 l4s_ect coupling_factor 2 drop_on_overload step_thresh 1ms drop_dequeue split_gso classic_protection 10% 
 Sent 538528 bytes 442 pkt (dropped 0, overlimits 0 requeues 0) 
 backlog 18630b 15p requeues 0
prob 0.049708 delay_c 11248us delay_l 0us
pkts_in_c 457 pkts_in_l 0 maxq 15
ecn_mark 0 step_marks 0
credit -121120 (L)

------ Mon 01 Dec 2025 11:32:32 PM PST ------
qdisc htb 1: root refcnt 33 r2q 10 default 0x10 direct_packets_stat 0 direct_qlen 1000
 Sent 581998 bytes 477 pkt (dropped 0, overlimits 462 requeues 0) 
 backlog 19872b 16p requeues 0
qdisc dualpi2 2: parent 1:10 limit 15040000p target 1ms tupdate 16ms alpha 0.152344 beta 3.195312 l4s_ect coupling_factor 2 drop_on_overload step_thresh 1ms drop_dequeue split_gso classic_protection 10% 
 Sent 581998 bytes 477 pkt (dropped 0, overlimits 0 requeues 0) 
 backlog 19872b 16p requeues 0
prob 0.056260 delay_c 12250us delay_l 0us
pkts_in_c 493 pkts_in_l 0 maxq 16
ecn_mark 0 step_marks 0
credit -121120 (L)

------ Mon 01 Dec 2025 11:32:32 PM PST ------
qdisc htb 1: root refcnt 33 r2q 10 default 0x10 direct_packets_stat 0 direct_qlen 1000
 Sent 624226 bytes 511 pkt (dropped 0, overlimits 496 requeues 0) 
 backlog 21114b 17p requeues 0
qdisc dualpi2 2: parent 1:10 limit 15040000p target 1ms tupdate 16ms alpha 0.152344 beta 3.195312 l4s_ect coupling_factor 2 drop_on_overload step_thresh 1ms drop_dequeue split_gso classic_protection 10% 
 Sent 624226 bytes 511 pkt (dropped 0, overlimits 0 requeues 0) 
 backlog 21114b 17p requeues 0
prob 0.063114 delay_c 13069us delay_l 0us
pkts_in_c 528 pkts_in_l 0 maxq 17
ecn_mark 0 step_marks 0
credit -121120 (L)

------ Mon 01 Dec 2025 11:32:32 PM PST ------
qdisc htb 1: root refcnt 33 r2q 10 default 0x10 direct_packets_stat 0 direct_qlen 1000
 Sent 666454 bytes 545 pkt (dropped 0, overlimits 530 requeues 0) 
 backlog 22356b 18p requeues 0
qdisc dualpi2 2: parent 1:10 limit 15040000p target 1ms tupdate 16ms alpha 0.152344 beta 3.195312 l4s_ect coupling_factor 2 drop_on_overload step_thresh 1ms drop_dequeue split_gso classic_protection 10% 
 Sent 666454 bytes 545 pkt (dropped 0, overlimits 0 requeues 0) 
 backlog 22356b 18p requeues 0
prob 0.064871 delay_c 14420us delay_l 0us
pkts_in_c 563 pkts_in_l 0 maxq 18
ecn_mark 0 step_marks 0
credit -121120 (L)

------ Mon 01 Dec 2025 11:32:32 PM PST ------
qdisc htb 1: root refcnt 33 r2q 10 default 0x10 direct_packets_stat 0 direct_qlen 1000
 Sent 707440 bytes 578 pkt (dropped 0, overlimits 563 requeues 0) 
 backlog 23598b 19p requeues 0
qdisc dualpi2 2: parent 1:10 limit 15040000p target 1ms tupdate 16ms alpha 0.152344 beta 3.195312 l4s_ect coupling_factor 2 drop_on_overload step_thresh 1ms drop_dequeue split_gso classic_protection 10% 
 Sent 707440 bytes 578 pkt (dropped 0, overlimits 0 requeues 0) 
 backlog 23598b 19p requeues 0
prob 0.075360 delay_c 14858us delay_l 0us
pkts_in_c 597 pkts_in_l 0 maxq 19
ecn_mark 0 step_marks 0
credit -121120 (L)

------ Mon 01 Dec 2025 11:32:32 PM PST ------
qdisc htb 1: root refcnt 33 r2q 10 default 0x10 direct_packets_stat 0 direct_qlen 1000
 Sent 749668 bytes 612 pkt (dropped 0, overlimits 597 requeues 0) 
 backlog 24840b 20p requeues 0
qdisc dualpi2 2: parent 1:10 limit 15040000p target 1ms tupdate 16ms alpha 0.152344 beta 3.195312 l4s_ect coupling_factor 2 drop_on_overload step_thresh 1ms drop_dequeue split_gso classic_protection 10% 
 Sent 749668 bytes 612 pkt (dropped 0, overlimits 0 requeues 0) 
 backlog 24840b 20p requeues 0
prob 0.083086 delay_c 15549us delay_l 0us
pkts_in_c 632 pkts_in_l 0 maxq 20
ecn_mark 0 step_marks 0
credit -121120 (L)

------ Mon 01 Dec 2025 11:32:32 PM PST ------
qdisc htb 1: root refcnt 33 r2q 10 default 0x10 direct_packets_stat 0 direct_qlen 1000
 Sent 793138 bytes 647 pkt (dropped 1, overlimits 632 requeues 0) 
 backlog 24840b 20p requeues 0
qdisc dualpi2 2: parent 1:10 limit 15040000p target 1ms tupdate 16ms alpha 0.152344 beta 3.195312 l4s_ect coupling_factor 2 drop_on_overload step_thresh 1ms drop_dequeue split_gso classic_protection 10% 
 Sent 793138 bytes 647 pkt (dropped 1, overlimits 0 requeues 0) 
 backlog 24840b 20p requeues 0
prob 0.087769 delay_c 15473us delay_l 0us
pkts_in_c 668 pkts_in_l 0 maxq 22
ecn_mark 0 step_marks 0
credit -121120 (L)

------ Mon 01 Dec 2025 11:32:32 PM PST ------
qdisc htb 1: root refcnt 33 r2q 10 default 0x10 direct_packets_stat 0 direct_qlen 1000
 Sent 837850 bytes 683 pkt (dropped 1, overlimits 668 requeues 0) 
 backlog 27324b 22p requeues 0
qdisc dualpi2 2: parent 1:10 limit 15040000p target 1ms tupdate 16ms alpha 0.152344 beta 3.195312 l4s_ect coupling_factor 2 drop_on_overload step_thresh 1ms drop_dequeue split_gso classic_protection 10% 
 Sent 837850 bytes 683 pkt (dropped 1, overlimits 0 requeues 0) 
 backlog 27324b 22p requeues 0
prob 0.095898 delay_c 17281us delay_l 0us
pkts_in_c 706 pkts_in_l 0 maxq 22
ecn_mark 0 step_marks 0
credit -121120 (L)

------ Mon 01 Dec 2025 11:32:32 PM PST ------
qdisc htb 1: root refcnt 33 r2q 10 default 0x10 direct_packets_stat 0 direct_qlen 1000
 Sent 882562 bytes 719 pkt (dropped 3, overlimits 704 requeues 0) 
 backlog 26082b 21p requeues 0
qdisc dualpi2 2: parent 1:10 limit 15040000p target 1ms tupdate 16ms alpha 0.152344 beta 3.195312 l4s_ect coupling_factor 2 drop_on_overload step_thresh 1ms drop_dequeue split_gso classic_protection 10% 
 Sent 882562 bytes 719 pkt (dropped 3, overlimits 0 requeues 0) 
 backlog 26082b 21p requeues 0
prob 0.101699 delay_c 16769us delay_l 0us
pkts_in_c 743 pkts_in_l 0 maxq 23
ecn_mark 0 step_marks 0
credit -121120 (L)

------ Mon 01 Dec 2025 11:32:32 PM PST ------
qdisc htb 1: root refcnt 33 r2q 10 default 0x10 direct_packets_stat 0 direct_qlen 1000
 Sent 927274 bytes 755 pkt (dropped 3, overlimits 738 requeues 0) 
 backlog 28566b 23p requeues 0
qdisc dualpi2 2: parent 1:10 limit 15040000p target 1ms tupdate 16ms alpha 0.152344 beta 3.195312 l4s_ect coupling_factor 2 drop_on_overload step_thresh 1ms drop_dequeue split_gso classic_protection 10% 
 Sent 927274 bytes 755 pkt (dropped 3, overlimits 0 requeues 0) 
 backlog 28566b 23p requeues 0
prob 0.103350 delay_c 17150us delay_l 0us
pkts_in_c 781 pkts_in_l 0 maxq 23
ecn_mark 0 step_marks 0
credit -121120 (L)

------ Mon 01 Dec 2025 11:32:32 PM PST ------
qdisc htb 1: root refcnt 33 r2q 10 default 0x10 direct_packets_stat 0 direct_qlen 1000
 Sent 971986 bytes 791 pkt (dropped 4, overlimits 774 requeues 0) 
 backlog 28566b 23p requeues 0
qdisc dualpi2 2: parent 1:10 limit 15040000p target 1ms tupdate 16ms alpha 0.152344 beta 3.195312 l4s_ect coupling_factor 2 drop_on_overload step_thresh 1ms drop_dequeue split_gso classic_protection 10% 
 Sent 971986 bytes 791 pkt (dropped 4, overlimits 0 requeues 0) 
 backlog 28566b 23p requeues 0
prob 0.108243 delay_c 18237us delay_l 0us
pkts_in_c 818 pkts_in_l 0 maxq 23
ecn_mark 0 step_marks 0
credit -121120 (L)

------ Mon 01 Dec 2025 11:32:32 PM PST ------
qdisc htb 1: root refcnt 33 r2q 10 default 0x10 direct_packets_stat 0 direct_qlen 1000
 Sent 1019182 bytes 829 pkt (dropped 4, overlimits 812 requeues 0) 
 backlog 29808b 24p requeues 0
qdisc dualpi2 2: parent 1:10 limit 15040000p target 1ms tupdate 16ms alpha 0.152344 beta 3.195312 l4s_ect coupling_factor 2 drop_on_overload step_thresh 1ms drop_dequeue split_gso classic_protection 10% 
 Sent 1019182 bytes 829 pkt (dropped 4, overlimits 0 requeues 0) 
 backlog 29808b 24p requeues 0
prob 0.119942 delay_c 18318us delay_l 0us
pkts_in_c 857 pkts_in_l 0 maxq 24
ecn_mark 0 step_marks 0
credit -121120 (L)

------ Mon 01 Dec 2025 11:32:32 PM PST ------
qdisc htb 1: root refcnt 33 r2q 10 default 0x10 direct_packets_stat 0 direct_qlen 1000
 Sent 1071346 bytes 871 pkt (dropped 4, overlimits 854 requeues 0) 
 backlog 32292b 26p requeues 0
qdisc dualpi2 2: parent 1:10 limit 15040000p target 1ms tupdate 16ms alpha 0.152344 beta 3.195312 l4s_ect coupling_factor 2 drop_on_overload step_thresh 1ms drop_dequeue split_gso classic_protection 10% 
 Sent 1071346 bytes 871 pkt (dropped 4, overlimits 0 requeues 0) 
 backlog 32292b 26p requeues 0
prob 0.128866 delay_c 20705us delay_l 0us
pkts_in_c 901 pkts_in_l 0 maxq 26
ecn_mark 0 step_marks 0
credit -121120 (L)

------ Mon 01 Dec 2025 11:32:32 PM PST ------
qdisc htb 1: root refcnt 33 r2q 10 default 0x10 direct_packets_stat 0 direct_qlen 1000
 Sent 1119784 bytes 910 pkt (dropped 4, overlimits 893 requeues 0) 
 backlog 33534b 27p requeues 0
qdisc dualpi2 2: parent 1:10 limit 15040000p target 1ms tupdate 16ms alpha 0.152344 beta 3.195312 l4s_ect coupling_factor 2 drop_on_overload step_thresh 1ms drop_dequeue split_gso classic_protection 10% 
 Sent 1119784 bytes 910 pkt (dropped 4, overlimits 0 requeues 0) 
 backlog 33534b 27p requeues 0
prob 0.138080 delay_c 21687us delay_l 0us
pkts_in_c 941 pkts_in_l 0 maxq 27
ecn_mark 0 step_marks 0
credit -121120 (L)

------ Mon 01 Dec 2025 11:32:32 PM PST ------
qdisc htb 1: root refcnt 33 r2q 10 default 0x10 direct_packets_stat 0 direct_qlen 1000
 Sent 1166980 bytes 948 pkt (dropped 6, overlimits 931 requeues 0) 
 backlog 33534b 27p requeues 0
qdisc dualpi2 2: parent 1:10 limit 15040000p target 1ms tupdate 16ms alpha 0.152344 beta 3.195312 l4s_ect coupling_factor 2 drop_on_overload step_thresh 1ms drop_dequeue split_gso classic_protection 10% 
 Sent 1166980 bytes 948 pkt (dropped 6, overlimits 0 requeues 0) 
 backlog 33534b 27p requeues 0
prob 0.144238 delay_c 21353us delay_l 0us
pkts_in_c 981 pkts_in_l 0 maxq 27
ecn_mark 0 step_marks 0
credit -121120 (L)

------ Mon 01 Dec 2025 11:32:32 PM PST ------
qdisc htb 1: root refcnt 33 r2q 10 default 0x10 direct_packets_stat 0 direct_qlen 1000
 Sent 1214176 bytes 986 pkt (dropped 8, overlimits 969 requeues 0) 
 backlog 32292b 26p requeues 0
qdisc dualpi2 2: parent 1:10 limit 15040000p target 1ms tupdate 16ms alpha 0.152344 beta 3.195312 l4s_ect coupling_factor 2 drop_on_overload step_thresh 1ms drop_dequeue split_gso classic_protection 10% 
 Sent 1214176 bytes 986 pkt (dropped 8, overlimits 0 requeues 0) 
 backlog 32292b 26p requeues 0
prob 0.150285 delay_c 20464us delay_l 0us
pkts_in_c 1020 pkts_in_l 0 maxq 27
ecn_mark 0 step_marks 0
credit -121120 (L)

------ Mon 01 Dec 2025 11:32:32 PM PST ------
qdisc htb 1: root refcnt 33 r2q 10 default 0x10 direct_packets_stat 0 direct_qlen 1000
 Sent 1257646 bytes 1021 pkt (dropped 10, overlimits 1004 requeues 0) 
 backlog 31050b 25p requeues 0
qdisc dualpi2 2: parent 1:10 limit 15040000p target 1ms tupdate 16ms alpha 0.152344 beta 3.195312 l4s_ect coupling_factor 2 drop_on_overload step_thresh 1ms drop_dequeue split_gso classic_protection 10% 
 Sent 1257646 bytes 1021 pkt (dropped 10, overlimits 0 requeues 0) 
 backlog 31050b 25p requeues 0
prob 0.149664 delay_c 19688us delay_l 0us
pkts_in_c 1056 pkts_in_l 0 maxq 27
ecn_mark 0 step_marks 0
credit -121120 (L)

------ Mon 01 Dec 2025 11:32:32 PM PST ------
qdisc htb 1: root refcnt 33 r2q 10 default 0x10 direct_packets_stat 0 direct_qlen 1000
 Sent 1303600 bytes 1058 pkt (dropped 12, overlimits 1041 requeues 0) 
 backlog 31050b 25p requeues 0
qdisc dualpi2 2: parent 1:10 limit 15040000p target 1ms tupdate 16ms alpha 0.152344 beta 3.195312 l4s_ect coupling_factor 2 drop_on_overload step_thresh 1ms drop_dequeue split_gso classic_protection 10% 
 Sent 1303600 bytes 1058 pkt (dropped 12, overlimits 0 requeues 0) 
 backlog 31050b 25p requeues 0
prob 0.155370 delay_c 19135us delay_l 0us
pkts_in_c 1095 pkts_in_l 0 maxq 27
ecn_mark 0 step_marks 0
credit -121120 (L)

------ Mon 01 Dec 2025 11:32:32 PM PST ------
qdisc htb 1: root refcnt 33 r2q 10 default 0x10 direct_packets_stat 0 direct_qlen 1000
 Sent 1347070 bytes 1093 pkt (dropped 12, overlimits 1076 requeues 0) 
 backlog 32292b 26p requeues 0
qdisc dualpi2 2: parent 1:10 limit 15040000p target 1ms tupdate 16ms alpha 0.152344 beta 3.195312 l4s_ect coupling_factor 2 drop_on_overload step_thresh 1ms drop_dequeue split_gso classic_protection 10% 
 Sent 1347070 bytes 1093 pkt (dropped 12, overlimits 0 requeues 0) 
 backlog 32292b 26p requeues 0
prob 0.164251 delay_c 20035us delay_l 0us
pkts_in_c 1131 pkts_in_l 0 maxq 27
ecn_mark 0 step_marks 0
credit -121120 (L)

------ Mon 01 Dec 2025 11:32:32 PM PST ------
qdisc htb 1: root refcnt 33 r2q 10 default 0x10 direct_packets_stat 0 direct_qlen 1000
 Sent 1390540 bytes 1128 pkt (dropped 13, overlimits 1111 requeues 0) 
 backlog 31050b 25p requeues 0
qdisc dualpi2 2: parent 1:10 limit 15040000p target 1ms tupdate 16ms alpha 0.152344 beta 3.195312 l4s_ect coupling_factor 2 drop_on_overload step_thresh 1ms drop_dequeue split_gso classic_protection 10% 
 Sent 1390540 bytes 1128 pkt (dropped 13, overlimits 0 requeues 0) 
 backlog 31050b 25p requeues 0
prob 0.170210 delay_c 19961us delay_l 0us
pkts_in_c 1166 pkts_in_l 0 maxq 27
ecn_mark 0 step_marks 0
credit -121120 (L)

------ Mon 01 Dec 2025 11:32:32 PM PST ------
qdisc htb 1: root refcnt 33 r2q 10 default 0x10 direct_packets_stat 0 direct_qlen 1000
 Sent 1432768 bytes 1162 pkt (dropped 16, overlimits 1145 requeues 0) 
 backlog 29808b 24p requeues 0
qdisc dualpi2 2: parent 1:10 limit 15040000p target 1ms tupdate 16ms alpha 0.152344 beta 3.195312 l4s_ect coupling_factor 2 drop_on_overload step_thresh 1ms drop_dequeue split_gso classic_protection 10% 
 Sent 1432768 bytes 1162 pkt (dropped 16, overlimits 0 requeues 0) 
 backlog 29808b 24p requeues 0
prob 0.173064 delay_c 18255us delay_l 0us
pkts_in_c 1202 pkts_in_l 0 maxq 27
ecn_mark 0 step_marks 0
credit -121120 (L)

------ Mon 01 Dec 2025 11:32:32 PM PST ------
qdisc htb 1: root refcnt 33 r2q 10 default 0x10 direct_packets_stat 0 direct_qlen 1000
 Sent 1476238 bytes 1197 pkt (dropped 18, overlimits 1180 requeues 0) 
 backlog 28566b 23p requeues 0
qdisc dualpi2 2: parent 1:10 limit 15040000p target 1ms tupdate 16ms alpha 0.152344 beta 3.195312 l4s_ect coupling_factor 2 drop_on_overload step_thresh 1ms drop_dequeue split_gso classic_protection 10% 
 Sent 1476238 bytes 1197 pkt (dropped 18, overlimits 0 requeues 0) 
 backlog 28566b 23p requeues 0
prob 0.168652 delay_c 18611us delay_l 0us
pkts_in_c 1238 pkts_in_l 0 maxq 27
ecn_mark 0 step_marks 0
credit -121120 (L)

------ Mon 01 Dec 2025 11:32:32 PM PST ------
qdisc htb 1: root refcnt 33 r2q 10 default 0x10 direct_packets_stat 0 direct_qlen 1000
 Sent 1519708 bytes 1232 pkt (dropped 18, overlimits 1215 requeues 0) 
 backlog 28566b 23p requeues 0
qdisc dualpi2 2: parent 1:10 limit 15040000p target 1ms tupdate 16ms alpha 0.152344 beta 3.195312 l4s_ect coupling_factor 2 drop_on_overload step_thresh 1ms drop_dequeue split_gso classic_protection 10% 
 Sent 1519708 bytes 1232 pkt (dropped 18, overlimits 0 requeues 0) 
 backlog 28566b 23p requeues 0
prob 0.180424 delay_c 18896us delay_l 0us
pkts_in_c 1273 pkts_in_l 0 maxq 27
ecn_mark 0 step_marks 0
credit -121120 (L)

------ Mon 01 Dec 2025 11:32:32 PM PST ------
qdisc htb 1: root refcnt 33 r2q 10 default 0x10 direct_packets_stat 0 direct_qlen 1000
 Sent 1561936 bytes 1266 pkt (dropped 19, overlimits 1249 requeues 0) 
 backlog 31050b 25p requeues 0
qdisc dualpi2 2: parent 1:10 limit 15040000p target 1ms tupdate 16ms alpha 0.152344 beta 3.195312 l4s_ect coupling_factor 2 drop_on_overload step_thresh 1ms drop_dequeue split_gso classic_protection 10% 
 Sent 1561936 bytes 1266 pkt (dropped 19, overlimits 0 requeues 0) 
 backlog 31050b 25p requeues 0
prob 0.186017 delay_c 19143us delay_l 0us
pkts_in_c 1310 pkts_in_l 0 maxq 27
ecn_mark 0 step_marks 0
credit -121120 (L)

------ Mon 01 Dec 2025 11:32:32 PM PST ------
qdisc htb 1: root refcnt 33 r2q 10 default 0x10 direct_packets_stat 0 direct_qlen 1000
 Sent 1605406 bytes 1301 pkt (dropped 20, overlimits 1284 requeues 0) 
 backlog 31050b 25p requeues 0
qdisc dualpi2 2: parent 1:10 limit 15040000p target 1ms tupdate 16ms alpha 0.152344 beta 3.195312 l4s_ect coupling_factor 2 drop_on_overload step_thresh 1ms drop_dequeue split_gso classic_protection 10% 
 Sent 1605406 bytes 1301 pkt (dropped 20, overlimits 0 requeues 0) 
 backlog 31050b 25p requeues 0
prob 0.191529 delay_c 19195us delay_l 0us
pkts_in_c 1346 pkts_in_l 0 maxq 27
ecn_mark 0 step_marks 0
credit -121120 (L)

------ Mon 01 Dec 2025 11:32:32 PM PST ------
qdisc htb 1: root refcnt 33 r2q 10 default 0x10 direct_packets_stat 0 direct_qlen 1000
 Sent 1647634 bytes 1335 pkt (dropped 21, overlimits 1318 requeues 0) 
 backlog 31050b 25p requeues 0
qdisc dualpi2 2: parent 1:10 limit 15040000p target 1ms tupdate 16ms alpha 0.152344 beta 3.195312 l4s_ect coupling_factor 2 drop_on_overload step_thresh 1ms drop_dequeue split_gso classic_protection 10% 
 Sent 1647634 bytes 1335 pkt (dropped 21, overlimits 0 requeues 0) 
 backlog 31050b 25p requeues 0
prob 0.194195 delay_c 19570us delay_l 0us
pkts_in_c 1381 pkts_in_l 0 maxq 27
ecn_mark 0 step_marks 0
credit -121120 (L)

------ Mon 01 Dec 2025 11:32:32 PM PST ------
qdisc htb 1: root refcnt 33 r2q 10 default 0x10 direct_packets_stat 0 direct_qlen 1000
 Sent 1693588 bytes 1372 pkt (dropped 21, overlimits 1355 requeues 0) 
 backlog 33534b 27p requeues 0
qdisc dualpi2 2: parent 1:10 limit 15040000p target 1ms tupdate 16ms alpha 0.152344 beta 3.195312 l4s_ect coupling_factor 2 drop_on_overload step_thresh 1ms drop_dequeue split_gso classic_protection 10% 
 Sent 1693588 bytes 1372 pkt (dropped 21, overlimits 0 requeues 0) 
 backlog 33534b 27p requeues 0
prob 0.203275 delay_c 20186us delay_l 0us
pkts_in_c 1420 pkts_in_l 0 maxq 27
ecn_mark 0 step_marks 0
credit -121120 (L)

------ Mon 01 Dec 2025 11:32:32 PM PST ------
qdisc htb 1: root refcnt 33 r2q 10 default 0x10 direct_packets_stat 0 direct_qlen 1000
 Sent 1740784 bytes 1410 pkt (dropped 23, overlimits 1393 requeues 0) 
 backlog 31050b 25p requeues 0
qdisc dualpi2 2: parent 1:10 limit 15040000p target 1ms tupdate 16ms alpha 0.152344 beta 3.195312 l4s_ect coupling_factor 2 drop_on_overload step_thresh 1ms drop_dequeue split_gso classic_protection 10% 
 Sent 1740784 bytes 1410 pkt (dropped 23, overlimits 0 requeues 0) 
 backlog 31050b 25p requeues 0
prob 0.212628 delay_c 19416us delay_l 0us
pkts_in_c 1458 pkts_in_l 0 maxq 27
ecn_mark 0 step_marks 0
credit -121120 (L)

------ Mon 01 Dec 2025 11:32:32 PM PST ------
qdisc htb 1: root refcnt 33 r2q 10 default 0x10 direct_packets_stat 0 direct_qlen 1000
 Sent 1787980 bytes 1448 pkt (dropped 24, overlimits 1431 requeues 0) 
 backlog 32292b 26p requeues 0
qdisc dualpi2 2: parent 1:10 limit 15040000p target 1ms tupdate 16ms alpha 0.152344 beta 3.195312 l4s_ect coupling_factor 2 drop_on_overload step_thresh 1ms drop_dequeue split_gso classic_protection 10% 
 Sent 1787980 bytes 1448 pkt (dropped 24, overlimits 0 requeues 0) 
 backlog 32292b 26p requeues 0
prob 0.215174 delay_c 20188us delay_l 0us
pkts_in_c 1498 pkts_in_l 0 maxq 27
ecn_mark 0 step_marks 0
credit -121120 (L)

------ Mon 01 Dec 2025 11:32:33 PM PST ------
qdisc htb 1: root refcnt 33 r2q 10 default 0x10 direct_packets_stat 0 direct_qlen 1000
 Sent 1832692 bytes 1484 pkt (dropped 28, overlimits 1467 requeues 0) 
 backlog 28566b 23p requeues 0
qdisc dualpi2 2: parent 1:10 limit 15040000p target 1ms tupdate 16ms alpha 0.152344 beta 3.195312 l4s_ect coupling_factor 2 drop_on_overload step_thresh 1ms drop_dequeue split_gso classic_protection 10% 
 Sent 1832692 bytes 1484 pkt (dropped 28, overlimits 0 requeues 0) 
 backlog 28566b 23p requeues 0
prob 0.214541 delay_c 17612us delay_l 0us
pkts_in_c 1535 pkts_in_l 0 maxq 27
ecn_mark 0 step_marks 0
credit -121120 (L)

------ Mon 01 Dec 2025 11:32:33 PM PST ------
qdisc htb 1: root refcnt 33 r2q 10 default 0x10 direct_packets_stat 0 direct_qlen 1000
 Sent 1879888 bytes 1522 pkt (dropped 29, overlimits 1505 requeues 0) 
 backlog 29808b 24p requeues 0
qdisc dualpi2 2: parent 1:10 limit 15040000p target 1ms tupdate 16ms alpha 0.152344 beta 3.195312 l4s_ect coupling_factor 2 drop_on_overload step_thresh 1ms drop_dequeue split_gso classic_protection 10% 
 Sent 1879888 bytes 1522 pkt (dropped 29, overlimits 0 requeues 0) 
 backlog 29808b 24p requeues 0
prob 0.219761 delay_c 18299us delay_l 0us
pkts_in_c 1575 pkts_in_l 0 maxq 27
ecn_mark 0 step_marks 0
credit -121120 (L)

------ Mon 01 Dec 2025 11:32:33 PM PST ------
qdisc htb 1: root refcnt 33 r2q 10 default 0x10 direct_packets_stat 0 direct_qlen 1000
 Sent 1925842 bytes 1559 pkt (dropped 33, overlimits 1542 requeues 0) 
 backlog 24840b 20p requeues 0
qdisc dualpi2 2: parent 1:10 limit 15040000p target 1ms tupdate 16ms alpha 0.152344 beta 3.195312 l4s_ect coupling_factor 2 drop_on_overload step_thresh 1ms drop_dequeue split_gso classic_protection 10% 
 Sent 1925842 bytes 1559 pkt (dropped 33, overlimits 0 requeues 0) 
 backlog 24840b 20p requeues 0
prob 0.221586 delay_c 15898us delay_l 0us
pkts_in_c 1612 pkts_in_l 0 maxq 27
ecn_mark 0 step_marks 0
credit -121120 (L)

------ Mon 01 Dec 2025 11:32:33 PM PST ------
qdisc htb 1: root refcnt 33 r2q 10 default 0x10 direct_packets_stat 0 direct_qlen 1000
 Sent 1969312 bytes 1594 pkt (dropped 36, overlimits 1577 requeues 0) 
 backlog 24840b 20p requeues 0
qdisc dualpi2 2: parent 1:10 limit 15040000p target 1ms tupdate 16ms alpha 0.152344 beta 3.195312 l4s_ect coupling_factor 2 drop_on_overload step_thresh 1ms drop_dequeue split_gso classic_protection 10% 
 Sent 1969312 bytes 1594 pkt (dropped 36, overlimits 0 requeues 0) 
 backlog 24840b 20p requeues 0
prob 0.223005 delay_c 15265us delay_l 0us
pkts_in_c 1650 pkts_in_l 0 maxq 27
ecn_mark 0 step_marks 0
credit -121120 (L)

------ Mon 01 Dec 2025 11:32:33 PM PST ------
qdisc htb 1: root refcnt 33 r2q 10 default 0x10 direct_packets_stat 0 direct_qlen 1000
 Sent 2011540 bytes 1628 pkt (dropped 38, overlimits 1611 requeues 0) 
 backlog 23598b 19p requeues 0
qdisc dualpi2 2: parent 1:10 limit 15040000p target 1ms tupdate 16ms alpha 0.152344 beta 3.195312 l4s_ect coupling_factor 2 drop_on_overload step_thresh 1ms drop_dequeue split_gso classic_protection 10% 
 Sent 2011540 bytes 1628 pkt (dropped 38, overlimits 0 requeues 0) 
 backlog 23598b 19p requeues 0
prob 0.221948 delay_c 14435us delay_l 0us
pkts_in_c 1685 pkts_in_l 0 maxq 27
ecn_mark 0 step_marks 0
credit -121120 (L)

------ Mon 01 Dec 2025 11:32:33 PM PST ------
qdisc htb 1: root refcnt 33 r2q 10 default 0x10 direct_packets_stat 0 direct_qlen 1000
 Sent 2055010 bytes 1663 pkt (dropped 39, overlimits 1646 requeues 0) 
 backlog 23598b 19p requeues 0
qdisc dualpi2 2: parent 1:10 limit 15040000p target 1ms tupdate 16ms alpha 0.152344 beta 3.195312 l4s_ect coupling_factor 2 drop_on_overload step_thresh 1ms drop_dequeue split_gso classic_protection 10% 
 Sent 2055010 bytes 1663 pkt (dropped 39, overlimits 0 requeues 0) 
 backlog 23598b 19p requeues 0
prob 0.222731 delay_c 14005us delay_l 0us
pkts_in_c 1721 pkts_in_l 0 maxq 27
ecn_mark 0 step_marks 0
credit -121120 (L)

------ Mon 01 Dec 2025 11:32:33 PM PST ------
qdisc htb 1: root refcnt 33 r2q 10 default 0x10 direct_packets_stat 0 direct_qlen 1000
 Sent 2097238 bytes 1697 pkt (dropped 42, overlimits 1680 requeues 0) 
 backlog 21114b 17p requeues 0
qdisc dualpi2 2: parent 1:10 limit 15040000p target 1ms tupdate 16ms alpha 0.152344 beta 3.195312 l4s_ect coupling_factor 2 drop_on_overload step_thresh 1ms drop_dequeue split_gso classic_protection 10% 
 Sent 2097238 bytes 1697 pkt (dropped 42, overlimits 0 requeues 0) 
 backlog 21114b 17p requeues 0
prob 0.226636 delay_c 13288us delay_l 0us
pkts_in_c 1756 pkts_in_l 0 maxq 27
ecn_mark 0 step_marks 0
credit -121120 (L)

------ Mon 01 Dec 2025 11:32:33 PM PST ------
qdisc htb 1: root refcnt 33 r2q 10 default 0x10 direct_packets_stat 0 direct_qlen 1000
 Sent 2140708 bytes 1732 pkt (dropped 42, overlimits 1715 requeues 0) 
 backlog 22356b 18p requeues 0
qdisc dualpi2 2: parent 1:10 limit 15040000p target 1ms tupdate 16ms alpha 0.152344 beta 3.195312 l4s_ect coupling_factor 2 drop_on_overload step_thresh 1ms drop_dequeue split_gso classic_protection 10% 
 Sent 2140708 bytes 1732 pkt (dropped 42, overlimits 0 requeues 0) 
 backlog 22356b 18p requeues 0
prob 0.227063 delay_c 14215us delay_l 0us
pkts_in_c 1792 pkts_in_l 0 maxq 27
ecn_mark 0 step_marks 0
credit -121120 (L)

------ Mon 01 Dec 2025 11:32:33 PM PST ------
qdisc htb 1: root refcnt 33 r2q 10 default 0x10 direct_packets_stat 0 direct_qlen 1000
 Sent 2182936 bytes 1766 pkt (dropped 44, overlimits 1749 requeues 0) 
 backlog 21114b 17p requeues 0
qdisc dualpi2 2: parent 1:10 limit 15040000p target 1ms tupdate 16ms alpha 0.152344 beta 3.195312 l4s_ect coupling_factor 2 drop_on_overload step_thresh 1ms drop_dequeue split_gso classic_protection 10% 
 Sent 2182936 bytes 1766 pkt (dropped 44, overlimits 0 requeues 0) 
 backlog 21114b 17p requeues 0
prob 0.230819 delay_c 13761us delay_l 0us
pkts_in_c 1827 pkts_in_l 0 maxq 27
ecn_mark 0 step_marks 0
credit -121120 (L)

------ Mon 01 Dec 2025 11:32:33 PM PST ------
qdisc htb 1: root refcnt 33 r2q 10 default 0x10 direct_packets_stat 0 direct_qlen 1000
 Sent 2226406 bytes 1801 pkt (dropped 47, overlimits 1784 requeues 0) 
 backlog 18630b 15p requeues 0
qdisc dualpi2 2: parent 1:10 limit 15040000p target 1ms tupdate 16ms alpha 0.152344 beta 3.195312 l4s_ect coupling_factor 2 drop_on_overload step_thresh 1ms drop_dequeue split_gso classic_protection 10% 
 Sent 2226406 bytes 1801 pkt (dropped 47, overlimits 0 requeues 0) 
 backlog 18630b 15p requeues 0
prob 0.225966 delay_c 11511us delay_l 0us
pkts_in_c 1863 pkts_in_l 0 maxq 27
ecn_mark 0 step_marks 0
credit -121120 (L)

------ Mon 01 Dec 2025 11:32:33 PM PST ------
qdisc htb 1: root refcnt 33 r2q 10 default 0x10 direct_packets_stat 0 direct_qlen 1000
 Sent 2269876 bytes 1836 pkt (dropped 48, overlimits 1819 requeues 0) 
 backlog 19872b 16p requeues 0
qdisc dualpi2 2: parent 1:10 limit 15040000p target 1ms tupdate 16ms alpha 0.152344 beta 3.195312 l4s_ect coupling_factor 2 drop_on_overload step_thresh 1ms drop_dequeue split_gso classic_protection 10% 
 Sent 2269876 bytes 1836 pkt (dropped 48, overlimits 0 requeues 0) 
 backlog 19872b 16p requeues 0
prob 0.235899 delay_c 12505us delay_l 0us
pkts_in_c 1900 pkts_in_l 0 maxq 27
ecn_mark 0 step_marks 0
credit -121120 (L)

------ Mon 01 Dec 2025 11:32:33 PM PST ------
qdisc htb 1: root refcnt 33 r2q 10 default 0x10 direct_packets_stat 0 direct_qlen 1000
 Sent 2313346 bytes 1871 pkt (dropped 49, overlimits 1854 requeues 0) 
 backlog 19872b 16p requeues 0
qdisc dualpi2 2: parent 1:10 limit 15040000p target 1ms tupdate 16ms alpha 0.152344 beta 3.195312 l4s_ect coupling_factor 2 drop_on_overload step_thresh 1ms drop_dequeue split_gso classic_protection 10% 
 Sent 2313346 bytes 1871 pkt (dropped 49, overlimits 0 requeues 0) 
 backlog 19872b 16p requeues 0
prob 0.236083 delay_c 12587us delay_l 0us
pkts_in_c 1936 pkts_in_l 0 maxq 27
ecn_mark 0 step_marks 0
credit -121120 (L)

------ Mon 01 Dec 2025 11:32:33 PM PST ------
qdisc htb 1: root refcnt 33 r2q 10 default 0x10 direct_packets_stat 0 direct_qlen 1000
 Sent 2356816 bytes 1906 pkt (dropped 52, overlimits 1889 requeues 0) 
 backlog 17388b 14p requeues 0
qdisc dualpi2 2: parent 1:10 limit 15040000p target 1ms tupdate 16ms alpha 0.152344 beta 3.195312 l4s_ect coupling_factor 2 drop_on_overload step_thresh 1ms drop_dequeue split_gso classic_protection 10% 
 Sent 2356816 bytes 1906 pkt (dropped 52, overlimits 0 requeues 0) 
 backlog 17388b 14p requeues 0
prob 0.232867 delay_c 10128us delay_l 0us
pkts_in_c 1972 pkts_in_l 0 maxq 27
ecn_mark 0 step_marks 0
credit -121120 (L)

------ Mon 01 Dec 2025 11:32:33 PM PST ------
qdisc htb 1: root refcnt 33 r2q 10 default 0x10 direct_packets_stat 0 direct_qlen 1000
 Sent 2400286 bytes 1941 pkt (dropped 53, overlimits 1924 requeues 0) 
 backlog 17388b 14p requeues 0
qdisc dualpi2 2: parent 1:10 limit 15040000p target 1ms tupdate 16ms alpha 0.152344 beta 3.195312 l4s_ect coupling_factor 2 drop_on_overload step_thresh 1ms drop_dequeue split_gso classic_protection 10% 
 Sent 2400286 bytes 1941 pkt (dropped 53, overlimits 0 requeues 0) 
 backlog 17388b 14p requeues 0
prob 0.239220 delay_c 11187us delay_l 0us
pkts_in_c 2008 pkts_in_l 0 maxq 27
ecn_mark 0 step_marks 0
credit -121120 (L)

------ Mon 01 Dec 2025 11:32:33 PM PST ------
qdisc htb 1: root refcnt 33 r2q 10 default 0x10 direct_packets_stat 0 direct_qlen 1000
 Sent 2442514 bytes 1975 pkt (dropped 56, overlimits 1958 requeues 0) 
 backlog 14904b 12p requeues 0
qdisc dualpi2 2: parent 1:10 limit 15040000p target 1ms tupdate 16ms alpha 0.152344 beta 3.195312 l4s_ect coupling_factor 2 drop_on_overload step_thresh 1ms drop_dequeue split_gso classic_protection 10% 
 Sent 2442514 bytes 1975 pkt (dropped 56, overlimits 0 requeues 0) 
 backlog 14904b 12p requeues 0
prob 0.234067 delay_c 9465us delay_l 0us
pkts_in_c 2043 pkts_in_l 0 maxq 27
ecn_mark 0 step_marks 0
credit -121120 (L)

------ Mon 01 Dec 2025 11:32:33 PM PST ------
qdisc htb 1: root refcnt 33 r2q 10 default 0x10 direct_packets_stat 0 direct_qlen 1000
 Sent 2487226 bytes 2011 pkt (dropped 59, overlimits 1994 requeues 0) 
 backlog 12420b 10p requeues 0
qdisc dualpi2 2: parent 1:10 limit 15040000p target 1ms tupdate 16ms alpha 0.152344 beta 3.195312 l4s_ect coupling_factor 2 drop_on_overload step_thresh 1ms drop_dequeue split_gso classic_protection 10% 
 Sent 2487226 bytes 2011 pkt (dropped 59, overlimits 0 requeues 0) 
 backlog 12420b 10p requeues 0
prob 0.236485 delay_c 7977us delay_l 0us
pkts_in_c 2080 pkts_in_l 0 maxq 27
ecn_mark 0 step_marks 0
credit -121120 (L)

------ Mon 01 Dec 2025 11:32:33 PM PST ------
qdisc htb 1: root refcnt 33 r2q 10 default 0x10 direct_packets_stat 0 direct_qlen 1000
 Sent 2530696 bytes 2046 pkt (dropped 59, overlimits 2029 requeues 0) 
 backlog 14904b 12p requeues 0
qdisc dualpi2 2: parent 1:10 limit 15040000p target 1ms tupdate 16ms alpha 0.152344 beta 3.195312 l4s_ect coupling_factor 2 drop_on_overload step_thresh 1ms drop_dequeue split_gso classic_protection 10% 
 Sent 2530696 bytes 2046 pkt (dropped 59, overlimits 0 requeues 0) 
 backlog 14904b 12p requeues 0
prob 0.238843 delay_c 9570us delay_l 0us
pkts_in_c 2117 pkts_in_l 0 maxq 27
ecn_mark 0 step_marks 0
credit -121120 (L)

------ Mon 01 Dec 2025 11:32:33 PM PST ------
qdisc htb 1: root refcnt 33 r2q 10 default 0x10 direct_packets_stat 0 direct_qlen 1000
 Sent 2574166 bytes 2081 pkt (dropped 61, overlimits 2064 requeues 0) 
 backlog 13662b 11p requeues 0
qdisc dualpi2 2: parent 1:10 limit 15040000p target 1ms tupdate 16ms alpha 0.152344 beta 3.195312 l4s_ect coupling_factor 2 drop_on_overload step_thresh 1ms drop_dequeue split_gso classic_protection 10% 
 Sent 2574166 bytes 2081 pkt (dropped 61, overlimits 0 requeues 0) 
 backlog 13662b 11p requeues 0
prob 0.237842 delay_c 8262us delay_l 0us
pkts_in_c 2153 pkts_in_l 0 maxq 27
ecn_mark 0 step_marks 0
credit -121120 (L)

------ Mon 01 Dec 2025 11:32:33 PM PST ------
qdisc htb 1: root refcnt 33 r2q 10 default 0x10 direct_packets_stat 0 direct_qlen 1000
 Sent 2617636 bytes 2116 pkt (dropped 61, overlimits 2099 requeues 0) 
 backlog 16146b 13p requeues 0
qdisc dualpi2 2: parent 1:10 limit 15040000p target 1ms tupdate 16ms alpha 0.152344 beta 3.195312 l4s_ect coupling_factor 2 drop_on_overload step_thresh 1ms drop_dequeue split_gso classic_protection 10% 
 Sent 2617636 bytes 2116 pkt (dropped 61, overlimits 0 requeues 0) 
 backlog 16146b 13p requeues 0
prob 0.243478 delay_c 9517us delay_l 0us
pkts_in_c 2190 pkts_in_l 0 maxq 27
ecn_mark 0 step_marks 0
credit -121120 (L)

------ Mon 01 Dec 2025 11:32:33 PM PST ------
qdisc htb 1: root refcnt 33 r2q 10 default 0x10 direct_packets_stat 0 direct_qlen 1000
 Sent 2661106 bytes 2151 pkt (dropped 63, overlimits 2134 requeues 0) 
 backlog 14904b 12p requeues 0
qdisc dualpi2 2: parent 1:10 limit 15040000p target 1ms tupdate 16ms alpha 0.152344 beta 3.195312 l4s_ect coupling_factor 2 drop_on_overload step_thresh 1ms drop_dequeue split_gso classic_protection 10% 
 Sent 2661106 bytes 2151 pkt (dropped 63, overlimits 0 requeues 0) 
 backlog 14904b 12p requeues 0
prob 0.245935 delay_c 9108us delay_l 0us
pkts_in_c 2226 pkts_in_l 0 maxq 27
ecn_mark 0 step_marks 0
credit -121120 (L)

------ Mon 01 Dec 2025 11:32:33 PM PST ------
qdisc htb 1: root refcnt 33 r2q 10 default 0x10 direct_packets_stat 0 direct_qlen 1000
 Sent 2704576 bytes 2186 pkt (dropped 65, overlimits 2169 requeues 0) 
 backlog 13662b 11p requeues 0
qdisc dualpi2 2: parent 1:10 limit 15040000p target 1ms tupdate 16ms alpha 0.152344 beta 3.195312 l4s_ect coupling_factor 2 drop_on_overload step_thresh 1ms drop_dequeue split_gso classic_protection 10% 
 Sent 2704576 bytes 2186 pkt (dropped 65, overlimits 0 requeues 0) 
 backlog 13662b 11p requeues 0
prob 0.243871 delay_c 8494us delay_l 0us
pkts_in_c 2262 pkts_in_l 0 maxq 27
ecn_mark 0 step_marks 0
credit -121120 (L)

------ Mon 01 Dec 2025 11:32:33 PM PST ------
qdisc htb 1: root refcnt 33 r2q 10 default 0x10 direct_packets_stat 0 direct_qlen 1000
 Sent 2749288 bytes 2222 pkt (dropped 68, overlimits 2205 requeues 0) 
 backlog 12420b 10p requeues 0
qdisc dualpi2 2: parent 1:10 limit 15040000p target 1ms tupdate 16ms alpha 0.152344 beta 3.195312 l4s_ect coupling_factor 2 drop_on_overload step_thresh 1ms drop_dequeue split_gso classic_protection 10% 
 Sent 2749288 bytes 2222 pkt (dropped 68, overlimits 0 requeues 0) 
 backlog 12420b 10p requeues 0
prob 0.246068 delay_c 7203us delay_l 0us
pkts_in_c 2300 pkts_in_l 0 maxq 27
ecn_mark 0 step_marks 0
credit -121120 (L)

------ Mon 01 Dec 2025 11:32:33 PM PST ------
qdisc htb 1: root refcnt 33 r2q 10 default 0x10 direct_packets_stat 0 direct_qlen 1000
 Sent 2794000 bytes 2258 pkt (dropped 71, overlimits 2241 requeues 0) 
 backlog 8694b 7p requeues 0
qdisc dualpi2 2: parent 1:10 limit 15040000p target 1ms tupdate 16ms alpha 0.152344 beta 3.195312 l4s_ect coupling_factor 2 drop_on_overload step_thresh 1ms drop_dequeue split_gso classic_protection 10% 
 Sent 2794000 bytes 2258 pkt (dropped 71, overlimits 0 requeues 0) 
 backlog 8694b 7p requeues 0
prob 0.238017 delay_c 5448us delay_l 0us
pkts_in_c 2336 pkts_in_l 0 maxq 27
ecn_mark 0 step_marks 0
credit -121120 (L)

------ Mon 01 Dec 2025 11:32:33 PM PST ------
qdisc htb 1: root refcnt 33 r2q 10 default 0x10 direct_packets_stat 0 direct_qlen 1000
 Sent 2837470 bytes 2293 pkt (dropped 72, overlimits 2276 requeues 0) 
 backlog 8694b 7p requeues 0
qdisc dualpi2 2: parent 1:10 limit 15040000p target 1ms tupdate 16ms alpha 0.152344 beta 3.195312 l4s_ect coupling_factor 2 drop_on_overload step_thresh 1ms drop_dequeue split_gso classic_protection 10% 
 Sent 2837470 bytes 2293 pkt (dropped 72, overlimits 0 requeues 0) 
 backlog 8694b 7p requeues 0
prob 0.239287 delay_c 5523us delay_l 0us
pkts_in_c 2372 pkts_in_l 0 maxq 27
ecn_mark 0 step_marks 0
credit -121120 (L)

------ Mon 01 Dec 2025 11:32:33 PM PST ------
qdisc htb 1: root refcnt 33 r2q 10 default 0x10 direct_packets_stat 0 direct_qlen 1000
 Sent 2880940 bytes 2328 pkt (dropped 75, overlimits 2311 requeues 0) 
 backlog 6210b 5p requeues 0
qdisc dualpi2 2: parent 1:10 limit 15040000p target 1ms tupdate 16ms alpha 0.152344 beta 3.195312 l4s_ect coupling_factor 2 drop_on_overload step_thresh 1ms drop_dequeue split_gso classic_protection 10% 
 Sent 2880940 bytes 2328 pkt (dropped 75, overlimits 0 requeues 0) 
 backlog 6210b 5p requeues 0
prob 0.237176 delay_c 3336us delay_l 0us
pkts_in_c 2408 pkts_in_l 0 maxq 27
ecn_mark 0 step_marks 0
credit -121120 (L)

------ Mon 01 Dec 2025 11:32:33 PM PST ------
qdisc htb 1: root refcnt 33 r2q 10 default 0x10 direct_packets_stat 0 direct_qlen 1000
 Sent 2923168 bytes 2362 pkt (dropped 77, overlimits 2345 requeues 0) 
 backlog 7452b 6p requeues 0
qdisc dualpi2 2: parent 1:10 limit 15040000p target 1ms tupdate 16ms alpha 0.152344 beta 3.195312 l4s_ect coupling_factor 2 drop_on_overload step_thresh 1ms drop_dequeue split_gso classic_protection 10% 
 Sent 2923168 bytes 2362 pkt (dropped 77, overlimits 0 requeues 0) 
 backlog 7452b 6p requeues 0
prob 0.234336 delay_c 4184us delay_l 0us
pkts_in_c 2445 pkts_in_l 0 maxq 27
ecn_mark 0 step_marks 0
credit -121120 (L)

------ Mon 01 Dec 2025 11:32:33 PM PST ------
qdisc htb 1: root refcnt 33 r2q 10 default 0x10 direct_packets_stat 0 direct_qlen 1000
 Sent 2967880 bytes 2398 pkt (dropped 79, overlimits 2381 requeues 0) 
 backlog 4968b 4p requeues 0
qdisc dualpi2 2: parent 1:10 limit 15040000p target 1ms tupdate 16ms alpha 0.152344 beta 3.195312 l4s_ect coupling_factor 2 drop_on_overload step_thresh 1ms drop_dequeue split_gso classic_protection 10% 
 Sent 2967880 bytes 2398 pkt (dropped 79, overlimits 0 requeues 0) 
 backlog 4968b 4p requeues 0
prob 0.231790 delay_c 2526us delay_l 0us
pkts_in_c 2481 pkts_in_l 0 maxq 27
ecn_mark 0 step_marks 0
credit -121120 (L)

------ Mon 01 Dec 2025 11:32:33 PM PST ------
qdisc htb 1: root refcnt 33 r2q 10 default 0x10 direct_packets_stat 0 direct_qlen 1000
 Sent 3011350 bytes 2433 pkt (dropped 82, overlimits 2416 requeues 0) 
 backlog 2484b 2p requeues 0
qdisc dualpi2 2: parent 1:10 limit 15040000p target 1ms tupdate 16ms alpha 0.152344 beta 3.195312 l4s_ect coupling_factor 2 drop_on_overload step_thresh 1ms drop_dequeue split_gso classic_protection 10% 
 Sent 3011350 bytes 2433 pkt (dropped 82, overlimits 0 requeues 0) 
 backlog 2484b 2p requeues 0
prob 0.228935 delay_c 1830us delay_l 0us
pkts_in_c 2517 pkts_in_l 0 maxq 27
ecn_mark 0 step_marks 0
credit -121120 (L)

------ Mon 01 Dec 2025 11:32:33 PM PST ------
qdisc htb 1: root refcnt 33 r2q 10 default 0x10 direct_packets_stat 0 direct_qlen 1000
 Sent 3056062 bytes 2469 pkt (dropped 82, overlimits 2452 requeues 0) 
 backlog 4968b 4p requeues 0
qdisc dualpi2 2: parent 1:10 limit 15040000p target 1ms tupdate 16ms alpha 0.152344 beta 3.195312 l4s_ect coupling_factor 2 drop_on_overload step_thresh 1ms drop_dequeue split_gso classic_protection 10% 
 Sent 3056062 bytes 2469 pkt (dropped 82, overlimits 0 requeues 0) 
 backlog 4968b 4p requeues 0
prob 0.232287 delay_c 2381us delay_l 0us
pkts_in_c 2555 pkts_in_l 0 maxq 27
ecn_mark 0 step_marks 0
credit -121120 (L)

------ Mon 01 Dec 2025 11:32:33 PM PST ------
qdisc htb 1: root refcnt 33 r2q 10 default 0x10 direct_packets_stat 0 direct_qlen 1000
 Sent 3099532 bytes 2504 pkt (dropped 84, overlimits 2487 requeues 0) 
 backlog 3726b 3p requeues 0
qdisc dualpi2 2: parent 1:10 limit 15040000p target 1ms tupdate 16ms alpha 0.152344 beta 3.195312 l4s_ect coupling_factor 2 drop_on_overload step_thresh 1ms drop_dequeue split_gso classic_protection 10% 
 Sent 3099532 bytes 2504 pkt (dropped 84, overlimits 0 requeues 0) 
 backlog 3726b 3p requeues 0
prob 0.229328 delay_c 1103us delay_l 0us
pkts_in_c 2591 pkts_in_l 0 maxq 27
ecn_mark 0 step_marks 0
credit -121120 (L)

------ Mon 01 Dec 2025 11:32:33 PM PST ------
qdisc htb 1: root refcnt 33 r2q 10 default 0x10 direct_packets_stat 0 direct_qlen 1000
 Sent 3141760 bytes 2538 pkt (dropped 85, overlimits 2521 requeues 0) 
 backlog 3726b 3p requeues 0
qdisc dualpi2 2: parent 1:10 limit 15040000p target 1ms tupdate 16ms alpha 0.152344 beta 3.195312 l4s_ect coupling_factor 2 drop_on_overload step_thresh 1ms drop_dequeue split_gso classic_protection 10% 
 Sent 3141760 bytes 2538 pkt (dropped 85, overlimits 0 requeues 0) 
 backlog 3726b 3p requeues 0
prob 0.232644 delay_c 1853us delay_l 0us
pkts_in_c 2626 pkts_in_l 0 maxq 27
ecn_mark 0 step_marks 0
credit -121120 (L)

------ Mon 01 Dec 2025 11:32:33 PM PST ------
qdisc htb 1: root refcnt 33 r2q 10 default 0x10 direct_packets_stat 0 direct_qlen 1000
 Sent 3186472 bytes 2574 pkt (dropped 85, overlimits 2557 requeues 0) 
 backlog 4968b 4p requeues 0
qdisc dualpi2 2: parent 1:10 limit 15040000p target 1ms tupdate 16ms alpha 0.152344 beta 3.195312 l4s_ect coupling_factor 2 drop_on_overload step_thresh 1ms drop_dequeue split_gso classic_protection 10% 
 Sent 3186472 bytes 2574 pkt (dropped 85, overlimits 0 requeues 0) 
 backlog 4968b 4p requeues 0
prob 0.232906 delay_c 3074us delay_l 0us
pkts_in_c 2663 pkts_in_l 0 maxq 27
ecn_mark 0 step_marks 0
credit -121120 (L)

------ Mon 01 Dec 2025 11:32:33 PM PST ------
qdisc htb 1: root refcnt 33 r2q 10 default 0x10 direct_packets_stat 0 direct_qlen 1000
 Sent 3228700 bytes 2608 pkt (dropped 88, overlimits 2591 requeues 0) 
 backlog 2484b 2p requeues 0
qdisc dualpi2 2: parent 1:10 limit 15040000p target 1ms tupdate 16ms alpha 0.152344 beta 3.195312 l4s_ect coupling_factor 2 drop_on_overload step_thresh 1ms drop_dequeue split_gso classic_protection 10% 
 Sent 3228700 bytes 2608 pkt (dropped 88, overlimits 0 requeues 0) 
 backlog 2484b 2p requeues 0
prob 0.233406 delay_c 1461us delay_l 0us
pkts_in_c 2698 pkts_in_l 0 maxq 27
ecn_mark 0 step_marks 0
credit -121120 (L)

------ Mon 01 Dec 2025 11:32:33 PM PST ------
qdisc htb 1: root refcnt 33 r2q 10 default 0x10 direct_packets_stat 0 direct_qlen 1000
 Sent 3270928 bytes 2642 pkt (dropped 89, overlimits 2625 requeues 0) 
 backlog 2484b 2p requeues 0
qdisc dualpi2 2: parent 1:10 limit 15040000p target 1ms tupdate 16ms alpha 0.152344 beta 3.195312 l4s_ect coupling_factor 2 drop_on_overload step_thresh 1ms drop_dequeue split_gso classic_protection 10% 
 Sent 3270928 bytes 2642 pkt (dropped 89, overlimits 0 requeues 0) 
 backlog 2484b 2p requeues 0
prob 0.230235 delay_c 1723us delay_l 0us
pkts_in_c 2733 pkts_in_l 0 maxq 27
ecn_mark 0 step_marks 0
credit -121120 (L)

------ Mon 01 Dec 2025 11:32:34 PM PST ------
qdisc htb 1: root refcnt 33 r2q 10 default 0x10 direct_packets_stat 0 direct_qlen 1000
 Sent 3313156 bytes 2676 pkt (dropped 90, overlimits 2659 requeues 0) 
 backlog 4968b 4p requeues 0
qdisc dualpi2 2: parent 1:10 limit 15040000p target 1ms tupdate 16ms alpha 0.152344 beta 3.195312 l4s_ect coupling_factor 2 drop_on_overload step_thresh 1ms drop_dequeue split_gso classic_protection 10% 
 Sent 3313156 bytes 2676 pkt (dropped 90, overlimits 0 requeues 0) 
 backlog 4968b 4p requeues 0
prob 0.230389 delay_c 2583us delay_l 0us
pkts_in_c 2770 pkts_in_l 0 maxq 27
ecn_mark 0 step_marks 0
credit -121120 (L)

------ Mon 01 Dec 2025 11:32:34 PM PST ------
qdisc htb 1: root refcnt 33 r2q 10 default 0x10 direct_packets_stat 0 direct_qlen 1000
 Sent 3356626 bytes 2711 pkt (dropped 91, overlimits 2693 requeues 0) 
 backlog 3726b 3p requeues 0
qdisc dualpi2 2: parent 1:10 limit 15040000p target 1ms tupdate 16ms alpha 0.152344 beta 3.195312 l4s_ect coupling_factor 2 drop_on_overload step_thresh 1ms drop_dequeue split_gso classic_protection 10% 
 Sent 3356626 bytes 2711 pkt (dropped 91, overlimits 0 requeues 0) 
 backlog 3726b 3p requeues 0
prob 0.233756 delay_c 1720us delay_l 0us
pkts_in_c 2805 pkts_in_l 0 maxq 27
ecn_mark 0 step_marks 0
credit -121120 (L)

------ Mon 01 Dec 2025 11:32:34 PM PST ------
qdisc htb 1: root refcnt 33 r2q 10 default 0x10 direct_packets_stat 0 direct_qlen 1000
 Sent 3397612 bytes 2744 pkt (dropped 92, overlimits 2726 requeues 0) 
 backlog 4968b 4p requeues 0
qdisc dualpi2 2: parent 1:10 limit 15040000p target 1ms tupdate 16ms alpha 0.152344 beta 3.195312 l4s_ect coupling_factor 2 drop_on_overload step_thresh 1ms drop_dequeue split_gso classic_protection 10% 
 Sent 3397612 bytes 2744 pkt (dropped 92, overlimits 0 requeues 0) 
 backlog 4968b 4p requeues 0
prob 0.230823 delay_c 2267us delay_l 0us
pkts_in_c 2840 pkts_in_l 0 maxq 27
ecn_mark 0 step_marks 0
credit -121120 (L)

------ Mon 01 Dec 2025 11:32:34 PM PST ------
qdisc htb 1: root refcnt 33 r2q 10 default 0x10 direct_packets_stat 0 direct_qlen 1000
 Sent 3439840 bytes 2778 pkt (dropped 93, overlimits 2760 requeues 0) 
 backlog 4968b 4p requeues 0
qdisc dualpi2 2: parent 1:10 limit 15040000p target 1ms tupdate 16ms alpha 0.152344 beta 3.195312 l4s_ect coupling_factor 2 drop_on_overload step_thresh 1ms drop_dequeue split_gso classic_protection 10% 
 Sent 3439840 bytes 2778 pkt (dropped 93, overlimits 0 requeues 0) 
 backlog 4968b 4p requeues 0
prob 0.234199 delay_c 2184us delay_l 0us
pkts_in_c 2875 pkts_in_l 0 maxq 27
ecn_mark 0 step_marks 0
credit -121120 (L)

------ Mon 01 Dec 2025 11:32:34 PM PST ------
qdisc htb 1: root refcnt 33 r2q 10 default 0x10 direct_packets_stat 0 direct_qlen 1000
 Sent 3480826 bytes 2811 pkt (dropped 95, overlimits 2793 requeues 0) 
 backlog 2484b 2p requeues 0
qdisc dualpi2 2: parent 1:10 limit 15040000p target 1ms tupdate 16ms alpha 0.152344 beta 3.195312 l4s_ect coupling_factor 2 drop_on_overload step_thresh 1ms drop_dequeue split_gso classic_protection 10% 
 Sent 3480826 bytes 2811 pkt (dropped 95, overlimits 0 requeues 0) 
 backlog 2484b 2p requeues 0
prob 0.231231 delay_c 1726us delay_l 0us
pkts_in_c 2908 pkts_in_l 0 maxq 27
ecn_mark 0 step_marks 0
credit -121120 (L)

------ Mon 01 Dec 2025 11:32:34 PM PST ------
qdisc htb 1: root refcnt 33 r2q 10 default 0x10 direct_packets_stat 0 direct_qlen 1000
 Sent 3523054 bytes 2845 pkt (dropped 96, overlimits 2827 requeues 0) 
 backlog 2484b 2p requeues 0
qdisc dualpi2 2: parent 1:10 limit 15040000p target 1ms tupdate 16ms alpha 0.152344 beta 3.195312 l4s_ect coupling_factor 2 drop_on_overload step_thresh 1ms drop_dequeue split_gso classic_protection 10% 
 Sent 3523054 bytes 2845 pkt (dropped 96, overlimits 0 requeues 0) 
 backlog 2484b 2p requeues 0
prob 0.234576 delay_c 1409us delay_l 0us
pkts_in_c 2943 pkts_in_l 0 maxq 27
ecn_mark 0 step_marks 0
credit -121120 (L)

------ Mon 01 Dec 2025 11:32:34 PM PST ------
qdisc htb 1: root refcnt 33 r2q 10 default 0x10 direct_packets_stat 0 direct_qlen 1000
 Sent 3564040 bytes 2878 pkt (dropped 97, overlimits 2860 requeues 0) 
 backlog 3726b 3p requeues 0
qdisc dualpi2 2: parent 1:10 limit 15040000p target 1ms tupdate 16ms alpha 0.152344 beta 3.195312 l4s_ect coupling_factor 2 drop_on_overload step_thresh 1ms drop_dequeue split_gso classic_protection 10% 
 Sent 3564040 bytes 2878 pkt (dropped 97, overlimits 0 requeues 0) 
 backlog 3726b 3p requeues 0
prob 0.231464 delay_c 2475us delay_l 0us
pkts_in_c 2978 pkts_in_l 0 maxq 27
ecn_mark 0 step_marks 0
credit -121120 (L)

------ Mon 01 Dec 2025 11:32:34 PM PST ------
qdisc htb 1: root refcnt 33 r2q 10 default 0x10 direct_packets_stat 0 direct_qlen 1000
 Sent 3607510 bytes 2913 pkt (dropped 98, overlimits 2895 requeues 0) 
 backlog 2484b 2p requeues 0
qdisc dualpi2 2: parent 1:10 limit 15040000p target 1ms tupdate 16ms alpha 0.152344 beta 3.195312 l4s_ect coupling_factor 2 drop_on_overload step_thresh 1ms drop_dequeue split_gso classic_protection 10% 
 Sent 3607510 bytes 2913 pkt (dropped 98, overlimits 0 requeues 0) 
 backlog 2484b 2p requeues 0
prob 0.231451 delay_c 1764us delay_l 0us
pkts_in_c 3013 pkts_in_l 0 maxq 27
ecn_mark 0 step_marks 0
credit -121120 (L)

------ Mon 01 Dec 2025 11:32:34 PM PST ------
qdisc htb 1: root refcnt 33 r2q 10 default 0x10 direct_packets_stat 0 direct_qlen 1000
 Sent 3646012 bytes 2944 pkt (dropped 100, overlimits 2926 requeues 0) 
 backlog 3726b 3p requeues 0
qdisc dualpi2 2: parent 1:10 limit 15040000p target 1ms tupdate 16ms alpha 0.152344 beta 3.195312 l4s_ect coupling_factor 2 drop_on_overload step_thresh 1ms drop_dequeue split_gso classic_protection 10% 
 Sent 3646012 bytes 2944 pkt (dropped 100, overlimits 0 requeues 0) 
 backlog 3726b 3p requeues 0
prob 0.234907 delay_c 2104us delay_l 0us
pkts_in_c 3047 pkts_in_l 0 maxq 27
ecn_mark 0 step_marks 0
credit -121120 (L)

------ Mon 01 Dec 2025 11:32:34 PM PST ------
qdisc htb 1: root refcnt 33 r2q 10 default 0x10 direct_packets_stat 0 direct_qlen 1000
 Sent 3686998 bytes 2977 pkt (dropped 101, overlimits 2959 requeues 0) 
 backlog 3726b 3p requeues 0
qdisc dualpi2 2: parent 1:10 limit 15040000p target 1ms tupdate 16ms alpha 0.152344 beta 3.195312 l4s_ect coupling_factor 2 drop_on_overload step_thresh 1ms drop_dequeue split_gso classic_protection 10% 
 Sent 3686998 bytes 2977 pkt (dropped 101, overlimits 0 requeues 0) 
 backlog 3726b 3p requeues 0
prob 0.231747 delay_c 1214us delay_l 0us
pkts_in_c 3081 pkts_in_l 0 maxq 27
ecn_mark 0 step_marks 0
credit -121120 (L)

------ Mon 01 Dec 2025 11:32:34 PM PST ------
qdisc htb 1: root refcnt 33 r2q 10 default 0x10 direct_packets_stat 0 direct_qlen 1000
 Sent 3727984 bytes 3010 pkt (dropped 101, overlimits 2992 requeues 0) 
 backlog 4968b 4p requeues 0
qdisc dualpi2 2: parent 1:10 limit 15040000p target 1ms tupdate 16ms alpha 0.152344 beta 3.195312 l4s_ect coupling_factor 2 drop_on_overload step_thresh 1ms drop_dequeue split_gso classic_protection 10% 
 Sent 3727984 bytes 3010 pkt (dropped 101, overlimits 0 requeues 0) 
 backlog 4968b 4p requeues 0
prob 0.235151 delay_c 2329us delay_l 0us
pkts_in_c 3115 pkts_in_l 0 maxq 27
ecn_mark 0 step_marks 0
credit -121120 (L)

------ Mon 01 Dec 2025 11:32:34 PM PST ------
qdisc htb 1: root refcnt 33 r2q 10 default 0x10 direct_packets_stat 0 direct_qlen 1000
 Sent 3771454 bytes 3045 pkt (dropped 103, overlimits 3027 requeues 0) 
 backlog 3726b 3p requeues 0
qdisc dualpi2 2: parent 1:10 limit 15040000p target 1ms tupdate 16ms alpha 0.152344 beta 3.195312 l4s_ect coupling_factor 2 drop_on_overload step_thresh 1ms drop_dequeue split_gso classic_protection 10% 
 Sent 3771454 bytes 3045 pkt (dropped 103, overlimits 0 requeues 0) 
 backlog 3726b 3p requeues 0
prob 0.235281 delay_c 1312us delay_l 0us
pkts_in_c 3151 pkts_in_l 0 maxq 27
ecn_mark 0 step_marks 0
credit -121120 (L)

------ Mon 01 Dec 2025 11:32:34 PM PST ------
qdisc htb 1: root refcnt 33 r2q 10 default 0x10 direct_packets_stat 0 direct_qlen 1000
 Sent 3814924 bytes 3080 pkt (dropped 104, overlimits 3062 requeues 0) 
 backlog 3726b 3p requeues 0
qdisc dualpi2 2: parent 1:10 limit 15040000p target 1ms tupdate 16ms alpha 0.152344 beta 3.195312 l4s_ect coupling_factor 2 drop_on_overload step_thresh 1ms drop_dequeue split_gso classic_protection 10% 
 Sent 3814924 bytes 3080 pkt (dropped 104, overlimits 0 requeues 0) 
 backlog 3726b 3p requeues 0
prob 0.232279 delay_c 2234us delay_l 0us
pkts_in_c 3187 pkts_in_l 0 maxq 27
ecn_mark 0 step_marks 0
credit -121120 (L)

------ Mon 01 Dec 2025 11:32:34 PM PST ------
qdisc htb 1: root refcnt 33 r2q 10 default 0x10 direct_packets_stat 0 direct_qlen 1000
 Sent 3857152 bytes 3114 pkt (dropped 105, overlimits 3096 requeues 0) 
 backlog 3726b 3p requeues 0
qdisc dualpi2 2: parent 1:10 limit 15040000p target 1ms tupdate 16ms alpha 0.152344 beta 3.195312 l4s_ect coupling_factor 2 drop_on_overload step_thresh 1ms drop_dequeue split_gso classic_protection 10% 
 Sent 3857152 bytes 3114 pkt (dropped 105, overlimits 0 requeues 0) 
 backlog 3726b 3p requeues 0
prob 0.232423 delay_c 2198us delay_l 0us
pkts_in_c 3222 pkts_in_l 0 maxq 27
ecn_mark 0 step_marks 0
credit -121120 (L)

------ Mon 01 Dec 2025 11:32:34 PM PST ------
qdisc htb 1: root refcnt 33 r2q 10 default 0x10 direct_packets_stat 0 direct_qlen 1000
 Sent 3899380 bytes 3148 pkt (dropped 107, overlimits 3130 requeues 0) 
 backlog 2484b 2p requeues 0
qdisc dualpi2 2: parent 1:10 limit 15040000p target 1ms tupdate 16ms alpha 0.152344 beta 3.195312 l4s_ect coupling_factor 2 drop_on_overload step_thresh 1ms drop_dequeue split_gso classic_protection 10% 
 Sent 3899380 bytes 3148 pkt (dropped 107, overlimits 0 requeues 0) 
 backlog 2484b 2p requeues 0
prob 0.232617 delay_c 1533us delay_l 0us
pkts_in_c 3257 pkts_in_l 0 maxq 27
ecn_mark 0 step_marks 0
credit -121120 (L)

------ Mon 01 Dec 2025 11:32:34 PM PST ------
qdisc htb 1: root refcnt 33 r2q 10 default 0x10 direct_packets_stat 0 direct_qlen 1000
 Sent 3944092 bytes 3184 pkt (dropped 109, overlimits 3166 requeues 0) 
 backlog 2484b 2p requeues 0
qdisc dualpi2 2: parent 1:10 limit 15040000p target 1ms tupdate 16ms alpha 0.152344 beta 3.195312 l4s_ect coupling_factor 2 drop_on_overload step_thresh 1ms drop_dequeue split_gso classic_protection 10% 
 Sent 3944092 bytes 3184 pkt (dropped 109, overlimits 0 requeues 0) 
 backlog 2484b 2p requeues 0
prob 0.232634 delay_c 725us delay_l 0us
pkts_in_c 3295 pkts_in_l 0 maxq 27
ecn_mark 0 step_marks 0
credit -121120 (L)

------ Mon 01 Dec 2025 11:32:34 PM PST ------
qdisc htb 1: root refcnt 33 r2q 10 default 0x10 direct_packets_stat 0 direct_qlen 1000
 Sent 3986320 bytes 3218 pkt (dropped 109, overlimits 3200 requeues 0) 
 backlog 3726b 3p requeues 0
qdisc dualpi2 2: parent 1:10 limit 15040000p target 1ms tupdate 16ms alpha 0.152344 beta 3.195312 l4s_ect coupling_factor 2 drop_on_overload step_thresh 1ms drop_dequeue split_gso classic_protection 10% 
 Sent 3986320 bytes 3218 pkt (dropped 109, overlimits 0 requeues 0) 
 backlog 3726b 3p requeues 0
prob 0.232744 delay_c 1598us delay_l 0us
pkts_in_c 3330 pkts_in_l 0 maxq 27
ecn_mark 0 step_marks 0
credit -121120 (L)

------ Mon 01 Dec 2025 11:32:34 PM PST ------
qdisc htb 1: root refcnt 33 r2q 10 default 0x10 direct_packets_stat 0 direct_qlen 1000
 Sent 4028548 bytes 3252 pkt (dropped 111, overlimits 3234 requeues 0) 
 backlog 2484b 2p requeues 0
qdisc dualpi2 2: parent 1:10 limit 15040000p target 1ms tupdate 16ms alpha 0.152344 beta 3.195312 l4s_ect coupling_factor 2 drop_on_overload step_thresh 1ms drop_dequeue split_gso classic_protection 10% 
 Sent 4028548 bytes 3252 pkt (dropped 111, overlimits 0 requeues 0) 
 backlog 2484b 2p requeues 0
prob 0.236115 delay_c 467us delay_l 0us
pkts_in_c 3365 pkts_in_l 0 maxq 27
ecn_mark 0 step_marks 0
credit -121120 (L)

------ Mon 01 Dec 2025 11:32:34 PM PST ------
qdisc htb 1: root refcnt 33 r2q 10 default 0x10 direct_packets_stat 0 direct_qlen 1000
 Sent 4070776 bytes 3286 pkt (dropped 112, overlimits 3268 requeues 0) 
 backlog 2484b 2p requeues 0
qdisc dualpi2 2: parent 1:10 limit 15040000p target 1ms tupdate 16ms alpha 0.152344 beta 3.195312 l4s_ect coupling_factor 2 drop_on_overload step_thresh 1ms drop_dequeue split_gso classic_protection 10% 
 Sent 4070776 bytes 3286 pkt (dropped 112, overlimits 0 requeues 0) 
 backlog 2484b 2p requeues 0
prob 0.233001 delay_c 630us delay_l 0us
pkts_in_c 3400 pkts_in_l 0 maxq 27
ecn_mark 0 step_marks 0
credit -121120 (L)

------ Mon 01 Dec 2025 11:32:34 PM PST ------
qdisc htb 1: root refcnt 33 r2q 10 default 0x10 direct_packets_stat 0 direct_qlen 1000
 Sent 4114246 bytes 3321 pkt (dropped 113, overlimits 3303 requeues 0) 
 backlog 2484b 2p requeues 0
qdisc dualpi2 2: parent 1:10 limit 15040000p target 1ms tupdate 16ms alpha 0.152344 beta 3.195312 l4s_ect coupling_factor 2 drop_on_overload step_thresh 1ms drop_dequeue split_gso classic_protection 10% 
 Sent 4114246 bytes 3321 pkt (dropped 113, overlimits 0 requeues 0) 
 backlog 2484b 2p requeues 0
prob 0.236392 delay_c 1909us delay_l 0us
pkts_in_c 3436 pkts_in_l 0 maxq 27
ecn_mark 0 step_marks 0
credit -121120 (L)

------ Mon 01 Dec 2025 11:32:34 PM PST ------
qdisc htb 1: root refcnt 33 r2q 10 default 0x10 direct_packets_stat 0 direct_qlen 1000
 Sent 4157716 bytes 3356 pkt (dropped 113, overlimits 3338 requeues 0) 
 backlog 4968b 4p requeues 0
qdisc dualpi2 2: parent 1:10 limit 15040000p target 1ms tupdate 16ms alpha 0.152344 beta 3.195312 l4s_ect coupling_factor 2 drop_on_overload step_thresh 1ms drop_dequeue split_gso classic_protection 10% 
 Sent 4157716 bytes 3356 pkt (dropped 113, overlimits 0 requeues 0) 
 backlog 4968b 4p requeues 0
prob 0.236628 delay_c 3236us delay_l 0us
pkts_in_c 3473 pkts_in_l 0 maxq 27
ecn_mark 0 step_marks 0
credit -121120 (L)

------ Mon 01 Dec 2025 11:32:34 PM PST ------
qdisc htb 1: root refcnt 33 r2q 10 default 0x10 direct_packets_stat 0 direct_qlen 1000
 Sent 4201186 bytes 3391 pkt (dropped 115, overlimits 3373 requeues 0) 
 backlog 2484b 2p requeues 0
qdisc dualpi2 2: parent 1:10 limit 15040000p target 1ms tupdate 16ms alpha 0.152344 beta 3.195312 l4s_ect coupling_factor 2 drop_on_overload step_thresh 1ms drop_dequeue split_gso classic_protection 10% 
 Sent 4201186 bytes 3391 pkt (dropped 115, overlimits 0 requeues 0) 
 backlog 2484b 2p requeues 0
prob 0.233818 delay_c 1602us delay_l 0us
pkts_in_c 3508 pkts_in_l 0 maxq 27
ecn_mark 0 step_marks 0
credit -121120 (L)

------ Mon 01 Dec 2025 11:32:34 PM PST ------
qdisc htb 1: root refcnt 33 r2q 10 default 0x10 direct_packets_stat 0 direct_qlen 1000
 Sent 4243414 bytes 3425 pkt (dropped 116, overlimits 3407 requeues 0) 
 backlog 3726b 3p requeues 0
qdisc dualpi2 2: parent 1:10 limit 15040000p target 1ms tupdate 16ms alpha 0.152344 beta 3.195312 l4s_ect coupling_factor 2 drop_on_overload step_thresh 1ms drop_dequeue split_gso classic_protection 10% 
 Sent 4243414 bytes 3425 pkt (dropped 116, overlimits 0 requeues 0) 
 backlog 3726b 3p requeues 0
prob 0.233854 delay_c 2011us delay_l 0us
pkts_in_c 3544 pkts_in_l 0 maxq 27
ecn_mark 0 step_marks 0
credit -121120 (L)

------ Mon 01 Dec 2025 11:32:34 PM PST ------
qdisc htb 1: root refcnt 33 r2q 10 default 0x10 direct_packets_stat 0 direct_qlen 1000
 Sent 4286884 bytes 3460 pkt (dropped 118, overlimits 3442 requeues 0) 
 backlog 2484b 2p requeues 0
qdisc dualpi2 2: parent 1:10 limit 15040000p target 1ms tupdate 16ms alpha 0.152344 beta 3.195312 l4s_ect coupling_factor 2 drop_on_overload step_thresh 1ms drop_dequeue split_gso classic_protection 10% 
 Sent 4286884 bytes 3460 pkt (dropped 118, overlimits 0 requeues 0) 
 backlog 2484b 2p requeues 0
prob 0.233912 delay_c 663us delay_l 0us
pkts_in_c 3580 pkts_in_l 0 maxq 27
ecn_mark 0 step_marks 0
credit -121120 (L)

------ Mon 01 Dec 2025 11:32:34 PM PST ------
qdisc htb 1: root refcnt 33 r2q 10 default 0x10 direct_packets_stat 0 direct_qlen 1000
 Sent 4327870 bytes 3493 pkt (dropped 119, overlimits 3475 requeues 0) 
 backlog 3726b 3p requeues 0
qdisc dualpi2 2: parent 1:10 limit 15040000p target 1ms tupdate 16ms alpha 0.152344 beta 3.195312 l4s_ect coupling_factor 2 drop_on_overload step_thresh 1ms drop_dequeue split_gso classic_protection 10% 
 Sent 4327870 bytes 3493 pkt (dropped 119, overlimits 0 requeues 0) 
 backlog 3726b 3p requeues 0
prob 0.237345 delay_c 1716us delay_l 0us
pkts_in_c 3615 pkts_in_l 0 maxq 27
ecn_mark 0 step_marks 0
credit -121120 (L)

------ Mon 01 Dec 2025 11:32:34 PM PST ------
qdisc htb 1: root refcnt 33 r2q 10 default 0x10 direct_packets_stat 0 direct_qlen 1000
 Sent 4371340 bytes 3528 pkt (dropped 120, overlimits 3510 requeues 0) 
 backlog 3726b 3p requeues 0
qdisc dualpi2 2: parent 1:10 limit 15040000p target 1ms tupdate 16ms alpha 0.152344 beta 3.195312 l4s_ect coupling_factor 2 drop_on_overload step_thresh 1ms drop_dequeue split_gso classic_protection 10% 
 Sent 4371340 bytes 3528 pkt (dropped 120, overlimits 0 requeues 0) 
 backlog 3726b 3p requeues 0
prob 0.234157 delay_c 1209us delay_l 0us
pkts_in_c 3651 pkts_in_l 0 maxq 27
ecn_mark 0 step_marks 0
credit -121120 (L)

------ Mon 01 Dec 2025 11:32:34 PM PST ------
qdisc htb 1: root refcnt 33 r2q 10 default 0x10 direct_packets_stat 0 direct_qlen 1000
 Sent 4412326 bytes 3561 pkt (dropped 122, overlimits 3543 requeues 0) 
 backlog 3726b 3p requeues 0
qdisc dualpi2 2: parent 1:10 limit 15040000p target 1ms tupdate 16ms alpha 0.152344 beta 3.195312 l4s_ect coupling_factor 2 drop_on_overload step_thresh 1ms drop_dequeue split_gso classic_protection 10% 
 Sent 4412326 bytes 3561 pkt (dropped 122, overlimits 0 requeues 0) 
 backlog 3726b 3p requeues 0
prob 0.237607 delay_c 1035us delay_l 0us
pkts_in_c 3686 pkts_in_l 0 maxq 27
ecn_mark 0 step_marks 0
credit -121120 (L)

------ Mon 01 Dec 2025 11:32:34 PM PST ------
qdisc htb 1: root refcnt 33 r2q 10 default 0x10 direct_packets_stat 0 direct_qlen 1000
 Sent 4453312 bytes 3594 pkt (dropped 122, overlimits 3576 requeues 0) 
 backlog 2484b 2p requeues 0
qdisc dualpi2 2: parent 1:10 limit 15040000p target 1ms tupdate 16ms alpha 0.152344 beta 3.195312 l4s_ect coupling_factor 2 drop_on_overload step_thresh 1ms drop_dequeue split_gso classic_protection 10% 
 Sent 4453312 bytes 3594 pkt (dropped 122, overlimits 0 requeues 0) 
 backlog 2484b 2p requeues 0
prob 0.234478 delay_c 1666us delay_l 0us
pkts_in_c 3718 pkts_in_l 0 maxq 27
ecn_mark 0 step_marks 0
credit -121120 (L)

------ Mon 01 Dec 2025 11:32:34 PM PST ------
qdisc htb 1: root refcnt 33 r2q 10 default 0x10 direct_packets_stat 0 direct_qlen 1000
 Sent 4495540 bytes 3628 pkt (dropped 123, overlimits 3610 requeues 0) 
 backlog 4968b 4p requeues 0
qdisc dualpi2 2: parent 1:10 limit 15040000p target 1ms tupdate 16ms alpha 0.152344 beta 3.195312 l4s_ect coupling_factor 2 drop_on_overload step_thresh 1ms drop_dequeue split_gso classic_protection 10% 
 Sent 4495540 bytes 3628 pkt (dropped 123, overlimits 0 requeues 0) 
 backlog 4968b 4p requeues 0
prob 0.234540 delay_c 2389us delay_l 0us
pkts_in_c 3755 pkts_in_l 0 maxq 27
ecn_mark 0 step_marks 0
credit -121120 (L)

------ Mon 01 Dec 2025 11:32:34 PM PST ------
qdisc htb 1: root refcnt 33 r2q 10 default 0x10 direct_packets_stat 0 direct_qlen 1000
 Sent 4537768 bytes 3662 pkt (dropped 124, overlimits 3644 requeues 0) 
 backlog 4968b 4p requeues 0
qdisc dualpi2 2: parent 1:10 limit 15040000p target 1ms tupdate 16ms alpha 0.152344 beta 3.195312 l4s_ect coupling_factor 2 drop_on_overload step_thresh 1ms drop_dequeue split_gso classic_protection 10% 
 Sent 4537768 bytes 3662 pkt (dropped 124, overlimits 0 requeues 0) 
 backlog 4968b 4p requeues 0
prob 0.238117 delay_c 2340us delay_l 0us
pkts_in_c 3790 pkts_in_l 0 maxq 27
ecn_mark 0 step_marks 0
credit -121120 (L)

------ Mon 01 Dec 2025 11:32:34 PM PST ------
qdisc htb 1: root refcnt 33 r2q 10 default 0x10 direct_packets_stat 0 direct_qlen 1000
 Sent 4579996 bytes 3696 pkt (dropped 126, overlimits 3678 requeues 0) 
 backlog 3726b 3p requeues 0
qdisc dualpi2 2: parent 1:10 limit 15040000p target 1ms tupdate 16ms alpha 0.152344 beta 3.195312 l4s_ect coupling_factor 2 drop_on_overload step_thresh 1ms drop_dequeue split_gso classic_protection 10% 
 Sent 4579996 bytes 3696 pkt (dropped 126, overlimits 0 requeues 0) 
 backlog 3726b 3p requeues 0
prob 0.238318 delay_c 1553us delay_l 0us
pkts_in_c 3825 pkts_in_l 0 maxq 27
ecn_mark 0 step_marks 0
credit -121120 (L)

------ Mon 01 Dec 2025 11:32:34 PM PST ------
qdisc htb 1: root refcnt 33 r2q 10 default 0x10 direct_packets_stat 0 direct_qlen 1000
 Sent 4620982 bytes 3729 pkt (dropped 127, overlimits 3711 requeues 0) 
 backlog 2484b 2p requeues 0
qdisc dualpi2 2: parent 1:10 limit 15040000p target 1ms tupdate 16ms alpha 0.152344 beta 3.195312 l4s_ect coupling_factor 2 drop_on_overload step_thresh 1ms drop_dequeue split_gso classic_protection 10% 
 Sent 4620982 bytes 3729 pkt (dropped 127, overlimits 0 requeues 0) 
 backlog 2484b 2p requeues 0
prob 0.238509 delay_c 1530us delay_l 0us
pkts_in_c 3858 pkts_in_l 0 maxq 27
ecn_mark 0 step_marks 0
credit -121120 (L)

------ Mon 01 Dec 2025 11:32:34 PM PST ------
qdisc htb 1: root refcnt 33 r2q 10 default 0x10 direct_packets_stat 0 direct_qlen 1000
 Sent 4663210 bytes 3763 pkt (dropped 129, overlimits 3745 requeues 0) 
 backlog 1242b 1p requeues 0
qdisc dualpi2 2: parent 1:10 limit 15040000p target 1ms tupdate 16ms alpha 0.152344 beta 3.195312 l4s_ect coupling_factor 2 drop_on_overload step_thresh 1ms drop_dequeue split_gso classic_protection 10% 
 Sent 4663210 bytes 3763 pkt (dropped 129, overlimits 0 requeues 0) 
 backlog 1242b 1p requeues 0
prob 0.235413 delay_c 585us delay_l 0us
pkts_in_c 3893 pkts_in_l 0 maxq 27
ecn_mark 0 step_marks 0
credit -121120 (L)

------ Mon 01 Dec 2025 11:32:34 PM PST ------
qdisc htb 1: root refcnt 33 r2q 10 default 0x10 direct_packets_stat 0 direct_qlen 1000
 Sent 4704196 bytes 3796 pkt (dropped 129, overlimits 3778 requeues 0) 
 backlog 3726b 3p requeues 0
qdisc dualpi2 2: parent 1:10 limit 15040000p target 1ms tupdate 16ms alpha 0.152344 beta 3.195312 l4s_ect coupling_factor 2 drop_on_overload step_thresh 1ms drop_dequeue split_gso classic_protection 10% 
 Sent 4704196 bytes 3796 pkt (dropped 129, overlimits 0 requeues 0) 
 backlog 3726b 3p requeues 0
prob 0.235448 delay_c 2167us delay_l 0us
pkts_in_c 3928 pkts_in_l 0 maxq 27
ecn_mark 0 step_marks 0
credit -121120 (L)

------ Mon 01 Dec 2025 11:32:34 PM PST ------
qdisc htb 1: root refcnt 33 r2q 10 default 0x10 direct_packets_stat 0 direct_qlen 1000
 Sent 4745182 bytes 3829 pkt (dropped 130, overlimits 3811 requeues 0) 
 backlog 3726b 3p requeues 0
qdisc dualpi2 2: parent 1:10 limit 15040000p target 1ms tupdate 16ms alpha 0.152344 beta 3.195312 l4s_ect coupling_factor 2 drop_on_overload step_thresh 1ms drop_dequeue split_gso classic_protection 10% 
 Sent 4745182 bytes 3829 pkt (dropped 130, overlimits 0 requeues 0) 
 backlog 3726b 3p requeues 0
prob 0.235531 delay_c 2631us delay_l 0us
pkts_in_c 3962 pkts_in_l 0 maxq 27
ecn_mark 0 step_marks 0
credit -121120 (L)

------ Mon 01 Dec 2025 11:32:34 PM PST ------
qdisc htb 1: root refcnt 33 r2q 10 default 0x10 direct_packets_stat 0 direct_qlen 1000
 Sent 4786168 bytes 3862 pkt (dropped 132, overlimits 3844 requeues 0) 
 backlog 2484b 2p requeues 0
qdisc dualpi2 2: parent 1:10 limit 15040000p target 1ms tupdate 16ms alpha 0.152344 beta 3.195312 l4s_ect coupling_factor 2 drop_on_overload step_thresh 1ms drop_dequeue split_gso classic_protection 10% 
 Sent 4786168 bytes 3862 pkt (dropped 132, overlimits 0 requeues 0) 
 backlog 2484b 2p requeues 0
prob 0.235819 delay_c 1784us delay_l 0us
pkts_in_c 3996 pkts_in_l 0 maxq 27
ecn_mark 0 step_marks 0
credit -121120 (L)

------ Mon 01 Dec 2025 11:32:35 PM PST ------
qdisc htb 1: root refcnt 33 r2q 10 default 0x10 direct_packets_stat 0 direct_qlen 1000
 Sent 4825912 bytes 3894 pkt (dropped 132, overlimits 3876 requeues 0) 
 backlog 4968b 4p requeues 0
qdisc dualpi2 2: parent 1:10 limit 15040000p target 1ms tupdate 16ms alpha 0.152344 beta 3.195312 l4s_ect coupling_factor 2 drop_on_overload step_thresh 1ms drop_dequeue split_gso classic_protection 10% 
 Sent 4825912 bytes 3894 pkt (dropped 132, overlimits 0 requeues 0) 
 backlog 4968b 4p requeues 0
prob 0.239180 delay_c 2235us delay_l 0us
pkts_in_c 4030 pkts_in_l 0 maxq 27
ecn_mark 0 step_marks 0
credit -121120 (L)

------ Mon 01 Dec 2025 11:32:35 PM PST ------
qdisc htb 1: root refcnt 33 r2q 10 default 0x10 direct_packets_stat 0 direct_qlen 1000
 Sent 4865656 bytes 3926 pkt (dropped 132, overlimits 3908 requeues 0) 
 backlog 4968b 4p requeues 0
qdisc dualpi2 2: parent 1:10 limit 15040000p target 1ms tupdate 16ms alpha 0.152344 beta 3.195312 l4s_ect coupling_factor 2 drop_on_overload step_thresh 1ms drop_dequeue split_gso classic_protection 10% 
 Sent 4865656 bytes 3926 pkt (dropped 132, overlimits 0 requeues 0) 
 backlog 4968b 4p requeues 0
prob 0.239385 delay_c 2975us delay_l 0us
pkts_in_c 4062 pkts_in_l 0 maxq 27
ecn_mark 0 step_marks 0
credit -121120 (L)

------ Mon 01 Dec 2025 11:32:35 PM PST ------
qdisc htb 1: root refcnt 33 r2q 10 default 0x10 direct_packets_stat 0 direct_qlen 1000
 Sent 4906642 bytes 3959 pkt (dropped 133, overlimits 3941 requeues 0) 
 backlog 6210b 5p requeues 0
qdisc dualpi2 2: parent 1:10 limit 15040000p target 1ms tupdate 16ms alpha 0.152344 beta 3.195312 l4s_ect coupling_factor 2 drop_on_overload step_thresh 1ms drop_dequeue split_gso classic_protection 10% 
 Sent 4906642 bytes 3959 pkt (dropped 133, overlimits 0 requeues 0) 
 backlog 6210b 5p requeues 0
prob 0.243265 delay_c 3434us delay_l 0us
pkts_in_c 4097 pkts_in_l 0 maxq 27
ecn_mark 0 step_marks 0
credit -121120 (L)

------ Mon 01 Dec 2025 11:32:35 PM PST ------
qdisc htb 1: root refcnt 33 r2q 10 default 0x10 direct_packets_stat 0 direct_qlen 1000
 Sent 4948870 bytes 3993 pkt (dropped 135, overlimits 3975 requeues 0) 
 backlog 3726b 3p requeues 0
qdisc dualpi2 2: parent 1:10 limit 15040000p target 1ms tupdate 16ms alpha 0.152344 beta 3.195312 l4s_ect coupling_factor 2 drop_on_overload step_thresh 1ms drop_dequeue split_gso classic_protection 10% 
 Sent 4948870 bytes 3993 pkt (dropped 135, overlimits 0 requeues 0) 
 backlog 3726b 3p requeues 0
prob 0.240606 delay_c 1999us delay_l 0us
pkts_in_c 4131 pkts_in_l 0 maxq 27
ecn_mark 0 step_marks 0
credit -121120 (L)

------ Mon 01 Dec 2025 11:32:35 PM PST ------
qdisc htb 1: root refcnt 33 r2q 10 default 0x10 direct_packets_stat 0 direct_qlen 1000
 Sent 4991098 bytes 4027 pkt (dropped 135, overlimits 4009 requeues 0) 
 backlog 6210b 5p requeues 0
qdisc dualpi2 2: parent 1:10 limit 15040000p target 1ms tupdate 16ms alpha 0.152344 beta 3.195312 l4s_ect coupling_factor 2 drop_on_overload step_thresh 1ms drop_dequeue split_gso classic_protection 10% 
 Sent 4991098 bytes 4027 pkt (dropped 135, overlimits 0 requeues 0) 
 backlog 6210b 5p requeues 0
prob 0.247847 delay_c 3430us delay_l 0us
pkts_in_c 4167 pkts_in_l 0 maxq 27
ecn_mark 0 step_marks 0
credit -121120 (L)

------ Mon 01 Dec 2025 11:32:35 PM PST ------
qdisc htb 1: root refcnt 33 r2q 10 default 0x10 direct_packets_stat 0 direct_qlen 1000
 Sent 5030842 bytes 4059 pkt (dropped 136, overlimits 4041 requeues 0) 
 backlog 7452b 6p requeues 0
qdisc dualpi2 2: parent 1:10 limit 15040000p target 1ms tupdate 16ms alpha 0.152344 beta 3.195312 l4s_ect coupling_factor 2 drop_on_overload step_thresh 1ms drop_dequeue split_gso classic_protection 10% 
 Sent 5030842 bytes 4059 pkt (dropped 136, overlimits 0 requeues 0) 
 backlog 7452b 6p requeues 0
prob 0.245004 delay_c 4071us delay_l 0us
pkts_in_c 4201 pkts_in_l 0 maxq 27
ecn_mark 0 step_marks 0
credit -121120 (L)

------ Mon 01 Dec 2025 11:32:35 PM PST ------
qdisc htb 1: root refcnt 33 r2q 10 default 0x10 direct_packets_stat 0 direct_qlen 1000
 Sent 5071828 bytes 4092 pkt (dropped 136, overlimits 4074 requeues 0) 
 backlog 8694b 7p requeues 0
qdisc dualpi2 2: parent 1:10 limit 15040000p target 1ms tupdate 16ms alpha 0.152344 beta 3.195312 l4s_ect coupling_factor 2 drop_on_overload step_thresh 1ms drop_dequeue split_gso classic_protection 10% 
 Sent 5071828 bytes 4092 pkt (dropped 136, overlimits 0 requeues 0) 
 backlog 8694b 7p requeues 0
prob 0.252532 delay_c 4133us delay_l 0us
pkts_in_c 4235 pkts_in_l 0 maxq 27
ecn_mark 0 step_marks 0
credit -121120 (L)

------ Mon 01 Dec 2025 11:32:35 PM PST ------
qdisc htb 1: root refcnt 33 r2q 10 default 0x10 direct_packets_stat 0 direct_qlen 1000
 Sent 5111572 bytes 4124 pkt (dropped 137, overlimits 4106 requeues 0) 
 backlog 8694b 7p requeues 0
qdisc dualpi2 2: parent 1:10 limit 15040000p target 1ms tupdate 16ms alpha 0.152344 beta 3.195312 l4s_ect coupling_factor 2 drop_on_overload step_thresh 1ms drop_dequeue split_gso classic_protection 10% 
 Sent 5111572 bytes 4124 pkt (dropped 137, overlimits 0 requeues 0) 
 backlog 8694b 7p requeues 0
prob 0.253687 delay_c 5026us delay_l 0us
pkts_in_c 4268 pkts_in_l 0 maxq 27
ecn_mark 0 step_marks 0
credit -121120 (L)

------ Mon 01 Dec 2025 11:32:35 PM PST ------
qdisc htb 1: root refcnt 33 r2q 10 default 0x10 direct_packets_stat 0 direct_qlen 1000
 Sent 5153800 bytes 4158 pkt (dropped 137, overlimits 4140 requeues 0) 
 backlog 8694b 7p requeues 0
qdisc dualpi2 2: parent 1:10 limit 15040000p target 1ms tupdate 16ms alpha 0.152344 beta 3.195312 l4s_ect coupling_factor 2 drop_on_overload step_thresh 1ms drop_dequeue split_gso classic_protection 10% 
 Sent 5153800 bytes 4158 pkt (dropped 137, overlimits 0 requeues 0) 
 backlog 8694b 7p requeues 0
prob 0.254350 delay_c 5597us delay_l 0us
pkts_in_c 4302 pkts_in_l 0 maxq 27
ecn_mark 0 step_marks 0
credit -121120 (L)

------ Mon 01 Dec 2025 11:32:35 PM PST ------
qdisc htb 1: root refcnt 33 r2q 10 default 0x10 direct_packets_stat 0 direct_qlen 1000
 Sent 5192302 bytes 4189 pkt (dropped 137, overlimits 4171 requeues 0) 
 backlog 11178b 9p requeues 0
qdisc dualpi2 2: parent 1:10 limit 15040000p target 1ms tupdate 16ms alpha 0.152344 beta 3.195312 l4s_ect coupling_factor 2 drop_on_overload step_thresh 1ms drop_dequeue split_gso classic_protection 10% 
 Sent 5192302 bytes 4189 pkt (dropped 137, overlimits 0 requeues 0) 
 backlog 11178b 9p requeues 0
prob 0.259013 delay_c 6986us delay_l 0us
pkts_in_c 4335 pkts_in_l 0 maxq 27
ecn_mark 0 step_marks 0
credit -121120 (L)

------ Mon 01 Dec 2025 11:32:35 PM PST ------
qdisc htb 1: root refcnt 33 r2q 10 default 0x10 direct_packets_stat 0 direct_qlen 1000
 Sent 5232046 bytes 4221 pkt (dropped 140, overlimits 4203 requeues 0) 
 backlog 8694b 7p requeues 0
qdisc dualpi2 2: parent 1:10 limit 15040000p target 1ms tupdate 16ms alpha 0.152344 beta 3.195312 l4s_ect coupling_factor 2 drop_on_overload step_thresh 1ms drop_dequeue split_gso classic_protection 10% 
 Sent 5232046 bytes 4221 pkt (dropped 140, overlimits 0 requeues 0) 
 backlog 8694b 7p requeues 0
prob 0.257228 delay_c 5175us delay_l 0us
pkts_in_c 4368 pkts_in_l 0 maxq 27
ecn_mark 0 step_marks 0
credit -121120 (L)

------ Mon 01 Dec 2025 11:32:35 PM PST ------
qdisc htb 1: root refcnt 33 r2q 10 default 0x10 direct_packets_stat 0 direct_qlen 1000
 Sent 5270548 bytes 4252 pkt (dropped 143, overlimits 4234 requeues 0) 
 backlog 6210b 5p requeues 0
qdisc dualpi2 2: parent 1:10 limit 15040000p target 1ms tupdate 16ms alpha 0.152344 beta 3.195312 l4s_ect coupling_factor 2 drop_on_overload step_thresh 1ms drop_dequeue split_gso classic_protection 10% 
 Sent 5270548 bytes 4252 pkt (dropped 143, overlimits 0 requeues 0) 
 backlog 6210b 5p requeues 0
prob 0.254572 delay_c 3943us delay_l 0us
pkts_in_c 4400 pkts_in_l 0 maxq 27
ecn_mark 0 step_marks 0
credit -121120 (L)

------ Mon 01 Dec 2025 11:32:35 PM PST ------
qdisc htb 1: root refcnt 33 r2q 10 default 0x10 direct_packets_stat 0 direct_qlen 1000
 Sent 5310292 bytes 4284 pkt (dropped 143, overlimits 4266 requeues 0) 
 backlog 7452b 6p requeues 0
qdisc dualpi2 2: parent 1:10 limit 15040000p target 1ms tupdate 16ms alpha 0.152344 beta 3.195312 l4s_ect coupling_factor 2 drop_on_overload step_thresh 1ms drop_dequeue split_gso classic_protection 10% 
 Sent 5310292 bytes 4284 pkt (dropped 143, overlimits 0 requeues 0) 
 backlog 7452b 6p requeues 0
prob 0.255511 delay_c 4627us delay_l 0us
pkts_in_c 4433 pkts_in_l 0 maxq 27
ecn_mark 0 step_marks 0
credit -121120 (L)

------ Mon 01 Dec 2025 11:32:35 PM PST ------
qdisc htb 1: root refcnt 33 r2q 10 default 0x10 direct_packets_stat 0 direct_qlen 1000
 Sent 5350036 bytes 4316 pkt (dropped 144, overlimits 4298 requeues 0) 
 backlog 7452b 6p requeues 0
qdisc dualpi2 2: parent 1:10 limit 15040000p target 1ms tupdate 16ms alpha 0.152344 beta 3.195312 l4s_ect coupling_factor 2 drop_on_overload step_thresh 1ms drop_dequeue split_gso classic_protection 10% 
 Sent 5350036 bytes 4316 pkt (dropped 144, overlimits 0 requeues 0) 
 backlog 7452b 6p requeues 0
prob 0.259890 delay_c 4661us delay_l 0us
pkts_in_c 4466 pkts_in_l 0 maxq 27
ecn_mark 0 step_marks 0
credit -121120 (L)

------ Mon 01 Dec 2025 11:32:35 PM PST ------
qdisc htb 1: root refcnt 33 r2q 10 default 0x10 direct_packets_stat 0 direct_qlen 1000
 Sent 5389780 bytes 4348 pkt (dropped 144, overlimits 4330 requeues 0) 
 backlog 9936b 8p requeues 0
qdisc dualpi2 2: parent 1:10 limit 15040000p target 1ms tupdate 16ms alpha 0.152344 beta 3.195312 l4s_ect coupling_factor 2 drop_on_overload step_thresh 1ms drop_dequeue split_gso classic_protection 10% 
 Sent 5389780 bytes 4348 pkt (dropped 144, overlimits 0 requeues 0) 
 backlog 9936b 8p requeues 0
prob 0.260544 delay_c 5384us delay_l 0us
pkts_in_c 4500 pkts_in_l 0 maxq 27
ecn_mark 0 step_marks 0
credit -121120 (L)

------ Mon 01 Dec 2025 11:32:35 PM PST ------
qdisc htb 1: root refcnt 33 r2q 10 default 0x10 direct_packets_stat 0 direct_qlen 1000
 Sent 5430766 bytes 4381 pkt (dropped 146, overlimits 4363 requeues 0) 
 backlog 7452b 6p requeues 0
qdisc dualpi2 2: parent 1:10 limit 15040000p target 1ms tupdate 16ms alpha 0.152344 beta 3.195312 l4s_ect coupling_factor 2 drop_on_overload step_thresh 1ms drop_dequeue split_gso classic_protection 10% 
 Sent 5430766 bytes 4381 pkt (dropped 146, overlimits 0 requeues 0) 
 backlog 7452b 6p requeues 0
prob 0.261854 delay_c 4731us delay_l 0us
pkts_in_c 4533 pkts_in_l 0 maxq 27
ecn_mark 0 step_marks 0
credit -121120 (L)

------ Mon 01 Dec 2025 11:32:35 PM PST ------
qdisc htb 1: root refcnt 33 r2q 10 default 0x10 direct_packets_stat 0 direct_qlen 1000
 Sent 5474236 bytes 4416 pkt (dropped 148, overlimits 4398 requeues 0) 
 backlog 7452b 6p requeues 0
qdisc dualpi2 2: parent 1:10 limit 15040000p target 1ms tupdate 16ms alpha 0.152344 beta 3.195312 l4s_ect coupling_factor 2 drop_on_overload step_thresh 1ms drop_dequeue split_gso classic_protection 10% 
 Sent 5474236 bytes 4416 pkt (dropped 148, overlimits 0 requeues 0) 
 backlog 7452b 6p requeues 0
prob 0.259746 delay_c 4265us delay_l 0us
pkts_in_c 4570 pkts_in_l 0 maxq 27
ecn_mark 0 step_marks 0
credit -121120 (L)

------ Mon 01 Dec 2025 11:32:35 PM PST ------
qdisc htb 1: root refcnt 33 r2q 10 default 0x10 direct_packets_stat 0 direct_qlen 1000
 Sent 5513980 bytes 4448 pkt (dropped 149, overlimits 4430 requeues 0) 
 backlog 6210b 5p requeues 0
qdisc dualpi2 2: parent 1:10 limit 15040000p target 1ms tupdate 16ms alpha 0.152344 beta 3.195312 l4s_ect coupling_factor 2 drop_on_overload step_thresh 1ms drop_dequeue split_gso classic_protection 10% 
 Sent 5513980 bytes 4448 pkt (dropped 149, overlimits 0 requeues 0) 
 backlog 6210b 5p requeues 0
prob 0.260339 delay_c 3877us delay_l 0us
pkts_in_c 4602 pkts_in_l 0 maxq 27
ecn_mark 0 step_marks 0
credit -121120 (L)

------ Mon 01 Dec 2025 11:32:35 PM PST ------
qdisc htb 1: root refcnt 33 r2q 10 default 0x10 direct_packets_stat 0 direct_qlen 1000
 Sent 5554966 bytes 4481 pkt (dropped 152, overlimits 4463 requeues 0) 
 backlog 4968b 4p requeues 0
qdisc dualpi2 2: parent 1:10 limit 15040000p target 1ms tupdate 16ms alpha 0.152344 beta 3.195312 l4s_ect coupling_factor 2 drop_on_overload step_thresh 1ms drop_dequeue split_gso classic_protection 10% 
 Sent 5554966 bytes 4481 pkt (dropped 152, overlimits 0 requeues 0) 
 backlog 4968b 4p requeues 0
prob 0.261317 delay_c 2022us delay_l 0us
pkts_in_c 4637 pkts_in_l 0 maxq 27
ecn_mark 0 step_marks 0
credit -121120 (L)

------ Mon 01 Dec 2025 11:32:35 PM PST ------
qdisc htb 1: root refcnt 33 r2q 10 default 0x10 direct_packets_stat 0 direct_qlen 1000
 Sent 5595952 bytes 4514 pkt (dropped 155, overlimits 4496 requeues 0) 
 backlog 2484b 2p requeues 0
qdisc dualpi2 2: parent 1:10 limit 15040000p target 1ms tupdate 16ms alpha 0.152344 beta 3.195312 l4s_ect coupling_factor 2 drop_on_overload step_thresh 1ms drop_dequeue split_gso classic_protection 10% 
 Sent 5595952 bytes 4514 pkt (dropped 155, overlimits 0 requeues 0) 
 backlog 2484b 2p requeues 0
prob 0.252074 delay_c 1470us delay_l 0us
pkts_in_c 4671 pkts_in_l 0 maxq 27
ecn_mark 0 step_marks 0
credit -121120 (L)

------ Mon 01 Dec 2025 11:32:35 PM PST ------
qdisc htb 1: root refcnt 33 r2q 10 default 0x10 direct_packets_stat 0 direct_qlen 1000
 Sent 5638180 bytes 4548 pkt (dropped 155, overlimits 4530 requeues 0) 
 backlog 4968b 4p requeues 0
qdisc dualpi2 2: parent 1:10 limit 15040000p target 1ms tupdate 16ms alpha 0.152344 beta 3.195312 l4s_ect coupling_factor 2 drop_on_overload step_thresh 1ms drop_dequeue split_gso classic_protection 10% 
 Sent 5638180 bytes 4548 pkt (dropped 155, overlimits 0 requeues 0) 
 backlog 4968b 4p requeues 0
prob 0.255503 delay_c 2160us delay_l 0us
pkts_in_c 4707 pkts_in_l 0 maxq 27
ecn_mark 0 step_marks 0
credit -121120 (L)

------ Mon 01 Dec 2025 11:32:35 PM PST ------
qdisc htb 1: root refcnt 33 r2q 10 default 0x10 direct_packets_stat 0 direct_qlen 1000
 Sent 5680408 bytes 4582 pkt (dropped 156, overlimits 4564 requeues 0) 
 backlog 4968b 4p requeues 0
qdisc dualpi2 2: parent 1:10 limit 15040000p target 1ms tupdate 16ms alpha 0.152344 beta 3.195312 l4s_ect coupling_factor 2 drop_on_overload step_thresh 1ms drop_dequeue split_gso classic_protection 10% 
 Sent 5680408 bytes 4582 pkt (dropped 156, overlimits 0 requeues 0) 
 backlog 4968b 4p requeues 0
prob 0.255737 delay_c 2226us delay_l 0us
pkts_in_c 4742 pkts_in_l 0 maxq 27
ecn_mark 0 step_marks 0
credit -121120 (L)

------ Mon 01 Dec 2025 11:32:35 PM PST ------
qdisc htb 1: root refcnt 33 r2q 10 default 0x10 direct_packets_stat 0 direct_qlen 1000
 Sent 5722636 bytes 4616 pkt (dropped 158, overlimits 4598 requeues 0) 
 backlog 3726b 3p requeues 0
qdisc dualpi2 2: parent 1:10 limit 15040000p target 1ms tupdate 16ms alpha 0.152344 beta 3.195312 l4s_ect coupling_factor 2 drop_on_overload step_thresh 1ms drop_dequeue split_gso classic_protection 10% 
 Sent 5722636 bytes 4616 pkt (dropped 158, overlimits 0 requeues 0) 
 backlog 3726b 3p requeues 0
prob 0.252814 delay_c 2365us delay_l 0us
pkts_in_c 4777 pkts_in_l 0 maxq 27
ecn_mark 0 step_marks 0
credit -121120 (L)

------ Mon 01 Dec 2025 11:32:35 PM PST ------
qdisc htb 1: root refcnt 33 r2q 10 default 0x10 direct_packets_stat 0 direct_qlen 1000
 Sent 5766106 bytes 4651 pkt (dropped 159, overlimits 4633 requeues 0) 
 backlog 3726b 3p requeues 0
qdisc dualpi2 2: parent 1:10 limit 15040000p target 1ms tupdate 16ms alpha 0.152344 beta 3.195312 l4s_ect coupling_factor 2 drop_on_overload step_thresh 1ms drop_dequeue split_gso classic_protection 10% 
 Sent 5766106 bytes 4651 pkt (dropped 159, overlimits 0 requeues 0) 
 backlog 3726b 3p requeues 0
prob 0.252826 delay_c 2261us delay_l 0us
pkts_in_c 4813 pkts_in_l 0 maxq 27
ecn_mark 0 step_marks 0
credit -121120 (L)

------ Mon 01 Dec 2025 11:32:35 PM PST ------
qdisc htb 1: root refcnt 33 r2q 10 default 0x10 direct_packets_stat 0 direct_qlen 1000
 Sent 5807092 bytes 4684 pkt (dropped 160, overlimits 4666 requeues 0) 
 backlog 3726b 3p requeues 0
qdisc dualpi2 2: parent 1:10 limit 15040000p target 1ms tupdate 16ms alpha 0.152344 beta 3.195312 l4s_ect coupling_factor 2 drop_on_overload step_thresh 1ms drop_dequeue split_gso classic_protection 10% 
 Sent 5807092 bytes 4684 pkt (dropped 160, overlimits 0 requeues 0) 
 backlog 3726b 3p requeues 0
prob 0.252933 delay_c 2334us delay_l 0us
pkts_in_c 4847 pkts_in_l 0 maxq 27
ecn_mark 0 step_marks 0
credit -121120 (L)

------ Mon 01 Dec 2025 11:32:35 PM PST ------
qdisc htb 1: root refcnt 33 r2q 10 default 0x10 direct_packets_stat 0 direct_qlen 1000
 Sent 5849320 bytes 4718 pkt (dropped 161, overlimits 4700 requeues 0) 
 backlog 3726b 3p requeues 0
qdisc dualpi2 2: parent 1:10 limit 15040000p target 1ms tupdate 16ms alpha 0.152344 beta 3.195312 l4s_ect coupling_factor 2 drop_on_overload step_thresh 1ms drop_dequeue split_gso classic_protection 10% 
 Sent 5849320 bytes 4718 pkt (dropped 161, overlimits 0 requeues 0) 
 backlog 3726b 3p requeues 0
prob 0.253043 delay_c 2573us delay_l 0us
pkts_in_c 4882 pkts_in_l 0 maxq 27
ecn_mark 0 step_marks 0
credit -121120 (L)

------ Mon 01 Dec 2025 11:32:35 PM PST ------
qdisc htb 1: root refcnt 33 r2q 10 default 0x10 direct_packets_stat 0 direct_qlen 1000
 Sent 5890306 bytes 4751 pkt (dropped 163, overlimits 4733 requeues 0) 
 backlog 3726b 3p requeues 0
qdisc dualpi2 2: parent 1:10 limit 15040000p target 1ms tupdate 16ms alpha 0.152344 beta 3.195312 l4s_ect coupling_factor 2 drop_on_overload step_thresh 1ms drop_dequeue split_gso classic_protection 10% 
 Sent 5890306 bytes 4751 pkt (dropped 163, overlimits 0 requeues 0) 
 backlog 3726b 3p requeues 0
prob 0.253279 delay_c 2180us delay_l 0us
pkts_in_c 4917 pkts_in_l 0 maxq 27
ecn_mark 0 step_marks 0
credit -121120 (L)

------ Mon 01 Dec 2025 11:32:35 PM PST ------
qdisc htb 1: root refcnt 33 r2q 10 default 0x10 direct_packets_stat 0 direct_qlen 1000
 Sent 5932534 bytes 4785 pkt (dropped 164, overlimits 4767 requeues 0) 
 backlog 3726b 3p requeues 0
qdisc dualpi2 2: parent 1:10 limit 15040000p target 1ms tupdate 16ms alpha 0.152344 beta 3.195312 l4s_ect coupling_factor 2 drop_on_overload step_thresh 1ms drop_dequeue split_gso classic_protection 10% 
 Sent 5932534 bytes 4785 pkt (dropped 164, overlimits 0 requeues 0) 
 backlog 3726b 3p requeues 0
prob 0.253378 delay_c 2346us delay_l 0us
pkts_in_c 4952 pkts_in_l 0 maxq 27
ecn_mark 0 step_marks 0
credit -121120 (L)

------ Mon 01 Dec 2025 11:32:35 PM PST ------
qdisc htb 1: root refcnt 33 r2q 10 default 0x10 direct_packets_stat 0 direct_qlen 1000
 Sent 5974762 bytes 4819 pkt (dropped 165, overlimits 4801 requeues 0) 
 backlog 3726b 3p requeues 0
qdisc dualpi2 2: parent 1:10 limit 15040000p target 1ms tupdate 16ms alpha 0.152344 beta 3.195312 l4s_ect coupling_factor 2 drop_on_overload step_thresh 1ms drop_dequeue split_gso classic_protection 10% 
 Sent 5974762 bytes 4819 pkt (dropped 165, overlimits 0 requeues 0) 
 backlog 3726b 3p requeues 0
prob 0.253586 delay_c 2305us delay_l 0us
pkts_in_c 4987 pkts_in_l 0 maxq 27
ecn_mark 0 step_marks 0
credit -121120 (L)

------ Mon 01 Dec 2025 11:32:35 PM PST ------
qdisc htb 1: root refcnt 33 r2q 10 default 0x10 direct_packets_stat 0 direct_qlen 1000
 Sent 6016990 bytes 4853 pkt (dropped 166, overlimits 4835 requeues 0) 
 backlog 3726b 3p requeues 0
qdisc dualpi2 2: parent 1:10 limit 15040000p target 1ms tupdate 16ms alpha 0.152344 beta 3.195312 l4s_ect coupling_factor 2 drop_on_overload step_thresh 1ms drop_dequeue split_gso classic_protection 10% 
 Sent 6016990 bytes 4853 pkt (dropped 166, overlimits 0 requeues 0) 
 backlog 3726b 3p requeues 0
prob 0.257037 delay_c 2599us delay_l 0us
pkts_in_c 5022 pkts_in_l 0 maxq 27
ecn_mark 0 step_marks 0
credit -121120 (L)

------ Mon 01 Dec 2025 11:32:35 PM PST ------
qdisc htb 1: root refcnt 33 r2q 10 default 0x10 direct_packets_stat 0 direct_qlen 1000
 Sent 6060460 bytes 4888 pkt (dropped 167, overlimits 4870 requeues 0) 
 backlog 3726b 3p requeues 0
qdisc dualpi2 2: parent 1:10 limit 15040000p target 1ms tupdate 16ms alpha 0.152344 beta 3.195312 l4s_ect coupling_factor 2 drop_on_overload step_thresh 1ms drop_dequeue split_gso classic_protection 10% 
 Sent 6060460 bytes 4888 pkt (dropped 167, overlimits 0 requeues 0) 
 backlog 3726b 3p requeues 0
prob 0.254090 delay_c 2497us delay_l 0us
pkts_in_c 5058 pkts_in_l 0 maxq 27
ecn_mark 0 step_marks 0
credit -121120 (L)

------ Mon 01 Dec 2025 11:32:35 PM PST ------
qdisc htb 1: root refcnt 33 r2q 10 default 0x10 direct_packets_stat 0 direct_qlen 1000
 Sent 6103930 bytes 4923 pkt (dropped 168, overlimits 4905 requeues 0) 
 backlog 4968b 4p requeues 0
qdisc dualpi2 2: parent 1:10 limit 15040000p target 1ms tupdate 16ms alpha 0.152344 beta 3.195312 l4s_ect coupling_factor 2 drop_on_overload step_thresh 1ms drop_dequeue split_gso classic_protection 10% 
 Sent 6103930 bytes 4923 pkt (dropped 168, overlimits 0 requeues 0) 
 backlog 4968b 4p requeues 0
prob 0.257621 delay_c 2526us delay_l 0us
pkts_in_c 5095 pkts_in_l 0 maxq 27
ecn_mark 0 step_marks 0
credit -121120 (L)

------ Mon 01 Dec 2025 11:32:35 PM PST ------
qdisc htb 1: root refcnt 33 r2q 10 default 0x10 direct_packets_stat 0 direct_qlen 1000
 Sent 6147400 bytes 4958 pkt (dropped 169, overlimits 4940 requeues 0) 
 backlog 4968b 4p requeues 0
qdisc dualpi2 2: parent 1:10 limit 15040000p target 1ms tupdate 16ms alpha 0.152344 beta 3.195312 l4s_ect coupling_factor 2 drop_on_overload step_thresh 1ms drop_dequeue split_gso classic_protection 10% 
 Sent 6147400 bytes 4958 pkt (dropped 169, overlimits 0 requeues 0) 
 backlog 4968b 4p requeues 0
prob 0.261392 delay_c 2555us delay_l 0us
pkts_in_c 5131 pkts_in_l 0 maxq 27
ecn_mark 0 step_marks 0
credit -121120 (L)

------ Mon 01 Dec 2025 11:32:35 PM PST ------
qdisc htb 1: root refcnt 33 r2q 10 default 0x10 direct_packets_stat 0 direct_qlen 1000
 Sent 6189628 bytes 4992 pkt (dropped 172, overlimits 4974 requeues 0) 
 backlog 2484b 2p requeues 0
qdisc dualpi2 2: parent 1:10 limit 15040000p target 1ms tupdate 16ms alpha 0.152344 beta 3.195312 l4s_ect coupling_factor 2 drop_on_overload step_thresh 1ms drop_dequeue split_gso classic_protection 10% 
 Sent 6189628 bytes 4992 pkt (dropped 172, overlimits 0 requeues 0) 
 backlog 2484b 2p requeues 0
prob 0.255272 delay_c 1611us delay_l 0us
pkts_in_c 5166 pkts_in_l 0 maxq 27
ecn_mark 0 step_marks 0
credit -121120 (L)

------ Mon 01 Dec 2025 11:32:35 PM PST ------
qdisc htb 1: root refcnt 33 r2q 10 default 0x10 direct_packets_stat 0 direct_qlen 1000
 Sent 6231856 bytes 5026 pkt (dropped 172, overlimits 5008 requeues 0) 
 backlog 3726b 3p requeues 0
qdisc dualpi2 2: parent 1:10 limit 15040000p target 1ms tupdate 16ms alpha 0.152344 beta 3.195312 l4s_ect coupling_factor 2 drop_on_overload step_thresh 1ms drop_dequeue split_gso classic_protection 10% 
 Sent 6231856 bytes 5026 pkt (dropped 172, overlimits 0 requeues 0) 
 backlog 3726b 3p requeues 0
prob 0.255363 delay_c 1905us delay_l 0us
pkts_in_c 5201 pkts_in_l 0 maxq 27
ecn_mark 0 step_marks 0
credit -121120 (L)

------ Mon 01 Dec 2025 11:32:35 PM PST ------
qdisc htb 1: root refcnt 33 r2q 10 default 0x10 direct_packets_stat 0 direct_qlen 1000
 Sent 6275326 bytes 5061 pkt (dropped 174, overlimits 5043 requeues 0) 
 backlog 2484b 2p requeues 0
qdisc dualpi2 2: parent 1:10 limit 15040000p target 1ms tupdate 16ms alpha 0.152344 beta 3.195312 l4s_ect coupling_factor 2 drop_on_overload step_thresh 1ms drop_dequeue split_gso classic_protection 10% 
 Sent 6275326 bytes 5061 pkt (dropped 174, overlimits 0 requeues 0) 
 backlog 2484b 2p requeues 0
prob 0.255603 delay_c 1542us delay_l 0us
pkts_in_c 5237 pkts_in_l 0 maxq 27
ecn_mark 0 step_marks 0
credit -121120 (L)

------ Mon 01 Dec 2025 11:32:36 PM PST ------
qdisc htb 1: root refcnt 33 r2q 10 default 0x10 direct_packets_stat 0 direct_qlen 1000
 Sent 6317554 bytes 5095 pkt (dropped 175, overlimits 5077 requeues 0) 
 backlog 2484b 2p requeues 0
qdisc dualpi2 2: parent 1:10 limit 15040000p target 1ms tupdate 16ms alpha 0.152344 beta 3.195312 l4s_ect coupling_factor 2 drop_on_overload step_thresh 1ms drop_dequeue split_gso classic_protection 10% 
 Sent 6317554 bytes 5095 pkt (dropped 175, overlimits 0 requeues 0) 
 backlog 2484b 2p requeues 0
prob 0.255727 delay_c 1714us delay_l 0us
pkts_in_c 5272 pkts_in_l 0 maxq 27
ecn_mark 0 step_marks 0
credit -121120 (L)

------ Mon 01 Dec 2025 11:32:36 PM PST ------
qdisc htb 1: root refcnt 33 r2q 10 default 0x10 direct_packets_stat 0 direct_qlen 1000
 Sent 6359782 bytes 5129 pkt (dropped 176, overlimits 5111 requeues 0) 
 backlog 2484b 2p requeues 0
qdisc dualpi2 2: parent 1:10 limit 15040000p target 1ms tupdate 16ms alpha 0.152344 beta 3.195312 l4s_ect coupling_factor 2 drop_on_overload step_thresh 1ms drop_dequeue split_gso classic_protection 10% 
 Sent 6359782 bytes 5129 pkt (dropped 176, overlimits 0 requeues 0) 
 backlog 2484b 2p requeues 0
prob 0.255740 delay_c 1817us delay_l 0us
pkts_in_c 5307 pkts_in_l 0 maxq 27
ecn_mark 0 step_marks 0
credit -121120 (L)

------ Mon 01 Dec 2025 11:32:36 PM PST ------
qdisc htb 1: root refcnt 33 r2q 10 default 0x10 direct_packets_stat 0 direct_qlen 1000
 Sent 6399526 bytes 5161 pkt (dropped 178, overlimits 5143 requeues 0) 
 backlog 2484b 2p requeues 0
qdisc dualpi2 2: parent 1:10 limit 15040000p target 1ms tupdate 16ms alpha 0.152344 beta 3.195312 l4s_ect coupling_factor 2 drop_on_overload step_thresh 1ms drop_dequeue split_gso classic_protection 10% 
 Sent 6399526 bytes 5161 pkt (dropped 178, overlimits 0 requeues 0) 
 backlog 2484b 2p requeues 0
prob 0.255869 delay_c 1584us delay_l 0us
pkts_in_c 5341 pkts_in_l 0 maxq 27
ecn_mark 0 step_marks 0
credit -121120 (L)

------ Mon 01 Dec 2025 11:32:36 PM PST ------
qdisc htb 1: root refcnt 33 r2q 10 default 0x10 direct_packets_stat 0 direct_qlen 1000
 Sent 6441754 bytes 5195 pkt (dropped 179, overlimits 5177 requeues 0) 
 backlog 2484b 2p requeues 0
qdisc dualpi2 2: parent 1:10 limit 15040000p target 1ms tupdate 16ms alpha 0.152344 beta 3.195312 l4s_ect coupling_factor 2 drop_on_overload step_thresh 1ms drop_dequeue split_gso classic_protection 10% 
 Sent 6441754 bytes 5195 pkt (dropped 179, overlimits 0 requeues 0) 
 backlog 2484b 2p requeues 0
prob 0.255989 delay_c 1786us delay_l 0us
pkts_in_c 5376 pkts_in_l 0 maxq 27
ecn_mark 0 step_marks 0
credit -121120 (L)

------ Mon 01 Dec 2025 11:32:36 PM PST ------
qdisc htb 1: root refcnt 33 r2q 10 default 0x10 direct_packets_stat 0 direct_qlen 1000
 Sent 6485224 bytes 5230 pkt (dropped 179, overlimits 5212 requeues 0) 
 backlog 3726b 3p requeues 0
qdisc dualpi2 2: parent 1:10 limit 15040000p target 1ms tupdate 16ms alpha 0.152344 beta 3.195312 l4s_ect coupling_factor 2 drop_on_overload step_thresh 1ms drop_dequeue split_gso classic_protection 10% 
 Sent 6485224 bytes 5230 pkt (dropped 179, overlimits 0 requeues 0) 
 backlog 3726b 3p requeues 0
prob 0.255919 delay_c 2205us delay_l 0us
pkts_in_c 5412 pkts_in_l 0 maxq 27
ecn_mark 0 step_marks 0
credit -121120 (L)

------ Mon 01 Dec 2025 11:32:36 PM PST ------
qdisc htb 1: root refcnt 33 r2q 10 default 0x10 direct_packets_stat 0 direct_qlen 1000
 Sent 6526210 bytes 5263 pkt (dropped 180, overlimits 5245 requeues 0) 
 backlog 4968b 4p requeues 0
qdisc dualpi2 2: parent 1:10 limit 15040000p target 1ms tupdate 16ms alpha 0.152344 beta 3.195312 l4s_ect coupling_factor 2 drop_on_overload step_thresh 1ms drop_dequeue split_gso classic_protection 10% 
 Sent 6526210 bytes 5263 pkt (dropped 180, overlimits 0 requeues 0) 
 backlog 4968b 4p requeues 0
prob 0.259688 delay_c 2002us delay_l 0us
pkts_in_c 5447 pkts_in_l 0 maxq 27
ecn_mark 0 step_marks 0
credit -121120 (L)

------ Mon 01 Dec 2025 11:32:36 PM PST ------
qdisc htb 1: root refcnt 33 r2q 10 default 0x10 direct_packets_stat 0 direct_qlen 1000
 Sent 6564712 bytes 5294 pkt (dropped 182, overlimits 5276 requeues 0) 
 backlog 2484b 2p requeues 0
qdisc dualpi2 2: parent 1:10 limit 15040000p target 1ms tupdate 16ms alpha 0.152344 beta 3.195312 l4s_ect coupling_factor 2 drop_on_overload step_thresh 1ms drop_dequeue split_gso classic_protection 10% 
 Sent 6564712 bytes 5294 pkt (dropped 182, overlimits 0 requeues 0) 
 backlog 2484b 2p requeues 0
prob 0.256551 delay_c 1942us delay_l 0us
pkts_in_c 5478 pkts_in_l 0 maxq 27
ecn_mark 0 step_marks 0
credit -121120 (L)

------ Mon 01 Dec 2025 11:32:36 PM PST ------
qdisc htb 1: root refcnt 33 r2q 10 default 0x10 direct_packets_stat 0 direct_qlen 1000
 Sent 6605698 bytes 5327 pkt (dropped 183, overlimits 5309 requeues 0) 
 backlog 2484b 2p requeues 0
qdisc dualpi2 2: parent 1:10 limit 15040000p target 1ms tupdate 16ms alpha 0.152344 beta 3.195312 l4s_ect coupling_factor 2 drop_on_overload step_thresh 1ms drop_dequeue split_gso classic_protection 10% 
 Sent 6605698 bytes 5327 pkt (dropped 183, overlimits 0 requeues 0) 
 backlog 2484b 2p requeues 0
prob 0.256596 delay_c 1767us delay_l 0us
pkts_in_c 5512 pkts_in_l 0 maxq 27
ecn_mark 0 step_marks 0
credit -121120 (L)

------ Mon 01 Dec 2025 11:32:36 PM PST ------
qdisc htb 1: root refcnt 33 r2q 10 default 0x10 direct_packets_stat 0 direct_qlen 1000
 Sent 6646684 bytes 5360 pkt (dropped 184, overlimits 5342 requeues 0) 
 backlog 2484b 2p requeues 0
qdisc dualpi2 2: parent 1:10 limit 15040000p target 1ms tupdate 16ms alpha 0.152344 beta 3.195312 l4s_ect coupling_factor 2 drop_on_overload step_thresh 1ms drop_dequeue split_gso classic_protection 10% 
 Sent 6646684 bytes 5360 pkt (dropped 184, overlimits 0 requeues 0) 
 backlog 2484b 2p requeues 0
prob 0.256773 delay_c 1942us delay_l 0us
pkts_in_c 5546 pkts_in_l 0 maxq 27
ecn_mark 0 step_marks 0
credit -121120 (L)

------ Mon 01 Dec 2025 11:32:36 PM PST ------
qdisc htb 1: root refcnt 33 r2q 10 default 0x10 direct_packets_stat 0 direct_qlen 1000
 Sent 6686428 bytes 5392 pkt (dropped 185, overlimits 5374 requeues 0) 
 backlog 3726b 3p requeues 0
qdisc dualpi2 2: parent 1:10 limit 15040000p target 1ms tupdate 16ms alpha 0.152344 beta 3.195312 l4s_ect coupling_factor 2 drop_on_overload step_thresh 1ms drop_dequeue split_gso classic_protection 10% 
 Sent 6686428 bytes 5392 pkt (dropped 185, overlimits 0 requeues 0) 
 backlog 3726b 3p requeues 0
prob 0.256848 delay_c 1811us delay_l 0us
pkts_in_c 5580 pkts_in_l 0 maxq 27
ecn_mark 0 step_marks 0
credit -121120 (L)

------ Mon 01 Dec 2025 11:32:36 PM PST ------
qdisc htb 1: root refcnt 33 r2q 10 default 0x10 direct_packets_stat 0 direct_qlen 1000
 Sent 6728656 bytes 5426 pkt (dropped 186, overlimits 5408 requeues 0) 
 backlog 3726b 3p requeues 0
qdisc dualpi2 2: parent 1:10 limit 15040000p target 1ms tupdate 16ms alpha 0.152344 beta 3.195312 l4s_ect coupling_factor 2 drop_on_overload step_thresh 1ms drop_dequeue split_gso classic_protection 10% 
 Sent 6728656 bytes 5426 pkt (dropped 186, overlimits 0 requeues 0) 
 backlog 3726b 3p requeues 0
prob 0.256909 delay_c 1512us delay_l 0us
pkts_in_c 5615 pkts_in_l 0 maxq 27
ecn_mark 0 step_marks 0
credit -121120 (L)

------ Mon 01 Dec 2025 11:32:36 PM PST ------
qdisc htb 1: root refcnt 33 r2q 10 default 0x10 direct_packets_stat 0 direct_qlen 1000
 Sent 6767158 bytes 5457 pkt (dropped 186, overlimits 5439 requeues 0) 
 backlog 4968b 4p requeues 0
qdisc dualpi2 2: parent 1:10 limit 15040000p target 1ms tupdate 16ms alpha 0.152344 beta 3.195312 l4s_ect coupling_factor 2 drop_on_overload step_thresh 1ms drop_dequeue split_gso classic_protection 10% 
 Sent 6767158 bytes 5457 pkt (dropped 186, overlimits 0 requeues 0) 
 backlog 4968b 4p requeues 0
prob 0.260578 delay_c 2262us delay_l 0us
pkts_in_c 5647 pkts_in_l 0 maxq 27
ecn_mark 0 step_marks 0
credit -121120 (L)

------ Mon 01 Dec 2025 11:32:36 PM PST ------
qdisc htb 1: root refcnt 33 r2q 10 default 0x10 direct_packets_stat 0 direct_qlen 1000
 Sent 6806902 bytes 5489 pkt (dropped 188, overlimits 5471 requeues 0) 
 backlog 3726b 3p requeues 0
qdisc dualpi2 2: parent 1:10 limit 15040000p target 1ms tupdate 16ms alpha 0.152344 beta 3.195312 l4s_ect coupling_factor 2 drop_on_overload step_thresh 1ms drop_dequeue split_gso classic_protection 10% 
 Sent 6806902 bytes 5489 pkt (dropped 188, overlimits 0 requeues 0) 
 backlog 3726b 3p requeues 0
prob 0.257394 delay_c 1910us delay_l 0us
pkts_in_c 5680 pkts_in_l 0 maxq 27
ecn_mark 0 step_marks 0
credit -121120 (L)

------ Mon 01 Dec 2025 11:32:36 PM PST ------
qdisc htb 1: root refcnt 33 r2q 10 default 0x10 direct_packets_stat 0 direct_qlen 1000
 Sent 6846646 bytes 5521 pkt (dropped 190, overlimits 5503 requeues 0) 
 backlog 2484b 2p requeues 0
qdisc dualpi2 2: parent 1:10 limit 15040000p target 1ms tupdate 16ms alpha 0.152344 beta 3.195312 l4s_ect coupling_factor 2 drop_on_overload step_thresh 1ms drop_dequeue split_gso classic_protection 10% 
 Sent 6846646 bytes 5521 pkt (dropped 190, overlimits 0 requeues 0) 
 backlog 2484b 2p requeues 0
prob 0.257700 delay_c 1722us delay_l 0us
pkts_in_c 5713 pkts_in_l 0 maxq 27
ecn_mark 0 step_marks 0
credit -121120 (L)

------ Mon 01 Dec 2025 11:32:36 PM PST ------
qdisc htb 1: root refcnt 33 r2q 10 default 0x10 direct_packets_stat 0 direct_qlen 1000
 Sent 6887632 bytes 5554 pkt (dropped 191, overlimits 5536 requeues 0) 
 backlog 2484b 2p requeues 0
qdisc dualpi2 2: parent 1:10 limit 15040000p target 1ms tupdate 16ms alpha 0.152344 beta 3.195312 l4s_ect coupling_factor 2 drop_on_overload step_thresh 1ms drop_dequeue split_gso classic_protection 10% 
 Sent 6887632 bytes 5554 pkt (dropped 191, overlimits 0 requeues 0) 
 backlog 2484b 2p requeues 0
prob 0.257770 delay_c 1603us delay_l 0us
pkts_in_c 5747 pkts_in_l 0 maxq 27
ecn_mark 0 step_marks 0
credit -121120 (L)

------ Mon 01 Dec 2025 11:32:36 PM PST ------
qdisc htb 1: root refcnt 33 r2q 10 default 0x10 direct_packets_stat 0 direct_qlen 1000
 Sent 6927376 bytes 5586 pkt (dropped 192, overlimits 5568 requeues 0) 
 backlog 3726b 3p requeues 0
qdisc dualpi2 2: parent 1:10 limit 15040000p target 1ms tupdate 16ms alpha 0.152344 beta 3.195312 l4s_ect coupling_factor 2 drop_on_overload step_thresh 1ms drop_dequeue split_gso classic_protection 10% 
 Sent 6927376 bytes 5586 pkt (dropped 192, overlimits 0 requeues 0) 
 backlog 3726b 3p requeues 0
prob 0.257873 delay_c 1381us delay_l 0us
pkts_in_c 5781 pkts_in_l 0 maxq 27
ecn_mark 0 step_marks 0
credit -121120 (L)

------ Mon 01 Dec 2025 11:32:36 PM PST ------
qdisc htb 1: root refcnt 33 r2q 10 default 0x10 direct_packets_stat 0 direct_qlen 1000
 Sent 6967120 bytes 5618 pkt (dropped 193, overlimits 5600 requeues 0) 
 backlog 4968b 4p requeues 0
qdisc dualpi2 2: parent 1:10 limit 15040000p target 1ms tupdate 16ms alpha 0.152344 beta 3.195312 l4s_ect coupling_factor 2 drop_on_overload step_thresh 1ms drop_dequeue split_gso classic_protection 10% 
 Sent 6967120 bytes 5618 pkt (dropped 193, overlimits 0 requeues 0) 
 backlog 4968b 4p requeues 0
prob 0.257984 delay_c 2035us delay_l 0us
pkts_in_c 5815 pkts_in_l 0 maxq 27
ecn_mark 0 step_marks 0
credit -121120 (L)

------ Mon 01 Dec 2025 11:32:36 PM PST ------
qdisc htb 1: root refcnt 33 r2q 10 default 0x10 direct_packets_stat 0 direct_qlen 1000
 Sent 7008106 bytes 5651 pkt (dropped 194, overlimits 5633 requeues 0) 
 backlog 3726b 3p requeues 0
qdisc dualpi2 2: parent 1:10 limit 15040000p target 1ms tupdate 16ms alpha 0.152344 beta 3.195312 l4s_ect coupling_factor 2 drop_on_overload step_thresh 1ms drop_dequeue split_gso classic_protection 10% 
 Sent 7008106 bytes 5651 pkt (dropped 194, overlimits 0 requeues 0) 
 backlog 3726b 3p requeues 0
prob 0.258080 delay_c 2519us delay_l 0us
pkts_in_c 5848 pkts_in_l 0 maxq 27
ecn_mark 0 step_marks 0
credit -121120 (L)

------ Mon 01 Dec 2025 11:32:36 PM PST ------
qdisc htb 1: root refcnt 33 r2q 10 default 0x10 direct_packets_stat 0 direct_qlen 1000
 Sent 7051576 bytes 5686 pkt (dropped 195, overlimits 5668 requeues 0) 
 backlog 4968b 4p requeues 0
qdisc dualpi2 2: parent 1:10 limit 15040000p target 1ms tupdate 16ms alpha 0.152344 beta 3.195312 l4s_ect coupling_factor 2 drop_on_overload step_thresh 1ms drop_dequeue split_gso classic_protection 10% 
 Sent 7051576 bytes 5686 pkt (dropped 195, overlimits 0 requeues 0) 
 backlog 4968b 4p requeues 0
prob 0.258176 delay_c 2501us delay_l 0us
pkts_in_c 5885 pkts_in_l 0 maxq 27
ecn_mark 0 step_marks 0
credit -121120 (L)

------ Mon 01 Dec 2025 11:32:36 PM PST ------
qdisc htb 1: root refcnt 33 r2q 10 default 0x10 direct_packets_stat 0 direct_qlen 1000
 Sent 7091320 bytes 5718 pkt (dropped 195, overlimits 5700 requeues 0) 
 backlog 4968b 4p requeues 0
qdisc dualpi2 2: parent 1:10 limit 15040000p target 1ms tupdate 16ms alpha 0.152344 beta 3.195312 l4s_ect coupling_factor 2 drop_on_overload step_thresh 1ms drop_dequeue split_gso classic_protection 10% 
 Sent 7091320 bytes 5718 pkt (dropped 195, overlimits 0 requeues 0) 
 backlog 4968b 4p requeues 0
prob 0.261758 delay_c 2647us delay_l 0us
pkts_in_c 5917 pkts_in_l 0 maxq 27
ecn_mark 0 step_marks 0
credit -121120 (L)

------ Mon 01 Dec 2025 11:32:36 PM PST ------
qdisc htb 1: root refcnt 33 r2q 10 default 0x10 direct_packets_stat 0 direct_qlen 1000
 Sent 7133548 bytes 5752 pkt (dropped 198, overlimits 5734 requeues 0) 
 backlog 2484b 2p requeues 0
qdisc dualpi2 2: parent 1:10 limit 15040000p target 1ms tupdate 16ms alpha 0.152344 beta 3.195312 l4s_ect coupling_factor 2 drop_on_overload step_thresh 1ms drop_dequeue split_gso classic_protection 10% 
 Sent 7133548 bytes 5752 pkt (dropped 198, overlimits 0 requeues 0) 
 backlog 2484b 2p requeues 0
prob 0.262181 delay_c 1566us delay_l 0us
pkts_in_c 5952 pkts_in_l 0 maxq 27
ecn_mark 0 step_marks 0
credit -121120 (L)

------ Mon 01 Dec 2025 11:32:36 PM PST ------
qdisc htb 1: root refcnt 33 r2q 10 default 0x10 direct_packets_stat 0 direct_qlen 1000
 Sent 7174534 bytes 5785 pkt (dropped 198, overlimits 5767 requeues 0) 
 backlog 3726b 3p requeues 0
qdisc dualpi2 2: parent 1:10 limit 15040000p target 1ms tupdate 16ms alpha 0.152344 beta 3.195312 l4s_ect coupling_factor 2 drop_on_overload step_thresh 1ms drop_dequeue split_gso classic_protection 10% 
 Sent 7174534 bytes 5785 pkt (dropped 198, overlimits 0 requeues 0) 
 backlog 3726b 3p requeues 0
prob 0.262477 delay_c 1929us delay_l 0us
pkts_in_c 5986 pkts_in_l 0 maxq 27
ecn_mark 0 step_marks 0
credit -121120 (L)

------ Mon 01 Dec 2025 11:32:36 PM PST ------
qdisc htb 1: root refcnt 33 r2q 10 default 0x10 direct_packets_stat 0 direct_qlen 1000
 Sent 7216762 bytes 5819 pkt (dropped 199, overlimits 5801 requeues 0) 
 backlog 4968b 4p requeues 0
qdisc dualpi2 2: parent 1:10 limit 15040000p target 1ms tupdate 16ms alpha 0.152344 beta 3.195312 l4s_ect coupling_factor 2 drop_on_overload step_thresh 1ms drop_dequeue split_gso classic_protection 10% 
 Sent 7216762 bytes 5819 pkt (dropped 199, overlimits 0 requeues 0) 
 backlog 4968b 4p requeues 0
prob 0.262685 delay_c 2191us delay_l 0us
pkts_in_c 6022 pkts_in_l 0 maxq 27
ecn_mark 0 step_marks 0
credit -121120 (L)

------ Mon 01 Dec 2025 11:32:36 PM PST ------
qdisc htb 1: root refcnt 33 r2q 10 default 0x10 direct_packets_stat 0 direct_qlen 1000
 Sent 7257748 bytes 5852 pkt (dropped 201, overlimits 5834 requeues 0) 
 backlog 3726b 3p requeues 0
qdisc dualpi2 2: parent 1:10 limit 15040000p target 1ms tupdate 16ms alpha 0.152344 beta 3.195312 l4s_ect coupling_factor 2 drop_on_overload step_thresh 1ms drop_dequeue split_gso classic_protection 10% 
 Sent 7257748 bytes 5852 pkt (dropped 201, overlimits 0 requeues 0) 
 backlog 3726b 3p requeues 0
prob 0.259754 delay_c 1490us delay_l 0us
pkts_in_c 6056 pkts_in_l 0 maxq 27
ecn_mark 0 step_marks 0
credit -121120 (L)

------ Mon 01 Dec 2025 11:32:36 PM PST ------
qdisc htb 1: root refcnt 33 r2q 10 default 0x10 direct_packets_stat 0 direct_qlen 1000
 Sent 7299976 bytes 5886 pkt (dropped 202, overlimits 5868 requeues 0) 
 backlog 3726b 3p requeues 0
qdisc dualpi2 2: parent 1:10 limit 15040000p target 1ms tupdate 16ms alpha 0.152344 beta 3.195312 l4s_ect coupling_factor 2 drop_on_overload step_thresh 1ms drop_dequeue split_gso classic_protection 10% 
 Sent 7299976 bytes 5886 pkt (dropped 202, overlimits 0 requeues 0) 
 backlog 3726b 3p requeues 0
prob 0.260119 delay_c 1536us delay_l 0us
pkts_in_c 6091 pkts_in_l 0 maxq 27
ecn_mark 0 step_marks 0
credit -121120 (L)

------ Mon 01 Dec 2025 11:32:36 PM PST ------
qdisc htb 1: root refcnt 33 r2q 10 default 0x10 direct_packets_stat 0 direct_qlen 1000
 Sent 7342204 bytes 5920 pkt (dropped 204, overlimits 5902 requeues 0) 
 backlog 2484b 2p requeues 0
qdisc dualpi2 2: parent 1:10 limit 15040000p target 1ms tupdate 16ms alpha 0.152344 beta 3.195312 l4s_ect coupling_factor 2 drop_on_overload step_thresh 1ms drop_dequeue split_gso classic_protection 10% 
 Sent 7342204 bytes 5920 pkt (dropped 204, overlimits 0 requeues 0) 
 backlog 2484b 2p requeues 0
prob 0.260146 delay_c 1480us delay_l 0us
pkts_in_c 6126 pkts_in_l 0 maxq 27
ecn_mark 0 step_marks 0
credit -121120 (L)

------ Mon 01 Dec 2025 11:32:36 PM PST ------
qdisc htb 1: root refcnt 33 r2q 10 default 0x10 direct_packets_stat 0 direct_qlen 1000
 Sent 7383190 bytes 5953 pkt (dropped 205, overlimits 5935 requeues 0) 
 backlog 3726b 3p requeues 0
qdisc dualpi2 2: parent 1:10 limit 15040000p target 1ms tupdate 16ms alpha 0.152344 beta 3.195312 l4s_ect coupling_factor 2 drop_on_overload step_thresh 1ms drop_dequeue split_gso classic_protection 10% 
 Sent 7383190 bytes 5953 pkt (dropped 205, overlimits 0 requeues 0) 
 backlog 3726b 3p requeues 0
prob 0.260254 delay_c 1121us delay_l 0us
pkts_in_c 6161 pkts_in_l 0 maxq 27
ecn_mark 0 step_marks 0
credit -121120 (L)

------ Mon 01 Dec 2025 11:32:36 PM PST ------
qdisc htb 1: root refcnt 33 r2q 10 default 0x10 direct_packets_stat 0 direct_qlen 1000
 Sent 7425418 bytes 5987 pkt (dropped 206, overlimits 5969 requeues 0) 
 backlog 3726b 3p requeues 0
qdisc dualpi2 2: parent 1:10 limit 15040000p target 1ms tupdate 16ms alpha 0.152344 beta 3.195312 l4s_ect coupling_factor 2 drop_on_overload step_thresh 1ms drop_dequeue split_gso classic_protection 10% 
 Sent 7425418 bytes 5987 pkt (dropped 206, overlimits 0 requeues 0) 
 backlog 3726b 3p requeues 0
prob 0.263707 delay_c 1549us delay_l 0us
pkts_in_c 6196 pkts_in_l 0 maxq 27
ecn_mark 0 step_marks 0
credit -121120 (L)

------ Mon 01 Dec 2025 11:32:36 PM PST ------
qdisc htb 1: root refcnt 33 r2q 10 default 0x10 direct_packets_stat 0 direct_qlen 1000
 Sent 7467646 bytes 6021 pkt (dropped 206, overlimits 6003 requeues 0) 
 backlog 4968b 4p requeues 0
qdisc dualpi2 2: parent 1:10 limit 15040000p target 1ms tupdate 16ms alpha 0.152344 beta 3.195312 l4s_ect coupling_factor 2 drop_on_overload step_thresh 1ms drop_dequeue split_gso classic_protection 10% 
 Sent 7467646 bytes 6021 pkt (dropped 206, overlimits 0 requeues 0) 
 backlog 4968b 4p requeues 0
prob 0.264001 delay_c 2483us delay_l 0us
pkts_in_c 6231 pkts_in_l 0 maxq 27
ecn_mark 0 step_marks 0
credit -121120 (L)

------ Mon 01 Dec 2025 11:32:36 PM PST ------
qdisc htb 1: root refcnt 33 r2q 10 default 0x10 direct_packets_stat 0 direct_qlen 1000
 Sent 7509874 bytes 6055 pkt (dropped 208, overlimits 6037 requeues 0) 
 backlog 4968b 4p requeues 0
qdisc dualpi2 2: parent 1:10 limit 15040000p target 1ms tupdate 16ms alpha 0.152344 beta 3.195312 l4s_ect coupling_factor 2 drop_on_overload step_thresh 1ms drop_dequeue split_gso classic_protection 10% 
 Sent 7509874 bytes 6055 pkt (dropped 208, overlimits 0 requeues 0) 
 backlog 4968b 4p requeues 0
prob 0.261019 delay_c 2020us delay_l 0us
pkts_in_c 6267 pkts_in_l 0 maxq 27
ecn_mark 0 step_marks 0
credit -121120 (L)

------ Mon 01 Dec 2025 11:32:36 PM PST ------
qdisc htb 1: root refcnt 33 r2q 10 default 0x10 direct_packets_stat 0 direct_qlen 1000
 Sent 7553344 bytes 6090 pkt (dropped 209, overlimits 6072 requeues 0) 
 backlog 3726b 3p requeues 0
qdisc dualpi2 2: parent 1:10 limit 15040000p target 1ms tupdate 16ms alpha 0.152344 beta 3.195312 l4s_ect coupling_factor 2 drop_on_overload step_thresh 1ms drop_dequeue split_gso classic_protection 10% 
 Sent 7553344 bytes 6090 pkt (dropped 209, overlimits 0 requeues 0) 
 backlog 3726b 3p requeues 0
prob 0.261123 delay_c 2517us delay_l 0us
pkts_in_c 6302 pkts_in_l 0 maxq 27
ecn_mark 0 step_marks 0
credit -121120 (L)

------ Mon 01 Dec 2025 11:32:36 PM PST ------
qdisc htb 1: root refcnt 33 r2q 10 default 0x10 direct_packets_stat 0 direct_qlen 1000
 Sent 7594330 bytes 6123 pkt (dropped 211, overlimits 6105 requeues 0) 
 backlog 2484b 2p requeues 0
qdisc dualpi2 2: parent 1:10 limit 15040000p target 1ms tupdate 16ms alpha 0.152344 beta 3.195312 l4s_ect coupling_factor 2 drop_on_overload step_thresh 1ms drop_dequeue split_gso classic_protection 10% 
 Sent 7594330 bytes 6123 pkt (dropped 211, overlimits 0 requeues 0) 
 backlog 2484b 2p requeues 0
prob 0.261418 delay_c 1892us delay_l 0us
pkts_in_c 6336 pkts_in_l 0 maxq 27
ecn_mark 0 step_marks 0
credit -121120 (L)

------ Mon 01 Dec 2025 11:32:36 PM PST ------
qdisc htb 1: root refcnt 33 r2q 10 default 0x10 direct_packets_stat 0 direct_qlen 1000
 Sent 7637800 bytes 6158 pkt (dropped 212, overlimits 6140 requeues 0) 
 backlog 3726b 3p requeues 0
qdisc dualpi2 2: parent 1:10 limit 15040000p target 1ms tupdate 16ms alpha 0.152344 beta 3.195312 l4s_ect coupling_factor 2 drop_on_overload step_thresh 1ms drop_dequeue split_gso classic_protection 10% 
 Sent 7637800 bytes 6158 pkt (dropped 212, overlimits 0 requeues 0) 
 backlog 3726b 3p requeues 0
prob 0.261511 delay_c 2010us delay_l 0us
pkts_in_c 6373 pkts_in_l 0 maxq 27
ecn_mark 0 step_marks 0
credit -121120 (L)

------ Mon 01 Dec 2025 11:32:36 PM PST ------
qdisc htb 1: root refcnt 33 r2q 10 default 0x10 direct_packets_stat 0 direct_qlen 1000
 Sent 7681270 bytes 6193 pkt (dropped 213, overlimits 6175 requeues 0) 
 backlog 2484b 2p requeues 0
qdisc dualpi2 2: parent 1:10 limit 15040000p target 1ms tupdate 16ms alpha 0.152344 beta 3.195312 l4s_ect coupling_factor 2 drop_on_overload step_thresh 1ms drop_dequeue split_gso classic_protection 10% 
 Sent 7681270 bytes 6193 pkt (dropped 213, overlimits 0 requeues 0) 
 backlog 2484b 2p requeues 0
prob 0.261652 delay_c 1876us delay_l 0us
pkts_in_c 6408 pkts_in_l 0 maxq 27
ecn_mark 0 step_marks 0
credit -121120 (L)

------ Mon 01 Dec 2025 11:32:36 PM PST ------
qdisc htb 1: root refcnt 33 r2q 10 default 0x10 direct_packets_stat 0 direct_qlen 1000
 Sent 7723498 bytes 6227 pkt (dropped 214, overlimits 6209 requeues 0) 
 backlog 4968b 4p requeues 0
qdisc dualpi2 2: parent 1:10 limit 15040000p target 1ms tupdate 16ms alpha 0.152344 beta 3.195312 l4s_ect coupling_factor 2 drop_on_overload step_thresh 1ms drop_dequeue split_gso classic_protection 10% 
 Sent 7723498 bytes 6227 pkt (dropped 214, overlimits 0 requeues 0) 
 backlog 4968b 4p requeues 0
prob 0.265120 delay_c 2393us delay_l 0us
pkts_in_c 6445 pkts_in_l 0 maxq 27
ecn_mark 0 step_marks 0
credit -121120 (L)

------ Mon 01 Dec 2025 11:32:36 PM PST ------
qdisc htb 1: root refcnt 33 r2q 10 default 0x10 direct_packets_stat 0 direct_qlen 1000
 Sent 7766968 bytes 6262 pkt (dropped 216, overlimits 6244 requeues 0) 
 backlog 2484b 2p requeues 0
qdisc dualpi2 2: parent 1:10 limit 15040000p target 1ms tupdate 16ms alpha 0.152344 beta 3.195312 l4s_ect coupling_factor 2 drop_on_overload step_thresh 1ms drop_dequeue split_gso classic_protection 10% 
 Sent 7766968 bytes 6262 pkt (dropped 216, overlimits 0 requeues 0) 
 backlog 2484b 2p requeues 0
prob 0.262041 delay_c 763us delay_l 0us
pkts_in_c 6480 pkts_in_l 0 maxq 27
ecn_mark 0 step_marks 0
credit -121120 (L)

------ Mon 01 Dec 2025 11:32:36 PM PST ------
qdisc htb 1: root refcnt 33 r2q 10 default 0x10 direct_packets_stat 0 direct_qlen 1000
 Sent 7810438 bytes 6297 pkt (dropped 217, overlimits 6279 requeues 0) 
 backlog 3726b 3p requeues 0
qdisc dualpi2 2: parent 1:10 limit 15040000p target 1ms tupdate 16ms alpha 0.152344 beta 3.195312 l4s_ect coupling_factor 2 drop_on_overload step_thresh 1ms drop_dequeue split_gso classic_protection 10% 
 Sent 7810438 bytes 6297 pkt (dropped 217, overlimits 0 requeues 0) 
 backlog 3726b 3p requeues 0
prob 0.262149 delay_c 2109us delay_l 0us
pkts_in_c 6517 pkts_in_l 0 maxq 27
ecn_mark 0 step_marks 0
credit -121120 (L)

------ Mon 01 Dec 2025 11:32:37 PM PST ------
qdisc htb 1: root refcnt 33 r2q 10 default 0x10 direct_packets_stat 0 direct_qlen 1000
 Sent 7852666 bytes 6331 pkt (dropped 218, overlimits 6313 requeues 0) 
 backlog 3726b 3p requeues 0
qdisc dualpi2 2: parent 1:10 limit 15040000p target 1ms tupdate 16ms alpha 0.152344 beta 3.195312 l4s_ect coupling_factor 2 drop_on_overload step_thresh 1ms drop_dequeue split_gso classic_protection 10% 
 Sent 7852666 bytes 6331 pkt (dropped 218, overlimits 0 requeues 0) 
 backlog 3726b 3p requeues 0
prob 0.262314 delay_c 2509us delay_l 0us
pkts_in_c 6552 pkts_in_l 0 maxq 27
ecn_mark 0 step_marks 0
credit -121120 (L)

------ Mon 01 Dec 2025 11:32:37 PM PST ------
qdisc htb 1: root refcnt 33 r2q 10 default 0x10 direct_packets_stat 0 direct_qlen 1000
 Sent 7896136 bytes 6366 pkt (dropped 219, overlimits 6348 requeues 0) 
 backlog 2484b 2p requeues 0
qdisc dualpi2 2: parent 1:10 limit 15040000p target 1ms tupdate 16ms alpha 0.152344 beta 3.195312 l4s_ect coupling_factor 2 drop_on_overload step_thresh 1ms drop_dequeue split_gso classic_protection 10% 
 Sent 7896136 bytes 6366 pkt (dropped 219, overlimits 0 requeues 0) 
 backlog 2484b 2p requeues 0
prob 0.262399 delay_c 1916us delay_l 0us
pkts_in_c 6587 pkts_in_l 0 maxq 27
ecn_mark 0 step_marks 0
credit -121120 (L)

------ Mon 01 Dec 2025 11:32:37 PM PST ------
qdisc htb 1: root refcnt 33 r2q 10 default 0x10 direct_packets_stat 0 direct_qlen 1000
 Sent 7938364 bytes 6400 pkt (dropped 220, overlimits 6382 requeues 0) 
 backlog 3726b 3p requeues 0
qdisc dualpi2 2: parent 1:10 limit 15040000p target 1ms tupdate 16ms alpha 0.152344 beta 3.195312 l4s_ect coupling_factor 2 drop_on_overload step_thresh 1ms drop_dequeue split_gso classic_protection 10% 
 Sent 7938364 bytes 6400 pkt (dropped 220, overlimits 0 requeues 0) 
 backlog 3726b 3p requeues 0
prob 0.262535 delay_c 2567us delay_l 0us
pkts_in_c 6623 pkts_in_l 0 maxq 27
ecn_mark 0 step_marks 0
credit -121120 (L)

------ Mon 01 Dec 2025 11:32:37 PM PST ------
qdisc htb 1: root refcnt 33 r2q 10 default 0x10 direct_packets_stat 0 direct_qlen 1000
 Sent 7979350 bytes 6433 pkt (dropped 222, overlimits 6415 requeues 0) 
 backlog 3726b 3p requeues 0
qdisc dualpi2 2: parent 1:10 limit 15040000p target 1ms tupdate 16ms alpha 0.152344 beta 3.195312 l4s_ect coupling_factor 2 drop_on_overload step_thresh 1ms drop_dequeue split_gso classic_protection 10% 
 Sent 7979350 bytes 6433 pkt (dropped 222, overlimits 0 requeues 0) 
 backlog 3726b 3p requeues 0
prob 0.262669 delay_c 2028us delay_l 0us
pkts_in_c 6658 pkts_in_l 0 maxq 27
ecn_mark 0 step_marks 0
credit -121120 (L)

------ Mon 01 Dec 2025 11:32:37 PM PST ------
qdisc htb 1: root refcnt 33 r2q 10 default 0x10 direct_packets_stat 0 direct_qlen 1000
 Sent 8020336 bytes 6466 pkt (dropped 222, overlimits 6448 requeues 0) 
 backlog 4968b 4p requeues 0
qdisc dualpi2 2: parent 1:10 limit 15040000p target 1ms tupdate 16ms alpha 0.152344 beta 3.195312 l4s_ect coupling_factor 2 drop_on_overload step_thresh 1ms drop_dequeue split_gso classic_protection 10% 
 Sent 8020336 bytes 6466 pkt (dropped 222, overlimits 0 requeues 0) 
 backlog 4968b 4p requeues 0
prob 0.266267 delay_c 2049us delay_l 0us
pkts_in_c 6692 pkts_in_l 0 maxq 27
ecn_mark 0 step_marks 0
credit -121120 (L)

------ Mon 01 Dec 2025 11:32:37 PM PST ------
qdisc htb 1: root refcnt 33 r2q 10 default 0x10 direct_packets_stat 0 direct_qlen 1000
 Sent 8062564 bytes 6500 pkt (dropped 223, overlimits 6482 requeues 0) 
 backlog 4968b 4p requeues 0
qdisc dualpi2 2: parent 1:10 limit 15040000p target 1ms tupdate 16ms alpha 0.152344 beta 3.195312 l4s_ect coupling_factor 2 drop_on_overload step_thresh 1ms drop_dequeue split_gso classic_protection 10% 
 Sent 8062564 bytes 6500 pkt (dropped 223, overlimits 0 requeues 0) 
 backlog 4968b 4p requeues 0
prob 0.266574 delay_c 2176us delay_l 0us
pkts_in_c 6727 pkts_in_l 0 maxq 27
ecn_mark 0 step_marks 0
credit -121120 (L)

------ Mon 01 Dec 2025 11:32:37 PM PST ------
qdisc htb 1: root refcnt 33 r2q 10 default 0x10 direct_packets_stat 0 direct_qlen 1000
 Sent 8104792 bytes 6534 pkt (dropped 225, overlimits 6516 requeues 0) 
 backlog 3726b 3p requeues 0
qdisc dualpi2 2: parent 1:10 limit 15040000p target 1ms tupdate 16ms alpha 0.152344 beta 3.195312 l4s_ect coupling_factor 2 drop_on_overload step_thresh 1ms drop_dequeue split_gso classic_protection 10% 
 Sent 8104792 bytes 6534 pkt (dropped 225, overlimits 0 requeues 0) 
 backlog 3726b 3p requeues 0
prob 0.266827 delay_c 2018us delay_l 0us
pkts_in_c 6762 pkts_in_l 0 maxq 27
ecn_mark 0 step_marks 0
credit -121120 (L)

------ Mon 01 Dec 2025 11:32:37 PM PST ------
qdisc htb 1: root refcnt 33 r2q 10 default 0x10 direct_packets_stat 0 direct_qlen 1000
 Sent 8147020 bytes 6568 pkt (dropped 226, overlimits 6550 requeues 0) 
 backlog 3726b 3p requeues 0
qdisc dualpi2 2: parent 1:10 limit 15040000p target 1ms tupdate 16ms alpha 0.152344 beta 3.195312 l4s_ect coupling_factor 2 drop_on_overload step_thresh 1ms drop_dequeue split_gso classic_protection 10% 
 Sent 8147020 bytes 6568 pkt (dropped 226, overlimits 0 requeues 0) 
 backlog 3726b 3p requeues 0
prob 0.263761 delay_c 2359us delay_l 0us
pkts_in_c 6797 pkts_in_l 0 maxq 27
ecn_mark 0 step_marks 0
credit -121120 (L)

------ Mon 01 Dec 2025 11:32:37 PM PST ------
qdisc htb 1: root refcnt 33 r2q 10 default 0x10 direct_packets_stat 0 direct_qlen 1000
 Sent 8188006 bytes 6601 pkt (dropped 227, overlimits 6583 requeues 0) 
 backlog 3726b 3p requeues 0
qdisc dualpi2 2: parent 1:10 limit 15040000p target 1ms tupdate 16ms alpha 0.152344 beta 3.195312 l4s_ect coupling_factor 2 drop_on_overload step_thresh 1ms drop_dequeue split_gso classic_protection 10% 
 Sent 8188006 bytes 6601 pkt (dropped 227, overlimits 0 requeues 0) 
 backlog 3726b 3p requeues 0
prob 0.264054 delay_c 1587us delay_l 0us
pkts_in_c 6831 pkts_in_l 0 maxq 27
ecn_mark 0 step_marks 0
credit -121120 (L)

------ Mon 01 Dec 2025 11:32:37 PM PST ------
qdisc htb 1: root refcnt 33 r2q 10 default 0x10 direct_packets_stat 0 direct_qlen 1000
 Sent 8230234 bytes 6635 pkt (dropped 229, overlimits 6617 requeues 0) 
 backlog 2484b 2p requeues 0
qdisc dualpi2 2: parent 1:10 limit 15040000p target 1ms tupdate 16ms alpha 0.152344 beta 3.195312 l4s_ect coupling_factor 2 drop_on_overload step_thresh 1ms drop_dequeue split_gso classic_protection 10% 
 Sent 8230234 bytes 6635 pkt (dropped 229, overlimits 0 requeues 0) 
 backlog 2484b 2p requeues 0
prob 0.264101 delay_c 1833us delay_l 0us
pkts_in_c 6866 pkts_in_l 0 maxq 27
ecn_mark 0 step_marks 0
credit -121120 (L)

------ Mon 01 Dec 2025 11:32:37 PM PST ------
qdisc htb 1: root refcnt 33 r2q 10 default 0x10 direct_packets_stat 0 direct_qlen 1000
 Sent 8272462 bytes 6669 pkt (dropped 230, overlimits 6651 requeues 0) 
 backlog 2484b 2p requeues 0
qdisc dualpi2 2: parent 1:10 limit 15040000p target 1ms tupdate 16ms alpha 0.152344 beta 3.195312 l4s_ect coupling_factor 2 drop_on_overload step_thresh 1ms drop_dequeue split_gso classic_protection 10% 
 Sent 8272462 bytes 6669 pkt (dropped 230, overlimits 0 requeues 0) 
 backlog 2484b 2p requeues 0
prob 0.264259 delay_c 1779us delay_l 0us
pkts_in_c 6901 pkts_in_l 0 maxq 27
ecn_mark 0 step_marks 0
credit -121120 (L)

------ Mon 01 Dec 2025 11:32:37 PM PST ------
qdisc htb 1: root refcnt 33 r2q 10 default 0x10 direct_packets_stat 0 direct_qlen 1000
 Sent 8314690 bytes 6703 pkt (dropped 231, overlimits 6685 requeues 0) 
 backlog 3726b 3p requeues 0
qdisc dualpi2 2: parent 1:10 limit 15040000p target 1ms tupdate 16ms alpha 0.152344 beta 3.195312 l4s_ect coupling_factor 2 drop_on_overload step_thresh 1ms drop_dequeue split_gso classic_protection 10% 
 Sent 8314690 bytes 6703 pkt (dropped 231, overlimits 0 requeues 0) 
 backlog 3726b 3p requeues 0
prob 0.267746 delay_c 2094us delay_l 0us
pkts_in_c 6937 pkts_in_l 0 maxq 27
ecn_mark 0 step_marks 0
credit -121120 (L)

------ Mon 01 Dec 2025 11:32:37 PM PST ------
qdisc htb 1: root refcnt 33 r2q 10 default 0x10 direct_packets_stat 0 direct_qlen 1000
 Sent 8356918 bytes 6737 pkt (dropped 232, overlimits 6719 requeues 0) 
 backlog 3726b 3p requeues 0
qdisc dualpi2 2: parent 1:10 limit 15040000p target 1ms tupdate 16ms alpha 0.152344 beta 3.195312 l4s_ect coupling_factor 2 drop_on_overload step_thresh 1ms drop_dequeue split_gso classic_protection 10% 
 Sent 8356918 bytes 6737 pkt (dropped 232, overlimits 0 requeues 0) 
 backlog 3726b 3p requeues 0
prob 0.264682 delay_c 2491us delay_l 0us
pkts_in_c 6972 pkts_in_l 0 maxq 27
ecn_mark 0 step_marks 0
credit -121120 (L)

------ Mon 01 Dec 2025 11:32:37 PM PST ------
qdisc htb 1: root refcnt 33 r2q 10 default 0x10 direct_packets_stat 0 direct_qlen 1000
 Sent 8399146 bytes 6771 pkt (dropped 234, overlimits 6753 requeues 0) 
 backlog 2484b 2p requeues 0
qdisc dualpi2 2: parent 1:10 limit 15040000p target 1ms tupdate 16ms alpha 0.152344 beta 3.195312 l4s_ect coupling_factor 2 drop_on_overload step_thresh 1ms drop_dequeue split_gso classic_protection 10% 
 Sent 8399146 bytes 6771 pkt (dropped 234, overlimits 0 requeues 0) 
 backlog 2484b 2p requeues 0
prob 0.264936 delay_c 1465us delay_l 0us
pkts_in_c 7007 pkts_in_l 0 maxq 27
ecn_mark 0 step_marks 0
credit -121120 (L)

------ Mon 01 Dec 2025 11:32:37 PM PST ------
qdisc htb 1: root refcnt 33 r2q 10 default 0x10 direct_packets_stat 0 direct_qlen 1000
 Sent 8440132 bytes 6804 pkt (dropped 234, overlimits 6786 requeues 0) 
 backlog 4968b 4p requeues 0
qdisc dualpi2 2: parent 1:10 limit 15040000p target 1ms tupdate 16ms alpha 0.152344 beta 3.195312 l4s_ect coupling_factor 2 drop_on_overload step_thresh 1ms drop_dequeue split_gso classic_protection 10% 
 Sent 8440132 bytes 6804 pkt (dropped 234, overlimits 0 requeues 0) 
 backlog 4968b 4p requeues 0
prob 0.265050 delay_c 2161us delay_l 0us
pkts_in_c 7042 pkts_in_l 0 maxq 27
ecn_mark 0 step_marks 0
credit -121120 (L)

------ Mon 01 Dec 2025 11:32:37 PM PST ------
qdisc htb 1: root refcnt 33 r2q 10 default 0x10 direct_packets_stat 0 direct_qlen 1000
 Sent 8481118 bytes 6837 pkt (dropped 236, overlimits 6819 requeues 0) 
 backlog 2484b 2p requeues 0
qdisc dualpi2 2: parent 1:10 limit 15040000p target 1ms tupdate 16ms alpha 0.152344 beta 3.195312 l4s_ect coupling_factor 2 drop_on_overload step_thresh 1ms drop_dequeue split_gso classic_protection 10% 
 Sent 8481118 bytes 6837 pkt (dropped 236, overlimits 0 requeues 0) 
 backlog 2484b 2p requeues 0
prob 0.265345 delay_c 822us delay_l 0us
pkts_in_c 7075 pkts_in_l 0 maxq 27
ecn_mark 0 step_marks 0
credit -121120 (L)

------ Mon 01 Dec 2025 11:32:37 PM PST ------
qdisc htb 1: root refcnt 33 r2q 10 default 0x10 direct_packets_stat 0 direct_qlen 1000
 Sent 8520862 bytes 6869 pkt (dropped 237, overlimits 6851 requeues 0) 
 backlog 2484b 2p requeues 0
qdisc dualpi2 2: parent 1:10 limit 15040000p target 1ms tupdate 16ms alpha 0.152344 beta 3.195312 l4s_ect coupling_factor 2 drop_on_overload step_thresh 1ms drop_dequeue split_gso classic_protection 10% 
 Sent 8520862 bytes 6869 pkt (dropped 237, overlimits 0 requeues 0) 
 backlog 2484b 2p requeues 0
prob 0.265486 delay_c 1356us delay_l 0us
pkts_in_c 7108 pkts_in_l 0 maxq 27
ecn_mark 0 step_marks 0
credit -121120 (L)

------ Mon 01 Dec 2025 11:32:37 PM PST ------
qdisc htb 1: root refcnt 33 r2q 10 default 0x10 direct_packets_stat 0 direct_qlen 1000
 Sent 8561848 bytes 6902 pkt (dropped 237, overlimits 6884 requeues 0) 
 backlog 4968b 4p requeues 0
qdisc dualpi2 2: parent 1:10 limit 15040000p target 1ms tupdate 16ms alpha 0.152344 beta 3.195312 l4s_ect coupling_factor 2 drop_on_overload step_thresh 1ms drop_dequeue split_gso classic_protection 10% 
 Sent 8561848 bytes 6902 pkt (dropped 237, overlimits 0 requeues 0) 
 backlog 4968b 4p requeues 0
prob 0.265529 delay_c 3397us delay_l 0us
pkts_in_c 7143 pkts_in_l 0 maxq 27
ecn_mark 0 step_marks 0
credit -121120 (L)

------ Mon 01 Dec 2025 11:32:37 PM PST ------
qdisc htb 1: root refcnt 33 r2q 10 default 0x10 direct_packets_stat 0 direct_qlen 1000
 Sent 8602834 bytes 6935 pkt (dropped 239, overlimits 6917 requeues 0) 
 backlog 3726b 3p requeues 0
qdisc dualpi2 2: parent 1:10 limit 15040000p target 1ms tupdate 16ms alpha 0.152344 beta 3.195312 l4s_ect coupling_factor 2 drop_on_overload step_thresh 1ms drop_dequeue split_gso classic_protection 10% 
 Sent 8602834 bytes 6935 pkt (dropped 239, overlimits 0 requeues 0) 
 backlog 3726b 3p requeues 0
prob 0.269207 delay_c 2041us delay_l 0us
pkts_in_c 7177 pkts_in_l 0 maxq 27
ecn_mark 0 step_marks 0
credit -121120 (L)

------ Mon 01 Dec 2025 11:32:37 PM PST ------
qdisc htb 1: root refcnt 33 r2q 10 default 0x10 direct_packets_stat 0 direct_qlen 1000
 Sent 8643820 bytes 6968 pkt (dropped 240, overlimits 6950 requeues 0) 
 backlog 3726b 3p requeues 0
qdisc dualpi2 2: parent 1:10 limit 15040000p target 1ms tupdate 16ms alpha 0.152344 beta 3.195312 l4s_ect coupling_factor 2 drop_on_overload step_thresh 1ms drop_dequeue split_gso classic_protection 10% 
 Sent 8643820 bytes 6968 pkt (dropped 240, overlimits 0 requeues 0) 
 backlog 3726b 3p requeues 0
prob 0.266104 delay_c 1416us delay_l 0us
pkts_in_c 7211 pkts_in_l 0 maxq 27
ecn_mark 0 step_marks 0
credit -121120 (L)

------ Mon 01 Dec 2025 11:32:37 PM PST ------
qdisc htb 1: root refcnt 33 r2q 10 default 0x10 direct_packets_stat 0 direct_qlen 1000
 Sent 8684806 bytes 7001 pkt (dropped 242, overlimits 6983 requeues 0) 
 backlog 3726b 3p requeues 0
qdisc dualpi2 2: parent 1:10 limit 15040000p target 1ms tupdate 16ms alpha 0.152344 beta 3.195312 l4s_ect coupling_factor 2 drop_on_overload step_thresh 1ms drop_dequeue split_gso classic_protection 10% 
 Sent 8684806 bytes 7001 pkt (dropped 242, overlimits 0 requeues 0) 
 backlog 3726b 3p requeues 0
prob 0.266150 delay_c 1184us delay_l 0us
pkts_in_c 7246 pkts_in_l 0 maxq 27
ecn_mark 0 step_marks 0
credit -121120 (L)

------ Mon 01 Dec 2025 11:32:37 PM PST ------
qdisc htb 1: root refcnt 33 r2q 10 default 0x10 direct_packets_stat 0 direct_qlen 1000
 Sent 8724550 bytes 7033 pkt (dropped 243, overlimits 7015 requeues 0) 
 backlog 2484b 2p requeues 0
qdisc dualpi2 2: parent 1:10 limit 15040000p target 1ms tupdate 16ms alpha 0.152344 beta 3.195312 l4s_ect coupling_factor 2 drop_on_overload step_thresh 1ms drop_dequeue split_gso classic_protection 10% 
 Sent 8724550 bytes 7033 pkt (dropped 243, overlimits 0 requeues 0) 
 backlog 2484b 2p requeues 0
prob 0.266358 delay_c 1826us delay_l 0us
pkts_in_c 7278 pkts_in_l 0 maxq 27
ecn_mark 0 step_marks 0
credit -121120 (L)

------ Mon 01 Dec 2025 11:32:37 PM PST ------
qdisc htb 1: root refcnt 33 r2q 10 default 0x10 direct_packets_stat 0 direct_qlen 1000
 Sent 8765536 bytes 7066 pkt (dropped 244, overlimits 7048 requeues 0) 
 backlog 2484b 2p requeues 0
qdisc dualpi2 2: parent 1:10 limit 15040000p target 1ms tupdate 16ms alpha 0.152344 beta 3.195312 l4s_ect coupling_factor 2 drop_on_overload step_thresh 1ms drop_dequeue split_gso classic_protection 10% 
 Sent 8765536 bytes 7066 pkt (dropped 244, overlimits 0 requeues 0) 
 backlog 2484b 2p requeues 0
prob 0.266468 delay_c 1698us delay_l 0us
pkts_in_c 7312 pkts_in_l 0 maxq 27
ecn_mark 0 step_marks 0
credit -121120 (L)

------ Mon 01 Dec 2025 11:32:37 PM PST ------
qdisc htb 1: root refcnt 33 r2q 10 default 0x10 direct_packets_stat 0 direct_qlen 1000
 Sent 8805280 bytes 7098 pkt (dropped 245, overlimits 7080 requeues 0) 
 backlog 3726b 3p requeues 0
qdisc dualpi2 2: parent 1:10 limit 15040000p target 1ms tupdate 16ms alpha 0.152344 beta 3.195312 l4s_ect coupling_factor 2 drop_on_overload step_thresh 1ms drop_dequeue split_gso classic_protection 10% 
 Sent 8805280 bytes 7098 pkt (dropped 245, overlimits 0 requeues 0) 
 backlog 3726b 3p requeues 0
prob 0.266588 delay_c 1357us delay_l 0us
pkts_in_c 7346 pkts_in_l 0 maxq 27
ecn_mark 0 step_marks 0
credit -121120 (L)

------ Mon 01 Dec 2025 11:32:37 PM PST ------
qdisc htb 1: root refcnt 33 r2q 10 default 0x10 direct_packets_stat 0 direct_qlen 1000
 Sent 8847508 bytes 7132 pkt (dropped 245, overlimits 7114 requeues 0) 
 backlog 4968b 4p requeues 0
qdisc dualpi2 2: parent 1:10 limit 15040000p target 1ms tupdate 16ms alpha 0.152344 beta 3.195312 l4s_ect coupling_factor 2 drop_on_overload step_thresh 1ms drop_dequeue split_gso classic_protection 10% 
 Sent 8847508 bytes 7132 pkt (dropped 245, overlimits 0 requeues 0) 
 backlog 4968b 4p requeues 0
prob 0.266636 delay_c 2461us delay_l 0us
pkts_in_c 7381 pkts_in_l 0 maxq 27
ecn_mark 0 step_marks 0
credit -121120 (L)

------ Mon 01 Dec 2025 11:32:37 PM PST ------
qdisc htb 1: root refcnt 33 r2q 10 default 0x10 direct_packets_stat 0 direct_qlen 1000
 Sent 8888494 bytes 7165 pkt (dropped 247, overlimits 7147 requeues 0) 
 backlog 3726b 3p requeues 0
qdisc dualpi2 2: parent 1:10 limit 15040000p target 1ms tupdate 16ms alpha 0.152344 beta 3.195312 l4s_ect coupling_factor 2 drop_on_overload step_thresh 1ms drop_dequeue split_gso classic_protection 10% 
 Sent 8888494 bytes 7165 pkt (dropped 247, overlimits 0 requeues 0) 
 backlog 3726b 3p requeues 0
prob 0.267031 delay_c 1929us delay_l 0us
pkts_in_c 7415 pkts_in_l 0 maxq 27
ecn_mark 0 step_marks 0
credit -121120 (L)

------ Mon 01 Dec 2025 11:32:37 PM PST ------
qdisc htb 1: root refcnt 33 r2q 10 default 0x10 direct_packets_stat 0 direct_qlen 1000
 Sent 8928238 bytes 7197 pkt (dropped 249, overlimits 7179 requeues 0) 
 backlog 2484b 2p requeues 0
qdisc dualpi2 2: parent 1:10 limit 15040000p target 1ms tupdate 16ms alpha 0.152344 beta 3.195312 l4s_ect coupling_factor 2 drop_on_overload step_thresh 1ms drop_dequeue split_gso classic_protection 10% 
 Sent 8928238 bytes 7197 pkt (dropped 249, overlimits 0 requeues 0) 
 backlog 2484b 2p requeues 0
prob 0.267249 delay_c 1571us delay_l 0us
pkts_in_c 7448 pkts_in_l 0 maxq 27
ecn_mark 0 step_marks 0
credit -121120 (L)

------ Mon 01 Dec 2025 11:32:37 PM PST ------
qdisc htb 1: root refcnt 33 r2q 10 default 0x10 direct_packets_stat 0 direct_qlen 1000
 Sent 8970466 bytes 7231 pkt (dropped 250, overlimits 7213 requeues 0) 
 backlog 2484b 2p requeues 0
qdisc dualpi2 2: parent 1:10 limit 15040000p target 1ms tupdate 16ms alpha 0.152344 beta 3.195312 l4s_ect coupling_factor 2 drop_on_overload step_thresh 1ms drop_dequeue split_gso classic_protection 10% 
 Sent 8970466 bytes 7231 pkt (dropped 250, overlimits 0 requeues 0) 
 backlog 2484b 2p requeues 0
prob 0.267229 delay_c 1001us delay_l 0us
pkts_in_c 7483 pkts_in_l 0 maxq 27
ecn_mark 0 step_marks 0
credit -121120 (L)

------ Mon 01 Dec 2025 11:32:37 PM PST ------
qdisc htb 1: root refcnt 33 r2q 10 default 0x10 direct_packets_stat 0 direct_qlen 1000
 Sent 9011452 bytes 7264 pkt (dropped 251, overlimits 7246 requeues 0) 
 backlog 2484b 2p requeues 0
qdisc dualpi2 2: parent 1:10 limit 15040000p target 1ms tupdate 16ms alpha 0.152344 beta 3.195312 l4s_ect coupling_factor 2 drop_on_overload step_thresh 1ms drop_dequeue split_gso classic_protection 10% 
 Sent 9011452 bytes 7264 pkt (dropped 251, overlimits 0 requeues 0) 
 backlog 2484b 2p requeues 0
prob 0.267349 delay_c 1897us delay_l 0us
pkts_in_c 7517 pkts_in_l 0 maxq 27
ecn_mark 0 step_marks 0
credit -121120 (L)

------ Mon 01 Dec 2025 11:32:37 PM PST ------
qdisc htb 1: root refcnt 33 r2q 10 default 0x10 direct_packets_stat 0 direct_qlen 1000
 Sent 9052438 bytes 7297 pkt (dropped 252, overlimits 7279 requeues 0) 
 backlog 2484b 2p requeues 0
qdisc dualpi2 2: parent 1:10 limit 15040000p target 1ms tupdate 16ms alpha 0.152344 beta 3.195312 l4s_ect coupling_factor 2 drop_on_overload step_thresh 1ms drop_dequeue split_gso classic_protection 10% 
 Sent 9052438 bytes 7297 pkt (dropped 252, overlimits 0 requeues 0) 
 backlog 2484b 2p requeues 0
prob 0.270924 delay_c 1839us delay_l 0us
pkts_in_c 7551 pkts_in_l 0 maxq 27
ecn_mark 0 step_marks 0
credit -121120 (L)

------ Mon 01 Dec 2025 11:32:37 PM PST ------
qdisc htb 1: root refcnt 33 r2q 10 default 0x10 direct_packets_stat 0 direct_qlen 1000
 Sent 9093424 bytes 7330 pkt (dropped 253, overlimits 7312 requeues 0) 
 backlog 3726b 3p requeues 0
qdisc dualpi2 2: parent 1:10 limit 15040000p target 1ms tupdate 16ms alpha 0.152344 beta 3.195312 l4s_ect coupling_factor 2 drop_on_overload step_thresh 1ms drop_dequeue split_gso classic_protection 10% 
 Sent 9093424 bytes 7330 pkt (dropped 253, overlimits 0 requeues 0) 
 backlog 3726b 3p requeues 0
prob 0.267802 delay_c 1466us delay_l 0us
pkts_in_c 7586 pkts_in_l 0 maxq 27
ecn_mark 0 step_marks 0
credit -121120 (L)

------ Mon 01 Dec 2025 11:32:37 PM PST ------
qdisc htb 1: root refcnt 33 r2q 10 default 0x10 direct_packets_stat 0 direct_qlen 1000
 Sent 9135652 bytes 7364 pkt (dropped 253, overlimits 7346 requeues 0) 
 backlog 4968b 4p requeues 0
qdisc dualpi2 2: parent 1:10 limit 15040000p target 1ms tupdate 16ms alpha 0.152344 beta 3.195312 l4s_ect coupling_factor 2 drop_on_overload step_thresh 1ms drop_dequeue split_gso classic_protection 10% 
 Sent 9135652 bytes 7364 pkt (dropped 253, overlimits 0 requeues 0) 
 backlog 4968b 4p requeues 0
prob 0.271308 delay_c 2295us delay_l 0us
pkts_in_c 7621 pkts_in_l 0 maxq 27
ecn_mark 0 step_marks 0
credit -121120 (L)

------ Mon 01 Dec 2025 11:32:37 PM PST ------
qdisc htb 1: root refcnt 33 r2q 10 default 0x10 direct_packets_stat 0 direct_qlen 1000
 Sent 9176638 bytes 7397 pkt (dropped 254, overlimits 7379 requeues 0) 
 backlog 4968b 4p requeues 0
qdisc dualpi2 2: parent 1:10 limit 15040000p target 1ms tupdate 16ms alpha 0.152344 beta 3.195312 l4s_ect coupling_factor 2 drop_on_overload step_thresh 1ms drop_dequeue split_gso classic_protection 10% 
 Sent 9176638 bytes 7397 pkt (dropped 254, overlimits 0 requeues 0) 
 backlog 4968b 4p requeues 0
prob 0.271742 delay_c 2728us delay_l 0us
pkts_in_c 7655 pkts_in_l 0 maxq 27
ecn_mark 0 step_marks 0
credit -121120 (L)

------ Mon 01 Dec 2025 11:32:37 PM PST ------
qdisc htb 1: root refcnt 33 r2q 10 default 0x10 direct_packets_stat 0 direct_qlen 1000
 Sent 9218866 bytes 7431 pkt (dropped 256, overlimits 7413 requeues 0) 
 backlog 4968b 4p requeues 0
qdisc dualpi2 2: parent 1:10 limit 15040000p target 1ms tupdate 16ms alpha 0.152344 beta 3.195312 l4s_ect coupling_factor 2 drop_on_overload step_thresh 1ms drop_dequeue split_gso classic_protection 10% 
 Sent 9218866 bytes 7431 pkt (dropped 256, overlimits 0 requeues 0) 
 backlog 4968b 4p requeues 0
prob 0.268715 delay_c 2045us delay_l 0us
pkts_in_c 7691 pkts_in_l 0 maxq 27
ecn_mark 0 step_marks 0
credit -121120 (L)

------ Mon 01 Dec 2025 11:32:37 PM PST ------
qdisc htb 1: root refcnt 33 r2q 10 default 0x10 direct_packets_stat 0 direct_qlen 1000
 Sent 9261094 bytes 7465 pkt (dropped 256, overlimits 7447 requeues 0) 
 backlog 4968b 4p requeues 0
qdisc dualpi2 2: parent 1:10 limit 15040000p target 1ms tupdate 16ms alpha 0.152344 beta 3.195312 l4s_ect coupling_factor 2 drop_on_overload step_thresh 1ms drop_dequeue split_gso classic_protection 10% 
 Sent 9261094 bytes 7465 pkt (dropped 256, overlimits 0 requeues 0) 
 backlog 4968b 4p requeues 0
prob 0.272147 delay_c 2936us delay_l 0us
pkts_in_c 7725 pkts_in_l 0 maxq 27
ecn_mark 0 step_marks 0
credit -121120 (L)

------ Mon 01 Dec 2025 11:32:37 PM PST ------
qdisc htb 1: root refcnt 33 r2q 10 default 0x10 direct_packets_stat 0 direct_qlen 1000
 Sent 9302080 bytes 7498 pkt (dropped 259, overlimits 7480 requeues 0) 
 backlog 3726b 3p requeues 0
qdisc dualpi2 2: parent 1:10 limit 15040000p target 1ms tupdate 16ms alpha 0.152344 beta 3.195312 l4s_ect coupling_factor 2 drop_on_overload step_thresh 1ms drop_dequeue split_gso classic_protection 10% 
 Sent 9302080 bytes 7498 pkt (dropped 259, overlimits 0 requeues 0) 
 backlog 3726b 3p requeues 0
prob 0.269454 delay_c 1263us delay_l 0us
pkts_in_c 7760 pkts_in_l 0 maxq 27
ecn_mark 0 step_marks 0
credit -121120 (L)

------ Mon 01 Dec 2025 11:32:38 PM PST ------
qdisc htb 1: root refcnt 33 r2q 10 default 0x10 direct_packets_stat 0 direct_qlen 1000
 Sent 9344308 bytes 7532 pkt (dropped 259, overlimits 7514 requeues 0) 
 backlog 4968b 4p requeues 0
qdisc dualpi2 2: parent 1:10 limit 15040000p target 1ms tupdate 16ms alpha 0.152344 beta 3.195312 l4s_ect coupling_factor 2 drop_on_overload step_thresh 1ms drop_dequeue split_gso classic_protection 10% 
 Sent 9344308 bytes 7532 pkt (dropped 259, overlimits 0 requeues 0) 
 backlog 4968b 4p requeues 0
prob 0.272994 delay_c 2277us delay_l 0us
pkts_in_c 7795 pkts_in_l 0 maxq 27
ecn_mark 0 step_marks 0
credit -121120 (L)

------ Mon 01 Dec 2025 11:32:38 PM PST ------
qdisc htb 1: root refcnt 33 r2q 10 default 0x10 direct_packets_stat 0 direct_qlen 1000
 Sent 9384052 bytes 7564 pkt (dropped 261, overlimits 7546 requeues 0) 
 backlog 2484b 2p requeues 0
qdisc dualpi2 2: parent 1:10 limit 15040000p target 1ms tupdate 16ms alpha 0.152344 beta 3.195312 l4s_ect coupling_factor 2 drop_on_overload step_thresh 1ms drop_dequeue split_gso classic_protection 10% 
 Sent 9384052 bytes 7564 pkt (dropped 261, overlimits 0 requeues 0) 
 backlog 2484b 2p requeues 0
prob 0.269900 delay_c 1892us delay_l 0us
pkts_in_c 7827 pkts_in_l 0 maxq 27
ecn_mark 0 step_marks 0
credit -121120 (L)

------ Mon 01 Dec 2025 11:32:38 PM PST ------
qdisc htb 1: root refcnt 33 r2q 10 default 0x10 direct_packets_stat 0 direct_qlen 1000
 Sent 9423796 bytes 7596 pkt (dropped 263, overlimits 7578 requeues 0) 
 backlog 2484b 2p requeues 0
qdisc dualpi2 2: parent 1:10 limit 15040000p target 1ms tupdate 16ms alpha 0.152344 beta 3.195312 l4s_ect coupling_factor 2 drop_on_overload step_thresh 1ms drop_dequeue split_gso classic_protection 10% 
 Sent 9423796 bytes 7596 pkt (dropped 263, overlimits 0 requeues 0) 
 backlog 2484b 2p requeues 0
prob 0.270036 delay_c 1550us delay_l 0us
pkts_in_c 7861 pkts_in_l 0 maxq 27
ecn_mark 0 step_marks 0
credit -121120 (L)

------ Mon 01 Dec 2025 11:32:38 PM PST ------
qdisc htb 1: root refcnt 33 r2q 10 default 0x10 direct_packets_stat 0 direct_qlen 1000
 Sent 9464782 bytes 7629 pkt (dropped 263, overlimits 7611 requeues 0) 
 backlog 3726b 3p requeues 0
qdisc dualpi2 2: parent 1:10 limit 15040000p target 1ms tupdate 16ms alpha 0.152344 beta 3.195312 l4s_ect coupling_factor 2 drop_on_overload step_thresh 1ms drop_dequeue split_gso classic_protection 10% 
 Sent 9464782 bytes 7629 pkt (dropped 263, overlimits 0 requeues 0) 
 backlog 3726b 3p requeues 0
prob 0.270199 delay_c 1976us delay_l 0us
pkts_in_c 7895 pkts_in_l 0 maxq 27
ecn_mark 0 step_marks 0
credit -121120 (L)

------ Mon 01 Dec 2025 11:32:38 PM PST ------
qdisc htb 1: root refcnt 33 r2q 10 default 0x10 direct_packets_stat 0 direct_qlen 1000
 Sent 9505768 bytes 7662 pkt (dropped 265, overlimits 7644 requeues 0) 
 backlog 1242b 1p requeues 0
qdisc dualpi2 2: parent 1:10 limit 15040000p target 1ms tupdate 16ms alpha 0.152344 beta 3.195312 l4s_ect coupling_factor 2 drop_on_overload step_thresh 1ms drop_dequeue split_gso classic_protection 10% 
 Sent 9505768 bytes 7662 pkt (dropped 265, overlimits 0 requeues 0) 
 backlog 1242b 1p requeues 0
prob 0.270502 delay_c 892us delay_l 0us
pkts_in_c 7928 pkts_in_l 0 maxq 27
ecn_mark 0 step_marks 0
credit -121120 (L)

------ Mon 01 Dec 2025 11:32:38 PM PST ------
qdisc htb 1: root refcnt 33 r2q 10 default 0x10 direct_packets_stat 0 direct_qlen 1000
 Sent 9546754 bytes 7695 pkt (dropped 266, overlimits 7677 requeues 0) 
 backlog 2484b 2p requeues 0
qdisc dualpi2 2: parent 1:10 limit 15040000p target 1ms tupdate 16ms alpha 0.152344 beta 3.195312 l4s_ect coupling_factor 2 drop_on_overload step_thresh 1ms drop_dequeue split_gso classic_protection 10% 
 Sent 9546754 bytes 7695 pkt (dropped 266, overlimits 0 requeues 0) 
 backlog 2484b 2p requeues 0
prob 0.270551 delay_c 1739us delay_l 0us
pkts_in_c 7963 pkts_in_l 0 maxq 27
ecn_mark 0 step_marks 0
credit -121120 (L)

------ Mon 01 Dec 2025 11:32:38 PM PST ------
qdisc htb 1: root refcnt 33 r2q 10 default 0x10 direct_packets_stat 0 direct_qlen 1000
 Sent 9587740 bytes 7728 pkt (dropped 267, overlimits 7710 requeues 0) 
 backlog 3726b 3p requeues 0
qdisc dualpi2 2: parent 1:10 limit 15040000p target 1ms tupdate 16ms alpha 0.152344 beta 3.195312 l4s_ect coupling_factor 2 drop_on_overload step_thresh 1ms drop_dequeue split_gso classic_protection 10% 
 Sent 9587740 bytes 7728 pkt (dropped 267, overlimits 0 requeues 0) 
 backlog 3726b 3p requeues 0
prob 0.270743 delay_c 2115us delay_l 0us
pkts_in_c 7998 pkts_in_l 0 maxq 27
ecn_mark 0 step_marks 0
credit -121120 (L)

------ Mon 01 Dec 2025 11:32:38 PM PST ------
qdisc htb 1: root refcnt 33 r2q 10 default 0x10 direct_packets_stat 0 direct_qlen 1000
 Sent 9629968 bytes 7762 pkt (dropped 269, overlimits 7744 requeues 0) 
 backlog 1242b 1p requeues 0
qdisc dualpi2 2: parent 1:10 limit 15040000p target 1ms tupdate 16ms alpha 0.152344 beta 3.195312 l4s_ect coupling_factor 2 drop_on_overload step_thresh 1ms drop_dequeue split_gso classic_protection 10% 
 Sent 9629968 bytes 7762 pkt (dropped 269, overlimits 0 requeues 0) 
 backlog 1242b 1p requeues 0
prob 0.270927 delay_c 718us delay_l 0us
pkts_in_c 8032 pkts_in_l 0 maxq 27
ecn_mark 0 step_marks 0
credit -121120 (L)

------ Mon 01 Dec 2025 11:32:38 PM PST ------
qdisc htb 1: root refcnt 33 r2q 10 default 0x10 direct_packets_stat 0 direct_qlen 1000
 Sent 9670954 bytes 7795 pkt (dropped 269, overlimits 7777 requeues 0) 
 backlog 3726b 3p requeues 0
qdisc dualpi2 2: parent 1:10 limit 15040000p target 1ms tupdate 16ms alpha 0.152344 beta 3.195312 l4s_ect coupling_factor 2 drop_on_overload step_thresh 1ms drop_dequeue split_gso classic_protection 10% 
 Sent 9670954 bytes 7795 pkt (dropped 269, overlimits 0 requeues 0) 
 backlog 3726b 3p requeues 0
prob 0.271063 delay_c 2310us delay_l 0us
pkts_in_c 8067 pkts_in_l 0 maxq 27
ecn_mark 0 step_marks 0
credit -121120 (L)

------ Mon 01 Dec 2025 11:32:38 PM PST ------
qdisc htb 1: root refcnt 33 r2q 10 default 0x10 direct_packets_stat 0 direct_qlen 1000
 Sent 9711940 bytes 7828 pkt (dropped 270, overlimits 7810 requeues 0) 
 backlog 3726b 3p requeues 0
qdisc dualpi2 2: parent 1:10 limit 15040000p target 1ms tupdate 16ms alpha 0.152344 beta 3.195312 l4s_ect coupling_factor 2 drop_on_overload step_thresh 1ms drop_dequeue split_gso classic_protection 10% 
 Sent 9711940 bytes 7828 pkt (dropped 270, overlimits 0 requeues 0) 
 backlog 3726b 3p requeues 0
prob 0.274533 delay_c 1397us delay_l 0us
pkts_in_c 8101 pkts_in_l 0 maxq 27
ecn_mark 0 step_marks 0
credit -121120 (L)

------ Mon 01 Dec 2025 11:32:38 PM PST ------
qdisc htb 1: root refcnt 33 r2q 10 default 0x10 direct_packets_stat 0 direct_qlen 1000
 Sent 9754168 bytes 7862 pkt (dropped 271, overlimits 7844 requeues 0) 
 backlog 3726b 3p requeues 0
qdisc dualpi2 2: parent 1:10 limit 15040000p target 1ms tupdate 16ms alpha 0.152344 beta 3.195312 l4s_ect coupling_factor 2 drop_on_overload step_thresh 1ms drop_dequeue split_gso classic_protection 10% 
 Sent 9754168 bytes 7862 pkt (dropped 271, overlimits 0 requeues 0) 
 backlog 3726b 3p requeues 0
prob 0.274856 delay_c 1750us delay_l 0us
pkts_in_c 8136 pkts_in_l 0 maxq 27
ecn_mark 0 step_marks 0
credit -121120 (L)

------ Mon 01 Dec 2025 11:32:38 PM PST ------
qdisc htb 1: root refcnt 33 r2q 10 default 0x10 direct_packets_stat 0 direct_qlen 1000
 Sent 9795154 bytes 7895 pkt (dropped 273, overlimits 7877 requeues 0) 
 backlog 2484b 2p requeues 0
qdisc dualpi2 2: parent 1:10 limit 15040000p target 1ms tupdate 16ms alpha 0.152344 beta 3.195312 l4s_ect coupling_factor 2 drop_on_overload step_thresh 1ms drop_dequeue split_gso classic_protection 10% 
 Sent 9795154 bytes 7895 pkt (dropped 273, overlimits 0 requeues 0) 
 backlog 2484b 2p requeues 0
prob 0.271805 delay_c 898us delay_l 0us
pkts_in_c 8170 pkts_in_l 0 maxq 27
ecn_mark 0 step_marks 0
credit -121120 (L)

------ Mon 01 Dec 2025 11:32:38 PM PST ------
qdisc htb 1: root refcnt 33 r2q 10 default 0x10 direct_packets_stat 0 direct_qlen 1000
 Sent 9837382 bytes 7929 pkt (dropped 273, overlimits 7911 requeues 0) 
 backlog 4968b 4p requeues 0
qdisc dualpi2 2: parent 1:10 limit 15040000p target 1ms tupdate 16ms alpha 0.152344 beta 3.195312 l4s_ect coupling_factor 2 drop_on_overload step_thresh 1ms drop_dequeue split_gso classic_protection 10% 
 Sent 9837382 bytes 7929 pkt (dropped 273, overlimits 0 requeues 0) 
 backlog 4968b 4p requeues 0
prob 0.271869 delay_c 2075us delay_l 0us
pkts_in_c 8206 pkts_in_l 0 maxq 27
ecn_mark 0 step_marks 0
credit -121120 (L)

------ Mon 01 Dec 2025 11:32:38 PM PST ------
qdisc htb 1: root refcnt 33 r2q 10 default 0x10 direct_packets_stat 0 direct_qlen 1000
 Sent 9877126 bytes 7961 pkt (dropped 275, overlimits 7943 requeues 0) 
 backlog 4968b 4p requeues 0
qdisc dualpi2 2: parent 1:10 limit 15040000p target 1ms tupdate 16ms alpha 0.152344 beta 3.195312 l4s_ect coupling_factor 2 drop_on_overload step_thresh 1ms drop_dequeue split_gso classic_protection 10% 
 Sent 9877126 bytes 7961 pkt (dropped 275, overlimits 0 requeues 0) 
 backlog 4968b 4p requeues 0
prob 0.272215 delay_c 2035us delay_l 0us
pkts_in_c 8240 pkts_in_l 0 maxq 27
ecn_mark 0 step_marks 0
credit -121120 (L)

------ Mon 01 Dec 2025 11:32:38 PM PST ------
qdisc htb 1: root refcnt 33 r2q 10 default 0x10 direct_packets_stat 0 direct_qlen 1000
 Sent 9919354 bytes 7995 pkt (dropped 277, overlimits 7977 requeues 0) 
 backlog 3726b 3p requeues 0
qdisc dualpi2 2: parent 1:10 limit 15040000p target 1ms tupdate 16ms alpha 0.152344 beta 3.195312 l4s_ect coupling_factor 2 drop_on_overload step_thresh 1ms drop_dequeue split_gso classic_protection 10% 
 Sent 9919354 bytes 7995 pkt (dropped 277, overlimits 0 requeues 0) 
 backlog 3726b 3p requeues 0
prob 0.272381 delay_c 1075us delay_l 0us
pkts_in_c 8275 pkts_in_l 0 maxq 27
ecn_mark 0 step_marks 0
credit -121120 (L)

------ Mon 01 Dec 2025 11:32:38 PM PST ------
qdisc htb 1: root refcnt 33 r2q 10 default 0x10 direct_packets_stat 0 direct_qlen 1000
 Sent 9960340 bytes 8028 pkt (dropped 278, overlimits 8010 requeues 0) 
 backlog 2484b 2p requeues 0
qdisc dualpi2 2: parent 1:10 limit 15040000p target 1ms tupdate 16ms alpha 0.152344 beta 3.195312 l4s_ect coupling_factor 2 drop_on_overload step_thresh 1ms drop_dequeue split_gso classic_protection 10% 
 Sent 9960340 bytes 8028 pkt (dropped 278, overlimits 0 requeues 0) 
 backlog 2484b 2p requeues 0
prob 0.272527 delay_c 1375us delay_l 0us
pkts_in_c 8308 pkts_in_l 0 maxq 27
ecn_mark 0 step_marks 0
credit -121120 (L)

------ Mon 01 Dec 2025 11:32:38 PM PST ------
qdisc htb 1: root refcnt 33 r2q 10 default 0x10 direct_packets_stat 0 direct_qlen 1000
 Sent 10001326 bytes 8061 pkt (dropped 279, overlimits 8043 requeues 0) 
 backlog 2484b 2p requeues 0
qdisc dualpi2 2: parent 1:10 limit 15040000p target 1ms tupdate 16ms alpha 0.152344 beta 3.195312 l4s_ect coupling_factor 2 drop_on_overload step_thresh 1ms drop_dequeue split_gso classic_protection 10% 
 Sent 10001326 bytes 8061 pkt (dropped 279, overlimits 0 requeues 0) 
 backlog 2484b 2p requeues 0
prob 0.272673 delay_c 1595us delay_l 0us
pkts_in_c 8342 pkts_in_l 0 maxq 27
ecn_mark 0 step_marks 0
credit -121120 (L)

------ Mon 01 Dec 2025 11:32:38 PM PST ------
qdisc htb 1: root refcnt 33 r2q 10 default 0x10 direct_packets_stat 0 direct_qlen 1000
 Sent 10042312 bytes 8094 pkt (dropped 279, overlimits 8076 requeues 0) 
 backlog 3726b 3p requeues 0
qdisc dualpi2 2: parent 1:10 limit 15040000p target 1ms tupdate 16ms alpha 0.152344 beta 3.195312 l4s_ect coupling_factor 2 drop_on_overload step_thresh 1ms drop_dequeue split_gso classic_protection 10% 
 Sent 10042312 bytes 8094 pkt (dropped 279, overlimits 0 requeues 0) 
 backlog 3726b 3p requeues 0
prob 0.272856 delay_c 1713us delay_l 0us
pkts_in_c 8376 pkts_in_l 0 maxq 27
ecn_mark 0 step_marks 0
credit -121120 (L)

------ Mon 01 Dec 2025 11:32:38 PM PST ------
qdisc htb 1: root refcnt 33 r2q 10 default 0x10 direct_packets_stat 0 direct_qlen 1000
 Sent 10083298 bytes 8127 pkt (dropped 281, overlimits 8109 requeues 0) 
 backlog 3726b 3p requeues 0
qdisc dualpi2 2: parent 1:10 limit 15040000p target 1ms tupdate 16ms alpha 0.152344 beta 3.195312 l4s_ect coupling_factor 2 drop_on_overload step_thresh 1ms drop_dequeue split_gso classic_protection 10% 
 Sent 10083298 bytes 8127 pkt (dropped 281, overlimits 0 requeues 0) 
 backlog 3726b 3p requeues 0
prob 0.276370 delay_c 1508us delay_l 0us
pkts_in_c 8411 pkts_in_l 0 maxq 27
ecn_mark 0 step_marks 0
credit -121120 (L)

------ Mon 01 Dec 2025 11:32:38 PM PST ------
qdisc htb 1: root refcnt 33 r2q 10 default 0x10 direct_packets_stat 0 direct_qlen 1000
 Sent 10125526 bytes 8161 pkt (dropped 282, overlimits 8143 requeues 0) 
 backlog 3726b 3p requeues 0
qdisc dualpi2 2: parent 1:10 limit 15040000p target 1ms tupdate 16ms alpha 0.152344 beta 3.195312 l4s_ect coupling_factor 2 drop_on_overload step_thresh 1ms drop_dequeue split_gso classic_protection 10% 
 Sent 10125526 bytes 8161 pkt (dropped 282, overlimits 0 requeues 0) 
 backlog 3726b 3p requeues 0
prob 0.273224 delay_c 1373us delay_l 0us
pkts_in_c 8446 pkts_in_l 0 maxq 27
ecn_mark 0 step_marks 0
credit -121120 (L)

------ Mon 01 Dec 2025 11:32:38 PM PST ------
qdisc htb 1: root refcnt 33 r2q 10 default 0x10 direct_packets_stat 0 direct_qlen 1000
 Sent 10166512 bytes 8194 pkt (dropped 283, overlimits 8176 requeues 0) 
 backlog 3726b 3p requeues 0
qdisc dualpi2 2: parent 1:10 limit 15040000p target 1ms tupdate 16ms alpha 0.152344 beta 3.195312 l4s_ect coupling_factor 2 drop_on_overload step_thresh 1ms drop_dequeue split_gso classic_protection 10% 
 Sent 10166512 bytes 8194 pkt (dropped 283, overlimits 0 requeues 0) 
 backlog 3726b 3p requeues 0
prob 0.276756 delay_c 1974us delay_l 0us
pkts_in_c 8480 pkts_in_l 0 maxq 27
ecn_mark 0 step_marks 0
credit -121120 (L)

------ Mon 01 Dec 2025 11:32:38 PM PST ------
qdisc htb 1: root refcnt 33 r2q 10 default 0x10 direct_packets_stat 0 direct_qlen 1000
 Sent 10206256 bytes 8226 pkt (dropped 284, overlimits 8208 requeues 0) 
 backlog 3726b 3p requeues 0
qdisc dualpi2 2: parent 1:10 limit 15040000p target 1ms tupdate 16ms alpha 0.152344 beta 3.195312 l4s_ect coupling_factor 2 drop_on_overload step_thresh 1ms drop_dequeue split_gso classic_protection 10% 
 Sent 10206256 bytes 8226 pkt (dropped 284, overlimits 0 requeues 0) 
 backlog 3726b 3p requeues 0
prob 0.273737 delay_c 2304us delay_l 0us
pkts_in_c 8513 pkts_in_l 0 maxq 27
ecn_mark 0 step_marks 0
credit -121120 (L)

------ Mon 01 Dec 2025 11:32:38 PM PST ------
qdisc htb 1: root refcnt 33 r2q 10 default 0x10 direct_packets_stat 0 direct_qlen 1000
 Sent 10249726 bytes 8261 pkt (dropped 285, overlimits 8243 requeues 0) 
 backlog 4968b 4p requeues 0
qdisc dualpi2 2: parent 1:10 limit 15040000p target 1ms tupdate 16ms alpha 0.152344 beta 3.195312 l4s_ect coupling_factor 2 drop_on_overload step_thresh 1ms drop_dequeue split_gso classic_protection 10% 
 Sent 10249726 bytes 8261 pkt (dropped 285, overlimits 0 requeues 0) 
 backlog 4968b 4p requeues 0
prob 0.274022 delay_c 2108us delay_l 0us
pkts_in_c 8550 pkts_in_l 0 maxq 27
ecn_mark 0 step_marks 0
credit -121120 (L)

------ Mon 01 Dec 2025 11:32:38 PM PST ------
qdisc htb 1: root refcnt 33 r2q 10 default 0x10 direct_packets_stat 0 direct_qlen 1000
 Sent 10290712 bytes 8294 pkt (dropped 287, overlimits 8276 requeues 0) 
 backlog 2484b 2p requeues 0
qdisc dualpi2 2: parent 1:10 limit 15040000p target 1ms tupdate 16ms alpha 0.152344 beta 3.195312 l4s_ect coupling_factor 2 drop_on_overload step_thresh 1ms drop_dequeue split_gso classic_protection 10% 
 Sent 10290712 bytes 8294 pkt (dropped 287, overlimits 0 requeues 0) 
 backlog 2484b 2p requeues 0
prob 0.277498 delay_c 1845us delay_l 0us
pkts_in_c 8583 pkts_in_l 0 maxq 27
ecn_mark 0 step_marks 0
credit -121120 (L)

------ Mon 01 Dec 2025 11:32:38 PM PST ------
qdisc htb 1: root refcnt 33 r2q 10 default 0x10 direct_packets_stat 0 direct_qlen 1000
 Sent 10332940 bytes 8328 pkt (dropped 288, overlimits 8310 requeues 0) 
 backlog 2484b 2p requeues 0
qdisc dualpi2 2: parent 1:10 limit 15040000p target 1ms tupdate 16ms alpha 0.152344 beta 3.195312 l4s_ect coupling_factor 2 drop_on_overload step_thresh 1ms drop_dequeue split_gso classic_protection 10% 
 Sent 10332940 bytes 8328 pkt (dropped 288, overlimits 0 requeues 0) 
 backlog 2484b 2p requeues 0
prob 0.274460 delay_c 1374us delay_l 0us
pkts_in_c 8618 pkts_in_l 0 maxq 27
ecn_mark 0 step_marks 0
credit -121120 (L)

------ Mon 01 Dec 2025 11:32:38 PM PST ------
qdisc htb 1: root refcnt 33 r2q 10 default 0x10 direct_packets_stat 0 direct_qlen 1000
 Sent 10375168 bytes 8362 pkt (dropped 289, overlimits 8344 requeues 0) 
 backlog 2484b 2p requeues 0
qdisc dualpi2 2: parent 1:10 limit 15040000p target 1ms tupdate 16ms alpha 0.152344 beta 3.195312 l4s_ect coupling_factor 2 drop_on_overload step_thresh 1ms drop_dequeue split_gso classic_protection 10% 
 Sent 10375168 bytes 8362 pkt (dropped 289, overlimits 0 requeues 0) 
 backlog 2484b 2p requeues 0
prob 0.274683 delay_c 1575us delay_l 0us
pkts_in_c 8653 pkts_in_l 0 maxq 27
ecn_mark 0 step_marks 0
credit -121120 (L)

------ Mon 01 Dec 2025 11:32:38 PM PST ------
qdisc htb 1: root refcnt 33 r2q 10 default 0x10 direct_packets_stat 0 direct_qlen 1000
 Sent 10414912 bytes 8394 pkt (dropped 290, overlimits 8376 requeues 0) 
 backlog 3726b 3p requeues 0
qdisc dualpi2 2: parent 1:10 limit 15040000p target 1ms tupdate 16ms alpha 0.152344 beta 3.195312 l4s_ect coupling_factor 2 drop_on_overload step_thresh 1ms drop_dequeue split_gso classic_protection 10% 
 Sent 10414912 bytes 8394 pkt (dropped 290, overlimits 0 requeues 0) 
 backlog 3726b 3p requeues 0
prob 0.274896 delay_c 2703us delay_l 0us
pkts_in_c 8687 pkts_in_l 0 maxq 27
ecn_mark 0 step_marks 0
credit -121120 (L)

------ Mon 01 Dec 2025 11:32:38 PM PST ------
qdisc htb 1: root refcnt 33 r2q 10 default 0x10 direct_packets_stat 0 direct_qlen 1000
 Sent 10455898 bytes 8427 pkt (dropped 292, overlimits 8409 requeues 0) 
 backlog 2484b 2p requeues 0
qdisc dualpi2 2: parent 1:10 limit 15040000p target 1ms tupdate 16ms alpha 0.152344 beta 3.195312 l4s_ect coupling_factor 2 drop_on_overload step_thresh 1ms drop_dequeue split_gso classic_protection 10% 
 Sent 10455898 bytes 8427 pkt (dropped 292, overlimits 0 requeues 0) 
 backlog 2484b 2p requeues 0
prob 0.274985 delay_c 1940us delay_l 0us
pkts_in_c 8721 pkts_in_l 0 maxq 27
ecn_mark 0 step_marks 0
credit -121120 (L)

------ Mon 01 Dec 2025 11:32:38 PM PST ------
qdisc htb 1: root refcnt 33 r2q 10 default 0x10 direct_packets_stat 0 direct_qlen 1000
 Sent 10496884 bytes 8460 pkt (dropped 293, overlimits 8442 requeues 0) 
 backlog 3726b 3p requeues 0
qdisc dualpi2 2: parent 1:10 limit 15040000p target 1ms tupdate 16ms alpha 0.152344 beta 3.195312 l4s_ect coupling_factor 2 drop_on_overload step_thresh 1ms drop_dequeue split_gso classic_protection 10% 
 Sent 10496884 bytes 8460 pkt (dropped 293, overlimits 0 requeues 0) 
 backlog 3726b 3p requeues 0
prob 0.275129 delay_c 1096us delay_l 0us
pkts_in_c 8756 pkts_in_l 0 maxq 27
ecn_mark 0 step_marks 0
credit -121120 (L)

------ Mon 01 Dec 2025 11:32:38 PM PST ------
qdisc htb 1: root refcnt 33 r2q 10 default 0x10 direct_packets_stat 0 direct_qlen 1000
 Sent 10539112 bytes 8494 pkt (dropped 293, overlimits 8476 requeues 0) 
 backlog 3726b 3p requeues 0
qdisc dualpi2 2: parent 1:10 limit 15040000p target 1ms tupdate 16ms alpha 0.152344 beta 3.195312 l4s_ect coupling_factor 2 drop_on_overload step_thresh 1ms drop_dequeue split_gso classic_protection 10% 
 Sent 10539112 bytes 8494 pkt (dropped 293, overlimits 0 requeues 0) 
 backlog 3726b 3p requeues 0
prob 0.275341 delay_c 1766us delay_l 0us
pkts_in_c 8790 pkts_in_l 0 maxq 27
ecn_mark 0 step_marks 0
credit -121120 (L)

------ Mon 01 Dec 2025 11:32:38 PM PST ------
qdisc htb 1: root refcnt 33 r2q 10 default 0x10 direct_packets_stat 0 direct_qlen 1000
 Sent 10580098 bytes 8527 pkt (dropped 294, overlimits 8509 requeues 0) 
 backlog 4968b 4p requeues 0
qdisc dualpi2 2: parent 1:10 limit 15040000p target 1ms tupdate 16ms alpha 0.152344 beta 3.195312 l4s_ect coupling_factor 2 drop_on_overload step_thresh 1ms drop_dequeue split_gso classic_protection 10% 
 Sent 10580098 bytes 8527 pkt (dropped 294, overlimits 0 requeues 0) 
 backlog 4968b 4p requeues 0
prob 0.275431 delay_c 2206us delay_l 0us
pkts_in_c 8825 pkts_in_l 0 maxq 27
ecn_mark 0 step_marks 0
credit -121120 (L)

------ Mon 01 Dec 2025 11:32:38 PM PST ------
qdisc htb 1: root refcnt 33 r2q 10 default 0x10 direct_packets_stat 0 direct_qlen 1000
 Sent 10619842 bytes 8559 pkt (dropped 296, overlimits 8541 requeues 0) 
 backlog 2484b 2p requeues 0
qdisc dualpi2 2: parent 1:10 limit 15040000p target 1ms tupdate 16ms alpha 0.152344 beta 3.195312 l4s_ect coupling_factor 2 drop_on_overload step_thresh 1ms drop_dequeue split_gso classic_protection 10% 
 Sent 10619842 bytes 8559 pkt (dropped 296, overlimits 0 requeues 0) 
 backlog 2484b 2p requeues 0
prob 0.275740 delay_c 1904us delay_l 0us
pkts_in_c 8857 pkts_in_l 0 maxq 27
ecn_mark 0 step_marks 0
credit -121120 (L)

------ Mon 01 Dec 2025 11:32:38 PM PST ------
qdisc htb 1: root refcnt 33 r2q 10 default 0x10 direct_packets_stat 0 direct_qlen 1000
 Sent 10660828 bytes 8592 pkt (dropped 297, overlimits 8574 requeues 0) 
 backlog 3726b 3p requeues 0
qdisc dualpi2 2: parent 1:10 limit 15040000p target 1ms tupdate 16ms alpha 0.152344 beta 3.195312 l4s_ect coupling_factor 2 drop_on_overload step_thresh 1ms drop_dequeue split_gso classic_protection 10% 
 Sent 10660828 bytes 8592 pkt (dropped 297, overlimits 0 requeues 0) 
 backlog 3726b 3p requeues 0
prob 0.275896 delay_c 2269us delay_l 0us
pkts_in_c 8892 pkts_in_l 0 maxq 27
ecn_mark 0 step_marks 0
credit -121120 (L)

------ Mon 01 Dec 2025 11:32:38 PM PST ------
qdisc htb 1: root refcnt 33 r2q 10 default 0x10 direct_packets_stat 0 direct_qlen 1000
 Sent 10701814 bytes 8625 pkt (dropped 298, overlimits 8607 requeues 0) 
 backlog 3726b 3p requeues 0
qdisc dualpi2 2: parent 1:10 limit 15040000p target 1ms tupdate 16ms alpha 0.152344 beta 3.195312 l4s_ect coupling_factor 2 drop_on_overload step_thresh 1ms drop_dequeue split_gso classic_protection 10% 
 Sent 10701814 bytes 8625 pkt (dropped 298, overlimits 0 requeues 0) 
 backlog 3726b 3p requeues 0
prob 0.276050 delay_c 1395us delay_l 0us
pkts_in_c 8926 pkts_in_l 0 maxq 27
ecn_mark 0 step_marks 0
credit -121120 (L)

------ Mon 01 Dec 2025 11:32:38 PM PST ------
qdisc htb 1: root refcnt 33 r2q 10 default 0x10 direct_packets_stat 0 direct_qlen 1000
 Sent 10742800 bytes 8658 pkt (dropped 299, overlimits 8640 requeues 0) 
 backlog 3726b 3p requeues 0
qdisc dualpi2 2: parent 1:10 limit 15040000p target 1ms tupdate 16ms alpha 0.152344 beta 3.195312 l4s_ect coupling_factor 2 drop_on_overload step_thresh 1ms drop_dequeue split_gso classic_protection 10% 
 Sent 10742800 bytes 8658 pkt (dropped 299, overlimits 0 requeues 0) 
 backlog 3726b 3p requeues 0
prob 0.276236 delay_c 1548us delay_l 0us
pkts_in_c 8960 pkts_in_l 0 maxq 27
ecn_mark 0 step_marks 0
credit -121120 (L)

------ Mon 01 Dec 2025 11:32:38 PM PST ------
qdisc htb 1: root refcnt 33 r2q 10 default 0x10 direct_packets_stat 0 direct_qlen 1000
 Sent 10782544 bytes 8690 pkt (dropped 300, overlimits 8672 requeues 0) 
 backlog 3726b 3p requeues 0
qdisc dualpi2 2: parent 1:10 limit 15040000p target 1ms tupdate 16ms alpha 0.152344 beta 3.195312 l4s_ect coupling_factor 2 drop_on_overload step_thresh 1ms drop_dequeue split_gso classic_protection 10% 
 Sent 10782544 bytes 8690 pkt (dropped 300, overlimits 0 requeues 0) 
 backlog 3726b 3p requeues 0
prob 0.276438 delay_c 2560us delay_l 0us
pkts_in_c 8993 pkts_in_l 0 maxq 27
ecn_mark 0 step_marks 0
credit -121120 (L)

------ Mon 01 Dec 2025 11:32:39 PM PST ------
qdisc htb 1: root refcnt 33 r2q 10 default 0x10 direct_packets_stat 0 direct_qlen 1000
 Sent 10822288 bytes 8722 pkt (dropped 300, overlimits 8704 requeues 0) 
 backlog 6210b 5p requeues 0
qdisc dualpi2 2: parent 1:10 limit 15040000p target 1ms tupdate 16ms alpha 0.152344 beta 3.195312 l4s_ect coupling_factor 2 drop_on_overload step_thresh 1ms drop_dequeue split_gso classic_protection 10% 
 Sent 10822288 bytes 8722 pkt (dropped 300, overlimits 0 requeues 0) 
 backlog 6210b 5p requeues 0
prob 0.280175 delay_c 3279us delay_l 0us
pkts_in_c 9027 pkts_in_l 0 maxq 27
ecn_mark 0 step_marks 0
credit -121120 (L)

------ Mon 01 Dec 2025 11:32:39 PM PST ------
qdisc htb 1: root refcnt 33 r2q 10 default 0x10 direct_packets_stat 0 direct_qlen 1000
 Sent 10864516 bytes 8756 pkt (dropped 304, overlimits 8738 requeues 0) 
 backlog 1242b 1p requeues 0
qdisc dualpi2 2: parent 1:10 limit 15040000p target 1ms tupdate 16ms alpha 0.152344 beta 3.195312 l4s_ect coupling_factor 2 drop_on_overload step_thresh 1ms drop_dequeue split_gso classic_protection 10% 
 Sent 10864516 bytes 8756 pkt (dropped 304, overlimits 0 requeues 0) 
 backlog 1242b 1p requeues 0
prob 0.277017 delay_c 937us delay_l 0us
pkts_in_c 9061 pkts_in_l 0 maxq 27
ecn_mark 0 step_marks 0
credit -121120 (L)

------ Mon 01 Dec 2025 11:32:39 PM PST ------
qdisc htb 1: root refcnt 33 r2q 10 default 0x10 direct_packets_stat 0 direct_qlen 1000
 Sent 10903018 bytes 8787 pkt (dropped 304, overlimits 8769 requeues 0) 
 backlog 2484b 2p requeues 0
qdisc dualpi2 2: parent 1:10 limit 15040000p target 1ms tupdate 16ms alpha 0.152344 beta 3.195312 l4s_ect coupling_factor 2 drop_on_overload step_thresh 1ms drop_dequeue split_gso classic_protection 10% 
 Sent 10903018 bytes 8787 pkt (dropped 304, overlimits 0 requeues 0) 
 backlog 2484b 2p requeues 0
prob 0.277218 delay_c 1846us delay_l 0us
pkts_in_c 9093 pkts_in_l 0 maxq 27
ecn_mark 0 step_marks 0
credit -121120 (L)

------ Mon 01 Dec 2025 11:32:39 PM PST ------
qdisc htb 1: root refcnt 33 r2q 10 default 0x10 direct_packets_stat 0 direct_qlen 1000
 Sent 10944004 bytes 8820 pkt (dropped 304, overlimits 8802 requeues 0) 
 backlog 4968b 4p requeues 0
qdisc dualpi2 2: parent 1:10 limit 15040000p target 1ms tupdate 16ms alpha 0.152344 beta 3.195312 l4s_ect coupling_factor 2 drop_on_overload step_thresh 1ms drop_dequeue split_gso classic_protection 10% 
 Sent 10944004 bytes 8820 pkt (dropped 304, overlimits 0 requeues 0) 
 backlog 4968b 4p requeues 0
prob 0.280854 delay_c 3265us delay_l 0us
pkts_in_c 9128 pkts_in_l 0 maxq 27
ecn_mark 0 step_marks 0
credit -121120 (L)

------ Mon 01 Dec 2025 11:32:39 PM PST ------
qdisc htb 1: root refcnt 33 r2q 10 default 0x10 direct_packets_stat 0 direct_qlen 1000
 Sent 10984990 bytes 8853 pkt (dropped 307, overlimits 8835 requeues 0) 
 backlog 2484b 2p requeues 0
qdisc dualpi2 2: parent 1:10 limit 15040000p target 1ms tupdate 16ms alpha 0.152344 beta 3.195312 l4s_ect coupling_factor 2 drop_on_overload step_thresh 1ms drop_dequeue split_gso classic_protection 10% 
 Sent 10984990 bytes 8853 pkt (dropped 307, overlimits 0 requeues 0) 
 backlog 2484b 2p requeues 0
prob 0.277719 delay_c 1580us delay_l 0us
pkts_in_c 9162 pkts_in_l 0 maxq 27
ecn_mark 0 step_marks 0
credit -121120 (L)

------ Mon 01 Dec 2025 11:32:39 PM PST ------
qdisc htb 1: root refcnt 33 r2q 10 default 0x10 direct_packets_stat 0 direct_qlen 1000
 Sent 11028460 bytes 8888 pkt (dropped 307, overlimits 8870 requeues 0) 
 backlog 3726b 3p requeues 0
qdisc dualpi2 2: parent 1:10 limit 15040000p target 1ms tupdate 16ms alpha 0.152344 beta 3.195312 l4s_ect coupling_factor 2 drop_on_overload step_thresh 1ms drop_dequeue split_gso classic_protection 10% 
 Sent 11028460 bytes 8888 pkt (dropped 307, overlimits 0 requeues 0) 
 backlog 3726b 3p requeues 0
prob 0.277897 delay_c 2091us delay_l 0us
pkts_in_c 9198 pkts_in_l 0 maxq 27
ecn_mark 0 step_marks 0
credit -121120 (L)

------ Mon 01 Dec 2025 11:32:39 PM PST ------
qdisc htb 1: root refcnt 33 r2q 10 default 0x10 direct_packets_stat 0 direct_qlen 1000
 Sent 11068204 bytes 8920 pkt (dropped 307, overlimits 8902 requeues 0) 
 backlog 4968b 4p requeues 0
qdisc dualpi2 2: parent 1:10 limit 15040000p target 1ms tupdate 16ms alpha 0.152344 beta 3.195312 l4s_ect coupling_factor 2 drop_on_overload step_thresh 1ms drop_dequeue split_gso classic_protection 10% 
 Sent 11068204 bytes 8920 pkt (dropped 307, overlimits 0 requeues 0) 
 backlog 4968b 4p requeues 0
prob 0.281495 delay_c 2616us delay_l 0us
pkts_in_c 9231 pkts_in_l 0 maxq 27
ecn_mark 0 step_marks 0
credit -121120 (L)

------ Mon 01 Dec 2025 11:32:39 PM PST ------
qdisc htb 1: root refcnt 33 r2q 10 default 0x10 direct_packets_stat 0 direct_qlen 1000
 Sent 11107948 bytes 8952 pkt (dropped 310, overlimits 8934 requeues 0) 
 backlog 3726b 3p requeues 0
qdisc dualpi2 2: parent 1:10 limit 15040000p target 1ms tupdate 16ms alpha 0.152344 beta 3.195312 l4s_ect coupling_factor 2 drop_on_overload step_thresh 1ms drop_dequeue split_gso classic_protection 10% 
 Sent 11107948 bytes 8952 pkt (dropped 310, overlimits 0 requeues 0) 
 backlog 3726b 3p requeues 0
prob 0.278387 delay_c 1482us delay_l 0us
pkts_in_c 9265 pkts_in_l 0 maxq 27
ecn_mark 0 step_marks 0
credit -121120 (L)

------ Mon 01 Dec 2025 11:32:39 PM PST ------
qdisc htb 1: root refcnt 33 r2q 10 default 0x10 direct_packets_stat 0 direct_qlen 1000
 Sent 11147692 bytes 8984 pkt (dropped 311, overlimits 8966 requeues 0) 
 backlog 2484b 2p requeues 0
qdisc dualpi2 2: parent 1:10 limit 15040000p target 1ms tupdate 16ms alpha 0.152344 beta 3.195312 l4s_ect coupling_factor 2 drop_on_overload step_thresh 1ms drop_dequeue split_gso classic_protection 10% 
 Sent 11147692 bytes 8984 pkt (dropped 311, overlimits 0 requeues 0) 
 backlog 2484b 2p requeues 0
prob 0.278593 delay_c 1852us delay_l 0us
pkts_in_c 9297 pkts_in_l 0 maxq 27
ecn_mark 0 step_marks 0
credit -121120 (L)

------ Mon 01 Dec 2025 11:32:39 PM PST ------
qdisc htb 1: root refcnt 33 r2q 10 default 0x10 direct_packets_stat 0 direct_qlen 1000
 Sent 11187436 bytes 9016 pkt (dropped 312, overlimits 8998 requeues 0) 
 backlog 3726b 3p requeues 0
qdisc dualpi2 2: parent 1:10 limit 15040000p target 1ms tupdate 16ms alpha 0.152344 beta 3.195312 l4s_ect coupling_factor 2 drop_on_overload step_thresh 1ms drop_dequeue split_gso classic_protection 10% 
 Sent 11187436 bytes 9016 pkt (dropped 312, overlimits 0 requeues 0) 
 backlog 3726b 3p requeues 0
prob 0.278774 delay_c 1427us delay_l 0us
pkts_in_c 9331 pkts_in_l 0 maxq 27
ecn_mark 0 step_marks 0
credit -121120 (L)

------ Mon 01 Dec 2025 11:32:39 PM PST ------
qdisc htb 1: root refcnt 33 r2q 10 default 0x10 direct_packets_stat 0 direct_qlen 1000
 Sent 11227180 bytes 9048 pkt (dropped 313, overlimits 9030 requeues 0) 
 backlog 2484b 2p requeues 0
qdisc dualpi2 2: parent 1:10 limit 15040000p target 1ms tupdate 16ms alpha 0.152344 beta 3.195312 l4s_ect coupling_factor 2 drop_on_overload step_thresh 1ms drop_dequeue split_gso classic_protection 10% 
 Sent 11227180 bytes 9048 pkt (dropped 313, overlimits 0 requeues 0) 
 backlog 2484b 2p requeues 0
prob 0.278949 delay_c 1472us delay_l 0us
pkts_in_c 9363 pkts_in_l 0 maxq 27
ecn_mark 0 step_marks 0
credit -121120 (L)

------ Mon 01 Dec 2025 11:32:39 PM PST ------
qdisc htb 1: root refcnt 33 r2q 10 default 0x10 direct_packets_stat 0 direct_qlen 1000
 Sent 11268166 bytes 9081 pkt (dropped 314, overlimits 9063 requeues 0) 
 backlog 3726b 3p requeues 0
qdisc dualpi2 2: parent 1:10 limit 15040000p target 1ms tupdate 16ms alpha 0.152344 beta 3.195312 l4s_ect coupling_factor 2 drop_on_overload step_thresh 1ms drop_dequeue split_gso classic_protection 10% 
 Sent 11268166 bytes 9081 pkt (dropped 314, overlimits 0 requeues 0) 
 backlog 3726b 3p requeues 0
prob 0.279147 delay_c 2333us delay_l 0us
pkts_in_c 9398 pkts_in_l 0 maxq 27
ecn_mark 0 step_marks 0
credit -121120 (L)

------ Mon 01 Dec 2025 11:32:39 PM PST ------
qdisc htb 1: root refcnt 33 r2q 10 default 0x10 direct_packets_stat 0 direct_qlen 1000
 Sent 11310394 bytes 9115 pkt (dropped 315, overlimits 9097 requeues 0) 
 backlog 3726b 3p requeues 0
qdisc dualpi2 2: parent 1:10 limit 15040000p target 1ms tupdate 16ms alpha 0.152344 beta 3.195312 l4s_ect coupling_factor 2 drop_on_overload step_thresh 1ms drop_dequeue split_gso classic_protection 10% 
 Sent 11310394 bytes 9115 pkt (dropped 315, overlimits 0 requeues 0) 
 backlog 3726b 3p requeues 0
prob 0.279287 delay_c 2536us delay_l 0us
pkts_in_c 9433 pkts_in_l 0 maxq 27
ecn_mark 0 step_marks 0
credit -121120 (L)

------ Mon 01 Dec 2025 11:32:39 PM PST ------
qdisc htb 1: root refcnt 33 r2q 10 default 0x10 direct_packets_stat 0 direct_qlen 1000
 Sent 11351380 bytes 9148 pkt (dropped 317, overlimits 9130 requeues 0) 
 backlog 2484b 2p requeues 0
qdisc dualpi2 2: parent 1:10 limit 15040000p target 1ms tupdate 16ms alpha 0.152344 beta 3.195312 l4s_ect coupling_factor 2 drop_on_overload step_thresh 1ms drop_dequeue split_gso classic_protection 10% 
 Sent 11351380 bytes 9148 pkt (dropped 317, overlimits 0 requeues 0) 
 backlog 2484b 2p requeues 0
prob 0.279578 delay_c 1938us delay_l 0us
pkts_in_c 9467 pkts_in_l 0 maxq 27
ecn_mark 0 step_marks 0
credit -121120 (L)

------ Mon 01 Dec 2025 11:32:39 PM PST ------
qdisc htb 1: root refcnt 33 r2q 10 default 0x10 direct_packets_stat 0 direct_qlen 1000
 Sent 11392366 bytes 9181 pkt (dropped 318, overlimits 9163 requeues 0) 
 backlog 3726b 3p requeues 0
qdisc dualpi2 2: parent 1:10 limit 15040000p target 1ms tupdate 16ms alpha 0.152344 beta 3.195312 l4s_ect coupling_factor 2 drop_on_overload step_thresh 1ms drop_dequeue split_gso classic_protection 10% 
 Sent 11392366 bytes 9181 pkt (dropped 318, overlimits 0 requeues 0) 
 backlog 3726b 3p requeues 0
prob 0.279656 delay_c 2009us delay_l 0us
pkts_in_c 9502 pkts_in_l 0 maxq 27
ecn_mark 0 step_marks 0
credit -121120 (L)

------ Mon 01 Dec 2025 11:32:39 PM PST ------
qdisc htb 1: root refcnt 33 r2q 10 default 0x10 direct_packets_stat 0 direct_qlen 1000
 Sent 11433352 bytes 9214 pkt (dropped 319, overlimits 9196 requeues 0) 
 backlog 3726b 3p requeues 0
qdisc dualpi2 2: parent 1:10 limit 15040000p target 1ms tupdate 16ms alpha 0.152344 beta 3.195312 l4s_ect coupling_factor 2 drop_on_overload step_thresh 1ms drop_dequeue split_gso classic_protection 10% 
 Sent 11433352 bytes 9214 pkt (dropped 319, overlimits 0 requeues 0) 
 backlog 3726b 3p requeues 0
prob 0.279871 delay_c 1262us delay_l 0us
pkts_in_c 9536 pkts_in_l 0 maxq 27
ecn_mark 0 step_marks 0
credit -121120 (L)

------ Mon 01 Dec 2025 11:32:39 PM PST ------
qdisc htb 1: root refcnt 33 r2q 10 default 0x10 direct_packets_stat 0 direct_qlen 1000
 Sent 11474338 bytes 9247 pkt (dropped 320, overlimits 9229 requeues 0) 
 backlog 3726b 3p requeues 0
qdisc dualpi2 2: parent 1:10 limit 15040000p target 1ms tupdate 16ms alpha 0.152344 beta 3.195312 l4s_ect coupling_factor 2 drop_on_overload step_thresh 1ms drop_dequeue split_gso classic_protection 10% 
 Sent 11474338 bytes 9247 pkt (dropped 320, overlimits 0 requeues 0) 
 backlog 3726b 3p requeues 0
prob 0.280144 delay_c 1498us delay_l 0us
pkts_in_c 9570 pkts_in_l 0 maxq 27
ecn_mark 0 step_marks 0
credit -121120 (L)

------ Mon 01 Dec 2025 11:32:39 PM PST ------
qdisc htb 1: root refcnt 33 r2q 10 default 0x10 direct_packets_stat 0 direct_qlen 1000
 Sent 11516566 bytes 9281 pkt (dropped 321, overlimits 9263 requeues 0) 
 backlog 3726b 3p requeues 0
qdisc dualpi2 2: parent 1:10 limit 15040000p target 1ms tupdate 16ms alpha 0.152344 beta 3.195312 l4s_ect coupling_factor 2 drop_on_overload step_thresh 1ms drop_dequeue split_gso classic_protection 10% 
 Sent 11516566 bytes 9281 pkt (dropped 321, overlimits 0 requeues 0) 
 backlog 3726b 3p requeues 0
prob 0.280251 delay_c 1470us delay_l 0us
pkts_in_c 9605 pkts_in_l 0 maxq 27
ecn_mark 0 step_marks 0
credit -121120 (L)

------ Mon 01 Dec 2025 11:32:39 PM PST ------
qdisc htb 1: root refcnt 33 r2q 10 default 0x10 direct_packets_stat 0 direct_qlen 1000
 Sent 11557552 bytes 9314 pkt (dropped 322, overlimits 9296 requeues 0) 
 backlog 4968b 4p requeues 0
qdisc dualpi2 2: parent 1:10 limit 15040000p target 1ms tupdate 16ms alpha 0.152344 beta 3.195312 l4s_ect coupling_factor 2 drop_on_overload step_thresh 1ms drop_dequeue split_gso classic_protection 10% 
 Sent 11557552 bytes 9314 pkt (dropped 322, overlimits 0 requeues 0) 
 backlog 4968b 4p requeues 0
prob 0.280473 delay_c 2352us delay_l 0us
pkts_in_c 9640 pkts_in_l 0 maxq 27
ecn_mark 0 step_marks 0
credit -121120 (L)

------ Mon 01 Dec 2025 11:32:39 PM PST ------
qdisc htb 1: root refcnt 33 r2q 10 default 0x10 direct_packets_stat 0 direct_qlen 1000
 Sent 11601022 bytes 9349 pkt (dropped 323, overlimits 9331 requeues 0) 
 backlog 4968b 4p requeues 0
qdisc dualpi2 2: parent 1:10 limit 15040000p target 1ms tupdate 16ms alpha 0.152344 beta 3.195312 l4s_ect coupling_factor 2 drop_on_overload step_thresh 1ms drop_dequeue split_gso classic_protection 10% 
 Sent 11601022 bytes 9349 pkt (dropped 323, overlimits 0 requeues 0) 
 backlog 4968b 4p requeues 0
prob 0.280699 delay_c 2142us delay_l 0us
pkts_in_c 9676 pkts_in_l 0 maxq 27
ecn_mark 0 step_marks 0
credit -121120 (L)

------ Mon 01 Dec 2025 11:32:39 PM PST ------
qdisc htb 1: root refcnt 33 r2q 10 default 0x10 direct_packets_stat 0 direct_qlen 1000
 Sent 11642008 bytes 9382 pkt (dropped 324, overlimits 9364 requeues 0) 
 backlog 4968b 4p requeues 0
qdisc dualpi2 2: parent 1:10 limit 15040000p target 1ms tupdate 16ms alpha 0.152344 beta 3.195312 l4s_ect coupling_factor 2 drop_on_overload step_thresh 1ms drop_dequeue split_gso classic_protection 10% 
 Sent 11642008 bytes 9382 pkt (dropped 324, overlimits 0 requeues 0) 
 backlog 4968b 4p requeues 0
prob 0.281086 delay_c 2087us delay_l 0us
pkts_in_c 9710 pkts_in_l 0 maxq 27
ecn_mark 0 step_marks 0
credit -121120 (L)

------ Mon 01 Dec 2025 11:32:39 PM PST ------
qdisc htb 1: root refcnt 33 r2q 10 default 0x10 direct_packets_stat 0 direct_qlen 1000
 Sent 11682994 bytes 9415 pkt (dropped 326, overlimits 9397 requeues 0) 
 backlog 4968b 4p requeues 0
qdisc dualpi2 2: parent 1:10 limit 15040000p target 1ms tupdate 16ms alpha 0.152344 beta 3.195312 l4s_ect coupling_factor 2 drop_on_overload step_thresh 1ms drop_dequeue split_gso classic_protection 10% 
 Sent 11682994 bytes 9415 pkt (dropped 326, overlimits 0 requeues 0) 
 backlog 4968b 4p requeues 0
prob 0.281208 delay_c 2022us delay_l 0us
pkts_in_c 9745 pkts_in_l 0 maxq 27
ecn_mark 0 step_marks 0
credit -121120 (L)

------ Mon 01 Dec 2025 11:32:39 PM PST ------
qdisc htb 1: root refcnt 33 r2q 10 default 0x10 direct_packets_stat 0 direct_qlen 1000
 Sent 11725222 bytes 9449 pkt (dropped 327, overlimits 9431 requeues 0) 
 backlog 4968b 4p requeues 0
qdisc dualpi2 2: parent 1:10 limit 15040000p target 1ms tupdate 16ms alpha 0.152344 beta 3.195312 l4s_ect coupling_factor 2 drop_on_overload step_thresh 1ms drop_dequeue split_gso classic_protection 10% 
 Sent 11725222 bytes 9449 pkt (dropped 327, overlimits 0 requeues 0) 
 backlog 4968b 4p requeues 0
prob 0.281429 delay_c 2221us delay_l 0us
pkts_in_c 9780 pkts_in_l 0 maxq 27
ecn_mark 0 step_marks 0
credit -121120 (L)

------ Mon 01 Dec 2025 11:32:39 PM PST ------
qdisc htb 1: root refcnt 33 r2q 10 default 0x10 direct_packets_stat 0 direct_qlen 1000
 Sent 11768692 bytes 9484 pkt (dropped 329, overlimits 9466 requeues 0) 
 backlog 2484b 2p requeues 0
qdisc dualpi2 2: parent 1:10 limit 15040000p target 1ms tupdate 16ms alpha 0.152344 beta 3.195312 l4s_ect coupling_factor 2 drop_on_overload step_thresh 1ms drop_dequeue split_gso classic_protection 10% 
 Sent 11768692 bytes 9484 pkt (dropped 329, overlimits 0 requeues 0) 
 backlog 2484b 2p requeues 0
prob 0.281584 delay_c 865us delay_l 0us
pkts_in_c 9815 pkts_in_l 0 maxq 27
ecn_mark 0 step_marks 0
credit -121120 (L)

------ Mon 01 Dec 2025 11:32:39 PM PST ------
qdisc htb 1: root refcnt 33 r2q 10 default 0x10 direct_packets_stat 0 direct_qlen 1000
 Sent 11810920 bytes 9518 pkt (dropped 330, overlimits 9500 requeues 0) 
 backlog 3726b 3p requeues 0
qdisc dualpi2 2: parent 1:10 limit 15040000p target 1ms tupdate 16ms alpha 0.152344 beta 3.195312 l4s_ect coupling_factor 2 drop_on_overload step_thresh 1ms drop_dequeue split_gso classic_protection 10% 
 Sent 11810920 bytes 9518 pkt (dropped 330, overlimits 0 requeues 0) 
 backlog 3726b 3p requeues 0
prob 0.281851 delay_c 1189us delay_l 0us
pkts_in_c 9851 pkts_in_l 0 maxq 27
ecn_mark 0 step_marks 0
credit -121120 (L)

------ Mon 01 Dec 2025 11:32:39 PM PST ------
qdisc htb 1: root refcnt 33 r2q 10 default 0x10 direct_packets_stat 0 direct_qlen 1000
 Sent 11853148 bytes 9552 pkt (dropped 331, overlimits 9534 requeues 0) 
 backlog 2484b 2p requeues 0
qdisc dualpi2 2: parent 1:10 limit 15040000p target 1ms tupdate 16ms alpha 0.152344 beta 3.195312 l4s_ect coupling_factor 2 drop_on_overload step_thresh 1ms drop_dequeue split_gso classic_protection 10% 
 Sent 11853148 bytes 9552 pkt (dropped 331, overlimits 0 requeues 0) 
 backlog 2484b 2p requeues 0
prob 0.281960 delay_c 785us delay_l 0us
pkts_in_c 9885 pkts_in_l 0 maxq 27
ecn_mark 0 step_marks 0
credit -121120 (L)

------ Mon 01 Dec 2025 11:32:39 PM PST ------
qdisc htb 1: root refcnt 33 r2q 10 default 0x10 direct_packets_stat 0 direct_qlen 1000
 Sent 11895376 bytes 9586 pkt (dropped 332, overlimits 9568 requeues 0) 
 backlog 3726b 3p requeues 0
qdisc dualpi2 2: parent 1:10 limit 15040000p target 1ms tupdate 16ms alpha 0.152344 beta 3.195312 l4s_ect coupling_factor 2 drop_on_overload step_thresh 1ms drop_dequeue split_gso classic_protection 10% 
 Sent 11895376 bytes 9586 pkt (dropped 332, overlimits 0 requeues 0) 
 backlog 3726b 3p requeues 0
prob 0.282193 delay_c 1032us delay_l 0us
pkts_in_c 9921 pkts_in_l 0 maxq 27
ecn_mark 0 step_marks 0
credit -121120 (L)

------ Mon 01 Dec 2025 11:32:39 PM PST ------
qdisc htb 1: root refcnt 33 r2q 10 default 0x10 direct_packets_stat 0 direct_qlen 1000
 Sent 11937604 bytes 9620 pkt (dropped 333, overlimits 9602 requeues 0) 
 backlog 3726b 3p requeues 0
qdisc dualpi2 2: parent 1:10 limit 15040000p target 1ms tupdate 16ms alpha 0.152344 beta 3.195312 l4s_ect coupling_factor 2 drop_on_overload step_thresh 1ms drop_dequeue split_gso classic_protection 10% 
 Sent 11937604 bytes 9620 pkt (dropped 333, overlimits 0 requeues 0) 
 backlog 3726b 3p requeues 0
prob 0.282372 delay_c 1582us delay_l 0us
pkts_in_c 9956 pkts_in_l 0 maxq 27
ecn_mark 0 step_marks 0
credit -121120 (L)

------ Mon 01 Dec 2025 11:32:39 PM PST ------
qdisc htb 1: root refcnt 33 r2q 10 default 0x10 direct_packets_stat 0 direct_qlen 1000
 Sent 11979832 bytes 9654 pkt (dropped 335, overlimits 9636 requeues 0) 
 backlog 2484b 2p requeues 0
qdisc dualpi2 2: parent 1:10 limit 15040000p target 1ms tupdate 16ms alpha 0.152344 beta 3.195312 l4s_ect coupling_factor 2 drop_on_overload step_thresh 1ms drop_dequeue split_gso classic_protection 10% 
 Sent 11979832 bytes 9654 pkt (dropped 335, overlimits 0 requeues 0) 
 backlog 2484b 2p requeues 0
prob 0.282546 delay_c 1646us delay_l 0us
pkts_in_c 9991 pkts_in_l 0 maxq 27
ecn_mark 0 step_marks 0
credit -121120 (L)

------ Mon 01 Dec 2025 11:32:39 PM PST ------
qdisc htb 1: root refcnt 33 r2q 10 default 0x10 direct_packets_stat 0 direct_qlen 1000
 Sent 12022060 bytes 9688 pkt (dropped 336, overlimits 9670 requeues 0) 
 backlog 2484b 2p requeues 0
qdisc dualpi2 2: parent 1:10 limit 15040000p target 1ms tupdate 16ms alpha 0.152344 beta 3.195312 l4s_ect coupling_factor 2 drop_on_overload step_thresh 1ms drop_dequeue split_gso classic_protection 10% 
 Sent 12022060 bytes 9688 pkt (dropped 336, overlimits 0 requeues 0) 
 backlog 2484b 2p requeues 0
prob 0.282730 delay_c 1394us delay_l 0us
pkts_in_c 10026 pkts_in_l 0 maxq 27
ecn_mark 0 step_marks 0
credit -121120 (L)

------ Mon 01 Dec 2025 11:32:39 PM PST ------
qdisc htb 1: root refcnt 33 r2q 10 default 0x10 direct_packets_stat 0 direct_qlen 1000
 Sent 12064288 bytes 9722 pkt (dropped 337, overlimits 9703 requeues 0) 
 backlog 2484b 2p requeues 0
qdisc dualpi2 2: parent 1:10 limit 15040000p target 1ms tupdate 16ms alpha 0.152344 beta 3.195312 l4s_ect coupling_factor 2 drop_on_overload step_thresh 1ms drop_dequeue split_gso classic_protection 10% 
 Sent 12064288 bytes 9722 pkt (dropped 337, overlimits 0 requeues 0) 
 backlog 2484b 2p requeues 0
prob 0.282964 delay_c 1525us delay_l 0us
pkts_in_c 10061 pkts_in_l 0 maxq 27
ecn_mark 0 step_marks 0
credit -121120 (L)

------ Mon 01 Dec 2025 11:32:39 PM PST ------
qdisc htb 1: root refcnt 33 r2q 10 default 0x10 direct_packets_stat 0 direct_qlen 1000
 Sent 12105274 bytes 9755 pkt (dropped 337, overlimits 9737 requeues 0) 
 backlog 3726b 3p requeues 0
qdisc dualpi2 2: parent 1:10 limit 15040000p target 1ms tupdate 16ms alpha 0.152344 beta 3.195312 l4s_ect coupling_factor 2 drop_on_overload step_thresh 1ms drop_dequeue split_gso classic_protection 10% 
 Sent 12105274 bytes 9755 pkt (dropped 337, overlimits 0 requeues 0) 
 backlog 3726b 3p requeues 0
prob 0.283170 delay_c 1942us delay_l 0us
pkts_in_c 10095 pkts_in_l 0 maxq 27
ecn_mark 0 step_marks 0
credit -121120 (L)

------ Mon 01 Dec 2025 11:32:39 PM PST ------
qdisc htb 1: root refcnt 33 r2q 10 default 0x10 direct_packets_stat 0 direct_qlen 1000
 Sent 12147502 bytes 9789 pkt (dropped 339, overlimits 9771 requeues 0) 
 backlog 3726b 3p requeues 0
qdisc dualpi2 2: parent 1:10 limit 15040000p target 1ms tupdate 16ms alpha 0.152344 beta 3.195312 l4s_ect coupling_factor 2 drop_on_overload step_thresh 1ms drop_dequeue split_gso classic_protection 10% 
 Sent 12147502 bytes 9789 pkt (dropped 339, overlimits 0 requeues 0) 
 backlog 3726b 3p requeues 0
prob 0.283555 delay_c 1096us delay_l 0us
pkts_in_c 10131 pkts_in_l 0 maxq 27
ecn_mark 0 step_marks 0
credit -121120 (L)

------ Mon 01 Dec 2025 11:32:39 PM PST ------
qdisc htb 1: root refcnt 33 r2q 10 default 0x10 direct_packets_stat 0 direct_qlen 1000
 Sent 12186004 bytes 9820 pkt (dropped 339, overlimits 9802 requeues 0) 
 backlog 4968b 4p requeues 0
qdisc dualpi2 2: parent 1:10 limit 15040000p target 1ms tupdate 16ms alpha 0.152344 beta 3.195312 l4s_ect coupling_factor 2 drop_on_overload step_thresh 1ms drop_dequeue split_gso classic_protection 10% 
 Sent 12186004 bytes 9820 pkt (dropped 339, overlimits 0 requeues 0) 
 backlog 4968b 4p requeues 0
prob 0.283688 delay_c 3424us delay_l 0us
pkts_in_c 10163 pkts_in_l 0 maxq 27
ecn_mark 0 step_marks 0
credit -121120 (L)

------ Mon 01 Dec 2025 11:32:39 PM PST ------
qdisc htb 1: root refcnt 33 r2q 10 default 0x10 direct_packets_stat 0 direct_qlen 1000
 Sent 12228232 bytes 9854 pkt (dropped 341, overlimits 9836 requeues 0) 
 backlog 3726b 3p requeues 0
qdisc dualpi2 2: parent 1:10 limit 15040000p target 1ms tupdate 16ms alpha 0.152344 beta 3.195312 l4s_ect coupling_factor 2 drop_on_overload step_thresh 1ms drop_dequeue split_gso classic_protection 10% 
 Sent 12228232 bytes 9854 pkt (dropped 341, overlimits 0 requeues 0) 
 backlog 3726b 3p requeues 0
prob 0.284058 delay_c 2584us delay_l 0us
pkts_in_c 10198 pkts_in_l 0 maxq 27
ecn_mark 0 step_marks 0
credit -121120 (L)

------ Mon 01 Dec 2025 11:32:39 PM PST ------
qdisc htb 1: root refcnt 33 r2q 10 default 0x10 direct_packets_stat 0 direct_qlen 1000
 Sent 12270460 bytes 9888 pkt (dropped 342, overlimits 9870 requeues 0) 
 backlog 3726b 3p requeues 0
qdisc dualpi2 2: parent 1:10 limit 15040000p target 1ms tupdate 16ms alpha 0.152344 beta 3.195312 l4s_ect coupling_factor 2 drop_on_overload step_thresh 1ms drop_dequeue split_gso classic_protection 10% 
 Sent 12270460 bytes 9888 pkt (dropped 342, overlimits 0 requeues 0) 
 backlog 3726b 3p requeues 0
prob 0.284278 delay_c 2634us delay_l 0us
pkts_in_c 10233 pkts_in_l 0 maxq 27
ecn_mark 0 step_marks 0
credit -121120 (L)

------ Mon 01 Dec 2025 11:32:40 PM PST ------
qdisc htb 1: root refcnt 33 r2q 10 default 0x10 direct_packets_stat 0 direct_qlen 1000
 Sent 12312688 bytes 9922 pkt (dropped 343, overlimits 9904 requeues 0) 
 backlog 3726b 3p requeues 0
qdisc dualpi2 2: parent 1:10 limit 15040000p target 1ms tupdate 16ms alpha 0.152344 beta 3.195312 l4s_ect coupling_factor 2 drop_on_overload step_thresh 1ms drop_dequeue split_gso classic_protection 10% 
 Sent 12312688 bytes 9922 pkt (dropped 343, overlimits 0 requeues 0) 
 backlog 3726b 3p requeues 0
prob 0.284515 delay_c 2402us delay_l 0us
pkts_in_c 10268 pkts_in_l 0 maxq 27
ecn_mark 0 step_marks 0
credit -121120 (L)

------ Mon 01 Dec 2025 11:32:40 PM PST ------
qdisc htb 1: root refcnt 33 r2q 10 default 0x10 direct_packets_stat 0 direct_qlen 1000
 Sent 12353674 bytes 9955 pkt (dropped 345, overlimits 9937 requeues 0) 
 backlog 2484b 2p requeues 0
qdisc dualpi2 2: parent 1:10 limit 15040000p target 1ms tupdate 16ms alpha 0.152344 beta 3.195312 l4s_ect coupling_factor 2 drop_on_overload step_thresh 1ms drop_dequeue split_gso classic_protection 10% 
 Sent 12353674 bytes 9955 pkt (dropped 345, overlimits 0 requeues 0) 
 backlog 2484b 2p requeues 0
prob 0.284625 delay_c 1546us delay_l 0us
pkts_in_c 10302 pkts_in_l 0 maxq 27
ecn_mark 0 step_marks 0
credit -121120 (L)

------ Mon 01 Dec 2025 11:32:40 PM PST ------
qdisc htb 1: root refcnt 33 r2q 10 default 0x10 direct_packets_stat 0 direct_qlen 1000
 Sent 12394660 bytes 9988 pkt (dropped 345, overlimits 9970 requeues 0) 
 backlog 4968b 4p requeues 0
qdisc dualpi2 2: parent 1:10 limit 15040000p target 1ms tupdate 16ms alpha 0.152344 beta 3.195312 l4s_ect coupling_factor 2 drop_on_overload step_thresh 1ms drop_dequeue split_gso classic_protection 10% 
 Sent 12394660 bytes 9988 pkt (dropped 345, overlimits 0 requeues 0) 
 backlog 4968b 4p requeues 0
prob 0.284873 delay_c 2061us delay_l 0us
pkts_in_c 10337 pkts_in_l 0 maxq 27
ecn_mark 0 step_marks 0
credit -121120 (L)

------ Mon 01 Dec 2025 11:32:40 PM PST ------
qdisc htb 1: root refcnt 33 r2q 10 default 0x10 direct_packets_stat 0 direct_qlen 1000
 Sent 12436888 bytes 10022 pkt (dropped 347, overlimits 10004 requeues 0) 
 backlog 3726b 3p requeues 0
qdisc dualpi2 2: parent 1:10 limit 15040000p target 1ms tupdate 16ms alpha 0.152344 beta 3.195312 l4s_ect coupling_factor 2 drop_on_overload step_thresh 1ms drop_dequeue split_gso classic_protection 10% 
 Sent 12436888 bytes 10022 pkt (dropped 347, overlimits 0 requeues 0) 
 backlog 3726b 3p requeues 0
prob 0.285069 delay_c 2343us delay_l 0us
pkts_in_c 10372 pkts_in_l 0 maxq 27
ecn_mark 0 step_marks 0
credit -121120 (L)

------ Mon 01 Dec 2025 11:32:40 PM PST ------
qdisc htb 1: root refcnt 33 r2q 10 default 0x10 direct_packets_stat 0 direct_qlen 1000
 Sent 12479116 bytes 10056 pkt (dropped 349, overlimits 10038 requeues 0) 
 backlog 2484b 2p requeues 0
qdisc dualpi2 2: parent 1:10 limit 15040000p target 1ms tupdate 16ms alpha 0.152344 beta 3.195312 l4s_ect coupling_factor 2 drop_on_overload step_thresh 1ms drop_dequeue split_gso classic_protection 10% 
 Sent 12479116 bytes 10056 pkt (dropped 349, overlimits 0 requeues 0) 
 backlog 2484b 2p requeues 0
prob 0.285262 delay_c 1742us delay_l 0us
pkts_in_c 10407 pkts_in_l 0 maxq 27
ecn_mark 0 step_marks 0
credit -121120 (L)

------ Mon 01 Dec 2025 11:32:40 PM PST ------
qdisc htb 1: root refcnt 33 r2q 10 default 0x10 direct_packets_stat 0 direct_qlen 1000
 Sent 12520102 bytes 10089 pkt (dropped 349, overlimits 10071 requeues 0) 
 backlog 3726b 3p requeues 0
qdisc dualpi2 2: parent 1:10 limit 15040000p target 1ms tupdate 16ms alpha 0.152344 beta 3.195312 l4s_ect coupling_factor 2 drop_on_overload step_thresh 1ms drop_dequeue split_gso classic_protection 10% 
 Sent 12520102 bytes 10089 pkt (dropped 349, overlimits 0 requeues 0) 
 backlog 3726b 3p requeues 0
prob 0.285398 delay_c 1667us delay_l 0us
pkts_in_c 10441 pkts_in_l 0 maxq 27
ecn_mark 0 step_marks 0
credit -121120 (L)

------ Mon 01 Dec 2025 11:32:40 PM PST ------
qdisc htb 1: root refcnt 33 r2q 10 default 0x10 direct_packets_stat 0 direct_qlen 1000
 Sent 12559846 bytes 10121 pkt (dropped 351, overlimits 10103 requeues 0) 
 backlog 3726b 3p requeues 0
qdisc dualpi2 2: parent 1:10 limit 15040000p target 1ms tupdate 16ms alpha 0.152344 beta 3.195312 l4s_ect coupling_factor 2 drop_on_overload step_thresh 1ms drop_dequeue split_gso classic_protection 10% 
 Sent 12559846 bytes 10121 pkt (dropped 351, overlimits 0 requeues 0) 
 backlog 3726b 3p requeues 0
prob 0.285671 delay_c 1391us delay_l 0us
pkts_in_c 10475 pkts_in_l 0 maxq 27
ecn_mark 0 step_marks 0
credit -121120 (L)

------ Mon 01 Dec 2025 11:32:40 PM PST ------
qdisc htb 1: root refcnt 33 r2q 10 default 0x10 direct_packets_stat 0 direct_qlen 1000
 Sent 12602074 bytes 10155 pkt (dropped 353, overlimits 10137 requeues 0) 
 backlog 2484b 2p requeues 0
qdisc dualpi2 2: parent 1:10 limit 15040000p target 1ms tupdate 16ms alpha 0.152344 beta 3.195312 l4s_ect coupling_factor 2 drop_on_overload step_thresh 1ms drop_dequeue split_gso classic_protection 10% 
 Sent 12602074 bytes 10155 pkt (dropped 353, overlimits 0 requeues 0) 
 backlog 2484b 2p requeues 0
prob 0.285893 delay_c 233us delay_l 0us
pkts_in_c 10510 pkts_in_l 0 maxq 27
ecn_mark 0 step_marks 0
credit -121120 (L)

------ Mon 01 Dec 2025 11:32:40 PM PST ------
qdisc htb 1: root refcnt 33 r2q 10 default 0x10 direct_packets_stat 0 direct_qlen 1000
 Sent 12641818 bytes 10187 pkt (dropped 353, overlimits 10169 requeues 0) 
 backlog 3726b 3p requeues 0
qdisc dualpi2 2: parent 1:10 limit 15040000p target 1ms tupdate 16ms alpha 0.152344 beta 3.195312 l4s_ect coupling_factor 2 drop_on_overload step_thresh 1ms drop_dequeue split_gso classic_protection 10% 
 Sent 12641818 bytes 10187 pkt (dropped 353, overlimits 0 requeues 0) 
 backlog 3726b 3p requeues 0
prob 0.285968 delay_c 2052us delay_l 0us
pkts_in_c 10543 pkts_in_l 0 maxq 27
ecn_mark 0 step_marks 0
credit -121120 (L)

------ Mon 01 Dec 2025 11:32:40 PM PST ------
qdisc htb 1: root refcnt 33 r2q 10 default 0x10 direct_packets_stat 0 direct_qlen 1000
 Sent 12682804 bytes 10220 pkt (dropped 354, overlimits 10202 requeues 0) 
 backlog 3726b 3p requeues 0
qdisc dualpi2 2: parent 1:10 limit 15040000p target 1ms tupdate 16ms alpha 0.152344 beta 3.195312 l4s_ect coupling_factor 2 drop_on_overload step_thresh 1ms drop_dequeue split_gso classic_protection 10% 
 Sent 12682804 bytes 10220 pkt (dropped 354, overlimits 0 requeues 0) 
 backlog 3726b 3p requeues 0
prob 0.286249 delay_c 2396us delay_l 0us
pkts_in_c 10577 pkts_in_l 0 maxq 27
ecn_mark 0 step_marks 0
credit -121120 (L)

------ Mon 01 Dec 2025 11:32:40 PM PST ------
qdisc htb 1: root refcnt 33 r2q 10 default 0x10 direct_packets_stat 0 direct_qlen 1000
 Sent 12723790 bytes 10253 pkt (dropped 354, overlimits 10235 requeues 0) 
 backlog 4968b 4p requeues 0
qdisc dualpi2 2: parent 1:10 limit 15040000p target 1ms tupdate 16ms alpha 0.152344 beta 3.195312 l4s_ect coupling_factor 2 drop_on_overload step_thresh 1ms drop_dequeue split_gso classic_protection 10% 
 Sent 12723790 bytes 10253 pkt (dropped 354, overlimits 0 requeues 0) 
 backlog 4968b 4p requeues 0
prob 0.289805 delay_c 2390us delay_l 0us
pkts_in_c 10611 pkts_in_l 0 maxq 27
ecn_mark 0 step_marks 0
credit -121120 (L)

------ Mon 01 Dec 2025 11:32:40 PM PST ------
qdisc htb 1: root refcnt 33 r2q 10 default 0x10 direct_packets_stat 0 direct_qlen 1000
 Sent 12762292 bytes 10284 pkt (dropped 356, overlimits 10266 requeues 0) 
 backlog 3726b 3p requeues 0
qdisc dualpi2 2: parent 1:10 limit 15040000p target 1ms tupdate 16ms alpha 0.152344 beta 3.195312 l4s_ect coupling_factor 2 drop_on_overload step_thresh 1ms drop_dequeue split_gso classic_protection 10% 
 Sent 12762292 bytes 10284 pkt (dropped 356, overlimits 0 requeues 0) 
 backlog 3726b 3p requeues 0
prob 0.286822 delay_c 2331us delay_l 0us
pkts_in_c 10643 pkts_in_l 0 maxq 27
ecn_mark 0 step_marks 0
credit -121120 (L)

------ Mon 01 Dec 2025 11:32:40 PM PST ------
qdisc htb 1: root refcnt 33 r2q 10 default 0x10 direct_packets_stat 0 direct_qlen 1000
 Sent 12802036 bytes 10316 pkt (dropped 358, overlimits 10298 requeues 0) 
 backlog 2484b 2p requeues 0
qdisc dualpi2 2: parent 1:10 limit 15040000p target 1ms tupdate 16ms alpha 0.152344 beta 3.195312 l4s_ect coupling_factor 2 drop_on_overload step_thresh 1ms drop_dequeue split_gso classic_protection 10% 
 Sent 12802036 bytes 10316 pkt (dropped 358, overlimits 0 requeues 0) 
 backlog 2484b 2p requeues 0
prob 0.290356 delay_c 1973us delay_l 0us
pkts_in_c 10676 pkts_in_l 0 maxq 27
ecn_mark 0 step_marks 0
credit -121120 (L)

------ Mon 01 Dec 2025 11:32:40 PM PST ------
qdisc htb 1: root refcnt 33 r2q 10 default 0x10 direct_packets_stat 0 direct_qlen 1000
 Sent 12843022 bytes 10349 pkt (dropped 359, overlimits 10331 requeues 0) 
 backlog 3726b 3p requeues 0
qdisc dualpi2 2: parent 1:10 limit 15040000p target 1ms tupdate 16ms alpha 0.152344 beta 3.195312 l4s_ect coupling_factor 2 drop_on_overload step_thresh 1ms drop_dequeue split_gso classic_protection 10% 
 Sent 12843022 bytes 10349 pkt (dropped 359, overlimits 0 requeues 0) 
 backlog 3726b 3p requeues 0
prob 0.287390 delay_c 1167us delay_l 0us
pkts_in_c 10711 pkts_in_l 0 maxq 27
ecn_mark 0 step_marks 0
credit -121120 (L)

------ Mon 01 Dec 2025 11:32:40 PM PST ------
qdisc htb 1: root refcnt 33 r2q 10 default 0x10 direct_packets_stat 0 direct_qlen 1000
 Sent 12885250 bytes 10383 pkt (dropped 360, overlimits 10365 requeues 0) 
 backlog 3726b 3p requeues 0
qdisc dualpi2 2: parent 1:10 limit 15040000p target 1ms tupdate 16ms alpha 0.152344 beta 3.195312 l4s_ect coupling_factor 2 drop_on_overload step_thresh 1ms drop_dequeue split_gso classic_protection 10% 
 Sent 12885250 bytes 10383 pkt (dropped 360, overlimits 0 requeues 0) 
 backlog 3726b 3p requeues 0
prob 0.287510 delay_c 1606us delay_l 0us
pkts_in_c 10746 pkts_in_l 0 maxq 27
ecn_mark 0 step_marks 0
credit -121120 (L)

------ Mon 01 Dec 2025 11:32:40 PM PST ------
qdisc htb 1: root refcnt 33 r2q 10 default 0x10 direct_packets_stat 0 direct_qlen 1000
 Sent 12926236 bytes 10416 pkt (dropped 361, overlimits 10398 requeues 0) 
 backlog 3726b 3p requeues 0
qdisc dualpi2 2: parent 1:10 limit 15040000p target 1ms tupdate 16ms alpha 0.152344 beta 3.195312 l4s_ect coupling_factor 2 drop_on_overload step_thresh 1ms drop_dequeue split_gso classic_protection 10% 
 Sent 12926236 bytes 10416 pkt (dropped 361, overlimits 0 requeues 0) 
 backlog 3726b 3p requeues 0
prob 0.287743 delay_c 1271us delay_l 0us
pkts_in_c 10780 pkts_in_l 0 maxq 27
ecn_mark 0 step_marks 0
credit -121120 (L)

------ Mon 01 Dec 2025 11:32:40 PM PST ------
qdisc htb 1: root refcnt 33 r2q 10 default 0x10 direct_packets_stat 0 direct_qlen 1000
 Sent 12965980 bytes 10448 pkt (dropped 362, overlimits 10430 requeues 0) 
 backlog 2484b 2p requeues 0
qdisc dualpi2 2: parent 1:10 limit 15040000p target 1ms tupdate 16ms alpha 0.152344 beta 3.195312 l4s_ect coupling_factor 2 drop_on_overload step_thresh 1ms drop_dequeue split_gso classic_protection 10% 
 Sent 12965980 bytes 10448 pkt (dropped 362, overlimits 0 requeues 0) 
 backlog 2484b 2p requeues 0
prob 0.287952 delay_c 1941us delay_l 0us
pkts_in_c 10812 pkts_in_l 0 maxq 27
ecn_mark 0 step_marks 0
credit -121120 (L)

------ Mon 01 Dec 2025 11:32:40 PM PST ------
qdisc htb 1: root refcnt 33 r2q 10 default 0x10 direct_packets_stat 0 direct_qlen 1000
 Sent 13008208 bytes 10482 pkt (dropped 364, overlimits 10464 requeues 0) 
 backlog 2484b 2p requeues 0
qdisc dualpi2 2: parent 1:10 limit 15040000p target 1ms tupdate 16ms alpha 0.152344 beta 3.195312 l4s_ect coupling_factor 2 drop_on_overload step_thresh 1ms drop_dequeue split_gso classic_protection 10% 
 Sent 13008208 bytes 10482 pkt (dropped 364, overlimits 0 requeues 0) 
 backlog 2484b 2p requeues 0
prob 0.288199 delay_c 1061us delay_l 0us
pkts_in_c 10848 pkts_in_l 0 maxq 27
ecn_mark 0 step_marks 0
credit -121120 (L)

------ Mon 01 Dec 2025 11:32:40 PM PST ------
qdisc htb 1: root refcnt 33 r2q 10 default 0x10 direct_packets_stat 0 direct_qlen 1000
 Sent 13049194 bytes 10515 pkt (dropped 364, overlimits 10497 requeues 0) 
 backlog 3726b 3p requeues 0
qdisc dualpi2 2: parent 1:10 limit 15040000p target 1ms tupdate 16ms alpha 0.152344 beta 3.195312 l4s_ect coupling_factor 2 drop_on_overload step_thresh 1ms drop_dequeue split_gso classic_protection 10% 
 Sent 13049194 bytes 10515 pkt (dropped 364, overlimits 0 requeues 0) 
 backlog 3726b 3p requeues 0
prob 0.288359 delay_c 2317us delay_l 0us
pkts_in_c 10882 pkts_in_l 0 maxq 27
ecn_mark 0 step_marks 0
credit -121120 (L)

------ Mon 01 Dec 2025 11:32:40 PM PST ------
qdisc htb 1: root refcnt 33 r2q 10 default 0x10 direct_packets_stat 0 direct_qlen 1000
 Sent 13091422 bytes 10549 pkt (dropped 366, overlimits 10531 requeues 0) 
 backlog 2484b 2p requeues 0
qdisc dualpi2 2: parent 1:10 limit 15040000p target 1ms tupdate 16ms alpha 0.152344 beta 3.195312 l4s_ect coupling_factor 2 drop_on_overload step_thresh 1ms drop_dequeue split_gso classic_protection 10% 
 Sent 13091422 bytes 10549 pkt (dropped 366, overlimits 0 requeues 0) 
 backlog 2484b 2p requeues 0
prob 0.288612 delay_c 1908us delay_l 0us
pkts_in_c 10917 pkts_in_l 0 maxq 27
ecn_mark 0 step_marks 0
credit -121120 (L)

------ Mon 01 Dec 2025 11:32:40 PM PST ------
qdisc htb 1: root refcnt 33 r2q 10 default 0x10 direct_packets_stat 0 direct_qlen 1000
 Sent 13132408 bytes 10582 pkt (dropped 366, overlimits 10564 requeues 0) 
 backlog 3726b 3p requeues 0
qdisc dualpi2 2: parent 1:10 limit 15040000p target 1ms tupdate 16ms alpha 0.152344 beta 3.195312 l4s_ect coupling_factor 2 drop_on_overload step_thresh 1ms drop_dequeue split_gso classic_protection 10% 
 Sent 13132408 bytes 10582 pkt (dropped 366, overlimits 0 requeues 0) 
 backlog 3726b 3p requeues 0
prob 0.288870 delay_c 1713us delay_l 0us
pkts_in_c 10951 pkts_in_l 0 maxq 27
ecn_mark 0 step_marks 0
credit -121120 (L)

------ Mon 01 Dec 2025 11:32:40 PM PST ------
qdisc htb 1: root refcnt 33 r2q 10 default 0x10 direct_packets_stat 0 direct_qlen 1000
 Sent 13175878 bytes 10617 pkt (dropped 368, overlimits 10599 requeues 0) 
 backlog 2484b 2p requeues 0
qdisc dualpi2 2: parent 1:10 limit 15040000p target 1ms tupdate 16ms alpha 0.152344 beta 3.195312 l4s_ect coupling_factor 2 drop_on_overload step_thresh 1ms drop_dequeue split_gso classic_protection 10% 
 Sent 13175878 bytes 10617 pkt (dropped 368, overlimits 0 requeues 0) 
 backlog 2484b 2p requeues 0
prob 0.289016 delay_c 1611us delay_l 0us
pkts_in_c 10987 pkts_in_l 0 maxq 27
ecn_mark 0 step_marks 0
credit -121120 (L)

------ Mon 01 Dec 2025 11:32:40 PM PST ------
qdisc htb 1: root refcnt 33 r2q 10 default 0x10 direct_packets_stat 0 direct_qlen 1000
 Sent 13216864 bytes 10650 pkt (dropped 369, overlimits 10632 requeues 0) 
 backlog 3726b 3p requeues 0
qdisc dualpi2 2: parent 1:10 limit 15040000p target 1ms tupdate 16ms alpha 0.152344 beta 3.195312 l4s_ect coupling_factor 2 drop_on_overload step_thresh 1ms drop_dequeue split_gso classic_protection 10% 
 Sent 13216864 bytes 10650 pkt (dropped 369, overlimits 0 requeues 0) 
 backlog 3726b 3p requeues 0
prob 0.289237 delay_c 2001us delay_l 0us
pkts_in_c 11022 pkts_in_l 0 maxq 27
ecn_mark 0 step_marks 0
credit -121120 (L)

------ Mon 01 Dec 2025 11:32:40 PM PST ------
qdisc htb 1: root refcnt 33 r2q 10 default 0x10 direct_packets_stat 0 direct_qlen 1000
 Sent 13257850 bytes 10683 pkt (dropped 371, overlimits 10665 requeues 0) 
 backlog 2484b 2p requeues 0
qdisc dualpi2 2: parent 1:10 limit 15040000p target 1ms tupdate 16ms alpha 0.152344 beta 3.195312 l4s_ect coupling_factor 2 drop_on_overload step_thresh 1ms drop_dequeue split_gso classic_protection 10% 
 Sent 13257850 bytes 10683 pkt (dropped 371, overlimits 0 requeues 0) 
 backlog 2484b 2p requeues 0
prob 0.289480 delay_c 1748us delay_l 0us
pkts_in_c 11056 pkts_in_l 0 maxq 27
ecn_mark 0 step_marks 0
credit -121120 (L)

------ Mon 01 Dec 2025 11:32:40 PM PST ------
qdisc htb 1: root refcnt 33 r2q 10 default 0x10 direct_packets_stat 0 direct_qlen 1000
 Sent 13301320 bytes 10718 pkt (dropped 371, overlimits 10700 requeues 0) 
 backlog 3726b 3p requeues 0
qdisc dualpi2 2: parent 1:10 limit 15040000p target 1ms tupdate 16ms alpha 0.152344 beta 3.195312 l4s_ect coupling_factor 2 drop_on_overload step_thresh 1ms drop_dequeue split_gso classic_protection 10% 
 Sent 13301320 bytes 10718 pkt (dropped 371, overlimits 0 requeues 0) 
 backlog 3726b 3p requeues 0
prob 0.289737 delay_c 2487us delay_l 0us
pkts_in_c 11092 pkts_in_l 0 maxq 27
ecn_mark 0 step_marks 0
credit -121120 (L)

------ Mon 01 Dec 2025 11:32:40 PM PST ------
qdisc htb 1: root refcnt 33 r2q 10 default 0x10 direct_packets_stat 0 direct_qlen 1000
 Sent 13344790 bytes 10753 pkt (dropped 373, overlimits 10735 requeues 0) 
 backlog 2484b 2p requeues 0
qdisc dualpi2 2: parent 1:10 limit 15040000p target 1ms tupdate 16ms alpha 0.152344 beta 3.195312 l4s_ect coupling_factor 2 drop_on_overload step_thresh 1ms drop_dequeue split_gso classic_protection 10% 
 Sent 13344790 bytes 10753 pkt (dropped 373, overlimits 0 requeues 0) 
 backlog 2484b 2p requeues 0
prob 0.289983 delay_c 1186us delay_l 0us
pkts_in_c 11128 pkts_in_l 0 maxq 27
ecn_mark 0 step_marks 0
credit -121120 (L)

------ Mon 01 Dec 2025 11:32:40 PM PST ------
qdisc htb 1: root refcnt 33 r2q 10 default 0x10 direct_packets_stat 0 direct_qlen 1000
 Sent 13385776 bytes 10786 pkt (dropped 373, overlimits 10768 requeues 0) 
 backlog 3726b 3p requeues 0
qdisc dualpi2 2: parent 1:10 limit 15040000p target 1ms tupdate 16ms alpha 0.152344 beta 3.195312 l4s_ect coupling_factor 2 drop_on_overload step_thresh 1ms drop_dequeue split_gso classic_protection 10% 
 Sent 13385776 bytes 10786 pkt (dropped 373, overlimits 0 requeues 0) 
 backlog 3726b 3p requeues 0
prob 0.290111 delay_c 2545us delay_l 0us
pkts_in_c 11162 pkts_in_l 0 maxq 27
ecn_mark 0 step_marks 0
credit -121120 (L)

------ Mon 01 Dec 2025 11:32:40 PM PST ------
qdisc htb 1: root refcnt 33 r2q 10 default 0x10 direct_packets_stat 0 direct_qlen 1000
 Sent 13428004 bytes 10820 pkt (dropped 375, overlimits 10802 requeues 0) 
 backlog 2484b 2p requeues 0
qdisc dualpi2 2: parent 1:10 limit 15040000p target 1ms tupdate 16ms alpha 0.152344 beta 3.195312 l4s_ect coupling_factor 2 drop_on_overload step_thresh 1ms drop_dequeue split_gso classic_protection 10% 
 Sent 13428004 bytes 10820 pkt (dropped 375, overlimits 0 requeues 0) 
 backlog 2484b 2p requeues 0
prob 0.290397 delay_c 1939us delay_l 0us
pkts_in_c 11197 pkts_in_l 0 maxq 27
ecn_mark 0 step_marks 0
credit -121120 (L)

------ Mon 01 Dec 2025 11:32:40 PM PST ------
qdisc htb 1: root refcnt 33 r2q 10 default 0x10 direct_packets_stat 0 direct_qlen 1000
 Sent 13468990 bytes 10853 pkt (dropped 376, overlimits 10835 requeues 0) 
 backlog 3726b 3p requeues 0
qdisc dualpi2 2: parent 1:10 limit 15040000p target 1ms tupdate 16ms alpha 0.152344 beta 3.195312 l4s_ect coupling_factor 2 drop_on_overload step_thresh 1ms drop_dequeue split_gso classic_protection 10% 
 Sent 13468990 bytes 10853 pkt (dropped 376, overlimits 0 requeues 0) 
 backlog 3726b 3p requeues 0
prob 0.290614 delay_c 2724us delay_l 0us
pkts_in_c 11232 pkts_in_l 0 maxq 27
ecn_mark 0 step_marks 0
credit -121120 (L)

------ Mon 01 Dec 2025 11:32:40 PM PST ------
qdisc htb 1: root refcnt 33 r2q 10 default 0x10 direct_packets_stat 0 direct_qlen 1000
 Sent 13513702 bytes 10889 pkt (dropped 378, overlimits 10871 requeues 0) 
 backlog 1242b 1p requeues 0
qdisc dualpi2 2: parent 1:10 limit 15040000p target 1ms tupdate 16ms alpha 0.152344 beta 3.195312 l4s_ect coupling_factor 2 drop_on_overload step_thresh 1ms drop_dequeue split_gso classic_protection 10% 
 Sent 13513702 bytes 10889 pkt (dropped 378, overlimits 0 requeues 0) 
 backlog 1242b 1p requeues 0
prob 0.290854 delay_c 860us delay_l 0us
pkts_in_c 11268 pkts_in_l 0 maxq 27
ecn_mark 0 step_marks 0
credit -121120 (L)

------ Mon 01 Dec 2025 11:32:40 PM PST ------
qdisc htb 1: root refcnt 33 r2q 10 default 0x10 direct_packets_stat 0 direct_qlen 1000
 Sent 13554688 bytes 10922 pkt (dropped 379, overlimits 10904 requeues 0) 
 backlog 2484b 2p requeues 0
qdisc dualpi2 2: parent 1:10 limit 15040000p target 1ms tupdate 16ms alpha 0.152344 beta 3.195312 l4s_ect coupling_factor 2 drop_on_overload step_thresh 1ms drop_dequeue split_gso classic_protection 10% 
 Sent 13554688 bytes 10922 pkt (dropped 379, overlimits 0 requeues 0) 
 backlog 2484b 2p requeues 0
prob 0.291077 delay_c 1894us delay_l 0us
pkts_in_c 11303 pkts_in_l 0 maxq 27
ecn_mark 0 step_marks 0
credit -121120 (L)

------ Mon 01 Dec 2025 11:32:40 PM PST ------
qdisc htb 1: root refcnt 33 r2q 10 default 0x10 direct_packets_stat 0 direct_qlen 1000
 Sent 13596916 bytes 10956 pkt (dropped 379, overlimits 10938 requeues 0) 
 backlog 3726b 3p requeues 0
qdisc dualpi2 2: parent 1:10 limit 15040000p target 1ms tupdate 16ms alpha 0.152344 beta 3.195312 l4s_ect coupling_factor 2 drop_on_overload step_thresh 1ms drop_dequeue split_gso classic_protection 10% 
 Sent 13596916 bytes 10956 pkt (dropped 379, overlimits 0 requeues 0) 
 backlog 3726b 3p requeues 0
prob 0.291350 delay_c 2806us delay_l 0us
pkts_in_c 11338 pkts_in_l 0 maxq 27
ecn_mark 0 step_marks 0
credit -121120 (L)

------ Mon 01 Dec 2025 11:32:40 PM PST ------
qdisc htb 1: root refcnt 33 r2q 10 default 0x10 direct_packets_stat 0 direct_qlen 1000
 Sent 13639144 bytes 10990 pkt (dropped 381, overlimits 10972 requeues 0) 
 backlog 4968b 4p requeues 0
qdisc dualpi2 2: parent 1:10 limit 15040000p target 1ms tupdate 16ms alpha 0.152344 beta 3.195312 l4s_ect coupling_factor 2 drop_on_overload step_thresh 1ms drop_dequeue split_gso classic_protection 10% 
 Sent 13639144 bytes 10990 pkt (dropped 381, overlimits 0 requeues 0) 
 backlog 4968b 4p requeues 0
prob 0.291734 delay_c 2150us delay_l 0us
pkts_in_c 11375 pkts_in_l 0 maxq 27
ecn_mark 0 step_marks 0
credit -121120 (L)

------ Mon 01 Dec 2025 11:32:40 PM PST ------
qdisc htb 1: root refcnt 33 r2q 10 default 0x10 direct_packets_stat 0 direct_qlen 1000
 Sent 13682614 bytes 11025 pkt (dropped 382, overlimits 11007 requeues 0) 
 backlog 3726b 3p requeues 0
qdisc dualpi2 2: parent 1:10 limit 15040000p target 1ms tupdate 16ms alpha 0.152344 beta 3.195312 l4s_ect coupling_factor 2 drop_on_overload step_thresh 1ms drop_dequeue split_gso classic_protection 10% 
 Sent 13682614 bytes 11025 pkt (dropped 382, overlimits 0 requeues 0) 
 backlog 3726b 3p requeues 0
prob 0.291963 delay_c 1647us delay_l 0us
pkts_in_c 11410 pkts_in_l 0 maxq 27
ecn_mark 0 step_marks 0
credit -121120 (L)

------ Mon 01 Dec 2025 11:32:40 PM PST ------
qdisc htb 1: root refcnt 33 r2q 10 default 0x10 direct_packets_stat 0 direct_qlen 1000
 Sent 13724842 bytes 11059 pkt (dropped 382, overlimits 11041 requeues 0) 
 backlog 4968b 4p requeues 0
qdisc dualpi2 2: parent 1:10 limit 15040000p target 1ms tupdate 16ms alpha 0.152344 beta 3.195312 l4s_ect coupling_factor 2 drop_on_overload step_thresh 1ms drop_dequeue split_gso classic_protection 10% 
 Sent 13724842 bytes 11059 pkt (dropped 382, overlimits 0 requeues 0) 
 backlog 4968b 4p requeues 0
prob 0.292181 delay_c 2648us delay_l 0us
pkts_in_c 11445 pkts_in_l 0 maxq 27
ecn_mark 0 step_marks 0
credit -121120 (L)

------ Mon 01 Dec 2025 11:32:40 PM PST ------
qdisc htb 1: root refcnt 33 r2q 10 default 0x10 direct_packets_stat 0 direct_qlen 1000
 Sent 13765828 bytes 11092 pkt (dropped 385, overlimits 11074 requeues 0) 
 backlog 3726b 3p requeues 0
qdisc dualpi2 2: parent 1:10 limit 15040000p target 1ms tupdate 16ms alpha 0.152344 beta 3.195312 l4s_ect coupling_factor 2 drop_on_overload step_thresh 1ms drop_dequeue split_gso classic_protection 10% 
 Sent 13765828 bytes 11092 pkt (dropped 385, overlimits 0 requeues 0) 
 backlog 3726b 3p requeues 0
prob 0.292571 delay_c 1596us delay_l 0us
pkts_in_c 11480 pkts_in_l 0 maxq 27
ecn_mark 0 step_marks 0
credit -121120 (L)

------ Mon 01 Dec 2025 11:32:40 PM PST ------
qdisc htb 1: root refcnt 33 r2q 10 default 0x10 direct_packets_stat 0 direct_qlen 1000
 Sent 13808056 bytes 11126 pkt (dropped 385, overlimits 11108 requeues 0) 
 backlog 4968b 4p requeues 0
qdisc dualpi2 2: parent 1:10 limit 15040000p target 1ms tupdate 16ms alpha 0.152344 beta 3.195312 l4s_ect coupling_factor 2 drop_on_overload step_thresh 1ms drop_dequeue split_gso classic_protection 10% 
 Sent 13808056 bytes 11126 pkt (dropped 385, overlimits 0 requeues 0) 
 backlog 4968b 4p requeues 0
prob 0.292831 delay_c 2496us delay_l 0us
pkts_in_c 11515 pkts_in_l 0 maxq 27
ecn_mark 0 step_marks 0
credit -121120 (L)

------ Mon 01 Dec 2025 11:32:41 PM PST ------
qdisc htb 1: root refcnt 33 r2q 10 default 0x10 direct_packets_stat 0 direct_qlen 1000
 Sent 13849042 bytes 11159 pkt (dropped 386, overlimits 11141 requeues 0) 
 backlog 3726b 3p requeues 0
qdisc dualpi2 2: parent 1:10 limit 15040000p target 1ms tupdate 16ms alpha 0.152344 beta 3.195312 l4s_ect coupling_factor 2 drop_on_overload step_thresh 1ms drop_dequeue split_gso classic_protection 10% 
 Sent 13849042 bytes 11159 pkt (dropped 386, overlimits 0 requeues 0) 
 backlog 3726b 3p requeues 0
prob 0.293281 delay_c 2732us delay_l 0us
pkts_in_c 11548 pkts_in_l 0 maxq 27
ecn_mark 0 step_marks 0
credit -121120 (L)

------ Mon 01 Dec 2025 11:32:41 PM PST ------
qdisc htb 1: root refcnt 33 r2q 10 default 0x10 direct_packets_stat 0 direct_qlen 1000
 Sent 13891270 bytes 11193 pkt (dropped 388, overlimits 11175 requeues 0) 
 backlog 2484b 2p requeues 0
qdisc dualpi2 2: parent 1:10 limit 15040000p target 1ms tupdate 16ms alpha 0.152344 beta 3.195312 l4s_ect coupling_factor 2 drop_on_overload step_thresh 1ms drop_dequeue split_gso classic_protection 10% 
 Sent 13891270 bytes 11193 pkt (dropped 388, overlimits 0 requeues 0) 
 backlog 2484b 2p requeues 0
prob 0.293434 delay_c 1581us delay_l 0us
pkts_in_c 11583 pkts_in_l 0 maxq 27
ecn_mark 0 step_marks 0
credit -121120 (L)

------ Mon 01 Dec 2025 11:32:41 PM PST ------
qdisc htb 1: root refcnt 33 r2q 10 default 0x10 direct_packets_stat 0 direct_qlen 1000
 Sent 13931014 bytes 11225 pkt (dropped 389, overlimits 11207 requeues 0) 
 backlog 3726b 3p requeues 0
qdisc dualpi2 2: parent 1:10 limit 15040000p target 1ms tupdate 16ms alpha 0.152344 beta 3.195312 l4s_ect coupling_factor 2 drop_on_overload step_thresh 1ms drop_dequeue split_gso classic_protection 10% 
 Sent 13931014 bytes 11225 pkt (dropped 389, overlimits 0 requeues 0) 
 backlog 3726b 3p requeues 0
prob 0.293694 delay_c 2270us delay_l 0us
pkts_in_c 11617 pkts_in_l 0 maxq 27
ecn_mark 0 step_marks 0
credit -121120 (L)

------ Mon 01 Dec 2025 11:32:41 PM PST ------
qdisc htb 1: root refcnt 33 r2q 10 default 0x10 direct_packets_stat 0 direct_qlen 1000
 Sent 13970758 bytes 11257 pkt (dropped 390, overlimits 11239 requeues 0) 
 backlog 4968b 4p requeues 0
qdisc dualpi2 2: parent 1:10 limit 15040000p target 1ms tupdate 16ms alpha 0.152344 beta 3.195312 l4s_ect coupling_factor 2 drop_on_overload step_thresh 1ms drop_dequeue split_gso classic_protection 10% 
 Sent 13970758 bytes 11257 pkt (dropped 390, overlimits 0 requeues 0) 
 backlog 4968b 4p requeues 0
prob 0.293979 delay_c 2041us delay_l 0us
pkts_in_c 11651 pkts_in_l 0 maxq 27
ecn_mark 0 step_marks 0
credit -121120 (L)

------ Mon 01 Dec 2025 11:32:41 PM PST ------
qdisc htb 1: root refcnt 33 r2q 10 default 0x10 direct_packets_stat 0 direct_qlen 1000
 Sent 14011744 bytes 11290 pkt (dropped 391, overlimits 11272 requeues 0) 
 backlog 2484b 2p requeues 0
qdisc dualpi2 2: parent 1:10 limit 15040000p target 1ms tupdate 16ms alpha 0.152344 beta 3.195312 l4s_ect coupling_factor 2 drop_on_overload step_thresh 1ms drop_dequeue split_gso classic_protection 10% 
 Sent 14011744 bytes 11290 pkt (dropped 391, overlimits 0 requeues 0) 
 backlog 2484b 2p requeues 0
prob 0.294104 delay_c 1985us delay_l 0us
pkts_in_c 11683 pkts_in_l 0 maxq 27
ecn_mark 0 step_marks 0
credit -121120 (L)

------ Mon 01 Dec 2025 11:32:41 PM PST ------
qdisc htb 1: root refcnt 33 r2q 10 default 0x10 direct_packets_stat 0 direct_qlen 1000
 Sent 14052730 bytes 11323 pkt (dropped 393, overlimits 11305 requeues 0) 
 backlog 2484b 2p requeues 0
qdisc dualpi2 2: parent 1:10 limit 15040000p target 1ms tupdate 16ms alpha 0.152344 beta 3.195312 l4s_ect coupling_factor 2 drop_on_overload step_thresh 1ms drop_dequeue split_gso classic_protection 10% 
 Sent 14052730 bytes 11323 pkt (dropped 393, overlimits 0 requeues 0) 
 backlog 2484b 2p requeues 0
prob 0.294380 delay_c 1317us delay_l 0us
pkts_in_c 11718 pkts_in_l 0 maxq 27
ecn_mark 0 step_marks 0
credit -121120 (L)

------ Mon 01 Dec 2025 11:32:41 PM PST ------
qdisc htb 1: root refcnt 33 r2q 10 default 0x10 direct_packets_stat 0 direct_qlen 1000
 Sent 14093716 bytes 11356 pkt (dropped 393, overlimits 11338 requeues 0) 
 backlog 3726b 3p requeues 0
qdisc dualpi2 2: parent 1:10 limit 15040000p target 1ms tupdate 16ms alpha 0.152344 beta 3.195312 l4s_ect coupling_factor 2 drop_on_overload step_thresh 1ms drop_dequeue split_gso classic_protection 10% 
 Sent 14093716 bytes 11356 pkt (dropped 393, overlimits 0 requeues 0) 
 backlog 3726b 3p requeues 0
prob 0.294592 delay_c 2508us delay_l 0us
pkts_in_c 11752 pkts_in_l 0 maxq 27
ecn_mark 0 step_marks 0
credit -121120 (L)

------ Mon 01 Dec 2025 11:32:41 PM PST ------
qdisc htb 1: root refcnt 33 r2q 10 default 0x10 direct_packets_stat 0 direct_qlen 1000
 Sent 14133460 bytes 11388 pkt (dropped 395, overlimits 11370 requeues 0) 
 backlog 3726b 3p requeues 0
qdisc dualpi2 2: parent 1:10 limit 15040000p target 1ms tupdate 16ms alpha 0.152344 beta 3.195312 l4s_ect coupling_factor 2 drop_on_overload step_thresh 1ms drop_dequeue split_gso classic_protection 10% 
 Sent 14133460 bytes 11388 pkt (dropped 395, overlimits 0 requeues 0) 
 backlog 3726b 3p requeues 0
prob 0.294788 delay_c 1511us delay_l 0us
pkts_in_c 11786 pkts_in_l 0 maxq 27
ecn_mark 0 step_marks 0
credit -121120 (L)

------ Mon 01 Dec 2025 11:32:41 PM PST ------
qdisc htb 1: root refcnt 33 r2q 10 default 0x10 direct_packets_stat 0 direct_qlen 1000
 Sent 14174446 bytes 11421 pkt (dropped 395, overlimits 11403 requeues 0) 
 backlog 4968b 4p requeues 0
qdisc dualpi2 2: parent 1:10 limit 15040000p target 1ms tupdate 16ms alpha 0.152344 beta 3.195312 l4s_ect coupling_factor 2 drop_on_overload step_thresh 1ms drop_dequeue split_gso classic_protection 10% 
 Sent 14174446 bytes 11421 pkt (dropped 395, overlimits 0 requeues 0) 
 backlog 4968b 4p requeues 0
prob 0.295052 delay_c 2575us delay_l 0us
pkts_in_c 11820 pkts_in_l 0 maxq 27
ecn_mark 0 step_marks 0
credit -121120 (L)

------ Mon 01 Dec 2025 11:32:41 PM PST ------
qdisc htb 1: root refcnt 33 r2q 10 default 0x10 direct_packets_stat 0 direct_qlen 1000
 Sent 14215432 bytes 11454 pkt (dropped 398, overlimits 11436 requeues 0) 
 backlog 1242b 1p requeues 0
qdisc dualpi2 2: parent 1:10 limit 15040000p target 1ms tupdate 16ms alpha 0.152344 beta 3.195312 l4s_ect coupling_factor 2 drop_on_overload step_thresh 1ms drop_dequeue split_gso classic_protection 10% 
 Sent 14215432 bytes 11454 pkt (dropped 398, overlimits 0 requeues 0) 
 backlog 1242b 1p requeues 0
prob 0.292117 delay_c 840us delay_l 0us
pkts_in_c 11853 pkts_in_l 0 maxq 27
ecn_mark 0 step_marks 0
credit -121120 (L)

------ Mon 01 Dec 2025 11:32:41 PM PST ------
qdisc htb 1: root refcnt 33 r2q 10 default 0x10 direct_packets_stat 0 direct_qlen 1000
 Sent 14255176 bytes 11486 pkt (dropped 399, overlimits 11468 requeues 0) 
 backlog 2484b 2p requeues 0
qdisc dualpi2 2: parent 1:10 limit 15040000p target 1ms tupdate 16ms alpha 0.152344 beta 3.195312 l4s_ect coupling_factor 2 drop_on_overload step_thresh 1ms drop_dequeue split_gso classic_protection 10% 
 Sent 14255176 bytes 11486 pkt (dropped 399, overlimits 0 requeues 0) 
 backlog 2484b 2p requeues 0
prob 0.295584 delay_c 1500us delay_l 0us
pkts_in_c 11887 pkts_in_l 0 maxq 27
ecn_mark 0 step_marks 0
credit -121120 (L)

------ Mon 01 Dec 2025 11:32:41 PM PST ------
qdisc htb 1: root refcnt 33 r2q 10 default 0x10 direct_packets_stat 0 direct_qlen 1000
 Sent 14296162 bytes 11519 pkt (dropped 400, overlimits 11501 requeues 0) 
 backlog 2484b 2p requeues 0
qdisc dualpi2 2: parent 1:10 limit 15040000p target 1ms tupdate 16ms alpha 0.152344 beta 3.195312 l4s_ect coupling_factor 2 drop_on_overload step_thresh 1ms drop_dequeue split_gso classic_protection 10% 
 Sent 14296162 bytes 11519 pkt (dropped 400, overlimits 0 requeues 0) 
 backlog 2484b 2p requeues 0
prob 0.292448 delay_c 1801us delay_l 0us
pkts_in_c 11921 pkts_in_l 0 maxq 27
ecn_mark 0 step_marks 0
credit -121120 (L)

------ Mon 01 Dec 2025 11:32:41 PM PST ------
qdisc htb 1: root refcnt 33 r2q 10 default 0x10 direct_packets_stat 0 direct_qlen 1000
 Sent 14335906 bytes 11551 pkt (dropped 400, overlimits 11533 requeues 0) 
 backlog 4968b 4p requeues 0
qdisc dualpi2 2: parent 1:10 limit 15040000p target 1ms tupdate 16ms alpha 0.152344 beta 3.195312 l4s_ect coupling_factor 2 drop_on_overload step_thresh 1ms drop_dequeue split_gso classic_protection 10% 
 Sent 14335906 bytes 11551 pkt (dropped 400, overlimits 0 requeues 0) 
 backlog 4968b 4p requeues 0
prob 0.295911 delay_c 2014us delay_l 0us
pkts_in_c 11955 pkts_in_l 0 maxq 27
ecn_mark 0 step_marks 0
credit -121120 (L)

------ Mon 01 Dec 2025 11:32:41 PM PST ------
qdisc htb 1: root refcnt 33 r2q 10 default 0x10 direct_packets_stat 0 direct_qlen 1000
 Sent 14375650 bytes 11583 pkt (dropped 401, overlimits 11565 requeues 0) 
 backlog 3726b 3p requeues 0
qdisc dualpi2 2: parent 1:10 limit 15040000p target 1ms tupdate 16ms alpha 0.152344 beta 3.195312 l4s_ect coupling_factor 2 drop_on_overload step_thresh 1ms drop_dequeue split_gso classic_protection 10% 
 Sent 14375650 bytes 11583 pkt (dropped 401, overlimits 0 requeues 0) 
 backlog 3726b 3p requeues 0
prob 0.296311 delay_c 2904us delay_l 0us
pkts_in_c 11987 pkts_in_l 0 maxq 27
ecn_mark 0 step_marks 0
credit -121120 (L)

------ Mon 01 Dec 2025 11:32:41 PM PST ------
qdisc htb 1: root refcnt 33 r2q 10 default 0x10 direct_packets_stat 0 direct_qlen 1000
 Sent 14415394 bytes 11615 pkt (dropped 402, overlimits 11597 requeues 0) 
 backlog 4968b 4p requeues 0
qdisc dualpi2 2: parent 1:10 limit 15040000p target 1ms tupdate 16ms alpha 0.152344 beta 3.195312 l4s_ect coupling_factor 2 drop_on_overload step_thresh 1ms drop_dequeue split_gso classic_protection 10% 
 Sent 14415394 bytes 11615 pkt (dropped 402, overlimits 0 requeues 0) 
 backlog 4968b 4p requeues 0
prob 0.296362 delay_c 2491us delay_l 0us
pkts_in_c 12021 pkts_in_l 0 maxq 27
ecn_mark 0 step_marks 0
credit -121120 (L)

------ Mon 01 Dec 2025 11:32:41 PM PST ------
qdisc htb 1: root refcnt 33 r2q 10 default 0x10 direct_packets_stat 0 direct_qlen 1000
 Sent 14456380 bytes 11648 pkt (dropped 403, overlimits 11630 requeues 0) 
 backlog 4968b 4p requeues 0
qdisc dualpi2 2: parent 1:10 limit 15040000p target 1ms tupdate 16ms alpha 0.152344 beta 3.195312 l4s_ect coupling_factor 2 drop_on_overload step_thresh 1ms drop_dequeue split_gso classic_protection 10% 
 Sent 14456380 bytes 11648 pkt (dropped 403, overlimits 0 requeues 0) 
 backlog 4968b 4p requeues 0
prob 0.296696 delay_c 2569us delay_l 0us
pkts_in_c 12055 pkts_in_l 0 maxq 27
ecn_mark 0 step_marks 0
credit -121120 (L)

------ Mon 01 Dec 2025 11:32:41 PM PST ------
qdisc htb 1: root refcnt 33 r2q 10 default 0x10 direct_packets_stat 0 direct_qlen 1000
 Sent 14496124 bytes 11680 pkt (dropped 405, overlimits 11662 requeues 0) 
 backlog 2484b 2p requeues 0
qdisc dualpi2 2: parent 1:10 limit 15040000p target 1ms tupdate 16ms alpha 0.152344 beta 3.195312 l4s_ect coupling_factor 2 drop_on_overload step_thresh 1ms drop_dequeue split_gso classic_protection 10% 
 Sent 14496124 bytes 11680 pkt (dropped 405, overlimits 0 requeues 0) 
 backlog 2484b 2p requeues 0
prob 0.296974 delay_c 1798us delay_l 0us
pkts_in_c 12087 pkts_in_l 0 maxq 27
ecn_mark 0 step_marks 0
credit -121120 (L)

------ Mon 01 Dec 2025 11:32:41 PM PST ------
qdisc htb 1: root refcnt 33 r2q 10 default 0x10 direct_packets_stat 0 direct_qlen 1000
 Sent 14537110 bytes 11713 pkt (dropped 406, overlimits 11695 requeues 0) 
 backlog 3726b 3p requeues 0
qdisc dualpi2 2: parent 1:10 limit 15040000p target 1ms tupdate 16ms alpha 0.152344 beta 3.195312 l4s_ect coupling_factor 2 drop_on_overload step_thresh 1ms drop_dequeue split_gso classic_protection 10% 
 Sent 14537110 bytes 11713 pkt (dropped 406, overlimits 0 requeues 0) 
 backlog 3726b 3p requeues 0
prob 0.297096 delay_c 2403us delay_l 0us
pkts_in_c 12122 pkts_in_l 0 maxq 27
ecn_mark 0 step_marks 0
credit -121120 (L)

------ Mon 01 Dec 2025 11:32:41 PM PST ------
qdisc htb 1: root refcnt 33 r2q 10 default 0x10 direct_packets_stat 0 direct_qlen 1000
 Sent 14578096 bytes 11746 pkt (dropped 407, overlimits 11728 requeues 0) 
 backlog 3726b 3p requeues 0
qdisc dualpi2 2: parent 1:10 limit 15040000p target 1ms tupdate 16ms alpha 0.152344 beta 3.195312 l4s_ect coupling_factor 2 drop_on_overload step_thresh 1ms drop_dequeue split_gso classic_protection 10% 
 Sent 14578096 bytes 11746 pkt (dropped 407, overlimits 0 requeues 0) 
 backlog 3726b 3p requeues 0
prob 0.297446 delay_c 1837us delay_l 0us
pkts_in_c 12156 pkts_in_l 0 maxq 27
ecn_mark 0 step_marks 0
credit -121120 (L)

------ Mon 01 Dec 2025 11:32:41 PM PST ------
qdisc htb 1: root refcnt 33 r2q 10 default 0x10 direct_packets_stat 0 direct_qlen 1000
 Sent 14619082 bytes 11779 pkt (dropped 409, overlimits 11761 requeues 0) 
 backlog 3726b 3p requeues 0
qdisc dualpi2 2: parent 1:10 limit 15040000p target 1ms tupdate 16ms alpha 0.152344 beta 3.195312 l4s_ect coupling_factor 2 drop_on_overload step_thresh 1ms drop_dequeue split_gso classic_protection 10% 
 Sent 14619082 bytes 11779 pkt (dropped 409, overlimits 0 requeues 0) 
 backlog 3726b 3p requeues 0
prob 0.297717 delay_c 1181us delay_l 0us
pkts_in_c 12191 pkts_in_l 0 maxq 27
ecn_mark 0 step_marks 0
credit -121120 (L)

------ Mon 01 Dec 2025 11:32:41 PM PST ------
qdisc htb 1: root refcnt 33 r2q 10 default 0x10 direct_packets_stat 0 direct_qlen 1000
 Sent 14658826 bytes 11811 pkt (dropped 410, overlimits 11793 requeues 0) 
 backlog 2484b 2p requeues 0
qdisc dualpi2 2: parent 1:10 limit 15040000p target 1ms tupdate 16ms alpha 0.152344 beta 3.195312 l4s_ect coupling_factor 2 drop_on_overload step_thresh 1ms drop_dequeue split_gso classic_protection 10% 
 Sent 14658826 bytes 11811 pkt (dropped 410, overlimits 0 requeues 0) 
 backlog 2484b 2p requeues 0
prob 0.297883 delay_c 1766us delay_l 0us
pkts_in_c 12223 pkts_in_l 0 maxq 27
ecn_mark 0 step_marks 0
credit -121120 (L)

------ Mon 01 Dec 2025 11:32:41 PM PST ------
qdisc htb 1: root refcnt 33 r2q 10 default 0x10 direct_packets_stat 0 direct_qlen 1000
 Sent 14698570 bytes 11843 pkt (dropped 411, overlimits 11825 requeues 0) 
 backlog 2484b 2p requeues 0
qdisc dualpi2 2: parent 1:10 limit 15040000p target 1ms tupdate 16ms alpha 0.152344 beta 3.195312 l4s_ect coupling_factor 2 drop_on_overload step_thresh 1ms drop_dequeue split_gso classic_protection 10% 
 Sent 14698570 bytes 11843 pkt (dropped 411, overlimits 0 requeues 0) 
 backlog 2484b 2p requeues 0
prob 0.298178 delay_c 1965us delay_l 0us
pkts_in_c 12256 pkts_in_l 0 maxq 27
ecn_mark 0 step_marks 0
credit -121120 (L)

------ Mon 01 Dec 2025 11:32:41 PM PST ------
qdisc htb 1: root refcnt 33 r2q 10 default 0x10 direct_packets_stat 0 direct_qlen 1000
 Sent 14738314 bytes 11875 pkt (dropped 412, overlimits 11857 requeues 0) 
 backlog 3726b 3p requeues 0
qdisc dualpi2 2: parent 1:10 limit 15040000p target 1ms tupdate 16ms alpha 0.152344 beta 3.195312 l4s_ect coupling_factor 2 drop_on_overload step_thresh 1ms drop_dequeue split_gso classic_protection 10% 
 Sent 14738314 bytes 11875 pkt (dropped 412, overlimits 0 requeues 0) 
 backlog 3726b 3p requeues 0
prob 0.298497 delay_c 1835us delay_l 0us
pkts_in_c 12290 pkts_in_l 0 maxq 27
ecn_mark 0 step_marks 0
credit -121120 (L)

------ Mon 01 Dec 2025 11:32:41 PM PST ------
qdisc htb 1: root refcnt 33 r2q 10 default 0x10 direct_packets_stat 0 direct_qlen 1000
 Sent 14779300 bytes 11908 pkt (dropped 413, overlimits 11890 requeues 0) 
 backlog 4968b 4p requeues 0
qdisc dualpi2 2: parent 1:10 limit 15040000p target 1ms tupdate 16ms alpha 0.152344 beta 3.195312 l4s_ect coupling_factor 2 drop_on_overload step_thresh 1ms drop_dequeue split_gso classic_protection 10% 
 Sent 14779300 bytes 11908 pkt (dropped 413, overlimits 0 requeues 0) 
 backlog 4968b 4p requeues 0
prob 0.298640 delay_c 2298us delay_l 0us
pkts_in_c 12325 pkts_in_l 0 maxq 27
ecn_mark 0 step_marks 0
credit -121120 (L)

------ Mon 01 Dec 2025 11:32:41 PM PST ------
qdisc htb 1: root refcnt 33 r2q 10 default 0x10 direct_packets_stat 0 direct_qlen 1000
 Sent 14819044 bytes 11940 pkt (dropped 414, overlimits 11922 requeues 0) 
 backlog 3726b 3p requeues 0
qdisc dualpi2 2: parent 1:10 limit 15040000p target 1ms tupdate 16ms alpha 0.152344 beta 3.195312 l4s_ect coupling_factor 2 drop_on_overload step_thresh 1ms drop_dequeue split_gso classic_protection 10% 
 Sent 14819044 bytes 11940 pkt (dropped 414, overlimits 0 requeues 0) 
 backlog 3726b 3p requeues 0
prob 0.298946 delay_c 2473us delay_l 0us
pkts_in_c 12357 pkts_in_l 0 maxq 27
ecn_mark 0 step_marks 0
credit -121120 (L)

------ Mon 01 Dec 2025 11:32:41 PM PST ------
qdisc htb 1: root refcnt 33 r2q 10 default 0x10 direct_packets_stat 0 direct_qlen 1000
 Sent 14858788 bytes 11972 pkt (dropped 416, overlimits 11954 requeues 0) 
 backlog 3726b 3p requeues 0
qdisc dualpi2 2: parent 1:10 limit 15040000p target 1ms tupdate 16ms alpha 0.152344 beta 3.195312 l4s_ect coupling_factor 2 drop_on_overload step_thresh 1ms drop_dequeue split_gso classic_protection 10% 
 Sent 14858788 bytes 11972 pkt (dropped 416, overlimits 0 requeues 0) 
 backlog 3726b 3p requeues 0
prob 0.299276 delay_c 1237us delay_l 0us
pkts_in_c 12391 pkts_in_l 0 maxq 27
ecn_mark 0 step_marks 0
credit -121120 (L)

------ Mon 01 Dec 2025 11:32:41 PM PST ------
qdisc htb 1: root refcnt 33 r2q 10 default 0x10 direct_packets_stat 0 direct_qlen 1000
 Sent 14901016 bytes 12006 pkt (dropped 416, overlimits 11988 requeues 0) 
 backlog 4968b 4p requeues 0
qdisc dualpi2 2: parent 1:10 limit 15040000p target 1ms tupdate 16ms alpha 0.152344 beta 3.195312 l4s_ect coupling_factor 2 drop_on_overload step_thresh 1ms drop_dequeue split_gso classic_protection 10% 
 Sent 14901016 bytes 12006 pkt (dropped 416, overlimits 0 requeues 0) 
 backlog 4968b 4p requeues 0
prob 0.299450 delay_c 2085us delay_l 0us
pkts_in_c 12426 pkts_in_l 0 maxq 27
ecn_mark 0 step_marks 0
credit -121120 (L)

------ Mon 01 Dec 2025 11:32:41 PM PST ------
qdisc htb 1: root refcnt 33 r2q 10 default 0x10 direct_packets_stat 0 direct_qlen 1000
 Sent 14944486 bytes 12041 pkt (dropped 417, overlimits 12023 requeues 0) 
 backlog 3726b 3p requeues 0
qdisc dualpi2 2: parent 1:10 limit 15040000p target 1ms tupdate 16ms alpha 0.152344 beta 3.195312 l4s_ect coupling_factor 2 drop_on_overload step_thresh 1ms drop_dequeue split_gso classic_protection 10% 
 Sent 14944486 bytes 12041 pkt (dropped 417, overlimits 0 requeues 0) 
 backlog 3726b 3p requeues 0
prob 0.299785 delay_c 1652us delay_l 0us
pkts_in_c 12461 pkts_in_l 0 maxq 27
ecn_mark 0 step_marks 0
credit -121120 (L)

------ Mon 01 Dec 2025 11:32:41 PM PST ------
qdisc htb 1: root refcnt 33 r2q 10 default 0x10 direct_packets_stat 0 direct_qlen 1000
 Sent 14985472 bytes 12074 pkt (dropped 419, overlimits 12056 requeues 0) 
 backlog 3726b 3p requeues 0
qdisc dualpi2 2: parent 1:10 limit 15040000p target 1ms tupdate 16ms alpha 0.152344 beta 3.195312 l4s_ect coupling_factor 2 drop_on_overload step_thresh 1ms drop_dequeue split_gso classic_protection 10% 
 Sent 14985472 bytes 12074 pkt (dropped 419, overlimits 0 requeues 0) 
 backlog 3726b 3p requeues 0
prob 0.300040 delay_c 1415us delay_l 0us
pkts_in_c 12496 pkts_in_l 0 maxq 27
ecn_mark 0 step_marks 0
credit -121120 (L)

------ Mon 01 Dec 2025 11:32:41 PM PST ------
qdisc htb 1: root refcnt 33 r2q 10 default 0x10 direct_packets_stat 0 direct_qlen 1000
 Sent 15027700 bytes 12108 pkt (dropped 420, overlimits 12090 requeues 0) 
 backlog 3726b 3p requeues 0
qdisc dualpi2 2: parent 1:10 limit 15040000p target 1ms tupdate 16ms alpha 0.152344 beta 3.195312 l4s_ect coupling_factor 2 drop_on_overload step_thresh 1ms drop_dequeue split_gso classic_protection 10% 
 Sent 15027700 bytes 12108 pkt (dropped 420, overlimits 0 requeues 0) 
 backlog 3726b 3p requeues 0
prob 0.300355 delay_c 1187us delay_l 0us
pkts_in_c 12531 pkts_in_l 0 maxq 27
ecn_mark 0 step_marks 0
credit -121120 (L)

------ Mon 01 Dec 2025 11:32:41 PM PST ------
qdisc htb 1: root refcnt 33 r2q 10 default 0x10 direct_packets_stat 0 direct_qlen 1000
 Sent 15068686 bytes 12141 pkt (dropped 422, overlimits 12123 requeues 0) 
 backlog 2484b 2p requeues 0
qdisc dualpi2 2: parent 1:10 limit 15040000p target 1ms tupdate 16ms alpha 0.152344 beta 3.195312 l4s_ect coupling_factor 2 drop_on_overload step_thresh 1ms drop_dequeue split_gso classic_protection 10% 
 Sent 15068686 bytes 12141 pkt (dropped 422, overlimits 0 requeues 0) 
 backlog 2484b 2p requeues 0
prob 0.300603 delay_c 856us delay_l 0us
pkts_in_c 12565 pkts_in_l 0 maxq 27
ecn_mark 0 step_marks 0
credit -121120 (L)

------ Mon 01 Dec 2025 11:32:41 PM PST ------
qdisc htb 1: root refcnt 33 r2q 10 default 0x10 direct_packets_stat 0 direct_qlen 1000
 Sent 15112156 bytes 12176 pkt (dropped 423, overlimits 12158 requeues 0) 
 backlog 2484b 2p requeues 0
qdisc dualpi2 2: parent 1:10 limit 15040000p target 1ms tupdate 16ms alpha 0.152344 beta 3.195312 l4s_ect coupling_factor 2 drop_on_overload step_thresh 1ms drop_dequeue split_gso classic_protection 10% 
 Sent 15112156 bytes 12176 pkt (dropped 423, overlimits 0 requeues 0) 
 backlog 2484b 2p requeues 0
prob 0.297560 delay_c 1822us delay_l 0us
pkts_in_c 12601 pkts_in_l 0 maxq 27
ecn_mark 0 step_marks 0
credit -121120 (L)

------ Mon 01 Dec 2025 11:32:41 PM PST ------
qdisc htb 1: root refcnt 33 r2q 10 default 0x10 direct_packets_stat 0 direct_qlen 1000
 Sent 15154384 bytes 12210 pkt (dropped 424, overlimits 12192 requeues 0) 
 backlog 3726b 3p requeues 0
qdisc dualpi2 2: parent 1:10 limit 15040000p target 1ms tupdate 16ms alpha 0.152344 beta 3.195312 l4s_ect coupling_factor 2 drop_on_overload step_thresh 1ms drop_dequeue split_gso classic_protection 10% 
 Sent 15154384 bytes 12210 pkt (dropped 424, overlimits 0 requeues 0) 
 backlog 3726b 3p requeues 0
prob 0.301087 delay_c 2110us delay_l 0us
pkts_in_c 12637 pkts_in_l 0 maxq 27
ecn_mark 0 step_marks 0
credit -121120 (L)

------ Mon 01 Dec 2025 11:32:41 PM PST ------
qdisc htb 1: root refcnt 33 r2q 10 default 0x10 direct_packets_stat 0 direct_qlen 1000
 Sent 15195370 bytes 12243 pkt (dropped 425, overlimits 12225 requeues 0) 
 backlog 3726b 3p requeues 0
qdisc dualpi2 2: parent 1:10 limit 15040000p target 1ms tupdate 16ms alpha 0.152344 beta 3.195312 l4s_ect coupling_factor 2 drop_on_overload step_thresh 1ms drop_dequeue split_gso classic_protection 10% 
 Sent 15195370 bytes 12243 pkt (dropped 425, overlimits 0 requeues 0) 
 backlog 3726b 3p requeues 0
prob 0.301234 delay_c 1608us delay_l 0us
pkts_in_c 12671 pkts_in_l 0 maxq 27
ecn_mark 0 step_marks 0
credit -121120 (L)

------ Mon 01 Dec 2025 11:32:41 PM PST ------
qdisc htb 1: root refcnt 33 r2q 10 default 0x10 direct_packets_stat 0 direct_qlen 1000
 Sent 15238840 bytes 12278 pkt (dropped 426, overlimits 12260 requeues 0) 
 backlog 3726b 3p requeues 0
qdisc dualpi2 2: parent 1:10 limit 15040000p target 1ms tupdate 16ms alpha 0.152344 beta 3.195312 l4s_ect coupling_factor 2 drop_on_overload step_thresh 1ms drop_dequeue split_gso classic_protection 10% 
 Sent 15238840 bytes 12278 pkt (dropped 426, overlimits 0 requeues 0) 
 backlog 3726b 3p requeues 0
prob 0.301498 delay_c 2429us delay_l 0us
pkts_in_c 12707 pkts_in_l 0 maxq 27
ecn_mark 0 step_marks 0
credit -121120 (L)

------ Mon 01 Dec 2025 11:32:41 PM PST ------
qdisc htb 1: root refcnt 33 r2q 10 default 0x10 direct_packets_stat 0 direct_qlen 1000
 Sent 15281068 bytes 12312 pkt (dropped 427, overlimits 12294 requeues 0) 
 backlog 3726b 3p requeues 0
qdisc dualpi2 2: parent 1:10 limit 15040000p target 1ms tupdate 16ms alpha 0.152344 beta 3.195312 l4s_ect coupling_factor 2 drop_on_overload step_thresh 1ms drop_dequeue split_gso classic_protection 10% 
 Sent 15281068 bytes 12312 pkt (dropped 427, overlimits 0 requeues 0) 
 backlog 3726b 3p requeues 0
prob 0.301793 delay_c 2709us delay_l 0us
pkts_in_c 12742 pkts_in_l 0 maxq 27
ecn_mark 0 step_marks 0
credit -121120 (L)

------ Mon 01 Dec 2025 11:32:42 PM PST ------
qdisc htb 1: root refcnt 33 r2q 10 default 0x10 direct_packets_stat 0 direct_qlen 1000
 Sent 15324538 bytes 12347 pkt (dropped 428, overlimits 12329 requeues 0) 
 backlog 3726b 3p requeues 0
qdisc dualpi2 2: parent 1:10 limit 15040000p target 1ms tupdate 16ms alpha 0.152344 beta 3.195312 l4s_ect coupling_factor 2 drop_on_overload step_thresh 1ms drop_dequeue split_gso classic_protection 10% 
 Sent 15324538 bytes 12347 pkt (dropped 428, overlimits 0 requeues 0) 
 backlog 3726b 3p requeues 0
prob 0.302113 delay_c 2815us delay_l 0us
pkts_in_c 12778 pkts_in_l 0 maxq 27
ecn_mark 0 step_marks 0
credit -121120 (L)

------ Mon 01 Dec 2025 11:32:42 PM PST ------
qdisc htb 1: root refcnt 33 r2q 10 default 0x10 direct_packets_stat 0 direct_qlen 1000
 Sent 15368008 bytes 12382 pkt (dropped 430, overlimits 12364 requeues 0) 
 backlog 3726b 3p requeues 0
qdisc dualpi2 2: parent 1:10 limit 15040000p target 1ms tupdate 16ms alpha 0.152344 beta 3.195312 l4s_ect coupling_factor 2 drop_on_overload step_thresh 1ms drop_dequeue split_gso classic_protection 10% 
 Sent 15368008 bytes 12382 pkt (dropped 430, overlimits 0 requeues 0) 
 backlog 3726b 3p requeues 0
prob 0.302446 delay_c 1226us delay_l 0us
pkts_in_c 12815 pkts_in_l 0 maxq 27
ecn_mark 0 step_marks 0
credit -121120 (L)

------ Mon 01 Dec 2025 11:32:42 PM PST ------
qdisc htb 1: root refcnt 33 r2q 10 default 0x10 direct_packets_stat 0 direct_qlen 1000
 Sent 15410236 bytes 12416 pkt (dropped 431, overlimits 12398 requeues 0) 
 backlog 3726b 3p requeues 0
qdisc dualpi2 2: parent 1:10 limit 15040000p target 1ms tupdate 16ms alpha 0.152344 beta 3.195312 l4s_ect coupling_factor 2 drop_on_overload step_thresh 1ms drop_dequeue split_gso classic_protection 10% 
 Sent 15410236 bytes 12416 pkt (dropped 431, overlimits 0 requeues 0) 
 backlog 3726b 3p requeues 0
prob 0.302790 delay_c 1707us delay_l 0us
pkts_in_c 12850 pkts_in_l 0 maxq 27
ecn_mark 0 step_marks 0
credit -121120 (L)

------ Mon 01 Dec 2025 11:32:42 PM PST ------
qdisc htb 1: root refcnt 33 r2q 10 default 0x10 direct_packets_stat 0 direct_qlen 1000
 Sent 15451222 bytes 12449 pkt (dropped 432, overlimits 12431 requeues 0) 
 backlog 2484b 2p requeues 0
qdisc dualpi2 2: parent 1:10 limit 15040000p target 1ms tupdate 16ms alpha 0.152344 beta 3.195312 l4s_ect coupling_factor 2 drop_on_overload step_thresh 1ms drop_dequeue split_gso classic_protection 10% 
 Sent 15451222 bytes 12449 pkt (dropped 432, overlimits 0 requeues 0) 
 backlog 2484b 2p requeues 0
prob 0.302953 delay_c 1764us delay_l 0us
pkts_in_c 12883 pkts_in_l 0 maxq 27
ecn_mark 0 step_marks 0
credit -121120 (L)

------ Mon 01 Dec 2025 11:32:42 PM PST ------
qdisc htb 1: root refcnt 33 r2q 10 default 0x10 direct_packets_stat 0 direct_qlen 1000
 Sent 15492208 bytes 12482 pkt (dropped 433, overlimits 12464 requeues 0) 
 backlog 2484b 2p requeues 0
qdisc dualpi2 2: parent 1:10 limit 15040000p target 1ms tupdate 16ms alpha 0.152344 beta 3.195312 l4s_ect coupling_factor 2 drop_on_overload step_thresh 1ms drop_dequeue split_gso classic_protection 10% 
 Sent 15492208 bytes 12482 pkt (dropped 433, overlimits 0 requeues 0) 
 backlog 2484b 2p requeues 0
prob 0.303329 delay_c 1947us delay_l 0us
pkts_in_c 12917 pkts_in_l 0 maxq 27
ecn_mark 0 step_marks 0
credit -121120 (L)

------ Mon 01 Dec 2025 11:32:42 PM PST ------
qdisc htb 1: root refcnt 33 r2q 10 default 0x10 direct_packets_stat 0 direct_qlen 1000
 Sent 15531952 bytes 12514 pkt (dropped 435, overlimits 12496 requeues 0) 
 backlog 3726b 3p requeues 0
qdisc dualpi2 2: parent 1:10 limit 15040000p target 1ms tupdate 16ms alpha 0.152344 beta 3.195312 l4s_ect coupling_factor 2 drop_on_overload step_thresh 1ms drop_dequeue split_gso classic_protection 10% 
 Sent 15531952 bytes 12514 pkt (dropped 435, overlimits 0 requeues 0) 
 backlog 3726b 3p requeues 0
prob 0.300360 delay_c 2079us delay_l 0us
pkts_in_c 12952 pkts_in_l 0 maxq 27
ecn_mark 0 step_marks 0
credit -121120 (L)

------ Mon 01 Dec 2025 11:32:42 PM PST ------
qdisc htb 1: root refcnt 33 r2q 10 default 0x10 direct_packets_stat 0 direct_qlen 1000
 Sent 15575422 bytes 12549 pkt (dropped 436, overlimits 12531 requeues 0) 
 backlog 2484b 2p requeues 0
qdisc dualpi2 2: parent 1:10 limit 15040000p target 1ms tupdate 16ms alpha 0.152344 beta 3.195312 l4s_ect coupling_factor 2 drop_on_overload step_thresh 1ms drop_dequeue split_gso classic_protection 10% 
 Sent 15575422 bytes 12549 pkt (dropped 436, overlimits 0 requeues 0) 
 backlog 2484b 2p requeues 0
prob 0.303894 delay_c 1409us delay_l 0us
pkts_in_c 12987 pkts_in_l 0 maxq 27
ecn_mark 0 step_marks 0
credit -121120 (L)

------ Mon 01 Dec 2025 11:32:42 PM PST ------
qdisc htb 1: root refcnt 33 r2q 10 default 0x10 direct_packets_stat 0 direct_qlen 1000
 Sent 15616408 bytes 12582 pkt (dropped 437, overlimits 12564 requeues 0) 
 backlog 2484b 2p requeues 0
qdisc dualpi2 2: parent 1:10 limit 15040000p target 1ms tupdate 16ms alpha 0.152344 beta 3.195312 l4s_ect coupling_factor 2 drop_on_overload step_thresh 1ms drop_dequeue split_gso classic_protection 10% 
 Sent 15616408 bytes 12582 pkt (dropped 437, overlimits 0 requeues 0) 
 backlog 2484b 2p requeues 0
prob 0.300772 delay_c 1865us delay_l 0us
pkts_in_c 13021 pkts_in_l 0 maxq 27
ecn_mark 0 step_marks 0
credit -121120 (L)

------ Mon 01 Dec 2025 11:32:42 PM PST ------
qdisc htb 1: root refcnt 33 r2q 10 default 0x10 direct_packets_stat 0 direct_qlen 1000
 Sent 15656152 bytes 12614 pkt (dropped 438, overlimits 12596 requeues 0) 
 backlog 3726b 3p requeues 0
qdisc dualpi2 2: parent 1:10 limit 15040000p target 1ms tupdate 16ms alpha 0.152344 beta 3.195312 l4s_ect coupling_factor 2 drop_on_overload step_thresh 1ms drop_dequeue split_gso classic_protection 10% 
 Sent 15656152 bytes 12614 pkt (dropped 438, overlimits 0 requeues 0) 
 backlog 3726b 3p requeues 0
prob 0.304253 delay_c 1529us delay_l 0us
pkts_in_c 13055 pkts_in_l 0 maxq 27
ecn_mark 0 step_marks 0
credit -121120 (L)

------ Mon 01 Dec 2025 11:32:42 PM PST ------
qdisc htb 1: root refcnt 33 r2q 10 default 0x10 direct_packets_stat 0 direct_qlen 1000
 Sent 15695896 bytes 12646 pkt (dropped 439, overlimits 12628 requeues 0) 
 backlog 2484b 2p requeues 0
qdisc dualpi2 2: parent 1:10 limit 15040000p target 1ms tupdate 16ms alpha 0.152344 beta 3.195312 l4s_ect coupling_factor 2 drop_on_overload step_thresh 1ms drop_dequeue split_gso classic_protection 10% 
 Sent 15695896 bytes 12646 pkt (dropped 439, overlimits 0 requeues 0) 
 backlog 2484b 2p requeues 0
prob 0.304661 delay_c 1805us delay_l 0us
pkts_in_c 13087 pkts_in_l 0 maxq 27
ecn_mark 0 step_marks 0
credit -121120 (L)

------ Mon 01 Dec 2025 11:32:42 PM PST ------
qdisc htb 1: root refcnt 33 r2q 10 default 0x10 direct_packets_stat 0 direct_qlen 1000
 Sent 15735640 bytes 12678 pkt (dropped 440, overlimits 12660 requeues 0) 
 backlog 3726b 3p requeues 0
qdisc dualpi2 2: parent 1:10 limit 15040000p target 1ms tupdate 16ms alpha 0.152344 beta 3.195312 l4s_ect coupling_factor 2 drop_on_overload step_thresh 1ms drop_dequeue split_gso classic_protection 10% 
 Sent 15735640 bytes 12678 pkt (dropped 440, overlimits 0 requeues 0) 
 backlog 3726b 3p requeues 0
prob 0.304804 delay_c 1249us delay_l 0us
pkts_in_c 13121 pkts_in_l 0 maxq 27
ecn_mark 0 step_marks 0
credit -121120 (L)

------ Mon 01 Dec 2025 11:32:42 PM PST ------
qdisc htb 1: root refcnt 33 r2q 10 default 0x10 direct_packets_stat 0 direct_qlen 1000
 Sent 15776626 bytes 12711 pkt (dropped 442, overlimits 12693 requeues 0) 
 backlog 3726b 3p requeues 0
qdisc dualpi2 2: parent 1:10 limit 15040000p target 1ms tupdate 16ms alpha 0.152344 beta 3.195312 l4s_ect coupling_factor 2 drop_on_overload step_thresh 1ms drop_dequeue split_gso classic_protection 10% 
 Sent 15776626 bytes 12711 pkt (dropped 442, overlimits 0 requeues 0) 
 backlog 3726b 3p requeues 0
prob 0.305185 delay_c 1029us delay_l 0us
pkts_in_c 13156 pkts_in_l 0 maxq 27
ecn_mark 0 step_marks 0
credit -121120 (L)

------ Mon 01 Dec 2025 11:32:42 PM PST ------
qdisc htb 1: root refcnt 33 r2q 10 default 0x10 direct_packets_stat 0 direct_qlen 1000
 Sent 15818854 bytes 12745 pkt (dropped 442, overlimits 12727 requeues 0) 
 backlog 3726b 3p requeues 0
qdisc dualpi2 2: parent 1:10 limit 15040000p target 1ms tupdate 16ms alpha 0.152344 beta 3.195312 l4s_ect coupling_factor 2 drop_on_overload step_thresh 1ms drop_dequeue split_gso classic_protection 10% 
 Sent 15818854 bytes 12745 pkt (dropped 442, overlimits 0 requeues 0) 
 backlog 3726b 3p requeues 0
prob 0.305500 delay_c 1720us delay_l 0us
pkts_in_c 13190 pkts_in_l 0 maxq 27
ecn_mark 0 step_marks 0
credit -121120 (L)

------ Mon 01 Dec 2025 11:32:42 PM PST ------
qdisc htb 1: root refcnt 33 r2q 10 default 0x10 direct_packets_stat 0 direct_qlen 1000
 Sent 15857356 bytes 12776 pkt (dropped 444, overlimits 12758 requeues 0) 
 backlog 2484b 2p requeues 0
qdisc dualpi2 2: parent 1:10 limit 15040000p target 1ms tupdate 16ms alpha 0.152344 beta 3.195312 l4s_ect coupling_factor 2 drop_on_overload step_thresh 1ms drop_dequeue split_gso classic_protection 10% 
 Sent 15857356 bytes 12776 pkt (dropped 444, overlimits 0 requeues 0) 
 backlog 2484b 2p requeues 0
prob 0.302370 delay_c 1796us delay_l 0us
pkts_in_c 13222 pkts_in_l 0 maxq 27
ecn_mark 0 step_marks 0
credit -121120 (L)

------ Mon 01 Dec 2025 11:32:42 PM PST ------
qdisc htb 1: root refcnt 33 r2q 10 default 0x10 direct_packets_stat 0 direct_qlen 1000
 Sent 15897100 bytes 12808 pkt (dropped 445, overlimits 12790 requeues 0) 
 backlog 2484b 2p requeues 0
qdisc dualpi2 2: parent 1:10 limit 15040000p target 1ms tupdate 16ms alpha 0.152344 beta 3.195312 l4s_ect coupling_factor 2 drop_on_overload step_thresh 1ms drop_dequeue split_gso classic_protection 10% 
 Sent 15897100 bytes 12808 pkt (dropped 445, overlimits 0 requeues 0) 
 backlog 2484b 2p requeues 0
prob 0.302605 delay_c 807us delay_l 0us
pkts_in_c 13255 pkts_in_l 0 maxq 27
ecn_mark 0 step_marks 0
credit -121120 (L)

------ Mon 01 Dec 2025 11:32:42 PM PST ------
qdisc htb 1: root refcnt 33 r2q 10 default 0x10 direct_packets_stat 0 direct_qlen 1000
 Sent 15938086 bytes 12841 pkt (dropped 446, overlimits 12823 requeues 0) 
 backlog 3726b 3p requeues 0
qdisc dualpi2 2: parent 1:10 limit 15040000p target 1ms tupdate 16ms alpha 0.152344 beta 3.195312 l4s_ect coupling_factor 2 drop_on_overload step_thresh 1ms drop_dequeue split_gso classic_protection 10% 
 Sent 15938086 bytes 12841 pkt (dropped 446, overlimits 0 requeues 0) 
 backlog 3726b 3p requeues 0
prob 0.306253 delay_c 1223us delay_l 0us
pkts_in_c 13290 pkts_in_l 0 maxq 27
ecn_mark 0 step_marks 0
credit -121120 (L)

------ Mon 01 Dec 2025 11:32:42 PM PST ------
qdisc htb 1: root refcnt 33 r2q 10 default 0x10 direct_packets_stat 0 direct_qlen 1000
 Sent 15980314 bytes 12875 pkt (dropped 447, overlimits 12857 requeues 0) 
 backlog 3726b 3p requeues 0
qdisc dualpi2 2: parent 1:10 limit 15040000p target 1ms tupdate 16ms alpha 0.152344 beta 3.195312 l4s_ect coupling_factor 2 drop_on_overload step_thresh 1ms drop_dequeue split_gso classic_protection 10% 
 Sent 15980314 bytes 12875 pkt (dropped 447, overlimits 0 requeues 0) 
 backlog 3726b 3p requeues 0
prob 0.303038 delay_c 1930us delay_l 0us
pkts_in_c 13325 pkts_in_l 0 maxq 27
ecn_mark 0 step_marks 0
credit -121120 (L)

------ Mon 01 Dec 2025 11:32:42 PM PST ------
qdisc htb 1: root refcnt 33 r2q 10 default 0x10 direct_packets_stat 0 direct_qlen 1000
 Sent 16020058 bytes 12907 pkt (dropped 448, overlimits 12889 requeues 0) 
 backlog 3726b 3p requeues 0
qdisc dualpi2 2: parent 1:10 limit 15040000p target 1ms tupdate 16ms alpha 0.152344 beta 3.195312 l4s_ect coupling_factor 2 drop_on_overload step_thresh 1ms drop_dequeue split_gso classic_protection 10% 
 Sent 16020058 bytes 12907 pkt (dropped 448, overlimits 0 requeues 0) 
 backlog 3726b 3p requeues 0
prob 0.306737 delay_c 2422us delay_l 0us
pkts_in_c 13358 pkts_in_l 0 maxq 27
ecn_mark 0 step_marks 0
credit -121120 (L)

------ Mon 01 Dec 2025 11:32:42 PM PST ------
qdisc htb 1: root refcnt 33 r2q 10 default 0x10 direct_packets_stat 0 direct_qlen 1000
 Sent 16061044 bytes 12940 pkt (dropped 450, overlimits 12922 requeues 0) 
 backlog 2484b 2p requeues 0
qdisc dualpi2 2: parent 1:10 limit 15040000p target 1ms tupdate 16ms alpha 0.152344 beta 3.195312 l4s_ect coupling_factor 2 drop_on_overload step_thresh 1ms drop_dequeue split_gso classic_protection 10% 
 Sent 16061044 bytes 12940 pkt (dropped 450, overlimits 0 requeues 0) 
 backlog 2484b 2p requeues 0
prob 0.303489 delay_c 1066us delay_l 0us
pkts_in_c 13392 pkts_in_l 0 maxq 27
ecn_mark 0 step_marks 0
credit -121120 (L)

------ Mon 01 Dec 2025 11:32:42 PM PST ------
qdisc htb 1: root refcnt 33 r2q 10 default 0x10 direct_packets_stat 0 direct_qlen 1000
 Sent 16099546 bytes 12971 pkt (dropped 450, overlimits 12953 requeues 0) 
 backlog 4968b 4p requeues 0
qdisc dualpi2 2: parent 1:10 limit 15040000p target 1ms tupdate 16ms alpha 0.152344 beta 3.195312 l4s_ect coupling_factor 2 drop_on_overload step_thresh 1ms drop_dequeue split_gso classic_protection 10% 
 Sent 16099546 bytes 12971 pkt (dropped 450, overlimits 0 requeues 0) 
 backlog 4968b 4p requeues 0
prob 0.306953 delay_c 2425us delay_l 0us
pkts_in_c 13425 pkts_in_l 0 maxq 27
ecn_mark 0 step_marks 0
credit -121120 (L)

------ Mon 01 Dec 2025 11:32:42 PM PST ------
qdisc htb 1: root refcnt 33 r2q 10 default 0x10 direct_packets_stat 0 direct_qlen 1000
 Sent 16141774 bytes 13005 pkt (dropped 452, overlimits 12987 requeues 0) 
 backlog 3726b 3p requeues 0
qdisc dualpi2 2: parent 1:10 limit 15040000p target 1ms tupdate 16ms alpha 0.152344 beta 3.195312 l4s_ect coupling_factor 2 drop_on_overload step_thresh 1ms drop_dequeue split_gso classic_protection 10% 
 Sent 16141774 bytes 13005 pkt (dropped 452, overlimits 0 requeues 0) 
 backlog 3726b 3p requeues 0
prob 0.303903 delay_c 1387us delay_l 0us
pkts_in_c 13460 pkts_in_l 0 maxq 27
ecn_mark 0 step_marks 0
credit -121120 (L)

------ Mon 01 Dec 2025 11:32:42 PM PST ------
qdisc htb 1: root refcnt 33 r2q 10 default 0x10 direct_packets_stat 0 direct_qlen 1000
 Sent 16181518 bytes 13037 pkt (dropped 453, overlimits 13019 requeues 0) 
 backlog 3726b 3p requeues 0
qdisc dualpi2 2: parent 1:10 limit 15040000p target 1ms tupdate 16ms alpha 0.152344 beta 3.195312 l4s_ect coupling_factor 2 drop_on_overload step_thresh 1ms drop_dequeue split_gso classic_protection 10% 
 Sent 16181518 bytes 13037 pkt (dropped 453, overlimits 0 requeues 0) 
 backlog 3726b 3p requeues 0
prob 0.307375 delay_c 2105us delay_l 0us
pkts_in_c 13493 pkts_in_l 0 maxq 27
ecn_mark 0 step_marks 0
credit -121120 (L)

------ Mon 01 Dec 2025 11:32:42 PM PST ------
qdisc htb 1: root refcnt 33 r2q 10 default 0x10 direct_packets_stat 0 direct_qlen 1000
 Sent 16222504 bytes 13070 pkt (dropped 453, overlimits 13052 requeues 0) 
 backlog 4968b 4p requeues 0
qdisc dualpi2 2: parent 1:10 limit 15040000p target 1ms tupdate 16ms alpha 0.152344 beta 3.195312 l4s_ect coupling_factor 2 drop_on_overload step_thresh 1ms drop_dequeue split_gso classic_protection 10% 
 Sent 16222504 bytes 13070 pkt (dropped 453, overlimits 0 requeues 0) 
 backlog 4968b 4p requeues 0
prob 0.307875 delay_c 2354us delay_l 0us
pkts_in_c 13527 pkts_in_l 0 maxq 27
ecn_mark 0 step_marks 0
credit -121120 (L)

------ Mon 01 Dec 2025 11:32:42 PM PST ------
qdisc htb 1: root refcnt 33 r2q 10 default 0x10 direct_packets_stat 0 direct_qlen 1000
 Sent 16264732 bytes 13104 pkt (dropped 455, overlimits 13086 requeues 0) 
 backlog 3726b 3p requeues 0
qdisc dualpi2 2: parent 1:10 limit 15040000p target 1ms tupdate 16ms alpha 0.152344 beta 3.195312 l4s_ect coupling_factor 2 drop_on_overload step_thresh 1ms drop_dequeue split_gso classic_protection 10% 
 Sent 16264732 bytes 13104 pkt (dropped 455, overlimits 0 requeues 0) 
 backlog 3726b 3p requeues 0
prob 0.308061 delay_c 2307us delay_l 0us
pkts_in_c 13562 pkts_in_l 0 maxq 27
ecn_mark 0 step_marks 0
credit -121120 (L)

------ Mon 01 Dec 2025 11:32:42 PM PST ------
qdisc htb 1: root refcnt 33 r2q 10 default 0x10 direct_packets_stat 0 direct_qlen 1000
 Sent 16306960 bytes 13138 pkt (dropped 456, overlimits 13120 requeues 0) 
 backlog 3726b 3p requeues 0
qdisc dualpi2 2: parent 1:10 limit 15040000p target 1ms tupdate 16ms alpha 0.152344 beta 3.195312 l4s_ect coupling_factor 2 drop_on_overload step_thresh 1ms drop_dequeue split_gso classic_protection 10% 
 Sent 16306960 bytes 13138 pkt (dropped 456, overlimits 0 requeues 0) 
 backlog 3726b 3p requeues 0
prob 0.308441 delay_c 2484us delay_l 0us
pkts_in_c 13597 pkts_in_l 0 maxq 27
ecn_mark 0 step_marks 0
credit -121120 (L)

------ Mon 01 Dec 2025 11:32:42 PM PST ------
qdisc htb 1: root refcnt 33 r2q 10 default 0x10 direct_packets_stat 0 direct_qlen 1000
 Sent 16347946 bytes 13171 pkt (dropped 458, overlimits 13153 requeues 0) 
 backlog 2484b 2p requeues 0
qdisc dualpi2 2: parent 1:10 limit 15040000p target 1ms tupdate 16ms alpha 0.152344 beta 3.195312 l4s_ect coupling_factor 2 drop_on_overload step_thresh 1ms drop_dequeue split_gso classic_protection 10% 
 Sent 16347946 bytes 13171 pkt (dropped 458, overlimits 0 requeues 0) 
 backlog 2484b 2p requeues 0
prob 0.305445 delay_c 1523us delay_l 0us
pkts_in_c 13631 pkts_in_l 0 maxq 27
ecn_mark 0 step_marks 0
credit -121120 (L)

------ Mon 01 Dec 2025 11:32:42 PM PST ------
qdisc htb 1: root refcnt 33 r2q 10 default 0x10 direct_packets_stat 0 direct_qlen 1000
 Sent 16388932 bytes 13204 pkt (dropped 458, overlimits 13186 requeues 0) 
 backlog 4968b 4p requeues 0
qdisc dualpi2 2: parent 1:10 limit 15040000p target 1ms tupdate 16ms alpha 0.152344 beta 3.195312 l4s_ect coupling_factor 2 drop_on_overload step_thresh 1ms drop_dequeue split_gso classic_protection 10% 
 Sent 16388932 bytes 13204 pkt (dropped 458, overlimits 0 requeues 0) 
 backlog 4968b 4p requeues 0
prob 0.308871 delay_c 2332us delay_l 0us
pkts_in_c 13666 pkts_in_l 0 maxq 27
ecn_mark 0 step_marks 0
credit -121120 (L)

------ Mon 01 Dec 2025 11:32:42 PM PST ------
qdisc htb 1: root refcnt 33 r2q 10 default 0x10 direct_packets_stat 0 direct_qlen 1000
 Sent 16431160 bytes 13238 pkt (dropped 460, overlimits 13220 requeues 0) 
 backlog 3726b 3p requeues 0
qdisc dualpi2 2: parent 1:10 limit 15040000p target 1ms tupdate 16ms alpha 0.152344 beta 3.195312 l4s_ect coupling_factor 2 drop_on_overload step_thresh 1ms drop_dequeue split_gso classic_protection 10% 
 Sent 16431160 bytes 13238 pkt (dropped 460, overlimits 0 requeues 0) 
 backlog 3726b 3p requeues 0
prob 0.305907 delay_c 1015us delay_l 0us
pkts_in_c 13701 pkts_in_l 0 maxq 27
ecn_mark 0 step_marks 0
credit -121120 (L)

------ Mon 01 Dec 2025 11:32:42 PM PST ------
qdisc htb 1: root refcnt 33 r2q 10 default 0x10 direct_packets_stat 0 direct_qlen 1000
 Sent 16473388 bytes 13272 pkt (dropped 462, overlimits 13254 requeues 0) 
 backlog 2484b 2p requeues 0
qdisc dualpi2 2: parent 1:10 limit 15040000p target 1ms tupdate 16ms alpha 0.152344 beta 3.195312 l4s_ect coupling_factor 2 drop_on_overload step_thresh 1ms drop_dequeue split_gso classic_protection 10% 
 Sent 16473388 bytes 13272 pkt (dropped 462, overlimits 0 requeues 0) 
 backlog 2484b 2p requeues 0
prob 0.309506 delay_c 1068us delay_l 0us
pkts_in_c 13736 pkts_in_l 0 maxq 27
ecn_mark 0 step_marks 0
credit -121120 (L)

------ Mon 01 Dec 2025 11:32:42 PM PST ------
qdisc htb 1: root refcnt 33 r2q 10 default 0x10 direct_packets_stat 0 direct_qlen 1000
 Sent 16514374 bytes 13305 pkt (dropped 462, overlimits 13287 requeues 0) 
 backlog 3726b 3p requeues 0
qdisc dualpi2 2: parent 1:10 limit 15040000p target 1ms tupdate 16ms alpha 0.152344 beta 3.195312 l4s_ect coupling_factor 2 drop_on_overload step_thresh 1ms drop_dequeue split_gso classic_protection 10% 
 Sent 16514374 bytes 13305 pkt (dropped 462, overlimits 0 requeues 0) 
 backlog 3726b 3p requeues 0
prob 0.309750 delay_c 1267us delay_l 0us
pkts_in_c 13770 pkts_in_l 0 maxq 27
ecn_mark 0 step_marks 0
credit -121120 (L)

------ Mon 01 Dec 2025 11:32:42 PM PST ------
qdisc htb 1: root refcnt 33 r2q 10 default 0x10 direct_packets_stat 0 direct_qlen 1000
 Sent 16555360 bytes 13338 pkt (dropped 463, overlimits 13320 requeues 0) 
 backlog 2484b 2p requeues 0
qdisc dualpi2 2: parent 1:10 limit 15040000p target 1ms tupdate 16ms alpha 0.152344 beta 3.195312 l4s_ect coupling_factor 2 drop_on_overload step_thresh 1ms drop_dequeue split_gso classic_protection 10% 
 Sent 16555360 bytes 13338 pkt (dropped 463, overlimits 0 requeues 0) 
 backlog 2484b 2p requeues 0
prob 0.309888 delay_c 1712us delay_l 0us
pkts_in_c 13803 pkts_in_l 0 maxq 27
ecn_mark 0 step_marks 0
credit -121120 (L)

------ Mon 01 Dec 2025 11:32:42 PM PST ------
qdisc htb 1: root refcnt 33 r2q 10 default 0x10 direct_packets_stat 0 direct_qlen 1000
 Sent 16596346 bytes 13371 pkt (dropped 464, overlimits 13353 requeues 0) 
 backlog 3726b 3p requeues 0
qdisc dualpi2 2: parent 1:10 limit 15040000p target 1ms tupdate 16ms alpha 0.152344 beta 3.195312 l4s_ect coupling_factor 2 drop_on_overload step_thresh 1ms drop_dequeue split_gso classic_protection 10% 
 Sent 16596346 bytes 13371 pkt (dropped 464, overlimits 0 requeues 0) 
 backlog 3726b 3p requeues 0
prob 0.310352 delay_c 2670us delay_l 0us
pkts_in_c 13838 pkts_in_l 0 maxq 27
ecn_mark 0 step_marks 0
credit -121120 (L)

------ Mon 01 Dec 2025 11:32:42 PM PST ------
qdisc htb 1: root refcnt 33 r2q 10 default 0x10 direct_packets_stat 0 direct_qlen 1000
 Sent 16639816 bytes 13406 pkt (dropped 464, overlimits 13388 requeues 0) 
 backlog 6210b 5p requeues 0
qdisc dualpi2 2: parent 1:10 limit 15040000p target 1ms tupdate 16ms alpha 0.152344 beta 3.195312 l4s_ect coupling_factor 2 drop_on_overload step_thresh 1ms drop_dequeue split_gso classic_protection 10% 
 Sent 16639816 bytes 13406 pkt (dropped 464, overlimits 0 requeues 0) 
 backlog 6210b 5p requeues 0
prob 0.310705 delay_c 3482us delay_l 0us
pkts_in_c 13875 pkts_in_l 0 maxq 27
ecn_mark 0 step_marks 0
credit -121120 (L)

------ Mon 01 Dec 2025 11:32:42 PM PST ------
qdisc htb 1: root refcnt 33 r2q 10 default 0x10 direct_packets_stat 0 direct_qlen 1000
 Sent 16680802 bytes 13439 pkt (dropped 467, overlimits 13421 requeues 0) 
 backlog 2484b 2p requeues 0
qdisc dualpi2 2: parent 1:10 limit 15040000p target 1ms tupdate 16ms alpha 0.152344 beta 3.195312 l4s_ect coupling_factor 2 drop_on_overload step_thresh 1ms drop_dequeue split_gso classic_protection 10% 
 Sent 16680802 bytes 13439 pkt (dropped 467, overlimits 0 requeues 0) 
 backlog 2484b 2p requeues 0
prob 0.311140 delay_c 1967us delay_l 0us
pkts_in_c 13908 pkts_in_l 0 maxq 27
ecn_mark 0 step_marks 0
credit -121120 (L)

------ Mon 01 Dec 2025 11:32:42 PM PST ------
qdisc htb 1: root refcnt 33 r2q 10 default 0x10 direct_packets_stat 0 direct_qlen 1000
 Sent 16723030 bytes 13473 pkt (dropped 469, overlimits 13455 requeues 0) 
 backlog 1242b 1p requeues 0
qdisc dualpi2 2: parent 1:10 limit 15040000p target 1ms tupdate 16ms alpha 0.152344 beta 3.195312 l4s_ect coupling_factor 2 drop_on_overload step_thresh 1ms drop_dequeue split_gso classic_protection 10% 
 Sent 16723030 bytes 13473 pkt (dropped 469, overlimits 0 requeues 0) 
 backlog 1242b 1p requeues 0
prob 0.307989 delay_c 886us delay_l 0us
pkts_in_c 13943 pkts_in_l 0 maxq 27
ecn_mark 0 step_marks 0
credit -121120 (L)

------ Mon 01 Dec 2025 11:32:42 PM PST ------
qdisc htb 1: root refcnt 33 r2q 10 default 0x10 direct_packets_stat 0 direct_qlen 1000
 Sent 16765258 bytes 13507 pkt (dropped 469, overlimits 13489 requeues 0) 
 backlog 2484b 2p requeues 0
qdisc dualpi2 2: parent 1:10 limit 15040000p target 1ms tupdate 16ms alpha 0.152344 beta 3.195312 l4s_ect coupling_factor 2 drop_on_overload step_thresh 1ms drop_dequeue split_gso classic_protection 10% 
 Sent 16765258 bytes 13507 pkt (dropped 469, overlimits 0 requeues 0) 
 backlog 2484b 2p requeues 0
prob 0.311453 delay_c 1539us delay_l 0us
pkts_in_c 13978 pkts_in_l 0 maxq 27
ecn_mark 0 step_marks 0
credit -121120 (L)

------ Mon 01 Dec 2025 11:32:42 PM PST ------
qdisc htb 1: root refcnt 33 r2q 10 default 0x10 direct_packets_stat 0 direct_qlen 1000
 Sent 16807486 bytes 13541 pkt (dropped 471, overlimits 13523 requeues 0) 
 backlog 1242b 1p requeues 0
qdisc dualpi2 2: parent 1:10 limit 15040000p target 1ms tupdate 16ms alpha 0.152344 beta 3.195312 l4s_ect coupling_factor 2 drop_on_overload step_thresh 1ms drop_dequeue split_gso classic_protection 10% 
 Sent 16807486 bytes 13541 pkt (dropped 471, overlimits 0 requeues 0) 
 backlog 1242b 1p requeues 0
prob 0.311787 delay_c 975us delay_l 0us
pkts_in_c 14013 pkts_in_l 0 maxq 27
ecn_mark 0 step_marks 0
credit -121120 (L)

------ Mon 01 Dec 2025 11:32:43 PM PST ------
qdisc htb 1: root refcnt 33 r2q 10 default 0x10 direct_packets_stat 0 direct_qlen 1000
 Sent 16849714 bytes 13575 pkt (dropped 472, overlimits 13557 requeues 0) 
 backlog 3726b 3p requeues 0
qdisc dualpi2 2: parent 1:10 limit 15040000p target 1ms tupdate 16ms alpha 0.152344 beta 3.195312 l4s_ect coupling_factor 2 drop_on_overload step_thresh 1ms drop_dequeue split_gso classic_protection 10% 
 Sent 16849714 bytes 13575 pkt (dropped 472, overlimits 0 requeues 0) 
 backlog 3726b 3p requeues 0
prob 0.308843 delay_c 1240us delay_l 0us
pkts_in_c 14050 pkts_in_l 0 maxq 27
ecn_mark 0 step_marks 0
credit -121120 (L)

------ Mon 01 Dec 2025 11:32:43 PM PST ------
qdisc htb 1: root refcnt 33 r2q 10 default 0x10 direct_packets_stat 0 direct_qlen 1000
 Sent 16890700 bytes 13608 pkt (dropped 473, overlimits 13590 requeues 0) 
 backlog 2484b 2p requeues 0
qdisc dualpi2 2: parent 1:10 limit 15040000p target 1ms tupdate 16ms alpha 0.152344 beta 3.195312 l4s_ect coupling_factor 2 drop_on_overload step_thresh 1ms drop_dequeue split_gso classic_protection 10% 
 Sent 16890700 bytes 13608 pkt (dropped 473, overlimits 0 requeues 0) 
 backlog 2484b 2p requeues 0
prob 0.312255 delay_c 1914us delay_l 0us
pkts_in_c 14083 pkts_in_l 0 maxq 27
ecn_mark 0 step_marks 0
credit -121120 (L)

------ Mon 01 Dec 2025 11:32:43 PM PST ------
qdisc htb 1: root refcnt 33 r2q 10 default 0x10 direct_packets_stat 0 direct_qlen 1000
 Sent 16932928 bytes 13642 pkt (dropped 474, overlimits 13624 requeues 0) 
 backlog 2484b 2p requeues 0
qdisc dualpi2 2: parent 1:10 limit 15040000p target 1ms tupdate 16ms alpha 0.152344 beta 3.195312 l4s_ect coupling_factor 2 drop_on_overload step_thresh 1ms drop_dequeue split_gso classic_protection 10% 
 Sent 16932928 bytes 13642 pkt (dropped 474, overlimits 0 requeues 0) 
 backlog 2484b 2p requeues 0
prob 0.309420 delay_c 1358us delay_l 0us
pkts_in_c 14118 pkts_in_l 0 maxq 27
ecn_mark 0 step_marks 0
credit -121120 (L)

------ Mon 01 Dec 2025 11:32:43 PM PST ------
qdisc htb 1: root refcnt 33 r2q 10 default 0x10 direct_packets_stat 0 direct_qlen 1000
 Sent 16975156 bytes 13676 pkt (dropped 475, overlimits 13658 requeues 0) 
 backlog 2484b 2p requeues 0
qdisc dualpi2 2: parent 1:10 limit 15040000p target 1ms tupdate 16ms alpha 0.152344 beta 3.195312 l4s_ect coupling_factor 2 drop_on_overload step_thresh 1ms drop_dequeue split_gso classic_protection 10% 
 Sent 16975156 bytes 13676 pkt (dropped 475, overlimits 0 requeues 0) 
 backlog 2484b 2p requeues 0
prob 0.312796 delay_c 1874us delay_l 0us
pkts_in_c 14153 pkts_in_l 0 maxq 27
ecn_mark 0 step_marks 0
credit -121120 (L)

------ Mon 01 Dec 2025 11:32:43 PM PST ------
qdisc htb 1: root refcnt 33 r2q 10 default 0x10 direct_packets_stat 0 direct_qlen 1000
 Sent 17016142 bytes 13709 pkt (dropped 477, overlimits 13691 requeues 0) 
 backlog 2484b 2p requeues 0
qdisc dualpi2 2: parent 1:10 limit 15040000p target 1ms tupdate 16ms alpha 0.152344 beta 3.195312 l4s_ect coupling_factor 2 drop_on_overload step_thresh 1ms drop_dequeue split_gso classic_protection 10% 
 Sent 17016142 bytes 13709 pkt (dropped 477, overlimits 0 requeues 0) 
 backlog 2484b 2p requeues 0
prob 0.309712 delay_c 1318us delay_l 0us
pkts_in_c 14188 pkts_in_l 0 maxq 27
ecn_mark 0 step_marks 0
credit -121120 (L)

------ Mon 01 Dec 2025 11:32:43 PM PST ------
qdisc htb 1: root refcnt 33 r2q 10 default 0x10 direct_packets_stat 0 direct_qlen 1000
 Sent 17059612 bytes 13744 pkt (dropped 477, overlimits 13726 requeues 0) 
 backlog 4968b 4p requeues 0
qdisc dualpi2 2: parent 1:10 limit 15040000p target 1ms tupdate 16ms alpha 0.152344 beta 3.195312 l4s_ect coupling_factor 2 drop_on_overload step_thresh 1ms drop_dequeue split_gso classic_protection 10% 
 Sent 17059612 bytes 13744 pkt (dropped 477, overlimits 0 requeues 0) 
 backlog 4968b 4p requeues 0
prob 0.313083 delay_c 2088us delay_l 0us
pkts_in_c 14225 pkts_in_l 0 maxq 27
ecn_mark 0 step_marks 0
credit -121120 (L)

------ Mon 01 Dec 2025 11:32:43 PM PST ------
qdisc htb 1: root refcnt 33 r2q 10 default 0x10 direct_packets_stat 0 direct_qlen 1000
 Sent 17101840 bytes 13778 pkt (dropped 478, overlimits 13760 requeues 0) 
 backlog 4968b 4p requeues 0
qdisc dualpi2 2: parent 1:10 limit 15040000p target 1ms tupdate 16ms alpha 0.152344 beta 3.195312 l4s_ect coupling_factor 2 drop_on_overload step_thresh 1ms drop_dequeue split_gso classic_protection 10% 
 Sent 17101840 bytes 13778 pkt (dropped 478, overlimits 0 requeues 0) 
 backlog 4968b 4p requeues 0
prob 0.313402 delay_c 1987us delay_l 0us
pkts_in_c 14260 pkts_in_l 0 maxq 27
ecn_mark 0 step_marks 0
credit -121120 (L)

------ Mon 01 Dec 2025 11:32:43 PM PST ------
qdisc htb 1: root refcnt 33 r2q 10 default 0x10 direct_packets_stat 0 direct_qlen 1000
 Sent 17142826 bytes 13811 pkt (dropped 480, overlimits 13793 requeues 0) 
 backlog 2484b 2p requeues 0
qdisc dualpi2 2: parent 1:10 limit 15040000p target 1ms tupdate 16ms alpha 0.152344 beta 3.195312 l4s_ect coupling_factor 2 drop_on_overload step_thresh 1ms drop_dequeue split_gso classic_protection 10% 
 Sent 17142826 bytes 13811 pkt (dropped 480, overlimits 0 requeues 0) 
 backlog 2484b 2p requeues 0
prob 0.310488 delay_c 1741us delay_l 0us
pkts_in_c 14293 pkts_in_l 0 maxq 27
ecn_mark 0 step_marks 0
credit -121120 (L)

------ Mon 01 Dec 2025 11:32:43 PM PST ------
qdisc htb 1: root refcnt 33 r2q 10 default 0x10 direct_packets_stat 0 direct_qlen 1000
 Sent 17185054 bytes 13845 pkt (dropped 481, overlimits 13827 requeues 0) 
 backlog 4968b 4p requeues 0
qdisc dualpi2 2: parent 1:10 limit 15040000p target 1ms tupdate 16ms alpha 0.152344 beta 3.195312 l4s_ect coupling_factor 2 drop_on_overload step_thresh 1ms drop_dequeue split_gso classic_protection 10% 
 Sent 17185054 bytes 13845 pkt (dropped 481, overlimits 0 requeues 0) 
 backlog 4968b 4p requeues 0
prob 0.314085 delay_c 2139us delay_l 0us
pkts_in_c 14330 pkts_in_l 0 maxq 27
ecn_mark 0 step_marks 0
credit -121120 (L)

------ Mon 01 Dec 2025 11:32:43 PM PST ------
qdisc htb 1: root refcnt 33 r2q 10 default 0x10 direct_packets_stat 0 direct_qlen 1000
 Sent 17228524 bytes 13880 pkt (dropped 482, overlimits 13862 requeues 0) 
 backlog 3726b 3p requeues 0
qdisc dualpi2 2: parent 1:10 limit 15040000p target 1ms tupdate 16ms alpha 0.152344 beta 3.195312 l4s_ect coupling_factor 2 drop_on_overload step_thresh 1ms drop_dequeue split_gso classic_protection 10% 
 Sent 17228524 bytes 13880 pkt (dropped 482, overlimits 0 requeues 0) 
 backlog 3726b 3p requeues 0
prob 0.310979 delay_c 1679us delay_l 0us
pkts_in_c 14365 pkts_in_l 0 maxq 27
ecn_mark 0 step_marks 0
credit -121120 (L)

------ Mon 01 Dec 2025 11:32:43 PM PST ------
qdisc htb 1: root refcnt 33 r2q 10 default 0x10 direct_packets_stat 0 direct_qlen 1000
 Sent 17270752 bytes 13914 pkt (dropped 483, overlimits 13896 requeues 0) 
 backlog 3726b 3p requeues 0
qdisc dualpi2 2: parent 1:10 limit 15040000p target 1ms tupdate 16ms alpha 0.152344 beta 3.195312 l4s_ect coupling_factor 2 drop_on_overload step_thresh 1ms drop_dequeue split_gso classic_protection 10% 
 Sent 17270752 bytes 13914 pkt (dropped 483, overlimits 0 requeues 0) 
 backlog 3726b 3p requeues 0
prob 0.314631 delay_c 1716us delay_l 0us
pkts_in_c 14400 pkts_in_l 0 maxq 27
ecn_mark 0 step_marks 0
credit -121120 (L)

------ Mon 01 Dec 2025 11:32:43 PM PST ------
qdisc htb 1: root refcnt 33 r2q 10 default 0x10 direct_packets_stat 0 direct_qlen 1000
 Sent 17311738 bytes 13947 pkt (dropped 485, overlimits 13929 requeues 0) 
 backlog 3726b 3p requeues 0
qdisc dualpi2 2: parent 1:10 limit 15040000p target 1ms tupdate 16ms alpha 0.152344 beta 3.195312 l4s_ect coupling_factor 2 drop_on_overload step_thresh 1ms drop_dequeue split_gso classic_protection 10% 
 Sent 17311738 bytes 13947 pkt (dropped 485, overlimits 0 requeues 0) 
 backlog 3726b 3p requeues 0
prob 0.311569 delay_c 1415us delay_l 0us
pkts_in_c 14435 pkts_in_l 0 maxq 27
ecn_mark 0 step_marks 0
credit -121120 (L)

------ Mon 01 Dec 2025 11:32:43 PM PST ------
qdisc htb 1: root refcnt 33 r2q 10 default 0x10 direct_packets_stat 0 direct_qlen 1000
 Sent 17352724 bytes 13980 pkt (dropped 486, overlimits 13962 requeues 0) 
 backlog 2484b 2p requeues 0
qdisc dualpi2 2: parent 1:10 limit 15040000p target 1ms tupdate 16ms alpha 0.152344 beta 3.195312 l4s_ect coupling_factor 2 drop_on_overload step_thresh 1ms drop_dequeue split_gso classic_protection 10% 
 Sent 17352724 bytes 13980 pkt (dropped 486, overlimits 0 requeues 0) 
 backlog 2484b 2p requeues 0
prob 0.311832 delay_c 1185us delay_l 0us
pkts_in_c 14468 pkts_in_l 0 maxq 27
ecn_mark 0 step_marks 0
credit -121120 (L)

------ Mon 01 Dec 2025 11:32:43 PM PST ------
qdisc htb 1: root refcnt 33 r2q 10 default 0x10 direct_packets_stat 0 direct_qlen 1000
 Sent 17392468 bytes 14012 pkt (dropped 487, overlimits 13994 requeues 0) 
 backlog 3726b 3p requeues 0
qdisc dualpi2 2: parent 1:10 limit 15040000p target 1ms tupdate 16ms alpha 0.152344 beta 3.195312 l4s_ect coupling_factor 2 drop_on_overload step_thresh 1ms drop_dequeue split_gso classic_protection 10% 
 Sent 17392468 bytes 14012 pkt (dropped 487, overlimits 0 requeues 0) 
 backlog 3726b 3p requeues 0
prob 0.311929 delay_c 2324us delay_l 0us
pkts_in_c 14502 pkts_in_l 0 maxq 27
ecn_mark 0 step_marks 0
credit -121120 (L)

------ Mon 01 Dec 2025 11:32:43 PM PST ------
qdisc htb 1: root refcnt 33 r2q 10 default 0x10 direct_packets_stat 0 direct_qlen 1000
 Sent 17435938 bytes 14047 pkt (dropped 489, overlimits 14029 requeues 0) 
 backlog 1242b 1p requeues 0
qdisc dualpi2 2: parent 1:10 limit 15040000p target 1ms tupdate 16ms alpha 0.152344 beta 3.195312 l4s_ect coupling_factor 2 drop_on_overload step_thresh 1ms drop_dequeue split_gso classic_protection 10% 
 Sent 17435938 bytes 14047 pkt (dropped 489, overlimits 0 requeues 0) 
 backlog 1242b 1p requeues 0
prob 0.312202 delay_c 712us delay_l 0us
pkts_in_c 14537 pkts_in_l 0 maxq 27
ecn_mark 0 step_marks 0
credit -121120 (L)

------ Mon 01 Dec 2025 11:32:43 PM PST ------
qdisc htb 1: root refcnt 33 r2q 10 default 0x10 direct_packets_stat 0 direct_qlen 1000
 Sent 17476924 bytes 14080 pkt (dropped 490, overlimits 14062 requeues 0) 
 backlog 2484b 2p requeues 0
qdisc dualpi2 2: parent 1:10 limit 15040000p target 1ms tupdate 16ms alpha 0.152344 beta 3.195312 l4s_ect coupling_factor 2 drop_on_overload step_thresh 1ms drop_dequeue split_gso classic_protection 10% 
 Sent 17476924 bytes 14080 pkt (dropped 490, overlimits 0 requeues 0) 
 backlog 2484b 2p requeues 0
prob 0.315710 delay_c 1325us delay_l 0us
pkts_in_c 14572 pkts_in_l 0 maxq 27
ecn_mark 0 step_marks 0
credit -121120 (L)

------ Mon 01 Dec 2025 11:32:43 PM PST ------
qdisc htb 1: root refcnt 33 r2q 10 default 0x10 direct_packets_stat 0 direct_qlen 1000
 Sent 17517910 bytes 14113 pkt (dropped 491, overlimits 14095 requeues 0) 
 backlog 2484b 2p requeues 0
qdisc dualpi2 2: parent 1:10 limit 15040000p target 1ms tupdate 16ms alpha 0.152344 beta 3.195312 l4s_ect coupling_factor 2 drop_on_overload step_thresh 1ms drop_dequeue split_gso classic_protection 10% 
 Sent 17517910 bytes 14113 pkt (dropped 491, overlimits 0 requeues 0) 
 backlog 2484b 2p requeues 0
prob 0.312551 delay_c 1703us delay_l 0us
pkts_in_c 14606 pkts_in_l 0 maxq 27
ecn_mark 0 step_marks 0
credit -121120 (L)

------ Mon 01 Dec 2025 11:32:43 PM PST ------
qdisc htb 1: root refcnt 33 r2q 10 default 0x10 direct_packets_stat 0 direct_qlen 1000
 Sent 17560138 bytes 14147 pkt (dropped 492, overlimits 14129 requeues 0) 
 backlog 2484b 2p requeues 0
qdisc dualpi2 2: parent 1:10 limit 15040000p target 1ms tupdate 16ms alpha 0.152344 beta 3.195312 l4s_ect coupling_factor 2 drop_on_overload step_thresh 1ms drop_dequeue split_gso classic_protection 10% 
 Sent 17560138 bytes 14147 pkt (dropped 492, overlimits 0 requeues 0) 
 backlog 2484b 2p requeues 0
prob 0.316056 delay_c 1839us delay_l 0us
pkts_in_c 14641 pkts_in_l 0 maxq 27
ecn_mark 0 step_marks 0
credit -121120 (L)

------ Mon 01 Dec 2025 11:32:43 PM PST ------
qdisc htb 1: root refcnt 33 r2q 10 default 0x10 direct_packets_stat 0 direct_qlen 1000
 Sent 17606092 bytes 14184 pkt (dropped 493, overlimits 14166 requeues 0) 
 backlog 3726b 3p requeues 0
qdisc dualpi2 2: parent 1:10 limit 15040000p target 1ms tupdate 16ms alpha 0.152344 beta 3.195312 l4s_ect coupling_factor 2 drop_on_overload step_thresh 1ms drop_dequeue split_gso classic_protection 10% 
 Sent 17606092 bytes 14184 pkt (dropped 493, overlimits 0 requeues 0) 
 backlog 3726b 3p requeues 0
prob 0.313091 delay_c 1607us delay_l 0us
pkts_in_c 14680 pkts_in_l 0 maxq 27
ecn_mark 0 step_marks 0
credit -121120 (L)

------ Mon 01 Dec 2025 11:32:43 PM PST ------
qdisc htb 1: root refcnt 33 r2q 10 default 0x10 direct_packets_stat 0 direct_qlen 1000
 Sent 17650804 bytes 14220 pkt (dropped 493, overlimits 14202 requeues 0) 
 backlog 4968b 4p requeues 0
qdisc dualpi2 2: parent 1:10 limit 15040000p target 1ms tupdate 16ms alpha 0.152344 beta 3.195312 l4s_ect coupling_factor 2 drop_on_overload step_thresh 1ms drop_dequeue split_gso classic_protection 10% 
 Sent 17650804 bytes 14220 pkt (dropped 493, overlimits 0 requeues 0) 
 backlog 4968b 4p requeues 0
prob 0.316750 delay_c 2423us delay_l 0us
pkts_in_c 14717 pkts_in_l 0 maxq 27
ecn_mark 0 step_marks 0
credit -121120 (L)

------ Mon 01 Dec 2025 11:32:43 PM PST ------
qdisc htb 1: root refcnt 33 r2q 10 default 0x10 direct_packets_stat 0 direct_qlen 1000
 Sent 17693032 bytes 14254 pkt (dropped 495, overlimits 14236 requeues 0) 
 backlog 3726b 3p requeues 0
qdisc dualpi2 2: parent 1:10 limit 15040000p target 1ms tupdate 16ms alpha 0.152344 beta 3.195312 l4s_ect coupling_factor 2 drop_on_overload step_thresh 1ms drop_dequeue split_gso classic_protection 10% 
 Sent 17693032 bytes 14254 pkt (dropped 495, overlimits 0 requeues 0) 
 backlog 3726b 3p requeues 0
prob 0.316964 delay_c 2698us delay_l 0us
pkts_in_c 14752 pkts_in_l 0 maxq 27
ecn_mark 0 step_marks 0
credit -121120 (L)

------ Mon 01 Dec 2025 11:32:43 PM PST ------
qdisc htb 1: root refcnt 33 r2q 10 default 0x10 direct_packets_stat 0 direct_qlen 1000
 Sent 17735260 bytes 14288 pkt (dropped 496, overlimits 14270 requeues 0) 
 backlog 3726b 3p requeues 0
qdisc dualpi2 2: parent 1:10 limit 15040000p target 1ms tupdate 16ms alpha 0.152344 beta 3.195312 l4s_ect coupling_factor 2 drop_on_overload step_thresh 1ms drop_dequeue split_gso classic_protection 10% 
 Sent 17735260 bytes 14288 pkt (dropped 496, overlimits 0 requeues 0) 
 backlog 3726b 3p requeues 0
prob 0.317425 delay_c 2896us delay_l 0us
pkts_in_c 14787 pkts_in_l 0 maxq 27
ecn_mark 0 step_marks 0
credit -121120 (L)

------ Mon 01 Dec 2025 11:32:43 PM PST ------
qdisc htb 1: root refcnt 33 r2q 10 default 0x10 direct_packets_stat 0 direct_qlen 1000
 Sent 17778730 bytes 14323 pkt (dropped 498, overlimits 14305 requeues 0) 
 backlog 2484b 2p requeues 0
qdisc dualpi2 2: parent 1:10 limit 15040000p target 1ms tupdate 16ms alpha 0.152344 beta 3.195312 l4s_ect coupling_factor 2 drop_on_overload step_thresh 1ms drop_dequeue split_gso classic_protection 10% 
 Sent 17778730 bytes 14323 pkt (dropped 498, overlimits 0 requeues 0) 
 backlog 2484b 2p requeues 0
prob 0.314344 delay_c 1903us delay_l 0us
pkts_in_c 14823 pkts_in_l 0 maxq 27
ecn_mark 0 step_marks 0
credit -121120 (L)

------ Mon 01 Dec 2025 11:32:43 PM PST ------
qdisc htb 1: root refcnt 33 r2q 10 default 0x10 direct_packets_stat 0 direct_qlen 1000
 Sent 17819716 bytes 14356 pkt (dropped 499, overlimits 14338 requeues 0) 
 backlog 3726b 3p requeues 0
qdisc dualpi2 2: parent 1:10 limit 15040000p target 1ms tupdate 16ms alpha 0.152344 beta 3.195312 l4s_ect coupling_factor 2 drop_on_overload step_thresh 1ms drop_dequeue split_gso classic_protection 10% 
 Sent 17819716 bytes 14356 pkt (dropped 499, overlimits 0 requeues 0) 
 backlog 3726b 3p requeues 0
prob 0.314623 delay_c 2105us delay_l 0us
pkts_in_c 14858 pkts_in_l 0 maxq 27
ecn_mark 0 step_marks 0
credit -121120 (L)

------ Mon 01 Dec 2025 11:32:43 PM PST ------
qdisc htb 1: root refcnt 33 r2q 10 default 0x10 direct_packets_stat 0 direct_qlen 1000
 Sent 17860702 bytes 14389 pkt (dropped 500, overlimits 14371 requeues 0) 
 backlog 3726b 3p requeues 0
qdisc dualpi2 2: parent 1:10 limit 15040000p target 1ms tupdate 16ms alpha 0.152344 beta 3.195312 l4s_ect coupling_factor 2 drop_on_overload step_thresh 1ms drop_dequeue split_gso classic_protection 10% 
 Sent 17860702 bytes 14389 pkt (dropped 500, overlimits 0 requeues 0) 
 backlog 3726b 3p requeues 0
prob 0.318236 delay_c 2454us delay_l 0us
pkts_in_c 14892 pkts_in_l 0 maxq 27
ecn_mark 0 step_marks 0
credit -121120 (L)

------ Mon 01 Dec 2025 11:32:43 PM PST ------
qdisc htb 1: root refcnt 33 r2q 10 default 0x10 direct_packets_stat 0 direct_qlen 1000
 Sent 17909140 bytes 14428 pkt (dropped 502, overlimits 14410 requeues 0) 
 backlog 2484b 2p requeues 0
qdisc dualpi2 2: parent 1:10 limit 15040000p target 1ms tupdate 16ms alpha 0.152344 beta 3.195312 l4s_ect coupling_factor 2 drop_on_overload step_thresh 1ms drop_dequeue split_gso classic_protection 10% 
 Sent 17909140 bytes 14428 pkt (dropped 502, overlimits 0 requeues 0) 
 backlog 2484b 2p requeues 0
prob 0.318607 delay_c 1891us delay_l 0us
pkts_in_c 14932 pkts_in_l 0 maxq 27
ecn_mark 0 step_marks 0
credit -121120 (L)

------ Mon 01 Dec 2025 11:32:43 PM PST ------
qdisc htb 1: root refcnt 33 r2q 10 default 0x10 direct_packets_stat 0 direct_qlen 1000
 Sent 17960062 bytes 14469 pkt (dropped 502, overlimits 14451 requeues 0) 
 backlog 4968b 4p requeues 0
qdisc dualpi2 2: parent 1:10 limit 15040000p target 1ms tupdate 16ms alpha 0.152344 beta 3.195312 l4s_ect coupling_factor 2 drop_on_overload step_thresh 1ms drop_dequeue split_gso classic_protection 10% 
 Sent 17960062 bytes 14469 pkt (dropped 502, overlimits 0 requeues 0) 
 backlog 4968b 4p requeues 0
prob 0.319043 delay_c 2321us delay_l 0us
pkts_in_c 14975 pkts_in_l 0 maxq 27
ecn_mark 0 step_marks 0
credit -121120 (L)

------ Mon 01 Dec 2025 11:32:43 PM PST ------
qdisc htb 1: root refcnt 33 r2q 10 default 0x10 direct_packets_stat 0 direct_qlen 1000
 Sent 18003532 bytes 14504 pkt (dropped 504, overlimits 14486 requeues 0) 
 backlog 3726b 3p requeues 0
qdisc dualpi2 2: parent 1:10 limit 15040000p target 1ms tupdate 16ms alpha 0.152344 beta 3.195312 l4s_ect coupling_factor 2 drop_on_overload step_thresh 1ms drop_dequeue split_gso classic_protection 10% 
 Sent 18003532 bytes 14504 pkt (dropped 504, overlimits 0 requeues 0) 
 backlog 3726b 3p requeues 0
prob 0.319408 delay_c 1626us delay_l 0us
pkts_in_c 15011 pkts_in_l 0 maxq 27
ecn_mark 0 step_marks 0
credit -121120 (L)

------ Mon 01 Dec 2025 11:32:43 PM PST ------
qdisc htb 1: root refcnt 33 r2q 10 default 0x10 direct_packets_stat 0 direct_qlen 1000
 Sent 18047002 bytes 14539 pkt (dropped 505, overlimits 14521 requeues 0) 
 backlog 3726b 3p requeues 0
qdisc dualpi2 2: parent 1:10 limit 15040000p target 1ms tupdate 16ms alpha 0.152344 beta 3.195312 l4s_ect coupling_factor 2 drop_on_overload step_thresh 1ms drop_dequeue split_gso classic_protection 10% 
 Sent 18047002 bytes 14539 pkt (dropped 505, overlimits 0 requeues 0) 
 backlog 3726b 3p requeues 0
prob 0.316253 delay_c 2217us delay_l 0us
pkts_in_c 15047 pkts_in_l 0 maxq 27
ecn_mark 0 step_marks 0
credit -121120 (L)

------ Mon 01 Dec 2025 11:32:43 PM PST ------
qdisc htb 1: root refcnt 33 r2q 10 default 0x10 direct_packets_stat 0 direct_qlen 1000
 Sent 18091714 bytes 14575 pkt (dropped 507, overlimits 14557 requeues 0) 
 backlog 3726b 3p requeues 0
qdisc dualpi2 2: parent 1:10 limit 15040000p target 1ms tupdate 16ms alpha 0.152344 beta 3.195312 l4s_ect coupling_factor 2 drop_on_overload step_thresh 1ms drop_dequeue split_gso classic_protection 10% 
 Sent 18091714 bytes 14575 pkt (dropped 507, overlimits 0 requeues 0) 
 backlog 3726b 3p requeues 0
prob 0.316648 delay_c 1354us delay_l 0us
pkts_in_c 15085 pkts_in_l 0 maxq 27
ecn_mark 0 step_marks 0
credit -121120 (L)

------ Mon 01 Dec 2025 11:32:43 PM PST ------
qdisc htb 1: root refcnt 33 r2q 10 default 0x10 direct_packets_stat 0 direct_qlen 1000
 Sent 18135184 bytes 14610 pkt (dropped 508, overlimits 14592 requeues 0) 
 backlog 2484b 2p requeues 0
qdisc dualpi2 2: parent 1:10 limit 15040000p target 1ms tupdate 16ms alpha 0.152344 beta 3.195312 l4s_ect coupling_factor 2 drop_on_overload step_thresh 1ms drop_dequeue split_gso classic_protection 10% 
 Sent 18135184 bytes 14610 pkt (dropped 508, overlimits 0 requeues 0) 
 backlog 2484b 2p requeues 0
prob 0.320165 delay_c 846us delay_l 0us
pkts_in_c 15120 pkts_in_l 0 maxq 27
ecn_mark 0 step_marks 0
credit -121120 (L)

------ Mon 01 Dec 2025 11:32:43 PM PST ------
qdisc htb 1: root refcnt 33 r2q 10 default 0x10 direct_packets_stat 0 direct_qlen 1000
 Sent 18177412 bytes 14644 pkt (dropped 509, overlimits 14626 requeues 0) 
 backlog 3726b 3p requeues 0
qdisc dualpi2 2: parent 1:10 limit 15040000p target 1ms tupdate 16ms alpha 0.152344 beta 3.195312 l4s_ect coupling_factor 2 drop_on_overload step_thresh 1ms drop_dequeue split_gso classic_protection 10% 
 Sent 18177412 bytes 14644 pkt (dropped 509, overlimits 0 requeues 0) 
 backlog 3726b 3p requeues 0
prob 0.320593 delay_c 1322us delay_l 0us
pkts_in_c 15156 pkts_in_l 0 maxq 27
ecn_mark 0 step_marks 0
credit -121120 (L)

------ Mon 01 Dec 2025 11:32:43 PM PST ------
qdisc htb 1: root refcnt 33 r2q 10 default 0x10 direct_packets_stat 0 direct_qlen 1000
 Sent 18218398 bytes 14677 pkt (dropped 510, overlimits 14659 requeues 0) 
 backlog 3726b 3p requeues 0
qdisc dualpi2 2: parent 1:10 limit 15040000p target 1ms tupdate 16ms alpha 0.152344 beta 3.195312 l4s_ect coupling_factor 2 drop_on_overload step_thresh 1ms drop_dequeue split_gso classic_protection 10% 
 Sent 18218398 bytes 14677 pkt (dropped 510, overlimits 0 requeues 0) 
 backlog 3726b 3p requeues 0
prob 0.321089 delay_c 1964us delay_l 0us
pkts_in_c 15190 pkts_in_l 0 maxq 27
ecn_mark 0 step_marks 0
credit -121120 (L)

------ Mon 01 Dec 2025 11:32:43 PM PST ------
qdisc htb 1: root refcnt 33 r2q 10 default 0x10 direct_packets_stat 0 direct_qlen 1000
 Sent 18260626 bytes 14711 pkt (dropped 512, overlimits 14693 requeues 0) 
 backlog 3726b 3p requeues 0
qdisc dualpi2 2: parent 1:10 limit 15040000p target 1ms tupdate 16ms alpha 0.152344 beta 3.195312 l4s_ect coupling_factor 2 drop_on_overload step_thresh 1ms drop_dequeue split_gso classic_protection 10% 
 Sent 18260626 bytes 14711 pkt (dropped 512, overlimits 0 requeues 0) 
 backlog 3726b 3p requeues 0
prob 0.317988 delay_c 1054us delay_l 0us
pkts_in_c 15226 pkts_in_l 0 maxq 27
ecn_mark 0 step_marks 0
credit -121120 (L)

------ Mon 01 Dec 2025 11:32:43 PM PST ------
qdisc htb 1: root refcnt 33 r2q 10 default 0x10 direct_packets_stat 0 direct_qlen 1000
 Sent 18302854 bytes 14745 pkt (dropped 512, overlimits 14727 requeues 0) 
 backlog 3726b 3p requeues 0
qdisc dualpi2 2: parent 1:10 limit 15040000p target 1ms tupdate 16ms alpha 0.152344 beta 3.195312 l4s_ect coupling_factor 2 drop_on_overload step_thresh 1ms drop_dequeue split_gso classic_protection 10% 
 Sent 18302854 bytes 14745 pkt (dropped 512, overlimits 0 requeues 0) 
 backlog 4968b 4p requeues 0
prob 0.321495 delay_c 2037us delay_l 0us
pkts_in_c 15261 pkts_in_l 0 maxq 27
ecn_mark 0 step_marks 0
credit -121120 (L)

------ Mon 01 Dec 2025 11:32:44 PM PST ------
qdisc htb 1: root refcnt 33 r2q 10 default 0x10 direct_packets_stat 0 direct_qlen 1000
 Sent 18343840 bytes 14778 pkt (dropped 513, overlimits 14760 requeues 0) 
 backlog 4968b 4p requeues 0
qdisc dualpi2 2: parent 1:10 limit 15040000p target 1ms tupdate 16ms alpha 0.152344 beta 3.195312 l4s_ect coupling_factor 2 drop_on_overload step_thresh 1ms drop_dequeue split_gso classic_protection 10% 
 Sent 18343840 bytes 14778 pkt (dropped 513, overlimits 0 requeues 0) 
 backlog 4968b 4p requeues 0
prob 0.321823 delay_c 2416us delay_l 0us
pkts_in_c 15295 pkts_in_l 0 maxq 27
ecn_mark 0 step_marks 0
credit -121120 (L)

------ Mon 01 Dec 2025 11:32:44 PM PST ------
qdisc htb 1: root refcnt 33 r2q 10 default 0x10 direct_packets_stat 0 direct_qlen 1000
 Sent 18384826 bytes 14811 pkt (dropped 515, overlimits 14793 requeues 0) 
 backlog 2484b 2p requeues 0
qdisc dualpi2 2: parent 1:10 limit 15040000p target 1ms tupdate 16ms alpha 0.152344 beta 3.195312 l4s_ect coupling_factor 2 drop_on_overload step_thresh 1ms drop_dequeue split_gso classic_protection 10% 
 Sent 18384826 bytes 14811 pkt (dropped 515, overlimits 0 requeues 0) 
 backlog 2484b 2p requeues 0
prob 0.318961 delay_c 1960us delay_l 0us
pkts_in_c 15328 pkts_in_l 0 maxq 27
ecn_mark 0 step_marks 0
credit -121120 (L)

------ Mon 01 Dec 2025 11:32:44 PM PST ------
qdisc htb 1: root refcnt 33 r2q 10 default 0x10 direct_packets_stat 0 direct_qlen 1000
 Sent 18428296 bytes 14846 pkt (dropped 517, overlimits 14828 requeues 0) 
 backlog 2484b 2p requeues 0
qdisc dualpi2 2: parent 1:10 limit 15040000p target 1ms tupdate 16ms alpha 0.152344 beta 3.195312 l4s_ect coupling_factor 2 drop_on_overload step_thresh 1ms drop_dequeue split_gso classic_protection 10% 
 Sent 18428296 bytes 14846 pkt (dropped 517, overlimits 0 requeues 0) 
 backlog 2484b 2p requeues 0
prob 0.319024 delay_c 383us delay_l 0us
pkts_in_c 15365 pkts_in_l 0 maxq 27
ecn_mark 0 step_marks 0
credit -121120 (L)

------ Mon 01 Dec 2025 11:32:44 PM PST ------
qdisc htb 1: root refcnt 33 r2q 10 default 0x10 direct_packets_stat 0 direct_qlen 1000
 Sent 18470524 bytes 14880 pkt (dropped 517, overlimits 14862 requeues 0) 
 backlog 4968b 4p requeues 0
qdisc dualpi2 2: parent 1:10 limit 15040000p target 1ms tupdate 16ms alpha 0.152344 beta 3.195312 l4s_ect coupling_factor 2 drop_on_overload step_thresh 1ms drop_dequeue split_gso classic_protection 10% 
 Sent 18470524 bytes 14880 pkt (dropped 517, overlimits 0 requeues 0) 
 backlog 4968b 4p requeues 0
prob 0.319182 delay_c 1989us delay_l 0us
pkts_in_c 15401 pkts_in_l 0 maxq 27
ecn_mark 0 step_marks 0
credit -121120 (L)

------ Mon 01 Dec 2025 11:32:44 PM PST ------
qdisc htb 1: root refcnt 33 r2q 10 default 0x10 direct_packets_stat 0 direct_qlen 1000
 Sent 18513994 bytes 14915 pkt (dropped 519, overlimits 14897 requeues 0) 
 backlog 2484b 2p requeues 0
qdisc dualpi2 2: parent 1:10 limit 15040000p target 1ms tupdate 16ms alpha 0.152344 beta 3.195312 l4s_ect coupling_factor 2 drop_on_overload step_thresh 1ms drop_dequeue split_gso classic_protection 10% 
 Sent 18513994 bytes 14915 pkt (dropped 519, overlimits 0 requeues 0) 
 backlog 2484b 2p requeues 0
prob 0.319473 delay_c 1673us delay_l 0us
pkts_in_c 15436 pkts_in_l 0 maxq 27
ecn_mark 0 step_marks 0
credit -121120 (L)

------ Mon 01 Dec 2025 11:32:44 PM PST ------
qdisc htb 1: root refcnt 33 r2q 10 default 0x10 direct_packets_stat 0 direct_qlen 1000
 Sent 18556222 bytes 14949 pkt (dropped 519, overlimits 14931 requeues 0) 
 backlog 3726b 3p requeues 0
qdisc dualpi2 2: parent 1:10 limit 15040000p target 1ms tupdate 16ms alpha 0.152344 beta 3.195312 l4s_ect coupling_factor 2 drop_on_overload step_thresh 1ms drop_dequeue split_gso classic_protection 10% 
 Sent 18556222 bytes 14949 pkt (dropped 519, overlimits 0 requeues 0) 
 backlog 3726b 3p requeues 0
prob 0.323000 delay_c 1533us delay_l 0us
pkts_in_c 15471 pkts_in_l 0 maxq 27
ecn_mark 0 step_marks 0
credit -121120 (L)

------ Mon 01 Dec 2025 11:32:44 PM PST ------
qdisc htb 1: root refcnt 33 r2q 10 default 0x10 direct_packets_stat 0 direct_qlen 1000
 Sent 18598450 bytes 14983 pkt (dropped 521, overlimits 14965 requeues 0) 
 backlog 2484b 2p requeues 0
qdisc dualpi2 2: parent 1:10 limit 15040000p target 1ms tupdate 16ms alpha 0.152344 beta 3.195312 l4s_ect coupling_factor 2 drop_on_overload step_thresh 1ms drop_dequeue split_gso classic_protection 10% 
 Sent 18598450 bytes 14983 pkt (dropped 521, overlimits 0 requeues 0) 
 backlog 2484b 2p requeues 0
prob 0.323248 delay_c 1943us delay_l 0us
pkts_in_c 15506 pkts_in_l 0 maxq 27
ecn_mark 0 step_marks 0
credit -121120 (L)

------ Mon 01 Dec 2025 11:32:44 PM PST ------
qdisc htb 1: root refcnt 33 r2q 10 default 0x10 direct_packets_stat 0 direct_qlen 1000
 Sent 18640678 bytes 15017 pkt (dropped 522, overlimits 14999 requeues 0) 
 backlog 3726b 3p requeues 0
qdisc dualpi2 2: parent 1:10 limit 15040000p target 1ms tupdate 16ms alpha 0.152344 beta 3.195312 l4s_ect coupling_factor 2 drop_on_overload step_thresh 1ms drop_dequeue split_gso classic_protection 10% 
 Sent 18640678 bytes 15017 pkt (dropped 522, overlimits 0 requeues 0) 
 backlog 3726b 3p requeues 0
prob 0.323573 delay_c 2271us delay_l 0us
pkts_in_c 15542 pkts_in_l 0 maxq 27
ecn_mark 0 step_marks 0
credit -121120 (L)

------ Mon 01 Dec 2025 11:32:44 PM PST ------
qdisc htb 1: root refcnt 33 r2q 10 default 0x10 direct_packets_stat 0 direct_qlen 1000
 Sent 18682906 bytes 15051 pkt (dropped 524, overlimits 15033 requeues 0) 
 backlog 2484b 2p requeues 0
qdisc dualpi2 2: parent 1:10 limit 15040000p target 1ms tupdate 16ms alpha 0.152344 beta 3.195312 l4s_ect coupling_factor 2 drop_on_overload step_thresh 1ms drop_dequeue split_gso classic_protection 10% 
 Sent 18682906 bytes 15051 pkt (dropped 524, overlimits 0 requeues 0) 
 backlog 2484b 2p requeues 0
prob 0.320511 delay_c 1588us delay_l 0us
pkts_in_c 15577 pkts_in_l 0 maxq 27
ecn_mark 0 step_marks 0
credit -121120 (L)

------ Mon 01 Dec 2025 11:32:44 PM PST ------
qdisc htb 1: root refcnt 33 r2q 10 default 0x10 direct_packets_stat 0 direct_qlen 1000
 Sent 18725134 bytes 15085 pkt (dropped 525, overlimits 15067 requeues 0) 
 backlog 2484b 2p requeues 0
qdisc dualpi2 2: parent 1:10 limit 15040000p target 1ms tupdate 16ms alpha 0.152344 beta 3.195312 l4s_ect coupling_factor 2 drop_on_overload step_thresh 1ms drop_dequeue split_gso classic_protection 10% 
 Sent 18725134 bytes 15085 pkt (dropped 525, overlimits 0 requeues 0) 
 backlog 2484b 2p requeues 0
prob 0.324075 delay_c 1457us delay_l 0us
pkts_in_c 15612 pkts_in_l 0 maxq 27
ecn_mark 0 step_marks 0
credit -121120 (L)

------ Mon 01 Dec 2025 11:32:44 PM PST ------
qdisc htb 1: root refcnt 33 r2q 10 default 0x10 direct_packets_stat 0 direct_qlen 1000
 Sent 18767362 bytes 15119 pkt (dropped 526, overlimits 15101 requeues 0) 
 backlog 2484b 2p requeues 0
qdisc dualpi2 2: parent 1:10 limit 15040000p target 1ms tupdate 16ms alpha 0.152344 beta 3.195312 l4s_ect coupling_factor 2 drop_on_overload step_thresh 1ms drop_dequeue split_gso classic_protection 10% 
 Sent 18767362 bytes 15119 pkt (dropped 526, overlimits 0 requeues 0) 
 backlog 2484b 2p requeues 0
prob 0.320941 delay_c 1314us delay_l 0us
pkts_in_c 15647 pkts_in_l 0 maxq 27
ecn_mark 0 step_marks 0
credit -121120 (L)

------ Mon 01 Dec 2025 11:32:44 PM PST ------
qdisc htb 1: root refcnt 33 r2q 10 default 0x10 direct_packets_stat 0 direct_qlen 1000
 Sent 18808348 bytes 15152 pkt (dropped 527, overlimits 15134 requeues 0) 
 backlog 2484b 2p requeues 0
qdisc dualpi2 2: parent 1:10 limit 15040000p target 1ms tupdate 16ms alpha 0.152344 beta 3.195312 l4s_ect coupling_factor 2 drop_on_overload step_thresh 1ms drop_dequeue split_gso classic_protection 10% 
 Sent 18808348 bytes 15152 pkt (dropped 527, overlimits 0 requeues 0) 
 backlog 2484b 2p requeues 0
prob 0.321156 delay_c 1765us delay_l 0us
pkts_in_c 15681 pkts_in_l 0 maxq 27
ecn_mark 0 step_marks 0
credit -121120 (L)

------ Mon 01 Dec 2025 11:32:44 PM PST ------
qdisc htb 1: root refcnt 33 r2q 10 default 0x10 direct_packets_stat 0 direct_qlen 1000
 Sent 18851818 bytes 15187 pkt (dropped 529, overlimits 15169 requeues 0) 
 backlog 2484b 2p requeues 0
qdisc dualpi2 2: parent 1:10 limit 15040000p target 1ms tupdate 16ms alpha 0.152344 beta 3.195312 l4s_ect coupling_factor 2 drop_on_overload step_thresh 1ms drop_dequeue split_gso classic_protection 10% 
 Sent 18851818 bytes 15187 pkt (dropped 529, overlimits 0 requeues 0) 
 backlog 2484b 2p requeues 0
prob 0.321354 delay_c 1283us delay_l 0us
pkts_in_c 15718 pkts_in_l 0 maxq 27
ecn_mark 0 step_marks 0
credit -121120 (L)

------ Mon 01 Dec 2025 11:32:44 PM PST ------
qdisc htb 1: root refcnt 33 r2q 10 default 0x10 direct_packets_stat 0 direct_qlen 1000
 Sent 18894046 bytes 15221 pkt (dropped 530, overlimits 15203 requeues 0) 
 backlog 2484b 2p requeues 0
qdisc dualpi2 2: parent 1:10 limit 15040000p target 1ms tupdate 16ms alpha 0.152344 beta 3.195312 l4s_ect coupling_factor 2 drop_on_overload step_thresh 1ms drop_dequeue split_gso classic_protection 10% 
 Sent 18894046 bytes 15221 pkt (dropped 530, overlimits 0 requeues 0) 
 backlog 2484b 2p requeues 0
prob 0.321561 delay_c 1470us delay_l 0us
pkts_in_c 15753 pkts_in_l 0 maxq 27
ecn_mark 0 step_marks 0
credit -121120 (L)

------ Mon 01 Dec 2025 11:32:44 PM PST ------
qdisc htb 1: root refcnt 33 r2q 10 default 0x10 direct_packets_stat 0 direct_qlen 1000
 Sent 18936274 bytes 15255 pkt (dropped 531, overlimits 15237 requeues 0) 
 backlog 2484b 2p requeues 0
qdisc dualpi2 2: parent 1:10 limit 15040000p target 1ms tupdate 16ms alpha 0.152344 beta 3.195312 l4s_ect coupling_factor 2 drop_on_overload step_thresh 1ms drop_dequeue split_gso classic_protection 10% 
 Sent 18936274 bytes 15255 pkt (dropped 531, overlimits 0 requeues 0) 
 backlog 2484b 2p requeues 0
prob 0.321717 delay_c 1099us delay_l 0us
pkts_in_c 15788 pkts_in_l 0 maxq 27
ecn_mark 0 step_marks 0
credit -121120 (L)

------ Mon 01 Dec 2025 11:32:44 PM PST ------
qdisc htb 1: root refcnt 33 r2q 10 default 0x10 direct_packets_stat 0 direct_qlen 1000
 Sent 18977260 bytes 15288 pkt (dropped 531, overlimits 15270 requeues 0) 
 backlog 3726b 3p requeues 0
qdisc dualpi2 2: parent 1:10 limit 15040000p target 1ms tupdate 16ms alpha 0.152344 beta 3.195312 l4s_ect coupling_factor 2 drop_on_overload step_thresh 1ms drop_dequeue split_gso classic_protection 10% 
 Sent 18977260 bytes 15288 pkt (dropped 531, overlimits 0 requeues 0) 
 backlog 3726b 3p requeues 0
prob 0.325181 delay_c 2908us delay_l 0us
pkts_in_c 15822 pkts_in_l 0 maxq 27
ecn_mark 0 step_marks 0
credit -121120 (L)

------ Mon 01 Dec 2025 11:32:44 PM PST ------
qdisc htb 1: root refcnt 33 r2q 10 default 0x10 direct_packets_stat 0 direct_qlen 1000
 Sent 19019488 bytes 15322 pkt (dropped 533, overlimits 15304 requeues 0) 
 backlog 2484b 2p requeues 0
qdisc dualpi2 2: parent 1:10 limit 15040000p target 1ms tupdate 16ms alpha 0.152344 beta 3.195312 l4s_ect coupling_factor 2 drop_on_overload step_thresh 1ms drop_dequeue split_gso classic_protection 10% 
 Sent 19019488 bytes 15322 pkt (dropped 533, overlimits 0 requeues 0) 
 backlog 2484b 2p requeues 0
prob 0.322341 delay_c 1895us delay_l 0us
pkts_in_c 15857 pkts_in_l 0 maxq 27
ecn_mark 0 step_marks 0
credit -121120 (L)

------ Mon 01 Dec 2025 11:32:44 PM PST ------
qdisc htb 1: root refcnt 33 r2q 10 default 0x10 direct_packets_stat 0 direct_qlen 1000
 Sent 19062958 bytes 15357 pkt (dropped 534, overlimits 15339 requeues 0) 
 backlog 2484b 2p requeues 0
qdisc dualpi2 2: parent 1:10 limit 15040000p target 1ms tupdate 16ms alpha 0.152344 beta 3.195312 l4s_ect coupling_factor 2 drop_on_overload step_thresh 1ms drop_dequeue split_gso classic_protection 10% 
 Sent 19062958 bytes 15357 pkt (dropped 534, overlimits 0 requeues 0) 
 backlog 2484b 2p requeues 0
prob 0.322760 delay_c 1350us delay_l 0us
pkts_in_c 15893 pkts_in_l 0 maxq 27
ecn_mark 0 step_marks 0
credit -121120 (L)

------ Mon 01 Dec 2025 11:32:44 PM PST ------
qdisc htb 1: root refcnt 33 r2q 10 default 0x10 direct_packets_stat 0 direct_qlen 1000
 Sent 19106428 bytes 15392 pkt (dropped 535, overlimits 15374 requeues 0) 
 backlog 3726b 3p requeues 0
qdisc dualpi2 2: parent 1:10 limit 15040000p target 1ms tupdate 16ms alpha 0.152344 beta 3.195312 l4s_ect coupling_factor 2 drop_on_overload step_thresh 1ms drop_dequeue split_gso classic_protection 10% 
 Sent 19106428 bytes 15392 pkt (dropped 535, overlimits 0 requeues 0) 
 backlog 3726b 3p requeues 0
prob 0.326466 delay_c 1561us delay_l 0us
pkts_in_c 15930 pkts_in_l 0 maxq 27
ecn_mark 0 step_marks 0
credit -121120 (L)

------ Mon 01 Dec 2025 11:32:44 PM PST ------
qdisc htb 1: root refcnt 33 r2q 10 default 0x10 direct_packets_stat 0 direct_qlen 1000
 Sent 19147414 bytes 15425 pkt (dropped 537, overlimits 15407 requeues 0) 
 backlog 3726b 3p requeues 0
qdisc dualpi2 2: parent 1:10 limit 15040000p target 1ms tupdate 16ms alpha 0.152344 beta 3.195312 l4s_ect coupling_factor 2 drop_on_overload step_thresh 1ms drop_dequeue split_gso classic_protection 10% 
 Sent 19147414 bytes 15425 pkt (dropped 537, overlimits 0 requeues 0) 
 backlog 3726b 3p requeues 0
prob 0.323377 delay_c 1407us delay_l 0us
pkts_in_c 15965 pkts_in_l 0 maxq 27
ecn_mark 0 step_marks 0
credit -121120 (L)

------ Mon 01 Dec 2025 11:32:44 PM PST ------
qdisc htb 1: root refcnt 33 r2q 10 default 0x10 direct_packets_stat 0 direct_qlen 1000
 Sent 19190884 bytes 15460 pkt (dropped 538, overlimits 15442 requeues 0) 
 backlog 2484b 2p requeues 0
qdisc dualpi2 2: parent 1:10 limit 15040000p target 1ms tupdate 16ms alpha 0.152344 beta 3.195312 l4s_ect coupling_factor 2 drop_on_overload step_thresh 1ms drop_dequeue split_gso classic_protection 10% 
 Sent 19190884 bytes 15460 pkt (dropped 538, overlimits 0 requeues 0) 
 backlog 2484b 2p requeues 0
prob 0.323543 delay_c 995us delay_l 0us
pkts_in_c 16000 pkts_in_l 0 maxq 27
ecn_mark 0 step_marks 0
credit -121120 (L)

------ Mon 01 Dec 2025 11:32:44 PM PST ------
qdisc htb 1: root refcnt 33 r2q 10 default 0x10 direct_packets_stat 0 direct_qlen 1000
 Sent 19233112 bytes 15494 pkt (dropped 539, overlimits 15476 requeues 0) 
 backlog 3726b 3p requeues 0
qdisc dualpi2 2: parent 1:10 limit 15040000p target 1ms tupdate 16ms alpha 0.152344 beta 3.195312 l4s_ect coupling_factor 2 drop_on_overload step_thresh 1ms drop_dequeue split_gso classic_protection 10% 
 Sent 19233112 bytes 15494 pkt (dropped 539, overlimits 0 requeues 0) 
 backlog 3726b 3p requeues 0
prob 0.323753 delay_c 1138us delay_l 0us
pkts_in_c 16036 pkts_in_l 0 maxq 27
ecn_mark 0 step_marks 0
credit -121120 (L)

------ Mon 01 Dec 2025 11:32:44 PM PST ------
qdisc htb 1: root refcnt 33 r2q 10 default 0x10 direct_packets_stat 0 direct_qlen 1000
 Sent 19275340 bytes 15528 pkt (dropped 540, overlimits 15510 requeues 0) 
 backlog 3726b 3p requeues 0
qdisc dualpi2 2: parent 1:10 limit 15040000p target 1ms tupdate 16ms alpha 0.152344 beta 3.195312 l4s_ect coupling_factor 2 drop_on_overload step_thresh 1ms drop_dequeue split_gso classic_protection 10% 
 Sent 19275340 bytes 15528 pkt (dropped 540, overlimits 0 requeues 0) 
 backlog 3726b 3p requeues 0
prob 0.327441 delay_c 1558us delay_l 0us
pkts_in_c 16071 pkts_in_l 0 maxq 27
ecn_mark 0 step_marks 0
credit -121120 (L)

------ Mon 01 Dec 2025 11:32:44 PM PST ------
qdisc htb 1: root refcnt 33 r2q 10 default 0x10 direct_packets_stat 0 direct_qlen 1000
 Sent 19317568 bytes 15562 pkt (dropped 542, overlimits 15544 requeues 0) 
 backlog 2484b 2p requeues 0
qdisc dualpi2 2: parent 1:10 limit 15040000p target 1ms tupdate 16ms alpha 0.152344 beta 3.195312 l4s_ect coupling_factor 2 drop_on_overload step_thresh 1ms drop_dequeue split_gso classic_protection 10% 
 Sent 19317568 bytes 15562 pkt (dropped 542, overlimits 0 requeues 0) 
 backlog 2484b 2p requeues 0
prob 0.324360 delay_c 1630us delay_l 0us
pkts_in_c 16106 pkts_in_l 0 maxq 27
ecn_mark 0 step_marks 0
credit -121120 (L)

------ Mon 01 Dec 2025 11:32:44 PM PST ------
qdisc htb 1: root refcnt 33 r2q 10 default 0x10 direct_packets_stat 0 direct_qlen 1000
 Sent 19359796 bytes 15596 pkt (dropped 542, overlimits 15578 requeues 0) 
 backlog 3726b 3p requeues 0
qdisc dualpi2 2: parent 1:10 limit 15040000p target 1ms tupdate 16ms alpha 0.152344 beta 3.195312 l4s_ect coupling_factor 2 drop_on_overload step_thresh 1ms drop_dequeue split_gso classic_protection 10% 
 Sent 19359796 bytes 15596 pkt (dropped 542, overlimits 0 requeues 0) 
 backlog 3726b 3p requeues 0
prob 0.324556 delay_c 1696us delay_l 0us
pkts_in_c 16141 pkts_in_l 0 maxq 27
ecn_mark 0 step_marks 0
credit -121120 (L)

------ Mon 01 Dec 2025 11:32:44 PM PST ------
qdisc htb 1: root refcnt 33 r2q 10 default 0x10 direct_packets_stat 0 direct_qlen 1000
 Sent 19402024 bytes 15630 pkt (dropped 543, overlimits 15612 requeues 0) 
 backlog 3726b 3p requeues 0
qdisc dualpi2 2: parent 1:10 limit 15040000p target 1ms tupdate 16ms alpha 0.152344 beta 3.195312 l4s_ect coupling_factor 2 drop_on_overload step_thresh 1ms drop_dequeue split_gso classic_protection 10% 
 Sent 19402024 bytes 15630 pkt (dropped 543, overlimits 0 requeues 0) 
 backlog 3726b 3p requeues 0
prob 0.328376 delay_c 1848us delay_l 0us
pkts_in_c 16176 pkts_in_l 0 maxq 27
ecn_mark 0 step_marks 0
credit -121120 (L)

------ Mon 01 Dec 2025 11:32:44 PM PST ------
qdisc htb 1: root refcnt 33 r2q 10 default 0x10 direct_packets_stat 0 direct_qlen 1000
 Sent 19444252 bytes 15664 pkt (dropped 545, overlimits 15646 requeues 0) 
 backlog 2484b 2p requeues 0
qdisc dualpi2 2: parent 1:10 limit 15040000p target 1ms tupdate 16ms alpha 0.152344 beta 3.195312 l4s_ect coupling_factor 2 drop_on_overload step_thresh 1ms drop_dequeue split_gso classic_protection 10% 
 Sent 19444252 bytes 15664 pkt (dropped 545, overlimits 0 requeues 0) 
 backlog 2484b 2p requeues 0
prob 0.328793 delay_c 1891us delay_l 0us
pkts_in_c 16211 pkts_in_l 0 maxq 27
ecn_mark 0 step_marks 0
credit -121120 (L)

------ Mon 01 Dec 2025 11:32:44 PM PST ------
qdisc htb 1: root refcnt 33 r2q 10 default 0x10 direct_packets_stat 0 direct_qlen 1000
 Sent 19486480 bytes 15698 pkt (dropped 546, overlimits 15680 requeues 0) 
 backlog 3726b 3p requeues 0
qdisc dualpi2 2: parent 1:10 limit 15040000p target 1ms tupdate 16ms alpha 0.152344 beta 3.195312 l4s_ect coupling_factor 2 drop_on_overload step_thresh 1ms drop_dequeue split_gso classic_protection 10% 
 Sent 19486480 bytes 15698 pkt (dropped 546, overlimits 0 requeues 0) 
 backlog 3726b 3p requeues 0
prob 0.329041 delay_c 2274us delay_l 0us
pkts_in_c 16247 pkts_in_l 0 maxq 27
ecn_mark 0 step_marks 0
credit -121120 (L)

------ Mon 01 Dec 2025 11:32:44 PM PST ------
qdisc htb 1: root refcnt 33 r2q 10 default 0x10 direct_packets_stat 0 direct_qlen 1000
 Sent 19526224 bytes 15730 pkt (dropped 548, overlimits 15712 requeues 0) 
 backlog 2484b 2p requeues 0
qdisc dualpi2 2: parent 1:10 limit 15040000p target 1ms tupdate 16ms alpha 0.152344 beta 3.195312 l4s_ect coupling_factor 2 drop_on_overload step_thresh 1ms drop_dequeue split_gso classic_protection 10% 
 Sent 19526224 bytes 15730 pkt (dropped 548, overlimits 0 requeues 0) 
 backlog 2484b 2p requeues 0
prob 0.329379 delay_c 917us delay_l 0us
pkts_in_c 16280 pkts_in_l 0 maxq 27
ecn_mark 0 step_marks 0
credit -121120 (L)

------ Mon 01 Dec 2025 11:32:44 PM PST ------
qdisc htb 1: root refcnt 33 r2q 10 default 0x10 direct_packets_stat 0 direct_qlen 1000
 Sent 19567210 bytes 15763 pkt (dropped 549, overlimits 15745 requeues 0) 
 backlog 3726b 3p requeues 0
qdisc dualpi2 2: parent 1:10 limit 15040000p target 1ms tupdate 16ms alpha 0.152344 beta 3.195312 l4s_ect coupling_factor 2 drop_on_overload step_thresh 1ms drop_dequeue split_gso classic_protection 10% 
 Sent 19567210 bytes 15763 pkt (dropped 549, overlimits 0 requeues 0) 
 backlog 3726b 3p requeues 0
prob 0.326428 delay_c 1106us delay_l 0us
pkts_in_c 16315 pkts_in_l 0 maxq 27
ecn_mark 0 step_marks 0
credit -121120 (L)

------ Mon 01 Dec 2025 11:32:44 PM PST ------
qdisc htb 1: root refcnt 33 r2q 10 default 0x10 direct_packets_stat 0 direct_qlen 1000
 Sent 19609438 bytes 15797 pkt (dropped 549, overlimits 15779 requeues 0) 
 backlog 4968b 4p requeues 0
qdisc dualpi2 2: parent 1:10 limit 15040000p target 1ms tupdate 16ms alpha 0.152344 beta 3.195312 l4s_ect coupling_factor 2 drop_on_overload step_thresh 1ms drop_dequeue split_gso classic_protection 10% 
 Sent 19609438 bytes 15797 pkt (dropped 549, overlimits 0 requeues 0) 
 backlog 4968b 4p requeues 0
prob 0.329951 delay_c 2227us delay_l 0us
pkts_in_c 16350 pkts_in_l 0 maxq 27
ecn_mark 0 step_marks 0
credit -121120 (L)

------ Mon 01 Dec 2025 11:32:44 PM PST ------
qdisc htb 1: root refcnt 33 r2q 10 default 0x10 direct_packets_stat 0 direct_qlen 1000
 Sent 19651666 bytes 15831 pkt (dropped 550, overlimits 15813 requeues 0) 
 backlog 4968b 4p requeues 0
qdisc dualpi2 2: parent 1:10 limit 15040000p target 1ms tupdate 16ms alpha 0.152344 beta 3.195312 l4s_ect coupling_factor 2 drop_on_overload step_thresh 1ms drop_dequeue split_gso classic_protection 10% 
 Sent 19651666 bytes 15831 pkt (dropped 550, overlimits 0 requeues 0) 
 backlog 4968b 4p requeues 0
prob 0.326885 delay_c 2486us delay_l 0us
pkts_in_c 16385 pkts_in_l 0 maxq 27
ecn_mark 0 step_marks 0
credit -121120 (L)

------ Mon 01 Dec 2025 11:32:44 PM PST ------
qdisc htb 1: root refcnt 33 r2q 10 default 0x10 direct_packets_stat 0 direct_qlen 1000
 Sent 19692652 bytes 15864 pkt (dropped 550, overlimits 15846 requeues 0) 
 backlog 4968b 4p requeues 0
qdisc dualpi2 2: parent 1:10 limit 15040000p target 1ms tupdate 16ms alpha 0.152344 beta 3.195312 l4s_ect coupling_factor 2 drop_on_overload step_thresh 1ms drop_dequeue split_gso classic_protection 10% 
 Sent 19692652 bytes 15864 pkt (dropped 550, overlimits 0 requeues 0) 
 backlog 4968b 4p requeues 0
prob 0.330565 delay_c 3143us delay_l 0us
pkts_in_c 16418 pkts_in_l 0 maxq 27
ecn_mark 0 step_marks 0
credit -121120 (L)

------ Mon 01 Dec 2025 11:32:44 PM PST ------
qdisc htb 1: root refcnt 33 r2q 10 default 0x10 direct_packets_stat 0 direct_qlen 1000
 Sent 19732396 bytes 15896 pkt (dropped 553, overlimits 15878 requeues 0) 
 backlog 3726b 3p requeues 0
qdisc dualpi2 2: parent 1:10 limit 15040000p target 1ms tupdate 16ms alpha 0.152344 beta 3.195312 l4s_ect coupling_factor 2 drop_on_overload step_thresh 1ms drop_dequeue split_gso classic_protection 10% 
 Sent 19732396 bytes 15896 pkt (dropped 553, overlimits 0 requeues 0) 
 backlog 3726b 3p requeues 0
prob 0.331046 delay_c 2035us delay_l 0us
pkts_in_c 16452 pkts_in_l 0 maxq 27
ecn_mark 0 step_marks 0
credit -121120 (L)

------ Mon 01 Dec 2025 11:32:44 PM PST ------
qdisc htb 1: root refcnt 33 r2q 10 default 0x10 direct_packets_stat 0 direct_qlen 1000
 Sent 19773382 bytes 15929 pkt (dropped 554, overlimits 15911 requeues 0) 
 backlog 3726b 3p requeues 0
qdisc dualpi2 2: parent 1:10 limit 15040000p target 1ms tupdate 16ms alpha 0.152344 beta 3.195312 l4s_ect coupling_factor 2 drop_on_overload step_thresh 1ms drop_dequeue split_gso classic_protection 10% 
 Sent 19773382 bytes 15929 pkt (dropped 554, overlimits 0 requeues 0) 
 backlog 3726b 3p requeues 0
prob 0.327973 delay_c 1222us delay_l 0us
pkts_in_c 16486 pkts_in_l 0 maxq 27
ecn_mark 0 step_marks 0
credit -121120 (L)

------ Mon 01 Dec 2025 11:32:45 PM PST ------
qdisc htb 1: root refcnt 33 r2q 10 default 0x10 direct_packets_stat 0 direct_qlen 1000
 Sent 19813126 bytes 15961 pkt (dropped 555, overlimits 15943 requeues 0) 
 backlog 4968b 4p requeues 0
qdisc dualpi2 2: parent 1:10 limit 15040000p target 1ms tupdate 16ms alpha 0.152344 beta 3.195312 l4s_ect coupling_factor 2 drop_on_overload step_thresh 1ms drop_dequeue split_gso classic_protection 10% 
 Sent 19813126 bytes 15961 pkt (dropped 555, overlimits 0 requeues 0) 
 backlog 4968b 4p requeues 0
prob 0.331542 delay_c 2037us delay_l 0us
pkts_in_c 16520 pkts_in_l 0 maxq 27
ecn_mark 0 step_marks 0
credit -121120 (L)

------ Mon 01 Dec 2025 11:32:45 PM PST ------
qdisc htb 1: root refcnt 33 r2q 10 default 0x10 direct_packets_stat 0 direct_qlen 1000
 Sent 19855354 bytes 15995 pkt (dropped 556, overlimits 15977 requeues 0) 
 backlog 2484b 2p requeues 0
qdisc dualpi2 2: parent 1:10 limit 15040000p target 1ms tupdate 16ms alpha 0.152344 beta 3.195312 l4s_ect coupling_factor 2 drop_on_overload step_thresh 1ms drop_dequeue split_gso classic_protection 10% 
 Sent 19855354 bytes 15995 pkt (dropped 556, overlimits 0 requeues 0) 
 backlog 2484b 2p requeues 0
prob 0.328520 delay_c 1799us delay_l 0us
pkts_in_c 16553 pkts_in_l 0 maxq 27
ecn_mark 0 step_marks 0
credit -121120 (L)

------ Mon 01 Dec 2025 11:32:45 PM PST ------
qdisc htb 1: root refcnt 33 r2q 10 default 0x10 direct_packets_stat 0 direct_qlen 1000
 Sent 19893856 bytes 16026 pkt (dropped 558, overlimits 16008 requeues 0) 
 backlog 3726b 3p requeues 0
qdisc dualpi2 2: parent 1:10 limit 15040000p target 1ms tupdate 16ms alpha 0.152344 beta 3.195312 l4s_ect coupling_factor 2 drop_on_overload step_thresh 1ms drop_dequeue split_gso classic_protection 10% 
 Sent 19893856 bytes 16026 pkt (dropped 558, overlimits 0 requeues 0) 
 backlog 3726b 3p requeues 0
prob 0.328662 delay_c 2016us delay_l 0us
pkts_in_c 16587 pkts_in_l 0 maxq 27
ecn_mark 0 step_marks 0
credit -121120 (L)

------ Mon 01 Dec 2025 11:32:45 PM PST ------
qdisc htb 1: root refcnt 33 r2q 10 default 0x10 direct_packets_stat 0 direct_qlen 1000
 Sent 19936084 bytes 16060 pkt (dropped 559, overlimits 16042 requeues 0) 
 backlog 2484b 2p requeues 0
qdisc dualpi2 2: parent 1:10 limit 15040000p target 1ms tupdate 16ms alpha 0.152344 beta 3.195312 l4s_ect coupling_factor 2 drop_on_overload step_thresh 1ms drop_dequeue split_gso classic_protection 10% 
 Sent 19936084 bytes 16060 pkt (dropped 559, overlimits 0 requeues 0) 
 backlog 2484b 2p requeues 0
prob 0.328839 delay_c 1732us delay_l 0us
pkts_in_c 16621 pkts_in_l 0 maxq 27
ecn_mark 0 step_marks 0
credit -121120 (L)

------ Mon 01 Dec 2025 11:32:45 PM PST ------
qdisc htb 1: root refcnt 33 r2q 10 default 0x10 direct_packets_stat 0 direct_qlen 1000
 Sent 19977070 bytes 16093 pkt (dropped 560, overlimits 16075 requeues 0) 
 backlog 2484b 2p requeues 0
qdisc dualpi2 2: parent 1:10 limit 15040000p target 1ms tupdate 16ms alpha 0.152344 beta 3.195312 l4s_ect coupling_factor 2 drop_on_overload step_thresh 1ms drop_dequeue split_gso classic_protection 10% 
 Sent 19977070 bytes 16093 pkt (dropped 560, overlimits 0 requeues 0) 
 backlog 2484b 2p requeues 0
prob 0.329081 delay_c 902us delay_l 0us
pkts_in_c 16655 pkts_in_l 0 maxq 27
ecn_mark 0 step_marks 0
credit -121120 (L)

------ Mon 01 Dec 2025 11:32:45 PM PST ------
qdisc htb 1: root refcnt 33 r2q 10 default 0x10 direct_packets_stat 0 direct_qlen 1000
 Sent 20016814 bytes 16125 pkt (dropped 561, overlimits 16107 requeues 0) 
 backlog 2484b 2p requeues 0
qdisc dualpi2 2: parent 1:10 limit 15040000p target 1ms tupdate 16ms alpha 0.152344 beta 3.195312 l4s_ect coupling_factor 2 drop_on_overload step_thresh 1ms drop_dequeue split_gso classic_protection 10% 
 Sent 20016814 bytes 16125 pkt (dropped 561, overlimits 0 requeues 0) 
 backlog 2484b 2p requeues 0
prob 0.329141 delay_c 1280us delay_l 0us
pkts_in_c 16688 pkts_in_l 0 maxq 27
ecn_mark 0 step_marks 0
credit -121120 (L)

------ Mon 01 Dec 2025 11:32:45 PM PST ------
qdisc htb 1: root refcnt 33 r2q 10 default 0x10 direct_packets_stat 0 direct_qlen 1000
 Sent 20057800 bytes 16158 pkt (dropped 562, overlimits 16140 requeues 0) 
 backlog 2484b 2p requeues 0
qdisc dualpi2 2: parent 1:10 limit 15040000p target 1ms tupdate 16ms alpha 0.152344 beta 3.195312 l4s_ect coupling_factor 2 drop_on_overload step_thresh 1ms drop_dequeue split_gso classic_protection 10% 
 Sent 20057800 bytes 16158 pkt (dropped 562, overlimits 0 requeues 0) 
 backlog 2484b 2p requeues 0
prob 0.332521 delay_c 1807us delay_l 0us
pkts_in_c 16722 pkts_in_l 0 maxq 27
ecn_mark 0 step_marks 0
credit -121120 (L)

------ Mon 01 Dec 2025 11:32:45 PM PST ------
qdisc htb 1: root refcnt 33 r2q 10 default 0x10 direct_packets_stat 0 direct_qlen 1000
 Sent 20096302 bytes 16189 pkt (dropped 563, overlimits 16171 requeues 0) 
 backlog 3726b 3p requeues 0
qdisc dualpi2 2: parent 1:10 limit 15040000p target 1ms tupdate 16ms alpha 0.152344 beta 3.195312 l4s_ect coupling_factor 2 drop_on_overload step_thresh 1ms drop_dequeue split_gso classic_protection 10% 
 Sent 20096302 bytes 16189 pkt (dropped 563, overlimits 0 requeues 0) 
 backlog 3726b 3p requeues 0
prob 0.329723 delay_c 1923us delay_l 0us
pkts_in_c 16755 pkts_in_l 0 maxq 27
ecn_mark 0 step_marks 0
credit -121120 (L)

------ Mon 01 Dec 2025 11:32:45 PM PST ------
qdisc htb 1: root refcnt 33 r2q 10 default 0x10 direct_packets_stat 0 direct_qlen 1000
 Sent 20137288 bytes 16222 pkt (dropped 564, overlimits 16204 requeues 0) 
 backlog 2484b 2p requeues 0
qdisc dualpi2 2: parent 1:10 limit 15040000p target 1ms tupdate 16ms alpha 0.152344 beta 3.195312 l4s_ect coupling_factor 2 drop_on_overload step_thresh 1ms drop_dequeue split_gso classic_protection 10% 
 Sent 20137288 bytes 16222 pkt (dropped 564, overlimits 0 requeues 0) 
 backlog 2484b 2p requeues 0
prob 0.333456 delay_c 1572us delay_l 0us
pkts_in_c 16788 pkts_in_l 0 maxq 27
ecn_mark 0 step_marks 0
credit -121120 (L)

------ Mon 01 Dec 2025 11:32:45 PM PST ------
qdisc htb 1: root refcnt 33 r2q 10 default 0x10 direct_packets_stat 0 direct_qlen 1000
 Sent 20177032 bytes 16254 pkt (dropped 566, overlimits 16236 requeues 0) 
 backlog 2484b 2p requeues 0
qdisc dualpi2 2: parent 1:10 limit 15040000p target 1ms tupdate 16ms alpha 0.152344 beta 3.195312 l4s_ect coupling_factor 2 drop_on_overload step_thresh 1ms drop_dequeue split_gso classic_protection 10% 
 Sent 20177032 bytes 16254 pkt (dropped 566, overlimits 0 requeues 0) 
 backlog 2484b 2p requeues 0
prob 0.330376 delay_c 1228us delay_l 0us
pkts_in_c 16822 pkts_in_l 0 maxq 27
ecn_mark 0 step_marks 0
credit -121120 (L)

------ Mon 01 Dec 2025 11:32:45 PM PST ------
qdisc htb 1: root refcnt 33 r2q 10 default 0x10 direct_packets_stat 0 direct_qlen 1000
 Sent 20221744 bytes 16290 pkt (dropped 567, overlimits 16272 requeues 0) 
 backlog 3726b 3p requeues 0
qdisc dualpi2 2: parent 1:10 limit 15040000p target 1ms tupdate 16ms alpha 0.152344 beta 3.195312 l4s_ect coupling_factor 2 drop_on_overload step_thresh 1ms drop_dequeue split_gso classic_protection 10% 
 Sent 20221744 bytes 16290 pkt (dropped 567, overlimits 0 requeues 0) 
 backlog 3726b 3p requeues 0
prob 0.333898 delay_c 1462us delay_l 0us
pkts_in_c 16860 pkts_in_l 0 maxq 27
ecn_mark 0 step_marks 0
credit -121120 (L)

------ Mon 01 Dec 2025 11:32:45 PM PST ------
qdisc htb 1: root refcnt 33 r2q 10 default 0x10 direct_packets_stat 0 direct_qlen 1000
 Sent 20261488 bytes 16322 pkt (dropped 568, overlimits 16304 requeues 0) 
 backlog 3726b 3p requeues 0
qdisc dualpi2 2: parent 1:10 limit 15040000p target 1ms tupdate 16ms alpha 0.152344 beta 3.195312 l4s_ect coupling_factor 2 drop_on_overload step_thresh 1ms drop_dequeue split_gso classic_protection 10% 
 Sent 20261488 bytes 16322 pkt (dropped 568, overlimits 0 requeues 0) 
 backlog 3726b 3p requeues 0
prob 0.330936 delay_c 2010us delay_l 0us
pkts_in_c 16893 pkts_in_l 0 maxq 27
ecn_mark 0 step_marks 0
credit -121120 (L)

------ Mon 01 Dec 2025 11:32:45 PM PST ------
qdisc htb 1: root refcnt 33 r2q 10 default 0x10 direct_packets_stat 0 direct_qlen 1000
 Sent 20304958 bytes 16357 pkt (dropped 569, overlimits 16339 requeues 0) 
 backlog 2484b 2p requeues 0
qdisc dualpi2 2: parent 1:10 limit 15040000p target 1ms tupdate 16ms alpha 0.152344 beta 3.195312 l4s_ect coupling_factor 2 drop_on_overload step_thresh 1ms drop_dequeue split_gso classic_protection 10% 
 Sent 20304958 bytes 16357 pkt (dropped 569, overlimits 0 requeues 0) 
 backlog 2484b 2p requeues 0
prob 0.331306 delay_c 1375us delay_l 0us
pkts_in_c 16928 pkts_in_l 0 maxq 27
ecn_mark 0 step_marks 0
credit -121120 (L)

------ Mon 01 Dec 2025 11:32:45 PM PST ------
qdisc htb 1: root refcnt 33 r2q 10 default 0x10 direct_packets_stat 0 direct_qlen 1000
 Sent 20344702 bytes 16389 pkt (dropped 571, overlimits 16371 requeues 0) 
 backlog 2484b 2p requeues 0
qdisc dualpi2 2: parent 1:10 limit 15040000p target 1ms tupdate 16ms alpha 0.152344 beta 3.195312 l4s_ect coupling_factor 2 drop_on_overload step_thresh 1ms drop_dequeue split_gso classic_protection 10% 
 Sent 20344702 bytes 16389 pkt (dropped 571, overlimits 0 requeues 0) 
 backlog 2484b 2p requeues 0
prob 0.331424 delay_c 1557us delay_l 0us
pkts_in_c 16962 pkts_in_l 0 maxq 27
ecn_mark 0 step_marks 0
credit -121120 (L)

------ Mon 01 Dec 2025 11:32:45 PM PST ------
qdisc htb 1: root refcnt 33 r2q 10 default 0x10 direct_packets_stat 0 direct_qlen 1000
 Sent 20389414 bytes 16425 pkt (dropped 572, overlimits 16407 requeues 0) 
 backlog 1242b 1p requeues 0
qdisc dualpi2 2: parent 1:10 limit 15040000p target 1ms tupdate 16ms alpha 0.152344 beta 3.195312 l4s_ect coupling_factor 2 drop_on_overload step_thresh 1ms drop_dequeue split_gso classic_protection 10% 
 Sent 20389414 bytes 16425 pkt (dropped 572, overlimits 0 requeues 0) 
 backlog 1242b 1p requeues 0
prob 0.328217 delay_c 632us delay_l 0us
pkts_in_c 16998 pkts_in_l 0 maxq 27
ecn_mark 0 step_marks 0
credit -121120 (L)

------ Mon 01 Dec 2025 11:32:45 PM PST ------
qdisc htb 1: root refcnt 33 r2q 10 default 0x10 direct_packets_stat 0 direct_qlen 1000
 Sent 20430400 bytes 16458 pkt (dropped 572, overlimits 16440 requeues 0) 
 backlog 3726b 3p requeues 0
qdisc dualpi2 2: parent 1:10 limit 15040000p target 1ms tupdate 16ms alpha 0.152344 beta 3.195312 l4s_ect coupling_factor 2 drop_on_overload step_thresh 1ms drop_dequeue split_gso classic_protection 10% 
 Sent 20430400 bytes 16458 pkt (dropped 572, overlimits 0 requeues 0) 
 backlog 3726b 3p requeues 0
prob 0.334983 delay_c 2236us delay_l 0us
pkts_in_c 17033 pkts_in_l 0 maxq 27
ecn_mark 0 step_marks 0
credit -121120 (L)

------ Mon 01 Dec 2025 11:32:45 PM PST ------
qdisc htb 1: root refcnt 33 r2q 10 default 0x10 direct_packets_stat 0 direct_qlen 1000
 Sent 20473870 bytes 16493 pkt (dropped 574, overlimits 16475 requeues 0) 
 backlog 3726b 3p requeues 0
qdisc dualpi2 2: parent 1:10 limit 15040000p target 1ms tupdate 16ms alpha 0.152344 beta 3.195312 l4s_ect coupling_factor 2 drop_on_overload step_thresh 1ms drop_dequeue split_gso classic_protection 10% 
 Sent 20473870 bytes 16493 pkt (dropped 574, overlimits 0 requeues 0) 
 backlog 3726b 3p requeues 0
prob 0.331988 delay_c 1047us delay_l 0us
pkts_in_c 17070 pkts_in_l 0 maxq 27
ecn_mark 0 step_marks 0
credit -121120 (L)

------ Mon 01 Dec 2025 11:32:45 PM PST ------
qdisc htb 1: root refcnt 33 r2q 10 default 0x10 direct_packets_stat 0 direct_qlen 1000
 Sent 20514856 bytes 16526 pkt (dropped 575, overlimits 16508 requeues 0) 
 backlog 2484b 2p requeues 0
qdisc dualpi2 2: parent 1:10 limit 15040000p target 1ms tupdate 16ms alpha 0.152344 beta 3.195312 l4s_ect coupling_factor 2 drop_on_overload step_thresh 1ms drop_dequeue split_gso classic_protection 10% 
 Sent 20514856 bytes 16526 pkt (dropped 575, overlimits 0 requeues 0) 
 backlog 2484b 2p requeues 0
prob 0.335535 delay_c 1549us delay_l 0us
pkts_in_c 17103 pkts_in_l 0 maxq 27
ecn_mark 0 step_marks 0
credit -121120 (L)

------ Mon 01 Dec 2025 11:32:45 PM PST ------
qdisc htb 1: root refcnt 33 r2q 10 default 0x10 direct_packets_stat 0 direct_qlen 1000
 Sent 20559568 bytes 16562 pkt (dropped 577, overlimits 16544 requeues 0) 
 backlog 2484b 2p requeues 0
qdisc dualpi2 2: parent 1:10 limit 15040000p target 1ms tupdate 16ms alpha 0.152344 beta 3.195312 l4s_ect coupling_factor 2 drop_on_overload step_thresh 1ms drop_dequeue split_gso classic_protection 10% 
 Sent 20559568 bytes 16562 pkt (dropped 577, overlimits 0 requeues 0) 
 backlog 2484b 2p requeues 0
prob 0.335833 delay_c 1042us delay_l 0us
pkts_in_c 17141 pkts_in_l 0 maxq 27
ecn_mark 0 step_marks 0
credit -121120 (L)

------ Mon 01 Dec 2025 11:32:45 PM PST ------
qdisc htb 1: root refcnt 33 r2q 10 default 0x10 direct_packets_stat 0 direct_qlen 1000
 Sent 20600554 bytes 16595 pkt (dropped 578, overlimits 16577 requeues 0) 
 backlog 2484b 2p requeues 0
qdisc dualpi2 2: parent 1:10 limit 15040000p target 1ms tupdate 16ms alpha 0.152344 beta 3.195312 l4s_ect coupling_factor 2 drop_on_overload step_thresh 1ms drop_dequeue split_gso classic_protection 10% 
 Sent 20600554 bytes 16595 pkt (dropped 578, overlimits 0 requeues 0) 
 backlog 2484b 2p requeues 0
prob 0.332908 delay_c 385us delay_l 0us
pkts_in_c 17175 pkts_in_l 0 maxq 27
ecn_mark 0 step_marks 0
credit -121120 (L)

------ Mon 01 Dec 2025 11:32:45 PM PST ------
qdisc htb 1: root refcnt 33 r2q 10 default 0x10 direct_packets_stat 0 direct_qlen 1000
 Sent 20641540 bytes 16628 pkt (dropped 578, overlimits 16610 requeues 0) 
 backlog 4968b 4p requeues 0
qdisc dualpi2 2: parent 1:10 limit 15040000p target 1ms tupdate 16ms alpha 0.152344 beta 3.195312 l4s_ect coupling_factor 2 drop_on_overload step_thresh 1ms drop_dequeue split_gso classic_protection 10% 
 Sent 20641540 bytes 16628 pkt (dropped 578, overlimits 0 requeues 0) 
 backlog 4968b 4p requeues 0
prob 0.336470 delay_c 2438us delay_l 0us
pkts_in_c 17210 pkts_in_l 0 maxq 27
ecn_mark 0 step_marks 0
credit -121120 (L)

------ Mon 01 Dec 2025 11:32:45 PM PST ------
qdisc htb 1: root refcnt 33 r2q 10 default 0x10 direct_packets_stat 0 direct_qlen 1000
 Sent 20683768 bytes 16662 pkt (dropped 580, overlimits 16642 requeues 0) 
 backlog 3726b 3p requeues 0
qdisc dualpi2 2: parent 1:10 limit 15040000p target 1ms tupdate 16ms alpha 0.152344 beta 3.195312 l4s_ect coupling_factor 2 drop_on_overload step_thresh 1ms drop_dequeue split_gso classic_protection 10% 
 Sent 20683768 bytes 16662 pkt (dropped 580, overlimits 0 requeues 0) 
 backlog 3726b 3p requeues 0
prob 0.336753 delay_c 1264us delay_l 0us
pkts_in_c 17245 pkts_in_l 0 maxq 27
ecn_mark 0 step_marks 0
credit -121120 (L)

------ Mon 01 Dec 2025 11:32:45 PM PST ------
qdisc htb 1: root refcnt 33 r2q 10 default 0x10 direct_packets_stat 0 direct_qlen 1000
 Sent 20727238 bytes 16697 pkt (dropped 581, overlimits 16677 requeues 0) 
 backlog 3726b 3p requeues 0
qdisc dualpi2 2: parent 1:10 limit 15040000p target 1ms tupdate 16ms alpha 0.152344 beta 3.195312 l4s_ect coupling_factor 2 drop_on_overload step_thresh 1ms drop_dequeue split_gso classic_protection 10% 
 Sent 20727238 bytes 16697 pkt (dropped 581, overlimits 0 requeues 0) 
 backlog 3726b 3p requeues 0
prob 0.333765 delay_c 1352us delay_l 0us
pkts_in_c 17281 pkts_in_l 0 maxq 27
ecn_mark 0 step_marks 0
credit -121120 (L)

------ Mon 01 Dec 2025 11:32:45 PM PST ------
qdisc htb 1: root refcnt 33 r2q 10 default 0x10 direct_packets_stat 0 direct_qlen 1000
 Sent 20770708 bytes 16732 pkt (dropped 582, overlimits 16712 requeues 0) 
 backlog 3726b 3p requeues 0
qdisc dualpi2 2: parent 1:10 limit 15040000p target 1ms tupdate 16ms alpha 0.152344 beta 3.195312 l4s_ect coupling_factor 2 drop_on_overload step_thresh 1ms drop_dequeue split_gso classic_protection 10% 
 Sent 20770708 bytes 16732 pkt (dropped 582, overlimits 0 requeues 0) 
 backlog 3726b 3p requeues 0
prob 0.334101 delay_c 2707us delay_l 0us
pkts_in_c 17317 pkts_in_l 0 maxq 27
ecn_mark 0 step_marks 0
credit -121120 (L)

------ Mon 01 Dec 2025 11:32:45 PM PST ------
qdisc htb 1: root refcnt 33 r2q 10 default 0x10 direct_packets_stat 0 direct_qlen 1000
 Sent 20814178 bytes 16767 pkt (dropped 584, overlimits 16747 requeues 0) 
 backlog 2484b 2p requeues 0
qdisc dualpi2 2: parent 1:10 limit 15040000p target 1ms tupdate 16ms alpha 0.152344 beta 3.195312 l4s_ect coupling_factor 2 drop_on_overload step_thresh 1ms drop_dequeue split_gso classic_protection 10% 
 Sent 20814178 bytes 16767 pkt (dropped 584, overlimits 0 requeues 0) 
 backlog 2484b 2p requeues 0
prob 0.334304 delay_c 1009us delay_l 0us
pkts_in_c 17353 pkts_in_l 0 maxq 27
ecn_mark 0 step_marks 0
credit -121120 (L)

------ Mon 01 Dec 2025 11:32:45 PM PST ------
qdisc htb 1: root refcnt 33 r2q 10 default 0x10 direct_packets_stat 0 direct_qlen 1000
 Sent 20855164 bytes 16800 pkt (dropped 584, overlimits 16780 requeues 0) 
 backlog 4968b 4p requeues 0
qdisc dualpi2 2: parent 1:10 limit 15040000p target 1ms tupdate 16ms alpha 0.152344 beta 3.195312 l4s_ect coupling_factor 2 drop_on_overload step_thresh 1ms drop_dequeue split_gso classic_protection 10% 
 Sent 20855164 bytes 16800 pkt (dropped 584, overlimits 0 requeues 0) 
 backlog 4968b 4p requeues 0
prob 0.337828 delay_c 3092us delay_l 0us
pkts_in_c 17388 pkts_in_l 0 maxq 27
ecn_mark 0 step_marks 0
credit -121120 (L)

------ Mon 01 Dec 2025 11:32:45 PM PST ------
qdisc htb 1: root refcnt 33 r2q 10 default 0x10 direct_packets_stat 0 direct_qlen 1000
 Sent 20898634 bytes 16835 pkt (dropped 586, overlimits 16815 requeues 0) 
 backlog 2484b 2p requeues 0
qdisc dualpi2 2: parent 1:10 limit 15040000p target 1ms tupdate 16ms alpha 0.152344 beta 3.195312 l4s_ect coupling_factor 2 drop_on_overload step_thresh 1ms drop_dequeue split_gso classic_protection 10% 
 Sent 20898634 bytes 16835 pkt (dropped 586, overlimits 0 requeues 0) 
 backlog 2484b 2p requeues 0
prob 0.338200 delay_c 1393us delay_l 0us
pkts_in_c 17423 pkts_in_l 0 maxq 27
ecn_mark 0 step_marks 0
credit -121120 (L)

------ Mon 01 Dec 2025 11:32:45 PM PST ------
qdisc htb 1: root refcnt 33 r2q 10 default 0x10 direct_packets_stat 0 direct_qlen 1000
 Sent 20940862 bytes 16869 pkt (dropped 586, overlimits 16849 requeues 0) 
 backlog 6210b 5p requeues 0
qdisc dualpi2 2: parent 1:10 limit 15040000p target 1ms tupdate 16ms alpha 0.152344 beta 3.195312 l4s_ect coupling_factor 2 drop_on_overload step_thresh 1ms drop_dequeue split_gso classic_protection 10% 
 Sent 20940862 bytes 16869 pkt (dropped 586, overlimits 0 requeues 0) 
 backlog 6210b 5p requeues 0
prob 0.338555 delay_c 3230us delay_l 0us
pkts_in_c 17460 pkts_in_l 0 maxq 27
ecn_mark 0 step_marks 0
credit -121120 (L)

------ Mon 01 Dec 2025 11:32:45 PM PST ------
qdisc htb 1: root refcnt 33 r2q 10 default 0x10 direct_packets_stat 0 direct_qlen 1000
 Sent 20984332 bytes 16904 pkt (dropped 589, overlimits 16884 requeues 0) 
 backlog 2484b 2p requeues 0
qdisc dualpi2 2: parent 1:10 limit 15040000p target 1ms tupdate 16ms alpha 0.152344 beta 3.195312 l4s_ect coupling_factor 2 drop_on_overload step_thresh 1ms drop_dequeue split_gso classic_protection 10% 
 Sent 20984332 bytes 16904 pkt (dropped 589, overlimits 0 requeues 0) 
 backlog 2484b 2p requeues 0
prob 0.332339 delay_c 994us delay_l 0us
pkts_in_c 17495 pkts_in_l 0 maxq 27
ecn_mark 0 step_marks 0
credit -121120 (L)

------ Mon 01 Dec 2025 11:32:45 PM PST ------
qdisc htb 1: root refcnt 33 r2q 10 default 0x10 direct_packets_stat 0 direct_qlen 1000
 Sent 21027802 bytes 16939 pkt (dropped 589, overlimits 16919 requeues 0) 
 backlog 3726b 3p requeues 0
qdisc dualpi2 2: parent 1:10 limit 15040000p target 1ms tupdate 16ms alpha 0.152344 beta 3.195312 l4s_ect coupling_factor 2 drop_on_overload step_thresh 1ms drop_dequeue split_gso classic_protection 10% 
 Sent 21027802 bytes 16939 pkt (dropped 589, overlimits 0 requeues 0) 
 backlog 3726b 3p requeues 0
prob 0.339150 delay_c 1768us delay_l 0us
pkts_in_c 17531 pkts_in_l 0 maxq 27
ecn_mark 0 step_marks 0
credit -121120 (L)

------ Mon 01 Dec 2025 11:32:45 PM PST ------
qdisc htb 1: root refcnt 33 r2q 10 default 0x10 direct_packets_stat 0 direct_qlen 1000
 Sent 21070030 bytes 16973 pkt (dropped 591, overlimits 16953 requeues 0) 
 backlog 2484b 2p requeues 0
qdisc dualpi2 2: parent 1:10 limit 15040000p target 1ms tupdate 16ms alpha 0.152344 beta 3.195312 l4s_ect coupling_factor 2 drop_on_overload step_thresh 1ms drop_dequeue split_gso classic_protection 10% 
 Sent 21070030 bytes 16973 pkt (dropped 591, overlimits 0 requeues 0) 
 backlog 2484b 2p requeues 0
prob 0.336070 delay_c 1662us delay_l 0us
pkts_in_c 17566 pkts_in_l 0 maxq 27
ecn_mark 0 step_marks 0
credit -121120 (L)

------ Mon 01 Dec 2025 11:32:45 PM PST ------
qdisc htb 1: root refcnt 33 r2q 10 default 0x10 direct_packets_stat 0 direct_qlen 1000
 Sent 21113500 bytes 17008 pkt (dropped 593, overlimits 16988 requeues 0) 
 backlog 1242b 1p requeues 0
qdisc dualpi2 2: parent 1:10 limit 15040000p target 1ms tupdate 16ms alpha 0.152344 beta 3.195312 l4s_ect coupling_factor 2 drop_on_overload step_thresh 1ms drop_dequeue split_gso classic_protection 10% 
 Sent 21113500 bytes 17008 pkt (dropped 593, overlimits 0 requeues 0) 
 backlog 1242b 1p requeues 0
prob 0.336234 delay_c 552us delay_l 0us
pkts_in_c 17602 pkts_in_l 0 maxq 27
ecn_mark 0 step_marks 0
credit -121120 (L)

------ Mon 01 Dec 2025 11:32:45 PM PST ------
qdisc htb 1: root refcnt 33 r2q 10 default 0x10 direct_packets_stat 0 direct_qlen 1000
 Sent 21154486 bytes 17041 pkt (dropped 593, overlimits 17021 requeues 0) 
 backlog 3726b 3p requeues 0
qdisc dualpi2 2: parent 1:10 limit 15040000p target 1ms tupdate 16ms alpha 0.152344 beta 3.195312 l4s_ect coupling_factor 2 drop_on_overload step_thresh 1ms drop_dequeue split_gso classic_protection 10% 
 Sent 21154486 bytes 17041 pkt (dropped 593, overlimits 0 requeues 0) 
 backlog 3726b 3p requeues 0
prob 0.336351 delay_c 2584us delay_l 0us
pkts_in_c 17637 pkts_in_l 0 maxq 27
ecn_mark 0 step_marks 0
credit -121120 (L)

------ Mon 01 Dec 2025 11:32:45 PM PST ------
qdisc htb 1: root refcnt 33 r2q 10 default 0x10 direct_packets_stat 0 direct_qlen 1000
 Sent 21196714 bytes 17075 pkt (dropped 595, overlimits 17055 requeues 0) 
 backlog 2484b 2p requeues 0
qdisc dualpi2 2: parent 1:10 limit 15040000p target 1ms tupdate 16ms alpha 0.152344 beta 3.195312 l4s_ect coupling_factor 2 drop_on_overload step_thresh 1ms drop_dequeue split_gso classic_protection 10% 
 Sent 21196714 bytes 17075 pkt (dropped 595, overlimits 0 requeues 0) 
 backlog 2484b 2p requeues 0
prob 0.333201 delay_c 1759us delay_l 0us
pkts_in_c 17672 pkts_in_l 0 maxq 27
ecn_mark 0 step_marks 0
credit -121120 (L)

------ Mon 01 Dec 2025 11:32:45 PM PST ------
qdisc htb 1: root refcnt 33 r2q 10 default 0x10 direct_packets_stat 0 direct_qlen 1000
 Sent 21238942 bytes 17109 pkt (dropped 596, overlimits 17089 requeues 0) 
 backlog 2484b 2p requeues 0
qdisc dualpi2 2: parent 1:10 limit 15040000p target 1ms tupdate 16ms alpha 0.152344 beta 3.195312 l4s_ect coupling_factor 2 drop_on_overload step_thresh 1ms drop_dequeue split_gso classic_protection 10% 
 Sent 21238942 bytes 17109 pkt (dropped 596, overlimits 0 requeues 0) 
 backlog 2484b 2p requeues 0
prob 0.336704 delay_c 1955us delay_l 0us
pkts_in_c 17707 pkts_in_l 0 maxq 27
ecn_mark 0 step_marks 0
credit -121120 (L)

------ Mon 01 Dec 2025 11:32:45 PM PST ------
qdisc htb 1: root refcnt 33 r2q 10 default 0x10 direct_packets_stat 0 direct_qlen 1000
 Sent 21278686 bytes 17141 pkt (dropped 596, overlimits 17121 requeues 0) 
 backlog 4968b 4p requeues 0
qdisc dualpi2 2: parent 1:10 limit 15040000p target 1ms tupdate 16ms alpha 0.152344 beta 3.195312 l4s_ect coupling_factor 2 drop_on_overload step_thresh 1ms drop_dequeue split_gso classic_protection 10% 
 Sent 21278686 bytes 17141 pkt (dropped 596, overlimits 0 requeues 0) 
 backlog 4968b 4p requeues 0
prob 0.340127 delay_c 2380us delay_l 0us
pkts_in_c 17741 pkts_in_l 0 maxq 27
ecn_mark 0 step_marks 0
credit -121120 (L)

------ Mon 01 Dec 2025 11:32:46 PM PST ------
qdisc htb 1: root refcnt 33 r2q 10 default 0x10 direct_packets_stat 0 direct_qlen 1000
 Sent 21322156 bytes 17176 pkt (dropped 598, overlimits 17156 requeues 0) 
 backlog 2484b 2p requeues 0
qdisc dualpi2 2: parent 1:10 limit 15040000p target 1ms tupdate 16ms alpha 0.152344 beta 3.195312 l4s_ect coupling_factor 2 drop_on_overload step_thresh 1ms drop_dequeue split_gso classic_protection 10% 
 Sent 21322156 bytes 17176 pkt (dropped 598, overlimits 0 requeues 0) 
 backlog 2484b 2p requeues 0
prob 0.337156 delay_c 1701us delay_l 0us
pkts_in_c 17776 pkts_in_l 0 maxq 27
ecn_mark 0 step_marks 0
credit -121120 (L)

------ Mon 01 Dec 2025 11:32:46 PM PST ------
qdisc htb 1: root refcnt 33 r2q 10 default 0x10 direct_packets_stat 0 direct_qlen 1000
 Sent 21363142 bytes 17209 pkt (dropped 599, overlimits 17189 requeues 0) 
 backlog 3726b 3p requeues 0
qdisc dualpi2 2: parent 1:10 limit 15040000p target 1ms tupdate 16ms alpha 0.152344 beta 3.195312 l4s_ect coupling_factor 2 drop_on_overload step_thresh 1ms drop_dequeue split_gso classic_protection 10% 
 Sent 21363142 bytes 17209 pkt (dropped 599, overlimits 0 requeues 0) 
 backlog 3726b 3p requeues 0
prob 0.337520 delay_c 1238us delay_l 0us
pkts_in_c 17811 pkts_in_l 0 maxq 27
ecn_mark 0 step_marks 0
credit -121120 (L)

------ Mon 01 Dec 2025 11:32:46 PM PST ------
qdisc htb 1: root refcnt 33 r2q 10 default 0x10 direct_packets_stat 0 direct_qlen 1000
 Sent 21405370 bytes 17243 pkt (dropped 601, overlimits 17223 requeues 0) 
 backlog 2484b 2p requeues 0
qdisc dualpi2 2: parent 1:10 limit 15040000p target 1ms tupdate 16ms alpha 0.152344 beta 3.195312 l4s_ect coupling_factor 2 drop_on_overload step_thresh 1ms drop_dequeue split_gso classic_protection 10% 
 Sent 21405370 bytes 17243 pkt (dropped 601, overlimits 0 requeues 0) 
 backlog 2484b 2p requeues 0
prob 0.337664 delay_c 1598us delay_l 0us
pkts_in_c 17846 pkts_in_l 0 maxq 27
ecn_mark 0 step_marks 0
credit -121120 (L)

------ Mon 01 Dec 2025 11:32:46 PM PST ------
qdisc htb 1: root refcnt 33 r2q 10 default 0x10 direct_packets_stat 0 direct_qlen 1000
 Sent 21446356 bytes 17276 pkt (dropped 602, overlimits 17256 requeues 0) 
 backlog 2484b 2p requeues 0
qdisc dualpi2 2: parent 1:10 limit 15040000p target 1ms tupdate 16ms alpha 0.152344 beta 3.195312 l4s_ect coupling_factor 2 drop_on_overload step_thresh 1ms drop_dequeue split_gso classic_protection 10% 
 Sent 21446356 bytes 17276 pkt (dropped 602, overlimits 0 requeues 0) 
 backlog 2484b 2p requeues 0
prob 0.337852 delay_c 643us delay_l 0us
pkts_in_c 17880 pkts_in_l 0 maxq 27
ecn_mark 0 step_marks 0
credit -121120 (L)

------ Mon 01 Dec 2025 11:32:46 PM PST ------
qdisc htb 1: root refcnt 33 r2q 10 default 0x10 direct_packets_stat 0 direct_qlen 1000
 Sent 21487342 bytes 17309 pkt (dropped 602, overlimits 17289 requeues 0) 
 backlog 4968b 4p requeues 0
qdisc dualpi2 2: parent 1:10 limit 15040000p target 1ms tupdate 16ms alpha 0.152344 beta 3.195312 l4s_ect coupling_factor 2 drop_on_overload step_thresh 1ms drop_dequeue split_gso classic_protection 10% 
 Sent 21487342 bytes 17309 pkt (dropped 602, overlimits 0 requeues 0) 
 backlog 4968b 4p requeues 0
prob 0.341445 delay_c 2212us delay_l 0us
pkts_in_c 17915 pkts_in_l 0 maxq 27
ecn_mark 0 step_marks 0
credit -121120 (L)

------ Mon 01 Dec 2025 11:32:46 PM PST ------
qdisc htb 1: root refcnt 33 r2q 10 default 0x10 direct_packets_stat 0 direct_qlen 1000
 Sent 21529570 bytes 17343 pkt (dropped 604, overlimits 17323 requeues 0) 
 backlog 3726b 3p requeues 0
qdisc dualpi2 2: parent 1:10 limit 15040000p target 1ms tupdate 16ms alpha 0.152344 beta 3.195312 l4s_ect coupling_factor 2 drop_on_overload step_thresh 1ms drop_dequeue split_gso classic_protection 10% 
 Sent 21529570 bytes 17343 pkt (dropped 604, overlimits 0 requeues 0) 
 backlog 3726b 3p requeues 0
prob 0.338442 delay_c 1038us delay_l 0us
pkts_in_c 17950 pkts_in_l 0 maxq 27
ecn_mark 0 step_marks 0
credit -121120 (L)

------ Mon 01 Dec 2025 11:32:46 PM PST ------
qdisc htb 1: root refcnt 33 r2q 10 default 0x10 direct_packets_stat 0 direct_qlen 1000
 Sent 21570556 bytes 17376 pkt (dropped 605, overlimits 17356 requeues 0) 
 backlog 2484b 2p requeues 0
qdisc dualpi2 2: parent 1:10 limit 15040000p target 1ms tupdate 16ms alpha 0.152344 beta 3.195312 l4s_ect coupling_factor 2 drop_on_overload step_thresh 1ms drop_dequeue split_gso classic_protection 10% 
 Sent 21570556 bytes 17376 pkt (dropped 605, overlimits 0 requeues 0) 
 backlog 2484b 2p requeues 0
prob 0.338611 delay_c 1738us delay_l 0us
pkts_in_c 17983 pkts_in_l 0 maxq 27
ecn_mark 0 step_marks 0
credit -121120 (L)

------ Mon 01 Dec 2025 11:32:46 PM PST ------
qdisc htb 1: root refcnt 33 r2q 10 default 0x10 direct_packets_stat 0 direct_qlen 1000
 Sent 21611542 bytes 17409 pkt (dropped 606, overlimits 17389 requeues 0) 
 backlog 2484b 2p requeues 0
qdisc dualpi2 2: parent 1:10 limit 15040000p target 1ms tupdate 16ms alpha 0.152344 beta 3.195312 l4s_ect coupling_factor 2 drop_on_overload step_thresh 1ms drop_dequeue split_gso classic_protection 10% 
 Sent 21611542 bytes 17409 pkt (dropped 606, overlimits 0 requeues 0) 
 backlog 2484b 2p requeues 0
prob 0.338668 delay_c 1851us delay_l 0us
pkts_in_c 18017 pkts_in_l 0 maxq 27
ecn_mark 0 step_marks 0
credit -121120 (L)

------ Mon 01 Dec 2025 11:32:46 PM PST ------
qdisc htb 1: root refcnt 33 r2q 10 default 0x10 direct_packets_stat 0 direct_qlen 1000
 Sent 21652528 bytes 17442 pkt (dropped 607, overlimits 17422 requeues 0) 
 backlog 3726b 3p requeues 0
qdisc dualpi2 2: parent 1:10 limit 15040000p target 1ms tupdate 16ms alpha 0.152344 beta 3.195312 l4s_ect coupling_factor 2 drop_on_overload step_thresh 1ms drop_dequeue split_gso classic_protection 10% 
 Sent 21652528 bytes 17442 pkt (dropped 607, overlimits 0 requeues 0) 
 backlog 3726b 3p requeues 0
prob 0.338910 delay_c 2356us delay_l 0us
pkts_in_c 18052 pkts_in_l 0 maxq 27
ecn_mark 0 step_marks 0
credit -121120 (L)

------ Mon 01 Dec 2025 11:32:46 PM PST ------
qdisc htb 1: root refcnt 33 r2q 10 default 0x10 direct_packets_stat 0 direct_qlen 1000
 Sent 21694756 bytes 17476 pkt (dropped 609, overlimits 17456 requeues 0) 
 backlog 2484b 2p requeues 0
qdisc dualpi2 2: parent 1:10 limit 15040000p target 1ms tupdate 16ms alpha 0.152344 beta 3.195312 l4s_ect coupling_factor 2 drop_on_overload step_thresh 1ms drop_dequeue split_gso classic_protection 10% 
 Sent 21694756 bytes 17476 pkt (dropped 609, overlimits 0 requeues 0) 
 backlog 2484b 2p requeues 0
prob 0.339030 delay_c 1253us delay_l 0us
pkts_in_c 18087 pkts_in_l 0 maxq 27
ecn_mark 0 step_marks 0
credit -121120 (L)

------ Mon 01 Dec 2025 11:32:46 PM PST ------
qdisc htb 1: root refcnt 33 r2q 10 default 0x10 direct_packets_stat 0 direct_qlen 1000
 Sent 21736984 bytes 17510 pkt (dropped 610, overlimits 17490 requeues 0) 
 backlog 2484b 2p requeues 0
qdisc dualpi2 2: parent 1:10 limit 15040000p target 1ms tupdate 16ms alpha 0.152344 beta 3.195312 l4s_ect coupling_factor 2 drop_on_overload step_thresh 1ms drop_dequeue split_gso classic_protection 10% 
 Sent 21736984 bytes 17510 pkt (dropped 610, overlimits 0 requeues 0) 
 backlog 2484b 2p requeues 0
prob 0.339251 delay_c 1842us delay_l 0us
pkts_in_c 18122 pkts_in_l 0 maxq 27
ecn_mark 0 step_marks 0
credit -121120 (L)

------ Mon 01 Dec 2025 11:32:46 PM PST ------
qdisc htb 1: root refcnt 33 r2q 10 default 0x10 direct_packets_stat 0 direct_qlen 1000
 Sent 21777970 bytes 17543 pkt (dropped 611, overlimits 17523 requeues 0) 
 backlog 2484b 2p requeues 0
qdisc dualpi2 2: parent 1:10 limit 15040000p target 1ms tupdate 16ms alpha 0.152344 beta 3.195312 l4s_ect coupling_factor 2 drop_on_overload step_thresh 1ms drop_dequeue split_gso classic_protection 10% 
 Sent 21777970 bytes 17543 pkt (dropped 611, overlimits 0 requeues 0) 
 backlog 2484b 2p requeues 0
prob 0.339429 delay_c 1960us delay_l 0us
pkts_in_c 18156 pkts_in_l 0 maxq 27
ecn_mark 0 step_marks 0
credit -121120 (L)

------ Mon 01 Dec 2025 11:32:46 PM PST ------
qdisc htb 1: root refcnt 33 r2q 10 default 0x10 direct_packets_stat 0 direct_qlen 1000
 Sent 21818956 bytes 17576 pkt (dropped 612, overlimits 17556 requeues 0) 
 backlog 3726b 3p requeues 0
qdisc dualpi2 2: parent 1:10 limit 15040000p target 1ms tupdate 16ms alpha 0.152344 beta 3.195312 l4s_ect coupling_factor 2 drop_on_overload step_thresh 1ms drop_dequeue split_gso classic_protection 10% 
 Sent 21818956 bytes 17576 pkt (dropped 612, overlimits 0 requeues 0) 
 backlog 3726b 3p requeues 0
prob 0.339748 delay_c 1112us delay_l 0us
pkts_in_c 18191 pkts_in_l 0 maxq 27
ecn_mark 0 step_marks 0
credit -121120 (L)

------ Mon 01 Dec 2025 11:32:46 PM PST ------
qdisc htb 1: root refcnt 33 r2q 10 default 0x10 direct_packets_stat 0 direct_qlen 1000
 Sent 21862426 bytes 17611 pkt (dropped 612, overlimits 17591 requeues 0) 
 backlog 4968b 4p requeues 0
qdisc dualpi2 2: parent 1:10 limit 15040000p target 1ms tupdate 16ms alpha 0.152344 beta 3.195312 l4s_ect coupling_factor 2 drop_on_overload step_thresh 1ms drop_dequeue split_gso classic_protection 10% 
 Sent 21862426 bytes 17611 pkt (dropped 612, overlimits 0 requeues 0) 
 backlog 4968b 4p requeues 0
prob 0.343215 delay_c 2157us delay_l 0us
pkts_in_c 18227 pkts_in_l 0 maxq 27
ecn_mark 0 step_marks 0
credit -121120 (L)

------ Mon 01 Dec 2025 11:32:46 PM PST ------
qdisc htb 1: root refcnt 33 r2q 10 default 0x10 direct_packets_stat 0 direct_qlen 1000
 Sent 21903412 bytes 17644 pkt (dropped 614, overlimits 17624 requeues 0) 
 backlog 3726b 3p requeues 0
qdisc dualpi2 2: parent 1:10 limit 15040000p target 1ms tupdate 16ms alpha 0.152344 beta 3.195312 l4s_ect coupling_factor 2 drop_on_overload step_thresh 1ms drop_dequeue split_gso classic_protection 10% 
 Sent 21903412 bytes 17644 pkt (dropped 614, overlimits 0 requeues 0) 
 backlog 3726b 3p requeues 0
prob 0.343805 delay_c 1810us delay_l 0us
pkts_in_c 18261 pkts_in_l 0 maxq 27
ecn_mark 0 step_marks 0
credit -121120 (L)

------ Mon 01 Dec 2025 11:32:46 PM PST ------
qdisc htb 1: root refcnt 33 r2q 10 default 0x10 direct_packets_stat 0 direct_qlen 1000
 Sent 21944398 bytes 17677 pkt (dropped 615, overlimits 17657 requeues 0) 
 backlog 3726b 3p requeues 0
qdisc dualpi2 2: parent 1:10 limit 15040000p target 1ms tupdate 16ms alpha 0.152344 beta 3.195312 l4s_ect coupling_factor 2 drop_on_overload step_thresh 1ms drop_dequeue split_gso classic_protection 10% 
 Sent 21944398 bytes 17677 pkt (dropped 615, overlimits 0 requeues 0) 
 backlog 4968b 4p requeues 0
prob 0.340928 delay_c 2008us delay_l 0us
pkts_in_c 18296 pkts_in_l 0 maxq 27
ecn_mark 0 step_marks 0
credit -121120 (L)

------ Mon 01 Dec 2025 11:32:46 PM PST ------
qdisc htb 1: root refcnt 33 r2q 10 default 0x10 direct_packets_stat 0 direct_qlen 1000
 Sent 21986626 bytes 17711 pkt (dropped 617, overlimits 17691 requeues 0) 
 backlog 2484b 2p requeues 0
qdisc dualpi2 2: parent 1:10 limit 15040000p target 1ms tupdate 16ms alpha 0.152344 beta 3.195312 l4s_ect coupling_factor 2 drop_on_overload step_thresh 1ms drop_dequeue split_gso classic_protection 10% 
 Sent 21986626 bytes 17711 pkt (dropped 617, overlimits 0 requeues 0) 
 backlog 2484b 2p requeues 0
prob 0.341264 delay_c 958us delay_l 0us
pkts_in_c 18330 pkts_in_l 0 maxq 27
ecn_mark 0 step_marks 0
credit -121120 (L)

------ Mon 01 Dec 2025 11:32:46 PM PST ------
qdisc htb 1: root refcnt 33 r2q 10 default 0x10 direct_packets_stat 0 direct_qlen 1000
 Sent 22028854 bytes 17745 pkt (dropped 618, overlimits 17725 requeues 0) 
 backlog 2484b 2p requeues 0
qdisc dualpi2 2: parent 1:10 limit 15040000p target 1ms tupdate 16ms alpha 0.152344 beta 3.195312 l4s_ect coupling_factor 2 drop_on_overload step_thresh 1ms drop_dequeue split_gso classic_protection 10% 
 Sent 22028854 bytes 17745 pkt (dropped 618, overlimits 0 requeues 0) 
 backlog 2484b 2p requeues 0
prob 0.338067 delay_c 877us delay_l 0us
pkts_in_c 18365 pkts_in_l 0 maxq 27
ecn_mark 0 step_marks 0
credit -121120 (L)

------ Mon 01 Dec 2025 11:32:46 PM PST ------
qdisc htb 1: root refcnt 33 r2q 10 default 0x10 direct_packets_stat 0 direct_qlen 1000
 Sent 22069840 bytes 17778 pkt (dropped 618, overlimits 17758 requeues 0) 
 backlog 4968b 4p requeues 0
qdisc dualpi2 2: parent 1:10 limit 15040000p target 1ms tupdate 16ms alpha 0.152344 beta 3.195312 l4s_ect coupling_factor 2 drop_on_overload step_thresh 1ms drop_dequeue split_gso classic_protection 10% 
 Sent 22069840 bytes 17778 pkt (dropped 618, overlimits 0 requeues 0) 
 backlog 4968b 4p requeues 0
prob 0.344863 delay_c 2275us delay_l 0us
pkts_in_c 18400 pkts_in_l 0 maxq 27
ecn_mark 0 step_marks 0
credit -121120 (L)

------ Mon 01 Dec 2025 11:32:46 PM PST ------
qdisc htb 1: root refcnt 33 r2q 10 default 0x10 direct_packets_stat 0 direct_qlen 1000
 Sent 22110826 bytes 17811 pkt (dropped 619, overlimits 17791 requeues 0) 
 backlog 3726b 3p requeues 0
qdisc dualpi2 2: parent 1:10 limit 15040000p target 1ms tupdate 16ms alpha 0.152344 beta 3.195312 l4s_ect coupling_factor 2 drop_on_overload step_thresh 1ms drop_dequeue split_gso classic_protection 10% 
 Sent 22110826 bytes 17811 pkt (dropped 619, overlimits 0 requeues 0) 
 backlog 3726b 3p requeues 0
prob 0.345427 delay_c 2838us delay_l 0us
pkts_in_c 18433 pkts_in_l 0 maxq 27
ecn_mark 0 step_marks 0
credit -121120 (L)

------ Mon 01 Dec 2025 11:32:46 PM PST ------
qdisc htb 1: root refcnt 33 r2q 10 default 0x10 direct_packets_stat 0 direct_qlen 1000
 Sent 22151812 bytes 17844 pkt (dropped 621, overlimits 17824 requeues 0) 
 backlog 3726b 3p requeues 0
qdisc dualpi2 2: parent 1:10 limit 15040000p target 1ms tupdate 16ms alpha 0.152344 beta 3.195312 l4s_ect coupling_factor 2 drop_on_overload step_thresh 1ms drop_dequeue split_gso classic_protection 10% 
 Sent 22151812 bytes 17844 pkt (dropped 621, overlimits 0 requeues 0) 
 backlog 3726b 3p requeues 0
prob 0.342433 delay_c 2527us delay_l 0us
pkts_in_c 18468 pkts_in_l 0 maxq 27
ecn_mark 0 step_marks 0
credit -121120 (L)

------ Mon 01 Dec 2025 11:32:46 PM PST ------
qdisc htb 1: root refcnt 33 r2q 10 default 0x10 direct_packets_stat 0 direct_qlen 1000
 Sent 22194040 bytes 17878 pkt (dropped 622, overlimits 17858 requeues 0) 
 backlog 3726b 3p requeues 0
qdisc dualpi2 2: parent 1:10 limit 15040000p target 1ms tupdate 16ms alpha 0.152344 beta 3.195312 l4s_ect coupling_factor 2 drop_on_overload step_thresh 1ms drop_dequeue split_gso classic_protection 10% 
 Sent 22194040 bytes 17878 pkt (dropped 622, overlimits 0 requeues 0) 
 backlog 3726b 3p requeues 0
prob 0.345965 delay_c 2206us delay_l 0us
pkts_in_c 18503 pkts_in_l 0 maxq 27
ecn_mark 0 step_marks 0
credit -121120 (L)

------ Mon 01 Dec 2025 11:32:46 PM PST ------
qdisc htb 1: root refcnt 33 r2q 10 default 0x10 direct_packets_stat 0 direct_qlen 1000
 Sent 22237510 bytes 17913 pkt (dropped 624, overlimits 17893 requeues 0) 
 backlog 1242b 1p requeues 0
qdisc dualpi2 2: parent 1:10 limit 15040000p target 1ms tupdate 16ms alpha 0.152344 beta 3.195312 l4s_ect coupling_factor 2 drop_on_overload step_thresh 1ms drop_dequeue split_gso classic_protection 10% 
 Sent 22237510 bytes 17913 pkt (dropped 624, overlimits 0 requeues 0) 
 backlog 1242b 1p requeues 0
prob 0.343183 delay_c 956us delay_l 0us
pkts_in_c 18538 pkts_in_l 0 maxq 27
ecn_mark 0 step_marks 0
credit -121120 (L)

------ Mon 01 Dec 2025 11:32:46 PM PST ------
qdisc htb 1: root refcnt 33 r2q 10 default 0x10 direct_packets_stat 0 direct_qlen 1000
 Sent 22278496 bytes 17946 pkt (dropped 625, overlimits 17926 requeues 0) 
 backlog 2484b 2p requeues 0
qdisc dualpi2 2: parent 1:10 limit 15040000p target 1ms tupdate 16ms alpha 0.152344 beta 3.195312 l4s_ect coupling_factor 2 drop_on_overload step_thresh 1ms drop_dequeue split_gso classic_protection 10% 
 Sent 22278496 bytes 17946 pkt (dropped 625, overlimits 0 requeues 0) 
 backlog 2484b 2p requeues 0
prob 0.343446 delay_c 1914us delay_l 0us
pkts_in_c 18573 pkts_in_l 0 maxq 27
ecn_mark 0 step_marks 0
credit -121120 (L)

------ Mon 01 Dec 2025 11:32:46 PM PST ------
qdisc htb 1: root refcnt 33 r2q 10 default 0x10 direct_packets_stat 0 direct_qlen 1000
 Sent 22319482 bytes 17979 pkt (dropped 626, overlimits 17959 requeues 0) 
 backlog 2484b 2p requeues 0
qdisc dualpi2 2: parent 1:10 limit 15040000p target 1ms tupdate 16ms alpha 0.152344 beta 3.195312 l4s_ect coupling_factor 2 drop_on_overload step_thresh 1ms drop_dequeue split_gso classic_protection 10% 
 Sent 22319482 bytes 17979 pkt (dropped 626, overlimits 0 requeues 0) 
 backlog 2484b 2p requeues 0
prob 0.340178 delay_c 1693us delay_l 0us
pkts_in_c 18607 pkts_in_l 0 maxq 27
ecn_mark 0 step_marks 0
credit -121120 (L)

------ Mon 01 Dec 2025 11:32:46 PM PST ------
qdisc htb 1: root refcnt 33 r2q 10 default 0x10 direct_packets_stat 0 direct_qlen 1000
 Sent 22360468 bytes 18012 pkt (dropped 628, overlimits 17992 requeues 0) 
 backlog 2484b 2p requeues 0
qdisc dualpi2 2: parent 1:10 limit 15040000p target 1ms tupdate 16ms alpha 0.152344 beta 3.195312 l4s_ect coupling_factor 2 drop_on_overload step_thresh 1ms drop_dequeue split_gso classic_protection 10% 
 Sent 22360468 bytes 18012 pkt (dropped 628, overlimits 0 requeues 0) 
 backlog 2484b 2p requeues 0
prob 0.343741 delay_c 1643us delay_l 0us
pkts_in_c 18642 pkts_in_l 0 maxq 27
ecn_mark 0 step_marks 0
credit -121120 (L)

------ Mon 01 Dec 2025 11:32:46 PM PST ------
qdisc htb 1: root refcnt 33 r2q 10 default 0x10 direct_packets_stat 0 direct_qlen 1000
 Sent 22402696 bytes 18046 pkt (dropped 629, overlimits 18026 requeues 0) 
 backlog 2484b 2p requeues 0
qdisc dualpi2 2: parent 1:10 limit 15040000p target 1ms tupdate 16ms alpha 0.152344 beta 3.195312 l4s_ect coupling_factor 2 drop_on_overload step_thresh 1ms drop_dequeue split_gso classic_protection 10% 
 Sent 22402696 bytes 18046 pkt (dropped 629, overlimits 0 requeues 0) 
 backlog 2484b 2p requeues 0
prob 0.340465 delay_c 1147us delay_l 0us
pkts_in_c 18677 pkts_in_l 0 maxq 27
ecn_mark 0 step_marks 0
credit -121120 (L)

------ Mon 01 Dec 2025 11:32:46 PM PST ------
qdisc htb 1: root refcnt 33 r2q 10 default 0x10 direct_packets_stat 0 direct_qlen 1000
 Sent 22442440 bytes 18078 pkt (dropped 630, overlimits 18058 requeues 0) 
 backlog 3726b 3p requeues 0
qdisc dualpi2 2: parent 1:10 limit 15040000p target 1ms tupdate 16ms alpha 0.152344 beta 3.195312 l4s_ect coupling_factor 2 drop_on_overload step_thresh 1ms drop_dequeue split_gso classic_protection 10% 
 Sent 22442440 bytes 18078 pkt (dropped 630, overlimits 0 requeues 0) 
 backlog 3726b 3p requeues 0
prob 0.340595 delay_c 1079us delay_l 0us
pkts_in_c 18711 pkts_in_l 0 maxq 27
ecn_mark 0 step_marks 0
credit -121120 (L)

------ Mon 01 Dec 2025 11:32:46 PM PST ------
qdisc htb 1: root refcnt 33 r2q 10 default 0x10 direct_packets_stat 0 direct_qlen 1000
 Sent 22484668 bytes 18112 pkt (dropped 631, overlimits 18092 requeues 0) 
 backlog 2484b 2p requeues 0
qdisc dualpi2 2: parent 1:10 limit 15040000p target 1ms tupdate 16ms alpha 0.152344 beta 3.195312 l4s_ect coupling_factor 2 drop_on_overload step_thresh 1ms drop_dequeue split_gso classic_protection 10% 
 Sent 22484668 bytes 18112 pkt (dropped 631, overlimits 0 requeues 0) 
 backlog 2484b 2p requeues 0
prob 0.343876 delay_c 703us delay_l 0us
pkts_in_c 18745 pkts_in_l 0 maxq 27
ecn_mark 0 step_marks 0
credit -121120 (L)

------ Mon 01 Dec 2025 11:32:46 PM PST ------
qdisc htb 1: root refcnt 33 r2q 10 default 0x10 direct_packets_stat 0 direct_qlen 1000
 Sent 22524412 bytes 18144 pkt (dropped 632, overlimits 18124 requeues 0) 
 backlog 2484b 2p requeues 0
qdisc dualpi2 2: parent 1:10 limit 15040000p target 1ms tupdate 16ms alpha 0.152344 beta 3.195312 l4s_ect coupling_factor 2 drop_on_overload step_thresh 1ms drop_dequeue split_gso classic_protection 10% 
 Sent 22524412 bytes 18144 pkt (dropped 632, overlimits 0 requeues 0) 
 backlog 2484b 2p requeues 0
prob 0.344273 delay_c 1875us delay_l 0us
pkts_in_c 18778 pkts_in_l 0 maxq 27
ecn_mark 0 step_marks 0
credit -121120 (L)

------ Mon 01 Dec 2025 11:32:46 PM PST ------
qdisc htb 1: root refcnt 33 r2q 10 default 0x10 direct_packets_stat 0 direct_qlen 1000
 Sent 22566640 bytes 18178 pkt (dropped 633, overlimits 18158 requeues 0) 
 backlog 2484b 2p requeues 0
qdisc dualpi2 2: parent 1:10 limit 15040000p target 1ms tupdate 16ms alpha 0.152344 beta 3.195312 l4s_ect coupling_factor 2 drop_on_overload step_thresh 1ms drop_dequeue split_gso classic_protection 10% 
 Sent 22566640 bytes 18178 pkt (dropped 633, overlimits 0 requeues 0) 
 backlog 2484b 2p requeues 0
prob 0.344568 delay_c 1837us delay_l 0us
pkts_in_c 18813 pkts_in_l 0 maxq 27
ecn_mark 0 step_marks 0
credit -121120 (L)

------ Mon 01 Dec 2025 11:32:46 PM PST ------
qdisc htb 1: root refcnt 33 r2q 10 default 0x10 direct_packets_stat 0 direct_qlen 1000
 Sent 22608868 bytes 18212 pkt (dropped 635, overlimits 18192 requeues 0) 
 backlog 1242b 1p requeues 0
qdisc dualpi2 2: parent 1:10 limit 15040000p target 1ms tupdate 16ms alpha 0.152344 beta 3.195312 l4s_ect coupling_factor 2 drop_on_overload step_thresh 1ms drop_dequeue split_gso classic_protection 10% 
 Sent 22608868 bytes 18212 pkt (dropped 635, overlimits 0 requeues 0) 
 backlog 1242b 1p requeues 0
prob 0.341472 delay_c 925us delay_l 0us
pkts_in_c 18848 pkts_in_l 0 maxq 27
ecn_mark 0 step_marks 0
credit -121120 (L)

------ Mon 01 Dec 2025 11:32:46 PM PST ------
qdisc htb 1: root refcnt 33 r2q 10 default 0x10 direct_packets_stat 0 direct_qlen 1000
 Sent 22651096 bytes 18246 pkt (dropped 636, overlimits 18226 requeues 0) 
 backlog 3726b 3p requeues 0
qdisc dualpi2 2: parent 1:10 limit 15040000p target 1ms tupdate 16ms alpha 0.152344 beta 3.195312 l4s_ect coupling_factor 2 drop_on_overload step_thresh 1ms drop_dequeue split_gso classic_protection 10% 
 Sent 22651096 bytes 18246 pkt (dropped 636, overlimits 0 requeues 0) 
 backlog 3726b 3p requeues 0
prob 0.344863 delay_c 1064us delay_l 0us
pkts_in_c 18885 pkts_in_l 0 maxq 27
ecn_mark 0 step_marks 0
credit -121120 (L)

------ Mon 01 Dec 2025 11:32:46 PM PST ------
qdisc htb 1: root refcnt 33 r2q 10 default 0x10 direct_packets_stat 0 direct_qlen 1000
 Sent 22692082 bytes 18279 pkt (dropped 637, overlimits 18258 requeues 0) 
 backlog 2484b 2p requeues 0
qdisc dualpi2 2: parent 1:10 limit 15040000p target 1ms tupdate 16ms alpha 0.152344 beta 3.195312 l4s_ect coupling_factor 2 drop_on_overload step_thresh 1ms drop_dequeue split_gso classic_protection 10% 
 Sent 22692082 bytes 18279 pkt (dropped 637, overlimits 0 requeues 0) 
 backlog 2484b 2p requeues 0
prob 0.345125 delay_c 1500us delay_l 0us
pkts_in_c 18918 pkts_in_l 0 maxq 27
ecn_mark 0 step_marks 0
credit -121120 (L)

------ Mon 01 Dec 2025 11:32:46 PM PST ------
qdisc htb 1: root refcnt 33 r2q 10 default 0x10 direct_packets_stat 0 direct_qlen 1000
 Sent 22731826 bytes 18311 pkt (dropped 639, overlimits 18289 requeues 0) 
 backlog 1242b 1p requeues 0
qdisc dualpi2 2: parent 1:10 limit 15040000p target 1ms tupdate 16ms alpha 0.152344 beta 3.195312 l4s_ect coupling_factor 2 drop_on_overload step_thresh 1ms drop_dequeue split_gso classic_protection 10% 
 Sent 22731826 bytes 18311 pkt (dropped 639, overlimits 0 requeues 0) 
 backlog 1242b 1p requeues 0
prob 0.345423 delay_c 943us delay_l 0us
pkts_in_c 18951 pkts_in_l 0 maxq 27
ecn_mark 0 step_marks 0
credit -121120 (L)

------ Mon 01 Dec 2025 11:32:46 PM PST ------
qdisc htb 1: root refcnt 33 r2q 10 default 0x10 direct_packets_stat 0 direct_qlen 1000
 Sent 22772812 bytes 18344 pkt (dropped 639, overlimits 18322 requeues 0) 
 backlog 3726b 3p requeues 0
qdisc dualpi2 2: parent 1:10 limit 15040000p target 1ms tupdate 16ms alpha 0.152344 beta 3.195312 l4s_ect coupling_factor 2 drop_on_overload step_thresh 1ms drop_dequeue split_gso classic_protection 10% 
 Sent 22772812 bytes 18344 pkt (dropped 639, overlimits 0 requeues 0) 
 backlog 3726b 3p requeues 0
prob 0.345561 delay_c 1668us delay_l 0us
pkts_in_c 18986 pkts_in_l 0 maxq 27
ecn_mark 0 step_marks 0
credit -121120 (L)

------ Mon 01 Dec 2025 11:32:47 PM PST ------
qdisc htb 1: root refcnt 33 r2q 10 default 0x10 direct_packets_stat 0 direct_qlen 1000
 Sent 22813798 bytes 18377 pkt (dropped 641, overlimits 18355 requeues 0) 
 backlog 3726b 3p requeues 0
qdisc dualpi2 2: parent 1:10 limit 15040000p target 1ms tupdate 16ms alpha 0.152344 beta 3.195312 l4s_ect coupling_factor 2 drop_on_overload step_thresh 1ms drop_dequeue split_gso classic_protection 10% 
 Sent 22813798 bytes 18377 pkt (dropped 641, overlimits 0 requeues 0) 
 backlog 3726b 3p requeues 0
prob 0.345845 delay_c 1045us delay_l 0us
pkts_in_c 19021 pkts_in_l 0 maxq 27
ecn_mark 0 step_marks 0
credit -121120 (L)

------ Mon 01 Dec 2025 11:32:47 PM PST ------
qdisc htb 1: root refcnt 33 r2q 10 default 0x10 direct_packets_stat 0 direct_qlen 1000
 Sent 22856026 bytes 18411 pkt (dropped 642, overlimits 18389 requeues 0) 
 backlog 2484b 2p requeues 0
qdisc dualpi2 2: parent 1:10 limit 15040000p target 1ms tupdate 16ms alpha 0.152344 beta 3.195312 l4s_ect coupling_factor 2 drop_on_overload step_thresh 1ms drop_dequeue split_gso classic_protection 10% 
 Sent 22856026 bytes 18411 pkt (dropped 642, overlimits 0 requeues 0) 
 backlog 2484b 2p requeues 0
prob 0.342717 delay_c 835us delay_l 0us
pkts_in_c 19055 pkts_in_l 0 maxq 27
ecn_mark 0 step_marks 0
credit -121120 (L)

------ Mon 01 Dec 2025 11:32:47 PM PST ------
qdisc htb 1: root refcnt 33 r2q 10 default 0x10 direct_packets_stat 0 direct_qlen 1000
 Sent 22895770 bytes 18443 pkt (dropped 643, overlimits 18421 requeues 0) 
 backlog 2484b 2p requeues 0
qdisc dualpi2 2: parent 1:10 limit 15040000p target 1ms tupdate 16ms alpha 0.152344 beta 3.195312 l4s_ect coupling_factor 2 drop_on_overload step_thresh 1ms drop_dequeue split_gso classic_protection 10% 
 Sent 22895770 bytes 18443 pkt (dropped 643, overlimits 0 requeues 0) 
 backlog 2484b 2p requeues 0
prob 0.346255 delay_c 1554us delay_l 0us
pkts_in_c 19088 pkts_in_l 0 maxq 27
ecn_mark 0 step_marks 0
credit -121120 (L)

------ Mon 01 Dec 2025 11:32:47 PM PST ------
qdisc htb 1: root refcnt 33 r2q 10 default 0x10 direct_packets_stat 0 direct_qlen 1000
 Sent 22937998 bytes 18477 pkt (dropped 643, overlimits 18455 requeues 0) 
 backlog 3726b 3p requeues 0
qdisc dualpi2 2: parent 1:10 limit 15040000p target 1ms tupdate 16ms alpha 0.152344 beta 3.195312 l4s_ect coupling_factor 2 drop_on_overload step_thresh 1ms drop_dequeue split_gso classic_protection 10% 
 Sent 22937998 bytes 18477 pkt (dropped 643, overlimits 0 requeues 0) 
 backlog 3726b 3p requeues 0
prob 0.346391 delay_c 2212us delay_l 0us
pkts_in_c 19123 pkts_in_l 0 maxq 27
ecn_mark 0 step_marks 0
credit -121120 (L)

------ Mon 01 Dec 2025 11:32:47 PM PST ------
qdisc htb 1: root refcnt 33 r2q 10 default 0x10 direct_packets_stat 0 direct_qlen 1000
 Sent 22977742 bytes 18509 pkt (dropped 645, overlimits 18486 requeues 0) 
 backlog 2484b 2p requeues 0
qdisc dualpi2 2: parent 1:10 limit 15040000p target 1ms tupdate 16ms alpha 0.152344 beta 3.195312 l4s_ect coupling_factor 2 drop_on_overload step_thresh 1ms drop_dequeue split_gso classic_protection 10% 
 Sent 22977742 bytes 18509 pkt (dropped 645, overlimits 0 requeues 0) 
 backlog 2484b 2p requeues 0
prob 0.350035 delay_c 1735us delay_l 0us
pkts_in_c 19156 pkts_in_l 0 maxq 27
ecn_mark 0 step_marks 0
credit -121120 (L)

------ Mon 01 Dec 2025 11:32:47 PM PST ------
qdisc htb 1: root refcnt 33 r2q 10 default 0x10 direct_packets_stat 0 direct_qlen 1000
 Sent 23016244 bytes 18540 pkt (dropped 646, overlimits 18517 requeues 0) 
 backlog 2484b 2p requeues 0
qdisc dualpi2 2: parent 1:10 limit 15040000p target 1ms tupdate 16ms alpha 0.152344 beta 3.195312 l4s_ect coupling_factor 2 drop_on_overload step_thresh 1ms drop_dequeue split_gso classic_protection 10% 
 Sent 23016244 bytes 18540 pkt (dropped 646, overlimits 0 requeues 0) 
 backlog 2484b 2p requeues 0
prob 0.347001 delay_c 1491us delay_l 0us
pkts_in_c 19188 pkts_in_l 0 maxq 27
ecn_mark 0 step_marks 0
credit -121120 (L)

------ Mon 01 Dec 2025 11:32:47 PM PST ------
qdisc htb 1: root refcnt 33 r2q 10 default 0x10 direct_packets_stat 0 direct_qlen 1000
 Sent 23054746 bytes 18571 pkt (dropped 648, overlimits 18548 requeues 0) 
 backlog 2484b 2p requeues 0
qdisc dualpi2 2: parent 1:10 limit 15040000p target 1ms tupdate 16ms alpha 0.152344 beta 3.195312 l4s_ect coupling_factor 2 drop_on_overload step_thresh 1ms drop_dequeue split_gso classic_protection 10% 
 Sent 23054746 bytes 18571 pkt (dropped 648, overlimits 0 requeues 0) 
 backlog 2484b 2p requeues 0
prob 0.350492 delay_c 1399us delay_l 0us
pkts_in_c 19221 pkts_in_l 0 maxq 27
ecn_mark 0 step_marks 0
credit -121120 (L)

------ Mon 01 Dec 2025 11:32:47 PM PST ------
qdisc htb 1: root refcnt 33 r2q 10 default 0x10 direct_packets_stat 0 direct_qlen 1000
 Sent 23096974 bytes 18605 pkt (dropped 648, overlimits 18582 requeues 0) 
 backlog 3726b 3p requeues 0
qdisc dualpi2 2: parent 1:10 limit 15040000p target 1ms tupdate 16ms alpha 0.152344 beta 3.195312 l4s_ect coupling_factor 2 drop_on_overload step_thresh 1ms drop_dequeue split_gso classic_protection 10% 
 Sent 23098216 bytes 18606 pkt (dropped 648, overlimits 0 requeues 0) 
 backlog 2484b 3p requeues 0
prob 0.347441 delay_c 1958us delay_l 0us
pkts_in_c 19256 pkts_in_l 0 maxq 27
ecn_mark 0 step_marks 0
credit -121120 (L)

------ Mon 01 Dec 2025 11:32:47 PM PST ------
qdisc htb 1: root refcnt 33 r2q 10 default 0x10 direct_packets_stat 0 direct_qlen 1000
 Sent 23137960 bytes 18638 pkt (dropped 650, overlimits 18615 requeues 0) 
 backlog 3726b 3p requeues 0
qdisc dualpi2 2: parent 1:10 limit 15040000p target 1ms tupdate 16ms alpha 0.152344 beta 3.195312 l4s_ect coupling_factor 2 drop_on_overload step_thresh 1ms drop_dequeue split_gso classic_protection 10% 
 Sent 23137960 bytes 18638 pkt (dropped 650, overlimits 0 requeues 0) 
 backlog 3726b 3p requeues 0
prob 0.347759 delay_c 999us delay_l 0us
pkts_in_c 19291 pkts_in_l 0 maxq 27
ecn_mark 0 step_marks 0
credit -121120 (L)

------ Mon 01 Dec 2025 11:32:47 PM PST ------
qdisc htb 1: root refcnt 33 r2q 10 default 0x10 direct_packets_stat 0 direct_qlen 1000
 Sent 23176462 bytes 18669 pkt (dropped 650, overlimits 18646 requeues 0) 
 backlog 3726b 3p requeues 0
qdisc dualpi2 2: parent 1:10 limit 15040000p target 1ms tupdate 16ms alpha 0.152344 beta 3.195312 l4s_ect coupling_factor 2 drop_on_overload step_thresh 1ms drop_dequeue split_gso classic_protection 10% 
 Sent 23176462 bytes 18669 pkt (dropped 650, overlimits 0 requeues 0) 
 backlog 3726b 3p requeues 0
prob 0.347892 delay_c 2924us delay_l 0us
pkts_in_c 19322 pkts_in_l 0 maxq 27
ecn_mark 0 step_marks 0
credit -121120 (L)

------ Mon 01 Dec 2025 11:32:47 PM PST ------
qdisc htb 1: root refcnt 33 r2q 10 default 0x10 direct_packets_stat 0 direct_qlen 1000
 Sent 23216206 bytes 18701 pkt (dropped 652, overlimits 18678 requeues 0) 
 backlog 2484b 2p requeues 0
qdisc dualpi2 2: parent 1:10 limit 15040000p target 1ms tupdate 16ms alpha 0.152344 beta 3.195312 l4s_ect coupling_factor 2 drop_on_overload step_thresh 1ms drop_dequeue split_gso classic_protection 10% 
 Sent 23216206 bytes 18701 pkt (dropped 652, overlimits 0 requeues 0) 
 backlog 2484b 2p requeues 0
prob 0.344991 delay_c 732us delay_l 0us
pkts_in_c 19355 pkts_in_l 0 maxq 27
ecn_mark 0 step_marks 0
credit -121120 (L)

------ Mon 01 Dec 2025 11:32:47 PM PST ------
qdisc htb 1: root refcnt 33 r2q 10 default 0x10 direct_packets_stat 0 direct_qlen 1000
 Sent 23258434 bytes 18735 pkt (dropped 653, overlimits 18712 requeues 0) 
 backlog 3726b 3p requeues 0
qdisc dualpi2 2: parent 1:10 limit 15040000p target 1ms tupdate 16ms alpha 0.152344 beta 3.195312 l4s_ect coupling_factor 2 drop_on_overload step_thresh 1ms drop_dequeue split_gso classic_protection 10% 
 Sent 23258434 bytes 18735 pkt (dropped 653, overlimits 0 requeues 0) 
 backlog 3726b 3p requeues 0
prob 0.348462 delay_c 1064us delay_l 0us
pkts_in_c 19391 pkts_in_l 0 maxq 27
ecn_mark 0 step_marks 0
credit -121120 (L)

------ Mon 01 Dec 2025 11:32:47 PM PST ------
qdisc htb 1: root refcnt 33 r2q 10 default 0x10 direct_packets_stat 0 direct_qlen 1000
 Sent 23298178 bytes 18767 pkt (dropped 653, overlimits 18744 requeues 0) 
 backlog 3726b 3p requeues 0
qdisc dualpi2 2: parent 1:10 limit 15040000p target 1ms tupdate 16ms alpha 0.152344 beta 3.195312 l4s_ect coupling_factor 2 drop_on_overload step_thresh 1ms drop_dequeue split_gso classic_protection 10% 
 Sent 23298178 bytes 18767 pkt (dropped 653, overlimits 0 requeues 0) 
 backlog 3726b 3p requeues 0
prob 0.348674 delay_c 2540us delay_l 0us
pkts_in_c 19423 pkts_in_l 0 maxq 27
ecn_mark 0 step_marks 0
credit -121120 (L)

------ Mon 01 Dec 2025 11:32:47 PM PST ------
qdisc htb 1: root refcnt 33 r2q 10 default 0x10 direct_packets_stat 0 direct_qlen 1000
 Sent 23336680 bytes 18798 pkt (dropped 655, overlimits 18775 requeues 0) 
 backlog 3726b 3p requeues 0
qdisc dualpi2 2: parent 1:10 limit 15040000p target 1ms tupdate 16ms alpha 0.152344 beta 3.195312 l4s_ect coupling_factor 2 drop_on_overload step_thresh 1ms drop_dequeue split_gso classic_protection 10% 
 Sent 23336680 bytes 18798 pkt (dropped 655, overlimits 0 requeues 0) 
 backlog 3726b 3p requeues 0
prob 0.349056 delay_c 1654us delay_l 0us
pkts_in_c 19456 pkts_in_l 0 maxq 27
ecn_mark 0 step_marks 0
credit -121120 (L)

------ Mon 01 Dec 2025 11:32:47 PM PST ------
qdisc htb 1: root refcnt 33 r2q 10 default 0x10 direct_packets_stat 0 direct_qlen 1000
 Sent 23378908 bytes 18832 pkt (dropped 656, overlimits 18809 requeues 0) 
 backlog 3726b 3p requeues 0
qdisc dualpi2 2: parent 1:10 limit 15040000p target 1ms tupdate 16ms alpha 0.152344 beta 3.195312 l4s_ect coupling_factor 2 drop_on_overload step_thresh 1ms drop_dequeue split_gso classic_protection 10% 
 Sent 23378908 bytes 18832 pkt (dropped 656, overlimits 0 requeues 0) 
 backlog 3726b 3p requeues 0
prob 0.349392 delay_c 1179us delay_l 0us
pkts_in_c 19491 pkts_in_l 0 maxq 27
ecn_mark 0 step_marks 0
credit -121120 (L)

------ Mon 01 Dec 2025 11:32:47 PM PST ------
qdisc htb 1: root refcnt 33 r2q 10 default 0x10 direct_packets_stat 0 direct_qlen 1000
 Sent 23421136 bytes 18866 pkt (dropped 657, overlimits 18843 requeues 0) 
 backlog 3726b 3p requeues 0
qdisc dualpi2 2: parent 1:10 limit 15040000p target 1ms tupdate 16ms alpha 0.152344 beta 3.195312 l4s_ect coupling_factor 2 drop_on_overload step_thresh 1ms drop_dequeue split_gso classic_protection 10% 
 Sent 23421136 bytes 18866 pkt (dropped 657, overlimits 0 requeues 0) 
 backlog 3726b 3p requeues 0
prob 0.349534 delay_c 1670us delay_l 0us
pkts_in_c 19526 pkts_in_l 0 maxq 27
ecn_mark 0 step_marks 0
credit -121120 (L)

------ Mon 01 Dec 2025 11:32:47 PM PST ------
qdisc htb 1: root refcnt 33 r2q 10 default 0x10 direct_packets_stat 0 direct_qlen 1000
 Sent 23460880 bytes 18898 pkt (dropped 659, overlimits 18875 requeues 0) 
 backlog 3726b 3p requeues 0
qdisc dualpi2 2: parent 1:10 limit 15040000p target 1ms tupdate 16ms alpha 0.152344 beta 3.195312 l4s_ect coupling_factor 2 drop_on_overload step_thresh 1ms drop_dequeue split_gso classic_protection 10% 
 Sent 23460880 bytes 18898 pkt (dropped 659, overlimits 0 requeues 0) 
 backlog 3726b 3p requeues 0
prob 0.349893 delay_c 1517us delay_l 0us
pkts_in_c 19560 pkts_in_l 0 maxq 27
ecn_mark 0 step_marks 0
credit -121120 (L)

------ Mon 01 Dec 2025 11:32:47 PM PST ------
qdisc htb 1: root refcnt 33 r2q 10 default 0x10 direct_packets_stat 0 direct_qlen 1000
 Sent 23504350 bytes 18933 pkt (dropped 659, overlimits 18910 requeues 0) 
 backlog 4968b 4p requeues 0
qdisc dualpi2 2: parent 1:10 limit 15040000p target 1ms tupdate 16ms alpha 0.152344 beta 3.195312 l4s_ect coupling_factor 2 drop_on_overload step_thresh 1ms drop_dequeue split_gso classic_protection 10% 
 Sent 23504350 bytes 18933 pkt (dropped 659, overlimits 0 requeues 0) 
 backlog 4968b 4p requeues 0
prob 0.350145 delay_c 2010us delay_l 0us
pkts_in_c 19596 pkts_in_l 0 maxq 27
ecn_mark 0 step_marks 0
credit -121120 (L)

------ Mon 01 Dec 2025 11:32:47 PM PST ------
qdisc htb 1: root refcnt 33 r2q 10 default 0x10 direct_packets_stat 0 direct_qlen 1000
 Sent 23546578 bytes 18967 pkt (dropped 661, overlimits 18944 requeues 0) 
 backlog 3726b 3p requeues 0
qdisc dualpi2 2: parent 1:10 limit 15040000p target 1ms tupdate 16ms alpha 0.152344 beta 3.195312 l4s_ect coupling_factor 2 drop_on_overload step_thresh 1ms drop_dequeue split_gso classic_protection 10% 
 Sent 23546578 bytes 18967 pkt (dropped 661, overlimits 0 requeues 0) 
 backlog 3726b 3p requeues 0
prob 0.350465 delay_c 1243us delay_l 0us
pkts_in_c 19631 pkts_in_l 0 maxq 27
ecn_mark 0 step_marks 0
credit -121120 (L)

------ Mon 01 Dec 2025 11:32:47 PM PST ------
qdisc htb 1: root refcnt 33 r2q 10 default 0x10 direct_packets_stat 0 direct_qlen 1000
 Sent 23588806 bytes 19001 pkt (dropped 662, overlimits 18978 requeues 0) 
 backlog 3726b 3p requeues 0
qdisc dualpi2 2: parent 1:10 limit 15040000p target 1ms tupdate 16ms alpha 0.152344 beta 3.195312 l4s_ect coupling_factor 2 drop_on_overload step_thresh 1ms drop_dequeue split_gso classic_protection 10% 
 Sent 23588806 bytes 19001 pkt (dropped 662, overlimits 0 requeues 0) 
 backlog 3726b 3p requeues 0
prob 0.350686 delay_c 1707us delay_l 0us
pkts_in_c 19666 pkts_in_l 0 maxq 27
ecn_mark 0 step_marks 0
credit -121120 (L)

------ Mon 01 Dec 2025 11:32:47 PM PST ------
qdisc htb 1: root refcnt 33 r2q 10 default 0x10 direct_packets_stat 0 direct_qlen 1000
 Sent 23632276 bytes 19036 pkt (dropped 664, overlimits 19013 requeues 0) 
 backlog 2484b 2p requeues 0
qdisc dualpi2 2: parent 1:10 limit 15040000p target 1ms tupdate 16ms alpha 0.152344 beta 3.195312 l4s_ect coupling_factor 2 drop_on_overload step_thresh 1ms drop_dequeue split_gso classic_protection 10% 
 Sent 23632276 bytes 19036 pkt (dropped 664, overlimits 0 requeues 0) 
 backlog 2484b 2p requeues 0
prob 0.351021 delay_c 1308us delay_l 0us
pkts_in_c 19702 pkts_in_l 0 maxq 27
ecn_mark 0 step_marks 0
credit -121120 (L)

------ Mon 01 Dec 2025 11:32:47 PM PST ------
qdisc htb 1: root refcnt 33 r2q 10 default 0x10 direct_packets_stat 0 direct_qlen 1000
 Sent 23674504 bytes 19070 pkt (dropped 665, overlimits 19047 requeues 0) 
 backlog 2484b 2p requeues 0
qdisc dualpi2 2: parent 1:10 limit 15040000p target 1ms tupdate 16ms alpha 0.152344 beta 3.195312 l4s_ect coupling_factor 2 drop_on_overload step_thresh 1ms drop_dequeue split_gso classic_protection 10% 
 Sent 23674504 bytes 19070 pkt (dropped 665, overlimits 0 requeues 0) 
 backlog 2484b 2p requeues 0
prob 0.351091 delay_c 1304us delay_l 0us
pkts_in_c 19737 pkts_in_l 0 maxq 27
ecn_mark 0 step_marks 0
credit -121120 (L)

------ Mon 01 Dec 2025 11:32:47 PM PST ------
qdisc htb 1: root refcnt 33 r2q 10 default 0x10 direct_packets_stat 0 direct_qlen 1000
 Sent 23715490 bytes 19103 pkt (dropped 666, overlimits 19080 requeues 0) 
 backlog 2484b 2p requeues 0
qdisc dualpi2 2: parent 1:10 limit 15040000p target 1ms tupdate 16ms alpha 0.152344 beta 3.195312 l4s_ect coupling_factor 2 drop_on_overload step_thresh 1ms drop_dequeue split_gso classic_protection 10% 
 Sent 23715490 bytes 19103 pkt (dropped 666, overlimits 0 requeues 0) 
 backlog 2484b 2p requeues 0
prob 0.351509 delay_c 1628us delay_l 0us
pkts_in_c 19771 pkts_in_l 0 maxq 27
ecn_mark 0 step_marks 0
credit -121120 (L)

------ Mon 01 Dec 2025 11:32:47 PM PST ------
qdisc htb 1: root refcnt 33 r2q 10 default 0x10 direct_packets_stat 0 direct_qlen 1000
 Sent 23756476 bytes 19136 pkt (dropped 667, overlimits 19113 requeues 0) 
 backlog 3726b 3p requeues 0
qdisc dualpi2 2: parent 1:10 limit 15040000p target 1ms tupdate 16ms alpha 0.152344 beta 3.195312 l4s_ect coupling_factor 2 drop_on_overload step_thresh 1ms drop_dequeue split_gso classic_protection 10% 
 Sent 23756476 bytes 19136 pkt (dropped 667, overlimits 0 requeues 0) 
 backlog 3726b 3p requeues 0
prob 0.351652 delay_c 1443us delay_l 0us
pkts_in_c 19806 pkts_in_l 0 maxq 27
ecn_mark 0 step_marks 0
credit -121120 (L)

------ Mon 01 Dec 2025 11:32:47 PM PST ------
qdisc htb 1: root refcnt 33 r2q 10 default 0x10 direct_packets_stat 0 direct_qlen 1000
 Sent 23799946 bytes 19171 pkt (dropped 668, overlimits 19148 requeues 0) 
 backlog 2484b 2p requeues 0
qdisc dualpi2 2: parent 1:10 limit 15040000p target 1ms tupdate 16ms alpha 0.152344 beta 3.195312 l4s_ect coupling_factor 2 drop_on_overload step_thresh 1ms drop_dequeue split_gso classic_protection 10% 
 Sent 23799946 bytes 19171 pkt (dropped 668, overlimits 0 requeues 0) 
 backlog 2484b 2p requeues 0
prob 0.351964 delay_c 1855us delay_l 0us
pkts_in_c 19841 pkts_in_l 0 maxq 27
ecn_mark 0 step_marks 0
credit -121120 (L)

------ Mon 01 Dec 2025 11:32:47 PM PST ------
qdisc htb 1: root refcnt 33 r2q 10 default 0x10 direct_packets_stat 0 direct_qlen 1000
 Sent 23839690 bytes 19203 pkt (dropped 670, overlimits 19180 requeues 0) 
 backlog 2484b 2p requeues 0
qdisc dualpi2 2: parent 1:10 limit 15040000p target 1ms tupdate 16ms alpha 0.152344 beta 3.195312 l4s_ect coupling_factor 2 drop_on_overload step_thresh 1ms drop_dequeue split_gso classic_protection 10% 
 Sent 23839690 bytes 19203 pkt (dropped 670, overlimits 0 requeues 0) 
 backlog 2484b 2p requeues 0
prob 0.352122 delay_c 913us delay_l 0us
pkts_in_c 19875 pkts_in_l 0 maxq 27
ecn_mark 0 step_marks 0
credit -121120 (L)

------ Mon 01 Dec 2025 11:32:47 PM PST ------
qdisc htb 1: root refcnt 33 r2q 10 default 0x10 direct_packets_stat 0 direct_qlen 1000
 Sent 23881918 bytes 19237 pkt (dropped 671, overlimits 19214 requeues 0) 
 backlog 2484b 2p requeues 0
qdisc dualpi2 2: parent 1:10 limit 15040000p target 1ms tupdate 16ms alpha 0.152344 beta 3.195312 l4s_ect coupling_factor 2 drop_on_overload step_thresh 1ms drop_dequeue split_gso classic_protection 10% 
 Sent 23881918 bytes 19237 pkt (dropped 671, overlimits 0 requeues 0) 
 backlog 2484b 2p requeues 0
prob 0.349108 delay_c 560us delay_l 0us
pkts_in_c 19910 pkts_in_l 0 maxq 27
ecn_mark 0 step_marks 0
credit -121120 (L)

------ Mon 01 Dec 2025 11:32:47 PM PST ------
qdisc htb 1: root refcnt 33 r2q 10 default 0x10 direct_packets_stat 0 direct_qlen 1000
 Sent 23925388 bytes 19272 pkt (dropped 672, overlimits 19249 requeues 0) 
 backlog 2484b 2p requeues 0
qdisc dualpi2 2: parent 1:10 limit 15040000p target 1ms tupdate 16ms alpha 0.152344 beta 3.195312 l4s_ect coupling_factor 2 drop_on_overload step_thresh 1ms drop_dequeue split_gso classic_protection 10% 
 Sent 23925388 bytes 19272 pkt (dropped 672, overlimits 0 requeues 0) 
 backlog 2484b 2p requeues 0
prob 0.352521 delay_c 1411us delay_l 0us
pkts_in_c 19946 pkts_in_l 0 maxq 27
ecn_mark 0 step_marks 0
credit -121120 (L)

------ Mon 01 Dec 2025 11:32:47 PM PST ------
qdisc htb 1: root refcnt 33 r2q 10 default 0x10 direct_packets_stat 0 direct_qlen 1000
 Sent 23967616 bytes 19306 pkt (dropped 673, overlimits 19283 requeues 0) 
 backlog 2484b 2p requeues 0
qdisc dualpi2 2: parent 1:10 limit 15040000p target 1ms tupdate 16ms alpha 0.152344 beta 3.195312 l4s_ect coupling_factor 2 drop_on_overload step_thresh 1ms drop_dequeue split_gso classic_protection 10% 
 Sent 23967616 bytes 19306 pkt (dropped 673, overlimits 0 requeues 0) 
 backlog 2484b 2p requeues 0
prob 0.349501 delay_c 1901us delay_l 0us
pkts_in_c 19981 pkts_in_l 0 maxq 27
ecn_mark 0 step_marks 0
credit -121120 (L)

------ Mon 01 Dec 2025 11:32:47 PM PST ------
qdisc htb 1: root refcnt 33 r2q 10 default 0x10 direct_packets_stat 0 direct_qlen 1000
 Sent 24009844 bytes 19340 pkt (dropped 675, overlimits 19317 requeues 0) 
 backlog 2484b 2p requeues 0
qdisc dualpi2 2: parent 1:10 limit 15040000p target 1ms tupdate 16ms alpha 0.152344 beta 3.195312 l4s_ect coupling_factor 2 drop_on_overload step_thresh 1ms drop_dequeue split_gso classic_protection 10% 
 Sent 24009844 bytes 19340 pkt (dropped 675, overlimits 0 requeues 0) 
 backlog 2484b 2p requeues 0
prob 0.353022 delay_c 1220us delay_l 0us
pkts_in_c 20017 pkts_in_l 0 maxq 27
ecn_mark 0 step_marks 0
credit -121120 (L)

------ Mon 01 Dec 2025 11:32:47 PM PST ------
qdisc htb 1: root refcnt 33 r2q 10 default 0x10 direct_packets_stat 0 direct_qlen 1000
 Sent 24053314 bytes 19375 pkt (dropped 676, overlimits 19352 requeues 0) 
 backlog 2484b 2p requeues 0
qdisc dualpi2 2: parent 1:10 limit 15040000p target 1ms tupdate 16ms alpha 0.152344 beta 3.195312 l4s_ect coupling_factor 2 drop_on_overload step_thresh 1ms drop_dequeue split_gso classic_protection 10% 
 Sent 24053314 bytes 19375 pkt (dropped 676, overlimits 0 requeues 0) 
 backlog 2484b 2p requeues 0
prob 0.349847 delay_c 1110us delay_l 0us
pkts_in_c 20053 pkts_in_l 0 maxq 27
ecn_mark 0 step_marks 0
credit -121120 (L)

------ Mon 01 Dec 2025 11:32:47 PM PST ------
qdisc htb 1: root refcnt 33 r2q 10 default 0x10 direct_packets_stat 0 direct_qlen 1000
 Sent 24093058 bytes 19407 pkt (dropped 677, overlimits 19384 requeues 0) 
 backlog 2484b 2p requeues 0
qdisc dualpi2 2: parent 1:10 limit 15040000p target 1ms tupdate 16ms alpha 0.152344 beta 3.195312 l4s_ect coupling_factor 2 drop_on_overload step_thresh 1ms drop_dequeue split_gso classic_protection 10% 
 Sent 24093058 bytes 19407 pkt (dropped 677, overlimits 0 requeues 0) 
 backlog 2484b 2p requeues 0
prob 0.353254 delay_c 1743us delay_l 0us
pkts_in_c 20086 pkts_in_l 0 maxq 27
ecn_mark 0 step_marks 0
credit -121120 (L)

------ Mon 01 Dec 2025 11:32:47 PM PST ------
qdisc htb 1: root refcnt 33 r2q 10 default 0x10 direct_packets_stat 0 direct_qlen 1000
 Sent 24135286 bytes 19441 pkt (dropped 677, overlimits 19418 requeues 0) 
 backlog 4968b 4p requeues 0
qdisc dualpi2 2: parent 1:10 limit 15040000p target 1ms tupdate 16ms alpha 0.152344 beta 3.195312 l4s_ect coupling_factor 2 drop_on_overload step_thresh 1ms drop_dequeue split_gso classic_protection 10% 
 Sent 24135286 bytes 19441 pkt (dropped 677, overlimits 0 requeues 0) 
 backlog 4968b 4p requeues 0
prob 0.353426 delay_c 2148us delay_l 0us
pkts_in_c 20122 pkts_in_l 0 maxq 27
ecn_mark 0 step_marks 0
credit -121120 (L)

------ Mon 01 Dec 2025 11:32:47 PM PST ------
qdisc htb 1: root refcnt 33 r2q 10 default 0x10 direct_packets_stat 0 direct_qlen 1000
 Sent 24178756 bytes 19476 pkt (dropped 679, overlimits 19453 requeues 0) 
 backlog 2484b 2p requeues 0
qdisc dualpi2 2: parent 1:10 limit 15040000p target 1ms tupdate 16ms alpha 0.152344 beta 3.195312 l4s_ect coupling_factor 2 drop_on_overload step_thresh 1ms drop_dequeue split_gso classic_protection 10% 
 Sent 24178756 bytes 19476 pkt (dropped 679, overlimits 0 requeues 0) 
 backlog 2484b 2p requeues 0
prob 0.350581 delay_c 1352us delay_l 0us
pkts_in_c 20157 pkts_in_l 0 maxq 27
ecn_mark 0 step_marks 0
credit -121120 (L)

------ Mon 01 Dec 2025 11:32:47 PM PST ------
qdisc htb 1: root refcnt 33 r2q 10 default 0x10 direct_packets_stat 0 direct_qlen 1000
 Sent 24220984 bytes 19510 pkt (dropped 680, overlimits 19487 requeues 0) 
 backlog 2484b 2p requeues 0
qdisc dualpi2 2: parent 1:10 limit 15040000p target 1ms tupdate 16ms alpha 0.152344 beta 3.195312 l4s_ect coupling_factor 2 drop_on_overload step_thresh 1ms drop_dequeue split_gso classic_protection 10% 
 Sent 24220984 bytes 19510 pkt (dropped 680, overlimits 0 requeues 0) 
 backlog 2484b 2p requeues 0
prob 0.353989 delay_c 1503us delay_l 0us
pkts_in_c 20192 pkts_in_l 0 maxq 27
ecn_mark 0 step_marks 0
credit -121120 (L)

------ Mon 01 Dec 2025 11:32:47 PM PST ------
qdisc htb 1: root refcnt 33 r2q 10 default 0x10 direct_packets_stat 0 direct_qlen 1000
 Sent 24260728 bytes 19542 pkt (dropped 681, overlimits 19519 requeues 0) 
 backlog 3726b 3p requeues 0
qdisc dualpi2 2: parent 1:10 limit 15040000p target 1ms tupdate 16ms alpha 0.152344 beta 3.195312 l4s_ect coupling_factor 2 drop_on_overload step_thresh 1ms drop_dequeue split_gso classic_protection 10% 
 Sent 24260728 bytes 19542 pkt (dropped 681, overlimits 0 requeues 0) 
 backlog 3726b 3p requeues 0
prob 0.354145 delay_c 1123us delay_l 0us
pkts_in_c 20226 pkts_in_l 0 maxq 27
ecn_mark 0 step_marks 0
credit -121120 (L)

------ Mon 01 Dec 2025 11:32:47 PM PST ------
qdisc htb 1: root refcnt 33 r2q 10 default 0x10 direct_packets_stat 0 direct_qlen 1000
 Sent 24300472 bytes 19574 pkt (dropped 683, overlimits 19551 requeues 0) 
 backlog 1242b 1p requeues 0
qdisc dualpi2 2: parent 1:10 limit 15040000p target 1ms tupdate 16ms alpha 0.152344 beta 3.195312 l4s_ect coupling_factor 2 drop_on_overload step_thresh 1ms drop_dequeue split_gso classic_protection 10% 
 Sent 24300472 bytes 19574 pkt (dropped 683, overlimits 0 requeues 0) 
 backlog 1242b 1p requeues 0
prob 0.354523 delay_c 969us delay_l 0us
pkts_in_c 20258 pkts_in_l 0 maxq 27
ecn_mark 0 step_marks 0
credit -121120 (L)

------ Mon 01 Dec 2025 11:32:48 PM PST ------
qdisc htb 1: root refcnt 33 r2q 10 default 0x10 direct_packets_stat 0 direct_qlen 1000
 Sent 24342700 bytes 19608 pkt (dropped 684, overlimits 19585 requeues 0) 
 backlog 3726b 3p requeues 0
qdisc dualpi2 2: parent 1:10 limit 15040000p target 1ms tupdate 16ms alpha 0.152344 beta 3.195312 l4s_ect coupling_factor 2 drop_on_overload step_thresh 1ms drop_dequeue split_gso classic_protection 10% 
 Sent 24342700 bytes 19608 pkt (dropped 684, overlimits 0 requeues 0) 
 backlog 3726b 3p requeues 0
prob 0.354680 delay_c 1334us delay_l 0us
pkts_in_c 20295 pkts_in_l 0 maxq 27
ecn_mark 0 step_marks 0
credit -121120 (L)

------ Mon 01 Dec 2025 11:32:48 PM PST ------
qdisc htb 1: root refcnt 33 r2q 10 default 0x10 direct_packets_stat 0 direct_qlen 1000
 Sent 24384928 bytes 19642 pkt (dropped 685, overlimits 19619 requeues 0) 
 backlog 3726b 3p requeues 0
qdisc dualpi2 2: parent 1:10 limit 15040000p target 1ms tupdate 16ms alpha 0.152344 beta 3.195312 l4s_ect coupling_factor 2 drop_on_overload step_thresh 1ms drop_dequeue split_gso classic_protection 10% 
 Sent 24384928 bytes 19642 pkt (dropped 685, overlimits 0 requeues 0) 
 backlog 3726b 3p requeues 0
prob 0.351651 delay_c 1314us delay_l 0us
pkts_in_c 20330 pkts_in_l 0 maxq 27
ecn_mark 0 step_marks 0
credit -121120 (L)

------ Mon 01 Dec 2025 11:32:48 PM PST ------
qdisc htb 1: root refcnt 33 r2q 10 default 0x10 direct_packets_stat 0 direct_qlen 1000
 Sent 24425914 bytes 19675 pkt (dropped 685, overlimits 19651 requeues 0) 
 backlog 3726b 3p requeues 0
qdisc dualpi2 2: parent 1:10 limit 15040000p target 1ms tupdate 16ms alpha 0.152344 beta 3.195312 l4s_ect coupling_factor 2 drop_on_overload step_thresh 1ms drop_dequeue split_gso classic_protection 10% 
 Sent 24425914 bytes 19675 pkt (dropped 685, overlimits 0 requeues 0) 
 backlog 3726b 3p requeues 0
prob 0.355051 delay_c 2575us delay_l 0us
pkts_in_c 20363 pkts_in_l 0 maxq 27
ecn_mark 0 step_marks 0
credit -121120 (L)

------ Mon 01 Dec 2025 11:32:48 PM PST ------
qdisc htb 1: root refcnt 33 r2q 10 default 0x10 direct_packets_stat 0 direct_qlen 1000
 Sent 24465658 bytes 19707 pkt (dropped 688, overlimits 19683 requeues 0) 
 backlog 2484b 2p requeues 0
qdisc dualpi2 2: parent 1:10 limit 15040000p target 1ms tupdate 16ms alpha 0.152344 beta 3.195312 l4s_ect coupling_factor 2 drop_on_overload step_thresh 1ms drop_dequeue split_gso classic_protection 10% 
 Sent 24465658 bytes 19707 pkt (dropped 688, overlimits 0 requeues 0) 
 backlog 2484b 2p requeues 0
prob 0.355531 delay_c 1438us delay_l 0us
pkts_in_c 20397 pkts_in_l 0 maxq 27
ecn_mark 0 step_marks 0
credit -121120 (L)

------ Mon 01 Dec 2025 11:32:48 PM PST ------
qdisc htb 1: root refcnt 33 r2q 10 default 0x10 direct_packets_stat 0 direct_qlen 1000
 Sent 24505402 bytes 19739 pkt (dropped 688, overlimits 19715 requeues 0) 
 backlog 4968b 4p requeues 0
qdisc dualpi2 2: parent 1:10 limit 15040000p target 1ms tupdate 16ms alpha 0.152344 beta 3.195312 l4s_ect coupling_factor 2 drop_on_overload step_thresh 1ms drop_dequeue split_gso classic_protection 10% 
 Sent 24505402 bytes 19739 pkt (dropped 688, overlimits 0 requeues 0) 
 backlog 4968b 4p requeues 0
prob 0.355734 delay_c 2131us delay_l 0us
pkts_in_c 20431 pkts_in_l 0 maxq 27
ecn_mark 0 step_marks 0
credit -121120 (L)

------ Mon 01 Dec 2025 11:32:48 PM PST ------
qdisc htb 1: root refcnt 33 r2q 10 default 0x10 direct_packets_stat 0 direct_qlen 1000
 Sent 24545146 bytes 19771 pkt (dropped 690, overlimits 19747 requeues 0) 
 backlog 2484b 2p requeues 0
qdisc dualpi2 2: parent 1:10 limit 15040000p target 1ms tupdate 16ms alpha 0.152344 beta 3.195312 l4s_ect coupling_factor 2 drop_on_overload step_thresh 1ms drop_dequeue split_gso classic_protection 10% 
 Sent 24545146 bytes 19771 pkt (dropped 690, overlimits 0 requeues 0) 
 backlog 2484b 2p requeues 0
prob 0.355908 delay_c 1655us delay_l 0us
pkts_in_c 20463 pkts_in_l 0 maxq 27
ecn_mark 0 step_marks 0
credit -121120 (L)

------ Mon 01 Dec 2025 11:32:48 PM PST ------
qdisc htb 1: root refcnt 33 r2q 10 default 0x10 direct_packets_stat 0 direct_qlen 1000
 Sent 24588616 bytes 19806 pkt (dropped 691, overlimits 19782 requeues 0) 
 backlog 3726b 3p requeues 0
qdisc dualpi2 2: parent 1:10 limit 15040000p target 1ms tupdate 16ms alpha 0.152344 beta 3.195312 l4s_ect coupling_factor 2 drop_on_overload step_thresh 1ms drop_dequeue split_gso classic_protection 10% 
 Sent 24588616 bytes 19806 pkt (dropped 691, overlimits 0 requeues 0) 
 backlog 3726b 3p requeues 0
prob 0.356095 delay_c 1197us delay_l 0us
pkts_in_c 20500 pkts_in_l 0 maxq 27
ecn_mark 0 step_marks 0
credit -121120 (L)

------ Mon 01 Dec 2025 11:32:48 PM PST ------
qdisc htb 1: root refcnt 33 r2q 10 default 0x10 direct_packets_stat 0 direct_qlen 1000
 Sent 24629602 bytes 19839 pkt (dropped 692, overlimits 19815 requeues 0) 
 backlog 2484b 2p requeues 0
qdisc dualpi2 2: parent 1:10 limit 15040000p target 1ms tupdate 16ms alpha 0.152344 beta 3.195312 l4s_ect coupling_factor 2 drop_on_overload step_thresh 1ms drop_dequeue split_gso classic_protection 10% 
 Sent 24629602 bytes 19839 pkt (dropped 692, overlimits 0 requeues 0) 
 backlog 2484b 2p requeues 0
prob 0.353098 delay_c 1360us delay_l 0us
pkts_in_c 20533 pkts_in_l 0 maxq 27
ecn_mark 0 step_marks 0
credit -121120 (L)

------ Mon 01 Dec 2025 11:32:48 PM PST ------
qdisc htb 1: root refcnt 33 r2q 10 default 0x10 direct_packets_stat 0 direct_qlen 1000
 Sent 24669346 bytes 19871 pkt (dropped 692, overlimits 19847 requeues 0) 
 backlog 4968b 4p requeues 0
qdisc dualpi2 2: parent 1:10 limit 15040000p target 1ms tupdate 16ms alpha 0.152344 beta 3.195312 l4s_ect coupling_factor 2 drop_on_overload step_thresh 1ms drop_dequeue split_gso classic_protection 10% 
 Sent 24669346 bytes 19871 pkt (dropped 692, overlimits 0 requeues 0) 
 backlog 4968b 4p requeues 0
prob 0.356479 delay_c 2461us delay_l 0us
pkts_in_c 20567 pkts_in_l 0 maxq 27
ecn_mark 0 step_marks 0
credit -121120 (L)

------ Mon 01 Dec 2025 11:32:48 PM PST ------
qdisc htb 1: root refcnt 33 r2q 10 default 0x10 direct_packets_stat 0 direct_qlen 1000
 Sent 24710332 bytes 19904 pkt (dropped 694, overlimits 19880 requeues 0) 
 backlog 3726b 3p requeues 0
qdisc dualpi2 2: parent 1:10 limit 15040000p target 1ms tupdate 16ms alpha 0.152344 beta 3.195312 l4s_ect coupling_factor 2 drop_on_overload step_thresh 1ms drop_dequeue split_gso classic_protection 10% 
 Sent 24710332 bytes 19904 pkt (dropped 694, overlimits 0 requeues 0) 
 backlog 3726b 3p requeues 0
prob 0.360337 delay_c 1562us delay_l 0us
pkts_in_c 20601 pkts_in_l 0 maxq 27
ecn_mark 0 step_marks 0
credit -121120 (L)

------ Mon 01 Dec 2025 11:32:48 PM PST ------
qdisc htb 1: root refcnt 33 r2q 10 default 0x10 direct_packets_stat 0 direct_qlen 1000
 Sent 24752560 bytes 19938 pkt (dropped 696, overlimits 19914 requeues 0) 
 backlog 2484b 2p requeues 0
qdisc dualpi2 2: parent 1:10 limit 15040000p target 1ms tupdate 16ms alpha 0.152344 beta 3.195312 l4s_ect coupling_factor 2 drop_on_overload step_thresh 1ms drop_dequeue split_gso classic_protection 10% 
 Sent 24752560 bytes 19938 pkt (dropped 696, overlimits 0 requeues 0) 
 backlog 2484b 2p requeues 0
prob 0.360827 delay_c 1220us delay_l 0us
pkts_in_c 20636 pkts_in_l 0 maxq 27
ecn_mark 0 step_marks 0
credit -121120 (L)

------ Mon 01 Dec 2025 11:32:48 PM PST ------
qdisc htb 1: root refcnt 33 r2q 10 default 0x10 direct_packets_stat 0 direct_qlen 1000
 Sent 24792304 bytes 19970 pkt (dropped 696, overlimits 19946 requeues 0) 
 backlog 4968b 4p requeues 0
qdisc dualpi2 2: parent 1:10 limit 15040000p target 1ms tupdate 16ms alpha 0.152344 beta 3.195312 l4s_ect coupling_factor 2 drop_on_overload step_thresh 1ms drop_dequeue split_gso classic_protection 10% 
 Sent 24792304 bytes 19970 pkt (dropped 696, overlimits 0 requeues 0) 
 backlog 4968b 4p requeues 0
prob 0.357851 delay_c 2210us delay_l 0us
pkts_in_c 20670 pkts_in_l 0 maxq 27
ecn_mark 0 step_marks 0
credit -121120 (L)

------ Mon 01 Dec 2025 11:32:48 PM PST ------
qdisc htb 1: root refcnt 33 r2q 10 default 0x10 direct_packets_stat 0 direct_qlen 1000
 Sent 24833290 bytes 20003 pkt (dropped 698, overlimits 19979 requeues 0) 
 backlog 2484b 2p requeues 0
qdisc dualpi2 2: parent 1:10 limit 15040000p target 1ms tupdate 16ms alpha 0.152344 beta 3.195312 l4s_ect coupling_factor 2 drop_on_overload step_thresh 1ms drop_dequeue split_gso classic_protection 10% 
 Sent 24833290 bytes 20003 pkt (dropped 698, overlimits 0 requeues 0) 
 backlog 2484b 2p requeues 0
prob 0.358036 delay_c 1451us delay_l 0us
pkts_in_c 20703 pkts_in_l 0 maxq 27
ecn_mark 0 step_marks 0
credit -121120 (L)

------ Mon 01 Dec 2025 11:32:48 PM PST ------
qdisc htb 1: root refcnt 33 r2q 10 default 0x10 direct_packets_stat 0 direct_qlen 1000
 Sent 24873034 bytes 20035 pkt (dropped 698, overlimits 20011 requeues 0) 
 backlog 3726b 3p requeues 0
qdisc dualpi2 2: parent 1:10 limit 15040000p target 1ms tupdate 16ms alpha 0.152344 beta 3.195312 l4s_ect coupling_factor 2 drop_on_overload step_thresh 1ms drop_dequeue split_gso classic_protection 10% 
 Sent 24873034 bytes 20035 pkt (dropped 698, overlimits 0 requeues 0) 
 backlog 3726b 3p requeues 0
prob 0.358249 delay_c 1668us delay_l 0us
pkts_in_c 20736 pkts_in_l 0 maxq 27
ecn_mark 0 step_marks 0
credit -121120 (L)

------ Mon 01 Dec 2025 11:32:48 PM PST ------
qdisc htb 1: root refcnt 33 r2q 10 default 0x10 direct_packets_stat 0 direct_qlen 1000
 Sent 24914020 bytes 20068 pkt (dropped 699, overlimits 20044 requeues 0) 
 backlog 4968b 4p requeues 0
qdisc dualpi2 2: parent 1:10 limit 15040000p target 1ms tupdate 16ms alpha 0.152344 beta 3.195312 l4s_ect coupling_factor 2 drop_on_overload step_thresh 1ms drop_dequeue split_gso classic_protection 10% 
 Sent 24914020 bytes 20068 pkt (dropped 699, overlimits 0 requeues 0) 
 backlog 4968b 4p requeues 0
prob 0.358604 delay_c 2196us delay_l 0us
pkts_in_c 20771 pkts_in_l 0 maxq 27
ecn_mark 0 step_marks 0
credit -121120 (L)

------ Mon 01 Dec 2025 11:32:48 PM PST ------
qdisc htb 1: root refcnt 33 r2q 10 default 0x10 direct_packets_stat 0 direct_qlen 1000
 Sent 24953764 bytes 20100 pkt (dropped 701, overlimits 20076 requeues 0) 
 backlog 4968b 4p requeues 0
qdisc dualpi2 2: parent 1:10 limit 15040000p target 1ms tupdate 16ms alpha 0.152344 beta 3.195312 l4s_ect coupling_factor 2 drop_on_overload step_thresh 1ms drop_dequeue split_gso classic_protection 10% 
 Sent 24953764 bytes 20100 pkt (dropped 701, overlimits 0 requeues 0) 
 backlog 4968b 4p requeues 0
prob 0.358762 delay_c 2087us delay_l 0us
pkts_in_c 20805 pkts_in_l 0 maxq 27
ecn_mark 0 step_marks 0
credit -121120 (L)

------ Mon 01 Dec 2025 11:32:48 PM PST ------
qdisc htb 1: root refcnt 33 r2q 10 default 0x10 direct_packets_stat 0 direct_qlen 1000
 Sent 24995992 bytes 20134 pkt (dropped 703, overlimits 20110 requeues 0) 
 backlog 1242b 1p requeues 0
qdisc dualpi2 2: parent 1:10 limit 15040000p target 1ms tupdate 16ms alpha 0.152344 beta 3.195312 l4s_ect coupling_factor 2 drop_on_overload step_thresh 1ms drop_dequeue split_gso classic_protection 10% 
 Sent 24995992 bytes 20134 pkt (dropped 703, overlimits 0 requeues 0) 
 backlog 1242b 1p requeues 0
prob 0.359164 delay_c 613us delay_l 0us
pkts_in_c 20838 pkts_in_l 0 maxq 27
ecn_mark 0 step_marks 0
credit -121120 (L)

------ Mon 01 Dec 2025 11:32:48 PM PST ------
qdisc htb 1: root refcnt 33 r2q 10 default 0x10 direct_packets_stat 0 direct_qlen 1000
 Sent 25034494 bytes 20165 pkt (dropped 703, overlimits 20141 requeues 0) 
 backlog 3726b 3p requeues 0
qdisc dualpi2 2: parent 1:10 limit 15040000p target 1ms tupdate 16ms alpha 0.152344 beta 3.195312 l4s_ect coupling_factor 2 drop_on_overload step_thresh 1ms drop_dequeue split_gso classic_protection 10% 
 Sent 25034494 bytes 20165 pkt (dropped 703, overlimits 0 requeues 0) 
 backlog 3726b 3p requeues 0
prob 0.359333 delay_c 1554us delay_l 0us
pkts_in_c 20871 pkts_in_l 0 maxq 27
ecn_mark 0 step_marks 0
credit -121120 (L)

------ Mon 01 Dec 2025 11:32:48 PM PST ------
qdisc htb 1: root refcnt 33 r2q 10 default 0x10 direct_packets_stat 0 direct_qlen 1000
 Sent 25076722 bytes 20199 pkt (dropped 705, overlimits 20175 requeues 0) 
 backlog 2484b 2p requeues 0
qdisc dualpi2 2: parent 1:10 limit 15040000p target 1ms tupdate 16ms alpha 0.152344 beta 3.195312 l4s_ect coupling_factor 2 drop_on_overload step_thresh 1ms drop_dequeue split_gso classic_protection 10% 
 Sent 25076722 bytes 20199 pkt (dropped 705, overlimits 0 requeues 0) 
 backlog 2484b 2p requeues 0
prob 0.359464 delay_c 1254us delay_l 0us
pkts_in_c 20906 pkts_in_l 0 maxq 27
ecn_mark 0 step_marks 0
credit -121120 (L)

------ Mon 01 Dec 2025 11:32:48 PM PST ------
qdisc htb 1: root refcnt 33 r2q 10 default 0x10 direct_packets_stat 0 direct_qlen 1000
 Sent 25116466 bytes 20231 pkt (dropped 706, overlimits 20207 requeues 0) 
 backlog 3726b 3p requeues 0
qdisc dualpi2 2: parent 1:10 limit 15040000p target 1ms tupdate 16ms alpha 0.152344 beta 3.195312 l4s_ect coupling_factor 2 drop_on_overload step_thresh 1ms drop_dequeue split_gso classic_protection 10% 
 Sent 25116466 bytes 20231 pkt (dropped 706, overlimits 0 requeues 0) 
 backlog 3726b 3p requeues 0
prob 0.356393 delay_c 1089us delay_l 0us
pkts_in_c 20940 pkts_in_l 0 maxq 27
ecn_mark 0 step_marks 0
credit -121120 (L)

------ Mon 01 Dec 2025 11:32:48 PM PST ------
qdisc htb 1: root refcnt 33 r2q 10 default 0x10 direct_packets_stat 0 direct_qlen 1000
 Sent 25157452 bytes 20264 pkt (dropped 706, overlimits 20240 requeues 0) 
 backlog 3726b 3p requeues 0
qdisc dualpi2 2: parent 1:10 limit 15040000p target 1ms tupdate 16ms alpha 0.152344 beta 3.195312 l4s_ect coupling_factor 2 drop_on_overload step_thresh 1ms drop_dequeue split_gso classic_protection 10% 
 Sent 25157452 bytes 20264 pkt (dropped 706, overlimits 0 requeues 0) 
 backlog 3726b 3p requeues 0
prob 0.359962 delay_c 2173us delay_l 0us
pkts_in_c 20973 pkts_in_l 0 maxq 27
ecn_mark 0 step_marks 0
credit -121120 (L)

------ Mon 01 Dec 2025 11:32:48 PM PST ------
qdisc htb 1: root refcnt 33 r2q 10 default 0x10 direct_packets_stat 0 direct_qlen 1000
 Sent 25197196 bytes 20296 pkt (dropped 708, overlimits 20272 requeues 0) 
 backlog 2484b 2p requeues 0
qdisc dualpi2 2: parent 1:10 limit 15040000p target 1ms tupdate 16ms alpha 0.152344 beta 3.195312 l4s_ect coupling_factor 2 drop_on_overload step_thresh 1ms drop_dequeue split_gso classic_protection 10% 
 Sent 25197196 bytes 20296 pkt (dropped 708, overlimits 0 requeues 0) 
 backlog 2484b 2p requeues 0
prob 0.363489 delay_c 1608us delay_l 0us
pkts_in_c 21006 pkts_in_l 0 maxq 27
ecn_mark 0 step_marks 0
credit -121120 (L)

------ Mon 01 Dec 2025 11:32:48 PM PST ------
qdisc htb 1: root refcnt 33 r2q 10 default 0x10 direct_packets_stat 0 direct_qlen 1000
 Sent 25236940 bytes 20328 pkt (dropped 710, overlimits 20304 requeues 0) 
 backlog 2484b 2p requeues 0
qdisc dualpi2 2: parent 1:10 limit 15040000p target 1ms tupdate 16ms alpha 0.152344 beta 3.195312 l4s_ect coupling_factor 2 drop_on_overload step_thresh 1ms drop_dequeue split_gso classic_protection 10% 
 Sent 25236940 bytes 20328 pkt (dropped 710, overlimits 0 requeues 0) 
 backlog 2484b 2p requeues 0
prob 0.357282 delay_c 616us delay_l 0us
pkts_in_c 21040 pkts_in_l 0 maxq 27
ecn_mark 0 step_marks 0
credit -121120 (L)

------ Mon 01 Dec 2025 11:32:48 PM PST ------
qdisc htb 1: root refcnt 33 r2q 10 default 0x10 direct_packets_stat 0 direct_qlen 1000
 Sent 25277926 bytes 20361 pkt (dropped 710, overlimits 20337 requeues 0) 
 backlog 2484b 2p requeues 0
qdisc dualpi2 2: parent 1:10 limit 15040000p target 1ms tupdate 16ms alpha 0.152344 beta 3.195312 l4s_ect coupling_factor 2 drop_on_overload step_thresh 1ms drop_dequeue split_gso classic_protection 10% 
 Sent 25277926 bytes 20361 pkt (dropped 710, overlimits 0 requeues 0) 
 backlog 2484b 2p requeues 0
prob 0.360691 delay_c 1946us delay_l 0us
pkts_in_c 21073 pkts_in_l 0 maxq 27
ecn_mark 0 step_marks 0
credit -121120 (L)

------ Mon 01 Dec 2025 11:32:48 PM PST ------
qdisc htb 1: root refcnt 33 r2q 10 default 0x10 direct_packets_stat 0 direct_qlen 1000
 Sent 25318912 bytes 20394 pkt (dropped 711, overlimits 20370 requeues 0) 
 backlog 2484b 2p requeues 0
qdisc dualpi2 2: parent 1:10 limit 15040000p target 1ms tupdate 16ms alpha 0.152344 beta 3.195312 l4s_ect coupling_factor 2 drop_on_overload step_thresh 1ms drop_dequeue split_gso classic_protection 10% 
 Sent 25318912 bytes 20394 pkt (dropped 711, overlimits 0 requeues 0) 
 backlog 2484b 2p requeues 0
prob 0.357570 delay_c 1874us delay_l 0us
pkts_in_c 21107 pkts_in_l 0 maxq 27
ecn_mark 0 step_marks 0
credit -121120 (L)

------ Mon 01 Dec 2025 11:32:48 PM PST ------
qdisc htb 1: root refcnt 33 r2q 10 default 0x10 direct_packets_stat 0 direct_qlen 1000
 Sent 25358656 bytes 20426 pkt (dropped 712, overlimits 20402 requeues 0) 
 backlog 3726b 3p requeues 0
qdisc dualpi2 2: parent 1:10 limit 15040000p target 1ms tupdate 16ms alpha 0.152344 beta 3.195312 l4s_ect coupling_factor 2 drop_on_overload step_thresh 1ms drop_dequeue split_gso classic_protection 10% 
 Sent 25358656 bytes 20426 pkt (dropped 712, overlimits 0 requeues 0) 
 backlog 3726b 3p requeues 0
prob 0.364523 delay_c 1736us delay_l 0us
pkts_in_c 21141 pkts_in_l 0 maxq 27
ecn_mark 0 step_marks 0
credit -121120 (L)

------ Mon 01 Dec 2025 11:32:48 PM PST ------
qdisc htb 1: root refcnt 33 r2q 10 default 0x10 direct_packets_stat 0 direct_qlen 1000
 Sent 25402126 bytes 20461 pkt (dropped 714, overlimits 20437 requeues 0) 
 backlog 2484b 2p requeues 0
qdisc dualpi2 2: parent 1:10 limit 15040000p target 1ms tupdate 16ms alpha 0.152344 beta 3.195312 l4s_ect coupling_factor 2 drop_on_overload step_thresh 1ms drop_dequeue split_gso classic_protection 10% 
 Sent 25402126 bytes 20461 pkt (dropped 714, overlimits 0 requeues 0) 
 backlog 2484b 2p requeues 0
prob 0.361452 delay_c 1349us delay_l 0us
pkts_in_c 21177 pkts_in_l 0 maxq 27
ecn_mark 0 step_marks 0
credit -121120 (L)

------ Mon 01 Dec 2025 11:32:48 PM PST ------
qdisc htb 1: root refcnt 33 r2q 10 default 0x10 direct_packets_stat 0 direct_qlen 1000
 Sent 25443112 bytes 20494 pkt (dropped 715, overlimits 20470 requeues 0) 
 backlog 2484b 2p requeues 0
qdisc dualpi2 2: parent 1:10 limit 15040000p target 1ms tupdate 16ms alpha 0.152344 beta 3.195312 l4s_ect coupling_factor 2 drop_on_overload step_thresh 1ms drop_dequeue split_gso classic_protection 10% 
 Sent 25443112 bytes 20494 pkt (dropped 715, overlimits 0 requeues 0) 
 backlog 2484b 2p requeues 0
prob 0.361937 delay_c 1495us delay_l 0us
pkts_in_c 21211 pkts_in_l 0 maxq 27
ecn_mark 0 step_marks 0
credit -121120 (L)

------ Mon 01 Dec 2025 11:32:48 PM PST ------
qdisc htb 1: root refcnt 33 r2q 10 default 0x10 direct_packets_stat 0 direct_qlen 1000
 Sent 25485340 bytes 20528 pkt (dropped 716, overlimits 20504 requeues 0) 
 backlog 3726b 3p requeues 0
qdisc dualpi2 2: parent 1:10 limit 15040000p target 1ms tupdate 16ms alpha 0.152344 beta 3.195312 l4s_ect coupling_factor 2 drop_on_overload step_thresh 1ms drop_dequeue split_gso classic_protection 10% 
 Sent 25485340 bytes 20528 pkt (dropped 716, overlimits 0 requeues 0) 
 backlog 3726b 3p requeues 0
prob 0.362153 delay_c 2035us delay_l 0us
pkts_in_c 21247 pkts_in_l 0 maxq 27
ecn_mark 0 step_marks 0
credit -121120 (L)

------ Mon 01 Dec 2025 11:32:48 PM PST ------
qdisc htb 1: root refcnt 33 r2q 10 default 0x10 direct_packets_stat 0 direct_qlen 1000
 Sent 25526326 bytes 20561 pkt (dropped 717, overlimits 20537 requeues 0) 
 backlog 3726b 3p requeues 0
qdisc dualpi2 2: parent 1:10 limit 15040000p target 1ms tupdate 16ms alpha 0.152344 beta 3.195312 l4s_ect coupling_factor 2 drop_on_overload step_thresh 1ms drop_dequeue split_gso classic_protection 10% 
 Sent 25526326 bytes 20561 pkt (dropped 717, overlimits 0 requeues 0) 
 backlog 3726b 3p requeues 0
prob 0.362512 delay_c 1293us delay_l 0us
pkts_in_c 21281 pkts_in_l 0 maxq 27
ecn_mark 0 step_marks 0
credit -121120 (L)

------ Mon 01 Dec 2025 11:32:48 PM PST ------
qdisc htb 1: root refcnt 33 r2q 10 default 0x10 direct_packets_stat 0 direct_qlen 1000
 Sent 25568554 bytes 20595 pkt (dropped 718, overlimits 20571 requeues 0) 
 backlog 3726b 3p requeues 0
qdisc dualpi2 2: parent 1:10 limit 15040000p target 1ms tupdate 16ms alpha 0.152344 beta 3.195312 l4s_ect coupling_factor 2 drop_on_overload step_thresh 1ms drop_dequeue split_gso classic_protection 10% 
 Sent 25568554 bytes 20595 pkt (dropped 718, overlimits 0 requeues 0) 
 backlog 3726b 3p requeues 0
prob 0.362906 delay_c 1128us delay_l 0us
pkts_in_c 21316 pkts_in_l 0 maxq 27
ecn_mark 0 step_marks 0
credit -121120 (L)

------ Mon 01 Dec 2025 11:32:48 PM PST ------
qdisc htb 1: root refcnt 33 r2q 10 default 0x10 direct_packets_stat 0 direct_qlen 1000
 Sent 25610782 bytes 20629 pkt (dropped 719, overlimits 20605 requeues 0) 
 backlog 3726b 3p requeues 0
qdisc dualpi2 2: parent 1:10 limit 15040000p target 1ms tupdate 16ms alpha 0.152344 beta 3.195312 l4s_ect coupling_factor 2 drop_on_overload step_thresh 1ms drop_dequeue split_gso classic_protection 10% 
 Sent 25610782 bytes 20629 pkt (dropped 719, overlimits 0 requeues 0) 
 backlog 3726b 3p requeues 0
prob 0.363379 delay_c 1521us delay_l 0us
pkts_in_c 21351 pkts_in_l 0 maxq 27
ecn_mark 0 step_marks 0
credit -121120 (L)

------ Mon 01 Dec 2025 11:32:48 PM PST ------
qdisc htb 1: root refcnt 33 r2q 10 default 0x10 direct_packets_stat 0 direct_qlen 1000
 Sent 25654252 bytes 20664 pkt (dropped 720, overlimits 20640 requeues 0) 
 backlog 3726b 3p requeues 0
qdisc dualpi2 2: parent 1:10 limit 15040000p target 1ms tupdate 16ms alpha 0.152344 beta 3.195312 l4s_ect coupling_factor 2 drop_on_overload step_thresh 1ms drop_dequeue split_gso classic_protection 10% 
 Sent 25654252 bytes 20664 pkt (dropped 720, overlimits 0 requeues 0) 
 backlog 3726b 3p requeues 0
prob 0.363602 delay_c 2385us delay_l 0us
pkts_in_c 21387 pkts_in_l 0 maxq 27
ecn_mark 0 step_marks 0
credit -121120 (L)

------ Mon 01 Dec 2025 11:32:48 PM PST ------
qdisc htb 1: root refcnt 33 r2q 10 default 0x10 direct_packets_stat 0 direct_qlen 1000
 Sent 25696480 bytes 20698 pkt (dropped 722, overlimits 20674 requeues 0) 
 backlog 2484b 2p requeues 0
qdisc dualpi2 2: parent 1:10 limit 15040000p target 1ms tupdate 16ms alpha 0.152344 beta 3.195312 l4s_ect coupling_factor 2 drop_on_overload step_thresh 1ms drop_dequeue split_gso classic_protection 10% 
 Sent 25696480 bytes 20698 pkt (dropped 722, overlimits 0 requeues 0) 
 backlog 2484b 2p requeues 0
prob 0.360634 delay_c 1639us delay_l 0us
pkts_in_c 21422 pkts_in_l 0 maxq 27
ecn_mark 0 step_marks 0
credit -121120 (L)

------ Mon 01 Dec 2025 11:32:48 PM PST ------
qdisc htb 1: root refcnt 33 r2q 10 default 0x10 direct_packets_stat 0 direct_qlen 1000
 Sent 25738708 bytes 20732 pkt (dropped 723, overlimits 20708 requeues 0) 
 backlog 3726b 3p requeues 0
qdisc dualpi2 2: parent 1:10 limit 15040000p target 1ms tupdate 16ms alpha 0.152344 beta 3.195312 l4s_ect coupling_factor 2 drop_on_overload step_thresh 1ms drop_dequeue split_gso classic_protection 10% 
 Sent 25738708 bytes 20732 pkt (dropped 723, overlimits 0 requeues 0) 
 backlog 3726b 3p requeues 0
prob 0.360823 delay_c 2381us delay_l 0us
pkts_in_c 21458 pkts_in_l 0 maxq 27
ecn_mark 0 step_marks 0
credit -121120 (L)

------ Mon 01 Dec 2025 11:32:48 PM PST ------
qdisc htb 1: root refcnt 33 r2q 10 default 0x10 direct_packets_stat 0 direct_qlen 1000
 Sent 25783420 bytes 20768 pkt (dropped 724, overlimits 20744 requeues 0) 
 backlog 3726b 3p requeues 0
qdisc dualpi2 2: parent 1:10 limit 15040000p target 1ms tupdate 16ms alpha 0.152344 beta 3.195312 l4s_ect coupling_factor 2 drop_on_overload step_thresh 1ms drop_dequeue split_gso classic_protection 10% 
 Sent 25783420 bytes 20768 pkt (dropped 724, overlimits 0 requeues 0) 
 backlog 3726b 3p requeues 0
prob 0.364508 delay_c 1396us delay_l 0us
pkts_in_c 21495 pkts_in_l 0 maxq 27
ecn_mark 0 step_marks 0
credit -121120 (L)

------ Mon 01 Dec 2025 11:32:49 PM PST ------
qdisc htb 1: root refcnt 33 r2q 10 default 0x10 direct_packets_stat 0 direct_qlen 1000
 Sent 25824406 bytes 20801 pkt (dropped 725, overlimits 20777 requeues 0) 
 backlog 4968b 4p requeues 0
qdisc dualpi2 2: parent 1:10 limit 15040000p target 1ms tupdate 16ms alpha 0.152344 beta 3.195312 l4s_ect coupling_factor 2 drop_on_overload step_thresh 1ms drop_dequeue split_gso classic_protection 10% 
 Sent 25824406 bytes 20801 pkt (dropped 725, overlimits 0 requeues 0) 
 backlog 4968b 4p requeues 0
prob 0.364746 delay_c 2416us delay_l 0us
pkts_in_c 21530 pkts_in_l 0 maxq 27
ecn_mark 0 step_marks 0
credit -121120 (L)

------ Mon 01 Dec 2025 11:32:49 PM PST ------
qdisc htb 1: root refcnt 33 r2q 10 default 0x10 direct_packets_stat 0 direct_qlen 1000
 Sent 25867876 bytes 20836 pkt (dropped 727, overlimits 20812 requeues 0) 
 backlog 3726b 3p requeues 0
qdisc dualpi2 2: parent 1:10 limit 15040000p target 1ms tupdate 16ms alpha 0.152344 beta 3.195312 l4s_ect coupling_factor 2 drop_on_overload step_thresh 1ms drop_dequeue split_gso classic_protection 10% 
 Sent 25867876 bytes 20836 pkt (dropped 727, overlimits 0 requeues 0) 
 backlog 3726b 3p requeues 0
prob 0.361659 delay_c 1129us delay_l 0us
pkts_in_c 21566 pkts_in_l 0 maxq 27
ecn_mark 0 step_marks 0
credit -121120 (L)

------ Mon 01 Dec 2025 11:32:49 PM PST ------
qdisc htb 1: root refcnt 33 r2q 10 default 0x10 direct_packets_stat 0 direct_qlen 1000
 Sent 25910104 bytes 20870 pkt (dropped 728, overlimits 20846 requeues 0) 
 backlog 3726b 3p requeues 0
qdisc dualpi2 2: parent 1:10 limit 15040000p target 1ms tupdate 16ms alpha 0.152344 beta 3.195312 l4s_ect coupling_factor 2 drop_on_overload step_thresh 1ms drop_dequeue split_gso classic_protection 10% 
 Sent 25910104 bytes 20870 pkt (dropped 728, overlimits 0 requeues 0) 
 backlog 3726b 3p requeues 0
prob 0.365124 delay_c 1299us delay_l 0us
pkts_in_c 21601 pkts_in_l 0 maxq 27
ecn_mark 0 step_marks 0
credit -121120 (L)

------ Mon 01 Dec 2025 11:32:49 PM PST ------
qdisc htb 1: root refcnt 33 r2q 10 default 0x10 direct_packets_stat 0 direct_qlen 1000
 Sent 25952332 bytes 20904 pkt (dropped 730, overlimits 20880 requeues 0) 
 backlog 2484b 2p requeues 0
qdisc dualpi2 2: parent 1:10 limit 15040000p target 1ms tupdate 16ms alpha 0.152344 beta 3.195312 l4s_ect coupling_factor 2 drop_on_overload step_thresh 1ms drop_dequeue split_gso classic_protection 10% 
 Sent 25952332 bytes 20904 pkt (dropped 730, overlimits 0 requeues 0) 
 backlog 2484b 2p requeues 0
prob 0.362199 delay_c 1433us delay_l 0us
pkts_in_c 21636 pkts_in_l 0 maxq 27
ecn_mark 0 step_marks 0
credit -121120 (L)

------ Mon 01 Dec 2025 11:32:49 PM PST ------
qdisc htb 1: root refcnt 33 r2q 10 default 0x10 direct_packets_stat 0 direct_qlen 1000
 Sent 25994560 bytes 20938 pkt (dropped 731, overlimits 20914 requeues 0) 
 backlog 2484b 2p requeues 0
qdisc dualpi2 2: parent 1:10 limit 15040000p target 1ms tupdate 16ms alpha 0.152344 beta 3.195312 l4s_ect coupling_factor 2 drop_on_overload step_thresh 1ms drop_dequeue split_gso classic_protection 10% 
 Sent 25994560 bytes 20938 pkt (dropped 731, overlimits 0 requeues 0) 
 backlog 2484b 2p requeues 0
prob 0.362190 delay_c 1606us delay_l 0us
pkts_in_c 21671 pkts_in_l 0 maxq 27
ecn_mark 0 step_marks 0
credit -121120 (L)

------ Mon 01 Dec 2025 11:32:49 PM PST ------
qdisc htb 1: root refcnt 33 r2q 10 default 0x10 direct_packets_stat 0 direct_qlen 1000
 Sent 26035546 bytes 20971 pkt (dropped 732, overlimits 20947 requeues 0) 
 backlog 2484b 2p requeues 0
qdisc dualpi2 2: parent 1:10 limit 15040000p target 1ms tupdate 16ms alpha 0.152344 beta 3.195312 l4s_ect coupling_factor 2 drop_on_overload step_thresh 1ms drop_dequeue split_gso classic_protection 10% 
 Sent 26035546 bytes 20971 pkt (dropped 732, overlimits 0 requeues 0) 
 backlog 2484b 2p requeues 0
prob 0.362396 delay_c 800us delay_l 0us
pkts_in_c 21705 pkts_in_l 0 maxq 27
ecn_mark 0 step_marks 0
credit -121120 (L)

------ Mon 01 Dec 2025 11:32:49 PM PST ------
qdisc htb 1: root refcnt 33 r2q 10 default 0x10 direct_packets_stat 0 direct_qlen 1000
 Sent 26076532 bytes 21004 pkt (dropped 733, overlimits 20980 requeues 0) 
 backlog 3726b 3p requeues 0
qdisc dualpi2 2: parent 1:10 limit 15040000p target 1ms tupdate 16ms alpha 0.152344 beta 3.195312 l4s_ect coupling_factor 2 drop_on_overload step_thresh 1ms drop_dequeue split_gso classic_protection 10% 
 Sent 26076532 bytes 21004 pkt (dropped 733, overlimits 0 requeues 0) 
 backlog 3726b 3p requeues 0
prob 0.365841 delay_c 1337us delay_l 0us
pkts_in_c 21740 pkts_in_l 0 maxq 27
ecn_mark 0 step_marks 0
credit -121120 (L)

------ Mon 01 Dec 2025 11:32:49 PM PST ------
qdisc htb 1: root refcnt 33 r2q 10 default 0x10 direct_packets_stat 0 direct_qlen 1000
 Sent 26118760 bytes 21038 pkt (dropped 734, overlimits 21014 requeues 0) 
 backlog 3726b 3p requeues 0
qdisc dualpi2 2: parent 1:10 limit 15040000p target 1ms tupdate 16ms alpha 0.152344 beta 3.195312 l4s_ect coupling_factor 2 drop_on_overload step_thresh 1ms drop_dequeue split_gso classic_protection 10% 
 Sent 26118760 bytes 21038 pkt (dropped 734, overlimits 0 requeues 0) 
 backlog 3726b 3p requeues 0
prob 0.362749 delay_c 1150us delay_l 0us
pkts_in_c 21775 pkts_in_l 0 maxq 27
ecn_mark 0 step_marks 0
credit -121120 (L)

------ Mon 01 Dec 2025 11:32:49 PM PST ------
qdisc htb 1: root refcnt 33 r2q 10 default 0x10 direct_packets_stat 0 direct_qlen 1000
 Sent 26159746 bytes 21071 pkt (dropped 735, overlimits 21047 requeues 0) 
 backlog 2484b 2p requeues 0
qdisc dualpi2 2: parent 1:10 limit 15040000p target 1ms tupdate 16ms alpha 0.152344 beta 3.195312 l4s_ect coupling_factor 2 drop_on_overload step_thresh 1ms drop_dequeue split_gso classic_protection 10% 
 Sent 26159746 bytes 21071 pkt (dropped 735, overlimits 0 requeues 0) 
 backlog 2484b 2p requeues 0
prob 0.366155 delay_c 1286us delay_l 0us
pkts_in_c 21808 pkts_in_l 0 maxq 27
ecn_mark 0 step_marks 0
credit -121120 (L)

------ Mon 01 Dec 2025 11:32:49 PM PST ------
qdisc htb 1: root refcnt 33 r2q 10 default 0x10 direct_packets_stat 0 direct_qlen 1000
 Sent 26199490 bytes 21103 pkt (dropped 736, overlimits 21079 requeues 0) 
 backlog 2484b 2p requeues 0
qdisc dualpi2 2: parent 1:10 limit 15040000p target 1ms tupdate 16ms alpha 0.152344 beta 3.195312 l4s_ect coupling_factor 2 drop_on_overload step_thresh 1ms drop_dequeue split_gso classic_protection 10% 
 Sent 26199490 bytes 21103 pkt (dropped 736, overlimits 0 requeues 0) 
 backlog 2484b 2p requeues 0
prob 0.363145 delay_c 1807us delay_l 0us
pkts_in_c 21841 pkts_in_l 0 maxq 27
ecn_mark 0 step_marks 0
credit -121120 (L)

------ Mon 01 Dec 2025 11:32:49 PM PST ------
qdisc htb 1: root refcnt 33 r2q 10 default 0x10 direct_packets_stat 0 direct_qlen 1000
 Sent 26240476 bytes 21136 pkt (dropped 738, overlimits 21111 requeues 0) 
 backlog 2484b 2p requeues 0
qdisc dualpi2 2: parent 1:10 limit 15040000p target 1ms tupdate 16ms alpha 0.152344 beta 3.195312 l4s_ect coupling_factor 2 drop_on_overload step_thresh 1ms drop_dequeue split_gso classic_protection 10% 
 Sent 26240476 bytes 21136 pkt (dropped 738, overlimits 0 requeues 0) 
 backlog 2484b 2p requeues 0
prob 0.363404 delay_c 1584us delay_l 0us
pkts_in_c 21876 pkts_in_l 0 maxq 27
ecn_mark 0 step_marks 0
credit -121120 (L)

------ Mon 01 Dec 2025 11:32:49 PM PST ------
qdisc htb 1: root refcnt 33 r2q 10 default 0x10 direct_packets_stat 0 direct_qlen 1000
 Sent 26282704 bytes 21170 pkt (dropped 739, overlimits 21145 requeues 0) 
 backlog 2484b 2p requeues 0
qdisc dualpi2 2: parent 1:10 limit 15040000p target 1ms tupdate 16ms alpha 0.152344 beta 3.195312 l4s_ect coupling_factor 2 drop_on_overload step_thresh 1ms drop_dequeue split_gso classic_protection 10% 
 Sent 26282704 bytes 21170 pkt (dropped 739, overlimits 0 requeues 0) 
 backlog 2484b 2p requeues 0
prob 0.363555 delay_c 1456us delay_l 0us
pkts_in_c 21911 pkts_in_l 0 maxq 27
ecn_mark 0 step_marks 0
credit -121120 (L)

------ Mon 01 Dec 2025 11:32:49 PM PST ------
qdisc htb 1: root refcnt 33 r2q 10 default 0x10 direct_packets_stat 0 direct_qlen 1000
 Sent 26322448 bytes 21202 pkt (dropped 739, overlimits 21177 requeues 0) 
 backlog 2484b 2p requeues 0
qdisc dualpi2 2: parent 1:10 limit 15040000p target 1ms tupdate 16ms alpha 0.152344 beta 3.195312 l4s_ect coupling_factor 2 drop_on_overload step_thresh 1ms drop_dequeue split_gso classic_protection 10% 
 Sent 26322448 bytes 21202 pkt (dropped 739, overlimits 0 requeues 0) 
 backlog 2484b 2p requeues 0
prob 0.363619 delay_c 1874us delay_l 0us
pkts_in_c 21943 pkts_in_l 0 maxq 27
ecn_mark 0 step_marks 0
credit -121120 (L)

------ Mon 01 Dec 2025 11:32:49 PM PST ------
qdisc htb 1: root refcnt 33 r2q 10 default 0x10 direct_packets_stat 0 direct_qlen 1000
 Sent 26360950 bytes 21233 pkt (dropped 740, overlimits 21208 requeues 0) 
 backlog 4968b 4p requeues 0
qdisc dualpi2 2: parent 1:10 limit 15040000p target 1ms tupdate 16ms alpha 0.152344 beta 3.195312 l4s_ect coupling_factor 2 drop_on_overload step_thresh 1ms drop_dequeue split_gso classic_protection 10% 
 Sent 26360950 bytes 21233 pkt (dropped 740, overlimits 0 requeues 0) 
 backlog 4968b 4p requeues 0
prob 0.370619 delay_c 2172us delay_l 0us
pkts_in_c 21977 pkts_in_l 0 maxq 27
ecn_mark 0 step_marks 0
credit -121120 (L)

------ Mon 01 Dec 2025 11:32:49 PM PST ------
qdisc htb 1: root refcnt 33 r2q 10 default 0x10 direct_packets_stat 0 direct_qlen 1000
 Sent 26403178 bytes 21267 pkt (dropped 741, overlimits 21242 requeues 0) 
 backlog 3726b 3p requeues 0
qdisc dualpi2 2: parent 1:10 limit 15040000p target 1ms tupdate 16ms alpha 0.152344 beta 3.195312 l4s_ect coupling_factor 2 drop_on_overload step_thresh 1ms drop_dequeue split_gso classic_protection 10% 
 Sent 26403178 bytes 21267 pkt (dropped 741, overlimits 0 requeues 0) 
 backlog 3726b 3p requeues 0
prob 0.367639 delay_c 1962us delay_l 0us
pkts_in_c 22011 pkts_in_l 0 maxq 27
ecn_mark 0 step_marks 0
credit -121120 (L)

------ Mon 01 Dec 2025 11:32:49 PM PST ------
qdisc htb 1: root refcnt 33 r2q 10 default 0x10 direct_packets_stat 0 direct_qlen 1000
 Sent 26442922 bytes 21299 pkt (dropped 743, overlimits 21274 requeues 0) 
 backlog 3726b 3p requeues 0
qdisc dualpi2 2: parent 1:10 limit 15040000p target 1ms tupdate 16ms alpha 0.152344 beta 3.195312 l4s_ect coupling_factor 2 drop_on_overload step_thresh 1ms drop_dequeue split_gso classic_protection 10% 
 Sent 26442922 bytes 21299 pkt (dropped 743, overlimits 0 requeues 0) 
 backlog 3726b 3p requeues 0
prob 0.367920 delay_c 1660us delay_l 0us
pkts_in_c 22045 pkts_in_l 0 maxq 27
ecn_mark 0 step_marks 0
credit -121120 (L)

------ Mon 01 Dec 2025 11:32:49 PM PST ------
qdisc htb 1: root refcnt 33 r2q 10 default 0x10 direct_packets_stat 0 direct_qlen 1000
 Sent 26483908 bytes 21332 pkt (dropped 744, overlimits 21307 requeues 0) 
 backlog 4968b 4p requeues 0
qdisc dualpi2 2: parent 1:10 limit 15040000p target 1ms tupdate 16ms alpha 0.152344 beta 3.195312 l4s_ect coupling_factor 2 drop_on_overload step_thresh 1ms drop_dequeue split_gso classic_protection 10% 
 Sent 26483908 bytes 21332 pkt (dropped 744, overlimits 0 requeues 0) 
 backlog 4968b 4p requeues 0
prob 0.368204 delay_c 2107us delay_l 0us
pkts_in_c 22080 pkts_in_l 0 maxq 27
ecn_mark 0 step_marks 0
credit -121120 (L)

------ Mon 01 Dec 2025 11:32:49 PM PST ------
qdisc htb 1: root refcnt 33 r2q 10 default 0x10 direct_packets_stat 0 direct_qlen 1000
 Sent 26523652 bytes 21364 pkt (dropped 745, overlimits 21339 requeues 0) 
 backlog 3726b 3p requeues 0
qdisc dualpi2 2: parent 1:10 limit 15040000p target 1ms tupdate 16ms alpha 0.152344 beta 3.195312 l4s_ect coupling_factor 2 drop_on_overload step_thresh 1ms drop_dequeue split_gso classic_protection 10% 
 Sent 26523652 bytes 21364 pkt (dropped 745, overlimits 0 requeues 0) 
 backlog 3726b 3p requeues 0
prob 0.365174 delay_c 1996us delay_l 0us
pkts_in_c 22112 pkts_in_l 0 maxq 27
ecn_mark 0 step_marks 0
credit -121120 (L)

------ Mon 01 Dec 2025 11:32:49 PM PST ------
qdisc htb 1: root refcnt 33 r2q 10 default 0x10 direct_packets_stat 0 direct_qlen 1000
 Sent 26564638 bytes 21397 pkt (dropped 746, overlimits 21372 requeues 0) 
 backlog 3726b 3p requeues 0
qdisc dualpi2 2: parent 1:10 limit 15040000p target 1ms tupdate 16ms alpha 0.152344 beta 3.195312 l4s_ect coupling_factor 2 drop_on_overload step_thresh 1ms drop_dequeue split_gso classic_protection 10% 
 Sent 26564638 bytes 21397 pkt (dropped 746, overlimits 0 requeues 0) 
 backlog 3726b 3p requeues 0
prob 0.365183 delay_c 1614us delay_l 0us
pkts_in_c 22146 pkts_in_l 0 maxq 27
ecn_mark 0 step_marks 0
credit -121120 (L)

------ Mon 01 Dec 2025 11:32:49 PM PST ------
qdisc htb 1: root refcnt 33 r2q 10 default 0x10 direct_packets_stat 0 direct_qlen 1000
 Sent 26605624 bytes 21430 pkt (dropped 748, overlimits 21405 requeues 0) 
 backlog 2484b 2p requeues 0
qdisc dualpi2 2: parent 1:10 limit 15040000p target 1ms tupdate 16ms alpha 0.152344 beta 3.195312 l4s_ect coupling_factor 2 drop_on_overload step_thresh 1ms drop_dequeue split_gso classic_protection 10% 
 Sent 26605624 bytes 21430 pkt (dropped 748, overlimits 0 requeues 0) 
 backlog 2484b 2p requeues 0
prob 0.368843 delay_c 569us delay_l 0us
pkts_in_c 22180 pkts_in_l 0 maxq 27
ecn_mark 0 step_marks 0
credit -121120 (L)

------ Mon 01 Dec 2025 11:32:49 PM PST ------
qdisc htb 1: root refcnt 33 r2q 10 default 0x10 direct_packets_stat 0 direct_qlen 1000
 Sent 26645368 bytes 21462 pkt (dropped 749, overlimits 21437 requeues 0) 
 backlog 2484b 2p requeues 0
qdisc dualpi2 2: parent 1:10 limit 15040000p target 1ms tupdate 16ms alpha 0.152344 beta 3.195312 l4s_ect coupling_factor 2 drop_on_overload step_thresh 1ms drop_dequeue split_gso classic_protection 10% 
 Sent 26645368 bytes 21462 pkt (dropped 749, overlimits 0 requeues 0) 
 backlog 2484b 2p requeues 0
prob 0.365806 delay_c 1309us delay_l 0us
pkts_in_c 22213 pkts_in_l 0 maxq 27
ecn_mark 0 step_marks 0
credit -121120 (L)

------ Mon 01 Dec 2025 11:32:49 PM PST ------
qdisc htb 1: root refcnt 33 r2q 10 default 0x10 direct_packets_stat 0 direct_qlen 1000
 Sent 26683870 bytes 21493 pkt (dropped 750, overlimits 21468 requeues 0) 
 backlog 3726b 3p requeues 0
qdisc dualpi2 2: parent 1:10 limit 15040000p target 1ms tupdate 16ms alpha 0.152344 beta 3.195312 l4s_ect coupling_factor 2 drop_on_overload step_thresh 1ms drop_dequeue split_gso classic_protection 10% 
 Sent 26683870 bytes 21493 pkt (dropped 750, overlimits 0 requeues 0) 
 backlog 3726b 3p requeues 0
prob 0.369321 delay_c 1339us delay_l 0us
pkts_in_c 22246 pkts_in_l 0 maxq 27
ecn_mark 0 step_marks 0
credit -121120 (L)

------ Mon 01 Dec 2025 11:32:49 PM PST ------
qdisc htb 1: root refcnt 33 r2q 10 default 0x10 direct_packets_stat 0 direct_qlen 1000
 Sent 26724856 bytes 21526 pkt (dropped 751, overlimits 21501 requeues 0) 
 backlog 3726b 3p requeues 0
qdisc dualpi2 2: parent 1:10 limit 15040000p target 1ms tupdate 16ms alpha 0.152344 beta 3.195312 l4s_ect coupling_factor 2 drop_on_overload step_thresh 1ms drop_dequeue split_gso classic_protection 10% 
 Sent 26724856 bytes 21526 pkt (dropped 751, overlimits 0 requeues 0) 
 backlog 3726b 3p requeues 0
prob 0.366155 delay_c 1661us delay_l 0us
pkts_in_c 22280 pkts_in_l 0 maxq 27
ecn_mark 0 step_marks 0
credit -121120 (L)

------ Mon 01 Dec 2025 11:32:49 PM PST ------
qdisc htb 1: root refcnt 33 r2q 10 default 0x10 direct_packets_stat 0 direct_qlen 1000
 Sent 26764600 bytes 21558 pkt (dropped 752, overlimits 21533 requeues 0) 
 backlog 3726b 3p requeues 0
qdisc dualpi2 2: parent 1:10 limit 15040000p target 1ms tupdate 16ms alpha 0.152344 beta 3.195312 l4s_ect coupling_factor 2 drop_on_overload step_thresh 1ms drop_dequeue split_gso classic_protection 10% 
 Sent 26764600 bytes 21558 pkt (dropped 752, overlimits 0 requeues 0) 
 backlog 3726b 3p requeues 0
prob 0.366444 delay_c 2178us delay_l 0us
pkts_in_c 22313 pkts_in_l 0 maxq 27
ecn_mark 0 step_marks 0
credit -121120 (L)

------ Mon 01 Dec 2025 11:32:49 PM PST ------
qdisc htb 1: root refcnt 33 r2q 10 default 0x10 direct_packets_stat 0 direct_qlen 1000
 Sent 26806828 bytes 21592 pkt (dropped 753, overlimits 21567 requeues 0) 
 backlog 2484b 2p requeues 0
qdisc dualpi2 2: parent 1:10 limit 15040000p target 1ms tupdate 16ms alpha 0.152344 beta 3.195312 l4s_ect coupling_factor 2 drop_on_overload step_thresh 1ms drop_dequeue split_gso classic_protection 10% 
 Sent 26806828 bytes 21592 pkt (dropped 753, overlimits 0 requeues 0) 
 backlog 2484b 2p requeues 0
prob 0.366515 delay_c 1768us delay_l 0us
pkts_in_c 22347 pkts_in_l 0 maxq 27
ecn_mark 0 step_marks 0
credit -121120 (L)

------ Mon 01 Dec 2025 11:32:49 PM PST ------
qdisc htb 1: root refcnt 33 r2q 10 default 0x10 direct_packets_stat 0 direct_qlen 1000
 Sent 26846572 bytes 21624 pkt (dropped 755, overlimits 21599 requeues 0) 
 backlog 2484b 2p requeues 0
qdisc dualpi2 2: parent 1:10 limit 15040000p target 1ms tupdate 16ms alpha 0.152344 beta 3.195312 l4s_ect coupling_factor 2 drop_on_overload step_thresh 1ms drop_dequeue split_gso classic_protection 10% 
 Sent 26846572 bytes 21624 pkt (dropped 755, overlimits 0 requeues 0) 
 backlog 2484b 2p requeues 0
prob 0.366827 delay_c 1407us delay_l 0us
pkts_in_c 22381 pkts_in_l 0 maxq 27
ecn_mark 0 step_marks 0
credit -121120 (L)

------ Mon 01 Dec 2025 11:32:49 PM PST ------
qdisc htb 1: root refcnt 33 r2q 10 default 0x10 direct_packets_stat 0 direct_qlen 1000
 Sent 26887558 bytes 21657 pkt (dropped 756, overlimits 21632 requeues 0) 
 backlog 2484b 2p requeues 0
qdisc dualpi2 2: parent 1:10 limit 15040000p target 1ms tupdate 16ms alpha 0.152344 beta 3.195312 l4s_ect coupling_factor 2 drop_on_overload step_thresh 1ms drop_dequeue split_gso classic_protection 10% 
 Sent 26887558 bytes 21657 pkt (dropped 756, overlimits 0 requeues 0) 
 backlog 2484b 2p requeues 0
prob 0.370319 delay_c 939us delay_l 0us
pkts_in_c 22415 pkts_in_l 0 maxq 27
ecn_mark 0 step_marks 0
credit -121120 (L)

------ Mon 01 Dec 2025 11:32:49 PM PST ------
qdisc htb 1: root refcnt 33 r2q 10 default 0x10 direct_packets_stat 0 direct_qlen 1000
 Sent 26928544 bytes 21690 pkt (dropped 757, overlimits 21665 requeues 0) 
 backlog 3726b 3p requeues 0
qdisc dualpi2 2: parent 1:10 limit 15040000p target 1ms tupdate 16ms alpha 0.152344 beta 3.195312 l4s_ect coupling_factor 2 drop_on_overload step_thresh 1ms drop_dequeue split_gso classic_protection 10% 
 Sent 26928544 bytes 21690 pkt (dropped 757, overlimits 0 requeues 0) 
 backlog 3726b 3p requeues 0
prob 0.367238 delay_c 1300us delay_l 0us
pkts_in_c 22450 pkts_in_l 0 maxq 27
ecn_mark 0 step_marks 0
credit -121120 (L)

------ Mon 01 Dec 2025 11:32:49 PM PST ------
qdisc htb 1: root refcnt 33 r2q 10 default 0x10 direct_packets_stat 0 direct_qlen 1000
 Sent 26969530 bytes 21723 pkt (dropped 757, overlimits 21698 requeues 0) 
 backlog 3726b 3p requeues 0
qdisc dualpi2 2: parent 1:10 limit 15040000p target 1ms tupdate 16ms alpha 0.152344 beta 3.195312 l4s_ect coupling_factor 2 drop_on_overload step_thresh 1ms drop_dequeue split_gso classic_protection 10% 
 Sent 26969530 bytes 21723 pkt (dropped 757, overlimits 0 requeues 0) 
 backlog 3726b 3p requeues 0
prob 0.370722 delay_c 2189us delay_l 0us
pkts_in_c 22483 pkts_in_l 0 maxq 27
ecn_mark 0 step_marks 0
credit -121120 (L)

------ Mon 01 Dec 2025 11:32:49 PM PST ------
qdisc htb 1: root refcnt 33 r2q 10 default 0x10 direct_packets_stat 0 direct_qlen 1000
 Sent 27010516 bytes 21756 pkt (dropped 759, overlimits 21731 requeues 0) 
 backlog 3726b 3p requeues 0
qdisc dualpi2 2: parent 1:10 limit 15040000p target 1ms tupdate 16ms alpha 0.152344 beta 3.195312 l4s_ect coupling_factor 2 drop_on_overload step_thresh 1ms drop_dequeue split_gso classic_protection 10% 
 Sent 27010516 bytes 21756 pkt (dropped 759, overlimits 0 requeues 0) 
 backlog 3726b 3p requeues 0
prob 0.367653 delay_c 2211us delay_l 0us
pkts_in_c 22518 pkts_in_l 0 maxq 27
ecn_mark 0 step_marks 0
credit -121120 (L)

------ Mon 01 Dec 2025 11:32:49 PM PST ------
qdisc htb 1: root refcnt 33 r2q 10 default 0x10 direct_packets_stat 0 direct_qlen 1000
 Sent 27053986 bytes 21791 pkt (dropped 760, overlimits 21766 requeues 0) 
 backlog 2484b 2p requeues 0
qdisc dualpi2 2: parent 1:10 limit 15040000p target 1ms tupdate 16ms alpha 0.152344 beta 3.195312 l4s_ect coupling_factor 2 drop_on_overload step_thresh 1ms drop_dequeue split_gso classic_protection 10% 
 Sent 27053986 bytes 21791 pkt (dropped 760, overlimits 0 requeues 0) 
 backlog 2484b 2p requeues 0
prob 0.368000 delay_c 1547us delay_l 0us
pkts_in_c 22553 pkts_in_l 0 maxq 27
ecn_mark 0 step_marks 0
credit -121120 (L)

------ Mon 01 Dec 2025 11:32:49 PM PST ------
qdisc htb 1: root refcnt 33 r2q 10 default 0x10 direct_packets_stat 0 direct_qlen 1000
 Sent 27096214 bytes 21825 pkt (dropped 762, overlimits 21800 requeues 0) 
 backlog 1242b 1p requeues 0
qdisc dualpi2 2: parent 1:10 limit 15040000p target 1ms tupdate 16ms alpha 0.152344 beta 3.195312 l4s_ect coupling_factor 2 drop_on_overload step_thresh 1ms drop_dequeue split_gso classic_protection 10% 
 Sent 27096214 bytes 21825 pkt (dropped 762, overlimits 0 requeues 0) 
 backlog 1242b 1p requeues 0
prob 0.368120 delay_c 710us delay_l 0us
pkts_in_c 22588 pkts_in_l 0 maxq 27
ecn_mark 0 step_marks 0
credit -121120 (L)

------ Mon 01 Dec 2025 11:32:49 PM PST ------
qdisc htb 1: root refcnt 33 r2q 10 default 0x10 direct_packets_stat 0 direct_qlen 1000
 Sent 27138442 bytes 21859 pkt (dropped 762, overlimits 21834 requeues 0) 
 backlog 4968b 4p requeues 0
qdisc dualpi2 2: parent 1:10 limit 15040000p target 1ms tupdate 16ms alpha 0.152344 beta 3.195312 l4s_ect coupling_factor 2 drop_on_overload step_thresh 1ms drop_dequeue split_gso classic_protection 10% 
 Sent 27139684 bytes 21860 pkt (dropped 762, overlimits 0 requeues 0) 
 backlog 3726b 4p requeues 0
prob 0.368249 delay_c 2553us delay_l 0us
pkts_in_c 22625 pkts_in_l 0 maxq 27
ecn_mark 0 step_marks 0
credit -121120 (L)

------ Mon 01 Dec 2025 11:32:49 PM PST ------
qdisc htb 1: root refcnt 33 r2q 10 default 0x10 direct_packets_stat 0 direct_qlen 1000
 Sent 27180670 bytes 21893 pkt (dropped 763, overlimits 21868 requeues 0) 
 backlog 4968b 4p requeues 0
qdisc dualpi2 2: parent 1:10 limit 15040000p target 1ms tupdate 16ms alpha 0.152344 beta 3.195312 l4s_ect coupling_factor 2 drop_on_overload step_thresh 1ms drop_dequeue split_gso classic_protection 10% 
 Sent 27180670 bytes 21893 pkt (dropped 763, overlimits 0 requeues 0) 
 backlog 4968b 4p requeues 0
prob 0.371888 delay_c 2524us delay_l 0us
pkts_in_c 22660 pkts_in_l 0 maxq 27
ecn_mark 0 step_marks 0
credit -121120 (L)

------ Mon 01 Dec 2025 11:32:49 PM PST ------
qdisc htb 1: root refcnt 33 r2q 10 default 0x10 direct_packets_stat 0 direct_qlen 1000
 Sent 27224140 bytes 21928 pkt (dropped 766, overlimits 21903 requeues 0) 
 backlog 2484b 2p requeues 0
qdisc dualpi2 2: parent 1:10 limit 15040000p target 1ms tupdate 16ms alpha 0.152344 beta 3.195312 l4s_ect coupling_factor 2 drop_on_overload step_thresh 1ms drop_dequeue split_gso classic_protection 10% 
 Sent 27224140 bytes 21928 pkt (dropped 766, overlimits 0 requeues 0) 
 backlog 2484b 2p requeues 0
prob 0.368821 delay_c 1357us delay_l 0us
pkts_in_c 22696 pkts_in_l 0 maxq 27
ecn_mark 0 step_marks 0
credit -121120 (L)

------ Mon 01 Dec 2025 11:32:49 PM PST ------
qdisc htb 1: root refcnt 33 r2q 10 default 0x10 direct_packets_stat 0 direct_qlen 1000
 Sent 27267610 bytes 21963 pkt (dropped 767, overlimits 21938 requeues 0) 
 backlog 1242b 1p requeues 0
qdisc dualpi2 2: parent 1:10 limit 15040000p target 1ms tupdate 16ms alpha 0.152344 beta 3.195312 l4s_ect coupling_factor 2 drop_on_overload step_thresh 1ms drop_dequeue split_gso classic_protection 10% 
 Sent 27267610 bytes 21963 pkt (dropped 767, overlimits 0 requeues 0) 
 backlog 1242b 1p requeues 0
prob 0.365621 delay_c 962us delay_l 0us
pkts_in_c 22731 pkts_in_l 0 maxq 27
ecn_mark 0 step_marks 0
credit -121120 (L)

------ Mon 01 Dec 2025 11:32:49 PM PST ------
qdisc htb 1: root refcnt 33 r2q 10 default 0x10 direct_packets_stat 0 direct_qlen 1000
 Sent 27309838 bytes 21997 pkt (dropped 768, overlimits 21972 requeues 0) 
 backlog 2484b 2p requeues 0
qdisc dualpi2 2: parent 1:10 limit 15040000p target 1ms tupdate 16ms alpha 0.152344 beta 3.195312 l4s_ect coupling_factor 2 drop_on_overload step_thresh 1ms drop_dequeue split_gso classic_protection 10% 
 Sent 27309838 bytes 21997 pkt (dropped 768, overlimits 0 requeues 0) 
 backlog 2484b 2p requeues 0
prob 0.368983 delay_c 1347us delay_l 0us
pkts_in_c 22767 pkts_in_l 0 maxq 27
ecn_mark 0 step_marks 0
credit -121120 (L)

------ Mon 01 Dec 2025 11:32:50 PM PST ------
qdisc htb 1: root refcnt 33 r2q 10 default 0x10 direct_packets_stat 0 direct_qlen 1000
 Sent 27352066 bytes 22031 pkt (dropped 769, overlimits 22006 requeues 0) 
 backlog 2484b 2p requeues 0
qdisc dualpi2 2: parent 1:10 limit 15040000p target 1ms tupdate 16ms alpha 0.152344 beta 3.195312 l4s_ect coupling_factor 2 drop_on_overload step_thresh 1ms drop_dequeue split_gso classic_protection 10% 
 Sent 27352066 bytes 22031 pkt (dropped 769, overlimits 0 requeues 0) 
 backlog 2484b 2p requeues 0
prob 0.369134 delay_c 1470us delay_l 0us
pkts_in_c 22802 pkts_in_l 0 maxq 27
ecn_mark 0 step_marks 0
credit -121120 (L)

------ Mon 01 Dec 2025 11:32:50 PM PST ------
qdisc htb 1: root refcnt 33 r2q 10 default 0x10 direct_packets_stat 0 direct_qlen 1000
 Sent 27394294 bytes 22065 pkt (dropped 770, overlimits 22040 requeues 0) 
 backlog 2484b 2p requeues 0
qdisc dualpi2 2: parent 1:10 limit 15040000p target 1ms tupdate 16ms alpha 0.152344 beta 3.195312 l4s_ect coupling_factor 2 drop_on_overload step_thresh 1ms drop_dequeue split_gso classic_protection 10% 
 Sent 27394294 bytes 22065 pkt (dropped 770, overlimits 0 requeues 0) 
 backlog 2484b 2p requeues 0
prob 0.369289 delay_c 1786us delay_l 0us
pkts_in_c 22837 pkts_in_l 0 maxq 27
ecn_mark 0 step_marks 0
credit -121120 (L)

------ Mon 01 Dec 2025 11:32:50 PM PST ------
qdisc htb 1: root refcnt 33 r2q 10 default 0x10 direct_packets_stat 0 direct_qlen 1000
 Sent 27437764 bytes 22100 pkt (dropped 771, overlimits 22075 requeues 0) 
 backlog 2484b 2p requeues 0
qdisc dualpi2 2: parent 1:10 limit 15040000p target 1ms tupdate 16ms alpha 0.152344 beta 3.195312 l4s_ect coupling_factor 2 drop_on_overload step_thresh 1ms drop_dequeue split_gso classic_protection 10% 
 Sent 27437764 bytes 22100 pkt (dropped 771, overlimits 0 requeues 0) 
 backlog 2484b 2p requeues 0
prob 0.369466 delay_c 1800us delay_l 0us
pkts_in_c 22873 pkts_in_l 0 maxq 27
ecn_mark 0 step_marks 0
credit -121120 (L)

------ Mon 01 Dec 2025 11:32:50 PM PST ------
qdisc htb 1: root refcnt 33 r2q 10 default 0x10 direct_packets_stat 0 direct_qlen 1000
 Sent 27478750 bytes 22133 pkt (dropped 772, overlimits 22108 requeues 0) 
 backlog 3726b 3p requeues 0
qdisc dualpi2 2: parent 1:10 limit 15040000p target 1ms tupdate 16ms alpha 0.152344 beta 3.195312 l4s_ect coupling_factor 2 drop_on_overload step_thresh 1ms drop_dequeue split_gso classic_protection 10% 
 Sent 27478750 bytes 22133 pkt (dropped 772, overlimits 0 requeues 0) 
 backlog 3726b 3p requeues 0
prob 0.369579 delay_c 2055us delay_l 0us
pkts_in_c 22908 pkts_in_l 0 maxq 27
ecn_mark 0 step_marks 0
credit -121120 (L)

------ Mon 01 Dec 2025 11:32:50 PM PST ------
qdisc htb 1: root refcnt 33 r2q 10 default 0x10 direct_packets_stat 0 direct_qlen 1000
 Sent 27520978 bytes 22167 pkt (dropped 773, overlimits 22142 requeues 0) 
 backlog 3726b 3p requeues 0
qdisc dualpi2 2: parent 1:10 limit 15040000p target 1ms tupdate 16ms alpha 0.152344 beta 3.195312 l4s_ect coupling_factor 2 drop_on_overload step_thresh 1ms drop_dequeue split_gso classic_protection 10% 
 Sent 27520978 bytes 22167 pkt (dropped 773, overlimits 0 requeues 0) 
 backlog 3726b 3p requeues 0
prob 0.369766 delay_c 2360us delay_l 0us
pkts_in_c 22943 pkts_in_l 0 maxq 27
ecn_mark 0 step_marks 0
credit -121120 (L)

------ Mon 01 Dec 2025 11:32:50 PM PST ------
qdisc htb 1: root refcnt 33 r2q 10 default 0x10 direct_packets_stat 0 direct_qlen 1000
 Sent 27563206 bytes 22201 pkt (dropped 775, overlimits 22176 requeues 0) 
 backlog 2484b 2p requeues 0
qdisc dualpi2 2: parent 1:10 limit 15040000p target 1ms tupdate 16ms alpha 0.152344 beta 3.195312 l4s_ect coupling_factor 2 drop_on_overload step_thresh 1ms drop_dequeue split_gso classic_protection 10% 
 Sent 27563206 bytes 22201 pkt (dropped 775, overlimits 0 requeues 0) 
 backlog 2484b 2p requeues 0
prob 0.366724 delay_c 1698us delay_l 0us
pkts_in_c 22978 pkts_in_l 0 maxq 27
ecn_mark 0 step_marks 0
credit -121120 (L)

------ Mon 01 Dec 2025 11:32:50 PM PST ------
qdisc htb 1: root refcnt 33 r2q 10 default 0x10 direct_packets_stat 0 direct_qlen 1000
 Sent 27605434 bytes 22235 pkt (dropped 776, overlimits 22210 requeues 0) 
 backlog 2484b 2p requeues 0
qdisc dualpi2 2: parent 1:10 limit 15040000p target 1ms tupdate 16ms alpha 0.152344 beta 3.195312 l4s_ect coupling_factor 2 drop_on_overload step_thresh 1ms drop_dequeue split_gso classic_protection 10% 
 Sent 27605434 bytes 22235 pkt (dropped 776, overlimits 0 requeues 0) 
 backlog 2484b 2p requeues 0
prob 0.370112 delay_c 1270us delay_l 0us
pkts_in_c 23013 pkts_in_l 0 maxq 27
ecn_mark 0 step_marks 0
credit -121120 (L)

------ Mon 01 Dec 2025 11:32:50 PM PST ------
qdisc htb 1: root refcnt 33 r2q 10 default 0x10 direct_packets_stat 0 direct_qlen 1000
 Sent 27647662 bytes 22269 pkt (dropped 777, overlimits 22244 requeues 0) 
 backlog 2484b 2p requeues 0
qdisc dualpi2 2: parent 1:10 limit 15040000p target 1ms tupdate 16ms alpha 0.152344 beta 3.195312 l4s_ect coupling_factor 2 drop_on_overload step_thresh 1ms drop_dequeue split_gso classic_protection 10% 
 Sent 27647662 bytes 22269 pkt (dropped 777, overlimits 0 requeues 0) 
 backlog 2484b 2p requeues 0
prob 0.366874 delay_c 1484us delay_l 0us
pkts_in_c 23048 pkts_in_l 0 maxq 27
ecn_mark 0 step_marks 0
credit -121120 (L)

------ Mon 01 Dec 2025 11:32:50 PM PST ------
qdisc htb 1: root refcnt 33 r2q 10 default 0x10 direct_packets_stat 0 direct_qlen 1000
 Sent 27689890 bytes 22303 pkt (dropped 778, overlimits 22278 requeues 0) 
 backlog 2484b 2p requeues 0
qdisc dualpi2 2: parent 1:10 limit 15040000p target 1ms tupdate 16ms alpha 0.152344 beta 3.195312 l4s_ect coupling_factor 2 drop_on_overload step_thresh 1ms drop_dequeue split_gso classic_protection 10% 
 Sent 27689890 bytes 22303 pkt (dropped 778, overlimits 0 requeues 0) 
 backlog 2484b 2p requeues 0
prob 0.370244 delay_c 1399us delay_l 0us
pkts_in_c 23083 pkts_in_l 0 maxq 27
ecn_mark 0 step_marks 0
credit -121120 (L)

------ Mon 01 Dec 2025 11:32:50 PM PST ------
qdisc htb 1: root refcnt 33 r2q 10 default 0x10 direct_packets_stat 0 direct_qlen 1000
 Sent 27730876 bytes 22336 pkt (dropped 778, overlimits 22311 requeues 0) 
 backlog 4968b 4p requeues 0
qdisc dualpi2 2: parent 1:10 limit 15040000p target 1ms tupdate 16ms alpha 0.152344 beta 3.195312 l4s_ect coupling_factor 2 drop_on_overload step_thresh 1ms drop_dequeue split_gso classic_protection 10% 
 Sent 27730876 bytes 22336 pkt (dropped 778, overlimits 0 requeues 0) 
 backlog 4968b 4p requeues 0
prob 0.373784 delay_c 3156us delay_l 0us
pkts_in_c 23118 pkts_in_l 0 maxq 27
ecn_mark 0 step_marks 0
credit -121120 (L)

------ Mon 01 Dec 2025 11:32:50 PM PST ------
qdisc htb 1: root refcnt 33 r2q 10 default 0x10 direct_packets_stat 0 direct_qlen 1000
 Sent 27773104 bytes 22370 pkt (dropped 780, overlimits 22345 requeues 0) 
 backlog 2484b 2p requeues 0
qdisc dualpi2 2: parent 1:10 limit 15040000p target 1ms tupdate 16ms alpha 0.152344 beta 3.195312 l4s_ect coupling_factor 2 drop_on_overload step_thresh 1ms drop_dequeue split_gso classic_protection 10% 
 Sent 27773104 bytes 22370 pkt (dropped 780, overlimits 0 requeues 0) 
 backlog 2484b 2p requeues 0
prob 0.370792 delay_c 1898us delay_l 0us
pkts_in_c 23152 pkts_in_l 0 maxq 27
ecn_mark 0 step_marks 0
credit -121120 (L)

------ Mon 01 Dec 2025 11:32:50 PM PST ------
qdisc htb 1: root refcnt 33 r2q 10 default 0x10 direct_packets_stat 0 direct_qlen 1000
 Sent 27814090 bytes 22403 pkt (dropped 782, overlimits 22378 requeues 0) 
 backlog 2484b 2p requeues 0
qdisc dualpi2 2: parent 1:10 limit 15040000p target 1ms tupdate 16ms alpha 0.152344 beta 3.195312 l4s_ect coupling_factor 2 drop_on_overload step_thresh 1ms drop_dequeue split_gso classic_protection 10% 
 Sent 27814090 bytes 22403 pkt (dropped 782, overlimits 0 requeues 0) 
 backlog 2484b 2p requeues 0
prob 0.370908 delay_c 1489us delay_l 0us
pkts_in_c 23187 pkts_in_l 0 maxq 27
ecn_mark 0 step_marks 0
credit -121120 (L)

------ Mon 01 Dec 2025 11:32:50 PM PST ------
qdisc htb 1: root refcnt 33 r2q 10 default 0x10 direct_packets_stat 0 direct_qlen 1000
 Sent 27855076 bytes 22436 pkt (dropped 782, overlimits 22411 requeues 0) 
 backlog 4968b 4p requeues 0
qdisc dualpi2 2: parent 1:10 limit 15040000p target 1ms tupdate 16ms alpha 0.152344 beta 3.195312 l4s_ect coupling_factor 2 drop_on_overload step_thresh 1ms drop_dequeue split_gso classic_protection 10% 
 Sent 27855076 bytes 22436 pkt (dropped 782, overlimits 0 requeues 0) 
 backlog 4968b 4p requeues 0
prob 0.371077 delay_c 2139us delay_l 0us
pkts_in_c 23222 pkts_in_l 0 maxq 27
ecn_mark 0 step_marks 0
credit -121120 (L)

------ Mon 01 Dec 2025 11:32:50 PM PST ------
qdisc htb 1: root refcnt 33 r2q 10 default 0x10 direct_packets_stat 0 direct_qlen 1000
 Sent 27897304 bytes 22470 pkt (dropped 784, overlimits 22445 requeues 0) 
 backlog 2484b 2p requeues 0
qdisc dualpi2 2: parent 1:10 limit 15040000p target 1ms tupdate 16ms alpha 0.152344 beta 3.195312 l4s_ect coupling_factor 2 drop_on_overload step_thresh 1ms drop_dequeue split_gso classic_protection 10% 
 Sent 27897304 bytes 22470 pkt (dropped 784, overlimits 0 requeues 0) 
 backlog 2484b 2p requeues 0
prob 0.371246 delay_c 1824us delay_l 0us
pkts_in_c 23256 pkts_in_l 0 maxq 27
ecn_mark 0 step_marks 0
credit -121120 (L)

------ Mon 01 Dec 2025 11:32:50 PM PST ------
qdisc htb 1: root refcnt 33 r2q 10 default 0x10 direct_packets_stat 0 direct_qlen 1000
 Sent 27938290 bytes 22503 pkt (dropped 785, overlimits 22478 requeues 0) 
 backlog 2484b 2p requeues 0
qdisc dualpi2 2: parent 1:10 limit 15040000p target 1ms tupdate 16ms alpha 0.152344 beta 3.195312 l4s_ect coupling_factor 2 drop_on_overload step_thresh 1ms drop_dequeue split_gso classic_protection 10% 
 Sent 27938290 bytes 22503 pkt (dropped 785, overlimits 0 requeues 0) 
 backlog 2484b 2p requeues 0
prob 0.371594 delay_c 1011us delay_l 0us
pkts_in_c 23290 pkts_in_l 0 maxq 27
ecn_mark 0 step_marks 0
credit -121120 (L)

------ Mon 01 Dec 2025 11:32:50 PM PST ------
qdisc htb 1: root refcnt 33 r2q 10 default 0x10 direct_packets_stat 0 direct_qlen 1000
 Sent 27978034 bytes 22535 pkt (dropped 787, overlimits 22510 requeues 0) 
 backlog 1242b 1p requeues 0
qdisc dualpi2 2: parent 1:10 limit 15040000p target 1ms tupdate 16ms alpha 0.152344 beta 3.195312 l4s_ect coupling_factor 2 drop_on_overload step_thresh 1ms drop_dequeue split_gso classic_protection 10% 
 Sent 27978034 bytes 22535 pkt (dropped 787, overlimits 0 requeues 0) 
 backlog 1242b 1p requeues 0
prob 0.371719 delay_c 559us delay_l 0us
pkts_in_c 23323 pkts_in_l 0 maxq 27
ecn_mark 0 step_marks 0
credit -121120 (L)

------ Mon 01 Dec 2025 11:32:50 PM PST ------
qdisc htb 1: root refcnt 33 r2q 10 default 0x10 direct_packets_stat 0 direct_qlen 1000
 Sent 28019020 bytes 22568 pkt (dropped 788, overlimits 22543 requeues 0) 
 backlog 2484b 2p requeues 0
qdisc dualpi2 2: parent 1:10 limit 15040000p target 1ms tupdate 16ms alpha 0.152344 beta 3.195312 l4s_ect coupling_factor 2 drop_on_overload step_thresh 1ms drop_dequeue split_gso classic_protection 10% 
 Sent 28019020 bytes 22568 pkt (dropped 788, overlimits 0 requeues 0) 
 backlog 2484b 2p requeues 0
prob 0.368524 delay_c 1298us delay_l 0us
pkts_in_c 23358 pkts_in_l 0 maxq 27
ecn_mark 0 step_marks 0
credit -121120 (L)

------ Mon 01 Dec 2025 11:32:50 PM PST ------
qdisc htb 1: root refcnt 33 r2q 10 default 0x10 direct_packets_stat 0 direct_qlen 1000
 Sent 28060006 bytes 22601 pkt (dropped 789, overlimits 22576 requeues 0) 
 backlog 2484b 2p requeues 0
qdisc dualpi2 2: parent 1:10 limit 15040000p target 1ms tupdate 16ms alpha 0.152344 beta 3.195312 l4s_ect coupling_factor 2 drop_on_overload step_thresh 1ms drop_dequeue split_gso classic_protection 10% 
 Sent 28060006 bytes 22601 pkt (dropped 789, overlimits 0 requeues 0) 
 backlog 2484b 2p requeues 0
prob 0.371953 delay_c 1806us delay_l 0us
pkts_in_c 23392 pkts_in_l 0 maxq 27
ecn_mark 0 step_marks 0
credit -121120 (L)

------ Mon 01 Dec 2025 11:32:50 PM PST ------
qdisc htb 1: root refcnt 33 r2q 10 default 0x10 direct_packets_stat 0 direct_qlen 1000
 Sent 28102234 bytes 22635 pkt (dropped 790, overlimits 22610 requeues 0) 
 backlog 2484b 2p requeues 0
qdisc dualpi2 2: parent 1:10 limit 15040000p target 1ms tupdate 16ms alpha 0.152344 beta 3.195312 l4s_ect coupling_factor 2 drop_on_overload step_thresh 1ms drop_dequeue split_gso classic_protection 10% 
 Sent 28102234 bytes 22635 pkt (dropped 790, overlimits 0 requeues 0) 
 backlog 2484b 2p requeues 0
prob 0.372030 delay_c 1485us delay_l 0us
pkts_in_c 23427 pkts_in_l 0 maxq 27
ecn_mark 0 step_marks 0
credit -121120 (L)

------ Mon 01 Dec 2025 11:32:50 PM PST ------
qdisc htb 1: root refcnt 33 r2q 10 default 0x10 direct_packets_stat 0 direct_qlen 1000
 Sent 28141978 bytes 22667 pkt (dropped 791, overlimits 22642 requeues 0) 
 backlog 3726b 3p requeues 0
qdisc dualpi2 2: parent 1:10 limit 15040000p target 1ms tupdate 16ms alpha 0.152344 beta 3.195312 l4s_ect coupling_factor 2 drop_on_overload step_thresh 1ms drop_dequeue split_gso classic_protection 10% 
 Sent 28141978 bytes 22667 pkt (dropped 791, overlimits 0 requeues 0) 
 backlog 3726b 3p requeues 0
prob 0.372263 delay_c 1471us delay_l 0us
pkts_in_c 23461 pkts_in_l 0 maxq 27
ecn_mark 0 step_marks 0
credit -121120 (L)

------ Mon 01 Dec 2025 11:32:50 PM PST ------
qdisc htb 1: root refcnt 33 r2q 10 default 0x10 direct_packets_stat 0 direct_qlen 1000
 Sent 28185448 bytes 22702 pkt (dropped 792, overlimits 22677 requeues 0) 
 backlog 3726b 3p requeues 0
qdisc dualpi2 2: parent 1:10 limit 15040000p target 1ms tupdate 16ms alpha 0.152344 beta 3.195312 l4s_ect coupling_factor 2 drop_on_overload step_thresh 1ms drop_dequeue split_gso classic_protection 10% 
 Sent 28185448 bytes 22702 pkt (dropped 792, overlimits 0 requeues 0) 
 backlog 3726b 3p requeues 0
prob 0.372447 delay_c 2239us delay_l 0us
pkts_in_c 23497 pkts_in_l 0 maxq 27
ecn_mark 0 step_marks 0
credit -121120 (L)

------ Mon 01 Dec 2025 11:32:50 PM PST ------
qdisc htb 1: root refcnt 33 r2q 10 default 0x10 direct_packets_stat 0 direct_qlen 1000
 Sent 28227676 bytes 22736 pkt (dropped 793, overlimits 22711 requeues 0) 
 backlog 3726b 3p requeues 0
qdisc dualpi2 2: parent 1:10 limit 15040000p target 1ms tupdate 16ms alpha 0.152344 beta 3.195312 l4s_ect coupling_factor 2 drop_on_overload step_thresh 1ms drop_dequeue split_gso classic_protection 10% 
 Sent 28227676 bytes 22736 pkt (dropped 793, overlimits 0 requeues 0) 
 backlog 3726b 3p requeues 0
prob 0.372700 delay_c 2369us delay_l 0us
pkts_in_c 23532 pkts_in_l 0 maxq 27
ecn_mark 0 step_marks 0
credit -121120 (L)

------ Mon 01 Dec 2025 11:32:50 PM PST ------
qdisc htb 1: root refcnt 33 r2q 10 default 0x10 direct_packets_stat 0 direct_qlen 1000
 Sent 28269904 bytes 22770 pkt (dropped 795, overlimits 22745 requeues 0) 
 backlog 2484b 2p requeues 0
qdisc dualpi2 2: parent 1:10 limit 15040000p target 1ms tupdate 16ms alpha 0.152344 beta 3.195312 l4s_ect coupling_factor 2 drop_on_overload step_thresh 1ms drop_dequeue split_gso classic_protection 10% 
 Sent 28269904 bytes 22770 pkt (dropped 795, overlimits 0 requeues 0) 
 backlog 2484b 2p requeues 0
prob 0.372781 delay_c 1159us delay_l 0us
pkts_in_c 23567 pkts_in_l 0 maxq 27
ecn_mark 0 step_marks 0
credit -121120 (L)

------ Mon 01 Dec 2025 11:32:50 PM PST ------
qdisc htb 1: root refcnt 33 r2q 10 default 0x10 direct_packets_stat 0 direct_qlen 1000
 Sent 28309648 bytes 22802 pkt (dropped 795, overlimits 22777 requeues 0) 
 backlog 4968b 4p requeues 0
qdisc dualpi2 2: parent 1:10 limit 15040000p target 1ms tupdate 16ms alpha 0.152344 beta 3.195312 l4s_ect coupling_factor 2 drop_on_overload step_thresh 1ms drop_dequeue split_gso classic_protection 10% 
 Sent 28309648 bytes 22802 pkt (dropped 795, overlimits 0 requeues 0) 
 backlog 4968b 4p requeues 0
prob 0.373000 delay_c 2133us delay_l 0us
pkts_in_c 23601 pkts_in_l 0 maxq 27
ecn_mark 0 step_marks 0
credit -121120 (L)

------ Mon 01 Dec 2025 11:32:50 PM PST ------
qdisc htb 1: root refcnt 33 r2q 10 default 0x10 direct_packets_stat 0 direct_qlen 1000
 Sent 28349392 bytes 22834 pkt (dropped 797, overlimits 22809 requeues 0) 
 backlog 2484b 2p requeues 0
qdisc dualpi2 2: parent 1:10 limit 15040000p target 1ms tupdate 16ms alpha 0.152344 beta 3.195312 l4s_ect coupling_factor 2 drop_on_overload step_thresh 1ms drop_dequeue split_gso classic_protection 10% 
 Sent 28349392 bytes 22834 pkt (dropped 797, overlimits 0 requeues 0) 
 backlog 2484b 2p requeues 0
prob 0.376552 delay_c 1282us delay_l 0us
pkts_in_c 23633 pkts_in_l 0 maxq 27
ecn_mark 0 step_marks 0
credit -121120 (L)

------ Mon 01 Dec 2025 11:32:50 PM PST ------
qdisc htb 1: root refcnt 33 r2q 10 default 0x10 direct_packets_stat 0 direct_qlen 1000
 Sent 28390378 bytes 22867 pkt (dropped 798, overlimits 22842 requeues 0) 
 backlog 2484b 2p requeues 0
qdisc dualpi2 2: parent 1:10 limit 15040000p target 1ms tupdate 16ms alpha 0.152344 beta 3.195312 l4s_ect coupling_factor 2 drop_on_overload step_thresh 1ms drop_dequeue split_gso classic_protection 10% 
 Sent 28390378 bytes 22867 pkt (dropped 798, overlimits 0 requeues 0) 
 backlog 2484b 2p requeues 0
prob 0.373391 delay_c 1722us delay_l 0us
pkts_in_c 23667 pkts_in_l 0 maxq 27
ecn_mark 0 step_marks 0
credit -121120 (L)

------ Mon 01 Dec 2025 11:32:50 PM PST ------
qdisc htb 1: root refcnt 33 r2q 10 default 0x10 direct_packets_stat 0 direct_qlen 1000
 Sent 28430122 bytes 22899 pkt (dropped 800, overlimits 22874 requeues 0) 
 backlog 1242b 1p requeues 0
qdisc dualpi2 2: parent 1:10 limit 15040000p target 1ms tupdate 16ms alpha 0.152344 beta 3.195312 l4s_ect coupling_factor 2 drop_on_overload step_thresh 1ms drop_dequeue split_gso classic_protection 10% 
 Sent 28430122 bytes 22899 pkt (dropped 800, overlimits 0 requeues 0) 
 backlog 1242b 1p requeues 0
prob 0.376977 delay_c 971us delay_l 0us
pkts_in_c 23700 pkts_in_l 0 maxq 27
ecn_mark 0 step_marks 0
credit -121120 (L)

------ Mon 01 Dec 2025 11:32:50 PM PST ------
qdisc htb 1: root refcnt 33 r2q 10 default 0x10 direct_packets_stat 0 direct_qlen 1000
 Sent 28471108 bytes 22932 pkt (dropped 800, overlimits 22907 requeues 0) 
 backlog 3726b 3p requeues 0
qdisc dualpi2 2: parent 1:10 limit 15040000p target 1ms tupdate 16ms alpha 0.152344 beta 3.195312 l4s_ect coupling_factor 2 drop_on_overload step_thresh 1ms drop_dequeue split_gso classic_protection 10% 
 Sent 28471108 bytes 22932 pkt (dropped 800, overlimits 0 requeues 0) 
 backlog 3726b 3p requeues 0
prob 0.373778 delay_c 1919us delay_l 0us
pkts_in_c 23735 pkts_in_l 0 maxq 27
ecn_mark 0 step_marks 0
credit -121120 (L)

------ Mon 01 Dec 2025 11:32:50 PM PST ------
qdisc htb 1: root refcnt 33 r2q 10 default 0x10 direct_packets_stat 0 direct_qlen 1000
 Sent 28510852 bytes 22964 pkt (dropped 801, overlimits 22939 requeues 0) 
 backlog 2484b 2p requeues 0
qdisc dualpi2 2: parent 1:10 limit 15040000p target 1ms tupdate 16ms alpha 0.152344 beta 3.195312 l4s_ect coupling_factor 2 drop_on_overload step_thresh 1ms drop_dequeue split_gso classic_protection 10% 
 Sent 28510852 bytes 22964 pkt (dropped 801, overlimits 0 requeues 0) 
 backlog 2484b 2p requeues 0
prob 0.377334 delay_c 1881us delay_l 0us
pkts_in_c 23767 pkts_in_l 0 maxq 27
ecn_mark 0 step_marks 0
credit -121120 (L)

------ Mon 01 Dec 2025 11:32:50 PM PST ------
qdisc htb 1: root refcnt 33 r2q 10 default 0x10 direct_packets_stat 0 direct_qlen 1000
 Sent 28551838 bytes 22997 pkt (dropped 803, overlimits 22972 requeues 0) 
 backlog 2484b 2p requeues 0
qdisc dualpi2 2: parent 1:10 limit 15040000p target 1ms tupdate 16ms alpha 0.152344 beta 3.195312 l4s_ect coupling_factor 2 drop_on_overload step_thresh 1ms drop_dequeue split_gso classic_protection 10% 
 Sent 28551838 bytes 22997 pkt (dropped 803, overlimits 0 requeues 0) 
 backlog 2484b 2p requeues 0
prob 0.374265 delay_c 1516us delay_l 0us
pkts_in_c 23802 pkts_in_l 0 maxq 27
ecn_mark 0 step_marks 0
credit -121120 (L)

------ Mon 01 Dec 2025 11:32:50 PM PST ------
qdisc htb 1: root refcnt 33 r2q 10 default 0x10 direct_packets_stat 0 direct_qlen 1000
 Sent 28591582 bytes 23029 pkt (dropped 804, overlimits 23004 requeues 0) 
 backlog 3726b 3p requeues 0
qdisc dualpi2 2: parent 1:10 limit 15040000p target 1ms tupdate 16ms alpha 0.152344 beta 3.195312 l4s_ect coupling_factor 2 drop_on_overload step_thresh 1ms drop_dequeue split_gso classic_protection 10% 
 Sent 28591582 bytes 23029 pkt (dropped 804, overlimits 0 requeues 0) 
 backlog 3726b 3p requeues 0
prob 0.374503 delay_c 1309us delay_l 0us
pkts_in_c 23836 pkts_in_l 0 maxq 27
ecn_mark 0 step_marks 0
credit -121120 (L)

------ Mon 01 Dec 2025 11:32:50 PM PST ------
qdisc htb 1: root refcnt 33 r2q 10 default 0x10 direct_packets_stat 0 direct_qlen 1000
 Sent 28633810 bytes 23063 pkt (dropped 804, overlimits 23038 requeues 0) 
 backlog 3726b 3p requeues 0
qdisc dualpi2 2: parent 1:10 limit 15040000p target 1ms tupdate 16ms alpha 0.152344 beta 3.195312 l4s_ect coupling_factor 2 drop_on_overload step_thresh 1ms drop_dequeue split_gso classic_protection 10% 
 Sent 28633810 bytes 23063 pkt (dropped 804, overlimits 0 requeues 0) 
 backlog 3726b 3p requeues 0
prob 0.378069 delay_c 1894us delay_l 0us
pkts_in_c 23870 pkts_in_l 0 maxq 27
ecn_mark 0 step_marks 0
credit -121120 (L)

------ Mon 01 Dec 2025 11:32:50 PM PST ------
qdisc htb 1: root refcnt 33 r2q 10 default 0x10 direct_packets_stat 0 direct_qlen 1000
 Sent 28674796 bytes 23096 pkt (dropped 806, overlimits 23071 requeues 0) 
 backlog 3726b 3p requeues 0
qdisc dualpi2 2: parent 1:10 limit 15040000p target 1ms tupdate 16ms alpha 0.152344 beta 3.195312 l4s_ect coupling_factor 2 drop_on_overload step_thresh 1ms drop_dequeue split_gso classic_protection 10% 
 Sent 28674796 bytes 23096 pkt (dropped 806, overlimits 0 requeues 0) 
 backlog 3726b 3p requeues 0
prob 0.371575 delay_c 1719us delay_l 0us
pkts_in_c 23905 pkts_in_l 0 maxq 27
ecn_mark 0 step_marks 0
credit -121120 (L)

------ Mon 01 Dec 2025 11:32:50 PM PST ------
qdisc htb 1: root refcnt 33 r2q 10 default 0x10 direct_packets_stat 0 direct_qlen 1000
 Sent 28714540 bytes 23128 pkt (dropped 807, overlimits 23103 requeues 0) 
 backlog 2484b 2p requeues 0
qdisc dualpi2 2: parent 1:10 limit 15040000p target 1ms tupdate 16ms alpha 0.152344 beta 3.195312 l4s_ect coupling_factor 2 drop_on_overload step_thresh 1ms drop_dequeue split_gso classic_protection 10% 
 Sent 28714540 bytes 23128 pkt (dropped 807, overlimits 0 requeues 0) 
 backlog 2484b 2p requeues 0
prob 0.375046 delay_c 1793us delay_l 0us
pkts_in_c 23937 pkts_in_l 0 maxq 27
ecn_mark 0 step_marks 0
credit -121120 (L)

------ Mon 01 Dec 2025 11:32:50 PM PST ------
qdisc htb 1: root refcnt 33 r2q 10 default 0x10 direct_packets_stat 0 direct_qlen 1000
 Sent 28754284 bytes 23160 pkt (dropped 808, overlimits 23135 requeues 0) 
 backlog 3726b 3p requeues 0
qdisc dualpi2 2: parent 1:10 limit 15040000p target 1ms tupdate 16ms alpha 0.152344 beta 3.195312 l4s_ect coupling_factor 2 drop_on_overload step_thresh 1ms drop_dequeue split_gso classic_protection 10% 
 Sent 28754284 bytes 23160 pkt (dropped 808, overlimits 0 requeues 0) 
 backlog 3726b 3p requeues 0
prob 0.375087 delay_c 1226us delay_l 0us
pkts_in_c 23971 pkts_in_l 0 maxq 27
ecn_mark 0 step_marks 0
credit -121120 (L)

------ Mon 01 Dec 2025 11:32:50 PM PST ------
qdisc htb 1: root refcnt 33 r2q 10 default 0x10 direct_packets_stat 0 direct_qlen 1000
 Sent 28794028 bytes 23192 pkt (dropped 809, overlimits 23167 requeues 0) 
 backlog 4968b 4p requeues 0
qdisc dualpi2 2: parent 1:10 limit 15040000p target 1ms tupdate 16ms alpha 0.152344 beta 3.195312 l4s_ect coupling_factor 2 drop_on_overload step_thresh 1ms drop_dequeue split_gso classic_protection 10% 
 Sent 28794028 bytes 23192 pkt (dropped 809, overlimits 0 requeues 0) 
 backlog 4968b 4p requeues 0
prob 0.375193 delay_c 2074us delay_l 0us
pkts_in_c 24005 pkts_in_l 0 maxq 27
ecn_mark 0 step_marks 0
credit -121120 (L)

------ Mon 01 Dec 2025 11:32:51 PM PST ------
qdisc htb 1: root refcnt 33 r2q 10 default 0x10 direct_packets_stat 0 direct_qlen 1000
 Sent 28838740 bytes 23228 pkt (dropped 811, overlimits 23203 requeues 0) 
 backlog 2484b 2p requeues 0
qdisc dualpi2 2: parent 1:10 limit 15040000p target 1ms tupdate 16ms alpha 0.152344 beta 3.195312 l4s_ect coupling_factor 2 drop_on_overload step_thresh 1ms drop_dequeue split_gso classic_protection 10% 
 Sent 28838740 bytes 23228 pkt (dropped 811, overlimits 0 requeues 0) 
 backlog 2484b 2p requeues 0
prob 0.375160 delay_c 1409us delay_l 0us
pkts_in_c 24041 pkts_in_l 0 maxq 27
ecn_mark 0 step_marks 0
credit -121120 (L)

------ Mon 01 Dec 2025 11:32:51 PM PST ------
qdisc htb 1: root refcnt 33 r2q 10 default 0x10 direct_packets_stat 0 direct_qlen 1000
 Sent 28878484 bytes 23260 pkt (dropped 811, overlimits 23235 requeues 0) 
 backlog 4968b 4p requeues 0
qdisc dualpi2 2: parent 1:10 limit 15040000p target 1ms tupdate 16ms alpha 0.152344 beta 3.195312 l4s_ect coupling_factor 2 drop_on_overload step_thresh 1ms drop_dequeue split_gso classic_protection 10% 
 Sent 28878484 bytes 23260 pkt (dropped 811, overlimits 0 requeues 0) 
 backlog 4968b 4p requeues 0
prob 0.375490 delay_c 2190us delay_l 0us
pkts_in_c 24075 pkts_in_l 0 maxq 27
ecn_mark 0 step_marks 0
credit -121120 (L)

------ Mon 01 Dec 2025 11:32:51 PM PST ------
qdisc htb 1: root refcnt 33 r2q 10 default 0x10 direct_packets_stat 0 direct_qlen 1000
 Sent 28918228 bytes 23292 pkt (dropped 813, overlimits 23267 requeues 0) 
 backlog 2484b 2p requeues 0
qdisc dualpi2 2: parent 1:10 limit 15040000p target 1ms tupdate 16ms alpha 0.152344 beta 3.195312 l4s_ect coupling_factor 2 drop_on_overload step_thresh 1ms drop_dequeue split_gso classic_protection 10% 
 Sent 28918228 bytes 23292 pkt (dropped 813, overlimits 0 requeues 0) 
 backlog 2484b 2p requeues 0
prob 0.375556 delay_c 1938us delay_l 0us
pkts_in_c 24107 pkts_in_l 0 maxq 27
ecn_mark 0 step_marks 0
credit -121120 (L)

------ Mon 01 Dec 2025 11:32:51 PM PST ------
qdisc htb 1: root refcnt 33 r2q 10 default 0x10 direct_packets_stat 0 direct_qlen 1000
 Sent 28956730 bytes 23323 pkt (dropped 814, overlimits 23298 requeues 0) 
 backlog 3726b 3p requeues 0
qdisc dualpi2 2: parent 1:10 limit 15040000p target 1ms tupdate 16ms alpha 0.152344 beta 3.195312 l4s_ect coupling_factor 2 drop_on_overload step_thresh 1ms drop_dequeue split_gso classic_protection 10% 
 Sent 28956730 bytes 23323 pkt (dropped 814, overlimits 0 requeues 0) 
 backlog 3726b 3p requeues 0
prob 0.375770 delay_c 1512us delay_l 0us
pkts_in_c 24140 pkts_in_l 0 maxq 27
ecn_mark 0 step_marks 0
credit -121120 (L)

------ Mon 01 Dec 2025 11:32:51 PM PST ------
qdisc htb 1: root refcnt 33 r2q 10 default 0x10 direct_packets_stat 0 direct_qlen 1000
 Sent 28996474 bytes 23355 pkt (dropped 815, overlimits 23330 requeues 0) 
 backlog 2484b 2p requeues 0
qdisc dualpi2 2: parent 1:10 limit 15040000p target 1ms tupdate 16ms alpha 0.152344 beta 3.195312 l4s_ect coupling_factor 2 drop_on_overload step_thresh 1ms drop_dequeue split_gso classic_protection 10% 
 Sent 28996474 bytes 23355 pkt (dropped 815, overlimits 0 requeues 0) 
 backlog 2484b 2p requeues 0
prob 0.379263 delay_c 1858us delay_l 0us
pkts_in_c 24172 pkts_in_l 0 maxq 27
ecn_mark 0 step_marks 0
credit -121120 (L)

------ Mon 01 Dec 2025 11:32:51 PM PST ------
qdisc htb 1: root refcnt 33 r2q 10 default 0x10 direct_packets_stat 0 direct_qlen 1000
 Sent 29036218 bytes 23387 pkt (dropped 816, overlimits 23361 requeues 0) 
 backlog 3726b 3p requeues 0
qdisc dualpi2 2: parent 1:10 limit 15040000p target 1ms tupdate 16ms alpha 0.152344 beta 3.195312 l4s_ect coupling_factor 2 drop_on_overload step_thresh 1ms drop_dequeue split_gso classic_protection 10% 
 Sent 29036218 bytes 23387 pkt (dropped 816, overlimits 0 requeues 0) 
 backlog 3726b 3p requeues 0
prob 0.379573 delay_c 1685us delay_l 0us
pkts_in_c 24206 pkts_in_l 0 maxq 27
ecn_mark 0 step_marks 0
credit -121120 (L)

------ Mon 01 Dec 2025 11:32:51 PM PST ------
qdisc htb 1: root refcnt 33 r2q 10 default 0x10 direct_packets_stat 0 direct_qlen 1000
 Sent 29078446 bytes 23421 pkt (dropped 817, overlimits 23395 requeues 0) 
 backlog 3726b 3p requeues 0
qdisc dualpi2 2: parent 1:10 limit 15040000p target 1ms tupdate 16ms alpha 0.152344 beta 3.195312 l4s_ect coupling_factor 2 drop_on_overload step_thresh 1ms drop_dequeue split_gso classic_protection 10% 
 Sent 29078446 bytes 23421 pkt (dropped 817, overlimits 0 requeues 0) 
 backlog 3726b 3p requeues 0
prob 0.376593 delay_c 1542us delay_l 0us
pkts_in_c 24241 pkts_in_l 0 maxq 27
ecn_mark 0 step_marks 0
credit -121120 (L)

------ Mon 01 Dec 2025 11:32:51 PM PST ------
qdisc htb 1: root refcnt 33 r2q 10 default 0x10 direct_packets_stat 0 direct_qlen 1000
 Sent 29120674 bytes 23455 pkt (dropped 819, overlimits 23429 requeues 0) 
 backlog 2484b 2p requeues 0
qdisc dualpi2 2: parent 1:10 limit 15040000p target 1ms tupdate 16ms alpha 0.152344 beta 3.195312 l4s_ect coupling_factor 2 drop_on_overload step_thresh 1ms drop_dequeue split_gso classic_protection 10% 
 Sent 29120674 bytes 23455 pkt (dropped 819, overlimits 0 requeues 0) 
 backlog 2484b 2p requeues 0
prob 0.376843 delay_c 1814us delay_l 0us
pkts_in_c 24276 pkts_in_l 0 maxq 27
ecn_mark 0 step_marks 0
credit -121120 (L)

------ Mon 01 Dec 2025 11:32:51 PM PST ------
qdisc htb 1: root refcnt 33 r2q 10 default 0x10 direct_packets_stat 0 direct_qlen 1000
 Sent 29164144 bytes 23490 pkt (dropped 820, overlimits 23464 requeues 0) 
 backlog 2484b 2p requeues 0
qdisc dualpi2 2: parent 1:10 limit 15040000p target 1ms tupdate 16ms alpha 0.152344 beta 3.195312 l4s_ect coupling_factor 2 drop_on_overload step_thresh 1ms drop_dequeue split_gso classic_protection 10% 
 Sent 29164144 bytes 23490 pkt (dropped 820, overlimits 0 requeues 0) 
 backlog 2484b 2p requeues 0
prob 0.377078 delay_c 1428us delay_l 0us
pkts_in_c 24312 pkts_in_l 0 maxq 27
ecn_mark 0 step_marks 0
credit -121120 (L)

------ Mon 01 Dec 2025 11:32:51 PM PST ------
qdisc htb 1: root refcnt 33 r2q 10 default 0x10 direct_packets_stat 0 direct_qlen 1000
 Sent 29206372 bytes 23524 pkt (dropped 821, overlimits 23498 requeues 0) 
 backlog 2484b 2p requeues 0
qdisc dualpi2 2: parent 1:10 limit 15040000p target 1ms tupdate 16ms alpha 0.152344 beta 3.195312 l4s_ect coupling_factor 2 drop_on_overload step_thresh 1ms drop_dequeue split_gso classic_protection 10% 
 Sent 29206372 bytes 23524 pkt (dropped 821, overlimits 0 requeues 0) 
 backlog 2484b 2p requeues 0
prob 0.377279 delay_c 1411us delay_l 0us
pkts_in_c 24347 pkts_in_l 0 maxq 27
ecn_mark 0 step_marks 0
credit -121120 (L)

------ Mon 01 Dec 2025 11:32:51 PM PST ------
qdisc htb 1: root refcnt 33 r2q 10 default 0x10 direct_packets_stat 0 direct_qlen 1000
 Sent 29248600 bytes 23558 pkt (dropped 822, overlimits 23532 requeues 0) 
 backlog 2484b 2p requeues 0
qdisc dualpi2 2: parent 1:10 limit 15040000p target 1ms tupdate 16ms alpha 0.152344 beta 3.195312 l4s_ect coupling_factor 2 drop_on_overload step_thresh 1ms drop_dequeue split_gso classic_protection 10% 
 Sent 29248600 bytes 23558 pkt (dropped 822, overlimits 0 requeues 0) 
 backlog 2484b 2p requeues 0
prob 0.380845 delay_c 1862us delay_l 0us
pkts_in_c 24382 pkts_in_l 0 maxq 27
ecn_mark 0 step_marks 0
credit -121120 (L)

------ Mon 01 Dec 2025 11:32:51 PM PST ------
qdisc htb 1: root refcnt 33 r2q 10 default 0x10 direct_packets_stat 0 direct_qlen 1000
 Sent 29292070 bytes 23593 pkt (dropped 823, overlimits 23567 requeues 0) 
 backlog 4968b 4p requeues 0
qdisc dualpi2 2: parent 1:10 limit 15040000p target 1ms tupdate 16ms alpha 0.152344 beta 3.195312 l4s_ect coupling_factor 2 drop_on_overload step_thresh 1ms drop_dequeue split_gso classic_protection 10% 
 Sent 29292070 bytes 23593 pkt (dropped 823, overlimits 0 requeues 0) 
 backlog 4968b 4p requeues 0
prob 0.377884 delay_c 2149us delay_l 0us
pkts_in_c 24420 pkts_in_l 0 maxq 27
ecn_mark 0 step_marks 0
credit -121120 (L)

------ Mon 01 Dec 2025 11:32:51 PM PST ------
qdisc htb 1: root refcnt 33 r2q 10 default 0x10 direct_packets_stat 0 direct_qlen 1000
 Sent 29333056 bytes 23626 pkt (dropped 824, overlimits 23600 requeues 0) 
 backlog 3726b 3p requeues 0
qdisc dualpi2 2: parent 1:10 limit 15040000p target 1ms tupdate 16ms alpha 0.152344 beta 3.195312 l4s_ect coupling_factor 2 drop_on_overload step_thresh 1ms drop_dequeue split_gso classic_protection 10% 
 Sent 29333056 bytes 23626 pkt (dropped 824, overlimits 0 requeues 0) 
 backlog 3726b 3p requeues 0
prob 0.378219 delay_c 2199us delay_l 0us
pkts_in_c 24453 pkts_in_l 0 maxq 27
ecn_mark 0 step_marks 0
credit -121120 (L)

------ Mon 01 Dec 2025 11:32:51 PM PST ------
qdisc htb 1: root refcnt 33 r2q 10 default 0x10 direct_packets_stat 0 direct_qlen 1000
 Sent 29375284 bytes 23660 pkt (dropped 826, overlimits 23634 requeues 0) 
 backlog 2484b 2p requeues 0
qdisc dualpi2 2: parent 1:10 limit 15040000p target 1ms tupdate 16ms alpha 0.152344 beta 3.195312 l4s_ect coupling_factor 2 drop_on_overload step_thresh 1ms drop_dequeue split_gso classic_protection 10% 
 Sent 29375284 bytes 23660 pkt (dropped 826, overlimits 0 requeues 0) 
 backlog 2484b 2p requeues 0
prob 0.378398 delay_c 1543us delay_l 0us
pkts_in_c 24488 pkts_in_l 0 maxq 27
ecn_mark 0 step_marks 0
credit -121120 (L)

------ Mon 01 Dec 2025 11:32:51 PM PST ------
qdisc htb 1: root refcnt 33 r2q 10 default 0x10 direct_packets_stat 0 direct_qlen 1000
 Sent 29417512 bytes 23694 pkt (dropped 826, overlimits 23668 requeues 0) 
 backlog 3726b 3p requeues 0
qdisc dualpi2 2: parent 1:10 limit 15040000p target 1ms tupdate 16ms alpha 0.152344 beta 3.195312 l4s_ect coupling_factor 2 drop_on_overload step_thresh 1ms drop_dequeue split_gso classic_protection 10% 
 Sent 29417512 bytes 23694 pkt (dropped 826, overlimits 0 requeues 0) 
 backlog 3726b 3p requeues 0
prob 0.378627 delay_c 2754us delay_l 0us
pkts_in_c 24523 pkts_in_l 0 maxq 27
ecn_mark 0 step_marks 0
credit -121120 (L)

------ Mon 01 Dec 2025 11:32:51 PM PST ------
qdisc htb 1: root refcnt 33 r2q 10 default 0x10 direct_packets_stat 0 direct_qlen 1000
 Sent 29458498 bytes 23727 pkt (dropped 828, overlimits 23701 requeues 0) 
 backlog 2484b 2p requeues 0
qdisc dualpi2 2: parent 1:10 limit 15040000p target 1ms tupdate 16ms alpha 0.152344 beta 3.195312 l4s_ect coupling_factor 2 drop_on_overload step_thresh 1ms drop_dequeue split_gso classic_protection 10% 
 Sent 29458498 bytes 23727 pkt (dropped 828, overlimits 0 requeues 0) 
 backlog 2484b 2p requeues 0
prob 0.378941 delay_c 1893us delay_l 0us
pkts_in_c 24557 pkts_in_l 0 maxq 27
ecn_mark 0 step_marks 0
credit -121120 (L)

------ Mon 01 Dec 2025 11:32:51 PM PST ------
qdisc htb 1: root refcnt 33 r2q 10 default 0x10 direct_packets_stat 0 direct_qlen 1000
 Sent 29500726 bytes 23761 pkt (dropped 829, overlimits 23735 requeues 0) 
 backlog 2484b 2p requeues 0
qdisc dualpi2 2: parent 1:10 limit 15040000p target 1ms tupdate 16ms alpha 0.152344 beta 3.195312 l4s_ect coupling_factor 2 drop_on_overload step_thresh 1ms drop_dequeue split_gso classic_protection 10% 
 Sent 29500726 bytes 23761 pkt (dropped 829, overlimits 0 requeues 0) 
 backlog 2484b 2p requeues 0
prob 0.379097 delay_c 1714us delay_l 0us
pkts_in_c 24592 pkts_in_l 0 maxq 27
ecn_mark 0 step_marks 0
credit -121120 (L)

------ Mon 01 Dec 2025 11:32:51 PM PST ------
qdisc htb 1: root refcnt 33 r2q 10 default 0x10 direct_packets_stat 0 direct_qlen 1000
 Sent 29541712 bytes 23794 pkt (dropped 830, overlimits 23768 requeues 0) 
 backlog 3726b 3p requeues 0
qdisc dualpi2 2: parent 1:10 limit 15040000p target 1ms tupdate 16ms alpha 0.152344 beta 3.195312 l4s_ect coupling_factor 2 drop_on_overload step_thresh 1ms drop_dequeue split_gso classic_protection 10% 
 Sent 29541712 bytes 23794 pkt (dropped 830, overlimits 0 requeues 0) 
 backlog 3726b 3p requeues 0
prob 0.382514 delay_c 2417us delay_l 0us
pkts_in_c 24627 pkts_in_l 0 maxq 27
ecn_mark 0 step_marks 0
credit -121120 (L)

------ Mon 01 Dec 2025 11:32:51 PM PST ------
qdisc htb 1: root refcnt 33 r2q 10 default 0x10 direct_packets_stat 0 direct_qlen 1000
 Sent 29585182 bytes 23829 pkt (dropped 831, overlimits 23803 requeues 0) 
 backlog 3726b 3p requeues 0
qdisc dualpi2 2: parent 1:10 limit 15040000p target 1ms tupdate 16ms alpha 0.152344 beta 3.195312 l4s_ect coupling_factor 2 drop_on_overload step_thresh 1ms drop_dequeue split_gso classic_protection 10% 
 Sent 29585182 bytes 23829 pkt (dropped 831, overlimits 0 requeues 0) 
 backlog 3726b 3p requeues 0
prob 0.382934 delay_c 2466us delay_l 0us
pkts_in_c 24663 pkts_in_l 0 maxq 27
ecn_mark 0 step_marks 0
credit -121120 (L)

------ Mon 01 Dec 2025 11:32:51 PM PST ------
qdisc htb 1: root refcnt 33 r2q 10 default 0x10 direct_packets_stat 0 direct_qlen 1000
 Sent 29627410 bytes 23863 pkt (dropped 833, overlimits 23837 requeues 0) 
 backlog 2484b 2p requeues 0
qdisc dualpi2 2: parent 1:10 limit 15040000p target 1ms tupdate 16ms alpha 0.152344 beta 3.195312 l4s_ect coupling_factor 2 drop_on_overload step_thresh 1ms drop_dequeue split_gso classic_protection 10% 
 Sent 29627410 bytes 23863 pkt (dropped 833, overlimits 0 requeues 0) 
 backlog 2484b 2p requeues 0
prob 0.379968 delay_c 1349us delay_l 0us
pkts_in_c 24698 pkts_in_l 0 maxq 27
ecn_mark 0 step_marks 0
credit -121120 (L)

------ Mon 01 Dec 2025 11:32:51 PM PST ------
qdisc htb 1: root refcnt 33 r2q 10 default 0x10 direct_packets_stat 0 direct_qlen 1000
 Sent 29669638 bytes 23897 pkt (dropped 834, overlimits 23871 requeues 0) 
 backlog 2484b 2p requeues 0
qdisc dualpi2 2: parent 1:10 limit 15040000p target 1ms tupdate 16ms alpha 0.152344 beta 3.195312 l4s_ect coupling_factor 2 drop_on_overload step_thresh 1ms drop_dequeue split_gso classic_protection 10% 
 Sent 29669638 bytes 23897 pkt (dropped 834, overlimits 0 requeues 0) 
 backlog 2484b 2p requeues 0
prob 0.380237 delay_c 1556us delay_l 0us
pkts_in_c 24733 pkts_in_l 0 maxq 27
ecn_mark 0 step_marks 0
credit -121120 (L)

------ Mon 01 Dec 2025 11:32:51 PM PST ------
qdisc htb 1: root refcnt 33 r2q 10 default 0x10 direct_packets_stat 0 direct_qlen 1000
 Sent 29711866 bytes 23931 pkt (dropped 835, overlimits 23905 requeues 0) 
 backlog 2484b 2p requeues 0
qdisc dualpi2 2: parent 1:10 limit 15040000p target 1ms tupdate 16ms alpha 0.152344 beta 3.195312 l4s_ect coupling_factor 2 drop_on_overload step_thresh 1ms drop_dequeue split_gso classic_protection 10% 
 Sent 29711866 bytes 23931 pkt (dropped 835, overlimits 0 requeues 0) 
 backlog 2484b 2p requeues 0
prob 0.376986 delay_c 1641us delay_l 0us
pkts_in_c 24768 pkts_in_l 0 maxq 27
ecn_mark 0 step_marks 0
credit -121120 (L)

------ Mon 01 Dec 2025 11:32:51 PM PST ------
qdisc htb 1: root refcnt 33 r2q 10 default 0x10 direct_packets_stat 0 direct_qlen 1000
 Sent 29752852 bytes 23964 pkt (dropped 837, overlimits 23938 requeues 0) 
 backlog 2484b 2p requeues 0
qdisc dualpi2 2: parent 1:10 limit 15040000p target 1ms tupdate 16ms alpha 0.152344 beta 3.195312 l4s_ect coupling_factor 2 drop_on_overload step_thresh 1ms drop_dequeue split_gso classic_protection 10% 
 Sent 29752852 bytes 23964 pkt (dropped 837, overlimits 0 requeues 0) 
 backlog 2484b 2p requeues 0
prob 0.380446 delay_c 1334us delay_l 0us
pkts_in_c 24803 pkts_in_l 0 maxq 27
ecn_mark 0 step_marks 0
credit -121120 (L)

------ Mon 01 Dec 2025 11:32:51 PM PST ------
qdisc htb 1: root refcnt 33 r2q 10 default 0x10 direct_packets_stat 0 direct_qlen 1000
 Sent 29796322 bytes 23999 pkt (dropped 838, overlimits 23973 requeues 0) 
 backlog 3726b 3p requeues 0
qdisc dualpi2 2: parent 1:10 limit 15040000p target 1ms tupdate 16ms alpha 0.152344 beta 3.195312 l4s_ect coupling_factor 2 drop_on_overload step_thresh 1ms drop_dequeue split_gso classic_protection 10% 
 Sent 29796322 bytes 23999 pkt (dropped 838, overlimits 0 requeues 0) 
 backlog 3726b 3p requeues 0
prob 0.380528 delay_c 1390us delay_l 0us
pkts_in_c 24840 pkts_in_l 0 maxq 27
ecn_mark 0 step_marks 0
credit -121120 (L)

------ Mon 01 Dec 2025 11:32:51 PM PST ------
qdisc htb 1: root refcnt 33 r2q 10 default 0x10 direct_packets_stat 0 direct_qlen 1000
 Sent 29839792 bytes 24034 pkt (dropped 839, overlimits 24008 requeues 0) 
 backlog 2484b 2p requeues 0
qdisc dualpi2 2: parent 1:10 limit 15040000p target 1ms tupdate 16ms alpha 0.152344 beta 3.195312 l4s_ect coupling_factor 2 drop_on_overload step_thresh 1ms drop_dequeue split_gso classic_protection 10% 
 Sent 29839792 bytes 24034 pkt (dropped 839, overlimits 0 requeues 0) 
 backlog 2484b 2p requeues 0
prob 0.377430 delay_c 924us delay_l 0us
pkts_in_c 24875 pkts_in_l 0 maxq 27
ecn_mark 0 step_marks 0
credit -121120 (L)

------ Mon 01 Dec 2025 11:32:51 PM PST ------
qdisc htb 1: root refcnt 33 r2q 10 default 0x10 direct_packets_stat 0 direct_qlen 1000
 Sent 29882020 bytes 24068 pkt (dropped 840, overlimits 24042 requeues 0) 
 backlog 3726b 3p requeues 0
qdisc dualpi2 2: parent 1:10 limit 15040000p target 1ms tupdate 16ms alpha 0.152344 beta 3.195312 l4s_ect coupling_factor 2 drop_on_overload step_thresh 1ms drop_dequeue split_gso classic_protection 10% 
 Sent 29882020 bytes 24068 pkt (dropped 840, overlimits 0 requeues 0) 
 backlog 3726b 3p requeues 0
prob 0.380838 delay_c 1345us delay_l 0us
pkts_in_c 24911 pkts_in_l 0 maxq 27
ecn_mark 0 step_marks 0
credit -121120 (L)

------ Mon 01 Dec 2025 11:32:51 PM PST ------
qdisc htb 1: root refcnt 33 r2q 10 default 0x10 direct_packets_stat 0 direct_qlen 1000
 Sent 29924248 bytes 24102 pkt (dropped 841, overlimits 24076 requeues 0) 
 backlog 2484b 2p requeues 0
qdisc dualpi2 2: parent 1:10 limit 15040000p target 1ms tupdate 16ms alpha 0.152344 beta 3.195312 l4s_ect coupling_factor 2 drop_on_overload step_thresh 1ms drop_dequeue split_gso classic_protection 10% 
 Sent 29924248 bytes 24102 pkt (dropped 841, overlimits 0 requeues 0) 
 backlog 2484b 2p requeues 0
prob 0.377613 delay_c 958us delay_l 0us
pkts_in_c 24945 pkts_in_l 0 maxq 27
ecn_mark 0 step_marks 0
credit -121120 (L)

------ Mon 01 Dec 2025 11:32:51 PM PST ------
qdisc htb 1: root refcnt 33 r2q 10 default 0x10 direct_packets_stat 0 direct_qlen 1000
 Sent 29966476 bytes 24136 pkt (dropped 843, overlimits 24110 requeues 0) 
 backlog 2484b 2p requeues 0
qdisc dualpi2 2: parent 1:10 limit 15040000p target 1ms tupdate 16ms alpha 0.152344 beta 3.195312 l4s_ect coupling_factor 2 drop_on_overload step_thresh 1ms drop_dequeue split_gso classic_protection 10% 
 Sent 29966476 bytes 24136 pkt (dropped 843, overlimits 0 requeues 0) 
 backlog 2484b 2p requeues 0
prob 0.381052 delay_c 1137us delay_l 0us
pkts_in_c 24981 pkts_in_l 0 maxq 27
ecn_mark 0 step_marks 0
credit -121120 (L)

------ Mon 01 Dec 2025 11:32:51 PM PST ------
qdisc htb 1: root refcnt 33 r2q 10 default 0x10 direct_packets_stat 0 direct_qlen 1000
 Sent 30009946 bytes 24171 pkt (dropped 844, overlimits 24145 requeues 0) 
 backlog 2484b 2p requeues 0
qdisc dualpi2 2: parent 1:10 limit 15040000p target 1ms tupdate 16ms alpha 0.152344 beta 3.195312 l4s_ect coupling_factor 2 drop_on_overload step_thresh 1ms drop_dequeue split_gso classic_protection 10% 
 Sent 30009946 bytes 24171 pkt (dropped 844, overlimits 0 requeues 0) 
 backlog 2484b 2p requeues 0
prob 0.381104 delay_c 1128us delay_l 0us
pkts_in_c 25017 pkts_in_l 0 maxq 27
ecn_mark 0 step_marks 0
credit -121120 (L)

------ Mon 01 Dec 2025 11:32:51 PM PST ------
qdisc htb 1: root refcnt 33 r2q 10 default 0x10 direct_packets_stat 0 direct_qlen 1000
 Sent 30050932 bytes 24204 pkt (dropped 845, overlimits 24178 requeues 0) 
 backlog 3726b 3p requeues 0
qdisc dualpi2 2: parent 1:10 limit 15040000p target 1ms tupdate 16ms alpha 0.152344 beta 3.195312 l4s_ect coupling_factor 2 drop_on_overload step_thresh 1ms drop_dequeue split_gso classic_protection 10% 
 Sent 30050932 bytes 24204 pkt (dropped 845, overlimits 0 requeues 0) 
 backlog 3726b 3p requeues 0
prob 0.378067 delay_c 2182us delay_l 0us
pkts_in_c 25052 pkts_in_l 0 maxq 27
ecn_mark 0 step_marks 0
credit -121120 (L)

------ Mon 01 Dec 2025 11:32:51 PM PST ------
qdisc htb 1: root refcnt 33 r2q 10 default 0x10 direct_packets_stat 0 direct_qlen 1000
 Sent 30094402 bytes 24239 pkt (dropped 846, overlimits 24213 requeues 0) 
 backlog 2484b 2p requeues 0
qdisc dualpi2 2: parent 1:10 limit 15040000p target 1ms tupdate 16ms alpha 0.152344 beta 3.195312 l4s_ect coupling_factor 2 drop_on_overload step_thresh 1ms drop_dequeue split_gso classic_protection 10% 
 Sent 30094402 bytes 24239 pkt (dropped 846, overlimits 0 requeues 0) 
 backlog 2484b 2p requeues 0
prob 0.381397 delay_c 1391us delay_l 0us
pkts_in_c 25087 pkts_in_l 0 maxq 27
ecn_mark 0 step_marks 0
credit -121120 (L)

------ Mon 01 Dec 2025 11:32:51 PM PST ------
qdisc htb 1: root refcnt 33 r2q 10 default 0x10 direct_packets_stat 0 direct_qlen 1000
 Sent 30134146 bytes 24271 pkt (dropped 847, overlimits 24245 requeues 0) 
 backlog 3726b 3p requeues 0
qdisc dualpi2 2: parent 1:10 limit 15040000p target 1ms tupdate 16ms alpha 0.152344 beta 3.195312 l4s_ect coupling_factor 2 drop_on_overload step_thresh 1ms drop_dequeue split_gso classic_protection 10% 
 Sent 30134146 bytes 24271 pkt (dropped 847, overlimits 0 requeues 0) 
 backlog 3726b 3p requeues 0
prob 0.381614 delay_c 1281us delay_l 0us
pkts_in_c 25121 pkts_in_l 0 maxq 27
ecn_mark 0 step_marks 0
credit -121120 (L)

------ Mon 01 Dec 2025 11:32:51 PM PST ------
qdisc htb 1: root refcnt 33 r2q 10 default 0x10 direct_packets_stat 0 direct_qlen 1000
 Sent 30176374 bytes 24305 pkt (dropped 848, overlimits 24279 requeues 0) 
 backlog 3726b 3p requeues 0
qdisc dualpi2 2: parent 1:10 limit 15040000p target 1ms tupdate 16ms alpha 0.152344 beta 3.195312 l4s_ect coupling_factor 2 drop_on_overload step_thresh 1ms drop_dequeue split_gso classic_protection 10% 
 Sent 30176374 bytes 24305 pkt (dropped 848, overlimits 0 requeues 0) 
 backlog 3726b 3p requeues 0
prob 0.381861 delay_c 1359us delay_l 0us
pkts_in_c 25156 pkts_in_l 0 maxq 27
ecn_mark 0 step_marks 0
credit -121120 (L)

------ Mon 01 Dec 2025 11:32:51 PM PST ------
qdisc htb 1: root refcnt 33 r2q 10 default 0x10 direct_packets_stat 0 direct_qlen 1000
 Sent 30218602 bytes 24339 pkt (dropped 849, overlimits 24313 requeues 0) 
 backlog 3726b 3p requeues 0
qdisc dualpi2 2: parent 1:10 limit 15040000p target 1ms tupdate 16ms alpha 0.152344 beta 3.195312 l4s_ect coupling_factor 2 drop_on_overload step_thresh 1ms drop_dequeue split_gso classic_protection 10% 
 Sent 30218602 bytes 24339 pkt (dropped 849, overlimits 0 requeues 0) 
 backlog 3726b 3p requeues 0
prob 0.382051 delay_c 1236us delay_l 0us
pkts_in_c 25191 pkts_in_l 0 maxq 27
ecn_mark 0 step_marks 0
credit -121120 (L)

------ Mon 01 Dec 2025 11:32:51 PM PST ------
qdisc htb 1: root refcnt 33 r2q 10 default 0x10 direct_packets_stat 0 direct_qlen 1000
 Sent 30260830 bytes 24373 pkt (dropped 850, overlimits 24347 requeues 0) 
 backlog 3726b 3p requeues 0
qdisc dualpi2 2: parent 1:10 limit 15040000p target 1ms tupdate 16ms alpha 0.152344 beta 3.195312 l4s_ect coupling_factor 2 drop_on_overload step_thresh 1ms drop_dequeue split_gso classic_protection 10% 
 Sent 30260830 bytes 24373 pkt (dropped 850, overlimits 0 requeues 0) 
 backlog 3726b 3p requeues 0
prob 0.382249 delay_c 1468us delay_l 0us
pkts_in_c 25226 pkts_in_l 0 maxq 27
ecn_mark 0 step_marks 0
credit -121120 (L)

------ Mon 01 Dec 2025 11:32:51 PM PST ------
qdisc htb 1: root refcnt 33 r2q 10 default 0x10 direct_packets_stat 0 direct_qlen 1000
 Sent 30300574 bytes 24405 pkt (dropped 852, overlimits 24379 requeues 0) 
 backlog 3726b 3p requeues 0
qdisc dualpi2 2: parent 1:10 limit 15040000p target 1ms tupdate 16ms alpha 0.152344 beta 3.195312 l4s_ect coupling_factor 2 drop_on_overload step_thresh 1ms drop_dequeue split_gso classic_protection 10% 
 Sent 30300574 bytes 24405 pkt (dropped 852, overlimits 0 requeues 0) 
 backlog 3726b 3p requeues 0
prob 0.382613 delay_c 1363us delay_l 0us
pkts_in_c 25260 pkts_in_l 0 maxq 27
ecn_mark 0 step_marks 0
credit -121120 (L)

------ Mon 01 Dec 2025 11:32:52 PM PST ------
qdisc htb 1: root refcnt 33 r2q 10 default 0x10 direct_packets_stat 0 direct_qlen 1000
 Sent 30341560 bytes 24438 pkt (dropped 853, overlimits 24412 requeues 0) 
 backlog 2484b 2p requeues 0
qdisc dualpi2 2: parent 1:10 limit 15040000p target 1ms tupdate 16ms alpha 0.152344 beta 3.195312 l4s_ect coupling_factor 2 drop_on_overload step_thresh 1ms drop_dequeue split_gso classic_protection 10% 
 Sent 30341560 bytes 24438 pkt (dropped 853, overlimits 0 requeues 0) 
 backlog 2484b 2p requeues 0
prob 0.382904 delay_c 1645us delay_l 0us
pkts_in_c 25293 pkts_in_l 0 maxq 27
ecn_mark 0 step_marks 0
credit -121120 (L)

------ Mon 01 Dec 2025 11:32:52 PM PST ------
qdisc htb 1: root refcnt 33 r2q 10 default 0x10 direct_packets_stat 0 direct_qlen 1000
 Sent 30381304 bytes 24470 pkt (dropped 854, overlimits 24444 requeues 0) 
 backlog 3726b 3p requeues 0
qdisc dualpi2 2: parent 1:10 limit 15040000p target 1ms tupdate 16ms alpha 0.152344 beta 3.195312 l4s_ect coupling_factor 2 drop_on_overload step_thresh 1ms drop_dequeue split_gso classic_protection 10% 
 Sent 30381304 bytes 24470 pkt (dropped 854, overlimits 0 requeues 0) 
 backlog 3726b 3p requeues 0
prob 0.379699 delay_c 2378us delay_l 0us
pkts_in_c 25327 pkts_in_l 0 maxq 27
ecn_mark 0 step_marks 0
credit -121120 (L)

------ Mon 01 Dec 2025 11:32:52 PM PST ------
qdisc htb 1: root refcnt 33 r2q 10 default 0x10 direct_packets_stat 0 direct_qlen 1000
 Sent 30422290 bytes 24503 pkt (dropped 855, overlimits 24477 requeues 0) 
 backlog 3726b 3p requeues 0
qdisc dualpi2 2: parent 1:10 limit 15040000p target 1ms tupdate 16ms alpha 0.152344 beta 3.195312 l4s_ect coupling_factor 2 drop_on_overload step_thresh 1ms drop_dequeue split_gso classic_protection 10% 
 Sent 30422290 bytes 24503 pkt (dropped 855, overlimits 0 requeues 0) 
 backlog 3726b 3p requeues 0
prob 0.383171 delay_c 1773us delay_l 0us
pkts_in_c 25361 pkts_in_l 0 maxq 27
ecn_mark 0 step_marks 0
credit -121120 (L)

------ Mon 01 Dec 2025 11:32:52 PM PST ------
qdisc htb 1: root refcnt 33 r2q 10 default 0x10 direct_packets_stat 0 direct_qlen 1000
 Sent 30462034 bytes 24535 pkt (dropped 856, overlimits 24509 requeues 0) 
 backlog 2484b 2p requeues 0
qdisc dualpi2 2: parent 1:10 limit 15040000p target 1ms tupdate 16ms alpha 0.152344 beta 3.195312 l4s_ect coupling_factor 2 drop_on_overload step_thresh 1ms drop_dequeue split_gso classic_protection 10% 
 Sent 30462034 bytes 24535 pkt (dropped 856, overlimits 0 requeues 0) 
 backlog 2484b 2p requeues 0
prob 0.383400 delay_c 1803us delay_l 0us
pkts_in_c 25393 pkts_in_l 0 maxq 27
ecn_mark 0 step_marks 0
credit -121120 (L)

------ Mon 01 Dec 2025 11:32:52 PM PST ------
qdisc htb 1: root refcnt 33 r2q 10 default 0x10 direct_packets_stat 0 direct_qlen 1000
 Sent 30503020 bytes 24568 pkt (dropped 858, overlimits 24542 requeues 0) 
 backlog 2484b 2p requeues 0
qdisc dualpi2 2: parent 1:10 limit 15040000p target 1ms tupdate 16ms alpha 0.152344 beta 3.195312 l4s_ect coupling_factor 2 drop_on_overload step_thresh 1ms drop_dequeue split_gso classic_protection 10% 
 Sent 30503020 bytes 24568 pkt (dropped 858, overlimits 0 requeues 0) 
 backlog 2484b 2p requeues 0
prob 0.383545 delay_c 1198us delay_l 0us
pkts_in_c 25428 pkts_in_l 0 maxq 27
ecn_mark 0 step_marks 0
credit -121120 (L)

------ Mon 01 Dec 2025 11:32:52 PM PST ------
qdisc htb 1: root refcnt 33 r2q 10 default 0x10 direct_packets_stat 0 direct_qlen 1000
 Sent 30541522 bytes 24599 pkt (dropped 859, overlimits 24573 requeues 0) 
 backlog 3726b 3p requeues 0
qdisc dualpi2 2: parent 1:10 limit 15040000p target 1ms tupdate 16ms alpha 0.152344 beta 3.195312 l4s_ect coupling_factor 2 drop_on_overload step_thresh 1ms drop_dequeue split_gso classic_protection 10% 
 Sent 30541522 bytes 24599 pkt (dropped 859, overlimits 0 requeues 0) 
 backlog 3726b 3p requeues 0
prob 0.380326 delay_c 1010us delay_l 0us
pkts_in_c 25461 pkts_in_l 0 maxq 27
ecn_mark 0 step_marks 0
credit -121120 (L)

------ Mon 01 Dec 2025 11:32:52 PM PST ------
qdisc htb 1: root refcnt 33 r2q 10 default 0x10 direct_packets_stat 0 direct_qlen 1000
 Sent 30582508 bytes 24632 pkt (dropped 860, overlimits 24606 requeues 0) 
 backlog 1242b 1p requeues 0
qdisc dualpi2 2: parent 1:10 limit 15040000p target 1ms tupdate 16ms alpha 0.152344 beta 3.195312 l4s_ect coupling_factor 2 drop_on_overload step_thresh 1ms drop_dequeue split_gso classic_protection 10% 
 Sent 30582508 bytes 24632 pkt (dropped 860, overlimits 0 requeues 0) 
 backlog 1242b 1p requeues 0
prob 0.380449 delay_c 908us delay_l 0us
pkts_in_c 25493 pkts_in_l 0 maxq 27
ecn_mark 0 step_marks 0
credit -121120 (L)

------ Mon 01 Dec 2025 11:32:52 PM PST ------
qdisc htb 1: root refcnt 33 r2q 10 default 0x10 direct_packets_stat 0 direct_qlen 1000
 Sent 30621010 bytes 24663 pkt (dropped 861, overlimits 24637 requeues 0) 
 backlog 2484b 2p requeues 0
qdisc dualpi2 2: parent 1:10 limit 15040000p target 1ms tupdate 16ms alpha 0.152344 beta 3.195312 l4s_ect coupling_factor 2 drop_on_overload step_thresh 1ms drop_dequeue split_gso classic_protection 10% 
 Sent 30621010 bytes 24663 pkt (dropped 861, overlimits 0 requeues 0) 
 backlog 2484b 2p requeues 0
prob 0.383707 delay_c 1897us delay_l 0us
pkts_in_c 25526 pkts_in_l 0 maxq 27
ecn_mark 0 step_marks 0
credit -121120 (L)

------ Mon 01 Dec 2025 11:32:52 PM PST ------
qdisc htb 1: root refcnt 33 r2q 10 default 0x10 direct_packets_stat 0 direct_qlen 1000
 Sent 30661996 bytes 24696 pkt (dropped 862, overlimits 24670 requeues 0) 
 backlog 3726b 3p requeues 0
qdisc dualpi2 2: parent 1:10 limit 15040000p target 1ms tupdate 16ms alpha 0.152344 beta 3.195312 l4s_ect coupling_factor 2 drop_on_overload step_thresh 1ms drop_dequeue split_gso classic_protection 10% 
 Sent 30661996 bytes 24696 pkt (dropped 862, overlimits 0 requeues 0) 
 backlog 3726b 3p requeues 0
prob 0.380678 delay_c 1477us delay_l 0us
pkts_in_c 25561 pkts_in_l 0 maxq 27
ecn_mark 0 step_marks 0
credit -121120 (L)

------ Mon 01 Dec 2025 11:32:52 PM PST ------
qdisc htb 1: root refcnt 33 r2q 10 default 0x10 direct_packets_stat 0 direct_qlen 1000
 Sent 30704224 bytes 24730 pkt (dropped 863, overlimits 24704 requeues 0) 
 backlog 3726b 3p requeues 0
qdisc dualpi2 2: parent 1:10 limit 15040000p target 1ms tupdate 16ms alpha 0.152344 beta 3.195312 l4s_ect coupling_factor 2 drop_on_overload step_thresh 1ms drop_dequeue split_gso classic_protection 10% 
 Sent 30704224 bytes 24730 pkt (dropped 863, overlimits 0 requeues 0) 
 backlog 3726b 3p requeues 0
prob 0.387467 delay_c 1190us delay_l 0us
pkts_in_c 25596 pkts_in_l 0 maxq 27
ecn_mark 0 step_marks 0
credit -121120 (L)

------ Mon 01 Dec 2025 11:32:52 PM PST ------
qdisc htb 1: root refcnt 33 r2q 10 default 0x10 direct_packets_stat 0 direct_qlen 1000
 Sent 30743968 bytes 24762 pkt (dropped 865, overlimits 24736 requeues 0) 
 backlog 1242b 1p requeues 0
qdisc dualpi2 2: parent 1:10 limit 15040000p target 1ms tupdate 16ms alpha 0.152344 beta 3.195312 l4s_ect coupling_factor 2 drop_on_overload step_thresh 1ms drop_dequeue split_gso classic_protection 10% 
 Sent 30743968 bytes 24762 pkt (dropped 865, overlimits 0 requeues 0) 
 backlog 1242b 1p requeues 0
prob 0.384359 delay_c 750us delay_l 0us
pkts_in_c 25628 pkts_in_l 0 maxq 27
ecn_mark 0 step_marks 0
credit -121120 (L)

------ Mon 01 Dec 2025 11:32:52 PM PST ------
qdisc htb 1: root refcnt 33 r2q 10 default 0x10 direct_packets_stat 0 direct_qlen 1000
 Sent 30783712 bytes 24794 pkt (dropped 866, overlimits 24768 requeues 0) 
 backlog 2484b 2p requeues 0
qdisc dualpi2 2: parent 1:10 limit 15040000p target 1ms tupdate 16ms alpha 0.152344 beta 3.195312 l4s_ect coupling_factor 2 drop_on_overload step_thresh 1ms drop_dequeue split_gso classic_protection 10% 
 Sent 30783712 bytes 24794 pkt (dropped 866, overlimits 0 requeues 0) 
 backlog 2484b 2p requeues 0
prob 0.384524 delay_c 1063us delay_l 0us
pkts_in_c 25662 pkts_in_l 0 maxq 27
ecn_mark 0 step_marks 0
credit -121120 (L)

------ Mon 01 Dec 2025 11:32:52 PM PST ------
qdisc htb 1: root refcnt 33 r2q 10 default 0x10 direct_packets_stat 0 direct_qlen 1000
 Sent 30822214 bytes 24825 pkt (dropped 866, overlimits 24799 requeues 0) 
 backlog 4968b 4p requeues 0
qdisc dualpi2 2: parent 1:10 limit 15040000p target 1ms tupdate 16ms alpha 0.152344 beta 3.195312 l4s_ect coupling_factor 2 drop_on_overload step_thresh 1ms drop_dequeue split_gso classic_protection 10% 
 Sent 30822214 bytes 24825 pkt (dropped 866, overlimits 0 requeues 0) 
 backlog 4968b 4p requeues 0
prob 0.384627 delay_c 2146us delay_l 0us
pkts_in_c 25695 pkts_in_l 0 maxq 27
ecn_mark 0 step_marks 0
credit -121120 (L)

------ Mon 01 Dec 2025 11:32:52 PM PST ------
qdisc htb 1: root refcnt 33 r2q 10 default 0x10 direct_packets_stat 0 direct_qlen 1000
 Sent 30861958 bytes 24857 pkt (dropped 867, overlimits 24831 requeues 0) 
 backlog 3726b 3p requeues 0
qdisc dualpi2 2: parent 1:10 limit 15040000p target 1ms tupdate 16ms alpha 0.152344 beta 3.195312 l4s_ect coupling_factor 2 drop_on_overload step_thresh 1ms drop_dequeue split_gso classic_protection 10% 
 Sent 30861958 bytes 24857 pkt (dropped 867, overlimits 0 requeues 0) 
 backlog 3726b 3p requeues 0
prob 0.384745 delay_c 2752us delay_l 0us
pkts_in_c 25727 pkts_in_l 0 maxq 27
ecn_mark 0 step_marks 0
credit -121120 (L)

------ Mon 01 Dec 2025 11:32:52 PM PST ------
qdisc htb 1: root refcnt 33 r2q 10 default 0x10 direct_packets_stat 0 direct_qlen 1000
 Sent 30902944 bytes 24890 pkt (dropped 869, overlimits 24864 requeues 0) 
 backlog 2484b 2p requeues 0
qdisc dualpi2 2: parent 1:10 limit 15040000p target 1ms tupdate 16ms alpha 0.152344 beta 3.195312 l4s_ect coupling_factor 2 drop_on_overload step_thresh 1ms drop_dequeue split_gso classic_protection 10% 
 Sent 30902944 bytes 24890 pkt (dropped 869, overlimits 0 requeues 0) 
 backlog 2484b 2p requeues 0
prob 0.385082 delay_c 1888us delay_l 0us
pkts_in_c 25761 pkts_in_l 0 maxq 27
ecn_mark 0 step_marks 0
credit -121120 (L)

------ Mon 01 Dec 2025 11:32:52 PM PST ------
qdisc htb 1: root refcnt 33 r2q 10 default 0x10 direct_packets_stat 0 direct_qlen 1000
 Sent 30945172 bytes 24924 pkt (dropped 869, overlimits 24898 requeues 0) 
 backlog 3726b 3p requeues 0
qdisc dualpi2 2: parent 1:10 limit 15040000p target 1ms tupdate 16ms alpha 0.152344 beta 3.195312 l4s_ect coupling_factor 2 drop_on_overload step_thresh 1ms drop_dequeue split_gso classic_protection 10% 
 Sent 30945172 bytes 24924 pkt (dropped 869, overlimits 0 requeues 0) 
 backlog 3726b 3p requeues 0
prob 0.385372 delay_c 1654us delay_l 0us
pkts_in_c 25796 pkts_in_l 0 maxq 27
ecn_mark 0 step_marks 0
credit -121120 (L)

------ Mon 01 Dec 2025 11:32:52 PM PST ------
qdisc htb 1: root refcnt 33 r2q 10 default 0x10 direct_packets_stat 0 direct_qlen 1000
 Sent 30988642 bytes 24959 pkt (dropped 871, overlimits 24933 requeues 0) 
 backlog 2484b 2p requeues 0
qdisc dualpi2 2: parent 1:10 limit 15040000p target 1ms tupdate 16ms alpha 0.152344 beta 3.195312 l4s_ect coupling_factor 2 drop_on_overload step_thresh 1ms drop_dequeue split_gso classic_protection 10% 
 Sent 30988642 bytes 24959 pkt (dropped 871, overlimits 0 requeues 0) 
 backlog 2484b 2p requeues 0
prob 0.385680 delay_c 1723us delay_l 0us
pkts_in_c 25832 pkts_in_l 0 maxq 27
ecn_mark 0 step_marks 0
credit -121120 (L)

------ Mon 01 Dec 2025 11:32:52 PM PST ------
qdisc htb 1: root refcnt 33 r2q 10 default 0x10 direct_packets_stat 0 direct_qlen 1000
 Sent 31030870 bytes 24993 pkt (dropped 873, overlimits 24967 requeues 0) 
 backlog 1242b 1p requeues 0
qdisc dualpi2 2: parent 1:10 limit 15040000p target 1ms tupdate 16ms alpha 0.152344 beta 3.195312 l4s_ect coupling_factor 2 drop_on_overload step_thresh 1ms drop_dequeue split_gso classic_protection 10% 
 Sent 31030870 bytes 24993 pkt (dropped 873, overlimits 0 requeues 0) 
 backlog 1242b 1p requeues 0
prob 0.382437 delay_c 781us delay_l 0us
pkts_in_c 25867 pkts_in_l 0 maxq 27
ecn_mark 0 step_marks 0
credit -121120 (L)

------ Mon 01 Dec 2025 11:32:52 PM PST ------
qdisc htb 1: root refcnt 33 r2q 10 default 0x10 direct_packets_stat 0 direct_qlen 1000
 Sent 31069372 bytes 25024 pkt (dropped 873, overlimits 24998 requeues 0) 
 backlog 3726b 3p requeues 0
qdisc dualpi2 2: parent 1:10 limit 15040000p target 1ms tupdate 16ms alpha 0.152344 beta 3.195312 l4s_ect coupling_factor 2 drop_on_overload step_thresh 1ms drop_dequeue split_gso classic_protection 10% 
 Sent 31069372 bytes 25024 pkt (dropped 873, overlimits 0 requeues 0) 
 backlog 3726b 3p requeues 0
prob 0.385804 delay_c 1693us delay_l 0us
pkts_in_c 25900 pkts_in_l 0 maxq 27
ecn_mark 0 step_marks 0
credit -121120 (L)

------ Mon 01 Dec 2025 11:32:52 PM PST ------
qdisc htb 1: root refcnt 33 r2q 10 default 0x10 direct_packets_stat 0 direct_qlen 1000
 Sent 31110358 bytes 25057 pkt (dropped 874, overlimits 25031 requeues 0) 
 backlog 4968b 4p requeues 0
qdisc dualpi2 2: parent 1:10 limit 15040000p target 1ms tupdate 16ms alpha 0.152344 beta 3.195312 l4s_ect coupling_factor 2 drop_on_overload step_thresh 1ms drop_dequeue split_gso classic_protection 10% 
 Sent 31110358 bytes 25057 pkt (dropped 874, overlimits 0 requeues 0) 
 backlog 4968b 4p requeues 0
prob 0.385848 delay_c 2352us delay_l 0us
pkts_in_c 25935 pkts_in_l 0 maxq 27
ecn_mark 0 step_marks 0
credit -121120 (L)

------ Mon 01 Dec 2025 11:32:52 PM PST ------
qdisc htb 1: root refcnt 33 r2q 10 default 0x10 direct_packets_stat 0 direct_qlen 1000
 Sent 31153828 bytes 25092 pkt (dropped 876, overlimits 25066 requeues 0) 
 backlog 3726b 3p requeues 0
qdisc dualpi2 2: parent 1:10 limit 15040000p target 1ms tupdate 16ms alpha 0.152344 beta 3.195312 l4s_ect coupling_factor 2 drop_on_overload step_thresh 1ms drop_dequeue split_gso classic_protection 10% 
 Sent 31153828 bytes 25092 pkt (dropped 876, overlimits 0 requeues 0) 
 backlog 3726b 3p requeues 0
prob 0.382785 delay_c 1066us delay_l 0us
pkts_in_c 25971 pkts_in_l 0 maxq 27
ecn_mark 0 step_marks 0
credit -121120 (L)

------ Mon 01 Dec 2025 11:32:52 PM PST ------
qdisc htb 1: root refcnt 33 r2q 10 default 0x10 direct_packets_stat 0 direct_qlen 1000
 Sent 31196056 bytes 25126 pkt (dropped 877, overlimits 25100 requeues 0) 
 backlog 3726b 3p requeues 0
qdisc dualpi2 2: parent 1:10 limit 15040000p target 1ms tupdate 16ms alpha 0.152344 beta 3.195312 l4s_ect coupling_factor 2 drop_on_overload step_thresh 1ms drop_dequeue split_gso classic_protection 10% 
 Sent 31196056 bytes 25126 pkt (dropped 877, overlimits 0 requeues 0) 
 backlog 3726b 3p requeues 0
prob 0.386188 delay_c 1594us delay_l 0us
pkts_in_c 26006 pkts_in_l 0 maxq 27
ecn_mark 0 step_marks 0
credit -121120 (L)

------ Mon 01 Dec 2025 11:32:52 PM PST ------
qdisc htb 1: root refcnt 33 r2q 10 default 0x10 direct_packets_stat 0 direct_qlen 1000
 Sent 31237042 bytes 25159 pkt (dropped 878, overlimits 25133 requeues 0) 
 backlog 3726b 3p requeues 0
qdisc dualpi2 2: parent 1:10 limit 15040000p target 1ms tupdate 16ms alpha 0.152344 beta 3.195312 l4s_ect coupling_factor 2 drop_on_overload step_thresh 1ms drop_dequeue split_gso classic_protection 10% 
 Sent 31237042 bytes 25159 pkt (dropped 878, overlimits 0 requeues 0) 
 backlog 3726b 3p requeues 0
prob 0.383074 delay_c 1742us delay_l 0us
pkts_in_c 26040 pkts_in_l 0 maxq 27
ecn_mark 0 step_marks 0
credit -121120 (L)

------ Mon 01 Dec 2025 11:32:52 PM PST ------
qdisc htb 1: root refcnt 33 r2q 10 default 0x10 direct_packets_stat 0 direct_qlen 1000
 Sent 31279270 bytes 25193 pkt (dropped 879, overlimits 25167 requeues 0) 
 backlog 3726b 3p requeues 0
qdisc dualpi2 2: parent 1:10 limit 15040000p target 1ms tupdate 16ms alpha 0.152344 beta 3.195312 l4s_ect coupling_factor 2 drop_on_overload step_thresh 1ms drop_dequeue split_gso classic_protection 10% 
 Sent 31279270 bytes 25193 pkt (dropped 879, overlimits 0 requeues 0) 
 backlog 3726b 3p requeues 0
prob 0.386590 delay_c 1571us delay_l 0us
pkts_in_c 26075 pkts_in_l 0 maxq 27
ecn_mark 0 step_marks 0
credit -121120 (L)

------ Mon 01 Dec 2025 11:32:52 PM PST ------
qdisc htb 1: root refcnt 33 r2q 10 default 0x10 direct_packets_stat 0 direct_qlen 1000
 Sent 31322740 bytes 25228 pkt (dropped 881, overlimits 25202 requeues 0) 
 backlog 2484b 2p requeues 0
qdisc dualpi2 2: parent 1:10 limit 15040000p target 1ms tupdate 16ms alpha 0.152344 beta 3.195312 l4s_ect coupling_factor 2 drop_on_overload step_thresh 1ms drop_dequeue split_gso classic_protection 10% 
 Sent 31322740 bytes 25228 pkt (dropped 881, overlimits 0 requeues 0) 
 backlog 2484b 2p requeues 0
prob 0.383463 delay_c 1648us delay_l 0us
pkts_in_c 26111 pkts_in_l 0 maxq 27
ecn_mark 0 step_marks 0
credit -121120 (L)

------ Mon 01 Dec 2025 11:32:52 PM PST ------
qdisc htb 1: root refcnt 33 r2q 10 default 0x10 direct_packets_stat 0 direct_qlen 1000
 Sent 31364968 bytes 25262 pkt (dropped 881, overlimits 25236 requeues 0) 
 backlog 4968b 4p requeues 0
qdisc dualpi2 2: parent 1:10 limit 15040000p target 1ms tupdate 16ms alpha 0.152344 beta 3.195312 l4s_ect coupling_factor 2 drop_on_overload step_thresh 1ms drop_dequeue split_gso classic_protection 10% 
 Sent 31364968 bytes 25262 pkt (dropped 881, overlimits 0 requeues 0) 
 backlog 4968b 4p requeues 0
prob 0.386860 delay_c 2128us delay_l 0us
pkts_in_c 26147 pkts_in_l 0 maxq 27
ecn_mark 0 step_marks 0
credit -121120 (L)

------ Mon 01 Dec 2025 11:32:52 PM PST ------
qdisc htb 1: root refcnt 33 r2q 10 default 0x10 direct_packets_stat 0 direct_qlen 1000
 Sent 31407196 bytes 25296 pkt (dropped 882, overlimits 25270 requeues 0) 
 backlog 4968b 4p requeues 0
qdisc dualpi2 2: parent 1:10 limit 15040000p target 1ms tupdate 16ms alpha 0.152344 beta 3.195312 l4s_ect coupling_factor 2 drop_on_overload step_thresh 1ms drop_dequeue split_gso classic_protection 10% 
 Sent 31407196 bytes 25296 pkt (dropped 882, overlimits 0 requeues 0) 
 backlog 4968b 4p requeues 0
prob 0.387179 delay_c 2343us delay_l 0us
pkts_in_c 26182 pkts_in_l 0 maxq 27
ecn_mark 0 step_marks 0
credit -121120 (L)

------ Mon 01 Dec 2025 11:32:52 PM PST ------
qdisc htb 1: root refcnt 33 r2q 10 default 0x10 direct_packets_stat 0 direct_qlen 1000
 Sent 31449424 bytes 25330 pkt (dropped 884, overlimits 25304 requeues 0) 
 backlog 3726b 3p requeues 0
qdisc dualpi2 2: parent 1:10 limit 15040000p target 1ms tupdate 16ms alpha 0.152344 beta 3.195312 l4s_ect coupling_factor 2 drop_on_overload step_thresh 1ms drop_dequeue split_gso classic_protection 10% 
 Sent 31449424 bytes 25330 pkt (dropped 884, overlimits 0 requeues 0) 
 backlog 3726b 3p requeues 0
prob 0.387401 delay_c 2504us delay_l 0us
pkts_in_c 26217 pkts_in_l 0 maxq 27
ecn_mark 0 step_marks 0
credit -121120 (L)

------ Mon 01 Dec 2025 11:32:52 PM PST ------
qdisc htb 1: root refcnt 33 r2q 10 default 0x10 direct_packets_stat 0 direct_qlen 1000
 Sent 31491652 bytes 25364 pkt (dropped 885, overlimits 25337 requeues 0) 
 backlog 3726b 3p requeues 0
qdisc dualpi2 2: parent 1:10 limit 15040000p target 1ms tupdate 16ms alpha 0.152344 beta 3.195312 l4s_ect coupling_factor 2 drop_on_overload step_thresh 1ms drop_dequeue split_gso classic_protection 10% 
 Sent 31491652 bytes 25364 pkt (dropped 885, overlimits 0 requeues 0) 
 backlog 3726b 3p requeues 0
prob 0.387481 delay_c 2554us delay_l 0us
pkts_in_c 26252 pkts_in_l 0 maxq 27
ecn_mark 0 step_marks 0
credit -121120 (L)

------ Mon 01 Dec 2025 11:32:52 PM PST ------
qdisc htb 1: root refcnt 33 r2q 10 default 0x10 direct_packets_stat 0 direct_qlen 1000
 Sent 31533880 bytes 25398 pkt (dropped 887, overlimits 25371 requeues 0) 
 backlog 2484b 2p requeues 0
qdisc dualpi2 2: parent 1:10 limit 15040000p target 1ms tupdate 16ms alpha 0.152344 beta 3.195312 l4s_ect coupling_factor 2 drop_on_overload step_thresh 1ms drop_dequeue split_gso classic_protection 10% 
 Sent 31533880 bytes 25398 pkt (dropped 887, overlimits 0 requeues 0) 
 backlog 2484b 2p requeues 0
prob 0.387689 delay_c 1785us delay_l 0us
pkts_in_c 26287 pkts_in_l 0 maxq 27
ecn_mark 0 step_marks 0
credit -121120 (L)

------ Mon 01 Dec 2025 11:32:52 PM PST ------
qdisc htb 1: root refcnt 33 r2q 10 default 0x10 direct_packets_stat 0 direct_qlen 1000
 Sent 31577350 bytes 25433 pkt (dropped 888, overlimits 25406 requeues 0) 
 backlog 2484b 2p requeues 0
qdisc dualpi2 2: parent 1:10 limit 15040000p target 1ms tupdate 16ms alpha 0.152344 beta 3.195312 l4s_ect coupling_factor 2 drop_on_overload step_thresh 1ms drop_dequeue split_gso classic_protection 10% 
 Sent 31577350 bytes 25433 pkt (dropped 888, overlimits 0 requeues 0) 
 backlog 2484b 2p requeues 0
prob 0.387815 delay_c 1489us delay_l 0us
pkts_in_c 26323 pkts_in_l 0 maxq 27
ecn_mark 0 step_marks 0
credit -121120 (L)

------ Mon 01 Dec 2025 11:32:52 PM PST ------
qdisc htb 1: root refcnt 33 r2q 10 default 0x10 direct_packets_stat 0 direct_qlen 1000
 Sent 31619578 bytes 25467 pkt (dropped 889, overlimits 25440 requeues 0) 
 backlog 2484b 2p requeues 0
qdisc dualpi2 2: parent 1:10 limit 15040000p target 1ms tupdate 16ms alpha 0.152344 beta 3.195312 l4s_ect coupling_factor 2 drop_on_overload step_thresh 1ms drop_dequeue split_gso classic_protection 10% 
 Sent 31619578 bytes 25467 pkt (dropped 889, overlimits 0 requeues 0) 
 backlog 2484b 2p requeues 0
prob 0.384728 delay_c 1782us delay_l 0us
pkts_in_c 26358 pkts_in_l 0 maxq 27
ecn_mark 0 step_marks 0
credit -121120 (L)

------ Mon 01 Dec 2025 11:32:52 PM PST ------
qdisc htb 1: root refcnt 33 r2q 10 default 0x10 direct_packets_stat 0 direct_qlen 1000
 Sent 31661806 bytes 25501 pkt (dropped 890, overlimits 25474 requeues 0) 
 backlog 2484b 2p requeues 0
qdisc dualpi2 2: parent 1:10 limit 15040000p target 1ms tupdate 16ms alpha 0.152344 beta 3.195312 l4s_ect coupling_factor 2 drop_on_overload step_thresh 1ms drop_dequeue split_gso classic_protection 10% 
 Sent 31661806 bytes 25501 pkt (dropped 890, overlimits 0 requeues 0) 
 backlog 2484b 2p requeues 0
prob 0.388224 delay_c 1736us delay_l 0us
pkts_in_c 26393 pkts_in_l 0 maxq 27
ecn_mark 0 step_marks 0
credit -121120 (L)

------ Mon 01 Dec 2025 11:32:52 PM PST ------
qdisc htb 1: root refcnt 33 r2q 10 default 0x10 direct_packets_stat 0 direct_qlen 1000
 Sent 31704034 bytes 25535 pkt (dropped 891, overlimits 25508 requeues 0) 
 backlog 4968b 4p requeues 0
qdisc dualpi2 2: parent 1:10 limit 15040000p target 1ms tupdate 16ms alpha 0.152344 beta 3.195312 l4s_ect coupling_factor 2 drop_on_overload step_thresh 1ms drop_dequeue split_gso classic_protection 10% 
 Sent 31704034 bytes 25535 pkt (dropped 891, overlimits 0 requeues 0) 
 backlog 4968b 4p requeues 0
prob 0.388314 delay_c 2004us delay_l 0us
pkts_in_c 26430 pkts_in_l 0 maxq 27
ecn_mark 0 step_marks 0
credit -121120 (L)

------ Mon 01 Dec 2025 11:32:52 PM PST ------
qdisc htb 1: root refcnt 33 r2q 10 default 0x10 direct_packets_stat 0 direct_qlen 1000
 Sent 31746262 bytes 25569 pkt (dropped 892, overlimits 25542 requeues 0) 
 backlog 4968b 4p requeues 0
qdisc dualpi2 2: parent 1:10 limit 15040000p target 1ms tupdate 16ms alpha 0.152344 beta 3.195312 l4s_ect coupling_factor 2 drop_on_overload step_thresh 1ms drop_dequeue split_gso classic_protection 10% 
 Sent 31746262 bytes 25569 pkt (dropped 892, overlimits 0 requeues 0) 
 backlog 4968b 4p requeues 0
prob 0.388545 delay_c 2187us delay_l 0us
pkts_in_c 26465 pkts_in_l 0 maxq 27
ecn_mark 0 step_marks 0
credit -121120 (L)

------ Mon 01 Dec 2025 11:32:52 PM PST ------
qdisc htb 1: root refcnt 33 r2q 10 default 0x10 direct_packets_stat 0 direct_qlen 1000
 Sent 31789732 bytes 25604 pkt (dropped 894, overlimits 25577 requeues 0) 
 backlog 3726b 3p requeues 0
qdisc dualpi2 2: parent 1:10 limit 15040000p target 1ms tupdate 16ms alpha 0.152344 beta 3.195312 l4s_ect coupling_factor 2 drop_on_overload step_thresh 1ms drop_dequeue split_gso classic_protection 10% 
 Sent 31789732 bytes 25604 pkt (dropped 894, overlimits 0 requeues 0) 
 backlog 3726b 3p requeues 0
prob 0.388619 delay_c 1225us delay_l 0us
pkts_in_c 26501 pkts_in_l 0 maxq 27
ecn_mark 0 step_marks 0
credit -121120 (L)

------ Mon 01 Dec 2025 11:32:53 PM PST ------
qdisc htb 1: root refcnt 33 r2q 10 default 0x10 direct_packets_stat 0 direct_qlen 1000
 Sent 31831960 bytes 25638 pkt (dropped 895, overlimits 25611 requeues 0) 
 backlog 3726b 3p requeues 0
qdisc dualpi2 2: parent 1:10 limit 15040000p target 1ms tupdate 16ms alpha 0.152344 beta 3.195312 l4s_ect coupling_factor 2 drop_on_overload step_thresh 1ms drop_dequeue split_gso classic_protection 10% 
 Sent 31831960 bytes 25638 pkt (dropped 895, overlimits 0 requeues 0) 
 backlog 3726b 3p requeues 0
prob 0.388851 delay_c 1316us delay_l 0us
pkts_in_c 26536 pkts_in_l 0 maxq 27
ecn_mark 0 step_marks 0
credit -121120 (L)

------ Mon 01 Dec 2025 11:32:53 PM PST ------
qdisc htb 1: root refcnt 33 r2q 10 default 0x10 direct_packets_stat 0 direct_qlen 1000
 Sent 31872946 bytes 25671 pkt (dropped 896, overlimits 25644 requeues 0) 
 backlog 3726b 3p requeues 0
qdisc dualpi2 2: parent 1:10 limit 15040000p target 1ms tupdate 16ms alpha 0.152344 beta 3.195312 l4s_ect coupling_factor 2 drop_on_overload step_thresh 1ms drop_dequeue split_gso classic_protection 10% 
 Sent 31872946 bytes 25671 pkt (dropped 896, overlimits 0 requeues 0) 
 backlog 3726b 3p requeues 0
prob 0.389146 delay_c 1744us delay_l 0us
pkts_in_c 26570 pkts_in_l 0 maxq 27
ecn_mark 0 step_marks 0
credit -121120 (L)

------ Mon 01 Dec 2025 11:32:53 PM PST ------
qdisc htb 1: root refcnt 33 r2q 10 default 0x10 direct_packets_stat 0 direct_qlen 1000
 Sent 31913932 bytes 25704 pkt (dropped 897, overlimits 25677 requeues 0) 
 backlog 2484b 2p requeues 0
qdisc dualpi2 2: parent 1:10 limit 15040000p target 1ms tupdate 16ms alpha 0.152344 beta 3.195312 l4s_ect coupling_factor 2 drop_on_overload step_thresh 1ms drop_dequeue split_gso classic_protection 10% 
 Sent 31913932 bytes 25704 pkt (dropped 897, overlimits 0 requeues 0) 
 backlog 2484b 2p requeues 0
prob 0.385992 delay_c 1946us delay_l 0us
pkts_in_c 26603 pkts_in_l 0 maxq 27
ecn_mark 0 step_marks 0
credit -121120 (L)

------ Mon 01 Dec 2025 11:32:53 PM PST ------
qdisc htb 1: root refcnt 33 r2q 10 default 0x10 direct_packets_stat 0 direct_qlen 1000
 Sent 31957402 bytes 25739 pkt (dropped 898, overlimits 25712 requeues 0) 
 backlog 3726b 3p requeues 0
qdisc dualpi2 2: parent 1:10 limit 15040000p target 1ms tupdate 16ms alpha 0.152344 beta 3.195312 l4s_ect coupling_factor 2 drop_on_overload step_thresh 1ms drop_dequeue split_gso classic_protection 10% 
 Sent 31957402 bytes 25739 pkt (dropped 898, overlimits 0 requeues 0) 
 backlog 3726b 3p requeues 0
prob 0.389452 delay_c 1723us delay_l 0us
pkts_in_c 26640 pkts_in_l 0 maxq 27
ecn_mark 0 step_marks 0
credit -121120 (L)

------ Mon 01 Dec 2025 11:32:53 PM PST ------
qdisc htb 1: root refcnt 33 r2q 10 default 0x10 direct_packets_stat 0 direct_qlen 1000
 Sent 31999630 bytes 25773 pkt (dropped 899, overlimits 25746 requeues 0) 
 backlog 4968b 4p requeues 0
qdisc dualpi2 2: parent 1:10 limit 15040000p target 1ms tupdate 16ms alpha 0.152344 beta 3.195312 l4s_ect coupling_factor 2 drop_on_overload step_thresh 1ms drop_dequeue split_gso classic_protection 10% 
 Sent 31999630 bytes 25773 pkt (dropped 899, overlimits 0 requeues 0) 
 backlog 4968b 4p requeues 0
prob 0.389760 delay_c 2041us delay_l 0us
pkts_in_c 26676 pkts_in_l 0 maxq 27
ecn_mark 0 step_marks 0
credit -121120 (L)

------ Mon 01 Dec 2025 11:32:53 PM PST ------
qdisc htb 1: root refcnt 33 r2q 10 default 0x10 direct_packets_stat 0 direct_qlen 1000
 Sent 32041858 bytes 25807 pkt (dropped 901, overlimits 25780 requeues 0) 
 backlog 3726b 3p requeues 0
qdisc dualpi2 2: parent 1:10 limit 15040000p target 1ms tupdate 16ms alpha 0.152344 beta 3.195312 l4s_ect coupling_factor 2 drop_on_overload step_thresh 1ms drop_dequeue split_gso classic_protection 10% 
 Sent 32041858 bytes 25807 pkt (dropped 901, overlimits 0 requeues 0) 
 backlog 3726b 3p requeues 0
prob 0.386756 delay_c 1119us delay_l 0us
pkts_in_c 26711 pkts_in_l 0 maxq 27
ecn_mark 0 step_marks 0
credit -121120 (L)

------ Mon 01 Dec 2025 11:32:53 PM PST ------
qdisc htb 1: root refcnt 33 r2q 10 default 0x10 direct_packets_stat 0 direct_qlen 1000
 Sent 32084086 bytes 25841 pkt (dropped 902, overlimits 25814 requeues 0) 
 backlog 3726b 3p requeues 0
qdisc dualpi2 2: parent 1:10 limit 15040000p target 1ms tupdate 16ms alpha 0.152344 beta 3.195312 l4s_ect coupling_factor 2 drop_on_overload step_thresh 1ms drop_dequeue split_gso classic_protection 10% 
 Sent 32084086 bytes 25841 pkt (dropped 902, overlimits 0 requeues 0) 
 backlog 3726b 3p requeues 0
prob 0.386848 delay_c 1237us delay_l 0us
pkts_in_c 26746 pkts_in_l 0 maxq 27
ecn_mark 0 step_marks 0
credit -121120 (L)

------ Mon 01 Dec 2025 11:32:53 PM PST ------
qdisc htb 1: root refcnt 33 r2q 10 default 0x10 direct_packets_stat 0 direct_qlen 1000
 Sent 32125072 bytes 25874 pkt (dropped 903, overlimits 25847 requeues 0) 
 backlog 3726b 3p requeues 0
qdisc dualpi2 2: parent 1:10 limit 15040000p target 1ms tupdate 16ms alpha 0.152344 beta 3.195312 l4s_ect coupling_factor 2 drop_on_overload step_thresh 1ms drop_dequeue split_gso classic_protection 10% 
 Sent 32125072 bytes 25874 pkt (dropped 903, overlimits 0 requeues 0) 
 backlog 3726b 3p requeues 0
prob 0.386984 delay_c 1157us delay_l 0us
pkts_in_c 26780 pkts_in_l 0 maxq 27
ecn_mark 0 step_marks 0
credit -121120 (L)

------ Mon 01 Dec 2025 11:32:53 PM PST ------
qdisc htb 1: root refcnt 33 r2q 10 default 0x10 direct_packets_stat 0 direct_qlen 1000
 Sent 32166058 bytes 25907 pkt (dropped 904, overlimits 25880 requeues 0) 
 backlog 2484b 2p requeues 0
qdisc dualpi2 2: parent 1:10 limit 15040000p target 1ms tupdate 16ms alpha 0.152344 beta 3.195312 l4s_ect coupling_factor 2 drop_on_overload step_thresh 1ms drop_dequeue split_gso classic_protection 10% 
 Sent 32166058 bytes 25907 pkt (dropped 904, overlimits 0 requeues 0) 
 backlog 2484b 2p requeues 0
prob 0.390312 delay_c 1826us delay_l 0us
pkts_in_c 26813 pkts_in_l 0 maxq 27
ecn_mark 0 step_marks 0
credit -121120 (L)

------ Mon 01 Dec 2025 11:32:53 PM PST ------
qdisc htb 1: root refcnt 33 r2q 10 default 0x10 direct_packets_stat 0 direct_qlen 1000
 Sent 32205802 bytes 25939 pkt (dropped 906, overlimits 25912 requeues 0) 
 backlog 2484b 2p requeues 0
qdisc dualpi2 2: parent 1:10 limit 15040000p target 1ms tupdate 16ms alpha 0.152344 beta 3.195312 l4s_ect coupling_factor 2 drop_on_overload step_thresh 1ms drop_dequeue split_gso classic_protection 10% 
 Sent 32205802 bytes 25939 pkt (dropped 906, overlimits 0 requeues 0) 
 backlog 2484b 2p requeues 0
prob 0.387092 delay_c 1523us delay_l 0us
pkts_in_c 26847 pkts_in_l 0 maxq 27
ecn_mark 0 step_marks 0
credit -121120 (L)

------ Mon 01 Dec 2025 11:32:53 PM PST ------
qdisc htb 1: root refcnt 33 r2q 10 default 0x10 direct_packets_stat 0 direct_qlen 1000
 Sent 32246788 bytes 25972 pkt (dropped 907, overlimits 25945 requeues 0) 
 backlog 2484b 2p requeues 0
qdisc dualpi2 2: parent 1:10 limit 15040000p target 1ms tupdate 16ms alpha 0.152344 beta 3.195312 l4s_ect coupling_factor 2 drop_on_overload step_thresh 1ms drop_dequeue split_gso classic_protection 10% 
 Sent 32246788 bytes 25972 pkt (dropped 907, overlimits 0 requeues 0) 
 backlog 2484b 2p requeues 0
prob 0.390443 delay_c 1717us delay_l 0us
pkts_in_c 26881 pkts_in_l 0 maxq 27
ecn_mark 0 step_marks 0
credit -121120 (L)

------ Mon 01 Dec 2025 11:32:53 PM PST ------
qdisc htb 1: root refcnt 33 r2q 10 default 0x10 direct_packets_stat 0 direct_qlen 1000
 Sent 32287774 bytes 26005 pkt (dropped 908, overlimits 25978 requeues 0) 
 backlog 2484b 2p requeues 0
qdisc dualpi2 2: parent 1:10 limit 15040000p target 1ms tupdate 16ms alpha 0.152344 beta 3.195312 l4s_ect coupling_factor 2 drop_on_overload step_thresh 1ms drop_dequeue split_gso classic_protection 10% 
 Sent 32287774 bytes 26005 pkt (dropped 908, overlimits 0 requeues 0) 
 backlog 2484b 2p requeues 0
prob 0.387390 delay_c 677us delay_l 0us
pkts_in_c 26915 pkts_in_l 0 maxq 27
ecn_mark 0 step_marks 0
credit -121120 (L)

------ Mon 01 Dec 2025 11:32:53 PM PST ------
qdisc htb 1: root refcnt 33 r2q 10 default 0x10 direct_packets_stat 0 direct_qlen 1000
 Sent 32326276 bytes 26036 pkt (dropped 909, overlimits 26009 requeues 0) 
 backlog 2484b 2p requeues 0
qdisc dualpi2 2: parent 1:10 limit 15040000p target 1ms tupdate 16ms alpha 0.152344 beta 3.195312 l4s_ect coupling_factor 2 drop_on_overload step_thresh 1ms drop_dequeue split_gso classic_protection 10% 
 Sent 32326276 bytes 26036 pkt (dropped 909, overlimits 0 requeues 0) 
 backlog 2484b 2p requeues 0
prob 0.387351 delay_c 1734us delay_l 0us
pkts_in_c 26947 pkts_in_l 0 maxq 27
ecn_mark 0 step_marks 0
credit -121120 (L)

------ Mon 01 Dec 2025 11:32:53 PM PST ------
qdisc htb 1: root refcnt 33 r2q 10 default 0x10 direct_packets_stat 0 direct_qlen 1000
 Sent 32366020 bytes 26068 pkt (dropped 910, overlimits 26041 requeues 0) 
 backlog 3726b 3p requeues 0
qdisc dualpi2 2: parent 1:10 limit 15040000p target 1ms tupdate 16ms alpha 0.152344 beta 3.195312 l4s_ect coupling_factor 2 drop_on_overload step_thresh 1ms drop_dequeue split_gso classic_protection 10% 
 Sent 32366020 bytes 26068 pkt (dropped 910, overlimits 0 requeues 0) 
 backlog 3726b 3p requeues 0
prob 0.387521 delay_c 1159us delay_l 0us
pkts_in_c 26981 pkts_in_l 0 maxq 27
ecn_mark 0 step_marks 0
credit -121120 (L)

------ Mon 01 Dec 2025 11:32:53 PM PST ------
qdisc htb 1: root refcnt 33 r2q 10 default 0x10 direct_packets_stat 0 direct_qlen 1000
 Sent 32407006 bytes 26101 pkt (dropped 912, overlimits 26074 requeues 0) 
 backlog 2484b 2p requeues 0
qdisc dualpi2 2: parent 1:10 limit 15040000p target 1ms tupdate 16ms alpha 0.152344 beta 3.195312 l4s_ect coupling_factor 2 drop_on_overload step_thresh 1ms drop_dequeue split_gso classic_protection 10% 
 Sent 32407006 bytes 26101 pkt (dropped 912, overlimits 0 requeues 0) 
 backlog 2484b 2p requeues 0
prob 0.390855 delay_c 363us delay_l 0us
pkts_in_c 27015 pkts_in_l 0 maxq 27
ecn_mark 0 step_marks 0
credit -121120 (L)

------ Mon 01 Dec 2025 11:32:53 PM PST ------
qdisc htb 1: root refcnt 33 r2q 10 default 0x10 direct_packets_stat 0 direct_qlen 1000
 Sent 32449234 bytes 26135 pkt (dropped 912, overlimits 26108 requeues 0) 
 backlog 3726b 3p requeues 0
qdisc dualpi2 2: parent 1:10 limit 15040000p target 1ms tupdate 16ms alpha 0.152344 beta 3.195312 l4s_ect coupling_factor 2 drop_on_overload step_thresh 1ms drop_dequeue split_gso classic_protection 10% 
 Sent 32449234 bytes 26135 pkt (dropped 912, overlimits 0 requeues 0) 
 backlog 3726b 3p requeues 0
prob 0.390925 delay_c 1290us delay_l 0us
pkts_in_c 27050 pkts_in_l 0 maxq 27
ecn_mark 0 step_marks 0
credit -121120 (L)

------ Mon 01 Dec 2025 11:32:53 PM PST ------
qdisc htb 1: root refcnt 33 r2q 10 default 0x10 direct_packets_stat 0 direct_qlen 1000
 Sent 32488978 bytes 26167 pkt (dropped 913, overlimits 26140 requeues 0) 
 backlog 3726b 3p requeues 0
qdisc dualpi2 2: parent 1:10 limit 15040000p target 1ms tupdate 16ms alpha 0.152344 beta 3.195312 l4s_ect coupling_factor 2 drop_on_overload step_thresh 1ms drop_dequeue split_gso classic_protection 10% 
 Sent 32488978 bytes 26167 pkt (dropped 913, overlimits 0 requeues 0) 
 backlog 3726b 3p requeues 0
prob 0.391140 delay_c 2421us delay_l 0us
pkts_in_c 27083 pkts_in_l 0 maxq 27
ecn_mark 0 step_marks 0
credit -121120 (L)

------ Mon 01 Dec 2025 11:32:53 PM PST ------
qdisc htb 1: root refcnt 33 r2q 10 default 0x10 direct_packets_stat 0 direct_qlen 1000
 Sent 32528722 bytes 26199 pkt (dropped 915, overlimits 26172 requeues 0) 
 backlog 2484b 2p requeues 0
qdisc dualpi2 2: parent 1:10 limit 15040000p target 1ms tupdate 16ms alpha 0.152344 beta 3.195312 l4s_ect coupling_factor 2 drop_on_overload step_thresh 1ms drop_dequeue split_gso classic_protection 10% 
 Sent 32528722 bytes 26199 pkt (dropped 915, overlimits 0 requeues 0) 
 backlog 2484b 2p requeues 0
prob 0.391251 delay_c 1881us delay_l 0us
pkts_in_c 27116 pkts_in_l 0 maxq 27
ecn_mark 0 step_marks 0
credit -121120 (L)

------ Mon 01 Dec 2025 11:32:53 PM PST ------
qdisc htb 1: root refcnt 33 r2q 10 default 0x10 direct_packets_stat 0 direct_qlen 1000
 Sent 32570950 bytes 26233 pkt (dropped 916, overlimits 26206 requeues 0) 
 backlog 2484b 2p requeues 0
qdisc dualpi2 2: parent 1:10 limit 15040000p target 1ms tupdate 16ms alpha 0.152344 beta 3.195312 l4s_ect coupling_factor 2 drop_on_overload step_thresh 1ms drop_dequeue split_gso classic_protection 10% 
 Sent 32570950 bytes 26233 pkt (dropped 916, overlimits 0 requeues 0) 
 backlog 2484b 2p requeues 0
prob 0.388224 delay_c 1848us delay_l 0us
pkts_in_c 27151 pkts_in_l 0 maxq 27
ecn_mark 0 step_marks 0
credit -121120 (L)

------ Mon 01 Dec 2025 11:32:53 PM PST ------
qdisc htb 1: root refcnt 33 r2q 10 default 0x10 direct_packets_stat 0 direct_qlen 1000
 Sent 32611936 bytes 26266 pkt (dropped 917, overlimits 26239 requeues 0) 
 backlog 3726b 3p requeues 0
qdisc dualpi2 2: parent 1:10 limit 15040000p target 1ms tupdate 16ms alpha 0.152344 beta 3.195312 l4s_ect coupling_factor 2 drop_on_overload step_thresh 1ms drop_dequeue split_gso classic_protection 10% 
 Sent 32611936 bytes 26266 pkt (dropped 917, overlimits 0 requeues 0) 
 backlog 3726b 3p requeues 0
prob 0.388213 delay_c 1416us delay_l 0us
pkts_in_c 27186 pkts_in_l 0 maxq 27
ecn_mark 0 step_marks 0
credit -121120 (L)

------ Mon 01 Dec 2025 11:32:53 PM PST ------
qdisc htb 1: root refcnt 33 r2q 10 default 0x10 direct_packets_stat 0 direct_qlen 1000
 Sent 32655406 bytes 26301 pkt (dropped 918, overlimits 26274 requeues 0) 
 backlog 3726b 3p requeues 0
qdisc dualpi2 2: parent 1:10 limit 15040000p target 1ms tupdate 16ms alpha 0.152344 beta 3.195312 l4s_ect coupling_factor 2 drop_on_overload step_thresh 1ms drop_dequeue split_gso classic_protection 10% 
 Sent 32655406 bytes 26301 pkt (dropped 918, overlimits 0 requeues 0) 
 backlog 3726b 3p requeues 0
prob 0.388307 delay_c 2148us delay_l 0us
pkts_in_c 27222 pkts_in_l 0 maxq 27
ecn_mark 0 step_marks 0
credit -121120 (L)

------ Mon 01 Dec 2025 11:32:53 PM PST ------
qdisc htb 1: root refcnt 33 r2q 10 default 0x10 direct_packets_stat 0 direct_qlen 1000
 Sent 32697634 bytes 26335 pkt (dropped 919, overlimits 26308 requeues 0) 
 backlog 3726b 3p requeues 0
qdisc dualpi2 2: parent 1:10 limit 15040000p target 1ms tupdate 16ms alpha 0.152344 beta 3.195312 l4s_ect coupling_factor 2 drop_on_overload step_thresh 1ms drop_dequeue split_gso classic_protection 10% 
 Sent 32697634 bytes 26335 pkt (dropped 919, overlimits 0 requeues 0) 
 backlog 3726b 3p requeues 0
prob 0.391793 delay_c 2224us delay_l 0us
pkts_in_c 27257 pkts_in_l 0 maxq 27
ecn_mark 0 step_marks 0
credit -121120 (L)

------ Mon 01 Dec 2025 11:32:53 PM PST ------
qdisc htb 1: root refcnt 33 r2q 10 default 0x10 direct_packets_stat 0 direct_qlen 1000
 Sent 32738620 bytes 26368 pkt (dropped 921, overlimits 26341 requeues 0) 
 backlog 2484b 2p requeues 0
qdisc dualpi2 2: parent 1:10 limit 15040000p target 1ms tupdate 16ms alpha 0.152344 beta 3.195312 l4s_ect coupling_factor 2 drop_on_overload step_thresh 1ms drop_dequeue split_gso classic_protection 10% 
 Sent 32738620 bytes 26368 pkt (dropped 921, overlimits 0 requeues 0) 
 backlog 2484b 2p requeues 0
prob 0.388555 delay_c 1703us delay_l 0us
pkts_in_c 27291 pkts_in_l 0 maxq 27
ecn_mark 0 step_marks 0
credit -121120 (L)

------ Mon 01 Dec 2025 11:32:53 PM PST ------
qdisc htb 1: root refcnt 33 r2q 10 default 0x10 direct_packets_stat 0 direct_qlen 1000
 Sent 32780848 bytes 26402 pkt (dropped 922, overlimits 26375 requeues 0) 
 backlog 2484b 2p requeues 0
qdisc dualpi2 2: parent 1:10 limit 15040000p target 1ms tupdate 16ms alpha 0.152344 beta 3.195312 l4s_ect coupling_factor 2 drop_on_overload step_thresh 1ms drop_dequeue split_gso classic_protection 10% 
 Sent 32780848 bytes 26402 pkt (dropped 922, overlimits 0 requeues 0) 
 backlog 2484b 2p requeues 0
prob 0.391989 delay_c 1798us delay_l 0us
pkts_in_c 27326 pkts_in_l 0 maxq 27
ecn_mark 0 step_marks 0
credit -121120 (L)

------ Mon 01 Dec 2025 11:32:53 PM PST ------
qdisc htb 1: root refcnt 33 r2q 10 default 0x10 direct_packets_stat 0 direct_qlen 1000
 Sent 32824318 bytes 26437 pkt (dropped 923, overlimits 26410 requeues 0) 
 backlog 2484b 2p requeues 0
qdisc dualpi2 2: parent 1:10 limit 15040000p target 1ms tupdate 16ms alpha 0.152344 beta 3.195312 l4s_ect coupling_factor 2 drop_on_overload step_thresh 1ms drop_dequeue split_gso classic_protection 10% 
 Sent 32824318 bytes 26437 pkt (dropped 923, overlimits 0 requeues 0) 
 backlog 2484b 2p requeues 0
prob 0.388779 delay_c 1391us delay_l 0us
pkts_in_c 27362 pkts_in_l 0 maxq 27
ecn_mark 0 step_marks 0
credit -121120 (L)

------ Mon 01 Dec 2025 11:32:53 PM PST ------
qdisc htb 1: root refcnt 33 r2q 10 default 0x10 direct_packets_stat 0 direct_qlen 1000
 Sent 32865304 bytes 26470 pkt (dropped 924, overlimits 26443 requeues 0) 
 backlog 2484b 2p requeues 0
qdisc dualpi2 2: parent 1:10 limit 15040000p target 1ms tupdate 16ms alpha 0.152344 beta 3.195312 l4s_ect coupling_factor 2 drop_on_overload step_thresh 1ms drop_dequeue split_gso classic_protection 10% 
 Sent 32865304 bytes 26470 pkt (dropped 924, overlimits 0 requeues 0) 
 backlog 2484b 2p requeues 0
prob 0.388803 delay_c 1741us delay_l 0us
pkts_in_c 27396 pkts_in_l 0 maxq 27
ecn_mark 0 step_marks 0
credit -121120 (L)

------ Mon 01 Dec 2025 11:32:53 PM PST ------
qdisc htb 1: root refcnt 33 r2q 10 default 0x10 direct_packets_stat 0 direct_qlen 1000
 Sent 32908774 bytes 26505 pkt (dropped 924, overlimits 26478 requeues 0) 
 backlog 3726b 3p requeues 0
qdisc dualpi2 2: parent 1:10 limit 15040000p target 1ms tupdate 16ms alpha 0.152344 beta 3.195312 l4s_ect coupling_factor 2 drop_on_overload step_thresh 1ms drop_dequeue split_gso classic_protection 10% 
 Sent 32908774 bytes 26505 pkt (dropped 924, overlimits 0 requeues 0) 
 backlog 3726b 3p requeues 0
prob 0.395759 delay_c 2641us delay_l 0us
pkts_in_c 27432 pkts_in_l 0 maxq 27
ecn_mark 0 step_marks 0
credit -121120 (L)

------ Mon 01 Dec 2025 11:32:53 PM PST ------
qdisc htb 1: root refcnt 33 r2q 10 default 0x10 direct_packets_stat 0 direct_qlen 1000
 Sent 32952244 bytes 26540 pkt (dropped 926, overlimits 26513 requeues 0) 
 backlog 2484b 2p requeues 0
qdisc dualpi2 2: parent 1:10 limit 15040000p target 1ms tupdate 16ms alpha 0.152344 beta 3.195312 l4s_ect coupling_factor 2 drop_on_overload step_thresh 1ms drop_dequeue split_gso classic_protection 10% 
 Sent 32952244 bytes 26540 pkt (dropped 926, overlimits 0 requeues 0) 
 backlog 2484b 2p requeues 0
prob 0.392720 delay_c 1654us delay_l 0us
pkts_in_c 27468 pkts_in_l 0 maxq 27
ecn_mark 0 step_marks 0
credit -121120 (L)

------ Mon 01 Dec 2025 11:32:53 PM PST ------
qdisc htb 1: root refcnt 33 r2q 10 default 0x10 direct_packets_stat 0 direct_qlen 1000
 Sent 32994472 bytes 26574 pkt (dropped 927, overlimits 26547 requeues 0) 
 backlog 4968b 4p requeues 0
qdisc dualpi2 2: parent 1:10 limit 15040000p target 1ms tupdate 16ms alpha 0.152344 beta 3.195312 l4s_ect coupling_factor 2 drop_on_overload step_thresh 1ms drop_dequeue split_gso classic_protection 10% 
 Sent 32994472 bytes 26574 pkt (dropped 927, overlimits 0 requeues 0) 
 backlog 4968b 4p requeues 0
prob 0.393020 delay_c 2046us delay_l 0us
pkts_in_c 27505 pkts_in_l 0 maxq 27
ecn_mark 0 step_marks 0
credit -121120 (L)

------ Mon 01 Dec 2025 11:32:53 PM PST ------
qdisc htb 1: root refcnt 33 r2q 10 default 0x10 direct_packets_stat 0 direct_qlen 1000
 Sent 33037942 bytes 26609 pkt (dropped 929, overlimits 26582 requeues 0) 
 backlog 3726b 3p requeues 0
qdisc dualpi2 2: parent 1:10 limit 15040000p target 1ms tupdate 16ms alpha 0.152344 beta 3.195312 l4s_ect coupling_factor 2 drop_on_overload step_thresh 1ms drop_dequeue split_gso classic_protection 10% 
 Sent 33037942 bytes 26609 pkt (dropped 929, overlimits 0 requeues 0) 
 backlog 3726b 3p requeues 0
prob 0.393208 delay_c 1131us delay_l 0us
pkts_in_c 27541 pkts_in_l 0 maxq 27
ecn_mark 0 step_marks 0
credit -121120 (L)

------ Mon 01 Dec 2025 11:32:53 PM PST ------
qdisc htb 1: root refcnt 33 r2q 10 default 0x10 direct_packets_stat 0 direct_qlen 1000
 Sent 33078928 bytes 26642 pkt (dropped 930, overlimits 26615 requeues 0) 
 backlog 3726b 3p requeues 0
qdisc dualpi2 2: parent 1:10 limit 15040000p target 1ms tupdate 16ms alpha 0.152344 beta 3.195312 l4s_ect coupling_factor 2 drop_on_overload step_thresh 1ms drop_dequeue split_gso classic_protection 10% 
 Sent 33078928 bytes 26642 pkt (dropped 930, overlimits 0 requeues 0) 
 backlog 3726b 3p requeues 0
prob 0.390207 delay_c 1420us delay_l 0us
pkts_in_c 27575 pkts_in_l 0 maxq 27
ecn_mark 0 step_marks 0
credit -121120 (L)

------ Mon 01 Dec 2025 11:32:53 PM PST ------
qdisc htb 1: root refcnt 33 r2q 10 default 0x10 direct_packets_stat 0 direct_qlen 1000
 Sent 33121156 bytes 26676 pkt (dropped 931, overlimits 26649 requeues 0) 
 backlog 3726b 3p requeues 0
qdisc dualpi2 2: parent 1:10 limit 15040000p target 1ms tupdate 16ms alpha 0.152344 beta 3.195312 l4s_ect coupling_factor 2 drop_on_overload step_thresh 1ms drop_dequeue split_gso classic_protection 10% 
 Sent 33121156 bytes 26676 pkt (dropped 931, overlimits 0 requeues 0) 
 backlog 3726b 3p requeues 0
prob 0.393678 delay_c 1518us delay_l 0us
pkts_in_c 27610 pkts_in_l 0 maxq 27
ecn_mark 0 step_marks 0
credit -121120 (L)

------ Mon 01 Dec 2025 11:32:53 PM PST ------
qdisc htb 1: root refcnt 33 r2q 10 default 0x10 direct_packets_stat 0 direct_qlen 1000
 Sent 33164626 bytes 26711 pkt (dropped 933, overlimits 26684 requeues 0) 
 backlog 2484b 2p requeues 0
qdisc dualpi2 2: parent 1:10 limit 15040000p target 1ms tupdate 16ms alpha 0.152344 beta 3.195312 l4s_ect coupling_factor 2 drop_on_overload step_thresh 1ms drop_dequeue split_gso classic_protection 10% 
 Sent 33164626 bytes 26711 pkt (dropped 933, overlimits 0 requeues 0) 
 backlog 2484b 2p requeues 0
prob 0.390522 delay_c 1449us delay_l 0us
pkts_in_c 27646 pkts_in_l 0 maxq 27
ecn_mark 0 step_marks 0
credit -121120 (L)

------ Mon 01 Dec 2025 11:32:53 PM PST ------
qdisc htb 1: root refcnt 33 r2q 10 default 0x10 direct_packets_stat 0 direct_qlen 1000
 Sent 33206854 bytes 26745 pkt (dropped 933, overlimits 26718 requeues 0) 
 backlog 3726b 3p requeues 0
qdisc dualpi2 2: parent 1:10 limit 15040000p target 1ms tupdate 16ms alpha 0.152344 beta 3.195312 l4s_ect coupling_factor 2 drop_on_overload step_thresh 1ms drop_dequeue split_gso classic_protection 10% 
 Sent 33206854 bytes 26745 pkt (dropped 933, overlimits 0 requeues 0) 
 backlog 3726b 3p requeues 0
prob 0.393843 delay_c 1339us delay_l 0us
pkts_in_c 27681 pkts_in_l 0 maxq 27
ecn_mark 0 step_marks 0
credit -121120 (L)

------ Mon 01 Dec 2025 11:32:53 PM PST ------
qdisc htb 1: root refcnt 33 r2q 10 default 0x10 direct_packets_stat 0 direct_qlen 1000
 Sent 33245356 bytes 26776 pkt (dropped 935, overlimits 26749 requeues 0) 
 backlog 2484b 2p requeues 0
qdisc dualpi2 2: parent 1:10 limit 15040000p target 1ms tupdate 16ms alpha 0.152344 beta 3.195312 l4s_ect coupling_factor 2 drop_on_overload step_thresh 1ms drop_dequeue split_gso classic_protection 10% 
 Sent 33245356 bytes 26776 pkt (dropped 935, overlimits 0 requeues 0) 
 backlog 2484b 2p requeues 0
prob 0.394035 delay_c 1774us delay_l 0us
pkts_in_c 27713 pkts_in_l 0 maxq 27
ecn_mark 0 step_marks 0
credit -121120 (L)

------ Mon 01 Dec 2025 11:32:53 PM PST ------
qdisc htb 1: root refcnt 33 r2q 10 default 0x10 direct_packets_stat 0 direct_qlen 1000
 Sent 33288826 bytes 26811 pkt (dropped 936, overlimits 26784 requeues 0) 
 backlog 3726b 3p requeues 0
qdisc dualpi2 2: parent 1:10 limit 15040000p target 1ms tupdate 16ms alpha 0.152344 beta 3.195312 l4s_ect coupling_factor 2 drop_on_overload step_thresh 1ms drop_dequeue split_gso classic_protection 10% 
 Sent 33288826 bytes 26811 pkt (dropped 936, overlimits 0 requeues 0) 
 backlog 3726b 3p requeues 0
prob 0.394268 delay_c 1519us delay_l 0us
pkts_in_c 27750 pkts_in_l 0 maxq 27
ecn_mark 0 step_marks 0
credit -121120 (L)

------ Mon 01 Dec 2025 11:32:54 PM PST ------
qdisc htb 1: root refcnt 33 r2q 10 default 0x10 direct_packets_stat 0 direct_qlen 1000
 Sent 33332296 bytes 26846 pkt (dropped 937, overlimits 26819 requeues 0) 
 backlog 3726b 3p requeues 0
qdisc dualpi2 2: parent 1:10 limit 15040000p target 1ms tupdate 16ms alpha 0.152344 beta 3.195312 l4s_ect coupling_factor 2 drop_on_overload step_thresh 1ms drop_dequeue split_gso classic_protection 10% 
 Sent 33332296 bytes 26846 pkt (dropped 937, overlimits 0 requeues 0) 
 backlog 3726b 3p requeues 0
prob 0.394501 delay_c 1356us delay_l 0us
pkts_in_c 27786 pkts_in_l 0 maxq 27
ecn_mark 0 step_marks 0
credit -121120 (L)

------ Mon 01 Dec 2025 11:32:54 PM PST ------
qdisc htb 1: root refcnt 33 r2q 10 default 0x10 direct_packets_stat 0 direct_qlen 1000
 Sent 33374524 bytes 26880 pkt (dropped 938, overlimits 26853 requeues 0) 
 backlog 3726b 3p requeues 0
qdisc dualpi2 2: parent 1:10 limit 15040000p target 1ms tupdate 16ms alpha 0.152344 beta 3.195312 l4s_ect coupling_factor 2 drop_on_overload step_thresh 1ms drop_dequeue split_gso classic_protection 10% 
 Sent 33374524 bytes 26880 pkt (dropped 938, overlimits 0 requeues 0) 
 backlog 3726b 3p requeues 0
prob 0.394780 delay_c 1887us delay_l 0us
pkts_in_c 27821 pkts_in_l 0 maxq 27
ecn_mark 0 step_marks 0
credit -121120 (L)

------ Mon 01 Dec 2025 11:32:54 PM PST ------
qdisc htb 1: root refcnt 33 r2q 10 default 0x10 direct_packets_stat 0 direct_qlen 1000
 Sent 33416752 bytes 26914 pkt (dropped 940, overlimits 26887 requeues 0) 
 backlog 2484b 2p requeues 0
qdisc dualpi2 2: parent 1:10 limit 15040000p target 1ms tupdate 16ms alpha 0.152344 beta 3.195312 l4s_ect coupling_factor 2 drop_on_overload step_thresh 1ms drop_dequeue split_gso classic_protection 10% 
 Sent 33416752 bytes 26914 pkt (dropped 940, overlimits 0 requeues 0) 
 backlog 2484b 2p requeues 0
prob 0.395027 delay_c 1453us delay_l 0us
pkts_in_c 27856 pkts_in_l 0 maxq 27
ecn_mark 0 step_marks 0
credit -121120 (L)

------ Mon 01 Dec 2025 11:32:54 PM PST ------
qdisc htb 1: root refcnt 33 r2q 10 default 0x10 direct_packets_stat 0 direct_qlen 1000
 Sent 33458980 bytes 26948 pkt (dropped 940, overlimits 26921 requeues 0) 
 backlog 3726b 3p requeues 0
qdisc dualpi2 2: parent 1:10 limit 15040000p target 1ms tupdate 16ms alpha 0.152344 beta 3.195312 l4s_ect coupling_factor 2 drop_on_overload step_thresh 1ms drop_dequeue split_gso classic_protection 10% 
 Sent 33458980 bytes 26948 pkt (dropped 940, overlimits 0 requeues 0) 
 backlog 3726b 3p requeues 0
prob 0.395417 delay_c 1866us delay_l 0us
pkts_in_c 27891 pkts_in_l 0 maxq 27
ecn_mark 0 step_marks 0
credit -121120 (L)

------ Mon 01 Dec 2025 11:32:54 PM PST ------
qdisc htb 1: root refcnt 33 r2q 10 default 0x10 direct_packets_stat 0 direct_qlen 1000
 Sent 33502450 bytes 26983 pkt (dropped 942, overlimits 26956 requeues 0) 
 backlog 2484b 2p requeues 0
qdisc dualpi2 2: parent 1:10 limit 15040000p target 1ms tupdate 16ms alpha 0.152344 beta 3.195312 l4s_ect coupling_factor 2 drop_on_overload step_thresh 1ms drop_dequeue split_gso classic_protection 10% 
 Sent 33502450 bytes 26983 pkt (dropped 942, overlimits 0 requeues 0) 
 backlog 2484b 2p requeues 0
prob 0.392193 delay_c 1402us delay_l 0us
pkts_in_c 27927 pkts_in_l 0 maxq 27
ecn_mark 0 step_marks 0
credit -121120 (L)

------ Mon 01 Dec 2025 11:32:54 PM PST ------
qdisc htb 1: root refcnt 33 r2q 10 default 0x10 direct_packets_stat 0 direct_qlen 1000
 Sent 33544678 bytes 27017 pkt (dropped 943, overlimits 26990 requeues 0) 
 backlog 3726b 3p requeues 0
qdisc dualpi2 2: parent 1:10 limit 15040000p target 1ms tupdate 16ms alpha 0.152344 beta 3.195312 l4s_ect coupling_factor 2 drop_on_overload step_thresh 1ms drop_dequeue split_gso classic_protection 10% 
 Sent 33544678 bytes 27017 pkt (dropped 943, overlimits 0 requeues 0) 
 backlog 3726b 3p requeues 0
prob 0.392359 delay_c 2190us delay_l 0us
pkts_in_c 27963 pkts_in_l 0 maxq 27
ecn_mark 0 step_marks 0
credit -121120 (L)

------ Mon 01 Dec 2025 11:32:54 PM PST ------
qdisc htb 1: root refcnt 33 r2q 10 default 0x10 direct_packets_stat 0 direct_qlen 1000
 Sent 33586906 bytes 27051 pkt (dropped 945, overlimits 27024 requeues 0) 
 backlog 2484b 2p requeues 0
qdisc dualpi2 2: parent 1:10 limit 15040000p target 1ms tupdate 16ms alpha 0.152344 beta 3.195312 l4s_ect coupling_factor 2 drop_on_overload step_thresh 1ms drop_dequeue split_gso classic_protection 10% 
 Sent 33586906 bytes 27051 pkt (dropped 945, overlimits 0 requeues 0) 
 backlog 2484b 2p requeues 0
prob 0.395872 delay_c 1067us delay_l 0us
pkts_in_c 27998 pkts_in_l 0 maxq 27
ecn_mark 0 step_marks 0
credit -121120 (L)

------ Mon 01 Dec 2025 11:32:54 PM PST ------
qdisc htb 1: root refcnt 33 r2q 10 default 0x10 direct_packets_stat 0 direct_qlen 1000
 Sent 33629134 bytes 27085 pkt (dropped 946, overlimits 27058 requeues 0) 
 backlog 2484b 2p requeues 0
qdisc dualpi2 2: parent 1:10 limit 15040000p target 1ms tupdate 16ms alpha 0.152344 beta 3.195312 l4s_ect coupling_factor 2 drop_on_overload step_thresh 1ms drop_dequeue split_gso classic_protection 10% 
 Sent 33629134 bytes 27085 pkt (dropped 946, overlimits 0 requeues 0) 
 backlog 2484b 2p requeues 0
prob 0.392674 delay_c 1178us delay_l 0us
pkts_in_c 28033 pkts_in_l 0 maxq 27
ecn_mark 0 step_marks 0
credit -121120 (L)

------ Mon 01 Dec 2025 11:32:54 PM PST ------
qdisc htb 1: root refcnt 33 r2q 10 default 0x10 direct_packets_stat 0 direct_qlen 1000
 Sent 33671362 bytes 27119 pkt (dropped 946, overlimits 27092 requeues 0) 
 backlog 3726b 3p requeues 0
qdisc dualpi2 2: parent 1:10 limit 15040000p target 1ms tupdate 16ms alpha 0.152344 beta 3.195312 l4s_ect coupling_factor 2 drop_on_overload step_thresh 1ms drop_dequeue split_gso classic_protection 10% 
 Sent 33671362 bytes 27119 pkt (dropped 946, overlimits 0 requeues 0) 
 backlog 3726b 3p requeues 0
prob 0.396031 delay_c 2790us delay_l 0us
pkts_in_c 28068 pkts_in_l 0 maxq 27
ecn_mark 0 step_marks 0
credit -121120 (L)

------ Mon 01 Dec 2025 11:32:54 PM PST ------
qdisc htb 1: root refcnt 33 r2q 10 default 0x10 direct_packets_stat 0 direct_qlen 1000
 Sent 33713590 bytes 27153 pkt (dropped 948, overlimits 27126 requeues 0) 
 backlog 2484b 2p requeues 0
qdisc dualpi2 2: parent 1:10 limit 15040000p target 1ms tupdate 16ms alpha 0.152344 beta 3.195312 l4s_ect coupling_factor 2 drop_on_overload step_thresh 1ms drop_dequeue split_gso classic_protection 10% 
 Sent 33713590 bytes 27153 pkt (dropped 948, overlimits 0 requeues 0) 
 backlog 2484b 2p requeues 0
prob 0.392985 delay_c 1612us delay_l 0us
pkts_in_c 28103 pkts_in_l 0 maxq 27
ecn_mark 0 step_marks 0
credit -121120 (L)

------ Mon 01 Dec 2025 11:32:54 PM PST ------
qdisc htb 1: root refcnt 33 r2q 10 default 0x10 direct_packets_stat 0 direct_qlen 1000
 Sent 33757060 bytes 27188 pkt (dropped 949, overlimits 27161 requeues 0) 
 backlog 3726b 3p requeues 0
qdisc dualpi2 2: parent 1:10 limit 15040000p target 1ms tupdate 16ms alpha 0.152344 beta 3.195312 l4s_ect coupling_factor 2 drop_on_overload step_thresh 1ms drop_dequeue split_gso classic_protection 10% 
 Sent 33757060 bytes 27188 pkt (dropped 949, overlimits 0 requeues 0) 
 backlog 3726b 3p requeues 0
prob 0.393141 delay_c 1506us delay_l 0us
pkts_in_c 28140 pkts_in_l 0 maxq 27
ecn_mark 0 step_marks 0
credit -121120 (L)

------ Mon 01 Dec 2025 11:32:54 PM PST ------
qdisc htb 1: root refcnt 33 r2q 10 default 0x10 direct_packets_stat 0 direct_qlen 1000
 Sent 33798046 bytes 27221 pkt (dropped 950, overlimits 27194 requeues 0) 
 backlog 2484b 2p requeues 0
qdisc dualpi2 2: parent 1:10 limit 15040000p target 1ms tupdate 16ms alpha 0.152344 beta 3.195312 l4s_ect coupling_factor 2 drop_on_overload step_thresh 1ms drop_dequeue split_gso classic_protection 10% 
 Sent 33798046 bytes 27221 pkt (dropped 950, overlimits 0 requeues 0) 
 backlog 2484b 2p requeues 0
prob 0.396579 delay_c 1965us delay_l 0us
pkts_in_c 28173 pkts_in_l 0 maxq 27
ecn_mark 0 step_marks 0
credit -121120 (L)

------ Mon 01 Dec 2025 11:32:54 PM PST ------
qdisc htb 1: root refcnt 33 r2q 10 default 0x10 direct_packets_stat 0 direct_qlen 1000
 Sent 33840274 bytes 27255 pkt (dropped 951, overlimits 27228 requeues 0) 
 backlog 2484b 2p requeues 0
qdisc dualpi2 2: parent 1:10 limit 15040000p target 1ms tupdate 16ms alpha 0.152344 beta 3.195312 l4s_ect coupling_factor 2 drop_on_overload step_thresh 1ms drop_dequeue split_gso classic_protection 10% 
 Sent 33840274 bytes 27255 pkt (dropped 951, overlimits 0 requeues 0) 
 backlog 2484b 2p requeues 0
prob 0.396804 delay_c 1808us delay_l 0us
pkts_in_c 28208 pkts_in_l 0 maxq 27
ecn_mark 0 step_marks 0
credit -121120 (L)

------ Mon 01 Dec 2025 11:32:54 PM PST ------
qdisc htb 1: root refcnt 33 r2q 10 default 0x10 direct_packets_stat 0 direct_qlen 1000
 Sent 33882502 bytes 27289 pkt (dropped 952, overlimits 27262 requeues 0) 
 backlog 4968b 4p requeues 0
qdisc dualpi2 2: parent 1:10 limit 15040000p target 1ms tupdate 16ms alpha 0.152344 beta 3.195312 l4s_ect coupling_factor 2 drop_on_overload step_thresh 1ms drop_dequeue split_gso classic_protection 10% 
 Sent 33882502 bytes 27289 pkt (dropped 952, overlimits 0 requeues 0) 
 backlog 4968b 4p requeues 0
prob 0.397114 delay_c 2548us delay_l 0us
pkts_in_c 28245 pkts_in_l 0 maxq 27
ecn_mark 0 step_marks 0
credit -121120 (L)

------ Mon 01 Dec 2025 11:32:54 PM PST ------
qdisc htb 1: root refcnt 33 r2q 10 default 0x10 direct_packets_stat 0 direct_qlen 1000
 Sent 33925972 bytes 27324 pkt (dropped 954, overlimits 27297 requeues 0) 
 backlog 3726b 3p requeues 0
qdisc dualpi2 2: parent 1:10 limit 15040000p target 1ms tupdate 16ms alpha 0.152344 beta 3.195312 l4s_ect coupling_factor 2 drop_on_overload step_thresh 1ms drop_dequeue split_gso classic_protection 10% 
 Sent 33925972 bytes 27324 pkt (dropped 954, overlimits 0 requeues 0) 
 backlog 3726b 3p requeues 0
prob 0.393919 delay_c 1333us delay_l 0us
pkts_in_c 28281 pkts_in_l 0 maxq 27
ecn_mark 0 step_marks 0
credit -121120 (L)

------ Mon 01 Dec 2025 11:32:54 PM PST ------
qdisc htb 1: root refcnt 33 r2q 10 default 0x10 direct_packets_stat 0 direct_qlen 1000
 Sent 33969442 bytes 27359 pkt (dropped 955, overlimits 27332 requeues 0) 
 backlog 3726b 3p requeues 0
qdisc dualpi2 2: parent 1:10 limit 15040000p target 1ms tupdate 16ms alpha 0.152344 beta 3.195312 l4s_ect coupling_factor 2 drop_on_overload step_thresh 1ms drop_dequeue split_gso classic_protection 10% 
 Sent 33969442 bytes 27359 pkt (dropped 955, overlimits 0 requeues 0) 
 backlog 3726b 3p requeues 0
prob 0.397388 delay_c 2054us delay_l 0us
pkts_in_c 28317 pkts_in_l 0 maxq 27
ecn_mark 0 step_marks 0
credit -121120 (L)

------ Mon 01 Dec 2025 11:32:54 PM PST ------
qdisc htb 1: root refcnt 33 r2q 10 default 0x10 direct_packets_stat 0 direct_qlen 1000
 Sent 34010428 bytes 27392 pkt (dropped 956, overlimits 27365 requeues 0) 
 backlog 3726b 3p requeues 0
qdisc dualpi2 2: parent 1:10 limit 15040000p target 1ms tupdate 16ms alpha 0.152344 beta 3.195312 l4s_ect coupling_factor 2 drop_on_overload step_thresh 1ms drop_dequeue split_gso classic_protection 10% 
 Sent 34010428 bytes 27392 pkt (dropped 956, overlimits 0 requeues 0) 
 backlog 3726b 3p requeues 0
prob 0.397594 delay_c 1079us delay_l 0us
pkts_in_c 28351 pkts_in_l 0 maxq 27
ecn_mark 0 step_marks 0
credit -121120 (L)

------ Mon 01 Dec 2025 11:32:54 PM PST ------
qdisc htb 1: root refcnt 33 r2q 10 default 0x10 direct_packets_stat 0 direct_qlen 1000
 Sent 34053898 bytes 27427 pkt (dropped 958, overlimits 27400 requeues 0) 
 backlog 2484b 2p requeues 0
qdisc dualpi2 2: parent 1:10 limit 15040000p target 1ms tupdate 16ms alpha 0.152344 beta 3.195312 l4s_ect coupling_factor 2 drop_on_overload step_thresh 1ms drop_dequeue split_gso classic_protection 10% 
 Sent 34053898 bytes 27427 pkt (dropped 958, overlimits 0 requeues 0) 
 backlog 2484b 2p requeues 0
prob 0.394403 delay_c 1126us delay_l 0us
pkts_in_c 28387 pkts_in_l 0 maxq 27
ecn_mark 0 step_marks 0
credit -121120 (L)

------ Mon 01 Dec 2025 11:32:54 PM PST ------
qdisc htb 1: root refcnt 33 r2q 10 default 0x10 direct_packets_stat 0 direct_qlen 1000
 Sent 34096126 bytes 27461 pkt (dropped 959, overlimits 27434 requeues 0) 
 backlog 2484b 2p requeues 0
qdisc dualpi2 2: parent 1:10 limit 15040000p target 1ms tupdate 16ms alpha 0.152344 beta 3.195312 l4s_ect coupling_factor 2 drop_on_overload step_thresh 1ms drop_dequeue split_gso classic_protection 10% 
 Sent 34096126 bytes 27461 pkt (dropped 959, overlimits 0 requeues 0) 
 backlog 2484b 2p requeues 0
prob 0.397762 delay_c 1924us delay_l 0us
pkts_in_c 28422 pkts_in_l 0 maxq 27
ecn_mark 0 step_marks 0
credit -121120 (L)

------ Mon 01 Dec 2025 11:32:54 PM PST ------
qdisc htb 1: root refcnt 33 r2q 10 default 0x10 direct_packets_stat 0 direct_qlen 1000
 Sent 34139596 bytes 27496 pkt (dropped 960, overlimits 27469 requeues 0) 
 backlog 2484b 2p requeues 0
qdisc dualpi2 2: parent 1:10 limit 15040000p target 1ms tupdate 16ms alpha 0.152344 beta 3.195312 l4s_ect coupling_factor 2 drop_on_overload step_thresh 1ms drop_dequeue split_gso classic_protection 10% 
 Sent 34139596 bytes 27496 pkt (dropped 960, overlimits 0 requeues 0) 
 backlog 2484b 2p requeues 0
prob 0.394515 delay_c 1892us delay_l 0us
pkts_in_c 28458 pkts_in_l 0 maxq 27
ecn_mark 0 step_marks 0
credit -121120 (L)

------ Mon 01 Dec 2025 11:32:54 PM PST ------
qdisc htb 1: root refcnt 33 r2q 10 default 0x10 direct_packets_stat 0 direct_qlen 1000
 Sent 34181824 bytes 27530 pkt (dropped 961, overlimits 27503 requeues 0) 
 backlog 2484b 2p requeues 0
qdisc dualpi2 2: parent 1:10 limit 15040000p target 1ms tupdate 16ms alpha 0.152344 beta 3.195312 l4s_ect coupling_factor 2 drop_on_overload step_thresh 1ms drop_dequeue split_gso classic_protection 10% 
 Sent 34181824 bytes 27530 pkt (dropped 961, overlimits 0 requeues 0) 
 backlog 2484b 2p requeues 0
prob 0.394728 delay_c 1617us delay_l 0us
pkts_in_c 28493 pkts_in_l 0 maxq 27
ecn_mark 0 step_marks 0
credit -121120 (L)

------ Mon 01 Dec 2025 11:32:54 PM PST ------
qdisc htb 1: root refcnt 33 r2q 10 default 0x10 direct_packets_stat 0 direct_qlen 1000
 Sent 34221568 bytes 27562 pkt (dropped 963, overlimits 27535 requeues 0) 
 backlog 2484b 2p requeues 0
qdisc dualpi2 2: parent 1:10 limit 15040000p target 1ms tupdate 16ms alpha 0.152344 beta 3.195312 l4s_ect coupling_factor 2 drop_on_overload step_thresh 1ms drop_dequeue split_gso classic_protection 10% 
 Sent 34221568 bytes 27562 pkt (dropped 963, overlimits 0 requeues 0) 
 backlog 2484b 2p requeues 0
prob 0.394713 delay_c 1543us delay_l 0us
pkts_in_c 28527 pkts_in_l 0 maxq 27
ecn_mark 0 step_marks 0
credit -121120 (L)

------ Mon 01 Dec 2025 11:32:54 PM PST ------
qdisc htb 1: root refcnt 33 r2q 10 default 0x10 direct_packets_stat 0 direct_qlen 1000
 Sent 34265038 bytes 27597 pkt (dropped 963, overlimits 27570 requeues 0) 
 backlog 3726b 3p requeues 0
qdisc dualpi2 2: parent 1:10 limit 15040000p target 1ms tupdate 16ms alpha 0.152344 beta 3.195312 l4s_ect coupling_factor 2 drop_on_overload step_thresh 1ms drop_dequeue split_gso classic_protection 10% 
 Sent 34265038 bytes 27597 pkt (dropped 963, overlimits 0 requeues 0) 
 backlog 3726b 3p requeues 0
prob 0.398070 delay_c 2209us delay_l 0us
pkts_in_c 28563 pkts_in_l 0 maxq 27
ecn_mark 0 step_marks 0
credit -121120 (L)

------ Mon 01 Dec 2025 11:32:54 PM PST ------
qdisc htb 1: root refcnt 33 r2q 10 default 0x10 direct_packets_stat 0 direct_qlen 1000
 Sent 34307266 bytes 27631 pkt (dropped 965, overlimits 27604 requeues 0) 
 backlog 2484b 2p requeues 0
qdisc dualpi2 2: parent 1:10 limit 15040000p target 1ms tupdate 16ms alpha 0.152344 beta 3.195312 l4s_ect coupling_factor 2 drop_on_overload step_thresh 1ms drop_dequeue split_gso classic_protection 10% 
 Sent 34307266 bytes 27631 pkt (dropped 965, overlimits 0 requeues 0) 
 backlog 2484b 2p requeues 0
prob 0.398189 delay_c 1652us delay_l 0us
pkts_in_c 28598 pkts_in_l 0 maxq 27
ecn_mark 0 step_marks 0
credit -121120 (L)

------ Mon 01 Dec 2025 11:32:54 PM PST ------
qdisc htb 1: root refcnt 33 r2q 10 default 0x10 direct_packets_stat 0 direct_qlen 1000
 Sent 34349494 bytes 27665 pkt (dropped 966, overlimits 27638 requeues 0) 
 backlog 2484b 2p requeues 0
qdisc dualpi2 2: parent 1:10 limit 15040000p target 1ms tupdate 16ms alpha 0.152344 beta 3.195312 l4s_ect coupling_factor 2 drop_on_overload step_thresh 1ms drop_dequeue split_gso classic_protection 10% 
 Sent 34349494 bytes 27665 pkt (dropped 966, overlimits 0 requeues 0) 
 backlog 2484b 2p requeues 0
prob 0.395173 delay_c 1445us delay_l 0us
pkts_in_c 28633 pkts_in_l 0 maxq 27
ecn_mark 0 step_marks 0
credit -121120 (L)

------ Mon 01 Dec 2025 11:32:54 PM PST ------
qdisc htb 1: root refcnt 33 r2q 10 default 0x10 direct_packets_stat 0 direct_qlen 1000
 Sent 34390480 bytes 27698 pkt (dropped 967, overlimits 27671 requeues 0) 
 backlog 2484b 2p requeues 0
qdisc dualpi2 2: parent 1:10 limit 15040000p target 1ms tupdate 16ms alpha 0.152344 beta 3.195312 l4s_ect coupling_factor 2 drop_on_overload step_thresh 1ms drop_dequeue split_gso classic_protection 10% 
 Sent 34390480 bytes 27698 pkt (dropped 967, overlimits 0 requeues 0) 
 backlog 2484b 2p requeues 0
prob 0.395222 delay_c 1630us delay_l 0us
pkts_in_c 28667 pkts_in_l 0 maxq 27
ecn_mark 0 step_marks 0
credit -121120 (L)

------ Mon 01 Dec 2025 11:32:54 PM PST ------
qdisc htb 1: root refcnt 33 r2q 10 default 0x10 direct_packets_stat 0 direct_qlen 1000
 Sent 34432708 bytes 27732 pkt (dropped 968, overlimits 27705 requeues 0) 
 backlog 2484b 2p requeues 0
qdisc dualpi2 2: parent 1:10 limit 15040000p target 1ms tupdate 16ms alpha 0.152344 beta 3.195312 l4s_ect coupling_factor 2 drop_on_overload step_thresh 1ms drop_dequeue split_gso classic_protection 10% 
 Sent 34432708 bytes 27732 pkt (dropped 968, overlimits 0 requeues 0) 
 backlog 2484b 2p requeues 0
prob 0.398745 delay_c 1625us delay_l 0us
pkts_in_c 28702 pkts_in_l 0 maxq 27
ecn_mark 0 step_marks 0
credit -121120 (L)

------ Mon 01 Dec 2025 11:32:54 PM PST ------
qdisc htb 1: root refcnt 33 r2q 10 default 0x10 direct_packets_stat 0 direct_qlen 1000
 Sent 34473694 bytes 27765 pkt (dropped 970, overlimits 27738 requeues 0) 
 backlog 1242b 1p requeues 0
qdisc dualpi2 2: parent 1:10 limit 15040000p target 1ms tupdate 16ms alpha 0.152344 beta 3.195312 l4s_ect coupling_factor 2 drop_on_overload step_thresh 1ms drop_dequeue split_gso classic_protection 10% 
 Sent 34473694 bytes 27765 pkt (dropped 970, overlimits 0 requeues 0) 
 backlog 1242b 1p requeues 0
prob 0.399041 delay_c 938us delay_l 0us
pkts_in_c 28736 pkts_in_l 0 maxq 27
ecn_mark 0 step_marks 0
credit -121120 (L)

------ Mon 01 Dec 2025 11:32:54 PM PST ------
qdisc htb 1: root refcnt 33 r2q 10 default 0x10 direct_packets_stat 0 direct_qlen 1000
 Sent 34514680 bytes 27798 pkt (dropped 970, overlimits 27771 requeues 0) 
 backlog 4968b 4p requeues 0
qdisc dualpi2 2: parent 1:10 limit 15040000p target 1ms tupdate 16ms alpha 0.152344 beta 3.195312 l4s_ect coupling_factor 2 drop_on_overload step_thresh 1ms drop_dequeue split_gso classic_protection 10% 
 Sent 34514680 bytes 27798 pkt (dropped 970, overlimits 0 requeues 0) 
 backlog 4968b 4p requeues 0
prob 0.399235 delay_c 2034us delay_l 0us
pkts_in_c 28772 pkts_in_l 0 maxq 27
ecn_mark 0 step_marks 0
credit -121120 (L)

------ Mon 01 Dec 2025 11:32:54 PM PST ------
qdisc htb 1: root refcnt 33 r2q 10 default 0x10 direct_packets_stat 0 direct_qlen 1000
 Sent 34558150 bytes 27833 pkt (dropped 972, overlimits 27806 requeues 0) 
 backlog 2484b 2p requeues 0
qdisc dualpi2 2: parent 1:10 limit 15040000p target 1ms tupdate 16ms alpha 0.152344 beta 3.195312 l4s_ect coupling_factor 2 drop_on_overload step_thresh 1ms drop_dequeue split_gso classic_protection 10% 
 Sent 34558150 bytes 27833 pkt (dropped 972, overlimits 0 requeues 0) 
 backlog 2484b 2p requeues 0
prob 0.399393 delay_c 1764us delay_l 0us
pkts_in_c 28807 pkts_in_l 0 maxq 27
ecn_mark 0 step_marks 0
credit -121120 (L)

------ Mon 01 Dec 2025 11:32:54 PM PST ------
qdisc htb 1: root refcnt 33 r2q 10 default 0x10 direct_packets_stat 0 direct_qlen 1000
 Sent 34599136 bytes 27866 pkt (dropped 973, overlimits 27839 requeues 0) 
 backlog 2484b 2p requeues 0
qdisc dualpi2 2: parent 1:10 limit 15040000p target 1ms tupdate 16ms alpha 0.152344 beta 3.195312 l4s_ect coupling_factor 2 drop_on_overload step_thresh 1ms drop_dequeue split_gso classic_protection 10% 
 Sent 34599136 bytes 27866 pkt (dropped 973, overlimits 0 requeues 0) 
 backlog 2484b 2p requeues 0
prob 0.396203 delay_c 1601us delay_l 0us
pkts_in_c 28841 pkts_in_l 0 maxq 27
ecn_mark 0 step_marks 0
credit -121120 (L)

------ Mon 01 Dec 2025 11:32:54 PM PST ------
qdisc htb 1: root refcnt 33 r2q 10 default 0x10 direct_packets_stat 0 direct_qlen 1000
 Sent 34641364 bytes 27900 pkt (dropped 974, overlimits 27873 requeues 0) 
 backlog 2484b 2p requeues 0
qdisc dualpi2 2: parent 1:10 limit 15040000p target 1ms tupdate 16ms alpha 0.152344 beta 3.195312 l4s_ect coupling_factor 2 drop_on_overload step_thresh 1ms drop_dequeue split_gso classic_protection 10% 
 Sent 34641364 bytes 27900 pkt (dropped 974, overlimits 0 requeues 0) 
 backlog 2484b 2p requeues 0
prob 0.396350 delay_c 1689us delay_l 0us
pkts_in_c 28876 pkts_in_l 0 maxq 27
ecn_mark 0 step_marks 0
credit -121120 (L)

------ Mon 01 Dec 2025 11:32:54 PM PST ------
qdisc htb 1: root refcnt 33 r2q 10 default 0x10 direct_packets_stat 0 direct_qlen 1000
 Sent 34683592 bytes 27934 pkt (dropped 976, overlimits 27907 requeues 0) 
 backlog 1242b 1p requeues 0
qdisc dualpi2 2: parent 1:10 limit 15040000p target 1ms tupdate 16ms alpha 0.152344 beta 3.195312 l4s_ect coupling_factor 2 drop_on_overload step_thresh 1ms drop_dequeue split_gso classic_protection 10% 
 Sent 34683592 bytes 27934 pkt (dropped 976, overlimits 0 requeues 0) 
 backlog 1242b 1p requeues 0
prob 0.399753 delay_c 889us delay_l 0us
pkts_in_c 28911 pkts_in_l 0 maxq 27
ecn_mark 0 step_marks 0
credit -121120 (L)

------ Mon 01 Dec 2025 11:32:54 PM PST ------
qdisc htb 1: root refcnt 33 r2q 10 default 0x10 direct_packets_stat 0 direct_qlen 1000
 Sent 34725820 bytes 27968 pkt (dropped 977, overlimits 27941 requeues 0) 
 backlog 2484b 2p requeues 0
qdisc dualpi2 2: parent 1:10 limit 15040000p target 1ms tupdate 16ms alpha 0.152344 beta 3.195312 l4s_ect coupling_factor 2 drop_on_overload step_thresh 1ms drop_dequeue split_gso classic_protection 10% 
 Sent 34725820 bytes 27968 pkt (dropped 977, overlimits 0 requeues 0) 
 backlog 2484b 2p requeues 0
prob 0.396556 delay_c 1334us delay_l 0us
pkts_in_c 28947 pkts_in_l 0 maxq 27
ecn_mark 0 step_marks 0
credit -121120 (L)

------ Mon 01 Dec 2025 11:32:54 PM PST ------
qdisc htb 1: root refcnt 33 r2q 10 default 0x10 direct_packets_stat 0 direct_qlen 1000
 Sent 34765564 bytes 28000 pkt (dropped 978, overlimits 27973 requeues 0) 
 backlog 2484b 2p requeues 0
qdisc dualpi2 2: parent 1:10 limit 15040000p target 1ms tupdate 16ms alpha 0.152344 beta 3.195312 l4s_ect coupling_factor 2 drop_on_overload step_thresh 1ms drop_dequeue split_gso classic_protection 10% 
 Sent 34765564 bytes 28000 pkt (dropped 978, overlimits 0 requeues 0) 
 backlog 2484b 2p requeues 0
prob 0.396584 delay_c 868us delay_l 0us
pkts_in_c 28980 pkts_in_l 0 maxq 27
ecn_mark 0 step_marks 0
credit -121120 (L)

------ Mon 01 Dec 2025 11:32:54 PM PST ------
qdisc htb 1: root refcnt 33 r2q 10 default 0x10 direct_packets_stat 0 direct_qlen 1000
 Sent 34805308 bytes 28032 pkt (dropped 979, overlimits 28005 requeues 0) 
 backlog 2484b 2p requeues 0
qdisc dualpi2 2: parent 1:10 limit 15040000p target 1ms tupdate 16ms alpha 0.152344 beta 3.195312 l4s_ect coupling_factor 2 drop_on_overload step_thresh 1ms drop_dequeue split_gso classic_protection 10% 
 Sent 34805308 bytes 28032 pkt (dropped 979, overlimits 0 requeues 0) 
 backlog 2484b 2p requeues 0
prob 0.396605 delay_c 1674us delay_l 0us
pkts_in_c 29013 pkts_in_l 0 maxq 27
ecn_mark 0 step_marks 0
credit -121120 (L)

------ Mon 01 Dec 2025 11:32:55 PM PST ------
qdisc htb 1: root refcnt 33 r2q 10 default 0x10 direct_packets_stat 0 direct_qlen 1000
 Sent 34847536 bytes 28066 pkt (dropped 980, overlimits 28039 requeues 0) 
 backlog 2484b 2p requeues 0
qdisc dualpi2 2: parent 1:10 limit 15040000p target 1ms tupdate 16ms alpha 0.152344 beta 3.195312 l4s_ect coupling_factor 2 drop_on_overload step_thresh 1ms drop_dequeue split_gso classic_protection 10% 
 Sent 34847536 bytes 28066 pkt (dropped 980, overlimits 0 requeues 0) 
 backlog 2484b 2p requeues 0
prob 0.396588 delay_c 1323us delay_l 0us
pkts_in_c 29048 pkts_in_l 0 maxq 27
ecn_mark 0 step_marks 0
credit -121120 (L)

------ Mon 01 Dec 2025 11:32:55 PM PST ------
qdisc htb 1: root refcnt 33 r2q 10 default 0x10 direct_packets_stat 0 direct_qlen 1000
 Sent 34888522 bytes 28099 pkt (dropped 981, overlimits 28072 requeues 0) 
 backlog 2484b 2p requeues 0
qdisc dualpi2 2: parent 1:10 limit 15040000p target 1ms tupdate 16ms alpha 0.152344 beta 3.195312 l4s_ect coupling_factor 2 drop_on_overload step_thresh 1ms drop_dequeue split_gso classic_protection 10% 
 Sent 34888522 bytes 28099 pkt (dropped 981, overlimits 0 requeues 0) 
 backlog 2484b 2p requeues 0
prob 0.396635 delay_c 1901us delay_l 0us
pkts_in_c 29082 pkts_in_l 0 maxq 27
ecn_mark 0 step_marks 0
credit -121120 (L)

------ Mon 01 Dec 2025 11:32:55 PM PST ------
qdisc htb 1: root refcnt 33 r2q 10 default 0x10 direct_packets_stat 0 direct_qlen 1000
 Sent 34929508 bytes 28132 pkt (dropped 982, overlimits 28105 requeues 0) 
 backlog 3726b 3p requeues 0
qdisc dualpi2 2: parent 1:10 limit 15040000p target 1ms tupdate 16ms alpha 0.152344 beta 3.195312 l4s_ect coupling_factor 2 drop_on_overload step_thresh 1ms drop_dequeue split_gso classic_protection 10% 
 Sent 34929508 bytes 28132 pkt (dropped 982, overlimits 0 requeues 0) 
 backlog 3726b 3p requeues 0
prob 0.396724 delay_c 1992us delay_l 0us
pkts_in_c 29117 pkts_in_l 0 maxq 27
ecn_mark 0 step_marks 0
credit -121120 (L)

------ Mon 01 Dec 2025 11:32:55 PM PST ------
qdisc htb 1: root refcnt 33 r2q 10 default 0x10 direct_packets_stat 0 direct_qlen 1000
 Sent 34968010 bytes 28163 pkt (dropped 984, overlimits 28136 requeues 0) 
 backlog 3726b 3p requeues 0
qdisc dualpi2 2: parent 1:10 limit 15040000p target 1ms tupdate 16ms alpha 0.152344 beta 3.195312 l4s_ect coupling_factor 2 drop_on_overload step_thresh 1ms drop_dequeue split_gso classic_protection 10% 
 Sent 34968010 bytes 28163 pkt (dropped 984, overlimits 0 requeues 0) 
 backlog 3726b 3p requeues 0
prob 0.396731 delay_c 1190us delay_l 0us
pkts_in_c 29150 pkts_in_l 0 maxq 27
ecn_mark 0 step_marks 0
credit -121120 (L)

------ Mon 01 Dec 2025 11:32:55 PM PST ------
qdisc htb 1: root refcnt 33 r2q 10 default 0x10 direct_packets_stat 0 direct_qlen 1000
 Sent 35008996 bytes 28196 pkt (dropped 985, overlimits 28169 requeues 0) 
 backlog 1242b 1p requeues 0
qdisc dualpi2 2: parent 1:10 limit 15040000p target 1ms tupdate 16ms alpha 0.152344 beta 3.195312 l4s_ect coupling_factor 2 drop_on_overload step_thresh 1ms drop_dequeue split_gso classic_protection 10% 
 Sent 35008996 bytes 28196 pkt (dropped 985, overlimits 0 requeues 0) 
 backlog 1242b 1p requeues 0
prob 0.396829 delay_c 883us delay_l 0us
pkts_in_c 29182 pkts_in_l 0 maxq 27
ecn_mark 0 step_marks 0
credit -121120 (L)

------ Mon 01 Dec 2025 11:32:55 PM PST ------
qdisc htb 1: root refcnt 33 r2q 10 default 0x10 direct_packets_stat 0 direct_qlen 1000
 Sent 35049982 bytes 28229 pkt (dropped 985, overlimits 28202 requeues 0) 
 backlog 3726b 3p requeues 0
qdisc dualpi2 2: parent 1:10 limit 15040000p target 1ms tupdate 16ms alpha 0.152344 beta 3.195312 l4s_ect coupling_factor 2 drop_on_overload step_thresh 1ms drop_dequeue split_gso classic_protection 10% 
 Sent 35049982 bytes 28229 pkt (dropped 985, overlimits 0 requeues 0) 
 backlog 3726b 3p requeues 0
prob 0.400177 delay_c 2106us delay_l 0us
pkts_in_c 29217 pkts_in_l 0 maxq 27
ecn_mark 0 step_marks 0
credit -121120 (L)

------ Mon 01 Dec 2025 11:32:55 PM PST ------
qdisc htb 1: root refcnt 33 r2q 10 default 0x10 direct_packets_stat 0 direct_qlen 1000
 Sent 35088484 bytes 28260 pkt (dropped 987, overlimits 28233 requeues 0) 
 backlog 3726b 3p requeues 0
qdisc dualpi2 2: parent 1:10 limit 15040000p target 1ms tupdate 16ms alpha 0.152344 beta 3.195312 l4s_ect coupling_factor 2 drop_on_overload step_thresh 1ms drop_dequeue split_gso classic_protection 10% 
 Sent 35088484 bytes 28260 pkt (dropped 987, overlimits 0 requeues 0) 
 backlog 3726b 3p requeues 0
prob 0.397037 delay_c 1255us delay_l 0us
pkts_in_c 29250 pkts_in_l 0 maxq 27
ecn_mark 0 step_marks 0
credit -121120 (L)

------ Mon 01 Dec 2025 11:32:55 PM PST ------
qdisc htb 1: root refcnt 33 r2q 10 default 0x10 direct_packets_stat 0 direct_qlen 1000
 Sent 35130712 bytes 28294 pkt (dropped 988, overlimits 28267 requeues 0) 
 backlog 3726b 3p requeues 0
qdisc dualpi2 2: parent 1:10 limit 15040000p target 1ms tupdate 16ms alpha 0.152344 beta 3.195312 l4s_ect coupling_factor 2 drop_on_overload step_thresh 1ms drop_dequeue split_gso classic_protection 10% 
 Sent 35130712 bytes 28294 pkt (dropped 988, overlimits 0 requeues 0) 
 backlog 3726b 3p requeues 0
prob 0.397018 delay_c 1208us delay_l 0us
pkts_in_c 29285 pkts_in_l 0 maxq 27
ecn_mark 0 step_marks 0
credit -121120 (L)

------ Mon 01 Dec 2025 11:32:55 PM PST ------
qdisc htb 1: root refcnt 33 r2q 10 default 0x10 direct_packets_stat 0 direct_qlen 1000
 Sent 35170456 bytes 28326 pkt (dropped 989, overlimits 28299 requeues 0) 
 backlog 2484b 2p requeues 0
qdisc dualpi2 2: parent 1:10 limit 15040000p target 1ms tupdate 16ms alpha 0.152344 beta 3.195312 l4s_ect coupling_factor 2 drop_on_overload step_thresh 1ms drop_dequeue split_gso classic_protection 10% 
 Sent 35170456 bytes 28326 pkt (dropped 989, overlimits 0 requeues 0) 
 backlog 2484b 2p requeues 0
prob 0.396944 delay_c 1641us delay_l 0us
pkts_in_c 29317 pkts_in_l 0 maxq 27
ecn_mark 0 step_marks 0
credit -121120 (L)

------ Mon 01 Dec 2025 11:32:55 PM PST ------
qdisc htb 1: root refcnt 33 r2q 10 default 0x10 direct_packets_stat 0 direct_qlen 1000
 Sent 35208958 bytes 28357 pkt (dropped 991, overlimits 28330 requeues 0) 
 backlog 2484b 2p requeues 0
qdisc dualpi2 2: parent 1:10 limit 15040000p target 1ms tupdate 16ms alpha 0.152344 beta 3.195312 l4s_ect coupling_factor 2 drop_on_overload step_thresh 1ms drop_dequeue split_gso classic_protection 10% 
 Sent 35208958 bytes 28357 pkt (dropped 991, overlimits 0 requeues 0) 
 backlog 2484b 2p requeues 0
prob 0.400481 delay_c 857us delay_l 0us
pkts_in_c 29350 pkts_in_l 0 maxq 27
ecn_mark 0 step_marks 0
credit -121120 (L)

------ Mon 01 Dec 2025 11:32:55 PM PST ------
qdisc htb 1: root refcnt 33 r2q 10 default 0x10 direct_packets_stat 0 direct_qlen 1000
 Sent 35248702 bytes 28389 pkt (dropped 991, overlimits 28362 requeues 0) 
 backlog 3726b 3p requeues 0
qdisc dualpi2 2: parent 1:10 limit 15040000p target 1ms tupdate 16ms alpha 0.152344 beta 3.195312 l4s_ect coupling_factor 2 drop_on_overload step_thresh 1ms drop_dequeue split_gso classic_protection 10% 
 Sent 35248702 bytes 28389 pkt (dropped 991, overlimits 0 requeues 0) 
 backlog 3726b 3p requeues 0
prob 0.397276 delay_c 2124us delay_l 0us
pkts_in_c 29383 pkts_in_l 0 maxq 27
ecn_mark 0 step_marks 0
credit -121120 (L)

------ Mon 01 Dec 2025 11:32:55 PM PST ------
qdisc htb 1: root refcnt 33 r2q 10 default 0x10 direct_packets_stat 0 direct_qlen 1000
 Sent 35290930 bytes 28423 pkt (dropped 992, overlimits 28396 requeues 0) 
 backlog 2484b 2p requeues 0
qdisc dualpi2 2: parent 1:10 limit 15040000p target 1ms tupdate 16ms alpha 0.152344 beta 3.195312 l4s_ect coupling_factor 2 drop_on_overload step_thresh 1ms drop_dequeue split_gso classic_protection 10% 
 Sent 35290930 bytes 28423 pkt (dropped 992, overlimits 0 requeues 0) 
 backlog 2484b 2p requeues 0
prob 0.400746 delay_c 1923us delay_l 0us
pkts_in_c 29417 pkts_in_l 0 maxq 27
ecn_mark 0 step_marks 0
credit -121120 (L)

------ Mon 01 Dec 2025 11:32:55 PM PST ------
qdisc htb 1: root refcnt 33 r2q 10 default 0x10 direct_packets_stat 0 direct_qlen 1000
 Sent 35331916 bytes 28456 pkt (dropped 992, overlimits 28429 requeues 0) 
 backlog 4968b 4p requeues 0
qdisc dualpi2 2: parent 1:10 limit 15040000p target 1ms tupdate 16ms alpha 0.152344 beta 3.195312 l4s_ect coupling_factor 2 drop_on_overload step_thresh 1ms drop_dequeue split_gso classic_protection 10% 
 Sent 35331916 bytes 28456 pkt (dropped 992, overlimits 0 requeues 0) 
 backlog 4968b 4p requeues 0
prob 0.404413 delay_c 2774us delay_l 0us
pkts_in_c 29452 pkts_in_l 0 maxq 27
ecn_mark 0 step_marks 0
credit -121120 (L)

------ Mon 01 Dec 2025 11:32:55 PM PST ------
qdisc htb 1: root refcnt 33 r2q 10 default 0x10 direct_packets_stat 0 direct_qlen 1000
 Sent 35374144 bytes 28490 pkt (dropped 995, overlimits 28463 requeues 0) 
 backlog 2484b 2p requeues 0
qdisc dualpi2 2: parent 1:10 limit 15040000p target 1ms tupdate 16ms alpha 0.152344 beta 3.195312 l4s_ect coupling_factor 2 drop_on_overload step_thresh 1ms drop_dequeue split_gso classic_protection 10% 
 Sent 35374144 bytes 28490 pkt (dropped 995, overlimits 0 requeues 0) 
 backlog 2484b 2p requeues 0
prob 0.401470 delay_c 1836us delay_l 0us
pkts_in_c 29487 pkts_in_l 0 maxq 27
ecn_mark 0 step_marks 0
credit -121120 (L)

------ Mon 01 Dec 2025 11:32:55 PM PST ------
qdisc htb 1: root refcnt 33 r2q 10 default 0x10 direct_packets_stat 0 direct_qlen 1000
 Sent 35415130 bytes 28523 pkt (dropped 996, overlimits 28496 requeues 0) 
 backlog 2484b 2p requeues 0
qdisc dualpi2 2: parent 1:10 limit 15040000p target 1ms tupdate 16ms alpha 0.152344 beta 3.195312 l4s_ect coupling_factor 2 drop_on_overload step_thresh 1ms drop_dequeue split_gso classic_protection 10% 
 Sent 35415130 bytes 28523 pkt (dropped 996, overlimits 0 requeues 0) 
 backlog 2484b 2p requeues 0
prob 0.398305 delay_c 1710us delay_l 0us
pkts_in_c 29521 pkts_in_l 0 maxq 27
ecn_mark 0 step_marks 0
credit -121120 (L)

------ Mon 01 Dec 2025 11:32:55 PM PST ------
qdisc htb 1: root refcnt 33 r2q 10 default 0x10 direct_packets_stat 0 direct_qlen 1000
 Sent 35458600 bytes 28558 pkt (dropped 997, overlimits 28531 requeues 0) 
 backlog 2484b 2p requeues 0
qdisc dualpi2 2: parent 1:10 limit 15040000p target 1ms tupdate 16ms alpha 0.152344 beta 3.195312 l4s_ect coupling_factor 2 drop_on_overload step_thresh 1ms drop_dequeue split_gso classic_protection 10% 
 Sent 35458600 bytes 28558 pkt (dropped 997, overlimits 0 requeues 0) 
 backlog 2484b 2p requeues 0
prob 0.398442 delay_c 1758us delay_l 0us
pkts_in_c 29557 pkts_in_l 0 maxq 27
ecn_mark 0 step_marks 0
credit -121120 (L)

------ Mon 01 Dec 2025 11:32:55 PM PST ------
qdisc htb 1: root refcnt 33 r2q 10 default 0x10 direct_packets_stat 0 direct_qlen 1000
 Sent 35500828 bytes 28592 pkt (dropped 998, overlimits 28565 requeues 0) 
 backlog 3726b 3p requeues 0
qdisc dualpi2 2: parent 1:10 limit 15040000p target 1ms tupdate 16ms alpha 0.152344 beta 3.195312 l4s_ect coupling_factor 2 drop_on_overload step_thresh 1ms drop_dequeue split_gso classic_protection 10% 
 Sent 35500828 bytes 28592 pkt (dropped 998, overlimits 0 requeues 0) 
 backlog 3726b 3p requeues 0
prob 0.402019 delay_c 2179us delay_l 0us
pkts_in_c 29593 pkts_in_l 0 maxq 27
ecn_mark 0 step_marks 0
credit -121120 (L)

------ Mon 01 Dec 2025 11:32:55 PM PST ------
qdisc htb 1: root refcnt 33 r2q 10 default 0x10 direct_packets_stat 0 direct_qlen 1000
 Sent 35541814 bytes 28625 pkt (dropped 1000, overlimits 28598 requeues 0) 
 backlog 2484b 2p requeues 0
qdisc dualpi2 2: parent 1:10 limit 15040000p target 1ms tupdate 16ms alpha 0.152344 beta 3.195312 l4s_ect coupling_factor 2 drop_on_overload step_thresh 1ms drop_dequeue split_gso classic_protection 10% 
 Sent 35541814 bytes 28625 pkt (dropped 1000, overlimits 0 requeues 0) 
 backlog 2484b 2p requeues 0
prob 0.398838 delay_c 1295us delay_l 0us
pkts_in_c 29627 pkts_in_l 0 maxq 27
ecn_mark 0 step_marks 0
credit -121120 (L)

------ Mon 01 Dec 2025 11:32:55 PM PST ------
qdisc htb 1: root refcnt 33 r2q 10 default 0x10 direct_packets_stat 0 direct_qlen 1000
 Sent 35584042 bytes 28659 pkt (dropped 1001, overlimits 28632 requeues 0) 
 backlog 2484b 2p requeues 0
qdisc dualpi2 2: parent 1:10 limit 15040000p target 1ms tupdate 16ms alpha 0.152344 beta 3.195312 l4s_ect coupling_factor 2 drop_on_overload step_thresh 1ms drop_dequeue split_gso classic_protection 10% 
 Sent 35584042 bytes 28659 pkt (dropped 1001, overlimits 0 requeues 0) 
 backlog 2484b 2p requeues 0
prob 0.398805 delay_c 1657us delay_l 0us
pkts_in_c 29662 pkts_in_l 0 maxq 27
ecn_mark 0 step_marks 0
credit -121120 (L)

------ Mon 01 Dec 2025 11:32:55 PM PST ------
qdisc htb 1: root refcnt 33 r2q 10 default 0x10 direct_packets_stat 0 direct_qlen 1000
 Sent 35626270 bytes 28693 pkt (dropped 1002, overlimits 28666 requeues 0) 
 backlog 2484b 2p requeues 0
qdisc dualpi2 2: parent 1:10 limit 15040000p target 1ms tupdate 16ms alpha 0.152344 beta 3.195312 l4s_ect coupling_factor 2 drop_on_overload step_thresh 1ms drop_dequeue split_gso classic_protection 10% 
 Sent 35626270 bytes 28693 pkt (dropped 1002, overlimits 0 requeues 0) 
 backlog 2484b 2p requeues 0
prob 0.402184 delay_c 1315us delay_l 0us
pkts_in_c 29697 pkts_in_l 0 maxq 27
ecn_mark 0 step_marks 0
credit -121120 (L)

------ Mon 01 Dec 2025 11:32:55 PM PST ------
qdisc htb 1: root refcnt 33 r2q 10 default 0x10 direct_packets_stat 0 direct_qlen 1000
 Sent 35667256 bytes 28726 pkt (dropped 1003, overlimits 28699 requeues 0) 
 backlog 3726b 3p requeues 0
qdisc dualpi2 2: parent 1:10 limit 15040000p target 1ms tupdate 16ms alpha 0.152344 beta 3.195312 l4s_ect coupling_factor 2 drop_on_overload step_thresh 1ms drop_dequeue split_gso classic_protection 10% 
 Sent 35667256 bytes 28726 pkt (dropped 1003, overlimits 0 requeues 0) 
 backlog 3726b 3p requeues 0
prob 0.399235 delay_c 2443us delay_l 0us
pkts_in_c 29732 pkts_in_l 0 maxq 27
ecn_mark 0 step_marks 0
credit -121120 (L)

------ Mon 01 Dec 2025 11:32:55 PM PST ------
qdisc htb 1: root refcnt 33 r2q 10 default 0x10 direct_packets_stat 0 direct_qlen 1000
 Sent 35710726 bytes 28761 pkt (dropped 1004, overlimits 28734 requeues 0) 
 backlog 3726b 3p requeues 0
qdisc dualpi2 2: parent 1:10 limit 15040000p target 1ms tupdate 16ms alpha 0.152344 beta 3.195312 l4s_ect coupling_factor 2 drop_on_overload step_thresh 1ms drop_dequeue split_gso classic_protection 10% 
 Sent 35710726 bytes 28761 pkt (dropped 1004, overlimits 0 requeues 0) 
 backlog 3726b 3p requeues 0
prob 0.399256 delay_c 2172us delay_l 0us
pkts_in_c 29768 pkts_in_l 0 maxq 27
ecn_mark 0 step_marks 0
credit -121120 (L)

------ Mon 01 Dec 2025 11:32:55 PM PST ------
qdisc htb 1: root refcnt 33 r2q 10 default 0x10 direct_packets_stat 0 direct_qlen 1000
 Sent 35754196 bytes 28796 pkt (dropped 1004, overlimits 28769 requeues 0) 
 backlog 3726b 3p requeues 0
qdisc dualpi2 2: parent 1:10 limit 15040000p target 1ms tupdate 16ms alpha 0.152344 beta 3.195312 l4s_ect coupling_factor 2 drop_on_overload step_thresh 1ms drop_dequeue split_gso classic_protection 10% 
 Sent 35754196 bytes 28796 pkt (dropped 1004, overlimits 0 requeues 0) 
 backlog 3726b 3p requeues 0
prob 0.402784 delay_c 2912us delay_l 0us
pkts_in_c 29803 pkts_in_l 0 maxq 27
ecn_mark 0 step_marks 0
credit -121120 (L)

------ Mon 01 Dec 2025 11:32:55 PM PST ------
qdisc htb 1: root refcnt 33 r2q 10 default 0x10 direct_packets_stat 0 direct_qlen 1000
 Sent 35795182 bytes 28829 pkt (dropped 1006, overlimits 28802 requeues 0) 
 backlog 3726b 3p requeues 0
qdisc dualpi2 2: parent 1:10 limit 15040000p target 1ms tupdate 16ms alpha 0.152344 beta 3.195312 l4s_ect coupling_factor 2 drop_on_overload step_thresh 1ms drop_dequeue split_gso classic_protection 10% 
 Sent 35795182 bytes 28829 pkt (dropped 1006, overlimits 0 requeues 0) 
 backlog 3726b 3p requeues 0
prob 0.403281 delay_c 2468us delay_l 0us
pkts_in_c 29838 pkts_in_l 0 maxq 27
ecn_mark 0 step_marks 0
credit -121120 (L)

------ Mon 01 Dec 2025 11:32:55 PM PST ------
qdisc htb 1: root refcnt 33 r2q 10 default 0x10 direct_packets_stat 0 direct_qlen 1000
 Sent 35837410 bytes 28863 pkt (dropped 1008, overlimits 28836 requeues 0) 
 backlog 2484b 2p requeues 0
qdisc dualpi2 2: parent 1:10 limit 15040000p target 1ms tupdate 16ms alpha 0.152344 beta 3.195312 l4s_ect coupling_factor 2 drop_on_overload step_thresh 1ms drop_dequeue split_gso classic_protection 10% 
 Sent 35837410 bytes 28863 pkt (dropped 1008, overlimits 0 requeues 0) 
 backlog 2484b 2p requeues 0
prob 0.400105 delay_c 1683us delay_l 0us
pkts_in_c 29873 pkts_in_l 0 maxq 27
ecn_mark 0 step_marks 0
credit -121120 (L)

------ Mon 01 Dec 2025 11:32:55 PM PST ------
qdisc htb 1: root refcnt 33 r2q 10 default 0x10 direct_packets_stat 0 direct_qlen 1000
 Sent 35879638 bytes 28897 pkt (dropped 1009, overlimits 28870 requeues 0) 
 backlog 2484b 2p requeues 0
qdisc dualpi2 2: parent 1:10 limit 15040000p target 1ms tupdate 16ms alpha 0.152344 beta 3.195312 l4s_ect coupling_factor 2 drop_on_overload step_thresh 1ms drop_dequeue split_gso classic_protection 10% 
 Sent 35879638 bytes 28897 pkt (dropped 1009, overlimits 0 requeues 0) 
 backlog 2484b 2p requeues 0
prob 0.400142 delay_c 1401us delay_l 0us
pkts_in_c 29908 pkts_in_l 0 maxq 27
ecn_mark 0 step_marks 0
credit -121120 (L)

------ Mon 01 Dec 2025 11:32:55 PM PST ------
qdisc htb 1: root refcnt 33 r2q 10 default 0x10 direct_packets_stat 0 direct_qlen 1000
 Sent 35921866 bytes 28931 pkt (dropped 1010, overlimits 28904 requeues 0) 
 backlog 2484b 2p requeues 0
qdisc dualpi2 2: parent 1:10 limit 15040000p target 1ms tupdate 16ms alpha 0.152344 beta 3.195312 l4s_ect coupling_factor 2 drop_on_overload step_thresh 1ms drop_dequeue split_gso classic_protection 10% 
 Sent 35921866 bytes 28931 pkt (dropped 1010, overlimits 0 requeues 0) 
 backlog 2484b 2p requeues 0
prob 0.400177 delay_c 1943us delay_l 0us
pkts_in_c 29943 pkts_in_l 0 maxq 27
ecn_mark 0 step_marks 0
credit -121120 (L)

------ Mon 01 Dec 2025 11:32:55 PM PST ------
qdisc htb 1: root refcnt 33 r2q 10 default 0x10 direct_packets_stat 0 direct_qlen 1000
 Sent 35965336 bytes 28966 pkt (dropped 1011, overlimits 28939 requeues 0) 
 backlog 3726b 3p requeues 0
qdisc dualpi2 2: parent 1:10 limit 15040000p target 1ms tupdate 16ms alpha 0.152344 beta 3.195312 l4s_ect coupling_factor 2 drop_on_overload step_thresh 1ms drop_dequeue split_gso classic_protection 10% 
 Sent 35965336 bytes 28966 pkt (dropped 1011, overlimits 0 requeues 0) 
 backlog 3726b 3p requeues 0
prob 0.400328 delay_c 1699us delay_l 0us
pkts_in_c 29980 pkts_in_l 0 maxq 27
ecn_mark 0 step_marks 0
credit -121120 (L)

------ Mon 01 Dec 2025 11:32:55 PM PST ------
qdisc htb 1: root refcnt 33 r2q 10 default 0x10 direct_packets_stat 0 direct_qlen 1000
 Sent 36008806 bytes 29001 pkt (dropped 1013, overlimits 28974 requeues 0) 
 backlog 2484b 2p requeues 0
qdisc dualpi2 2: parent 1:10 limit 15040000p target 1ms tupdate 16ms alpha 0.152344 beta 3.195312 l4s_ect coupling_factor 2 drop_on_overload step_thresh 1ms drop_dequeue split_gso classic_protection 10% 
 Sent 36008806 bytes 29001 pkt (dropped 1013, overlimits 0 requeues 0) 
 backlog 2484b 2p requeues 0
prob 0.400362 delay_c 1377us delay_l 0us
pkts_in_c 30016 pkts_in_l 0 maxq 27
ecn_mark 0 step_marks 0
credit -121120 (L)

------ Mon 01 Dec 2025 11:32:55 PM PST ------
qdisc htb 1: root refcnt 33 r2q 10 default 0x10 direct_packets_stat 0 direct_qlen 1000
 Sent 36049792 bytes 29034 pkt (dropped 1013, overlimits 29007 requeues 0) 
 backlog 3726b 3p requeues 0
qdisc dualpi2 2: parent 1:10 limit 15040000p target 1ms tupdate 16ms alpha 0.152344 beta 3.195312 l4s_ect coupling_factor 2 drop_on_overload step_thresh 1ms drop_dequeue split_gso classic_protection 10% 
 Sent 36049792 bytes 29034 pkt (dropped 1013, overlimits 0 requeues 0) 
 backlog 3726b 3p requeues 0
prob 0.403765 delay_c 1777us delay_l 0us
pkts_in_c 30050 pkts_in_l 0 maxq 27
ecn_mark 0 step_marks 0
credit -121120 (L)

------ Mon 01 Dec 2025 11:32:55 PM PST ------
qdisc htb 1: root refcnt 33 r2q 10 default 0x10 direct_packets_stat 0 direct_qlen 1000
 Sent 36092020 bytes 29068 pkt (dropped 1015, overlimits 29041 requeues 0) 
 backlog 3726b 3p requeues 0
qdisc dualpi2 2: parent 1:10 limit 15040000p target 1ms tupdate 16ms alpha 0.152344 beta 3.195312 l4s_ect coupling_factor 2 drop_on_overload step_thresh 1ms drop_dequeue split_gso classic_protection 10% 
 Sent 36092020 bytes 29068 pkt (dropped 1015, overlimits 0 requeues 0) 
 backlog 3726b 3p requeues 0
prob 0.403965 delay_c 1148us delay_l 0us
pkts_in_c 30086 pkts_in_l 0 maxq 27
ecn_mark 0 step_marks 0
credit -121120 (L)

------ Mon 01 Dec 2025 11:32:55 PM PST ------
qdisc htb 1: root refcnt 33 r2q 10 default 0x10 direct_packets_stat 0 direct_qlen 1000
 Sent 36134248 bytes 29102 pkt (dropped 1016, overlimits 29075 requeues 0) 
 backlog 3726b 3p requeues 0
qdisc dualpi2 2: parent 1:10 limit 15040000p target 1ms tupdate 16ms alpha 0.152344 beta 3.195312 l4s_ect coupling_factor 2 drop_on_overload step_thresh 1ms drop_dequeue split_gso classic_protection 10% 
 Sent 36134248 bytes 29102 pkt (dropped 1016, overlimits 0 requeues 0) 
 backlog 3726b 3p requeues 0
prob 0.400809 delay_c 1636us delay_l 0us
pkts_in_c 30121 pkts_in_l 0 maxq 27
ecn_mark 0 step_marks 0
credit -121120 (L)

------ Mon 01 Dec 2025 11:32:55 PM PST ------
qdisc htb 1: root refcnt 33 r2q 10 default 0x10 direct_packets_stat 0 direct_qlen 1000
 Sent 36177718 bytes 29137 pkt (dropped 1018, overlimits 29110 requeues 0) 
 backlog 2484b 2p requeues 0
qdisc dualpi2 2: parent 1:10 limit 15040000p target 1ms tupdate 16ms alpha 0.152344 beta 3.195312 l4s_ect coupling_factor 2 drop_on_overload step_thresh 1ms drop_dequeue split_gso classic_protection 10% 
 Sent 36177718 bytes 29137 pkt (dropped 1018, overlimits 0 requeues 0) 
 backlog 2484b 2p requeues 0
prob 0.404321 delay_c 1039us delay_l 0us
pkts_in_c 30157 pkts_in_l 0 maxq 27
ecn_mark 0 step_marks 0
credit -121120 (L)

------ Mon 01 Dec 2025 11:32:55 PM PST ------
qdisc htb 1: root refcnt 33 r2q 10 default 0x10 direct_packets_stat 0 direct_qlen 1000
 Sent 36218704 bytes 29170 pkt (dropped 1019, overlimits 29143 requeues 0) 
 backlog 2484b 2p requeues 0
qdisc dualpi2 2: parent 1:10 limit 15040000p target 1ms tupdate 16ms alpha 0.152344 beta 3.195312 l4s_ect coupling_factor 2 drop_on_overload step_thresh 1ms drop_dequeue split_gso classic_protection 10% 
 Sent 36218704 bytes 29170 pkt (dropped 1019, overlimits 0 requeues 0) 
 backlog 2484b 2p requeues 0
prob 0.401098 delay_c 1646us delay_l 0us
pkts_in_c 30191 pkts_in_l 0 maxq 27
ecn_mark 0 step_marks 0
credit -121120 (L)

------ Mon 01 Dec 2025 11:32:55 PM PST ------
qdisc htb 1: root refcnt 33 r2q 10 default 0x10 direct_packets_stat 0 direct_qlen 1000
 Sent 36260932 bytes 29204 pkt (dropped 1020, overlimits 29177 requeues 0) 
 backlog 2484b 2p requeues 0
qdisc dualpi2 2: parent 1:10 limit 15040000p target 1ms tupdate 16ms alpha 0.152344 beta 3.195312 l4s_ect coupling_factor 2 drop_on_overload step_thresh 1ms drop_dequeue split_gso classic_protection 10% 
 Sent 36260932 bytes 29204 pkt (dropped 1020, overlimits 0 requeues 0) 
 backlog 2484b 2p requeues 0
prob 0.404560 delay_c 1552us delay_l 0us
pkts_in_c 30226 pkts_in_l 0 maxq 27
ecn_mark 0 step_marks 0
credit -121120 (L)

------ Mon 01 Dec 2025 11:32:55 PM PST ------
qdisc htb 1: root refcnt 33 r2q 10 default 0x10 direct_packets_stat 0 direct_qlen 1000
 Sent 36303160 bytes 29238 pkt (dropped 1021, overlimits 29211 requeues 0) 
 backlog 2484b 2p requeues 0
qdisc dualpi2 2: parent 1:10 limit 15040000p target 1ms tupdate 16ms alpha 0.152344 beta 3.195312 l4s_ect coupling_factor 2 drop_on_overload step_thresh 1ms drop_dequeue split_gso classic_protection 10% 
 Sent 36303160 bytes 29238 pkt (dropped 1021, overlimits 0 requeues 0) 
 backlog 2484b 2p requeues 0
prob 0.401403 delay_c 1959us delay_l 0us
pkts_in_c 30261 pkts_in_l 0 maxq 27
ecn_mark 0 step_marks 0
credit -121120 (L)

------ Mon 01 Dec 2025 11:32:56 PM PST ------
qdisc htb 1: root refcnt 33 r2q 10 default 0x10 direct_packets_stat 0 direct_qlen 1000
 Sent 36346630 bytes 29273 pkt (dropped 1022, overlimits 29246 requeues 0) 
 backlog 2484b 2p requeues 0
qdisc dualpi2 2: parent 1:10 limit 15040000p target 1ms tupdate 16ms alpha 0.152344 beta 3.195312 l4s_ect coupling_factor 2 drop_on_overload step_thresh 1ms drop_dequeue split_gso classic_protection 10% 
 Sent 36346630 bytes 29273 pkt (dropped 1022, overlimits 0 requeues 0) 
 backlog 2484b 2p requeues 0
prob 0.401547 delay_c 1688us delay_l 0us
pkts_in_c 30297 pkts_in_l 0 maxq 27
ecn_mark 0 step_marks 0
credit -121120 (L)

------ Mon 01 Dec 2025 11:32:56 PM PST ------
qdisc htb 1: root refcnt 33 r2q 10 default 0x10 direct_packets_stat 0 direct_qlen 1000
 Sent 36387616 bytes 29306 pkt (dropped 1023, overlimits 29279 requeues 0) 
 backlog 2484b 2p requeues 0
qdisc dualpi2 2: parent 1:10 limit 15040000p target 1ms tupdate 16ms alpha 0.152344 beta 3.195312 l4s_ect coupling_factor 2 drop_on_overload step_thresh 1ms drop_dequeue split_gso classic_protection 10% 
 Sent 36387616 bytes 29306 pkt (dropped 1023, overlimits 0 requeues 0) 
 backlog 2484b 2p requeues 0
prob 0.404944 delay_c 1966us delay_l 0us
pkts_in_c 30331 pkts_in_l 0 maxq 27
ecn_mark 0 step_marks 0
credit -121120 (L)

------ Mon 01 Dec 2025 11:32:56 PM PST ------
qdisc htb 1: root refcnt 33 r2q 10 default 0x10 direct_packets_stat 0 direct_qlen 1000
 Sent 36429844 bytes 29340 pkt (dropped 1025, overlimits 29313 requeues 0) 
 backlog 2484b 2p requeues 0
qdisc dualpi2 2: parent 1:10 limit 15040000p target 1ms tupdate 16ms alpha 0.152344 beta 3.195312 l4s_ect coupling_factor 2 drop_on_overload step_thresh 1ms drop_dequeue split_gso classic_protection 10% 
 Sent 36429844 bytes 29340 pkt (dropped 1025, overlimits 0 requeues 0) 
 backlog 2484b 2p requeues 0
prob 0.401811 delay_c 1734us delay_l 0us
pkts_in_c 30367 pkts_in_l 0 maxq 27
ecn_mark 0 step_marks 0
credit -121120 (L)

------ Mon 01 Dec 2025 11:32:56 PM PST ------
qdisc htb 1: root refcnt 33 r2q 10 default 0x10 direct_packets_stat 0 direct_qlen 1000
 Sent 36472072 bytes 29374 pkt (dropped 1026, overlimits 29347 requeues 0) 
 backlog 2484b 2p requeues 0
qdisc dualpi2 2: parent 1:10 limit 15040000p target 1ms tupdate 16ms alpha 0.152344 beta 3.195312 l4s_ect coupling_factor 2 drop_on_overload step_thresh 1ms drop_dequeue split_gso classic_protection 10% 
 Sent 36472072 bytes 29374 pkt (dropped 1026, overlimits 0 requeues 0) 
 backlog 2484b 2p requeues 0
prob 0.401861 delay_c 1442us delay_l 0us
pkts_in_c 30402 pkts_in_l 0 maxq 27
ecn_mark 0 step_marks 0
credit -121120 (L)

------ Mon 01 Dec 2025 11:32:56 PM PST ------
qdisc htb 1: root refcnt 33 r2q 10 default 0x10 direct_packets_stat 0 direct_qlen 1000
 Sent 36513058 bytes 29407 pkt (dropped 1027, overlimits 29380 requeues 0) 
 backlog 3726b 3p requeues 0
qdisc dualpi2 2: parent 1:10 limit 15040000p target 1ms tupdate 16ms alpha 0.152344 beta 3.195312 l4s_ect coupling_factor 2 drop_on_overload step_thresh 1ms drop_dequeue split_gso classic_protection 10% 
 Sent 36513058 bytes 29407 pkt (dropped 1027, overlimits 0 requeues 0) 
 backlog 3726b 3p requeues 0
prob 0.401868 delay_c 2046us delay_l 0us
pkts_in_c 30437 pkts_in_l 0 maxq 27
ecn_mark 0 step_marks 0
credit -121120 (L)

------ Mon 01 Dec 2025 11:32:56 PM PST ------
qdisc htb 1: root refcnt 33 r2q 10 default 0x10 direct_packets_stat 0 direct_qlen 1000
 Sent 36555286 bytes 29441 pkt (dropped 1028, overlimits 29414 requeues 0) 
 backlog 3726b 3p requeues 0
qdisc dualpi2 2: parent 1:10 limit 15040000p target 1ms tupdate 16ms alpha 0.152344 beta 3.195312 l4s_ect coupling_factor 2 drop_on_overload step_thresh 1ms drop_dequeue split_gso classic_protection 10% 
 Sent 36555286 bytes 29441 pkt (dropped 1028, overlimits 0 requeues 0) 
 backlog 3726b 3p requeues 0
prob 0.402054 delay_c 1978us delay_l 0us
pkts_in_c 30472 pkts_in_l 0 maxq 27
ecn_mark 0 step_marks 0
credit -121120 (L)

------ Mon 01 Dec 2025 11:32:56 PM PST ------
qdisc htb 1: root refcnt 33 r2q 10 default 0x10 direct_packets_stat 0 direct_qlen 1000
 Sent 36597514 bytes 29475 pkt (dropped 1029, overlimits 29448 requeues 0) 
 backlog 3726b 3p requeues 0
qdisc dualpi2 2: parent 1:10 limit 15040000p target 1ms tupdate 16ms alpha 0.152344 beta 3.195312 l4s_ect coupling_factor 2 drop_on_overload step_thresh 1ms drop_dequeue split_gso classic_protection 10% 
 Sent 36597514 bytes 29475 pkt (dropped 1029, overlimits 0 requeues 0) 
 backlog 3726b 3p requeues 0
prob 0.402129 delay_c 2105us delay_l 0us
pkts_in_c 30507 pkts_in_l 0 maxq 27
ecn_mark 0 step_marks 0
credit -121120 (L)

------ Mon 01 Dec 2025 11:32:56 PM PST ------
qdisc htb 1: root refcnt 33 r2q 10 default 0x10 direct_packets_stat 0 direct_qlen 1000
 Sent 36639742 bytes 29509 pkt (dropped 1030, overlimits 29482 requeues 0) 
 backlog 3726b 3p requeues 0
qdisc dualpi2 2: parent 1:10 limit 15040000p target 1ms tupdate 16ms alpha 0.152344 beta 3.195312 l4s_ect coupling_factor 2 drop_on_overload step_thresh 1ms drop_dequeue split_gso classic_protection 10% 
 Sent 36639742 bytes 29509 pkt (dropped 1030, overlimits 0 requeues 0) 
 backlog 3726b 3p requeues 0
prob 0.402326 delay_c 2075us delay_l 0us
pkts_in_c 30542 pkts_in_l 0 maxq 27
ecn_mark 0 step_marks 0
credit -121120 (L)

------ Mon 01 Dec 2025 11:32:56 PM PST ------
qdisc htb 1: root refcnt 33 r2q 10 default 0x10 direct_packets_stat 0 direct_qlen 1000
 Sent 36681970 bytes 29543 pkt (dropped 1032, overlimits 29516 requeues 0) 
 backlog 2484b 2p requeues 0
qdisc dualpi2 2: parent 1:10 limit 15040000p target 1ms tupdate 16ms alpha 0.152344 beta 3.195312 l4s_ect coupling_factor 2 drop_on_overload step_thresh 1ms drop_dequeue split_gso classic_protection 10% 
 Sent 36681970 bytes 29543 pkt (dropped 1032, overlimits 0 requeues 0) 
 backlog 2484b 2p requeues 0
prob 0.405667 delay_c 1232us delay_l 0us
pkts_in_c 30577 pkts_in_l 0 maxq 27
ecn_mark 0 step_marks 0
credit -121120 (L)

------ Mon 01 Dec 2025 11:32:56 PM PST ------
qdisc htb 1: root refcnt 33 r2q 10 default 0x10 direct_packets_stat 0 direct_qlen 1000
 Sent 36724198 bytes 29577 pkt (dropped 1033, overlimits 29550 requeues 0) 
 backlog 2484b 2p requeues 0
qdisc dualpi2 2: parent 1:10 limit 15040000p target 1ms tupdate 16ms alpha 0.152344 beta 3.195312 l4s_ect coupling_factor 2 drop_on_overload step_thresh 1ms drop_dequeue split_gso classic_protection 10% 
 Sent 36724198 bytes 29577 pkt (dropped 1033, overlimits 0 requeues 0) 
 backlog 2484b 2p requeues 0
prob 0.402445 delay_c 1520us delay_l 0us
pkts_in_c 30612 pkts_in_l 0 maxq 27
ecn_mark 0 step_marks 0
credit -121120 (L)

------ Mon 01 Dec 2025 11:32:56 PM PST ------
qdisc htb 1: root refcnt 33 r2q 10 default 0x10 direct_packets_stat 0 direct_qlen 1000
 Sent 36766426 bytes 29611 pkt (dropped 1033, overlimits 29584 requeues 0) 
 backlog 3726b 3p requeues 0
qdisc dualpi2 2: parent 1:10 limit 15040000p target 1ms tupdate 16ms alpha 0.152344 beta 3.195312 l4s_ect coupling_factor 2 drop_on_overload step_thresh 1ms drop_dequeue split_gso classic_protection 10% 
 Sent 36766426 bytes 29611 pkt (dropped 1033, overlimits 0 requeues 0) 
 backlog 3726b 3p requeues 0
prob 0.405939 delay_c 2554us delay_l 0us
pkts_in_c 30647 pkts_in_l 0 maxq 27
ecn_mark 0 step_marks 0
credit -121120 (L)

------ Mon 01 Dec 2025 11:32:56 PM PST ------
qdisc htb 1: root refcnt 33 r2q 10 default 0x10 direct_packets_stat 0 direct_qlen 1000
 Sent 36807412 bytes 29644 pkt (dropped 1035, overlimits 29617 requeues 0) 
 backlog 3726b 3p requeues 0
qdisc dualpi2 2: parent 1:10 limit 15040000p target 1ms tupdate 16ms alpha 0.152344 beta 3.195312 l4s_ect coupling_factor 2 drop_on_overload step_thresh 1ms drop_dequeue split_gso classic_protection 10% 
 Sent 36807412 bytes 29644 pkt (dropped 1035, overlimits 0 requeues 0) 
 backlog 3726b 3p requeues 0
prob 0.406268 delay_c 2228us delay_l 0us
pkts_in_c 30682 pkts_in_l 0 maxq 27
ecn_mark 0 step_marks 0
credit -121120 (L)

------ Mon 01 Dec 2025 11:32:56 PM PST ------
qdisc htb 1: root refcnt 33 r2q 10 default 0x10 direct_packets_stat 0 direct_qlen 1000
 Sent 36849640 bytes 29678 pkt (dropped 1036, overlimits 29651 requeues 0) 
 backlog 3726b 3p requeues 0
qdisc dualpi2 2: parent 1:10 limit 15040000p target 1ms tupdate 16ms alpha 0.152344 beta 3.195312 l4s_ect coupling_factor 2 drop_on_overload step_thresh 1ms drop_dequeue split_gso classic_protection 10% 
 Sent 36849640 bytes 29678 pkt (dropped 1036, overlimits 0 requeues 0) 
 backlog 3726b 3p requeues 0
prob 0.403102 delay_c 2172us delay_l 0us
pkts_in_c 30717 pkts_in_l 0 maxq 27
ecn_mark 0 step_marks 0
credit -121120 (L)

------ Mon 01 Dec 2025 11:32:56 PM PST ------
qdisc htb 1: root refcnt 33 r2q 10 default 0x10 direct_packets_stat 0 direct_qlen 1000
 Sent 36891868 bytes 29712 pkt (dropped 1038, overlimits 29685 requeues 0) 
 backlog 2484b 2p requeues 0
qdisc dualpi2 2: parent 1:10 limit 15040000p target 1ms tupdate 16ms alpha 0.152344 beta 3.195312 l4s_ect coupling_factor 2 drop_on_overload step_thresh 1ms drop_dequeue split_gso classic_protection 10% 
 Sent 36891868 bytes 29712 pkt (dropped 1038, overlimits 0 requeues 0) 
 backlog 2484b 2p requeues 0
prob 0.403161 delay_c 1270us delay_l 0us
pkts_in_c 30752 pkts_in_l 0 maxq 27
ecn_mark 0 step_marks 0
credit -121120 (L)

------ Mon 01 Dec 2025 11:32:56 PM PST ------
qdisc htb 1: root refcnt 33 r2q 10 default 0x10 direct_packets_stat 0 direct_qlen 1000
 Sent 36934096 bytes 29746 pkt (dropped 1039, overlimits 29719 requeues 0) 
 backlog 2484b 2p requeues 0
qdisc dualpi2 2: parent 1:10 limit 15040000p target 1ms tupdate 16ms alpha 0.152344 beta 3.195312 l4s_ect coupling_factor 2 drop_on_overload step_thresh 1ms drop_dequeue split_gso classic_protection 10% 
 Sent 36934096 bytes 29746 pkt (dropped 1039, overlimits 0 requeues 0) 
 backlog 2484b 2p requeues 0
prob 0.403214 delay_c 1893us delay_l 0us
pkts_in_c 30787 pkts_in_l 0 maxq 27
ecn_mark 0 step_marks 0
credit -121120 (L)

------ Mon 01 Dec 2025 11:32:56 PM PST ------
qdisc htb 1: root refcnt 33 r2q 10 default 0x10 direct_packets_stat 0 direct_qlen 1000
 Sent 36977566 bytes 29781 pkt (dropped 1040, overlimits 29754 requeues 0) 
 backlog 2484b 2p requeues 0
qdisc dualpi2 2: parent 1:10 limit 15040000p target 1ms tupdate 16ms alpha 0.152344 beta 3.195312 l4s_ect coupling_factor 2 drop_on_overload step_thresh 1ms drop_dequeue split_gso classic_protection 10% 
 Sent 36977566 bytes 29781 pkt (dropped 1040, overlimits 0 requeues 0) 
 backlog 2484b 2p requeues 0
prob 0.406617 delay_c 1931us delay_l 0us
pkts_in_c 30823 pkts_in_l 0 maxq 27
ecn_mark 0 step_marks 0
credit -121120 (L)

------ Mon 01 Dec 2025 11:32:56 PM PST ------
qdisc htb 1: root refcnt 33 r2q 10 default 0x10 direct_packets_stat 0 direct_qlen 1000
 Sent 37021036 bytes 29816 pkt (dropped 1041, overlimits 29789 requeues 0) 
 backlog 3726b 3p requeues 0
qdisc dualpi2 2: parent 1:10 limit 15040000p target 1ms tupdate 16ms alpha 0.152344 beta 3.195312 l4s_ect coupling_factor 2 drop_on_overload step_thresh 1ms drop_dequeue split_gso classic_protection 10% 
 Sent 37021036 bytes 29816 pkt (dropped 1041, overlimits 0 requeues 0) 
 backlog 3726b 3p requeues 0
prob 0.403429 delay_c 1270us delay_l 0us
pkts_in_c 30860 pkts_in_l 0 maxq 27
ecn_mark 0 step_marks 0
credit -121120 (L)

------ Mon 01 Dec 2025 11:32:56 PM PST ------
qdisc htb 1: root refcnt 33 r2q 10 default 0x10 direct_packets_stat 0 direct_qlen 1000
 Sent 37063264 bytes 29850 pkt (dropped 1043, overlimits 29823 requeues 0) 
 backlog 2484b 2p requeues 0
qdisc dualpi2 2: parent 1:10 limit 15040000p target 1ms tupdate 16ms alpha 0.152344 beta 3.195312 l4s_ect coupling_factor 2 drop_on_overload step_thresh 1ms drop_dequeue split_gso classic_protection 10% 
 Sent 37063264 bytes 29850 pkt (dropped 1043, overlimits 0 requeues 0) 
 backlog 2484b 2p requeues 0
prob 0.403674 delay_c 427us delay_l 0us
pkts_in_c 30895 pkts_in_l 0 maxq 27
ecn_mark 0 step_marks 0
credit -121120 (L)

------ Mon 01 Dec 2025 11:32:56 PM PST ------
qdisc htb 1: root refcnt 33 r2q 10 default 0x10 direct_packets_stat 0 direct_qlen 1000
 Sent 37103008 bytes 29882 pkt (dropped 1043, overlimits 29855 requeues 0) 
 backlog 3726b 3p requeues 0
qdisc dualpi2 2: parent 1:10 limit 15040000p target 1ms tupdate 16ms alpha 0.152344 beta 3.195312 l4s_ect coupling_factor 2 drop_on_overload step_thresh 1ms drop_dequeue split_gso classic_protection 10% 
 Sent 37103008 bytes 29882 pkt (dropped 1043, overlimits 0 requeues 0) 
 backlog 3726b 3p requeues 0
prob 0.403677 delay_c 2387us delay_l 0us
pkts_in_c 30928 pkts_in_l 0 maxq 27
ecn_mark 0 step_marks 0
credit -121120 (L)

------ Mon 01 Dec 2025 11:32:56 PM PST ------
qdisc htb 1: root refcnt 33 r2q 10 default 0x10 direct_packets_stat 0 direct_qlen 1000
 Sent 37145236 bytes 29916 pkt (dropped 1045, overlimits 29889 requeues 0) 
 backlog 2484b 2p requeues 0
qdisc dualpi2 2: parent 1:10 limit 15040000p target 1ms tupdate 16ms alpha 0.152344 beta 3.195312 l4s_ect coupling_factor 2 drop_on_overload step_thresh 1ms drop_dequeue split_gso classic_protection 10% 
 Sent 37145236 bytes 29916 pkt (dropped 1045, overlimits 0 requeues 0) 
 backlog 2484b 2p requeues 0
prob 0.403905 delay_c 1405us delay_l 0us
pkts_in_c 30963 pkts_in_l 0 maxq 27
ecn_mark 0 step_marks 0
credit -121120 (L)

------ Mon 01 Dec 2025 11:32:56 PM PST ------
qdisc htb 1: root refcnt 33 r2q 10 default 0x10 direct_packets_stat 0 direct_qlen 1000
 Sent 37188706 bytes 29951 pkt (dropped 1046, overlimits 29924 requeues 0) 
 backlog 3726b 3p requeues 0
qdisc dualpi2 2: parent 1:10 limit 15040000p target 1ms tupdate 16ms alpha 0.152344 beta 3.195312 l4s_ect coupling_factor 2 drop_on_overload step_thresh 1ms drop_dequeue split_gso classic_protection 10% 
 Sent 37188706 bytes 29951 pkt (dropped 1046, overlimits 0 requeues 0) 
 backlog 3726b 3p requeues 0
prob 0.403952 delay_c 1052us delay_l 0us
pkts_in_c 31000 pkts_in_l 0 maxq 27
ecn_mark 0 step_marks 0
credit -121120 (L)

------ Mon 01 Dec 2025 11:32:56 PM PST ------
qdisc htb 1: root refcnt 33 r2q 10 default 0x10 direct_packets_stat 0 direct_qlen 1000
 Sent 37230934 bytes 29985 pkt (dropped 1047, overlimits 29958 requeues 0) 
 backlog 3726b 3p requeues 0
qdisc dualpi2 2: parent 1:10 limit 15040000p target 1ms tupdate 16ms alpha 0.152344 beta 3.195312 l4s_ect coupling_factor 2 drop_on_overload step_thresh 1ms drop_dequeue split_gso classic_protection 10% 
 Sent 37230934 bytes 29985 pkt (dropped 1047, overlimits 0 requeues 0) 
 backlog 3726b 3p requeues 0
prob 0.404129 delay_c 1842us delay_l 0us
pkts_in_c 31035 pkts_in_l 0 maxq 27
ecn_mark 0 step_marks 0
credit -121120 (L)

------ Mon 01 Dec 2025 11:32:56 PM PST ------
qdisc htb 1: root refcnt 33 r2q 10 default 0x10 direct_packets_stat 0 direct_qlen 1000
 Sent 37274404 bytes 30020 pkt (dropped 1048, overlimits 29993 requeues 0) 
 backlog 3726b 3p requeues 0
qdisc dualpi2 2: parent 1:10 limit 15040000p target 1ms tupdate 16ms alpha 0.152344 beta 3.195312 l4s_ect coupling_factor 2 drop_on_overload step_thresh 1ms drop_dequeue split_gso classic_protection 10% 
 Sent 37274404 bytes 30020 pkt (dropped 1048, overlimits 0 requeues 0) 
 backlog 3726b 3p requeues 0
prob 0.407644 delay_c 1522us delay_l 0us
pkts_in_c 31071 pkts_in_l 0 maxq 27
ecn_mark 0 step_marks 0
credit -121120 (L)

------ Mon 01 Dec 2025 11:32:56 PM PST ------
qdisc htb 1: root refcnt 33 r2q 10 default 0x10 direct_packets_stat 0 direct_qlen 1000
 Sent 37316632 bytes 30054 pkt (dropped 1050, overlimits 30027 requeues 0) 
 backlog 2484b 2p requeues 0
qdisc dualpi2 2: parent 1:10 limit 15040000p target 1ms tupdate 16ms alpha 0.152344 beta 3.195312 l4s_ect coupling_factor 2 drop_on_overload step_thresh 1ms drop_dequeue split_gso classic_protection 10% 
 Sent 37316632 bytes 30054 pkt (dropped 1050, overlimits 0 requeues 0) 
 backlog 2484b 2p requeues 0
prob 0.404523 delay_c 1759us delay_l 0us
pkts_in_c 31106 pkts_in_l 0 maxq 27
ecn_mark 0 step_marks 0
credit -121120 (L)

------ Mon 01 Dec 2025 11:32:56 PM PST ------
qdisc htb 1: root refcnt 33 r2q 10 default 0x10 direct_packets_stat 0 direct_qlen 1000
 Sent 37357618 bytes 30087 pkt (dropped 1050, overlimits 30060 requeues 0) 
 backlog 3726b 3p requeues 0
qdisc dualpi2 2: parent 1:10 limit 15040000p target 1ms tupdate 16ms alpha 0.152344 beta 3.195312 l4s_ect coupling_factor 2 drop_on_overload step_thresh 1ms drop_dequeue split_gso classic_protection 10% 
 Sent 37357618 bytes 30087 pkt (dropped 1050, overlimits 0 requeues 0) 
 backlog 3726b 3p requeues 0
prob 0.407911 delay_c 1557us delay_l 0us
pkts_in_c 31140 pkts_in_l 0 maxq 27
ecn_mark 0 step_marks 0
credit -121120 (L)

------ Mon 01 Dec 2025 11:32:56 PM PST ------
qdisc htb 1: root refcnt 33 r2q 10 default 0x10 direct_packets_stat 0 direct_qlen 1000
 Sent 37398604 bytes 30120 pkt (dropped 1052, overlimits 30093 requeues 0) 
 backlog 3726b 3p requeues 0
qdisc dualpi2 2: parent 1:10 limit 15040000p target 1ms tupdate 16ms alpha 0.152344 beta 3.195312 l4s_ect coupling_factor 2 drop_on_overload step_thresh 1ms drop_dequeue split_gso classic_protection 10% 
 Sent 37398604 bytes 30120 pkt (dropped 1052, overlimits 0 requeues 0) 
 backlog 3726b 3p requeues 0
prob 0.404802 delay_c 1597us delay_l 0us
pkts_in_c 31175 pkts_in_l 0 maxq 27
ecn_mark 0 step_marks 0
credit -121120 (L)

------ Mon 01 Dec 2025 11:32:56 PM PST ------
qdisc htb 1: root refcnt 33 r2q 10 default 0x10 direct_packets_stat 0 direct_qlen 1000
 Sent 37442074 bytes 30155 pkt (dropped 1053, overlimits 30128 requeues 0) 
 backlog 2484b 2p requeues 0
qdisc dualpi2 2: parent 1:10 limit 15040000p target 1ms tupdate 16ms alpha 0.152344 beta 3.195312 l4s_ect coupling_factor 2 drop_on_overload step_thresh 1ms drop_dequeue split_gso classic_protection 10% 
 Sent 37442074 bytes 30155 pkt (dropped 1053, overlimits 0 requeues 0) 
 backlog 2484b 2p requeues 0
prob 0.404781 delay_c 817us delay_l 0us
pkts_in_c 31210 pkts_in_l 0 maxq 27
ecn_mark 0 step_marks 0
credit -121120 (L)

------ Mon 01 Dec 2025 11:32:56 PM PST ------
qdisc htb 1: root refcnt 33 r2q 10 default 0x10 direct_packets_stat 0 direct_qlen 1000
 Sent 37483060 bytes 30188 pkt (dropped 1054, overlimits 30161 requeues 0) 
 backlog 3726b 3p requeues 0
qdisc dualpi2 2: parent 1:10 limit 15040000p target 1ms tupdate 16ms alpha 0.152344 beta 3.195312 l4s_ect coupling_factor 2 drop_on_overload step_thresh 1ms drop_dequeue split_gso classic_protection 10% 
 Sent 37483060 bytes 30188 pkt (dropped 1054, overlimits 0 requeues 0) 
 backlog 3726b 3p requeues 0
prob 0.404906 delay_c 1897us delay_l 0us
pkts_in_c 31245 pkts_in_l 0 maxq 27
ecn_mark 0 step_marks 0
credit -121120 (L)

------ Mon 01 Dec 2025 11:32:56 PM PST ------
qdisc htb 1: root refcnt 33 r2q 10 default 0x10 direct_packets_stat 0 direct_qlen 1000
 Sent 37501893 bytes 30206 pkt (dropped 1055, overlimits 30176 requeues 0) 
 backlog 0b 0p requeues 0
qdisc dualpi2 2: parent 1:10 limit 15040000p target 1ms tupdate 16ms alpha 0.152344 beta 3.195312 l4s_ect coupling_factor 2 drop_on_overload step_thresh 1ms drop_dequeue split_gso classic_protection 10% 
 Sent 37501893 bytes 30206 pkt (dropped 1055, overlimits 0 requeues 0) 
 backlog 0b 0p requeues 0
prob 0.401173 delay_c 0us delay_l 0us
pkts_in_c 31261 pkts_in_l 0 maxq 27
ecn_mark 0 step_marks 0
credit -121120 (L)

------ Mon 01 Dec 2025 11:32:56 PM PST ------
qdisc htb 1: root refcnt 33 r2q 10 default 0x10 direct_packets_stat 0 direct_qlen 1000
 Sent 37501893 bytes 30206 pkt (dropped 1055, overlimits 30176 requeues 0) 
 backlog 0b 0p requeues 0
qdisc dualpi2 2: parent 1:10 limit 15040000p target 1ms tupdate 16ms alpha 0.152344 beta 3.195312 l4s_ect coupling_factor 2 drop_on_overload step_thresh 1ms drop_dequeue split_gso classic_protection 10% 
 Sent 37501893 bytes 30206 pkt (dropped 1055, overlimits 0 requeues 0) 
 backlog 0b 0p requeues 0
prob 0.400867 delay_c 0us delay_l 0us
pkts_in_c 31261 pkts_in_l 0 maxq 27
ecn_mark 0 step_marks 0
credit -121120 (L)

------ Mon 01 Dec 2025 11:32:56 PM PST ------
qdisc htb 1: root refcnt 33 r2q 10 default 0x10 direct_packets_stat 0 direct_qlen 1000
 Sent 37502225 bytes 30207 pkt (dropped 1055, overlimits 30176 requeues 0) 
 backlog 0b 0p requeues 0
qdisc dualpi2 2: parent 1:10 limit 15040000p target 1ms tupdate 16ms alpha 0.152344 beta 3.195312 l4s_ect coupling_factor 2 drop_on_overload step_thresh 1ms drop_dequeue split_gso classic_protection 10% 
 Sent 37502225 bytes 30207 pkt (dropped 1055, overlimits 0 requeues 0) 
 backlog 0b 0p requeues 0
prob 0.400715 delay_c 0us delay_l 0us
pkts_in_c 31262 pkts_in_l 0 maxq 27
ecn_mark 0 step_marks 0
credit -121120 (L)

------ Mon 01 Dec 2025 11:32:56 PM PST ------
qdisc htb 1: root refcnt 33 r2q 10 default 0x10 direct_packets_stat 0 direct_qlen 1000
 Sent 37502556 bytes 30212 pkt (dropped 1055, overlimits 30176 requeues 0) 
 backlog 0b 0p requeues 0
qdisc dualpi2 2: parent 1:10 limit 15040000p target 1ms tupdate 16ms alpha 0.152344 beta 3.195312 l4s_ect coupling_factor 2 drop_on_overload step_thresh 1ms drop_dequeue split_gso classic_protection 10% 
 Sent 37502556 bytes 30212 pkt (dropped 1055, overlimits 0 requeues 0) 
 backlog 0b 0p requeues 0
prob 0.400409 delay_c 0us delay_l 0us
pkts_in_c 31267 pkts_in_l 0 maxq 27
ecn_mark 0 step_marks 0
credit -121120 (L)

------ Mon 01 Dec 2025 11:32:56 PM PST ------
qdisc htb 1: root refcnt 33 r2q 10 default 0x10 direct_packets_stat 0 direct_qlen 1000
 Sent 37502556 bytes 30212 pkt (dropped 1055, overlimits 30176 requeues 0) 
 backlog 0b 0p requeues 0
qdisc dualpi2 2: parent 1:10 limit 15040000p target 1ms tupdate 16ms alpha 0.152344 beta 3.195312 l4s_ect coupling_factor 2 drop_on_overload step_thresh 1ms drop_dequeue split_gso classic_protection 10% 
 Sent 37502556 bytes 30212 pkt (dropped 1055, overlimits 0 requeues 0) 
 backlog 0b 0p requeues 0
prob 0.400103 delay_c 0us delay_l 0us
pkts_in_c 31267 pkts_in_l 0 maxq 27
ecn_mark 0 step_marks 0
credit -121120 (L)

------ Mon 01 Dec 2025 11:32:56 PM PST ------
qdisc htb 1: root refcnt 33 r2q 10 default 0x10 direct_packets_stat 0 direct_qlen 1000
 Sent 37502556 bytes 30212 pkt (dropped 1055, overlimits 30176 requeues 0) 
 backlog 0b 0p requeues 0
qdisc dualpi2 2: parent 1:10 limit 15040000p target 1ms tupdate 16ms alpha 0.152344 beta 3.195312 l4s_ect coupling_factor 2 drop_on_overload step_thresh 1ms drop_dequeue split_gso classic_protection 10% 
 Sent 37502556 bytes 30212 pkt (dropped 1055, overlimits 0 requeues 0) 
 backlog 0b 0p requeues 0
prob 0.399798 delay_c 0us delay_l 0us
pkts_in_c 31267 pkts_in_l 0 maxq 27
ecn_mark 0 step_marks 0
credit -121120 (L)

------ Mon 01 Dec 2025 11:32:56 PM PST ------
qdisc htb 1: root refcnt 33 r2q 10 default 0x10 direct_packets_stat 0 direct_qlen 1000
 Sent 37502556 bytes 30212 pkt (dropped 1055, overlimits 30176 requeues 0) 
 backlog 0b 0p requeues 0
qdisc dualpi2 2: parent 1:10 limit 15040000p target 1ms tupdate 16ms alpha 0.152344 beta 3.195312 l4s_ect coupling_factor 2 drop_on_overload step_thresh 1ms drop_dequeue split_gso classic_protection 10% 
 Sent 37502556 bytes 30212 pkt (dropped 1055, overlimits 0 requeues 0) 
 backlog 0b 0p requeues 0
prob 0.399645 delay_c 0us delay_l 0us
pkts_in_c 31267 pkts_in_l 0 maxq 27
ecn_mark 0 step_marks 0
credit -121120 (L)

------ Mon 01 Dec 2025 11:32:57 PM PST ------
qdisc htb 1: root refcnt 33 r2q 10 default 0x10 direct_packets_stat 0 direct_qlen 1000
 Sent 37502556 bytes 30212 pkt (dropped 1055, overlimits 30176 requeues 0) 
 backlog 0b 0p requeues 0
qdisc dualpi2 2: parent 1:10 limit 15040000p target 1ms tupdate 16ms alpha 0.152344 beta 3.195312 l4s_ect coupling_factor 2 drop_on_overload step_thresh 1ms drop_dequeue split_gso classic_protection 10% 
 Sent 37502556 bytes 30212 pkt (dropped 1055, overlimits 0 requeues 0) 
 backlog 0b 0p requeues 0
prob 0.399339 delay_c 0us delay_l 0us
pkts_in_c 31267 pkts_in_l 0 maxq 27
ecn_mark 0 step_marks 0
credit -121120 (L)

------ Mon 01 Dec 2025 11:32:57 PM PST ------
qdisc htb 1: root refcnt 33 r2q 10 default 0x10 direct_packets_stat 0 direct_qlen 1000
 Sent 37502556 bytes 30212 pkt (dropped 1055, overlimits 30176 requeues 0) 
 backlog 0b 0p requeues 0
qdisc dualpi2 2: parent 1:10 limit 15040000p target 1ms tupdate 16ms alpha 0.152344 beta 3.195312 l4s_ect coupling_factor 2 drop_on_overload step_thresh 1ms drop_dequeue split_gso classic_protection 10% 
 Sent 37502556 bytes 30212 pkt (dropped 1055, overlimits 0 requeues 0) 
 backlog 0b 0p requeues 0
prob 0.399034 delay_c 0us delay_l 0us
pkts_in_c 31267 pkts_in_l 0 maxq 27
ecn_mark 0 step_marks 0
credit -121120 (L)

------ Mon 01 Dec 2025 11:32:57 PM PST ------
qdisc htb 1: root refcnt 33 r2q 10 default 0x10 direct_packets_stat 0 direct_qlen 1000
 Sent 37502556 bytes 30212 pkt (dropped 1055, overlimits 30176 requeues 0) 
 backlog 0b 0p requeues 0
qdisc dualpi2 2: parent 1:10 limit 15040000p target 1ms tupdate 16ms alpha 0.152344 beta 3.195312 l4s_ect coupling_factor 2 drop_on_overload step_thresh 1ms drop_dequeue split_gso classic_protection 10% 
 Sent 37502556 bytes 30212 pkt (dropped 1055, overlimits 0 requeues 0) 
 backlog 0b 0p requeues 0
prob 0.398881 delay_c 0us delay_l 0us
pkts_in_c 31267 pkts_in_l 0 maxq 27
ecn_mark 0 step_marks 0
credit -121120 (L)

------ Mon 01 Dec 2025 11:32:57 PM PST ------
qdisc htb 1: root refcnt 33 r2q 10 default 0x10 direct_packets_stat 0 direct_qlen 1000
 Sent 37502556 bytes 30212 pkt (dropped 1055, overlimits 30176 requeues 0) 
 backlog 0b 0p requeues 0
qdisc dualpi2 2: parent 1:10 limit 15040000p target 1ms tupdate 16ms alpha 0.152344 beta 3.195312 l4s_ect coupling_factor 2 drop_on_overload step_thresh 1ms drop_dequeue split_gso classic_protection 10% 
 Sent 37502556 bytes 30212 pkt (dropped 1055, overlimits 0 requeues 0) 
 backlog 0b 0p requeues 0
prob 0.398575 delay_c 0us delay_l 0us
pkts_in_c 31267 pkts_in_l 0 maxq 27
ecn_mark 0 step_marks 0
credit -121120 (L)

------ Mon 01 Dec 2025 11:32:57 PM PST ------
qdisc htb 1: root refcnt 33 r2q 10 default 0x10 direct_packets_stat 0 direct_qlen 1000
 Sent 37502556 bytes 30212 pkt (dropped 1055, overlimits 30176 requeues 0) 
 backlog 0b 0p requeues 0
qdisc dualpi2 2: parent 1:10 limit 15040000p target 1ms tupdate 16ms alpha 0.152344 beta 3.195312 l4s_ect coupling_factor 2 drop_on_overload step_thresh 1ms drop_dequeue split_gso classic_protection 10% 
 Sent 37502556 bytes 30212 pkt (dropped 1055, overlimits 0 requeues 0) 
 backlog 0b 0p requeues 0
prob 0.398270 delay_c 0us delay_l 0us
pkts_in_c 31267 pkts_in_l 0 maxq 27
ecn_mark 0 step_marks 0
credit -121120 (L)

------ Mon 01 Dec 2025 11:32:57 PM PST ------
qdisc htb 1: root refcnt 33 r2q 10 default 0x10 direct_packets_stat 0 direct_qlen 1000
 Sent 37502556 bytes 30212 pkt (dropped 1055, overlimits 30176 requeues 0) 
 backlog 0b 0p requeues 0
qdisc dualpi2 2: parent 1:10 limit 15040000p target 1ms tupdate 16ms alpha 0.152344 beta 3.195312 l4s_ect coupling_factor 2 drop_on_overload step_thresh 1ms drop_dequeue split_gso classic_protection 10% 
 Sent 37502556 bytes 30212 pkt (dropped 1055, overlimits 0 requeues 0) 
 backlog 0b 0p requeues 0
prob 0.397964 delay_c 0us delay_l 0us
pkts_in_c 31267 pkts_in_l 0 maxq 27
ecn_mark 0 step_marks 0
credit -121120 (L)

------ Mon 01 Dec 2025 11:32:57 PM PST ------
qdisc htb 1: root refcnt 33 r2q 10 default 0x10 direct_packets_stat 0 direct_qlen 1000
 Sent 37502556 bytes 30212 pkt (dropped 1055, overlimits 30176 requeues 0) 
 backlog 0b 0p requeues 0
qdisc dualpi2 2: parent 1:10 limit 15040000p target 1ms tupdate 16ms alpha 0.152344 beta 3.195312 l4s_ect coupling_factor 2 drop_on_overload step_thresh 1ms drop_dequeue split_gso classic_protection 10% 
 Sent 37502556 bytes 30212 pkt (dropped 1055, overlimits 0 requeues 0) 
 backlog 0b 0p requeues 0
prob 0.397659 delay_c 0us delay_l 0us
pkts_in_c 31267 pkts_in_l 0 maxq 27
ecn_mark 0 step_marks 0
credit -121120 (L)

------ Mon 01 Dec 2025 11:32:57 PM PST ------
qdisc htb 1: root refcnt 33 r2q 10 default 0x10 direct_packets_stat 0 direct_qlen 1000
 Sent 37502556 bytes 30212 pkt (dropped 1055, overlimits 30176 requeues 0) 
 backlog 0b 0p requeues 0
qdisc dualpi2 2: parent 1:10 limit 15040000p target 1ms tupdate 16ms alpha 0.152344 beta 3.195312 l4s_ect coupling_factor 2 drop_on_overload step_thresh 1ms drop_dequeue split_gso classic_protection 10% 
 Sent 37502556 bytes 30212 pkt (dropped 1055, overlimits 0 requeues 0) 
 backlog 0b 0p requeues 0
prob 0.397506 delay_c 0us delay_l 0us
pkts_in_c 31267 pkts_in_l 0 maxq 27
ecn_mark 0 step_marks 0
credit -121120 (L)

------ Mon 01 Dec 2025 11:32:57 PM PST ------
qdisc htb 1: root refcnt 33 r2q 10 default 0x10 direct_packets_stat 0 direct_qlen 1000
 Sent 37502556 bytes 30212 pkt (dropped 1055, overlimits 30176 requeues 0) 
 backlog 0b 0p requeues 0
qdisc dualpi2 2: parent 1:10 limit 15040000p target 1ms tupdate 16ms alpha 0.152344 beta 3.195312 l4s_ect coupling_factor 2 drop_on_overload step_thresh 1ms drop_dequeue split_gso classic_protection 10% 
 Sent 37502556 bytes 30212 pkt (dropped 1055, overlimits 0 requeues 0) 
 backlog 0b 0p requeues 0
prob 0.397200 delay_c 0us delay_l 0us
pkts_in_c 31267 pkts_in_l 0 maxq 27
ecn_mark 0 step_marks 0
credit -121120 (L)

------ Mon 01 Dec 2025 11:32:57 PM PST ------
qdisc htb 1: root refcnt 33 r2q 10 default 0x10 direct_packets_stat 0 direct_qlen 1000
 Sent 37502556 bytes 30212 pkt (dropped 1055, overlimits 30176 requeues 0) 
 backlog 0b 0p requeues 0
qdisc dualpi2 2: parent 1:10 limit 15040000p target 1ms tupdate 16ms alpha 0.152344 beta 3.195312 l4s_ect coupling_factor 2 drop_on_overload step_thresh 1ms drop_dequeue split_gso classic_protection 10% 
 Sent 37502556 bytes 30212 pkt (dropped 1055, overlimits 0 requeues 0) 
 backlog 0b 0p requeues 0
prob 0.396895 delay_c 0us delay_l 0us
pkts_in_c 31267 pkts_in_l 0 maxq 27
ecn_mark 0 step_marks 0
credit -121120 (L)

------ Mon 01 Dec 2025 11:32:57 PM PST ------
qdisc htb 1: root refcnt 33 r2q 10 default 0x10 direct_packets_stat 0 direct_qlen 1000
 Sent 37502556 bytes 30212 pkt (dropped 1055, overlimits 30176 requeues 0) 
 backlog 0b 0p requeues 0
qdisc dualpi2 2: parent 1:10 limit 15040000p target 1ms tupdate 16ms alpha 0.152344 beta 3.195312 l4s_ect coupling_factor 2 drop_on_overload step_thresh 1ms drop_dequeue split_gso classic_protection 10% 
 Sent 37502556 bytes 30212 pkt (dropped 1055, overlimits 0 requeues 0) 
 backlog 0b 0p requeues 0
prob 0.396589 delay_c 0us delay_l 0us
pkts_in_c 31267 pkts_in_l 0 maxq 27
ecn_mark 0 step_marks 0
credit -121120 (L)

------ Mon 01 Dec 2025 11:32:57 PM PST ------
qdisc htb 1: root refcnt 33 r2q 10 default 0x10 direct_packets_stat 0 direct_qlen 1000
 Sent 37502556 bytes 30212 pkt (dropped 1055, overlimits 30176 requeues 0) 
 backlog 0b 0p requeues 0
qdisc dualpi2 2: parent 1:10 limit 15040000p target 1ms tupdate 16ms alpha 0.152344 beta 3.195312 l4s_ect coupling_factor 2 drop_on_overload step_thresh 1ms drop_dequeue split_gso classic_protection 10% 
 Sent 37502556 bytes 30212 pkt (dropped 1055, overlimits 0 requeues 0) 
 backlog 0b 0p requeues 0
prob 0.396436 delay_c 0us delay_l 0us
pkts_in_c 31267 pkts_in_l 0 maxq 27
ecn_mark 0 step_marks 0
credit -121120 (L)

------ Mon 01 Dec 2025 11:32:57 PM PST ------
qdisc htb 1: root refcnt 33 r2q 10 default 0x10 direct_packets_stat 0 direct_qlen 1000
 Sent 37502556 bytes 30212 pkt (dropped 1055, overlimits 30176 requeues 0) 
 backlog 0b 0p requeues 0
qdisc dualpi2 2: parent 1:10 limit 15040000p target 1ms tupdate 16ms alpha 0.152344 beta 3.195312 l4s_ect coupling_factor 2 drop_on_overload step_thresh 1ms drop_dequeue split_gso classic_protection 10% 
 Sent 37502556 bytes 30212 pkt (dropped 1055, overlimits 0 requeues 0) 
 backlog 0b 0p requeues 0
prob 0.396131 delay_c 0us delay_l 0us
pkts_in_c 31267 pkts_in_l 0 maxq 27
ecn_mark 0 step_marks 0
credit -121120 (L)

------ Mon 01 Dec 2025 11:32:57 PM PST ------
qdisc htb 1: root refcnt 33 r2q 10 default 0x10 direct_packets_stat 0 direct_qlen 1000
 Sent 37502556 bytes 30212 pkt (dropped 1055, overlimits 30176 requeues 0) 
 backlog 0b 0p requeues 0
qdisc dualpi2 2: parent 1:10 limit 15040000p target 1ms tupdate 16ms alpha 0.152344 beta 3.195312 l4s_ect coupling_factor 2 drop_on_overload step_thresh 1ms drop_dequeue split_gso classic_protection 10% 
 Sent 37502556 bytes 30212 pkt (dropped 1055, overlimits 0 requeues 0) 
 backlog 0b 0p requeues 0
prob 0.395825 delay_c 0us delay_l 0us
pkts_in_c 31267 pkts_in_l 0 maxq 27
ecn_mark 0 step_marks 0
credit -121120 (L)

------ Mon 01 Dec 2025 11:32:57 PM PST ------
qdisc htb 1: root refcnt 33 r2q 10 default 0x10 direct_packets_stat 0 direct_qlen 1000
 Sent 37502556 bytes 30212 pkt (dropped 1055, overlimits 30176 requeues 0) 
 backlog 0b 0p requeues 0
qdisc dualpi2 2: parent 1:10 limit 15040000p target 1ms tupdate 16ms alpha 0.152344 beta 3.195312 l4s_ect coupling_factor 2 drop_on_overload step_thresh 1ms drop_dequeue split_gso classic_protection 10% 
 Sent 37502556 bytes 30212 pkt (dropped 1055, overlimits 0 requeues 0) 
 backlog 0b 0p requeues 0
prob 0.395520 delay_c 0us delay_l 0us
pkts_in_c 31267 pkts_in_l 0 maxq 27
ecn_mark 0 step_marks 0
credit -121120 (L)

------ Mon 01 Dec 2025 11:32:57 PM PST ------
qdisc htb 1: root refcnt 33 r2q 10 default 0x10 direct_packets_stat 0 direct_qlen 1000
 Sent 37502556 bytes 30212 pkt (dropped 1055, overlimits 30176 requeues 0) 
 backlog 0b 0p requeues 0
qdisc dualpi2 2: parent 1:10 limit 15040000p target 1ms tupdate 16ms alpha 0.152344 beta 3.195312 l4s_ect coupling_factor 2 drop_on_overload step_thresh 1ms drop_dequeue split_gso classic_protection 10% 
 Sent 37502556 bytes 30212 pkt (dropped 1055, overlimits 0 requeues 0) 
 backlog 0b 0p requeues 0
prob 0.395367 delay_c 0us delay_l 0us
pkts_in_c 31267 pkts_in_l 0 maxq 27
ecn_mark 0 step_marks 0
credit -121120 (L)

------ Mon 01 Dec 2025 11:32:57 PM PST ------
qdisc htb 1: root refcnt 33 r2q 10 default 0x10 direct_packets_stat 0 direct_qlen 1000
 Sent 37502556 bytes 30212 pkt (dropped 1055, overlimits 30176 requeues 0) 
 backlog 0b 0p requeues 0
qdisc dualpi2 2: parent 1:10 limit 15040000p target 1ms tupdate 16ms alpha 0.152344 beta 3.195312 l4s_ect coupling_factor 2 drop_on_overload step_thresh 1ms drop_dequeue split_gso classic_protection 10% 
 Sent 37502556 bytes 30212 pkt (dropped 1055, overlimits 0 requeues 0) 
 backlog 0b 0p requeues 0
prob 0.395061 delay_c 0us delay_l 0us
pkts_in_c 31267 pkts_in_l 0 maxq 27
ecn_mark 0 step_marks 0
credit -121120 (L)

------ Mon 01 Dec 2025 11:32:57 PM PST ------
qdisc htb 1: root refcnt 33 r2q 10 default 0x10 direct_packets_stat 0 direct_qlen 1000
 Sent 37502556 bytes 30212 pkt (dropped 1055, overlimits 30176 requeues 0) 
 backlog 0b 0p requeues 0
qdisc dualpi2 2: parent 1:10 limit 15040000p target 1ms tupdate 16ms alpha 0.152344 beta 3.195312 l4s_ect coupling_factor 2 drop_on_overload step_thresh 1ms drop_dequeue split_gso classic_protection 10% 
 Sent 37502556 bytes 30212 pkt (dropped 1055, overlimits 0 requeues 0) 
 backlog 0b 0p requeues 0
prob 0.394756 delay_c 0us delay_l 0us
pkts_in_c 31267 pkts_in_l 0 maxq 27
ecn_mark 0 step_marks 0
credit -121120 (L)

------ Mon 01 Dec 2025 11:32:57 PM PST ------
qdisc htb 1: root refcnt 33 r2q 10 default 0x10 direct_packets_stat 0 direct_qlen 1000
 Sent 37502556 bytes 30212 pkt (dropped 1055, overlimits 30176 requeues 0) 
 backlog 0b 0p requeues 0
qdisc dualpi2 2: parent 1:10 limit 15040000p target 1ms tupdate 16ms alpha 0.152344 beta 3.195312 l4s_ect coupling_factor 2 drop_on_overload step_thresh 1ms drop_dequeue split_gso classic_protection 10% 
 Sent 37502556 bytes 30212 pkt (dropped 1055, overlimits 0 requeues 0) 
 backlog 0b 0p requeues 0
prob 0.394450 delay_c 0us delay_l 0us
pkts_in_c 31267 pkts_in_l 0 maxq 27
ecn_mark 0 step_marks 0
credit -121120 (L)

------ Mon 01 Dec 2025 11:32:57 PM PST ------
qdisc htb 1: root refcnt 33 r2q 10 default 0x10 direct_packets_stat 0 direct_qlen 1000
 Sent 37502556 bytes 30212 pkt (dropped 1055, overlimits 30176 requeues 0) 
 backlog 0b 0p requeues 0
qdisc dualpi2 2: parent 1:10 limit 15040000p target 1ms tupdate 16ms alpha 0.152344 beta 3.195312 l4s_ect coupling_factor 2 drop_on_overload step_thresh 1ms drop_dequeue split_gso classic_protection 10% 
 Sent 37502556 bytes 30212 pkt (dropped 1055, overlimits 0 requeues 0) 
 backlog 0b 0p requeues 0
prob 0.394297 delay_c 0us delay_l 0us
pkts_in_c 31267 pkts_in_l 0 maxq 27
ecn_mark 0 step_marks 0
credit -121120 (L)

------ Mon 01 Dec 2025 11:32:57 PM PST ------
qdisc htb 1: root refcnt 33 r2q 10 default 0x10 direct_packets_stat 0 direct_qlen 1000
 Sent 37502556 bytes 30212 pkt (dropped 1055, overlimits 30176 requeues 0) 
 backlog 0b 0p requeues 0
qdisc dualpi2 2: parent 1:10 limit 15040000p target 1ms tupdate 16ms alpha 0.152344 beta 3.195312 l4s_ect coupling_factor 2 drop_on_overload step_thresh 1ms drop_dequeue split_gso classic_protection 10% 
 Sent 37502556 bytes 30212 pkt (dropped 1055, overlimits 0 requeues 0) 
 backlog 0b 0p requeues 0
prob 0.393992 delay_c 0us delay_l 0us
pkts_in_c 31267 pkts_in_l 0 maxq 27
ecn_mark 0 step_marks 0
credit -121120 (L)

------ Mon 01 Dec 2025 11:32:57 PM PST ------
qdisc htb 1: root refcnt 33 r2q 10 default 0x10 direct_packets_stat 0 direct_qlen 1000
 Sent 37502556 bytes 30212 pkt (dropped 1055, overlimits 30176 requeues 0) 
 backlog 0b 0p requeues 0
qdisc dualpi2 2: parent 1:10 limit 15040000p target 1ms tupdate 16ms alpha 0.152344 beta 3.195312 l4s_ect coupling_factor 2 drop_on_overload step_thresh 1ms drop_dequeue split_gso classic_protection 10% 
 Sent 37502556 bytes 30212 pkt (dropped 1055, overlimits 0 requeues 0) 
 backlog 0b 0p requeues 0
prob 0.393686 delay_c 0us delay_l 0us
pkts_in_c 31267 pkts_in_l 0 maxq 27
ecn_mark 0 step_marks 0
credit -121120 (L)

------ Mon 01 Dec 2025 11:32:57 PM PST ------
qdisc htb 1: root refcnt 33 r2q 10 default 0x10 direct_packets_stat 0 direct_qlen 1000
 Sent 37502556 bytes 30212 pkt (dropped 1055, overlimits 30176 requeues 0) 
 backlog 0b 0p requeues 0
qdisc dualpi2 2: parent 1:10 limit 15040000p target 1ms tupdate 16ms alpha 0.152344 beta 3.195312 l4s_ect coupling_factor 2 drop_on_overload step_thresh 1ms drop_dequeue split_gso classic_protection 10% 
 Sent 37502556 bytes 30212 pkt (dropped 1055, overlimits 0 requeues 0) 
 backlog 0b 0p requeues 0
prob 0.393380 delay_c 0us delay_l 0us
pkts_in_c 31267 pkts_in_l 0 maxq 27
ecn_mark 0 step_marks 0
credit -121120 (L)

------ Mon 01 Dec 2025 11:32:57 PM PST ------
qdisc htb 1: root refcnt 33 r2q 10 default 0x10 direct_packets_stat 0 direct_qlen 1000
 Sent 37502556 bytes 30212 pkt (dropped 1055, overlimits 30176 requeues 0) 
 backlog 0b 0p requeues 0
qdisc dualpi2 2: parent 1:10 limit 15040000p target 1ms tupdate 16ms alpha 0.152344 beta 3.195312 l4s_ect coupling_factor 2 drop_on_overload step_thresh 1ms drop_dequeue split_gso classic_protection 10% 
 Sent 37502556 bytes 30212 pkt (dropped 1055, overlimits 0 requeues 0) 
 backlog 0b 0p requeues 0
prob 0.393228 delay_c 0us delay_l 0us
pkts_in_c 31267 pkts_in_l 0 maxq 27
ecn_mark 0 step_marks 0
credit -121120 (L)

------ Mon 01 Dec 2025 11:32:57 PM PST ------
qdisc htb 1: root refcnt 33 r2q 10 default 0x10 direct_packets_stat 0 direct_qlen 1000
 Sent 37502556 bytes 30212 pkt (dropped 1055, overlimits 30176 requeues 0) 
 backlog 0b 0p requeues 0
qdisc dualpi2 2: parent 1:10 limit 15040000p target 1ms tupdate 16ms alpha 0.152344 beta 3.195312 l4s_ect coupling_factor 2 drop_on_overload step_thresh 1ms drop_dequeue split_gso classic_protection 10% 
 Sent 37502556 bytes 30212 pkt (dropped 1055, overlimits 0 requeues 0) 
 backlog 0b 0p requeues 0
prob 0.392922 delay_c 0us delay_l 0us
pkts_in_c 31267 pkts_in_l 0 maxq 27
ecn_mark 0 step_marks 0
credit -121120 (L)

------ Mon 01 Dec 2025 11:32:57 PM PST ------
qdisc htb 1: root refcnt 33 r2q 10 default 0x10 direct_packets_stat 0 direct_qlen 1000
 Sent 37502556 bytes 30212 pkt (dropped 1055, overlimits 30176 requeues 0) 
 backlog 0b 0p requeues 0
qdisc dualpi2 2: parent 1:10 limit 15040000p target 1ms tupdate 16ms alpha 0.152344 beta 3.195312 l4s_ect coupling_factor 2 drop_on_overload step_thresh 1ms drop_dequeue split_gso classic_protection 10% 
 Sent 37502556 bytes 30212 pkt (dropped 1055, overlimits 0 requeues 0) 
 backlog 0b 0p requeues 0
prob 0.392616 delay_c 0us delay_l 0us
pkts_in_c 31267 pkts_in_l 0 maxq 27
ecn_mark 0 step_marks 0
credit -121120 (L)

------ Mon 01 Dec 2025 11:32:57 PM PST ------
qdisc htb 1: root refcnt 33 r2q 10 default 0x10 direct_packets_stat 0 direct_qlen 1000
 Sent 37502556 bytes 30212 pkt (dropped 1055, overlimits 30176 requeues 0) 
 backlog 0b 0p requeues 0
qdisc dualpi2 2: parent 1:10 limit 15040000p target 1ms tupdate 16ms alpha 0.152344 beta 3.195312 l4s_ect coupling_factor 2 drop_on_overload step_thresh 1ms drop_dequeue split_gso classic_protection 10% 
 Sent 37502556 bytes 30212 pkt (dropped 1055, overlimits 0 requeues 0) 
 backlog 0b 0p requeues 0
prob 0.392311 delay_c 0us delay_l 0us
pkts_in_c 31267 pkts_in_l 0 maxq 27
ecn_mark 0 step_marks 0
credit -121120 (L)

------ Mon 01 Dec 2025 11:32:57 PM PST ------
qdisc htb 1: root refcnt 33 r2q 10 default 0x10 direct_packets_stat 0 direct_qlen 1000
 Sent 37502556 bytes 30212 pkt (dropped 1055, overlimits 30176 requeues 0) 
 backlog 0b 0p requeues 0
qdisc dualpi2 2: parent 1:10 limit 15040000p target 1ms tupdate 16ms alpha 0.152344 beta 3.195312 l4s_ect coupling_factor 2 drop_on_overload step_thresh 1ms drop_dequeue split_gso classic_protection 10% 
 Sent 37502556 bytes 30212 pkt (dropped 1055, overlimits 0 requeues 0) 
 backlog 0b 0p requeues 0
prob 0.392158 delay_c 0us delay_l 0us
pkts_in_c 31267 pkts_in_l 0 maxq 27
ecn_mark 0 step_marks 0
credit -121120 (L)

------ Mon 01 Dec 2025 11:32:57 PM PST ------
qdisc htb 1: root refcnt 33 r2q 10 default 0x10 direct_packets_stat 0 direct_qlen 1000
 Sent 37502556 bytes 30212 pkt (dropped 1055, overlimits 30176 requeues 0) 
 backlog 0b 0p requeues 0
qdisc dualpi2 2: parent 1:10 limit 15040000p target 1ms tupdate 16ms alpha 0.152344 beta 3.195312 l4s_ect coupling_factor 2 drop_on_overload step_thresh 1ms drop_dequeue split_gso classic_protection 10% 
 Sent 37502556 bytes 30212 pkt (dropped 1055, overlimits 0 requeues 0) 
 backlog 0b 0p requeues 0
prob 0.391852 delay_c 0us delay_l 0us
pkts_in_c 31267 pkts_in_l 0 maxq 27
ecn_mark 0 step_marks 0
credit -121120 (L)

------ Mon 01 Dec 2025 11:32:57 PM PST ------
qdisc htb 1: root refcnt 33 r2q 10 default 0x10 direct_packets_stat 0 direct_qlen 1000
 Sent 37502556 bytes 30212 pkt (dropped 1055, overlimits 30176 requeues 0) 
 backlog 0b 0p requeues 0
qdisc dualpi2 2: parent 1:10 limit 15040000p target 1ms tupdate 16ms alpha 0.152344 beta 3.195312 l4s_ect coupling_factor 2 drop_on_overload step_thresh 1ms drop_dequeue split_gso classic_protection 10% 
 Sent 37502556 bytes 30212 pkt (dropped 1055, overlimits 0 requeues 0) 
 backlog 0b 0p requeues 0
prob 0.391547 delay_c 0us delay_l 0us
pkts_in_c 31267 pkts_in_l 0 maxq 27
ecn_mark 0 step_marks 0
credit -121120 (L)

------ Mon 01 Dec 2025 11:32:57 PM PST ------
qdisc htb 1: root refcnt 33 r2q 10 default 0x10 direct_packets_stat 0 direct_qlen 1000
 Sent 37502556 bytes 30212 pkt (dropped 1055, overlimits 30176 requeues 0) 
 backlog 0b 0p requeues 0
qdisc dualpi2 2: parent 1:10 limit 15040000p target 1ms tupdate 16ms alpha 0.152344 beta 3.195312 l4s_ect coupling_factor 2 drop_on_overload step_thresh 1ms drop_dequeue split_gso classic_protection 10% 
 Sent 37502556 bytes 30212 pkt (dropped 1055, overlimits 0 requeues 0) 
 backlog 0b 0p requeues 0
prob 0.391394 delay_c 0us delay_l 0us
pkts_in_c 31267 pkts_in_l 0 maxq 27
ecn_mark 0 step_marks 0
credit -121120 (L)

------ Mon 01 Dec 2025 11:32:57 PM PST ------
qdisc htb 1: root refcnt 33 r2q 10 default 0x10 direct_packets_stat 0 direct_qlen 1000
 Sent 37502556 bytes 30212 pkt (dropped 1055, overlimits 30176 requeues 0) 
 backlog 0b 0p requeues 0
qdisc dualpi2 2: parent 1:10 limit 15040000p target 1ms tupdate 16ms alpha 0.152344 beta 3.195312 l4s_ect coupling_factor 2 drop_on_overload step_thresh 1ms drop_dequeue split_gso classic_protection 10% 
 Sent 37502556 bytes 30212 pkt (dropped 1055, overlimits 0 requeues 0) 
 backlog 0b 0p requeues 0
prob 0.391089 delay_c 0us delay_l 0us
pkts_in_c 31267 pkts_in_l 0 maxq 27
ecn_mark 0 step_marks 0
credit -121120 (L)

------ Mon 01 Dec 2025 11:32:57 PM PST ------
qdisc htb 1: root refcnt 33 r2q 10 default 0x10 direct_packets_stat 0 direct_qlen 1000
 Sent 37502556 bytes 30212 pkt (dropped 1055, overlimits 30176 requeues 0) 
 backlog 0b 0p requeues 0
qdisc dualpi2 2: parent 1:10 limit 15040000p target 1ms tupdate 16ms alpha 0.152344 beta 3.195312 l4s_ect coupling_factor 2 drop_on_overload step_thresh 1ms drop_dequeue split_gso classic_protection 10% 
 Sent 37502556 bytes 30212 pkt (dropped 1055, overlimits 0 requeues 0) 
 backlog 0b 0p requeues 0
prob 0.390783 delay_c 0us delay_l 0us
pkts_in_c 31267 pkts_in_l 0 maxq 27
ecn_mark 0 step_marks 0
credit -121120 (L)

------ Mon 01 Dec 2025 11:32:57 PM PST ------
qdisc htb 1: root refcnt 33 r2q 10 default 0x10 direct_packets_stat 0 direct_qlen 1000
 Sent 37502556 bytes 30212 pkt (dropped 1055, overlimits 30176 requeues 0) 
 backlog 0b 0p requeues 0
qdisc dualpi2 2: parent 1:10 limit 15040000p target 1ms tupdate 16ms alpha 0.152344 beta 3.195312 l4s_ect coupling_factor 2 drop_on_overload step_thresh 1ms drop_dequeue split_gso classic_protection 10% 
 Sent 37502556 bytes 30212 pkt (dropped 1055, overlimits 0 requeues 0) 
 backlog 0b 0p requeues 0
prob 0.390630 delay_c 0us delay_l 0us
pkts_in_c 31267 pkts_in_l 0 maxq 27
ecn_mark 0 step_marks 0
credit -121120 (L)

------ Mon 01 Dec 2025 11:32:57 PM PST ------
qdisc htb 1: root refcnt 33 r2q 10 default 0x10 direct_packets_stat 0 direct_qlen 1000
 Sent 37502556 bytes 30212 pkt (dropped 1055, overlimits 30176 requeues 0) 
 backlog 0b 0p requeues 0
qdisc dualpi2 2: parent 1:10 limit 15040000p target 1ms tupdate 16ms alpha 0.152344 beta 3.195312 l4s_ect coupling_factor 2 drop_on_overload step_thresh 1ms drop_dequeue split_gso classic_protection 10% 
 Sent 37502556 bytes 30212 pkt (dropped 1055, overlimits 0 requeues 0) 
 backlog 0b 0p requeues 0
prob 0.390325 delay_c 0us delay_l 0us
pkts_in_c 31267 pkts_in_l 0 maxq 27
ecn_mark 0 step_marks 0
credit -121120 (L)

------ Mon 01 Dec 2025 11:32:57 PM PST ------
qdisc htb 1: root refcnt 33 r2q 10 default 0x10 direct_packets_stat 0 direct_qlen 1000
 Sent 37502556 bytes 30212 pkt (dropped 1055, overlimits 30176 requeues 0) 
 backlog 0b 0p requeues 0
qdisc dualpi2 2: parent 1:10 limit 15040000p target 1ms tupdate 16ms alpha 0.152344 beta 3.195312 l4s_ect coupling_factor 2 drop_on_overload step_thresh 1ms drop_dequeue split_gso classic_protection 10% 
 Sent 37502556 bytes 30212 pkt (dropped 1055, overlimits 0 requeues 0) 
 backlog 0b 0p requeues 0
prob 0.390019 delay_c 0us delay_l 0us
pkts_in_c 31267 pkts_in_l 0 maxq 27
ecn_mark 0 step_marks 0
credit -121120 (L)

------ Mon 01 Dec 2025 11:32:58 PM PST ------
qdisc htb 1: root refcnt 33 r2q 10 default 0x10 direct_packets_stat 0 direct_qlen 1000
 Sent 37502556 bytes 30212 pkt (dropped 1055, overlimits 30176 requeues 0) 
 backlog 0b 0p requeues 0
qdisc dualpi2 2: parent 1:10 limit 15040000p target 1ms tupdate 16ms alpha 0.152344 beta 3.195312 l4s_ect coupling_factor 2 drop_on_overload step_thresh 1ms drop_dequeue split_gso classic_protection 10% 
 Sent 37502556 bytes 30212 pkt (dropped 1055, overlimits 0 requeues 0) 
 backlog 0b 0p requeues 0
prob 0.389713 delay_c 0us delay_l 0us
pkts_in_c 31267 pkts_in_l 0 maxq 27
ecn_mark 0 step_marks 0
credit -121120 (L)

------ Mon 01 Dec 2025 11:32:58 PM PST ------
qdisc htb 1: root refcnt 33 r2q 10 default 0x10 direct_packets_stat 0 direct_qlen 1000
 Sent 37502556 bytes 30212 pkt (dropped 1055, overlimits 30176 requeues 0) 
 backlog 0b 0p requeues 0
qdisc dualpi2 2: parent 1:10 limit 15040000p target 1ms tupdate 16ms alpha 0.152344 beta 3.195312 l4s_ect coupling_factor 2 drop_on_overload step_thresh 1ms drop_dequeue split_gso classic_protection 10% 
 Sent 37502556 bytes 30212 pkt (dropped 1055, overlimits 0 requeues 0) 
 backlog 0b 0p requeues 0
prob 0.389561 delay_c 0us delay_l 0us
pkts_in_c 31267 pkts_in_l 0 maxq 27
ecn_mark 0 step_marks 0
credit -121120 (L)

------ Mon 01 Dec 2025 11:32:58 PM PST ------
qdisc htb 1: root refcnt 33 r2q 10 default 0x10 direct_packets_stat 0 direct_qlen 1000
 Sent 37502556 bytes 30212 pkt (dropped 1055, overlimits 30176 requeues 0) 
 backlog 0b 0p requeues 0
qdisc dualpi2 2: parent 1:10 limit 15040000p target 1ms tupdate 16ms alpha 0.152344 beta 3.195312 l4s_ect coupling_factor 2 drop_on_overload step_thresh 1ms drop_dequeue split_gso classic_protection 10% 
 Sent 37502556 bytes 30212 pkt (dropped 1055, overlimits 0 requeues 0) 
 backlog 0b 0p requeues 0
prob 0.389255 delay_c 0us delay_l 0us
pkts_in_c 31267 pkts_in_l 0 maxq 27
ecn_mark 0 step_marks 0
credit -121120 (L)

------ Mon 01 Dec 2025 11:32:58 PM PST ------
qdisc htb 1: root refcnt 33 r2q 10 default 0x10 direct_packets_stat 0 direct_qlen 1000
 Sent 37502556 bytes 30212 pkt (dropped 1055, overlimits 30176 requeues 0) 
 backlog 0b 0p requeues 0
qdisc dualpi2 2: parent 1:10 limit 15040000p target 1ms tupdate 16ms alpha 0.152344 beta 3.195312 l4s_ect coupling_factor 2 drop_on_overload step_thresh 1ms drop_dequeue split_gso classic_protection 10% 
 Sent 37502556 bytes 30212 pkt (dropped 1055, overlimits 0 requeues 0) 
 backlog 0b 0p requeues 0
prob 0.388949 delay_c 0us delay_l 0us
pkts_in_c 31267 pkts_in_l 0 maxq 27
ecn_mark 0 step_marks 0
credit -121120 (L)

------ Mon 01 Dec 2025 11:32:58 PM PST ------
qdisc htb 1: root refcnt 33 r2q 10 default 0x10 direct_packets_stat 0 direct_qlen 1000
 Sent 37502556 bytes 30212 pkt (dropped 1055, overlimits 30176 requeues 0) 
 backlog 0b 0p requeues 0
qdisc dualpi2 2: parent 1:10 limit 15040000p target 1ms tupdate 16ms alpha 0.152344 beta 3.195312 l4s_ect coupling_factor 2 drop_on_overload step_thresh 1ms drop_dequeue split_gso classic_protection 10% 
 Sent 37502556 bytes 30212 pkt (dropped 1055, overlimits 0 requeues 0) 
 backlog 0b 0p requeues 0
prob 0.388644 delay_c 0us delay_l 0us
pkts_in_c 31267 pkts_in_l 0 maxq 27
ecn_mark 0 step_marks 0
credit -121120 (L)

------ Mon 01 Dec 2025 11:32:58 PM PST ------
qdisc htb 1: root refcnt 33 r2q 10 default 0x10 direct_packets_stat 0 direct_qlen 1000
 Sent 37502556 bytes 30212 pkt (dropped 1055, overlimits 30176 requeues 0) 
 backlog 0b 0p requeues 0
qdisc dualpi2 2: parent 1:10 limit 15040000p target 1ms tupdate 16ms alpha 0.152344 beta 3.195312 l4s_ect coupling_factor 2 drop_on_overload step_thresh 1ms drop_dequeue split_gso classic_protection 10% 
 Sent 37502556 bytes 30212 pkt (dropped 1055, overlimits 0 requeues 0) 
 backlog 0b 0p requeues 0
prob 0.388491 delay_c 0us delay_l 0us
pkts_in_c 31267 pkts_in_l 0 maxq 27
ecn_mark 0 step_marks 0
credit -121120 (L)

------ Mon 01 Dec 2025 11:32:58 PM PST ------
qdisc htb 1: root refcnt 33 r2q 10 default 0x10 direct_packets_stat 0 direct_qlen 1000
 Sent 37502556 bytes 30212 pkt (dropped 1055, overlimits 30176 requeues 0) 
 backlog 0b 0p requeues 0
qdisc dualpi2 2: parent 1:10 limit 15040000p target 1ms tupdate 16ms alpha 0.152344 beta 3.195312 l4s_ect coupling_factor 2 drop_on_overload step_thresh 1ms drop_dequeue split_gso classic_protection 10% 
 Sent 37502556 bytes 30212 pkt (dropped 1055, overlimits 0 requeues 0) 
 backlog 0b 0p requeues 0
prob 0.388185 delay_c 0us delay_l 0us
pkts_in_c 31267 pkts_in_l 0 maxq 27
ecn_mark 0 step_marks 0
credit -121120 (L)

------ Mon 01 Dec 2025 11:32:58 PM PST ------
qdisc htb 1: root refcnt 33 r2q 10 default 0x10 direct_packets_stat 0 direct_qlen 1000
 Sent 37502556 bytes 30212 pkt (dropped 1055, overlimits 30176 requeues 0) 
 backlog 0b 0p requeues 0
qdisc dualpi2 2: parent 1:10 limit 15040000p target 1ms tupdate 16ms alpha 0.152344 beta 3.195312 l4s_ect coupling_factor 2 drop_on_overload step_thresh 1ms drop_dequeue split_gso classic_protection 10% 
 Sent 37502556 bytes 30212 pkt (dropped 1055, overlimits 0 requeues 0) 
 backlog 0b 0p requeues 0
prob 0.387880 delay_c 0us delay_l 0us
pkts_in_c 31267 pkts_in_l 0 maxq 27
ecn_mark 0 step_marks 0
credit -121120 (L)

------ Mon 01 Dec 2025 11:32:58 PM PST ------
qdisc htb 1: root refcnt 33 r2q 10 default 0x10 direct_packets_stat 0 direct_qlen 1000
 Sent 37502556 bytes 30212 pkt (dropped 1055, overlimits 30176 requeues 0) 
 backlog 0b 0p requeues 0
qdisc dualpi2 2: parent 1:10 limit 15040000p target 1ms tupdate 16ms alpha 0.152344 beta 3.195312 l4s_ect coupling_factor 2 drop_on_overload step_thresh 1ms drop_dequeue split_gso classic_protection 10% 
 Sent 37502556 bytes 30212 pkt (dropped 1055, overlimits 0 requeues 0) 
 backlog 0b 0p requeues 0
prob 0.387574 delay_c 0us delay_l 0us
pkts_in_c 31267 pkts_in_l 0 maxq 27
ecn_mark 0 step_marks 0
credit -121120 (L)

------ Mon 01 Dec 2025 11:32:58 PM PST ------
qdisc htb 1: root refcnt 33 r2q 10 default 0x10 direct_packets_stat 0 direct_qlen 1000
 Sent 37502556 bytes 30212 pkt (dropped 1055, overlimits 30176 requeues 0) 
 backlog 0b 0p requeues 0
qdisc dualpi2 2: parent 1:10 limit 15040000p target 1ms tupdate 16ms alpha 0.152344 beta 3.195312 l4s_ect coupling_factor 2 drop_on_overload step_thresh 1ms drop_dequeue split_gso classic_protection 10% 
 Sent 37502556 bytes 30212 pkt (dropped 1055, overlimits 0 requeues 0) 
 backlog 0b 0p requeues 0
prob 0.387421 delay_c 0us delay_l 0us
pkts_in_c 31267 pkts_in_l 0 maxq 27
ecn_mark 0 step_marks 0
credit -121120 (L)

------ Mon 01 Dec 2025 11:32:58 PM PST ------
qdisc htb 1: root refcnt 33 r2q 10 default 0x10 direct_packets_stat 0 direct_qlen 1000
 Sent 37502556 bytes 30212 pkt (dropped 1055, overlimits 30176 requeues 0) 
 backlog 0b 0p requeues 0
qdisc dualpi2 2: parent 1:10 limit 15040000p target 1ms tupdate 16ms alpha 0.152344 beta 3.195312 l4s_ect coupling_factor 2 drop_on_overload step_thresh 1ms drop_dequeue split_gso classic_protection 10% 
 Sent 37502556 bytes 30212 pkt (dropped 1055, overlimits 0 requeues 0) 
 backlog 0b 0p requeues 0
prob 0.387116 delay_c 0us delay_l 0us
pkts_in_c 31267 pkts_in_l 0 maxq 27
ecn_mark 0 step_marks 0
credit -121120 (L)

------ Mon 01 Dec 2025 11:32:58 PM PST ------
qdisc htb 1: root refcnt 33 r2q 10 default 0x10 direct_packets_stat 0 direct_qlen 1000
 Sent 37502556 bytes 30212 pkt (dropped 1055, overlimits 30176 requeues 0) 
 backlog 0b 0p requeues 0
qdisc dualpi2 2: parent 1:10 limit 15040000p target 1ms tupdate 16ms alpha 0.152344 beta 3.195312 l4s_ect coupling_factor 2 drop_on_overload step_thresh 1ms drop_dequeue split_gso classic_protection 10% 
 Sent 37502556 bytes 30212 pkt (dropped 1055, overlimits 0 requeues 0) 
 backlog 0b 0p requeues 0
prob 0.386810 delay_c 0us delay_l 0us
pkts_in_c 31267 pkts_in_l 0 maxq 27
ecn_mark 0 step_marks 0
credit -121120 (L)

------ Mon 01 Dec 2025 11:32:58 PM PST ------
qdisc htb 1: root refcnt 33 r2q 10 default 0x10 direct_packets_stat 0 direct_qlen 1000
 Sent 37502556 bytes 30212 pkt (dropped 1055, overlimits 30176 requeues 0) 
 backlog 0b 0p requeues 0
qdisc dualpi2 2: parent 1:10 limit 15040000p target 1ms tupdate 16ms alpha 0.152344 beta 3.195312 l4s_ect coupling_factor 2 drop_on_overload step_thresh 1ms drop_dequeue split_gso classic_protection 10% 
 Sent 37502556 bytes 30212 pkt (dropped 1055, overlimits 0 requeues 0) 
 backlog 0b 0p requeues 0
prob 0.386505 delay_c 0us delay_l 0us
pkts_in_c 31267 pkts_in_l 0 maxq 27
ecn_mark 0 step_marks 0
credit -121120 (L)

------ Mon 01 Dec 2025 11:32:58 PM PST ------
qdisc htb 1: root refcnt 33 r2q 10 default 0x10 direct_packets_stat 0 direct_qlen 1000
 Sent 37502556 bytes 30212 pkt (dropped 1055, overlimits 30176 requeues 0) 
 backlog 0b 0p requeues 0
qdisc dualpi2 2: parent 1:10 limit 15040000p target 1ms tupdate 16ms alpha 0.152344 beta 3.195312 l4s_ect coupling_factor 2 drop_on_overload step_thresh 1ms drop_dequeue split_gso classic_protection 10% 
 Sent 37502556 bytes 30212 pkt (dropped 1055, overlimits 0 requeues 0) 
 backlog 0b 0p requeues 0
prob 0.386352 delay_c 0us delay_l 0us
pkts_in_c 31267 pkts_in_l 0 maxq 27
ecn_mark 0 step_marks 0
credit -121120 (L)

------ Mon 01 Dec 2025 11:32:58 PM PST ------
qdisc htb 1: root refcnt 33 r2q 10 default 0x10 direct_packets_stat 0 direct_qlen 1000
 Sent 37502556 bytes 30212 pkt (dropped 1055, overlimits 30176 requeues 0) 
 backlog 0b 0p requeues 0
qdisc dualpi2 2: parent 1:10 limit 15040000p target 1ms tupdate 16ms alpha 0.152344 beta 3.195312 l4s_ect coupling_factor 2 drop_on_overload step_thresh 1ms drop_dequeue split_gso classic_protection 10% 
 Sent 37502556 bytes 30212 pkt (dropped 1055, overlimits 0 requeues 0) 
 backlog 0b 0p requeues 0
prob 0.386046 delay_c 0us delay_l 0us
pkts_in_c 31267 pkts_in_l 0 maxq 27
ecn_mark 0 step_marks 0
credit -121120 (L)

------ Mon 01 Dec 2025 11:32:58 PM PST ------
qdisc htb 1: root refcnt 33 r2q 10 default 0x10 direct_packets_stat 0 direct_qlen 1000
 Sent 37502556 bytes 30212 pkt (dropped 1055, overlimits 30176 requeues 0) 
 backlog 0b 0p requeues 0
qdisc dualpi2 2: parent 1:10 limit 15040000p target 1ms tupdate 16ms alpha 0.152344 beta 3.195312 l4s_ect coupling_factor 2 drop_on_overload step_thresh 1ms drop_dequeue split_gso classic_protection 10% 
 Sent 37502556 bytes 30212 pkt (dropped 1055, overlimits 0 requeues 0) 
 backlog 0b 0p requeues 0
prob 0.385741 delay_c 0us delay_l 0us
pkts_in_c 31267 pkts_in_l 0 maxq 27
ecn_mark 0 step_marks 0
credit -121120 (L)

------ Mon 01 Dec 2025 11:32:58 PM PST ------
qdisc htb 1: root refcnt 33 r2q 10 default 0x10 direct_packets_stat 0 direct_qlen 1000
 Sent 37502556 bytes 30212 pkt (dropped 1055, overlimits 30176 requeues 0) 
 backlog 0b 0p requeues 0
qdisc dualpi2 2: parent 1:10 limit 15040000p target 1ms tupdate 16ms alpha 0.152344 beta 3.195312 l4s_ect coupling_factor 2 drop_on_overload step_thresh 1ms drop_dequeue split_gso classic_protection 10% 
 Sent 37502556 bytes 30212 pkt (dropped 1055, overlimits 0 requeues 0) 
 backlog 0b 0p requeues 0
prob 0.385435 delay_c 0us delay_l 0us
pkts_in_c 31267 pkts_in_l 0 maxq 27
ecn_mark 0 step_marks 0
credit -121120 (L)

------ Mon 01 Dec 2025 11:32:58 PM PST ------
qdisc htb 1: root refcnt 33 r2q 10 default 0x10 direct_packets_stat 0 direct_qlen 1000
 Sent 37502556 bytes 30212 pkt (dropped 1055, overlimits 30176 requeues 0) 
 backlog 0b 0p requeues 0
qdisc dualpi2 2: parent 1:10 limit 15040000p target 1ms tupdate 16ms alpha 0.152344 beta 3.195312 l4s_ect coupling_factor 2 drop_on_overload step_thresh 1ms drop_dequeue split_gso classic_protection 10% 
 Sent 37502556 bytes 30212 pkt (dropped 1055, overlimits 0 requeues 0) 
 backlog 0b 0p requeues 0
prob 0.385282 delay_c 0us delay_l 0us
pkts_in_c 31267 pkts_in_l 0 maxq 27
ecn_mark 0 step_marks 0
credit -121120 (L)

------ Mon 01 Dec 2025 11:32:58 PM PST ------
qdisc htb 1: root refcnt 33 r2q 10 default 0x10 direct_packets_stat 0 direct_qlen 1000
 Sent 37502556 bytes 30212 pkt (dropped 1055, overlimits 30176 requeues 0) 
 backlog 0b 0p requeues 0
qdisc dualpi2 2: parent 1:10 limit 15040000p target 1ms tupdate 16ms alpha 0.152344 beta 3.195312 l4s_ect coupling_factor 2 drop_on_overload step_thresh 1ms drop_dequeue split_gso classic_protection 10% 
 Sent 37502556 bytes 30212 pkt (dropped 1055, overlimits 0 requeues 0) 
 backlog 0b 0p requeues 0
prob 0.384977 delay_c 0us delay_l 0us
pkts_in_c 31267 pkts_in_l 0 maxq 27
ecn_mark 0 step_marks 0
credit -121120 (L)

------ Mon 01 Dec 2025 11:32:58 PM PST ------
qdisc htb 1: root refcnt 33 r2q 10 default 0x10 direct_packets_stat 0 direct_qlen 1000
 Sent 37502556 bytes 30212 pkt (dropped 1055, overlimits 30176 requeues 0) 
 backlog 0b 0p requeues 0
qdisc dualpi2 2: parent 1:10 limit 15040000p target 1ms tupdate 16ms alpha 0.152344 beta 3.195312 l4s_ect coupling_factor 2 drop_on_overload step_thresh 1ms drop_dequeue split_gso classic_protection 10% 
 Sent 37502556 bytes 30212 pkt (dropped 1055, overlimits 0 requeues 0) 
 backlog 0b 0p requeues 0
prob 0.384671 delay_c 0us delay_l 0us
pkts_in_c 31267 pkts_in_l 0 maxq 27
ecn_mark 0 step_marks 0
credit -121120 (L)

------ Mon 01 Dec 2025 11:32:58 PM PST ------
qdisc htb 1: root refcnt 33 r2q 10 default 0x10 direct_packets_stat 0 direct_qlen 1000
 Sent 37502556 bytes 30212 pkt (dropped 1055, overlimits 30176 requeues 0) 
 backlog 0b 0p requeues 0
qdisc dualpi2 2: parent 1:10 limit 15040000p target 1ms tupdate 16ms alpha 0.152344 beta 3.195312 l4s_ect coupling_factor 2 drop_on_overload step_thresh 1ms drop_dequeue split_gso classic_protection 10% 
 Sent 37502556 bytes 30212 pkt (dropped 1055, overlimits 0 requeues 0) 
 backlog 0b 0p requeues 0
prob 0.384366 delay_c 0us delay_l 0us
pkts_in_c 31267 pkts_in_l 0 maxq 27
ecn_mark 0 step_marks 0
credit -121120 (L)

------ Mon 01 Dec 2025 11:32:58 PM PST ------
qdisc htb 1: root refcnt 33 r2q 10 default 0x10 direct_packets_stat 0 direct_qlen 1000
 Sent 37502556 bytes 30212 pkt (dropped 1055, overlimits 30176 requeues 0) 
 backlog 0b 0p requeues 0
qdisc dualpi2 2: parent 1:10 limit 15040000p target 1ms tupdate 16ms alpha 0.152344 beta 3.195312 l4s_ect coupling_factor 2 drop_on_overload step_thresh 1ms drop_dequeue split_gso classic_protection 10% 
 Sent 37502556 bytes 30212 pkt (dropped 1055, overlimits 0 requeues 0) 
 backlog 0b 0p requeues 0
prob 0.384213 delay_c 0us delay_l 0us
pkts_in_c 31267 pkts_in_l 0 maxq 27
ecn_mark 0 step_marks 0
credit -121120 (L)

------ Mon 01 Dec 2025 11:32:58 PM PST ------
qdisc htb 1: root refcnt 33 r2q 10 default 0x10 direct_packets_stat 0 direct_qlen 1000
 Sent 37502556 bytes 30212 pkt (dropped 1055, overlimits 30176 requeues 0) 
 backlog 0b 0p requeues 0
qdisc dualpi2 2: parent 1:10 limit 15040000p target 1ms tupdate 16ms alpha 0.152344 beta 3.195312 l4s_ect coupling_factor 2 drop_on_overload step_thresh 1ms drop_dequeue split_gso classic_protection 10% 
 Sent 37502556 bytes 30212 pkt (dropped 1055, overlimits 0 requeues 0) 
 backlog 0b 0p requeues 0
prob 0.383907 delay_c 0us delay_l 0us
pkts_in_c 31267 pkts_in_l 0 maxq 27
ecn_mark 0 step_marks 0
credit -121120 (L)

------ Mon 01 Dec 2025 11:32:58 PM PST ------
qdisc htb 1: root refcnt 33 r2q 10 default 0x10 direct_packets_stat 0 direct_qlen 1000
 Sent 37502556 bytes 30212 pkt (dropped 1055, overlimits 30176 requeues 0) 
 backlog 0b 0p requeues 0
qdisc dualpi2 2: parent 1:10 limit 15040000p target 1ms tupdate 16ms alpha 0.152344 beta 3.195312 l4s_ect coupling_factor 2 drop_on_overload step_thresh 1ms drop_dequeue split_gso classic_protection 10% 
 Sent 37502556 bytes 30212 pkt (dropped 1055, overlimits 0 requeues 0) 
 backlog 0b 0p requeues 0
prob 0.383602 delay_c 0us delay_l 0us
pkts_in_c 31267 pkts_in_l 0 maxq 27
ecn_mark 0 step_marks 0
credit -121120 (L)

------ Mon 01 Dec 2025 11:32:58 PM PST ------
qdisc htb 1: root refcnt 33 r2q 10 default 0x10 direct_packets_stat 0 direct_qlen 1000
 Sent 37502556 bytes 30212 pkt (dropped 1055, overlimits 30176 requeues 0) 
 backlog 0b 0p requeues 0
qdisc dualpi2 2: parent 1:10 limit 15040000p target 1ms tupdate 16ms alpha 0.152344 beta 3.195312 l4s_ect coupling_factor 2 drop_on_overload step_thresh 1ms drop_dequeue split_gso classic_protection 10% 
 Sent 37502556 bytes 30212 pkt (dropped 1055, overlimits 0 requeues 0) 
 backlog 0b 0p requeues 0
prob 0.383296 delay_c 0us delay_l 0us
pkts_in_c 31267 pkts_in_l 0 maxq 27
ecn_mark 0 step_marks 0
credit -121120 (L)

------ Mon 01 Dec 2025 11:32:58 PM PST ------
qdisc htb 1: root refcnt 33 r2q 10 default 0x10 direct_packets_stat 0 direct_qlen 1000
 Sent 37502556 bytes 30212 pkt (dropped 1055, overlimits 30176 requeues 0) 
 backlog 0b 0p requeues 0
qdisc dualpi2 2: parent 1:10 limit 15040000p target 1ms tupdate 16ms alpha 0.152344 beta 3.195312 l4s_ect coupling_factor 2 drop_on_overload step_thresh 1ms drop_dequeue split_gso classic_protection 10% 
 Sent 37502556 bytes 30212 pkt (dropped 1055, overlimits 0 requeues 0) 
 backlog 0b 0p requeues 0
prob 0.383143 delay_c 0us delay_l 0us
pkts_in_c 31267 pkts_in_l 0 maxq 27
ecn_mark 0 step_marks 0
credit -121120 (L)

------ Mon 01 Dec 2025 11:32:58 PM PST ------
qdisc htb 1: root refcnt 33 r2q 10 default 0x10 direct_packets_stat 0 direct_qlen 1000
 Sent 37502556 bytes 30212 pkt (dropped 1055, overlimits 30176 requeues 0) 
 backlog 0b 0p requeues 0
qdisc dualpi2 2: parent 1:10 limit 15040000p target 1ms tupdate 16ms alpha 0.152344 beta 3.195312 l4s_ect coupling_factor 2 drop_on_overload step_thresh 1ms drop_dequeue split_gso classic_protection 10% 
 Sent 37502556 bytes 30212 pkt (dropped 1055, overlimits 0 requeues 0) 
 backlog 0b 0p requeues 0
prob 0.382838 delay_c 0us delay_l 0us
pkts_in_c 31267 pkts_in_l 0 maxq 27
ecn_mark 0 step_marks 0
credit -121120 (L)

------ Mon 01 Dec 2025 11:32:58 PM PST ------
qdisc htb 1: root refcnt 33 r2q 10 default 0x10 direct_packets_stat 0 direct_qlen 1000
 Sent 37502556 bytes 30212 pkt (dropped 1055, overlimits 30176 requeues 0) 
 backlog 0b 0p requeues 0
qdisc dualpi2 2: parent 1:10 limit 15040000p target 1ms tupdate 16ms alpha 0.152344 beta 3.195312 l4s_ect coupling_factor 2 drop_on_overload step_thresh 1ms drop_dequeue split_gso classic_protection 10% 
 Sent 37502556 bytes 30212 pkt (dropped 1055, overlimits 0 requeues 0) 
 backlog 0b 0p requeues 0
prob 0.382532 delay_c 0us delay_l 0us
pkts_in_c 31267 pkts_in_l 0 maxq 27
ecn_mark 0 step_marks 0
credit -121120 (L)

------ Mon 01 Dec 2025 11:32:58 PM PST ------
qdisc htb 1: root refcnt 33 r2q 10 default 0x10 direct_packets_stat 0 direct_qlen 1000
 Sent 37502556 bytes 30212 pkt (dropped 1055, overlimits 30176 requeues 0) 
 backlog 0b 0p requeues 0
qdisc dualpi2 2: parent 1:10 limit 15040000p target 1ms tupdate 16ms alpha 0.152344 beta 3.195312 l4s_ect coupling_factor 2 drop_on_overload step_thresh 1ms drop_dequeue split_gso classic_protection 10% 
 Sent 37502556 bytes 30212 pkt (dropped 1055, overlimits 0 requeues 0) 
 backlog 0b 0p requeues 0
prob 0.382226 delay_c 0us delay_l 0us
pkts_in_c 31267 pkts_in_l 0 maxq 27
ecn_mark 0 step_marks 0
credit -121120 (L)

------ Mon 01 Dec 2025 11:32:58 PM PST ------
qdisc htb 1: root refcnt 33 r2q 10 default 0x10 direct_packets_stat 0 direct_qlen 1000
 Sent 37502556 bytes 30212 pkt (dropped 1055, overlimits 30176 requeues 0) 
 backlog 0b 0p requeues 0
qdisc dualpi2 2: parent 1:10 limit 15040000p target 1ms tupdate 16ms alpha 0.152344 beta 3.195312 l4s_ect coupling_factor 2 drop_on_overload step_thresh 1ms drop_dequeue split_gso classic_protection 10% 
 Sent 37502556 bytes 30212 pkt (dropped 1055, overlimits 0 requeues 0) 
 backlog 0b 0p requeues 0
prob 0.382074 delay_c 0us delay_l 0us
pkts_in_c 31267 pkts_in_l 0 maxq 27
ecn_mark 0 step_marks 0
credit -121120 (L)

------ Mon 01 Dec 2025 11:32:58 PM PST ------
qdisc htb 1: root refcnt 33 r2q 10 default 0x10 direct_packets_stat 0 direct_qlen 1000
 Sent 37502556 bytes 30212 pkt (dropped 1055, overlimits 30176 requeues 0) 
 backlog 0b 0p requeues 0
qdisc dualpi2 2: parent 1:10 limit 15040000p target 1ms tupdate 16ms alpha 0.152344 beta 3.195312 l4s_ect coupling_factor 2 drop_on_overload step_thresh 1ms drop_dequeue split_gso classic_protection 10% 
 Sent 37502556 bytes 30212 pkt (dropped 1055, overlimits 0 requeues 0) 
 backlog 0b 0p requeues 0
prob 0.381768 delay_c 0us delay_l 0us
pkts_in_c 31267 pkts_in_l 0 maxq 27
ecn_mark 0 step_marks 0
credit -121120 (L)

------ Mon 01 Dec 2025 11:32:58 PM PST ------
qdisc htb 1: root refcnt 33 r2q 10 default 0x10 direct_packets_stat 0 direct_qlen 1000
 Sent 37502556 bytes 30212 pkt (dropped 1055, overlimits 30176 requeues 0) 
 backlog 0b 0p requeues 0
qdisc dualpi2 2: parent 1:10 limit 15040000p target 1ms tupdate 16ms alpha 0.152344 beta 3.195312 l4s_ect coupling_factor 2 drop_on_overload step_thresh 1ms drop_dequeue split_gso classic_protection 10% 
 Sent 37502556 bytes 30212 pkt (dropped 1055, overlimits 0 requeues 0) 
 backlog 0b 0p requeues 0
prob 0.381462 delay_c 0us delay_l 0us
pkts_in_c 31267 pkts_in_l 0 maxq 27
ecn_mark 0 step_marks 0
credit -121120 (L)

------ Mon 01 Dec 2025 11:32:58 PM PST ------
