[QUEUE_STATS] t_ms=33 q_pkts=0 q_bytes=0 qdelay_l_ms=0 qdelay_c_ms=0 ecn_mark=0 drop=0
[QUEUE_STATS] t_ms=125 q_pkts=0 q_bytes=0 qdelay_l_ms=0 qdelay_c_ms=0 ecn_mark=0 drop=0
[QUEUE_STATS] t_ms=228 q_pkts=0 q_bytes=0 qdelay_l_ms=0 qdelay_c_ms=0 ecn_mark=0 drop=0
[QUEUE_STATS] t_ms=330 q_pkts=0 q_bytes=0 qdelay_l_ms=0 qdelay_c_ms=0 ecn_mark=0 drop=0
[QUEUE_STATS] t_ms=433 q_pkts=0 q_bytes=0 qdelay_l_ms=0 qdelay_c_ms=0 ecn_mark=0 drop=0
[QUEUE_STATS] t_ms=536 q_pkts=0 q_bytes=0 qdelay_l_ms=0 qdelay_c_ms=0 ecn_mark=0 drop=0
[QUEUE_STATS] t_ms=639 q_pkts=0 q_bytes=0 qdelay_l_ms=0 qdelay_c_ms=0 ecn_mark=0 drop=0
[QUEUE_STATS] t_ms=640 q_pkts=12 q_bytes=15176 qdelay_l_ms=1.11227 qdelay_c_ms=1.08749 ecn_mark=0 drop=0
[QUEUE_STATS] t_ms=683 q_pkts=0 q_bytes=0 qdelay_l_ms=0 qdelay_c_ms=0 ecn_mark=0 drop=0
[QUEUE_STATS] t_ms=740 q_pkts=0 q_bytes=0 qdelay_l_ms=0 qdelay_c_ms=0 ecn_mark=0 drop=0
[QUEUE_STATS] t_ms=752 q_pkts=1 q_bytes=1504 qdelay_l_ms=1.06276 qdelay_c_ms=0 ecn_mark=0 drop=0
[QUEUE_STATS] t_ms=768 q_pkts=1 q_bytes=1504 qdelay_l_ms=1.07673 qdelay_c_ms=0 ecn_mark=0 drop=0
[QUEUE_STATS] t_ms=784 q_pkts=1 q_bytes=1504 qdelay_l_ms=1.06256 qdelay_c_ms=0 ecn_mark=0 drop=0
[QUEUE_STATS] t_ms=832 q_pkts=0 q_bytes=0 qdelay_l_ms=0 qdelay_c_ms=0 ecn_mark=0 drop=0
[QUEUE_STATS] t_ms=848 q_pkts=1 q_bytes=1504 qdelay_l_ms=1.06226 qdelay_c_ms=0 ecn_mark=0 drop=0
[QUEUE_STATS] t_ms=864 q_pkts=1 q_bytes=1504 qdelay_l_ms=1.04615 qdelay_c_ms=0 ecn_mark=0 drop=0
[QUEUE_STATS] t_ms=880 q_pkts=1 q_bytes=1504 qdelay_l_ms=1.06776 qdelay_c_ms=0 ecn_mark=0 drop=0
[QUEUE_STATS] t_ms=896 q_pkts=1 q_bytes=1504 qdelay_l_ms=1.05556 qdelay_c_ms=0 ecn_mark=0 drop=0
[QUEUE_STATS] t_ms=928 q_pkts=0 q_bytes=0 qdelay_l_ms=0 qdelay_c_ms=0 ecn_mark=0 drop=0
[QUEUE_STATS] t_ms=944 q_pkts=0 q_bytes=0 qdelay_l_ms=0 qdelay_c_ms=0 ecn_mark=0 drop=0
[QUEUE_STATS] t_ms=961 q_pkts=1 q_bytes=1504 qdelay_l_ms=1.06966 qdelay_c_ms=0 ecn_mark=0 drop=0
[QUEUE_STATS] t_ms=976 q_pkts=1 q_bytes=1504 qdelay_l_ms=1.0965 qdelay_c_ms=0 ecn_mark=0 drop=0
[QUEUE_STATS] t_ms=993 q_pkts=1 q_bytes=1504 qdelay_l_ms=1.07298 qdelay_c_ms=0 ecn_mark=0 drop=0
[QUEUE_STATS] t_ms=1008 q_pkts=2 q_bytes=3008 qdelay_l_ms=0.827242 qdelay_c_ms=0 ecn_mark=0 drop=0
[QUEUE_STATS] t_ms=1046 q_pkts=0 q_bytes=0 qdelay_l_ms=0 qdelay_c_ms=0 ecn_mark=0 drop=0
[QUEUE_STATS] t_ms=1056 q_pkts=19 q_bytes=28576 qdelay_l_ms=1.08512 qdelay_c_ms=5.71796 ecn_mark=0 drop=0
[QUEUE_STATS] t_ms=1072 q_pkts=2 q_bytes=3008 qdelay_l_ms=1.05179 qdelay_c_ms=0 ecn_mark=0 drop=0
[QUEUE_STATS] t_ms=1088 q_pkts=2 q_bytes=3008 qdelay_l_ms=1.07257 qdelay_c_ms=0 ecn_mark=0 drop=0
[QUEUE_STATS] t_ms=1104 q_pkts=3 q_bytes=4512 qdelay_l_ms=0.89574 qdelay_c_ms=0 ecn_mark=0 drop=0
[QUEUE_STATS] t_ms=1148 q_pkts=0 q_bytes=0 qdelay_l_ms=0 qdelay_c_ms=0 ecn_mark=0 drop=0
[QUEUE_STATS] t_ms=1152 q_pkts=91 q_bytes=136864 qdelay_l_ms=0.801393 qdelay_c_ms=2.95993 ecn_mark=0 drop=0
[QUEUE_STATS] t_ms=1168 q_pkts=64 q_bytes=96256 qdelay_l_ms=0 qdelay_c_ms=11.9676 ecn_mark=0 drop=0
[QUEUE_STATS] t_ms=1184 q_pkts=9 q_bytes=13536 qdelay_l_ms=1.09512 qdelay_c_ms=0 ecn_mark=0 drop=0
[QUEUE_STATS] t_ms=1200 q_pkts=6 q_bytes=9024 qdelay_l_ms=1.10168 qdelay_c_ms=0 ecn_mark=0 drop=0
[QUEUE_STATS] t_ms=1216 q_pkts=6 q_bytes=9024 qdelay_l_ms=0.914776 qdelay_c_ms=0 ecn_mark=0 drop=0
[QUEUE_STATS] t_ms=1250 q_pkts=0 q_bytes=0 qdelay_l_ms=0 qdelay_c_ms=0 ecn_mark=0 drop=0
[QUEUE_STATS] t_ms=1264 q_pkts=230 q_bytes=345920 qdelay_l_ms=0.982453 qdelay_c_ms=9.04558 ecn_mark=0 drop=0
[QUEUE_STATS] t_ms=1280 q_pkts=341 q_bytes=512864 qdelay_l_ms=1.07878 qdelay_c_ms=18.7076 ecn_mark=0 drop=0
[QUEUE_STATS] t_ms=1296 q_pkts=227 q_bytes=341408 qdelay_l_ms=1.11546 qdelay_c_ms=29.8846 ecn_mark=0 drop=0
[QUEUE_STATS] t_ms=1312 q_pkts=165 q_bytes=248160 qdelay_l_ms=1.05901 qdelay_c_ms=42.769 ecn_mark=0 drop=0
[QUEUE_STATS] t_ms=1328 q_pkts=20 q_bytes=30080 qdelay_l_ms=0 qdelay_c_ms=31.6205 ecn_mark=1 drop=0
[QUEUE_STATS] t_ms=1352 q_pkts=0 q_bytes=0 qdelay_l_ms=0 qdelay_c_ms=0 ecn_mark=1 drop=0
[QUEUE_STATS] t_ms=1360 q_pkts=133 q_bytes=200032 qdelay_l_ms=1.78781 qdelay_c_ms=5.93829 ecn_mark=1 drop=0
[QUEUE_STATS] t_ms=1376 q_pkts=361 q_bytes=542944 qdelay_l_ms=0.076414 qdelay_c_ms=19.3854 ecn_mark=1 drop=0
[QUEUE_STATS] t_ms=1392 q_pkts=620 q_bytes=932480 qdelay_l_ms=3.21601 qdelay_c_ms=33.3133 ecn_mark=1 drop=0
[QUEUE_STATS] t_ms=1408 q_pkts=880 q_bytes=1323520 qdelay_l_ms=5.86131 qdelay_c_ms=48.1438 ecn_mark=1 drop=0
[QUEUE_STATS] t_ms=1424 q_pkts=1130 q_bytes=1699520 qdelay_l_ms=11.8132 qdelay_c_ms=62.8916 ecn_mark=43 drop=0
[QUEUE_STATS] t_ms=1440 q_pkts=1038 q_bytes=1561152 qdelay_l_ms=0 qdelay_c_ms=76.1502 ecn_mark=245 drop=0
[QUEUE_STATS] t_ms=1456 q_pkts=798 q_bytes=1200192 qdelay_l_ms=0.914676 qdelay_c_ms=77.0697 ecn_mark=245 drop=0
[QUEUE_STATS] t_ms=1472 q_pkts=801 q_bytes=1204704 qdelay_l_ms=1.0149 qdelay_c_ms=87.4116 ecn_mark=245 drop=0
[QUEUE_STATS] t_ms=1488 q_pkts=807 q_bytes=1213728 qdelay_l_ms=0.901772 qdelay_c_ms=96.4519 ecn_mark=245 drop=0
[QUEUE_STATS] t_ms=1504 q_pkts=757 q_bytes=1138528 qdelay_l_ms=1.1242 qdelay_c_ms=107.074 ecn_mark=246 drop=0
[QUEUE_STATS] t_ms=1520 q_pkts=697 q_bytes=1048288 qdelay_l_ms=0.95414 qdelay_c_ms=110.787 ecn_mark=246 drop=0
[QUEUE_STATS] t_ms=1536 q_pkts=617 q_bytes=927968 qdelay_l_ms=0.99147 qdelay_c_ms=113.822 ecn_mark=247 drop=0
[QUEUE_STATS] t_ms=1552 q_pkts=824 q_bytes=1239296 qdelay_l_ms=0 qdelay_c_ms=122.364 ecn_mark=247 drop=0
[QUEUE_STATS] t_ms=1568 q_pkts=976 q_bytes=1467904 qdelay_l_ms=0.988805 qdelay_c_ms=88.9139 ecn_mark=247 drop=0
[QUEUE_STATS] t_ms=1584 q_pkts=1052 q_bytes=1582208 qdelay_l_ms=1.11606 qdelay_c_ms=76.2289 ecn_mark=248 drop=0
[QUEUE_STATS] t_ms=1600 q_pkts=1114 q_bytes=1675456 qdelay_l_ms=1.0877 qdelay_c_ms=60.421 ecn_mark=248 drop=0
[QUEUE_STATS] t_ms=1616 q_pkts=1124 q_bytes=1690496 qdelay_l_ms=1.13488 qdelay_c_ms=71.2856 ecn_mark=248 drop=0
[QUEUE_STATS] t_ms=1632 q_pkts=941 q_bytes=1415264 qdelay_l_ms=0.918493 qdelay_c_ms=80.6532 ecn_mark=248 drop=0
[QUEUE_STATS] t_ms=1648 q_pkts=746 q_bytes=1121984 qdelay_l_ms=0 qdelay_c_ms=92.348 ecn_mark=248 drop=0
[QUEUE_STATS] t_ms=1664 q_pkts=1092 q_bytes=1642104 qdelay_l_ms=1.08219 qdelay_c_ms=87.9339 ecn_mark=248 drop=0
[QUEUE_STATS] t_ms=1680 q_pkts=1044 q_bytes=1569912 qdelay_l_ms=1.15806 qdelay_c_ms=90.8177 ecn_mark=248 drop=0
[QUEUE_STATS] t_ms=1696 q_pkts=994 q_bytes=1494712 qdelay_l_ms=0.990267 qdelay_c_ms=94.0423 ecn_mark=248 drop=0
[QUEUE_STATS] t_ms=1712 q_pkts=925 q_bytes=1390992 qdelay_l_ms=1.08412 qdelay_c_ms=61.3134 ecn_mark=248 drop=0
[QUEUE_STATS] t_ms=1728 q_pkts=730 q_bytes=1097712 qdelay_l_ms=1.10963 qdelay_c_ms=76.1212 ecn_mark=248 drop=0
[QUEUE_STATS] t_ms=1744 q_pkts=679 q_bytes=1021216 qdelay_l_ms=0 qdelay_c_ms=87.3507 ecn_mark=248 drop=0
[QUEUE_STATS] t_ms=1760 q_pkts=887 q_bytes=1334048 qdelay_l_ms=0 qdelay_c_ms=78.3889 ecn_mark=249 drop=0
[QUEUE_STATS] t_ms=1776 q_pkts=860 q_bytes=1293440 qdelay_l_ms=1.14655 qdelay_c_ms=70.7474 ecn_mark=249 drop=0
[QUEUE_STATS] t_ms=1792 q_pkts=781 q_bytes=1174624 qdelay_l_ms=1.072 qdelay_c_ms=48.8451 ecn_mark=249 drop=0
[QUEUE_STATS] t_ms=1808 q_pkts=551 q_bytes=828704 qdelay_l_ms=1.09252 qdelay_c_ms=61.8423 ecn_mark=249 drop=0
[QUEUE_STATS] t_ms=1824 q_pkts=759 q_bytes=1141480 qdelay_l_ms=0.757751 qdelay_c_ms=63.5636 ecn_mark=249 drop=0
[QUEUE_STATS] t_ms=1840 q_pkts=726 q_bytes=1091848 qdelay_l_ms=0 qdelay_c_ms=58.8804 ecn_mark=249 drop=0
[QUEUE_STATS] t_ms=1856 q_pkts=710 q_bytes=1067784 qdelay_l_ms=0 qdelay_c_ms=36.6424 ecn_mark=249 drop=0
[QUEUE_STATS] t_ms=1872 q_pkts=558 q_bytes=839232 qdelay_l_ms=0.947798 qdelay_c_ms=49.2074 ecn_mark=249 drop=0
[QUEUE_STATS] t_ms=1888 q_pkts=300 q_bytes=451200 qdelay_l_ms=0.828604 qdelay_c_ms=45.8254 ecn_mark=249 drop=0
[QUEUE_STATS] t_ms=1904 q_pkts=636 q_bytes=956336 qdelay_l_ms=0.828364 qdelay_c_ms=46.287 ecn_mark=249 drop=0
[QUEUE_STATS] t_ms=1920 q_pkts=622 q_bytes=935280 qdelay_l_ms=1.09984 qdelay_c_ms=29.4975 ecn_mark=249 drop=0
[QUEUE_STATS] t_ms=1936 q_pkts=521 q_bytes=783584 qdelay_l_ms=1.06205 qdelay_c_ms=41.6419 ecn_mark=249 drop=0
[QUEUE_STATS] t_ms=1952 q_pkts=274 q_bytes=412096 qdelay_l_ms=0.81037 qdelay_c_ms=41.0331 ecn_mark=249 drop=0
[QUEUE_STATS] t_ms=1968 q_pkts=614 q_bytes=923456 qdelay_l_ms=0.803578 qdelay_c_ms=39.5909 ecn_mark=249 drop=0
[QUEUE_STATS] t_ms=1984 q_pkts=611 q_bytes=918944 qdelay_l_ms=1.10132 qdelay_c_ms=28.1821 ecn_mark=249 drop=0
[QUEUE_STATS] t_ms=2000 q_pkts=560 q_bytes=842240 qdelay_l_ms=1.08737 qdelay_c_ms=39.9225 ecn_mark=249 drop=0
[QUEUE_STATS] t_ms=2016 q_pkts=294 q_bytes=442176 qdelay_l_ms=0 qdelay_c_ms=38.4122 ecn_mark=249 drop=0
[QUEUE_STATS] t_ms=2032 q_pkts=611 q_bytes=918888 qdelay_l_ms=0.873548 qdelay_c_ms=38.6375 ecn_mark=249 drop=0
[QUEUE_STATS] t_ms=2048 q_pkts=605 q_bytes=909864 qdelay_l_ms=0 qdelay_c_ms=28.8338 ecn_mark=249 drop=0
[QUEUE_STATS] t_ms=2064 q_pkts=540 q_bytes=812160 qdelay_l_ms=1.06148 qdelay_c_ms=39.5612 ecn_mark=249 drop=0
[QUEUE_STATS] t_ms=2080 q_pkts=294 q_bytes=442176 qdelay_l_ms=1.04883 qdelay_c_ms=40.2313 ecn_mark=249 drop=0
[QUEUE_STATS] t_ms=2096 q_pkts=604 q_bytes=908208 qdelay_l_ms=0.150983 qdelay_c_ms=39.133 ecn_mark=249 drop=0
[QUEUE_STATS] t_ms=2112 q_pkts=610 q_bytes=917232 qdelay_l_ms=1.15139 qdelay_c_ms=29.5712 ecn_mark=249 drop=0
[QUEUE_STATS] t_ms=2128 q_pkts=541 q_bytes=813664 qdelay_l_ms=1.06099 qdelay_c_ms=40.2563 ecn_mark=249 drop=0
[QUEUE_STATS] t_ms=2144 q_pkts=293 q_bytes=440672 qdelay_l_ms=0.804829 qdelay_c_ms=39.9075 ecn_mark=249 drop=0
[QUEUE_STATS] t_ms=2160 q_pkts=622 q_bytes=935488 qdelay_l_ms=0.709871 qdelay_c_ms=39.6734 ecn_mark=249 drop=0
[QUEUE_STATS] t_ms=2176 q_pkts=610 q_bytes=917440 qdelay_l_ms=0.93835 qdelay_c_ms=29.1129 ecn_mark=249 drop=0
[QUEUE_STATS] t_ms=2192 q_pkts=542 q_bytes=815168 qdelay_l_ms=1.01166 qdelay_c_ms=40.8978 ecn_mark=249 drop=0
[QUEUE_STATS] t_ms=2208 q_pkts=295 q_bytes=443680 qdelay_l_ms=1.09807 qdelay_c_ms=39.942 ecn_mark=249 drop=0
[QUEUE_STATS] t_ms=2224 q_pkts=598 q_bytes=899336 qdelay_l_ms=0.062808 qdelay_c_ms=39.5482 ecn_mark=249 drop=0
[QUEUE_STATS] t_ms=2240 q_pkts=608 q_bytes=914376 qdelay_l_ms=1.09546 qdelay_c_ms=29.2613 ecn_mark=249 drop=0
[QUEUE_STATS] t_ms=2256 q_pkts=540 q_bytes=812160 qdelay_l_ms=1.02254 qdelay_c_ms=39.7251 ecn_mark=249 drop=0
[QUEUE_STATS] t_ms=2272 q_pkts=293 q_bytes=440672 qdelay_l_ms=0.801413 qdelay_c_ms=39.6025 ecn_mark=249 drop=0
[QUEUE_STATS] t_ms=2288 q_pkts=617 q_bytes=927760 qdelay_l_ms=0.88524 qdelay_c_ms=39.5813 ecn_mark=249 drop=0
[QUEUE_STATS] t_ms=2304 q_pkts=612 q_bytes=920240 qdelay_l_ms=1.12375 qdelay_c_ms=28.6151 ecn_mark=249 drop=0
[QUEUE_STATS] t_ms=2320 q_pkts=546 q_bytes=821184 qdelay_l_ms=1.06126 qdelay_c_ms=41.0127 ecn_mark=249 drop=0
[QUEUE_STATS] t_ms=2336 q_pkts=299 q_bytes=449696 qdelay_l_ms=0.800642 qdelay_c_ms=41.018 ecn_mark=249 drop=0
[QUEUE_STATS] t_ms=2352 q_pkts=607 q_bytes=912928 qdelay_l_ms=0 qdelay_c_ms=40.0335 ecn_mark=249 drop=0
[QUEUE_STATS] t_ms=2368 q_pkts=614 q_bytes=923456 qdelay_l_ms=0.843012 qdelay_c_ms=29.1712 ecn_mark=249 drop=0
[QUEUE_STATS] t_ms=2384 q_pkts=546 q_bytes=821184 qdelay_l_ms=1.09951 qdelay_c_ms=40.7601 ecn_mark=249 drop=0
[QUEUE_STATS] t_ms=2400 q_pkts=298 q_bytes=448192 qdelay_l_ms=1.11609 qdelay_c_ms=39.875 ecn_mark=249 drop=0
[QUEUE_STATS] t_ms=2416 q_pkts=614 q_bytes=923400 qdelay_l_ms=0.680707 qdelay_c_ms=40.5318 ecn_mark=249 drop=0
[QUEUE_STATS] t_ms=2432 q_pkts=608 q_bytes=914376 qdelay_l_ms=1.10644 qdelay_c_ms=28.907 ecn_mark=249 drop=0
[QUEUE_STATS] t_ms=2448 q_pkts=547 q_bytes=822688 qdelay_l_ms=1.0961 qdelay_c_ms=40.7665 ecn_mark=249 drop=0
[QUEUE_STATS] t_ms=2464 q_pkts=300 q_bytes=451200 qdelay_l_ms=0.79431 qdelay_c_ms=39.717 ecn_mark=249 drop=0
[QUEUE_STATS] t_ms=2480 q_pkts=619 q_bytes=930768 qdelay_l_ms=0.887865 qdelay_c_ms=40.4315 ecn_mark=249 drop=0
[QUEUE_STATS] t_ms=2496 q_pkts=615 q_bytes=924752 qdelay_l_ms=0.059392 qdelay_c_ms=28.273 ecn_mark=249 drop=0
[QUEUE_STATS] t_ms=2512 q_pkts=546 q_bytes=821184 qdelay_l_ms=1.06767 qdelay_c_ms=40.5682 ecn_mark=249 drop=0
[QUEUE_STATS] t_ms=2528 q_pkts=299 q_bytes=449696 qdelay_l_ms=1.09718 qdelay_c_ms=39.8256 ecn_mark=249 drop=0
[QUEUE_STATS] t_ms=2544 q_pkts=621 q_bytes=933984 qdelay_l_ms=0.798598 qdelay_c_ms=40.594 ecn_mark=249 drop=0
[QUEUE_STATS] t_ms=2560 q_pkts=614 q_bytes=923456 qdelay_l_ms=0 qdelay_c_ms=29.3362 ecn_mark=249 drop=0
[QUEUE_STATS] t_ms=2576 q_pkts=546 q_bytes=821184 qdelay_l_ms=0.839995 qdelay_c_ms=40.3076 ecn_mark=249 drop=0
[QUEUE_STATS] t_ms=2592 q_pkts=315 q_bytes=473760 qdelay_l_ms=0.768161 qdelay_c_ms=40.4811 ecn_mark=249 drop=0
[QUEUE_STATS] t_ms=2608 q_pkts=619 q_bytes=930920 qdelay_l_ms=0.983605 qdelay_c_ms=40.7978 ecn_mark=249 drop=0
[QUEUE_STATS] t_ms=2624 q_pkts=616 q_bytes=926408 qdelay_l_ms=0.949752 qdelay_c_ms=28.8943 ecn_mark=249 drop=0
[QUEUE_STATS] t_ms=2640 q_pkts=549 q_bytes=825696 qdelay_l_ms=1.10223 qdelay_c_ms=40.7799 ecn_mark=249 drop=0
[QUEUE_STATS] t_ms=2656 q_pkts=303 q_bytes=455712 qdelay_l_ms=1.09556 qdelay_c_ms=41.0001 ecn_mark=249 drop=0
[QUEUE_STATS] t_ms=2672 q_pkts=616 q_bytes=926256 qdelay_l_ms=0 qdelay_c_ms=40.6268 ecn_mark=249 drop=0
[QUEUE_STATS] t_ms=2688 q_pkts=619 q_bytes=930768 qdelay_l_ms=1.0392 qdelay_c_ms=29.7468 ecn_mark=249 drop=0
[QUEUE_STATS] t_ms=2704 q_pkts=544 q_bytes=818176 qdelay_l_ms=0 qdelay_c_ms=39.8332 ecn_mark=249 drop=0
[QUEUE_STATS] t_ms=2720 q_pkts=297 q_bytes=446688 qdelay_l_ms=0 qdelay_c_ms=40.4111 ecn_mark=249 drop=0
[QUEUE_STATS] t_ms=2736 q_pkts=620 q_bytes=932480 qdelay_l_ms=0.987803 qdelay_c_ms=41.05 ecn_mark=249 drop=0
[QUEUE_STATS] t_ms=2752 q_pkts=618 q_bytes=929472 qdelay_l_ms=1.0612 qdelay_c_ms=28.564 ecn_mark=249 drop=0
[QUEUE_STATS] t_ms=2768 q_pkts=551 q_bytes=828704 qdelay_l_ms=1.11069 qdelay_c_ms=40.7953 ecn_mark=249 drop=0
[QUEUE_STATS] t_ms=2784 q_pkts=302 q_bytes=454208 qdelay_l_ms=0 qdelay_c_ms=39.1181 ecn_mark=249 drop=0
[QUEUE_STATS] t_ms=2800 q_pkts=621 q_bytes=933928 qdelay_l_ms=0 qdelay_c_ms=40.4451 ecn_mark=249 drop=0
[QUEUE_STATS] t_ms=2816 q_pkts=616 q_bytes=926408 qdelay_l_ms=0.971513 qdelay_c_ms=28.9038 ecn_mark=249 drop=0
[QUEUE_STATS] t_ms=2832 q_pkts=548 q_bytes=824192 qdelay_l_ms=1.06139 qdelay_c_ms=40.9333 ecn_mark=249 drop=0
[QUEUE_STATS] t_ms=2848 q_pkts=303 q_bytes=455712 qdelay_l_ms=0.771868 qdelay_c_ms=40.9137 ecn_mark=249 drop=0
[QUEUE_STATS] t_ms=2864 q_pkts=620 q_bytes=932272 qdelay_l_ms=0.579677 qdelay_c_ms=40.6521 ecn_mark=249 drop=0
[QUEUE_STATS] t_ms=2880 q_pkts=620 q_bytes=932272 qdelay_l_ms=1.0928 qdelay_c_ms=28.7047 ecn_mark=249 drop=0
[QUEUE_STATS] t_ms=2896 q_pkts=551 q_bytes=828704 qdelay_l_ms=1.10014 qdelay_c_ms=40.7681 ecn_mark=249 drop=0
[QUEUE_STATS] t_ms=2912 q_pkts=302 q_bytes=454208 qdelay_l_ms=1.1083 qdelay_c_ms=40.2203 ecn_mark=249 drop=0
[QUEUE_STATS] t_ms=2928 q_pkts=618 q_bytes=929472 qdelay_l_ms=0 qdelay_c_ms=40.7017 ecn_mark=249 drop=0
[QUEUE_STATS] t_ms=2944 q_pkts=619 q_bytes=930976 qdelay_l_ms=1.06055 qdelay_c_ms=29.3801 ecn_mark=249 drop=0
[QUEUE_STATS] t_ms=2960 q_pkts=552 q_bytes=830208 qdelay_l_ms=1.09462 qdelay_c_ms=40.6441 ecn_mark=249 drop=0
[QUEUE_STATS] t_ms=2976 q_pkts=306 q_bytes=460224 qdelay_l_ms=1.09402 qdelay_c_ms=40.6761 ecn_mark=249 drop=0
[QUEUE_STATS] t_ms=2992 q_pkts=619 q_bytes=930920 qdelay_l_ms=0.610505 qdelay_c_ms=40.5859 ecn_mark=249 drop=0
[QUEUE_STATS] t_ms=3008 q_pkts=618 q_bytes=929416 qdelay_l_ms=0 qdelay_c_ms=29.636 ecn_mark=249 drop=0
[QUEUE_STATS] t_ms=3024 q_pkts=552 q_bytes=830208 qdelay_l_ms=1.09545 qdelay_c_ms=40.9861 ecn_mark=249 drop=0
[QUEUE_STATS] t_ms=3040 q_pkts=305 q_bytes=458720 qdelay_l_ms=0.75726 qdelay_c_ms=40.4534 ecn_mark=249 drop=0
[QUEUE_STATS] t_ms=3056 q_pkts=619 q_bytes=930768 qdelay_l_ms=0.796515 qdelay_c_ms=40.6813 ecn_mark=249 drop=0
[QUEUE_STATS] t_ms=3072 q_pkts=621 q_bytes=933776 qdelay_l_ms=1.06655 qdelay_c_ms=28.9488 ecn_mark=249 drop=0
[QUEUE_STATS] t_ms=3088 q_pkts=556 q_bytes=836224 qdelay_l_ms=1.0971 qdelay_c_ms=40.5012 ecn_mark=249 drop=0
[QUEUE_STATS] t_ms=3104 q_pkts=310 q_bytes=466240 qdelay_l_ms=1.09467 qdelay_c_ms=40.6959 ecn_mark=249 drop=0
[QUEUE_STATS] t_ms=3120 q_pkts=617 q_bytes=927968 qdelay_l_ms=0 qdelay_c_ms=40.218 ecn_mark=249 drop=0
[QUEUE_STATS] t_ms=3136 q_pkts=621 q_bytes=933984 qdelay_l_ms=1.06231 qdelay_c_ms=29.1885 ecn_mark=249 drop=0
[QUEUE_STATS] t_ms=3152 q_pkts=551 q_bytes=828704 qdelay_l_ms=0.742593 qdelay_c_ms=40.8847 ecn_mark=249 drop=0
[QUEUE_STATS] t_ms=3169 q_pkts=306 q_bytes=460224 qdelay_l_ms=1.05492 qdelay_c_ms=41.1987 ecn_mark=249 drop=0
[QUEUE_STATS] t_ms=3184 q_pkts=601 q_bytes=903848 qdelay_l_ms=0 qdelay_c_ms=40.1684 ecn_mark=249 drop=0
[QUEUE_STATS] t_ms=3200 q_pkts=620 q_bytes=932424 qdelay_l_ms=1.01147 qdelay_c_ms=28.6951 ecn_mark=249 drop=0
[QUEUE_STATS] t_ms=3216 q_pkts=556 q_bytes=836224 qdelay_l_ms=1.0661 qdelay_c_ms=40.5058 ecn_mark=249 drop=0
[QUEUE_STATS] t_ms=3232 q_pkts=310 q_bytes=466240 qdelay_l_ms=1.09597 qdelay_c_ms=40.7208 ecn_mark=249 drop=0
[QUEUE_STATS] t_ms=3248 q_pkts=622 q_bytes=934128 qdelay_l_ms=0.630313 qdelay_c_ms=40.5198 ecn_mark=249 drop=0
[QUEUE_STATS] t_ms=3264 q_pkts=636 q_bytes=955184 qdelay_l_ms=0.945593 qdelay_c_ms=29.0414 ecn_mark=249 drop=0
[QUEUE_STATS] t_ms=3280 q_pkts=555 q_bytes=834720 qdelay_l_ms=1.06211 qdelay_c_ms=40.912 ecn_mark=249 drop=0
[QUEUE_STATS] t_ms=3296 q_pkts=310 q_bytes=466240 qdelay_l_ms=1.10238 qdelay_c_ms=40.9426 ecn_mark=249 drop=0
[QUEUE_STATS] t_ms=3312 q_pkts=623 q_bytes=936708 qdelay_l_ms=0.582372 qdelay_c_ms=40.6003 ecn_mark=249 drop=0
[QUEUE_STATS] t_ms=3328 q_pkts=625 q_bytes=939716 qdelay_l_ms=1.03296 qdelay_c_ms=29.3348 ecn_mark=249 drop=0
[QUEUE_STATS] t_ms=3344 q_pkts=558 q_bytes=839232 qdelay_l_ms=1.06271 qdelay_c_ms=40.8124 ecn_mark=249 drop=0
[QUEUE_STATS] t_ms=3360 q_pkts=311 q_bytes=467744 qdelay_l_ms=0.753043 qdelay_c_ms=40.9258 ecn_mark=249 drop=0
[QUEUE_STATS] t_ms=3376 q_pkts=623 q_bytes=936936 qdelay_l_ms=1.15675 qdelay_c_ms=40.8497 ecn_mark=249 drop=0
[QUEUE_STATS] t_ms=3392 q_pkts=628 q_bytes=944456 qdelay_l_ms=1.04506 qdelay_c_ms=29.0132 ecn_mark=249 drop=0
[QUEUE_STATS] t_ms=3408 q_pkts=563 q_bytes=846752 qdelay_l_ms=1.05433 qdelay_c_ms=40.7591 ecn_mark=249 drop=0
[QUEUE_STATS] t_ms=3424 q_pkts=317 q_bytes=476768 qdelay_l_ms=0 qdelay_c_ms=41.3807 ecn_mark=249 drop=0
[QUEUE_STATS] t_ms=3440 q_pkts=618 q_bytes=928112 qdelay_l_ms=0 qdelay_c_ms=40.1199 ecn_mark=249 drop=0
[QUEUE_STATS] t_ms=3456 q_pkts=630 q_bytes=946160 qdelay_l_ms=0.733937 qdelay_c_ms=28.4157 ecn_mark=249 drop=0
[QUEUE_STATS] t_ms=3472 q_pkts=575 q_bytes=864800 qdelay_l_ms=0.729799 qdelay_c_ms=40.517 ecn_mark=249 drop=0
[QUEUE_STATS] t_ms=3488 q_pkts=330 q_bytes=496320 qdelay_l_ms=1.09687 qdelay_c_ms=40.8955 ecn_mark=249 drop=0
[QUEUE_STATS] t_ms=3504 q_pkts=633 q_bytes=952032 qdelay_l_ms=1.10946 qdelay_c_ms=40.8955 ecn_mark=249 drop=0
[QUEUE_STATS] t_ms=3520 q_pkts=628 q_bytes=944512 qdelay_l_ms=0.720021 qdelay_c_ms=27.6958 ecn_mark=249 drop=0
[QUEUE_STATS] t_ms=3536 q_pkts=591 q_bytes=888864 qdelay_l_ms=0.655499 qdelay_c_ms=41.4439 ecn_mark=249 drop=0
[QUEUE_STATS] t_ms=3552 q_pkts=344 q_bytes=517376 qdelay_l_ms=0 qdelay_c_ms=40.1495 ecn_mark=249 drop=0
[QUEUE_STATS] t_ms=3568 q_pkts=609 q_bytes=915596 qdelay_l_ms=0 qdelay_c_ms=39.9882 ecn_mark=249 drop=0
[QUEUE_STATS] t_ms=3584 q_pkts=631 q_bytes=948684 qdelay_l_ms=1.09134 qdelay_c_ms=26.5267 ecn_mark=249 drop=0
[QUEUE_STATS] t_ms=3600 q_pkts=594 q_bytes=893376 qdelay_l_ms=1.09664 qdelay_c_ms=41.6154 ecn_mark=249 drop=0
[QUEUE_STATS] t_ms=3616 q_pkts=350 q_bytes=526400 qdelay_l_ms=1.09512 qdelay_c_ms=40.9628 ecn_mark=249 drop=0
[QUEUE_STATS] t_ms=3632 q_pkts=608 q_bytes=913072 qdelay_l_ms=0 qdelay_c_ms=40.2456 ecn_mark=249 drop=0
[QUEUE_STATS] t_ms=3648 q_pkts=619 q_bytes=929616 qdelay_l_ms=0 qdelay_c_ms=25.666 ecn_mark=249 drop=0
[QUEUE_STATS] t_ms=3664 q_pkts=606 q_bytes=911424 qdelay_l_ms=1.08376 qdelay_c_ms=40.7247 ecn_mark=249 drop=0
[QUEUE_STATS] t_ms=3680 q_pkts=361 q_bytes=542944 qdelay_l_ms=0.726944 qdelay_c_ms=40.834 ecn_mark=249 drop=0
[QUEUE_STATS] t_ms=3696 q_pkts=627 q_bytes=943008 qdelay_l_ms=1.17746 qdelay_c_ms=41.1692 ecn_mark=249 drop=0
[QUEUE_STATS] t_ms=3712 q_pkts=632 q_bytes=950528 qdelay_l_ms=1.19217 qdelay_c_ms=26.7823 ecn_mark=249 drop=0
[QUEUE_STATS] t_ms=3728 q_pkts=611 q_bytes=918944 qdelay_l_ms=0.989726 qdelay_c_ms=40.9566 ecn_mark=249 drop=0
[QUEUE_STATS] t_ms=3744 q_pkts=366 q_bytes=550464 qdelay_l_ms=1.09518 qdelay_c_ms=41.9807 ecn_mark=249 drop=0
[QUEUE_STATS] t_ms=3760 q_pkts=621 q_bytes=933644 qdelay_l_ms=0 qdelay_c_ms=41.2354 ecn_mark=249 drop=0
[QUEUE_STATS] t_ms=3776 q_pkts=625 q_bytes=939660 qdelay_l_ms=1.16454 qdelay_c_ms=25.8102 ecn_mark=249 drop=0
[QUEUE_STATS] t_ms=3792 q_pkts=619 q_bytes=930976 qdelay_l_ms=0.094718 qdelay_c_ms=39.5534 ecn_mark=249 drop=0
[QUEUE_STATS] t_ms=3808 q_pkts=380 q_bytes=571520 qdelay_l_ms=0 qdelay_c_ms=41.4868 ecn_mark=249 drop=0
[QUEUE_STATS] t_ms=3824 q_pkts=611 q_bytes=917584 qdelay_l_ms=0 qdelay_c_ms=40.234 ecn_mark=249 drop=0
[QUEUE_STATS] t_ms=3840 q_pkts=633 q_bytes=950672 qdelay_l_ms=1.15484 qdelay_c_ms=25.0664 ecn_mark=249 drop=0
[QUEUE_STATS] t_ms=3856 q_pkts=627 q_bytes=941648 qdelay_l_ms=0.95964 qdelay_c_ms=39.449 ecn_mark=249 drop=0
[QUEUE_STATS] t_ms=3872 q_pkts=395 q_bytes=594080 qdelay_l_ms=0.730461 qdelay_c_ms=40.8744 ecn_mark=249 drop=0
[QUEUE_STATS] t_ms=3888 q_pkts=640 q_bytes=962560 qdelay_l_ms=1.15886 qdelay_c_ms=40.7367 ecn_mark=249 drop=0
[QUEUE_STATS] t_ms=3904 q_pkts=622 q_bytes=935488 qdelay_l_ms=0.06408 qdelay_c_ms=24.2051 ecn_mark=249 drop=0
[QUEUE_STATS] t_ms=3920 q_pkts=628 q_bytes=944512 qdelay_l_ms=1.0389 qdelay_c_ms=39.142 ecn_mark=249 drop=0
[QUEUE_STATS] t_ms=3936 q_pkts=401 q_bytes=603104 qdelay_l_ms=1.1124 qdelay_c_ms=41.3692 ecn_mark=249 drop=0
[QUEUE_STATS] t_ms=3952 q_pkts=613 q_bytes=921612 qdelay_l_ms=0 qdelay_c_ms=41.0945 ecn_mark=249 drop=0
[QUEUE_STATS] t_ms=3968 q_pkts=626 q_bytes=941164 qdelay_l_ms=0 qdelay_c_ms=23.8802 ecn_mark=249 drop=0
[QUEUE_STATS] t_ms=3984 q_pkts=637 q_bytes=957708 qdelay_l_ms=1.15133 qdelay_c_ms=38.7093 ecn_mark=249 drop=0
[QUEUE_STATS] t_ms=4000 q_pkts=414 q_bytes=622656 qdelay_l_ms=0.967174 qdelay_c_ms=41.8026 ecn_mark=249 drop=0
[QUEUE_STATS] t_ms=4016 q_pkts=633 q_bytes=950672 qdelay_l_ms=1.06262 qdelay_c_ms=41.569 ecn_mark=249 drop=0
[QUEUE_STATS] t_ms=4032 q_pkts=632 q_bytes=949168 qdelay_l_ms=1.04575 qdelay_c_ms=23.1785 ecn_mark=249 drop=0
[QUEUE_STATS] t_ms=4048 q_pkts=630 q_bytes=946160 qdelay_l_ms=1.14719 qdelay_c_ms=37.6675 ecn_mark=249 drop=0
[QUEUE_STATS] t_ms=4064 q_pkts=445 q_bytes=669280 qdelay_l_ms=1.06855 qdelay_c_ms=41.6334 ecn_mark=249 drop=0
[QUEUE_STATS] t_ms=4080 q_pkts=613 q_bytes=921952 qdelay_l_ms=0 qdelay_c_ms=41.3751 ecn_mark=249 drop=0
[QUEUE_STATS] t_ms=4096 q_pkts=629 q_bytes=946016 qdelay_l_ms=0.125386 qdelay_c_ms=21.3159 ecn_mark=249 drop=0
[QUEUE_STATS] t_ms=4112 q_pkts=636 q_bytes=956544 qdelay_l_ms=0 qdelay_c_ms=36.2781 ecn_mark=249 drop=0
[QUEUE_STATS] t_ms=4128 q_pkts=465 q_bytes=699360 qdelay_l_ms=1.07257 qdelay_c_ms=41.8375 ecn_mark=249 drop=0
[QUEUE_STATS] t_ms=4144 q_pkts=634 q_bytes=953196 qdelay_l_ms=0.626926 qdelay_c_ms=40.3757 ecn_mark=249 drop=0
[QUEUE_STATS] t_ms=4160 q_pkts=631 q_bytes=948684 qdelay_l_ms=0.579708 qdelay_c_ms=20.6021 ecn_mark=249 drop=0
[QUEUE_STATS] t_ms=4176 q_pkts=629 q_bytes=945676 qdelay_l_ms=1.09744 qdelay_c_ms=34.6671 ecn_mark=249 drop=0
[QUEUE_STATS] t_ms=4192 q_pkts=472 q_bytes=709888 qdelay_l_ms=1.09374 qdelay_c_ms=41.7886 ecn_mark=249 drop=0
[QUEUE_STATS] t_ms=4208 q_pkts=642 q_bytes=964208 qdelay_l_ms=0.958789 qdelay_c_ms=40.6499 ecn_mark=249 drop=0
[QUEUE_STATS] t_ms=4224 q_pkts=635 q_bytes=953680 qdelay_l_ms=1.15057 qdelay_c_ms=19.6886 ecn_mark=249 drop=0
[QUEUE_STATS] t_ms=4240 q_pkts=634 q_bytes=952176 qdelay_l_ms=1.1591 qdelay_c_ms=34.2414 ecn_mark=249 drop=0
[QUEUE_STATS] t_ms=4256 q_pkts=495 q_bytes=744480 qdelay_l_ms=1.10384 qdelay_c_ms=40.4514 ecn_mark=249 drop=0
[QUEUE_STATS] t_ms=4272 q_pkts=442 q_bytes=664768 qdelay_l_ms=0 qdelay_c_ms=41.0952 ecn_mark=249 drop=0
[QUEUE_STATS] t_ms=4288 q_pkts=638 q_bytes=959552 qdelay_l_ms=1.10829 qdelay_c_ms=18.942 ecn_mark=249 drop=0
[QUEUE_STATS] t_ms=4304 q_pkts=623 q_bytes=936992 qdelay_l_ms=0 qdelay_c_ms=31.7441 ecn_mark=249 drop=0
[QUEUE_STATS] t_ms=4320 q_pkts=510 q_bytes=767040 qdelay_l_ms=1.06576 qdelay_c_ms=42.014 ecn_mark=249 drop=0
[QUEUE_STATS] t_ms=4336 q_pkts=408 q_bytes=613632 qdelay_l_ms=0 qdelay_c_ms=41.3808 ecn_mark=249 drop=0
[QUEUE_STATS] t_ms=4352 q_pkts=633 q_bytes=951692 qdelay_l_ms=0.953489 qdelay_c_ms=41.7904 ecn_mark=249 drop=0
[QUEUE_STATS] t_ms=4368 q_pkts=637 q_bytes=957708 qdelay_l_ms=0.766959 qdelay_c_ms=32.1612 ecn_mark=249 drop=0
[QUEUE_STATS] t_ms=4384 q_pkts=538 q_bytes=809152 qdelay_l_ms=1.06806 qdelay_c_ms=40.9869 ecn_mark=249 drop=0
[QUEUE_STATS] t_ms=4400 q_pkts=465 q_bytes=699360 qdelay_l_ms=0 qdelay_c_ms=41.0864 ecn_mark=249 drop=0
[QUEUE_STATS] t_ms=4416 q_pkts=639 q_bytes=959696 qdelay_l_ms=1.15246 qdelay_c_ms=41.6388 ecn_mark=249 drop=0
[QUEUE_STATS] t_ms=4432 q_pkts=641 q_bytes=962704 qdelay_l_ms=1.16859 qdelay_c_ms=32.7711 ecn_mark=249 drop=0
[QUEUE_STATS] t_ms=4448 q_pkts=530 q_bytes=797120 qdelay_l_ms=0.899187 qdelay_c_ms=41.4133 ecn_mark=249 drop=0
[QUEUE_STATS] t_ms=4464 q_pkts=285 q_bytes=428640 qdelay_l_ms=0 qdelay_c_ms=41.1624 ecn_mark=249 drop=0
[QUEUE_STATS] t_ms=4480 q_pkts=645 q_bytes=970080 qdelay_l_ms=1.00286 qdelay_c_ms=41.6352 ecn_mark=249 drop=0
[QUEUE_STATS] t_ms=4496 q_pkts=632 q_bytes=950528 qdelay_l_ms=0.823444 qdelay_c_ms=31.3318 ecn_mark=249 drop=0
[QUEUE_STATS] t_ms=4512 q_pkts=539 q_bytes=810656 qdelay_l_ms=1.03154 qdelay_c_ms=40.7951 ecn_mark=249 drop=0
[QUEUE_STATS] t_ms=4528 q_pkts=297 q_bytes=445236 qdelay_l_ms=0.023064 qdelay_c_ms=41.0676 ecn_mark=249 drop=0
[QUEUE_STATS] t_ms=4544 q_pkts=645 q_bytes=968288 qdelay_l_ms=0.840075 qdelay_c_ms=42.5963 ecn_mark=249 drop=0
[QUEUE_STATS] t_ms=4560 q_pkts=639 q_bytes=960716 qdelay_l_ms=0.581261 qdelay_c_ms=30.4935 ecn_mark=249 drop=0
[QUEUE_STATS] t_ms=4576 q_pkts=563 q_bytes=846752 qdelay_l_ms=0.869831 qdelay_c_ms=42.7609 ecn_mark=249 drop=0
[QUEUE_STATS] t_ms=4592 q_pkts=312 q_bytes=469248 qdelay_l_ms=0 qdelay_c_ms=40.2512 ecn_mark=249 drop=0
[QUEUE_STATS] t_ms=4608 q_pkts=644 q_bytes=968576 qdelay_l_ms=1.17559 qdelay_c_ms=42.8545 ecn_mark=249 drop=0
[QUEUE_STATS] t_ms=4624 q_pkts=642 q_bytes=965568 qdelay_l_ms=1.13658 qdelay_c_ms=29.3265 ecn_mark=249 drop=0
[QUEUE_STATS] t_ms=4640 q_pkts=595 q_bytes=894880 qdelay_l_ms=1.0839 qdelay_c_ms=43.2219 ecn_mark=249 drop=0
[QUEUE_STATS] t_ms=4656 q_pkts=336 q_bytes=505344 qdelay_l_ms=1.10304 qdelay_c_ms=42.0388 ecn_mark=249 drop=0
[QUEUE_STATS] t_ms=4672 q_pkts=637 q_bytes=956688 qdelay_l_ms=1.06238 qdelay_c_ms=43.0243 ecn_mark=249 drop=0
[QUEUE_STATS] t_ms=4688 q_pkts=641 q_bytes=962704 qdelay_l_ms=0 qdelay_c_ms=28.607 ecn_mark=249 drop=0
[QUEUE_STATS] t_ms=4704 q_pkts=586 q_bytes=881344 qdelay_l_ms=0.865433 qdelay_c_ms=41.4431 ecn_mark=249 drop=0
[QUEUE_STATS] t_ms=4720 q_pkts=344 q_bytes=517376 qdelay_l_ms=0.68759 qdelay_c_ms=42.03 ecn_mark=249 drop=0
[QUEUE_STATS] t_ms=4736 q_pkts=641 q_bytes=963724 qdelay_l_ms=1.14404 qdelay_c_ms=42.2977 ecn_mark=249 drop=0
[QUEUE_STATS] t_ms=4752 q_pkts=634 q_bytes=953196 qdelay_l_ms=1.06214 qdelay_c_ms=27.8712 ecn_mark=249 drop=0
[QUEUE_STATS] t_ms=4768 q_pkts=611 q_bytes=918944 qdelay_l_ms=0.826591 qdelay_c_ms=42.1292 ecn_mark=249 drop=0
[QUEUE_STATS] t_ms=4784 q_pkts=370 q_bytes=553560 qdelay_l_ms=1.09527 qdelay_c_ms=42.8768 ecn_mark=249 drop=0
[QUEUE_STATS] t_ms=4800 q_pkts=621 q_bytes=931064 qdelay_l_ms=0 qdelay_c_ms=41.2607 ecn_mark=249 drop=0
[QUEUE_STATS] t_ms=4816 q_pkts=639 q_bytes=961056 qdelay_l_ms=1.06096 qdelay_c_ms=27.3278 ecn_mark=249 drop=0
[QUEUE_STATS] t_ms=4832 q_pkts=621 q_bytes=933984 qdelay_l_ms=1.11249 qdelay_c_ms=41.7906 ecn_mark=249 drop=0
[QUEUE_STATS] t_ms=4848 q_pkts=378 q_bytes=568512 qdelay_l_ms=1.09672 qdelay_c_ms=42.0403 ecn_mark=249 drop=0
[QUEUE_STATS] t_ms=4864 q_pkts=634 q_bytes=952176 qdelay_l_ms=0 qdelay_c_ms=41.1352 ecn_mark=249 drop=0
[QUEUE_STATS] t_ms=4880 q_pkts=649 q_bytes=974736 qdelay_l_ms=1.06913 qdelay_c_ms=25.8402 ecn_mark=249 drop=0
[QUEUE_STATS] t_ms=4896 q_pkts=641 q_bytes=962704 qdelay_l_ms=0.873819 qdelay_c_ms=40.3772 ecn_mark=249 drop=0
[QUEUE_STATS] t_ms=4912 q_pkts=395 q_bytes=594080 qdelay_l_ms=0 qdelay_c_ms=41.4805 ecn_mark=249 drop=0
[QUEUE_STATS] t_ms=4928 q_pkts=650 q_bytes=977260 qdelay_l_ms=0 qdelay_c_ms=41.3743 ecn_mark=249 drop=0
[QUEUE_STATS] t_ms=4944 q_pkts=634 q_bytes=953196 qdelay_l_ms=0 qdelay_c_ms=25.0869 ecn_mark=249 drop=0
[QUEUE_STATS] t_ms=4960 q_pkts=636 q_bytes=956204 qdelay_l_ms=1.01769 qdelay_c_ms=39.9424 ecn_mark=249 drop=0
[QUEUE_STATS] t_ms=4976 q_pkts=416 q_bytes=625664 qdelay_l_ms=0.8156 qdelay_c_ms=42.7807 ecn_mark=249 drop=0
[QUEUE_STATS] t_ms=4992 q_pkts=645 q_bytes=970080 qdelay_l_ms=1.22032 qdelay_c_ms=42.2864 ecn_mark=249 drop=0
[QUEUE_STATS] t_ms=5008 q_pkts=643 q_bytes=967072 qdelay_l_ms=0.81035 qdelay_c_ms=24.4715 ecn_mark=249 drop=0
[QUEUE_STATS] t_ms=5024 q_pkts=645 q_bytes=970080 qdelay_l_ms=1.14848 qdelay_c_ms=38.4883 ecn_mark=249 drop=0
[QUEUE_STATS] t_ms=5040 q_pkts=427 q_bytes=642208 qdelay_l_ms=0.786656 qdelay_c_ms=41.9109 ecn_mark=249 drop=0
[QUEUE_STATS] t_ms=5056 q_pkts=644 q_bytes=967216 qdelay_l_ms=1.09553 qdelay_c_ms=42.2948 ecn_mark=249 drop=0
[QUEUE_STATS] t_ms=5072 q_pkts=652 q_bytes=979248 qdelay_l_ms=1.14381 qdelay_c_ms=23.4516 ecn_mark=249 drop=0
[QUEUE_STATS] t_ms=5088 q_pkts=645 q_bytes=968720 qdelay_l_ms=0.755036 qdelay_c_ms=38.0097 ecn_mark=249 drop=0
[QUEUE_STATS] t_ms=5104 q_pkts=461 q_bytes=693344 qdelay_l_ms=1.07491 qdelay_c_ms=43.0609 ecn_mark=249 drop=0
[QUEUE_STATS] t_ms=5120 q_pkts=653 q_bytes=981772 qdelay_l_ms=1.22897 qdelay_c_ms=41.9089 ecn_mark=249 drop=0
[QUEUE_STATS] t_ms=5136 q_pkts=647 q_bytes=972748 qdelay_l_ms=0.718769 qdelay_c_ms=22.5621 ecn_mark=249 drop=0
[QUEUE_STATS] t_ms=5152 q_pkts=640 q_bytes=962220 qdelay_l_ms=0 qdelay_c_ms=36.1333 ecn_mark=249 drop=0
[QUEUE_STATS] t_ms=5168 q_pkts=465 q_bytes=699360 qdelay_l_ms=1.06879 qdelay_c_ms=43.2973 ecn_mark=249 drop=0
[QUEUE_STATS] t_ms=5184 q_pkts=649 q_bytes=976096 qdelay_l_ms=1.06132 qdelay_c_ms=43.0167 ecn_mark=249 drop=0
[QUEUE_STATS] t_ms=5200 q_pkts=650 q_bytes=977600 qdelay_l_ms=1.05491 qdelay_c_ms=21.7485 ecn_mark=249 drop=0
[QUEUE_STATS] t_ms=5216 q_pkts=645 q_bytes=970080 qdelay_l_ms=1.08183 qdelay_c_ms=36.1973 ecn_mark=249 drop=0
[QUEUE_STATS] t_ms=5232 q_pkts=475 q_bytes=714400 qdelay_l_ms=1.06906 qdelay_c_ms=42.8416 ecn_mark=249 drop=0
[QUEUE_STATS] t_ms=5248 q_pkts=640 q_bytes=961200 qdelay_l_ms=1.06652 qdelay_c_ms=43.1035 ecn_mark=249 drop=0
[QUEUE_STATS] t_ms=5264 q_pkts=640 q_bytes=961200 qdelay_l_ms=0 qdelay_c_ms=20.2456 ecn_mark=249 drop=0
[QUEUE_STATS] t_ms=5280 q_pkts=650 q_bytes=976240 qdelay_l_ms=0.987873 qdelay_c_ms=35.0233 ecn_mark=249 drop=0
[QUEUE_STATS] t_ms=5296 q_pkts=497 q_bytes=747488 qdelay_l_ms=1.09845 qdelay_c_ms=41.6906 ecn_mark=249 drop=0
[QUEUE_STATS] t_ms=5312 q_pkts=656 q_bytes=986284 qdelay_l_ms=1.39536 qdelay_c_ms=43.1464 ecn_mark=249 drop=0
[QUEUE_STATS] t_ms=5328 q_pkts=637 q_bytes=957708 qdelay_l_ms=0.995748 qdelay_c_ms=41.9782 ecn_mark=249 drop=0
[QUEUE_STATS] t_ms=5344 q_pkts=643 q_bytes=966732 qdelay_l_ms=1.19578 qdelay_c_ms=34.2194 ecn_mark=249 drop=0
[QUEUE_STATS] t_ms=5360 q_pkts=528 q_bytes=794112 qdelay_l_ms=1.07609 qdelay_c_ms=43.1943 ecn_mark=249 drop=0
[QUEUE_STATS] t_ms=5376 q_pkts=415 q_bytes=624160 qdelay_l_ms=1.28645 qdelay_c_ms=43.1634 ecn_mark=249 drop=0
[QUEUE_STATS] t_ms=5392 q_pkts=654 q_bytes=983616 qdelay_l_ms=1.01123 qdelay_c_ms=42.7468 ecn_mark=249 drop=0
[QUEUE_STATS] t_ms=5408 q_pkts=652 q_bytes=980608 qdelay_l_ms=1.08423 qdelay_c_ms=32.4038 ecn_mark=249 drop=0
[QUEUE_STATS] t_ms=5424 q_pkts=541 q_bytes=813664 qdelay_l_ms=1.10128 qdelay_c_ms=41.7983 ecn_mark=249 drop=0
[QUEUE_STATS] t_ms=5440 q_pkts=385 q_bytes=579040 qdelay_l_ms=0 qdelay_c_ms=42.1815 ecn_mark=249 drop=0
[QUEUE_STATS] t_ms=5456 q_pkts=644 q_bytes=967216 qdelay_l_ms=0.673454 qdelay_c_ms=42.8547 ecn_mark=249 drop=0
[QUEUE_STATS] t_ms=5472 q_pkts=647 q_bytes=971728 qdelay_l_ms=0.798818 qdelay_c_ms=31.5234 ecn_mark=249 drop=0
[QUEUE_STATS] t_ms=5488 q_pkts=560 q_bytes=842240 qdelay_l_ms=0.755147 qdelay_c_ms=42.7059 ecn_mark=249 drop=0
[QUEUE_STATS] t_ms=5504 q_pkts=318 q_bytes=478272 qdelay_l_ms=1.06694 qdelay_c_ms=44.2716 ecn_mark=249 drop=0
[QUEUE_STATS] t_ms=5520 q_pkts=649 q_bytes=975756 qdelay_l_ms=1.19793 qdelay_c_ms=43.0585 ecn_mark=249 drop=0
[QUEUE_STATS] t_ms=5536 q_pkts=650 q_bytes=977260 qdelay_l_ms=0.795843 qdelay_c_ms=29.3659 ecn_mark=249 drop=0
[QUEUE_STATS] t_ms=5552 q_pkts=588 q_bytes=884352 qdelay_l_ms=0.724308 qdelay_c_ms=43.4801 ecn_mark=249 drop=0
[QUEUE_STATS] t_ms=5568 q_pkts=347 q_bytes=521888 qdelay_l_ms=1.05828 qdelay_c_ms=42.9986 ecn_mark=249 drop=0
[QUEUE_STATS] t_ms=5584 q_pkts=654 q_bytes=983616 qdelay_l_ms=1.07487 qdelay_c_ms=43.3957 ecn_mark=249 drop=0
[QUEUE_STATS] t_ms=5600 q_pkts=648 q_bytes=974592 qdelay_l_ms=1.06339 qdelay_c_ms=28.4123 ecn_mark=249 drop=0
[QUEUE_STATS] t_ms=5616 q_pkts=603 q_bytes=906912 qdelay_l_ms=1.10429 qdelay_c_ms=42.6149 ecn_mark=249 drop=0
[QUEUE_STATS] t_ms=5632 q_pkts=361 q_bytes=542944 qdelay_l_ms=0.986932 qdelay_c_ms=43.1661 ecn_mark=249 drop=0
[QUEUE_STATS] t_ms=5648 q_pkts=637 q_bytes=956688 qdelay_l_ms=0 qdelay_c_ms=42.4093 ecn_mark=249 drop=0
[QUEUE_STATS] t_ms=5664 q_pkts=646 q_bytes=970224 qdelay_l_ms=1.11153 qdelay_c_ms=27.7932 ecn_mark=249 drop=0
[QUEUE_STATS] t_ms=5680 q_pkts=624 q_bytes=938496 qdelay_l_ms=1.1057 qdelay_c_ms=42.3154 ecn_mark=249 drop=0
[QUEUE_STATS] t_ms=5696 q_pkts=382 q_bytes=574528 qdelay_l_ms=0.64454 qdelay_c_ms=42.9739 ecn_mark=249 drop=0
[QUEUE_STATS] t_ms=5712 q_pkts=647 q_bytes=972748 qdelay_l_ms=1.11858 qdelay_c_ms=43.5784 ecn_mark=249 drop=0
[QUEUE_STATS] t_ms=5728 q_pkts=646 q_bytes=971244 qdelay_l_ms=1.0905 qdelay_c_ms=25.9655 ecn_mark=249 drop=0
[QUEUE_STATS] t_ms=5744 q_pkts=646 q_bytes=971244 qdelay_l_ms=0.599715 qdelay_c_ms=40.1134 ecn_mark=249 drop=0
[QUEUE_STATS] t_ms=5760 q_pkts=410 q_bytes=616640 qdelay_l_ms=1.10224 qdelay_c_ms=44.0436 ecn_mark=249 drop=0
[QUEUE_STATS] t_ms=5776 q_pkts=644 q_bytes=968576 qdelay_l_ms=1.07865 qdelay_c_ms=44.2137 ecn_mark=249 drop=0
[QUEUE_STATS] t_ms=5792 q_pkts=656 q_bytes=986624 qdelay_l_ms=1.01072 qdelay_c_ms=24.5591 ecn_mark=249 drop=0
[QUEUE_STATS] t_ms=5808 q_pkts=636 q_bytes=956544 qdelay_l_ms=1.09966 qdelay_c_ms=38.6458 ecn_mark=249 drop=0
[QUEUE_STATS] t_ms=5824 q_pkts=453 q_bytes=681312 qdelay_l_ms=1.04153 qdelay_c_ms=44.1635 ecn_mark=249 drop=0
[QUEUE_STATS] t_ms=5840 q_pkts=645 q_bytes=968720 qdelay_l_ms=1.06704 qdelay_c_ms=43.0852 ecn_mark=249 drop=0
[QUEUE_STATS] t_ms=5856 q_pkts=644 q_bytes=967216 qdelay_l_ms=1.05583 qdelay_c_ms=23.0626 ecn_mark=249 drop=0
[QUEUE_STATS] t_ms=5872 q_pkts=657 q_bytes=986768 qdelay_l_ms=1.09403 qdelay_c_ms=37.3873 ecn_mark=249 drop=0
[QUEUE_STATS] t_ms=5888 q_pkts=477 q_bytes=717408 qdelay_l_ms=1.1159 qdelay_c_ms=43.2581 ecn_mark=249 drop=0
[QUEUE_STATS] t_ms=5904 q_pkts=653 q_bytes=981772 qdelay_l_ms=1.20787 qdelay_c_ms=44.0312 ecn_mark=249 drop=0
[QUEUE_STATS] t_ms=5920 q_pkts=659 q_bytes=990796 qdelay_l_ms=1.04258 qdelay_c_ms=21.9783 ecn_mark=249 drop=0
[QUEUE_STATS] t_ms=5936 q_pkts=648 q_bytes=974252 qdelay_l_ms=0 qdelay_c_ms=36.0078 ecn_mark=249 drop=0
[QUEUE_STATS] t_ms=5952 q_pkts=486 q_bytes=730944 qdelay_l_ms=1.0665 qdelay_c_ms=43.0089 ecn_mark=249 drop=0
[QUEUE_STATS] t_ms=5968 q_pkts=650 q_bytes=977600 qdelay_l_ms=1.06717 qdelay_c_ms=44.145 ecn_mark=249 drop=0
[QUEUE_STATS] t_ms=5984 q_pkts=647 q_bytes=973088 qdelay_l_ms=0.968346 qdelay_c_ms=43.9862 ecn_mark=249 drop=0
[QUEUE_STATS] t_ms=6000 q_pkts=647 q_bytes=973088 qdelay_l_ms=1.00011 qdelay_c_ms=34.4034 ecn_mark=249 drop=0
[QUEUE_STATS] t_ms=6016 q_pkts=520 q_bytes=782080 qdelay_l_ms=1.06162 qdelay_c_ms=43.5018 ecn_mark=249 drop=0
[QUEUE_STATS] t_ms=6032 q_pkts=403 q_bytes=606112 qdelay_l_ms=0 qdelay_c_ms=42.6659 ecn_mark=249 drop=0
[QUEUE_STATS] t_ms=6048 q_pkts=649 q_bytes=974736 qdelay_l_ms=0.910878 qdelay_c_ms=42.6191 ecn_mark=249 drop=0
[QUEUE_STATS] t_ms=6064 q_pkts=631 q_bytes=947664 qdelay_l_ms=0 qdelay_c_ms=31.5665 ecn_mark=249 drop=0
[QUEUE_STATS] t_ms=6080 q_pkts=567 q_bytes=852768 qdelay_l_ms=1.06879 qdelay_c_ms=43.18 ecn_mark=249 drop=0
[QUEUE_STATS] t_ms=6096 q_pkts=326 q_bytes=490304 qdelay_l_ms=1.10184 qdelay_c_ms=43.8779 ecn_mark=249 drop=0
[QUEUE_STATS] t_ms=6112 q_pkts=661 q_bytes=993804 qdelay_l_ms=1.21256 qdelay_c_ms=43.3238 ecn_mark=249 drop=0
[QUEUE_STATS] t_ms=6128 q_pkts=657 q_bytes=987788 qdelay_l_ms=0 qdelay_c_ms=29.8148 ecn_mark=249 drop=0
[QUEUE_STATS] t_ms=6144 q_pkts=594 q_bytes=893376 qdelay_l_ms=0.793759 qdelay_c_ms=43.8597 ecn_mark=249 drop=0
[QUEUE_STATS] t_ms=6160 q_pkts=354 q_bytes=532416 qdelay_l_ms=1.06645 qdelay_c_ms=44.1006 ecn_mark=249 drop=0
[QUEUE_STATS] t_ms=6176 q_pkts=662 q_bytes=995648 qdelay_l_ms=1.21362 qdelay_c_ms=43.8427 ecn_mark=249 drop=0
[QUEUE_STATS] t_ms=6192 q_pkts=646 q_bytes=971584 qdelay_l_ms=1.09289 qdelay_c_ms=27.9 ecn_mark=249 drop=0
[QUEUE_STATS] t_ms=6208 q_pkts=628 q_bytes=944512 qdelay_l_ms=1.09654 qdelay_c_ms=42.3313 ecn_mark=249 drop=0
[QUEUE_STATS] t_ms=6224 q_pkts=388 q_bytes=583552 qdelay_l_ms=0.900059 qdelay_c_ms=44.2169 ecn_mark=249 drop=0
[QUEUE_STATS] t_ms=6240 q_pkts=663 q_bytes=997152 qdelay_l_ms=1.20341 qdelay_c_ms=43.238 ecn_mark=249 drop=0
[QUEUE_STATS] t_ms=6256 q_pkts=652 q_bytes=979172 qdelay_l_ms=0.992672 qdelay_c_ms=26.6887 ecn_mark=249 drop=0
[QUEUE_STATS] t_ms=6272 q_pkts=652 q_bytes=979172 qdelay_l_ms=0.134522 qdelay_c_ms=39.7479 ecn_mark=249 drop=0
[QUEUE_STATS] t_ms=6288 q_pkts=420 q_bytes=630244 qdelay_l_ms=1.06727 qdelay_c_ms=43.8685 ecn_mark=249 drop=0
[QUEUE_STATS] t_ms=6305 q_pkts=653 q_bytes=981848 qdelay_l_ms=1.14974 qdelay_c_ms=43.1748 ecn_mark=249 drop=0
[QUEUE_STATS] t_ms=6320 q_pkts=663 q_bytes=996888 qdelay_l_ms=1.16226 qdelay_c_ms=24.3259 ecn_mark=249 drop=0
[QUEUE_STATS] t_ms=6336 q_pkts=651 q_bytes=978840 qdelay_l_ms=1.09329 qdelay_c_ms=38.7771 ecn_mark=249 drop=0
[QUEUE_STATS] t_ms=6352 q_pkts=450 q_bytes=676800 qdelay_l_ms=1.09519 qdelay_c_ms=43.9394 ecn_mark=249 drop=0
[QUEUE_STATS] t_ms=6368 q_pkts=667 q_bytes=1003168 qdelay_l_ms=1.06852 qdelay_c_ms=44.0886 ecn_mark=249 drop=0
[QUEUE_STATS] t_ms=6384 q_pkts=656 q_bytes=986624 qdelay_l_ms=0.661832 qdelay_c_ms=22.7111 ecn_mark=249 drop=0
[QUEUE_STATS] t_ms=6400 q_pkts=654 q_bytes=983616 qdelay_l_ms=1.03179 qdelay_c_ms=37.1119 ecn_mark=249 drop=0
[QUEUE_STATS] t_ms=6416 q_pkts=481 q_bytes=723424 qdelay_l_ms=0.918032 qdelay_c_ms=44.2224 ecn_mark=249 drop=0
[QUEUE_STATS] t_ms=6433 q_pkts=657 q_bytes=988128 qdelay_l_ms=1.13576 qdelay_c_ms=44.0563 ecn_mark=249 drop=0
[QUEUE_STATS] t_ms=6448 q_pkts=660 q_bytes=991204 qdelay_l_ms=1.16937 qdelay_c_ms=21.0347 ecn_mark=249 drop=0
[QUEUE_STATS] t_ms=6464 q_pkts=666 q_bytes=1000228 qdelay_l_ms=1.04218 qdelay_c_ms=35.1646 ecn_mark=249 drop=0
[QUEUE_STATS] t_ms=6480 q_pkts=469 q_bytes=703940 qdelay_l_ms=1.06661 qdelay_c_ms=43.9594 ecn_mark=249 drop=0
[QUEUE_STATS] t_ms=6496 q_pkts=658 q_bytes=989368 qdelay_l_ms=0.885461 qdelay_c_ms=44.4899 ecn_mark=249 drop=0
[QUEUE_STATS] t_ms=6512 q_pkts=665 q_bytes=999896 qdelay_l_ms=0.585548 qdelay_c_ms=21.3013 ecn_mark=249 drop=0
[QUEUE_STATS] t_ms=6528 q_pkts=654 q_bytes=983352 qdelay_l_ms=1.06254 qdelay_c_ms=36.227 ecn_mark=249 drop=0
[QUEUE_STATS] t_ms=6544 q_pkts=498 q_bytes=748992 qdelay_l_ms=1.06141 qdelay_c_ms=44.5434 ecn_mark=249 drop=0
[QUEUE_STATS] t_ms=6560 q_pkts=668 q_bytes=1004672 qdelay_l_ms=1.03315 qdelay_c_ms=43.8863 ecn_mark=249 drop=0
[QUEUE_STATS] t_ms=6576 q_pkts=661 q_bytes=994144 qdelay_l_ms=1.10001 qdelay_c_ms=43.8317 ecn_mark=249 drop=0
[QUEUE_STATS] t_ms=6592 q_pkts=659 q_bytes=991136 qdelay_l_ms=1.04121 qdelay_c_ms=33.8045 ecn_mark=250 drop=0
[QUEUE_STATS] t_ms=6608 q_pkts=531 q_bytes=798624 qdelay_l_ms=1.10335 qdelay_c_ms=43.8042 ecn_mark=250 drop=0
[QUEUE_STATS] t_ms=6624 q_pkts=448 q_bytes=673792 qdelay_l_ms=0 qdelay_c_ms=42.6853 ecn_mark=250 drop=0
[QUEUE_STATS] t_ms=6640 q_pkts=658 q_bytes=988764 qdelay_l_ms=0.866746 qdelay_c_ms=44.5465 ecn_mark=250 drop=0
[QUEUE_STATS] t_ms=6656 q_pkts=664 q_bytes=997788 qdelay_l_ms=0.960382 qdelay_c_ms=32.5712 ecn_mark=250 drop=0
[QUEUE_STATS] t_ms=6672 q_pkts=556 q_bytes=836224 qdelay_l_ms=0.770445 qdelay_c_ms=43.9431 ecn_mark=250 drop=0
[QUEUE_STATS] t_ms=6688 q_pkts=317 q_bytes=476768 qdelay_l_ms=1.11361 qdelay_c_ms=43.9751 ecn_mark=250 drop=0
[QUEUE_STATS] t_ms=6704 q_pkts=649 q_bytes=975264 qdelay_l_ms=0 qdelay_c_ms=43.3833 ecn_mark=250 drop=0
[QUEUE_STATS] t_ms=6720 q_pkts=648 q_bytes=973760 qdelay_l_ms=1.09966 qdelay_c_ms=30.6662 ecn_mark=250 drop=0
[QUEUE_STATS] t_ms=6736 q_pkts=586 q_bytes=881344 qdelay_l_ms=0.713729 qdelay_c_ms=42.8416 ecn_mark=250 drop=0
[QUEUE_STATS] t_ms=6753 q_pkts=345 q_bytes=518880 qdelay_l_ms=1.10195 qdelay_c_ms=44.2352 ecn_mark=250 drop=0
[QUEUE_STATS] t_ms=6768 q_pkts=658 q_bytes=989632 qdelay_l_ms=0.013556 qdelay_c_ms=42.865 ecn_mark=250 drop=0
[QUEUE_STATS] t_ms=6784 q_pkts=644 q_bytes=968576 qdelay_l_ms=0.055655 qdelay_c_ms=27.9776 ecn_mark=250 drop=0
[QUEUE_STATS] t_ms=6800 q_pkts=619 q_bytes=930976 qdelay_l_ms=1.09452 qdelay_c_ms=43.4038 ecn_mark=250 drop=0
[QUEUE_STATS] t_ms=6816 q_pkts=376 q_bytes=565504 qdelay_l_ms=0.600667 qdelay_c_ms=43.957 ecn_mark=250 drop=0
[QUEUE_STATS] t_ms=6832 q_pkts=639 q_bytes=960188 qdelay_l_ms=0 qdelay_c_ms=43.111 ecn_mark=250 drop=0
[QUEUE_STATS] t_ms=6848 q_pkts=651 q_bytes=978236 qdelay_l_ms=0 qdelay_c_ms=26.0465 ecn_mark=250 drop=0
[QUEUE_STATS] t_ms=6864 q_pkts=649 q_bytes=975228 qdelay_l_ms=1.15467 qdelay_c_ms=41.2548 ecn_mark=250 drop=0
[QUEUE_STATS] t_ms=6880 q_pkts=407 q_bytes=612128 qdelay_l_ms=0 qdelay_c_ms=44.3726 ecn_mark=250 drop=0
[QUEUE_STATS] t_ms=6896 q_pkts=663 q_bytes=996320 qdelay_l_ms=1.19508 qdelay_c_ms=43.8965 ecn_mark=250 drop=0
[QUEUE_STATS] t_ms=6912 q_pkts=663 q_bytes=996320 qdelay_l_ms=0.994606 qdelay_c_ms=23.9122 ecn_mark=250 drop=0
[QUEUE_STATS] t_ms=6928 q_pkts=646 q_bytes=970752 qdelay_l_ms=1.08969 qdelay_c_ms=38.529 ecn_mark=250 drop=0
[QUEUE_STATS] t_ms=6944 q_pkts=406 q_bytes=610624 qdelay_l_ms=1.11544 qdelay_c_ms=44.0465 ecn_mark=250 drop=0
[QUEUE_STATS] t_ms=6961 q_pkts=667 q_bytes=1003168 qdelay_l_ms=1.20053 qdelay_c_ms=44.0597 ecn_mark=250 drop=0
[QUEUE_STATS] t_ms=6976 q_pkts=659 q_bytes=991136 qdelay_l_ms=1.02535 qdelay_c_ms=25.5032 ecn_mark=250 drop=0
[QUEUE_STATS] t_ms=6992 q_pkts=660 q_bytes=992640 qdelay_l_ms=0 qdelay_c_ms=39.9553 ecn_mark=250 drop=0
[QUEUE_STATS] t_ms=7008 q_pkts=439 q_bytes=660256 qdelay_l_ms=1.0615 qdelay_c_ms=44.1135 ecn_mark=251 drop=0
[QUEUE_STATS] t_ms=7024 q_pkts=654 q_bytes=982748 qdelay_l_ms=1.06103 qdelay_c_ms=44.1246 ecn_mark=251 drop=0
[QUEUE_STATS] t_ms=7040 q_pkts=656 q_bytes=985756 qdelay_l_ms=1.06117 qdelay_c_ms=23.7979 ecn_mark=251 drop=0
[QUEUE_STATS] t_ms=7056 q_pkts=664 q_bytes=997788 qdelay_l_ms=0.741401 qdelay_c_ms=37.6359 ecn_mark=251 drop=0
[QUEUE_STATS] t_ms=7072 q_pkts=470 q_bytes=706880 qdelay_l_ms=1.10137 qdelay_c_ms=43.8209 ecn_mark=251 drop=0
[QUEUE_STATS] t_ms=7088 q_pkts=660 q_bytes=991808 qdelay_l_ms=1.17453 qdelay_c_ms=44.7287 ecn_mark=251 drop=0
[QUEUE_STATS] t_ms=7104 q_pkts=664 q_bytes=997824 qdelay_l_ms=1.18813 qdelay_c_ms=21.5665 ecn_mark=251 drop=0
[QUEUE_STATS] t_ms=7120 q_pkts=649 q_bytes=975264 qdelay_l_ms=1.09005 qdelay_c_ms=36.2227 ecn_mark=251 drop=0
[QUEUE_STATS] t_ms=7136 q_pkts=452 q_bytes=679808 qdelay_l_ms=1.06155 qdelay_c_ms=44.8397 ecn_mark=251 drop=0
[QUEUE_STATS] t_ms=7152 q_pkts=664 q_bytes=998656 qdelay_l_ms=0 qdelay_c_ms=42.6298 ecn_mark=251 drop=0
[QUEUE_STATS] t_ms=7168 q_pkts=654 q_bytes=983616 qdelay_l_ms=1.08245 qdelay_c_ms=23.122 ecn_mark=251 drop=0
[QUEUE_STATS] t_ms=7184 q_pkts=658 q_bytes=989632 qdelay_l_ms=1.04754 qdelay_c_ms=35.8725 ecn_mark=251 drop=0
[QUEUE_STATS] t_ms=7201 q_pkts=485 q_bytes=729440 qdelay_l_ms=1.06683 qdelay_c_ms=44.399 ecn_mark=251 drop=0
[QUEUE_STATS] t_ms=7216 q_pkts=660 q_bytes=991772 qdelay_l_ms=1.06141 qdelay_c_ms=43.7281 ecn_mark=252 drop=0
[QUEUE_STATS] t_ms=7232 q_pkts=658 q_bytes=988764 qdelay_l_ms=1.16487 qdelay_c_ms=43.7822 ecn_mark=252 drop=0
[QUEUE_STATS] t_ms=7248 q_pkts=666 q_bytes=1000796 qdelay_l_ms=0 qdelay_c_ms=35.3493 ecn_mark=252 drop=0
[QUEUE_STATS] t_ms=7265 q_pkts=515 q_bytes=774560 qdelay_l_ms=1.0677 qdelay_c_ms=44.0558 ecn_mark=252 drop=0
[QUEUE_STATS] t_ms=7280 q_pkts=550 q_bytes=827200 qdelay_l_ms=0 qdelay_c_ms=44.1518 ecn_mark=252 drop=0
[QUEUE_STATS] t_ms=7296 q_pkts=656 q_bytes=985792 qdelay_l_ms=1.15913 qdelay_c_ms=43.5995 ecn_mark=252 drop=0
[QUEUE_STATS] t_ms=7312 q_pkts=663 q_bytes=996320 qdelay_l_ms=1.01883 qdelay_c_ms=33.1583 ecn_mark=252 drop=0
[QUEUE_STATS] t_ms=7328 q_pkts=544 q_bytes=818176 qdelay_l_ms=1.06728 qdelay_c_ms=44.9367 ecn_mark=252 drop=0
[QUEUE_STATS] t_ms=7344 q_pkts=375 q_bytes=564000 qdelay_l_ms=0.273984 qdelay_c_ms=43.0892 ecn_mark=252 drop=0
[QUEUE_STATS] t_ms=7360 q_pkts=658 q_bytes=988464 qdelay_l_ms=0.803086 qdelay_c_ms=43.5477 ecn_mark=252 drop=0
[QUEUE_STATS] t_ms=7376 q_pkts=645 q_bytes=968912 qdelay_l_ms=0 qdelay_c_ms=30.7826 ecn_mark=252 drop=0
[QUEUE_STATS] t_ms=7392 q_pkts=586 q_bytes=881344 qdelay_l_ms=1.06758 qdelay_c_ms=44.4734 ecn_mark=252 drop=0
[QUEUE_STATS] t_ms=7408 q_pkts=332 q_bytes=499328 qdelay_l_ms=1.10183 qdelay_c_ms=44.8068 ecn_mark=252 drop=0
[QUEUE_STATS] t_ms=7424 q_pkts=658 q_bytes=988496 qdelay_l_ms=1.04165 qdelay_c_ms=43.8818 ecn_mark=252 drop=0
[QUEUE_STATS] t_ms=7440 q_pkts=665 q_bytes=999024 qdelay_l_ms=0.972634 qdelay_c_ms=30.0009 ecn_mark=252 drop=0
[QUEUE_STATS] t_ms=7456 q_pkts=602 q_bytes=905408 qdelay_l_ms=1.09946 qdelay_c_ms=43.7758 ecn_mark=252 drop=0
[QUEUE_STATS] t_ms=7472 q_pkts=377 q_bytes=567008 qdelay_l_ms=1.07923 qdelay_c_ms=44.5124 ecn_mark=252 drop=0
[QUEUE_STATS] t_ms=7488 q_pkts=656 q_bytes=985792 qdelay_l_ms=1.06116 qdelay_c_ms=43.8914 ecn_mark=252 drop=0
[QUEUE_STATS] t_ms=7504 q_pkts=650 q_bytes=976768 qdelay_l_ms=0 qdelay_c_ms=27.3762 ecn_mark=252 drop=0
[QUEUE_STATS] t_ms=7520 q_pkts=640 q_bytes=961728 qdelay_l_ms=0.672973 qdelay_c_ms=42.5166 ecn_mark=252 drop=0
[QUEUE_STATS] t_ms=7536 q_pkts=398 q_bytes=598592 qdelay_l_ms=0.907291 qdelay_c_ms=44.1667 ecn_mark=252 drop=0
[QUEUE_STATS] t_ms=7552 q_pkts=640 q_bytes=961392 qdelay_l_ms=0 qdelay_c_ms=43.1722 ecn_mark=252 drop=0
[QUEUE_STATS] t_ms=7568 q_pkts=652 q_bytes=979440 qdelay_l_ms=1.10458 qdelay_c_ms=26.0157 ecn_mark=252 drop=0
[QUEUE_STATS] t_ms=7584 q_pkts=657 q_bytes=986960 qdelay_l_ms=0.99723 qdelay_c_ms=40.387 ecn_mark=252 drop=0
[QUEUE_STATS] t_ms=7600 q_pkts=442 q_bytes=664768 qdelay_l_ms=1.11171 qdelay_c_ms=43.9834 ecn_mark=252 drop=0
[QUEUE_STATS] t_ms=7616 q_pkts=656 q_bytes=985488 qdelay_l_ms=0.592011 qdelay_c_ms=43.9298 ecn_mark=252 drop=0
[QUEUE_STATS] t_ms=7632 q_pkts=663 q_bytes=996016 qdelay_l_ms=1.13723 qdelay_c_ms=22.7711 ecn_mark=252 drop=0
[QUEUE_STATS] t_ms=7648 q_pkts=668 q_bytes=1003536 qdelay_l_ms=1.16535 qdelay_c_ms=37.9146 ecn_mark=252 drop=0
[QUEUE_STATS] t_ms=7664 q_pkts=486 q_bytes=730944 qdelay_l_ms=0.913774 qdelay_c_ms=43.954 ecn_mark=252 drop=0
[QUEUE_STATS] t_ms=7680 q_pkts=661 q_bytes=993312 qdelay_l_ms=1.06157 qdelay_c_ms=44.9841 ecn_mark=252 drop=0
[QUEUE_STATS] t_ms=7696 q_pkts=664 q_bytes=997824 qdelay_l_ms=0.044544 qdelay_c_ms=21.4011 ecn_mark=252 drop=0
[QUEUE_STATS] t_ms=7712 q_pkts=656 q_bytes=985792 qdelay_l_ms=0 qdelay_c_ms=35.7622 ecn_mark=252 drop=0
[QUEUE_STATS] t_ms=7728 q_pkts=505 q_bytes=759520 qdelay_l_ms=1.07357 qdelay_c_ms=45.0024 ecn_mark=252 drop=0
[QUEUE_STATS] t_ms=7744 q_pkts=662 q_bytes=994480 qdelay_l_ms=1.04132 qdelay_c_ms=44.0684 ecn_mark=252 drop=0
[QUEUE_STATS] t_ms=7760 q_pkts=655 q_bytes=983952 qdelay_l_ms=0.885431 qdelay_c_ms=43.8577 ecn_mark=252 drop=0
[QUEUE_STATS] t_ms=7776 q_pkts=652 q_bytes=979440 qdelay_l_ms=0.098324 qdelay_c_ms=33.4243 ecn_mark=252 drop=0
[QUEUE_STATS] t_ms=7792 q_pkts=532 q_bytes=800128 qdelay_l_ms=1.09441 qdelay_c_ms=43.6964 ecn_mark=252 drop=0
[QUEUE_STATS] t_ms=7808 q_pkts=392 q_bytes=589568 qdelay_l_ms=0 qdelay_c_ms=43.9663 ecn_mark=252 drop=0
[QUEUE_STATS] t_ms=7824 q_pkts=663 q_bytes=996016 qdelay_l_ms=1.00301 qdelay_c_ms=44.4564 ecn_mark=252 drop=0
[QUEUE_STATS] t_ms=7840 q_pkts=648 q_bytes=973456 qdelay_l_ms=0 qdelay_c_ms=31.4495 ecn_mark=252 drop=0
[QUEUE_STATS] t_ms=7856 q_pkts=567 q_bytes=852768 qdelay_l_ms=1.1014 qdelay_c_ms=44.0061 ecn_mark=252 drop=0
[QUEUE_STATS] t_ms=7872 q_pkts=326 q_bytes=490304 qdelay_l_ms=0.582122 qdelay_c_ms=43.9187 ecn_mark=252 drop=0
[QUEUE_STATS] t_ms=7888 q_pkts=661 q_bytes=993312 qdelay_l_ms=1.0715 qdelay_c_ms=45.158 ecn_mark=252 drop=0
[QUEUE_STATS] t_ms=7904 q_pkts=660 q_bytes=991808 qdelay_l_ms=0.956825 qdelay_c_ms=30.9276 ecn_mark=252 drop=0
[QUEUE_STATS] t_ms=7920 q_pkts=597 q_bytes=897888 qdelay_l_ms=1.06788 qdelay_c_ms=44.1663 ecn_mark=252 drop=0
[QUEUE_STATS] t_ms=7936 q_pkts=359 q_bytes=539936 qdelay_l_ms=1.05345 qdelay_c_ms=45.3675 ecn_mark=252 drop=0
[QUEUE_STATS] t_ms=7952 q_pkts=660 q_bytes=991472 qdelay_l_ms=0.583755 qdelay_c_ms=44.1537 ecn_mark=252 drop=0
[QUEUE_STATS] t_ms=7968 q_pkts=654 q_bytes=982448 qdelay_l_ms=0 qdelay_c_ms=28.6282 ecn_mark=252 drop=0
[QUEUE_STATS] t_ms=7984 q_pkts=626 q_bytes=941504 qdelay_l_ms=1.10126 qdelay_c_ms=43.2598 ecn_mark=252 drop=0
[QUEUE_STATS] t_ms=8000 q_pkts=387 q_bytes=582048 qdelay_l_ms=1.09797 qdelay_c_ms=44.094 ecn_mark=252 drop=0
[QUEUE_STATS] t_ms=8016 q_pkts=670 q_bytes=1006544 qdelay_l_ms=1.16805 qdelay_c_ms=44.7919 ecn_mark=252 drop=0
[QUEUE_STATS] t_ms=8032 q_pkts=674 q_bytes=1012560 qdelay_l_ms=0.996098 qdelay_c_ms=27.4584 ecn_mark=252 drop=0
[QUEUE_STATS] t_ms=8048 q_pkts=660 q_bytes=991504 qdelay_l_ms=1.03324 qdelay_c_ms=41.4553 ecn_mark=252 drop=0
[QUEUE_STATS] t_ms=8064 q_pkts=420 q_bytes=631680 qdelay_l_ms=1.06127 qdelay_c_ms=45.0084 ecn_mark=252 drop=0
[QUEUE_STATS] t_ms=8080 q_pkts=653 q_bytes=981280 qdelay_l_ms=0 qdelay_c_ms=43.2853 ecn_mark=252 drop=0
[QUEUE_STATS] t_ms=8096 q_pkts=668 q_bytes=1003840 qdelay_l_ms=1.06658 qdelay_c_ms=25.4962 ecn_mark=252 drop=0
[QUEUE_STATS] t_ms=8112 q_pkts=665 q_bytes=999328 qdelay_l_ms=1.00266 qdelay_c_ms=39.6098 ecn_mark=252 drop=0
[QUEUE_STATS] t_ms=8128 q_pkts=448 q_bytes=673792 qdelay_l_ms=0 qdelay_c_ms=44.0879 ecn_mark=252 drop=0
[QUEUE_STATS] t_ms=8144 q_pkts=678 q_bytes=1018544 qdelay_l_ms=1.12938 qdelay_c_ms=45.0798 ecn_mark=252 drop=0
[QUEUE_STATS] t_ms=8160 q_pkts=652 q_bytes=979440 qdelay_l_ms=0 qdelay_c_ms=23.1432 ecn_mark=252 drop=0
[QUEUE_STATS] t_ms=8176 q_pkts=664 q_bytes=997488 qdelay_l_ms=1.00715 qdelay_c_ms=37.3254 ecn_mark=252 drop=0
[QUEUE_STATS] t_ms=8192 q_pkts=496 q_bytes=745984 qdelay_l_ms=0.891362 qdelay_c_ms=45.2918 ecn_mark=252 drop=0
[QUEUE_STATS] t_ms=8208 q_pkts=665 q_bytes=999024 qdelay_l_ms=1.14851 qdelay_c_ms=44.4488 ecn_mark=252 drop=0
[QUEUE_STATS] t_ms=8224 q_pkts=663 q_bytes=996016 qdelay_l_ms=1.07743 qdelay_c_ms=45.327 ecn_mark=252 drop=0
[QUEUE_STATS] t_ms=8240 q_pkts=671 q_bytes=1008048 qdelay_l_ms=0.137759 qdelay_c_ms=34.7107 ecn_mark=252 drop=0
[QUEUE_STATS] t_ms=8256 q_pkts=528 q_bytes=794112 qdelay_l_ms=1.09876 qdelay_c_ms=44.7569 ecn_mark=252 drop=0
[QUEUE_STATS] t_ms=8272 q_pkts=598 q_bytes=899392 qdelay_l_ms=0 qdelay_c_ms=44.1094 ecn_mark=252 drop=0
[QUEUE_STATS] t_ms=8288 q_pkts=676 q_bytes=1015872 qdelay_l_ms=1.16683 qdelay_c_ms=44.7348 ecn_mark=252 drop=0
[QUEUE_STATS] t_ms=8304 q_pkts=664 q_bytes=997824 qdelay_l_ms=1.06221 qdelay_c_ms=33.4473 ecn_mark=252 drop=0
[QUEUE_STATS] t_ms=8320 q_pkts=556 q_bytes=836224 qdelay_l_ms=1.07733 qdelay_c_ms=45.0163 ecn_mark=252 drop=0
[QUEUE_STATS] t_ms=8336 q_pkts=335 q_bytes=503840 qdelay_l_ms=0 qdelay_c_ms=44.9396 ecn_mark=252 drop=0
[QUEUE_STATS] t_ms=8352 q_pkts=670 q_bytes=1006512 qdelay_l_ms=1.06186 qdelay_c_ms=45.341 ecn_mark=252 drop=0
[QUEUE_STATS] t_ms=8368 q_pkts=669 q_bytes=1005008 qdelay_l_ms=1.13471 qdelay_c_ms=31.7265 ecn_mark=252 drop=0
[QUEUE_STATS] t_ms=8385 q_pkts=591 q_bytes=888864 qdelay_l_ms=1.07372 qdelay_c_ms=45.194 ecn_mark=252 drop=0
[QUEUE_STATS] t_ms=8400 q_pkts=350 q_bytes=526400 qdelay_l_ms=1.04502 qdelay_c_ms=45.1977 ecn_mark=252 drop=0
[QUEUE_STATS] t_ms=8416 q_pkts=677 q_bytes=1017072 qdelay_l_ms=0.967695 qdelay_c_ms=44.4082 ecn_mark=252 drop=0
[QUEUE_STATS] t_ms=8432 q_pkts=656 q_bytes=985488 qdelay_l_ms=0 qdelay_c_ms=27.9913 ecn_mark=252 drop=0
[QUEUE_STATS] t_ms=8448 q_pkts=635 q_bytes=953904 qdelay_l_ms=1.05386 qdelay_c_ms=43.3136 ecn_mark=252 drop=0
[QUEUE_STATS] t_ms=8464 q_pkts=397 q_bytes=597088 qdelay_l_ms=1.10292 qdelay_c_ms=45.0905 ecn_mark=252 drop=0
[QUEUE_STATS] t_ms=8480 q_pkts=669 q_bytes=1005344 qdelay_l_ms=1.11918 qdelay_c_ms=44.9412 ecn_mark=252 drop=0
[QUEUE_STATS] t_ms=8496 q_pkts=666 q_bytes=1000832 qdelay_l_ms=1.02734 qdelay_c_ms=27.8895 ecn_mark=252 drop=0
[QUEUE_STATS] t_ms=8512 q_pkts=653 q_bytes=981280 qdelay_l_ms=0.062226 qdelay_c_ms=40.9749 ecn_mark=252 drop=0
[QUEUE_STATS] t_ms=8528 q_pkts=424 q_bytes=637696 qdelay_l_ms=1.06883 qdelay_c_ms=45.0967 ecn_mark=252 drop=0
[QUEUE_STATS] t_ms=8544 q_pkts=673 q_bytes=1011024 qdelay_l_ms=1.08687 qdelay_c_ms=45.4545 ecn_mark=252 drop=0
[QUEUE_STATS] t_ms=8560 q_pkts=671 q_bytes=1008016 qdelay_l_ms=1.15904 qdelay_c_ms=25.1195 ecn_mark=252 drop=0
[QUEUE_STATS] t_ms=8576 q_pkts=661 q_bytes=992976 qdelay_l_ms=0.088636 qdelay_c_ms=39.1176 ecn_mark=252 drop=0
[QUEUE_STATS] t_ms=8592 q_pkts=458 q_bytes=688832 qdelay_l_ms=1.10297 qdelay_c_ms=44.9468 ecn_mark=252 drop=0
[QUEUE_STATS] t_ms=8608 q_pkts=667 q_bytes=1002032 qdelay_l_ms=1.11005 qdelay_c_ms=45.0584 ecn_mark=252 drop=0
[QUEUE_STATS] t_ms=8624 q_pkts=667 q_bytes=1002032 qdelay_l_ms=0.986551 qdelay_c_ms=24.0739 ecn_mark=252 drop=0
[QUEUE_STATS] t_ms=8640 q_pkts=675 q_bytes=1014064 qdelay_l_ms=1.10888 qdelay_c_ms=38.4428 ecn_mark=252 drop=0
[QUEUE_STATS] t_ms=8656 q_pkts=487 q_bytes=732448 qdelay_l_ms=1.09976 qdelay_c_ms=45.2326 ecn_mark=252 drop=0
[QUEUE_STATS] t_ms=8672 q_pkts=677 q_bytes=1017376 qdelay_l_ms=1.09539 qdelay_c_ms=44.9799 ecn_mark=252 drop=0
[QUEUE_STATS] t_ms=8688 q_pkts=670 q_bytes=1006848 qdelay_l_ms=0.149481 qdelay_c_ms=43.772 ecn_mark=252 drop=0
[QUEUE_STATS] t_ms=8705 q_pkts=672 q_bytes=1009856 qdelay_l_ms=0 qdelay_c_ms=36.8326 ecn_mark=252 drop=0
[QUEUE_STATS] t_ms=8720 q_pkts=515 q_bytes=774560 qdelay_l_ms=1.1134 qdelay_c_ms=44.8993 ecn_mark=252 drop=0
[QUEUE_STATS] t_ms=8736 q_pkts=682 q_bytes=1024560 qdelay_l_ms=0.913825 qdelay_c_ms=44.4544 ecn_mark=252 drop=0
[QUEUE_STATS] t_ms=8752 q_pkts=669 q_bytes=1005008 qdelay_l_ms=0.854884 qdelay_c_ms=44.6633 ecn_mark=252 drop=0
[QUEUE_STATS] t_ms=8768 q_pkts=657 q_bytes=986960 qdelay_l_ms=0.071334 qdelay_c_ms=33.7547 ecn_mark=252 drop=0
[QUEUE_STATS] t_ms=8784 q_pkts=549 q_bytes=825696 qdelay_l_ms=1.09689 qdelay_c_ms=46.013 ecn_mark=252 drop=0
[QUEUE_STATS] t_ms=8800 q_pkts=483 q_bytes=726432 qdelay_l_ms=0 qdelay_c_ms=44.1443 ecn_mark=252 drop=0
[QUEUE_STATS] t_ms=8816 q_pkts=673 q_bytes=1011056 qdelay_l_ms=1.00273 qdelay_c_ms=44.6764 ecn_mark=252 drop=0
[QUEUE_STATS] t_ms=8832 q_pkts=669 q_bytes=1005040 qdelay_l_ms=1.09662 qdelay_c_ms=32.6215 ecn_mark=252 drop=0
[QUEUE_STATS] t_ms=8848 q_pkts=578 q_bytes=869312 qdelay_l_ms=1.07522 qdelay_c_ms=44.9518 ecn_mark=252 drop=0
[QUEUE_STATS] t_ms=8864 q_pkts=340 q_bytes=511360 qdelay_l_ms=1.09943 qdelay_c_ms=45.1348 ecn_mark=252 drop=0
[QUEUE_STATS] t_ms=8880 q_pkts=672 q_bytes=1009856 qdelay_l_ms=1.16907 qdelay_c_ms=44.7317 ecn_mark=252 drop=0
[QUEUE_STATS] t_ms=8896 q_pkts=672 q_bytes=1009856 qdelay_l_ms=1.13161 qdelay_c_ms=30.7739 ecn_mark=252 drop=0
[QUEUE_STATS] t_ms=8912 q_pkts=612 q_bytes=920448 qdelay_l_ms=1.08896 qdelay_c_ms=45.0144 ecn_mark=252 drop=0
[QUEUE_STATS] t_ms=8928 q_pkts=373 q_bytes=560992 qdelay_l_ms=1.09363 qdelay_c_ms=45.0762 ecn_mark=252 drop=0
[QUEUE_STATS] t_ms=8944 q_pkts=666 q_bytes=1000496 qdelay_l_ms=0.023194 qdelay_c_ms=44.2974 ecn_mark=252 drop=0
[QUEUE_STATS] t_ms=8960 q_pkts=671 q_bytes=1008016 qdelay_l_ms=1.0931 qdelay_c_ms=29.194 ecn_mark=252 drop=0
[QUEUE_STATS] t_ms=8976 q_pkts=639 q_bytes=959888 qdelay_l_ms=1.10407 qdelay_c_ms=43.5242 ecn_mark=252 drop=0
[QUEUE_STATS] t_ms=8992 q_pkts=416 q_bytes=625664 qdelay_l_ms=1.0676 qdelay_c_ms=46.4438 ecn_mark=252 drop=0
[QUEUE_STATS] t_ms=9008 q_pkts=669 q_bytes=1005040 qdelay_l_ms=1.08618 qdelay_c_ms=44.5003 ecn_mark=252 drop=0
[QUEUE_STATS] t_ms=9024 q_pkts=671 q_bytes=1008048 qdelay_l_ms=0.971132 qdelay_c_ms=26.3369 ecn_mark=252 drop=0
[QUEUE_STATS] t_ms=9040 q_pkts=675 q_bytes=1014064 qdelay_l_ms=1.16178 qdelay_c_ms=40.8289 ecn_mark=252 drop=0
[QUEUE_STATS] t_ms=9057 q_pkts=445 q_bytes=669280 qdelay_l_ms=1.09405 qdelay_c_ms=45.0293 ecn_mark=252 drop=0
[QUEUE_STATS] t_ms=9072 q_pkts=677 q_bytes=1017376 qdelay_l_ms=1.08769 qdelay_c_ms=44.6546 ecn_mark=252 drop=0
[QUEUE_STATS] t_ms=9088 q_pkts=672 q_bytes=1009856 qdelay_l_ms=1.09834 qdelay_c_ms=25.2224 ecn_mark=252 drop=0
[QUEUE_STATS] t_ms=9104 q_pkts=663 q_bytes=996320 qdelay_l_ms=0.065502 qdelay_c_ms=38.6867 ecn_mark=252 drop=0
[QUEUE_STATS] t_ms=9120 q_pkts=478 q_bytes=718912 qdelay_l_ms=1.08278 qdelay_c_ms=45.9369 ecn_mark=252 drop=0
[QUEUE_STATS] t_ms=9136 q_pkts=672 q_bytes=1009520 qdelay_l_ms=0.08022 qdelay_c_ms=44.7275 ecn_mark=252 drop=0
[QUEUE_STATS] t_ms=9152 q_pkts=671 q_bytes=1008016 qdelay_l_ms=0 qdelay_c_ms=21.9834 ecn_mark=252 drop=0
[QUEUE_STATS] t_ms=9168 q_pkts=671 q_bytes=1008016 qdelay_l_ms=0 qdelay_c_ms=36.8551 ecn_mark=252 drop=0
[QUEUE_STATS] t_ms=9184 q_pkts=523 q_bytes=786592 qdelay_l_ms=1.06692 qdelay_c_ms=46.5308 ecn_mark=252 drop=0
[QUEUE_STATS] t_ms=9200 q_pkts=673 q_bytes=1011056 qdelay_l_ms=0.970089 qdelay_c_ms=45.2583 ecn_mark=252 drop=0
[QUEUE_STATS] t_ms=9216 q_pkts=674 q_bytes=1012560 qdelay_l_ms=0.955723 qdelay_c_ms=44.9119 ecn_mark=252 drop=0
[QUEUE_STATS] t_ms=9232 q_pkts=661 q_bytes=993008 qdelay_l_ms=0 qdelay_c_ms=34.7927 ecn_mark=252 drop=0
[QUEUE_STATS] t_ms=9248 q_pkts=555 q_bytes=834720 qdelay_l_ms=1.07429 qdelay_c_ms=46.2935 ecn_mark=252 drop=0
[QUEUE_STATS] t_ms=9264 q_pkts=560 q_bytes=842240 qdelay_l_ms=0 qdelay_c_ms=44.0413 ecn_mark=252 drop=0
[QUEUE_STATS] t_ms=9280 q_pkts=674 q_bytes=1012864 qdelay_l_ms=1.00456 qdelay_c_ms=45.7799 ecn_mark=252 drop=0
[QUEUE_STATS] t_ms=9296 q_pkts=678 q_bytes=1018880 qdelay_l_ms=1.09599 qdelay_c_ms=32.8194 ecn_mark=252 drop=0
[QUEUE_STATS] t_ms=9312 q_pkts=588 q_bytes=884352 qdelay_l_ms=1.0956 qdelay_c_ms=46.4826 ecn_mark=252 drop=0
[QUEUE_STATS] t_ms=9328 q_pkts=337 q_bytes=506848 qdelay_l_ms=1.08166 qdelay_c_ms=46.0442 ecn_mark=252 drop=0
[QUEUE_STATS] t_ms=9344 q_pkts=688 q_bytes=1033584 qdelay_l_ms=1.0826 qdelay_c_ms=46.0309 ecn_mark=252 drop=0
[QUEUE_STATS] t_ms=9360 q_pkts=676 q_bytes=1015536 qdelay_l_ms=1.06966 qdelay_c_ms=30.4195 ecn_mark=252 drop=0
[QUEUE_STATS] t_ms=9376 q_pkts=616 q_bytes=926464 qdelay_l_ms=1.06988 qdelay_c_ms=44.9423 ecn_mark=252 drop=0
[QUEUE_STATS] t_ms=9392 q_pkts=377 q_bytes=567008 qdelay_l_ms=0 qdelay_c_ms=45.3299 ecn_mark=252 drop=0
[QUEUE_STATS] t_ms=9408 q_pkts=664 q_bytes=997520 qdelay_l_ms=0.063189 qdelay_c_ms=45.0361 ecn_mark=252 drop=0
[QUEUE_STATS] t_ms=9424 q_pkts=677 q_bytes=1017072 qdelay_l_ms=1.0623 qdelay_c_ms=28.4013 ecn_mark=252 drop=0
[QUEUE_STATS] t_ms=9441 q_pkts=662 q_bytes=994512 qdelay_l_ms=1.10082 qdelay_c_ms=42.9153 ecn_mark=252 drop=0
[QUEUE_STATS] t_ms=9456 q_pkts=424 q_bytes=637696 qdelay_l_ms=1.05521 qdelay_c_ms=45.318 ecn_mark=252 drop=0
[QUEUE_STATS] t_ms=9472 q_pkts=687 q_bytes=1032416 qdelay_l_ms=1.07474 qdelay_c_ms=45.9685 ecn_mark=252 drop=0
[QUEUE_STATS] t_ms=9488 q_pkts=676 q_bytes=1015872 qdelay_l_ms=1.09315 qdelay_c_ms=25.4355 ecn_mark=252 drop=0
[QUEUE_STATS] t_ms=9504 q_pkts=683 q_bytes=1026400 qdelay_l_ms=1.12835 qdelay_c_ms=40.5266 ecn_mark=252 drop=0
[QUEUE_STATS] t_ms=9520 q_pkts=470 q_bytes=706880 qdelay_l_ms=1.05999 qdelay_c_ms=45.7398 ecn_mark=252 drop=0
[QUEUE_STATS] t_ms=9536 q_pkts=669 q_bytes=1005008 qdelay_l_ms=0.084509 qdelay_c_ms=45.2852 ecn_mark=252 drop=0
[QUEUE_STATS] t_ms=9552 q_pkts=676 q_bytes=1015536 qdelay_l_ms=1.06641 qdelay_c_ms=23.0958 ecn_mark=252 drop=0
[QUEUE_STATS] t_ms=9568 q_pkts=683 q_bytes=1026064 qdelay_l_ms=1.05811 qdelay_c_ms=37.4949 ecn_mark=252 drop=0
[QUEUE_STATS] t_ms=9584 q_pkts=514 q_bytes=773056 qdelay_l_ms=1.06621 qdelay_c_ms=46.1441 ecn_mark=252 drop=0
[QUEUE_STATS] t_ms=9600 q_pkts=675 q_bytes=1014064 qdelay_l_ms=1.11652 qdelay_c_ms=45.8679 ecn_mark=252 drop=0
[QUEUE_STATS] t_ms=9616 q_pkts=678 q_bytes=1018576 qdelay_l_ms=1.15496 qdelay_c_ms=45.6335 ecn_mark=252 drop=0
[QUEUE_STATS] t_ms=9632 q_pkts=668 q_bytes=1003536 qdelay_l_ms=0.069941 qdelay_c_ms=33.2676 ecn_mark=252 drop=0
[QUEUE_STATS] t_ms=9648 q_pkts=560 q_bytes=842240 qdelay_l_ms=1.04928 qdelay_c_ms=45.8174 ecn_mark=252 drop=0
[QUEUE_STATS] t_ms=9664 q_pkts=376 q_bytes=565504 qdelay_l_ms=0.326502 qdelay_c_ms=45.0937 ecn_mark=252 drop=0
[QUEUE_STATS] t_ms=9680 q_pkts=678 q_bytes=1018880 qdelay_l_ms=1.06293 qdelay_c_ms=46.2988 ecn_mark=252 drop=0
[QUEUE_STATS] t_ms=9696 q_pkts=684 q_bytes=1027904 qdelay_l_ms=1.14938 qdelay_c_ms=31.6073 ecn_mark=252 drop=0
[QUEUE_STATS] t_ms=9712 q_pkts=603 q_bytes=906912 qdelay_l_ms=0.041268 qdelay_c_ms=45.1295 ecn_mark=252 drop=0
[QUEUE_STATS] t_ms=9728 q_pkts=368 q_bytes=553472 qdelay_l_ms=1.0354 qdelay_c_ms=46.854 ecn_mark=252 drop=0
[QUEUE_STATS] t_ms=9744 q_pkts=678 q_bytes=1018544 qdelay_l_ms=1.04417 qdelay_c_ms=46.075 ecn_mark=252 drop=0
[QUEUE_STATS] t_ms=9760 q_pkts=679 q_bytes=1020048 qdelay_l_ms=0.941105 qdelay_c_ms=28.9078 ecn_mark=252 drop=0
[QUEUE_STATS] t_ms=9776 q_pkts=650 q_bytes=976432 qdelay_l_ms=1.04709 qdelay_c_ms=43.59 ecn_mark=252 drop=0
[QUEUE_STATS] t_ms=9792 q_pkts=413 q_bytes=621152 qdelay_l_ms=1.04404 qdelay_c_ms=45.9632 ecn_mark=252 drop=0
[QUEUE_STATS] t_ms=9808 q_pkts=682 q_bytes=1024592 qdelay_l_ms=1.14063 qdelay_c_ms=46.1044 ecn_mark=252 drop=0
[QUEUE_STATS] t_ms=9824 q_pkts=679 q_bytes=1020080 qdelay_l_ms=1.11287 qdelay_c_ms=26.8908 ecn_mark=252 drop=0
[QUEUE_STATS] t_ms=9840 q_pkts=681 q_bytes=1023088 qdelay_l_ms=1.03967 qdelay_c_ms=41.5569 ecn_mark=252 drop=0
[QUEUE_STATS] t_ms=9856 q_pkts=449 q_bytes=675296 qdelay_l_ms=1.04469 qdelay_c_ms=46.4748 ecn_mark=252 drop=0
[QUEUE_STATS] t_ms=9872 q_pkts=683 q_bytes=1026400 qdelay_l_ms=1.03859 qdelay_c_ms=45.9195 ecn_mark=252 drop=0
[QUEUE_STATS] t_ms=9888 q_pkts=681 q_bytes=1023392 qdelay_l_ms=1.08468 qdelay_c_ms=24.2115 ecn_mark=252 drop=0
[QUEUE_STATS] t_ms=9904 q_pkts=679 q_bytes=1020384 qdelay_l_ms=1.14516 qdelay_c_ms=38.7388 ecn_mark=252 drop=0
[QUEUE_STATS] t_ms=9920 q_pkts=488 q_bytes=733952 qdelay_l_ms=1.04394 qdelay_c_ms=46.04 ecn_mark=252 drop=0
[QUEUE_STATS] t_ms=9936 q_pkts=681 q_bytes=1023056 qdelay_l_ms=0.923683 qdelay_c_ms=46.2933 ecn_mark=252 drop=0
[QUEUE_STATS] t_ms=9952 q_pkts=681 q_bytes=1023056 qdelay_l_ms=1.0201 qdelay_c_ms=47.1386 ecn_mark=252 drop=0
[QUEUE_STATS] t_ms=9968 q_pkts=683 q_bytes=1026064 qdelay_l_ms=0.836028 qdelay_c_ms=36.3334 ecn_mark=252 drop=0
[QUEUE_STATS] t_ms=9984 q_pkts=535 q_bytes=804640 qdelay_l_ms=1.06806 qdelay_c_ms=45.964 ecn_mark=252 drop=0
[QUEUE_STATS] t_ms=10000 q_pkts=663 q_bytes=996016 qdelay_l_ms=0.051597 qdelay_c_ms=45.1046 ecn_mark=252 drop=0
[QUEUE_STATS] t_ms=10016 q_pkts=682 q_bytes=1024592 qdelay_l_ms=1.00282 qdelay_c_ms=45.6345 ecn_mark=252 drop=0
[QUEUE_STATS] t_ms=10032 q_pkts=682 q_bytes=1024592 qdelay_l_ms=1.0975 qdelay_c_ms=33.3728 ecn_mark=252 drop=0
[QUEUE_STATS] t_ms=10048 q_pkts=584 q_bytes=878336 qdelay_l_ms=1.03737 qdelay_c_ms=46.2192 ecn_mark=252 drop=0
[QUEUE_STATS] t_ms=10064 q_pkts=348 q_bytes=523392 qdelay_l_ms=1.02762 qdelay_c_ms=45.9772 ecn_mark=252 drop=0
[QUEUE_STATS] t_ms=10080 q_pkts=694 q_bytes=1042944 qdelay_l_ms=0.936557 qdelay_c_ms=45.8673 ecn_mark=252 drop=0
[QUEUE_STATS] t_ms=10096 q_pkts=683 q_bytes=1026400 qdelay_l_ms=1.12498 qdelay_c_ms=31.4968 ecn_mark=252 drop=0
[QUEUE_STATS] t_ms=10112 q_pkts=625 q_bytes=940000 qdelay_l_ms=0.931187 qdelay_c_ms=45.8379 ecn_mark=252 drop=0
[QUEUE_STATS] t_ms=10128 q_pkts=404 q_bytes=607616 qdelay_l_ms=1.07096 qdelay_c_ms=47.496 ecn_mark=252 drop=0
[QUEUE_STATS] t_ms=10144 q_pkts=682 q_bytes=1024560 qdelay_l_ms=1.03641 qdelay_c_ms=46.6288 ecn_mark=252 drop=0
[QUEUE_STATS] t_ms=10160 q_pkts=682 q_bytes=1024560 qdelay_l_ms=1.09993 qdelay_c_ms=28.2553 ecn_mark=252 drop=0
[QUEUE_STATS] t_ms=10176 q_pkts=673 q_bytes=1011024 qdelay_l_ms=0.900399 qdelay_c_ms=42.9649 ecn_mark=252 drop=0
[QUEUE_STATS] t_ms=10192 q_pkts=435 q_bytes=654240 qdelay_l_ms=1.02586 qdelay_c_ms=46.5739 ecn_mark=252 drop=0
[QUEUE_STATS] t_ms=10208 q_pkts=675 q_bytes=1014064 qdelay_l_ms=0 qdelay_c_ms=45.3784 ecn_mark=252 drop=0
[QUEUE_STATS] t_ms=10224 q_pkts=689 q_bytes=1035120 qdelay_l_ms=1.11409 qdelay_c_ms=25.1847 ecn_mark=252 drop=0
[QUEUE_STATS] t_ms=10240 q_pkts=682 q_bytes=1024592 qdelay_l_ms=1.035 qdelay_c_ms=39.8301 ecn_mark=252 drop=0
[QUEUE_STATS] t_ms=10256 q_pkts=485 q_bytes=729440 qdelay_l_ms=1.0109 qdelay_c_ms=46.8952 ecn_mark=252 drop=0
[QUEUE_STATS] t_ms=10272 q_pkts=696 q_bytes=1045952 qdelay_l_ms=0.903044 qdelay_c_ms=45.9843 ecn_mark=252 drop=0
[QUEUE_STATS] t_ms=10288 q_pkts=682 q_bytes=1024896 qdelay_l_ms=1.02604 qdelay_c_ms=46.1071 ecn_mark=252 drop=0
[QUEUE_STATS] t_ms=10304 q_pkts=685 q_bytes=1029408 qdelay_l_ms=1.1493 qdelay_c_ms=37.6799 ecn_mark=252 drop=0
[QUEUE_STATS] t_ms=10320 q_pkts=525 q_bytes=789600 qdelay_l_ms=0.771608 qdelay_c_ms=46.8078 ecn_mark=252 drop=0
[QUEUE_STATS] t_ms=10336 q_pkts=698 q_bytes=1048624 qdelay_l_ms=0.844925 qdelay_c_ms=46.4973 ecn_mark=252 drop=0
[QUEUE_STATS] t_ms=10352 q_pkts=685 q_bytes=1029072 qdelay_l_ms=1.06989 qdelay_c_ms=46.8082 ecn_mark=252 drop=0
[QUEUE_STATS] t_ms=10368 q_pkts=695 q_bytes=1044112 qdelay_l_ms=1.01161 qdelay_c_ms=34.5626 ecn_mark=252 drop=0
[QUEUE_STATS] t_ms=10384 q_pkts=571 q_bytes=858784 qdelay_l_ms=1.01333 qdelay_c_ms=46.9175 ecn_mark=252 drop=0
[QUEUE_STATS] t_ms=10400 q_pkts=411 q_bytes=618144 qdelay_l_ms=0.4797 qdelay_c_ms=46.3327 ecn_mark=252 drop=0
[QUEUE_STATS] t_ms=10416 q_pkts=685 q_bytes=1029672 qdelay_l_ms=0.896992 qdelay_c_ms=46.9364 ecn_mark=252 drop=0
[QUEUE_STATS] t_ms=10432 q_pkts=676 q_bytes=1016136 qdelay_l_ms=0.05302 qdelay_c_ms=31.6931 ecn_mark=252 drop=0
[QUEUE_STATS] t_ms=10448 q_pkts=618 q_bytes=929472 qdelay_l_ms=1.01062 qdelay_c_ms=46.8041 ecn_mark=252 drop=0
[QUEUE_STATS] t_ms=10464 q_pkts=383 q_bytes=576032 qdelay_l_ms=1.00994 qdelay_c_ms=47.1515 ecn_mark=253 drop=0
[QUEUE_STATS] t_ms=10480 q_pkts=686 q_bytes=1030344 qdelay_l_ms=1.00991 qdelay_c_ms=46.7071 ecn_mark=253 drop=0
[QUEUE_STATS] t_ms=10496 q_pkts=687 q_bytes=1031848 qdelay_l_ms=0.881464 qdelay_c_ms=29.4964 ecn_mark=253 drop=0
[QUEUE_STATS] t_ms=10512 q_pkts=659 q_bytes=989736 qdelay_l_ms=1.00843 qdelay_c_ms=43.8579 ecn_mark=253 drop=0
[QUEUE_STATS] t_ms=10528 q_pkts=424 q_bytes=637696 qdelay_l_ms=1.01066 qdelay_c_ms=47.0128 ecn_mark=253 drop=0
[QUEUE_STATS] t_ms=10544 q_pkts=686 q_bytes=1030576 qdelay_l_ms=1.08509 qdelay_c_ms=46.8562 ecn_mark=253 drop=0
[QUEUE_STATS] t_ms=10560 q_pkts=686 q_bytes=1030576 qdelay_l_ms=1.00861 qdelay_c_ms=26.4737 ecn_mark=253 drop=0
[QUEUE_STATS] t_ms=10576 q_pkts=686 q_bytes=1030576 qdelay_l_ms=0.899207 qdelay_c_ms=40.5933 ecn_mark=253 drop=0
[QUEUE_STATS] t_ms=10592 q_pkts=488 q_bytes=733952 qdelay_l_ms=1.11152 qdelay_c_ms=47.2843 ecn_mark=253 drop=0
[QUEUE_STATS] t_ms=10608 q_pkts=686 q_bytes=1031176 qdelay_l_ms=1.00413 qdelay_c_ms=47.2033 ecn_mark=253 drop=0
[QUEUE_STATS] t_ms=10624 q_pkts=675 q_bytes=1014632 qdelay_l_ms=0.054412 qdelay_c_ms=22.9729 ecn_mark=253 drop=0
[QUEUE_STATS] t_ms=10640 q_pkts=686 q_bytes=1031176 qdelay_l_ms=0.766638 qdelay_c_ms=37.7901 ecn_mark=253 drop=0
[QUEUE_STATS] t_ms=10656 q_pkts=520 q_bytes=782080 qdelay_l_ms=0.798087 qdelay_c_ms=47.4754 ecn_mark=253 drop=0
[QUEUE_STATS] t_ms=10672 q_pkts=693 q_bytes=1040872 qdelay_l_ms=0.931718 qdelay_c_ms=46.5862 ecn_mark=253 drop=0
[QUEUE_STATS] t_ms=10688 q_pkts=688 q_bytes=1033352 qdelay_l_ms=0.998433 qdelay_c_ms=47.9006 ecn_mark=253 drop=0
[QUEUE_STATS] t_ms=10704 q_pkts=701 q_bytes=1052904 qdelay_l_ms=0.995708 qdelay_c_ms=35.6482 ecn_mark=253 drop=0
[QUEUE_STATS] t_ms=10720 q_pkts=557 q_bytes=837728 qdelay_l_ms=0.996219 qdelay_c_ms=47.0283 ecn_mark=253 drop=0
[QUEUE_STATS] t_ms=10736 q_pkts=482 q_bytes=724928 qdelay_l_ms=0 qdelay_c_ms=46.0562 ecn_mark=253 drop=0
[QUEUE_STATS] t_ms=10752 q_pkts=697 q_bytes=1047120 qdelay_l_ms=0.694543 qdelay_c_ms=46.7055 ecn_mark=253 drop=0
[QUEUE_STATS] t_ms=10768 q_pkts=688 q_bytes=1033584 qdelay_l_ms=0.998002 qdelay_c_ms=32.5988 ecn_mark=253 drop=0
[QUEUE_STATS] t_ms=10785 q_pkts=610 q_bytes=917440 qdelay_l_ms=1.11213 qdelay_c_ms=46.966 ecn_mark=253 drop=0
[QUEUE_STATS] t_ms=10800 q_pkts=372 q_bytes=559488 qdelay_l_ms=1.00541 qdelay_c_ms=47.292 ecn_mark=253 drop=0
[QUEUE_STATS] t_ms=10816 q_pkts=688 q_bytes=1034184 qdelay_l_ms=0.992653 qdelay_c_ms=46.1084 ecn_mark=253 drop=0
[QUEUE_STATS] t_ms=10832 q_pkts=680 q_bytes=1022152 qdelay_l_ms=0.084839 qdelay_c_ms=29.0352 ecn_mark=253 drop=0
[QUEUE_STATS] t_ms=10848 q_pkts=651 q_bytes=978536 qdelay_l_ms=0.981571 qdelay_c_ms=44.4127 ecn_mark=253 drop=0
[QUEUE_STATS] t_ms=10865 q_pkts=417 q_bytes=627168 qdelay_l_ms=1.06817 qdelay_c_ms=48.2218 ecn_mark=253 drop=0
[QUEUE_STATS] t_ms=10880 q_pkts=689 q_bytes=1034856 qdelay_l_ms=1.04518 qdelay_c_ms=47.9369 ecn_mark=253 drop=0
[QUEUE_STATS] t_ms=10896 q_pkts=692 q_bytes=1039368 qdelay_l_ms=0.98629 qdelay_c_ms=27.3785 ecn_mark=253 drop=0
[QUEUE_STATS] t_ms=10912 q_pkts=690 q_bytes=1036360 qdelay_l_ms=0.90092 qdelay_c_ms=41.934 ecn_mark=253 drop=0
[QUEUE_STATS] t_ms=10928 q_pkts=458 q_bytes=688832 qdelay_l_ms=0.987993 qdelay_c_ms=46.52 ecn_mark=253 drop=0
[QUEUE_STATS] t_ms=10944 q_pkts=691 q_bytes=1038096 qdelay_l_ms=1.00126 qdelay_c_ms=47.0662 ecn_mark=253 drop=0
[QUEUE_STATS] t_ms=10960 q_pkts=690 q_bytes=1036592 qdelay_l_ms=1.0923 qdelay_c_ms=24.9054 ecn_mark=253 drop=0
[QUEUE_STATS] t_ms=10976 q_pkts=698 q_bytes=1048624 qdelay_l_ms=0.846478 qdelay_c_ms=38.7179 ecn_mark=253 drop=0
[QUEUE_STATS] t_ms=10992 q_pkts=508 q_bytes=764032 qdelay_l_ms=0.989987 qdelay_c_ms=47.633 ecn_mark=253 drop=0
[QUEUE_STATS] t_ms=11008 q_pkts=691 q_bytes=1039264 qdelay_l_ms=0.997371 qdelay_c_ms=47.5676 ecn_mark=253 drop=0
[QUEUE_STATS] t_ms=11024 q_pkts=692 q_bytes=1040768 qdelay_l_ms=1.03734 qdelay_c_ms=46.9309 ecn_mark=253 drop=0
[QUEUE_STATS] t_ms=11040 q_pkts=686 q_bytes=1031744 qdelay_l_ms=0 qdelay_c_ms=35.8117 ecn_mark=253 drop=0
[QUEUE_STATS] t_ms=11056 q_pkts=548 q_bytes=824192 qdelay_l_ms=1.07071 qdelay_c_ms=47.8643 ecn_mark=253 drop=0
[QUEUE_STATS] t_ms=11072 q_pkts=581 q_bytes=873824 qdelay_l_ms=0 qdelay_c_ms=45.9733 ecn_mark=253 drop=0
[QUEUE_STATS] t_ms=11088 q_pkts=694 q_bytes=1043244 qdelay_l_ms=0.870072 qdelay_c_ms=46.661 ecn_mark=253 drop=0
[QUEUE_STATS] t_ms=11104 q_pkts=699 q_bytes=1050764 qdelay_l_ms=0.977594 qdelay_c_ms=33.2595 ecn_mark=253 drop=0
[QUEUE_STATS] t_ms=11120 q_pkts=595 q_bytes=894880 qdelay_l_ms=0.977834 qdelay_c_ms=47.6078 ecn_mark=253 drop=0
[QUEUE_STATS] t_ms=11136 q_pkts=360 q_bytes=541440 qdelay_l_ms=0.978386 qdelay_c_ms=46.9793 ecn_mark=253 drop=0
[QUEUE_STATS] t_ms=11152 q_pkts=701 q_bytes=1053136 qdelay_l_ms=0.980139 qdelay_c_ms=48.02 ecn_mark=253 drop=0
[QUEUE_STATS] t_ms=11168 q_pkts=688 q_bytes=1033584 qdelay_l_ms=1.06247 qdelay_c_ms=30.7835 ecn_mark=253 drop=0
[QUEUE_STATS] t_ms=11184 q_pkts=643 q_bytes=965904 qdelay_l_ms=0.978826 qdelay_c_ms=45.6749 ecn_mark=253 drop=0
[QUEUE_STATS] t_ms=11200 q_pkts=409 q_bytes=615136 qdelay_l_ms=0.98112 qdelay_c_ms=47.8012 ecn_mark=253 drop=0
[QUEUE_STATS] t_ms=11216 q_pkts=707 q_bytes=1063328 qdelay_l_ms=0.973285 qdelay_c_ms=47.2572 ecn_mark=253 drop=0
[QUEUE_STATS] t_ms=11232 q_pkts=696 q_bytes=1046784 qdelay_l_ms=1.1557 qdelay_c_ms=28.7386 ecn_mark=253 drop=0
[QUEUE_STATS] t_ms=11248 q_pkts=682 q_bytes=1025728 qdelay_l_ms=1.13109 qdelay_c_ms=42.8168 ecn_mark=253 drop=0
[QUEUE_STATS] t_ms=11264 q_pkts=448 q_bytes=673792 qdelay_l_ms=0.989396 qdelay_c_ms=47.2467 ecn_mark=253 drop=0
[QUEUE_STATS] t_ms=11280 q_pkts=684 q_bytes=1028204 qdelay_l_ms=0.012704 qdelay_c_ms=47.2173 ecn_mark=253 drop=0
[QUEUE_STATS] t_ms=11296 q_pkts=688 q_bytes=1034220 qdelay_l_ms=0.132548 qdelay_c_ms=24.889 ecn_mark=253 drop=0
[QUEUE_STATS] t_ms=11312 q_pkts=691 q_bytes=1038732 qdelay_l_ms=0.860124 qdelay_c_ms=39.9634 ecn_mark=253 drop=0
[QUEUE_STATS] t_ms=11328 q_pkts=499 q_bytes=750496 qdelay_l_ms=1.06687 qdelay_c_ms=47.6311 ecn_mark=253 drop=0
[QUEUE_STATS] t_ms=11344 q_pkts=704 q_bytes=1057648 qdelay_l_ms=0.981802 qdelay_c_ms=46.6644 ecn_mark=253 drop=0
[QUEUE_STATS] t_ms=11360 q_pkts=695 q_bytes=1044112 qdelay_l_ms=0.967014 qdelay_c_ms=46.9686 ecn_mark=253 drop=0
[QUEUE_STATS] t_ms=11376 q_pkts=685 q_bytes=1029072 qdelay_l_ms=0.969288 qdelay_c_ms=37.583 ecn_mark=253 drop=0
[QUEUE_STATS] t_ms=11392 q_pkts=540 q_bytes=812160 qdelay_l_ms=0 qdelay_c_ms=46.2962 ecn_mark=253 drop=0
[QUEUE_STATS] t_ms=11408 q_pkts=680 q_bytes=1022720 qdelay_l_ms=0 qdelay_c_ms=47.3023 ecn_mark=253 drop=0
[QUEUE_STATS] t_ms=11424 q_pkts=697 q_bytes=1048288 qdelay_l_ms=1.15854 qdelay_c_ms=47.7974 ecn_mark=253 drop=0
[QUEUE_STATS] t_ms=11440 q_pkts=688 q_bytes=1034752 qdelay_l_ms=1.09473 qdelay_c_ms=34.3576 ecn_mark=253 drop=0
[QUEUE_STATS] t_ms=11456 q_pkts=583 q_bytes=876832 qdelay_l_ms=1.11234 qdelay_c_ms=46.9506 ecn_mark=253 drop=0
[QUEUE_STATS] t_ms=11472 q_pkts=360 q_bytes=541440 qdelay_l_ms=0.108123 qdelay_c_ms=47.2405 ecn_mark=253 drop=0
[QUEUE_STATS] t_ms=11488 q_pkts=689 q_bytes=1035724 qdelay_l_ms=1.11066 qdelay_c_ms=47.4471 ecn_mark=254 drop=0
[QUEUE_STATS] t_ms=11504 q_pkts=690 q_bytes=1037228 qdelay_l_ms=0 qdelay_c_ms=31.0113 ecn_mark=254 drop=0
[QUEUE_STATS] t_ms=11520 q_pkts=635 q_bytes=954508 qdelay_l_ms=0.959079 qdelay_c_ms=46.2542 ecn_mark=254 drop=0
[QUEUE_STATS] t_ms=11536 q_pkts=401 q_bytes=603104 qdelay_l_ms=0.957576 qdelay_c_ms=47.6715 ecn_mark=254 drop=0
[QUEUE_STATS] t_ms=11552 q_pkts=695 q_bytes=1044112 qdelay_l_ms=0.946686 qdelay_c_ms=47.6345 ecn_mark=254 drop=0
[QUEUE_STATS] t_ms=11568 q_pkts=704 q_bytes=1057648 qdelay_l_ms=1.15572 qdelay_c_ms=29.6863 ecn_mark=255 drop=0
[QUEUE_STATS] t_ms=11584 q_pkts=675 q_bytes=1014032 qdelay_l_ms=1.10803 qdelay_c_ms=43.7005 ecn_mark=255 drop=0
[QUEUE_STATS] t_ms=11600 q_pkts=442 q_bytes=664768 qdelay_l_ms=1.10243 qdelay_c_ms=47.6814 ecn_mark=255 drop=0
[QUEUE_STATS] t_ms=11616 q_pkts=696 q_bytes=1046784 qdelay_l_ms=1.15397 qdelay_c_ms=49.155 ecn_mark=255 drop=0
[QUEUE_STATS] t_ms=11632 q_pkts=700 q_bytes=1052800 qdelay_l_ms=0.95978 qdelay_c_ms=26.321 ecn_mark=255 drop=0
[QUEUE_STATS] t_ms=11648 q_pkts=698 q_bytes=1049792 qdelay_l_ms=0.965511 qdelay_c_ms=41.0967 ecn_mark=255 drop=0
[QUEUE_STATS] t_ms=11664 q_pkts=484 q_bytes=727936 qdelay_l_ms=0.955151 qdelay_c_ms=47.7774 ecn_mark=255 drop=0
[QUEUE_STATS] t_ms=11680 q_pkts=694 q_bytes=1043244 qdelay_l_ms=0.127228 qdelay_c_ms=47.3621 ecn_mark=255 drop=0
[QUEUE_STATS] t_ms=11696 q_pkts=689 q_bytes=1035724 qdelay_l_ms=0.731633 qdelay_c_ms=47.7905 ecn_mark=255 drop=0
[QUEUE_STATS] t_ms=11712 q_pkts=695 q_bytes=1044748 qdelay_l_ms=0.996009 qdelay_c_ms=37.7099 ecn_mark=255 drop=0
[QUEUE_STATS] t_ms=11728 q_pkts=537 q_bytes=807648 qdelay_l_ms=0.970541 qdelay_c_ms=47.9674 ecn_mark=255 drop=0
[QUEUE_STATS] t_ms=11744 q_pkts=711 q_bytes=1068176 qdelay_l_ms=1.2566 qdelay_c_ms=48.0724 ecn_mark=255 drop=0
[QUEUE_STATS] t_ms=11760 q_pkts=698 q_bytes=1048624 qdelay_l_ms=1.153 qdelay_c_ms=48.0648 ecn_mark=255 drop=0
[QUEUE_STATS] t_ms=11776 q_pkts=702 q_bytes=1054640 qdelay_l_ms=0 qdelay_c_ms=34.6366 ecn_mark=255 drop=0
[QUEUE_STATS] t_ms=11792 q_pkts=588 q_bytes=884352 qdelay_l_ms=0.94925 qdelay_c_ms=48.8082 ecn_mark=255 drop=0
[QUEUE_STATS] t_ms=11808 q_pkts=354 q_bytes=532416 qdelay_l_ms=0.014628 qdelay_c_ms=47.2795 ecn_mark=255 drop=0
[QUEUE_STATS] t_ms=11824 q_pkts=702 q_bytes=1055808 qdelay_l_ms=0.952557 qdelay_c_ms=49.0795 ecn_mark=255 drop=0
[QUEUE_STATS] t_ms=11840 q_pkts=694 q_bytes=1043776 qdelay_l_ms=1.10398 qdelay_c_ms=32.2217 ecn_mark=255 drop=0
[QUEUE_STATS] t_ms=11856 q_pkts=639 q_bytes=961056 qdelay_l_ms=0.944492 qdelay_c_ms=46.6965 ecn_mark=255 drop=0
[QUEUE_STATS] t_ms=11872 q_pkts=401 q_bytes=603104 qdelay_l_ms=1.10693 qdelay_c_ms=47.8009 ecn_mark=255 drop=0
[QUEUE_STATS] t_ms=11888 q_pkts=700 q_bytes=1052268 qdelay_l_ms=0.876334 qdelay_c_ms=47.8349 ecn_mark=255 drop=0
[QUEUE_STATS] t_ms=11904 q_pkts=701 q_bytes=1053772 qdelay_l_ms=0.976341 qdelay_c_ms=29.6147 ecn_mark=255 drop=0
[QUEUE_STATS] t_ms=11920 q_pkts=682 q_bytes=1025196 qdelay_l_ms=0.947297 qdelay_c_ms=43.7311 ecn_mark=255 drop=0
[QUEUE_STATS] t_ms=11936 q_pkts=448 q_bytes=673792 qdelay_l_ms=0.947086 qdelay_c_ms=47.6906 ecn_mark=255 drop=0
[QUEUE_STATS] t_ms=11952 q_pkts=706 q_bytes=1060656 qdelay_l_ms=0.940574 qdelay_c_ms=47.6418 ecn_mark=255 drop=0
[QUEUE_STATS] t_ms=11968 q_pkts=701 q_bytes=1053136 qdelay_l_ms=1.05252 qdelay_c_ms=25.7679 ecn_mark=255 drop=0
[QUEUE_STATS] t_ms=11984 q_pkts=711 q_bytes=1068176 qdelay_l_ms=1.14948 qdelay_c_ms=40.391 ecn_mark=255 drop=0
[QUEUE_STATS] t_ms=12000 q_pkts=501 q_bytes=753504 qdelay_l_ms=1.10267 qdelay_c_ms=48.0634 ecn_mark=255 drop=0
[QUEUE_STATS] t_ms=12016 q_pkts=697 q_bytes=1048288 qdelay_l_ms=0.119705 qdelay_c_ms=47.289 ecn_mark=255 drop=0
[QUEUE_STATS] t_ms=12032 q_pkts=704 q_bytes=1058816 qdelay_l_ms=0.718888 qdelay_c_ms=48.9632 ecn_mark=255 drop=0
[QUEUE_STATS] t_ms=12048 q_pkts=694 q_bytes=1043776 qdelay_l_ms=1.10249 qdelay_c_ms=37.6133 ecn_mark=255 drop=0
[QUEUE_STATS] t_ms=12064 q_pkts=553 q_bytes=831712 qdelay_l_ms=0.722325 qdelay_c_ms=48.5064 ecn_mark=255 drop=0
[QUEUE_STATS] t_ms=12080 q_pkts=710 q_bytes=1067308 qdelay_l_ms=0.517841 qdelay_c_ms=47.3723 ecn_mark=255 drop=0
[QUEUE_STATS] t_ms=12096 q_pkts=705 q_bytes=1059788 qdelay_l_ms=1.00516 qdelay_c_ms=47.7798 ecn_mark=255 drop=0
[QUEUE_STATS] t_ms=12112 q_pkts=700 q_bytes=1052268 qdelay_l_ms=0.678493 qdelay_c_ms=34.3866 ecn_mark=255 drop=0
[QUEUE_STATS] t_ms=12128 q_pkts=598 q_bytes=899392 qdelay_l_ms=0.718598 qdelay_c_ms=48.6528 ecn_mark=255 drop=0
[QUEUE_STATS] t_ms=12144 q_pkts=366 q_bytes=550464 qdelay_l_ms=1.10642 qdelay_c_ms=49.0405 ecn_mark=255 drop=0
[QUEUE_STATS] t_ms=12160 q_pkts=705 q_bytes=1059152 qdelay_l_ms=0.817413 qdelay_c_ms=47.9964 ecn_mark=255 drop=0
[QUEUE_STATS] t_ms=12176 q_pkts=711 q_bytes=1068176 qdelay_l_ms=1.05613 qdelay_c_ms=31.361 ecn_mark=255 drop=0
[QUEUE_STATS] t_ms=12192 q_pkts=654 q_bytes=982448 qdelay_l_ms=1.06724 qdelay_c_ms=45.6802 ecn_mark=255 drop=0
[QUEUE_STATS] t_ms=12208 q_pkts=422 q_bytes=634688 qdelay_l_ms=0.931097 qdelay_c_ms=48.0508 ecn_mark=255 drop=0
[QUEUE_STATS] t_ms=12224 q_pkts=706 q_bytes=1061824 qdelay_l_ms=0.595798 qdelay_c_ms=48.6253 ecn_mark=255 drop=0
[QUEUE_STATS] t_ms=12240 q_pkts=711 q_bytes=1069344 qdelay_l_ms=0.935275 qdelay_c_ms=27.4342 ecn_mark=255 drop=0
[QUEUE_STATS] t_ms=12256 q_pkts=713 q_bytes=1072352 qdelay_l_ms=1.09696 qdelay_c_ms=42.1902 ecn_mark=255 drop=0
[QUEUE_STATS] t_ms=12272 q_pkts=483 q_bytes=726432 qdelay_l_ms=0.925586 qdelay_c_ms=48.7644 ecn_mark=256 drop=0
[QUEUE_STATS] t_ms=12288 q_pkts=702 q_bytes=1054408 qdelay_l_ms=0.926629 qdelay_c_ms=48.9223 ecn_mark=256 drop=0
[QUEUE_STATS] t_ms=12304 q_pkts=713 q_bytes=1070952 qdelay_l_ms=1.16654 qdelay_c_ms=49.1231 ecn_mark=256 drop=0
[QUEUE_STATS] t_ms=12320 q_pkts=704 q_bytes=1057416 qdelay_l_ms=1.00062 qdelay_c_ms=38.4783 ecn_mark=256 drop=0
[QUEUE_STATS] t_ms=12336 q_pkts=540 q_bytes=812160 qdelay_l_ms=1.11184 qdelay_c_ms=47.8642 ecn_mark=256 drop=0
[QUEUE_STATS] t_ms=12352 q_pkts=704 q_bytes=1058516 qdelay_l_ms=0.125996 qdelay_c_ms=48.1916 ecn_mark=256 drop=0
[QUEUE_STATS] t_ms=12368 q_pkts=710 q_bytes=1067540 qdelay_l_ms=1.0058 qdelay_c_ms=48.5487 ecn_mark=256 drop=0
[QUEUE_STATS] t_ms=12384 q_pkts=702 q_bytes=1055508 qdelay_l_ms=0 qdelay_c_ms=34.9653 ecn_mark=256 drop=0
[QUEUE_STATS] t_ms=12400 q_pkts=599 q_bytes=900896 qdelay_l_ms=0.923542 qdelay_c_ms=48.6144 ecn_mark=256 drop=0
[QUEUE_STATS] t_ms=12416 q_pkts=367 q_bytes=551968 qdelay_l_ms=0.93245 qdelay_c_ms=49.2242 ecn_mark=256 drop=0
[QUEUE_STATS] t_ms=12432 q_pkts=704 q_bytes=1058816 qdelay_l_ms=1.06351 qdelay_c_ms=48.3002 ecn_mark=256 drop=0
[QUEUE_STATS] t_ms=12448 q_pkts=716 q_bytes=1076864 qdelay_l_ms=0.776857 qdelay_c_ms=31.1982 ecn_mark=256 drop=0
[QUEUE_STATS] t_ms=12464 q_pkts=662 q_bytes=995648 qdelay_l_ms=0.922431 qdelay_c_ms=45.893 ecn_mark=256 drop=0
[QUEUE_STATS] t_ms=12480 q_pkts=430 q_bytes=646720 qdelay_l_ms=1.0676 qdelay_c_ms=49.0011 ecn_mark=256 drop=0
[QUEUE_STATS] t_ms=12496 q_pkts=709 q_bytes=1064936 qdelay_l_ms=0.819177 qdelay_c_ms=48.9548 ecn_mark=256 drop=0
[QUEUE_STATS] t_ms=12512 q_pkts=704 q_bytes=1057416 qdelay_l_ms=0.796905 qdelay_c_ms=27.5675 ecn_mark=256 drop=0
[QUEUE_STATS] t_ms=12528 q_pkts=691 q_bytes=1037864 qdelay_l_ms=0.052138 qdelay_c_ms=40.9563 ecn_mark=256 drop=0
[QUEUE_STATS] t_ms=12544 q_pkts=485 q_bytes=729440 qdelay_l_ms=0.947568 qdelay_c_ms=48.8435 ecn_mark=256 drop=0
[QUEUE_STATS] t_ms=12560 q_pkts=706 q_bytes=1061524 qdelay_l_ms=0.919706 qdelay_c_ms=48.685 ecn_mark=256 drop=0
[QUEUE_STATS] t_ms=12576 q_pkts=705 q_bytes=1060020 qdelay_l_ms=1.03003 qdelay_c_ms=48.8979 ecn_mark=256 drop=0
[QUEUE_STATS] t_ms=12592 q_pkts=707 q_bytes=1063028 qdelay_l_ms=0.929584 qdelay_c_ms=38.2984 ecn_mark=256 drop=0
[QUEUE_STATS] t_ms=12608 q_pkts=544 q_bytes=818176 qdelay_l_ms=1.10058 qdelay_c_ms=48.8597 ecn_mark=256 drop=0
[QUEUE_STATS] t_ms=12624 q_pkts=709 q_bytes=1066336 qdelay_l_ms=0.139842 qdelay_c_ms=46.9876 ecn_mark=256 drop=0
[QUEUE_STATS] t_ms=12640 q_pkts=712 q_bytes=1070848 qdelay_l_ms=0.848402 qdelay_c_ms=48.6832 ecn_mark=256 drop=0
[QUEUE_STATS] t_ms=12656 q_pkts=704 q_bytes=1058816 qdelay_l_ms=0 qdelay_c_ms=34.9718 ecn_mark=256 drop=0
[QUEUE_STATS] t_ms=12672 q_pkts=605 q_bytes=909920 qdelay_l_ms=0.689904 qdelay_c_ms=48.692 ecn_mark=256 drop=0
[QUEUE_STATS] t_ms=12688 q_pkts=375 q_bytes=564000 qdelay_l_ms=0.92759 qdelay_c_ms=49.1027 ecn_mark=256 drop=0
[QUEUE_STATS] t_ms=12704 q_pkts=720 q_bytes=1081480 qdelay_l_ms=1.21888 qdelay_c_ms=49.9405 ecn_mark=256 drop=0
[QUEUE_STATS] t_ms=12720 q_pkts=711 q_bytes=1067944 qdelay_l_ms=0 qdelay_c_ms=30.7313 ecn_mark=256 drop=0
[QUEUE_STATS] t_ms=12736 q_pkts=662 q_bytes=994248 qdelay_l_ms=0.684835 qdelay_c_ms=45.5447 ecn_mark=256 drop=0
[QUEUE_STATS] t_ms=12752 q_pkts=429 q_bytes=645216 qdelay_l_ms=1.10142 qdelay_c_ms=49.1988 ecn_mark=256 drop=0
[QUEUE_STATS] t_ms=12768 q_pkts=716 q_bytes=1076564 qdelay_l_ms=1.14378 qdelay_c_ms=49 ecn_mark=256 drop=0
[QUEUE_STATS] t_ms=12784 q_pkts=708 q_bytes=1064532 qdelay_l_ms=1.06615 qdelay_c_ms=27.9088 ecn_mark=256 drop=0
[QUEUE_STATS] t_ms=12800 q_pkts=709 q_bytes=1066036 qdelay_l_ms=1.01427 qdelay_c_ms=42.1142 ecn_mark=256 drop=0
[QUEUE_STATS] t_ms=12816 q_pkts=491 q_bytes=738464 qdelay_l_ms=0.904337 qdelay_c_ms=48.6347 ecn_mark=256 drop=0
[QUEUE_STATS] t_ms=12832 q_pkts=709 q_bytes=1066336 qdelay_l_ms=0.907913 qdelay_c_ms=48.9309 ecn_mark=256 drop=0
[QUEUE_STATS] t_ms=12848 q_pkts=700 q_bytes=1052800 qdelay_l_ms=1.06466 qdelay_c_ms=49.21 ecn_mark=256 drop=0
[QUEUE_STATS] t_ms=12864 q_pkts=711 q_bytes=1069344 qdelay_l_ms=0.780614 qdelay_c_ms=38.0949 ecn_mark=256 drop=0
[QUEUE_STATS] t_ms=12880 q_pkts=551 q_bytes=828704 qdelay_l_ms=0.905389 qdelay_c_ms=49.5783 ecn_mark=256 drop=0
[QUEUE_STATS] t_ms=12896 q_pkts=721 q_bytes=1082984 qdelay_l_ms=0.890049 qdelay_c_ms=47.5258 ecn_mark=256 drop=0
[QUEUE_STATS] t_ms=12912 q_pkts=714 q_bytes=1072456 qdelay_l_ms=0.869271 qdelay_c_ms=48.7869 ecn_mark=256 drop=0
[QUEUE_STATS] t_ms=12928 q_pkts=713 q_bytes=1070952 qdelay_l_ms=0 qdelay_c_ms=34.95 ecn_mark=256 drop=0
[QUEUE_STATS] t_ms=12944 q_pkts=607 q_bytes=912928 qdelay_l_ms=1.10085 qdelay_c_ms=48.9643 ecn_mark=256 drop=0
[QUEUE_STATS] t_ms=12960 q_pkts=376 q_bytes=565504 qdelay_l_ms=0.683712 qdelay_c_ms=49.0854 ecn_mark=256 drop=0
[QUEUE_STATS] t_ms=12976 q_pkts=718 q_bytes=1078120 qdelay_l_ms=0.123932 qdelay_c_ms=49.1188 ecn_mark=256 drop=0
[QUEUE_STATS] t_ms=12992 q_pkts=724 q_bytes=1087144 qdelay_l_ms=0.728507 qdelay_c_ms=31.3396 ecn_mark=256 drop=0
[QUEUE_STATS] t_ms=13008 q_pkts=668 q_bytes=1004372 qdelay_l_ms=0.896081 qdelay_c_ms=45.6211 ecn_mark=256 drop=0
[QUEUE_STATS] t_ms=13024 q_pkts=437 q_bytes=657248 qdelay_l_ms=1.10045 qdelay_c_ms=48.7421 ecn_mark=256 drop=0
[QUEUE_STATS] t_ms=13040 q_pkts=710 q_bytes=1067840 qdelay_l_ms=1.03495 qdelay_c_ms=49.0302 ecn_mark=256 drop=0
[QUEUE_STATS] t_ms=13056 q_pkts=711 q_bytes=1069344 qdelay_l_ms=0.732935 qdelay_c_ms=27.5209 ecn_mark=256 drop=0
[QUEUE_STATS] t_ms=13072 q_pkts=713 q_bytes=1072352 qdelay_l_ms=1.16083 qdelay_c_ms=42.2723 ecn_mark=256 drop=0
[QUEUE_STATS] t_ms=13088 q_pkts=497 q_bytes=747488 qdelay_l_ms=1.09459 qdelay_c_ms=49.3523 ecn_mark=256 drop=0
[QUEUE_STATS] t_ms=13104 q_pkts=715 q_bytes=1073960 qdelay_l_ms=0.893657 qdelay_c_ms=48.9513 ecn_mark=256 drop=0
[QUEUE_STATS] t_ms=13120 q_pkts=705 q_bytes=1058920 qdelay_l_ms=1.09134 qdelay_c_ms=49.021 ecn_mark=256 drop=0
[QUEUE_STATS] t_ms=13136 q_pkts=716 q_bytes=1075464 qdelay_l_ms=1.14088 qdelay_c_ms=38.7316 ecn_mark=256 drop=0
[QUEUE_STATS] t_ms=13153 q_pkts=552 q_bytes=830208 qdelay_l_ms=1.07206 qdelay_c_ms=50.3122 ecn_mark=256 drop=0
[QUEUE_STATS] t_ms=13168 q_pkts=713 q_bytes=1072052 qdelay_l_ms=0.012674 qdelay_c_ms=49.3704 ecn_mark=256 drop=0
[QUEUE_STATS] t_ms=13184 q_pkts=719 q_bytes=1081076 qdelay_l_ms=1.00808 qdelay_c_ms=48.7315 ecn_mark=256 drop=0
[QUEUE_STATS] t_ms=13200 q_pkts=710 q_bytes=1067540 qdelay_l_ms=0 qdelay_c_ms=34.9707 ecn_mark=256 drop=0
[QUEUE_STATS] t_ms=13216 q_pkts=612 q_bytes=920448 qdelay_l_ms=1.05283 qdelay_c_ms=49.7685 ecn_mark=256 drop=0
[QUEUE_STATS] t_ms=13232 q_pkts=381 q_bytes=573024 qdelay_l_ms=0.889679 qdelay_c_ms=49.7891 ecn_mark=256 drop=0
[QUEUE_STATS] t_ms=13248 q_pkts=714 q_bytes=1073856 qdelay_l_ms=1.06629 qdelay_c_ms=49.8424 ecn_mark=256 drop=0
[QUEUE_STATS] t_ms=13264 q_pkts=723 q_bytes=1087392 qdelay_l_ms=1.07552 qdelay_c_ms=31.6795 ecn_mark=256 drop=0
[QUEUE_STATS] t_ms=13280 q_pkts=672 q_bytes=1010688 qdelay_l_ms=0.862418 qdelay_c_ms=45.7719 ecn_mark=256 drop=0
[QUEUE_STATS] t_ms=13297 q_pkts=441 q_bytes=663264 qdelay_l_ms=1.06708 qdelay_c_ms=50.245 ecn_mark=256 drop=0
[QUEUE_STATS] t_ms=13312 q_pkts=720 q_bytes=1081480 qdelay_l_ms=0.885741 qdelay_c_ms=48.9704 ecn_mark=256 drop=0
[QUEUE_STATS] t_ms=13328 q_pkts=723 q_bytes=1085992 qdelay_l_ms=1.16334 qdelay_c_ms=27.7982 ecn_mark=256 drop=0
[QUEUE_STATS] t_ms=13344 q_pkts=716 q_bytes=1075464 qdelay_l_ms=1.04129 qdelay_c_ms=42.4224 ecn_mark=256 drop=0
[QUEUE_STATS] t_ms=13360 q_pkts=496 q_bytes=745984 qdelay_l_ms=1.10631 qdelay_c_ms=48.8052 ecn_mark=256 drop=0
[QUEUE_STATS] t_ms=13376 q_pkts=715 q_bytes=1075060 qdelay_l_ms=0.74078 qdelay_c_ms=49.7207 ecn_mark=256 drop=0
[QUEUE_STATS] t_ms=13392 q_pkts=709 q_bytes=1066036 qdelay_l_ms=1.11368 qdelay_c_ms=50.2963 ecn_mark=256 drop=0
[QUEUE_STATS] t_ms=13408 q_pkts=713 q_bytes=1072052 qdelay_l_ms=0.880612 qdelay_c_ms=38.3955 ecn_mark=256 drop=0
[QUEUE_STATS] t_ms=13424 q_pkts=559 q_bytes=840736 qdelay_l_ms=1.10105 qdelay_c_ms=48.9153 ecn_mark=256 drop=0
[QUEUE_STATS] t_ms=13440 q_pkts=726 q_bytes=1091904 qdelay_l_ms=0.675918 qdelay_c_ms=49.7232 ecn_mark=256 drop=0
[QUEUE_STATS] t_ms=13456 q_pkts=718 q_bytes=1079872 qdelay_l_ms=1.00345 qdelay_c_ms=48.7642 ecn_mark=256 drop=0
[QUEUE_STATS] t_ms=13472 q_pkts=718 q_bytes=1079872 qdelay_l_ms=0.879701 qdelay_c_ms=35.2351 ecn_mark=256 drop=0
[QUEUE_STATS] t_ms=13488 q_pkts=616 q_bytes=926464 qdelay_l_ms=1.1065 qdelay_c_ms=49.5702 ecn_mark=256 drop=0
[QUEUE_STATS] t_ms=13504 q_pkts=386 q_bytes=580544 qdelay_l_ms=0.883668 qdelay_c_ms=49.8893 ecn_mark=256 drop=0
[QUEUE_STATS] t_ms=13520 q_pkts=709 q_bytes=1064936 qdelay_l_ms=0.864332 qdelay_c_ms=49.822 ecn_mark=256 drop=0
[QUEUE_STATS] t_ms=13536 q_pkts=715 q_bytes=1073960 qdelay_l_ms=1.02635 qdelay_c_ms=31.7459 ecn_mark=256 drop=0
[QUEUE_STATS] t_ms=13552 q_pkts=672 q_bytes=1009288 qdelay_l_ms=1.09304 qdelay_c_ms=45.8574 ecn_mark=256 drop=0
[QUEUE_STATS] t_ms=13568 q_pkts=440 q_bytes=661760 qdelay_l_ms=1.10864 qdelay_c_ms=49.6788 ecn_mark=256 drop=0
[QUEUE_STATS] t_ms=13584 q_pkts=714 q_bytes=1072972 qdelay_l_ms=0.873408 qdelay_c_ms=49.9756 ecn_mark=256 drop=0
[QUEUE_STATS] t_ms=13600 q_pkts=703 q_bytes=1056428 qdelay_l_ms=0 qdelay_c_ms=27.0783 ecn_mark=256 drop=0
[QUEUE_STATS] t_ms=13616 q_pkts=716 q_bytes=1075980 qdelay_l_ms=1.16111 qdelay_c_ms=42.5 ecn_mark=256 drop=0
[QUEUE_STATS] t_ms=13632 q_pkts=502 q_bytes=755008 qdelay_l_ms=1.01937 qdelay_c_ms=49.7561 ecn_mark=256 drop=0
[QUEUE_STATS] t_ms=13648 q_pkts=716 q_bytes=1076012 qdelay_l_ms=1.16376 qdelay_c_ms=48.6925 ecn_mark=256 drop=0
[QUEUE_STATS] t_ms=13664 q_pkts=717 q_bytes=1077516 qdelay_l_ms=0.557546 qdelay_c_ms=48.9508 ecn_mark=256 drop=0
[QUEUE_STATS] t_ms=13680 q_pkts=716 q_bytes=1076012 qdelay_l_ms=1.01829 qdelay_c_ms=38.4573 ecn_mark=256 drop=0
[QUEUE_STATS] t_ms=13696 q_pkts=559 q_bytes=840736 qdelay_l_ms=0.876424 qdelay_c_ms=49.9198 ecn_mark=256 drop=0
[QUEUE_STATS] t_ms=13712 q_pkts=729 q_bytes=1095016 qdelay_l_ms=0.842891 qdelay_c_ms=49.9162 ecn_mark=256 drop=0
[QUEUE_STATS] t_ms=13728 q_pkts=723 q_bytes=1085992 qdelay_l_ms=1.00753 qdelay_c_ms=50.7006 ecn_mark=256 drop=0
[QUEUE_STATS] t_ms=13744 q_pkts=716 q_bytes=1075464 qdelay_l_ms=0 qdelay_c_ms=35.2491 ecn_mark=256 drop=0
[QUEUE_STATS] t_ms=13760 q_pkts=616 q_bytes=926464 qdelay_l_ms=1.00925 qdelay_c_ms=49.6906 ecn_mark=256 drop=0
[QUEUE_STATS] t_ms=13776 q_pkts=386 q_bytes=580544 qdelay_l_ms=0.870804 qdelay_c_ms=49.937 ecn_mark=256 drop=0
[QUEUE_STATS] t_ms=13792 q_pkts=721 q_bytes=1083500 qdelay_l_ms=0.869451 qdelay_c_ms=49.5752 ecn_mark=256 drop=0
[QUEUE_STATS] t_ms=13808 q_pkts=721 q_bytes=1083500 qdelay_l_ms=1.14944 qdelay_c_ms=31.8652 ecn_mark=256 drop=0
[QUEUE_STATS] t_ms=13824 q_pkts=683 q_bytes=1026348 qdelay_l_ms=0.865674 qdelay_c_ms=45.6592 ecn_mark=256 drop=0
[QUEUE_STATS] t_ms=13840 q_pkts=453 q_bytes=681312 qdelay_l_ms=0.866836 qdelay_c_ms=49.6767 ecn_mark=256 drop=0
[QUEUE_STATS] t_ms=13856 q_pkts=722 q_bytes=1085036 qdelay_l_ms=1.19116 qdelay_c_ms=49.9999 ecn_mark=256 drop=0
[QUEUE_STATS] t_ms=13872 q_pkts=721 q_bytes=1083532 qdelay_l_ms=0.999796 qdelay_c_ms=26.9566 ecn_mark=256 drop=0
[QUEUE_STATS] t_ms=13888 q_pkts=708 q_bytes=1063980 qdelay_l_ms=1.10391 qdelay_c_ms=41.5421 ecn_mark=256 drop=0
[QUEUE_STATS] t_ms=13904 q_pkts=522 q_bytes=785088 qdelay_l_ms=1.10113 qdelay_c_ms=50.7079 ecn_mark=256 drop=0
[QUEUE_STATS] t_ms=13920 q_pkts=721 q_bytes=1082984 qdelay_l_ms=1.18661 qdelay_c_ms=50.1696 ecn_mark=256 drop=0
[QUEUE_STATS] t_ms=13936 q_pkts=721 q_bytes=1082984 qdelay_l_ms=1.03954 qdelay_c_ms=49.8583 ecn_mark=256 drop=0
[QUEUE_STATS] t_ms=13952 q_pkts=717 q_bytes=1076968 qdelay_l_ms=1.06732 qdelay_c_ms=36.6623 ecn_mark=256 drop=0
[QUEUE_STATS] t_ms=13969 q_pkts=593 q_bytes=891872 qdelay_l_ms=1.06758 qdelay_c_ms=50.2265 ecn_mark=256 drop=0
[QUEUE_STATS] t_ms=13984 q_pkts=394 q_bytes=592576 qdelay_l_ms=0.181661 qdelay_c_ms=50.1381 ecn_mark=256 drop=0
[QUEUE_STATS] t_ms=14000 q_pkts=728 q_bytes=1094028 qdelay_l_ms=0.760577 qdelay_c_ms=49.7299 ecn_mark=256 drop=0
[QUEUE_STATS] t_ms=14016 q_pkts=711 q_bytes=1068460 qdelay_l_ms=0.084428 qdelay_c_ms=31.6388 ecn_mark=256 drop=0
[QUEUE_STATS] t_ms=14032 q_pkts=670 q_bytes=1006796 qdelay_l_ms=1.10019 qdelay_c_ms=46.9691 ecn_mark=256 drop=0
[QUEUE_STATS] t_ms=14048 q_pkts=441 q_bytes=663264 qdelay_l_ms=0.989566 qdelay_c_ms=49.9614 ecn_mark=256 drop=0
[QUEUE_STATS] t_ms=14064 q_pkts=731 q_bytes=1098572 qdelay_l_ms=0.85805 qdelay_c_ms=50.7166 ecn_mark=256 drop=0
[QUEUE_STATS] t_ms=14080 q_pkts=726 q_bytes=1091052 qdelay_l_ms=0.764163 qdelay_c_ms=27.8443 ecn_mark=256 drop=0
[QUEUE_STATS] t_ms=14096 q_pkts=719 q_bytes=1080524 qdelay_l_ms=1.0672 qdelay_c_ms=42.0901 ecn_mark=256 drop=0
[QUEUE_STATS] t_ms=14112 q_pkts=511 q_bytes=768544 qdelay_l_ms=0.995347 qdelay_c_ms=49.8918 ecn_mark=256 drop=0
[QUEUE_STATS] t_ms=14128 q_pkts=730 q_bytes=1096520 qdelay_l_ms=1.22006 qdelay_c_ms=51.0146 ecn_mark=256 drop=0
[QUEUE_STATS] t_ms=14144 q_pkts=721 q_bytes=1082984 qdelay_l_ms=1.07093 qdelay_c_ms=50.8507 ecn_mark=256 drop=0
[QUEUE_STATS] t_ms=14160 q_pkts=723 q_bytes=1085992 qdelay_l_ms=1.14436 qdelay_c_ms=37.7765 ecn_mark=256 drop=0
[QUEUE_STATS] t_ms=14176 q_pkts=581 q_bytes=873824 qdelay_l_ms=0 qdelay_c_ms=49.3511 ecn_mark=256 drop=0
[QUEUE_STATS] t_ms=14192 q_pkts=558 q_bytes=839232 qdelay_l_ms=0 qdelay_c_ms=49.4315 ecn_mark=256 drop=0
[QUEUE_STATS] t_ms=14208 q_pkts=712 q_bytes=1069964 qdelay_l_ms=0 qdelay_c_ms=50.6632 ecn_mark=256 drop=0
[QUEUE_STATS] t_ms=14224 q_pkts=721 q_bytes=1083500 qdelay_l_ms=1.00893 qdelay_c_ms=33.6464 ecn_mark=256 drop=0
[QUEUE_STATS] t_ms=14240 q_pkts=656 q_bytes=985740 qdelay_l_ms=0.852559 qdelay_c_ms=47.6302 ecn_mark=256 drop=0
[QUEUE_STATS] t_ms=14256 q_pkts=427 q_bytes=642208 qdelay_l_ms=0.849553 qdelay_c_ms=49.8225 ecn_mark=256 drop=0
[QUEUE_STATS] t_ms=14272 q_pkts=719 q_bytes=1080524 qdelay_l_ms=0.849253 qdelay_c_ms=50.9521 ecn_mark=256 drop=0
[QUEUE_STATS] t_ms=14288 q_pkts=729 q_bytes=1095564 qdelay_l_ms=0.971783 qdelay_c_ms=28.789 ecn_mark=256 drop=0
[QUEUE_STATS] t_ms=14304 q_pkts=721 q_bytes=1083532 qdelay_l_ms=0.971653 qdelay_c_ms=42.6787 ecn_mark=256 drop=0
[QUEUE_STATS] t_ms=14320 q_pkts=502 q_bytes=755008 qdelay_l_ms=0.852209 qdelay_c_ms=50.7734 ecn_mark=256 drop=0
[QUEUE_STATS] t_ms=14336 q_pkts=725 q_bytes=1089000 qdelay_l_ms=0.846658 qdelay_c_ms=50.0907 ecn_mark=256 drop=0
[QUEUE_STATS] t_ms=14352 q_pkts=722 q_bytes=1084488 qdelay_l_ms=0.849313 qdelay_c_ms=49.9503 ecn_mark=256 drop=0
[QUEUE_STATS] t_ms=14368 q_pkts=718 q_bytes=1078472 qdelay_l_ms=0.848742 qdelay_c_ms=37.8741 ecn_mark=256 drop=0
[QUEUE_STATS] t_ms=14384 q_pkts=585 q_bytes=879840 qdelay_l_ms=1.05575 qdelay_c_ms=50.4295 ecn_mark=256 drop=0
[QUEUE_STATS] t_ms=14400 q_pkts=707 q_bytes=1062444 qdelay_l_ms=0.047138 qdelay_c_ms=49.2997 ecn_mark=256 drop=0
[QUEUE_STATS] t_ms=14416 q_pkts=727 q_bytes=1092524 qdelay_l_ms=0.147607 qdelay_c_ms=50.2917 ecn_mark=256 drop=0
[QUEUE_STATS] t_ms=14432 q_pkts=724 q_bytes=1088012 qdelay_l_ms=0 qdelay_c_ms=33.3977 ecn_mark=256 drop=0
[QUEUE_STATS] t_ms=14448 q_pkts=641 q_bytes=963180 qdelay_l_ms=1.09896 qdelay_c_ms=48.8413 ecn_mark=256 drop=0
[QUEUE_STATS] t_ms=14464 q_pkts=413 q_bytes=621152 qdelay_l_ms=1.10101 qdelay_c_ms=50.7104 ecn_mark=256 drop=0
[QUEUE_STATS] t_ms=14480 q_pkts=712 q_bytes=1069996 qdelay_l_ms=0.105037 qdelay_c_ms=49.211 ecn_mark=256 drop=0
[QUEUE_STATS] t_ms=14496 q_pkts=729 q_bytes=1095564 qdelay_l_ms=0.938601 qdelay_c_ms=29.8833 ecn_mark=256 drop=0
[QUEUE_STATS] t_ms=14512 q_pkts=723 q_bytes=1086540 qdelay_l_ms=0.791385 qdelay_c_ms=43.7878 ecn_mark=256 drop=0
[QUEUE_STATS] t_ms=14528 q_pkts=493 q_bytes=741472 qdelay_l_ms=1.13691 qdelay_c_ms=49.9878 ecn_mark=256 drop=0
[QUEUE_STATS] t_ms=14544 q_pkts=725 q_bytes=1089000 qdelay_l_ms=0.086262 qdelay_c_ms=49.2739 ecn_mark=256 drop=0
[QUEUE_STATS] t_ms=14560 q_pkts=726 q_bytes=1090504 qdelay_l_ms=0.850746 qdelay_c_ms=49.9913 ecn_mark=256 drop=0
[QUEUE_STATS] t_ms=14576 q_pkts=723 q_bytes=1085992 qdelay_l_ms=1.03732 qdelay_c_ms=39.3525 ecn_mark=256 drop=0
[QUEUE_STATS] t_ms=14592 q_pkts=563 q_bytes=846752 qdelay_l_ms=1.13868 qdelay_c_ms=50.8033 ecn_mark=256 drop=0
[QUEUE_STATS] t_ms=14608 q_pkts=718 q_bytes=1078988 qdelay_l_ms=0.114505 qdelay_c_ms=50.2121 ecn_mark=256 drop=0
[QUEUE_STATS] t_ms=14624 q_pkts=738 q_bytes=1109068 qdelay_l_ms=0.779522 qdelay_c_ms=50.5554 ecn_mark=256 drop=0
[QUEUE_STATS] t_ms=14640 q_pkts=727 q_bytes=1092524 qdelay_l_ms=1.04472 qdelay_c_ms=34.7413 ecn_mark=256 drop=0
[QUEUE_STATS] t_ms=14656 q_pkts=634 q_bytes=952652 qdelay_l_ms=0.859473 qdelay_c_ms=49.2961 ecn_mark=256 drop=0
[QUEUE_STATS] t_ms=14672 q_pkts=403 q_bytes=606112 qdelay_l_ms=0 qdelay_c_ms=50.6342 ecn_mark=256 drop=0
[QUEUE_STATS] t_ms=14688 q_pkts=719 q_bytes=1080524 qdelay_l_ms=0.835007 qdelay_c_ms=51.0169 ecn_mark=256 drop=0
[QUEUE_STATS] t_ms=14704 q_pkts=736 q_bytes=1106092 qdelay_l_ms=1.17504 qdelay_c_ms=30.6085 ecn_mark=256 drop=0
[QUEUE_STATS] t_ms=14720 q_pkts=710 q_bytes=1066988 qdelay_l_ms=1.10049 qdelay_c_ms=45.3539 ecn_mark=256 drop=0
[QUEUE_STATS] t_ms=14736 q_pkts=480 q_bytes=721920 qdelay_l_ms=1.14196 qdelay_c_ms=51.7879 ecn_mark=256 drop=0
[QUEUE_STATS] t_ms=14752 q_pkts=729 q_bytes=1095016 qdelay_l_ms=0.800451 qdelay_c_ms=50.4969 ecn_mark=256 drop=0
[QUEUE_STATS] t_ms=14768 q_pkts=728 q_bytes=1093512 qdelay_l_ms=1.17869 qdelay_c_ms=50.6327 ecn_mark=256 drop=0
[QUEUE_STATS] t_ms=14784 q_pkts=734 q_bytes=1102536 qdelay_l_ms=1.19548 qdelay_c_ms=40.6612 ecn_mark=256 drop=0
[QUEUE_STATS] t_ms=14800 q_pkts=550 q_bytes=827200 qdelay_l_ms=0.838283 qdelay_c_ms=50.7759 ecn_mark=256 drop=0
[QUEUE_STATS] t_ms=14816 q_pkts=726 q_bytes=1091872 qdelay_l_ms=0.753123 qdelay_c_ms=50.7223 ecn_mark=256 drop=0
[QUEUE_STATS] t_ms=14832 q_pkts=721 q_bytes=1084352 qdelay_l_ms=1.00927 qdelay_c_ms=51.6506 ecn_mark=256 drop=0
[QUEUE_STATS] t_ms=14848 q_pkts=726 q_bytes=1091872 qdelay_l_ms=1.17538 qdelay_c_ms=36.0336 ecn_mark=256 drop=0
[QUEUE_STATS] t_ms=14864 q_pkts=619 q_bytes=930976 qdelay_l_ms=1.14346 qdelay_c_ms=50.7094 ecn_mark=256 drop=0
[QUEUE_STATS] t_ms=14880 q_pkts=429 q_bytes=645216 qdelay_l_ms=0.291527 qdelay_c_ms=49.4746 ecn_mark=256 drop=0
[QUEUE_STATS] t_ms=14896 q_pkts=738 q_bytes=1109684 qdelay_l_ms=0.772389 qdelay_c_ms=50.4643 ecn_mark=256 drop=0
[QUEUE_STATS] t_ms=14912 q_pkts=735 q_bytes=1105172 qdelay_l_ms=0.897854 qdelay_c_ms=31.9313 ecn_mark=256 drop=0
[QUEUE_STATS] t_ms=14928 q_pkts=684 q_bytes=1028468 qdelay_l_ms=0.862448 qdelay_c_ms=46.5074 ecn_mark=256 drop=0
[QUEUE_STATS] t_ms=14944 q_pkts=456 q_bytes=685824 qdelay_l_ms=1.13656 qdelay_c_ms=51.7936 ecn_mark=256 drop=0
[QUEUE_STATS] t_ms=14960 q_pkts=729 q_bytes=1095016 qdelay_l_ms=1.0691 qdelay_c_ms=51.0444 ecn_mark=256 drop=0
[QUEUE_STATS] t_ms=14976 q_pkts=729 q_bytes=1095016 qdelay_l_ms=1.06005 qdelay_c_ms=28.1661 ecn_mark=256 drop=0
[QUEUE_STATS] t_ms=14992 q_pkts=732 q_bytes=1099528 qdelay_l_ms=1.19205 qdelay_c_ms=42.263 ecn_mark=256 drop=0
[QUEUE_STATS] t_ms=15008 q_pkts=523 q_bytes=786592 qdelay_l_ms=1.15482 qdelay_c_ms=50.975 ecn_mark=256 drop=0
[QUEUE_STATS] t_ms=15024 q_pkts=738 q_bytes=1109920 qdelay_l_ms=1.23416 qdelay_c_ms=51.101 ecn_mark=256 drop=0
[QUEUE_STATS] t_ms=15040 q_pkts=729 q_bytes=1096384 qdelay_l_ms=1.14049 qdelay_c_ms=52.0715 ecn_mark=256 drop=0
[QUEUE_STATS] t_ms=15056 q_pkts=734 q_bytes=1103904 qdelay_l_ms=1.21789 qdelay_c_ms=37.8174 ecn_mark=256 drop=0
[QUEUE_STATS] t_ms=15072 q_pkts=596 q_bytes=896384 qdelay_l_ms=1.02344 qdelay_c_ms=51.2849 ecn_mark=256 drop=0
[QUEUE_STATS] t_ms=15088 q_pkts=642 q_bytes=965568 qdelay_l_ms=0 qdelay_c_ms=49.2397 ecn_mark=256 drop=0
[QUEUE_STATS] t_ms=15104 q_pkts=709 q_bytes=1066068 qdelay_l_ms=0 qdelay_c_ms=49.3923 ecn_mark=256 drop=0
[QUEUE_STATS] t_ms=15120 q_pkts=729 q_bytes=1096148 qdelay_l_ms=0.707106 qdelay_c_ms=33.6269 ecn_mark=256 drop=0
[QUEUE_STATS] t_ms=15136 q_pkts=661 q_bytes=993876 qdelay_l_ms=0.839074 qdelay_c_ms=48.3831 ecn_mark=256 drop=0
[QUEUE_STATS] t_ms=15152 q_pkts=433 q_bytes=651232 qdelay_l_ms=0.826461 qdelay_c_ms=51.771 ecn_mark=256 drop=0
[QUEUE_STATS] t_ms=15168 q_pkts=733 q_bytes=1101300 qdelay_l_ms=1.06868 qdelay_c_ms=52.1342 ecn_mark=256 drop=0
[QUEUE_STATS] t_ms=15184 q_pkts=731 q_bytes=1098292 qdelay_l_ms=1.06846 qdelay_c_ms=29.9543 ecn_mark=256 drop=0
[QUEUE_STATS] t_ms=15200 q_pkts=723 q_bytes=1086260 qdelay_l_ms=0.789791 qdelay_c_ms=43.8925 ecn_mark=256 drop=0
[QUEUE_STATS] t_ms=15216 q_pkts=494 q_bytes=742976 qdelay_l_ms=0.821611 qdelay_c_ms=50.9091 ecn_mark=256 drop=0
[QUEUE_STATS] t_ms=15232 q_pkts=732 q_bytes=1100628 qdelay_l_ms=1.1983 qdelay_c_ms=50.9216 ecn_mark=256 drop=0
[QUEUE_STATS] t_ms=15248 q_pkts=728 q_bytes=1094612 qdelay_l_ms=0 qdelay_c_ms=51.2734 ecn_mark=256 drop=0
[QUEUE_STATS] t_ms=15264 q_pkts=728 q_bytes=1094612 qdelay_l_ms=0.829045 qdelay_c_ms=39.4082 ecn_mark=256 drop=0
[QUEUE_STATS] t_ms=15280 q_pkts=573 q_bytes=861792 qdelay_l_ms=1.14993 qdelay_c_ms=51.9172 ecn_mark=256 drop=0
[QUEUE_STATS] t_ms=15296 q_pkts=731 q_bytes=1099424 qdelay_l_ms=0.927881 qdelay_c_ms=50.8332 ecn_mark=256 drop=0
[QUEUE_STATS] t_ms=15312 q_pkts=732 q_bytes=1100928 qdelay_l_ms=0.908555 qdelay_c_ms=52.4337 ecn_mark=256 drop=0
[QUEUE_STATS] t_ms=15328 q_pkts=741 q_bytes=1114464 qdelay_l_ms=1.20248 qdelay_c_ms=34.3926 ecn_mark=256 drop=0
[QUEUE_STATS] t_ms=15344 q_pkts=646 q_bytes=971584 qdelay_l_ms=0 qdelay_c_ms=48.3721 ecn_mark=256 drop=0
[QUEUE_STATS] t_ms=15360 q_pkts=418 q_bytes=628672 qdelay_l_ms=0 qdelay_c_ms=51.7863 ecn_mark=256 drop=0
[QUEUE_STATS] t_ms=15376 q_pkts=741 q_bytes=1113064 qdelay_l_ms=1.04191 qdelay_c_ms=52.0052 ecn_mark=256 drop=0
[QUEUE_STATS] t_ms=15392 q_pkts=739 q_bytes=1110056 qdelay_l_ms=0.784552 qdelay_c_ms=29.6393 ecn_mark=256 drop=0
[QUEUE_STATS] t_ms=15408 q_pkts=727 q_bytes=1092008 qdelay_l_ms=0.823725 qdelay_c_ms=44.4631 ecn_mark=256 drop=0
[QUEUE_STATS] t_ms=15424 q_pkts=500 q_bytes=752000 qdelay_l_ms=1.14926 qdelay_c_ms=51.7118 ecn_mark=256 drop=0
[QUEUE_STATS] t_ms=15440 q_pkts=730 q_bytes=1097620 qdelay_l_ms=1.07369 qdelay_c_ms=51.1188 ecn_mark=256 drop=0
[QUEUE_STATS] t_ms=15456 q_pkts=731 q_bytes=1099124 qdelay_l_ms=0.653436 qdelay_c_ms=50.7668 ecn_mark=256 drop=0
[QUEUE_STATS] t_ms=15472 q_pkts=728 q_bytes=1094612 qdelay_l_ms=1.01897 qdelay_c_ms=39.6012 ecn_mark=256 drop=0
[QUEUE_STATS] t_ms=15488 q_pkts=571 q_bytes=858784 qdelay_l_ms=0.810861 qdelay_c_ms=51.5928 ecn_mark=256 drop=0
[QUEUE_STATS] t_ms=15504 q_pkts=726 q_bytes=1091904 qdelay_l_ms=0 qdelay_c_ms=50.2939 ecn_mark=256 drop=0
[QUEUE_STATS] t_ms=15520 q_pkts=747 q_bytes=1123488 qdelay_l_ms=0.963347 qdelay_c_ms=50.7864 ecn_mark=256 drop=0
[QUEUE_STATS] t_ms=15536 q_pkts=741 q_bytes=1114464 qdelay_l_ms=1.1969 qdelay_c_ms=35.3875 ecn_mark=256 drop=0
[QUEUE_STATS] t_ms=15552 q_pkts=664 q_bytes=998656 qdelay_l_ms=1.13226 qdelay_c_ms=49.1322 ecn_mark=256 drop=0
[QUEUE_STATS] t_ms=15568 q_pkts=420 q_bytes=631680 qdelay_l_ms=0 qdelay_c_ms=52.0462 ecn_mark=256 drop=0
[QUEUE_STATS] t_ms=15584 q_pkts=730 q_bytes=1096520 qdelay_l_ms=1.15935 qdelay_c_ms=51.9281 ecn_mark=256 drop=0
[QUEUE_STATS] t_ms=15600 q_pkts=733 q_bytes=1101032 qdelay_l_ms=1.06351 qdelay_c_ms=30.8299 ecn_mark=256 drop=0
[QUEUE_STATS] t_ms=15616 q_pkts=718 q_bytes=1078472 qdelay_l_ms=1.1508 qdelay_c_ms=45.2916 ecn_mark=256 drop=0
[QUEUE_STATS] t_ms=15632 q_pkts=490 q_bytes=736960 qdelay_l_ms=1.15211 qdelay_c_ms=51.7668 ecn_mark=256 drop=0
[QUEUE_STATS] t_ms=15648 q_pkts=744 q_bytes=1118676 qdelay_l_ms=1.20315 qdelay_c_ms=51.8472 ecn_mark=256 drop=0
[QUEUE_STATS] t_ms=15664 q_pkts=742 q_bytes=1115668 qdelay_l_ms=0.830788 qdelay_c_ms=51.6849 ecn_mark=256 drop=0
[QUEUE_STATS] t_ms=15680 q_pkts=738 q_bytes=1109652 qdelay_l_ms=1.22015 qdelay_c_ms=39.8025 ecn_mark=256 drop=0
[QUEUE_STATS] t_ms=15696 q_pkts=577 q_bytes=867808 qdelay_l_ms=0.7887 qdelay_c_ms=51.6879 ecn_mark=256 drop=0
[QUEUE_STATS] t_ms=15712 q_pkts=745 q_bytes=1120464 qdelay_l_ms=1.21107 qdelay_c_ms=51.0685 ecn_mark=256 drop=0
[QUEUE_STATS] t_ms=15728 q_pkts=744 q_bytes=1118960 qdelay_l_ms=1.20139 qdelay_c_ms=51.0766 ecn_mark=256 drop=0
[QUEUE_STATS] t_ms=15744 q_pkts=739 q_bytes=1111440 qdelay_l_ms=1.17912 qdelay_c_ms=35.0897 ecn_mark=256 drop=0
[QUEUE_STATS] t_ms=15760 q_pkts=662 q_bytes=995632 qdelay_l_ms=1.13452 qdelay_c_ms=49.2517 ecn_mark=256 drop=0
[QUEUE_STATS] t_ms=15776 q_pkts=420 q_bytes=631680 qdelay_l_ms=0.774593 qdelay_c_ms=51.6367 ecn_mark=256 drop=0
[QUEUE_STATS] t_ms=15792 q_pkts=746 q_bytes=1120600 qdelay_l_ms=1.2051 qdelay_c_ms=51.9272 ecn_mark=256 drop=0
[QUEUE_STATS] t_ms=15808 q_pkts=741 q_bytes=1113080 qdelay_l_ms=0 qdelay_c_ms=29.5389 ecn_mark=256 drop=0
[QUEUE_STATS] t_ms=15824 q_pkts=729 q_bytes=1095032 qdelay_l_ms=0.701777 qdelay_c_ms=44.0209 ecn_mark=256 drop=0
[QUEUE_STATS] t_ms=15840 q_pkts=502 q_bytes=755008 qdelay_l_ms=0.79412 qdelay_c_ms=51.7339 ecn_mark=256 drop=0
[QUEUE_STATS] t_ms=15856 q_pkts=737 q_bytes=1108148 qdelay_l_ms=1.04793 qdelay_c_ms=52.1294 ecn_mark=256 drop=0
[QUEUE_STATS] t_ms=15872 q_pkts=735 q_bytes=1105140 qdelay_l_ms=1.01365 qdelay_c_ms=53.0621 ecn_mark=256 drop=0
[QUEUE_STATS] t_ms=15888 q_pkts=733 q_bytes=1102132 qdelay_l_ms=1.06557 qdelay_c_ms=38.7775 ecn_mark=256 drop=0
[QUEUE_STATS] t_ms=15904 q_pkts=552 q_bytes=830208 qdelay_l_ms=1.15371 qdelay_c_ms=52.0902 ecn_mark=256 drop=0
[QUEUE_STATS] t_ms=15920 q_pkts=747 q_bytes=1123472 qdelay_l_ms=0.809408 qdelay_c_ms=50.9373 ecn_mark=256 drop=0
[QUEUE_STATS] t_ms=15936 q_pkts=743 q_bytes=1117456 qdelay_l_ms=1.00929 qdelay_c_ms=50.756 ecn_mark=256 drop=0
[QUEUE_STATS] t_ms=15952 q_pkts=736 q_bytes=1106928 qdelay_l_ms=0 qdelay_c_ms=36.2004 ecn_mark=256 drop=0
[QUEUE_STATS] t_ms=15968 q_pkts=643 q_bytes=967056 qdelay_l_ms=1.07444 qdelay_c_ms=50.619 ecn_mark=256 drop=0
[QUEUE_STATS] t_ms=15984 q_pkts=402 q_bytes=604608 qdelay_l_ms=1.0752 qdelay_c_ms=51.963 ecn_mark=256 drop=0
[QUEUE_STATS] t_ms=16000 q_pkts=736 q_bytes=1105560 qdelay_l_ms=0.652203 qdelay_c_ms=52.0437 ecn_mark=256 drop=0
[QUEUE_STATS] t_ms=16016 q_pkts=740 q_bytes=1111576 qdelay_l_ms=0 qdelay_c_ms=31.5234 ecn_mark=256 drop=0
[QUEUE_STATS] t_ms=16032 q_pkts=699 q_bytes=1049912 qdelay_l_ms=1.06734 qdelay_c_ms=46.1608 ecn_mark=256 drop=0
[QUEUE_STATS] t_ms=16048 q_pkts=474 q_bytes=712896 qdelay_l_ms=0.75647 qdelay_c_ms=51.804 ecn_mark=256 drop=0
[QUEUE_STATS] t_ms=16064 q_pkts=744 q_bytes=1118676 qdelay_l_ms=1.1849 qdelay_c_ms=51.1235 ecn_mark=256 drop=0
[QUEUE_STATS] t_ms=16080 q_pkts=734 q_bytes=1103636 qdelay_l_ms=0.135333 qdelay_c_ms=51.3996 ecn_mark=256 drop=0
[QUEUE_STATS] t_ms=16096 q_pkts=742 q_bytes=1115668 qdelay_l_ms=1.18274 qdelay_c_ms=41.7062 ecn_mark=256 drop=0
[QUEUE_STATS] t_ms=16112 q_pkts=560 q_bytes=842240 qdelay_l_ms=1.07624 qdelay_c_ms=53.0082 ecn_mark=256 drop=0
[QUEUE_STATS] t_ms=16128 q_pkts=749 q_bytes=1126480 qdelay_l_ms=0.792828 qdelay_c_ms=51.6512 ecn_mark=256 drop=0
[QUEUE_STATS] t_ms=16144 q_pkts=746 q_bytes=1121968 qdelay_l_ms=1.00922 qdelay_c_ms=51.6443 ecn_mark=256 drop=0
[QUEUE_STATS] t_ms=16160 q_pkts=738 q_bytes=1109936 qdelay_l_ms=1.17061 qdelay_c_ms=36.4936 ecn_mark=256 drop=0
[QUEUE_STATS] t_ms=16176 q_pkts=646 q_bytes=971568 qdelay_l_ms=1.14071 qdelay_c_ms=51.0644 ecn_mark=256 drop=0
[QUEUE_STATS] t_ms=16192 q_pkts=406 q_bytes=610624 qdelay_l_ms=1.14222 qdelay_c_ms=52.0232 ecn_mark=256 drop=0
[QUEUE_STATS] t_ms=16208 q_pkts=745 q_bytes=1119096 qdelay_l_ms=1.18859 qdelay_c_ms=52.068 ecn_mark=256 drop=0
[QUEUE_STATS] t_ms=16224 q_pkts=740 q_bytes=1111576 qdelay_l_ms=0.984317 qdelay_c_ms=31.7218 ecn_mark=256 drop=0
[QUEUE_STATS] t_ms=16240 q_pkts=708 q_bytes=1063448 qdelay_l_ms=1.15757 qdelay_c_ms=46.1398 ecn_mark=256 drop=0
[QUEUE_STATS] t_ms=16256 q_pkts=481 q_bytes=723424 qdelay_l_ms=0.736051 qdelay_c_ms=51.8566 ecn_mark=256 drop=0
[QUEUE_STATS] t_ms=16272 q_pkts=749 q_bytes=1126196 qdelay_l_ms=0.784461 qdelay_c_ms=51.7159 ecn_mark=256 drop=0
[QUEUE_STATS] t_ms=16288 q_pkts=745 q_bytes=1120180 qdelay_l_ms=0.190818 qdelay_c_ms=52.3638 ecn_mark=256 drop=0
[QUEUE_STATS] t_ms=16304 q_pkts=737 q_bytes=1108148 qdelay_l_ms=0.795151 qdelay_c_ms=41.2354 ecn_mark=256 drop=0
[QUEUE_STATS] t_ms=16320 q_pkts=517 q_bytes=777568 qdelay_l_ms=1.12755 qdelay_c_ms=52.7168 ecn_mark=256 drop=0
[QUEUE_STATS] t_ms=16336 q_pkts=746 q_bytes=1121968 qdelay_l_ms=1.17311 qdelay_c_ms=51.642 ecn_mark=256 drop=0
[QUEUE_STATS] t_ms=16352 q_pkts=745 q_bytes=1120464 qdelay_l_ms=0.981882 qdelay_c_ms=52.029 ecn_mark=256 drop=0
[QUEUE_STATS] t_ms=16368 q_pkts=742 q_bytes=1115952 qdelay_l_ms=1.17957 qdelay_c_ms=38.6659 ecn_mark=256 drop=0
[QUEUE_STATS] t_ms=16384 q_pkts=562 q_bytes=845248 qdelay_l_ms=1.08962 qdelay_c_ms=52.823 ecn_mark=256 drop=0
[QUEUE_STATS] t_ms=16400 q_pkts=746 q_bytes=1120600 qdelay_l_ms=1.15515 qdelay_c_ms=53.0907 ecn_mark=256 drop=0
[QUEUE_STATS] t_ms=16416 q_pkts=745 q_bytes=1119096 qdelay_l_ms=0.689363 qdelay_c_ms=52.4165 ecn_mark=256 drop=0
[QUEUE_STATS] t_ms=16432 q_pkts=741 q_bytes=1113080 qdelay_l_ms=0 qdelay_c_ms=36.3577 ecn_mark=256 drop=0
[QUEUE_STATS] t_ms=16448 q_pkts=639 q_bytes=959672 qdelay_l_ms=1.14331 qdelay_c_ms=50.6486 ecn_mark=256 drop=0
[QUEUE_STATS] t_ms=16464 q_pkts=412 q_bytes=619648 qdelay_l_ms=1.15393 qdelay_c_ms=53.0772 ecn_mark=256 drop=0
[QUEUE_STATS] t_ms=16480 q_pkts=742 q_bytes=1115668 qdelay_l_ms=1.17352 qdelay_c_ms=52.7288 ecn_mark=256 drop=0
[QUEUE_STATS] t_ms=16496 q_pkts=749 q_bytes=1126196 qdelay_l_ms=0.993844 qdelay_c_ms=30.2026 ecn_mark=256 drop=0
[QUEUE_STATS] t_ms=16512 q_pkts=732 q_bytes=1100628 qdelay_l_ms=1.13035 qdelay_c_ms=45.1297 ecn_mark=256 drop=0
[QUEUE_STATS] t_ms=16528 q_pkts=507 q_bytes=762528 qdelay_l_ms=1.083 qdelay_c_ms=53.0881 ecn_mark=256 drop=0
[QUEUE_STATS] t_ms=16544 q_pkts=742 q_bytes=1115952 qdelay_l_ms=1.16286 qdelay_c_ms=52.0983 ecn_mark=256 drop=0
[QUEUE_STATS] t_ms=16560 q_pkts=744 q_bytes=1118960 qdelay_l_ms=1.12991 qdelay_c_ms=52.3148 ecn_mark=256 drop=0
[QUEUE_STATS] t_ms=16576 q_pkts=742 q_bytes=1115952 qdelay_l_ms=0.779833 qdelay_c_ms=40.049 ecn_mark=256 drop=0
[QUEUE_STATS] t_ms=16592 q_pkts=584 q_bytes=878336 qdelay_l_ms=0.779532 qdelay_c_ms=52.8168 ecn_mark=256 drop=0
[QUEUE_STATS] t_ms=16608 q_pkts=700 q_bytes=1052800 qdelay_l_ms=0 qdelay_c_ms=52.2688 ecn_mark=256 drop=0
[QUEUE_STATS] t_ms=16624 q_pkts=744 q_bytes=1117592 qdelay_l_ms=1.00515 qdelay_c_ms=52.8518 ecn_mark=256 drop=0
[QUEUE_STATS] t_ms=16640 q_pkts=746 q_bytes=1120600 qdelay_l_ms=1.07616 qdelay_c_ms=34.2921 ecn_mark=256 drop=0
[QUEUE_STATS] t_ms=16656 q_pkts=626 q_bytes=940120 qdelay_l_ms=1.13732 qdelay_c_ms=48.8709 ecn_mark=256 drop=0
[QUEUE_STATS] t_ms=16672 q_pkts=400 q_bytes=601600 qdelay_l_ms=1.13809 qdelay_c_ms=51.9668 ecn_mark=256 drop=0
[QUEUE_STATS] t_ms=16688 q_pkts=726 q_bytes=1091604 qdelay_l_ms=0 qdelay_c_ms=51.681 ecn_mark=256 drop=0
[QUEUE_STATS] t_ms=16704 q_pkts=743 q_bytes=1117172 qdelay_l_ms=1.15883 qdelay_c_ms=31.4683 ecn_mark=256 drop=0
[QUEUE_STATS] t_ms=16720 q_pkts=679 q_bytes=1020916 qdelay_l_ms=1.14929 qdelay_c_ms=46.1964 ecn_mark=256 drop=0
[QUEUE_STATS] t_ms=16736 q_pkts=453 q_bytes=681312 qdelay_l_ms=0.780705 qdelay_c_ms=53.6636 ecn_mark=256 drop=0
[QUEUE_STATS] t_ms=16752 q_pkts=753 q_bytes=1132496 qdelay_l_ms=1.15672 qdelay_c_ms=51.7844 ecn_mark=256 drop=0
[QUEUE_STATS] t_ms=16768 q_pkts=747 q_bytes=1123472 qdelay_l_ms=1.14194 qdelay_c_ms=28.984 ecn_mark=256 drop=0
[QUEUE_STATS] t_ms=16784 q_pkts=749 q_bytes=1126480 qdelay_l_ms=1.15037 qdelay_c_ms=43.5684 ecn_mark=256 drop=0
[QUEUE_STATS] t_ms=16800 q_pkts=539 q_bytes=810656 qdelay_l_ms=0.782167 qdelay_c_ms=52.7904 ecn_mark=256 drop=0
[QUEUE_STATS] t_ms=16816 q_pkts=748 q_bytes=1123608 qdelay_l_ms=1.14971 qdelay_c_ms=52.7669 ecn_mark=256 drop=0
[QUEUE_STATS] t_ms=16832 q_pkts=746 q_bytes=1120600 qdelay_l_ms=1.10388 qdelay_c_ms=52.8641 ecn_mark=256 drop=0
[QUEUE_STATS] t_ms=16848 q_pkts=751 q_bytes=1128120 qdelay_l_ms=1.1525 qdelay_c_ms=37.9415 ecn_mark=256 drop=0
[QUEUE_STATS] t_ms=16864 q_pkts=615 q_bytes=924960 qdelay_l_ms=0.094256 qdelay_c_ms=51.9659 ecn_mark=256 drop=0
[QUEUE_STATS] t_ms=16880 q_pkts=532 q_bytes=800128 qdelay_l_ms=0 qdelay_c_ms=52.157 ecn_mark=256 drop=0
[QUEUE_STATS] t_ms=16896 q_pkts=761 q_bytes=1144244 qdelay_l_ms=0.881363 qdelay_c_ms=53.2893 ecn_mark=256 drop=0
[QUEUE_STATS] t_ms=16912 q_pkts=746 q_bytes=1121684 qdelay_l_ms=0.769754 qdelay_c_ms=33.5466 ecn_mark=256 drop=0
[QUEUE_STATS] t_ms=16928 q_pkts=698 q_bytes=1049492 qdelay_l_ms=0.765045 qdelay_c_ms=47.6471 ecn_mark=256 drop=0
[QUEUE_STATS] t_ms=16945 q_pkts=470 q_bytes=706880 qdelay_l_ms=0 qdelay_c_ms=54.0681 ecn_mark=256 drop=0
[QUEUE_STATS] t_ms=16960 q_pkts=742 q_bytes=1115952 qdelay_l_ms=0.77811 qdelay_c_ms=52.8636 ecn_mark=256 drop=0
[QUEUE_STATS] t_ms=16976 q_pkts=749 q_bytes=1126480 qdelay_l_ms=1.1339 qdelay_c_ms=53.0796 ecn_mark=256 drop=0
[QUEUE_STATS] t_ms=16992 q_pkts=739 q_bytes=1111440 qdelay_l_ms=1.14451 qdelay_c_ms=42.3284 ecn_mark=256 drop=0
[QUEUE_STATS] t_ms=17008 q_pkts=515 q_bytes=774560 qdelay_l_ms=1.14279 qdelay_c_ms=54.0155 ecn_mark=256 drop=0
[QUEUE_STATS] t_ms=17024 q_pkts=750 q_bytes=1126616 qdelay_l_ms=0.13848 qdelay_c_ms=53.1389 ecn_mark=256 drop=0
[QUEUE_STATS] t_ms=17040 q_pkts=754 q_bytes=1132632 qdelay_l_ms=1.1769 qdelay_c_ms=53.0432 ecn_mark=256 drop=0
[QUEUE_STATS] t_ms=17056 q_pkts=746 q_bytes=1120600 qdelay_l_ms=0.752722 qdelay_c_ms=38.139 ecn_mark=256 drop=0
[QUEUE_STATS] t_ms=17072 q_pkts=579 q_bytes=870816 qdelay_l_ms=1.07745 qdelay_c_ms=52.3837 ecn_mark=256 drop=0
[QUEUE_STATS] t_ms=17088 q_pkts=745 q_bytes=1120180 qdelay_l_ms=0 qdelay_c_ms=52.3694 ecn_mark=256 drop=0
[QUEUE_STATS] t_ms=17104 q_pkts=752 q_bytes=1130708 qdelay_l_ms=0.937598 qdelay_c_ms=52.6837 ecn_mark=256 drop=0
[QUEUE_STATS] t_ms=17120 q_pkts=747 q_bytes=1123188 qdelay_l_ms=0 qdelay_c_ms=36.1647 ecn_mark=256 drop=0
[QUEUE_STATS] t_ms=17136 q_pkts=654 q_bytes=983316 qdelay_l_ms=1.14917 qdelay_c_ms=50.7541 ecn_mark=256 drop=0
[QUEUE_STATS] t_ms=17152 q_pkts=430 q_bytes=646720 qdelay_l_ms=1.13455 qdelay_c_ms=53.1373 ecn_mark=256 drop=0
[QUEUE_STATS] t_ms=17168 q_pkts=745 q_bytes=1120464 qdelay_l_ms=0.772039 qdelay_c_ms=52.9171 ecn_mark=256 drop=0
[QUEUE_STATS] t_ms=17184 q_pkts=750 q_bytes=1127984 qdelay_l_ms=1.13737 qdelay_c_ms=30.9974 ecn_mark=257 drop=0
[QUEUE_STATS] t_ms=17200 q_pkts=742 q_bytes=1115952 qdelay_l_ms=0.134823 qdelay_c_ms=44.7813 ecn_mark=257 drop=0
[QUEUE_STATS] t_ms=17216 q_pkts=520 q_bytes=782080 qdelay_l_ms=1.13459 qdelay_c_ms=52.89 ecn_mark=257 drop=0
[QUEUE_STATS] t_ms=17232 q_pkts=752 q_bytes=1129624 qdelay_l_ms=1.14664 qdelay_c_ms=52.6949 ecn_mark=257 drop=0
[QUEUE_STATS] t_ms=17248 q_pkts=763 q_bytes=1146168 qdelay_l_ms=0.796244 qdelay_c_ms=53.7398 ecn_mark=257 drop=0
[QUEUE_STATS] t_ms=17264 q_pkts=752 q_bytes=1129624 qdelay_l_ms=1.19967 qdelay_c_ms=39.6435 ecn_mark=257 drop=0
[QUEUE_STATS] t_ms=17280 q_pkts=603 q_bytes=906912 qdelay_l_ms=1.13706 qdelay_c_ms=53.6255 ecn_mark=257 drop=0
[QUEUE_STATS] t_ms=17296 q_pkts=550 q_bytes=827200 qdelay_l_ms=0 qdelay_c_ms=52.2812 ecn_mark=257 drop=0
[QUEUE_STATS] t_ms=17312 q_pkts=751 q_bytes=1129204 qdelay_l_ms=0.757271 qdelay_c_ms=53.7035 ecn_mark=257 drop=0
[QUEUE_STATS] t_ms=17328 q_pkts=752 q_bytes=1130708 qdelay_l_ms=1.03448 qdelay_c_ms=33.6303 ecn_mark=257 drop=0
[QUEUE_STATS] t_ms=17344 q_pkts=655 q_bytes=984820 qdelay_l_ms=1.13681 qdelay_c_ms=48.0389 ecn_mark=257 drop=0
[QUEUE_STATS] t_ms=17360 q_pkts=429 q_bytes=645216 qdelay_l_ms=0.76241 qdelay_c_ms=52.8864 ecn_mark=257 drop=0
[QUEUE_STATS] t_ms=17376 q_pkts=751 q_bytes=1129488 qdelay_l_ms=1.11899 qdelay_c_ms=52.7058 ecn_mark=257 drop=0
[QUEUE_STATS] t_ms=17392 q_pkts=751 q_bytes=1129488 qdelay_l_ms=1.12846 qdelay_c_ms=30.8486 ecn_mark=257 drop=0
[QUEUE_STATS] t_ms=17408 q_pkts=701 q_bytes=1054288 qdelay_l_ms=0.755867 qdelay_c_ms=44.9145 ecn_mark=257 drop=0
[QUEUE_STATS] t_ms=17424 q_pkts=477 q_bytes=717408 qdelay_l_ms=1.1287 qdelay_c_ms=53.9184 ecn_mark=257 drop=0
[QUEUE_STATS] t_ms=17440 q_pkts=753 q_bytes=1131128 qdelay_l_ms=1.12422 qdelay_c_ms=53.8195 ecn_mark=257 drop=0
[QUEUE_STATS] t_ms=17456 q_pkts=747 q_bytes=1122104 qdelay_l_ms=1.11658 qdelay_c_ms=53.1493 ecn_mark=257 drop=0
[QUEUE_STATS] t_ms=17472 q_pkts=751 q_bytes=1128120 qdelay_l_ms=0.753132 qdelay_c_ms=42.2423 ecn_mark=257 drop=0
[QUEUE_STATS] t_ms=17488 q_pkts=564 q_bytes=848256 qdelay_l_ms=0.763513 qdelay_c_ms=53.5817 ecn_mark=257 drop=0
[QUEUE_STATS] t_ms=17504 q_pkts=744 q_bytes=1118676 qdelay_l_ms=0.102793 qdelay_c_ms=53.3983 ecn_mark=257 drop=0
[QUEUE_STATS] t_ms=17520 q_pkts=756 q_bytes=1136724 qdelay_l_ms=0.892334 qdelay_c_ms=53.71 ecn_mark=257 drop=0
[QUEUE_STATS] t_ms=17536 q_pkts=752 q_bytes=1130708 qdelay_l_ms=1.13394 qdelay_c_ms=36.3902 ecn_mark=257 drop=0
[QUEUE_STATS] t_ms=17552 q_pkts=663 q_bytes=996852 qdelay_l_ms=1.11694 qdelay_c_ms=50.8006 ecn_mark=257 drop=0
[QUEUE_STATS] t_ms=17568 q_pkts=433 q_bytes=651232 qdelay_l_ms=1.12616 qdelay_c_ms=52.3596 ecn_mark=257 drop=0
[QUEUE_STATS] t_ms=17584 q_pkts=747 q_bytes=1123472 qdelay_l_ms=0 qdelay_c_ms=52.5357 ecn_mark=257 drop=0
[QUEUE_STATS] t_ms=17600 q_pkts=752 q_bytes=1130992 qdelay_l_ms=0.749396 qdelay_c_ms=30.553 ecn_mark=257 drop=0
[QUEUE_STATS] t_ms=17616 q_pkts=705 q_bytes=1060304 qdelay_l_ms=1.14757 qdelay_c_ms=45.605 ecn_mark=257 drop=0
[QUEUE_STATS] t_ms=17632 q_pkts=482 q_bytes=724928 qdelay_l_ms=1.11852 qdelay_c_ms=55.0279 ecn_mark=257 drop=0
[QUEUE_STATS] t_ms=17648 q_pkts=762 q_bytes=1144664 qdelay_l_ms=1.11624 qdelay_c_ms=53.9581 ecn_mark=257 drop=0
[QUEUE_STATS] t_ms=17664 q_pkts=758 q_bytes=1138648 qdelay_l_ms=0.194615 qdelay_c_ms=53.3928 ecn_mark=257 drop=0
[QUEUE_STATS] t_ms=17680 q_pkts=751 q_bytes=1128120 qdelay_l_ms=1.11742 qdelay_c_ms=41.8923 ecn_mark=257 drop=0
[QUEUE_STATS] t_ms=17696 q_pkts=531 q_bytes=798624 qdelay_l_ms=1.11825 qdelay_c_ms=52.7501 ecn_mark=257 drop=0
[QUEUE_STATS] t_ms=17712 q_pkts=757 q_bytes=1138228 qdelay_l_ms=0.744156 qdelay_c_ms=52.6764 ecn_mark=257 drop=0
[QUEUE_STATS] t_ms=17728 q_pkts=759 q_bytes=1141236 qdelay_l_ms=1.11688 qdelay_c_ms=54.2102 ecn_mark=257 drop=0
[QUEUE_STATS] t_ms=17744 q_pkts=753 q_bytes=1132212 qdelay_l_ms=0.740669 qdelay_c_ms=38.8173 ecn_mark=257 drop=0
[QUEUE_STATS] t_ms=17760 q_pkts=619 q_bytes=930976 qdelay_l_ms=1.10489 qdelay_c_ms=53.5662 ecn_mark=257 drop=0
[QUEUE_STATS] t_ms=17776 q_pkts=551 q_bytes=828704 qdelay_l_ms=0 qdelay_c_ms=52.3994 ecn_mark=257 drop=0
[QUEUE_STATS] t_ms=17792 q_pkts=754 q_bytes=1134000 qdelay_l_ms=1.11187 qdelay_c_ms=53.9536 ecn_mark=257 drop=0
[QUEUE_STATS] t_ms=17808 q_pkts=754 q_bytes=1134000 qdelay_l_ms=0 qdelay_c_ms=33.4573 ecn_mark=257 drop=0
[QUEUE_STATS] t_ms=17824 q_pkts=709 q_bytes=1066320 qdelay_l_ms=1.10928 qdelay_c_ms=48.0303 ecn_mark=257 drop=0
[QUEUE_STATS] t_ms=17840 q_pkts=485 q_bytes=729440 qdelay_l_ms=1.07902 qdelay_c_ms=54.0211 ecn_mark=257 drop=0
[QUEUE_STATS] t_ms=17856 q_pkts=757 q_bytes=1137144 qdelay_l_ms=0.18104 qdelay_c_ms=53.2013 ecn_mark=257 drop=0
[QUEUE_STATS] t_ms=17872 q_pkts=752 q_bytes=1129624 qdelay_l_ms=0.151975 qdelay_c_ms=53.034 ecn_mark=257 drop=0
[QUEUE_STATS] t_ms=17888 q_pkts=764 q_bytes=1147672 qdelay_l_ms=1.10691 qdelay_c_ms=41.6698 ecn_mark=257 drop=0
[QUEUE_STATS] t_ms=17904 q_pkts=539 q_bytes=810656 qdelay_l_ms=0.755557 qdelay_c_ms=53.7805 ecn_mark=257 drop=0
[QUEUE_STATS] t_ms=17920 q_pkts=758 q_bytes=1139732 qdelay_l_ms=1.10503 qdelay_c_ms=53.8645 ecn_mark=257 drop=0
[QUEUE_STATS] t_ms=17936 q_pkts=757 q_bytes=1138228 qdelay_l_ms=1.17293 qdelay_c_ms=53.9069 ecn_mark=257 drop=0
[QUEUE_STATS] t_ms=17952 q_pkts=752 q_bytes=1130708 qdelay_l_ms=1.10295 qdelay_c_ms=37.6786 ecn_mark=257 drop=0
[QUEUE_STATS] t_ms=17968 q_pkts=593 q_bytes=891572 qdelay_l_ms=0.89018 qdelay_c_ms=52.5028 ecn_mark=257 drop=0
[QUEUE_STATS] t_ms=17984 q_pkts=708 q_bytes=1064832 qdelay_l_ms=0 qdelay_c_ms=53.3112 ecn_mark=257 drop=0
[QUEUE_STATS] t_ms=18000 q_pkts=763 q_bytes=1147536 qdelay_l_ms=0.971994 qdelay_c_ms=53.807 ecn_mark=257 drop=0
[QUEUE_STATS] t_ms=18016 q_pkts=765 q_bytes=1150544 qdelay_l_ms=1.10144 qdelay_c_ms=34.6836 ecn_mark=257 drop=0
[QUEUE_STATS] t_ms=18032 q_pkts=652 q_bytes=980592 qdelay_l_ms=0.753223 qdelay_c_ms=48.71 ecn_mark=257 drop=0
[QUEUE_STATS] t_ms=18048 q_pkts=429 q_bytes=645216 qdelay_l_ms=0.752502 qdelay_c_ms=53.6913 ecn_mark=257 drop=0
[QUEUE_STATS] t_ms=18064 q_pkts=754 q_bytes=1132632 qdelay_l_ms=0.748784 qdelay_c_ms=53.731 ecn_mark=257 drop=0
[QUEUE_STATS] t_ms=18080 q_pkts=755 q_bytes=1134136 qdelay_l_ms=1.0991 qdelay_c_ms=30.8729 ecn_mark=257 drop=0
[QUEUE_STATS] t_ms=18096 q_pkts=754 q_bytes=1132632 qdelay_l_ms=1.10024 qdelay_c_ms=45.5799 ecn_mark=257 drop=0
[QUEUE_STATS] t_ms=18112 q_pkts=531 q_bytes=798624 qdelay_l_ms=1.1004 qdelay_c_ms=54.9958 ecn_mark=257 drop=0
[QUEUE_STATS] t_ms=18128 q_pkts=765 q_bytes=1150260 qdelay_l_ms=1.08709 qdelay_c_ms=54.0285 ecn_mark=257 drop=0
[QUEUE_STATS] t_ms=18144 q_pkts=743 q_bytes=1117172 qdelay_l_ms=0.095258 qdelay_c_ms=53.2427 ecn_mark=257 drop=0
[QUEUE_STATS] t_ms=18160 q_pkts=764 q_bytes=1148756 qdelay_l_ms=0.588965 qdelay_c_ms=38.4953 ecn_mark=257 drop=0
[QUEUE_STATS] t_ms=18176 q_pkts=584 q_bytes=878336 qdelay_l_ms=0.74644 qdelay_c_ms=53.1767 ecn_mark=257 drop=0
[QUEUE_STATS] t_ms=18192 q_pkts=760 q_bytes=1143040 qdelay_l_ms=0.941406 qdelay_c_ms=53.808 ecn_mark=257 drop=0
[QUEUE_STATS] t_ms=18208 q_pkts=759 q_bytes=1141536 qdelay_l_ms=1.00752 qdelay_c_ms=53.7944 ecn_mark=257 drop=0
[QUEUE_STATS] t_ms=18224 q_pkts=745 q_bytes=1120480 qdelay_l_ms=0.094487 qdelay_c_ms=34.896 ecn_mark=257 drop=0
[QUEUE_STATS] t_ms=18240 q_pkts=641 q_bytes=964064 qdelay_l_ms=1.09532 qdelay_c_ms=49.7289 ecn_mark=257 drop=0
[QUEUE_STATS] t_ms=18256 q_pkts=417 q_bytes=627168 qdelay_l_ms=1.09797 qdelay_c_ms=54.9457 ecn_mark=257 drop=0
[QUEUE_STATS] t_ms=18272 q_pkts=756 q_bytes=1135624 qdelay_l_ms=0.160721 qdelay_c_ms=54.1791 ecn_mark=257 drop=0
[QUEUE_STATS] t_ms=18288 q_pkts=761 q_bytes=1143144 qdelay_l_ms=1.1042 qdelay_c_ms=31.8972 ecn_mark=257 drop=0
[QUEUE_STATS] t_ms=18304 q_pkts=698 q_bytes=1048392 qdelay_l_ms=1.09064 qdelay_c_ms=46.4136 ecn_mark=257 drop=0
[QUEUE_STATS] t_ms=18320 q_pkts=474 q_bytes=712896 qdelay_l_ms=1.09325 qdelay_c_ms=54.9032 ecn_mark=257 drop=0
[QUEUE_STATS] t_ms=18336 q_pkts=753 q_bytes=1132212 qdelay_l_ms=1.09201 qdelay_c_ms=53.8254 ecn_mark=257 drop=0
[QUEUE_STATS] t_ms=18352 q_pkts=756 q_bytes=1136724 qdelay_l_ms=1.0912 qdelay_c_ms=55.0024 ecn_mark=257 drop=0
[QUEUE_STATS] t_ms=18368 q_pkts=752 q_bytes=1130708 qdelay_l_ms=0.734839 qdelay_c_ms=42.1338 ecn_mark=257 drop=0
[QUEUE_STATS] t_ms=18384 q_pkts=574 q_bytes=863296 qdelay_l_ms=1.09014 qdelay_c_ms=54.6482 ecn_mark=257 drop=0
[QUEUE_STATS] t_ms=18400 q_pkts=763 q_bytes=1147552 qdelay_l_ms=0.726753 qdelay_c_ms=53.9452 ecn_mark=257 drop=0
[QUEUE_STATS] t_ms=18416 q_pkts=752 q_bytes=1131008 qdelay_l_ms=0.104786 qdelay_c_ms=54.2337 ecn_mark=257 drop=0
[QUEUE_STATS] t_ms=18432 q_pkts=758 q_bytes=1140032 qdelay_l_ms=1.19025 qdelay_c_ms=37.3491 ecn_mark=257 drop=0
[QUEUE_STATS] t_ms=18448 q_pkts=678 q_bytes=1019712 qdelay_l_ms=1.07561 qdelay_c_ms=51.3255 ecn_mark=257 drop=0
[QUEUE_STATS] t_ms=18464 q_pkts=440 q_bytes=661760 qdelay_l_ms=1.15447 qdelay_c_ms=55.1836 ecn_mark=257 drop=0
[QUEUE_STATS] t_ms=18480 q_pkts=764 q_bytes=1147656 qdelay_l_ms=1.07315 qdelay_c_ms=54.4642 ecn_mark=257 drop=0
[QUEUE_STATS] t_ms=18496 q_pkts=763 q_bytes=1146152 qdelay_l_ms=0.73562 qdelay_c_ms=30.8202 ecn_mark=257 drop=0
[QUEUE_STATS] t_ms=18512 q_pkts=715 q_bytes=1073960 qdelay_l_ms=1.08072 qdelay_c_ms=45.2292 ecn_mark=257 drop=0
[QUEUE_STATS] t_ms=18528 q_pkts=492 q_bytes=739968 qdelay_l_ms=1.08355 qdelay_c_ms=54.8123 ecn_mark=257 drop=0
[QUEUE_STATS] t_ms=18544 q_pkts=773 q_bytes=1162292 qdelay_l_ms=0.72494 qdelay_c_ms=53.5526 ecn_mark=257 drop=0
[QUEUE_STATS] t_ms=18560 q_pkts=765 q_bytes=1150260 qdelay_l_ms=1.05452 qdelay_c_ms=55.2091 ecn_mark=257 drop=0
[QUEUE_STATS] t_ms=18576 q_pkts=760 q_bytes=1142740 qdelay_l_ms=1.08021 qdelay_c_ms=41.1807 ecn_mark=257 drop=0
[QUEUE_STATS] t_ms=18592 q_pkts=549 q_bytes=825696 qdelay_l_ms=0.737874 qdelay_c_ms=54.7478 ecn_mark=257 drop=0
[QUEUE_STATS] t_ms=18608 q_pkts=765 q_bytes=1150560 qdelay_l_ms=1.07843 qdelay_c_ms=54.9522 ecn_mark=257 drop=0
[QUEUE_STATS] t_ms=18624 q_pkts=764 q_bytes=1149056 qdelay_l_ms=1.12629 qdelay_c_ms=55.1945 ecn_mark=257 drop=0
[QUEUE_STATS] t_ms=18640 q_pkts=766 q_bytes=1152064 qdelay_l_ms=1.01184 qdelay_c_ms=37.4061 ecn_mark=257 drop=0
[QUEUE_STATS] t_ms=18656 q_pkts=621 q_bytes=933984 qdelay_l_ms=1.13502 qdelay_c_ms=52.294 ecn_mark=257 drop=0
[QUEUE_STATS] t_ms=18672 q_pkts=513 q_bytes=771552 qdelay_l_ms=0 qdelay_c_ms=54.3146 ecn_mark=257 drop=0
[QUEUE_STATS] t_ms=18688 q_pkts=767 q_bytes=1152168 qdelay_l_ms=0.721263 qdelay_c_ms=54.6232 ecn_mark=257 drop=0
[QUEUE_STATS] t_ms=18704 q_pkts=765 q_bytes=1149160 qdelay_l_ms=0.91678 qdelay_c_ms=33.6143 ecn_mark=257 drop=0
[QUEUE_STATS] t_ms=18720 q_pkts=674 q_bytes=1012296 qdelay_l_ms=0.599956 qdelay_c_ms=47.6064 ecn_mark=257 drop=0
[QUEUE_STATS] t_ms=18736 q_pkts=452 q_bytes=679808 qdelay_l_ms=1.06479 qdelay_c_ms=53.6636 ecn_mark=257 drop=0
[QUEUE_STATS] t_ms=18752 q_pkts=765 q_bytes=1150260 qdelay_l_ms=1.09385 qdelay_c_ms=55.0873 ecn_mark=257 drop=0
[QUEUE_STATS] t_ms=18768 q_pkts=766 q_bytes=1151764 qdelay_l_ms=1.07807 qdelay_c_ms=54.7745 ecn_mark=257 drop=0
[QUEUE_STATS] t_ms=18784 q_pkts=767 q_bytes=1153268 qdelay_l_ms=1.06077 qdelay_c_ms=44.4873 ecn_mark=257 drop=0
[QUEUE_STATS] t_ms=18800 q_pkts=556 q_bytes=836224 qdelay_l_ms=1.07663 qdelay_c_ms=55.3951 ecn_mark=257 drop=0
[QUEUE_STATS] t_ms=18816 q_pkts=766 q_bytes=1152064 qdelay_l_ms=0.918934 qdelay_c_ms=54.9105 ecn_mark=257 drop=0
[QUEUE_STATS] t_ms=18832 q_pkts=767 q_bytes=1153568 qdelay_l_ms=0.684384 qdelay_c_ms=54.8414 ecn_mark=257 drop=0
[QUEUE_STATS] t_ms=18848 q_pkts=764 q_bytes=1149056 qdelay_l_ms=0.716274 qdelay_c_ms=37.8241 ecn_mark=257 drop=0
[QUEUE_STATS] t_ms=18864 q_pkts=656 q_bytes=986624 qdelay_l_ms=0.890902 qdelay_c_ms=52.5717 ecn_mark=257 drop=0
[QUEUE_STATS] t_ms=18880 q_pkts=435 q_bytes=654240 qdelay_l_ms=0.727234 qdelay_c_ms=54.6422 ecn_mark=257 drop=0
[QUEUE_STATS] t_ms=18896 q_pkts=765 q_bytes=1149160 qdelay_l_ms=0.108002 qdelay_c_ms=54.2172 ecn_mark=257 drop=0
[QUEUE_STATS] t_ms=18912 q_pkts=767 q_bytes=1152168 qdelay_l_ms=1.06949 qdelay_c_ms=31.0055 ecn_mark=257 drop=0
[QUEUE_STATS] t_ms=18928 q_pkts=719 q_bytes=1079976 qdelay_l_ms=1.06909 qdelay_c_ms=45.2541 ecn_mark=257 drop=0
[QUEUE_STATS] t_ms=18944 q_pkts=495 q_bytes=744480 qdelay_l_ms=1.07037 qdelay_c_ms=54.8407 ecn_mark=257 drop=0
[QUEUE_STATS] t_ms=18960 q_pkts=776 q_bytes=1166804 qdelay_l_ms=1.05626 qdelay_c_ms=54.7594 ecn_mark=257 drop=0
[QUEUE_STATS] t_ms=18976 q_pkts=780 q_bytes=1172820 qdelay_l_ms=1.06803 qdelay_c_ms=55.9867 ecn_mark=257 drop=0
[QUEUE_STATS] t_ms=18992 q_pkts=765 q_bytes=1150260 qdelay_l_ms=1.06452 qdelay_c_ms=41.5197 ecn_mark=257 drop=0
[QUEUE_STATS] t_ms=19008 q_pkts=559 q_bytes=840736 qdelay_l_ms=1.06797 qdelay_c_ms=55.7513 ecn_mark=257 drop=0
[QUEUE_STATS] t_ms=19024 q_pkts=777 q_bytes=1168608 qdelay_l_ms=1.06367 qdelay_c_ms=54.941 ecn_mark=257 drop=0
[QUEUE_STATS] t_ms=19040 q_pkts=768 q_bytes=1155072 qdelay_l_ms=1.07481 qdelay_c_ms=55.2616 ecn_mark=257 drop=0
[QUEUE_STATS] t_ms=19056 q_pkts=762 q_bytes=1146048 qdelay_l_ms=1.05841 qdelay_c_ms=38.3605 ecn_mark=257 drop=0
[QUEUE_STATS] t_ms=19072 q_pkts=609 q_bytes=915936 qdelay_l_ms=0 qdelay_c_ms=52.4377 ecn_mark=257 drop=0
[QUEUE_STATS] t_ms=19088 q_pkts=596 q_bytes=896384 qdelay_l_ms=0 qdelay_c_ms=54.1586 ecn_mark=257 drop=0
[QUEUE_STATS] t_ms=19104 q_pkts=770 q_bytes=1156680 qdelay_l_ms=0.709311 qdelay_c_ms=54.9188 ecn_mark=257 drop=0
[QUEUE_STATS] t_ms=19120 q_pkts=770 q_bytes=1156680 qdelay_l_ms=0 qdelay_c_ms=33.7777 ecn_mark=257 drop=0
[QUEUE_STATS] t_ms=19136 q_pkts=720 q_bytes=1081480 qdelay_l_ms=1.05828 qdelay_c_ms=48.2067 ecn_mark=257 drop=0
[QUEUE_STATS] t_ms=19152 q_pkts=498 q_bytes=748992 qdelay_l_ms=1.06039 qdelay_c_ms=54.706 ecn_mark=257 drop=0
[QUEUE_STATS] t_ms=19168 q_pkts=778 q_bytes=1169812 qdelay_l_ms=1.059 qdelay_c_ms=55.9349 ecn_mark=257 drop=0
[QUEUE_STATS] t_ms=19184 q_pkts=781 q_bytes=1174324 qdelay_l_ms=1.05961 qdelay_c_ms=55.9951 ecn_mark=257 drop=0
[QUEUE_STATS] t_ms=19200 q_pkts=765 q_bytes=1150260 qdelay_l_ms=1.06732 qdelay_c_ms=41.8191 ecn_mark=258 drop=0
[QUEUE_STATS] t_ms=19216 q_pkts=559 q_bytes=840736 qdelay_l_ms=1.05818 qdelay_c_ms=55.8061 ecn_mark=258 drop=0
[QUEUE_STATS] t_ms=19232 q_pkts=776 q_bytes=1167104 qdelay_l_ms=1.05512 qdelay_c_ms=55.0042 ecn_mark=258 drop=0
[QUEUE_STATS] t_ms=19248 q_pkts=768 q_bytes=1155072 qdelay_l_ms=1.12356 qdelay_c_ms=54.8893 ecn_mark=258 drop=0
[QUEUE_STATS] t_ms=19264 q_pkts=766 q_bytes=1152064 qdelay_l_ms=1.05829 qdelay_c_ms=38.276 ecn_mark=258 drop=0
[QUEUE_STATS] t_ms=19280 q_pkts=617 q_bytes=927968 qdelay_l_ms=0.871445 qdelay_c_ms=52.832 ecn_mark=258 drop=0
[QUEUE_STATS] t_ms=19296 q_pkts=606 q_bytes=911424 qdelay_l_ms=0 qdelay_c_ms=55.1567 ecn_mark=258 drop=0
[QUEUE_STATS] t_ms=19312 q_pkts=773 q_bytes=1161192 qdelay_l_ms=1.05014 qdelay_c_ms=55.7103 ecn_mark=258 drop=0
[QUEUE_STATS] t_ms=19328 q_pkts=764 q_bytes=1147656 qdelay_l_ms=0 qdelay_c_ms=33.7443 ecn_mark=258 drop=0
[QUEUE_STATS] t_ms=19344 q_pkts=677 q_bytes=1016808 qdelay_l_ms=1.05425 qdelay_c_ms=48.4114 ecn_mark=258 drop=0
[QUEUE_STATS] t_ms=19360 q_pkts=456 q_bytes=685824 qdelay_l_ms=1.05045 qdelay_c_ms=55.9816 ecn_mark=258 drop=0
[QUEUE_STATS] t_ms=19377 q_pkts=778 q_bytes=1169812 qdelay_l_ms=1.27289 qdelay_c_ms=56.1765 ecn_mark=258 drop=0
[QUEUE_STATS] t_ms=19392 q_pkts=770 q_bytes=1157780 qdelay_l_ms=1.06419 qdelay_c_ms=55.9368 ecn_mark=258 drop=0
[QUEUE_STATS] t_ms=19408 q_pkts=769 q_bytes=1156276 qdelay_l_ms=1.04825 qdelay_c_ms=44.7337 ecn_mark=258 drop=0
[QUEUE_STATS] t_ms=19424 q_pkts=569 q_bytes=855776 qdelay_l_ms=0.713399 qdelay_c_ms=56.5945 ecn_mark=258 drop=0
[QUEUE_STATS] t_ms=19440 q_pkts=773 q_bytes=1162592 qdelay_l_ms=1.06307 qdelay_c_ms=55.22 ecn_mark=258 drop=0
[QUEUE_STATS] t_ms=19456 q_pkts=774 q_bytes=1164096 qdelay_l_ms=1.10039 qdelay_c_ms=55.8268 ecn_mark=258 drop=0
[QUEUE_STATS] t_ms=19472 q_pkts=769 q_bytes=1156576 qdelay_l_ms=1.06242 qdelay_c_ms=38.0639 ecn_mark=258 drop=0
[QUEUE_STATS] t_ms=19488 q_pkts=618 q_bytes=929472 qdelay_l_ms=0.098214 qdelay_c_ms=51.9989 ecn_mark=258 drop=0
[QUEUE_STATS] t_ms=19504 q_pkts=575 q_bytes=864800 qdelay_l_ms=0 qdelay_c_ms=55.0412 ecn_mark=258 drop=0
[QUEUE_STATS] t_ms=19520 q_pkts=774 q_bytes=1162696 qdelay_l_ms=1.10187 qdelay_c_ms=56.0314 ecn_mark=258 drop=0
[QUEUE_STATS] t_ms=19536 q_pkts=772 q_bytes=1159688 qdelay_l_ms=1.04432 qdelay_c_ms=33.6415 ecn_mark=258 drop=0
[QUEUE_STATS] t_ms=19552 q_pkts=681 q_bytes=1022824 qdelay_l_ms=1.04649 qdelay_c_ms=48.2392 ecn_mark=258 drop=0
[QUEUE_STATS] t_ms=19568 q_pkts=459 q_bytes=690336 qdelay_l_ms=1.05957 qdelay_c_ms=55.9582 ecn_mark=258 drop=0
[QUEUE_STATS] t_ms=19584 q_pkts=785 q_bytes=1180640 qdelay_l_ms=1.11114 qdelay_c_ms=55.9408 ecn_mark=258 drop=0
[QUEUE_STATS] t_ms=19600 q_pkts=773 q_bytes=1162592 qdelay_l_ms=1.04628 qdelay_c_ms=55.7754 ecn_mark=258 drop=0
[QUEUE_STATS] t_ms=19616 q_pkts=745 q_bytes=1120480 qdelay_l_ms=1.0432 qdelay_c_ms=44.4447 ecn_mark=259 drop=0
[QUEUE_STATS] t_ms=19632 q_pkts=524 q_bytes=788096 qdelay_l_ms=1.04301 qdelay_c_ms=55.8099 ecn_mark=259 drop=0
[QUEUE_STATS] t_ms=19648 q_pkts=773 q_bytes=1162292 qdelay_l_ms=1.04513 qdelay_c_ms=54.7254 ecn_mark=259 drop=0
[QUEUE_STATS] t_ms=19664 q_pkts=773 q_bytes=1162292 qdelay_l_ms=1.04107 qdelay_c_ms=54.7109 ecn_mark=259 drop=0
[QUEUE_STATS] t_ms=19680 q_pkts=777 q_bytes=1168308 qdelay_l_ms=1.04309 qdelay_c_ms=41.0601 ecn_mark=259 drop=0
[QUEUE_STATS] t_ms=19696 q_pkts=583 q_bytes=876832 qdelay_l_ms=1.04692 qdelay_c_ms=55.7784 ecn_mark=259 drop=0
[QUEUE_STATS] t_ms=19712 q_pkts=779 q_bytes=1170216 qdelay_l_ms=1.03474 qdelay_c_ms=55.8466 ecn_mark=259 drop=0
[QUEUE_STATS] t_ms=19728 q_pkts=775 q_bytes=1164200 qdelay_l_ms=1.08658 qdelay_c_ms=56.1164 ecn_mark=259 drop=0
[QUEUE_STATS] t_ms=19744 q_pkts=779 q_bytes=1170216 qdelay_l_ms=1.03555 qdelay_c_ms=36.63 ecn_mark=259 drop=0
[QUEUE_STATS] t_ms=19760 q_pkts=693 q_bytes=1040872 qdelay_l_ms=1.15344 qdelay_c_ms=51.0275 ecn_mark=259 drop=0
[QUEUE_STATS] t_ms=19776 q_pkts=471 q_bytes=708384 qdelay_l_ms=1.1382 qdelay_c_ms=56.025 ecn_mark=259 drop=0
[QUEUE_STATS] t_ms=19792 q_pkts=777 q_bytes=1168608 qdelay_l_ms=1.12359 qdelay_c_ms=55.8821 ecn_mark=259 drop=0
[QUEUE_STATS] t_ms=19808 q_pkts=774 q_bytes=1164096 qdelay_l_ms=1.0371 qdelay_c_ms=55.6039 ecn_mark=259 drop=0
[QUEUE_STATS] t_ms=19824 q_pkts=763 q_bytes=1147552 qdelay_l_ms=1.03237 qdelay_c_ms=43.7833 ecn_mark=259 drop=0
[QUEUE_STATS] t_ms=19840 q_pkts=587 q_bytes=882848 qdelay_l_ms=1.0358 qdelay_c_ms=55.9993 ecn_mark=259 drop=0
[QUEUE_STATS] t_ms=19856 q_pkts=779 q_bytes=1171316 qdelay_l_ms=1.04855 qdelay_c_ms=56.0611 ecn_mark=259 drop=0
[QUEUE_STATS] t_ms=19872 q_pkts=783 q_bytes=1177332 qdelay_l_ms=1.00723 qdelay_c_ms=56.5828 ecn_mark=259 drop=0
[QUEUE_STATS] t_ms=19888 q_pkts=783 q_bytes=1177332 qdelay_l_ms=1.03444 qdelay_c_ms=36.4115 ecn_mark=259 drop=0
[QUEUE_STATS] t_ms=19904 q_pkts=653 q_bytes=981812 qdelay_l_ms=1.15056 qdelay_c_ms=51.0284 ecn_mark=259 drop=0
[QUEUE_STATS] t_ms=19920 q_pkts=433 q_bytes=651232 qdelay_l_ms=0.701265 qdelay_c_ms=55.7949 ecn_mark=259 drop=0
[QUEUE_STATS] t_ms=19936 q_pkts=778 q_bytes=1168712 qdelay_l_ms=1.17684 qdelay_c_ms=55.8686 ecn_mark=259 drop=0
[QUEUE_STATS] t_ms=19952 q_pkts=778 q_bytes=1168712 qdelay_l_ms=0.891583 qdelay_c_ms=32.0857 ecn_mark=259 drop=0
[QUEUE_STATS] t_ms=19968 q_pkts=716 q_bytes=1075464 qdelay_l_ms=1.03015 qdelay_c_ms=46.3143 ecn_mark=259 drop=0
[QUEUE_STATS] t_ms=19984 q_pkts=496 q_bytes=745984 qdelay_l_ms=1.03087 qdelay_c_ms=55.7502 ecn_mark=259 drop=0
[QUEUE_STATS] t_ms=20000 q_pkts=779 q_bytes=1171616 qdelay_l_ms=1.03313 qdelay_c_ms=56.8913 ecn_mark=259 drop=0
[QUEUE_STATS] t_ms=20016 q_pkts=778 q_bytes=1170112 qdelay_l_ms=1.03364 qdelay_c_ms=56.8643 ecn_mark=260 drop=0
[QUEUE_STATS] t_ms=20032 q_pkts=773 q_bytes=1162592 qdelay_l_ms=1.02425 qdelay_c_ms=42.44 ecn_mark=260 drop=0
[QUEUE_STATS] t_ms=20048 q_pkts=558 q_bytes=839232 qdelay_l_ms=1.02763 qdelay_c_ms=56.8752 ecn_mark=260 drop=0
[QUEUE_STATS] t_ms=20064 q_pkts=776 q_bytes=1167104 qdelay_l_ms=0.881233 qdelay_c_ms=56.102 ecn_mark=260 drop=0
[QUEUE_STATS] t_ms=20080 q_pkts=778 q_bytes=1169848 qdelay_l_ms=1.11354 qdelay_c_ms=55.9277 ecn_mark=260 drop=0
[QUEUE_STATS] t_ms=20096 q_pkts=776 q_bytes=1165668 qdelay_l_ms=1.04036 qdelay_c_ms=38.5383 ecn_mark=260 drop=0
[QUEUE_STATS] t_ms=20112 q_pkts=642 q_bytes=964132 qdelay_l_ms=1.13907 qdelay_c_ms=52.5707 ecn_mark=260 drop=0
[QUEUE_STATS] t_ms=20128 q_pkts=612 q_bytes=919012 qdelay_l_ms=0 qdelay_c_ms=55.401 ecn_mark=261 drop=0
[QUEUE_STATS] t_ms=20144 q_pkts=783 q_bytes=1177368 qdelay_l_ms=0.683442 qdelay_c_ms=56.7517 ecn_mark=261 drop=0
[QUEUE_STATS] t_ms=20160 q_pkts=780 q_bytes=1172856 qdelay_l_ms=0.869812 qdelay_c_ms=33.9159 ecn_mark=261 drop=0
[QUEUE_STATS] t_ms=20176 q_pkts=736 q_bytes=1106680 qdelay_l_ms=1.02287 qdelay_c_ms=48.3311 ecn_mark=261 drop=0
[QUEUE_STATS] t_ms=20192 q_pkts=517 q_bytes=777568 qdelay_l_ms=1.02506 qdelay_c_ms=55.8226 ecn_mark=261 drop=0
[QUEUE_STATS] t_ms=20208 q_pkts=780 q_bytes=1173120 qdelay_l_ms=1.02661 qdelay_c_ms=56.0144 ecn_mark=261 drop=0
[QUEUE_STATS] t_ms=20224 q_pkts=778 q_bytes=1170112 qdelay_l_ms=1.02391 qdelay_c_ms=56.9912 ecn_mark=261 drop=0
[QUEUE_STATS] t_ms=20240 q_pkts=776 q_bytes=1167104 qdelay_l_ms=1.02438 qdelay_c_ms=40.4338 ecn_mark=261 drop=0
[QUEUE_STATS] t_ms=20256 q_pkts=634 q_bytes=953536 qdelay_l_ms=1.03603 qdelay_c_ms=55.365 ecn_mark=261 drop=0
[QUEUE_STATS] t_ms=20272 q_pkts=609 q_bytes=915936 qdelay_l_ms=0 qdelay_c_ms=54.9443 ecn_mark=261 drop=0
[QUEUE_STATS] t_ms=20288 q_pkts=784 q_bytes=1177700 qdelay_l_ms=1.01914 qdelay_c_ms=56.9378 ecn_mark=261 drop=0
[QUEUE_STATS] t_ms=20304 q_pkts=785 q_bytes=1179204 qdelay_l_ms=0.880241 qdelay_c_ms=33.831 ecn_mark=262 drop=0
[QUEUE_STATS] t_ms=20320 q_pkts=701 q_bytes=1052868 qdelay_l_ms=1.02183 qdelay_c_ms=48.496 ecn_mark=262 drop=0
[QUEUE_STATS] t_ms=20336 q_pkts=481 q_bytes=721988 qdelay_l_ms=1.01993 qdelay_c_ms=56.8808 ecn_mark=262 drop=0
[QUEUE_STATS] t_ms=20352 q_pkts=781 q_bytes=1174360 qdelay_l_ms=1.02119 qdelay_c_ms=56.8243 ecn_mark=262 drop=0
[QUEUE_STATS] t_ms=20368 q_pkts=780 q_bytes=1172856 qdelay_l_ms=0.866155 qdelay_c_ms=55.5002 ecn_mark=262 drop=0
[QUEUE_STATS] t_ms=20384 q_pkts=759 q_bytes=1141272 qdelay_l_ms=1.0145 qdelay_c_ms=43.4329 ecn_mark=262 drop=0
[QUEUE_STATS] t_ms=20400 q_pkts=539 q_bytes=810656 qdelay_l_ms=1.01922 qdelay_c_ms=55.9376 ecn_mark=262 drop=0
[QUEUE_STATS] t_ms=20416 q_pkts=781 q_bytes=1174624 qdelay_l_ms=1.01577 qdelay_c_ms=57.028 ecn_mark=262 drop=0
[QUEUE_STATS] t_ms=20432 q_pkts=779 q_bytes=1171616 qdelay_l_ms=1.04111 qdelay_c_ms=56.9252 ecn_mark=262 drop=0
[QUEUE_STATS] t_ms=20448 q_pkts=781 q_bytes=1174624 qdelay_l_ms=1.01623 qdelay_c_ms=40.051 ecn_mark=263 drop=0
[QUEUE_STATS] t_ms=20464 q_pkts=653 q_bytes=982112 qdelay_l_ms=1.01627 qdelay_c_ms=54.7042 ecn_mark=263 drop=0
[QUEUE_STATS] t_ms=20480 q_pkts=458 q_bytes=688832 qdelay_l_ms=0.301566 qdelay_c_ms=55.0892 ecn_mark=263 drop=0
[QUEUE_STATS] t_ms=20496 q_pkts=782 q_bytes=1176128 qdelay_l_ms=0.69319 qdelay_c_ms=55.7858 ecn_mark=263 drop=0
[QUEUE_STATS] t_ms=20512 q_pkts=783 q_bytes=1176196 qdelay_l_ms=1.01269 qdelay_c_ms=32.6916 ecn_mark=263 drop=0
[QUEUE_STATS] t_ms=20528 q_pkts=718 q_bytes=1078436 qdelay_l_ms=1.15251 qdelay_c_ms=47.1329 ecn_mark=263 drop=0
[QUEUE_STATS] t_ms=20544 q_pkts=499 q_bytes=749060 qdelay_l_ms=0.694022 qdelay_c_ms=56.7497 ecn_mark=263 drop=0
[QUEUE_STATS] t_ms=20560 q_pkts=779 q_bytes=1171352 qdelay_l_ms=1.01254 qdelay_c_ms=57.8804 ecn_mark=263 drop=0
[QUEUE_STATS] t_ms=20576 q_pkts=780 q_bytes=1172856 qdelay_l_ms=1.00976 qdelay_c_ms=56.8706 ecn_mark=263 drop=0
[QUEUE_STATS] t_ms=20592 q_pkts=778 q_bytes=1169848 qdelay_l_ms=1.0109 qdelay_c_ms=43.0113 ecn_mark=263 drop=0
[QUEUE_STATS] t_ms=20608 q_pkts=559 q_bytes=840736 qdelay_l_ms=1.00912 qdelay_c_ms=55.9981 ecn_mark=263 drop=0
[QUEUE_STATS] t_ms=20624 q_pkts=789 q_bytes=1186656 qdelay_l_ms=1.00956 qdelay_c_ms=56.0636 ecn_mark=263 drop=0
[QUEUE_STATS] t_ms=20640 q_pkts=783 q_bytes=1177632 qdelay_l_ms=1.00574 qdelay_c_ms=56.7944 ecn_mark=263 drop=0
[QUEUE_STATS] t_ms=20656 q_pkts=778 q_bytes=1170112 qdelay_l_ms=1.01079 qdelay_c_ms=38.6867 ecn_mark=263 drop=0
[QUEUE_STATS] t_ms=20672 q_pkts=668 q_bytes=1004672 qdelay_l_ms=1.02457 qdelay_c_ms=53.7261 ecn_mark=264 drop=0
[QUEUE_STATS] t_ms=20688 q_pkts=441 q_bytes=663264 qdelay_l_ms=1.01466 qdelay_c_ms=56.7913 ecn_mark=265 drop=0
[QUEUE_STATS] t_ms=20704 q_pkts=790 q_bytes=1188160 qdelay_l_ms=0.174598 qdelay_c_ms=55.3888 ecn_mark=265 drop=0
[QUEUE_STATS] t_ms=20720 q_pkts=782 q_bytes=1174692 qdelay_l_ms=0 qdelay_c_ms=31.6272 ecn_mark=265 drop=0
[QUEUE_STATS] t_ms=20736 q_pkts=767 q_bytes=1152132 qdelay_l_ms=0.103684 qdelay_c_ms=45.8409 ecn_mark=265 drop=0
[QUEUE_STATS] t_ms=20752 q_pkts=560 q_bytes=840804 qdelay_l_ms=1.01216 qdelay_c_ms=57.2219 ecn_mark=265 drop=0
[QUEUE_STATS] t_ms=20768 q_pkts=791 q_bytes=1189400 qdelay_l_ms=0.995547 qdelay_c_ms=57.1602 ecn_mark=265 drop=0
[QUEUE_STATS] t_ms=20784 q_pkts=797 q_bytes=1198424 qdelay_l_ms=1.00558 qdelay_c_ms=56.8551 ecn_mark=265 drop=0
[QUEUE_STATS] t_ms=20800 q_pkts=792 q_bytes=1190904 qdelay_l_ms=1.00042 qdelay_c_ms=38.8707 ecn_mark=265 drop=0
[QUEUE_STATS] t_ms=20816 q_pkts=663 q_bytes=996888 qdelay_l_ms=1.00804 qdelay_c_ms=53.8386 ecn_mark=265 drop=0
[QUEUE_STATS] t_ms=20832 q_pkts=443 q_bytes=666272 qdelay_l_ms=1.0031 qdelay_c_ms=56.4636 ecn_mark=265 drop=0
[QUEUE_STATS] t_ms=20848 q_pkts=789 q_bytes=1186656 qdelay_l_ms=0.99161 qdelay_c_ms=57.0219 ecn_mark=265 drop=0
[QUEUE_STATS] t_ms=20864 q_pkts=787 q_bytes=1183648 qdelay_l_ms=0 qdelay_c_ms=57.8686 ecn_mark=265 drop=0
[QUEUE_STATS] t_ms=20880 q_pkts=788 q_bytes=1185152 qdelay_l_ms=1.09207 qdelay_c_ms=46.0963 ecn_mark=265 drop=0
[QUEUE_STATS] t_ms=20896 q_pkts=553 q_bytes=831712 qdelay_l_ms=1.00666 qdelay_c_ms=56.7614 ecn_mark=265 drop=0
[QUEUE_STATS] t_ms=20912 q_pkts=793 q_bytes=1192672 qdelay_l_ms=0.785734 qdelay_c_ms=56.9552 ecn_mark=265 drop=0
[QUEUE_STATS] t_ms=20928 q_pkts=786 q_bytes=1180708 qdelay_l_ms=1.01041 qdelay_c_ms=56.6546 ecn_mark=265 drop=0
[QUEUE_STATS] t_ms=20944 q_pkts=782 q_bytes=1174692 qdelay_l_ms=1.1775 qdelay_c_ms=39.4286 ecn_mark=265 drop=0
[QUEUE_STATS] t_ms=20960 q_pkts=673 q_bytes=1010756 qdelay_l_ms=1.00298 qdelay_c_ms=54.1522 ecn_mark=265 drop=0
[QUEUE_STATS] t_ms=20976 q_pkts=454 q_bytes=681380 qdelay_l_ms=0.999505 qdelay_c_ms=56.7463 ecn_mark=265 drop=0
[QUEUE_STATS] t_ms=20992 q_pkts=789 q_bytes=1186392 qdelay_l_ms=1.00107 qdelay_c_ms=57.892 ecn_mark=265 drop=0
[QUEUE_STATS] t_ms=21008 q_pkts=785 q_bytes=1180376 qdelay_l_ms=0 qdelay_c_ms=56.3621 ecn_mark=266 drop=0
[QUEUE_STATS] t_ms=21024 q_pkts=773 q_bytes=1162328 qdelay_l_ms=0.995938 qdelay_c_ms=46.8003 ecn_mark=268 drop=0
[QUEUE_STATS] t_ms=21040 q_pkts=553 q_bytes=831712 qdelay_l_ms=1.00118 qdelay_c_ms=57.0839 ecn_mark=268 drop=0
[QUEUE_STATS] t_ms=21056 q_pkts=785 q_bytes=1180640 qdelay_l_ms=0.997271 qdelay_c_ms=57.9496 ecn_mark=268 drop=0
[QUEUE_STATS] t_ms=21072 q_pkts=785 q_bytes=1180640 qdelay_l_ms=0.995277 qdelay_c_ms=56.7265 ecn_mark=268 drop=0
[QUEUE_STATS] t_ms=21088 q_pkts=776 q_bytes=1167104 qdelay_l_ms=1.12504 qdelay_c_ms=39.7897 ecn_mark=269 drop=0
[QUEUE_STATS] t_ms=21104 q_pkts=656 q_bytes=986624 qdelay_l_ms=0.998423 qdelay_c_ms=54.9605 ecn_mark=269 drop=0
[QUEUE_STATS] t_ms=21120 q_pkts=604 q_bytes=908416 qdelay_l_ms=0 qdelay_c_ms=55.8547 ecn_mark=269 drop=0
[QUEUE_STATS] t_ms=21136 q_pkts=793 q_bytes=1192672 qdelay_l_ms=0.826872 qdelay_c_ms=57.9058 ecn_mark=269 drop=0
[QUEUE_STATS] t_ms=21152 q_pkts=792 q_bytes=1189732 qdelay_l_ms=0.130174 qdelay_c_ms=33.3394 ecn_mark=269 drop=0
[QUEUE_STATS] t_ms=21168 q_pkts=755 q_bytes=1134084 qdelay_l_ms=1.0923 qdelay_c_ms=48.6627 ecn_mark=270 drop=0
[QUEUE_STATS] t_ms=21184 q_pkts=538 q_bytes=807716 qdelay_l_ms=0.9965 qdelay_c_ms=57.8138 ecn_mark=271 drop=0
[QUEUE_STATS] t_ms=21200 q_pkts=787 q_bytes=1183384 qdelay_l_ms=0.99103 qdelay_c_ms=59.0086 ecn_mark=271 drop=0
[QUEUE_STATS] t_ms=21216 q_pkts=792 q_bytes=1190904 qdelay_l_ms=0.993073 qdelay_c_ms=57.7028 ecn_mark=271 drop=0
[QUEUE_STATS] t_ms=21232 q_pkts=786 q_bytes=1181880 qdelay_l_ms=0.992552 qdelay_c_ms=41.4006 ecn_mark=271 drop=0
[QUEUE_STATS] t_ms=21248 q_pkts=640 q_bytes=962296 qdelay_l_ms=0.981681 qdelay_c_ms=56.0124 ecn_mark=271 drop=0
[QUEUE_STATS] t_ms=21264 q_pkts=592 q_bytes=890368 qdelay_l_ms=0 qdelay_c_ms=56.1224 ecn_mark=271 drop=0
[QUEUE_STATS] t_ms=21280 q_pkts=795 q_bytes=1195680 qdelay_l_ms=0.990969 qdelay_c_ms=57.9081 ecn_mark=271 drop=0
[QUEUE_STATS] t_ms=21296 q_pkts=795 q_bytes=1195680 qdelay_l_ms=0.993133 qdelay_c_ms=33.5728 ecn_mark=272 drop=0
[QUEUE_STATS] t_ms=21312 q_pkts=760 q_bytes=1143040 qdelay_l_ms=1.14538 qdelay_c_ms=48.4402 ecn_mark=272 drop=0
[QUEUE_STATS] t_ms=21328 q_pkts=535 q_bytes=804640 qdelay_l_ms=0.99133 qdelay_c_ms=57.01 ecn_mark=272 drop=0
[QUEUE_STATS] t_ms=21344 q_pkts=791 q_bytes=1189664 qdelay_l_ms=1.00107 qdelay_c_ms=56.9902 ecn_mark=272 drop=0
[QUEUE_STATS] t_ms=21360 q_pkts=792 q_bytes=1189732 qdelay_l_ms=1.11218 qdelay_c_ms=57.8152 ecn_mark=272 drop=0
[QUEUE_STATS] t_ms=21376 q_pkts=786 q_bytes=1180708 qdelay_l_ms=1.08444 qdelay_c_ms=40.8744 ecn_mark=272 drop=0
[QUEUE_STATS] t_ms=21392 q_pkts=648 q_bytes=973156 qdelay_l_ms=0.99149 qdelay_c_ms=55.6192 ecn_mark=272 drop=0
[QUEUE_STATS] t_ms=21408 q_pkts=654 q_bytes=982444 qdelay_l_ms=0 qdelay_c_ms=56.3663 ecn_mark=272 drop=0
[QUEUE_STATS] t_ms=21424 q_pkts=794 q_bytes=1193912 qdelay_l_ms=0.988635 qdelay_c_ms=57.8571 ecn_mark=272 drop=0
[QUEUE_STATS] t_ms=21440 q_pkts=793 q_bytes=1192408 qdelay_l_ms=0.986731 qdelay_c_ms=33.8294 ecn_mark=272 drop=0
[QUEUE_STATS] t_ms=21456 q_pkts=755 q_bytes=1135256 qdelay_l_ms=0.988314 qdelay_c_ms=48.5588 ecn_mark=272 drop=0
[QUEUE_STATS] t_ms=21472 q_pkts=532 q_bytes=800128 qdelay_l_ms=0.986 qdelay_c_ms=56.9627 ecn_mark=272 drop=0
[QUEUE_STATS] t_ms=21488 q_pkts=797 q_bytes=1197536 qdelay_l_ms=0.987682 qdelay_c_ms=57.9164 ecn_mark=273 drop=0
[QUEUE_STATS] t_ms=21504 q_pkts=791 q_bytes=1188512 qdelay_l_ms=0.977745 qdelay_c_ms=57.7043 ecn_mark=274 drop=0
[QUEUE_STATS] t_ms=21520 q_pkts=782 q_bytes=1174976 qdelay_l_ms=0.876654 qdelay_c_ms=41.1538 ecn_mark=276 drop=0
[QUEUE_STATS] t_ms=21536 q_pkts=650 q_bytes=976448 qdelay_l_ms=1.07428 qdelay_c_ms=56.0451 ecn_mark=276 drop=0
[QUEUE_STATS] t_ms=21552 q_pkts=586 q_bytes=881344 qdelay_l_ms=0 qdelay_c_ms=57.3432 ecn_mark=276 drop=0
[QUEUE_STATS] t_ms=21568 q_pkts=796 q_bytes=1196900 qdelay_l_ms=0.997511 qdelay_c_ms=58.1047 ecn_mark=276 drop=0
[QUEUE_STATS] t_ms=21584 q_pkts=793 q_bytes=1192388 qdelay_l_ms=0.984757 qdelay_c_ms=33.6436 ecn_mark=276 drop=0
[QUEUE_STATS] t_ms=21600 q_pkts=756 q_bytes=1136740 qdelay_l_ms=1.14764 qdelay_c_ms=48.2395 ecn_mark=276 drop=0
[QUEUE_STATS] t_ms=21616 q_pkts=539 q_bytes=810656 qdelay_l_ms=0.982012 qdelay_c_ms=56.9811 ecn_mark=276 drop=0
[QUEUE_STATS] t_ms=21632 q_pkts=791 q_bytes=1189400 qdelay_l_ms=0.981872 qdelay_c_ms=58.8711 ecn_mark=276 drop=0
[QUEUE_STATS] t_ms=21648 q_pkts=791 q_bytes=1189400 qdelay_l_ms=0.958899 qdelay_c_ms=57.9778 ecn_mark=276 drop=0
[QUEUE_STATS] t_ms=21664 q_pkts=796 q_bytes=1196920 qdelay_l_ms=0.983675 qdelay_c_ms=41.0744 ecn_mark=276 drop=0
[QUEUE_STATS] t_ms=21680 q_pkts=648 q_bytes=974328 qdelay_l_ms=0.987803 qdelay_c_ms=55.799 ecn_mark=276 drop=0
[QUEUE_STATS] t_ms=21696 q_pkts=641 q_bytes=964064 qdelay_l_ms=0 qdelay_c_ms=56.482 ecn_mark=276 drop=0
[QUEUE_STATS] t_ms=21712 q_pkts=774 q_bytes=1162944 qdelay_l_ms=0.09594 qdelay_c_ms=57.4724 ecn_mark=276 drop=0
[QUEUE_STATS] t_ms=21728 q_pkts=800 q_bytes=1202048 qdelay_l_ms=1.16003 qdelay_c_ms=33.9436 ecn_mark=276 drop=0
[QUEUE_STATS] t_ms=21744 q_pkts=766 q_bytes=1150912 qdelay_l_ms=0.977734 qdelay_c_ms=48.4189 ecn_mark=277 drop=0
[QUEUE_STATS] t_ms=21760 q_pkts=544 q_bytes=818176 qdelay_l_ms=0.978566 qdelay_c_ms=58.3423 ecn_mark=277 drop=0
[QUEUE_STATS] t_ms=21776 q_pkts=791 q_bytes=1189664 qdelay_l_ms=0.989286 qdelay_c_ms=58.0763 ecn_mark=277 drop=0
[QUEUE_STATS] t_ms=21792 q_pkts=794 q_bytes=1194176 qdelay_l_ms=0.973887 qdelay_c_ms=57.7717 ecn_mark=277 drop=0
[QUEUE_STATS] t_ms=21808 q_pkts=797 q_bytes=1198688 qdelay_l_ms=1.20141 qdelay_c_ms=41.5298 ecn_mark=277 drop=0
[QUEUE_STATS] t_ms=21824 q_pkts=651 q_bytes=979104 qdelay_l_ms=0.976511 qdelay_c_ms=55.8159 ecn_mark=277 drop=0
[QUEUE_STATS] t_ms=21840 q_pkts=628 q_bytes=944512 qdelay_l_ms=0 qdelay_c_ms=56.4174 ecn_mark=277 drop=0
[QUEUE_STATS] t_ms=21856 q_pkts=799 q_bytes=1201148 qdelay_l_ms=0.978155 qdelay_c_ms=58.0225 ecn_mark=277 drop=0
[QUEUE_STATS] t_ms=21872 q_pkts=800 q_bytes=1202652 qdelay_l_ms=0.807915 qdelay_c_ms=33.7867 ecn_mark=277 drop=0
[QUEUE_STATS] t_ms=21888 q_pkts=762 q_bytes=1145500 qdelay_l_ms=0.972564 qdelay_c_ms=48.5262 ecn_mark=277 drop=0
[QUEUE_STATS] t_ms=21904 q_pkts=538 q_bytes=809152 qdelay_l_ms=0.976311 qdelay_c_ms=57.851 ecn_mark=277 drop=0
[QUEUE_STATS] t_ms=21920 q_pkts=795 q_bytes=1194528 qdelay_l_ms=0.974298 qdelay_c_ms=58.8571 ecn_mark=277 drop=0
[QUEUE_STATS] t_ms=21936 q_pkts=796 q_bytes=1196032 qdelay_l_ms=1.20599 qdelay_c_ms=57.9995 ecn_mark=277 drop=0
[QUEUE_STATS] t_ms=21952 q_pkts=789 q_bytes=1185504 qdelay_l_ms=1.13294 qdelay_c_ms=41.5786 ecn_mark=277 drop=0
[QUEUE_STATS] t_ms=21968 q_pkts=659 q_bytes=989984 qdelay_l_ms=0.978837 qdelay_c_ms=55.895 ecn_mark=278 drop=0
[QUEUE_STATS] t_ms=21984 q_pkts=474 q_bytes=712896 qdelay_l_ms=0.221526 qdelay_c_ms=57.358 ecn_mark=278 drop=0
[QUEUE_STATS] t_ms=22000 q_pkts=806 q_bytes=1212224 qdelay_l_ms=1.25254 qdelay_c_ms=59.0609 ecn_mark=279 drop=0
[QUEUE_STATS] t_ms=22016 q_pkts=801 q_bytes=1204704 qdelay_l_ms=0.974889 qdelay_c_ms=32.6894 ecn_mark=279 drop=0
[QUEUE_STATS] t_ms=22032 q_pkts=785 q_bytes=1180640 qdelay_l_ms=1.09641 qdelay_c_ms=46.9779 ecn_mark=279 drop=0
[QUEUE_STATS] t_ms=22048 q_pkts=555 q_bytes=834720 qdelay_l_ms=0.973265 qdelay_c_ms=57.9943 ecn_mark=279 drop=0
[QUEUE_STATS] t_ms=22064 q_pkts=796 q_bytes=1196636 qdelay_l_ms=0.155873 qdelay_c_ms=57.3247 ecn_mark=279 drop=0
[QUEUE_STATS] t_ms=22080 q_pkts=807 q_bytes=1213180 qdelay_l_ms=0.851527 qdelay_c_ms=57.8124 ecn_mark=279 drop=0
[QUEUE_STATS] t_ms=22096 q_pkts=790 q_bytes=1187612 qdelay_l_ms=0.967114 qdelay_c_ms=39.0443 ecn_mark=279 drop=0
[QUEUE_STATS] t_ms=22112 q_pkts=679 q_bytes=1020668 qdelay_l_ms=0.974588 qdelay_c_ms=53.7647 ecn_mark=279 drop=0
[QUEUE_STATS] t_ms=22128 q_pkts=457 q_bytes=687328 qdelay_l_ms=0.968367 qdelay_c_ms=57.8541 ecn_mark=279 drop=0
[QUEUE_STATS] t_ms=22144 q_pkts=796 q_bytes=1196032 qdelay_l_ms=1.20213 qdelay_c_ms=57.9419 ecn_mark=279 drop=0
[QUEUE_STATS] t_ms=22160 q_pkts=801 q_bytes=1203552 qdelay_l_ms=0 qdelay_c_ms=57.8009 ecn_mark=279 drop=0
[QUEUE_STATS] t_ms=22176 q_pkts=795 q_bytes=1194528 qdelay_l_ms=0.970711 qdelay_c_ms=46.6137 ecn_mark=279 drop=0
[QUEUE_STATS] t_ms=22192 q_pkts=577 q_bytes=867808 qdelay_l_ms=1.14804 qdelay_c_ms=58.8039 ecn_mark=279 drop=0
[QUEUE_STATS] t_ms=22208 q_pkts=794 q_bytes=1194176 qdelay_l_ms=0.965962 qdelay_c_ms=57.852 ecn_mark=279 drop=0
[QUEUE_STATS] t_ms=22224 q_pkts=796 q_bytes=1197184 qdelay_l_ms=0.846317 qdelay_c_ms=57.6531 ecn_mark=279 drop=0
[QUEUE_STATS] t_ms=22240 q_pkts=797 q_bytes=1198688 qdelay_l_ms=1.04483 qdelay_c_ms=38.5043 ecn_mark=279 drop=0
[QUEUE_STATS] t_ms=22256 q_pkts=710 q_bytes=1067840 qdelay_l_ms=1.13856 qdelay_c_ms=52.8507 ecn_mark=279 drop=0
[QUEUE_STATS] t_ms=22272 q_pkts=479 q_bytes=720416 qdelay_l_ms=0.963608 qdelay_c_ms=57.8202 ecn_mark=280 drop=0
[QUEUE_STATS] t_ms=22288 q_pkts=803 q_bytes=1207164 qdelay_l_ms=0.964008 qdelay_c_ms=58.7915 ecn_mark=283 drop=0
[QUEUE_STATS] t_ms=22304 q_pkts=797 q_bytes=1198140 qdelay_l_ms=0.905118 qdelay_c_ms=58.0276 ecn_mark=283 drop=0
[QUEUE_STATS] t_ms=22320 q_pkts=774 q_bytes=1163548 qdelay_l_ms=0.963558 qdelay_c_ms=44.8102 ecn_mark=283 drop=0
[QUEUE_STATS] t_ms=22336 q_pkts=552 q_bytes=830208 qdelay_l_ms=1.12166 qdelay_c_ms=57.7758 ecn_mark=283 drop=0
[QUEUE_STATS] t_ms=22352 q_pkts=791 q_bytes=1188512 qdelay_l_ms=0.96516 qdelay_c_ms=58.116 ecn_mark=283 drop=0
[QUEUE_STATS] t_ms=22368 q_pkts=791 q_bytes=1188512 qdelay_l_ms=0.105638 qdelay_c_ms=57.2796 ecn_mark=283 drop=0
[QUEUE_STATS] t_ms=22384 q_pkts=804 q_bytes=1208064 qdelay_l_ms=1.16182 qdelay_c_ms=40.3098 ecn_mark=283 drop=0
[QUEUE_STATS] t_ms=22400 q_pkts=633 q_bytes=950880 qdelay_l_ms=0.964409 qdelay_c_ms=54.8182 ecn_mark=283 drop=0
[QUEUE_STATS] t_ms=22416 q_pkts=800 q_bytes=1203200 qdelay_l_ms=0.9597 qdelay_c_ms=58.9393 ecn_mark=283 drop=0
[QUEUE_STATS] t_ms=22432 q_pkts=807 q_bytes=1213728 qdelay_l_ms=0.961493 qdelay_c_ms=58.7598 ecn_mark=283 drop=0
[QUEUE_STATS] t_ms=22448 q_pkts=799 q_bytes=1201696 qdelay_l_ms=0.95936 qdelay_c_ms=35.6817 ecn_mark=283 drop=0
[QUEUE_STATS] t_ms=22464 q_pkts=737 q_bytes=1108448 qdelay_l_ms=0.759575 qdelay_c_ms=50.3803 ecn_mark=283 drop=0
[QUEUE_STATS] t_ms=22480 q_pkts=522 q_bytes=785088 qdelay_l_ms=1.0001 qdelay_c_ms=57.935 ecn_mark=283 drop=0
[QUEUE_STATS] t_ms=22496 q_pkts=797 q_bytes=1198140 qdelay_l_ms=0.95941 qdelay_c_ms=58.8765 ecn_mark=283 drop=0
[QUEUE_STATS] t_ms=22512 q_pkts=803 q_bytes=1207164 qdelay_l_ms=0.809719 qdelay_c_ms=58.7433 ecn_mark=283 drop=0
[QUEUE_STATS] t_ms=22528 q_pkts=807 q_bytes=1213180 qdelay_l_ms=0.957356 qdelay_c_ms=43.2791 ecn_mark=283 drop=0
[QUEUE_STATS] t_ms=22544 q_pkts=635 q_bytes=954492 qdelay_l_ms=1.02093 qdelay_c_ms=57.8619 ecn_mark=283 drop=0
[QUEUE_STATS] t_ms=22560 q_pkts=801 q_bytes=1203552 qdelay_l_ms=0.949842 qdelay_c_ms=58.7959 ecn_mark=284 drop=0
[QUEUE_STATS] t_ms=22576 q_pkts=799 q_bytes=1200544 qdelay_l_ms=0.787658 qdelay_c_ms=58.9986 ecn_mark=284 drop=0
[QUEUE_STATS] t_ms=22592 q_pkts=803 q_bytes=1206560 qdelay_l_ms=1.1865 qdelay_c_ms=35.7406 ecn_mark=284 drop=0
[QUEUE_STATS] t_ms=22608 q_pkts=748 q_bytes=1123840 qdelay_l_ms=0.959089 qdelay_c_ms=49.9293 ecn_mark=284 drop=0
[QUEUE_STATS] t_ms=22624 q_pkts=529 q_bytes=795616 qdelay_l_ms=0.951825 qdelay_c_ms=58.8456 ecn_mark=284 drop=0
[QUEUE_STATS] t_ms=22640 q_pkts=793 q_bytes=1192672 qdelay_l_ms=1.0146 qdelay_c_ms=59.232 ecn_mark=284 drop=0
[QUEUE_STATS] t_ms=22656 q_pkts=802 q_bytes=1206208 qdelay_l_ms=1.06417 qdelay_c_ms=58.0211 ecn_mark=284 drop=0
[QUEUE_STATS] t_ms=22672 q_pkts=799 q_bytes=1201696 qdelay_l_ms=0.8582 qdelay_c_ms=41.9323 ecn_mark=284 drop=0
[QUEUE_STATS] t_ms=22688 q_pkts=649 q_bytes=976096 qdelay_l_ms=1.14674 qdelay_c_ms=56.8627 ecn_mark=284 drop=0
[QUEUE_STATS] t_ms=22704 q_pkts=630 q_bytes=947520 qdelay_l_ms=0 qdelay_c_ms=57.2533 ecn_mark=284 drop=0
[QUEUE_STATS] t_ms=22720 q_pkts=809 q_bytes=1216188 qdelay_l_ms=0.954581 qdelay_c_ms=58.8807 ecn_mark=284 drop=0
[QUEUE_STATS] t_ms=22736 q_pkts=794 q_bytes=1193628 qdelay_l_ms=0.94884 qdelay_c_ms=33.8165 ecn_mark=284 drop=0
[QUEUE_STATS] t_ms=22752 q_pkts=773 q_bytes=1162044 qdelay_l_ms=0.95429 qdelay_c_ms=48.5363 ecn_mark=284 drop=0
[QUEUE_STATS] t_ms=22768 q_pkts=552 q_bytes=830208 qdelay_l_ms=0.942778 qdelay_c_ms=58.7035 ecn_mark=284 drop=0
[QUEUE_STATS] t_ms=22784 q_pkts=813 q_bytes=1221884 qdelay_l_ms=0.887274 qdelay_c_ms=58.9942 ecn_mark=284 drop=0
[QUEUE_STATS] t_ms=22800 q_pkts=800 q_bytes=1202332 qdelay_l_ms=1.0086 qdelay_c_ms=57.7802 ecn_mark=284 drop=0
[QUEUE_STATS] t_ms=22816 q_pkts=782 q_bytes=1175260 qdelay_l_ms=0.044804 qdelay_c_ms=39.7548 ecn_mark=284 drop=0
[QUEUE_STATS] t_ms=22832 q_pkts=678 q_bytes=1018844 qdelay_l_ms=1.14942 qdelay_c_ms=55.0142 ecn_mark=284 drop=0
[QUEUE_STATS] t_ms=22848 q_pkts=458 q_bytes=688832 qdelay_l_ms=1.14935 qdelay_c_ms=59.0249 ecn_mark=284 drop=0
[QUEUE_STATS] t_ms=22864 q_pkts=801 q_bytes=1204420 qdelay_l_ms=1.06388 qdelay_c_ms=59.9981 ecn_mark=284 drop=0
[QUEUE_STATS] t_ms=22880 q_pkts=805 q_bytes=1210436 qdelay_l_ms=1.17656 qdelay_c_ms=58.6233 ecn_mark=284 drop=0
[QUEUE_STATS] t_ms=22896 q_pkts=802 q_bytes=1205924 qdelay_l_ms=0.961884 qdelay_c_ms=46.5825 ecn_mark=284 drop=0
[QUEUE_STATS] t_ms=22912 q_pkts=583 q_bytes=876832 qdelay_l_ms=0.953519 qdelay_c_ms=58.9641 ecn_mark=284 drop=0
[QUEUE_STATS] t_ms=22928 q_pkts=811 q_bytes=1219196 qdelay_l_ms=1.2617 qdelay_c_ms=60.1022 ecn_mark=284 drop=0
[QUEUE_STATS] t_ms=22944 q_pkts=804 q_bytes=1208668 qdelay_l_ms=1.15193 qdelay_c_ms=59.0388 ecn_mark=284 drop=0
[QUEUE_STATS] t_ms=22960 q_pkts=798 q_bytes=1199644 qdelay_l_ms=0.945273 qdelay_c_ms=38.3904 ecn_mark=284 drop=0
[QUEUE_STATS] t_ms=22976 q_pkts=678 q_bytes=1019164 qdelay_l_ms=1.05561 qdelay_c_ms=52.6105 ecn_mark=285 drop=0
[QUEUE_STATS] t_ms=22992 q_pkts=514 q_bytes=773056 qdelay_l_ms=0.483357 qdelay_c_ms=58.1794 ecn_mark=285 drop=0
[QUEUE_STATS] t_ms=23008 q_pkts=812 q_bytes=1220380 qdelay_l_ms=1.12746 qdelay_c_ms=60.4021 ecn_mark=285 drop=0
[QUEUE_STATS] t_ms=23024 q_pkts=801 q_bytes=1203836 qdelay_l_ms=0.9436 qdelay_c_ms=58.4904 ecn_mark=285 drop=0
[QUEUE_STATS] t_ms=23040 q_pkts=788 q_bytes=1184284 qdelay_l_ms=0.977203 qdelay_c_ms=47.6576 ecn_mark=285 drop=0
[QUEUE_STATS] t_ms=23056 q_pkts=572 q_bytes=860288 qdelay_l_ms=1.14901 qdelay_c_ms=58.7935 ecn_mark=286 drop=0
[QUEUE_STATS] t_ms=23072 q_pkts=811 q_bytes=1219460 qdelay_l_ms=0.955993 qdelay_c_ms=58.8762 ecn_mark=286 drop=0
[QUEUE_STATS] t_ms=23088 q_pkts=804 q_bytes=1208932 qdelay_l_ms=0.962997 qdelay_c_ms=58.8048 ecn_mark=286 drop=0
[QUEUE_STATS] t_ms=23104 q_pkts=805 q_bytes=1210436 qdelay_l_ms=0.939292 qdelay_c_ms=39.4584 ecn_mark=286 drop=0
[QUEUE_STATS] t_ms=23120 q_pkts=650 q_bytes=977316 qdelay_l_ms=0.945925 qdelay_c_ms=54.0972 ecn_mark=286 drop=0
[QUEUE_STATS] t_ms=23136 q_pkts=582 q_bytes=875328 qdelay_l_ms=0 qdelay_c_ms=58.1069 ecn_mark=286 drop=0
[QUEUE_STATS] t_ms=23152 q_pkts=814 q_bytes=1223708 qdelay_l_ms=0.924795 qdelay_c_ms=58.9697 ecn_mark=287 drop=0
[QUEUE_STATS] t_ms=23168 q_pkts=806 q_bytes=1211676 qdelay_l_ms=0 qdelay_c_ms=33.3714 ecn_mark=288 drop=0
[QUEUE_STATS] t_ms=23184 q_pkts=748 q_bytes=1124444 qdelay_l_ms=1.13177 qdelay_c_ms=47.7368 ecn_mark=288 drop=0
[QUEUE_STATS] t_ms=23200 q_pkts=514 q_bytes=773056 qdelay_l_ms=0.948268 qdelay_c_ms=58.8095 ecn_mark=288 drop=0
[QUEUE_STATS] t_ms=23216 q_pkts=804 q_bytes=1208348 qdelay_l_ms=0.936557 qdelay_c_ms=58.7467 ecn_mark=288 drop=0
[QUEUE_STATS] t_ms=23232 q_pkts=812 q_bytes=1220380 qdelay_l_ms=0.935955 qdelay_c_ms=58.8052 ecn_mark=288 drop=0
[QUEUE_STATS] t_ms=23248 q_pkts=812 q_bytes=1220380 qdelay_l_ms=0.988024 qdelay_c_ms=43.0265 ecn_mark=288 drop=0
[QUEUE_STATS] t_ms=23264 q_pkts=646 q_bytes=970716 qdelay_l_ms=0.939973 qdelay_c_ms=57.7215 ecn_mark=288 drop=0
[QUEUE_STATS] t_ms=23280 q_pkts=798 q_bytes=1199908 qdelay_l_ms=0.467778 qdelay_c_ms=57.9332 ecn_mark=288 drop=0
[QUEUE_STATS] t_ms=23296 q_pkts=801 q_bytes=1204420 qdelay_l_ms=0.941998 qdelay_c_ms=59.0569 ecn_mark=289 drop=0
[QUEUE_STATS] t_ms=23312 q_pkts=802 q_bytes=1205924 qdelay_l_ms=0.860664 qdelay_c_ms=34.9492 ecn_mark=289 drop=0
[QUEUE_STATS] t_ms=23328 q_pkts=766 q_bytes=1151780 qdelay_l_ms=1.07349 qdelay_c_ms=49.8867 ecn_mark=289 drop=0
[QUEUE_STATS] t_ms=23344 q_pkts=547 q_bytes=822688 qdelay_l_ms=0.93835 qdelay_c_ms=58.7284 ecn_mark=289 drop=0
[QUEUE_STATS] t_ms=23360 q_pkts=806 q_bytes=1211676 qdelay_l_ms=1.06148 qdelay_c_ms=59.3308 ecn_mark=289 drop=0
[QUEUE_STATS] t_ms=23376 q_pkts=813 q_bytes=1222204 qdelay_l_ms=1.09893 qdelay_c_ms=58.848 ecn_mark=289 drop=0
[QUEUE_STATS] t_ms=23392 q_pkts=801 q_bytes=1204156 qdelay_l_ms=0.997902 qdelay_c_ms=41.2841 ecn_mark=289 drop=0
[QUEUE_STATS] t_ms=23408 q_pkts=671 q_bytes=1008636 qdelay_l_ms=0.952827 qdelay_c_ms=55.9892 ecn_mark=289 drop=0
[QUEUE_STATS] t_ms=23424 q_pkts=523 q_bytes=786592 qdelay_l_ms=0.458711 qdelay_c_ms=58.2122 ecn_mark=289 drop=0
[QUEUE_STATS] t_ms=23440 q_pkts=812 q_bytes=1220380 qdelay_l_ms=0.93784 qdelay_c_ms=59.8215 ecn_mark=289 drop=0
[QUEUE_STATS] t_ms=23456 q_pkts=813 q_bytes=1221884 qdelay_l_ms=0.951806 qdelay_c_ms=58.5756 ecn_mark=289 drop=0
[QUEUE_STATS] t_ms=23472 q_pkts=749 q_bytes=1125628 qdelay_l_ms=0.941947 qdelay_c_ms=47.755 ecn_mark=290 drop=0
[QUEUE_STATS] t_ms=23488 q_pkts=530 q_bytes=797120 qdelay_l_ms=1.11329 qdelay_c_ms=58.8168 ecn_mark=290 drop=0
[QUEUE_STATS] t_ms=23504 q_pkts=818 q_bytes=1229988 qdelay_l_ms=0.933471 qdelay_c_ms=58.9055 ecn_mark=290 drop=0
[QUEUE_STATS] t_ms=23520 q_pkts=817 q_bytes=1228484 qdelay_l_ms=0.972133 qdelay_c_ms=59.7423 ecn_mark=290 drop=0
[QUEUE_STATS] t_ms=23536 q_pkts=803 q_bytes=1207428 qdelay_l_ms=1.1274 qdelay_c_ms=42.374 ecn_mark=290 drop=0
[QUEUE_STATS] t_ms=23552 q_pkts=661 q_bytes=993860 qdelay_l_ms=1.15001 qdelay_c_ms=56.9049 ecn_mark=290 drop=0
[QUEUE_STATS] t_ms=23568 q_pkts=633 q_bytes=952032 qdelay_l_ms=0 qdelay_c_ms=58.7528 ecn_mark=290 drop=0
[QUEUE_STATS] t_ms=23584 q_pkts=816 q_bytes=1226716 qdelay_l_ms=1.24438 qdelay_c_ms=59.0934 ecn_mark=290 drop=0
[QUEUE_STATS] t_ms=23600 q_pkts=801 q_bytes=1204156 qdelay_l_ms=0.934403 qdelay_c_ms=33.8875 ecn_mark=290 drop=0
[QUEUE_STATS] t_ms=23616 q_pkts=783 q_bytes=1177084 qdelay_l_ms=0.935725 qdelay_c_ms=48.596 ecn_mark=290 drop=0
[QUEUE_STATS] t_ms=23632 q_pkts=566 q_bytes=851264 qdelay_l_ms=0.93293 qdelay_c_ms=58.9467 ecn_mark=290 drop=0
[QUEUE_STATS] t_ms=23648 q_pkts=809 q_bytes=1216720 qdelay_l_ms=1.07361 qdelay_c_ms=60.3173 ecn_mark=291 drop=0
[QUEUE_STATS] t_ms=23664 q_pkts=804 q_bytes=1209200 qdelay_l_ms=1.00911 qdelay_c_ms=58.6884 ecn_mark=291 drop=0
[QUEUE_STATS] t_ms=23680 q_pkts=813 q_bytes=1222736 qdelay_l_ms=0.943329 qdelay_c_ms=40.3195 ecn_mark=291 drop=0
[QUEUE_STATS] t_ms=23696 q_pkts=688 q_bytes=1034736 qdelay_l_ms=0.947177 qdelay_c_ms=54.9963 ecn_mark=291 drop=0
[QUEUE_STATS] t_ms=23712 q_pkts=468 q_bytes=703872 qdelay_l_ms=0.930525 qdelay_c_ms=58.8043 ecn_mark=291 drop=0
[QUEUE_STATS] t_ms=23728 q_pkts=811 q_bytes=1218608 qdelay_l_ms=0.826821 qdelay_c_ms=60.1337 ecn_mark=291 drop=0
[QUEUE_STATS] t_ms=23744 q_pkts=809 q_bytes=1215600 qdelay_l_ms=0.898195 qdelay_c_ms=58.967 ecn_mark=291 drop=0
[QUEUE_STATS] t_ms=23760 q_pkts=767 q_bytes=1152432 qdelay_l_ms=1.15968 qdelay_c_ms=46.8087 ecn_mark=292 drop=0
[QUEUE_STATS] t_ms=23776 q_pkts=548 q_bytes=824192 qdelay_l_ms=0.936988 qdelay_c_ms=59.7892 ecn_mark=292 drop=0
[QUEUE_STATS] t_ms=23792 q_pkts=815 q_bytes=1225212 qdelay_l_ms=0.938911 qdelay_c_ms=59.7881 ecn_mark=292 drop=0
[QUEUE_STATS] t_ms=23808 q_pkts=810 q_bytes=1217692 qdelay_l_ms=0.767019 qdelay_c_ms=59.7574 ecn_mark=292 drop=0
[QUEUE_STATS] t_ms=23824 q_pkts=802 q_bytes=1205660 qdelay_l_ms=0.928202 qdelay_c_ms=41.1483 ecn_mark=292 drop=0
[QUEUE_STATS] t_ms=23840 q_pkts=633 q_bytes=951484 qdelay_l_ms=1.15705 qdelay_c_ms=55.8415 ecn_mark=292 drop=0
[QUEUE_STATS] t_ms=23856 q_pkts=818 q_bytes=1230256 qdelay_l_ms=1.22247 qdelay_c_ms=59.6738 ecn_mark=292 drop=0
[QUEUE_STATS] t_ms=23872 q_pkts=810 q_bytes=1218224 qdelay_l_ms=0.752302 qdelay_c_ms=59.8404 ecn_mark=292 drop=0
[QUEUE_STATS] t_ms=23888 q_pkts=816 q_bytes=1227248 qdelay_l_ms=0.928421 qdelay_c_ms=35.6926 ecn_mark=294 drop=0
[QUEUE_STATS] t_ms=23904 q_pkts=714 q_bytes=1073840 qdelay_l_ms=0.926599 qdelay_c_ms=50.3083 ecn_mark=295 drop=0
[QUEUE_STATS] t_ms=23920 q_pkts=499 q_bytes=750496 qdelay_l_ms=1.1477 qdelay_c_ms=61.071 ecn_mark=296 drop=0
[QUEUE_STATS] t_ms=23936 q_pkts=807 q_bytes=1212592 qdelay_l_ms=0.936697 qdelay_c_ms=59.8217 ecn_mark=296 drop=0
[QUEUE_STATS] t_ms=23952 q_pkts=811 q_bytes=1218608 qdelay_l_ms=1.19129 qdelay_c_ms=60.0492 ecn_mark=296 drop=0
[QUEUE_STATS] t_ms=23968 q_pkts=807 q_bytes=1212592 qdelay_l_ms=0.841849 qdelay_c_ms=45.0265 ecn_mark=297 drop=0
[QUEUE_STATS] t_ms=23984 q_pkts=625 q_bytes=940000 qdelay_l_ms=0.924344 qdelay_c_ms=59.7021 ecn_mark=297 drop=0
[QUEUE_STATS] t_ms=24000 q_pkts=810 q_bytes=1216852 qdelay_l_ms=0.77335 qdelay_c_ms=59.4425 ecn_mark=297 drop=0
[QUEUE_STATS] t_ms=24016 q_pkts=821 q_bytes=1233396 qdelay_l_ms=0.926589 qdelay_c_ms=60.8876 ecn_mark=297 drop=0
[QUEUE_STATS] t_ms=24032 q_pkts=812 q_bytes=1219860 qdelay_l_ms=1.18674 qdelay_c_ms=36.7918 ecn_mark=297 drop=0
[QUEUE_STATS] t_ms=24048 q_pkts=745 q_bytes=1119092 qdelay_l_ms=1.15116 qdelay_c_ms=51.4777 ecn_mark=297 drop=0
[QUEUE_STATS] t_ms=24064 q_pkts=526 q_bytes=791104 qdelay_l_ms=0.910458 qdelay_c_ms=60.0313 ecn_mark=297 drop=0
[QUEUE_STATS] t_ms=24080 q_pkts=788 q_bytes=1184540 qdelay_l_ms=0 qdelay_c_ms=59.4549 ecn_mark=298 drop=0
[QUEUE_STATS] t_ms=24096 q_pkts=818 q_bytes=1229660 qdelay_l_ms=0.832301 qdelay_c_ms=60.9654 ecn_mark=298 drop=0
[QUEUE_STATS] t_ms=24112 q_pkts=808 q_bytes=1214620 qdelay_l_ms=0.765596 qdelay_c_ms=43.1743 ecn_mark=299 drop=0
[QUEUE_STATS] t_ms=24128 q_pkts=653 q_bytes=981500 qdelay_l_ms=0.913434 qdelay_c_ms=57.8484 ecn_mark=299 drop=0
[QUEUE_STATS] t_ms=24144 q_pkts=797 q_bytes=1197552 qdelay_l_ms=0.053681 qdelay_c_ms=58.8879 ecn_mark=300 drop=0
[QUEUE_STATS] t_ms=24160 q_pkts=807 q_bytes=1212592 qdelay_l_ms=0.928241 qdelay_c_ms=60.8432 ecn_mark=300 drop=0
[QUEUE_STATS] t_ms=24176 q_pkts=809 q_bytes=1215600 qdelay_l_ms=1.20041 qdelay_c_ms=34.9227 ecn_mark=300 drop=0
[QUEUE_STATS] t_ms=24192 q_pkts=775 q_bytes=1164464 qdelay_l_ms=0.92217 qdelay_c_ms=49.5277 ecn_mark=300 drop=0
[QUEUE_STATS] t_ms=24208 q_pkts=558 q_bytes=839232 qdelay_l_ms=1.15194 qdelay_c_ms=60.1473 ecn_mark=300 drop=0
[QUEUE_STATS] t_ms=24224 q_pkts=821 q_bytes=1233396 qdelay_l_ms=1.25027 qdelay_c_ms=60.3274 ecn_mark=300 drop=0
[QUEUE_STATS] t_ms=24240 q_pkts=814 q_bytes=1222868 qdelay_l_ms=1.19078 qdelay_c_ms=59.9062 ecn_mark=300 drop=0
[QUEUE_STATS] t_ms=24256 q_pkts=759 q_bytes=1140148 qdelay_l_ms=1.17841 qdelay_c_ms=40.7607 ecn_mark=300 drop=0
[QUEUE_STATS] t_ms=24272 q_pkts=653 q_bytes=980724 qdelay_l_ms=0.920967 qdelay_c_ms=55.1009 ecn_mark=301 drop=0
[QUEUE_STATS] t_ms=24288 q_pkts=491 q_bytes=738464 qdelay_l_ms=0.973887 qdelay_c_ms=60.0265 ecn_mark=301 drop=0
[QUEUE_STATS] t_ms=24304 q_pkts=503 q_bytes=756512 qdelay_l_ms=0.914786 qdelay_c_ms=60.6457 ecn_mark=301 drop=0
[QUEUE_STATS] t_ms=24320 q_pkts=490 q_bytes=736960 qdelay_l_ms=0.114405 qdelay_c_ms=33.3307 ecn_mark=301 drop=0
[QUEUE_STATS] t_ms=24336 q_pkts=492 q_bytes=739968 qdelay_l_ms=0.919054 qdelay_c_ms=36.8092 ecn_mark=301 drop=0
[QUEUE_STATS] t_ms=24352 q_pkts=496 q_bytes=745984 qdelay_l_ms=0.832722 qdelay_c_ms=36.9041 ecn_mark=301 drop=0
[QUEUE_STATS] t_ms=24368 q_pkts=499 q_bytes=750496 qdelay_l_ms=0.959209 qdelay_c_ms=36.9027 ecn_mark=301 drop=0
[QUEUE_STATS] t_ms=24384 q_pkts=501 q_bytes=753504 qdelay_l_ms=0.866816 qdelay_c_ms=37.0166 ecn_mark=301 drop=0
[QUEUE_STATS] t_ms=24400 q_pkts=499 q_bytes=750496 qdelay_l_ms=1.06346 qdelay_c_ms=37.4969 ecn_mark=301 drop=0
[QUEUE_STATS] t_ms=24416 q_pkts=509 q_bytes=765536 qdelay_l_ms=1.18439 qdelay_c_ms=36.8537 ecn_mark=302 drop=0
[QUEUE_STATS] t_ms=24432 q_pkts=469 q_bytes=705376 qdelay_l_ms=1.15819 qdelay_c_ms=37.2184 ecn_mark=302 drop=0
[QUEUE_STATS] t_ms=24448 q_pkts=502 q_bytes=754156 qdelay_l_ms=0.918032 qdelay_c_ms=36.8374 ecn_mark=302 drop=0
[QUEUE_STATS] t_ms=24464 q_pkts=504 q_bytes=757164 qdelay_l_ms=0.916198 qdelay_c_ms=36.7009 ecn_mark=302 drop=0
[QUEUE_STATS] t_ms=24480 q_pkts=506 q_bytes=761024 qdelay_l_ms=0.788379 qdelay_c_ms=37.8166 ecn_mark=302 drop=0
[QUEUE_STATS] t_ms=24496 q_pkts=510 q_bytes=767040 qdelay_l_ms=0.809289 qdelay_c_ms=36.9339 ecn_mark=302 drop=0
[QUEUE_STATS] t_ms=24512 q_pkts=514 q_bytes=773056 qdelay_l_ms=0.912672 qdelay_c_ms=37.5378 ecn_mark=302 drop=0
[QUEUE_STATS] t_ms=24528 q_pkts=512 q_bytes=770048 qdelay_l_ms=0.146265 qdelay_c_ms=37.3104 ecn_mark=303 drop=0
[QUEUE_STATS] t_ms=24544 q_pkts=519 q_bytes=780576 qdelay_l_ms=0.874851 qdelay_c_ms=35.5903 ecn_mark=303 drop=0
[QUEUE_STATS] t_ms=24560 q_pkts=527 q_bytes=792608 qdelay_l_ms=0.950343 qdelay_c_ms=38.0447 ecn_mark=303 drop=0
[QUEUE_STATS] t_ms=24576 q_pkts=522 q_bytes=785088 qdelay_l_ms=1.18776 qdelay_c_ms=38.9642 ecn_mark=303 drop=0
[QUEUE_STATS] t_ms=24592 q_pkts=536 q_bytes=804804 qdelay_l_ms=0.926668 qdelay_c_ms=38.5605 ecn_mark=303 drop=0
[QUEUE_STATS] t_ms=24608 q_pkts=531 q_bytes=797284 qdelay_l_ms=0.937148 qdelay_c_ms=38.6961 ecn_mark=303 drop=0
[QUEUE_STATS] t_ms=24624 q_pkts=535 q_bytes=804640 qdelay_l_ms=0.909376 qdelay_c_ms=38.8819 ecn_mark=303 drop=0
[QUEUE_STATS] t_ms=24640 q_pkts=536 q_bytes=806144 qdelay_l_ms=0.855866 qdelay_c_ms=38.8422 ecn_mark=303 drop=0
[QUEUE_STATS] t_ms=24656 q_pkts=476 q_bytes=715904 qdelay_l_ms=0.315011 qdelay_c_ms=38.3491 ecn_mark=304 drop=0
[QUEUE_STATS] t_ms=24672 q_pkts=549 q_bytes=825696 qdelay_l_ms=0.910638 qdelay_c_ms=39.5872 ecn_mark=304 drop=0
[QUEUE_STATS] t_ms=24688 q_pkts=545 q_bytes=819680 qdelay_l_ms=1.0279 qdelay_c_ms=32.8292 ecn_mark=304 drop=0
[QUEUE_STATS] t_ms=24704 q_pkts=548 q_bytes=824192 qdelay_l_ms=0.913043 qdelay_c_ms=39.6814 ecn_mark=304 drop=0
[QUEUE_STATS] t_ms=24720 q_pkts=543 q_bytes=816672 qdelay_l_ms=1.18573 qdelay_c_ms=40.1081 ecn_mark=304 drop=0
[QUEUE_STATS] t_ms=24736 q_pkts=554 q_bytes=831876 qdelay_l_ms=1.04655 qdelay_c_ms=40.8258 ecn_mark=304 drop=0
[QUEUE_STATS] t_ms=24752 q_pkts=557 q_bytes=836388 qdelay_l_ms=0.892014 qdelay_c_ms=40.9257 ecn_mark=304 drop=0
[QUEUE_STATS] t_ms=24768 q_pkts=564 q_bytes=848256 qdelay_l_ms=0.738366 qdelay_c_ms=39.5447 ecn_mark=305 drop=0
[QUEUE_STATS] t_ms=24784 q_pkts=553 q_bytes=831712 qdelay_l_ms=0 qdelay_c_ms=41.1665 ecn_mark=305 drop=0
[QUEUE_STATS] t_ms=24800 q_pkts=489 q_bytes=735456 qdelay_l_ms=0.273363 qdelay_c_ms=40.3462 ecn_mark=305 drop=0
[QUEUE_STATS] t_ms=24816 q_pkts=559 q_bytes=840736 qdelay_l_ms=0.127549 qdelay_c_ms=41.2745 ecn_mark=305 drop=0
[QUEUE_STATS] t_ms=24832 q_pkts=576 q_bytes=866304 qdelay_l_ms=0.906751 qdelay_c_ms=41.6651 ecn_mark=305 drop=0
[QUEUE_STATS] t_ms=24848 q_pkts=577 q_bytes=867808 qdelay_l_ms=1.2111 qdelay_c_ms=41.8319 ecn_mark=305 drop=0
[QUEUE_STATS] t_ms=24864 q_pkts=571 q_bytes=858784 qdelay_l_ms=0.946566 qdelay_c_ms=41.9545 ecn_mark=305 drop=0
[QUEUE_STATS] t_ms=24880 q_pkts=583 q_bytes=876532 qdelay_l_ms=0.907793 qdelay_c_ms=42.758 ecn_mark=305 drop=0
[QUEUE_STATS] t_ms=24896 q_pkts=582 q_bytes=875028 qdelay_l_ms=1.07271 qdelay_c_ms=43.0311 ecn_mark=305 drop=0
[QUEUE_STATS] t_ms=24912 q_pkts=585 q_bytes=879840 qdelay_l_ms=1.18202 qdelay_c_ms=38.4941 ecn_mark=305 drop=0
[QUEUE_STATS] t_ms=24928 q_pkts=597 q_bytes=897888 qdelay_l_ms=1.19176 qdelay_c_ms=42.7955 ecn_mark=305 drop=0
[QUEUE_STATS] t_ms=24944 q_pkts=449 q_bytes=675296 qdelay_l_ms=0.086212 qdelay_c_ms=42.2979 ecn_mark=305 drop=0
[QUEUE_STATS] t_ms=24960 q_pkts=593 q_bytes=891872 qdelay_l_ms=0.759776 qdelay_c_ms=43.856 ecn_mark=305 drop=0
[QUEUE_STATS] t_ms=24976 q_pkts=597 q_bytes=897888 qdelay_l_ms=1.16762 qdelay_c_ms=43.9465 ecn_mark=305 drop=0
[QUEUE_STATS] t_ms=24992 q_pkts=598 q_bytes=899392 qdelay_l_ms=0.972454 qdelay_c_ms=45.2696 ecn_mark=305 drop=0
[QUEUE_STATS] t_ms=25008 q_pkts=561 q_bytes=843744 qdelay_l_ms=0.905879 qdelay_c_ms=43.9852 ecn_mark=306 drop=0
[QUEUE_STATS] t_ms=25024 q_pkts=614 q_bytes=922116 qdelay_l_ms=1.06202 qdelay_c_ms=43.9616 ecn_mark=306 drop=0
[QUEUE_STATS] t_ms=25040 q_pkts=609 q_bytes=914596 qdelay_l_ms=0.717136 qdelay_c_ms=44.4371 ecn_mark=306 drop=0
[QUEUE_STATS] t_ms=25056 q_pkts=611 q_bytes=918944 qdelay_l_ms=0.907092 qdelay_c_ms=39.4351 ecn_mark=306 drop=0
[QUEUE_STATS] t_ms=25072 q_pkts=611 q_bytes=918944 qdelay_l_ms=0.739627 qdelay_c_ms=44.6939 ecn_mark=306 drop=0
[QUEUE_STATS] t_ms=25088 q_pkts=472 q_bytes=709888 qdelay_l_ms=0.86906 qdelay_c_ms=45.8451 ecn_mark=306 drop=0
[QUEUE_STATS] t_ms=25104 q_pkts=620 q_bytes=932480 qdelay_l_ms=0.903685 qdelay_c_ms=45.7112 ecn_mark=306 drop=0
[QUEUE_STATS] t_ms=25120 q_pkts=624 q_bytes=938496 qdelay_l_ms=0.908464 qdelay_c_ms=44.9137 ecn_mark=306 drop=0
[QUEUE_STATS] t_ms=25136 q_pkts=635 q_bytes=955040 qdelay_l_ms=1.18332 qdelay_c_ms=45.8089 ecn_mark=306 drop=0
[QUEUE_STATS] t_ms=25152 q_pkts=594 q_bytes=893376 qdelay_l_ms=1.13677 qdelay_c_ms=46.7542 ecn_mark=306 drop=0
[QUEUE_STATS] t_ms=25168 q_pkts=631 q_bytes=948724 qdelay_l_ms=0.771948 qdelay_c_ms=45.7671 ecn_mark=306 drop=0
[QUEUE_STATS] t_ms=25184 q_pkts=634 q_bytes=953236 qdelay_l_ms=0.899647 qdelay_c_ms=46.009 ecn_mark=306 drop=0
[QUEUE_STATS] t_ms=25200 q_pkts=639 q_bytes=961056 qdelay_l_ms=1.12501 qdelay_c_ms=37.6852 ecn_mark=306 drop=0
[QUEUE_STATS] t_ms=25216 q_pkts=631 q_bytes=949024 qdelay_l_ms=0.113483 qdelay_c_ms=46.1532 ecn_mark=307 drop=0
[QUEUE_STATS] t_ms=25232 q_pkts=480 q_bytes=721920 qdelay_l_ms=1.1548 qdelay_c_ms=47.0252 ecn_mark=307 drop=0
[QUEUE_STATS] t_ms=25248 q_pkts=646 q_bytes=971584 qdelay_l_ms=1.15897 qdelay_c_ms=47.9767 ecn_mark=307 drop=0
[QUEUE_STATS] t_ms=25264 q_pkts=647 q_bytes=973088 qdelay_l_ms=1.19734 qdelay_c_ms=48.0676 ecn_mark=307 drop=0
[QUEUE_STATS] t_ms=25280 q_pkts=650 q_bytes=977600 qdelay_l_ms=0.739998 qdelay_c_ms=44.7566 ecn_mark=307 drop=0
[QUEUE_STATS] t_ms=25296 q_pkts=601 q_bytes=903904 qdelay_l_ms=1.15288 qdelay_c_ms=47.9422 ecn_mark=307 drop=0
[QUEUE_STATS] t_ms=25312 q_pkts=658 q_bytes=988292 qdelay_l_ms=0.913493 qdelay_c_ms=47.8105 ecn_mark=307 drop=0
[QUEUE_STATS] t_ms=25328 q_pkts=656 q_bytes=985284 qdelay_l_ms=0.896833 qdelay_c_ms=48.0072 ecn_mark=307 drop=0
[QUEUE_STATS] t_ms=25344 q_pkts=666 q_bytes=1000324 qdelay_l_ms=1.18887 qdelay_c_ms=37.2175 ecn_mark=308 drop=0
[QUEUE_STATS] t_ms=25360 q_pkts=663 q_bytes=997152 qdelay_l_ms=0.163988 qdelay_c_ms=48.1169 ecn_mark=308 drop=0
[QUEUE_STATS] t_ms=25376 q_pkts=504 q_bytes=758016 qdelay_l_ms=1.12805 qdelay_c_ms=49.9768 ecn_mark=308 drop=0
[QUEUE_STATS] t_ms=25392 q_pkts=669 q_bytes=1006176 qdelay_l_ms=0.96509 qdelay_c_ms=50.1299 ecn_mark=308 drop=0
[QUEUE_STATS] t_ms=25408 q_pkts=658 q_bytes=989632 qdelay_l_ms=0 qdelay_c_ms=49.2761 ecn_mark=308 drop=0
[QUEUE_STATS] t_ms=25424 q_pkts=674 q_bytes=1013696 qdelay_l_ms=1.07367 qdelay_c_ms=44.0873 ecn_mark=308 drop=0
[QUEUE_STATS] t_ms=25440 q_pkts=635 q_bytes=955040 qdelay_l_ms=0.896432 qdelay_c_ms=50.5242 ecn_mark=309 drop=0
[QUEUE_STATS] t_ms=25456 q_pkts=681 q_bytes=1023924 qdelay_l_ms=0.952146 qdelay_c_ms=50.0059 ecn_mark=309 drop=0
[QUEUE_STATS] t_ms=25472 q_pkts=683 q_bytes=1026932 qdelay_l_ms=1.07866 qdelay_c_ms=50.0718 ecn_mark=309 drop=0
[QUEUE_STATS] t_ms=25488 q_pkts=686 q_bytes=1031444 qdelay_l_ms=1.11341 qdelay_c_ms=35.1031 ecn_mark=309 drop=0
[QUEUE_STATS] t_ms=25504 q_pkts=699 q_bytes=1051296 qdelay_l_ms=0.913073 qdelay_c_ms=49.5573 ecn_mark=309 drop=0
[QUEUE_STATS] t_ms=25520 q_pkts=523 q_bytes=786592 qdelay_l_ms=0.894969 qdelay_c_ms=50.8036 ecn_mark=310 drop=0
[QUEUE_STATS] t_ms=25536 q_pkts=705 q_bytes=1060320 qdelay_l_ms=0.893717 qdelay_c_ms=50.7401 ecn_mark=311 drop=0
[QUEUE_STATS] t_ms=25552 q_pkts=696 q_bytes=1046784 qdelay_l_ms=1.19216 qdelay_c_ms=51.7139 ecn_mark=311 drop=0
[QUEUE_STATS] t_ms=25568 q_pkts=701 q_bytes=1054304 qdelay_l_ms=0.89573 qdelay_c_ms=42.17 ecn_mark=311 drop=0
[QUEUE_STATS] t_ms=25584 q_pkts=644 q_bytes=968576 qdelay_l_ms=0.851047 qdelay_c_ms=51.8195 ecn_mark=311 drop=0
[QUEUE_STATS] t_ms=25600 q_pkts=624 q_bytes=937156 qdelay_l_ms=0 qdelay_c_ms=51.2763 ecn_mark=311 drop=0
[QUEUE_STATS] t_ms=25616 q_pkts=694 q_bytes=1042436 qdelay_l_ms=0.093646 qdelay_c_ms=51.2559 ecn_mark=311 drop=0
[QUEUE_STATS] t_ms=25632 q_pkts=717 q_bytes=1077028 qdelay_l_ms=0.891272 qdelay_c_ms=33.6579 ecn_mark=312 drop=0
[QUEUE_STATS] t_ms=25648 q_pkts=713 q_bytes=1072352 qdelay_l_ms=1.19276 qdelay_c_ms=48.6342 ecn_mark=312 drop=0
[QUEUE_STATS] t_ms=25664 q_pkts=573 q_bytes=861792 qdelay_l_ms=1.13867 qdelay_c_ms=53.3113 ecn_mark=312 drop=0
[QUEUE_STATS] t_ms=25680 q_pkts=727 q_bytes=1093408 qdelay_l_ms=1.1836 qdelay_c_ms=53.089 ecn_mark=312 drop=0
[QUEUE_STATS] t_ms=25696 q_pkts=724 q_bytes=1088896 qdelay_l_ms=0.999425 qdelay_c_ms=53.8533 ecn_mark=312 drop=0
[QUEUE_STATS] t_ms=25712 q_pkts=731 q_bytes=1099424 qdelay_l_ms=0.077745 qdelay_c_ms=39.871 ecn_mark=312 drop=0
[QUEUE_STATS] t_ms=25728 q_pkts=694 q_bytes=1043776 qdelay_l_ms=0.837722 qdelay_c_ms=52.907 ecn_mark=312 drop=0
[QUEUE_STATS] t_ms=25744 q_pkts=481 q_bytes=723424 qdelay_l_ms=0.892675 qdelay_c_ms=52.7839 ecn_mark=312 drop=0
[QUEUE_STATS] t_ms=25760 q_pkts=733 q_bytes=1102132 qdelay_l_ms=1.02749 qdelay_c_ms=53.9327 ecn_mark=312 drop=0
[QUEUE_STATS] t_ms=25776 q_pkts=736 q_bytes=1106644 qdelay_l_ms=0.745538 qdelay_c_ms=53.8359 ecn_mark=312 drop=0
[QUEUE_STATS] t_ms=25792 q_pkts=735 q_bytes=1105440 qdelay_l_ms=1.18398 qdelay_c_ms=45.9373 ecn_mark=312 drop=0
[QUEUE_STATS] t_ms=25808 q_pkts=582 q_bytes=875328 qdelay_l_ms=1.12871 qdelay_c_ms=53.9926 ecn_mark=312 drop=0
[QUEUE_STATS] t_ms=25824 q_pkts=747 q_bytes=1123488 qdelay_l_ms=1.18677 qdelay_c_ms=55.0805 ecn_mark=312 drop=0
[QUEUE_STATS] t_ms=25840 q_pkts=743 q_bytes=1117472 qdelay_l_ms=0.849263 qdelay_c_ms=54.8263 ecn_mark=313 drop=0
[QUEUE_STATS] t_ms=25856 q_pkts=743 q_bytes=1117472 qdelay_l_ms=1.18088 qdelay_c_ms=39.6306 ecn_mark=314 drop=0
[QUEUE_STATS] t_ms=25872 q_pkts=689 q_bytes=1036256 qdelay_l_ms=0.87976 qdelay_c_ms=53.8185 ecn_mark=314 drop=0
[QUEUE_STATS] t_ms=25888 q_pkts=475 q_bytes=714400 qdelay_l_ms=1.15479 qdelay_c_ms=55.0173 ecn_mark=314 drop=0
[QUEUE_STATS] t_ms=25904 q_pkts=756 q_bytes=1136724 qdelay_l_ms=1.1125 qdelay_c_ms=55.9541 ecn_mark=314 drop=0
[QUEUE_STATS] t_ms=25920 q_pkts=763 q_bytes=1147252 qdelay_l_ms=0 qdelay_c_ms=55.825 ecn_mark=314 drop=0
[QUEUE_STATS] t_ms=25936 q_pkts=763 q_bytes=1147552 qdelay_l_ms=0.886362 qdelay_c_ms=45.7291 ecn_mark=315 drop=0
[QUEUE_STATS] t_ms=25952 q_pkts=606 q_bytes=911424 qdelay_l_ms=1.14895 qdelay_c_ms=57.027 ecn_mark=315 drop=0
[QUEUE_STATS] t_ms=25968 q_pkts=766 q_bytes=1152064 qdelay_l_ms=0.898085 qdelay_c_ms=55.8716 ecn_mark=315 drop=0
[QUEUE_STATS] t_ms=25984 q_pkts=772 q_bytes=1161088 qdelay_l_ms=0.886393 qdelay_c_ms=56.715 ecn_mark=316 drop=0
[QUEUE_STATS] t_ms=26000 q_pkts=764 q_bytes=1149056 qdelay_l_ms=0.604915 qdelay_c_ms=36.6846 ecn_mark=316 drop=0
[QUEUE_STATS] t_ms=26016 q_pkts=703 q_bytes=1057312 qdelay_l_ms=1.05216 qdelay_c_ms=51.2449 ecn_mark=316 drop=0
[QUEUE_STATS] t_ms=26032 q_pkts=488 q_bytes=733952 qdelay_l_ms=1.1587 qdelay_c_ms=56.9806 ecn_mark=316 drop=0
[QUEUE_STATS] t_ms=26048 q_pkts=777 q_bytes=1167268 qdelay_l_ms=1.16739 qdelay_c_ms=57.3692 ecn_mark=316 drop=0
[QUEUE_STATS] t_ms=26064 q_pkts=779 q_bytes=1170276 qdelay_l_ms=1.17979 qdelay_c_ms=58.13 ecn_mark=316 drop=0
[QUEUE_STATS] t_ms=26080 q_pkts=765 q_bytes=1150560 qdelay_l_ms=0.10704 qdelay_c_ms=44.0232 ecn_mark=316 drop=0
[QUEUE_STATS] t_ms=26096 q_pkts=595 q_bytes=894880 qdelay_l_ms=0.838983 qdelay_c_ms=57.7033 ecn_mark=316 drop=0
[QUEUE_STATS] t_ms=26112 q_pkts=785 q_bytes=1180640 qdelay_l_ms=0.895039 qdelay_c_ms=57.9581 ecn_mark=316 drop=0
[QUEUE_STATS] t_ms=26128 q_pkts=790 q_bytes=1188160 qdelay_l_ms=0.837381 qdelay_c_ms=58.6186 ecn_mark=316 drop=0
[QUEUE_STATS] t_ms=26144 q_pkts=792 q_bytes=1191168 qdelay_l_ms=1.0985 qdelay_c_ms=38.8783 ecn_mark=316 drop=0
[QUEUE_STATS] t_ms=26160 q_pkts=698 q_bytes=1049792 qdelay_l_ms=0.100919 qdelay_c_ms=52.4938 ecn_mark=317 drop=0
[QUEUE_STATS] t_ms=26176 q_pkts=487 q_bytes=732448 qdelay_l_ms=1.15397 qdelay_c_ms=58.9588 ecn_mark=317 drop=0
[QUEUE_STATS] t_ms=26192 q_pkts=797 q_bytes=1198388 qdelay_l_ms=0.609483 qdelay_c_ms=58.9271 ecn_mark=317 drop=0
[QUEUE_STATS] t_ms=26208 q_pkts=803 q_bytes=1207412 qdelay_l_ms=0.877757 qdelay_c_ms=58.9588 ecn_mark=317 drop=0
[QUEUE_STATS] t_ms=26224 q_pkts=800 q_bytes=1203200 qdelay_l_ms=1.16996 qdelay_c_ms=45.7556 ecn_mark=317 drop=0
[QUEUE_STATS] t_ms=26240 q_pkts=601 q_bytes=903904 qdelay_l_ms=0.816071 qdelay_c_ms=58.8255 ecn_mark=317 drop=0
[QUEUE_STATS] t_ms=26256 q_pkts=793 q_bytes=1192672 qdelay_l_ms=0 qdelay_c_ms=58.3514 ecn_mark=318 drop=0
[QUEUE_STATS] t_ms=26272 q_pkts=808 q_bytes=1215232 qdelay_l_ms=0.86929 qdelay_c_ms=59.8972 ecn_mark=318 drop=0
[QUEUE_STATS] t_ms=26288 q_pkts=816 q_bytes=1227264 qdelay_l_ms=0.880201 qdelay_c_ms=37.4357 ecn_mark=318 drop=0
[QUEUE_STATS] t_ms=26304 q_pkts=737 q_bytes=1108448 qdelay_l_ms=1.03417 qdelay_c_ms=52.479 ecn_mark=318 drop=0
[QUEUE_STATS] t_ms=26320 q_pkts=519 q_bytes=780576 qdelay_l_ms=1.15731 qdelay_c_ms=59.9524 ecn_mark=318 drop=0
[QUEUE_STATS] t_ms=26336 q_pkts=817 q_bytes=1228468 qdelay_l_ms=0.738446 qdelay_c_ms=60.9375 ecn_mark=318 drop=0
[QUEUE_STATS] t_ms=26352 q_pkts=827 q_bytes=1243508 qdelay_l_ms=0.874591 qdelay_c_ms=59.9974 ecn_mark=318 drop=0
[QUEUE_STATS] t_ms=26368 q_pkts=823 q_bytes=1237792 qdelay_l_ms=1.18267 qdelay_c_ms=43.4834 ecn_mark=318 drop=0
[QUEUE_STATS] t_ms=26384 q_pkts=626 q_bytes=941504 qdelay_l_ms=0.892304 qdelay_c_ms=57.8853 ecn_mark=318 drop=0
[QUEUE_STATS] t_ms=26400 q_pkts=828 q_bytes=1245312 qdelay_l_ms=0.891873 qdelay_c_ms=61.6227 ecn_mark=319 drop=0
[QUEUE_STATS] t_ms=26416 q_pkts=835 q_bytes=1255840 qdelay_l_ms=1.16927 qdelay_c_ms=61.927 ecn_mark=319 drop=0
[QUEUE_STATS] t_ms=26432 q_pkts=823 q_bytes=1237792 qdelay_l_ms=0.878198 qdelay_c_ms=36.6519 ecn_mark=321 drop=0
[QUEUE_STATS] t_ms=26448 q_pkts=721 q_bytes=1084384 qdelay_l_ms=1.08949 qdelay_c_ms=51.7555 ecn_mark=321 drop=0
[QUEUE_STATS] t_ms=26464 q_pkts=509 q_bytes=765536 qdelay_l_ms=1.04906 qdelay_c_ms=62.0499 ecn_mark=321 drop=0
[QUEUE_STATS] t_ms=26480 q_pkts=831 q_bytes=1248976 qdelay_l_ms=1.18744 qdelay_c_ms=63.0816 ecn_mark=321 drop=0
[QUEUE_STATS] t_ms=26496 q_pkts=831 q_bytes=1248976 qdelay_l_ms=1.1764 qdelay_c_ms=62.0028 ecn_mark=321 drop=0
[QUEUE_STATS] t_ms=26512 q_pkts=823 q_bytes=1237244 qdelay_l_ms=1.17655 qdelay_c_ms=44.096 ecn_mark=321 drop=0
[QUEUE_STATS] t_ms=26528 q_pkts=604 q_bytes=907868 qdelay_l_ms=1.15972 qdelay_c_ms=59.5412 ecn_mark=321 drop=0
[QUEUE_STATS] t_ms=26544 q_pkts=829 q_bytes=1245964 qdelay_l_ms=1.16319 qdelay_c_ms=61.4781 ecn_mark=321 drop=0
[QUEUE_STATS] t_ms=26560 q_pkts=833 q_bytes=1251980 qdelay_l_ms=0.876695 qdelay_c_ms=61.7604 ecn_mark=321 drop=0
[QUEUE_STATS] t_ms=26576 q_pkts=824 q_bytes=1238444 qdelay_l_ms=1.12559 qdelay_c_ms=37.3833 ecn_mark=321 drop=0
[QUEUE_STATS] t_ms=26592 q_pkts=718 q_bytes=1079020 qdelay_l_ms=1.0482 qdelay_c_ms=52.5831 ecn_mark=321 drop=0
[QUEUE_STATS] t_ms=26608 q_pkts=504 q_bytes=758016 qdelay_l_ms=0.889449 qdelay_c_ms=62.9415 ecn_mark=322 drop=0
[QUEUE_STATS] t_ms=26624 q_pkts=814 q_bytes=1223956 qdelay_l_ms=0 qdelay_c_ms=61.4072 ecn_mark=323 drop=0
[QUEUE_STATS] t_ms=26640 q_pkts=829 q_bytes=1246516 qdelay_l_ms=1.16245 qdelay_c_ms=62.0329 ecn_mark=323 drop=0
[QUEUE_STATS] t_ms=26656 q_pkts=820 q_bytes=1232980 qdelay_l_ms=1.17538 qdelay_c_ms=45.1027 ecn_mark=323 drop=0
[QUEUE_STATS] t_ms=26672 q_pkts=608 q_bytes=914132 qdelay_l_ms=0.831189 qdelay_c_ms=59.8696 ecn_mark=323 drop=0
[QUEUE_STATS] t_ms=26688 q_pkts=819 q_bytes=1231228 qdelay_l_ms=0.112311 qdelay_c_ms=61.2335 ecn_mark=323 drop=0
[QUEUE_STATS] t_ms=26704 q_pkts=833 q_bytes=1252284 qdelay_l_ms=1.1664 qdelay_c_ms=63.0034 ecn_mark=323 drop=0
[QUEUE_STATS] t_ms=26720 q_pkts=825 q_bytes=1240252 qdelay_l_ms=0.878448 qdelay_c_ms=37.7329 ecn_mark=323 drop=0
[QUEUE_STATS] t_ms=26736 q_pkts=719 q_bytes=1080828 qdelay_l_ms=1.15028 qdelay_c_ms=52.5145 ecn_mark=323 drop=0
[QUEUE_STATS] t_ms=26752 q_pkts=502 q_bytes=755008 qdelay_l_ms=1.1607 qdelay_c_ms=62.3681 ecn_mark=325 drop=0
[QUEUE_STATS] t_ms=26768 q_pkts=832 q_bytes=1250476 qdelay_l_ms=0.873689 qdelay_c_ms=62.888 ecn_mark=327 drop=0
[QUEUE_STATS] t_ms=26784 q_pkts=831 q_bytes=1248972 qdelay_l_ms=0.844634 qdelay_c_ms=61.9218 ecn_mark=327 drop=0
[QUEUE_STATS] t_ms=26800 q_pkts=825 q_bytes=1239948 qdelay_l_ms=1.17257 qdelay_c_ms=45.1133 ecn_mark=327 drop=0
[QUEUE_STATS] t_ms=26816 q_pkts=613 q_bytes=921100 qdelay_l_ms=0.877737 qdelay_c_ms=59.7634 ecn_mark=327 drop=0
[QUEUE_STATS] t_ms=26832 q_pkts=831 q_bytes=1249524 qdelay_l_ms=1.16147 qdelay_c_ms=62.1368 ecn_mark=327 drop=0
[QUEUE_STATS] t_ms=26848 q_pkts=831 q_bytes=1249524 qdelay_l_ms=1.15781 qdelay_c_ms=62.8058 ecn_mark=327 drop=0
[QUEUE_STATS] t_ms=26864 q_pkts=836 q_bytes=1257044 qdelay_l_ms=1.15681 qdelay_c_ms=37.6623 ecn_mark=327 drop=0
[QUEUE_STATS] t_ms=26880 q_pkts=728 q_bytes=1094612 qdelay_l_ms=1.16326 qdelay_c_ms=51.9972 ecn_mark=327 drop=0
[QUEUE_STATS] t_ms=26896 q_pkts=502 q_bytes=755008 qdelay_l_ms=1.14993 qdelay_c_ms=62.8974 ecn_mark=327 drop=0
[QUEUE_STATS] t_ms=26912 q_pkts=838 q_bytes=1259804 qdelay_l_ms=1.09786 qdelay_c_ms=62.2927 ecn_mark=327 drop=0
[QUEUE_STATS] t_ms=26928 q_pkts=831 q_bytes=1249276 qdelay_l_ms=0.869662 qdelay_c_ms=61.7859 ecn_mark=328 drop=0
[QUEUE_STATS] t_ms=26944 q_pkts=828 q_bytes=1244764 qdelay_l_ms=0.868168 qdelay_c_ms=44.9014 ecn_mark=328 drop=0
[QUEUE_STATS] t_ms=26960 q_pkts=611 q_bytes=918396 qdelay_l_ms=0 qdelay_c_ms=59.857 ecn_mark=329 drop=0
[QUEUE_STATS] t_ms=26976 q_pkts=833 q_bytes=1251980 qdelay_l_ms=0.867447 qdelay_c_ms=62.8778 ecn_mark=329 drop=0
[QUEUE_STATS] t_ms=26992 q_pkts=834 q_bytes=1253484 qdelay_l_ms=1.15805 qdelay_c_ms=62.7131 ecn_mark=329 drop=0
[QUEUE_STATS] t_ms=27008 q_pkts=813 q_bytes=1221900 qdelay_l_ms=0.099847 qdelay_c_ms=36.9653 ecn_mark=330 drop=0
[QUEUE_STATS] t_ms=27024 q_pkts=723 q_bytes=1086540 qdelay_l_ms=1.06548 qdelay_c_ms=52.661 ecn_mark=330 drop=0
[QUEUE_STATS] t_ms=27040 q_pkts=508 q_bytes=764032 qdelay_l_ms=0.882816 qdelay_c_ms=62.8356 ecn_mark=330 drop=0
[QUEUE_STATS] t_ms=27056 q_pkts=834 q_bytes=1254036 qdelay_l_ms=0.726212 qdelay_c_ms=62.8897 ecn_mark=330 drop=0
[QUEUE_STATS] t_ms=27072 q_pkts=834 q_bytes=1254036 qdelay_l_ms=0.866536 qdelay_c_ms=61.7944 ecn_mark=331 drop=0
[QUEUE_STATS] t_ms=27088 q_pkts=830 q_bytes=1248020 qdelay_l_ms=1.16109 qdelay_c_ms=44.713 ecn_mark=331 drop=0
[QUEUE_STATS] t_ms=27104 q_pkts=613 q_bytes=921652 qdelay_l_ms=0.869611 qdelay_c_ms=59.4833 ecn_mark=331 drop=0
[QUEUE_STATS] t_ms=27120 q_pkts=822 q_bytes=1235740 qdelay_l_ms=0.101781 qdelay_c_ms=61.4143 ecn_mark=331 drop=0
[QUEUE_STATS] t_ms=27136 q_pkts=836 q_bytes=1256796 qdelay_l_ms=0.877967 qdelay_c_ms=62.7886 ecn_mark=332 drop=0
[QUEUE_STATS] t_ms=27152 q_pkts=822 q_bytes=1235740 qdelay_l_ms=0.14384 qdelay_c_ms=37.169 ecn_mark=332 drop=0
[QUEUE_STATS] t_ms=27168 q_pkts=720 q_bytes=1082332 qdelay_l_ms=0.10099 qdelay_c_ms=51.5649 ecn_mark=332 drop=0
[QUEUE_STATS] t_ms=27184 q_pkts=505 q_bytes=759520 qdelay_l_ms=1.13685 qdelay_c_ms=61.9378 ecn_mark=332 drop=0
[QUEUE_STATS] t_ms=27200 q_pkts=833 q_bytes=1251980 qdelay_l_ms=1.16076 qdelay_c_ms=63.3598 ecn_mark=333 drop=0
[QUEUE_STATS] t_ms=27216 q_pkts=836 q_bytes=1256492 qdelay_l_ms=0.874731 qdelay_c_ms=61.9613 ecn_mark=333 drop=0
[QUEUE_STATS] t_ms=27232 q_pkts=831 q_bytes=1248972 qdelay_l_ms=1.09041 qdelay_c_ms=45.0441 ecn_mark=333 drop=0
[QUEUE_STATS] t_ms=27248 q_pkts=616 q_bytes=925612 qdelay_l_ms=0 qdelay_c_ms=59.8019 ecn_mark=333 drop=0
[QUEUE_STATS] t_ms=27264 q_pkts=832 q_bytes=1251028 qdelay_l_ms=0.877506 qdelay_c_ms=62.8544 ecn_mark=333 drop=0
[QUEUE_STATS] t_ms=27280 q_pkts=832 q_bytes=1251028 qdelay_l_ms=1.01035 qdelay_c_ms=62.9394 ecn_mark=336 drop=0
[QUEUE_STATS] t_ms=27296 q_pkts=830 q_bytes=1248020 qdelay_l_ms=1.14413 qdelay_c_ms=37.8589 ecn_mark=336 drop=0
[QUEUE_STATS] t_ms=27312 q_pkts=721 q_bytes=1084084 qdelay_l_ms=1.14211 qdelay_c_ms=52.6625 ecn_mark=336 drop=0
[QUEUE_STATS] t_ms=27328 q_pkts=508 q_bytes=764032 qdelay_l_ms=0.863931 qdelay_c_ms=62.5957 ecn_mark=336 drop=0
[QUEUE_STATS] t_ms=27344 q_pkts=834 q_bytes=1253788 qdelay_l_ms=1.14935 qdelay_c_ms=62.9936 ecn_mark=336 drop=0
[QUEUE_STATS] t_ms=27360 q_pkts=832 q_bytes=1250780 qdelay_l_ms=0.874971 qdelay_c_ms=62.9039 ecn_mark=337 drop=0
[QUEUE_STATS] t_ms=27376 q_pkts=827 q_bytes=1243260 qdelay_l_ms=1.1529 qdelay_c_ms=44.8711 ecn_mark=337 drop=0
[QUEUE_STATS] t_ms=27392 q_pkts=613 q_bytes=921404 qdelay_l_ms=1.13698 qdelay_c_ms=59.6264 ecn_mark=338 drop=0
[QUEUE_STATS] t_ms=27408 q_pkts=835 q_bytes=1254988 qdelay_l_ms=0.8743 qdelay_c_ms=63.0075 ecn_mark=340 drop=0
[QUEUE_STATS] t_ms=27424 q_pkts=838 q_bytes=1259500 qdelay_l_ms=1.00287 qdelay_c_ms=62.7311 ecn_mark=340 drop=0
[QUEUE_STATS] t_ms=27440 q_pkts=829 q_bytes=1245964 qdelay_l_ms=1.18142 qdelay_c_ms=37.7879 ecn_mark=340 drop=0
[QUEUE_STATS] t_ms=27456 q_pkts=722 q_bytes=1085036 qdelay_l_ms=0.023073 qdelay_c_ms=51.5802 ecn_mark=340 drop=0
[QUEUE_STATS] t_ms=27472 q_pkts=509 q_bytes=765536 qdelay_l_ms=0.873588 qdelay_c_ms=62.7311 ecn_mark=340 drop=0
[QUEUE_STATS] t_ms=27488 q_pkts=836 q_bytes=1257044 qdelay_l_ms=1.05767 qdelay_c_ms=63.0566 ecn_mark=340 drop=0
[QUEUE_STATS] t_ms=27504 q_pkts=836 q_bytes=1257044 qdelay_l_ms=0.872837 qdelay_c_ms=62.6847 ecn_mark=340 drop=0
[QUEUE_STATS] t_ms=27520 q_pkts=829 q_bytes=1246516 qdelay_l_ms=1.13013 qdelay_c_ms=45.4366 ecn_mark=340 drop=0
[QUEUE_STATS] t_ms=27536 q_pkts=617 q_bytes=927668 qdelay_l_ms=0 qdelay_c_ms=59.805 ecn_mark=342 drop=0
[QUEUE_STATS] t_ms=27552 q_pkts=833 q_bytes=1252284 qdelay_l_ms=0.87402 qdelay_c_ms=62.5663 ecn_mark=342 drop=0
[QUEUE_STATS] t_ms=27568 q_pkts=840 q_bytes=1262812 qdelay_l_ms=1.14591 qdelay_c_ms=62.8009 ecn_mark=342 drop=0
[QUEUE_STATS] t_ms=27584 q_pkts=831 q_bytes=1249276 qdelay_l_ms=1.1466 qdelay_c_ms=37.9323 ecn_mark=342 drop=0
[QUEUE_STATS] t_ms=27601 q_pkts=727 q_bytes=1092860 qdelay_l_ms=1.04674 qdelay_c_ms=52.6686 ecn_mark=342 drop=0
[QUEUE_STATS] t_ms=27616 q_pkts=512 q_bytes=770048 qdelay_l_ms=1.14388 qdelay_c_ms=62.9617 ecn_mark=343 drop=0
[QUEUE_STATS] t_ms=27632 q_pkts=834 q_bytes=1253484 qdelay_l_ms=0.162996 qdelay_c_ms=62.3423 ecn_mark=343 drop=0
[QUEUE_STATS] t_ms=27648 q_pkts=833 q_bytes=1251980 qdelay_l_ms=1.15505 qdelay_c_ms=63.0317 ecn_mark=343 drop=0
[QUEUE_STATS] t_ms=27664 q_pkts=830 q_bytes=1247468 qdelay_l_ms=1.12037 qdelay_c_ms=43.7272 ecn_mark=344 drop=0
[QUEUE_STATS] t_ms=27680 q_pkts=632 q_bytes=949676 qdelay_l_ms=0.875222 qdelay_c_ms=58.7521 ecn_mark=344 drop=0
[QUEUE_STATS] t_ms=27696 q_pkts=840 q_bytes=1263060 qdelay_l_ms=0.869822 qdelay_c_ms=62.7002 ecn_mark=344 drop=0
[QUEUE_STATS] t_ms=27712 q_pkts=837 q_bytes=1258548 qdelay_l_ms=1.14412 qdelay_c_ms=63.199 ecn_mark=345 drop=0
[QUEUE_STATS] t_ms=27728 q_pkts=830 q_bytes=1248020 qdelay_l_ms=1.14748 qdelay_c_ms=36.8152 ecn_mark=346 drop=0
[QUEUE_STATS] t_ms=27744 q_pkts=739 q_bytes=1111156 qdelay_l_ms=1.12762 qdelay_c_ms=51.6754 ecn_mark=346 drop=0
[QUEUE_STATS] t_ms=27760 q_pkts=523 q_bytes=786592 qdelay_l_ms=0.863429 qdelay_c_ms=62.8125 ecn_mark=346 drop=0
[QUEUE_STATS] t_ms=27776 q_pkts=841 q_bytes=1264864 qdelay_l_ms=1.12396 qdelay_c_ms=63.1248 ecn_mark=347 drop=0
[QUEUE_STATS] t_ms=27792 q_pkts=838 q_bytes=1260352 qdelay_l_ms=1.14599 qdelay_c_ms=62.9851 ecn_mark=347 drop=0
[QUEUE_STATS] t_ms=27808 q_pkts=833 q_bytes=1252832 qdelay_l_ms=1.19228 qdelay_c_ms=44.4592 ecn_mark=347 drop=0
[QUEUE_STATS] t_ms=27824 q_pkts=637 q_bytes=958048 qdelay_l_ms=1.15107 qdelay_c_ms=58.8458 ecn_mark=347 drop=0
[QUEUE_STATS] t_ms=27840 q_pkts=836 q_bytes=1257344 qdelay_l_ms=0.871896 qdelay_c_ms=62.9366 ecn_mark=348 drop=0
[QUEUE_STATS] t_ms=27856 q_pkts=839 q_bytes=1261856 qdelay_l_ms=0.994385 qdelay_c_ms=63.0837 ecn_mark=349 drop=0
[QUEUE_STATS] t_ms=27872 q_pkts=840 q_bytes=1261924 qdelay_l_ms=0.86346 qdelay_c_ms=35.8222 ecn_mark=351 drop=0
[QUEUE_STATS] t_ms=27888 q_pkts=762 q_bytes=1144612 qdelay_l_ms=1.12187 qdelay_c_ms=49.8095 ecn_mark=353 drop=0
[QUEUE_STATS] t_ms=27904 q_pkts=537 q_bytes=806212 qdelay_l_ms=0.86928 qdelay_c_ms=62.7306 ecn_mark=353 drop=0
[QUEUE_STATS] t_ms=27920 q_pkts=833 q_bytes=1251132 qdelay_l_ms=0.140083 qdelay_c_ms=62.3298 ecn_mark=353 drop=0
[QUEUE_STATS] t_ms=27936 q_pkts=837 q_bytes=1258584 qdelay_l_ms=1.00798 qdelay_c_ms=62.9491 ecn_mark=353 drop=0
[QUEUE_STATS] t_ms=27952 q_pkts=829 q_bytes=1246552 qdelay_l_ms=1.14423 qdelay_c_ms=43.4664 ecn_mark=353 drop=0
[QUEUE_STATS] t_ms=27968 q_pkts=646 q_bytes=971320 qdelay_l_ms=1.14302 qdelay_c_ms=57.8399 ecn_mark=355 drop=0
[QUEUE_STATS] t_ms=27984 q_pkts=835 q_bytes=1255840 qdelay_l_ms=0.874661 qdelay_c_ms=61.9867 ecn_mark=356 drop=0
[QUEUE_STATS] t_ms=28000 q_pkts=838 q_bytes=1260352 qdelay_l_ms=0.870853 qdelay_c_ms=62.894 ecn_mark=356 drop=0
[QUEUE_STATS] t_ms=28016 q_pkts=831 q_bytes=1249824 qdelay_l_ms=0.85837 qdelay_c_ms=35.9928 ecn_mark=356 drop=0
[QUEUE_STATS] t_ms=28032 q_pkts=755 q_bytes=1135520 qdelay_l_ms=1.15385 qdelay_c_ms=50.6744 ecn_mark=356 drop=0
[QUEUE_STATS] t_ms=28048 q_pkts=543 q_bytes=816672 qdelay_l_ms=1.14592 qdelay_c_ms=62.9639 ecn_mark=356 drop=0
[QUEUE_STATS] t_ms=28064 q_pkts=841 q_bytes=1264864 qdelay_l_ms=0.869562 qdelay_c_ms=62.7401 ecn_mark=356 drop=0
[QUEUE_STATS] t_ms=28080 q_pkts=836 q_bytes=1255908 qdelay_l_ms=1.14033 qdelay_c_ms=62.8343 ecn_mark=356 drop=0
[QUEUE_STATS] t_ms=28096 q_pkts=838 q_bytes=1258916 qdelay_l_ms=1.1444 qdelay_c_ms=42.7054 ecn_mark=356 drop=0
[QUEUE_STATS] t_ms=28112 q_pkts=657 q_bytes=986692 qdelay_l_ms=0.857348 qdelay_c_ms=56.8473 ecn_mark=356 drop=0
[QUEUE_STATS] t_ms=28128 q_pkts=579 q_bytes=869380 qdelay_l_ms=0 qdelay_c_ms=61.441 ecn_mark=358 drop=0
[QUEUE_STATS] t_ms=28144 q_pkts=836 q_bytes=1257080 qdelay_l_ms=0.860154 qdelay_c_ms=63.7754 ecn_mark=360 drop=0
[QUEUE_STATS] t_ms=28160 q_pkts=832 q_bytes=1251064 qdelay_l_ms=1.14346 qdelay_c_ms=62.6076 ecn_mark=360 drop=0
[QUEUE_STATS] t_ms=28176 q_pkts=780 q_bytes=1172856 qdelay_l_ms=0.852689 qdelay_c_ms=48.2911 ecn_mark=360 drop=0
[QUEUE_STATS] t_ms=28192 q_pkts=561 q_bytes=843744 qdelay_l_ms=1.14745 qdelay_c_ms=61.9026 ecn_mark=360 drop=0
[QUEUE_STATS] t_ms=28208 q_pkts=836 q_bytes=1257344 qdelay_l_ms=0.867327 qdelay_c_ms=62.609 ecn_mark=360 drop=0
[QUEUE_STATS] t_ms=28224 q_pkts=833 q_bytes=1252832 qdelay_l_ms=1.16333 qdelay_c_ms=62.9309 ecn_mark=360 drop=0
[QUEUE_STATS] t_ms=28240 q_pkts=835 q_bytes=1255840 qdelay_l_ms=0.724539 qdelay_c_ms=41.4013 ecn_mark=360 drop=0
[QUEUE_STATS] t_ms=28256 q_pkts=675 q_bytes=1015200 qdelay_l_ms=0.857649 qdelay_c_ms=55.8989 ecn_mark=360 drop=0
[QUEUE_STATS] t_ms=28272 q_pkts=481 q_bytes=723424 qdelay_l_ms=0.218019 qdelay_c_ms=62.2537 ecn_mark=360 drop=0
[QUEUE_STATS] t_ms=28288 q_pkts=838 q_bytes=1260352 qdelay_l_ms=1.13932 qdelay_c_ms=62.9929 ecn_mark=360 drop=0
[QUEUE_STATS] t_ms=28304 q_pkts=840 q_bytes=1261924 qdelay_l_ms=1.1307 qdelay_c_ms=61.837 ecn_mark=360 drop=0
[QUEUE_STATS] t_ms=28320 q_pkts=788 q_bytes=1183716 qdelay_l_ms=0.867037 qdelay_c_ms=47.6395 ecn_mark=360 drop=0
[QUEUE_STATS] t_ms=28336 q_pkts=575 q_bytes=863364 qdelay_l_ms=0.839324 qdelay_c_ms=62.365 ecn_mark=360 drop=0
[QUEUE_STATS] t_ms=28352 q_pkts=833 q_bytes=1251132 qdelay_l_ms=0.105147 qdelay_c_ms=62.4927 ecn_mark=361 drop=0
[QUEUE_STATS] t_ms=28368 q_pkts=848 q_bytes=1275128 qdelay_l_ms=1.00757 qdelay_c_ms=63.6331 ecn_mark=361 drop=0
[QUEUE_STATS] t_ms=28384 q_pkts=837 q_bytes=1258584 qdelay_l_ms=1.20755 qdelay_c_ms=40.8611 ecn_mark=361 drop=0
[QUEUE_STATS] t_ms=28400 q_pkts=689 q_bytes=1035992 qdelay_l_ms=0.849513 qdelay_c_ms=55.1583 ecn_mark=362 drop=0
[QUEUE_STATS] t_ms=28416 q_pkts=475 q_bytes=714400 qdelay_l_ms=1.1368 qdelay_c_ms=62.7786 ecn_mark=362 drop=0
[QUEUE_STATS] t_ms=28432 q_pkts=832 q_bytes=1251328 qdelay_l_ms=0.102843 qdelay_c_ms=62.2433 ecn_mark=362 drop=0
[QUEUE_STATS] t_ms=28448 q_pkts=840 q_bytes=1263360 qdelay_l_ms=0.854363 qdelay_c_ms=62.3486 ecn_mark=362 drop=0
[QUEUE_STATS] t_ms=28464 q_pkts=810 q_bytes=1218240 qdelay_l_ms=0.848893 qdelay_c_ms=46.796 ecn_mark=362 drop=0
[QUEUE_STATS] t_ms=28480 q_pkts=601 q_bytes=903904 qdelay_l_ms=0.841478 qdelay_c_ms=61.5648 ecn_mark=362 drop=0
[QUEUE_STATS] t_ms=28496 q_pkts=837 q_bytes=1258848 qdelay_l_ms=1.13955 qdelay_c_ms=62.8772 ecn_mark=362 drop=0
[QUEUE_STATS] t_ms=28512 q_pkts=841 q_bytes=1264600 qdelay_l_ms=0.695064 qdelay_c_ms=63.8404 ecn_mark=362 drop=0
[QUEUE_STATS] t_ms=28528 q_pkts=835 q_bytes=1254404 qdelay_l_ms=1.1348 qdelay_c_ms=38.6921 ecn_mark=362 drop=0
[QUEUE_STATS] t_ms=28544 q_pkts=711 q_bytes=1067908 qdelay_l_ms=0 qdelay_c_ms=52.6358 ecn_mark=362 drop=0
[QUEUE_STATS] t_ms=28560 q_pkts=500 q_bytes=750564 qdelay_l_ms=1.13007 qdelay_c_ms=62.6962 ecn_mark=362 drop=0
[QUEUE_STATS] t_ms=28576 q_pkts=848 q_bytes=1273956 qdelay_l_ms=0.775775 qdelay_c_ms=62.924 ecn_mark=362 drop=0
[QUEUE_STATS] t_ms=28592 q_pkts=836 q_bytes=1257080 qdelay_l_ms=0.845396 qdelay_c_ms=62.9359 ecn_mark=363 drop=0
[QUEUE_STATS] t_ms=28608 q_pkts=825 q_bytes=1240536 qdelay_l_ms=0.776406 qdelay_c_ms=45.7885 ecn_mark=364 drop=0
[QUEUE_STATS] t_ms=28624 q_pkts=610 q_bytes=917176 qdelay_l_ms=1.13468 qdelay_c_ms=60.7432 ecn_mark=365 drop=0
[QUEUE_STATS] t_ms=28640 q_pkts=840 q_bytes=1263360 qdelay_l_ms=1.13404 qdelay_c_ms=62.9908 ecn_mark=365 drop=0
[QUEUE_STATS] t_ms=28656 q_pkts=840 q_bytes=1263360 qdelay_l_ms=0.982653 qdelay_c_ms=63.9661 ecn_mark=365 drop=0
[QUEUE_STATS] t_ms=28672 q_pkts=836 q_bytes=1257344 qdelay_l_ms=0.862177 qdelay_c_ms=37.7694 ecn_mark=365 drop=0
[QUEUE_STATS] t_ms=28688 q_pkts=731 q_bytes=1099424 qdelay_l_ms=1.07555 qdelay_c_ms=52.4691 ecn_mark=366 drop=0
[QUEUE_STATS] t_ms=28704 q_pkts=519 q_bytes=780576 qdelay_l_ms=1.12973 qdelay_c_ms=63.8199 ecn_mark=366 drop=0
[QUEUE_STATS] t_ms=28720 q_pkts=839 q_bytes=1261856 qdelay_l_ms=1.10141 qdelay_c_ms=63.8819 ecn_mark=367 drop=0
[QUEUE_STATS] t_ms=28736 q_pkts=839 q_bytes=1260420 qdelay_l_ms=1.12387 qdelay_c_ms=63.9407 ecn_mark=367 drop=0
[QUEUE_STATS] t_ms=28752 q_pkts=833 q_bytes=1251396 qdelay_l_ms=1.15694 qdelay_c_ms=44.4933 ecn_mark=367 drop=0
[QUEUE_STATS] t_ms=28768 q_pkts=636 q_bytes=955108 qdelay_l_ms=0.840076 qdelay_c_ms=58.7526 ecn_mark=367 drop=0
[QUEUE_STATS] t_ms=28784 q_pkts=840 q_bytes=1261660 qdelay_l_ms=1.12883 qdelay_c_ms=63.1701 ecn_mark=367 drop=0
[QUEUE_STATS] t_ms=28800 q_pkts=841 q_bytes=1264600 qdelay_l_ms=1.0185 qdelay_c_ms=63.1149 ecn_mark=368 drop=0
[QUEUE_STATS] t_ms=28816 q_pkts=835 q_bytes=1255576 qdelay_l_ms=1.13445 qdelay_c_ms=35.9656 ecn_mark=368 drop=0
[QUEUE_STATS] t_ms=28832 q_pkts=759 q_bytes=1141272 qdelay_l_ms=0.837 qdelay_c_ms=50.3057 ecn_mark=368 drop=0
[QUEUE_STATS] t_ms=28848 q_pkts=544 q_bytes=818176 qdelay_l_ms=1.11781 qdelay_c_ms=63.1225 ecn_mark=368 drop=0
[QUEUE_STATS] t_ms=28864 q_pkts=837 q_bytes=1258848 qdelay_l_ms=0.09098 qdelay_c_ms=63.2065 ecn_mark=369 drop=0
[QUEUE_STATS] t_ms=28880 q_pkts=836 q_bytes=1257344 qdelay_l_ms=0.857919 qdelay_c_ms=62.8955 ecn_mark=369 drop=0
[QUEUE_STATS] t_ms=28896 q_pkts=840 q_bytes=1263360 qdelay_l_ms=0.850204 qdelay_c_ms=42.4987 ecn_mark=369 drop=0
[QUEUE_STATS] t_ms=28912 q_pkts=668 q_bytes=1004672 qdelay_l_ms=1.07368 qdelay_c_ms=57.059 ecn_mark=369 drop=0
[QUEUE_STATS] t_ms=28928 q_pkts=658 q_bytes=989632 qdelay_l_ms=0 qdelay_c_ms=62.2277 ecn_mark=369 drop=0
[QUEUE_STATS] t_ms=28944 q_pkts=846 q_bytes=1272384 qdelay_l_ms=1.12882 qdelay_c_ms=62.9658 ecn_mark=369 drop=0
[QUEUE_STATS] t_ms=28960 q_pkts=833 q_bytes=1251396 qdelay_l_ms=1.12842 qdelay_c_ms=62.8676 ecn_mark=369 drop=0
[QUEUE_STATS] t_ms=28976 q_pkts=782 q_bytes=1174692 qdelay_l_ms=1.10554 qdelay_c_ms=48.8254 ecn_mark=369 drop=0
[QUEUE_STATS] t_ms=28992 q_pkts=570 q_bytes=855844 qdelay_l_ms=1.1088 qdelay_c_ms=62.9753 ecn_mark=369 drop=0
[QUEUE_STATS] t_ms=29008 q_pkts=838 q_bytes=1258652 qdelay_l_ms=1.10923 qdelay_c_ms=64.0309 ecn_mark=369 drop=0
[QUEUE_STATS] t_ms=29024 q_pkts=849 q_bytes=1276632 qdelay_l_ms=1.00616 qdelay_c_ms=63.7429 ecn_mark=369 drop=0
[QUEUE_STATS] t_ms=29040 q_pkts=839 q_bytes=1261592 qdelay_l_ms=0.723207 qdelay_c_ms=40.5422 ecn_mark=369 drop=0
[QUEUE_STATS] t_ms=29056 q_pkts=693 q_bytes=1042008 qdelay_l_ms=0.828304 qdelay_c_ms=55.1495 ecn_mark=370 drop=0
[QUEUE_STATS] t_ms=29072 q_pkts=478 q_bytes=718912 qdelay_l_ms=0.819477 qdelay_c_ms=62.5812 ecn_mark=371 drop=0
[QUEUE_STATS] t_ms=29088 q_pkts=848 q_bytes=1275392 qdelay_l_ms=1.12501 qdelay_c_ms=62.9366 ecn_mark=371 drop=0
[QUEUE_STATS] t_ms=29104 q_pkts=842 q_bytes=1266368 qdelay_l_ms=1.13753 qdelay_c_ms=64.014 ecn_mark=372 drop=0
[QUEUE_STATS] t_ms=29120 q_pkts=812 q_bytes=1221248 qdelay_l_ms=0.82631 qdelay_c_ms=46.7215 ecn_mark=372 drop=0
[QUEUE_STATS] t_ms=29136 q_pkts=602 q_bytes=905408 qdelay_l_ms=1.11176 qdelay_c_ms=61.6329 ecn_mark=372 drop=0
[QUEUE_STATS] t_ms=29152 q_pkts=842 q_bytes=1266368 qdelay_l_ms=0.859582 qdelay_c_ms=63.8785 ecn_mark=372 drop=0
[QUEUE_STATS] t_ms=29168 q_pkts=839 q_bytes=1261592 qdelay_l_ms=1.12471 qdelay_c_ms=63.9351 ecn_mark=375 drop=0
[QUEUE_STATS] t_ms=29184 q_pkts=837 q_bytes=1257412 qdelay_l_ms=1.12533 qdelay_c_ms=38.7487 ecn_mark=375 drop=0
[QUEUE_STATS] t_ms=29200 q_pkts=718 q_bytes=1078436 qdelay_l_ms=0.715953 qdelay_c_ms=53.4577 ecn_mark=376 drop=0
[QUEUE_STATS] t_ms=29216 q_pkts=508 q_bytes=762596 qdelay_l_ms=1.07664 qdelay_c_ms=64.0362 ecn_mark=377 drop=0
[QUEUE_STATS] t_ms=29232 q_pkts=845 q_bytes=1269444 qdelay_l_ms=1.12658 qdelay_c_ms=63.9698 ecn_mark=378 drop=0
[QUEUE_STATS] t_ms=29248 q_pkts=843 q_bytes=1267608 qdelay_l_ms=1.12869 qdelay_c_ms=63.9908 ecn_mark=379 drop=0
[QUEUE_STATS] t_ms=29264 q_pkts=839 q_bytes=1261592 qdelay_l_ms=0.840477 qdelay_c_ms=44.7103 ecn_mark=379 drop=0
[QUEUE_STATS] t_ms=29280 q_pkts=624 q_bytes=938232 qdelay_l_ms=0.824637 qdelay_c_ms=59.5016 ecn_mark=379 drop=0
[QUEUE_STATS] t_ms=29296 q_pkts=843 q_bytes=1267872 qdelay_l_ms=1.1245 qdelay_c_ms=63.8482 ecn_mark=379 drop=0
[QUEUE_STATS] t_ms=29312 q_pkts=848 q_bytes=1275392 qdelay_l_ms=1.12276 qdelay_c_ms=63.1936 ecn_mark=381 drop=0
[QUEUE_STATS] t_ms=29328 q_pkts=839 q_bytes=1261856 qdelay_l_ms=0.833093 qdelay_c_ms=37.8295 ecn_mark=382 drop=0
[QUEUE_STATS] t_ms=29344 q_pkts=739 q_bytes=1111456 qdelay_l_ms=1.07582 qdelay_c_ms=52.702 ecn_mark=383 drop=0
[QUEUE_STATS] t_ms=29360 q_pkts=528 q_bytes=794112 qdelay_l_ms=1.10875 qdelay_c_ms=63.8543 ecn_mark=384 drop=0
[QUEUE_STATS] t_ms=29376 q_pkts=842 q_bytes=1266368 qdelay_l_ms=0.905659 qdelay_c_ms=63.9643 ecn_mark=384 drop=0
[QUEUE_STATS] t_ms=29392 q_pkts=854 q_bytes=1282980 qdelay_l_ms=1.13069 qdelay_c_ms=64.0753 ecn_mark=384 drop=0
[QUEUE_STATS] t_ms=29408 q_pkts=842 q_bytes=1264932 qdelay_l_ms=1.13335 qdelay_c_ms=44.2491 ecn_mark=385 drop=0
[QUEUE_STATS] t_ms=29424 q_pkts=654 q_bytes=982180 qdelay_l_ms=1.088 qdelay_c_ms=58.5284 ecn_mark=386 drop=0
[QUEUE_STATS] t_ms=29440 q_pkts=846 q_bytes=1270684 qdelay_l_ms=1.107 qdelay_c_ms=63.7769 ecn_mark=386 drop=0
[QUEUE_STATS] t_ms=29456 q_pkts=846 q_bytes=1272120 qdelay_l_ms=0.843131 qdelay_c_ms=64.9153 ecn_mark=387 drop=0
[QUEUE_STATS] t_ms=29472 q_pkts=843 q_bytes=1267608 qdelay_l_ms=1.12369 qdelay_c_ms=35.8755 ecn_mark=388 drop=0
[QUEUE_STATS] t_ms=29488 q_pkts=761 q_bytes=1144280 qdelay_l_ms=1.07329 qdelay_c_ms=50.7211 ecn_mark=390 drop=0
[QUEUE_STATS] t_ms=29504 q_pkts=548 q_bytes=824192 qdelay_l_ms=0.823184 qdelay_c_ms=63.8022 ecn_mark=391 drop=0
[QUEUE_STATS] t_ms=29520 q_pkts=845 q_bytes=1270880 qdelay_l_ms=1.12729 qdelay_c_ms=63.0281 ecn_mark=391 drop=0
[QUEUE_STATS] t_ms=29536 q_pkts=839 q_bytes=1261856 qdelay_l_ms=1.12409 qdelay_c_ms=63.8638 ecn_mark=393 drop=0
[QUEUE_STATS] t_ms=29552 q_pkts=822 q_bytes=1236288 qdelay_l_ms=0.023544 qdelay_c_ms=41.8454 ecn_mark=395 drop=0
[QUEUE_STATS] t_ms=29568 q_pkts=670 q_bytes=1007680 qdelay_l_ms=0.819377 qdelay_c_ms=57.0313 ecn_mark=395 drop=0
[QUEUE_STATS] t_ms=29584 q_pkts=633 q_bytes=952032 qdelay_l_ms=0 qdelay_c_ms=63.1267 ecn_mark=395 drop=0
[QUEUE_STATS] t_ms=29600 q_pkts=851 q_bytes=1279904 qdelay_l_ms=1.03479 qdelay_c_ms=63.9079 ecn_mark=396 drop=0
[QUEUE_STATS] t_ms=29616 q_pkts=840 q_bytes=1261924 qdelay_l_ms=0.844274 qdelay_c_ms=63.0198 ecn_mark=396 drop=0
[QUEUE_STATS] t_ms=29632 q_pkts=787 q_bytes=1182212 qdelay_l_ms=1.10424 qdelay_c_ms=48.6799 ecn_mark=396 drop=0
[QUEUE_STATS] t_ms=29648 q_pkts=572 q_bytes=858852 qdelay_l_ms=0.829616 qdelay_c_ms=62.8402 ecn_mark=397 drop=0
[QUEUE_STATS] t_ms=29664 q_pkts=838 q_bytes=1258652 qdelay_l_ms=1.11264 qdelay_c_ms=64.0297 ecn_mark=397 drop=0
[QUEUE_STATS] t_ms=29680 q_pkts=850 q_bytes=1278136 qdelay_l_ms=1.00919 qdelay_c_ms=63.84 ecn_mark=398 drop=0
[QUEUE_STATS] t_ms=29696 q_pkts=834 q_bytes=1254072 qdelay_l_ms=0.119955 qdelay_c_ms=40.0619 ecn_mark=398 drop=0
[QUEUE_STATS] t_ms=29712 q_pkts=694 q_bytes=1043512 qdelay_l_ms=0.849043 qdelay_c_ms=55.1814 ecn_mark=398 drop=0
[QUEUE_STATS] t_ms=29728 q_pkts=483 q_bytes=726432 qdelay_l_ms=0.846177 qdelay_c_ms=62.662 ecn_mark=398 drop=0
[QUEUE_STATS] t_ms=29744 q_pkts=849 q_bytes=1276896 qdelay_l_ms=0.844825 qdelay_c_ms=63.9429 ecn_mark=399 drop=0
[QUEUE_STATS] t_ms=29760 q_pkts=841 q_bytes=1264864 qdelay_l_ms=1.11758 qdelay_c_ms=63.9533 ecn_mark=399 drop=0
[QUEUE_STATS] t_ms=29776 q_pkts=810 q_bytes=1218240 qdelay_l_ms=0.816582 qdelay_c_ms=46.7537 ecn_mark=399 drop=0
[QUEUE_STATS] t_ms=29792 q_pkts=597 q_bytes=897888 qdelay_l_ms=1.1043 qdelay_c_ms=61.6763 ecn_mark=399 drop=0
[QUEUE_STATS] t_ms=29808 q_pkts=842 q_bytes=1266368 qdelay_l_ms=1.13251 qdelay_c_ms=63.0775 ecn_mark=399 drop=0
[QUEUE_STATS] t_ms=29824 q_pkts=848 q_bytes=1273956 qdelay_l_ms=1.12701 qdelay_c_ms=63.9758 ecn_mark=399 drop=0
[QUEUE_STATS] t_ms=29840 q_pkts=844 q_bytes=1267940 qdelay_l_ms=1.12625 qdelay_c_ms=38.5073 ecn_mark=399 drop=0
[QUEUE_STATS] t_ms=29856 q_pkts=720 q_bytes=1081444 qdelay_l_ms=0.04776 qdelay_c_ms=52.6619 ecn_mark=399 drop=0
[QUEUE_STATS] t_ms=29872 q_pkts=506 q_bytes=759588 qdelay_l_ms=1.11498 qdelay_c_ms=63.8121 ecn_mark=399 drop=0
[QUEUE_STATS] t_ms=29888 q_pkts=843 q_bytes=1267608 qdelay_l_ms=0.844414 qdelay_c_ms=63.7209 ecn_mark=399 drop=0
[QUEUE_STATS] t_ms=29904 q_pkts=845 q_bytes=1270616 qdelay_l_ms=1.0863 qdelay_c_ms=63.9857 ecn_mark=400 drop=0
[QUEUE_STATS] t_ms=29920 q_pkts=839 q_bytes=1261592 qdelay_l_ms=0.854032 qdelay_c_ms=45.1842 ecn_mark=400 drop=0
[QUEUE_STATS] t_ms=29936 q_pkts=632 q_bytes=950264 qdelay_l_ms=0.835016 qdelay_c_ms=59.7036 ecn_mark=400 drop=0
[QUEUE_STATS] t_ms=29952 q_pkts=846 q_bytes=1272384 qdelay_l_ms=0.848832 qdelay_c_ms=63.8985 ecn_mark=400 drop=0
[QUEUE_STATS] t_ms=29968 q_pkts=843 q_bytes=1267872 qdelay_l_ms=1.12467 qdelay_c_ms=63.8098 ecn_mark=400 drop=0
[QUEUE_STATS] t_ms=29984 q_pkts=837 q_bytes=1258848 qdelay_l_ms=0.85821 qdelay_c_ms=36.7124 ecn_mark=400 drop=0
[QUEUE_STATS] t_ms=30000 q_pkts=743 q_bytes=1117472 qdelay_l_ms=0.849423 qdelay_c_ms=51.4151 ecn_mark=400 drop=0
[QUEUE_STATS] t_ms=30016 q_pkts=531 q_bytes=798624 qdelay_l_ms=1.08342 qdelay_c_ms=64.2929 ecn_mark=401 drop=0
[QUEUE_STATS] t_ms=30032 q_pkts=829 q_bytes=1246816 qdelay_l_ms=0.049573 qdelay_c_ms=63.2429 ecn_mark=401 drop=0
[QUEUE_STATS] t_ms=30048 q_pkts=842 q_bytes=1264932 qdelay_l_ms=1.12383 qdelay_c_ms=64.0562 ecn_mark=402 drop=0
[QUEUE_STATS] t_ms=30064 q_pkts=846 q_bytes=1270948 qdelay_l_ms=1.13134 qdelay_c_ms=43.4381 ecn_mark=403 drop=0
[QUEUE_STATS] t_ms=30080 q_pkts=653 q_bytes=980676 qdelay_l_ms=1.09756 qdelay_c_ms=57.9549 ecn_mark=404 drop=0
[QUEUE_STATS] t_ms=30096 q_pkts=811 q_bytes=1218308 qdelay_l_ms=0 qdelay_c_ms=62.1349 ecn_mark=405 drop=0
[QUEUE_STATS] t_ms=30112 q_pkts=841 q_bytes=1264600 qdelay_l_ms=1.10962 qdelay_c_ms=63.8631 ecn_mark=405 drop=0
[QUEUE_STATS] t_ms=30128 q_pkts=837 q_bytes=1258584 qdelay_l_ms=1.13045 qdelay_c_ms=63.2282 ecn_mark=405 drop=0
[QUEUE_STATS] t_ms=30144 q_pkts=773 q_bytes=1162328 qdelay_l_ms=0.819517 qdelay_c_ms=49.6219 ecn_mark=407 drop=0
[QUEUE_STATS] t_ms=30160 q_pkts=564 q_bytes=848256 qdelay_l_ms=1.1067 qdelay_c_ms=64.039 ecn_mark=408 drop=0
[QUEUE_STATS] t_ms=30176 q_pkts=851 q_bytes=1279904 qdelay_l_ms=1.1798 qdelay_c_ms=63.8322 ecn_mark=409 drop=0
[QUEUE_STATS] t_ms=30192 q_pkts=843 q_bytes=1267872 qdelay_l_ms=0.979257 qdelay_c_ms=62.8474 ecn_mark=409 drop=0
[QUEUE_STATS] t_ms=30208 q_pkts=835 q_bytes=1255840 qdelay_l_ms=1.08455 qdelay_c_ms=40.6209 ecn_mark=409 drop=0
[QUEUE_STATS] t_ms=30224 q_pkts=690 q_bytes=1037760 qdelay_l_ms=0.834496 qdelay_c_ms=55.2699 ecn_mark=409 drop=0
[QUEUE_STATS] t_ms=30240 q_pkts=474 q_bytes=712896 qdelay_l_ms=0.055664 qdelay_c_ms=62.1766 ecn_mark=411 drop=0
[QUEUE_STATS] t_ms=30256 q_pkts=841 q_bytes=1264864 qdelay_l_ms=1.12836 qdelay_c_ms=64.1743 ecn_mark=411 drop=0
[QUEUE_STATS] t_ms=30272 q_pkts=848 q_bytes=1273956 qdelay_l_ms=1.11271 qdelay_c_ms=63.8047 ecn_mark=412 drop=0
[QUEUE_STATS] t_ms=30288 q_pkts=818 q_bytes=1228836 qdelay_l_ms=1.07189 qdelay_c_ms=47.1069 ecn_mark=412 drop=0
[QUEUE_STATS] t_ms=30304 q_pkts=602 q_bytes=903972 qdelay_l_ms=1.10457 qdelay_c_ms=61.7463 ecn_mark=412 drop=0
[QUEUE_STATS] t_ms=30320 q_pkts=848 q_bytes=1273692 qdelay_l_ms=1.12666 qdelay_c_ms=63.7506 ecn_mark=413 dr