[QUEUE_STATS] t_ms=33 q_pkts=0 q_bytes=0 qdelay_l_ms=0 qdelay_c_ms=0 ecn_mark=0 drop=0
[QUEUE_STATS] t_ms=124 q_pkts=0 q_bytes=0 qdelay_l_ms=0 qdelay_c_ms=0 ecn_mark=0 drop=0
[QUEUE_STATS] t_ms=227 q_pkts=0 q_bytes=0 qdelay_l_ms=0 qdelay_c_ms=0 ecn_mark=0 drop=0
[QUEUE_STATS] t_ms=329 q_pkts=0 q_bytes=0 qdelay_l_ms=0 qdelay_c_ms=0 ecn_mark=0 drop=0
[QUEUE_STATS] t_ms=432 q_pkts=0 q_bytes=0 qdelay_l_ms=0 qdelay_c_ms=0 ecn_mark=0 drop=0
[QUEUE_STATS] t_ms=535 q_pkts=0 q_bytes=0 qdelay_l_ms=0 qdelay_c_ms=0 ecn_mark=0 drop=0
[QUEUE_STATS] t_ms=638 q_pkts=0 q_bytes=0 qdelay_l_ms=0 qdelay_c_ms=0 ecn_mark=0 drop=0
[QUEUE_STATS] t_ms=640 q_pkts=2 q_bytes=3008 qdelay_l_ms=0 qdelay_c_ms=2.24768 ecn_mark=0 drop=0
[QUEUE_STATS] t_ms=679 q_pkts=0 q_bytes=0 qdelay_l_ms=0 qdelay_c_ms=0 ecn_mark=0 drop=0
[QUEUE_STATS] t_ms=740 q_pkts=0 q_bytes=0 qdelay_l_ms=0 qdelay_c_ms=0 ecn_mark=0 drop=0
[QUEUE_STATS] t_ms=752 q_pkts=1 q_bytes=1504 qdelay_l_ms=1.09282 qdelay_c_ms=0 ecn_mark=0 drop=0
[QUEUE_STATS] t_ms=768 q_pkts=1 q_bytes=1504 qdelay_l_ms=1.06667 qdelay_c_ms=0 ecn_mark=0 drop=0
[QUEUE_STATS] t_ms=784 q_pkts=0 q_bytes=0 qdelay_l_ms=0 qdelay_c_ms=0 ecn_mark=0 drop=0
[QUEUE_STATS] t_ms=825 q_pkts=0 q_bytes=0 qdelay_l_ms=0 qdelay_c_ms=0 ecn_mark=0 drop=0
[QUEUE_STATS] t_ms=842 q_pkts=0 q_bytes=0 qdelay_l_ms=0 qdelay_c_ms=0 ecn_mark=0 drop=0
[QUEUE_STATS] t_ms=848 q_pkts=1 q_bytes=1504 qdelay_l_ms=1.07134 qdelay_c_ms=0 ecn_mark=0 drop=0
[QUEUE_STATS] t_ms=864 q_pkts=2 q_bytes=3008 qdelay_l_ms=1.07361 qdelay_c_ms=0 ecn_mark=0 drop=0
[QUEUE_STATS] t_ms=880 q_pkts=0 q_bytes=0 qdelay_l_ms=0 qdelay_c_ms=0 ecn_mark=0 drop=0
[QUEUE_STATS] t_ms=896 q_pkts=1 q_bytes=1504 qdelay_l_ms=1.06171 qdelay_c_ms=0 ecn_mark=0 drop=0
[QUEUE_STATS] t_ms=944 q_pkts=0 q_bytes=0 qdelay_l_ms=0 qdelay_c_ms=0 ecn_mark=0 drop=0
[QUEUE_STATS] t_ms=960 q_pkts=1 q_bytes=1504 qdelay_l_ms=1.0692 qdelay_c_ms=0 ecn_mark=0 drop=0
[QUEUE_STATS] t_ms=976 q_pkts=1 q_bytes=1504 qdelay_l_ms=1.09172 qdelay_c_ms=0 ecn_mark=0 drop=0
[QUEUE_STATS] t_ms=992 q_pkts=2 q_bytes=3008 qdelay_l_ms=1.10132 qdelay_c_ms=0 ecn_mark=0 drop=0
[QUEUE_STATS] t_ms=1008 q_pkts=2 q_bytes=3008 qdelay_l_ms=1.07562 qdelay_c_ms=0 ecn_mark=0 drop=0
[QUEUE_STATS] t_ms=1046 q_pkts=0 q_bytes=0 qdelay_l_ms=0 qdelay_c_ms=0 ecn_mark=0 drop=0
[QUEUE_STATS] t_ms=1056 q_pkts=27 q_bytes=40608 qdelay_l_ms=1.10743 qdelay_c_ms=5.89691 ecn_mark=0 drop=0
[QUEUE_STATS] t_ms=1072 q_pkts=1 q_bytes=1504 qdelay_l_ms=1.06576 qdelay_c_ms=0 ecn_mark=0 drop=0
[QUEUE_STATS] t_ms=1088 q_pkts=3 q_bytes=4512 qdelay_l_ms=1.08407 qdelay_c_ms=0 ecn_mark=0 drop=0
[QUEUE_STATS] t_ms=1104 q_pkts=3 q_bytes=4512 qdelay_l_ms=1.08955 qdelay_c_ms=0 ecn_mark=0 drop=0
[QUEUE_STATS] t_ms=1148 q_pkts=0 q_bytes=0 qdelay_l_ms=0 qdelay_c_ms=0 ecn_mark=0 drop=0
[QUEUE_STATS] t_ms=1152 q_pkts=76 q_bytes=114304 qdelay_l_ms=1.06041 qdelay_c_ms=2.90063 ecn_mark=0 drop=0
[QUEUE_STATS] t_ms=1168 q_pkts=73 q_bytes=109792 qdelay_l_ms=1.06347 qdelay_c_ms=11.963 ecn_mark=0 drop=0
[QUEUE_STATS] t_ms=1184 q_pkts=9 q_bytes=13536 qdelay_l_ms=1.08308 qdelay_c_ms=0 ecn_mark=0 drop=0
[QUEUE_STATS] t_ms=1200 q_pkts=6 q_bytes=9024 qdelay_l_ms=1.12158 qdelay_c_ms=0 ecn_mark=0 drop=0
[QUEUE_STATS] t_ms=1216 q_pkts=7 q_bytes=10528 qdelay_l_ms=1.10812 qdelay_c_ms=0 ecn_mark=0 drop=0
[QUEUE_STATS] t_ms=1250 q_pkts=0 q_bytes=0 qdelay_l_ms=0 qdelay_c_ms=0 ecn_mark=0 drop=0
[QUEUE_STATS] t_ms=1264 q_pkts=250 q_bytes=376000 qdelay_l_ms=0.977754 qdelay_c_ms=9.88457 ecn_mark=0 drop=0
[QUEUE_STATS] t_ms=1280 q_pkts=372 q_bytes=559488 qdelay_l_ms=1.0741 qdelay_c_ms=20.0766 ecn_mark=0 drop=0
[QUEUE_STATS] t_ms=1296 q_pkts=245 q_bytes=368480 qdelay_l_ms=0.06955 qdelay_c_ms=30.4243 ecn_mark=1 drop=0
[QUEUE_STATS] t_ms=1312 q_pkts=164 q_bytes=246656 qdelay_l_ms=0.837751 qdelay_c_ms=43.8573 ecn_mark=1 drop=0
[QUEUE_STATS] t_ms=1328 q_pkts=10 q_bytes=15040 qdelay_l_ms=0 qdelay_c_ms=53.0191 ecn_mark=1 drop=0
[QUEUE_STATS] t_ms=1352 q_pkts=0 q_bytes=0 qdelay_l_ms=0 qdelay_c_ms=0 ecn_mark=1 drop=0
[QUEUE_STATS] t_ms=1360 q_pkts=140 q_bytes=210560 qdelay_l_ms=1.17122 qdelay_c_ms=6.79967 ecn_mark=1 drop=0
[QUEUE_STATS] t_ms=1376 q_pkts=404 q_bytes=607616 qdelay_l_ms=1.13103 qdelay_c_ms=19.7793 ecn_mark=1 drop=0
[QUEUE_STATS] t_ms=1392 q_pkts=595 q_bytes=894880 qdelay_l_ms=0 qdelay_c_ms=32.9622 ecn_mark=1 drop=0
[QUEUE_STATS] t_ms=1408 q_pkts=512 q_bytes=770048 qdelay_l_ms=0 qdelay_c_ms=35.9205 ecn_mark=1 drop=0
[QUEUE_STATS] t_ms=1424 q_pkts=501 q_bytes=753504 qdelay_l_ms=1.00871 qdelay_c_ms=38.4318 ecn_mark=1 drop=0
[QUEUE_STATS] t_ms=1440 q_pkts=404 q_bytes=607616 qdelay_l_ms=0 qdelay_c_ms=37.0333 ecn_mark=1 drop=0
[QUEUE_STATS] t_ms=1456 q_pkts=161 q_bytes=242144 qdelay_l_ms=0.897062 qdelay_c_ms=31.8169 ecn_mark=1 drop=0
[QUEUE_STATS] t_ms=1472 q_pkts=78 q_bytes=117312 qdelay_l_ms=1.10306 qdelay_c_ms=14.0966 ecn_mark=1 drop=0
[QUEUE_STATS] t_ms=1488 q_pkts=4 q_bytes=6016 qdelay_l_ms=1.09977 qdelay_c_ms=0 ecn_mark=1 drop=0
[QUEUE_STATS] t_ms=1504 q_pkts=224 q_bytes=336896 qdelay_l_ms=1.12762 qdelay_c_ms=8.5617 ecn_mark=1 drop=0
[QUEUE_STATS] t_ms=1520 q_pkts=293 q_bytes=440672 qdelay_l_ms=1.0987 qdelay_c_ms=18.2904 ecn_mark=1 drop=0
[QUEUE_STATS] t_ms=1536 q_pkts=343 q_bytes=515872 qdelay_l_ms=0.892725 qdelay_c_ms=22.8802 ecn_mark=1 drop=0
[QUEUE_STATS] t_ms=1552 q_pkts=411 q_bytes=618144 qdelay_l_ms=0 qdelay_c_ms=23.8395 ecn_mark=1 drop=0
[QUEUE_STATS] t_ms=1568 q_pkts=403 q_bytes=606112 qdelay_l_ms=0.879179 qdelay_c_ms=27.7223 ecn_mark=1 drop=0
[QUEUE_STATS] t_ms=1584 q_pkts=402 q_bytes=604608 qdelay_l_ms=1.09627 qdelay_c_ms=32.9634 ecn_mark=1 drop=0
[QUEUE_STATS] t_ms=1600 q_pkts=377 q_bytes=567008 qdelay_l_ms=0.877446 qdelay_c_ms=32.8299 ecn_mark=1 drop=0
[QUEUE_STATS] t_ms=1616 q_pkts=384 q_bytes=577536 qdelay_l_ms=0.879871 qdelay_c_ms=32.9161 ecn_mark=1 drop=0
[QUEUE_STATS] t_ms=1632 q_pkts=395 q_bytes=594080 qdelay_l_ms=1.09626 qdelay_c_ms=30.9134 ecn_mark=1 drop=0
[QUEUE_STATS] t_ms=1648 q_pkts=399 q_bytes=600096 qdelay_l_ms=1.09186 qdelay_c_ms=32.1111 ecn_mark=1 drop=0
[QUEUE_STATS] t_ms=1664 q_pkts=425 q_bytes=639200 qdelay_l_ms=0.875502 qdelay_c_ms=30.9594 ecn_mark=1 drop=0
[QUEUE_STATS] t_ms=1680 q_pkts=438 q_bytes=658752 qdelay_l_ms=1.0905 qdelay_c_ms=30.9838 ecn_mark=1 drop=0
[QUEUE_STATS] t_ms=1696 q_pkts=446 q_bytes=670784 qdelay_l_ms=1.09394 qdelay_c_ms=35.1352 ecn_mark=1 drop=0
[QUEUE_STATS] t_ms=1712 q_pkts=458 q_bytes=688832 qdelay_l_ms=1.09713 qdelay_c_ms=36.0351 ecn_mark=1 drop=0
[QUEUE_STATS] t_ms=1728 q_pkts=466 q_bytes=700864 qdelay_l_ms=1.15507 qdelay_c_ms=36.9718 ecn_mark=1 drop=0
[QUEUE_STATS] t_ms=1744 q_pkts=474 q_bytes=712896 qdelay_l_ms=0.87395 qdelay_c_ms=37.7087 ecn_mark=1 drop=0
[QUEUE_STATS] t_ms=1760 q_pkts=498 q_bytes=748992 qdelay_l_ms=0 qdelay_c_ms=36.8129 ecn_mark=1 drop=0
[QUEUE_STATS] t_ms=1776 q_pkts=504 q_bytes=758016 qdelay_l_ms=1.09043 qdelay_c_ms=37.8375 ecn_mark=1 drop=0
[QUEUE_STATS] t_ms=1792 q_pkts=507 q_bytes=762528 qdelay_l_ms=1.09145 qdelay_c_ms=38.9461 ecn_mark=1 drop=0
[QUEUE_STATS] t_ms=1808 q_pkts=524 q_bytes=788096 qdelay_l_ms=1.10757 qdelay_c_ms=41.2003 ecn_mark=1 drop=0
[QUEUE_STATS] t_ms=1824 q_pkts=529 q_bytes=795616 qdelay_l_ms=1.09013 qdelay_c_ms=41.9287 ecn_mark=1 drop=0
[QUEUE_STATS] t_ms=1840 q_pkts=538 q_bytes=809152 qdelay_l_ms=0.873338 qdelay_c_ms=42.7757 ecn_mark=1 drop=0
[QUEUE_STATS] t_ms=1856 q_pkts=546 q_bytes=821184 qdelay_l_ms=0.872217 qdelay_c_ms=42.143 ecn_mark=1 drop=0
[QUEUE_STATS] t_ms=1872 q_pkts=554 q_bytes=833216 qdelay_l_ms=0.873489 qdelay_c_ms=42.7789 ecn_mark=1 drop=0
[QUEUE_STATS] t_ms=1888 q_pkts=567 q_bytes=852768 qdelay_l_ms=0.872437 qdelay_c_ms=42.7577 ecn_mark=1 drop=0
[QUEUE_STATS] t_ms=1904 q_pkts=579 q_bytes=870816 qdelay_l_ms=0.870974 qdelay_c_ms=44.7718 ecn_mark=1 drop=0
[QUEUE_STATS] t_ms=1920 q_pkts=591 q_bytes=888356 qdelay_l_ms=1.08842 qdelay_c_ms=45.9273 ecn_mark=1 drop=0
[QUEUE_STATS] t_ms=1936 q_pkts=596 q_bytes=895876 qdelay_l_ms=1.08925 qdelay_c_ms=48.027 ecn_mark=1 drop=0
[QUEUE_STATS] t_ms=1952 q_pkts=611 q_bytes=918436 qdelay_l_ms=1.08243 qdelay_c_ms=48.0764 ecn_mark=1 drop=0
[QUEUE_STATS] t_ms=1968 q_pkts=619 q_bytes=930976 qdelay_l_ms=1.07918 qdelay_c_ms=47.037 ecn_mark=1 drop=0
[QUEUE_STATS] t_ms=1984 q_pkts=606 q_bytes=911424 qdelay_l_ms=1.08468 qdelay_c_ms=47.8153 ecn_mark=1 drop=0
[QUEUE_STATS] t_ms=2000 q_pkts=637 q_bytes=958048 qdelay_l_ms=0.871685 qdelay_c_ms=48.891 ecn_mark=1 drop=0
[QUEUE_STATS] t_ms=2016 q_pkts=651 q_bytes=979104 qdelay_l_ms=1.09831 qdelay_c_ms=51.7364 ecn_mark=1 drop=0
[QUEUE_STATS] t_ms=2032 q_pkts=664 q_bytes=998656 qdelay_l_ms=1.08689 qdelay_c_ms=51.9245 ecn_mark=1 drop=0
[QUEUE_STATS] t_ms=2048 q_pkts=666 q_bytes=1001664 qdelay_l_ms=1.08498 qdelay_c_ms=52.9364 ecn_mark=1 drop=0
[QUEUE_STATS] t_ms=2064 q_pkts=622 q_bytes=935488 qdelay_l_ms=1.11174 qdelay_c_ms=53.1866 ecn_mark=1 drop=0
[QUEUE_STATS] t_ms=2080 q_pkts=685 q_bytes=1028900 qdelay_l_ms=1.08384 qdelay_c_ms=52.1014 ecn_mark=1 drop=0
[QUEUE_STATS] t_ms=2096 q_pkts=698 q_bytes=1048452 qdelay_l_ms=1.0846 qdelay_c_ms=53.9304 ecn_mark=1 drop=0
[QUEUE_STATS] t_ms=2112 q_pkts=712 q_bytes=1069508 qdelay_l_ms=1.08353 qdelay_c_ms=53.9981 ecn_mark=1 drop=0
[QUEUE_STATS] t_ms=2128 q_pkts=713 q_bytes=1072352 qdelay_l_ms=1.08485 qdelay_c_ms=56.9639 ecn_mark=1 drop=0
[QUEUE_STATS] t_ms=2144 q_pkts=627 q_bytes=943008 qdelay_l_ms=1.08321 qdelay_c_ms=58.0517 ecn_mark=1 drop=0
[QUEUE_STATS] t_ms=2160 q_pkts=736 q_bytes=1106944 qdelay_l_ms=0.865033 qdelay_c_ms=57.8199 ecn_mark=1 drop=0
[QUEUE_STATS] t_ms=2176 q_pkts=742 q_bytes=1115968 qdelay_l_ms=1.08016 qdelay_c_ms=56.5233 ecn_mark=1 drop=0
[QUEUE_STATS] t_ms=2192 q_pkts=752 q_bytes=1131008 qdelay_l_ms=1.0802 qdelay_c_ms=58.0439 ecn_mark=1 drop=0
[QUEUE_STATS] t_ms=2208 q_pkts=767 q_bytes=1153568 qdelay_l_ms=1.08026 qdelay_c_ms=57.8 ecn_mark=1 drop=0
[QUEUE_STATS] t_ms=2224 q_pkts=648 q_bytes=974592 qdelay_l_ms=1.12609 qdelay_c_ms=59.4705 ecn_mark=1 drop=0
[QUEUE_STATS] t_ms=2240 q_pkts=786 q_bytes=1181844 qdelay_l_ms=1.08183 qdelay_c_ms=61.9932 ecn_mark=1 drop=0
[QUEUE_STATS] t_ms=2256 q_pkts=795 q_bytes=1195380 qdelay_l_ms=0.866526 qdelay_c_ms=62.8333 ecn_mark=1 drop=0
[QUEUE_STATS] t_ms=2272 q_pkts=811 q_bytes=1219444 qdelay_l_ms=1.0605 qdelay_c_ms=63.8558 ecn_mark=1 drop=0
[QUEUE_STATS] t_ms=2288 q_pkts=813 q_bytes=1222752 qdelay_l_ms=1.07716 qdelay_c_ms=57.9708 ecn_mark=1 drop=0
[QUEUE_STATS] t_ms=2304 q_pkts=640 q_bytes=962560 qdelay_l_ms=0.862869 qdelay_c_ms=63.7937 ecn_mark=1 drop=0
[QUEUE_STATS] t_ms=2320 q_pkts=834 q_bytes=1254336 qdelay_l_ms=1.0782 qdelay_c_ms=64.879 ecn_mark=1 drop=0
[QUEUE_STATS] t_ms=2336 q_pkts=852 q_bytes=1281408 qdelay_l_ms=0.865073 qdelay_c_ms=65.8196 ecn_mark=1 drop=0
[QUEUE_STATS] t_ms=2352 q_pkts=855 q_bytes=1285920 qdelay_l_ms=1.07611 qdelay_c_ms=67.9005 ecn_mark=1 drop=0
[QUEUE_STATS] t_ms=2368 q_pkts=828 q_bytes=1245312 qdelay_l_ms=1.07954 qdelay_c_ms=57.3473 ecn_mark=1 drop=0
[QUEUE_STATS] t_ms=2384 q_pkts=613 q_bytes=921952 qdelay_l_ms=1.07633 qdelay_c_ms=68.0583 ecn_mark=1 drop=0
[QUEUE_STATS] t_ms=2400 q_pkts=884 q_bytes=1328196 qdelay_l_ms=0.861055 qdelay_c_ms=67.8498 ecn_mark=1 drop=0
[QUEUE_STATS] t_ms=2416 q_pkts=892 q_bytes=1340228 qdelay_l_ms=0.862779 qdelay_c_ms=68.8808 ecn_mark=1 drop=0
[QUEUE_STATS] t_ms=2432 q_pkts=906 q_bytes=1361284 qdelay_l_ms=0.977333 qdelay_c_ms=69.7455 ecn_mark=2 drop=0
[QUEUE_STATS] t_ms=2448 q_pkts=795 q_bytes=1195680 qdelay_l_ms=0.86372 qdelay_c_ms=59.9276 ecn_mark=2 drop=0
[QUEUE_STATS] t_ms=2464 q_pkts=604 q_bytes=908416 qdelay_l_ms=1.07351 qdelay_c_ms=72.9932 ecn_mark=2 drop=0
[QUEUE_STATS] t_ms=2480 q_pkts=937 q_bytes=1409248 qdelay_l_ms=1.09756 qdelay_c_ms=73.0639 ecn_mark=2 drop=0
[QUEUE_STATS] t_ms=2496 q_pkts=941 q_bytes=1415264 qdelay_l_ms=1.18676 qdelay_c_ms=72.9801 ecn_mark=2 drop=0
[QUEUE_STATS] t_ms=2512 q_pkts=942 q_bytes=1416768 qdelay_l_ms=1.10774 qdelay_c_ms=46.2584 ecn_mark=3 drop=0
[QUEUE_STATS] t_ms=2528 q_pkts=760 q_bytes=1143040 qdelay_l_ms=1.0409 qdelay_c_ms=61.0839 ecn_mark=3 drop=0
[QUEUE_STATS] t_ms=2544 q_pkts=607 q_bytes=912928 qdelay_l_ms=0.314019 qdelay_c_ms=72.3195 ecn_mark=3 drop=0
[QUEUE_STATS] t_ms=2560 q_pkts=880 q_bytes=1321820 qdelay_l_ms=0.856327 qdelay_c_ms=72.6175 ecn_mark=3 drop=0
[QUEUE_STATS] t_ms=2576 q_pkts=852 q_bytes=1279708 qdelay_l_ms=0.920446 qdelay_c_ms=70.4099 ecn_mark=3 drop=0
[QUEUE_STATS] t_ms=2592 q_pkts=826 q_bytes=1240904 qdelay_l_ms=1.13894 qdelay_c_ms=48.2374 ecn_mark=3 drop=0
[QUEUE_STATS] t_ms=2608 q_pkts=616 q_bytes=925064 qdelay_l_ms=1.07565 qdelay_c_ms=62.9821 ecn_mark=3 drop=0
[QUEUE_STATS] t_ms=2624 q_pkts=606 q_bytes=911424 qdelay_l_ms=0 qdelay_c_ms=63.4311 ecn_mark=3 drop=0
[QUEUE_STATS] t_ms=2640 q_pkts=793 q_bytes=1192672 qdelay_l_ms=1.1361 qdelay_c_ms=62.8269 ecn_mark=3 drop=0
[QUEUE_STATS] t_ms=2656 q_pkts=809 q_bytes=1216736 qdelay_l_ms=1.13505 qdelay_c_ms=34.0034 ecn_mark=3 drop=0
[QUEUE_STATS] t_ms=2672 q_pkts=751 q_bytes=1129504 qdelay_l_ms=0.834786 qdelay_c_ms=48.3428 ecn_mark=3 drop=0
[QUEUE_STATS] t_ms=2688 q_pkts=523 q_bytes=786592 qdelay_l_ms=1.11835 qdelay_c_ms=59.7361 ecn_mark=3 drop=0
[QUEUE_STATS] t_ms=2704 q_pkts=841 q_bytes=1264564 qdelay_l_ms=1.13193 qdelay_c_ms=60.0923 ecn_mark=3 drop=0
[QUEUE_STATS] t_ms=2720 q_pkts=837 q_bytes=1258548 qdelay_l_ms=1.13273 qdelay_c_ms=61.055 ecn_mark=3 drop=0
[QUEUE_STATS] t_ms=2736 q_pkts=830 q_bytes=1248020 qdelay_l_ms=0.113834 qdelay_c_ms=42.7702 ecn_mark=3 drop=0
[QUEUE_STATS] t_ms=2752 q_pkts=657 q_bytes=987828 qdelay_l_ms=1.12722 qdelay_c_ms=57.9269 ecn_mark=3 drop=0
[QUEUE_STATS] t_ms=2768 q_pkts=656 q_bytes=986624 qdelay_l_ms=0 qdelay_c_ms=63.277 ecn_mark=4 drop=0
[QUEUE_STATS] t_ms=2784 q_pkts=848 q_bytes=1273992 qdelay_l_ms=1.12891 qdelay_c_ms=63.8936 ecn_mark=4 drop=0
[QUEUE_STATS] t_ms=2800 q_pkts=846 q_bytes=1270984 qdelay_l_ms=1.13202 qdelay_c_ms=62.3783 ecn_mark=4 drop=0
[QUEUE_STATS] t_ms=2816 q_pkts=771 q_bytes=1158184 qdelay_l_ms=0.806673 qdelay_c_ms=48.6498 ecn_mark=4 drop=0
[QUEUE_STATS] t_ms=2832 q_pkts=560 q_bytes=842240 qdelay_l_ms=1.1357 qdelay_c_ms=62.0982 ecn_mark=4 drop=0
[QUEUE_STATS] t_ms=2848 q_pkts=839 q_bytes=1261856 qdelay_l_ms=1.07197 qdelay_c_ms=63.6471 ecn_mark=5 drop=0
[QUEUE_STATS] t_ms=2864 q_pkts=839 q_bytes=1261856 qdelay_l_ms=1.07674 qdelay_c_ms=65.0733 ecn_mark=6 drop=0
[QUEUE_STATS] t_ms=2880 q_pkts=800 q_bytes=1203200 qdelay_l_ms=0 qdelay_c_ms=40.6881 ecn_mark=6 drop=0
[QUEUE_STATS] t_ms=2896 q_pkts=629 q_bytes=946016 qdelay_l_ms=1.09868 qdelay_c_ms=55.2901 ecn_mark=6 drop=0
[QUEUE_STATS] t_ms=2912 q_pkts=592 q_bytes=890368 qdelay_l_ms=0 qdelay_c_ms=56.8173 ecn_mark=6 drop=0
[QUEUE_STATS] t_ms=2928 q_pkts=764 q_bytes=1148756 qdelay_l_ms=1.04193 qdelay_c_ms=56.9259 ecn_mark=6 drop=0
[QUEUE_STATS] t_ms=2944 q_pkts=759 q_bytes=1141236 qdelay_l_ms=0.712908 qdelay_c_ms=33.5114 ecn_mark=6 drop=0
[QUEUE_STATS] t_ms=2960 q_pkts=693 q_bytes=1041972 qdelay_l_ms=0.537509 qdelay_c_ms=48.1245 ecn_mark=6 drop=0
[QUEUE_STATS] t_ms=2976 q_pkts=472 q_bytes=709888 qdelay_l_ms=1.04094 qdelay_c_ms=55.9573 ecn_mark=6 drop=0
[QUEUE_STATS] t_ms=2992 q_pkts=773 q_bytes=1161192 qdelay_l_ms=1.03902 qdelay_c_ms=54.906 ecn_mark=6 drop=0
[QUEUE_STATS] t_ms=3008 q_pkts=775 q_bytes=1164200 qdelay_l_ms=0.945483 qdelay_c_ms=53.0597 ecn_mark=6 drop=0
[QUEUE_STATS] t_ms=3024 q_pkts=763 q_bytes=1146152 qdelay_l_ms=0.708289 qdelay_c_ms=40.3575 ecn_mark=6 drop=0
[QUEUE_STATS] t_ms=3040 q_pkts=542 q_bytes=815168 qdelay_l_ms=1.03846 qdelay_c_ms=52.9141 ecn_mark=7 drop=0
[QUEUE_STATS] t_ms=3056 q_pkts=760 q_bytes=1143040 qdelay_l_ms=1.10074 qdelay_c_ms=56.1547 ecn_mark=7 drop=0
[QUEUE_STATS] t_ms=3072 q_pkts=770 q_bytes=1158080 qdelay_l_ms=1.15097 qdelay_c_ms=57.2347 ecn_mark=7 drop=0
[QUEUE_STATS] t_ms=3088 q_pkts=770 q_bytes=1158080 qdelay_l_ms=1.11871 qdelay_c_ms=38.1054 ecn_mark=7 drop=0
[QUEUE_STATS] t_ms=3104 q_pkts=625 q_bytes=940000 qdelay_l_ms=1.06459 qdelay_c_ms=52.6733 ecn_mark=7 drop=0
[QUEUE_STATS] t_ms=3120 q_pkts=750 q_bytes=1128000 qdelay_l_ms=0 qdelay_c_ms=53.5689 ecn_mark=7 drop=0
[QUEUE_STATS] t_ms=3136 q_pkts=765 q_bytes=1150260 qdelay_l_ms=0 qdelay_c_ms=54.5314 ecn_mark=7 drop=0
[QUEUE_STATS] t_ms=3152 q_pkts=733 q_bytes=1102132 qdelay_l_ms=0 qdelay_c_ms=34.611 ecn_mark=7 drop=0
[QUEUE_STATS] t_ms=3168 q_pkts=631 q_bytes=948724 qdelay_l_ms=1.10614 qdelay_c_ms=48.9649 ecn_mark=7 drop=0
[QUEUE_STATS] t_ms=3184 q_pkts=404 q_bytes=607616 qdelay_l_ms=0.827763 qdelay_c_ms=51.6612 ecn_mark=8 drop=0
[QUEUE_STATS] t_ms=3200 q_pkts=712 q_bytes=1069448 qdelay_l_ms=1.14132 qdelay_c_ms=52.0115 ecn_mark=8 drop=0
[QUEUE_STATS] t_ms=3216 q_pkts=711 q_bytes=1067944 qdelay_l_ms=0.904316 qdelay_c_ms=28.5464 ecn_mark=8 drop=0
[QUEUE_STATS] t_ms=3232 q_pkts=689 q_bytes=1034856 qdelay_l_ms=1.08563 qdelay_c_ms=43.4178 ecn_mark=8 drop=0
[QUEUE_STATS] t_ms=3248 q_pkts=474 q_bytes=712896 qdelay_l_ms=1.07581 qdelay_c_ms=50.7381 ecn_mark=9 drop=0
[QUEUE_STATS] t_ms=3264 q_pkts=731 q_bytes=1099424 qdelay_l_ms=0.87962 qdelay_c_ms=48.8853 ecn_mark=9 drop=0
[QUEUE_STATS] t_ms=3280 q_pkts=729 q_bytes=1096416 qdelay_l_ms=1.11167 qdelay_c_ms=27.0174 ecn_mark=9 drop=0
[QUEUE_STATS] t_ms=3296 q_pkts=702 q_bytes=1055808 qdelay_l_ms=0 qdelay_c_ms=41.336 ecn_mark=9 drop=0
[QUEUE_STATS] t_ms=3312 q_pkts=462 q_bytes=694848 qdelay_l_ms=1.06788 qdelay_c_ms=49.0698 ecn_mark=9 drop=0
[QUEUE_STATS] t_ms=3328 q_pkts=690 q_bytes=1037460 qdelay_l_ms=0.94863 qdelay_c_ms=48.8115 ecn_mark=9 drop=0
[QUEUE_STATS] t_ms=3344 q_pkts=681 q_bytes=1023924 qdelay_l_ms=1.10116 qdelay_c_ms=24.2358 ecn_mark=9 drop=0
[QUEUE_STATS] t_ms=3360 q_pkts=690 q_bytes=1037460 qdelay_l_ms=0.954681 qdelay_c_ms=38.8846 ecn_mark=9 drop=0
[QUEUE_STATS] t_ms=3376 q_pkts=484 q_bytes=727936 qdelay_l_ms=0.975349 qdelay_c_ms=47.216 ecn_mark=9 drop=0
[QUEUE_STATS] t_ms=3392 q_pkts=692 q_bytes=1039368 qdelay_l_ms=0.958849 qdelay_c_ms=46.6668 ecn_mark=9 drop=0
[QUEUE_STATS] t_ms=3408 q_pkts=699 q_bytes=1049896 qdelay_l_ms=0.864081 qdelay_c_ms=46.7053 ecn_mark=9 drop=0
[QUEUE_STATS] t_ms=3424 q_pkts=695 q_bytes=1043880 qdelay_l_ms=0 qdelay_c_ms=36.6618 ecn_mark=10 drop=0
[QUEUE_STATS] t_ms=3440 q_pkts=545 q_bytes=819680 qdelay_l_ms=1.10346 qdelay_c_ms=48.0442 ecn_mark=10 drop=0
[QUEUE_STATS] t_ms=3456 q_pkts=645 q_bytes=970080 qdelay_l_ms=0 qdelay_c_ms=47.2106 ecn_mark=10 drop=0
[QUEUE_STATS] t_ms=3472 q_pkts=705 q_bytes=1060320 qdelay_l_ms=1.17217 qdelay_c_ms=47.8197 ecn_mark=10 drop=0
[QUEUE_STATS] t_ms=3488 q_pkts=706 q_bytes=1061824 qdelay_l_ms=1.0998 qdelay_c_ms=33.647 ecn_mark=10 drop=0
[QUEUE_STATS] t_ms=3504 q_pkts=603 q_bytes=906912 qdelay_l_ms=0 qdelay_c_ms=48.2842 ecn_mark=10 drop=0
[QUEUE_STATS] t_ms=3520 q_pkts=363 q_bytes=545952 qdelay_l_ms=0 qdelay_c_ms=47.993 ecn_mark=10 drop=0
[QUEUE_STATS] t_ms=3536 q_pkts=672 q_bytes=1010388 qdelay_l_ms=0.115136 qdelay_c_ms=45.1022 ecn_mark=10 drop=0
[QUEUE_STATS] t_ms=3552 q_pkts=676 q_bytes=1016404 qdelay_l_ms=1.08982 qdelay_c_ms=30.543 ecn_mark=10 drop=0
[QUEUE_STATS] t_ms=3569 q_pkts=618 q_bytes=929472 qdelay_l_ms=1.10548 qdelay_c_ms=45.4954 ecn_mark=10 drop=0
[QUEUE_STATS] t_ms=3584 q_pkts=381 q_bytes=573024 qdelay_l_ms=1.12176 qdelay_c_ms=45.332 ecn_mark=10 drop=0
[QUEUE_STATS] t_ms=3600 q_pkts=646 q_bytes=970184 qdelay_l_ms=0.073548 qdelay_c_ms=45.0022 ecn_mark=10 drop=0
[QUEUE_STATS] t_ms=3616 q_pkts=656 q_bytes=985224 qdelay_l_ms=1.08619 qdelay_c_ms=26.7986 ecn_mark=10 drop=0
[QUEUE_STATS] t_ms=3632 q_pkts=661 q_bytes=992744 qdelay_l_ms=1.13448 qdelay_c_ms=41.7125 ecn_mark=10 drop=0
[QUEUE_STATS] t_ms=3648 q_pkts=415 q_bytes=624160 qdelay_l_ms=1.08875 qdelay_c_ms=44.0229 ecn_mark=10 drop=0
[QUEUE_STATS] t_ms=3664 q_pkts=670 q_bytes=1007680 qdelay_l_ms=1.10047 qdelay_c_ms=44.0844 ecn_mark=10 drop=0
[QUEUE_STATS] t_ms=3680 q_pkts=673 q_bytes=1012192 qdelay_l_ms=1.08482 qdelay_c_ms=25.511 ecn_mark=10 drop=0
[QUEUE_STATS] t_ms=3696 q_pkts=659 q_bytes=991136 qdelay_l_ms=1.08877 qdelay_c_ms=40.3855 ecn_mark=10 drop=0
[QUEUE_STATS] t_ms=3712 q_pkts=423 q_bytes=636192 qdelay_l_ms=1.08612 qdelay_c_ms=46.1779 ecn_mark=10 drop=0
[QUEUE_STATS] t_ms=3728 q_pkts=658 q_bytes=989616 qdelay_l_ms=0.066945 qdelay_c_ms=45.0537 ecn_mark=10 drop=0
[QUEUE_STATS] t_ms=3744 q_pkts=670 q_bytes=1007664 qdelay_l_ms=1.08103 qdelay_c_ms=25.3669 ecn_mark=10 drop=0
[QUEUE_STATS] t_ms=3760 q_pkts=675 q_bytes=1015184 qdelay_l_ms=1.08025 qdelay_c_ms=40.0589 ecn_mark=10 drop=0
[QUEUE_STATS] t_ms=3776 q_pkts=459 q_bytes=690336 qdelay_l_ms=1.06711 qdelay_c_ms=44.8408 ecn_mark=10 drop=0
[QUEUE_STATS] t_ms=3792 q_pkts=670 q_bytes=1007432 qdelay_l_ms=1.07848 qdelay_c_ms=46.0269 ecn_mark=10 drop=0
[QUEUE_STATS] t_ms=3808 q_pkts=664 q_bytes=998408 qdelay_l_ms=0.081573 qdelay_c_ms=23.1948 ecn_mark=10 drop=0
[QUEUE_STATS] t_ms=3824 q_pkts=669 q_bytes=1005928 qdelay_l_ms=0.107972 qdelay_c_ms=37.7176 ecn_mark=10 drop=0
[QUEUE_STATS] t_ms=3841 q_pkts=498 q_bytes=748992 qdelay_l_ms=1.10329 qdelay_c_ms=45.8929 ecn_mark=10 drop=0
[QUEUE_STATS] t_ms=3856 q_pkts=667 q_bytes=1002300 qdelay_l_ms=0 qdelay_c_ms=43.5209 ecn_mark=10 drop=0
[QUEUE_STATS] t_ms=3872 q_pkts=672 q_bytes=1009820 qdelay_l_ms=0.721062 qdelay_c_ms=44.7685 ecn_mark=10 drop=0
[QUEUE_STATS] t_ms=3888 q_pkts=664 q_bytes=997788 qdelay_l_ms=0.069821 qdelay_c_ms=34.9223 ecn_mark=10 drop=0
[QUEUE_STATS] t_ms=3904 q_pkts=544 q_bytes=818176 qdelay_l_ms=1.07366 qdelay_c_ms=46.8534 ecn_mark=10 drop=0
[QUEUE_STATS] t_ms=3920 q_pkts=534 q_bytes=803136 qdelay_l_ms=0 qdelay_c_ms=45.3026 ecn_mark=10 drop=0
[QUEUE_STATS] t_ms=3936 q_pkts=676 q_bytes=1016120 qdelay_l_ms=0.819087 qdelay_c_ms=45.7807 ecn_mark=10 drop=0
[QUEUE_STATS] t_ms=3952 q_pkts=674 q_bytes=1013112 qdelay_l_ms=1.06869 qdelay_c_ms=32.935 ecn_mark=10 drop=0
[QUEUE_STATS] t_ms=3968 q_pkts=582 q_bytes=875328 qdelay_l_ms=1.0669 qdelay_c_ms=44.4936 ecn_mark=10 drop=0
[QUEUE_STATS] t_ms=3984 q_pkts=345 q_bytes=518880 qdelay_l_ms=1.06729 qdelay_c_ms=46.0687 ecn_mark=10 drop=0
[QUEUE_STATS] t_ms=4000 q_pkts=669 q_bytes=1006176 qdelay_l_ms=0.095819 qdelay_c_ms=45.1737 ecn_mark=10 drop=0
[QUEUE_STATS] t_ms=4016 q_pkts=675 q_bytes=1015200 qdelay_l_ms=1.13413 qdelay_c_ms=29.3441 ecn_mark=10 drop=0
[QUEUE_STATS] t_ms=4032 q_pkts=589 q_bytes=885856 qdelay_l_ms=1.06294 qdelay_c_ms=44.7449 ecn_mark=10 drop=0
[QUEUE_STATS] t_ms=4048 q_pkts=352 q_bytes=529408 qdelay_l_ms=1.05397 qdelay_c_ms=45.72 ecn_mark=11 drop=0
[QUEUE_STATS] t_ms=4064 q_pkts=675 q_bytes=1014084 qdelay_l_ms=0.514666 qdelay_c_ms=45.7661 ecn_mark=11 drop=0
[QUEUE_STATS] t_ms=4080 q_pkts=678 q_bytes=1018596 qdelay_l_ms=1.06179 qdelay_c_ms=30.3281 ecn_mark=11 drop=0
[QUEUE_STATS] t_ms=4096 q_pkts=591 q_bytes=887748 qdelay_l_ms=1.07971 qdelay_c_ms=44.7768 ecn_mark=11 drop=0
[QUEUE_STATS] t_ms=4112 q_pkts=354 q_bytes=532416 qdelay_l_ms=1.06667 qdelay_c_ms=46.161 ecn_mark=11 drop=0
[QUEUE_STATS] t_ms=4129 q_pkts=679 q_bytes=1020632 qdelay_l_ms=1.17623 qdelay_c_ms=46.1446 ecn_mark=11 drop=0
[QUEUE_STATS] t_ms=4144 q_pkts=657 q_bytes=987544 qdelay_l_ms=0 qdelay_c_ms=29.2656 ecn_mark=11 drop=0
[QUEUE_STATS] t_ms=4160 q_pkts=615 q_bytes=924960 qdelay_l_ms=1.09664 qdelay_c_ms=44.5105 ecn_mark=11 drop=0
[QUEUE_STATS] t_ms=4176 q_pkts=376 q_bytes=565504 qdelay_l_ms=1.06614 qdelay_c_ms=45.1375 ecn_mark=11 drop=0
[QUEUE_STATS] t_ms=4192 q_pkts=660 q_bytes=992640 qdelay_l_ms=1.0292 qdelay_c_ms=44.7328 ecn_mark=11 drop=0
[QUEUE_STATS] t_ms=4208 q_pkts=656 q_bytes=986624 qdelay_l_ms=0.933872 qdelay_c_ms=27.3357 ecn_mark=11 drop=0
[QUEUE_STATS] t_ms=4224 q_pkts=651 q_bytes=977652 qdelay_l_ms=1.02444 qdelay_c_ms=42.2312 ecn_mark=11 drop=0
[QUEUE_STATS] t_ms=4240 q_pkts=422 q_bytes=633236 qdelay_l_ms=1.09668 qdelay_c_ms=43.6258 ecn_mark=11 drop=0
[QUEUE_STATS] t_ms=4256 q_pkts=662 q_bytes=993080 qdelay_l_ms=1.05661 qdelay_c_ms=43.49 ecn_mark=11 drop=0
[QUEUE_STATS] t_ms=4272 q_pkts=670 q_bytes=1006564 qdelay_l_ms=1.14914 qdelay_c_ms=24.7448 ecn_mark=11 drop=0
[QUEUE_STATS] t_ms=4288 q_pkts=654 q_bytes=982500 qdelay_l_ms=1.06013 qdelay_c_ms=39.1136 ecn_mark=11 drop=0
[QUEUE_STATS] t_ms=4304 q_pkts=413 q_bytes=621152 qdelay_l_ms=1.10921 qdelay_c_ms=45.0095 ecn_mark=11 drop=0
[QUEUE_STATS] t_ms=4320 q_pkts=658 q_bytes=989048 qdelay_l_ms=1.16604 qdelay_c_ms=45.0447 ecn_mark=11 drop=0
[QUEUE_STATS] t_ms=4336 q_pkts=660 q_bytes=992056 qdelay_l_ms=1.00286 qdelay_c_ms=24.9083 ecn_mark=11 drop=0
[QUEUE_STATS] t_ms=4352 q_pkts=661 q_bytes=993560 qdelay_l_ms=1.01078 qdelay_c_ms=39.2939 ecn_mark=11 drop=0
[QUEUE_STATS] t_ms=4368 q_pkts=417 q_bytes=627168 qdelay_l_ms=1.06179 qdelay_c_ms=43.7571 ecn_mark=11 drop=0
[QUEUE_STATS] t_ms=4384 q_pkts=672 q_bytes=1010688 qdelay_l_ms=1.15607 qdelay_c_ms=44.0735 ecn_mark=11 drop=0
[QUEUE_STATS] t_ms=4400 q_pkts=666 q_bytes=1001664 qdelay_l_ms=1.05326 qdelay_c_ms=25.7137 ecn_mark=11 drop=0
[QUEUE_STATS] t_ms=4416 q_pkts=645 q_bytes=970080 qdelay_l_ms=1.10128 qdelay_c_ms=40.2185 ecn_mark=11 drop=0
[QUEUE_STATS] t_ms=4432 q_pkts=406 q_bytes=610624 qdelay_l_ms=0 qdelay_c_ms=45.3584 ecn_mark=12 drop=0
[QUEUE_STATS] t_ms=4448 q_pkts=663 q_bytes=996036 qdelay_l_ms=1.03653 qdelay_c_ms=45.1504 ecn_mark=12 drop=0
[QUEUE_STATS] t_ms=4464 q_pkts=649 q_bytes=974980 qdelay_l_ms=0 qdelay_c_ms=25.375 ecn_mark=12 drop=0
[QUEUE_STATS] t_ms=4480 q_pkts=668 q_bytes=1003556 qdelay_l_ms=1.1262 qdelay_c_ms=40.8532 ecn_mark=12 drop=0
[QUEUE_STATS] t_ms=4496 q_pkts=434 q_bytes=652736 qdelay_l_ms=1.10283 qdelay_c_ms=44.0578 ecn_mark=12 drop=0
[QUEUE_STATS] t_ms=4512 q_pkts=646 q_bytes=971000 qdelay_l_ms=0 qdelay_c_ms=44.0125 ecn_mark=12 drop=0
[QUEUE_STATS] t_ms=4528 q_pkts=642 q_bytes=964984 qdelay_l_ms=0 qdelay_c_ms=24.9694 ecn_mark=12 drop=0
[QUEUE_STATS] t_ms=4544 q_pkts=653 q_bytes=981528 qdelay_l_ms=1.07263 qdelay_c_ms=39.4208 ecn_mark=12 drop=0
[QUEUE_STATS] t_ms=4560 q_pkts=457 q_bytes=687328 qdelay_l_ms=1.06662 qdelay_c_ms=43.848 ecn_mark=12 drop=0
[QUEUE_STATS] t_ms=4576 q_pkts=651 q_bytes=979104 qdelay_l_ms=1.06773 qdelay_c_ms=44.046 ecn_mark=12 drop=0
[QUEUE_STATS] t_ms=4592 q_pkts=654 q_bytes=983616 qdelay_l_ms=0.591259 qdelay_c_ms=22.3046 ecn_mark=12 drop=0
[QUEUE_STATS] t_ms=4608 q_pkts=655 q_bytes=985120 qdelay_l_ms=1.00213 qdelay_c_ms=37.3213 ecn_mark=12 drop=0
[QUEUE_STATS] t_ms=4624 q_pkts=483 q_bytes=726432 qdelay_l_ms=0.918864 qdelay_c_ms=43.7081 ecn_mark=12 drop=0
[QUEUE_STATS] t_ms=4640 q_pkts=654 q_bytes=982500 qdelay_l_ms=1.02018 qdelay_c_ms=43.9801 ecn_mark=12 drop=0
[QUEUE_STATS] t_ms=4656 q_pkts=651 q_bytes=977988 qdelay_l_ms=0 qdelay_c_ms=20.9296 ecn_mark=12 drop=0
[QUEUE_STATS] t_ms=4672 q_pkts=651 q_bytes=977988 qdelay_l_ms=1.09194 qdelay_c_ms=36.2318 ecn_mark=12 drop=0
[QUEUE_STATS] t_ms=4688 q_pkts=515 q_bytes=774560 qdelay_l_ms=1.06666 qdelay_c_ms=44.146 ecn_mark=12 drop=0
[QUEUE_STATS] t_ms=4704 q_pkts=655 q_bytes=984536 qdelay_l_ms=0.990228 qdelay_c_ms=43.314 ecn_mark=12 drop=0
[QUEUE_STATS] t_ms=4720 q_pkts=655 q_bytes=984536 qdelay_l_ms=1.06673 qdelay_c_ms=43.8426 ecn_mark=12 drop=0
[QUEUE_STATS] t_ms=4736 q_pkts=658 q_bytes=986128 qdelay_l_ms=1.09093 qdelay_c_ms=34.5202 ecn_mark=12 drop=0
[QUEUE_STATS] t_ms=4752 q_pkts=523 q_bytes=783672 qdelay_l_ms=1.06653 qdelay_c_ms=42.8319 ecn_mark=13 drop=0
[QUEUE_STATS] t_ms=4768 q_pkts=514 q_bytes=770136 qdelay_l_ms=0 qdelay_c_ms=43.0377 ecn_mark=13 drop=0
[QUEUE_STATS] t_ms=4784 q_pkts=650 q_bytes=977600 qdelay_l_ms=0 qdelay_c_ms=43.4207 ecn_mark=13 drop=0
[QUEUE_STATS] t_ms=4800 q_pkts=664 q_bytes=998656 qdelay_l_ms=1.06395 qdelay_c_ms=32.7764 ecn_mark=13 drop=0
[QUEUE_STATS] t_ms=4816 q_pkts=560 q_bytes=842240 qdelay_l_ms=0.739638 qdelay_c_ms=43.8133 ecn_mark=13 drop=0
[QUEUE_STATS] t_ms=4832 q_pkts=320 q_bytes=481280 qdelay_l_ms=1.06722 qdelay_c_ms=44.7586 ecn_mark=13 drop=0
[QUEUE_STATS] t_ms=4848 q_pkts=649 q_bytes=974980 qdelay_l_ms=0 qdelay_c_ms=42.2481 ecn_mark=13 drop=0
[QUEUE_STATS] t_ms=4864 q_pkts=654 q_bytes=982500 qdelay_l_ms=1.00082 qdelay_c_ms=30.1584 ecn_mark=13 drop=0
[QUEUE_STATS] t_ms=4880 q_pkts=546 q_bytes=821184 qdelay_l_ms=0.848452 qdelay_c_ms=43.7457 ecn_mark=13 drop=0
[QUEUE_STATS] t_ms=4896 q_pkts=305 q_bytes=458720 qdelay_l_ms=1.06742 qdelay_c_ms=43.0877 ecn_mark=13 drop=0
[QUEUE_STATS] t_ms=4912 q_pkts=644 q_bytes=967992 qdelay_l_ms=1.03988 qdelay_c_ms=42.8036 ecn_mark=13 drop=0
[QUEUE_STATS] t_ms=4928 q_pkts=642 q_bytes=964984 qdelay_l_ms=1.09389 qdelay_c_ms=29.6547 ecn_mark=13 drop=0
[QUEUE_STATS] t_ms=4944 q_pkts=548 q_bytes=824192 qdelay_l_ms=1.10064 qdelay_c_ms=43.9035 ecn_mark=13 drop=0
[QUEUE_STATS] t_ms=4960 q_pkts=299 q_bytes=449696 qdelay_l_ms=0 qdelay_c_ms=42.1734 ecn_mark=13 drop=0
[QUEUE_STATS] t_ms=4976 q_pkts=652 q_bytes=980608 qdelay_l_ms=0.806032 qdelay_c_ms=42.509 ecn_mark=13 drop=0
[QUEUE_STATS] t_ms=4992 q_pkts=658 q_bytes=989632 qdelay_l_ms=1.09929 qdelay_c_ms=31.6753 ecn_mark=13 drop=0
[QUEUE_STATS] t_ms=5008 q_pkts=564 q_bytes=848256 qdelay_l_ms=1.1026 qdelay_c_ms=43.09 ecn_mark=13 drop=0
[QUEUE_STATS] t_ms=5024 q_pkts=323 q_bytes=485792 qdelay_l_ms=1.06713 qdelay_c_ms=44.1183 ecn_mark=13 drop=0
[QUEUE_STATS] t_ms=5040 q_pkts=646 q_bytes=970468 qdelay_l_ms=0.530645 qdelay_c_ms=42.5591 ecn_mark=13 drop=0
[QUEUE_STATS] t_ms=5056 q_pkts=648 q_bytes=973476 qdelay_l_ms=0.977534 qdelay_c_ms=29.7532 ecn_mark=13 drop=0
[QUEUE_STATS] t_ms=5072 q_pkts=588 q_bytes=884352 qdelay_l_ms=1.10733 qdelay_c_ms=43.8101 ecn_mark=13 drop=0
[QUEUE_STATS] t_ms=5088 q_pkts=347 q_bytes=521888 qdelay_l_ms=1.09911 qdelay_c_ms=43.0915 ecn_mark=13 drop=0
[QUEUE_STATS] t_ms=5104 q_pkts=657 q_bytes=987544 qdelay_l_ms=1.23012 qdelay_c_ms=43.1977 ecn_mark=13 drop=0
[QUEUE_STATS] t_ms=5120 q_pkts=659 q_bytes=990552 qdelay_l_ms=1.12676 qdelay_c_ms=28.1966 ecn_mark=13 drop=0
[QUEUE_STATS] t_ms=5136 q_pkts=638 q_bytes=958968 qdelay_l_ms=1.13361 qdelay_c_ms=42.1316 ecn_mark=13 drop=0
[QUEUE_STATS] t_ms=5152 q_pkts=383 q_bytes=576032 qdelay_l_ms=1.09704 qdelay_c_ms=44.0668 ecn_mark=13 drop=0
[QUEUE_STATS] t_ms=5168 q_pkts=649 q_bytes=976096 qdelay_l_ms=1.06198 qdelay_c_ms=43.8996 ecn_mark=13 drop=0
[QUEUE_STATS] t_ms=5184 q_pkts=653 q_bytes=982112 qdelay_l_ms=1.04085 qdelay_c_ms=26.6074 ecn_mark=13 drop=0
[QUEUE_STATS] t_ms=5200 q_pkts=612 q_bytes=920448 qdelay_l_ms=1.06106 qdelay_c_ms=41.0393 ecn_mark=13 drop=0
[QUEUE_STATS] t_ms=5216 q_pkts=371 q_bytes=557984 qdelay_l_ms=1.1175 qdelay_c_ms=44.028 ecn_mark=13 drop=0
[QUEUE_STATS] t_ms=5232 q_pkts=648 q_bytes=973476 qdelay_l_ms=1.11032 qdelay_c_ms=44.1109 ecn_mark=14 drop=0
[QUEUE_STATS] t_ms=5248 q_pkts=657 q_bytes=987012 qdelay_l_ms=1.09224 qdelay_c_ms=26.4058 ecn_mark=14 drop=0
[QUEUE_STATS] t_ms=5264 q_pkts=598 q_bytes=898276 qdelay_l_ms=0.014618 qdelay_c_ms=40.83 ecn_mark=14 drop=0
[QUEUE_STATS] t_ms=5280 q_pkts=355 q_bytes=533920 qdelay_l_ms=1.0968 qdelay_c_ms=42.7688 ecn_mark=14 drop=0
[QUEUE_STATS] t_ms=5296 q_pkts=664 q_bytes=998072 qdelay_l_ms=1.18986 qdelay_c_ms=43.0117 ecn_mark=14 drop=0
[QUEUE_STATS] t_ms=5312 q_pkts=656 q_bytes=986040 qdelay_l_ms=1.06295 qdelay_c_ms=28.4572 ecn_mark=14 drop=0
[QUEUE_STATS] t_ms=5328 q_pkts=591 q_bytes=888280 qdelay_l_ms=1.02349 qdelay_c_ms=42.4471 ecn_mark=14 drop=0
[QUEUE_STATS] t_ms=5344 q_pkts=334 q_bytes=502336 qdelay_l_ms=1.11562 qdelay_c_ms=42.8265 ecn_mark=14 drop=0
[QUEUE_STATS] t_ms=5360 q_pkts=636 q_bytes=956544 qdelay_l_ms=0.968026 qdelay_c_ms=42.6922 ecn_mark=14 drop=0
[QUEUE_STATS] t_ms=5376 q_pkts=634 q_bytes=953536 qdelay_l_ms=1.10028 qdelay_c_ms=28.7615 ecn_mark=14 drop=0
[QUEUE_STATS] t_ms=5392 q_pkts=558 q_bytes=839232 qdelay_l_ms=1.10055 qdelay_c_ms=42.5175 ecn_mark=14 drop=0
[QUEUE_STATS] t_ms=5408 q_pkts=314 q_bytes=472256 qdelay_l_ms=0 qdelay_c_ms=42.2659 ecn_mark=14 drop=0
[QUEUE_STATS] t_ms=5424 q_pkts=648 q_bytes=973476 qdelay_l_ms=1.00586 qdelay_c_ms=42.3879 ecn_mark=14 drop=0
[QUEUE_STATS] t_ms=5440 q_pkts=648 q_bytes=973476 qdelay_l_ms=1.1547 qdelay_c_ms=29.8838 ecn_mark=14 drop=0
[QUEUE_STATS] t_ms=5456 q_pkts=540 q_bytes=812160 qdelay_l_ms=0.718347 qdelay_c_ms=42.895 ecn_mark=14 drop=0
[QUEUE_STATS] t_ms=5472 q_pkts=298 q_bytes=448192 qdelay_l_ms=1.06179 qdelay_c_ms=43.202 ecn_mark=14 drop=0
[QUEUE_STATS] t_ms=5488 q_pkts=658 q_bytes=989048 qdelay_l_ms=0.935125 qdelay_c_ms=42.8385 ecn_mark=14 drop=0
[QUEUE_STATS] t_ms=5504 q_pkts=657 q_bytes=987544 qdelay_l_ms=0.953749 qdelay_c_ms=30.1241 ecn_mark=14 drop=0
[QUEUE_STATS] t_ms=5520 q_pkts=531 q_bytes=798624 qdelay_l_ms=1.06171 qdelay_c_ms=42.826 ecn_mark=14 drop=0
[QUEUE_STATS] t_ms=5536 q_pkts=286 q_bytes=430144 qdelay_l_ms=0 qdelay_c_ms=41.7424 ecn_mark=14 drop=0
[QUEUE_STATS] t_ms=5552 q_pkts=650 q_bytes=977600 qdelay_l_ms=1.13907 qdelay_c_ms=43.1639 ecn_mark=14 drop=0
[QUEUE_STATS] t_ms=5568 q_pkts=644 q_bytes=968576 qdelay_l_ms=0.757331 qdelay_c_ms=31.41 ecn_mark=14 drop=0
[QUEUE_STATS] t_ms=5584 q_pkts=531 q_bytes=798624 qdelay_l_ms=1.06447 qdelay_c_ms=43.0328 ecn_mark=14 drop=0
[QUEUE_STATS] t_ms=5600 q_pkts=461 q_bytes=693344 qdelay_l_ms=0 qdelay_c_ms=43.0955 ecn_mark=14 drop=0
[QUEUE_STATS] t_ms=5616 q_pkts=654 q_bytes=982500 qdelay_l_ms=0.70366 qdelay_c_ms=42.8133 ecn_mark=14 drop=0
[QUEUE_STATS] t_ms=5632 q_pkts=646 q_bytes=970468 qdelay_l_ms=0 qdelay_c_ms=32.0264 ecn_mark=14 drop=0
[QUEUE_STATS] t_ms=5648 q_pkts=500 q_bytes=752000 qdelay_l_ms=1.10199 qdelay_c_ms=42.7719 ecn_mark=14 drop=0
[QUEUE_STATS] t_ms=5664 q_pkts=636 q_bytes=955960 qdelay_l_ms=0.064501 qdelay_c_ms=43.1279 ecn_mark=14 drop=0
[QUEUE_STATS] t_ms=5680 q_pkts=657 q_bytes=987544 qdelay_l_ms=0.729599 qdelay_c_ms=42.5549 ecn_mark=14 drop=0
[QUEUE_STATS] t_ms=5696 q_pkts=653 q_bytes=981528 qdelay_l_ms=0.988013 qdelay_c_ms=33.704 ecn_mark=14 drop=0
[QUEUE_STATS] t_ms=5712 q_pkts=486 q_bytes=730944 qdelay_l_ms=0.87929 qdelay_c_ms=42.6754 ecn_mark=14 drop=0
[QUEUE_STATS] t_ms=5728 q_pkts=650 q_bytes=977600 qdelay_l_ms=1.06244 qdelay_c_ms=43.8416 ecn_mark=14 drop=0
[QUEUE_STATS] t_ms=5744 q_pkts=650 q_bytes=977600 qdelay_l_ms=1.04009 qdelay_c_ms=43.0077 ecn_mark=14 drop=0
[QUEUE_STATS] t_ms=5760 q_pkts=650 q_bytes=977600 qdelay_l_ms=1.1474 qdelay_c_ms=34.262 ecn_mark=14 drop=0
[QUEUE_STATS] t_ms=5776 q_pkts=472 q_bytes=709888 qdelay_l_ms=1.09962 qdelay_c_ms=42.5043 ecn_mark=14 drop=0
[QUEUE_STATS] t_ms=5792 q_pkts=646 q_bytes=970468 qdelay_l_ms=1.10137 qdelay_c_ms=43.7923 ecn_mark=14 drop=0
[QUEUE_STATS] t_ms=5808 q_pkts=648 q_bytes=973476 qdelay_l_ms=1.14567 qdelay_c_ms=20.835 ecn_mark=14 drop=0
[QUEUE_STATS] t_ms=5824 q_pkts=659 q_bytes=990020 qdelay_l_ms=1.14779 qdelay_c_ms=35.5561 ecn_mark=14 drop=0
[QUEUE_STATS] t_ms=5840 q_pkts=461 q_bytes=693344 qdelay_l_ms=1.10217 qdelay_c_ms=43.4617 ecn_mark=14 drop=0
[QUEUE_STATS] t_ms=5856 q_pkts=650 q_bytes=977016 qdelay_l_ms=1.06755 qdelay_c_ms=44.191 ecn_mark=14 drop=0
[QUEUE_STATS] t_ms=5872 q_pkts=660 q_bytes=992056 qdelay_l_ms=1.01933 qdelay_c_ms=21.877 ecn_mark=14 drop=0
[QUEUE_STATS] t_ms=5888 q_pkts=661 q_bytes=993560 qdelay_l_ms=1.15122 qdelay_c_ms=36.5647 ecn_mark=14 drop=0
[QUEUE_STATS] t_ms=5904 q_pkts=446 q_bytes=670784 qdelay_l_ms=1.08127 qdelay_c_ms=43.1605 ecn_mark=14 drop=0
[QUEUE_STATS] t_ms=5920 q_pkts=664 q_bytes=998656 qdelay_l_ms=0.925276 qdelay_c_ms=43.1621 ecn_mark=14 drop=0
[QUEUE_STATS] t_ms=5936 q_pkts=651 q_bytes=979104 qdelay_l_ms=1.03278 qdelay_c_ms=22.723 ecn_mark=14 drop=0
[QUEUE_STATS] t_ms=5952 q_pkts=654 q_bytes=983616 qdelay_l_ms=1.07214 qdelay_c_ms=37.4003 ecn_mark=14 drop=0
[QUEUE_STATS] t_ms=5968 q_pkts=433 q_bytes=651232 qdelay_l_ms=0.95408 qdelay_c_ms=44.028 ecn_mark=14 drop=0
[QUEUE_STATS] t_ms=5984 q_pkts=649 q_bytes=975264 qdelay_l_ms=1.06271 qdelay_c_ms=43.97 ecn_mark=14 drop=0
[QUEUE_STATS] t_ms=6000 q_pkts=651 q_bytes=978272 qdelay_l_ms=0.667662 qdelay_c_ms=23.4805 ecn_mark=14 drop=0
[QUEUE_STATS] t_ms=6016 q_pkts=661 q_bytes=993312 qdelay_l_ms=1.1547 qdelay_c_ms=38.4008 ecn_mark=14 drop=0
[QUEUE_STATS] t_ms=6032 q_pkts=463 q_bytes=696352 qdelay_l_ms=0.609944 qdelay_c_ms=43.5208 ecn_mark=14 drop=0
[QUEUE_STATS] t_ms=6048 q_pkts=654 q_bytes=982748 qdelay_l_ms=1.17218 qdelay_c_ms=43.1667 ecn_mark=14 drop=0
[QUEUE_STATS] t_ms=6064 q_pkts=660 q_bytes=991772 qdelay_l_ms=1.01118 qdelay_c_ms=21.676 ecn_mark=14 drop=0
[QUEUE_STATS] t_ms=6080 q_pkts=654 q_bytes=982748 qdelay_l_ms=0 qdelay_c_ms=36.0771 ecn_mark=14 drop=0
[QUEUE_STATS] t_ms=6097 q_pkts=443 q_bytes=666272 qdelay_l_ms=1.07547 qdelay_c_ms=43.0937 ecn_mark=14 drop=0
[QUEUE_STATS] t_ms=6112 q_pkts=654 q_bytes=983616 qdelay_l_ms=1.13657 qdelay_c_ms=44.356 ecn_mark=14 drop=0
[QUEUE_STATS] t_ms=6128 q_pkts=648 q_bytes=974592 qdelay_l_ms=0 qdelay_c_ms=21.9739 ecn_mark=14 drop=0
[QUEUE_STATS] t_ms=6144 q_pkts=656 q_bytes=986624 qdelay_l_ms=0.736682 qdelay_c_ms=37.2087 ecn_mark=14 drop=0
[QUEUE_STATS] t_ms=6160 q_pkts=436 q_bytes=655744 qdelay_l_ms=0.913334 qdelay_c_ms=43.7302 ecn_mark=14 drop=0
[QUEUE_STATS] t_ms=6176 q_pkts=657 q_bytes=987296 qdelay_l_ms=1.09858 qdelay_c_ms=43.8854 ecn_mark=14 drop=0
[QUEUE_STATS] t_ms=6192 q_pkts=657 q_bytes=987296 qdelay_l_ms=0.809639 qdelay_c_ms=23.7777 ecn_mark=14 drop=0
[QUEUE_STATS] t_ms=6208 q_pkts=661 q_bytes=993312 qdelay_l_ms=1.15291 qdelay_c_ms=38.5531 ecn_mark=14 drop=0
[QUEUE_STATS] t_ms=6224 q_pkts=419 q_bytes=630176 qdelay_l_ms=1.09756 qdelay_c_ms=44.1363 ecn_mark=14 drop=0
[QUEUE_STATS] t_ms=6240 q_pkts=657 q_bytes=987260 qdelay_l_ms=1.03625 qdelay_c_ms=44.3689 ecn_mark=14 drop=0
[QUEUE_STATS] t_ms=6256 q_pkts=664 q_bytes=997788 qdelay_l_ms=0 qdelay_c_ms=23.8185 ecn_mark=14 drop=0
[QUEUE_STATS] t_ms=6272 q_pkts=648 q_bytes=973724 qdelay_l_ms=0 qdelay_c_ms=39.1763 ecn_mark=14 drop=0
[QUEUE_STATS] t_ms=6288 q_pkts=405 q_bytes=609120 qdelay_l_ms=1.10137 qdelay_c_ms=44.1934 ecn_mark=14 drop=0
[QUEUE_STATS] t_ms=6304 q_pkts=656 q_bytes=986624 qdelay_l_ms=0.996279 qdelay_c_ms=44.4397 ecn_mark=14 drop=0
[QUEUE_STATS] t_ms=6320 q_pkts=666 q_bytes=1001664 qdelay_l_ms=1.07777 qdelay_c_ms=24.9067 ecn_mark=14 drop=0
[QUEUE_STATS] t_ms=6336 q_pkts=649 q_bytes=976096 qdelay_l_ms=0 qdelay_c_ms=39.4875 ecn_mark=14 drop=0
[QUEUE_STATS] t_ms=6352 q_pkts=394 q_bytes=592576 qdelay_l_ms=1.09495 qdelay_c_ms=44.0772 ecn_mark=14 drop=0
[QUEUE_STATS] t_ms=6368 q_pkts=653 q_bytes=981280 qdelay_l_ms=1.10091 qdelay_c_ms=43.7666 ecn_mark=14 drop=0
[QUEUE_STATS] t_ms=6384 q_pkts=657 q_bytes=987296 qdelay_l_ms=0.983885 qdelay_c_ms=26.7013 ecn_mark=15 drop=0
[QUEUE_STATS] t_ms=6400 q_pkts=615 q_bytes=924128 qdelay_l_ms=1.06633 qdelay_c_ms=41.3774 ecn_mark=15 drop=0
[QUEUE_STATS] t_ms=6416 q_pkts=373 q_bytes=560992 qdelay_l_ms=1.05102 qdelay_c_ms=44.206 ecn_mark=15 drop=0
[QUEUE_STATS] t_ms=6432 q_pkts=649 q_bytes=975228 qdelay_l_ms=0 qdelay_c_ms=43.4525 ecn_mark=15 drop=0
[QUEUE_STATS] t_ms=6448 q_pkts=649 q_bytes=975228 qdelay_l_ms=0 qdelay_c_ms=26.7563 ecn_mark=15 drop=0
[QUEUE_STATS] t_ms=6464 q_pkts=603 q_bytes=906044 qdelay_l_ms=1.06681 qdelay_c_ms=42.1508 ecn_mark=15 drop=0
[QUEUE_STATS] t_ms=6480 q_pkts=363 q_bytes=545952 qdelay_l_ms=1.06748 qdelay_c_ms=45.097 ecn_mark=15 drop=0
[QUEUE_STATS] t_ms=6496 q_pkts=662 q_bytes=995648 qdelay_l_ms=1.18362 qdelay_c_ms=43.2477 ecn_mark=15 drop=0
[QUEUE_STATS] t_ms=6512 q_pkts=654 q_bytes=983616 qdelay_l_ms=0.990568 qdelay_c_ms=28.0648 ecn_mark=15 drop=0
[QUEUE_STATS] t_ms=6528 q_pkts=583 q_bytes=876832 qdelay_l_ms=1.09637 qdelay_c_ms=42.4279 ecn_mark=15 drop=0
[QUEUE_STATS] t_ms=6544 q_pkts=344 q_bytes=517376 qdelay_l_ms=1.04881 qdelay_c_ms=43.9775 ecn_mark=15 drop=0
[QUEUE_STATS] t_ms=6560 q_pkts=642 q_bytes=964736 qdelay_l_ms=0 qdelay_c_ms=43.2863 ecn_mark=15 drop=0
[QUEUE_STATS] t_ms=6576 q_pkts=653 q_bytes=981280 qdelay_l_ms=0.953068 qdelay_c_ms=28.9073 ecn_mark=15 drop=0
[QUEUE_STATS] t_ms=6592 q_pkts=585 q_bytes=879840 qdelay_l_ms=1.06235 qdelay_c_ms=42.8475 ecn_mark=15 drop=0
[QUEUE_STATS] t_ms=6608 q_pkts=325 q_bytes=488800 qdelay_l_ms=0 qdelay_c_ms=43.1357 ecn_mark=15 drop=0
[QUEUE_STATS] t_ms=6624 q_pkts=652 q_bytes=980608 qdelay_l_ms=1.06207 qdelay_c_ms=42.9456 ecn_mark=15 drop=0
[QUEUE_STATS] t_ms=6640 q_pkts=664 q_bytes=998656 qdelay_l_ms=1.10532 qdelay_c_ms=30.1045 ecn_mark=15 drop=0
[QUEUE_STATS] t_ms=6656 q_pkts=603 q_bytes=906912 qdelay_l_ms=1.09189 qdelay_c_ms=43.9961 ecn_mark=15 drop=0
[QUEUE_STATS] t_ms=6672 q_pkts=361 q_bytes=542944 qdelay_l_ms=0 qdelay_c_ms=44.2723 ecn_mark=15 drop=0
[QUEUE_STATS] t_ms=6688 q_pkts=667 q_bytes=1002300 qdelay_l_ms=1.01742 qdelay_c_ms=43.8782 ecn_mark=15 drop=0
[QUEUE_STATS] t_ms=6704 q_pkts=666 q_bytes=1000796 qdelay_l_ms=1.10315 qdelay_c_ms=28.4954 ecn_mark=15 drop=0
[QUEUE_STATS] t_ms=6720 q_pkts=628 q_bytes=944512 qdelay_l_ms=1.10037 qdelay_c_ms=42.7374 ecn_mark=15 drop=0
[QUEUE_STATS] t_ms=6736 q_pkts=389 q_bytes=585056 qdelay_l_ms=0.6026 qdelay_c_ms=43.9348 ecn_mark=16 drop=0
[QUEUE_STATS] t_ms=6752 q_pkts=654 q_bytes=982784 qdelay_l_ms=1.04552 qdelay_c_ms=44.2868 ecn_mark=16 drop=0
[QUEUE_STATS] t_ms=6768 q_pkts=639 q_bytes=960224 qdelay_l_ms=0.054432 qdelay_c_ms=25.6222 ecn_mark=16 drop=0
[QUEUE_STATS] t_ms=6785 q_pkts=622 q_bytes=934656 qdelay_l_ms=1.11094 qdelay_c_ms=41.268 ecn_mark=16 drop=0
[QUEUE_STATS] t_ms=6800 q_pkts=379 q_bytes=570016 qdelay_l_ms=0.612219 qdelay_c_ms=43.8205 ecn_mark=16 drop=0
[QUEUE_STATS] t_ms=6816 q_pkts=657 q_bytes=988128 qdelay_l_ms=1.20005 qdelay_c_ms=44.0855 ecn_mark=16 drop=0
[QUEUE_STATS] t_ms=6832 q_pkts=659 q_bytes=991136 qdelay_l_ms=0.145714 qdelay_c_ms=25.8998 ecn_mark=16 drop=0
[QUEUE_STATS] t_ms=6848 q_pkts=601 q_bytes=903904 qdelay_l_ms=1.09572 qdelay_c_ms=41.1605 ecn_mark=16 drop=0
[QUEUE_STATS] t_ms=6864 q_pkts=361 q_bytes=542944 qdelay_l_ms=1.06718 qdelay_c_ms=44.2263 ecn_mark=16 drop=0
[QUEUE_STATS] t_ms=6880 q_pkts=654 q_bytes=982748 qdelay_l_ms=1.06181 qdelay_c_ms=44.1308 ecn_mark=16 drop=0
[QUEUE_STATS] t_ms=6896 q_pkts=665 q_bytes=999292 qdelay_l_ms=0.965141 qdelay_c_ms=27.037 ecn_mark=16 drop=0
[QUEUE_STATS] t_ms=6912 q_pkts=602 q_bytes=904540 qdelay_l_ms=0.744046 qdelay_c_ms=41.5212 ecn_mark=16 drop=0
[QUEUE_STATS] t_ms=6928 q_pkts=359 q_bytes=539936 qdelay_l_ms=0 qdelay_c_ms=42.3442 ecn_mark=16 drop=0
[QUEUE_STATS] t_ms=6944 q_pkts=666 q_bytes=1000832 qdelay_l_ms=1.05477 qdelay_c_ms=43.7693 ecn_mark=16 drop=0
[QUEUE_STATS] t_ms=6960 q_pkts=649 q_bytes=975264 qdelay_l_ms=1.11739 qdelay_c_ms=28.3382 ecn_mark=16 drop=0
[QUEUE_STATS] t_ms=6976 q_pkts=588 q_bytes=883520 qdelay_l_ms=1.10347 qdelay_c_ms=42.6713 ecn_mark=16 drop=0
[QUEUE_STATS] t_ms=6992 q_pkts=348 q_bytes=523392 qdelay_l_ms=1.06769 qdelay_c_ms=43.7617 ecn_mark=16 drop=0
[QUEUE_STATS] t_ms=7008 q_pkts=651 q_bytes=979104 qdelay_l_ms=1.06947 qdelay_c_ms=44.2451 ecn_mark=16 drop=0
[QUEUE_STATS] t_ms=7024 q_pkts=655 q_bytes=985120 qdelay_l_ms=1.10236 qdelay_c_ms=29.5042 ecn_mark=16 drop=0
[QUEUE_STATS] t_ms=7040 q_pkts=617 q_bytes=927968 qdelay_l_ms=0.705013 qdelay_c_ms=43.3075 ecn_mark=16 drop=0
[QUEUE_STATS] t_ms=7056 q_pkts=376 q_bytes=565504 qdelay_l_ms=1.06289 qdelay_c_ms=44.2303 ecn_mark=16 drop=0
[QUEUE_STATS] t_ms=7072 q_pkts=665 q_bytes=999292 qdelay_l_ms=1.12247 qdelay_c_ms=44.1929 ecn_mark=16 drop=0
[QUEUE_STATS] t_ms=7088 q_pkts=657 q_bytes=987260 qdelay_l_ms=1.00079 qdelay_c_ms=27.1405 ecn_mark=16 drop=0
[QUEUE_STATS] t_ms=7104 q_pkts=607 q_bytes=912060 qdelay_l_ms=1.06268 qdelay_c_ms=41.703 ecn_mark=16 drop=0
[QUEUE_STATS] t_ms=7120 q_pkts=367 q_bytes=551968 qdelay_l_ms=0.596038 qdelay_c_ms=44.8984 ecn_mark=16 drop=0
[QUEUE_STATS] t_ms=7136 q_pkts=659 q_bytes=990304 qdelay_l_ms=0.981381 qdelay_c_ms=45.2151 ecn_mark=16 drop=0
[QUEUE_STATS] t_ms=7152 q_pkts=667 q_bytes=1002336 qdelay_l_ms=0.994636 qdelay_c_ms=27.4915 ecn_mark=16 drop=0
[QUEUE_STATS] t_ms=7168 q_pkts=590 q_bytes=886528 qdelay_l_ms=1.06812 qdelay_c_ms=42.7771 ecn_mark=16 drop=0
[QUEUE_STATS] t_ms=7184 q_pkts=350 q_bytes=526400 qdelay_l_ms=0.608762 qdelay_c_ms=43.894 ecn_mark=16 drop=0
[QUEUE_STATS] t_ms=7200 q_pkts=655 q_bytes=984252 qdelay_l_ms=0 qdelay_c_ms=43.9193 ecn_mark=16 drop=0
[QUEUE_STATS] t_ms=7216 q_pkts=660 q_bytes=991772 qdelay_l_ms=0.963117 qdelay_c_ms=27.948 ecn_mark=16 drop=0
[QUEUE_STATS] t_ms=7232 q_pkts=636 q_bytes=955676 qdelay_l_ms=1.06076 qdelay_c_ms=42.4306 ecn_mark=16 drop=0
[QUEUE_STATS] t_ms=7248 q_pkts=380 q_bytes=571520 qdelay_l_ms=1.11855 qdelay_c_ms=44.1654 ecn_mark=16 drop=0
[QUEUE_STATS] t_ms=7264 q_pkts=657 q_bytes=988128 qdelay_l_ms=1.06393 qdelay_c_ms=44.7308 ecn_mark=16 drop=0
[QUEUE_STATS] t_ms=7280 q_pkts=658 q_bytes=989632 qdelay_l_ms=0.023815 qdelay_c_ms=26.5513 ecn_mark=16 drop=0
[QUEUE_STATS] t_ms=7296 q_pkts=606 q_bytes=911424 qdelay_l_ms=1.06696 qdelay_c_ms=41.8279 ecn_mark=16 drop=0
[QUEUE_STATS] t_ms=7312 q_pkts=367 q_bytes=551968 qdelay_l_ms=1.06824 qdelay_c_ms=45.1346 ecn_mark=16 drop=0
[QUEUE_STATS] t_ms=7328 q_pkts=648 q_bytes=973760 qdelay_l_ms=0.039534 qdelay_c_ms=43.3446 ecn_mark=16 drop=0
[QUEUE_STATS] t_ms=7344 q_pkts=658 q_bytes=988800 qdelay_l_ms=1.03692 qdelay_c_ms=28.5092 ecn_mark=16 drop=0
[QUEUE_STATS] t_ms=7360 q_pkts=595 q_bytes=894048 qdelay_l_ms=1.06224 qdelay_c_ms=42.6592 ecn_mark=16 drop=0
[QUEUE_STATS] t_ms=7376 q_pkts=353 q_bytes=530912 qdelay_l_ms=0 qdelay_c_ms=43.2341 ecn_mark=16 drop=0
[QUEUE_STATS] t_ms=7392 q_pkts=664 q_bytes=997788 qdelay_l_ms=1.06695 qdelay_c_ms=44.0358 ecn_mark=16 drop=0
[QUEUE_STATS] t_ms=7408 q_pkts=661 q_bytes=993276 qdelay_l_ms=0.089077 qdelay_c_ms=28.322 ecn_mark=16 drop=0
[QUEUE_STATS] t_ms=7424 q_pkts=623 q_bytes=936992 qdelay_l_ms=0.845867 qdelay_c_ms=43.5243 ecn_mark=16 drop=0
[QUEUE_STATS] t_ms=7440 q_pkts=383 q_bytes=576032 qdelay_l_ms=1.06082 qdelay_c_ms=44.9573 ecn_mark=16 drop=0
[QUEUE_STATS] t_ms=7456 q_pkts=656 q_bytes=986624 qdelay_l_ms=1.06788 qdelay_c_ms=45.0807 ecn_mark=16 drop=0
[QUEUE_STATS] t_ms=7472 q_pkts=652 q_bytes=980608 qdelay_l_ms=0 qdelay_c_ms=25.4385 ecn_mark=16 drop=0
[QUEUE_STATS] t_ms=7488 q_pkts=622 q_bytes=935488 qdelay_l_ms=1.06822 qdelay_c_ms=41.0075 ecn_mark=16 drop=0
[QUEUE_STATS] t_ms=7504 q_pkts=382 q_bytes=574528 qdelay_l_ms=1.10849 qdelay_c_ms=44.1826 ecn_mark=16 drop=0
[QUEUE_STATS] t_ms=7520 q_pkts=662 q_bytes=994816 qdelay_l_ms=1.17509 qdelay_c_ms=45.1463 ecn_mark=16 drop=0
[QUEUE_STATS] t_ms=7536 q_pkts=672 q_bytes=1009856 qdelay_l_ms=1.1662 qdelay_c_ms=27.4556 ecn_mark=16 drop=0
[QUEUE_STATS] t_ms=7552 q_pkts=613 q_bytes=921120 qdelay_l_ms=1.06625 qdelay_c_ms=41.6205 ecn_mark=16 drop=0
[QUEUE_STATS] t_ms=7568 q_pkts=372 q_bytes=559488 qdelay_l_ms=0.584336 qdelay_c_ms=44.9829 ecn_mark=16 drop=0
[QUEUE_STATS] t_ms=7584 q_pkts=646 q_bytes=971584 qdelay_l_ms=0 qdelay_c_ms=43.1387 ecn_mark=16 drop=0
[QUEUE_STATS] t_ms=7600 q_pkts=658 q_bytes=989632 qdelay_l_ms=1.06163 qdelay_c_ms=27.9519 ecn_mark=16 drop=0
[QUEUE_STATS] t_ms=7616 q_pkts=638 q_bytes=959552 qdelay_l_ms=1.06736 qdelay_c_ms=42.8483 ecn_mark=16 drop=0
[QUEUE_STATS] t_ms=7632 q_pkts=398 q_bytes=598592 qdelay_l_ms=1.10161 qdelay_c_ms=44.127 ecn_mark=16 drop=0
[QUEUE_STATS] t_ms=7648 q_pkts=659 q_bytes=990268 qdelay_l_ms=1.12766 qdelay_c_ms=43.913 ecn_mark=16 drop=0
[QUEUE_STATS] t_ms=7664 q_pkts=664 q_bytes=997788 qdelay_l_ms=1.16818 qdelay_c_ms=26.3534 ecn_mark=16 drop=0
[QUEUE_STATS] t_ms=7680 q_pkts=627 q_bytes=942140 qdelay_l_ms=0.870533 qdelay_c_ms=40.5194 ecn_mark=16 drop=0
[QUEUE_STATS] t_ms=7696 q_pkts=388 q_bytes=583552 qdelay_l_ms=1.10617 qdelay_c_ms=45.0957 ecn_mark=16 drop=0
[QUEUE_STATS] t_ms=7712 q_pkts=662 q_bytes=994816 qdelay_l_ms=1.02937 qdelay_c_ms=44.8042 ecn_mark=16 drop=0
[QUEUE_STATS] t_ms=7728 q_pkts=665 q_bytes=999328 qdelay_l_ms=1.03164 qdelay_c_ms=27.4907 ecn_mark=16 drop=0
[QUEUE_STATS] t_ms=7744 q_pkts=614 q_bytes=922624 qdelay_l_ms=1.11428 qdelay_c_ms=41.7999 ecn_mark=16 drop=0
[QUEUE_STATS] t_ms=7760 q_pkts=373 q_bytes=560992 qdelay_l_ms=0.578886 qdelay_c_ms=44.9594 ecn_mark=16 drop=0
[QUEUE_STATS] t_ms=7776 q_pkts=664 q_bytes=998656 qdelay_l_ms=0.013756 qdelay_c_ms=44.3264 ecn_mark=16 drop=0
[QUEUE_STATS] t_ms=7792 q_pkts=665 q_bytes=1000160 qdelay_l_ms=1.14055 qdelay_c_ms=28.0406 ecn_mark=16 drop=0
[QUEUE_STATS] t_ms=7808 q_pkts=643 q_bytes=967072 qdelay_l_ms=1.10306 qdelay_c_ms=42.7971 ecn_mark=16 drop=0
[QUEUE_STATS] t_ms=7824 q_pkts=402 q_bytes=604608 qdelay_l_ms=1.07528 qdelay_c_ms=44.435 ecn_mark=16 drop=0
[QUEUE_STATS] t_ms=7840 q_pkts=649 q_bytes=975228 qdelay_l_ms=0 qdelay_c_ms=44.1237 ecn_mark=16 drop=0
[QUEUE_STATS] t_ms=7856 q_pkts=663 q_bytes=996284 qdelay_l_ms=0.982212 qdelay_c_ms=26.762 ecn_mark=16 drop=0
[QUEUE_STATS] t_ms=7872 q_pkts=664 q_bytes=997788 qdelay_l_ms=1.12033 qdelay_c_ms=40.7595 ecn_mark=16 drop=0
[QUEUE_STATS] t_ms=7888 q_pkts=436 q_bytes=655744 qdelay_l_ms=1.06727 qdelay_c_ms=44.7027 ecn_mark=16 drop=0
[QUEUE_STATS] t_ms=7904 q_pkts=662 q_bytes=994816 qdelay_l_ms=1.13179 qdelay_c_ms=45.1824 ecn_mark=16 drop=0
[QUEUE_STATS] t_ms=7920 q_pkts=667 q_bytes=1002336 qdelay_l_ms=1.14692 qdelay_c_ms=23.1251 ecn_mark=16 drop=0
[QUEUE_STATS] t_ms=7936 q_pkts=669 q_bytes=1005344 qdelay_l_ms=1.12577 qdelay_c_ms=37.8559 ecn_mark=16 drop=0
[QUEUE_STATS] t_ms=7952 q_pkts=433 q_bytes=651232 qdelay_l_ms=1.09802 qdelay_c_ms=44.9898 ecn_mark=16 drop=0
[QUEUE_STATS] t_ms=7968 q_pkts=675 q_bytes=1015200 qdelay_l_ms=1.14548 qdelay_c_ms=45.0643 ecn_mark=16 drop=0
[QUEUE_STATS] t_ms=7984 q_pkts=663 q_bytes=997152 qdelay_l_ms=1.12133 qdelay_c_ms=24.5238 ecn_mark=16 drop=0
[QUEUE_STATS] t_ms=8000 q_pkts=666 q_bytes=1001664 qdelay_l_ms=1.13985 qdelay_c_ms=38.5633 ecn_mark=16 drop=0
[QUEUE_STATS] t_ms=8016 q_pkts=437 q_bytes=657248 qdelay_l_ms=0.555421 qdelay_c_ms=44.7863 ecn_mark=16 drop=0
[QUEUE_STATS] t_ms=8032 q_pkts=664 q_bytes=997788 qdelay_l_ms=1.06782 qdelay_c_ms=44.9723 ecn_mark=16 drop=0
[QUEUE_STATS] t_ms=8048 q_pkts=652 q_bytes=979740 qdelay_l_ms=0 qdelay_c_ms=22.8105 ecn_mark=16 drop=0
[QUEUE_STATS] t_ms=8064 q_pkts=666 q_bytes=1000796 qdelay_l_ms=1.00696 qdelay_c_ms=38.2596 ecn_mark=16 drop=0
[QUEUE_STATS] t_ms=8080 q_pkts=437 q_bytes=657248 qdelay_l_ms=1.09965 qdelay_c_ms=44.9019 ecn_mark=16 drop=0
[QUEUE_STATS] t_ms=8096 q_pkts=663 q_bytes=997152 qdelay_l_ms=1.11725 qdelay_c_ms=44.9959 ecn_mark=16 drop=0
[QUEUE_STATS] t_ms=8112 q_pkts=666 q_bytes=1001664 qdelay_l_ms=1.14233 qdelay_c_ms=24.1176 ecn_mark=16 drop=0
[QUEUE_STATS] t_ms=8128 q_pkts=657 q_bytes=988128 qdelay_l_ms=0 qdelay_c_ms=37.1919 ecn_mark=16 drop=0
[QUEUE_STATS] t_ms=8144 q_pkts=437 q_bytes=657248 qdelay_l_ms=1.07165 qdelay_c_ms=45.0681 ecn_mark=16 drop=0
[QUEUE_STATS] t_ms=8160 q_pkts=667 q_bytes=1002336 qdelay_l_ms=1.05503 qdelay_c_ms=45.3898 ecn_mark=16 drop=0
[QUEUE_STATS] t_ms=8176 q_pkts=656 q_bytes=985792 qdelay_l_ms=0.055384 qdelay_c_ms=24.1293 ecn_mark=16 drop=0
[QUEUE_STATS] t_ms=8192 q_pkts=668 q_bytes=1003840 qdelay_l_ms=0 qdelay_c_ms=38.6767 ecn_mark=16 drop=0
[QUEUE_STATS] t_ms=8208 q_pkts=427 q_bytes=642208 qdelay_l_ms=0 qdelay_c_ms=44.025 ecn_mark=16 drop=0
[QUEUE_STATS] t_ms=8224 q_pkts=680 q_bytes=1021852 qdelay_l_ms=1.10213 qdelay_c_ms=44.0246 ecn_mark=16 drop=0
[QUEUE_STATS] t_ms=8240 q_pkts=666 q_bytes=1000796 qdelay_l_ms=1.06465 qdelay_c_ms=25.7815 ecn_mark=16 drop=0
[QUEUE_STATS] t_ms=8256 q_pkts=668 q_bytes=1003804 qdelay_l_ms=1.13684 qdelay_c_ms=39.7681 ecn_mark=16 drop=0
[QUEUE_STATS] t_ms=8272 q_pkts=453 q_bytes=681312 qdelay_l_ms=1.10751 qdelay_c_ms=45.6594 ecn_mark=16 drop=0
[QUEUE_STATS] t_ms=8288 q_pkts=663 q_bytes=997152 qdelay_l_ms=1.08951 qdelay_c_ms=45.2303 ecn_mark=16 drop=0
[QUEUE_STATS] t_ms=8304 q_pkts=667 q_bytes=1003168 qdelay_l_ms=1.11511 qdelay_c_ms=22.479 ecn_mark=16 drop=0
[QUEUE_STATS] t_ms=8320 q_pkts=668 q_bytes=1004672 qdelay_l_ms=1.11975 qdelay_c_ms=36.5018 ecn_mark=16 drop=0
[QUEUE_STATS] t_ms=8336 q_pkts=501 q_bytes=753504 qdelay_l_ms=0 qdelay_c_ms=43.728 ecn_mark=16 drop=0
[QUEUE_STATS] t_ms=8352 q_pkts=676 q_bytes=1015872 qdelay_l_ms=0 qdelay_c_ms=43.7936 ecn_mark=16 drop=0
[QUEUE_STATS] t_ms=8368 q_pkts=670 q_bytes=1006848 qdelay_l_ms=1.12963 qdelay_c_ms=44.9507 ecn_mark=16 drop=0
[QUEUE_STATS] t_ms=8384 q_pkts=671 q_bytes=1008352 qdelay_l_ms=1.17308 qdelay_c_ms=34.7664 ecn_mark=16 drop=0
[QUEUE_STATS] t_ms=8400 q_pkts=502 q_bytes=755008 qdelay_l_ms=1.10917 qdelay_c_ms=45.9786 ecn_mark=16 drop=0
[QUEUE_STATS] t_ms=8416 q_pkts=681 q_bytes=1023356 qdelay_l_ms=1.11918 qdelay_c_ms=44.7552 ecn_mark=16 drop=0
[QUEUE_STATS] t_ms=8432 q_pkts=670 q_bytes=1006812 qdelay_l_ms=1.11523 qdelay_c_ms=45.4632 ecn_mark=16 drop=0
[QUEUE_STATS] t_ms=8448 q_pkts=672 q_bytes=1009820 qdelay_l_ms=1.10503 qdelay_c_ms=34.2453 ecn_mark=17 drop=0
[QUEUE_STATS] t_ms=8464 q_pkts=558 q_bytes=839232 qdelay_l_ms=1.07121 qdelay_c_ms=45.4922 ecn_mark=17 drop=0
[QUEUE_STATS] t_ms=8480 q_pkts=345 q_bytes=518880 qdelay_l_ms=0.273393 qdelay_c_ms=44.439 ecn_mark=17 drop=0
[QUEUE_STATS] t_ms=8496 q_pkts=669 q_bytes=1006176 qdelay_l_ms=1.06623 qdelay_c_ms=44.4778 ecn_mark=17 drop=0
[QUEUE_STATS] t_ms=8512 q_pkts=669 q_bytes=1006176 qdelay_l_ms=1.0168 qdelay_c_ms=31.5021 ecn_mark=17 drop=0
[QUEUE_STATS] t_ms=8528 q_pkts=552 q_bytes=830208 qdelay_l_ms=1.10524 qdelay_c_ms=45.6138 ecn_mark=17 drop=0
[QUEUE_STATS] t_ms=8544 q_pkts=328 q_bytes=493312 qdelay_l_ms=0.140905 qdelay_c_ms=44.2291 ecn_mark=17 drop=0
[QUEUE_STATS] t_ms=8560 q_pkts=682 q_bytes=1024896 qdelay_l_ms=1.16509 qdelay_c_ms=45.0036 ecn_mark=17 drop=0
[QUEUE_STATS] t_ms=8576 q_pkts=671 q_bytes=1008352 qdelay_l_ms=1.10407 qdelay_c_ms=31.5405 ecn_mark=17 drop=0
[QUEUE_STATS] t_ms=8592 q_pkts=546 q_bytes=821184 qdelay_l_ms=1.06655 qdelay_c_ms=45.9828 ecn_mark=17 drop=0
[QUEUE_STATS] t_ms=8608 q_pkts=329 q_bytes=494816 qdelay_l_ms=0.172624 qdelay_c_ms=44.3625 ecn_mark=17 drop=0
[QUEUE_STATS] t_ms=8624 q_pkts=668 q_bytes=1003804 qdelay_l_ms=1.13936 qdelay_c_ms=45.0372 ecn_mark=17 drop=0
[QUEUE_STATS] t_ms=8640 q_pkts=673 q_bytes=1011324 qdelay_l_ms=1.09941 qdelay_c_ms=31.9816 ecn_mark=17 drop=0
[QUEUE_STATS] t_ms=8656 q_pkts=548 q_bytes=824192 qdelay_l_ms=1.09556 qdelay_c_ms=45.073 ecn_mark=17 drop=0
[QUEUE_STATS] t_ms=8672 q_pkts=339 q_bytes=509856 qdelay_l_ms=0.211347 qdelay_c_ms=44.0445 ecn_mark=17 drop=0
[QUEUE_STATS] t_ms=8688 q_pkts=668 q_bytes=1004672 qdelay_l_ms=1.1019 qdelay_c_ms=44.9456 ecn_mark=17 drop=0
[QUEUE_STATS] t_ms=8704 q_pkts=671 q_bytes=1009184 qdelay_l_ms=1.12995 qdelay_c_ms=30.9319 ecn_mark=17 drop=0
[QUEUE_STATS] t_ms=8720 q_pkts=551 q_bytes=828704 qdelay_l_ms=1.0921 qdelay_c_ms=44.9722 ecn_mark=17 drop=0
[QUEUE_STATS] t_ms=8736 q_pkts=352 q_bytes=529408 qdelay_l_ms=0.276488 qdelay_c_ms=43.9742 ecn_mark=17 drop=0
[QUEUE_STATS] t_ms=8752 q_pkts=682 q_bytes=1024896 qdelay_l_ms=1.041 qdelay_c_ms=45.3986 ecn_mark=17 drop=0
[QUEUE_STATS] t_ms=8768 q_pkts=672 q_bytes=1009856 qdelay_l_ms=1.09037 qdelay_c_ms=31.4174 ecn_mark=17 drop=0
[QUEUE_STATS] t_ms=8784 q_pkts=591 q_bytes=888864 qdelay_l_ms=0 qdelay_c_ms=44.9666 ecn_mark=17 drop=0
[QUEUE_STATS] t_ms=8800 q_pkts=356 q_bytes=535424 qdelay_l_ms=1.09222 qdelay_c_ms=44.7669 ecn_mark=17 drop=0
[QUEUE_STATS] t_ms=8816 q_pkts=674 q_bytes=1012828 qdelay_l_ms=1.09015 qdelay_c_ms=44.4959 ecn_mark=17 drop=0
[QUEUE_STATS] t_ms=8832 q_pkts=672 q_bytes=1009820 qdelay_l_ms=1.10506 qdelay_c_ms=29.8712 ecn_mark=17 drop=0
[QUEUE_STATS] t_ms=8848 q_pkts=644 q_bytes=967708 qdelay_l_ms=1.06764 qdelay_c_ms=43.8817 ecn_mark=17 drop=0
[QUEUE_STATS] t_ms=8864 q_pkts=388 q_bytes=583552 qdelay_l_ms=1.07768 qdelay_c_ms=45.0889 ecn_mark=17 drop=0
[QUEUE_STATS] t_ms=8880 q_pkts=672 q_bytes=1010688 qdelay_l_ms=1.09794 qdelay_c_ms=45.1424 ecn_mark=17 drop=0
[QUEUE_STATS] t_ms=8896 q_pkts=675 q_bytes=1015200 qdelay_l_ms=1.10265 qdelay_c_ms=27.3296 ecn_mark=17 drop=0
[QUEUE_STATS] t_ms=8912 q_pkts=630 q_bytes=947520 qdelay_l_ms=1.10092 qdelay_c_ms=41.3884 ecn_mark=17 drop=0
[QUEUE_STATS] t_ms=8928 q_pkts=391 q_bytes=588064 qdelay_l_ms=0.544532 qdelay_c_ms=45.0226 ecn_mark=17 drop=0
[QUEUE_STATS] t_ms=8944 q_pkts=672 q_bytes=1009856 qdelay_l_ms=0.932589 qdelay_c_ms=45.9494 ecn_mark=17 drop=0
[QUEUE_STATS] t_ms=8960 q_pkts=673 q_bytes=1011360 qdelay_l_ms=1.03181 qdelay_c_ms=26.8959 ecn_mark=17 drop=0
[QUEUE_STATS] t_ms=8976 q_pkts=627 q_bytes=942176 qdelay_l_ms=1.08031 qdelay_c_ms=41.4487 ecn_mark=17 drop=0
[QUEUE_STATS] t_ms=8992 q_pkts=391 q_bytes=588064 qdelay_l_ms=1.10448 qdelay_c_ms=45.4247 ecn_mark=17 drop=0
[QUEUE_STATS] t_ms=9008 q_pkts=666 q_bytes=1000796 qdelay_l_ms=0.10106 qdelay_c_ms=44.7208 ecn_mark=17 drop=0
[QUEUE_STATS] t_ms=9024 q_pkts=676 q_bytes=1015836 qdelay_l_ms=1.18078 qdelay_c_ms=27.018 ecn_mark=17 drop=0
[QUEUE_STATS] t_ms=9040 q_pkts=674 q_bytes=1012828 qdelay_l_ms=0 qdelay_c_ms=41.1163 ecn_mark=17 drop=0
[QUEUE_STATS] t_ms=9056 q_pkts=435 q_bytes=654240 qdelay_l_ms=1.07469 qdelay_c_ms=44.9006 ecn_mark=17 drop=0
[QUEUE_STATS] t_ms=9072 q_pkts=674 q_bytes=1013696 qdelay_l_ms=0.914596 qdelay_c_ms=44.9343 ecn_mark=17 drop=0
[QUEUE_STATS] t_ms=9088 q_pkts=658 q_bytes=989632 qdelay_l_ms=0 qdelay_c_ms=24.2205 ecn_mark=17 drop=0
[QUEUE_STATS] t_ms=9104 q_pkts=661 q_bytes=994144 qdelay_l_ms=0.075111 qdelay_c_ms=38.418 ecn_mark=17 drop=0
[QUEUE_STATS] t_ms=9120 q_pkts=483 q_bytes=726432 qdelay_l_ms=1.07603 qdelay_c_ms=45.9236 ecn_mark=17 drop=0
[QUEUE_STATS] t_ms=9136 q_pkts=674 q_bytes=1012864 qdelay_l_ms=1.06889 qdelay_c_ms=46.0774 ecn_mark=17 drop=0
[QUEUE_STATS] t_ms=9152 q_pkts=674 q_bytes=1012864 qdelay_l_ms=0.967585 qdelay_c_ms=44.995 ecn_mark=17 drop=0
[QUEUE_STATS] t_ms=9168 q_pkts=673 q_bytes=1011360 qdelay_l_ms=0.020148 qdelay_c_ms=35.5123 ecn_mark=17 drop=0
[QUEUE_STATS] t_ms=9184 q_pkts=521 q_bytes=783584 qdelay_l_ms=0 qdelay_c_ms=44.1867 ecn_mark=17 drop=0
[QUEUE_STATS] t_ms=9200 q_pkts=606 q_bytes=911424 qdelay_l_ms=0 qdelay_c_ms=44.1994 ecn_mark=17 drop=0
[QUEUE_STATS] t_ms=9216 q_pkts=675 q_bytes=1014332 qdelay_l_ms=1.00687 qdelay_c_ms=45.7213 ecn_mark=17 drop=0
[QUEUE_STATS] t_ms=9232 q_pkts=675 q_bytes=1014332 qdelay_l_ms=1.00233 qdelay_c_ms=32.9995 ecn_mark=17 drop=0
[QUEUE_STATS] t_ms=9248 q_pkts=573 q_bytes=861792 qdelay_l_ms=1.06125 qdelay_c_ms=45.772 ecn_mark=17 drop=0
[QUEUE_STATS] t_ms=9264 q_pkts=335 q_bytes=503840 qdelay_l_ms=1.06326 qdelay_c_ms=45.7503 ecn_mark=17 drop=0
[QUEUE_STATS] t_ms=9280 q_pkts=689 q_bytes=1036256 qdelay_l_ms=0.995397 qdelay_c_ms=45.8114 ecn_mark=17 drop=0
[QUEUE_STATS] t_ms=9296 q_pkts=676 q_bytes=1016704 qdelay_l_ms=0.956725 qdelay_c_ms=30.8267 ecn_mark=17 drop=0
[QUEUE_STATS] t_ms=9312 q_pkts=571 q_bytes=858784 qdelay_l_ms=0.961734 qdelay_c_ms=45.4994 ecn_mark=17 drop=0
[QUEUE_STATS] t_ms=9328 q_pkts=336 q_bytes=505344 qdelay_l_ms=1.05144 qdelay_c_ms=45.9491 ecn_mark=17 drop=0
[QUEUE_STATS] t_ms=9344 q_pkts=691 q_bytes=1038432 qdelay_l_ms=1.00732 qdelay_c_ms=45.5008 ecn_mark=17 drop=0
[QUEUE_STATS] t_ms=9360 q_pkts=679 q_bytes=1020384 qdelay_l_ms=1.05633 qdelay_c_ms=30.7138 ecn_mark=17 drop=0
[QUEUE_STATS] t_ms=9376 q_pkts=589 q_bytes=885024 qdelay_l_ms=1.06788 qdelay_c_ms=44.9525 ecn_mark=17 drop=0
[QUEUE_STATS] t_ms=9392 q_pkts=334 q_bytes=502336 qdelay_l_ms=1.058 qdelay_c_ms=46.1336 ecn_mark=17 drop=0
[QUEUE_STATS] t_ms=9408 q_pkts=666 q_bytes=1000796 qdelay_l_ms=0.055564 qdelay_c_ms=45.1305 ecn_mark=17 drop=0
[QUEUE_STATS] t_ms=9424 q_pkts=682 q_bytes=1024860 qdelay_l_ms=1.11316 qdelay_c_ms=30.7676 ecn_mark=17 drop=0
[QUEUE_STATS] t_ms=9440 q_pkts=623 q_bytes=936992 qdelay_l_ms=1.0575 qdelay_c_ms=45.1733 ecn_mark=17 drop=0
[QUEUE_STATS] t_ms=9456 q_pkts=387 q_bytes=582048 qdelay_l_ms=1.05038 qdelay_c_ms=46.1599 ecn_mark=17 drop=0
[QUEUE_STATS] t_ms=9472 q_pkts=669 q_bytes=1006176 qdelay_l_ms=0.057538 qdelay_c_ms=44.7792 ecn_mark=17 drop=0
[QUEUE_STATS] t_ms=9489 q_pkts=678 q_bytes=1019712 qdelay_l_ms=1.11216 qdelay_c_ms=28.622 ecn_mark=17 drop=0
[QUEUE_STATS] t_ms=9504 q_pkts=662 q_bytes=995648 qdelay_l_ms=1.05114 qdelay_c_ms=42.7733 ecn_mark=17 drop=0
[QUEUE_STATS] t_ms=9520 q_pkts=427 q_bytes=642208 qdelay_l_ms=0.530796 qdelay_c_ms=45.4707 ecn_mark=17 drop=0
[QUEUE_STATS] t_ms=9536 q_pkts=686 q_bytes=1030912 qdelay_l_ms=1.05044 qdelay_c_ms=47.0531 ecn_mark=17 drop=0
[QUEUE_STATS] t_ms=9552 q_pkts=681 q_bytes=1023392 qdelay_l_ms=0.876244 qdelay_c_ms=25.6755 ecn_mark=17 drop=0
[QUEUE_STATS] t_ms=9568 q_pkts=667 q_bytes=1002336 qdelay_l_ms=0.977874 qdelay_c_ms=40.3889 ecn_mark=17 drop=0
[QUEUE_STATS] t_ms=9584 q_pkts=429 q_bytes=645216 qdelay_l_ms=1.03613 qdelay_c_ms=46.018 ecn_mark=17 drop=0
[QUEUE_STATS] t_ms=9600 q_pkts=666 q_bytes=1000796 qdelay_l_ms=0 qdelay_c_ms=44.9368 ecn_mark=17 drop=0
[QUEUE_STATS] t_ms=9616 q_pkts=682 q_bytes=1024860 qdelay_l_ms=0 qdelay_c_ms=25.8859 ecn_mark=17 drop=0
[QUEUE_STATS] t_ms=9632 q_pkts=670 q_bytes=1006812 qdelay_l_ms=1.12735 qdelay_c_ms=40.078 ecn_mark=17 drop=0
[QUEUE_STATS] t_ms=9648 q_pkts=434 q_bytes=652736 qdelay_l_ms=1.04242 qdelay_c_ms=46.0277 ecn_mark=17 drop=0
[QUEUE_STATS] t_ms=9664 q_pkts=677 q_bytes=1018208 qdelay_l_ms=1.04085 qdelay_c_ms=46.6211 ecn_mark=17 drop=0
[QUEUE_STATS] t_ms=9680 q_pkts=683 q_bytes=1027232 qdelay_l_ms=1.03818 qdelay_c_ms=24.5193 ecn_mark=17 drop=0
[QUEUE_STATS] t_ms=9696 q_pkts=678 q_bytes=1019712 qdelay_l_ms=1.03863 qdelay_c_ms=39.0039 ecn_mark=17 drop=0
[QUEUE_STATS] t_ms=9712 q_pkts=443 q_bytes=666272 qdelay_l_ms=1.04214 qdelay_c_ms=45.9515 ecn_mark=17 drop=0
[QUEUE_STATS] t_ms=9728 q_pkts=680 q_bytes=1021888 qdelay_l_ms=1.10081 qdelay_c_ms=46.3992 ecn_mark=17 drop=0
[QUEUE_STATS] t_ms=9744 q_pkts=683 q_bytes=1026400 qdelay_l_ms=1.10659 qdelay_c_ms=24.3243 ecn_mark=17 drop=0
[QUEUE_STATS] t_ms=9760 q_pkts=680 q_bytes=1021888 qdelay_l_ms=0.013736 qdelay_c_ms=38.2145 ecn_mark=17 drop=0
[QUEUE_STATS] t_ms=9776 q_pkts=448 q_bytes=673792 qdelay_l_ms=1.03597 qdelay_c_ms=46.0704 ecn_mark=17 drop=0
[QUEUE_STATS] t_ms=9792 q_pkts=687 q_bytes=1032380 qdelay_l_ms=1.03189 qdelay_c_ms=45.5653 ecn_mark=17 drop=0
[QUEUE_STATS] t_ms=9808 q_pkts=680 q_bytes=1021852 qdelay_l_ms=1.03429 qdelay_c_ms=24.4312 ecn_mark=18 drop=0
[QUEUE_STATS] t_ms=9824 q_pkts=683 q_bytes=1026364 qdelay_l_ms=1.04558 qdelay_c_ms=39.1066 ecn_mark=18 drop=0
[QUEUE_STATS] t_ms=9840 q_pkts=491 q_bytes=738464 qdelay_l_ms=1.03679 qdelay_c_ms=45.9933 ecn_mark=18 drop=0
[QUEUE_STATS] t_ms=9856 q_pkts=682 q_bytes=1025728 qdelay_l_ms=1.04397 qdelay_c_ms=46.0737 ecn_mark=18 drop=0
[QUEUE_STATS] t_ms=9872 q_pkts=680 q_bytes=1022720 qdelay_l_ms=0.945934 qdelay_c_ms=45.9276 ecn_mark=18 drop=0
[QUEUE_STATS] t_ms=9888 q_pkts=682 q_bytes=1025728 qdelay_l_ms=0.905298 qdelay_c_ms=35.982 ecn_mark=18 drop=0
[QUEUE_STATS] t_ms=9904 q_pkts=490 q_bytes=736960 qdelay_l_ms=1.03113 qdelay_c_ms=46.5349 ecn_mark=18 drop=0
[QUEUE_STATS] t_ms=9920 q_pkts=681 q_bytes=1023392 qdelay_l_ms=1.04184 qdelay_c_ms=45.86 ecn_mark=18 drop=0
[QUEUE_STATS] t_ms=9936 q_pkts=686 q_bytes=1030912 qdelay_l_ms=1.02806 qdelay_c_ms=45.7093 ecn_mark=18 drop=0
[QUEUE_STATS] t_ms=9952 q_pkts=681 q_bytes=1023392 qdelay_l_ms=1.04162 qdelay_c_ms=35.9364 ecn_mark=18 drop=0
[QUEUE_STATS] t_ms=9968 q_pkts=511 q_bytes=768544 qdelay_l_ms=1.06739 qdelay_c_ms=47.351 ecn_mark=18 drop=0
[QUEUE_STATS] t_ms=9984 q_pkts=682 q_bytes=1024860 qdelay_l_ms=1.02894 qdelay_c_ms=45.9361 ecn_mark=18 drop=0
[QUEUE_STATS] t_ms=10000 q_pkts=685 q_bytes=1029372 qdelay_l_ms=1.03631 qdelay_c_ms=46.6912 ecn_mark=18 drop=0
[QUEUE_STATS] t_ms=10016 q_pkts=676 q_bytes=1015836 qdelay_l_ms=0.094027 qdelay_c_ms=34.6754 ecn_mark=18 drop=0
[QUEUE_STATS] t_ms=10032 q_pkts=508 q_bytes=764032 qdelay_l_ms=1.02373 qdelay_c_ms=45.9868 ecn_mark=18 drop=0
[QUEUE_STATS] t_ms=10048 q_pkts=682 q_bytes=1025728 qdelay_l_ms=0.919645 qdelay_c_ms=46.5062 ecn_mark=18 drop=0
[QUEUE_STATS] t_ms=10064 q_pkts=687 q_bytes=1033248 qdelay_l_ms=1.02377 qdelay_c_ms=45.8246 ecn_mark=18 drop=0
[QUEUE_STATS] t_ms=10080 q_pkts=685 q_bytes=1030240 qdelay_l_ms=1.03744 qdelay_c_ms=35.3456 ecn_mark=18 drop=0
[QUEUE_STATS] t_ms=10096 q_pkts=512 q_bytes=770048 qdelay_l_ms=1.0252 qdelay_c_ms=46.3412 ecn_mark=18 drop=0
[QUEUE_STATS] t_ms=10112 q_pkts=683 q_bytes=1027232 qdelay_l_ms=0.971031 qdelay_c_ms=46.761 ecn_mark=18 drop=0
[QUEUE_STATS] t_ms=10128 q_pkts=684 q_bytes=1028736 qdelay_l_ms=1.11919 qdelay_c_ms=45.959 ecn_mark=18 drop=0
[QUEUE_STATS] t_ms=10144 q_pkts=686 q_bytes=1030308 qdelay_l_ms=1.01653 qdelay_c_ms=35.5638 ecn_mark=18 drop=0
[QUEUE_STATS] t_ms=10160 q_pkts=555 q_bytes=833284 qdelay_l_ms=1.10965 qdelay_c_ms=45.9027 ecn_mark=18 drop=0
[QUEUE_STATS] t_ms=10176 q_pkts=427 q_bytes=641036 qdelay_l_ms=0 qdelay_c_ms=46.004 ecn_mark=18 drop=0
[QUEUE_STATS] t_ms=10192 q_pkts=690 q_bytes=1037496 qdelay_l_ms=1.01844 qdelay_c_ms=46.8364 ecn_mark=18 drop=0
[QUEUE_STATS] t_ms=10208 q_pkts=685 q_bytes=1029976 qdelay_l_ms=0.988233 qdelay_c_ms=32.5676 ecn_mark=18 drop=0
[QUEUE_STATS] t_ms=10224 q_pkts=555 q_bytes=834720 qdelay_l_ms=1.01207 qdelay_c_ms=46.7429 ecn_mark=18 drop=0
[QUEUE_STATS] t_ms=10240 q_pkts=519 q_bytes=780576 qdelay_l_ms=0 qdelay_c_ms=46.3511 ecn_mark=18 drop=0
[QUEUE_STATS] t_ms=10256 q_pkts=684 q_bytes=1028736 qdelay_l_ms=1.17231 qdelay_c_ms=46.9911 ecn_mark=18 drop=0
[QUEUE_STATS] t_ms=10272 q_pkts=689 q_bytes=1036256 qdelay_l_ms=1.0118 qdelay_c_ms=32.7726 ecn_mark=18 drop=0
[QUEUE_STATS] t_ms=10288 q_pkts=559 q_bytes=840736 qdelay_l_ms=0.849234 qdelay_c_ms=46.6401 ecn_mark=18 drop=0
[QUEUE_STATS] t_ms=10304 q_pkts=326 q_bytes=490304 qdelay_l_ms=0.089568 qdelay_c_ms=46.1433 ecn_mark=18 drop=0
[QUEUE_STATS] t_ms=10320 q_pkts=687 q_bytes=1033248 qdelay_l_ms=1.0221 qdelay_c_ms=46.9233 ecn_mark=18 drop=0
[QUEUE_STATS] t_ms=10336 q_pkts=688 q_bytes=1033316 qdelay_l_ms=1.00572 qdelay_c_ms=31.143 ecn_mark=18 drop=0
[QUEUE_STATS] t_ms=10352 q_pkts=570 q_bytes=855844 qdelay_l_ms=1.0671 qdelay_c_ms=46.1151 ecn_mark=18 drop=0
[QUEUE_STATS] t_ms=10368 q_pkts=353 q_bytes=529476 qdelay_l_ms=0.123652 qdelay_c_ms=46.4472 ecn_mark=18 drop=0
[QUEUE_STATS] t_ms=10384 q_pkts=688 q_bytes=1034488 qdelay_l_ms=1.00847 qdelay_c_ms=46.9566 ecn_mark=18 drop=0
[QUEUE_STATS] t_ms=10400 q_pkts=697 q_bytes=1048024 qdelay_l_ms=0.846808 qdelay_c_ms=32.0279 ecn_mark=18 drop=0
[QUEUE_STATS] t_ms=10416 q_pkts=619 q_bytes=930976 qdelay_l_ms=1.09932 qdelay_c_ms=46.8183 ecn_mark=18 drop=0
[QUEUE_STATS] t_ms=10432 q_pkts=384 q_bytes=577536 qdelay_l_ms=1.00518 qdelay_c_ms=47.1896 ecn_mark=18 drop=0
[QUEUE_STATS] t_ms=10448 q_pkts=685 q_bytes=1030240 qdelay_l_ms=0.922641 qdelay_c_ms=46.7442 ecn_mark=18 drop=0
[QUEUE_STATS] t_ms=10464 q_pkts=690 q_bytes=1037760 qdelay_l_ms=1.18154 qdelay_c_ms=29.0757 ecn_mark=18 drop=0
[QUEUE_STATS] t_ms=10480 q_pkts=677 q_bytes=1018208 qdelay_l_ms=1.11605 qdelay_c_ms=43.5673 ecn_mark=18 drop=0
[QUEUE_STATS] t_ms=10496 q_pkts=428 q_bytes=643712 qdelay_l_ms=1.00611 qdelay_c_ms=46.8564 ecn_mark=18 drop=0
[QUEUE_STATS] t_ms=10512 q_pkts=698 q_bytes=1049792 qdelay_l_ms=1.051 qdelay_c_ms=47.1753 ecn_mark=18 drop=0
[QUEUE_STATS] t_ms=10528 q_pkts=689 q_bytes=1034820 qdelay_l_ms=0.900799 qdelay_c_ms=25.4514 ecn_mark=18 drop=0
[QUEUE_STATS] t_ms=10544 q_pkts=694 q_bytes=1042340 qdelay_l_ms=0.99686 qdelay_c_ms=40.0476 ecn_mark=18 drop=0
[QUEUE_STATS] t_ms=10560 q_pkts=485 q_bytes=728004 qdelay_l_ms=0.999775 qdelay_c_ms=46.8636 ecn_mark=18 drop=0
[QUEUE_STATS] t_ms=10576 q_pkts=686 q_bytes=1031480 qdelay_l_ms=0.102983 qdelay_c_ms=46.4108 ecn_mark=18 drop=0
[QUEUE_STATS] t_ms=10592 q_pkts=698 q_bytes=1049528 qdelay_l_ms=1.11894 qdelay_c_ms=47.4697 ecn_mark=18 drop=0
[QUEUE_STATS] t_ms=10608 q_pkts=680 q_bytes=1022456 qdelay_l_ms=0.999846 qdelay_c_ms=37.2454 ecn_mark=18 drop=0
[QUEUE_STATS] t_ms=10624 q_pkts=492 q_bytes=739968 qdelay_l_ms=0.736782 qdelay_c_ms=46.3173 ecn_mark=18 drop=0
[QUEUE_STATS] t_ms=10640 q_pkts=691 q_bytes=1039264 qdelay_l_ms=0 qdelay_c_ms=47.9374 ecn_mark=18 drop=0
[QUEUE_STATS] t_ms=10656 q_pkts=690 q_bytes=1037760 qdelay_l_ms=0.988354 qdelay_c_ms=46.7714 ecn_mark=18 drop=0
[QUEUE_STATS] t_ms=10672 q_pkts=685 q_bytes=1030240 qdelay_l_ms=0.099376 qdelay_c_ms=35.7881 ecn_mark=18 drop=0
[QUEUE_STATS] t_ms=10688 q_pkts=549 q_bytes=825696 qdelay_l_ms=1.06706 qdelay_c_ms=46.936 ecn_mark=18 drop=0
[QUEUE_STATS] t_ms=10704 q_pkts=629 q_bytes=946016 qdelay_l_ms=0 qdelay_c_ms=46.3614 ecn_mark=18 drop=0
[QUEUE_STATS] t_ms=10720 q_pkts=693 q_bytes=1042008 qdelay_l_ms=0.880211 qdelay_c_ms=47.3075 ecn_mark=18 drop=0
[QUEUE_STATS] t_ms=10736 q_pkts=695 q_bytes=1043844 qdelay_l_ms=0.989166 qdelay_c_ms=33.6557 ecn_mark=18 drop=0
[QUEUE_STATS] t_ms=10752 q_pkts=594 q_bytes=891940 qdelay_l_ms=1.11431 qdelay_c_ms=48.0819 ecn_mark=18 drop=0
[QUEUE_STATS] t_ms=10768 q_pkts=358 q_bytes=538432 qdelay_l_ms=1.00353 qdelay_c_ms=47.0985 ecn_mark=18 drop=0
[QUEUE_STATS] t_ms=10784 q_pkts=692 q_bytes=1040504 qdelay_l_ms=0.987512 qdelay_c_ms=47.6234 ecn_mark=18 drop=0
[QUEUE_STATS] t_ms=10800 q_pkts=696 q_bytes=1046520 qdelay_l_ms=0.988604 qdelay_c_ms=30.8967 ecn_mark=18 drop=0
[QUEUE_STATS] t_ms=10816 q_pkts=639 q_bytes=960792 qdelay_l_ms=0.989877 qdelay_c_ms=45.6101 ecn_mark=18 drop=0
[QUEUE_STATS] t_ms=10832 q_pkts=404 q_bytes=607616 qdelay_l_ms=0.982914 qdelay_c_ms=47.1319 ecn_mark=18 drop=0
[QUEUE_STATS] t_ms=10848 q_pkts=692 q_bytes=1040768 qdelay_l_ms=0.983575 qdelay_c_ms=47.2099 ecn_mark=18 drop=0
[QUEUE_STATS] t_ms=10864 q_pkts=693 q_bytes=1042272 qdelay_l_ms=1.04691 qdelay_c_ms=27.5834 ecn_mark=18 drop=0
[QUEUE_STATS] t_ms=10880 q_pkts=651 q_bytes=979104 qdelay_l_ms=0.985189 qdelay_c_ms=42.2081 ecn_mark=18 drop=0
[QUEUE_STATS] t_ms=10896 q_pkts=417 q_bytes=627168 qdelay_l_ms=0.98608 qdelay_c_ms=47.6996 ecn_mark=18 drop=0
[QUEUE_STATS] t_ms=10912 q_pkts=682 q_bytes=1025728 qdelay_l_ms=0.078858 qdelay_c_ms=46.453 ecn_mark=18 drop=0
[QUEUE_STATS] t_ms=10928 q_pkts=693 q_bytes=1040836 qdelay_l_ms=0.800071 qdelay_c_ms=27.7469 ecn_mark=18 drop=0
[QUEUE_STATS] t_ms=10944 q_pkts=691 q_bytes=1037828 qdelay_l_ms=0.977935 qdelay_c_ms=41.6639 ecn_mark=18 drop=0
[QUEUE_STATS] t_ms=10960 q_pkts=468 q_bytes=702436 qdelay_l_ms=0.977965 qdelay_c_ms=47.5371 ecn_mark=18 drop=0
[QUEUE_STATS] t_ms=10976 q_pkts=691 q_bytes=1039000 qdelay_l_ms=0.933561 qdelay_c_ms=47.8529 ecn_mark=18 drop=0
[QUEUE_STATS] t_ms=10992 q_pkts=698 q_bytes=1049528 qdelay_l_ms=0.978105 qdelay_c_ms=23.7155 ecn_mark=18 drop=0
[QUEUE_STATS] t_ms=11008 q_pkts=688 q_bytes=1034488 qdelay_l_ms=1.10035 qdelay_c_ms=38.4226 ecn_mark=18 drop=0
[QUEUE_STATS] t_ms=11024 q_pkts=523 q_bytes=786592 qdelay_l_ms=0.971192 qdelay_c_ms=47.991 ecn_mark=18 drop=0
[QUEUE_STATS] t_ms=11040 q_pkts=691 q_bytes=1038112 qdelay_l_ms=0.973226 qdelay_c_ms=48.0185 ecn_mark=18 drop=0
[QUEUE_STATS] t_ms=11056 q_pkts=701 q_bytes=1053152 qdelay_l_ms=1.18115 qdelay_c_ms=47.6509 ecn_mark=18 drop=0
[QUEUE_STATS] t_ms=11072 q_pkts=684 q_bytes=1027584 qdelay_l_ms=0 qdelay_c_ms=34.7403 ecn_mark=18 drop=0
[QUEUE_STATS] t_ms=11088 q_pkts=569 q_bytes=855776 qdelay_l_ms=1.10475 qdelay_c_ms=47.9527 ecn_mark=18 drop=0
[QUEUE_STATS] t_ms=11104 q_pkts=365 q_bytes=548960 qdelay_l_ms=0.215114 qdelay_c_ms=46.241 ecn_mark=18 drop=0
[QUEUE_STATS] t_ms=11120 q_pkts=695 q_bytes=1044996 qdelay_l_ms=0 qdelay_c_ms=48.0762 ecn_mark=18 drop=0
[QUEUE_STATS] t_ms=11136 q_pkts=701 q_bytes=1054020 qdelay_l_ms=1.15306 qdelay_c_ms=32.0786 ecn_mark=18 drop=0
[QUEUE_STATS] t_ms=11152 q_pkts=628 q_bytes=944512 qdelay_l_ms=0.968807 qdelay_c_ms=46.4645 ecn_mark=18 drop=0
[QUEUE_STATS] t_ms=11168 q_pkts=394 q_bytes=592576 qdelay_l_ms=0.968416 qdelay_c_ms=47.1619 ecn_mark=18 drop=0
[QUEUE_STATS] t_ms=11184 q_pkts=696 q_bytes=1046520 qdelay_l_ms=0.844875 qdelay_c_ms=47.4266 ecn_mark=18 drop=0
[QUEUE_STATS] t_ms=11200 q_pkts=700 q_bytes=1052536 qdelay_l_ms=1.09023 qdelay_c_ms=28.1297 ecn_mark=18 drop=0
[QUEUE_STATS] t_ms=11216 q_pkts=690 q_bytes=1037496 qdelay_l_ms=1.13211 qdelay_c_ms=42.7539 ecn_mark=18 drop=0
[QUEUE_STATS] t_ms=11232 q_pkts=453 q_bytes=681312 qdelay_l_ms=0.985949 qdelay_c_ms=48.2504 ecn_mark=18 drop=0
[QUEUE_STATS] t_ms=11248 q_pkts=694 q_bytes=1043776 qdelay_l_ms=0.963407 qdelay_c_ms=47.7878 ecn_mark=18 drop=0
[QUEUE_STATS] t_ms=11264 q_pkts=695 q_bytes=1045280 qdelay_l_ms=1.04061 qdelay_c_ms=25.1304 ecn_mark=18 drop=0
[QUEUE_STATS] t_ms=11280 q_pkts=703 q_bytes=1057312 qdelay_l_ms=1.00168 qdelay_c_ms=38.9163 ecn_mark=18 drop=0
[QUEUE_STATS] t_ms=11296 q_pkts=515 q_bytes=774560 qdelay_l_ms=0.982984 qdelay_c_ms=48.1471 ecn_mark=18 drop=0
[QUEUE_STATS] t_ms=11312 q_pkts=694 q_bytes=1043776 qdelay_l_ms=0.965261 qdelay_c_ms=47.7743 ecn_mark=18 drop=0
[QUEUE_STATS] t_ms=11328 q_pkts=703 q_bytes=1055876 qdelay_l_ms=1.10711 qdelay_c_ms=48.0628 ecn_mark=18 drop=0
[QUEUE_STATS] t_ms=11344 q_pkts=698 q_bytes=1048356 qdelay_l_ms=0 qdelay_c_ms=34.6666 ecn_mark=18 drop=0
[QUEUE_STATS] t_ms=11360 q_pkts=528 q_bytes=792676 qdelay_l_ms=0.958708 qdelay_c_ms=47.7693 ecn_mark=18 drop=0
[QUEUE_STATS] t_ms=11376 q_pkts=707 q_bytes=1063064 qdelay_l_ms=1.21419 qdelay_c_ms=47.7434 ecn_mark=18 drop=0
[QUEUE_STATS] t_ms=11392 q_pkts=698 q_bytes=1049528 qdelay_l_ms=1.175 qdelay_c_ms=47.9954 ecn_mark=18 drop=0
[QUEUE_STATS] t_ms=11408 q_pkts=707 q_bytes=1063064 qdelay_l_ms=0.958598 qdelay_c_ms=34.3292 ecn_mark=18 drop=0
[QUEUE_STATS] t_ms=11424 q_pkts=544 q_bytes=818176 qdelay_l_ms=1.06668 qdelay_c_ms=48.7802 ecn_mark=18 drop=0
[QUEUE_STATS] t_ms=11440 q_pkts=640 q_bytes=962560 qdelay_l_ms=0 qdelay_c_ms=46.9965 ecn_mark=18 drop=0
[QUEUE_STATS] t_ms=11456 q_pkts=695 q_bytes=1045280 qdelay_l_ms=0.754856 qdelay_c_ms=46.8398 ecn_mark=18 drop=0
[QUEUE_STATS] t_ms=11472 q_pkts=701 q_bytes=1054304 qdelay_l_ms=1.08437 qdelay_c_ms=33.7586 ecn_mark=18 drop=0
[QUEUE_STATS] t_ms=11488 q_pkts=601 q_bytes=903904 qdelay_l_ms=1.10174 qdelay_c_ms=47.9119 ecn_mark=18 drop=0
[QUEUE_STATS] t_ms=11504 q_pkts=383 q_bytes=576032 qdelay_l_ms=1.12303 qdelay_c_ms=48.4299 ecn_mark=18 drop=0
[QUEUE_STATS] t_ms=11520 q_pkts=702 q_bytes=1055808 qdelay_l_ms=0.955342 qdelay_c_ms=47.7561 ecn_mark=18 drop=0
[QUEUE_STATS] t_ms=11536 q_pkts=695 q_bytes=1043844 qdelay_l_ms=1.10149 qdelay_c_ms=29.9792 ecn_mark=18 drop=0
[QUEUE_STATS] t_ms=11552 q_pkts=663 q_bytes=995716 qdelay_l_ms=0.949631 qdelay_c_ms=44.2612 ecn_mark=18 drop=0
[QUEUE_STATS] t_ms=11568 q_pkts=429 q_bytes=643780 qdelay_l_ms=0.949501 qdelay_c_ms=47.987 ecn_mark=18 drop=0
[QUEUE_STATS] t_ms=11584 q_pkts=698 q_bytes=1049528 qdelay_l_ms=0.949351 qdelay_c_ms=47.6922 ecn_mark=18 drop=0
[QUEUE_STATS] t_ms=11600 q_pkts=699 q_bytes=1051032 qdelay_l_ms=1.12211 qdelay_c_ms=26.7687 ecn_mark=18 drop=0
[QUEUE_STATS] t_ms=11616 q_pkts=697 q_bytes=1048024 qdelay_l_ms=1.04523 qdelay_c_ms=41.2239 ecn_mark=18 drop=0
[QUEUE_STATS] t_ms=11632 q_pkts=492 q_bytes=739968 qdelay_l_ms=0.953709 qdelay_c_ms=47.7832 ecn_mark=18 drop=0
[QUEUE_STATS] t_ms=11648 q_pkts=711 q_bytes=1069344 qdelay_l_ms=0.832031 qdelay_c_ms=47.6186 ecn_mark=18 drop=0
[QUEUE_STATS] t_ms=11664 q_pkts=699 q_bytes=1051296 qdelay_l_ms=1.12982 qdelay_c_ms=47.8665 ecn_mark=18 drop=0
[QUEUE_STATS] t_ms=11680 q_pkts=705 q_bytes=1060320 qdelay_l_ms=1.17587 qdelay_c_ms=37.0416 ecn_mark=18 drop=0
[QUEUE_STATS] t_ms=11696 q_pkts=544 q_bytes=818176 qdelay_l_ms=0.742653 qdelay_c_ms=48.826 ecn_mark=18 drop=0
[QUEUE_STATS] t_ms=11712 q_pkts=607 q_bytes=912928 qdelay_l_ms=0 qdelay_c_ms=47.0075 ecn_mark=18 drop=0
[QUEUE_STATS] t_ms=11728 q_pkts=704 q_bytes=1057380 qdelay_l_ms=0.788589 qdelay_c_ms=48.8557 ecn_mark=18 drop=0
[QUEUE_STATS] t_ms=11744 q_pkts=711 q_bytes=1067908 qdelay_l_ms=0.933151 qdelay_c_ms=33.3942 ecn_mark=18 drop=0
[QUEUE_STATS] t_ms=11760 q_pkts=610 q_bytes=916004 qdelay_l_ms=1.10503 qdelay_c_ms=48.0222 ecn_mark=18 drop=0
[QUEUE_STATS] t_ms=11776 q_pkts=377 q_bytes=567008 qdelay_l_ms=0.961203 qdelay_c_ms=48.2664 ecn_mark=18 drop=0
[QUEUE_STATS] t_ms=11792 q_pkts=704 q_bytes=1058552 qdelay_l_ms=0.941657 qdelay_c_ms=48.9248 ecn_mark=18 drop=0
[QUEUE_STATS] t_ms=11808 q_pkts=696 q_bytes=1046520 qdelay_l_ms=0.941487 qdelay_c_ms=30.3597 ecn_mark=18 drop=0
[QUEUE_STATS] t_ms=11824 q_pkts=626 q_bytes=941240 qdelay_l_ms=1.10802 qdelay_c_ms=44.5636 ecn_mark=18 drop=0
[QUEUE_STATS] t_ms=11840 q_pkts=408 q_bytes=613632 qdelay_l_ms=1.10868 qdelay_c_ms=49.2259 ecn_mark=18 drop=0
[QUEUE_STATS] t_ms=11856 q_pkts=700 q_bytes=1052800 qdelay_l_ms=0.739597 qdelay_c_ms=47.9161 ecn_mark=18 drop=0
[QUEUE_STATS] t_ms=11872 q_pkts=693 q_bytes=1042272 qdelay_l_ms=0 qdelay_c_ms=28.8013 ecn_mark=18 drop=0
[QUEUE_STATS] t_ms=11888 q_pkts=680 q_bytes=1022720 qdelay_l_ms=1.10183 qdelay_c_ms=43.7394 ecn_mark=18 drop=0
[QUEUE_STATS] t_ms=11904 q_pkts=446 q_bytes=670784 qdelay_l_ms=0.028324 qdelay_c_ms=47.2086 ecn_mark=18 drop=0
[QUEUE_STATS] t_ms=11920 q_pkts=701 q_bytes=1054304 qdelay_l_ms=1.06682 qdelay_c_ms=48.025 ecn_mark=18 drop=0
[QUEUE_STATS] t_ms=11936 q_pkts=706 q_bytes=1060388 qdelay_l_ms=1.22251 qdelay_c_ms=25.5467 ecn_mark=18 drop=0
[QUEUE_STATS] t_ms=11952 q_pkts=704 q_bytes=1057380 qdelay_l_ms=1.11486 qdelay_c_ms=40.3107 ecn_mark=18 drop=0
[QUEUE_STATS] t_ms=11968 q_pkts=513 q_bytes=770116 qdelay_l_ms=0.933291 qdelay_c_ms=47.6806 ecn_mark=18 drop=0
[QUEUE_STATS] t_ms=11984 q_pkts=701 q_bytes=1054040 qdelay_l_ms=0.845035 qdelay_c_ms=48.3334 ecn_mark=18 drop=0
[QUEUE_STATS] t_ms=12000 q_pkts=700 q_bytes=1052536 qdelay_l_ms=0.95436 qdelay_c_ms=49.417 ecn_mark=18 drop=0
[QUEUE_STATS] t_ms=12016 q_pkts=704 q_bytes=1058552 qdelay_l_ms=1.02902 qdelay_c_ms=36.1217 ecn_mark=18 drop=0
[QUEUE_STATS] t_ms=12032 q_pkts=538 q_bytes=809152 qdelay_l_ms=1.16494 qdelay_c_ms=48.267 ecn_mark=18 drop=0
[QUEUE_STATS] t_ms=12048 q_pkts=700 q_bytes=1052800 qdelay_l_ms=0.91688 qdelay_c_ms=48.4614 ecn_mark=18 drop=0
[QUEUE_STATS] t_ms=12064 q_pkts=703 q_bytes=1057312 qdelay_l_ms=0.981912 qdelay_c_ms=48.6067 ecn_mark=18 drop=0
[QUEUE_STATS] t_ms=12080 q_pkts=703 q_bytes=1057312 qdelay_l_ms=0.813476 qdelay_c_ms=35.6686 ecn_mark=18 drop=0
[QUEUE_STATS] t_ms=12096 q_pkts=536 q_bytes=806144 qdelay_l_ms=1.07625 qdelay_c_ms=47.981 ecn_mark=18 drop=0
[QUEUE_STATS] t_ms=12112 q_pkts=703 q_bytes=1057312 qdelay_l_ms=1.18446 qdelay_c_ms=47.7507 ecn_mark=18 drop=0
[QUEUE_STATS] t_ms=12128 q_pkts=710 q_bytes=1067840 qdelay_l_ms=1.17491 qdelay_c_ms=47.9687 ecn_mark=18 drop=0
[QUEUE_STATS] t_ms=12144 q_pkts=691 q_bytes=1037828 qdelay_l_ms=0.115697 qdelay_c_ms=34.0637 ecn_mark=18 drop=0
[QUEUE_STATS] t_ms=12160 q_pkts=559 q_bytes=839300 qdelay_l_ms=0.929844 qdelay_c_ms=48.8946 ecn_mark=18 drop=0
[QUEUE_STATS] t_ms=12176 q_pkts=693 q_bytes=1040572 qdelay_l_ms=0.072837 qdelay_c_ms=48.3242 ecn_mark=18 drop=0
[QUEUE_STATS] t_ms=12192 q_pkts=704 q_bytes=1058552 qdelay_l_ms=0.626174 qdelay_c_ms=47.7734 ecn_mark=18 drop=0
[QUEUE_STATS] t_ms=12208 q_pkts=711 q_bytes=1069080 qdelay_l_ms=0.92223 qdelay_c_ms=34.1735 ecn_mark=18 drop=0
[QUEUE_STATS] t_ms=12224 q_pkts=612 q_bytes=920448 qdelay_l_ms=0.729568 qdelay_c_ms=47.8317 ecn_mark=18 drop=0
[QUEUE_STATS] t_ms=12240 q_pkts=380 q_bytes=571520 qdelay_l_ms=1.10406 qdelay_c_ms=48.9714 ecn_mark=18 drop=0
[QUEUE_STATS] t_ms=12256 q_pkts=705 q_bytes=1060320 qdelay_l_ms=0.848011 qdelay_c_ms=48.9456 ecn_mark=18 drop=0
[QUEUE_STATS] t_ms=12272 q_pkts=703 q_bytes=1057312 qdelay_l_ms=0.753033 qdelay_c_ms=30.5908 ecn_mark=18 drop=0
[QUEUE_STATS] t_ms=12288 q_pkts=628 q_bytes=944512 qdelay_l_ms=0.889839 qdelay_c_ms=44.7258 ecn_mark=18 drop=0
[QUEUE_STATS] t_ms=12304 q_pkts=395 q_bytes=594080 qdelay_l_ms=1.10244 qdelay_c_ms=48.7167 ecn_mark=18 drop=0
[QUEUE_STATS] t_ms=12320 q_pkts=708 q_bytes=1064832 qdelay_l_ms=1.08276 qdelay_c_ms=47.9009 ecn_mark=18 drop=0
[QUEUE_STATS] t_ms=12336 q_pkts=702 q_bytes=1054372 qdelay_l_ms=0.902533 qdelay_c_ms=29.4208 ecn_mark=19 drop=0
[QUEUE_STATS] t_ms=12352 q_pkts=694 q_bytes=1042340 qdelay_l_ms=1.13219 qdelay_c_ms=43.802 ecn_mark=19 drop=0
[QUEUE_STATS] t_ms=12368 q_pkts=462 q_bytes=693412 qdelay_l_ms=0.919184 qdelay_c_ms=48.9706 ecn_mark=19 drop=0
[QUEUE_STATS] t_ms=12384 q_pkts=707 q_bytes=1063064 qdelay_l_ms=0.79984 qdelay_c_ms=47.8506 ecn_mark=19 drop=0
[QUEUE_STATS] t_ms=12400 q_pkts=710 q_bytes=1067576 qdelay_l_ms=1.18843 qdelay_c_ms=26.1323 ecn_mark=19 drop=0
[QUEUE_STATS] t_ms=12416 q_pkts=705 q_bytes=1060056 qdelay_l_ms=1.13703 qdelay_c_ms=40.218 ecn_mark=19 drop=0
[QUEUE_STATS] t_ms=12432 q_pkts=513 q_bytes=771552 qdelay_l_ms=0.940414 qdelay_c_ms=49.0497 ecn_mark=19 drop=0
[QUEUE_STATS] t_ms=12448 q_pkts=707 q_bytes=1063328 qdelay_l_ms=0.91163 qdelay_c_ms=48.9908 ecn_mark=19 drop=0
[QUEUE_STATS] t_ms=12464 q_pkts=709 q_bytes=1066336 qdelay_l_ms=0.971242 qdelay_c_ms=49.3101 ecn_mark=19 drop=0
[QUEUE_STATS] t_ms=12480 q_pkts=711 q_bytes=1069344 qdelay_l_ms=0.934704 qdelay_c_ms=36.3157 ecn_mark=19 drop=0
[QUEUE_STATS] t_ms=12496 q_pkts=530 q_bytes=797120 qdelay_l_ms=1.0637 qdelay_c_ms=49.0497 ecn_mark=19 drop=0
[QUEUE_STATS] t_ms=12512 q_pkts=705 q_bytes=1060320 qdelay_l_ms=0 qdelay_c_ms=48.3204 ecn_mark=19 drop=0
[QUEUE_STATS] t_ms=12528 q_pkts=710 q_bytes=1066424 qdelay_l_ms=0.950623 qdelay_c_ms=48.9469 ecn_mark=19 drop=0
[QUEUE_STATS] t_ms=12544 q_pkts=706 q_bytes=1060388 qdelay_l_ms=1.06738 qdelay_c_ms=35.4104 ecn_mark=19 drop=0
[QUEUE_STATS] t_ms=12560 q_pkts=548 q_bytes=822756 qdelay_l_ms=1.12635 qdelay_c_ms=49.2277 ecn_mark=19 drop=0
[QUEUE_STATS] t_ms=12576 q_pkts=704 q_bytes=1057116 qdelay_l_ms=0.141806 qdelay_c_ms=48.2635 ecn_mark=19 drop=0
[QUEUE_STATS] t_ms=12592 q_pkts=710 q_bytes=1067576 qdelay_l_ms=1.00361 qdelay_c_ms=48.9007 ecn_mark=19 drop=0
[QUEUE_STATS] t_ms=12608 q_pkts=700 q_bytes=1052536 qdelay_l_ms=0.085631 qdelay_c_ms=34.2282 ecn_mark=19 drop=0
[QUEUE_STATS] t_ms=12624 q_pkts=600 q_bytes=902400 qdelay_l_ms=1.10593 qdelay_c_ms=48.6122 ecn_mark=19 drop=0
[QUEUE_STATS] t_ms=12640 q_pkts=370 q_bytes=556480 qdelay_l_ms=0.904988 qdelay_c_ms=48.9771 ecn_mark=19 drop=0
[QUEUE_STATS] t_ms=12656 q_pkts=716 q_bytes=1076864 qdelay_l_ms=1.13037 qdelay_c_ms=49.3034 ecn_mark=19 drop=0
[QUEUE_STATS] t_ms=12672 q_pkts=713 q_bytes=1070900 qdelay_l_ms=0.205084 qdelay_c_ms=30.7987 ecn_mark=19 drop=0
[QUEUE_STATS] t_ms=12688 q_pkts=670 q_bytes=1006228 qdelay_l_ms=1.07184 qdelay_c_ms=45.5106 ecn_mark=19 drop=0
[QUEUE_STATS] t_ms=12704 q_pkts=438 q_bytes=657300 qdelay_l_ms=0.905519 qdelay_c_ms=49.3284 ecn_mark=19 drop=0
[QUEUE_STATS] t_ms=12720 q_pkts=713 q_bytes=1072352 qdelay_l_ms=0.922511 qdelay_c_ms=48.6793 ecn_mark=19 drop=0
[QUEUE_STATS] t_ms=12736 q_pkts=707 q_bytes=1061892 qdelay_l_ms=1.06737 qdelay_c_ms=27.9372 ecn_mark=19 drop=0
[QUEUE_STATS] t_ms=12752 q_pkts=707 q_bytes=1061892 qdelay_l_ms=1.17354 qdelay_c_ms=41.9305 ecn_mark=19 drop=0
[QUEUE_STATS] t_ms=12768 q_pkts=493 q_bytes=740036 qdelay_l_ms=0.904607 qdelay_c_ms=48.764 ecn_mark=19 drop=0
[QUEUE_STATS] t_ms=12784 q_pkts=718 q_bytes=1079608 qdelay_l_ms=0.919204 qdelay_c_ms=48.9541 ecn_mark=19 drop=0
[QUEUE_STATS] t_ms=12800 q_pkts=719 q_bytes=1081112 qdelay_l_ms=0.897924 qdelay_c_ms=48.9324 ecn_mark=19 drop=0
[QUEUE_STATS] t_ms=12816 q_pkts=707 q_bytes=1063064 qdelay_l_ms=0.849955 qdelay_c_ms=37.0787 ecn_mark=19 drop=0
[QUEUE_STATS] t_ms=12832 q_pkts=520 q_bytes=782080 qdelay_l_ms=0.670468 qdelay_c_ms=48.7764 ecn_mark=19 drop=0
[QUEUE_STATS] t_ms=12848 q_pkts=710 q_bytes=1067840 qdelay_l_ms=0.880021 qdelay_c_ms=48.9166 ecn_mark=19 drop=0
[QUEUE_STATS] t_ms=12864 q_pkts=710 q_bytes=1067840 qdelay_l_ms=1.0176 qdelay_c_ms=49.9973 ecn_mark=19 drop=0
[QUEUE_STATS] t_ms=12880 q_pkts=710 q_bytes=1067840 qdelay_l_ms=0.780244 qdelay_c_ms=35.7141 ecn_mark=19 drop=0
[QUEUE_STATS] t_ms=12896 q_pkts=552 q_bytes=830208 qdelay_l_ms=1.13222 qdelay_c_ms=49.7936 ecn_mark=19 drop=0
[QUEUE_STATS] t_ms=12912 q_pkts=655 q_bytes=985120 qdelay_l_ms=0 qdelay_c_ms=48.2357 ecn_mark=19 drop=0
[QUEUE_STATS] t_ms=12928 q_pkts=711 q_bytes=1069344 qdelay_l_ms=1.07147 qdelay_c_ms=48.9105 ecn_mark=20 drop=0
[QUEUE_STATS] t_ms=12944 q_pkts=721 q_bytes=1082948 qdelay_l_ms=1.1888 qdelay_c_ms=33.8857 ecn_mark=20 drop=0
[QUEUE_STATS] t_ms=12960 q_pkts=577 q_bytes=866372 qdelay_l_ms=1.10228 qdelay_c_ms=48.3432 ecn_mark=20 drop=0
[QUEUE_STATS] t_ms=12976 q_pkts=470 q_bytes=705444 qdelay_l_ms=0 qdelay_c_ms=48.518 ecn_mark=20 drop=0
[QUEUE_STATS] t_ms=12992 q_pkts=714 q_bytes=1073592 qdelay_l_ms=1.19444 qdelay_c_ms=49.8689 ecn_mark=21 drop=0
[QUEUE_STATS] t_ms=13008 q_pkts=712 q_bytes=1070584 qdelay_l_ms=0.912993 qdelay_c_ms=32.6743 ecn_mark=21 drop=0
[QUEUE_STATS] t_ms=13024 q_pkts=593 q_bytes=891608 qdelay_l_ms=0.889318 qdelay_c_ms=47.1362 ecn_mark=21 drop=0
[QUEUE_STATS] t_ms=13040 q_pkts=389 q_bytes=585056 qdelay_l_ms=0.191249 qdelay_c_ms=48.4436 ecn_mark=21 drop=0
[QUEUE_STATS] t_ms=13056 q_pkts=715 q_bytes=1075360 qdelay_l_ms=0.887795 qdelay_c_ms=48.7548 ecn_mark=21 drop=0
[QUEUE_STATS] t_ms=13072 q_pkts=717 q_bytes=1078368 qdelay_l_ms=1.09752 qdelay_c_ms=31.6778 ecn_mark=21 drop=0
[QUEUE_STATS] t_ms=13088 q_pkts=657 q_bytes=988128 qdelay_l_ms=1.10203 qdelay_c_ms=46.7093 ecn_mark=21 drop=0
[QUEUE_STATS] t_ms=13104 q_pkts=427 q_bytes=642208 qdelay_l_ms=0.886413 qdelay_c_ms=49.7843 ecn_mark=21 drop=0
[QUEUE_STATS] t_ms=13120 q_pkts=715 q_bytes=1075360 qdelay_l_ms=0.885672 qdelay_c_ms=49.6528 ecn_mark=21 drop=0
[QUEUE_STATS] t_ms=13136 q_pkts=715 q_bytes=1073924 qdelay_l_ms=1.18066 qdelay_c_ms=27.6944 ecn_mark=21 drop=0
[QUEUE_STATS] t_ms=13152 q_pkts=718 q_bytes=1078436 qdelay_l_ms=1.02554 qdelay_c_ms=41.8139 ecn_mark=21 drop=0
[QUEUE_STATS] t_ms=13168 q_pkts=496 q_bytes=744548 qdelay_l_ms=1.10248 qdelay_c_ms=48.6809 ecn_mark=21 drop=0
[QUEUE_STATS] t_ms=13184 q_pkts=714 q_bytes=1073592 qdelay_l_ms=0.841278 qdelay_c_ms=49.1749 ecn_mark=21 drop=0
[QUEUE_STATS] t_ms=13200 q_pkts=716 q_bytes=1076600 qdelay_l_ms=1.10945 qdelay_c_ms=50.1017 ecn_mark=21 drop=0
[QUEUE_STATS] t_ms=13216 q_pkts=716 q_bytes=1076600 qdelay_l_ms=0.886263 qdelay_c_ms=38.2591 ecn_mark=21 drop=0
[QUEUE_STATS] t_ms=13232 q_pkts=556 q_bytes=836224 qdelay_l_ms=1.10336 qdelay_c_ms=49.9257 ecn_mark=21 drop=0
[QUEUE_STATS] t_ms=13248 q_pkts=713 q_bytes=1072352 qdelay_l_ms=0.880231 qdelay_c_ms=49.8761 ecn_mark=21 drop=0
[QUEUE_STATS] t_ms=13264 q_pkts=723 q_bytes=1087392 qdelay_l_ms=0.995898 qdelay_c_ms=49.9737 ecn_mark=21 drop=0
[QUEUE_STATS] t_ms=13280 q_pkts=716 q_bytes=1076864 qdelay_l_ms=0.881905 qdelay_c_ms=34.9271 ecn_mark=21 drop=0
[QUEUE_STATS] t_ms=13296 q_pkts=576 q_bytes=866304 qdelay_l_ms=0.662653 qdelay_c_ms=49.4253 ecn_mark=21 drop=0
[QUEUE_STATS] t_ms=13312 q_pkts=513 q_bytes=771552 qdelay_l_ms=0.169498 qdelay_c_ms=49.5304 ecn_mark=21 drop=0
[QUEUE_STATS] t_ms=13328 q_pkts=716 q_bytes=1076864 qdelay_l_ms=0.875312 qdelay_c_ms=49.8148 ecn_mark=21 drop=0
[QUEUE_STATS] t_ms=13344 q_pkts=717 q_bytes=1076932 qdelay_l_ms=1.03902 qdelay_c_ms=32.9888 ecn_mark=21 drop=0
[QUEUE_STATS] t_ms=13360 q_pkts=642 q_bytes=964132 qdelay_l_ms=0.878387 qdelay_c_ms=47.4557 ecn_mark=21 drop=0
[QUEUE_STATS] t_ms=13376 q_pkts=411 q_bytes=616708 qdelay_l_ms=1.10664 qdelay_c_ms=49.9913 ecn_mark=21 drop=0
[QUEUE_STATS] t_ms=13392 q_pkts=721 q_bytes=1084120 qdelay_l_ms=0.650811 qdelay_c_ms=49.8662 ecn_mark=21 drop=0
[QUEUE_STATS] t_ms=13408 q_pkts=717 q_bytes=1078104 qdelay_l_ms=0.877737 qdelay_c_ms=29.5563 ecn_mark=21 drop=0
[QUEUE_STATS] t_ms=13424 q_pkts=661 q_bytes=993880 qdelay_l_ms=0.790343 qdelay_c_ms=43.6927 ecn_mark=21 drop=0
[QUEUE_STATS] t_ms=13440 q_pkts=430 q_bytes=646720 qdelay_l_ms=0.876705 qdelay_c_ms=49.6803 ecn_mark=21 drop=0
[QUEUE_STATS] t_ms=13456 q_pkts=715 q_bytes=1075360 qdelay_l_ms=0.759705 qdelay_c_ms=48.9147 ecn_mark=21 drop=0
[QUEUE_STATS] t_ms=13472 q_pkts=710 q_bytes=1067840 qdelay_l_ms=0.145432 qdelay_c_ms=26.8996 ecn_mark=21 drop=0
[QUEUE_STATS] t_ms=13488 q_pkts=688 q_bytes=1034752 qdelay_l_ms=1.08124 qdelay_c_ms=41.928 ecn_mark=21 drop=0
[QUEUE_STATS] t_ms=13504 q_pkts=459 q_bytes=690336 qdelay_l_ms=0.891112 qdelay_c_ms=51.0596 ecn_mark=21 drop=0
[QUEUE_STATS] t_ms=13520 q_pkts=722 q_bytes=1085888 qdelay_l_ms=1.22152 qdelay_c_ms=50.9722 ecn_mark=21 drop=0
[QUEUE_STATS] t_ms=13536 q_pkts=719 q_bytes=1079940 qdelay_l_ms=0.034555 qdelay_c_ms=25.0666 ecn_mark=21 drop=0
[QUEUE_STATS] t_ms=13552 q_pkts=716 q_bytes=1075428 qdelay_l_ms=1.17318 qdelay_c_ms=40.4096 ecn_mark=21 drop=0
[QUEUE_STATS] t_ms=13568 q_pkts=486 q_bytes=729508 qdelay_l_ms=0.872086 qdelay_c_ms=49.7935 ecn_mark=21 drop=0
[QUEUE_STATS] t_ms=13584 q_pkts=723 q_bytes=1087128 qdelay_l_ms=0.889028 qdelay_c_ms=49.8574 ecn_mark=21 drop=0
[QUEUE_STATS] t_ms=13600 q_pkts=717 q_bytes=1078104 qdelay_l_ms=1.04846 qdelay_c_ms=49.9468 ecn_mark=21 drop=0
[QUEUE_STATS] t_ms=13616 q_pkts=722 q_bytes=1085624 qdelay_l_ms=1.18182 qdelay_c_ms=39.1722 ecn_mark=21 drop=0
[QUEUE_STATS] t_ms=13632 q_pkts=550 q_bytes=827200 qdelay_l_ms=1.11033 qdelay_c_ms=49.6861 ecn_mark=21 drop=0
[QUEUE_STATS] t_ms=13648 q_pkts=720 q_bytes=1082880 qdelay_l_ms=0.864391 qdelay_c_ms=50.9644 ecn_mark=21 drop=0
[QUEUE_STATS] t_ms=13664 q_pkts=723 q_bytes=1087392 qdelay_l_ms=0.79948 qdelay_c_ms=49.8807 ecn_mark=21 drop=0
[QUEUE_STATS] t_ms=13680 q_pkts=718 q_bytes=1079872 qdelay_l_ms=0.887846 qdelay_c_ms=35.0152 ecn_mark=21 drop=0
[QUEUE_STATS] t_ms=13696 q_pkts=576 q_bytes=866304 qdelay_l_ms=0.984948 qdelay_c_ms=49.5112 ecn_mark=21 drop=0
[QUEUE_STATS] t_ms=13712 q_pkts=523 q_bytes=786592 qdelay_l_ms=0 qdelay_c_ms=49.4188 ecn_mark=21 drop=0
[QUEUE_STATS] t_ms=13728 q_pkts=721 q_bytes=1082968 qdelay_l_ms=1.01182 qdelay_c_ms=49.8211 ecn_mark=21 drop=0
[QUEUE_STATS] t_ms=13744 q_pkts=718 q_bytes=1078436 qdelay_l_ms=0.97579 qdelay_c_ms=33.0062 ecn_mark=21 drop=0
[QUEUE_STATS] t_ms=13760 q_pkts=605 q_bytes=908484 qdelay_l_ms=1.10669 qdelay_c_ms=47.6271 ecn_mark=21 drop=0
[QUEUE_STATS] t_ms=13776 q_pkts=374 q_bytes=561060 qdelay_l_ms=0.960853 qdelay_c_ms=49.8925 ecn_mark=21 drop=0
[QUEUE_STATS] t_ms=13792 q_pkts=720 q_bytes=1082316 qdelay_l_ms=0.732795 qdelay_c_ms=49.9343 ecn_mark=21 drop=0
[QUEUE_STATS] t_ms=13808 q_pkts=732 q_bytes=1100364 qdelay_l_ms=0.914535 qdelay_c_ms=31.4111 ecn_mark=21 drop=0
[QUEUE_STATS] t_ms=13824 q_pkts=634 q_bytes=952972 qdelay_l_ms=0.745418 qdelay_c_ms=45.5285 ecn_mark=21 drop=0
[QUEUE_STATS] t_ms=13840 q_pkts=406 q_bytes=610624 qdelay_l_ms=0.861847 qdelay_c_ms=49.8417 ecn_mark=21 drop=0
[QUEUE_STATS] t_ms=13856 q_pkts=723 q_bytes=1086256 qdelay_l_ms=1.20439 qdelay_c_ms=50.9601 ecn_mark=21 drop=0
[QUEUE_STATS] t_ms=13872 q_pkts=718 q_bytes=1078736 qdelay_l_ms=1.10046 qdelay_c_ms=29.6565 ecn_mark=21 drop=0
[QUEUE_STATS] t_ms=13888 q_pkts=665 q_bytes=999024 qdelay_l_ms=0.965421 qdelay_c_ms=44.0721 ecn_mark=21 drop=0
[QUEUE_STATS] t_ms=13904 q_pkts=434 q_bytes=652736 qdelay_l_ms=1.10531 qdelay_c_ms=50.6716 ecn_mark=21 drop=0
[QUEUE_STATS] t_ms=13920 q_pkts=727 q_bytes=1093408 qdelay_l_ms=1.21856 qdelay_c_ms=50.1089 ecn_mark=21 drop=0
[QUEUE_STATS] t_ms=13936 q_pkts=720 q_bytes=1082880 qdelay_l_ms=0.713408 qdelay_c_ms=27.4448 ecn_mark=21 drop=0
[QUEUE_STATS] t_ms=13952 q_pkts=723 q_bytes=1087392 qdelay_l_ms=0.867848 qdelay_c_ms=42.1943 ecn_mark=21 drop=0
[QUEUE_STATS] t_ms=13968 q_pkts=509 q_bytes=765536 qdelay_l_ms=0.974598 qdelay_c_ms=50.0097 ecn_mark=21 drop=0
[QUEUE_STATS] t_ms=13984 q_pkts=726 q_bytes=1091340 qdelay_l_ms=1.22141 qdelay_c_ms=51.0652 ecn_mark=21 drop=0
[QUEUE_STATS] t_ms=14000 q_pkts=714 q_bytes=1073292 qdelay_l_ms=0.157175 qdelay_c_ms=49.4687 ecn_mark=21 drop=0
[QUEUE_STATS] t_ms=14016 q_pkts=722 q_bytes=1085324 qdelay_l_ms=1.06857 qdelay_c_ms=37.9768 ecn_mark=21 drop=0
[QUEUE_STATS] t_ms=14032 q_pkts=539 q_bytes=810656 qdelay_l_ms=0.623981 qdelay_c_ms=49.8098 ecn_mark=21 drop=0
[QUEUE_STATS] t_ms=14048 q_pkts=722 q_bytes=1084752 qdelay_l_ms=0.850165 qdelay_c_ms=49.8565 ecn_mark=21 drop=0
[QUEUE_STATS] t_ms=14064 q_pkts=734 q_bytes=1102800 qdelay_l_ms=1.09477 qdelay_c_ms=51.1689 ecn_mark=21 drop=0
[QUEUE_STATS] t_ms=14080 q_pkts=724 q_bytes=1087760 qdelay_l_ms=0.937208 qdelay_c_ms=35.5787 ecn_mark=21 drop=0
[QUEUE_STATS] t_ms=14096 q_pkts=566 q_bytes=851264 qdelay_l_ms=1.0719 qdelay_c_ms=50.1612 ecn_mark=21 drop=0
[QUEUE_STATS] t_ms=14112 q_pkts=657 q_bytes=988128 qdelay_l_ms=0 qdelay_c_ms=49.305 ecn_mark=21 drop=0
[QUEUE_STATS] t_ms=14128 q_pkts=724 q_bytes=1088896 qdelay_l_ms=1.16091 qdelay_c_ms=50.8421 ecn_mark=21 drop=0
[QUEUE_STATS] t_ms=14144 q_pkts=721 q_bytes=1084384 qdelay_l_ms=0.98105 qdelay_c_ms=34.6022 ecn_mark=21 drop=0
[QUEUE_STATS] t_ms=14160 q_pkts=597 q_bytes=897888 qdelay_l_ms=0.942939 qdelay_c_ms=48.4911 ecn_mark=21 drop=0
[QUEUE_STATS] t_ms=14176 q_pkts=401 q_bytes=603104 qdelay_l_ms=0.223008 qdelay_c_ms=50.2079 ecn_mark=21 drop=0
[QUEUE_STATS] t_ms=14192 q_pkts=727 q_bytes=1092844 qdelay_l_ms=0.639279 qdelay_c_ms=49.8405 ecn_mark=21 drop=0
[QUEUE_STATS] t_ms=14208 q_pkts=723 q_bytes=1086828 qdelay_l_ms=0.787618 qdelay_c_ms=32.3118 ecn_mark=21 drop=0
[QUEUE_STATS] t_ms=14224 q_pkts=627 q_bytes=942444 qdelay_l_ms=1.07148 qdelay_c_ms=46.9238 ecn_mark=21 drop=0
[QUEUE_STATS] t_ms=14240 q_pkts=397 q_bytes=597088 qdelay_l_ms=1.08102 qdelay_c_ms=51.0912 ecn_mark=21 drop=0
[QUEUE_STATS] t_ms=14256 q_pkts=723 q_bytes=1086256 qdelay_l_ms=1.06716 qdelay_c_ms=50.0581 ecn_mark=21 drop=0
[QUEUE_STATS] t_ms=14272 q_pkts=726 q_bytes=1090768 qdelay_l_ms=1.11078 qdelay_c_ms=30.7814 ecn_mark=21 drop=0
[QUEUE_STATS] t_ms=14288 q_pkts=657 q_bytes=986992 qdelay_l_ms=0.924184 qdelay_c_ms=44.5644 ecn_mark=21 drop=0
[QUEUE_STATS] t_ms=14304 q_pkts=442 q_bytes=664768 qdelay_l_ms=1.08577 qdelay_c_ms=51.4004 ecn_mark=21 drop=0
[QUEUE_STATS] t_ms=14320 q_pkts=728 q_bytes=1093760 qdelay_l_ms=0.843833 qdelay_c_ms=50.6888 ecn_mark=21 drop=0
[QUEUE_STATS] t_ms=14336 q_pkts=729 q_bytes=1095264 qdelay_l_ms=0.845095 qdelay_c_ms=28.6184 ecn_mark=21 drop=0
[QUEUE_STATS] t_ms=14352 q_pkts=725 q_bytes=1089248 qdelay_l_ms=1.03087 qdelay_c_ms=43.308 ecn_mark=21 drop=0
[QUEUE_STATS] t_ms=14368 q_pkts=502 q_bytes=755008 qdelay_l_ms=0.916971 qdelay_c_ms=50.8721 ecn_mark=21 drop=0
[QUEUE_STATS] t_ms=14384 q_pkts=726 q_bytes=1091056 qdelay_l_ms=0.839174 qdelay_c_ms=49.7219 ecn_mark=21 drop=0
[QUEUE_STATS] t_ms=14400 q_pkts=724 q_bytes=1088048 qdelay_l_ms=1.06797 qdelay_c_ms=50.0703 ecn_mark=21 drop=0
[QUEUE_STATS] t_ms=14416 q_pkts=726 q_bytes=1091056 qdelay_l_ms=1.07204 qdelay_c_ms=38.7077 ecn_mark=21 drop=0
[QUEUE_STATS] t_ms=14432 q_pkts=532 q_bytes=800128 qdelay_l_ms=0.854223 qdelay_c_ms=50.998 ecn_mark=21 drop=0
[QUEUE_STATS] t_ms=14448 q_pkts=725 q_bytes=1089264 qdelay_l_ms=0.756319 qdelay_c_ms=50.5458 ecn_mark=21 drop=0
[QUEUE_STATS] t_ms=14464 q_pkts=730 q_bytes=1096784 qdelay_l_ms=1.01396 qdelay_c_ms=51.1424 ecn_mark=21 drop=0
[QUEUE_STATS] t_ms=14480 q_pkts=724 q_bytes=1087760 qdelay_l_ms=0 qdelay_c_ms=36.9041 ecn_mark=21 drop=0
[QUEUE_STATS] t_ms=14496 q_pkts=559 q_bytes=840736 qdelay_l_ms=1.06225 qdelay_c_ms=51.1352 ecn_mark=21 drop=0
[QUEUE_STATS] t_ms=14512 q_pkts=726 q_bytes=1090752 qdelay_l_ms=1.02008 qdelay_c_ms=50.9174 ecn_mark=21 drop=0
[QUEUE_STATS] t_ms=14528 q_pkts=736 q_bytes=1105792 qdelay_l_ms=1.11323 qdelay_c_ms=50.7361 ecn_mark=21 drop=0
[QUEUE_STATS] t_ms=14544 q_pkts=733 q_bytes=1101280 qdelay_l_ms=0.839374 qdelay_c_ms=34.2791 ecn_mark=21 drop=0
[QUEUE_STATS] t_ms=14560 q_pkts=588 q_bytes=883200 qdelay_l_ms=0.836038 qdelay_c_ms=48.8036 ecn_mark=21 drop=0
[QUEUE_STATS] t_ms=14576 q_pkts=531 q_bytes=798624 qdelay_l_ms=0 qdelay_c_ms=50.3874 ecn_mark=21 drop=0
[QUEUE_STATS] t_ms=14592 q_pkts=727 q_bytes=1092560 qdelay_l_ms=0.760126 qdelay_c_ms=50.2111 ecn_mark=21 drop=0
[QUEUE_STATS] t_ms=14608 q_pkts=729 q_bytes=1095568 qdelay_l_ms=1.18925 qdelay_c_ms=33.2349 ecn_mark=21 drop=0
[QUEUE_STATS] t_ms=14624 q_pkts=664 q_bytes=997808 qdelay_l_ms=1.10968 qdelay_c_ms=47.7285 ecn_mark=21 drop=0
[QUEUE_STATS] t_ms=14640 q_pkts=434 q_bytes=652736 qdelay_l_ms=0.772159 qdelay_c_ms=50.8515 ecn_mark=21 drop=0
[QUEUE_STATS] t_ms=14656 q_pkts=730 q_bytes=1096784 qdelay_l_ms=1.18417 qdelay_c_ms=50.7 ecn_mark=21 drop=0
[QUEUE_STATS] t_ms=14672 q_pkts=731 q_bytes=1098288 qdelay_l_ms=1.08724 qdelay_c_ms=27.9812 ecn_mark=21 drop=0
[QUEUE_STATS] t_ms=14688 q_pkts=702 q_bytes=1054672 qdelay_l_ms=1.10291 qdelay_c_ms=42.4248 ecn_mark=21 drop=0
[QUEUE_STATS] t_ms=14704 q_pkts=474 q_bytes=712896 qdelay_l_ms=0.85257 qdelay_c_ms=51.0647 ecn_mark=21 drop=0
[QUEUE_STATS] t_ms=14720 q_pkts=728 q_bytes=1093760 qdelay_l_ms=1.06644 qdelay_c_ms=50.7275 ecn_mark=21 drop=0
[QUEUE_STATS] t_ms=14736 q_pkts=731 q_bytes=1098272 qdelay_l_ms=1.17921 qdelay_c_ms=51.2776 ecn_mark=21 drop=0
[QUEUE_STATS] t_ms=14752 q_pkts=722 q_bytes=1084736 qdelay_l_ms=1.13854 qdelay_c_ms=39.8338 ecn_mark=21 drop=0
[QUEUE_STATS] t_ms=14768 q_pkts=508 q_bytes=764032 qdelay_l_ms=1.10125 qdelay_c_ms=51.9624 ecn_mark=21 drop=0
[QUEUE_STATS] t_ms=14784 q_pkts=730 q_bytes=1097072 qdelay_l_ms=1.06597 qdelay_c_ms=52.1318 ecn_mark=21 drop=0
[QUEUE_STATS] t_ms=14801 q_pkts=731 q_bytes=1098576 qdelay_l_ms=1.17458 qdelay_c_ms=52.0582 ecn_mark=21 drop=0
[QUEUE_STATS] t_ms=14816 q_pkts=738 q_bytes=1109104 qdelay_l_ms=0.827012 qdelay_c_ms=38.5099 ecn_mark=21 drop=0
[QUEUE_STATS] t_ms=14832 q_pkts=536 q_bytes=806144 qdelay_l_ms=0.833213 qdelay_c_ms=50.8619 ecn_mark=21 drop=0
[QUEUE_STATS] t_ms=14848 q_pkts=738 q_bytes=1108816 qdelay_l_ms=0.82106 qdelay_c_ms=50.9237 ecn_mark=21 drop=0
[QUEUE_STATS] t_ms=14864 q_pkts=731 q_bytes=1098288 qdelay_l_ms=0.673023 qdelay_c_ms=51.65 ecn_mark=21 drop=0
[QUEUE_STATS] t_ms=14880 q_pkts=727 q_bytes=1092272 qdelay_l_ms=0 qdelay_c_ms=36.9902 ecn_mark=21 drop=0
[QUEUE_STATS] t_ms=14896 q_pkts=565 q_bytes=849760 qdelay_l_ms=1.10098 qdelay_c_ms=50.8888 ecn_mark=21 drop=0
[QUEUE_STATS] t_ms=14912 q_pkts=682 q_bytes=1025728 qdelay_l_ms=0 qdelay_c_ms=50.4084 ecn_mark=21 drop=0
[QUEUE_STATS] t_ms=14928 q_pkts=731 q_bytes=1098272 qdelay_l_ms=1.21016 qdelay_c_ms=50.9879 ecn_mark=21 drop=0
[QUEUE_STATS] t_ms=14944 q_pkts=737 q_bytes=1107296 qdelay_l_ms=0.823023 qdelay_c_ms=34.2301 ecn_mark=21 drop=0
[QUEUE_STATS] t_ms=14960 q_pkts=608 q_bytes=913280 qdelay_l_ms=1.10874 qdelay_c_ms=48.6541 ecn_mark=21 drop=0
[QUEUE_STATS] t_ms=14976 q_pkts=447 q_bytes=672288 qdelay_l_ms=0.453661 qdelay_c_ms=51.0949 ecn_mark=21 drop=0
[QUEUE_STATS] t_ms=14992 q_pkts=736 q_bytes=1106096 qdelay_l_ms=0.696797 qdelay_c_ms=50.8316 ecn_mark=21 drop=0
[QUEUE_STATS] t_ms=15008 q_pkts=732 q_bytes=1100080 qdelay_l_ms=0.173315 qdelay_c_ms=31.1036 ecn_mark=21 drop=0
[QUEUE_STATS] t_ms=15024 q_pkts=636 q_bytes=955696 qdelay_l_ms=0.86924 qdelay_c_ms=46.2905 ecn_mark=21 drop=0
[QUEUE_STATS] t_ms=15040 q_pkts=408 q_bytes=613632 qdelay_l_ms=1.1011 qdelay_c_ms=52.039 ecn_mark=21 drop=0
[QUEUE_STATS] t_ms=15056 q_pkts=740 q_bytes=1111824 qdelay_l_ms=1.16994 qdelay_c_ms=51.9276 ecn_mark=21 drop=0
[QUEUE_STATS] t_ms=15072 q_pkts=731 q_bytes=1098288 qdelay_l_ms=1.07205 qdelay_c_ms=30.725 ecn_mark=21 drop=0
[QUEUE_STATS] t_ms=15088 q_pkts=669 q_bytes=1005040 qdelay_l_ms=0.858741 qdelay_c_ms=44.6089 ecn_mark=21 drop=0
[QUEUE_STATS] t_ms=15104 q_pkts=440 q_bytes=661760 qdelay_l_ms=1.10349 qdelay_c_ms=50.8634 ecn_mark=21 drop=0
[QUEUE_STATS] t_ms=15120 q_pkts=730 q_bytes=1097888 qdelay_l_ms=0.715752 qdelay_c_ms=50.6032 ecn_mark=21 drop=0
[QUEUE_STATS] t_ms=15136 q_pkts=730 q_bytes=1097888 qdelay_l_ms=1.06796 qdelay_c_ms=27.7504 ecn_mark=21 drop=0
[QUEUE_STATS] t_ms=15152 q_pkts=731 q_bytes=1099392 qdelay_l_ms=0.88497 qdelay_c_ms=41.9388 ecn_mark=21 drop=0
[QUEUE_STATS] t_ms=15168 q_pkts=520 q_bytes=782080 qdelay_l_ms=1.10477 qdelay_c_ms=51.9294 ecn_mark=21 drop=0
[QUEUE_STATS] t_ms=15184 q_pkts=745 q_bytes=1119948 qdelay_l_ms=0.811723 qdelay_c_ms=51.6531 ecn_mark=21 drop=0
[QUEUE_STATS] t_ms=15200 q_pkts=736 q_bytes=1106412 qdelay_l_ms=1.18382 qdelay_c_ms=51.4069 ecn_mark=21 drop=0
[QUEUE_STATS] t_ms=15216 q_pkts=733 q_bytes=1101900 qdelay_l_ms=0.717135 qdelay_c_ms=37.3543 ecn_mark=21 drop=0
[QUEUE_STATS] t_ms=15232 q_pkts=551 q_bytes=828704 qdelay_l_ms=1.08097 qdelay_c_ms=51.8764 ecn_mark=21 drop=0
[QUEUE_STATS] t_ms=15248 q_pkts=733 q_bytes=1101296 qdelay_l_ms=0.951164 qdelay_c_ms=52.1962 ecn_mark=21 drop=0
[QUEUE_STATS] t_ms=15264 q_pkts=733 q_bytes=1101296 qdelay_l_ms=1.06947 qdelay_c_ms=51.9937 ecn_mark=21 drop=0
[QUEUE_STATS] t_ms=15280 q_pkts=745 q_bytes=1119344 qdelay_l_ms=0.856446 qdelay_c_ms=35.7569 ecn_mark=21 drop=0
[QUEUE_STATS] t_ms=15296 q_pkts=587 q_bytes=882848 qdelay_l_ms=1.07685 qdelay_c_ms=50.6294 ecn_mark=21 drop=0
[QUEUE_STATS] t_ms=15312 q_pkts=491 q_bytes=738464 qdelay_l_ms=0 qdelay_c_ms=51.1385 ecn_mark=21 drop=0
[QUEUE_STATS] t_ms=15328 q_pkts=733 q_bytes=1102400 qdelay_l_ms=0 qdelay_c_ms=50.2585 ecn_mark=21 drop=0
[QUEUE_STATS] t_ms=15344 q_pkts=732 q_bytes=1100896 qdelay_l_ms=1.06824 qdelay_c_ms=33.4053 ecn_mark=21 drop=0
[QUEUE_STATS] t_ms=15360 q_pkts=628 q_bytes=944480 qdelay_l_ms=1.0715 qdelay_c_ms=47.6289 ecn_mark=21 drop=0
[QUEUE_STATS] t_ms=15376 q_pkts=402 q_bytes=604608 qdelay_l_ms=0.813285 qdelay_c_ms=51.9499 ecn_mark=21 drop=0
[QUEUE_STATS] t_ms=15392 q_pkts=743 q_bytes=1116940 qdelay_l_ms=1.20411 qdelay_c_ms=51.8975 ecn_mark=21 drop=0
[QUEUE_STATS] t_ms=15408 q_pkts=735 q_bytes=1104908 qdelay_l_ms=1.06299 qdelay_c_ms=30.8541 ecn_mark=21 drop=0
[QUEUE_STATS] t_ms=15424 q_pkts=669 q_bytes=1005644 qdelay_l_ms=1.09927 qdelay_c_ms=44.7386 ecn_mark=21 drop=0
[QUEUE_STATS] t_ms=15440 q_pkts=442 q_bytes=664768 qdelay_l_ms=1.10897 qdelay_c_ms=51.9192 ecn_mark=21 drop=0
[QUEUE_STATS] t_ms=15456 q_pkts=742 q_bytes=1114832 qdelay_l_ms=1.19634 qdelay_c_ms=52.013 ecn_mark=21 drop=0
[QUEUE_STATS] t_ms=15472 q_pkts=736 q_bytes=1105808 qdelay_l_ms=1.034 qdelay_c_ms=28.4198 ecn_mark=21 drop=0
[QUEUE_STATS] t_ms=15488 q_pkts=706 q_bytes=1060688 qdelay_l_ms=0.844103 qdelay_c_ms=43.2527 ecn_mark=21 drop=0
[QUEUE_STATS] t_ms=15504 q_pkts=478 q_bytes=718912 qdelay_l_ms=1.11029 qdelay_c_ms=51.8323 ecn_mark=21 drop=0
[QUEUE_STATS] t_ms=15520 q_pkts=737 q_bytes=1108416 qdelay_l_ms=1.06668 qdelay_c_ms=51.9215 ecn_mark=21 drop=0
[QUEUE_STATS] t_ms=15536 q_pkts=746 q_bytes=1121952 qdelay_l_ms=0.981321 qdelay_c_ms=50.8762 ecn_mark=21 drop=0
[QUEUE_STATS] t_ms=15552 q_pkts=735 q_bytes=1105408 qdelay_l_ms=0.797045 qdelay_c_ms=40.1733 ecn_mark=21 drop=0
[QUEUE_STATS] t_ms=15568 q_pkts=517 q_bytes=777568 qdelay_l_ms=1.10548 qdelay_c_ms=51.8129 ecn_mark=21 drop=0
[QUEUE_STATS] t_ms=15584 q_pkts=726 q_bytes=1091372 qdelay_l_ms=0.061785 qdelay_c_ms=51.2972 ecn_mark=21 drop=0
[QUEUE_STATS] t_ms=15600 q_pkts=737 q_bytes=1107916 qdelay_l_ms=1.13628 qdelay_c_ms=52.0534 ecn_mark=21 drop=0
[QUEUE_STATS] t_ms=15616 q_pkts=731 q_bytes=1098892 qdelay_l_ms=1.11497 qdelay_c_ms=38.5418 ecn_mark=21 drop=0
[QUEUE_STATS] t_ms=15632 q_pkts=544 q_bytes=818176 qdelay_l_ms=1.10377 qdelay_c_ms=51.8949 ecn_mark=21 drop=0
[QUEUE_STATS] t_ms=15648 q_pkts=739 q_bytes=1110320 qdelay_l_ms=0.691497 qdelay_c_ms=50.7909 ecn_mark=21 drop=0
[QUEUE_STATS] t_ms=15664 q_pkts=738 q_bytes=1108816 qdelay_l_ms=1.14086 qdelay_c_ms=51.7015 ecn_mark=21 drop=0
[QUEUE_STATS] t_ms=15680 q_pkts=742 q_bytes=1114832 qdelay_l_ms=0 qdelay_c_ms=36.0298 ecn_mark=21 drop=0
[QUEUE_STATS] t_ms=15696 q_pkts=596 q_bytes=895248 qdelay_l_ms=1.10311 qdelay_c_ms=50.4965 ecn_mark=21 drop=0
[QUEUE_STATS] t_ms=15712 q_pkts=561 q_bytes=843744 qdelay_l_ms=0 qdelay_c_ms=52.225 ecn_mark=21 drop=0
[QUEUE_STATS] t_ms=15728 q_pkts=737 q_bytes=1108416 qdelay_l_ms=0.760046 qdelay_c_ms=51.6755 ecn_mark=21 drop=0
[QUEUE_STATS] t_ms=15744 q_pkts=741 q_bytes=1114432 qdelay_l_ms=1.17905 qdelay_c_ms=33.4928 ecn_mark=21 drop=0
[QUEUE_STATS] t_ms=15760 q_pkts=632 q_bytes=950496 qdelay_l_ms=0.808817 qdelay_c_ms=47.7311 ecn_mark=21 drop=0
[QUEUE_STATS] t_ms=15776 q_pkts=405 q_bytes=609120 qdelay_l_ms=1.06815 qdelay_c_ms=52.1875 ecn_mark=21 drop=0
[QUEUE_STATS] t_ms=15792 q_pkts=747 q_bytes=1122956 qdelay_l_ms=1.17925 qdelay_c_ms=51.8215 ecn_mark=21 drop=0
[QUEUE_STATS] t_ms=15808 q_pkts=738 q_bytes=1109420 qdelay_l_ms=1.03287 qdelay_c_ms=30.5358 ecn_mark=21 drop=0
[QUEUE_STATS] t_ms=15824 q_pkts=678 q_bytes=1019180 qdelay_l_ms=0.882094 qdelay_c_ms=45.1108 ecn_mark=21 drop=0
[QUEUE_STATS] t_ms=15840 q_pkts=447 q_bytes=672288 qdelay_l_ms=1.10342 qdelay_c_ms=51.9913 ecn_mark=21 drop=0
[QUEUE_STATS] t_ms=15856 q_pkts=740 q_bytes=1111824 qdelay_l_ms=0.733737 qdelay_c_ms=51.692 ecn_mark=21 drop=0
[QUEUE_STATS] t_ms=15872 q_pkts=745 q_bytes=1119344 qdelay_l_ms=1.08828 qdelay_c_ms=29.0823 ecn_mark=21 drop=0
[QUEUE_STATS] t_ms=15888 q_pkts=711 q_bytes=1068208 qdelay_l_ms=1.12052 qdelay_c_ms=43.3303 ecn_mark=21 drop=0
[QUEUE_STATS] t_ms=15904 q_pkts=484 q_bytes=727936 qdelay_l_ms=0.792116 qdelay_c_ms=51.9722 ecn_mark=21 drop=0
[QUEUE_STATS] t_ms=15920 q_pkts=742 q_bytes=1115936 qdelay_l_ms=0.793969 qdelay_c_ms=52.9851 ecn_mark=22 drop=0
[QUEUE_STATS] t_ms=15936 q_pkts=751 q_bytes=1129472 qdelay_l_ms=1.18011 qdelay_c_ms=51.7101 ecn_mark=22 drop=0
[QUEUE_STATS] t_ms=15952 q_pkts=738 q_bytes=1109920 qdelay_l_ms=0.725851 qdelay_c_ms=40.427 ecn_mark=22 drop=0
[QUEUE_STATS] t_ms=15968 q_pkts=521 q_bytes=783584 qdelay_l_ms=0.79959 qdelay_c_ms=51.8083 ecn_mark=22 drop=0
[QUEUE_STATS] t_ms=15984 q_pkts=735 q_bytes=1104908 qdelay_l_ms=0 qdelay_c_ms=52.2793 ecn_mark=22 drop=0
[QUEUE_STATS] t_ms=16001 q_pkts=742 q_bytes=1115436 qdelay_l_ms=1.02925 qdelay_c_ms=53.1764 ecn_mark=22 drop=0
[QUEUE_STATS] t_ms=16016 q_pkts=750 q_bytes=1127468 qdelay_l_ms=1.08262 qdelay_c_ms=37.8367 ecn_mark=22 drop=0
[QUEUE_STATS] t_ms=16032 q_pkts=567 q_bytes=852768 qdelay_l_ms=1.01438 qdelay_c_ms=52.2041 ecn_mark=22 drop=0
[QUEUE_STATS] t_ms=16048 q_pkts=742 q_bytes=1114832 qdelay_l_ms=1.05767 qdelay_c_ms=52.3287 ecn_mark=22 drop=0
[QUEUE_STATS] t_ms=16064 q_pkts=751 q_bytes=1128368 qdelay_l_ms=1.04435 qdelay_c_ms=52.0744 ecn_mark=23 drop=0
[QUEUE_STATS] t_ms=16080 q_pkts=738 q_bytes=1108816 qdelay_l_ms=0 qdelay_c_ms=34.7665 ecn_mark=23 drop=0
[QUEUE_STATS] t_ms=16096 q_pkts=612 q_bytes=919312 qdelay_l_ms=1.06653 qdelay_c_ms=49.9717 ecn_mark=23 drop=0
[QUEUE_STATS] t_ms=16112 q_pkts=386 q_bytes=580544 qdelay_l_ms=0.055745 qdelay_c_ms=52.1595 ecn_mark=23 drop=0
[QUEUE_STATS] t_ms=16128 q_pkts=752 q_bytes=1130976 qdelay_l_ms=0.659968 qdelay_c_ms=52.6094 ecn_mark=23 drop=0
[QUEUE_STATS] t_ms=16144 q_pkts=747 q_bytes=1123456 qdelay_l_ms=1.0509 qdelay_c_ms=32.4958 ecn_mark=23 drop=0
[QUEUE_STATS] t_ms=16160 q_pkts=697 q_bytes=1048256 qdelay_l_ms=1.09979 qdelay_c_ms=46.9351 ecn_mark=23 drop=0
[QUEUE_STATS] t_ms=16176 q_pkts=471 q_bytes=708384 qdelay_l_ms=1.10175 qdelay_c_ms=51.8616 ecn_mark=23 drop=0
[QUEUE_STATS] t_ms=16192 q_pkts=746 q_bytes=1121736 qdelay_l_ms=1.16157 qdelay_c_ms=52.8078 ecn_mark=23 drop=0
[QUEUE_STATS] t_ms=16208 q_pkts=745 q_bytes=1120232 qdelay_l_ms=1.17759 qdelay_c_ms=52.9942 ecn_mark=23 drop=0
[QUEUE_STATS] t_ms=16224 q_pkts=741 q_bytes=1114216 qdelay_l_ms=1.10872 qdelay_c_ms=41.8941 ecn_mark=23 drop=0
[QUEUE_STATS] t_ms=16240 q_pkts=513 q_bytes=771552 qdelay_l_ms=1.09652 qdelay_c_ms=53.0884 ecn_mark=23 drop=0
[QUEUE_STATS] t_ms=16256 q_pkts=744 q_bytes=1117556 qdelay_l_ms=1.16706 qdelay_c_ms=51.6629 ecn_mark=23 drop=0
[QUEUE_STATS] t_ms=16272 q_pkts=742 q_bytes=1114548 qdelay_l_ms=1.15582 qdelay_c_ms=52.7992 ecn_mark=23 drop=0
[QUEUE_STATS] t_ms=16288 q_pkts=744 q_bytes=1117556 qdelay_l_ms=1.06673 qdelay_c_ms=39.1097 ecn_mark=23 drop=0
[QUEUE_STATS] t_ms=16304 q_pkts=559 q_bytes=840736 qdelay_l_ms=1.12366 qdelay_c_ms=53.0138 ecn_mark=23 drop=0
[QUEUE_STATS] t_ms=16320 q_pkts=743 q_bytes=1117440 qdelay_l_ms=1.07491 qdelay_c_ms=53.1511 ecn_mark=23 drop=0
[QUEUE_STATS] t_ms=16336 q_pkts=743 q_bytes=1117440 qdelay_l_ms=0.87964 qdelay_c_ms=52.7512 ecn_mark=23 drop=0
[QUEUE_STATS] t_ms=16352 q_pkts=749 q_bytes=1126464 qdelay_l_ms=0 qdelay_c_ms=35.8783 ecn_mark=23 drop=0
[QUEUE_STATS] t_ms=16368 q_pkts=599 q_bytes=900864 qdelay_l_ms=1.1084 qdelay_c_ms=50.6418 ecn_mark=23 drop=0
[QUEUE_STATS] t_ms=16384 q_pkts=601 q_bytes=903904 qdelay_l_ms=0 qdelay_c_ms=52.3984 ecn_mark=23 drop=0
[QUEUE_STATS] t_ms=16400 q_pkts=745 q_bytes=1120232 qdelay_l_ms=0.63439 qdelay_c_ms=52.9314 ecn_mark=23 drop=0
[QUEUE_STATS] t_ms=16416 q_pkts=756 q_bytes=1136776 qdelay_l_ms=0.777148 qdelay_c_ms=33.3514 ecn_mark=23 drop=0
[QUEUE_STATS] t_ms=16432 q_pkts=646 q_bytes=971336 qdelay_l_ms=1.07173 qdelay_c_ms=48.2517 ecn_mark=23 drop=0
[QUEUE_STATS] t_ms=16448 q_pkts=417 q_bytes=627168 qdelay_l_ms=0.775685 qdelay_c_ms=52.7589 ecn_mark=23 drop=0
[QUEUE_STATS] t_ms=16464 q_pkts=744 q_bytes=1117556 qdelay_l_ms=1.06664 qdelay_c_ms=53.1188 ecn_mark=23 drop=0
[QUEUE_STATS] t_ms=16480 q_pkts=746 q_bytes=1120564 qdelay_l_ms=1.10926 qdelay_c_ms=30.7655 ecn_mark=23 drop=0
[QUEUE_STATS] t_ms=16496 q_pkts=689 q_bytes=1034836 qdelay_l_ms=1.10669 qdelay_c_ms=45.2821 ecn_mark=23 drop=0
[QUEUE_STATS] t_ms=16512 q_pkts=463 q_bytes=696352 qdelay_l_ms=1.1067 qdelay_c_ms=52.7621 ecn_mark=23 drop=0
[QUEUE_STATS] t_ms=16528 q_pkts=747 q_bytes=1123456 qdelay_l_ms=1.1549 qdelay_c_ms=53.0414 ecn_mark=23 drop=0
[QUEUE_STATS] t_ms=16544 q_pkts=752 q_bytes=1130976 qdelay_l_ms=0.777869 qdelay_c_ms=52.8259 ecn_mark=23 drop=0
[QUEUE_STATS] t_ms=16560 q_pkts=727 q_bytes=1093376 qdelay_l_ms=1.10229 qdelay_c_ms=42.5034 ecn_mark=23 drop=0
[QUEUE_STATS] t_ms=16576 q_pkts=503 q_bytes=756512 qdelay_l_ms=0.771968 qdelay_c_ms=52.6749 ecn_mark=23 drop=0
[QUEUE_STATS] t_ms=16592 q_pkts=753 q_bytes=1132264 qdelay_l_ms=0.774162 qdelay_c_ms=52.6895 ecn_mark=23 drop=0
[QUEUE_STATS] t_ms=16608 q_pkts=751 q_bytes=1129256 qdelay_l_ms=1.15912 qdelay_c_ms=53.0534 ecn_mark=23 drop=0
[QUEUE_STATS] t_ms=16624 q_pkts=744 q_bytes=1118728 qdelay_l_ms=0.707798 qdelay_c_ms=39.7661 ecn_mark=23 drop=0
[QUEUE_STATS] t_ms=16640 q_pkts=550 q_bytes=827200 qdelay_l_ms=1.10658 qdelay_c_ms=53.0008 ecn_mark=23 drop=0
[QUEUE_STATS] t_ms=16656 q_pkts=747 q_bytes=1122068 qdelay_l_ms=1.02944 qdelay_c_ms=54.1517 ecn_mark=23 drop=0
[QUEUE_STATS] t_ms=16672 q_pkts=751 q_bytes=1128084 qdelay_l_ms=1.11356 qdelay_c_ms=53.7461 ecn_mark=23 drop=0
[QUEUE_STATS] t_ms=16688 q_pkts=748 q_bytes=1123572 qdelay_l_ms=0.765566 qdelay_c_ms=37.1 ecn_mark=23 drop=0
[QUEUE_STATS] t_ms=16704 q_pkts=591 q_bytes=887444 qdelay_l_ms=1.06446 qdelay_c_ms=51.9269 ecn_mark=23 drop=0
[QUEUE_STATS] t_ms=16720 q_pkts=687 q_bytes=1033248 qdelay_l_ms=0 qdelay_c_ms=52.1987 ecn_mark=23 drop=0
[QUEUE_STATS] t_ms=16736 q_pkts=754 q_bytes=1133984 qdelay_l_ms=1.01022 qdelay_c_ms=53.5308 ecn_mark=23 drop=0
[QUEUE_STATS] t_ms=16752 q_pkts=751 q_bytes=1129472 qdelay_l_ms=0.780794 qdelay_c_ms=34.324 ecn_mark=23 drop=0
[QUEUE_STATS] t_ms=16768 q_pkts=632 q_bytes=950496 qdelay_l_ms=1.0719 qdelay_c_ms=48.7719 ecn_mark=23 drop=0
[QUEUE_STATS] t_ms=16784 q_pkts=407 q_bytes=612128 qdelay_l_ms=0.764744 qdelay_c_ms=52.7062 ecn_mark=23 drop=0
[QUEUE_STATS] t_ms=16800 q_pkts=750 q_bytes=1127752 qdelay_l_ms=0.649609 qdelay_c_ms=52.8963 ecn_mark=23 drop=0
[QUEUE_STATS] t_ms=16816 q_pkts=744 q_bytes=1118728 qdelay_l_ms=0 qdelay_c_ms=31.1519 ecn_mark=23 drop=0
[QUEUE_STATS] t_ms=16832 q_pkts=680 q_bytes=1022472 qdelay_l_ms=1.10729 qdelay_c_ms=46.0386 ecn_mark=23 drop=0
[QUEUE_STATS] t_ms=16848 q_pkts=455 q_bytes=684320 qdelay_l_ms=0.749987 qdelay_c_ms=53.6142 ecn_mark=23 drop=0
[QUEUE_STATS] t_ms=16864 q_pkts=757 q_bytes=1137108 qdelay_l_ms=1.13861 qdelay_c_ms=52.8656 ecn_mark=23 drop=0
[QUEUE_STATS] t_ms=16881 q_pkts=749 q_bytes=1125076 qdelay_l_ms=1.03962 qdelay_c_ms=28.2951 ecn_mark=23 drop=0
[QUEUE_STATS] t_ms=16896 q_pkts=735 q_bytes=1104020 qdelay_l_ms=0.754796 qdelay_c_ms=42.0944 ecn_mark=23 drop=0
[QUEUE_STATS] t_ms=16912 q_pkts=510 q_bytes=767040 qdelay_l_ms=0.769884 qdelay_c_ms=53.6965 ecn_mark=23 drop=0
[QUEUE_STATS] t_ms=16928 q_pkts=747 q_bytes=1123456 qdelay_l_ms=0.073878 qdelay_c_ms=53.1756 ecn_mark=23 drop=0
[QUEUE_STATS] t_ms=16944 q_pkts=749 q_bytes=1126464 qdelay_l_ms=1.12544 qdelay_c_ms=52.9553 ecn_mark=23 drop=0
[QUEUE_STATS] t_ms=16960 q_pkts=748 q_bytes=1124960 qdelay_l_ms=1.1138 qdelay_c_ms=38.7806 ecn_mark=24 drop=0
[QUEUE_STATS] t_ms=16976 q_pkts=565 q_bytes=849760 qdelay_l_ms=1.10669 qdelay_c_ms=52.7133 ecn_mark=24 drop=0
[QUEUE_STATS] t_ms=16992 q_pkts=751 q_bytes=1129256 qdelay_l_ms=1.03551 qdelay_c_ms=53.2978 ecn_mark=24 drop=0
[QUEUE_STATS] t_ms=17008 q_pkts=752 q_bytes=1130760 qdelay_l_ms=1.06626 qdelay_c_ms=53.0619 ecn_mark=24 drop=0
[QUEUE_STATS] t_ms=17024 q_pkts=756 q_bytes=1136776 qdelay_l_ms=1.12078 qdelay_c_ms=35.9068 ecn_mark=24 drop=0
[QUEUE_STATS] t_ms=17040 q_pkts=615 q_bytes=924712 qdelay_l_ms=1.06681 qdelay_c_ms=50.9104 ecn_mark=24 drop=0
[QUEUE_STATS] t_ms=17056 q_pkts=454 q_bytes=682816 qdelay_l_ms=0.358352 qdelay_c_ms=53.1213 ecn_mark=24 drop=0
[QUEUE_STATS] t_ms=17072 q_pkts=758 q_bytes=1138612 qdelay_l_ms=0.632807 qdelay_c_ms=52.9409 ecn_mark=24 drop=0
[QUEUE_STATS] t_ms=17088 q_pkts=757 q_bytes=1137108 qdelay_l_ms=1.00235 qdelay_c_ms=32.6462 ecn_mark=24 drop=0
[QUEUE_STATS] t_ms=17104 q_pkts=665 q_bytes=998740 qdelay_l_ms=1.10019 qdelay_c_ms=46.8486 ecn_mark=24 drop=0
[QUEUE_STATS] t_ms=17120 q_pkts=440 q_bytes=661760 qdelay_l_ms=1.10913 qdelay_c_ms=53.9769 ecn_mark=24 drop=0
[QUEUE_STATS] t_ms=17136 q_pkts=754 q_bytes=1133984 qdelay_l_ms=0.767941 qdelay_c_ms=53.4031 ecn_mark=24 drop=0
[QUEUE_STATS] t_ms=17152 q_pkts=750 q_bytes=1127968 qdelay_l_ms=0.748755 qdelay_c_ms=28.8069 ecn_mark=24 drop=0
[QUEUE_STATS] t_ms=17168 q_pkts=725 q_bytes=1090368 qdelay_l_ms=0.744487 qdelay_c_ms=43.2742 ecn_mark=24 drop=0
[QUEUE_STATS] t_ms=17184 q_pkts=497 q_bytes=747488 qdelay_l_ms=1.07261 qdelay_c_ms=53.1096 ecn_mark=24 drop=0
[QUEUE_STATS] t_ms=17200 q_pkts=759 q_bytes=1141288 qdelay_l_ms=0.767119 qdelay_c_ms=52.8329 ecn_mark=24 drop=0
[QUEUE_STATS] t_ms=17216 q_pkts=749 q_bytes=1126248 qdelay_l_ms=0.123402 qdelay_c_ms=52.2456 ecn_mark=24 drop=0
[QUEUE_STATS] t_ms=17232 q_pkts=750 q_bytes=1127752 qdelay_l_ms=1.17863 qdelay_c_ms=40.8484 ecn_mark=25 drop=0
[QUEUE_STATS] t_ms=17248 q_pkts=546 q_bytes=821184 qdelay_l_ms=0.734047 qdelay_c_ms=54.5233 ecn_mark=25 drop=0
[QUEUE_STATS] t_ms=17264 q_pkts=757 q_bytes=1137108 qdelay_l_ms=0.764243 qdelay_c_ms=54.9175 ecn_mark=25 drop=0
[QUEUE_STATS] t_ms=17280 q_pkts=752 q_bytes=1129588 qdelay_l_ms=1.09923 qdelay_c_ms=53.9458 ecn_mark=25 drop=0
[QUEUE_STATS] t_ms=17296 q_pkts=757 q_bytes=1137108 qdelay_l_ms=1.10194 qdelay_c_ms=36.981 ecn_mark=25 drop=0
[QUEUE_STATS] t_ms=17312 q_pkts=597 q_bytes=896468 qdelay_l_ms=1.07306 qdelay_c_ms=51.6852 ecn_mark=25 drop=0
[QUEUE_STATS] t_ms=17328 q_pkts=530 q_bytes=797120 qdelay_l_ms=0 qdelay_c_ms=53.3328 ecn_mark=25 drop=0
[QUEUE_STATS] t_ms=17344 q_pkts=755 q_bytes=1135488 qdelay_l_ms=1.12217 qdelay_c_ms=53.5097 ecn_mark=25 drop=0
[QUEUE_STATS] t_ms=17360 q_pkts=752 q_bytes=1130976 qdelay_l_ms=0.722024 qdelay_c_ms=33.4765 ecn_mark=25 drop=0
[QUEUE_STATS] t_ms=17376 q_pkts=659 q_bytes=991104 qdelay_l_ms=0.733095 qdelay_c_ms=47.7022 ecn_mark=25 drop=0
[QUEUE_STATS] t_ms=17392 q_pkts=433 q_bytes=651232 qdelay_l_ms=1.09946 qdelay_c_ms=54.0297 ecn_mark=25 drop=0
[QUEUE_STATS] t_ms=17408 q_pkts=760 q_bytes=1142792 qdelay_l_ms=1.11957 qdelay_c_ms=53.9669 ecn_mark=25 drop=0
[QUEUE_STATS] t_ms=17424 q_pkts=761 q_bytes=1144296 qdelay_l_ms=1.089 qdelay_c_ms=30.0506 ecn_mark=25 drop=0
[QUEUE_STATS] t_ms=17440 q_pkts=717 q_bytes=1078120 qdelay_l_ms=1.06683 qdelay_c_ms=44.6539 ecn_mark=25 drop=0
[QUEUE_STATS] t_ms=17456 q_pkts=494 q_bytes=742976 qdelay_l_ms=1.13075 qdelay_c_ms=53.9196 ecn_mark=25 drop=0
[QUEUE_STATS] t_ms=17472 q_pkts=758 q_bytes=1138612 qdelay_l_ms=1.11607 qdelay_c_ms=53.6114 ecn_mark=25 drop=0
[QUEUE_STATS] t_ms=17488 q_pkts=758 q_bytes=1138612 qdelay_l_ms=0.734147 qdelay_c_ms=53.432 ecn_mark=25 drop=0
[QUEUE_STATS] t_ms=17504 q_pkts=756 q_bytes=1135604 qdelay_l_ms=1.10488 qdelay_c_ms=40.6993 ecn_mark=25 drop=0
[QUEUE_STATS] t_ms=17520 q_pkts=543 q_bytes=816672 qdelay_l_ms=0.750588 qdelay_c_ms=53.7543 ecn_mark=25 drop=0
[QUEUE_STATS] t_ms=17536 q_pkts=755 q_bytes=1135488 qdelay_l_ms=1.11661 qdelay_c_ms=55.2753 ecn_mark=25 drop=0
[QUEUE_STATS] t_ms=17552 q_pkts=761 q_bytes=1144512 qdelay_l_ms=1.10002 qdelay_c_ms=54.7417 ecn_mark=25 drop=0
[QUEUE_STATS] t_ms=17568 q_pkts=745 q_bytes=1120448 qdelay_l_ms=0.074129 qdelay_c_ms=36.2709 ecn_mark=25 drop=0
[QUEUE_STATS] t_ms=17584 q_pkts=609 q_bytes=915904 qdelay_l_ms=1.09941 qdelay_c_ms=51.6852 ecn_mark=25 drop=0
[QUEUE_STATS] t_ms=17600 q_pkts=519 q_bytes=780576 qdelay_l_ms=0 qdelay_c_ms=53.1961 ecn_mark=25 drop=0
[QUEUE_STATS] t_ms=17616 q_pkts=758 q_bytes=1140032 qdelay_l_ms=1.112 qdelay_c_ms=53.5889 ecn_mark=25 drop=0
[QUEUE_STATS] t_ms=17632 q_pkts=754 q_bytes=1134016 qdelay_l_ms=1.11195 qdelay_c_ms=33.6414 ecn_mark=25 drop=0
[QUEUE_STATS] t_ms=17648 q_pkts=661 q_bytes=994144 qdelay_l_ms=1.05681 qdelay_c_ms=47.8454 ecn_mark=25 drop=0
[QUEUE_STATS] t_ms=17664 q_pkts=438 q_bytes=658752 qdelay_l_ms=1.11346 qdelay_c_ms=54.8634 ecn_mark=25 drop=0
[QUEUE_STATS] t_ms=17680 q_pkts=764 q_bytes=1148824 qdelay_l_ms=0.74129 qdelay_c_ms=54.5363 ecn_mark=25 drop=0
[QUEUE_STATS] t_ms=17696 q_pkts=762 q_bytes=1145816 qdelay_l_ms=1.09476 qdelay_c_ms=29.6662 ecn_mark=25 drop=0
[QUEUE_STATS] t_ms=17712 q_pkts=713 q_bytes=1072120 qdelay_l_ms=1.10513 qdelay_c_ms=44.4522 ecn_mark=25 drop=0
[QUEUE_STATS] t_ms=17728 q_pkts=489 q_bytes=735456 qdelay_l_ms=1.095 qdelay_c_ms=53.9846 ecn_mark=25 drop=0
[QUEUE_STATS] t_ms=17744 q_pkts=759 q_bytes=1141504 qdelay_l_ms=1.12482 qdelay_c_ms=53.7559 ecn_mark=26 drop=0
[QUEUE_STATS] t_ms=17760 q_pkts=757 q_bytes=1138496 qdelay_l_ms=1.17719 qdelay_c_ms=54.2567 ecn_mark=26 drop=0
[QUEUE_STATS] t_ms=17776 q_pkts=754 q_bytes=1133984 qdelay_l_ms=0.924835 qdelay_c_ms=40.8885 ecn_mark=26 drop=0
[QUEUE_STATS] t_ms=17792 q_pkts=554 q_bytes=833216 qdelay_l_ms=1.10365 qdelay_c_ms=54.137 ecn_mark=26 drop=0
[QUEUE_STATS] t_ms=17808 q_pkts=758 q_bytes=1140032 qdelay_l_ms=1.00075 qdelay_c_ms=54.3206 ecn_mark=26 drop=0
[QUEUE_STATS] t_ms=17824 q_pkts=758 q_bytes=1140032 qdelay_l_ms=1.09455 qdelay_c_ms=53.8 ecn_mark=26 drop=0
[QUEUE_STATS] t_ms=17840 q_pkts=762 q_bytes=1146048 qdelay_l_ms=1.10844 qdelay_c_ms=37.2704 ecn_mark=26 drop=0
[QUEUE_STATS] t_ms=17856 q_pkts=606 q_bytes=911424 qdelay_l_ms=1.07206 qdelay_c_ms=51.8683 ecn_mark=26 drop=0
[QUEUE_STATS] t_ms=17872 q_pkts=587 q_bytes=882848 qdelay_l_ms=0 qdelay_c_ms=54.2901 ecn_mark=26 drop=0
[QUEUE_STATS] t_ms=17888 q_pkts=761 q_bytes=1144312 qdelay_l_ms=1.09948 qdelay_c_ms=53.9266 ecn_mark=26 drop=0
[QUEUE_STATS] t_ms=17904 q_pkts=757 q_bytes=1138296 qdelay_l_ms=0.990858 qdelay_c_ms=33.5249 ecn_mark=26 drop=0
[QUEUE_STATS] t_ms=17920 q_pkts=664 q_bytes=998424 qdelay_l_ms=1.10034 qdelay_c_ms=48.1955 ecn_mark=26 drop=0
[QUEUE_STATS] t_ms=17936 q_pkts=438 q_bytes=658752 qdelay_l_ms=1.09946 qdelay_c_ms=53.5407 ecn_mark=26 drop=0
[QUEUE_STATS] t_ms=17952 q_pkts=766 q_bytes=1152032 qdelay_l_ms=1.0991 qdelay_c_ms=54.7659 ecn_mark=26 drop=0
[QUEUE_STATS] t_ms=17968 q_pkts=769 q_bytes=1156544 qdelay_l_ms=1.09997 qdelay_c_ms=29.9585 ecn_mark=26 drop=0
[QUEUE_STATS] t_ms=17984 q_pkts=722 q_bytes=1085856 qdelay_l_ms=1.1004 qdelay_c_ms=44.4813 ecn_mark=26 drop=0
[QUEUE_STATS] t_ms=18000 q_pkts=499 q_bytes=750496 qdelay_l_ms=1.09141 qdelay_c_ms=54.6325 ecn_mark=26 drop=0
[QUEUE_STATS] t_ms=18016 q_pkts=762 q_bytes=1146048 qdelay_l_ms=0.74639 qdelay_c_ms=54.5076 ecn_mark=26 drop=0
[QUEUE_STATS] t_ms=18032 q_pkts=758 q_bytes=1140032 qdelay_l_ms=0.958929 qdelay_c_ms=54.4146 ecn_mark=26 drop=0
[QUEUE_STATS] t_ms=18048 q_pkts=760 q_bytes=1143040 qdelay_l_ms=1.09651 qdelay_c_ms=40.4645 ecn_mark=27 drop=0
[QUEUE_STATS] t_ms=18064 q_pkts=554 q_bytes=833216 qdelay_l_ms=0.748053 qdelay_c_ms=54.761 ecn_mark=27 drop=0
[QUEUE_STATS] t_ms=18080 q_pkts=761 q_bytes=1144312 qdelay_l_ms=1.08004 qdelay_c_ms=55.3264 ecn_mark=27 drop=0
[QUEUE_STATS] t_ms=18096 q_pkts=760 q_bytes=1142808 qdelay_l_ms=1.02447 qdelay_c_ms=54.96 ecn_mark=27 drop=0
[QUEUE_STATS] t_ms=18112 q_pkts=762 q_bytes=1145816 qdelay_l_ms=1.08879 qdelay_c_ms=37.2477 ecn_mark=27 drop=0
[QUEUE_STATS] t_ms=18129 q_pkts=612 q_bytes=920216 qdelay_l_ms=1.08218 qdelay_c_ms=52.2371 ecn_mark=27 drop=0
[QUEUE_STATS] t_ms=18144 q_pkts=565 q_bytes=849760 qdelay_l_ms=0 qdelay_c_ms=54.0118 ecn_mark=27 drop=0
[QUEUE_STATS] t_ms=18160 q_pkts=759 q_bytes=1141504 qdelay_l_ms=1.09188 qdelay_c_ms=54.098 ecn_mark=27 drop=0
[QUEUE_STATS] t_ms=18176 q_pkts=762 q_bytes=1146016 qdelay_l_ms=0.743775 qdelay_c_ms=33.573 ecn_mark=27 drop=0
[QUEUE_STATS] t_ms=18192 q_pkts=670 q_bytes=1007648 qdelay_l_ms=1.07788 qdelay_c_ms=48.0052 ecn_mark=27 drop=0
[QUEUE_STATS] t_ms=18208 q_pkts=448 q_bytes=673792 qdelay_l_ms=0.742713 qdelay_c_ms=54.6618 ecn_mark=27 drop=0
[QUEUE_STATS] t_ms=18224 q_pkts=769 q_bytes=1156576 qdelay_l_ms=1.08635 qdelay_c_ms=53.7724 ecn_mark=27 drop=0
[QUEUE_STATS] t_ms=18240 q_pkts=745 q_bytes=1120480 qdelay_l_ms=0.061215 qdelay_c_ms=29.2898 ecn_mark=27 drop=0
[QUEUE_STATS] t_ms=18256 q_pkts=723 q_bytes=1087392 qdelay_l_ms=1.08628 qdelay_c_ms=44.3705 ecn_mark=27 drop=0
[QUEUE_STATS] t_ms=18272 q_pkts=500 q_bytes=752000 qdelay_l_ms=0.741471 qdelay_c_ms=54.8892 ecn_mark=27 drop=0
[QUEUE_STATS] t_ms=18288 q_pkts=763 q_bytes=1147320 qdelay_l_ms=1.17384 qdelay_c_ms=54.7547 ecn_mark=27 drop=0
[QUEUE_STATS] t_ms=18304 q_pkts=765 q_bytes=1150328 qdelay_l_ms=1.07649 qdelay_c_ms=54.9811 ecn_mark=27 drop=0
[QUEUE_STATS] t_ms=18320 q_pkts=764 q_bytes=1148824 qdelay_l_ms=1.08399 qdelay_c_ms=40.7221 ecn_mark=27 drop=0
[QUEUE_STATS] t_ms=18336 q_pkts=560 q_bytes=842240 qdelay_l_ms=0.725762 qdelay_c_ms=54.9191 ecn_mark=27 drop=0
[QUEUE_STATS] t_ms=18352 q_pkts=763 q_bytes=1147520 qdelay_l_ms=0.97031 qdelay_c_ms=55.0657 ecn_mark=27 drop=0
[QUEUE_STATS] t_ms=18368 q_pkts=762 q_bytes=1146016 qdelay_l_ms=1.10938 qdelay_c_ms=54.0568 ecn_mark=27 drop=0
[QUEUE_STATS] t_ms=18384 q_pkts=768 q_bytes=1155040 qdelay_l_ms=1.18253 qdelay_c_ms=37.7132 ecn_mark=27 drop=0
[QUEUE_STATS] t_ms=18400 q_pkts=633 q_bytes=952000 qdelay_l_ms=1.11571 qdelay_c_ms=51.375 ecn_mark=27 drop=0
[QUEUE_STATS] t_ms=18416 q_pkts=604 q_bytes=908416 qdelay_l_ms=0 qdelay_c_ms=54.3076 ecn_mark=27 drop=0
[QUEUE_STATS] t_ms=18432 q_pkts=765 q_bytes=1150560 qdelay_l_ms=0.734067 qdelay_c_ms=54.7974 ecn_mark=27 drop=0
[QUEUE_STATS] t_ms=18448 q_pkts=763 q_bytes=1147552 qdelay_l_ms=1.07862 qdelay_c_ms=33.809 ecn_mark=27 drop=0
[QUEUE_STATS] t_ms=18464 q_pkts=670 q_bytes=1007680 qdelay_l_ms=0.616557 qdelay_c_ms=48.1278 ecn_mark=27 drop=0
[QUEUE_STATS] t_ms=18480 q_pkts=448 q_bytes=673792 qdelay_l_ms=1.06504 qdelay_c_ms=54.7224 ecn_mark=27 drop=0
[QUEUE_STATS] t_ms=18496 q_pkts=773 q_bytes=1161492 qdelay_l_ms=1.07954 qdelay_c_ms=54.8539 ecn_mark=27 drop=0
[QUEUE_STATS] t_ms=18512 q_pkts=764 q_bytes=1147956 qdelay_l_ms=1.08646 qdelay_c_ms=55.3061 ecn_mark=27 drop=0
[QUEUE_STATS] t_ms=18528 q_pkts=729 q_bytes=1095316 qdelay_l_ms=1.078 qdelay_c_ms=44.4109 ecn_mark=27 drop=0
[QUEUE_STATS] t_ms=18544 q_pkts=506 q_bytes=761024 qdelay_l_ms=1.07543 qdelay_c_ms=55.0218 ecn_mark=27 drop=0
[QUEUE_STATS] t_ms=18560 q_pkts=767 q_bytes=1152968 qdelay_l_ms=1.07581 qdelay_c_ms=54.5702 ecn_mark=27 drop=0
[QUEUE_STATS] t_ms=18576 q_pkts=768 q_bytes=1154472 qdelay_l_ms=1.07803 qdelay_c_ms=54.838 ecn_mark=27 drop=0
[QUEUE_STATS] t_ms=18592 q_pkts=763 q_bytes=1146952 qdelay_l_ms=1.1864 qdelay_c_ms=41.0948 ecn_mark=27 drop=0
[QUEUE_STATS] t_ms=18608 q_pkts=564 q_bytes=848256 qdelay_l_ms=1.09479 qdelay_c_ms=54.939 ecn_mark=27 drop=0
[QUEUE_STATS] t_ms=18624 q_pkts=767 q_bytes=1153568 qdelay_l_ms=1.08624 qdelay_c_ms=55.2604 ecn_mark=27 drop=0
[QUEUE_STATS] t_ms=18640 q_pkts=771 q_bytes=1159584 qdelay_l_ms=1.12849 qdelay_c_ms=55.1533 ecn_mark=27 drop=0
[QUEUE_STATS] t_ms=18656 q_pkts=769 q_bytes=1156576 qdelay_l_ms=1.07185 qdelay_c_ms=37.1495 ecn_mark=27 drop=0
[QUEUE_STATS] t_ms=18672 q_pkts=618 q_bytes=929472 qdelay_l_ms=1.07221 qdelay_c_ms=52.035 ecn_mark=27 drop=0
[QUEUE_STATS] t_ms=18688 q_pkts=618 q_bytes=929472 qdelay_l_ms=0 qdelay_c_ms=54.231 ecn_mark=27 drop=0
[QUEUE_STATS] t_ms=18704 q_pkts=766 q_bytes=1150964 qdelay_l_ms=1.07247 qdelay_c_ms=54.907 ecn_mark=27 drop=0
[QUEUE_STATS] t_ms=18720 q_pkts=769 q_bytes=1155476 qdelay_l_ms=1.07259 qdelay_c_ms=33.8289 ecn_mark=27 drop=0
[QUEUE_STATS] t_ms=18736 q_pkts=679 q_bytes=1020116 qdelay_l_ms=1.06595 qdelay_c_ms=48.2919 ecn_mark=27 drop=0
[QUEUE_STATS] t_ms=18752 q_pkts=457 q_bytes=687328 qdelay_l_ms=1.07082 qdelay_c_ms=55.933 ecn_mark=27 drop=0
[QUEUE_STATS] t_ms=18768 q_pkts=774 q_bytes=1163496 qdelay_l_ms=1.06777 qdelay_c_ms=55.003 ecn_mark=27 drop=0
[QUEUE_STATS] t_ms=18784 q_pkts=779 q_bytes=1171016 qdelay_l_ms=0.713097 qdelay_c_ms=54.9627 ecn_mark=28 drop=0
[QUEUE_STATS] t_ms=18800 q_pkts=734 q_bytes=1103336 qdelay_l_ms=1.07224 qdelay_c_ms=44.746 ecn_mark=28 drop=0
[QUEUE_STATS] t_ms=18816 q_pkts=512 q_bytes=770048 qdelay_l_ms=1.06948 qdelay_c_ms=55.1369 ecn_mark=28 drop=0
[QUEUE_STATS] t_ms=18832 q_pkts=767 q_bytes=1153568 qdelay_l_ms=0.974017 qdelay_c_ms=54.7907 ecn_mark=28 drop=0
[QUEUE_STATS] t_ms=18848 q_pkts=767 q_bytes=1153568 qdelay_l_ms=1.06507 qdelay_c_ms=55.9076 ecn_mark=28 drop=0
[QUEUE_STATS] t_ms=18864 q_pkts=767 q_bytes=1153568 qdelay_l_ms=1.06412 qdelay_c_ms=40.6144 ecn_mark=28 drop=0
[QUEUE_STATS] t_ms=18880 q_pkts=566 q_bytes=851264 qdelay_l_ms=1.06736 qdelay_c_ms=55.0668 ecn_mark=28 drop=0
[QUEUE_STATS] t_ms=18896 q_pkts=770 q_bytes=1156980 qdelay_l_ms=1.06297 qdelay_c_ms=55.0661 ecn_mark=28 drop=0
[QUEUE_STATS] t_ms=18912 q_pkts=770 q_bytes=1156980 qdelay_l_ms=1.12097 qdelay_c_ms=54.6963 ecn_mark=28 drop=0
[QUEUE_STATS] t_ms=18928 q_pkts=768 q_bytes=1153972 qdelay_l_ms=0.115297 qdelay_c_ms=36.1709 ecn_mark=28 drop=0
[QUEUE_STATS] t_ms=18944 q_pkts=625 q_bytes=938900 qdelay_l_ms=1.10235 qdelay_c_ms=51.6188 ecn_mark=28 drop=0
[QUEUE_STATS] t_ms=18960 q_pkts=597 q_bytes=897888 qdelay_l_ms=0 qdelay_c_ms=54.1303 ecn_mark=28 drop=0
[QUEUE_STATS] t_ms=18976 q_pkts=769 q_bytes=1155976 qdelay_l_ms=1.0051 qdelay_c_ms=54.7565 ecn_mark=28 drop=0
[QUEUE_STATS] t_ms=18992 q_pkts=768 q_bytes=1154472 qdelay_l_ms=1.05787 qdelay_c_ms=33.7952 ecn_mark=28 drop=0
[QUEUE_STATS] t_ms=19008 q_pkts=680 q_bytes=1022120 qdelay_l_ms=0.725601 qdelay_c_ms=48.1251 ecn_mark=28 drop=0
[QUEUE_STATS] t_ms=19024 q_pkts=460 q_bytes=691840 qdelay_l_ms=0.709611 qdelay_c_ms=55.3704 ecn_mark=28 drop=0
[QUEUE_STATS] t_ms=19040 q_pkts=768 q_bytes=1155072 qdelay_l_ms=1.05645 qdelay_c_ms=55.2507 ecn_mark=28 drop=0
[QUEUE_STATS] t_ms=19056 q_pkts=769 q_bytes=1156576 qdelay_l_ms=1.05495 qdelay_c_ms=55.1062 ecn_mark=28 drop=0
[QUEUE_STATS] t_ms=19072 q_pkts=753 q_bytes=1132512 qdelay_l_ms=1.07961 qdelay_c_ms=43.7645 ecn_mark=28 drop=0
[QUEUE_STATS] t_ms=19088 q_pkts=531 q_bytes=798624 qdelay_l_ms=1.05626 qdelay_c_ms=54.9166 ecn_mark=28 drop=0
[QUEUE_STATS] t_ms=19104 q_pkts=776 q_bytes=1166004 qdelay_l_ms=1.0547 qdelay_c_ms=54.9846 ecn_mark=28 drop=0
[QUEUE_STATS] t_ms=19120 q_pkts=781 q_bytes=1173524 qdelay_l_ms=1.11737 qdelay_c_ms=56.0558 ecn_mark=28 drop=0
[QUEUE_STATS] t_ms=19136 q_pkts=779 q_bytes=1170516 qdelay_l_ms=1.05662 qdelay_c_ms=38.4516 ecn_mark=28 drop=0
[QUEUE_STATS] t_ms=19152 q_pkts=602 q_bytes=904308 qdelay_l_ms=1.05638 qdelay_c_ms=53.3405 ecn_mark=28 drop=0
[QUEUE_STATS] t_ms=19168 q_pkts=747 q_bytes=1123488 qdelay_l_ms=0 qdelay_c_ms=53.4037 ecn_mark=28 drop=0
[QUEUE_STATS] t_ms=19184 q_pkts=771 q_bytes=1158984 qdelay_l_ms=0.630874 qdelay_c_ms=54.8418 ecn_mark=28 drop=0
[QUEUE_STATS] t_ms=19200 q_pkts=770 q_bytes=1157480 qdelay_l_ms=0 qdelay_c_ms=34.6236 ecn_mark=28 drop=0
[QUEUE_STATS] t_ms=19216 q_pkts=672 q_bytes=1010088 qdelay_l_ms=1.10834 qdelay_c_ms=49.1852 ecn_mark=28 drop=0
[QUEUE_STATS] t_ms=19232 q_pkts=451 q_bytes=678304 qdelay_l_ms=1.04076 qdelay_c_ms=55.7501 ecn_mark=28 drop=0
[QUEUE_STATS] t_ms=19248 q_pkts=771 q_bytes=1159584 qdelay_l_ms=0.669215 qdelay_c_ms=54.8145 ecn_mark=29 drop=0
[QUEUE_STATS] t_ms=19264 q_pkts=774 q_bytes=1164096 qdelay_l_ms=1.05099 qdelay_c_ms=56.0551 ecn_mark=29 drop=0
[QUEUE_STATS] t_ms=19280 q_pkts=728 q_bytes=1094912 qdelay_l_ms=1.05003 qdelay_c_ms=45.4937 ecn_mark=29 drop=0
[QUEUE_STATS] t_ms=19296 q_pkts=506 q_bytes=761024 qdelay_l_ms=1.04931 qdelay_c_ms=56.202 ecn_mark=30 drop=0
[QUEUE_STATS] t_ms=19312 q_pkts=781 q_bytes=1173524 qdelay_l_ms=1.06179 qdelay_c_ms=55.7517 ecn_mark=30 drop=0
[QUEUE_STATS] t_ms=19328 q_pkts=785 q_bytes=1179540 qdelay_l_ms=1.05008 qdelay_c_ms=55.6092 ecn_mark=30 drop=0
[QUEUE_STATS] t_ms=19344 q_pkts=771 q_bytes=1158484 qdelay_l_ms=1.12059 qdelay_c_ms=42.086 ecn_mark=30 drop=0
[QUEUE_STATS] t_ms=19360 q_pkts=564 q_bytes=848256 qdelay_l_ms=1.04898 qdelay_c_ms=55.8112 ecn_mark=30 drop=0
[QUEUE_STATS] t_ms=19376 q_pkts=777 q_bytes=1168008 qdelay_l_ms=1.0431 qdelay_c_ms=55.54 ecn_mark=30 drop=0
[QUEUE_STATS] t_ms=19392 q_pkts=779 q_bytes=1171016 qdelay_l_ms=1.10731 qdelay_c_ms=56.0739 ecn_mark=30 drop=0
[QUEUE_STATS] t_ms=19408 q_pkts=769 q_bytes=1155976 qdelay_l_ms=1.14201 qdelay_c_ms=36.9726 ecn_mark=30 drop=0
[QUEUE_STATS] t_ms=19424 q_pkts=631 q_bytes=948424 qdelay_l_ms=1.05644 qdelay_c_ms=51.8453 ecn_mark=30 drop=0
[QUEUE_STATS] t_ms=19440 q_pkts=584 q_bytes=878336 qdelay_l_ms=0 qdelay_c_ms=55.447 ecn_mark=30 drop=0
[QUEUE_STATS] t_ms=19456 q_pkts=776 q_bytes=1167104 qdelay_l_ms=1.04666 qdelay_c_ms=55.9028 ecn_mark=30 drop=0
[QUEUE_STATS] t_ms=19472 q_pkts=780 q_bytes=1173120 qdelay_l_ms=1.05314 qdelay_c_ms=33.7596 ecn_mark=30 drop=0
[QUEUE_STATS] t_ms=19488 q_pkts=689 q_bytes=1036256 qdelay_l_ms=1.05516 qdelay_c_ms=48.47 ecn_mark=30 drop=0
[QUEUE_STATS] t_ms=19504 q_pkts=468 q_bytes=703872 qdelay_l_ms=1.10854 qdelay_c_ms=56.0434 ecn_mark=30 drop=0
[QUEUE_STATS] t_ms=19520 q_pkts=777 q_bytes=1167508 qdelay_l_ms=1.16193 qdelay_c_ms=56.1113 ecn_mark=30 drop=0
[QUEUE_STATS] t_ms=19536 q_pkts=775 q_bytes=1164500 qdelay_l_ms=1.04374 qdelay_c_ms=56.0953 ecn_mark=30 drop=0
[QUEUE_STATS] t_ms=19552 q_pkts=763 q_bytes=1146452 qdelay_l_ms=1.04222 qdelay_c_ms=43.4231 ecn_mark=30 drop=0
[QUEUE_STATS] t_ms=19568 q_pkts=542 q_bytes=815168 qdelay_l_ms=1.03915 qdelay_c_ms=56.0098 ecn_mark=30 drop=0
[QUEUE_STATS] t_ms=19584 q_pkts=782 q_bytes=1175528 qdelay_l_ms=1.03656 qdelay_c_ms=56.0511 ecn_mark=30 drop=0
[QUEUE_STATS] t_ms=19600 q_pkts=786 q_bytes=1181544 qdelay_l_ms=1.03847 qdelay_c_ms=56.9247 ecn_mark=30 drop=0
[QUEUE_STATS] t_ms=19616 q_pkts=784 q_bytes=1178536 qdelay_l_ms=1.0364 qdelay_c_ms=38.7624 ecn_mark=30 drop=0
[QUEUE_STATS] t_ms=19632 q_pkts=608 q_bytes=913832 qdelay_l_ms=1.04124 qdelay_c_ms=53.6992 ecn_mark=30 drop=0
[QUEUE_STATS] t_ms=19648 q_pkts=765 q_bytes=1150560 qdelay_l_ms=0.227798 qdelay_c_ms=55.1596 ecn_mark=30 drop=0
[QUEUE_STATS] t_ms=19664 q_pkts=780 q_bytes=1173120 qdelay_l_ms=1.00894 qdelay_c_ms=56.6632 ecn_mark=30 drop=0
[QUEUE_STATS] t_ms=19680 q_pkts=773 q_bytes=1162592 qdelay_l_ms=0 qdelay_c_ms=34.5472 ecn_mark=30 drop=0
[QUEUE_STATS] t_ms=19696 q_pkts=679 q_bytes=1021216 qdelay_l_ms=1.03649 qdelay_c_ms=49.3656 ecn_mark=30 drop=0
[QUEUE_STATS] t_ms=19712 q_pkts=457 q_bytes=687328 qdelay_l_ms=1.10371 qdelay_c_ms=56.8013 ecn_mark=30 drop=0
[QUEUE_STATS] t_ms=19728 q_pkts=776 q_bytes=1167104 qdelay_l_ms=1.03372 qdelay_c_ms=56.0467 ecn_mark=30 drop=0
[QUEUE_STATS] t_ms=19744 q_pkts=774 q_bytes=1162660 qdelay_l_ms=1.04803 qdelay_c_ms=56.18 ecn_mark=30 drop=0
[QUEUE_STATS] t_ms=19760 q_pkts=764 q_bytes=1147620 qdelay_l_ms=1.03676 qdelay_c_ms=43.9273 ecn_mark=30 drop=0
[QUEUE_STATS] t_ms=19776 q_pkts=544 q_bytes=816740 qdelay_l_ms=1.03239 qdelay_c_ms=55.749 ecn_mark=30 drop=0
[QUEUE_STATS] t_ms=19792 q_pkts=783 q_bytes=1175932 qdelay_l_ms=1.02908 qdelay_c_ms=56.9609 ecn_mark=30 drop=0
[QUEUE_STATS] t_ms=19808 q_pkts=786 q_bytes=1181880 qdelay_l_ms=1.032 qdelay_c_ms=56.6819 ecn_mark=30 drop=0
[QUEUE_STATS] t_ms=19824 q_pkts=777 q_bytes=1168344 qdelay_l_ms=1.02891 qdelay_c_ms=39.0421 ecn_mark=30 drop=0
[QUEUE_STATS] t_ms=19840 q_pkts=603 q_bytes=906648 qdelay_l_ms=1.05137 qdelay_c_ms=53.9544 ecn_mark=30 drop=0
[QUEUE_STATS] t_ms=19856 q_pkts=693 q_bytes=1042272 qdelay_l_ms=0 qdelay_c_ms=55.1641 ecn_mark=30 drop=0
[QUEUE_STATS] t_ms=19872 q_pkts=777 q_bytes=1168608 qdelay_l_ms=1.08308 qdelay_c_ms=56.3616 ecn_mark=30 drop=0
[QUEUE_STATS] t_ms=19888 q_pkts=781 q_bytes=1174624 qdelay_l_ms=0 qdelay_c_ms=34.5743 ecn_mark=30 drop=0
[QUEUE_STATS] t_ms=19904 q_pkts=680 q_bytes=1022720 qdelay_l_ms=0.688211 qdelay_c_ms=48.6626 ecn_mark=30 drop=0
[QUEUE_STATS] t_ms=19920 q_pkts=455 q_bytes=684320 qdelay_l_ms=0 qdelay_c_ms=57.1109 ecn_mark=30 drop=0
[QUEUE_STATS] t_ms=19936 q_pkts=780 q_bytes=1173120 qdelay_l_ms=1.02757 qdelay_c_ms=56.0602 ecn_mark=30 drop=0
[QUEUE_STATS] t_ms=19952 q_pkts=785 q_bytes=1179204 qdelay_l_ms=1.02839 qdelay_c_ms=55.8375 ecn_mark=30 drop=0
[QUEUE_STATS] t_ms=19968 q_pkts=782 q_bytes=1174692 qdelay_l_ms=1.02434 qdelay_c_ms=44.6537 ecn_mark=30 drop=0
[QUEUE_STATS] t_ms=19984 q_pkts=569 q_bytes=854340 qdelay_l_ms=1.02484 qdelay_c_ms=56.9696 ecn_mark=30 drop=0
[QUEUE_STATS] t_ms=20000 q_pkts=780 q_bytes=1171420 qdelay_l_ms=0.928001 qdelay_c_ms=55.6952 ecn_mark=30 drop=0
[QUEUE_STATS] t_ms=20016 q_pkts=778 q_bytes=1169848 qdelay_l_ms=1.00359 qdelay_c_ms=56.6901 ecn_mark=30 drop=0
[QUEUE_STATS] t_ms=20032 q_pkts=772 q_bytes=1160824 qdelay_l_ms=1.02277 qdelay_c_ms=36.8951 ecn_mark=30 drop=0
[QUEUE_STATS] t_ms=20048 q_pkts=633 q_bytes=951768 qdelay_l_ms=1.10539 qdelay_c_ms=51.671 ecn_mark=30 drop=0
[QUEUE_STATS] t_ms=20064 q_pkts=494 q_bytes=742976 qdelay_l_ms=0.484319 qdelay_c_ms=55.2658 ecn_mark=30 drop=0
[QUEUE_STATS] t_ms=20080 q_pkts=776 q_bytes=1167104 qdelay_l_ms=1.13509 qdelay_c_ms=56.5601 ecn_mark=30 drop=0
[QUEUE_STATS] t_ms=20096 q_pkts=781 q_bytes=1174624 qdelay_l_ms=1.01688 qdelay_c_ms=32.9183 ecn_mark=30 drop=0
[QUEUE_STATS] t_ms=20112 q_pkts=711 q_bytes=1069344 qdelay_l_ms=1.02187 qdelay_c_ms=47.1983 ecn_mark=30 drop=0
[QUEUE_STATS] t_ms=20128 q_pkts=483 q_bytes=726432 qdelay_l_ms=0 qdelay_c_ms=57.0155 ecn_mark=30 drop=0
[QUEUE_STATS] t_ms=20144 q_pkts=785 q_bytes=1179772 qdelay_l_ms=1.02041 qdelay_c_ms=55.9395 ecn_mark=30 drop=0
[QUEUE_STATS] t_ms=20160 q_pkts=779 q_bytes=1170748 qdelay_l_ms=1.01921 qdelay_c_ms=55.7053 ecn_mark=30 drop=0
[QUEUE_STATS] t_ms=20176 q_pkts=771 q_bytes=1158716 qdelay_l_ms=1.02204 qdelay_c_ms=43.464 ecn_mark=30 drop=0
[QUEUE_STATS] t_ms=20192 q_pkts=550 q_bytes=827200 qdelay_l_ms=1.01955 qdelay_c_ms=57.1643 ecn_mark=30 drop=0
[QUEUE_STATS] t_ms=20208 q_pkts=785 q_bytes=1179808 qdelay_l_ms=1.01581 qdelay_c_ms=57.0516 ecn_mark=30 drop=0
[QUEUE_STATS] t_ms=20224 q_pkts=792 q_bytes=1190336 qdelay_l_ms=1.02643 qdelay_c_ms=57.1223 ecn_mark=30 drop=0
[QUEUE_STATS] t_ms=20240 q_pkts=782 q_bytes=1175296 qdelay_l_ms=1.01578 qdelay_c_ms=39.0307 ecn_mark=30 drop=0
[QUEUE_STATS] t_ms=20256 q_pkts=607 q_bytes=912096 qdelay_l_ms=1.02076 qdelay_c_ms=53.8948 ecn_mark=30 drop=0
[QUEUE_STATS] t_ms=20272 q_pkts=777 q_bytes=1168608 qdelay_l_ms=0.109105 qdelay_c_ms=55.2687 ecn_mark=31 drop=0
[QUEUE_STATS] t_ms=20288 q_pkts=788 q_bytes=1185152 qdelay_l_ms=0.847951 qdelay_c_ms=57.087 ecn_mark=31 drop=0
[QUEUE_STATS] t_ms=20304 q_pkts=792 q_bytes=1191168 qdelay_l_ms=1.1711 qdelay_c_ms=34.9004 ecn_mark=31 drop=0
[QUEUE_STATS] t_ms=20320 q_pkts=691 q_bytes=1039264 qdelay_l_ms=1.01376 qdelay_c_ms=49.3731 ecn_mark=31 drop=0
[QUEUE_STATS] t_ms=20336 q_pkts=464 q_bytes=697856 qdelay_l_ms=1.11235 qdelay_c_ms=56.9849 ecn_mark=32 drop=0
[QUEUE_STATS] t_ms=20352 q_pkts=787 q_bytes=1182780 qdelay_l_ms=1.01635 qdelay_c_ms=56.156 ecn_mark=32 drop=0
[QUEUE_STATS] t_ms=20368 q_pkts=784 q_bytes=1178268 qdelay_l_ms=1.01709 qdelay_c_ms=56.137 ecn_mark=32 drop=0
[QUEUE_STATS] t_ms=20384 q_pkts=760 q_bytes=1142172 qdelay_l_ms=1.11009 qdelay_c_ms=44.623 ecn_mark=32 drop=0
[QUEUE_STATS] t_ms=20400 q_pkts=540 q_bytes=812160 qdelay_l_ms=1.01263 qdelay_c_ms=56.9667 ecn_mark=32 drop=0
[QUEUE_STATS] t_ms=20416 q_pkts=788 q_bytes=1184320 qdelay_l_ms=1.00896 qdelay_c_ms=57.8407 ecn_mark=32 drop=0
[QUEUE_STATS] t_ms=20432 q_pkts=793 q_bytes=1191840 qdelay_l_ms=1.07604 qdelay_c_ms=58.2221 ecn_mark=32 drop=0
[QUEUE_STATS] t_ms=20448 q_pkts=785 q_bytes=1179808 qdelay_l_ms=1.01113 qdelay_c_ms=38.7827 ecn_mark=32 drop=0
[QUEUE_STATS] t_ms=20464 q_pkts=612 q_bytes=919616 qdelay_l_ms=1.01379 qdelay_c_ms=53.7646 ecn_mark=32 drop=0
[QUEUE_STATS] t_ms=20480 q_pkts=690 q_bytes=1037760 qdelay_l_ms=0.459562 qdelay_c_ms=55.2751 ecn_mark=32 drop=0
[QUEUE_STATS] t_ms=20496 q_pkts=790 q_bytes=1188160 qdelay_l_ms=1.10499 qdelay_c_ms=57.2599 ecn_mark=32 drop=0
[QUEUE_STATS] t_ms=20512 q_pkts=788 q_bytes=1185152 qdelay_l_ms=0 qdelay_c_ms=34.4052 ecn_mark=32 drop=0
[QUEUE_STATS] t_ms=20528 q_pkts=693 q_bytes=1042272 qdelay_l_ms=1.10691 qdelay_c_ms=49.1619 ecn_mark=32 drop=0
[QUEUE_STATS] t_ms=20544 q_pkts=464 q_bytes=697856 qdelay_l_ms=1.00542 qdelay_c_ms=57.0381 ecn_mark=32 drop=0
[QUEUE_STATS] t_ms=20560 q_pkts=784 q_bytes=1178836 qdelay_l_ms=1.00413 qdelay_c_ms=56.9026 ecn_mark=32 drop=0
[QUEUE_STATS] t_ms=20576 q_pkts=785 q_bytes=1180340 qdelay_l_ms=0.914746 qdelay_c_ms=56.9634 ecn_mark=33 drop=0
[QUEUE_STATS] t_ms=20592 q_pkts=761 q_bytes=1144244 qdelay_l_ms=1.0718 qdelay_c_ms=44.6009 ecn_mark=33 drop=0
[QUEUE_STATS] t_ms=20608 q_pkts=543 q_bytes=816672 qdelay_l_ms=1.00155 qdelay_c_ms=56.863 ecn_mark=33 drop=0
[QUEUE_STATS] t_ms=20624 q_pkts=796 q_bytes=1195784 qdelay_l_ms=1.01976 qdelay_c_ms=58.1726 ecn_mark=33 drop=0
[QUEUE_STATS] t_ms=20640 q_pkts=782 q_bytes=1174728 qdelay_l_ms=0.019326 qdelay_c_ms=57.4196 ecn_mark=33 drop=0
[QUEUE_STATS] t_ms=20656 q_pkts=792 q_bytes=1189768 qdelay_l_ms=1.00535 qdelay_c_ms=40.0084 ecn_mark=33 drop=0
[QUEUE_STATS] t_ms=20672 q_pkts=606 q_bytes=910024 qdelay_l_ms=1.00664 qdelay_c_ms=54.757 ecn_mark=33 drop=0
[QUEUE_STATS] t_ms=20688 q_pkts=789 q_bytes=1186656 qdelay_l_ms=0.895079 qdelay_c_ms=56.7468 ecn_mark=33 drop=0
[QUEUE_STATS] t_ms=20704 q_pkts=795 q_bytes=1195680 qdelay_l_ms=0.989436 qdelay_c_ms=57.0249 ecn_mark=34 drop=0
[QUEUE_STATS] t_ms=20720 q_pkts=786 q_bytes=1182144 qdelay_l_ms=1.00378 qdelay_c_ms=36.5851 ecn_mark=34 drop=0
[QUEUE_STATS] t_ms=20736 q_pkts=714 q_bytes=1073856 qdelay_l_ms=1.11139 qdelay_c_ms=51.2373 ecn_mark=34 drop=0
[QUEUE_STATS] t_ms=20752 q_pkts=488 q_bytes=733952 qdelay_l_ms=0.998623 qdelay_c_ms=56.9566 ecn_mark=35 drop=0
[QUEUE_STATS] t_ms=20768 q_pkts=785 q_bytes=1180340 qdelay_l_ms=1.00185 qdelay_c_ms=56.9162 ecn_mark=35 drop=0
[QUEUE_STATS] t_ms=20784 q_pkts=788 q_bytes=1184852 qdelay_l_ms=0.12275 qdelay_c_ms=57.0776 ecn_mark=35 drop=0
[QUEUE_STATS] t_ms=20800 q_pkts=792 q_bytes=1190868 qdelay_l_ms=1.09281 qdelay_c_ms=43.3904 ecn_mark=35 drop=0
[QUEUE_STATS] t_ms=20816 q_pkts=604 q_bytes=908416 qdelay_l_ms=1.00167 qdelay_c_ms=56.9212 ecn_mark=35 drop=0
[QUEUE_STATS] t_ms=20832 q_pkts=788 q_bytes=1183752 qdelay_l_ms=0.887916 qdelay_c_ms=56.9386 ecn_mark=35 drop=0
[QUEUE_STATS] t_ms=20848 q_pkts=790 q_bytes=1186760 qdelay_l_ms=0.735018 qdelay_c_ms=56.7017 ecn_mark=36 drop=0
[QUEUE_STATS] t_ms=20864 q_pkts=792 q_bytes=1189768 qdelay_l_ms=0.995568 qdelay_c_ms=35.6253 ecn_mark=36 drop=0
[QUEUE_STATS] t_ms=20880 q_pkts=674 q_bytes=1012296 qdelay_l_ms=0.995657 qdelay_c_ms=50.0817 ecn_mark=36 drop=0
[QUEUE_STATS] t_ms=20896 q_pkts=455 q_bytes=684320 qdelay_l_ms=0.997801 qdelay_c_ms=57.784 ecn_mark=36 drop=0
[QUEUE_STATS] t_ms=20912 q_pkts=786 q_bytes=1182144 qdelay_l_ms=1.16745 qdelay_c_ms=57.8767 ecn_mark=36 drop=0
[QUEUE_STATS] t_ms=20928 q_pkts=787 q_bytes=1183648 qdelay_l_ms=0.999986 qdelay_c_ms=58.3698 ecn_mark=37 drop=0
[QUEUE_STATS] t_ms=20944 q_pkts=753 q_bytes=1132512 qdelay_l_ms=1.10397 qdelay_c_ms=45.5877 ecn_mark=38 drop=0
[QUEUE_STATS] t_ms=20960 q_pkts=528 q_bytes=794112 qdelay_l_ms=1.11018 qdelay_c_ms=56.5942 ecn_mark=38 drop=0
[QUEUE_STATS] t_ms=20976 q_pkts=799 q_bytes=1201396 qdelay_l_ms=0.809849 qdelay_c_ms=56.7654 ecn_mark=39 drop=0
[QUEUE_STATS] t_ms=20992 q_pkts=787 q_bytes=1183348 qdelay_l_ms=1.03839 qdelay_c_ms=56.8304 ecn_mark=39 drop=0
[QUEUE_STATS] t_ms=21008 q_pkts=779 q_bytes=1171316 qdelay_l_ms=1.10537 qdelay_c_ms=41.8633 ecn_mark=39 drop=0
[QUEUE_STATS] t_ms=21024 q_pkts=634 q_bytes=953236 qdelay_l_ms=0.992712 qdelay_c_ms=56.2795 ecn_mark=39 drop=0
[QUEUE_STATS] t_ms=21040 q_pkts=600 q_bytes=902400 qdelay_l_ms=0 qdelay_c_ms=57.4628 ecn_mark=39 drop=0
[QUEUE_STATS] t_ms=21056 q_pkts=792 q_bytes=1189768 qdelay_l_ms=0.992211 qdelay_c_ms=57.8157 ecn_mark=39 drop=0
[QUEUE_STATS] t_ms=21072 q_pkts=786 q_bytes=1180744 qdelay_l_ms=0.992993 qdelay_c_ms=33.7057 ecn_mark=39 drop=0
[QUEUE_STATS] t_ms=21088 q_pkts=749 q_bytes=1125096 qdelay_l_ms=0.993894 qdelay_c_ms=48.3894 ecn_mark=39 drop=0
[QUEUE_STATS] t_ms=21104 q_pkts=529 q_bytes=795616 qdelay_l_ms=0.991259 qdelay_c_ms=57.9938 ecn_mark=39 drop=0
[QUEUE_STATS] t_ms=21120 q_pkts=793 q_bytes=1192672 qdelay_l_ms=1.07686 qdelay_c_ms=58.1743 ecn_mark=39 drop=0
[QUEUE_STATS] t_ms=21136 q_pkts=788 q_bytes=1185152 qdelay_l_ms=0.888827 qdelay_c_ms=56.6957 ecn_mark=39 drop=0
[QUEUE_STATS] t_ms=21152 q_pkts=795 q_bytes=1195680 qdelay_l_ms=0.990328 qdelay_c_ms=40.6841 ecn_mark=40 drop=0
[QUEUE_STATS] t_ms=21168 q_pkts=603 q_bytes=906912 qdelay_l_ms=0.976802 qdelay_c_ms=55.4181 ecn_mark=40 drop=0
[QUEUE_STATS] t_ms=21184 q_pkts=791 q_bytes=1189364 qdelay_l_ms=1.00357 qdelay_c_ms=57.9712 ecn_mark=40 drop=0
[QUEUE_STATS] t_ms=21200 q_pkts=798 q_bytes=1199892 qdelay_l_ms=1.00382 qdelay_c_ms=56.769 ecn_mark=40 drop=0
[QUEUE_STATS] t_ms=21216 q_pkts=794 q_bytes=1193876 qdelay_l_ms=0.990659 qdelay_c_ms=36.6302 ecn_mark=40 drop=0
[QUEUE_STATS] t_ms=21232 q_pkts=674 q_bytes=1013396 qdelay_l_ms=1.10523 qdelay_c_ms=51.2424 ecn_mark=40 drop=0
[QUEUE_STATS] t_ms=21248 q_pkts=454 q_bytes=682816 qdelay_l_ms=0.9859 qdelay_c_ms=58.8096 ecn_mark=40 drop=0
[QUEUE_STATS] t_ms=21264 q_pkts=791 q_bytes=1188264 qdelay_l_ms=0.986381 qdelay_c_ms=57.974 ecn_mark=41 drop=0
[QUEUE_STATS] t_ms=21280 q_pkts=795 q_bytes=1194280 qdelay_l_ms=0.867227 qdelay_c_ms=56.9827 ecn_mark=41 drop=0
[QUEUE_STATS] t_ms=21296 q_pkts=734 q_bytes=1102536 qdelay_l_ms=0.986941 qdelay_c_ms=46.7658 ecn_mark=41 drop=0
[QUEUE_STATS] t_ms=21312 q_pkts=515 q_bytes=774560 qdelay_l_ms=0.962535 qdelay_c_ms=56.9717 ecn_mark=41 drop=0
[QUEUE_STATS] t_ms=21328 q_pkts=800 q_bytes=1203200 qdelay_l_ms=1.12624 qdelay_c_ms=57.0626 ecn_mark=41 drop=0
[QUEUE_STATS] t_ms=21344 q_pkts=796 q_bytes=1197184 qdelay_l_ms=1.10429 qdelay_c_ms=59.1543 ecn_mark=41 drop=0
[QUEUE_STATS] t_ms=21360 q_pkts=798 q_bytes=1200192 qdelay_l_ms=1.10227 qdelay_c_ms=42.2372 ecn_mark=41 drop=0
[QUEUE_STATS] t_ms=21376 q_pkts=637 q_bytes=958048 qdelay_l_ms=1.07855 qdelay_c_ms=57.001 ecn_mark=41 drop=0
[QUEUE_STATS] t_ms=21392 q_pkts=775 q_bytes=1165300 qdelay_l_ms=0.062066 qdelay_c_ms=56.0137 ecn_mark=41 drop=0
[QUEUE_STATS] t_ms=21408 q_pkts=798 q_bytes=1199892 qdelay_l_ms=1.19605 qdelay_c_ms=57.9291 ecn_mark=41 drop=0
[QUEUE_STATS] t_ms=21424 q_pkts=787 q_bytes=1183348 qdelay_l_ms=0.984547 qdelay_c_ms=34.8885 ecn_mark=41 drop=0
[QUEUE_STATS] t_ms=21440 q_pkts=746 q_bytes=1121684 qdelay_l_ms=0 qdelay_c_ms=48.6989 ecn_mark=41 drop=0
[QUEUE_STATS] t_ms=21456 q_pkts=530 q_bytes=797120 qdelay_l_ms=0.982382 qdelay_c_ms=58.9742 ecn_mark=41 drop=0
[QUEUE_STATS] t_ms=21472 q_pkts=789 q_bytes=1185256 qdelay_l_ms=0.980339 qdelay_c_ms=58.0625 ecn_mark=42 drop=0
[QUEUE_STATS] t_ms=21488 q_pkts=794 q_bytes=1192776 qdelay_l_ms=0.979868 qdelay_c_ms=57.7106 ecn_mark=42 drop=0
[QUEUE_STATS] t_ms=21504 q_pkts=788 q_bytes=1183752 qdelay_l_ms=0.891221 qdelay_c_ms=41.403 ecn_mark=42 drop=0
[QUEUE_STATS] t_ms=21520 q_pkts=601 q_bytes=902504 qdelay_l_ms=0.978115 qdelay_c_ms=55.9633 ecn_mark=42 drop=0
[QUEUE_STATS] t_ms=21536 q_pkts=793 q_bytes=1192672 qdelay_l_ms=1.11529 qdelay_c_ms=57.9945 ecn_mark=42 drop=0
[QUEUE_STATS] t_ms=21552 q_pkts=801 q_bytes=1204704 qdelay_l_ms=0.822714 qdelay_c_ms=58.6982 ecn_mark=42 drop=0
[QUEUE_STATS] t_ms=21568 q_pkts=797 q_bytes=1198688 qdelay_l_ms=1.10663 qdelay_c_ms=36.772 ecn_mark=42 drop=0
[QUEUE_STATS] t_ms=21584 q_pkts=676 q_bytes=1016704 qdelay_l_ms=1.10866 qdelay_c_ms=51.3141 ecn_mark=43 drop=0
[QUEUE_STATS] t_ms=21600 q_pkts=448 q_bytes=673792 qdelay_l_ms=0.976973 qdelay_c_ms=57.1815 ecn_mark=43 drop=0
[QUEUE_STATS] t_ms=21616 q_pkts=798 q_bytes=1199892 qdelay_l_ms=0.978806 qdelay_c_ms=57.8072 ecn_mark=43 drop=0
[QUEUE_STATS] t_ms=21632 q_pkts=794 q_bytes=1193876 qdelay_l_ms=0.979447 qdelay_c_ms=57.1139 ecn_mark=43 drop=0
[QUEUE_STATS] t_ms=21648 q_pkts=746 q_bytes=1121684 qdelay_l_ms=1.10986 qdelay_c_ms=46.9178 ecn_mark=43 drop=0
[QUEUE_STATS] t_ms=21664 q_pkts=530 q_bytes=797120 qdelay_l_ms=0.976291 qdelay_c_ms=58.0347 ecn_mark=43 drop=0
[QUEUE_STATS] t_ms=21680 q_pkts=805 q_bytes=1209320 qdelay_l_ms=0.801854 qdelay_c_ms=57.8085 ecn_mark=43 drop=0
[QUEUE_STATS] t_ms=21696 q_pkts=798 q_bytes=1198792 qdelay_l_ms=0 qdelay_c_ms=58.1349 ecn_mark=43 drop=0
[QUEUE_STATS] t_ms=21712 q_pkts=789 q_bytes=1185256 qdelay_l_ms=0.877837 qdelay_c_ms=42.2139 ecn_mark=43 drop=0
[QUEUE_STATS] t_ms=21728 q_pkts=632 q_bytes=950528 qdelay_l_ms=0.953539 qdelay_c_ms=56.8531 ecn_mark=43 drop=0
[QUEUE_STATS] t_ms=21744 q_pkts=792 q_bytes=1191168 qdelay_l_ms=0.858551 qdelay_c_ms=56.8283 ecn_mark=43 drop=0
[QUEUE_STATS] t_ms=21760 q_pkts=802 q_bytes=1206208 qdelay_l_ms=0.973065 qdelay_c_ms=57.9955 ecn_mark=44 drop=0
[QUEUE_STATS] t_ms=21776 q_pkts=791 q_bytes=1189664 qdelay_l_ms=0.972985 qdelay_c_ms=34.8341 ecn_mark=44 drop=0
[QUEUE_STATS] t_ms=21792 q_pkts=708 q_bytes=1064832 qdelay_l_ms=1.07229 qdelay_c_ms=49.7448 ecn_mark=45 drop=0
[QUEUE_STATS] t_ms=21808 q_pkts=479 q_bytes=720416 qdelay_l_ms=0.974979 qdelay_c_ms=56.8593 ecn_mark=45 drop=0
[QUEUE_STATS] t_ms=21824 q_pkts=795 q_bytes=1195380 qdelay_l_ms=0.969599 qdelay_c_ms=57.1061 ecn_mark=45 drop=0
[QUEUE_STATS] t_ms=21840 q_pkts=790 q_bytes=1187860 qdelay_l_ms=0.975079 qdelay_c_ms=56.5775 ecn_mark=45 drop=0
[QUEUE_STATS] t_ms=21856 q_pkts=789 q_bytes=1186356 qdelay_l_ms=0.974418 qdelay_c_ms=44.8571 ecn_mark=45 drop=0
[QUEUE_STATS] t_ms=21872 q_pkts=605 q_bytes=909920 qdelay_l_ms=0.976181 qdelay_c_ms=57.9063 ecn_mark=45 drop=0
[QUEUE_STATS] t_ms=21888 q_pkts=796 q_bytes=1195784 qdelay_l_ms=0.985929 qdelay_c_ms=58.1189 ecn_mark=45 drop=0
[QUEUE_STATS] t_ms=21904 q_pkts=803 q_bytes=1206312 qdelay_l_ms=1.20209 qdelay_c_ms=58.963 ecn_mark=45 drop=0
[QUEUE_STATS] t_ms=21920 q_pkts=799 q_bytes=1200296 qdelay_l_ms=0.970621 qdelay_c_ms=36.691 ecn_mark=45 drop=0
[QUEUE_STATS] t_ms=21936 q_pkts=717 q_bytes=1076968 qdelay_l_ms=1.11522 qdelay_c_ms=51.2605 ecn_mark=45 drop=0
[QUEUE_STATS] t_ms=21952 q_pkts=499 q_bytes=750496 qdelay_l_ms=0.971823 qdelay_c_ms=58.9694 ecn_mark=45 drop=0
[QUEUE_STATS] t_ms=21968 q_pkts=787 q_bytes=1183648 qdelay_l_ms=0.100669 qdelay_c_ms=58.1391 ecn_mark=46 drop=0
[QUEUE_STATS] t_ms=21984 q_pkts=805 q_bytes=1210720 qdelay_l_ms=0.967185 qdelay_c_ms=58.816 ecn_mark=46 drop=0
[QUEUE_STATS] t_ms=22000 q_pkts=794 q_bytes=1194176 qdelay_l_ms=0.86334 qdelay_c_ms=43.916 ecn_mark=46 drop=0
[QUEUE_STATS] t_ms=22016 q_pkts=566 q_bytes=851264 qdelay_l_ms=1.09906 qdelay_c_ms=57.7703 ecn_mark=47 drop=0
[QUEUE_STATS] t_ms=22032 q_pkts=803 q_bytes=1207412 qdelay_l_ms=1.22863 qdelay_c_ms=58.9213 ecn_mark=48 drop=0
[QUEUE_STATS] t_ms=22048 q_pkts=795 q_bytes=1195380 qdelay_l_ms=1.1794 qdelay_c_ms=57.958 ecn_mark=48 drop=0
[QUEUE_STATS] t_ms=22064 q_pkts=802 q_bytes=1205908 qdelay_l_ms=1.13936 qdelay_c_ms=38.8026 ecn_mark=48 drop=0
[QUEUE_STATS] t_ms=22080 q_pkts=644 q_bytes=968276 qdelay_l_ms=0.970941 qdelay_c_ms=53.8391 ecn_mark=48 drop=0
[QUEUE_STATS] t_ms=22096 q_pkts=629 q_bytes=946016 qdelay_l_ms=0 qdelay_c_ms=58.3069 ecn_mark=48 drop=0
[QUEUE_STATS] t_ms=22112 q_pkts=804 q_bytes=1207816 qdelay_l_ms=0.967755 qdelay_c_ms=58.8686 ecn_mark=49 drop=0
[QUEUE_STATS] t_ms=22128 q_pkts=797 q_bytes=1197288 qdelay_l_ms=0 qdelay_c_ms=33.7411 ecn_mark=49 drop=0
[QUEUE_STATS] t_ms=22144 q_pkts=715 q_bytes=1073960 qdelay_l_ms=0.963117 qdelay_c_ms=48.2913 ecn_mark=50 drop=0
[QUEUE_STATS] t_ms=22160 q_pkts=497 q_bytes=747488 qdelay_l_ms=0.964299 qdelay_c_ms=57.8119 ecn_mark=50 drop=0
[QUEUE_STATS] t_ms=22176 q_pkts=796 q_bytes=1197184 qdelay_l_ms=1.11642 qdelay_c_ms=58.3427 ecn_mark=51 drop=0
[QUEUE_STATS] t_ms=22192 q_pkts=806 q_bytes=1212224 qdelay_l_ms=1.17317 qdelay_c_ms=59.1847 ecn_mark=51 drop=0
[QUEUE_STATS] t_ms=22208 q_pkts=795 q_bytes=1195680 qdelay_l_ms=1.14592 qdelay_c_ms=44.3109 ecn_mark=51 drop=0
[QUEUE_STATS] t_ms=22224 q_pkts=571 q_bytes=858784 qdelay_l_ms=0.96452 qdelay_c_ms=57.9541 ecn_mark=51 drop=0
[QUEUE_STATS] t_ms=22240 q_pkts=806 q_bytes=1211924 qdelay_l_ms=0.962827 qdelay_c_ms=57.9401 ecn_mark=51 drop=0
[QUEUE_STATS] t_ms=22256 q_pkts=801 q_bytes=1204404 qdelay_l_ms=1.17974 qdelay_c_ms=58.1111 ecn_mark=51 drop=0
[QUEUE_STATS] t_ms=22272 q_pkts=788 q_bytes=1184852 qdelay_l_ms=1.10809 qdelay_c_ms=39.7733 ecn_mark=53 drop=0
[QUEUE_STATS] t_ms=22288 q_pkts=645 q_bytes=969780 qdelay_l_ms=0.9652 qdelay_c_ms=54.4054 ecn_mark=53 drop=0
[QUEUE_STATS] t_ms=22304 q_pkts=624 q_bytes=938496 qdelay_l_ms=0 qdelay_c_ms=58.2857 ecn_mark=53 drop=0
[QUEUE_STATS] t_ms=22320 q_pkts=801 q_bytes=1203304 qdelay_l_ms=1.16584 qdelay_c_ms=58.179 ecn_mark=53 drop=0
[QUEUE_STATS] t_ms=22336 q_pkts=797 q_bytes=1197288 qdelay_l_ms=0 qdelay_c_ms=33.8864 ecn_mark=53 drop=0
[QUEUE_STATS] t_ms=22352 q_pkts=714 q_bytes=1072456 qdelay_l_ms=0.962505 qdelay_c_ms=48.4169 ecn_mark=53 drop=0
[QUEUE_STATS] t_ms=22368 q_pkts=497 q_bytes=747488 qdelay_l_ms=0.960151 qdelay_c_ms=58.0182 ecn_mark=53 drop=0
[QUEUE_STATS] t_ms=22384 q_pkts=800 q_bytes=1203200 qdelay_l_ms=1.17012 qdelay_c_ms=58.9344 ecn_mark=53 drop=0
[QUEUE_STATS] t_ms=22400 q_pkts=806 q_bytes=1212224 qdelay_l_ms=1.13267 qdelay_c_ms=60.303 ecn_mark=53 drop=0
[QUEUE_STATS] t_ms=22416 q_pkts=796 q_bytes=1197184 qdelay_l_ms=0.953368 qdelay_c_ms=44.099 ecn_mark=53 drop=0
[QUEUE_STATS] t_ms=22432 q_pkts=581 q_bytes=873824 qdelay_l_ms=1.0569 qdelay_c_ms=58.9258 ecn_mark=53 drop=0
[QUEUE_STATS] t_ms=22448 q_pkts=807 q_bytes=1213428 qdelay_l_ms=0.956134 qdelay_c_ms=58.7107 ecn_mark=53 drop=0
[QUEUE_STATS] t_ms=22464 q_pkts=803 q_bytes=1207412 qdelay_l_ms=1.00689 qdelay_c_ms=58.0844 ecn_mark=53 drop=0
[QUEUE_STATS] t_ms=22480 q_pkts=793 q_bytes=1192372 qdelay_l_ms=0.958318 qdelay_c_ms=39.3183 ecn_mark=53 drop=0
[QUEUE_STATS] t_ms=22496 q_pkts=650 q_bytes=977300 qdelay_l_ms=0.962856 qdelay_c_ms=54.022 ecn_mark=53 drop=0
[QUEUE_STATS] t_ms=22512 q_pkts=587 q_bytes=882848 qdelay_l_ms=0 qdelay_c_ms=58.2996 ecn_mark=53 drop=0
[QUEUE_STATS] t_ms=22528 q_pkts=808 q_bytes=1213832 qdelay_l_ms=0.953669 qdelay_c_ms=59.8344 ecn_mark=53 drop=0
[QUEUE_STATS] t_ms=22544 q_pkts=803 q_bytes=1206312 qdelay_l_ms=0 qdelay_c_ms=34.0072 ecn_mark=53 drop=0
[QUEUE_STATS] t_ms=22560 q_pkts=766 q_bytes=1150664 qdelay_l_ms=0.953489 qdelay_c_ms=48.1013 ecn_mark=53 drop=0
[QUEUE_STATS] t_ms=22576 q_pkts=550 q_bytes=827200 qdelay_l_ms=0.95396 qdelay_c_ms=58.8128 ecn_mark=54 drop=0
[QUEUE_STATS] t_ms=22592 q_pkts=788 q_bytes=1185152 qdelay_l_ms=0 qdelay_c_ms=57.5577 ecn_mark=54 drop=0
[QUEUE_STATS] t_ms=22608 q_pkts=800 q_bytes=1203200 qdelay_l_ms=1.05333 qdelay_c_ms=58.952 ecn_mark=54 drop=0
[QUEUE_STATS] t_ms=22624 q_pkts=806 q_bytes=1212224 qdelay_l_ms=1.17486 qdelay_c_ms=40.3473 ecn_mark=54 drop=0
[QUEUE_STATS] t_ms=22640 q_pkts=635 q_bytes=955040 qdelay_l_ms=1.10841 qdelay_c_ms=54.7681 ecn_mark=54 drop=0
[QUEUE_STATS] t_ms=22656 q_pkts=801 q_bytes=1204404 qdelay_l_ms=0.950854 qdelay_c_ms=57.4471 ecn_mark=54 drop=0
[QUEUE_STATS] t_ms=22672 q_pkts=800 q_bytes=1202900 qdelay_l_ms=0.950643 qdelay_c_ms=58.8675 ecn_mark=55 drop=0
[QUEUE_STATS] t_ms=22688 q_pkts=803 q_bytes=1207412 qdelay_l_ms=1.03062 qdelay_c_ms=35.7385 ecn_mark=55 drop=0
[QUEUE_STATS] t_ms=22704 q_pkts=705 q_bytes=1060020 qdelay_l_ms=1.10788 qdelay_c_ms=50.4877 ecn_mark=57 drop=0
[QUEUE_STATS] t_ms=22720 q_pkts=490 q_bytes=736960 qdelay_l_ms=0.951294 qdelay_c_ms=59.7466 ecn_mark=58 drop=0
[QUEUE_STATS] t_ms=22736 q_pkts=808 q_bytes=1213832 qdelay_l_ms=0.951414 qdelay_c_ms=58.8774 ecn_mark=58 drop=0
[QUEUE_STATS] t_ms=22752 q_pkts=805 q_bytes=1209320 qdelay_l_ms=0.949431 qdelay_c_ms=57.7203 ecn_mark=58 drop=0
[QUEUE_STATS] t_ms=22768 q_pkts=798 q_bytes=1198792 qdelay_l_ms=0.950293 qdelay_c_ms=44.7525 ecn_mark=58 drop=0
[QUEUE_STATS] t_ms=22784 q_pkts=603 q_bytes=906912 qdelay_l_ms=0.952837 qdelay_c_ms=58.1018 ecn_mark=58 drop=0
[QUEUE_STATS] t_ms=22800 q_pkts=805 q_bytes=1210720 qdelay_l_ms=0.978746 qdelay_c_ms=58.2447 ecn_mark=58 drop=0
[QUEUE_STATS] t_ms=22816 q_pkts=801 q_bytes=1204704 qdelay_l_ms=1.00426 qdelay_c_ms=59.699 ecn_mark=58 drop=0
[QUEUE_STATS] t_ms=22832 q_pkts=797 q_bytes=1198688 qdelay_l_ms=0.86351 qdelay_c_ms=36.7717 ecn_mark=58 drop=0
[QUEUE_STATS] t_ms=22848 q_pkts=693 q_bytes=1042272 qdelay_l_ms=1.07226 qdelay_c_ms=51.4593 ecn_mark=59 drop=0
[QUEUE_STATS] t_ms=22864 q_pkts=466 q_bytes=700864 qdelay_l_ms=0.948399 qdelay_c_ms=57.9385 ecn_mark=59 drop=0
[QUEUE_STATS] t_ms=22880 q_pkts=804 q_bytes=1208916 qdelay_l_ms=0.94897 qdelay_c_ms=57.7741 ecn_mark=59 drop=0
[QUEUE_STATS] t_ms=22896 q_pkts=801 q_bytes=1204404 qdelay_l_ms=0.950703 qdelay_c_ms=58.6836 ecn_mark=59 drop=0
[QUEUE_STATS] t_ms=22912 q_pkts=775 q_bytes=1165300 qdelay_l_ms=1.06269 qdelay_c_ms=46.1922 ecn_mark=59 drop=0
[QUEUE_STATS] t_ms=22928 q_pkts=546 q_bytes=821184 qdelay_l_ms=0.949551 qdelay_c_ms=59.8469 ecn_mark=59 drop=0
[QUEUE_STATS] t_ms=22944 q_pkts=810 q_bytes=1216840 qdelay_l_ms=0.948849 qdelay_c_ms=59.8574 ecn_mark=59 drop=0
[QUEUE_STATS] t_ms=22960 q_pkts=804 q_bytes=1207816 qdelay_l_ms=0.947397 qdelay_c_ms=58.8908 ecn_mark=59 drop=0
[QUEUE_STATS] t_ms=22976 q_pkts=799 q_bytes=1200296 qdelay_l_ms=0.945343 qdelay_c_ms=41.3418 ecn_mark=59 drop=0
[QUEUE_STATS] t_ms=22992 q_pkts=615 q_bytes=923560 qdelay_l_ms=1.03101 qdelay_c_ms=55.7898 ecn_mark=60 drop=0
[QUEUE_STATS] t_ms=23008 q_pkts=806 q_bytes=1212224 qdelay_l_ms=1.08375 qdelay_c_ms=59.1402 ecn_mark=60 drop=0
[QUEUE_STATS] t_ms=23024 q_pkts=801 q_bytes=1204704 qdelay_l_ms=1.04941 qdelay_c_ms=60.3557 ecn_mark=60 drop=0
[QUEUE_STATS] t_ms=23040 q_pkts=790 q_bytes=1188160 qdelay_l_ms=0.945784 qdelay_c_ms=36.6122 ecn_mark=60 drop=0
[QUEUE_STATS] t_ms=23056 q_pkts=741 q_bytes=1114464 qdelay_l_ms=1.10735 qdelay_c_ms=51.3611 ecn_mark=60 drop=0
[QUEUE_STATS] t_ms=23072 q_pkts=515 q_bytes=774560 qdelay_l_ms=1.018 qdelay_c_ms=59.0115 ecn_mark=60 drop=0
[QUEUE_STATS] t_ms=23088 q_pkts=805 q_bytes=1210420 qdelay_l_ms=0.944752 qdelay_c_ms=58.9469 ecn_mark=60 drop=0
[QUEUE_STATS] t_ms=23104 q_pkts=812 q_bytes=1220948 qdelay_l_ms=0.947939 qdelay_c_ms=58.9587 ecn_mark=61 drop=0
[QUEUE_STATS] t_ms=23120 q_pkts=808 q_bytes=1214932 qdelay_l_ms=0.949501 qdelay_c_ms=42.8416 ecn_mark=61 drop=0
[QUEUE_STATS] t_ms=23136 q_pkts=602 q_bytes=905108 qdelay_l_ms=0.943821 qdelay_c_ms=57.7402 ecn_mark=61 drop=0
[QUEUE_STATS] t_ms=23152 q_pkts=805 q_bytes=1209320 qdelay_l_ms=0.829356 qdelay_c_ms=59.7541 ecn_mark=61 drop=0
[QUEUE_STATS] t_ms=23168 q_pkts=809 q_bytes=1215336 qdelay_l_ms=0.969539 qdelay_c_ms=59.7559 ecn_mark=61 drop=0
[QUEUE_STATS] t_ms=23184 q_pkts=808 q_bytes=1213832 qdelay_l_ms=0.951024 qdelay_c_ms=36.72 ecn_mark=62 drop=0
[QUEUE_STATS] t_ms=23200 q_pkts=683 q_bytes=1025832 qdelay_l_ms=0.941807 qdelay_c_ms=51.1824 ecn_mark=62 drop=0
[QUEUE_STATS] t_ms=23216 q_pkts=465 q_bytes=699360 qdelay_l_ms=0.941646 qdelay_c_ms=58.8547 ecn_mark=62 drop=0
[QUEUE_STATS] t_ms=23232 q_pkts=810 q_bytes=1218240 qdelay_l_ms=1.09587 qdelay_c_ms=58.9075 ecn_mark=62 drop=0
[QUEUE_STATS] t_ms=23248 q_pkts=803 q_bytes=1207712 qdelay_l_ms=0.941887 qdelay_c_ms=59.8354 ecn_mark=62 drop=0
[QUEUE_STATS] t_ms=23264 q_pkts=765 q_bytes=1150560 qdelay_l_ms=0.942148 qdelay_c_ms=46.5544 ecn_mark=62 drop=0
[QUEUE_STATS] t_ms=23280 q_pkts=542 q_bytes=815168 qdelay_l_ms=1.00513 qdelay_c_ms=58.8677 ecn_mark=62 drop=0
[QUEUE_STATS] t_ms=23296 q_pkts=539 q_bytes=810656 qdelay_l_ms=0.938771 qdelay_c_ms=59.6596 ecn_mark=63 drop=0
[QUEUE_STATS] t_ms=23312 q_pkts=474 q_bytes=712896 qdelay_l_ms=1.13018 qdelay_c_ms=58.9472 ecn_mark=63 drop=0
[QUEUE_STATS] t_ms=23328 q_pkts=402 q_bytes=604608 qdelay_l_ms=1.16269 qdelay_c_ms=41.1694 ecn_mark=64 drop=0
[QUEUE_STATS] t_ms=23344 q_pkts=338 q_bytes=508352 qdelay_l_ms=0.896872 qdelay_c_ms=35.8827 ecn_mark=64 drop=0
[QUEUE_STATS] t_ms=23360 q_pkts=281 q_bytes=422624 qdelay_l_ms=1.17882 qdelay_c_ms=29.1199 ecn_mark=64 drop=0
[QUEUE_STATS] t_ms=23376 q_pkts=245 q_bytes=368480 qdelay_l_ms=0.830598 qdelay_c_ms=22.8725 ecn_mark=65 drop=0
[QUEUE_STATS] t_ms=23392 q_pkts=244 q_bytes=366976 qdelay_l_ms=1.02222 qdelay_c_ms=17.4132 ecn_mark=65 drop=0
[QUEUE_STATS] t_ms=23408 q_pkts=242 q_bytes=363968 qdelay_l_ms=0.939863 qdelay_c_ms=18.0136 ecn_mark=65 drop=0
[QUEUE_STATS] t_ms=23424 q_pkts=234 q_bytes=351936 qdelay_l_ms=0.950844 qdelay_c_ms=17.9193 ecn_mark=65 drop=0
[QUEUE_STATS] t_ms=23440 q_pkts=248 q_bytes=372992 qdelay_l_ms=0.936697 qdelay_c_ms=17.93 ecn_mark=66 drop=0
[QUEUE_STATS] t_ms=23456 q_pkts=240 q_bytes=360960 qdelay_l_ms=1.07124 qdelay_c_ms=17.4537 ecn_mark=67 drop=0
[QUEUE_STATS] t_ms=23472 q_pkts=245 q_bytes=368480 qdelay_l_ms=0.854904 qdelay_c_ms=18.7835 ecn_mark=67 drop=0
[QUEUE_STATS] t_ms=23488 q_pkts=244 q_bytes=366976 qdelay_l_ms=1.07139 qdelay_c_ms=17.9205 ecn_mark=67 drop=0
[QUEUE_STATS] t_ms=23504 q_pkts=246 q_bytes=369984 qdelay_l_ms=0.937098 qdelay_c_ms=17.9567 ecn_mark=67 drop=0
[QUEUE_STATS] t_ms=23520 q_pkts=251 q_bytes=377504 qdelay_l_ms=0.999444 qdelay_c_ms=19.1237 ecn_mark=68 drop=0
[QUEUE_STATS] t_ms=23536 q_pkts=255 q_bytes=383520 qdelay_l_ms=1.11188 qdelay_c_ms=19.196 ecn_mark=68 drop=0
[QUEUE_STATS] t_ms=23552 q_pkts=264 q_bytes=397056 qdelay_l_ms=1.01104 qdelay_c_ms=18.8853 ecn_mark=68 drop=0
[QUEUE_STATS] t_ms=23568 q_pkts=257 q_bytes=386528 qdelay_l_ms=0.937278 qdelay_c_ms=18.8949 ecn_mark=68 drop=0
[QUEUE_STATS] t_ms=23584 q_pkts=260 q_bytes=391040 qdelay_l_ms=0.936587 qdelay_c_ms=19.8183 ecn_mark=68 drop=0
[QUEUE_STATS] t_ms=23600 q_pkts=263 q_bytes=395552 qdelay_l_ms=0.934753 qdelay_c_ms=18.9657 ecn_mark=69 drop=0
[QUEUE_STATS] t_ms=23616 q_pkts=265 q_bytes=398560 qdelay_l_ms=0.933131 qdelay_c_ms=20.0016 ecn_mark=69 drop=0
[QUEUE_STATS] t_ms=23632 q_pkts=270 q_bytes=406080 qdelay_l_ms=1.00257 qdelay_c_ms=19.9645 ecn_mark=69 drop=0
[QUEUE_STATS] t_ms=23648 q_pkts=273 q_bytes=410592 qdelay_l_ms=0.918683 qdelay_c_ms=19.7735 ecn_mark=69 drop=0
[QUEUE_STATS] t_ms=23664 q_pkts=273 q_bytes=410592 qdelay_l_ms=0.93265 qdelay_c_ms=19.3299 ecn_mark=70 drop=0
[QUEUE_STATS] t_ms=23680 q_pkts=283 q_bytes=425632 qdelay_l_ms=0.933471 qdelay_c_ms=20.906 ecn_mark=70 drop=0
[QUEUE_STATS] t_ms=23696 q_pkts=287 q_bytes=431648 qdelay_l_ms=0.931006 qdelay_c_ms=20.7799 ecn_mark=70 drop=0
[QUEUE_STATS] t_ms=23712 q_pkts=280 q_bytes=421120 qdelay_l_ms=0.806793 qdelay_c_ms=19.966 ecn_mark=70 drop=0
[QUEUE_STATS] t_ms=23728 q_pkts=291 q_bytes=437664 qdelay_l_ms=0.931538 qdelay_c_ms=21.8 ecn_mark=70 drop=0
[QUEUE_STATS] t_ms=23744 q_pkts=286 q_bytes=430144 qdelay_l_ms=0.858361 qdelay_c_ms=20.9135 ecn_mark=70 drop=0
[QUEUE_STATS] t_ms=23760 q_pkts=287 q_bytes=431648 qdelay_l_ms=0.807786 qdelay_c_ms=20.7615 ecn_mark=70 drop=0
[QUEUE_STATS] t_ms=23776 q_pkts=298 q_bytes=448192 qdelay_l_ms=0.92783 qdelay_c_ms=21.778 ecn_mark=70 drop=0
[QUEUE_STATS] t_ms=23792 q_pkts=292 q_bytes=439168 qdelay_l_ms=0.931377 qdelay_c_ms=21.8474 ecn_mark=70 drop=0
[QUEUE_STATS] t_ms=23808 q_pkts=299 q_bytes=449696 qdelay_l_ms=1.07266 qdelay_c_ms=21.4162 ecn_mark=70 drop=0
[QUEUE_STATS] t_ms=23824 q_pkts=305 q_bytes=458720 qdelay_l_ms=1.07123 qdelay_c_ms=22.6128 ecn_mark=70 drop=0
[QUEUE_STATS] t_ms=23840 q_pkts=309 q_bytes=464736 qdelay_l_ms=1.20043 qdelay_c_ms=22.9771 ecn_mark=71 drop=0
[QUEUE_STATS] t_ms=23856 q_pkts=316 q_bytes=475264 qdelay_l_ms=1.18207 qdelay_c_ms=22.0399 ecn_mark=72 drop=0
[QUEUE_STATS] t_ms=23872 q_pkts=307 q_bytes=461728 qdelay_l_ms=1.15625 qdelay_c_ms=22.7884 ecn_mark=72 drop=0
[QUEUE_STATS] t_ms=23888 q_pkts=311 q_bytes=467744 qdelay_l_ms=1.12728 qdelay_c_ms=23.1266 ecn_mark=72 drop=0
[QUEUE_STATS] t_ms=23904 q_pkts=315 q_bytes=473760 qdelay_l_ms=1.09545 qdelay_c_ms=23.1003 ecn_mark=72 drop=0
[QUEUE_STATS] t_ms=23920 q_pkts=315 q_bytes=473760 qdelay_l_ms=1.15794 qdelay_c_ms=23.7083 ecn_mark=72 drop=0
[QUEUE_STATS] t_ms=23936 q_pkts=331 q_bytes=497824 qdelay_l_ms=0.981852 qdelay_c_ms=23.9375 ecn_mark=72 drop=0
[QUEUE_STATS] t_ms=23952 q_pkts=319 q_bytes=479776 qdelay_l_ms=0.988865 qdelay_c_ms=23.8735 ecn_mark=72 drop=0
[QUEUE_STATS] t_ms=23968 q_pkts=328 q_bytes=493312 qdelay_l_ms=0.925606 qdelay_c_ms=23.8017 ecn_mark=72 drop=0
[QUEUE_STATS] t_ms=23984 q_pkts=328 q_bytes=493312 qdelay_l_ms=1.17469 qdelay_c_ms=24.1387 ecn_mark=72 drop=0
[QUEUE_STATS] t_ms=24000 q_pkts=332 q_bytes=499328 qdelay_l_ms=1.13367 qdelay_c_ms=24.4343 ecn_mark=72 drop=0
[QUEUE_STATS] t_ms=24016 q_pkts=334 q_bytes=502336 qdelay_l_ms=1.07233 qdelay_c_ms=24.4849 ecn_mark=72 drop=0
[QUEUE_STATS] t_ms=24032 q_pkts=336 q_bytes=505344 qdelay_l_ms=0.9861 qdelay_c_ms=24.7537 ecn_mark=72 drop=0
[QUEUE_STATS] t_ms=24048 q_pkts=341 q_bytes=512864 qdelay_l_ms=0.925797 qdelay_c_ms=24.7676 ecn_mark=73 drop=0
[QUEUE_STATS] t_ms=24064 q_pkts=339 q_bytes=509856 qdelay_l_ms=0.844755 qdelay_c_ms=24.8555 ecn_mark=73 drop=0
[QUEUE_STATS] t_ms=24080 q_pkts=340 q_bytes=511360 qdelay_l_ms=0.922941 qdelay_c_ms=25.7921 ecn_mark=74 drop=0
[QUEUE_STATS] t_ms=24096 q_pkts=346 q_bytes=520384 qdelay_l_ms=1.10902 qdelay_c_ms=26.4345 ecn_mark=74 drop=0
[QUEUE_STATS] t_ms=24112 q_pkts=354 q_bytes=532416 qdelay_l_ms=1.18248 qdelay_c_ms=25.9861 ecn_mark=74 drop=0
[QUEUE_STATS] t_ms=24128 q_pkts=349 q_bytes=524896 qdelay_l_ms=0.834736 qdelay_c_ms=25.8327 ecn_mark=74 drop=0
[QUEUE_STATS] t_ms=24144 q_pkts=351 q_bytes=527904 qdelay_l_ms=0.960822 qdelay_c_ms=25.9426 ecn_mark=74 drop=0
[QUEUE_STATS] t_ms=24160 q_pkts=355 q_bytes=533920 qdelay_l_ms=1.07262 qdelay_c_ms=26.3013 ecn_mark=75 drop=0
[QUEUE_STATS] t_ms=24176 q_pkts=356 q_bytes=535424 qdelay_l_ms=0.891542 qdelay_c_ms=26.1308 ecn_mark=75 drop=0
[QUEUE_STATS] t_ms=24192 q_pkts=361 q_bytes=542944 qdelay_l_ms=0.920347 qdelay_c_ms=26.7779 ecn_mark=75 drop=0
[QUEUE_STATS] t_ms=24208 q_pkts=364 q_bytes=547456 qdelay_l_ms=1.13191 qdelay_c_ms=28.1822 ecn_mark=75 drop=0
[QUEUE_STATS] t_ms=24224 q_pkts=366 q_bytes=550464 qdelay_l_ms=0.91193 qdelay_c_ms=26.802 ecn_mark=75 drop=0
[QUEUE_STATS] t_ms=24240 q_pkts=377 q_bytes=567008 qdelay_l_ms=1.04905 qdelay_c_ms=27.1399 ecn_mark=75 drop=0
[QUEUE_STATS] t_ms=24256 q_pkts=372 q_bytes=559488 qdelay_l_ms=0.873458 qdelay_c_ms=27.0933 ecn_mark=75 drop=0
[QUEUE_STATS] t_ms=24272 q_pkts=374 q_bytes=562496 qdelay_l_ms=0.922921 qdelay_c_ms=26.8584 ecn_mark=75 drop=0
[QUEUE_STATS] t_ms=24288 q_pkts=374 q_bytes=562496 qdelay_l_ms=1.07197 qdelay_c_ms=27.9938 ecn_mark=75 drop=0
[QUEUE_STATS] t_ms=24304 q_pkts=383 q_bytes=576032 qdelay_l_ms=1.10138 qdelay_c_ms=29.0199 ecn_mark=75 drop=0
[QUEUE_STATS] t_ms=24320 q_pkts=386 q_bytes=580544 qdelay_l_ms=1.08623 qdelay_c_ms=28.0009 ecn_mark=75 drop=0
[QUEUE_STATS] t_ms=24336 q_pkts=380 q_bytes=571520 qdelay_l_ms=0.888086 qdelay_c_ms=27.8746 ecn_mark=75 drop=0
[QUEUE_STATS] t_ms=24352 q_pkts=391 q_bytes=588064 qdelay_l_ms=1.17484 qdelay_c_ms=28.1826 ecn_mark=75 drop=0
[QUEUE_STATS] t_ms=24368 q_pkts=387 q_bytes=582048 qdelay_l_ms=1.17854 qdelay_c_ms=29.5995 ecn_mark=75 drop=0
[QUEUE_STATS] t_ms=24384 q_pkts=393 q_bytes=591072 qdelay_l_ms=0.919656 qdelay_c_ms=28.9177 ecn_mark=75 drop=0
[QUEUE_STATS] t_ms=24400 q_pkts=392 q_bytes=589568 qdelay_l_ms=0.857799 qdelay_c_ms=29.9804 ecn_mark=75 drop=0
[QUEUE_STATS] t_ms=24416 q_pkts=398 q_bytes=598592 qdelay_l_ms=1.07046 qdelay_c_ms=29.3596 ecn_mark=75 drop=0
[QUEUE_STATS] t_ms=24432 q_pkts=399 q_bytes=600096 qdelay_l_ms=1.0683 qdelay_c_ms=28.9956 ecn_mark=75 drop=0
[QUEUE_STATS] t_ms=24448 q_pkts=396 q_bytes=595584 qdelay_l_ms=0.917541 qdelay_c_ms=29.8181 ecn_mark=75 drop=0
[QUEUE_STATS] t_ms=24464 q_pkts=402 q_bytes=604608 qdelay_l_ms=0.91685 qdelay_c_ms=29.9513 ecn_mark=75 drop=0
[QUEUE_STATS] t_ms=24480 q_pkts=409 q_bytes=615136 qdelay_l_ms=1.0718 qdelay_c_ms=29.9336 ecn_mark=75 drop=0
[QUEUE_STATS] t_ms=24496 q_pkts=414 q_bytes=622656 qdelay_l_ms=0.915858 qdelay_c_ms=29.7734 ecn_mark=75 drop=0
[QUEUE_STATS] t_ms=24512 q_pkts=413 q_bytes=621152 qdelay_l_ms=1.1384 qdelay_c_ms=31.1578 ecn_mark=76 drop=0
[QUEUE_STATS] t_ms=24528 q_pkts=419 q_bytes=630176 qdelay_l_ms=1.15675 qdelay_c_ms=30.4087 ecn_mark=76 drop=0
[QUEUE_STATS] t_ms=24544 q_pkts=413 q_bytes=621152 qdelay_l_ms=1.07131 qdelay_c_ms=30.0119 ecn_mark=76 drop=0
[QUEUE_STATS] t_ms=24560 q_pkts=417 q_bytes=627168 qdelay_l_ms=0.91664 qdelay_c_ms=30.9312 ecn_mark=76 drop=0
[QUEUE_STATS] t_ms=24576 q_pkts=419 q_bytes=630176 qdelay_l_ms=1.05856 qdelay_c_ms=30.9379 ecn_mark=76 drop=0
[QUEUE_STATS] t_ms=24592 q_pkts=420 q_bytes=631680 qdelay_l_ms=1.0729 qdelay_c_ms=30.9341 ecn_mark=76 drop=0
[QUEUE_STATS] t_ms=24608 q_pkts=429 q_bytes=645216 qdelay_l_ms=1.07727 qdelay_c_ms=31.9699 ecn_mark=76 drop=0
[QUEUE_STATS] t_ms=24624 q_pkts=431 q_bytes=648224 qdelay_l_ms=1.11045 qdelay_c_ms=31.0454 ecn_mark=76 drop=0
[QUEUE_STATS] t_ms=24640 q_pkts=430 q_bytes=646720 qdelay_l_ms=1.07129 qdelay_c_ms=31.8654 ecn_mark=76 drop=0
[QUEUE_STATS] t_ms=24656 q_pkts=432 q_bytes=649728 qdelay_l_ms=1.07237 qdelay_c_ms=32.8464 ecn_mark=76 drop=0
[QUEUE_STATS] t_ms=24672 q_pkts=434 q_bytes=652736 qdelay_l_ms=1.18451 qdelay_c_ms=31.9521 ecn_mark=77 drop=0
[QUEUE_STATS] t_ms=24688 q_pkts=435 q_bytes=654240 qdelay_l_ms=0.85314 qdelay_c_ms=31.8595 ecn_mark=77 drop=0
[QUEUE_STATS] t_ms=24704 q_pkts=445 q_bytes=669280 qdelay_l_ms=0.839104 qdelay_c_ms=31.8617 ecn_mark=77 drop=0
[QUEUE_STATS] t_ms=24720 q_pkts=443 q_bytes=666272 qdelay_l_ms=1.02186 qdelay_c_ms=33.2129 ecn_mark=77 drop=0
[QUEUE_STATS] t_ms=24736 q_pkts=426 q_bytes=640704 qdelay_l_ms=0.056416 qdelay_c_ms=32.2355 ecn_mark=77 drop=0
[QUEUE_STATS] t_ms=24752 q_pkts=444 q_bytes=667776 qdelay_l_ms=0.912261 qdelay_c_ms=32.5501 ecn_mark=77 drop=0
[QUEUE_STATS] t_ms=24768 q_pkts=456 q_bytes=685824 qdelay_l_ms=1.20647 qdelay_c_ms=32.6944 ecn_mark=77 drop=0
[QUEUE_STATS] t_ms=24784 q_pkts=449 q_bytes=675296 qdelay_l_ms=0.849484 qdelay_c_ms=33.014 ecn_mark=77 drop=0
[QUEUE_STATS] t_ms=24800 q_pkts=449 q_bytes=675296 qdelay_l_ms=0.864442 qdelay_c_ms=33.0184 ecn_mark=77 drop=0
[QUEUE_STATS] t_ms=24816 q_pkts=453 q_bytes=681312 qdelay_l_ms=0.78887 qdelay_c_ms=33.9141 ecn_mark=77 drop=0
[QUEUE_STATS] t_ms=24832 q_pkts=463 q_bytes=696352 qdelay_l_ms=0.91153 qdelay_c_ms=33.894 ecn_mark=77 drop=0
[QUEUE_STATS] t_ms=24848 q_pkts=457 q_bytes=687328 qdelay_l_ms=1.05116 qdelay_c_ms=33.0053 ecn_mark=78 drop=0
[QUEUE_STATS] t_ms=24864 q_pkts=470 q_bytes=706880 qdelay_l_ms=0.93811 qdelay_c_ms=33.9561 ecn_mark=78 drop=0
[QUEUE_STATS] t_ms=24880 q_pkts=462 q_bytes=694848 qdelay_l_ms=1.12621 qdelay_c_ms=35.1433 ecn_mark=78 drop=0
[QUEUE_STATS] t_ms=24896 q_pkts=467 q_bytes=702368 qdelay_l_ms=1.18182 qdelay_c_ms=34.183 ecn_mark=78 drop=0
[QUEUE_STATS] t_ms=24912 q_pkts=478 q_bytes=718912 qdelay_l_ms=1.20482 qdelay_c_ms=35.0744 ecn_mark=78 drop=0
[QUEUE_STATS] t_ms=24928 q_pkts=473 q_bytes=711392 qdelay_l_ms=0.124304 qdelay_c_ms=34.0229 ecn_mark=78 drop=0
[QUEUE_STATS] t_ms=24944 q_pkts=470 q_bytes=706880 qdelay_l_ms=1.08605 qdelay_c_ms=35.499 ecn_mark=78 drop=0
[QUEUE_STATS] t_ms=24960 q_pkts=474 q_bytes=712896 qdelay_l_ms=0.844474 qdelay_c_ms=34.9222 ecn_mark=79 drop=0
[QUEUE_STATS] t_ms=24976 q_pkts=479 q_bytes=720416 qdelay_l_ms=0.907182 qdelay_c_ms=35.7181 ecn_mark=79 drop=0
[QUEUE_STATS] t_ms=24992 q_pkts=481 q_bytes=723424 qdelay_l_ms=0.9276 qdelay_c_ms=35.9596 ecn_mark=79 drop=0
[QUEUE_STATS] t_ms=25008 q_pkts=489 q_bytes=735456 qdelay_l_ms=0.907783 qdelay_c_ms=35.8733 ecn_mark=79 drop=0
[QUEUE_STATS] t_ms=25024 q_pkts=489 q_bytes=735456 qdelay_l_ms=0.909146 qdelay_c_ms=35.6791 ecn_mark=79 drop=0
[QUEUE_STATS] t_ms=25040 q_pkts=485 q_bytes=729440 qdelay_l_ms=0.919675 qdelay_c_ms=35.9124 ecn_mark=79 drop=0
[QUEUE_STATS] t_ms=25056 q_pkts=496 q_bytes=745984 qdelay_l_ms=0.90625 qdelay_c_ms=35.8268 ecn_mark=79 drop=0
[QUEUE_STATS] t_ms=25072 q_pkts=492 q_bytes=739968 qdelay_l_ms=1.17807 qdelay_c_ms=35.0069 ecn_mark=79 drop=0
[QUEUE_STATS] t_ms=25088 q_pkts=490 q_bytes=736960 qdelay_l_ms=1.16251 qdelay_c_ms=36.8183 ecn_mark=79 drop=0
[QUEUE_STATS] t_ms=25104 q_pkts=494 q_bytes=742976 qdelay_l_ms=0.797266 qdelay_c_ms=36.8051 ecn_mark=79 drop=0
[QUEUE_STATS] t_ms=25120 q_pkts=496 q_bytes=745728 qdelay_l_ms=1.07262 qdelay_c_ms=37.0502 ecn_mark=79 drop=0
[QUEUE_STATS] t_ms=25136 q_pkts=501 q_bytes=753248 qdelay_l_ms=1.12479 qdelay_c_ms=36.9274 ecn_mark=79 drop=0
[QUEUE_STATS] t_ms=25152 q_pkts=507 q_bytes=762528 qdelay_l_ms=0.901511 qdelay_c_ms=36.8557 ecn_mark=79 drop=0
[QUEUE_STATS] t_ms=25168 q_pkts=501 q_bytes=753504 qdelay_l_ms=0.832652 qdelay_c_ms=36.8148 ecn_mark=79 drop=0
[QUEUE_STATS] t_ms=25184 q_pkts=505 q_bytes=759520 qdelay_l_ms=0.903264 qdelay_c_ms=37.7653 ecn_mark=79 drop=0
[QUEUE_STATS] t_ms=25200 q_pkts=516 q_bytes=776064 qdelay_l_ms=0.901421 qdelay_c_ms=37.7688 ecn_mark=79 drop=0
[QUEUE_STATS] t_ms=25216 q_pkts=508 q_bytes=764032 qdelay_l_ms=0.913874 qdelay_c_ms=35.8007 ecn_mark=79 drop=0
[QUEUE_STATS] t_ms=25232 q_pkts=512 q_bytes=770048 qdelay_l_ms=1.07091 qdelay_c_ms=38.0624 ecn_mark=79 drop=0
[QUEUE_STATS] t_ms=25248 q_pkts=507 q_bytes=762528 qdelay_l_ms=1.10402 qdelay_c_ms=38.0989 ecn_mark=80 drop=0
[QUEUE_STATS] t_ms=25264 q_pkts=513 q_bytes=771252 qdelay_l_ms=1.1768 qdelay_c_ms=37.9029 ecn_mark=80 drop=0
[QUEUE_STATS] t_ms=25280 q_pkts=525 q_bytes=789300 qdelay_l_ms=0.829235 qdelay_c_ms=39.1014 ecn_mark=80 drop=0
[QUEUE_STATS] t_ms=25296 q_pkts=524 q_bytes=788096 qdelay_l_ms=0.999615 qdelay_c_ms=38.8975 ecn_mark=80 drop=0
[QUEUE_STATS] t_ms=25312 q_pkts=525 q_bytes=789600 qdelay_l_ms=0.897604 qdelay_c_ms=38.7214 ecn_mark=80 drop=0
[QUEUE_STATS] t_ms=25328 q_pkts=523 q_bytes=786592 qdelay_l_ms=0.838813 qdelay_c_ms=38.7216 ecn_mark=80 drop=0
[QUEUE_STATS] t_ms=25344 q_pkts=522 q_bytes=785088 qdelay_l_ms=0 qdelay_c_ms=38.2559 ecn_mark=80 drop=0
[QUEUE_STATS] t_ms=25360 q_pkts=528 q_bytes=794112 qdelay_l_ms=0.898626 qdelay_c_ms=34.7128 ecn_mark=80 drop=0
[QUEUE_STATS] t_ms=25376 q_pkts=530 q_bytes=797120 qdelay_l_ms=0.897554 qdelay_c_ms=38.9042 ecn_mark=80 drop=0
[QUEUE_STATS] t_ms=25392 q_pkts=534 q_bytes=803136 qdelay_l_ms=1.04817 qdelay_c_ms=40.0985 ecn_mark=80 drop=0
[QUEUE_STATS] t_ms=25408 q_pkts=542 q_bytes=813828 qdelay_l_ms=0.918082 qdelay_c_ms=40.0673 ecn_mark=80 drop=0
[QUEUE_STATS] t_ms=25424 q_pkts=538 q_bytes=807812 qdelay_l_ms=0.902152 qdelay_c_ms=40.012 ecn_mark=80 drop=0
[QUEUE_STATS] t_ms=25440 q_pkts=538 q_bytes=809152 qdelay_l_ms=1.13626 qdelay_c_ms=40.7948 ecn_mark=80 drop=0
[QUEUE_STATS] t_ms=25456 q_pkts=540 q_bytes=812160 qdelay_l_ms=1.02844 qdelay_c_ms=40.0913 ecn_mark=80 drop=0
[QUEUE_STATS] t_ms=25472 q_pkts=527 q_bytes=792608 qdelay_l_ms=0.438833 qdelay_c_ms=39.2568 ecn_mark=80 drop=0
[QUEUE_STATS] t_ms=25488 q_pkts=546 q_bytes=821184 qdelay_l_ms=0.803818 qdelay_c_ms=40.5085 ecn_mark=80 drop=0
[QUEUE_STATS] t_ms=25504 q_pkts=545 q_bytes=819680 qdelay_l_ms=1.01363 qdelay_c_ms=41.225 ecn_mark=80 drop=0
[QUEUE_STATS] t_ms=25520 q_pkts=557 q_bytes=837728 qdelay_l_ms=0.907192 qdelay_c_ms=40.8734 ecn_mark=80 drop=0
[QUEUE_STATS] t_ms=25536 q_pkts=549 q_bytes=825696 qdelay_l_ms=0.894899 qdelay_c_ms=40.5649 ecn_mark=80 drop=0
[QUEUE_STATS] t_ms=25552 q_pkts=554 q_bytes=832916 qdelay_l_ms=0.748785 qdelay_c_ms=40.8213 ecn_mark=80 drop=0
[QUEUE_STATS] t_ms=25568 q_pkts=563 q_bytes=846452 qdelay_l_ms=1.10057 qdelay_c_ms=41.0591 ecn_mark=80 drop=0
[QUEUE_STATS] t_ms=25584 q_pkts=560 q_bytes=842240 qdelay_l_ms=1.17571 qdelay_c_ms=40.5629 ecn_mark=80 drop=0
[QUEUE_STATS] t_ms=25600 q_pkts=563 q_bytes=846752 qdelay_l_ms=1.1276 qdelay_c_ms=42.3889 ecn_mark=80 drop=0
[QUEUE_STATS] t_ms=25616 q_pkts=522 q_bytes=785088 qdelay_l_ms=0.455895 qdelay_c_ms=41.3125 ecn_mark=80 drop=0
[QUEUE_STATS] t_ms=25632 q_pkts=571 q_bytes=858784 qdelay_l_ms=0.891853 qdelay_c_ms=41.6892 ecn_mark=80 drop=0
[QUEUE_STATS] t_ms=25648 q_pkts=568 q_bytes=854272 qdelay_l_ms=0.892163 qdelay_c_ms=42.6577 ecn_mark=80 drop=0
[QUEUE_STATS] t_ms=25664 q_pkts=568 q_bytes=854272 qdelay_l_ms=1.06475 qdelay_c_ms=41.9105 ecn_mark=80 drop=0
[QUEUE_STATS] t_ms=25680 q_pkts=565 q_bytes=849760 qdelay_l_ms=1.15572 qdelay_c_ms=41.8572 ecn_mark=80 drop=0
[QUEUE_STATS] t_ms=25696 q_pkts=577 q_bytes=866468 qdelay_l_ms=0.977052 qdelay_c_ms=42.8276 ecn_mark=80 drop=0
[QUEUE_STATS] t_ms=25712 q_pkts=571 q_bytes=857444 qdelay_l_ms=0.685326 qdelay_c_ms=42.7479 ecn_mark=80 drop=0
[QUEUE_STATS] t_ms=25728 q_pkts=574 q_bytes=861956 qdelay_l_ms=0.795702 qdelay_c_ms=39.4692 ecn_mark=80 drop=0
[QUEUE_STATS] t_ms=25744 q_pkts=575 q_bytes=864800 qdelay_l_ms=1.07114 qdelay_c_ms=42.8611 ecn_mark=80 drop=0
[QUEUE_STATS] t_ms=25760 q_pkts=476 q_bytes=715904 qdelay_l_ms=1.07359 qdelay_c_ms=43.0816 ecn_mark=81 drop=0
[QUEUE_STATS] t_ms=25776 q_pkts=582 q_bytes=875328 qdelay_l_ms=0.87964 qdelay_c_ms=42.9098 ecn_mark=81 drop=0
[QUEUE_STATS] t_ms=25792 q_pkts=582 q_bytes=875328 qdelay_l_ms=0.640512 qdelay_c_ms=43.9424 ecn_mark=81 drop=0
[QUEUE_STATS] t_ms=25808 q_pkts=581 q_bytes=873824 qdelay_l_ms=1.04969 qdelay_c_ms=44.3756 ecn_mark=81 drop=0
[QUEUE_STATS] t_ms=25824 q_pkts=587 q_bytes=882848 qdelay_l_ms=0.756048 qdelay_c_ms=43.8121 ecn_mark=81 drop=0
[QUEUE_STATS] t_ms=25840 q_pkts=591 q_bytes=888564 qdelay_l_ms=1.17345 qdelay_c_ms=43.9701 ecn_mark=81 drop=0
[QUEUE_STATS] t_ms=25856 q_pkts=589 q_bytes=885556 qdelay_l_ms=0.806723 qdelay_c_ms=43.9481 ecn_mark=81 drop=0
[QUEUE_STATS] t_ms=25872 q_pkts=592 q_bytes=890368 qdelay_l_ms=0.82097 qdelay_c_ms=35.7417 ecn_mark=81 drop=0
[QUEUE_STATS] t_ms=25888 q_pkts=600 q_bytes=902400 qdelay_l_ms=1.17725 qdelay_c_ms=44.1023 ecn_mark=81 drop=0
[QUEUE_STATS] t_ms=25904 q_pkts=506 q_bytes=761024 qdelay_l_ms=0.87978 qdelay_c_ms=45.0221 ecn_mark=81 drop=0
[QUEUE_STATS] t_ms=25920 q_pkts=598 q_bytes=899392 qdelay_l_ms=1.10949 qdelay_c_ms=45.254 ecn_mark=82 drop=0
[QUEUE_STATS] t_ms=25936 q_pkts=608 q_bytes=914432 qdelay_l_ms=1.17314 qdelay_c_ms=44.9278 ecn_mark=82 drop=0
[QUEUE_STATS] t_ms=25952 q_pkts=599 q_bytes=900896 qdelay_l_ms=0.888176 qdelay_c_ms=43.1728 ecn_mark=82 drop=0
[QUEUE_STATS] t_ms=25968 q_pkts=607 q_bytes=912928 qdelay_l_ms=1.15873 qdelay_c_ms=45.4144 ecn_mark=83 drop=0
[QUEUE_STATS] t_ms=25984 q_pkts=606 q_bytes=910084 qdelay_l_ms=0.766167 qdelay_c_ms=44.6232 ecn_mark=84 drop=0
[QUEUE_STATS] t_ms=26000 q_pkts=606 q_bytes=910084 qdelay_l_ms=0.83683 qdelay_c_ms=44.8877 ecn_mark=84 drop=0
[QUEUE_STATS] t_ms=26016 q_pkts=609 q_bytes=914596 qdelay_l_ms=1.05014 qdelay_c_ms=35.935 ecn_mark=84 drop=0
[QUEUE_STATS] t_ms=26032 q_pkts=611 q_bytes=918944 qdelay_l_ms=1.02323 qdelay_c_ms=46.0673 ecn_mark=84 drop=0
[QUEUE_STATS] t_ms=26048 q_pkts=534 q_bytes=803136 qdelay_l_ms=1.11829 qdelay_c_ms=45.797 ecn_mark=84 drop=0
[QUEUE_STATS] t_ms=26064 q_pkts=617 q_bytes=927968 qdelay_l_ms=1.08047 qdelay_c_ms=45.947 ecn_mark=84 drop=0
[QUEUE_STATS] t_ms=26080 q_pkts=621 q_bytes=933984 qdelay_l_ms=0.881594 qdelay_c_ms=45.7295 ecn_mark=84 drop=0
[QUEUE_STATS] t_ms=26096 q_pkts=617 q_bytes=927968 qdelay_l_ms=0.876545 qdelay_c_ms=42.2449 ecn_mark=84 drop=0
[QUEUE_STATS] t_ms=26112 q_pkts=622 q_bytes=935488 qdelay_l_ms=1.17327 qdelay_c_ms=46.9566 ecn_mark=84 drop=0
[QUEUE_STATS] t_ms=26128 q_pkts=619 q_bytes=930676 qdelay_l_ms=0.875652 qdelay_c_ms=46.1432 ecn_mark=84 drop=0
[QUEUE_STATS] t_ms=26144 q_pkts=631 q_bytes=948724 qdelay_l_ms=0.898595 qdelay_c_ms=46.0149 ecn_mark=84 drop=0
[QUEUE_STATS] t_ms=26160 q_pkts=625 q_bytes=939700 qdelay_l_ms=1.17579 qdelay_c_ms=46.6568 ecn_mark=84 drop=0
[QUEUE_STATS] t_ms=26176 q_pkts=610 q_bytes=917440 qdelay_l_ms=0.018305 qdelay_c_ms=45.4568 ecn_mark=84 drop=0
[QUEUE_STATS] t_ms=26192 q_pkts=567 q_bytes=852768 qdelay_l_ms=1.1118 qdelay_c_ms=45.9585 ecn_mark=84 drop=0
[QUEUE_STATS] t_ms=26208 q_pkts=637 q_bytes=958048 qdelay_l_ms=1.16687 qdelay_c_ms=47.0786 ecn_mark=84 drop=0
[QUEUE_STATS] t_ms=26224 q_pkts=630 q_bytes=947520 qdelay_l_ms=1.06677 qdelay_c_ms=47.4225 ecn_mark=84 drop=0
[QUEUE_STATS] t_ms=26240 q_pkts=634 q_bytes=953536 qdelay_l_ms=0.87941 qdelay_c_ms=39.4807 ecn_mark=84 drop=0
[QUEUE_STATS] t_ms=26256 q_pkts=628 q_bytes=944512 qdelay_l_ms=0.880021 qdelay_c_ms=46.9341 ecn_mark=84 drop=0
[QUEUE_STATS] t_ms=26272 q_pkts=498 q_bytes=748992 qdelay_l_ms=0.878999 qdelay_c_ms=47.0724 ecn_mark=84 drop=0
[QUEUE_STATS] t_ms=26288 q_pkts=641 q_bytes=962724 qdelay_l_ms=0.870603 qdelay_c_ms=46.8479 ecn_mark=84 drop=0
[QUEUE_STATS] t_ms=26304 q_pkts=640 q_bytes=961220 qdelay_l_ms=1.16165 qdelay_c_ms=46.9172 ecn_mark=84 drop=0
[QUEUE_STATS] t_ms=26320 q_pkts=638 q_bytes=959552 qdelay_l_ms=1.06539 qdelay_c_ms=45.2005 ecn_mark=84 drop=0
[QUEUE_STATS] t_ms=26336 q_pkts=599 q_bytes=900896 qdelay_l_ms=0.873819 qdelay_c_ms=47.9628 ecn_mark=84 drop=0
[QUEUE_STATS] t_ms=26352 q_pkts=633 q_bytes=952032 qdelay_l_ms=0.054182 qdelay_c_ms=47.2037 ecn_mark=84 drop=0
[QUEUE_STATS] t_ms=26368 q_pkts=649 q_bytes=976096 qdelay_l_ms=1.17265 qdelay_c_ms=47.6369 ecn_mark=84 drop=0
[QUEUE_STATS] t_ms=26384 q_pkts=645 q_bytes=970080 qdelay_l_ms=0.104195 qdelay_c_ms=37.2018 ecn_mark=84 drop=0
[QUEUE_STATS] t_ms=26400 q_pkts=663 q_bytes=997152 qdelay_l_ms=0.7513 qdelay_c_ms=48.4288 ecn_mark=84 drop=0
[QUEUE_STATS] t_ms=26416 q_pkts=495 q_bytes=744480 qdelay_l_ms=1.10654 qdelay_c_ms=47.899 ecn_mark=84 drop=0
[QUEUE_STATS] t_ms=26432 q_pkts=655 q_bytes=984820 qdelay_l_ms=1.07164 qdelay_c_ms=48.7135 ecn_mark=84 drop=0
[QUEUE_STATS] t_ms=26448 q_pkts=658 q_bytes=989332 qdelay_l_ms=1.17387 qdelay_c_ms=48.9735 ecn_mark=84 drop=0
[QUEUE_STATS] t_ms=26464 q_pkts=667 q_bytes=1003168 qdelay_l_ms=0.867608 qdelay_c_ms=44.9947 ecn_mark=84 drop=0
[QUEUE_STATS] t_ms=26480 q_pkts=611 q_bytes=918944 qdelay_l_ms=0.874631 qdelay_c_ms=48.9413 ecn_mark=84 drop=0
[QUEUE_STATS] t_ms=26496 q_pkts=665 q_bytes=1000160 qdelay_l_ms=1.07754 qdelay_c_ms=49.1307 ecn_mark=84 drop=0
[QUEUE_STATS] t_ms=26512 q_pkts=662 q_bytes=995648 qdelay_l_ms=0.869491 qdelay_c_ms=49.8741 ecn_mark=84 drop=0
[QUEUE_STATS] t_ms=26528 q_pkts=671 q_bytes=1009184 qdelay_l_ms=1.13608 qdelay_c_ms=36.337 ecn_mark=84 drop=0
[QUEUE_STATS] t_ms=26544 q_pkts=669 q_bytes=1006176 qdelay_l_ms=1.10477 qdelay_c_ms=49.9771 ecn_mark=84 drop=0
[QUEUE_STATS] t_ms=26560 q_pkts=546 q_bytes=821184 qdelay_l_ms=1.07478 qdelay_c_ms=51.3901 ecn_mark=84 drop=0
[QUEUE_STATS] t_ms=26576 q_pkts=679 q_bytes=1020916 qdelay_l_ms=1.1582 qdelay_c_ms=50.8313 ecn_mark=85 drop=0
[QUEUE_STATS] t_ms=26592 q_pkts=670 q_bytes=1007380 qdelay_l_ms=1.1179 qdelay_c_ms=50.2062 ecn_mark=85 drop=0
[QUEUE_STATS] t_ms=26608 q_pkts=673 q_bytes=1012192 qdelay_l_ms=1.07538 qdelay_c_ms=42.3808 ecn_mark=85 drop=0
[QUEUE_STATS] t_ms=26624 q_pkts=664 q_bytes=998656 qdelay_l_ms=1.11283 qdelay_c_ms=49.8313 ecn_mark=85 drop=0
[QUEUE_STATS] t_ms=26640 q_pkts=531 q_bytes=798624 qdelay_l_ms=0.47429 qdelay_c_ms=50.2748 ecn_mark=85 drop=0
[QUEUE_STATS] t_ms=26656 q_pkts=681 q_bytes=1024224 qdelay_l_ms=0.866545 qdelay_c_ms=50.9745 ecn_mark=85 drop=0
[QUEUE_STATS] t_ms=26672 q_pkts=684 q_bytes=1028736 qdelay_l_ms=0.862458 qdelay_c_ms=51.0022 ecn_mark=86 drop=0
[QUEUE_STATS] t_ms=26688 q_pkts=688 q_bytes=1034752 qdelay_l_ms=1.19166 qdelay_c_ms=47.7347 ecn_mark=86 drop=0
[QUEUE_STATS] t_ms=26704 q_pkts=552 q_bytes=830208 qdelay_l_ms=1.10714 qdelay_c_ms=50.83 ecn_mark=86 drop=0
[QUEUE_STATS] t_ms=26720 q_pkts=683 q_bytes=1025892 qdelay_l_ms=1.12467 qdelay_c_ms=50.9754 ecn_mark=86 drop=0
[QUEUE_STATS] t_ms=26736 q_pkts=692 q_bytes=1039428 qdelay_l_ms=1.01157 qdelay_c_ms=51.8261 ecn_mark=86 drop=0
[QUEUE_STATS] t_ms=26752 q_pkts=689 q_bytes=1036256 qdelay_l_ms=0.862609 qdelay_c_ms=40.7431 ecn_mark=86 drop=0
[QUEUE_STATS] t_ms=26768 q_pkts=658 q_bytes=989632 qdelay_l_ms=0.858761 qdelay_c_ms=51.7089 ecn_mark=86 drop=0
[QUEUE_STATS] t_ms=26784 q_pkts=603 q_bytes=906912 qdelay_l_ms=0 qdelay_c_ms=51.0526 ecn_mark=86 drop=0
[QUEUE_STATS] t_ms=26800 q_pkts=702 q_bytes=1055808 qdelay_l_ms=0.877767 qdelay_c_ms=52.1034 ecn_mark=86 drop=0
[QUEUE_STATS] t_ms=26816 q_pkts=693 q_bytes=1042272 qdelay_l_ms=1.13979 qdelay_c_ms=50.9142 ecn_mark=86 drop=0
[QUEUE_STATS] t_ms=26832 q_pkts=691 q_bytes=1039264 qdelay_l_ms=0.861636 qdelay_c_ms=48.3868 ecn_mark=86 drop=0
[QUEUE_STATS] t_ms=26848 q_pkts=557 q_bytes=837728 qdelay_l_ms=1.10634 qdelay_c_ms=51.8341 ecn_mark=86 drop=0
[QUEUE_STATS] t_ms=26864 q_pkts=704 q_bytes=1058516 qdelay_l_ms=0.857077 qdelay_c_ms=52.9389 ecn_mark=86 drop=0
[QUEUE_STATS] t_ms=26880 q_pkts=699 q_bytes=1050996 qdelay_l_ms=1.07276 qdelay_c_ms=53.0803 ecn_mark=86 drop=0
[QUEUE_STATS] t_ms=26896 q_pkts=702 q_bytes=1055808 qdelay_l_ms=1.17357 qdelay_c_ms=41.6076 ecn_mark=86 drop=0
[QUEUE_STATS] t_ms=26912 q_pkts=670 q_bytes=1007680 qdelay_l_ms=0.860243 qdelay_c_ms=52.5925 ecn_mark=86 drop=0
[QUEUE_STATS] t_ms=26928 q_pkts=514 q_bytes=773056 qdelay_l_ms=0.391965 qdelay_c_ms=51.3556 ecn_mark=86 drop=0
[QUEUE_STATS] t_ms=26944 q_pkts=709 q_bytes=1066336 qdelay_l_ms=0.859001 qdelay_c_ms=52.8956 ecn_mark=86 drop=0
[QUEUE_STATS] t_ms=26960 q_pkts=708 q_bytes=1064832 qdelay_l_ms=1.11919 qdelay_c_ms=52.8902 ecn_mark=86 drop=0
[QUEUE_STATS] t_ms=26976 q_pkts=713 q_bytes=1072352 qdelay_l_ms=1.14944 qdelay_c_ms=47.9654 ecn_mark=86 drop=0
[QUEUE_STATS] t_ms=26992 q_pkts=585 q_bytes=879840 qdelay_l_ms=0.846558 qdelay_c_ms=52.3696 ecn_mark=86 drop=0
[QUEUE_STATS] t_ms=27008 q_pkts=712 q_bytes=1070548 qdelay_l_ms=1.14373 qdelay_c_ms=53.0058 ecn_mark=86 drop=0
[QUEUE_STATS] t_ms=27024 q_pkts=715 q_bytes=1075060 qdelay_l_ms=1.14336 qdelay_c_ms=52.916 ecn_mark=86 drop=0
[QUEUE_STATS] t_ms=27040 q_pkts=714 q_bytes=1073856 qdelay_l_ms=1.11628 qdelay_c_ms=38.9176 ecn_mark=86 drop=0
[QUEUE_STATS] t_ms=27056 q_pkts=719 q_bytes=1081376 qdelay_l_ms=0.858901 qdelay_c_ms=53.158 ecn_mark=86 drop=0
[QUEUE_STATS] t_ms=27073 q_pkts=512 q_bytes=770048 qdelay_l_ms=1.08911 qdelay_c_ms=55.2242 ecn_mark=87 drop=0
[QUEUE_STATS] t_ms=27088 q_pkts=720 q_bytes=1082880 qdelay_l_ms=0.844424 qdelay_c_ms=53.8116 ecn_mark=87 drop=0
[QUEUE_STATS] t_ms=27104 q_pkts=727 q_bytes=1093408 qdelay_l_ms=1.13928 qdelay_c_ms=53.8897 ecn_mark=87 drop=0
[QUEUE_STATS] t_ms=27120 q_pkts=726 q_bytes=1091904 qdelay_l_ms=0.857328 qdelay_c_ms=44.0451 ecn_mark=87 drop=0
[QUEUE_STATS] t_ms=27136 q_pkts=646 q_bytes=971584 qdelay_l_ms=0.849734 qdelay_c_ms=53.6751 ecn_mark=87 drop=0
[QUEUE_STATS] t_ms=27152 q_pkts=725 q_bytes=1089060 qdelay_l_ms=0.871635 qdelay_c_ms=54.8972 ecn_mark=87 drop=0
[QUEUE_STATS] t_ms=27168 q_pkts=727 q_bytes=1092068 qdelay_l_ms=0.778039 qdelay_c_ms=53.3853 ecn_mark=87 drop=0
[QUEUE_STATS] t_ms=27184 q_pkts=734 q_bytes=1102596 qdelay_l_ms=0.855786 qdelay_c_ms=55.0307 ecn_mark=87 drop=0
[QUEUE_STATS] t_ms=27200 q_pkts=728 q_bytes=1094912 qdelay_l_ms=0.851237 qdelay_c_ms=49.6286 ecn_mark=87 drop=0
[QUEUE_STATS] t_ms=27216 q_pkts=531 q_bytes=798624 qdelay_l_ms=0.8372 qdelay_c_ms=54.9201 ecn_mark=87 drop=0
[QUEUE_STATS] t_ms=27232 q_pkts=735 q_bytes=1105440 qdelay_l_ms=0.716805 qdelay_c_ms=55.0334 ecn_mark=88 drop=0
[QUEUE_STATS] t_ms=27248 q_pkts=733 q_bytes=1102432 qdelay_l_ms=0.1175 qdelay_c_ms=54.1969 ecn_mark=88 drop=0
[QUEUE_STATS] t_ms=27264 q_pkts=733 q_bytes=1102432 qdelay_l_ms=1.14083 qdelay_c_ms=43.4569 ecn_mark=88 drop=0
[QUEUE_STATS] t_ms=27280 q_pkts=633 q_bytes=952032 qdelay_l_ms=0.73036 qdelay_c_ms=54.981 ecn_mark=88 drop=0
[QUEUE_STATS] t_ms=27296 q_pkts=741 q_bytes=1114164 qdelay_l_ms=0.853471 qdelay_c_ms=55.9418 ecn_mark=88 drop=0
[QUEUE_STATS] t_ms=27312 q_pkts=752 q_bytes=1130708 qdelay_l_ms=1.01901 qdelay_c_ms=55.1608 ecn_mark=88 drop=0
[QUEUE_STATS] t_ms=27328 q_pkts=745 q_bytes=1120180 qdelay_l_ms=1.12077 qdelay_c_ms=36.8263 ecn_mark=88 drop=0
[QUEUE_STATS] t_ms=27344 q_pkts=730 q_bytes=1097920 qdelay_l_ms=1.11035 qdelay_c_ms=51.752 ecn_mark=88 drop=0
[QUEUE_STATS] t_ms=27360 q_pkts=520 q_bytes=782080 qdelay_l_ms=0.827242 qdelay_c_ms=55.7408 ecn_mark=88 drop=0
[QUEUE_STATS] t_ms=27376 q_pkts=749 q_bytes=1126496 qdelay_l_ms=0.851107 qdelay_c_ms=55.8428 ecn_mark=88 drop=0
[QUEUE_STATS] t_ms=27392 q_pkts=747 q_bytes=1123488 qdelay_l_ms=0.846277 qdelay_c_ms=56.8703 ecn_mark=88 drop=0
[QUEUE_STATS] t_ms=27408 q_pkts=754 q_bytes=1134016 qdelay_l_ms=1.12182 qdelay_c_ms=44.4756 ecn_mark=88 drop=0
[QUEUE_STATS] t_ms=27424 q_pkts=634 q_bytes=953536 qdelay_l_ms=0.826881 qdelay_c_ms=56.8343 ecn_mark=88 drop=0
[QUEUE_STATS] t_ms=27440 q_pkts=751 q_bytes=1129204 qdelay_l_ms=0.850114 qdelay_c_ms=55.68 ecn_mark=89 drop=0
[QUEUE_STATS] t_ms=27456 q_pkts=753 q_bytes=1132212 qdelay_l_ms=1.07122 qdelay_c_ms=56.3775 ecn_mark=89 drop=0
[QUEUE_STATS] t_ms=27472 q_pkts=753 q_bytes=1132212 qdelay_l_ms=1.1391 qdelay_c_ms=35.9363 ecn_mark=89 drop=0
[QUEUE_STATS] t_ms=27488 q_pkts=744 q_bytes=1118976 qdelay_l_ms=0 qdelay_c_ms=50.0924 ecn_mark=89 drop=0
[QUEUE_STATS] t_ms=27504 q_pkts=549 q_bytes=825696 qdelay_l_ms=1.07224 qdelay_c_ms=57.7959 ecn_mark=89 drop=0
[QUEUE_STATS] t_ms=27520 q_pkts=759 q_bytes=1141536 qdelay_l_ms=1.1254 qdelay_c_ms=58.3269 ecn_mark=89 drop=0
[QUEUE_STATS] t_ms=27536 q_pkts=762 q_bytes=1146048 qdelay_l_ms=1.13103 qdelay_c_ms=56.9705 ecn_mark=89 drop=0
[QUEUE_STATS] t_ms=27552 q_pkts=760 q_bytes=1143040 qdelay_l_ms=0.752642 qdelay_c_ms=42.4855 ecn_mark=90 drop=0
[QUEUE_STATS] t_ms=27568 q_pkts=676 q_bytes=1016704 qdelay_l_ms=0.849754 qdelay_c_ms=56.9508 ecn_mark=90 drop=0
[QUEUE_STATS] t_ms=27584 q_pkts=501 q_bytes=753504 qdelay_l_ms=0.243316 qdelay_c_ms=57.2774 ecn_mark=90 drop=0
[QUEUE_STATS] t_ms=27600 q_pkts=769 q_bytes=1156276 qdelay_l_ms=1.01383 qdelay_c_ms=58.1463 ecn_mark=90 drop=0
[QUEUE_STATS] t_ms=27616 q_pkts=763 q_bytes=1147252 qdelay_l_ms=1.11759 qdelay_c_ms=56.4784 ecn_mark=90 drop=0
[QUEUE_STATS] t_ms=27632 q_pkts=762 q_bytes=1146048 qdelay_l_ms=0.843703 qdelay_c_ms=47.6817 ecn_mark=91 drop=0
[QUEUE_STATS] t_ms=27648 q_pkts=597 q_bytes=897888 qdelay_l_ms=1.10884 qdelay_c_ms=57.8343 ecn_mark=91 drop=0
[QUEUE_STATS] t_ms=27664 q_pkts=776 q_bytes=1167104 qdelay_l_ms=1.19657 qdelay_c_ms=58.0462 ecn_mark=91 drop=0
[QUEUE_STATS] t_ms=27680 q_pkts=768 q_bytes=1155072 qdelay_l_ms=1.12536 qdelay_c_ms=57.8334 ecn_mark=91 drop=0
[QUEUE_STATS] t_ms=27696 q_pkts=767 q_bytes=1153568 qdelay_l_ms=1.12928 qdelay_c_ms=38.7231 ecn_mark=91 drop=0
[QUEUE_STATS] t_ms=27712 q_pkts=738 q_bytes=1109952 qdelay_l_ms=1.10912 qdelay_c_ms=53.453 ecn_mark=91 drop=0
[QUEUE_STATS] t_ms=27728 q_pkts=522 q_bytes=785088 qdelay_l_ms=1.1235 qdelay_c_ms=57.9357 ecn_mark=92 drop=0
[QUEUE_STATS] t_ms=27744 q_pkts=778 q_bytes=1168772 qdelay_l_ms=1.12552 qdelay_c_ms=58.8315 ecn_mark=92 drop=0
[QUEUE_STATS] t_ms=27760 q_pkts=777 q_bytes=1167268 qdelay_l_ms=0.844434 qdelay_c_ms=58.0236 ecn_mark=92 drop=0
[QUEUE_STATS] t_ms=27776 q_pkts=789 q_bytes=1186656 qdelay_l_ms=1.06522 qdelay_c_ms=44.3526 ecn_mark=92 drop=0
[QUEUE_STATS] t_ms=27792 q_pkts=663 q_bytes=997152 qdelay_l_ms=1.10814 qdelay_c_ms=59.0363 ecn_mark=92 drop=0
[QUEUE_STATS] t_ms=27808 q_pkts=643 q_bytes=967072 qdelay_l_ms=0 qdelay_c_ms=57.4911 ecn_mark=92 drop=0
[QUEUE_STATS] t_ms=27824 q_pkts=790 q_bytes=1188160 qdelay_l_ms=1.04281 qdelay_c_ms=59.0615 ecn_mark=92 drop=0
[QUEUE_STATS] t_ms=27840 q_pkts=782 q_bytes=1176128 qdelay_l_ms=0.8424 qdelay_c_ms=58.783 ecn_mark=92 drop=0
[QUEUE_STATS] t_ms=27856 q_pkts=769 q_bytes=1156576 qdelay_l_ms=0.843382 qdelay_c_ms=48.5717 ecn_mark=92 drop=0
[QUEUE_STATS] t_ms=27872 q_pkts=559 q_bytes=840736 qdelay_l_ms=1.10819 qdelay_c_ms=58.9687 ecn_mark=92 drop=0
[QUEUE_STATS] t_ms=27888 q_pkts=788 q_bytes=1184852 qdelay_l_ms=0.132098 qdelay_c_ms=59.2679 ecn_mark=92 drop=0
[QUEUE_STATS] t_ms=27904 q_pkts=790 q_bytes=1187860 qdelay_l_ms=0.771357 qdelay_c_ms=58.9417 ecn_mark=92 drop=0
[QUEUE_STATS] t_ms=27920 q_pkts=792 q_bytes=1191168 qdelay_l_ms=1.11907 qdelay_c_ms=41.4044 ecn_mark=92 drop=0
[QUEUE_STATS] t_ms=27936 q_pkts=671 q_bytes=1009184 qdelay_l_ms=1.12753 qdelay_c_ms=56.2788 ecn_mark=92 drop=0
[QUEUE_STATS] t_ms=27952 q_pkts=660 q_bytes=992640 qdelay_l_ms=0 qdelay_c_ms=59.392 ecn_mark=92 drop=0
[QUEUE_STATS] t_ms=27968 q_pkts=798 q_bytes=1200192 qdelay_l_ms=0.841688 qdelay_c_ms=59.7227 ecn_mark=93 drop=0
[QUEUE_STATS] t_ms=27984 q_pkts=797 q_bytes=1198688 qdelay_l_ms=1.16897 qdelay_c_ms=60.0479 ecn_mark=93 drop=0
[QUEUE_STATS] t_ms=28000 q_pkts=788 q_bytes=1185152 qdelay_l_ms=1.12035 qdelay_c_ms=48.7499 ecn_mark=93 drop=0
[QUEUE_STATS] t_ms=28016 q_pkts=573 q_bytes=861792 qdelay_l_ms=1.11356 qdelay_c_ms=59.8766 ecn_mark=93 drop=0
[QUEUE_STATS] t_ms=28032 q_pkts=795 q_bytes=1195380 qdelay_l_ms=1.11744 qdelay_c_ms=60.0497 ecn_mark=93 drop=0
[QUEUE_STATS] t_ms=28048 q_pkts=805 q_bytes=1210420 qdelay_l_ms=1.00777 qdelay_c_ms=59.7268 ecn_mark=93 drop=0
[QUEUE_STATS] t_ms=28064 q_pkts=798 q_bytes=1200192 qdelay_l_ms=1.11716 qdelay_c_ms=40.9404 ecn_mark=93 drop=0
[QUEUE_STATS] t_ms=28080 q_pkts=695 q_bytes=1045280 qdelay_l_ms=0.819587 qdelay_c_ms=55.2841 ecn_mark=93 drop=0
[QUEUE_STATS] t_ms=28096 q_pkts=487 q_bytes=732448 qdelay_l_ms=1.10774 qdelay_c_ms=61.0579 ecn_mark=94 drop=0
[QUEUE_STATS] t_ms=28112 q_pkts=814 q_bytes=1224256 qdelay_l_ms=1.11648 qdelay_c_ms=61.7829 ecn_mark=94 drop=0
[QUEUE_STATS] t_ms=28128 q_pkts=806 q_bytes=1212224 qdelay_l_ms=1.11784 qdelay_c_ms=61.0935 ecn_mark=95 drop=0
[QUEUE_STATS] t_ms=28144 q_pkts=809 q_bytes=1216736 qdelay_l_ms=0.791795 qdelay_c_ms=46.8002 ecn_mark=95 drop=0
[QUEUE_STATS] t_ms=28160 q_pkts=605 q_bytes=909920 qdelay_l_ms=0.837671 qdelay_c_ms=59.9458 ecn_mark=95 drop=0
[QUEUE_STATS] t_ms=28176 q_pkts=811 q_bytes=1219444 qdelay_l_ms=0.835447 qdelay_c_ms=60.7859 ecn_mark=95 drop=0
[QUEUE_STATS] t_ms=28192 q_pkts=810 q_bytes=1217940 qdelay_l_ms=1.11287 qdelay_c_ms=61.8476 ecn_mark=95 drop=0
[QUEUE_STATS] t_ms=28208 q_pkts=814 q_bytes=1224256 qdelay_l_ms=1.17593 qdelay_c_ms=38.895 ecn_mark=95 drop=0
[QUEUE_STATS] t_ms=28224 q_pkts=740 q_bytes=1112960 qdelay_l_ms=0.711665 qdelay_c_ms=53.6317 ecn_mark=95 drop=0
[QUEUE_STATS] t_ms=28240 q_pkts=526 q_bytes=791104 qdelay_l_ms=1.11075 qdelay_c_ms=61.1113 ecn_mark=95 drop=0
[QUEUE_STATS] t_ms=28256 q_pkts=818 q_bytes=1230272 qdelay_l_ms=1.04776 qdelay_c_ms=61.1687 ecn_mark=95 drop=0
[QUEUE_STATS] t_ms=28272 q_pkts=819 q_bytes=1231776 qdelay_l_ms=1.11223 qdelay_c_ms=60.9546 ecn_mark=95 drop=0
[QUEUE_STATS] t_ms=28288 q_pkts=813 q_bytes=1222752 qdelay_l_ms=0.695454 qdelay_c_ms=44.166 ecn_mark=96 drop=0
[QUEUE_STATS] t_ms=28304 q_pkts=663 q_bytes=997152 qdelay_l_ms=1.10607 qdelay_c_ms=59.1496 ecn_mark=96 drop=0
[QUEUE_STATS] t_ms=28320 q_pkts=818 q_bytes=1228932 qdelay_l_ms=0.949572 qdelay_c_ms=62.0358 ecn_mark=96 drop=0
[QUEUE_STATS] t_ms=28336 q_pkts=821 q_bytes=1233444 qdelay_l_ms=1.10791 qdelay_c_ms=62.0012 ecn_mark=96 drop=0
[QUEUE_STATS] t_ms=28352 q_pkts=825 q_bytes=1239460 qdelay_l_ms=1.10932 qdelay_c_ms=61.8453 ecn_mark=96 drop=0
[QUEUE_STATS] t_ms=28368 q_pkts=795 q_bytes=1195680 qdelay_l_ms=1.10954 qdelay_c_ms=49.7824 ecn_mark=96 drop=0
[QUEUE_STATS] t_ms=28384 q_pkts=582 q_bytes=875328 qdelay_l_ms=1.10985 qdelay_c_ms=61.7767 ecn_mark=96 drop=0
[QUEUE_STATS] t_ms=28400 q_pkts=824 q_bytes=1239296 qdelay_l_ms=1.16565 qdelay_c_ms=61.9545 ecn_mark=96 drop=0
[QUEUE_STATS] t_ms=28416 q_pkts=825 q_bytes=1240800 qdelay_l_ms=1.10573 qdelay_c_ms=61.9801 ecn_mark=96 drop=0
[QUEUE_STATS] t_ms=28432 q_pkts=824 q_bytes=1239296 qdelay_l_ms=1.1078 qdelay_c_ms=40.5843 ecn_mark=96 drop=0
[QUEUE_STATS] t_ms=28448 q_pkts=728 q_bytes=1094912 qdelay_l_ms=1.09711 qdelay_c_ms=55.522 ecn_mark=96 drop=0
[QUEUE_STATS] t_ms=28464 q_pkts=513 q_bytes=771552 qdelay_l_ms=1.10606 qdelay_c_ms=62.8974 ecn_mark=97 drop=0
[QUEUE_STATS] t_ms=28480 q_pkts=831 q_bytes=1249524 qdelay_l_ms=1.00288 qdelay_c_ms=62.1673 ecn_mark=97 drop=0
[QUEUE_STATS] t_ms=28496 q_pkts=831 q_bytes=1249524 qdelay_l_ms=0.999064 qdelay_c_ms=61.9353 ecn_mark=97 drop=0
[QUEUE_STATS] t_ms=28512 q_pkts=826 q_bytes=1242304 qdelay_l_ms=0.765176 qdelay_c_ms=45.1264 ecn_mark=97 drop=0
[QUEUE_STATS] t_ms=28528 q_pkts=622 q_bytes=935488 qdelay_l_ms=1.09391 qdelay_c_ms=59.771 ecn_mark=97 drop=0
[QUEUE_STATS] t_ms=28544 q_pkts=843 q_bytes=1267872 qdelay_l_ms=1.10487 qdelay_c_ms=63.7961 ecn_mark=98 drop=0
[QUEUE_STATS] t_ms=28560 q_pkts=835 q_bytes=1255840 qdelay_l_ms=1.1048 qdelay_c_ms=63.9966 ecn_mark=98 drop=0
[QUEUE_STATS] t_ms=28576 q_pkts=833 q_bytes=1252832 qdelay_l_ms=1.10373 qdelay_c_ms=37.9184 ecn_mark=98 drop=0
[QUEUE_STATS] t_ms=28592 q_pkts=728 q_bytes=1094912 qdelay_l_ms=1.079 qdelay_c_ms=52.7644 ecn_mark=99 drop=0
[QUEUE_STATS] t_ms=28608 q_pkts=513 q_bytes=771552 qdelay_l_ms=1.10088 qdelay_c_ms=62.8852 ecn_mark=99 drop=0
[QUEUE_STATS] t_ms=28624 q_pkts=844 q_bytes=1269076 qdelay_l_ms=1.16976 qdelay_c_ms=63.2499 ecn_mark=99 drop=0
[QUEUE_STATS] t_ms=28640 q_pkts=847 q_bytes=1273588 qdelay_l_ms=1.10373 qdelay_c_ms=63.8935 ecn_mark=99 drop=0
[QUEUE_STATS] t_ms=28656 q_pkts=840 q_bytes=1263360 qdelay_l_ms=1.09164 qdelay_c_ms=45.4636 ecn_mark=99 drop=0
[QUEUE_STATS] t_ms=28672 q_pkts=631 q_bytes=949024 qdelay_l_ms=0 qdelay_c_ms=59.6873 ecn_mark=99 drop=0
[QUEUE_STATS] t_ms=28688 q_pkts=848 q_bytes=1275392 qdelay_l_ms=1.10099 qdelay_c_ms=63.8824 ecn_mark=99 drop=0
[QUEUE_STATS] t_ms=28704 q_pkts=844 q_bytes=1269376 qdelay_l_ms=0.8258 qdelay_c_ms=63.8334 ecn_mark=99 drop=0
[QUEUE_STATS] t_ms=28720 q_pkts=839 q_bytes=1261856 qdelay_l_ms=1.10099 qdelay_c_ms=36.8104 ecn_mark=100 drop=0
[QUEUE_STATS] t_ms=28736 q_pkts=752 q_bytes=1131008 qdelay_l_ms=1.11224 qdelay_c_ms=51.65 ecn_mark=101 drop=0
[QUEUE_STATS] t_ms=28752 q_pkts=543 q_bytes=816672 qdelay_l_ms=1.10081 qdelay_c_ms=63.8581 ecn_mark=101 drop=0
[QUEUE_STATS] t_ms=28768 q_pkts=849 q_bytes=1276596 qdelay_l_ms=1.11435 qdelay_c_ms=64.3135 ecn_mark=101 drop=0
[QUEUE_STATS] t_ms=28784 q_pkts=860 q_bytes=1293140 qdelay_l_ms=0.824517 qdelay_c_ms=63.7917 ecn_mark=101 drop=0
[QUEUE_STATS] t_ms=28800 q_pkts=845 q_bytes=1270880 qdelay_l_ms=1.10093 qdelay_c_ms=43.3777 ecn_mark=101 drop=0
[QUEUE_STATS] t_ms=28816 q_pkts=659 q_bytes=991136 qdelay_l_ms=0 qdelay_c_ms=58.1741 ecn_mark=101 drop=0
[QUEUE_STATS] t_ms=28832 q_pkts=829 q_bytes=1245416 qdelay_l_ms=0.025899 qdelay_c_ms=63.1887 ecn_mark=101 drop=0
[QUEUE_STATS] t_ms=28848 q_pkts=852 q_bytes=1280008 qdelay_l_ms=1.09693 qdelay_c_ms=64.8436 ecn_mark=101 drop=0
[QUEUE_STATS] t_ms=28864 q_pkts=845 q_bytes=1269480 qdelay_l_ms=1.09839 qdelay_c_ms=64.0228 ecn_mark=101 drop=0
[QUEUE_STATS] t_ms=28880 q_pkts=792 q_bytes=1189768 qdelay_l_ms=0.823996 qdelay_c_ms=49.7017 ecn_mark=101 drop=0
[QUEUE_STATS] t_ms=28896 q_pkts=576 q_bytes=866304 qdelay_l_ms=1.09816 qdelay_c_ms=64.5109 ecn_mark=101 drop=0
[QUEUE_STATS] t_ms=28912 q_pkts=850 q_bytes=1278100 qdelay_l_ms=1.04972 qdelay_c_ms=65.0855 ecn_mark=101 drop=0
[QUEUE_STATS] t_ms=28928 q_pkts=858 q_bytes=1290132 qdelay_l_ms=0.826942 qdelay_c_ms=63.7138 ecn_mark=101 drop=0
[QUEUE_STATS] t_ms=28944 q_pkts=846 q_bytes=1272084 qdelay_l_ms=1.14182 qdelay_c_ms=40.736 ecn_mark=101 drop=0
[QUEUE_STATS] t_ms=28960 q_pkts=708 q_bytes=1064532 qdelay_l_ms=0.823515 qdelay_c_ms=55.2805 ecn_mark=101 drop=0
[QUEUE_STATS] t_ms=28976 q_pkts=500 q_bytes=752000 qdelay_l_ms=1.11562 qdelay_c_ms=66.2207 ecn_mark=101 drop=0
[QUEUE_STATS] t_ms=28992 q_pkts=856 q_bytes=1287424 qdelay_l_ms=1.09468 qdelay_c_ms=64.909 ecn_mark=101 drop=0
[QUEUE_STATS] t_ms=29008 q_pkts=850 q_bytes=1278400 qdelay_l_ms=0.984006 qdelay_c_ms=63.8073 ecn_mark=101 drop=0
[QUEUE_STATS] t_ms=29024 q_pkts=837 q_bytes=1258848 qdelay_l_ms=1.09905 qdelay_c_ms=45.79 ecn_mark=101 drop=0
[QUEUE_STATS] t_ms=29040 q_pkts=624 q_bytes=938496 qdelay_l_ms=1.09343 qdelay_c_ms=60.5871 ecn_mark=101 drop=0
[QUEUE_STATS] t_ms=29056 q_pkts=856 q_bytes=1286024 qdelay_l_ms=1.09308 qdelay_c_ms=64.969 ecn_mark=101 drop=0
[QUEUE_STATS] t_ms=29072 q_pkts=861 q_bytes=1293544 qdelay_l_ms=0.989266 qdelay_c_ms=64.9457 ecn_mark=101 drop=0
[QUEUE_STATS] t_ms=29088 q_pkts=846 q_bytes=1270984 qdelay_l_ms=1.1018 qdelay_c_ms=37.9597 ecn_mark=101 drop=0
[QUEUE_STATS] t_ms=29104 q_pkts=755 q_bytes=1134120 qdelay_l_ms=1.07835 qdelay_c_ms=52.69 ecn_mark=101 drop=0
[QUEUE_STATS] t_ms=29120 q_pkts=540 q_bytes=812160 qdelay_l_ms=1.09684 qdelay_c_ms=65.0382 ecn_mark=101 drop=0
[QUEUE_STATS] t_ms=29136 q_pkts=852 q_bytes=1281408 qdelay_l_ms=0.73588 qdelay_c_ms=64.9661 ecn_mark=101 drop=0
[QUEUE_STATS] t_ms=29152 q_pkts=850 q_bytes=1278400 qdelay_l_ms=1.08584 qdelay_c_ms=63.8926 ecn_mark=101 drop=0
[QUEUE_STATS] t_ms=29168 q_pkts=847 q_bytes=1273888 qdelay_l_ms=1.00462 qdelay_c_ms=43.445 ecn_mark=101 drop=0
[QUEUE_STATS] t_ms=29184 q_pkts=670 q_bytes=1007680 qdelay_l_ms=1.08669 qdelay_c_ms=58.0865 ecn_mark=101 drop=0
[QUEUE_STATS] t_ms=29200 q_pkts=679 q_bytes=1021216 qdelay_l_ms=0 qdelay_c_ms=64.2411 ecn_mark=101 drop=0
[QUEUE_STATS] t_ms=29216 q_pkts=863 q_bytes=1297652 qdelay_l_ms=0.609483 qdelay_c_ms=64.8938 ecn_mark=101 drop=0
[QUEUE_STATS] t_ms=29232 q_pkts=849 q_bytes=1276596 qdelay_l_ms=1.08569 qdelay_c_ms=64.898 ecn_mark=101 drop=0
[QUEUE_STATS] t_ms=29248 q_pkts=803 q_bytes=1207412 qdelay_l_ms=1.08402 qdelay_c_ms=48.8317 ecn_mark=101 drop=0
[QUEUE_STATS] t_ms=29264 q_pkts=591 q_bytes=888564 qdelay_l_ms=1.0867 qdelay_c_ms=63.714 ecn_mark=101 drop=0
[QUEUE_STATS] t_ms=29280 q_pkts=854 q_bytes=1283016 qdelay_l_ms=1.11783 qdelay_c_ms=64.7423 ecn_mark=101 drop=0
[QUEUE_STATS] t_ms=29296 q_pkts=854 q_bytes=1283016 qdelay_l_ms=0.877406 qdelay_c_ms=65.8916 ecn_mark=101 drop=0
[QUEUE_STATS] t_ms=29312 q_pkts=848 q_bytes=1273992 qdelay_l_ms=0.953188 qdelay_c_ms=40.7257 ecn_mark=101 drop=0
[QUEUE_STATS] t_ms=29328 q_pkts=718 q_bytes=1078472 qdelay_l_ms=0.814508 qdelay_c_ms=55.3972 ecn_mark=101 drop=0
[QUEUE_STATS] t_ms=29344 q_pkts=506 q_bytes=761024 qdelay_l_ms=1.08277 qdelay_c_ms=65.9213 ecn_mark=101 drop=0
[QUEUE_STATS] t_ms=29360 q_pkts=859 q_bytes=1291936 qdelay_l_ms=0.828033 qdelay_c_ms=64.8321 ecn_mark=101 drop=0
[QUEUE_STATS] t_ms=29376 q_pkts=855 q_bytes=1285920 qdelay_l_ms=0.813265 qdelay_c_ms=63.7942 ecn_mark=102 drop=0
[QUEUE_STATS] t_ms=29392 q_pkts=842 q_bytes=1266368 qdelay_l_ms=1.08231 qdelay_c_ms=46.2953 ecn_mark=102 drop=0
[QUEUE_STATS] t_ms=29408 q_pkts=634 q_bytes=953536 qdelay_l_ms=1.08038 qdelay_c_ms=61.0822 ecn_mark=102 drop=0
[QUEUE_STATS] t_ms=29424 q_pkts=860 q_bytes=1293140 qdelay_l_ms=0.965922 qdelay_c_ms=64.9412 ecn_mark=103 drop=0
[QUEUE_STATS] t_ms=29440 q_pkts=856 q_bytes=1287124 qdelay_l_ms=1.15683 qdelay_c_ms=65.8005 ecn_mark=104 drop=0
[QUEUE_STATS] t_ms=29456 q_pkts=857 q_bytes=1288628 qdelay_l_ms=0.813677 qdelay_c_ms=36.6714 ecn_mark=104 drop=0
[QUEUE_STATS] t_ms=29472 q_pkts=769 q_bytes=1156276 qdelay_l_ms=1.11002 qdelay_c_ms=51.6399 ecn_mark=104 drop=0
[QUEUE_STATS] t_ms=29488 q_pkts=556 q_bytes=836224 qdelay_l_ms=1.07957 qdelay_c_ms=64.897 ecn_mark=104 drop=0
[QUEUE_STATS] t_ms=29504 q_pkts=861 q_bytes=1293544 qdelay_l_ms=1.15026 qdelay_c_ms=65.2737 ecn_mark=104 drop=0
[QUEUE_STATS] t_ms=29520 q_pkts=856 q_bytes=1286024 qdelay_l_ms=1.00693 qdelay_c_ms=64.7976 ecn_mark=104 drop=0
[QUEUE_STATS] t_ms=29536 q_pkts=857 q_bytes=1287528 qdelay_l_ms=0.812574 qdelay_c_ms=42.523 ecn_mark=105 drop=0
[QUEUE_STATS] t_ms=29552 q_pkts=694 q_bytes=1042376 qdelay_l_ms=1.08094 qdelay_c_ms=57.3642 ecn_mark=106 drop=0
[QUEUE_STATS] t_ms=29568 q_pkts=545 q_bytes=819680 qdelay_l_ms=0.396213 qdelay_c_ms=64.9373 ecn_mark=106 drop=0
[QUEUE_STATS] t_ms=29584 q_pkts=861 q_bytes=1294944 qdelay_l_ms=0.811402 qdelay_c_ms=64.9923 ecn_mark=106 drop=0
[QUEUE_STATS] t_ms=29600 q_pkts=851 q_bytes=1279904 qdelay_l_ms=0.979447 qdelay_c_ms=64.9339 ecn_mark=107 drop=0
[QUEUE_STATS] t_ms=29616 q_pkts=817 q_bytes=1228768 qdelay_l_ms=1.08019 qdelay_c_ms=48.1004 ecn_mark=107 drop=0
[QUEUE_STATS] t_ms=29632 q_pkts=610 q_bytes=917440 qdelay_l_ms=1.10905 qdelay_c_ms=62.9139 ecn_mark=108 drop=0
[QUEUE_STATS] t_ms=29648 q_pkts=860 q_bytes=1293140 qdelay_l_ms=1.07661 qdelay_c_ms=65.8255 ecn_mark=108 drop=0
[QUEUE_STATS] t_ms=29664 q_pkts=858 q_bytes=1290132 qdelay_l_ms=1.15345 qdelay_c_ms=65.9988 ecn_mark=108 drop=0
[QUEUE_STATS] t_ms=29680 q_pkts=866 q_bytes=1302164 qdelay_l_ms=1.0752 qdelay_c_ms=38.7793 ecn_mark=108 drop=0
[QUEUE_STATS] t_ms=29696 q_pkts=745 q_bytes=1120180 qdelay_l_ms=0.671259 qdelay_c_ms=53.5834 ecn_mark=108 drop=0
[QUEUE_STATS] t_ms=29712 q_pkts=533 q_bytes=801632 qdelay_l_ms=1.07649 qdelay_c_ms=65.12 ecn_mark=108 drop=0
[QUEUE_STATS] t_ms=29728 q_pkts=858 q_bytes=1289032 qdelay_l_ms=1.16165 qdelay_c_ms=65.9974 ecn_mark=109 drop=0
[QUEUE_STATS] t_ms=29744 q_pkts=864 q_bytes=1298056 qdelay_l_ms=0.952797 qdelay_c_ms=65.079 ecn_mark=109 drop=0
[QUEUE_STATS] t_ms=29760 q_pkts=856 q_bytes=1286024 qdelay_l_ms=1.07282 qdelay_c_ms=44.5022 ecn_mark=109 drop=0
[QUEUE_STATS] t_ms=29776 q_pkts=671 q_bytes=1007784 qdelay_l_ms=1.0738 qdelay_c_ms=59.027 ecn_mark=110 drop=0
[QUEUE_STATS] t_ms=29792 q_pkts=755 q_bytes=1135520 qdelay_l_ms=0 qdelay_c_ms=64.3842 ecn_mark=111 drop=0
[QUEUE_STATS] t_ms=29808 q_pkts=859 q_bytes=1291936 qdelay_l_ms=1.12581 qdelay_c_ms=65.1089 ecn_mark=111 drop=0
[QUEUE_STATS] t_ms=29824 q_pkts=856 q_bytes=1287424 qdelay_l_ms=0.962746 qdelay_c_ms=65.0291 ecn_mark=111 drop=0
[QUEUE_STATS] t_ms=29840 q_pkts=794 q_bytes=1194176 qdelay_l_ms=0 qdelay_c_ms=48.7699 ecn_mark=111 drop=0
[QUEUE_STATS] t_ms=29856 q_pkts=587 q_bytes=882848 qdelay_l_ms=1.07218 qdelay_c_ms=64.4181 ecn_mark=112 drop=0
[QUEUE_STATS] t_ms=29872 q_pkts=860 q_bytes=1293140 qdelay_l_ms=0.688431 qdelay_c_ms=65.9851 ecn_mark=112 drop=0
[QUEUE_STATS] t_ms=29888 q_pkts=858 q_bytes=1290132 qdelay_l_ms=0.598022 qdelay_c_ms=65.9154 ecn_mark=112 drop=0
[QUEUE_STATS] t_ms=29904 q_pkts=855 q_bytes=1285620 qdelay_l_ms=1.07023 qdelay_c_ms=40.805 ecn_mark=112 drop=0
[QUEUE_STATS] t_ms=29920 q_pkts=722 q_bytes=1085588 qdelay_l_ms=1.07108 qdelay_c_ms=55.2589 ecn_mark=112 drop=0
[QUEUE_STATS] t_ms=29936 q_pkts=512 q_bytes=770048 qdelay_l_ms=1.06994 qdelay_c_ms=65.7529 ecn_mark=112 drop=0
[QUEUE_STATS] t_ms=29952 q_pkts=868 q_bytes=1305472 qdelay_l_ms=0.672111 qdelay_c_ms=65.8376 ecn_mark=112 drop=0
[QUEUE_STATS] t_ms=29968 q_pkts=859 q_bytes=1291936 qdelay_l_ms=0.970721 qdelay_c_ms=65.01 ecn_mark=112 drop=0
[QUEUE_STATS] t_ms=29984 q_pkts=854 q_bytes=1284416 qdelay_l_ms=1.07116 qdelay_c_ms=46.2682 ecn_mark=112 drop=0
[QUEUE_STATS] t_ms=30000 q_pkts=643 q_bytes=967072 qdelay_l_ms=1.06935 qdelay_c_ms=60.6911 ecn_mark=112 drop=0
[QUEUE_STATS] t_ms=30016 q_pkts=866 q_bytes=1301064 qdelay_l_ms=1.16982 qdelay_c_ms=66.0303 ecn_mark=112 drop=0
[QUEUE_STATS] t_ms=30032 q_pkts=862 q_bytes=1295048 qdelay_l_ms=0.818666 qdelay_c_ms=65.7865 ecn_mark=112 drop=0
[QUEUE_STATS] t_ms=30048 q_pkts=855 q_bytes=1284520 qdelay_l_ms=1.11713 qdelay_c_ms=65.276 ecn_mark=112 drop=0
[QUEUE_STATS] t_ms=30064 q_pkts=779 q_bytes=1170216 qdelay_l_ms=1.07744 qdelay_c_ms=51.5599 ecn_mark=112 drop=0
[QUEUE_STATS] t_ms=30080 q_pkts=567 q_bytes=852768 qdelay_l_ms=1.07199 qdelay_c_ms=66 ecn_mark=112 drop=0
[QUEUE_STATS] t_ms=30096 q_pkts=863 q_bytes=1297652 qdelay_l_ms=1.0555 qdelay_c_ms=65.9001 ecn_mark=112 drop=0
[QUEUE_STATS] t_ms=30112 q_pkts=863 q_bytes=1297652 qdelay_l_ms=1.13415 qdelay_c_ms=66.0226 ecn_mark=112 drop=0
[QUEUE_STATS] t_ms=30128 q_pkts=859 q_bytes=1291636 qdelay_l_ms=1.06801 qdelay_c_ms=42.5289 ecn_mark=113 drop=0
[QUEUE_STATS] t_ms=30144 q_pkts=696 q_bytes=1046484 qdelay_l_ms=1.06591 qdelay_c_ms=57.1939 ecn_mark=113 drop=0
[QUEUE_STATS] t_ms=30160 q_pkts=549 q_bytes=825696 qdelay_l_ms=0.396384 qdelay_c_ms=65.0389 ecn_mark=113 drop=0
[QUEUE_STATS] t_ms=30176 q_pkts=866 q_bytes=1301312 qdelay_l_ms=1.0657 qdelay_c_ms=66.0017 ecn_mark=113 drop=0
[QUEUE_STATS] t_ms=30192 q_pkts=857 q_bytes=1287776 qdelay_l_ms=0.798749 qdelay_c_ms=65.8842 ecn_mark=113 drop=0
[QUEUE_STATS] t_ms=30208 q_pkts=831 q_bytes=1248672 qdelay_l_ms=1.06492 qdelay_c_ms=47.7971 ecn_mark=113 drop=0
[QUEUE_STATS] t_ms=30224 q_pkts=617 q_bytes=926816 qdelay_l_ms=0.803176 qdelay_c_ms=62.4978 ecn_mark=114 drop=0
[QUEUE_STATS] t_ms=30240 q_pkts=861 q_bytes=1294696 qdelay_l_ms=1.06279 qdelay_c_ms=66.7096 ecn_mark=114 drop=0
[QUEUE_STATS] t_ms=30256 q_pkts=861 q_bytes=1294696 qdelay_l_ms=1.05285 qdelay_c_ms=65.8812 ecn_mark=115 drop=0
[QUEUE_STATS] t_ms=30272 q_pkts=848 q_bytes=1275144 qdelay_l_ms=0.082184 qdelay_c_ms=38.3391 ecn_mark=115 drop=0
[QUEUE_STATS] t_ms=30288 q_pkts=752 q_bytes=1130760 qdelay_l_ms=0.683843 qdelay_c_ms=53.5744 ecn_mark=116 drop=0
[QUEUE_STATS] t_ms=30304 q_pkts=545 q_bytes=819680 qdelay_l_ms=1.06507 qdelay_c_ms=66.9658 ecn_mark=116 drop=0
[QUEUE_STATS] t_ms=30320 q_pkts=863 q_bytes=1297952 qdelay_l_ms=1.06457 qdelay_c_ms=65.635 ecn_mark=116 drop=0
[QUEUE_STATS] t_ms=30336 q_pkts=862 q_bytes=1296448 qdelay_l_ms=1.06024 qdelay_c_ms=65.7966 ecn_mark=117 drop=0
[QUEUE_STATS] t_ms=30352 q_pkts=860 q_bytes=1293440 qdelay_l_ms=0.798578 qdelay_c_ms=44.4551 ecn_mark=117 drop=0
[QUEUE_STATS] t_ms=30368 q_pkts=668 q_bytes=1004672 qdelay_l_ms=1.0617 qdelay_c_ms=59.1504 ecn_mark=117 drop=0
[QUEUE_STATS] t_ms=30384 q_pkts=830 q_bytes=1248320 qdelay_l_ms=0 qdelay_c_ms=65.1792 ecn_mark=117 drop=0
[QUEUE_STATS] t_ms=30400 q_pkts=866 q_bytes=1302448 qdelay_l_ms=1.1814 qdelay_c_ms=66.1964 ecn_mark=117 drop=0
[QUEUE_STATS] t_ms=30416 q_pkts=856 q_bytes=1287408 qdelay_l_ms=0.814538 qdelay_c_ms=65.8152 ecn_mark=119 drop=0
[QUEUE_STATS] t_ms=30432 q_pkts=804 q_bytes=1209200 qdelay_l_ms=1.06039 qdelay_c_ms=49.7871 ecn_mark=119 drop=0
[QUEUE_STATS] t_ms=30448 q_pkts=594 q_bytes=893360 qdelay_l_ms=1.05692 qdelay_c_ms=64.6445 ecn_mark=119 drop=0
[QUEUE_STATS] t_ms=30464 q_pkts=864 q_bytes=1299208 qdelay_l_ms=1.10966 qdelay_c_ms=66.3082 ecn_mark=119 drop=0
[QUEUE_STATS] t_ms=30480 q_pkts=861 q_bytes=1294696 qdelay_l_ms=0.772078 qdelay_c_ms=65.7715 ecn_mark=120 drop=0
[QUEUE_STATS] t_ms=30496 q_pkts=861 q_bytes=1294696 qdelay_l_ms=0.796454 qdelay_c_ms=40.7535 ecn_mark=120 drop=0
[QUEUE_STATS] t_ms=30512 q_pkts=730 q_bytes=1097672 qdelay_l_ms=1.05967 qdelay_c_ms=55.4042 ecn_mark=121 drop=0
[QUEUE_STATS] t_ms=30528 q_pkts=517 q_bytes=777568 qdelay_l_ms=1.06091 qdelay_c_ms=65.9208 ecn_mark=121 drop=0
[QUEUE_STATS] t_ms=30544 q_pkts=870 q_bytes=1308480 qdelay_l_ms=0.797807 qdelay_c_ms=65.3662 ecn_mark=122 drop=0
[QUEUE_STATS] t_ms=30560 q_pkts=862 q_bytes=1296448 qdelay_l_ms=0.963206 qdelay_c_ms=65.4005 ecn_mark=122 drop=0
[QUEUE_STATS] t_ms=30576 q_pkts=857 q_bytes=1288928 qdelay_l_ms=0.860995 q